session_id,host_unix_us,timestamp_us,label,esp_label,settling,rssi,num_subcarriers,amp_0,amp_1,amp_2,amp_3,amp_4,amp_5,amp_6,amp_7,amp_8,amp_9,amp_10,amp_11,amp_12,amp_13,amp_14,amp_15,amp_16,amp_17,amp_18,amp_19,amp_20,amp_21,amp_22,amp_23,amp_24,amp_25,amp_26,amp_27,amp_28,amp_29,amp_30,amp_31,amp_32,amp_33,amp_34,amp_35,amp_36,amp_37,amp_38,amp_39,amp_40,amp_41,amp_42,amp_43,amp_44,amp_45,amp_46,amp_47,amp_48,amp_49,amp_50,amp_51,amp_52,amp_53,amp_54,amp_55,amp_56,amp_57,amp_58,amp_59,amp_60,amp_61,amp_62,amp_63,amp_64,amp_65,amp_66,amp_67,amp_68,amp_69,amp_70,amp_71,amp_72,amp_73,amp_74,amp_75,amp_76,amp_77,amp_78,amp_79,amp_80,amp_81,amp_82,amp_83,amp_84,amp_85,amp_86,amp_87,amp_88,amp_89,amp_90,amp_91,amp_92,amp_93,amp_94,amp_95,amp_96,amp_97,amp_98,amp_99,amp_100,amp_101,amp_102,amp_103,amp_104,amp_105,amp_106,amp_107,amp_108,amp_109,amp_110,amp_111,amp_112,amp_113,amp_114,amp_115,amp_116,amp_117,amp_118,amp_119,amp_120,amp_121,amp_122,amp_123,amp_124,amp_125,amp_126,amp_127
20260726_153123_c36ca3,1785076375220699,1203612302,2,2,0,-53,128,0,16,16,16,16,16,16,15,15,15,15,15,15,15,15,15,16,16,16,16,16,15,15,15,14,13,13,0,0,0,0,0,0,0,0,0,0,0,12,12,12,12,12,12,12,12,12,12,12,12,12,12,12,12,12,13,13,13,14,14,14,15,16,15,0,59,58,60,59,58,57,58,55,56,54,58,58,60,58,59,60,59,59,59,59,58,56,53,54,51,48,47,43,0,0,0,0,0,0,0,42,45,45,47,42,46,47,46,42,43,45,44,46,45,47,46,48,47,46,48,49,52,54,54,53,54,57,56
20260726_153123_c36ca3,1785076375322681,1203715035,2,2,0,-53,128,0,15,15,15,15,15,15,15,15,15,15,15,15,15,15,16,16,16,15,16,16,16,15,14,14,14,13,0,0,0,0,0,0,0,0,0,0,0,11,11,11,11,11,11,11,11,11,11,11,12,12,12,12,13,13,13,13,13,13,13,14,14,14,14,0,56,55,57,57,56,57,57,56,57,56,57,56,58,57,56,58,58,60,60,59,58,57,55,53,50,48,45,46,0,0,0,0,0,0,0,44,43,42,42,41,43,42,42,42,42,42,42,43,44,44,44,44,46,46,47,49,50,51,50,51,53,55,55
20260726_153123_c36ca3,1785076375419857,1203812904,2,2,0,-53,128,0,16,16,16,16,16,16,16,15,16,16,16,16,16,16,16,16,17,17,17,17,16,16,15,15,14,14,0,0,0,0,0,0,0,0,0,0,0,11,10,10,11,10,11,11,11,11,11,11,11,11,12,12,12,13,13,13,13,14,14,14,15,15,15,0,30,28,29,30,28,29,29,28,28,32,30,30,30,30,31,31,31,32,31,30,31,30,29,27,27,26,25,24,0,0,0,0,0,0,0,21,21,21,20,21,21,20,20,20,21,21,20,21,21,21,21,21,23,24,23,24,25,25,26,27,27,28,27
20260726_153123_c36ca3,1785076375521801,1203912306,2,2,0,-53,128,0,15,16,16,14,16,16,16,16,16,16,16,16,16,16,16,17,17,17,17,16,16,16,16,15,14,14,0,0,0,0,0,0,0,0,0,0,0,10,10,10,10,10,10,10,10,10,10,10,11,12,12,12,12,12,12,12,12,13,13,13,15,14,15,0,56,58,55,58,57,54,55,59,58,58,59,59,57,58,60,61,62,62,64,61,62,58,58,58,55,53,51,49,0,0,0,0,0,0,0,39,38,38,37,38,38,38,37,38,37,39,38,40,39,40,40,42,43,45,43,45,48,48,52,51,53,53,54
20260726_153123_c36ca3,1785076375619484,1204011655,2,2,0,-52,128,0,14,16,15,14,14,15,15,15,15,16,15,14,14,16,16,16,16,15,17,16,15,16,14,16,15,13,0,0,0,0,0,0,0,0,0,0,0,10,10,10,10,10,10,10,10,11,11,11,11,12,12,12,12,13,12,13,13,13,13,13,14,15,15,0,59,56,54,55,60,59,49,54,51,61,56,53,52,62,61,58,58,60,63,63,64,61,53,54,54,50,47,51,0,0,0,0,0,0,0,37,38,36,37,36,37,38,38,39,40,40,41,41,42,44,45,45,45,46,45,48,50,48,51,50,52,53,52
20260726_153123_c36ca3,1785076375721714,1204112072,2,2,0,-52,128,0,15,16,16,15,16,16,16,16,16,16,16,16,16,17,17,17,17,17,17,17,17,16,16,16,15,15,0,0,0,0,0,0,0,0,0,0,0,10,10,10,11,11,11,11,11,11,11,12,11,11,12,12,12,13,12,13,14,14,14,14,15,15,15,0,57,57,58,58,57,58,56,57,56,58,57,59,57,60,60,62,60,60,62,61,60,58,57,56,54,53,51,49,0,0,0,0,0,0,0,36,36,35,35,37,36,37,40,40,40,39,41,41,42,41,43,44,45,46,46,47,48,50,51,52,52,53,53
20260726_153123_c36ca3,1785076375823671,1204212491,2,2,0,-52,128,0,15,15,15,15,15,15,15,15,15,16,16,15,15,16,16,17,16,16,16,16,15,15,14,14,14,14,0,0,0,0,0,0,0,0,0,0,0,10,10,10,10,11,10,11,11,11,11,11,11,11,12,12,12,13,13,13,13,14,14,14,14,15,15,0,58,58,57,59,57,57,57,57,56,57,56,57,57,59,60,59,61,59,59,60,59,58,56,55,52,51,51,48,0,0,0,0,0,0,0,35,36,36,35,38,38,38,38,40,40,39,42,43,43,43,45,45,47,46,48,48,50,50,52,54,54,54,56
20260726_153123_c36ca3,1785076375920425,1204312176,2,2,0,-52,128,0,16,16,16,16,16,16,15,16,16,15,16,15,15,16,17,17,16,16,16,17,17,16,15,15,15,14,0,0,0,0,0,0,0,0,0,0,0,10,10,10,10,10,10,10,11,11,11,11,11,11,12,13,13,13,13,13,13,13,14,14,14,15,15,0,58,57,59,58,58,58,57,57,58,58,58,57,59,59,59,62,62,64,62,62,61,60,56,56,55,52,50,49,0,0,0,0,0,0,0,36,36,36,36,38,40,38,40,39,40,42,42,43,44,44,45,46,47,49,46,49,50,50,51,52,54,55,56
20260726_153123_c36ca3,1785076376017970,1204411878,2,2,0,-52,128,0,16,15,16,16,16,16,16,15,15,15,15,15,15,15,16,16,16,17,17,17,16,15,15,15,15,15,0,0,0,0,0,0,0,0,0,0,0,10,11,11,11,11,11,11,11,11,11,12,12,13,13,13,13,13,13,13,13,13,14,14,14,14,14,0,57,55,56,55,56,55,54,55,56,55,55,56,57,58,57,59,59,60,60,59,60,59,55,55,53,52,49,48,0,0,0,0,0,0,0,38,39,40,40,39,41,41,42,42,42,43,42,44,43,44,45,45,45,48,47,48,49,51,50,51,52,53,56
20260726_153123_c36ca3,1785076376120371,1204511798,2,2,0,-52,128,0,14,15,15,15,14,15,14,14,14,14,14,15,15,15,15,15,16,16,16,16,16,16,15,14,14,13,0,0,0,0,0,0,0,0,0,0,0,9,9,9,9,9,9,10,10,10,11,11,11,11,11,11,11,12,12,12,13,13,13,14,14,14,14,0,56,57,55,59,56,57,56,56,56,58,57,57,57,57,60,60,61,60,61,60,60,59,57,56,53,51,50,49,0,0,0,0,0,0,0,35,35,35,35,37,36,37,36,37,38,39,39,41,41,41,43,43,45,45,46,48,49,49,50,51,53,53,55
20260726_153123_c36ca3,1785076376221729,1204611998,2,2,0,-50,128,0,14,15,14,14,14,14,13,14,13,13,13,14,14,14,14,14,15,15,15,14,14,14,13,13,12,12,0,0,0,0,0,0,0,0,0,0,0,9,9,10,10,10,10,11,11,11,11,12,12,12,12,12,12,12,12,13,13,13,14,14,14,14,14,0,59,57,56,57,57,55,55,53,53,54,55,53,54,54,54,55,56,56,56,56,56,52,52,52,50,50,48,46,0,0,0,0,0,0,0,35,37,39,37,39,42,42,42,43,43,44,45,47,47,48,49,50,48,50,49,51,53,54,53,55,55,57,57
20260726_153123_c36ca3,1785076376317471,1204711392,2,2,0,-50,128,0,15,15,15,15,15,14,15,14,14,14,14,14,14,15,15,15,15,15,15,16,16,15,15,14,14,14,0,0,0,0,0,0,0,0,0,0,0,11,11,11,11,11,11,11,12,12,12,13,12,13,14,12,13,13,13,13,14,14,14,14,14,15,15,0,57,57,57,54,56,56,55,56,53,53,53,53,54,56,55,57,56,58,59,58,57,56,55,56,52,51,49,50,0,0,0,0,0,0,0,39,40,41,41,41,43,42,45,45,45,46,47,47,45,49,49,48,51,51,48,51,53,51,54,52,54,57,58
20260726_153123_c36ca3,1785076376419771,1204811450,2,2,0,-50,128,0,15,15,15,15,15,15,15,15,15,15,15,15,15,15,15,16,16,16,16,16,16,16,16,16,15,14,0,0,0,0,0,0,0,0,0,0,0,9,9,9,10,10,10,11,10,10,12,12,12,12,12,12,12,12,12,14,13,13,14,14,14,14,14,0,55,56,57,54,56,56,57,54,55,56,55,57,58,57,58,59,60,62,61,62,60,58,59,57,55,54,53,53,0,0,0,0,0,0,0,33,33,36,35,37,38,36,38,38,41,42,42,44,44,44,45,47,46,47,45,48,52,50,52,52,53,52,53
20260726_153123_c36ca3,1785076376522352,1204911853,2,2,0,-48,128,0,15,15,14,14,14,14,14,14,14,14,14,14,14,14,15,15,15,15,15,15,14,14,14,13,13,13,0,0,0,0,0,0,0,0,0,0,0,9,9,10,10,10,10,11,11,11,11,12,12,11,12,12,13,13,13,13,13,13,14,14,14,14,14,0,60,54,55,56,56,55,55,54,54,52,55,55,54,56,54,58,57,59,59,59,58,56,54,54,52,52,47,47,0,0,0,0,0,0,0,32,34,36,38,37,40,39,41,43,43,44,44,46,46,45,47,48,47,50,49,51,50,50,51,53,55,55,56
20260726_153123_c36ca3,1785076376617900,1205011631,2,2,0,-48,128,0,16,16,16,16,16,15,15,14,15,14,14,15,15,15,15,16,15,15,16,15,15,15,14,15,15,14,0,0,0,0,0,0,0,0,0,0,0,11,11,12,13,13,13,13,13,13,13,13,13,14,14,14,13,14,14,14,14,14,15,15,14,15,16,0,58,57,57,56,56,55,55,56,54,55,54,54,54,55,56,55,57,56,58,59,58,56,54,52,51,49,49,46,0,0,0,0,0,0,0,41,41,39,43,41,46,45,45,43,45,47,47,47,47,48,50,49,50,49,51,52,52,54,53,54,55,56,56
20260726_153123_c36ca3,1785076376719690,1205111774,2,2,0,-49,128,0,15,15,15,15,14,14,14,14,14,14,14,14,14,14,14,15,15,14,14,14,15,14,14,13,13,12,0,0,0,0,0,0,0,0,0,0,0,11,11,11,11,11,11,11,12,12,13,13,13,13,13,13,13,13,13,13,13,13,14,14,14,14,14,0,57,57,57,56,56,57,56,54,53,54,55,55,55,56,54,56,57,57,56,56,54,54,54,53,49,48,48,48,0,0,0,0,0,0,0,41,42,43,43,43,45,46,45,47,48,48,48,49,48,49,50,50,50,50,52,53,52,53,54,56,57,59,54
20260726_153123_c36ca3,1785076376822901,1205211894,2,2,0,-46,128,0,13,13,13,14,13,13,13,13,13,13,13,13,13,13,14,14,14,14,14,14,14,13,13,13,13,12,0,0,0,0,0,0,0,0,0,0,0,11,11,11,11,11,11,11,12,12,12,12,12,12,12,12,12,12,13,12,13,13,13,13,13,13,13,0,54,54,53,54,52,51,51,51,52,52,52,51,52,52,54,55,54,54,57,55,55,54,51,51,50,50,46,47,0,0,0,0,0,0,0,40,41,41,44,44,44,44,47,46,46,47,46,48,48,48,48,47,49,47,47,50,48,51,51,51,53,52,53
20260726_153123_c36ca3,1785076376918486,1205311867,2,2,0,-45,128,0,15,15,15,15,14,15,15,15,15,15,15,14,14,14,14,14,16,15,16,16,15,15,14,14,14,13,0,0,0,0,0,0,0,0,0,0,0,13,13,13,13,13,13,13,13,13,14,14,14,14,14,13,13,13,13,13,14,14,14,14,14,15,15,0,52,55,55,54,52,54,53,54,51,53,53,54,53,53,55,55,56,57,57,56,55,53,53,52,50,49,49,47,0,0,0,0,0,0,0,45,46,45,46,48,49,49,50,51,51,49,51,51,51,51,49,47,52,49,50,51,53,53,51,55,55,54,53
20260726_153123_c36ca3,1785076377021495,1205412763,2,2,0,-45,128,0,14,15,15,15,14,14,14,14,14,14,14,14,14,15,15,15,15,15,15,15,15,15,15,14,14,13,0,0,0,0,0,0,0,0,0,0,0,13,13,14,14,14,13,14,14,14,14,14,14,14,14,14,14,14,14,13,14,14,14,14,14,15,14,0,55,55,54,55,53,54,52,53,52,53,53,52,53,53,55,56,56,54,56,56,57,54,55,52,51,49,49,47,0,0,0,0,0,0,0,47,46,46,47,49,49,51,49,51,50,51,51,50,51,51,50,49,50,50,50,51,50,52,53,52,53,53,53
20260726_153123_c36ca3,1785076377118207,1205511514,2,2,0,-46,128,0,15,14,15,15,14,14,14,14,15,15,14,14,14,15,15,15,15,16,16,16,15,15,14,15,14,14,0,0,0,0,0,0,0,0,0,0,0,14,13,13,14,14,14,14,14,14,14,14,14,14,14,14,14,13,13,13,14,14,14,14,14,14,14,0,54,55,52,55,52,53,53,53,52,53,54,52,52,52,56,55,56,56,58,57,57,55,54,52,51,49,47,46,0,0,0,0,0,0,0,49,47,50,47,52,50,52,50,54,50,51,53,51,50,51,50,48,53,48,51,49,49,51,52,54,52,52,53
20260726_153123_c36ca3,1785076377219353,1205611733,2,2,0,-45,128,0,14,14,14,13,13,13,13,13,13,13,14,14,14,14,15,15,15,15,15,15,14,14,15,14,14,13,0,0,0,0,0,0,0,0,0,0,0,12,12,13,13,13,13,13,13,13,13,13,13,13,13,13,13,13,12,12,13,13,13,13,14,14,14,0,52,52,51,53,51,52,51,51,52,51,52,52,51,53,54,56,56,56,57,55,58,54,55,52,50,50,49,48,0,0,0,0,0,0,0,46,46,46,47,49,49,50,49,50,50,50,49,50,49,49,48,48,47,47,47,49,48,49,49,49,51,51,51
20260726_153123_c36ca3,1785076377322328,1205711626,2,2,0,-45,128,0,14,14,14,13,14,14,14,13,13,13,14,14,14,14,14,14,14,15,15,15,15,14,14,14,14,13,0,0,0,0,0,0,0,0,0,0,0,12,12,13,13,13,13,13,12,12,12,12,12,12,12,12,12,12,12,12,13,13,13,13,13,13,14,0,50,51,52,52,55,53,52,52,52,51,52,53,54,54,54,56,56,57,57,57,57,57,54,56,52,50,50,48,0,0,0,0,0,0,0,47,47,48,48,49,50,50,51,51,50,50,50,51,50,49,48,48,48,48,47,49,50,48,49,50,51,52,51
20260726_153123_c36ca3,1785076377420388,1205811601,2,2,0,-46,128,0,14,14,14,14,14,14,13,13,13,13,13,13,13,13,13,13,15,15,14,14,15,15,14,14,14,13,0,0,0,0,0,0,0,0,0,0,0,14,13,14,14,14,14,14,14,14,14,14,14,14,14,13,13,13,13,13,13,13,14,14,13,14,13,0,52,51,51,50,50,51,50,49,49,50,50,50,51,53,53,53,55,55,55,55,57,55,55,54,52,51,50,48,0,0,0,0,0,0,0,50,50,50,52,53,54,54,52,55,53,52,53,52,51,51,52,50,50,49,49,50,50,50,50,49,51,51,50
20260726_153123_c36ca3,1785076377522609,1205911809,2,2,0,-46,128,0,14,14,14,14,14,13,13,13,14,14,14,14,14,15,15,16,16,16,16,16,16,15,16,16,16,15,0,0,0,0,0,0,0,0,0,0,0,15,15,15,16,15,15,15,15,15,15,15,15,14,14,13,14,13,13,13,13,14,14,14,14,14,14,0,49,50,48,48,48,48,48,47,49,49,49,49,51,52,52,54,55,55,56,58,57,56,55,53,53,52,50,49,0,0,0,0,0,0,0,51,52,53,53,53,53,55,53,54,54,54,52,52,51,51,50,49,50,49,48,47,49,49,48,49,49,48,50
20260726_153123_c36ca3,1785076377619636,1206012062,2,2,0,-46,128,0,14,14,14,14,14,14,14,14,14,14,14,14,15,15,16,16,16,16,16,16,16,16,16,16,15,15,0,0,0,0,0,0,0,0,0,0,0,13,13,13,13,13,13,13,13,13,13,13,13,13,13,12,13,12,13,13,13,13,14,13,14,13,14,0,52,52,52,52,51,52,52,51,52,53,55,55,54,55,58,58,60,59,61,60,59,59,59,57,57,54,54,52,0,0,0,0,0,0,0,48,47,48,48,50,49,51,49,50,49,50,49,49,48,47,47,46,48,46,47,47,48,48,48,49,50,51,51
20260726_153123_c36ca3,1785076377721905,1206111973,2,2,0,-45,128,0,14,13,14,13,14,13,13,13,13,13,13,13,13,13,14,14,14,15,15,16,14,14,14,14,13,13,0,0,0,0,0,0,0,0,0,0,0,12,13,13,14,13,14,13,14,14,13,14,13,13,13,13,13,13,13,13,13,13,13,13,13,13,13,0,52,49,50,52,50,50,50,48,49,50,50,51,52,52,53,53,52,54,55,54,57,53,55,52,49,48,47,45,0,0,0,0,0,0,0,47,45,51,51,47,53,55,53,57,55,54,47,53,50,51,50,51,49,49,51,50,51,50,48,50,50,51,52
20260726_153123_c36ca3,1785076377823182,1206213124,2,2,0,-46,128,0,14,13,13,14,13,13,13,13,14,13,14,14,13,13,13,14,15,14,15,15,15,14,14,14,13,13,0,0,0,0,0,0,0,0,0,0,0,13,13,13,14,14,14,14,14,14,14,14,14,14,14,14,14,13,13,13,13,14,14,13,13,14,13,0,53,52,52,51,51,50,51,49,49,50,51,50,52,52,52,53,53,56,55,56,53,54,52,53,50,50,48,46,0,0,0,0,0,0,0,46,47,48,48,47,51,51,51,52,51,51,50,50,50,50,50,49,48,50,49,51,50,51,50,50,50,52,53
20260726_153123_c36ca3,1785076377919968,1206312158,2,2,0,-46,128,0,14,14,13,14,13,13,13,13,13,13,13,13,13,13,14,14,14,14,15,15,15,14,14,13,13,13,0,0,0,0,0,0,0,0,0,0,0,12,12,13,13,13,13,13,13,13,13,13,13,13,13,13,13,13,13,13,12,13,13,13,13,13,13,0,51,53,51,52,50,51,50,50,51,51,51,51,52,52,53,53,56,55,56,56,55,52,53,52,52,49,47,47,0,0,0,0,0,0,0,49,47,48,48,49,51,50,51,51,50,51,52,50,50,50,48,49,49,48,48,48,49,49,49,52,52,51,53
20260726_153123_c36ca3,1785076378022291,1206412479,2,2,0,-45,128,0,13,13,13,13,13,13,13,13,13,13,13,13,13,14,14,14,15,15,15,14,14,15,14,13,14,13,0,0,0,0,0,0,0,0,0,0,0,12,12,13,13,13,13,13,13,13,13,13,13,13,12,12,12,12,12,12,12,12,13,13,13,13,13,0,52,48,49,51,51,49,50,48,49,50,52,51,50,51,51,54,55,57,56,56,56,54,52,54,52,52,48,50,0,0,0,0,0,0,0,47,46,48,46,47,49,47,49,50,48,50,47,50,48,46,47,48,46,46,45,47,49,47,48,48,49,49,51
20260726_153123_c36ca3,1785076378119498,1206512180,2,2,0,-45,128,0,13,14,13,13,13,13,13,13,13,13,13,13,14,13,14,14,15,14,14,14,15,14,15,14,14,14,0,0,0,0,0,0,0,0,0,0,0,12,12,12,13,13,13,12,13,14,13,13,13,13,12,12,12,12,12,12,12,12,13,13,13,13,13,0,51,51,51,49,50,51,49,51,49,51,51,51,51,53,52,54,54,59,56,56,52,55,57,53,51,49,50,47,0,0,0,0,0,0,0,49,52,46,55,48,53,49,52,53,47,50,45,48,47,48,48,46,48,49,47,47,49,48,48,48,50,51,49
20260726_153123_c36ca3,1785076378222355,1206613446,2,2,0,-45,128,0,13,13,13,13,13,13,13,13,13,13,13,13,13,13,13,13,14,14,14,14,14,14,14,14,13,13,0,0,0,0,0,0,0,0,0,0,0,13,14,14,14,14,14,14,13,14,15,14,14,14,13,13,12,12,12,12,13,13,13,13,13,13,13,0,49,49,50,48,48,48,47,48,46,46,48,48,47,50,49,53,51,55,53,53,54,53,51,49,48,50,47,47,0,0,0,0,0,0,0,51,50,50,52,51,55,52,54,51,53,53,51,52,51,50,52,50,47,51,47,49,49,49,47,47,50,49,49
20260726_153123_c36ca3,1785076378319404,1206712181,2,2,0,-45,128,0,13,12,12,13,12,12,12,12,13,13,13,13,13,13,13,13,13,15,15,14,14,14,14,14,13,13,0,0,0,0,0,0,0,0,0,0,0,14,14,14,14,14,14,14,14,14,14,13,13,13,13,12,12,12,12,12,12,12,12,12,12,13,13,0,50,48,47,50,46,47,47,48,49,49,50,49,49,51,53,53,54,55,55,57,55,54,53,52,52,51,47,47,0,0,0,0,0,0,0,54,55,53,54,54,56,55,56,55,54,55,52,53,51,50,51,49,48,48,47,47,46,48,45,50,49,48,48
20260726_153123_c36ca3,1785076378421174,1206811645,2,2,0,-45,128,0,14,14,14,14,14,14,14,14,14,14,14,14,14,15,15,15,15,16,15,15,16,15,15,14,14,13,0,0,0,0,0,0,0,0,0,0,0,14,15,15,15,15,15,15,15,14,14,14,14,14,14,14,14,13,13,13,13,13,14,13,13,13,13,0,50,50,52,50,51,50,49,49,49,51,52,51,52,54,53,55,56,57,57,57,57,54,53,52,52,52,47,48,0,0,0,0,0,0,0,54,52,53,52,53,54,54,54,55,53,54,51,52,51,50,50,48,49,48,48,50,48,48,49,49,49,49,47
20260726_153123_c36ca3,1785076378522585,1206911778,2,2,0,-46,128,0,14,14,14,14,14,14,14,14,13,14,14,14,14,14,14,15,15,15,15,15,15,15,14,14,14,14,0,0,0,0,0,0,0,0,0,0,0,14,14,14,15,15,14,14,14,14,13,13,13,13,13,13,13,13,13,13,13,14,14,14,14,14,14,0,52,52,54,54,53,53,51,52,51,52,52,53,53,54,54,56,57,57,57,56,56,55,55,54,51,50,49,48,0,0,0,0,0,0,0,52,52,52,53,54,54,55,53,53,52,52,53,52,52,50,50,50,50,51,48,49,50,50,50,50,52,53,51
20260726_153123_c36ca3,1785076378619196,1207010647,2,2,0,-45,128,0,14,14,14,14,14,14,14,14,14,14,14,14,15,15,14,15,15,15,15,15,14,14,14,14,13,13,0,0,0,0,0,0,0,0,0,0,0,14,13,15,14,14,14,14,13,14,13,13,13,13,13,13,13,13,13,13,13,13,14,14,14,14,14,0,52,53,51,53,50,52,51,50,50,52,52,51,53,52,54,53,56,53,56,53,56,54,53,52,49,47,50,46,0,0,0,0,0,0,0,52,51,52,50,55,53,55,52,54,53,53,54,53,50,52,50,49,52,47,51,48,50,50,51,52,52,50,51
20260726_153123_c36ca3,1785076378720919,1207110650,2,2,0,-46,128,0,14,14,14,14,14,14,13,13,13,13,13,13,13,13,14,14,14,14,14,14,14,14,14,14,12,12,0,0,0,0,0,0,0,0,0,0,0,13,13,13,13,14,13,13,13,13,13,13,13,13,13,12,12,12,12,12,12,12,13,12,13,14,14,0,53,53,51,52,51,51,52,51,52,52,52,51,54,53,53,54,55,57,56,56,55,53,52,52,49,48,47,46,0,0,0,0,0,0,0,51,51,50,51,52,52,52,51,51,50,51,50,50,49,51,48,49,49,49,47,49,49,49,50,49,51,52,52
20260726_153123_c36ca3,1785076378817942,1207210548,2,2,0,-45,128,0,14,13,14,14,14,14,13,14,13,13,14,13,14,14,14,15,15,15,15,15,15,14,14,14,13,13,0,0,0,0,0,0,0,0,0,0,0,12,12,12,12,12,12,12,12,12,12,12,12,12,12,12,12,12,12,12,12,12,13,13,13,13,13,0,54,50,53,52,53,52,54,50,52,51,53,52,53,54,53,55,54,58,58,56,56,55,52,53,52,52,47,46,0,0,0,0,0,0,0,45,46,47,48,46,49,47,49,48,48,48,46,49,47,46,47,47,46,48,46,48,48,47,49,49,50,50,51
20260726_153123_c36ca3,1785076378920933,1207310498,2,2,0,-46,128,0,13,13,13,13,13,13,13,13,13,13,13,13,14,14,14,15,14,14,14,14,14,14,14,14,13,14,0,0,0,0,0,0,0,0,0,0,0,12,12,12,12,12,11,12,11,12,12,11,12,12,11,11,11,12,12,11,11,11,12,12,12,13,13,0,53,53,51,55,52,53,51,52,54,55,53,52,54,53,58,56,58,57,60,58,59,56,55,54,53,52,51,49,0,0,0,0,0,0,0,50,49,49,49,50,49,49,50,49,48,48,46,48,47,47,45,46,47,46,48,46,47,48,49,50,52,49,51
20260726_153123_c36ca3,1785076379020055,1207411645,2,2,0,-45,128,0,14,15,15,15,14,14,14,14,14,14,14,14,14,15,15,15,15,16,16,15,16,15,15,14,14,14,0,0,0,0,0,0,0,0,0,0,0,13,13,13,13,13,13,14,14,14,14,14,14,14,13,13,13,13,13,13,13,14,14,14,14,15,14,0,52,55,53,54,51,53,53,52,51,54,53,54,54,53,55,55,57,55,59,56,55,54,54,53,50,48,48,47,0,0,0,0,0,0,0,47,46,47,45,48,49,49,49,48,47,49,50,49,49,48,49,47,48,47,48,49,51,49,49,51,52,51,51
20260726_153123_c36ca3,1785076379122169,1207512458,2,2,0,-46,128,0,15,14,15,15,15,14,14,14,14,14,14,14,14,15,15,16,15,16,15,16,16,15,15,14,15,14,0,0,0,0,0,0,0,0,0,0,0,14,14,15,15,14,15,15,15,15,14,14,14,14,14,13,13,14,13,14,13,13,13,14,14,14,15,0,52,54,53,53,51,52,51,51,51,52,52,51,53,52,55,54,55,56,56,55,55,53,54,52,51,50,49,46,0,0,0,0,0,0,0,51,50,50,51,50,52,52,51,52,52,51,52,50,50,50,50,48,49,49,47,47,49,48,49,51,50,53,51
20260726_153123_c36ca3,1785076379223997,1207616031,2,2,0,-45,128,0,13,13,13,13,12,12,12,13,13,12,12,12,13,13,13,13,13,14,14,14,14,13,13,12,13,12,0,0,0,0,0,0,0,0,0,0,0,14,14,14,14,14,14,14,14,13,13,13,13,13,13,13,13,13,12,12,13,13,13,13,13,13,13,0,53,50,50,48,50,50,49,47,50,50,51,49,50,50,51,52,50,52,53,54,52,50,50,49,48,47,43,41,0,0,0,0,0,0,0,52,53,53,55,54,56,54,55,55,55,55,52,52,51,51,50,50,50,48,49,49,49,48,48,49,50,51,53
20260726_153123_c36ca3,1785076379318878,1207711825,2,2,0,-46,128,0,14,14,14,14,14,14,13,13,13,13,14,13,13,14,13,14,14,15,15,15,14,14,14,14,14,13,0,0,0,0,0,0,0,0,0,0,0,15,14,15,15,15,15,15,15,15,15,14,14,15,14,13,14,13,13,13,14,14,14,14,14,14,14,0,52,52,50,50,50,51,49,49,50,48,49,49,52,52,51,52,53,53,52,54,53,51,52,50,49,47,46,46,0,0,0,0,0,0,0,53,52,52,54,54,55,55,53,55,53,55,53,52,53,51,53,51,51,52,52,50,52,52,49,51,53,52,52
20260726_153123_c36ca3,1785076379420646,1207814246,2,2,0,-46,128,0,14,13,13,13,13,13,13,13,13,13,12,12,13,13,13,13,14,14,14,14,14,14,14,13,13,13,0,0,0,0,0,0,0,0,0,0,0,14,14,15,14,14,14,14,15,14,14,14,14,14,14,14,13,13,13,13,13,13,13,13,13,13,13,0,51,51,49,50,49,50,48,48,48,49,49,49,49,51,52,50,52,51,53,51,52,52,49,50,47,47,46,44,0,0,0,0,0,0,0,52,51,53,52,52,53,53,53,54,53,53,53,52,51,50,48,49,49,48,50,49,46,49,48,49,51,49,48
20260726_153123_c36ca3,1785076379521499,1207912693,2,2,0,-46,128,0,13,13,13,13,13,12,12,12,12,12,13,13,12,13,13,13,14,14,14,14,14,14,13,14,12,13,0,0,0,0,0,0,0,0,0,0,0,16,16,15,15,15,15,15,15,15,14,14,14,14,14,14,13,13,13,13,13,13,13,13,13,13,13,0,48,50,48,49,47,47,48,47,47,49,47,47,49,48,51,51,51,51,52,53,53,51,53,50,48,45,48,46,0,0,0,0,0,0,0,57,55,56,55,56,56,57,56,55,54,54,54,52,51,49,49,47,49,47,47,47,46,48,46,49,48,47,48
20260726_153123_c36ca3,1785076379623454,1208014720,2,2,0,-47,128,0,14,14,14,14,14,14,14,13,14,13,14,14,14,14,14,15,15,15,15,15,15,15,14,14,14,14,0,0,0,0,0,0,0,0,0,0,0,16,16,16,16,16,16,16,15,15,15,15,14,15,14,14,14,14,14,15,14,13,14,13,14,14,14,0,49,51,48,50,48,49,48,47,48,50,50,50,49,49,52,50,53,51,53,54,55,53,53,48,49,48,48,45,0,0,0,0,0,0,0,57,56,56,55,58,59,57,56,56,55,53,55,53,53,51,49,48,51,49,48,48,49,49,49,48,49,49,48
20260726_153123_c36ca3,1785076379719458,1208113348,2,2,0,-47,128,0,14,14,14,14,14,14,13,13,13,13,13,13,13,14,14,14,14,14,14,15,14,14,14,14,13,14,0,0,0,0,0,0,0,0,0,0,0,16,16,16,16,15,15,16,15,14,14,14,14,14,14,14,14,13,13,13,13,13,13,13,13,14,14,0,49,53,50,49,49,49,49,49,48,51,49,49,50,49,52,53,53,52,54,52,55,52,52,52,49,47,48,47,0,0,0,0,0,0,0,60,58,58,58,60,60,59,57,59,58,55,57,54,52,51,50,49,51,49,49,50,49,49,51,51,50,51,49
20260726_153123_c36ca3,1785076379821613,1208212834,2,2,0,-45,128,0,14,14,14,14,14,13,13,13,13,13,13,13,13,13,13,13,13,14,15,14,14,14,14,14,13,13,0,0,0,0,0,0,0,0,0,0,0,14,14,14,14,14,15,14,14,14,14,14,13,13,13,13,13,13,13,13,13,13,13,13,13,14,14,0,51,51,51,51,49,51,49,49,49,51,50,51,51,51,53,53,53,54,53,54,53,54,52,52,50,46,48,45,0,0,0,0,0,0,0,53,52,52,52,54,54,54,53,52,54,52,53,50,50,50,50,49,50,48,48,47,49,48,50,51,49,51,50
20260726_153123_c36ca3,1785076379923094,1208312582,2,2,0,-46,128,0,13,13,13,14,13,14,13,13,13,13,13,13,13,14,14,14,14,15,16,15,15,14,14,15,14,13,0,0,0,0,0,0,0,0,0,0,0,13,13,13,13,13,13,13,13,13,13,13,13,13,13,12,13,13,12,13,12,13,13,13,14,14,13,0,50,50,51,50,54,52,51,51,51,51,53,52,53,53,55,56,55,60,56,57,56,55,54,56,52,51,50,50,0,0,0,0,0,0,0,51,52,50,51,52,53,50,51,52,50,50,48,49,48,48,47,47,46,46,46,48,48,48,47,48,48,49,50
20260726_153123_c36ca3,1785076380020682,1208412405,2,2,0,-44,128,0,14,14,15,14,14,14,14,14,14,14,14,14,15,15,15,15,15,16,15,15,15,15,14,14,15,14,0,0,0,0,0,0,0,0,0,0,0,14,14,14,14,14,14,14,13,13,13,13,13,13,13,13,13,14,13,14,14,14,15,13,14,14,14,0,52,55,53,53,53,55,52,53,51,54,54,51,53,53,54,54,58,56,57,56,56,53,52,52,50,48,48,45,0,0,0,0,0,0,0,50,49,49,49,51,51,51,51,52,51,50,50,51,49,50,48,48,50,47,49,49,51,51,50,52,52,52,52
20260726_153123_c36ca3,1785076380123007,1208512386,2,2,0,-46,128,0,14,14,14,14,14,14,14,14,14,15,15,15,15,15,16,15,16,15,16,15,15,15,14,14,13,13,0,0,0,0,0,0,0,0,0,0,0,13,13,14,13,14,13,13,14,14,14,14,13,13,13,13,13,13,13,13,13,13,14,14,14,14,14,0,54,54,53,52,53,53,51,51,51,53,53,53,54,54,53,54,56,56,57,56,56,55,53,53,50,47,49,46,0,0,0,0,0,0,0,49,49,49,49,49,51,49,50,51,50,50,50,50,50,50,49,49,50,49,49,50,50,52,52,53,52,54,55
20260726_153123_c36ca3,1785076380219174,1208611124,2,2,0,-45,128,0,14,14,14,13,13,13,13,13,14,14,14,14,14,14,14,14,14,14,15,15,14,14,13,14,13,13,0,0,0,0,0,0,0,0,0,0,0,13,13,14,14,14,14,13,14,13,14,14,13,13,13,13,14,14,13,13,13,13,13,13,14,14,14,0,54,53,51,53,52,52,52,51,51,52,51,52,52,52,54,54,55,54,55,55,55,54,54,51,50,48,48,46,0,0,0,0,0,0,0,47,48,49,48,50,51,51,51,51,51,51,51,51,49,51,50,49,49,49,49,50,50,51,51,52,52,53,51
20260726_153123_c36ca3,1785076380320489,1208711417,2,2,0,-46,128,0,13,13,13,13,13,13,13,13,13,13,13,13,13,13,14,14,14,14,14,15,14,14,14,14,13,13,0,0,0,0,0,0,0,0,0,0,0,12,13,14,13,13,13,13,13,13,13,13,13,12,12,12,12,11,13,12,12,12,13,13,13,13,13,0,51,52,50,52,50,51,49,49,50,51,51,51,51,52,54,54,55,56,56,55,56,53,53,50,51,50,46,46,0,0,0,0,0,0,0,48,50,51,50,51,53,50,52,53,49,50,50,50,50,49,48,48,49,48,48,48,47,49,50,51,50,51,52
20260726_153123_c36ca3,1785076380422919,1208811532,2,2,0,-46,128,0,13,14,13,14,13,14,13,13,13,13,13,13,13,14,14,14,14,15,15,15,14,14,14,13,13,12,0,0,0,0,0,0,0,0,0,0,0,13,13,13,14,14,14,14,13,13,13,13,13,13,12,12,12,12,12,12,12,12,12,13,13,13,13,0,51,50,51,51,51,50,50,50,50,49,50,51,51,53,52,54,53,55,55,54,54,52,52,50,49,48,45,45,0,0,0,0,0,0,0,52,51,51,51,52,53,52,52,51,50,50,49,47,48,49,47,48,47,46,46,48,47,47,48,48,50,50,49
20260726_153123_c36ca3,1785076380519444,1208911571,2,2,0,-46,128,0,13,13,13,13,13,13,13,13,13,13,13,13,14,13,14,14,14,14,14,14,14,13,13,13,13,13,0,0,0,0,0,0,0,0,0,0,0,13,13,13,13,13,14,12,12,13,12,13,12,12,12,12,12,12,12,13,12,12,12,12,13,13,13,0,51,51,50,52,51,53,50,50,50,50,50,49,50,52,53,54,54,54,55,55,55,52,53,51,51,48,47,46,0,0,0,0,0,0,0,50,50,49,50,51,51,50,50,51,49,49,48,51,49,48,47,46,48,47,47,47,47,50,48,49,51,51,51
20260726_153123_c36ca3,1785076380620917,1209011980,2,2,0,-45,128,0,14,14,14,14,14,14,13,14,14,14,13,14,14,14,14,14,14,14,14,14,14,14,14,13,13,12,0,0,0,0,0,0,0,0,0,0,0,12,12,12,12,13,12,12,12,12,12,12,12,12,12,12,12,12,12,13,13,13,13,13,13,14,14,0,53,54,54,52,52,53,52,53,52,53,54,53,54,54,53,56,55,57,57,56,55,53,53,51,50,48,46,46,0,0,0,0,0,0,0,46,45,46,47,47,48,46,47,48,47,49,47,48,49,48,47,48,48,48,47,50,49,50,50,50,52,53,52
20260726_153123_c36ca3,1785076380723756,1209112581,2,2,0,-47,128,0,14,14,14,14,14,14,14,14,14,13,13,13,14,14,14,15,15,16,16,15,15,15,15,14,13,13,0,0,0,0,0,0,0,0,0,0,0,11,12,12,12,12,12,12,12,12,12,12,12,12,12,12,13,13,12,12,12,12,13,13,13,13,13,0,53,52,52,52,51,52,52,52,53,52,52,52,53,54,56,56,58,58,59,58,57,56,56,55,53,51,49,49,0,0,0,0,0,0,0,42,44,43,43,44,45,45,45,45,46,45,46,45,46,45,46,45,46,46,47,46,47,49,48,49,49,50,51
20260726_153123_c36ca3,1785076380819960,1209211846,2,2,0,-49,128,0,15,15,15,15,14,14,14,14,14,14,14,14,14,15,15,15,15,15,16,16,15,15,15,15,14,14,0,0,0,0,0,0,0,0,0,0,0,11,11,12,12,12,12,12,12,13,12,13,13,13,13,13,13,13,13,13,13,14,14,14,14,14,14,0,56,56,56,55,55,55,55,54,52,53,55,55,55,55,57,58,59,60,60,60,60,56,57,57,52,53,51,49,0,0,0,0,0,0,0,43,42,43,43,44,45,45,46,46,47,47,48,47,47,49,49,48,51,50,51,53,51,52,53,53,55,54,55
20260726_153123_c36ca3,1785076380918061,1209312035,2,2,0,-51,128,0,14,14,14,14,14,14,14,14,14,14,14,14,15,15,15,15,16,16,16,16,16,15,16,15,14,14,0,0,0,0,0,0,0,0,0,0,0,13,12,12,11,11,11,11,11,11,11,11,11,12,12,12,13,12,12,12,12,13,13,13,13,14,14,0,55,55,55,54,54,54,54,54,54,55,55,55,55,55,57,57,60,60,61,60,61,61,60,58,57,55,55,54,0,0,0,0,0,0,0,50,44,45,46,47,46,46,46,45,44,41,44,44,45,45,44,45,45,46,47,48,48,49,50,51,52,53,54
20260726_153123_c36ca3,1785076381023920,1209416589,2,2,0,-52,128,0,16,15,15,15,15,15,15,15,16,15,16,15,15,16,15,16,16,17,16,16,16,16,16,16,15,15,0,0,0,0,0,0,0,0,0,0,0,10,10,10,10,10,10,11,11,11,11,11,11,11,12,13,13,13,13,13,13,13,14,14,14,15,15,0,57,57,56,58,56,54,56,56,56,57,57,58,56,57,60,60,61,61,63,61,62,59,60,58,59,55,54,51,0,0,0,0,0,0,0,41,40,40,38,39,39,40,39,40,40,40,42,42,43,44,44,45,46,47,49,47,50,50,52,54,54,55,55
20260726_153123_c36ca3,1785076381120629,1209512148,2,2,0,-52,128,0,14,14,14,14,13,13,14,14,14,14,14,14,14,13,15,15,15,15,15,15,15,14,14,14,13,13,0,0,0,0,0,0,0,0,0,0,0,14,14,14,14,14,14,14,14,14,14,14,14,13,13,13,13,13,13,13,13,13,13,14,13,14,14,0,52,53,52,51,50,51,48,51,50,50,50,49,50,51,52,53,53,53,55,55,55,54,54,53,51,50,48,47,0,0,0,0,0,0,0,52,53,52,52,53,54,51,51,52,50,51,50,51,49,48,49,48,49,50,49,50,50,51,51,52,52,54,53
20260726_153123_c36ca3,1785076381222454,1209611520,2,2,0,-52,128,0,14,15,14,14,13,13,13,13,13,13,13,13,12,12,13,12,13,13,13,13,12,12,12,12,12,11,0,0,0,0,0,0,0,0,0,0,0,16,16,16,16,16,16,16,16,16,15,15,14,14,14,14,13,14,14,14,15,14,14,14,15,15,14,0,55,52,51,52,49,48,49,48,47,47,47,47,46,47,44,46,46,47,45,46,46,45,45,43,43,40,39,37,0,0,0,0,0,0,0,57,53,57,61,59,60,59,58,60,56,58,54,54,54,54,55,52,52,52,52,53,51,53,55,53,53,54,52
20260726_153123_c36ca3,1785076381319874,1209712087,2,2,0,-55,128,0,14,14,14,14,13,13,13,13,13,13,13,12,13,12,13,13,13,13,13,13,12,12,12,12,11,11,0,0,0,0,0,0,0,0,0,0,0,17,17,17,17,17,16,16,16,16,15,15,14,14,14,13,13,13,13,13,13,14,14,14,14,14,14,0,26,26,26,26,25,25,25,24,25,24,24,23,23,23,25,23,24,24,24,23,23,23,23,22,21,20,19,18,0,0,0,0,0,0,0,33,31,32,31,32,30,31,29,30,28,27,28,27,25,26,25,24,25,23,24,25,25,24,24,26,26,26,26
20260726_153123_c36ca3,1785076381422913,1209811828,2,2,0,-52,128,0,15,14,14,15,14,13,13,13,14,14,14,14,14,14,14,14,14,14,14,14,14,13,13,13,13,12,0,0,0,0,0,0,0,0,0,0,0,14,15,15,15,16,15,15,15,15,14,15,14,14,14,14,14,14,14,14,13,14,14,15,15,15,14,0,55,52,53,52,50,50,50,50,50,49,49,50,49,51,50,50,51,53,52,53,51,50,47,47,45,45,41,42,0,0,0,0,0,0,0,53,52,53,56,51,50,52,54,53,53,54,52,54,53,54,51,52,51,53,50,52,52,52,52,52,53,52,53
20260726_153123_c36ca3,1785076381520189,1209912039,2,2,0,-53,128,0,14,14,14,13,14,13,13,13,13,13,13,13,13,13,13,13,13,13,13,13,13,13,12,11,11,11,0,0,0,0,0,0,0,0,0,0,0,13,14,13,14,14,14,14,14,14,14,14,14,14,14,14,14,14,14,14,14,14,14,14,14,14,14,0,54,53,53,52,53,51,51,49,48,47,48,48,49,50,48,50,49,50,49,49,48,46,45,44,41,43,40,39,0,0,0,0,0,0,0,50,51,50,52,52,56,54,55,54,53,54,54,54,54,55,54,54,53,54,51,53,54,53,53,53,56,55,54
20260726_153123_c36ca3,1785076381621210,1210012006,2,2,0,-49,128,0,13,13,13,13,12,13,13,13,12,12,12,13,12,13,13,13,13,13,13,13,12,12,12,12,11,11,0,0,0,0,0,0,0,0,0,0,0,15,14,15,14,15,14,15,14,15,15,14,14,14,14,13,13,13,13,13,13,13,13,13,13,13,13,0,53,52,52,51,50,49,50,47,48,46,48,48,49,49,48,47,49,48,49,49,47,47,46,47,43,41,40,41,0,0,0,0,0,0,0,54,58,56,57,57,57,59,58,57,56,58,56,57,57,56,57,54,53,54,52,53,54,52,51,53,52,52,53
20260726_153123_c36ca3,1785076381722597,1210111933,2,2,0,-47,128,0,14,14,14,14,14,14,13,13,13,13,13,13,13,13,13,13,14,13,13,13,13,13,13,13,12,12,0,0,0,0,0,0,0,0,0,0,0,15,14,15,15,15,15,15,15,15,15,14,13,14,14,13,13,13,13,13,13,13,14,13,14,14,14,0,51,52,52,50,51,51,49,49,48,49,49,50,49,50,49,50,51,50,50,49,50,51,49,47,45,44,45,42,0,0,0,0,0,0,0,54,55,54,55,58,56,57,55,57,56,54,56,56,54,54,52,51,53,51,50,51,53,52,51,51,52,53,50
20260726_153123_c36ca3,1785076381820029,1210211768,2,2,0,-46,128,0,13,14,14,14,14,13,13,13,13,13,13,14,14,14,14,13,14,14,14,14,14,13,13,12,12,11,0,0,0,0,0,0,0,0,0,0,0,15,15,16,15,16,16,16,15,15,15,15,14,14,14,14,14,14,14,14,14,14,14,14,14,14,14,0,52,52,51,52,52,52,50,49,50,49,49,50,50,48,50,49,52,50,50,50,49,48,48,47,44,43,43,42,0,0,0,0,0,0,0,56,57,55,54,59,57,58,58,59,57,55,58,56,55,55,55,52,52,52,52,51,54,52,52,53,54,53,53
20260726_153123_c36ca3,1785076381922510,1210312211,2,2,0,-47,128,0,14,15,14,14,14,14,13,13,13,13,13,13,14,14,14,13,14,13,14,14,14,13,12,13,12,12,0,0,0,0,0,0,0,0,0,0,0,15,16,16,16,16,16,15,15,15,15,15,14,14,14,14,14,14,15,15,15,15,15,15,15,15,14,0,54,53,53,51,50,51,49,51,50,50,49,44,49,48,47,50,49,52,51,50,49,47,47,49,42,44,43,37,0,0,0,0,0,0,0,50,55,51,57,57,58,55,56,55,57,56,55,55,54,54,52,52,51,51,52,53,53,52,53,50,53,54,52
20260726_153123_c36ca3,1785076382020348,1210411893,2,2,0,-47,128,0,13,13,13,13,13,13,13,13,12,12,12,12,12,13,13,13,13,13,13,13,13,13,13,13,12,12,0,0,0,0,0,0,0,0,0,0,0,15,15,15,15,15,14,14,14,14,14,14,13,13,13,13,13,13,13,13,13,13,13,13,13,13,13,0,52,51,51,51,49,50,48,48,48,48,49,48,48,49,49,50,50,52,51,51,51,50,49,49,48,47,46,45,0,0,0,0,0,0,0,58,56,55,55,58,58,58,57,58,54,56,55,53,54,52,52,51,50,50,50,50,50,51,51,51,51,52,51
20260726_153123_c36ca3,1785076382119160,1210511647,2,2,0,-46,128,0,13,14,14,13,13,13,13,13,13,13,13,13,14,14,13,14,14,13,14,14,13,13,13,13,13,12,0,0,0,0,0,0,0,0,0,0,0,14,14,15,15,15,15,15,15,15,15,14,14,14,14,14,14,13,13,14,13,13,13,13,14,14,14,0,53,52,52,50,51,50,49,49,49,49,49,48,49,50,49,52,53,50,52,51,50,51,51,49,47,45,45,45,0,0,0,0,0,0,0,55,53,54,53,56,57,56,56,55,54,53,54,52,53,52,51,50,51,51,49,52,50,51,51,50,52,53,53
20260726_153123_c36ca3,1785076382227322,1210616420,2,2,0,-48,128,0,13,13,13,13,13,13,12,12,12,13,13,13,13,13,13,14,14,14,14,14,14,14,14,13,13,13,0,0,0,0,0,0,0,0,0,0,0,14,14,14,14,14,13,13,13,13,13,13,13,13,12,12,12,12,12,13,13,13,12,12,13,13,12,0,52,50,50,48,51,51,50,49,48,48,48,48,50,52,51,54,55,56,57,55,55,54,53,52,52,51,48,48,0,0,0,0,0,0,0,54,53,53,54,54,55,53,55,54,54,52,51,51,51,49,50,50,48,50,47,50,49,50,49,50,51,52,50
20260726_153123_c36ca3,1785076382319743,1210712081,2,2,0,-48,128,0,15,15,15,15,15,15,15,14,14,15,14,14,14,14,14,14,15,14,15,15,14,14,13,13,13,13,0,0,0,0,0,0,0,0,0,0,0,15,15,15,15,15,15,15,14,14,14,14,14,14,14,14,14,14,14,14,14,14,15,15,15,15,16,0,55,54,55,55,54,54,52,52,51,50,50,51,51,53,51,53,52,52,52,52,52,49,47,47,46,45,41,41,0,0,0,0,0,0,0,54,53,54,54,54,55,53,55,53,52,53,50,51,50,50,51,49,48,51,49,50,52,51,54,52,54,54,55
20260726_153123_c36ca3,1785076382419418,1210811992,2,2,0,-48,128,0,14,13,14,13,13,13,13,12,12,12,12,12,12,12,12,13,12,13,13,13,12,12,12,12,12,11,0,0,0,0,0,0,0,0,0,0,0,16,15,15,16,15,15,15,15,14,14,14,14,13,13,13,13,13,13,13,13,13,13,13,14,13,14,0,25,26,25,25,25,24,24,23,24,23,24,24,23,24,24,24,24,24,25,24,24,22,22,22,21,21,19,19,0,0,0,0,0,0,0,28,29,28,28,29,30,28,28,27,27,26,26,26,25,25,24,25,25,24,24,23,24,25,24,25,24,25,25
20260726_153123_c36ca3,1785076382521801,1210912308,2,2,0,-50,128,0,14,14,14,14,14,14,14,13,14,14,13,14,13,13,13,15,14,15,15,15,14,14,14,13,13,13,0,0,0,0,0,0,0,0,0,0,0,16,16,16,17,16,16,16,16,16,15,15,15,14,14,14,13,14,14,13,13,14,14,14,14,14,14,0,52,53,49,51,48,49,50,49,51,50,51,48,48,47,49,51,50,53,55,54,52,51,50,48,46,48,45,44,0,0,0,0,0,0,0,61,62,61,59,63,61,60,58,58,57,56,57,60,51,52,53,52,52,49,50,49,50,51,52,52,52,51,53
20260726_153123_c36ca3,1785076382617860,1211011733,2,2,0,-51,128,0,14,14,14,14,13,13,14,14,14,14,14,14,14,14,15,15,15,15,15,15,15,15,14,15,14,14,0,0,0,0,0,0,0,0,0,0,0,16,15,16,15,16,14,15,15,14,15,13,13,13,13,13,13,13,14,13,14,14,13,14,14,14,14,0,52,53,51,51,51,50,50,48,51,51,50,50,51,52,53,53,54,54,56,56,55,54,54,51,50,50,48,46,0,0,0,0,0,0,0,58,56,57,57,57,55,57,54,55,54,54,53,52,51,50,49,48,49,48,48,47,48,49,50,50,49,51,51
20260726_153123_c36ca3,1785076382719671,1211111873,2,2,0,-50,128,0,13,14,14,13,14,13,13,14,14,13,13,13,13,13,13,13,14,14,14,14,14,14,13,12,11,11,0,0,0,0,0,0,0,0,0,0,0,15,14,14,15,15,14,14,14,14,14,14,14,13,13,13,13,13,13,13,13,13,13,13,14,14,14,0,54,52,53,52,51,51,48,50,49,48,48,49,50,51,50,51,51,51,50,50,49,50,48,46,47,44,43,41,0,0,0,0,0,0,0,55,57,56,55,55,57,56,53,53,54,54,51,50,50,51,53,51,49,50,48,51,51,52,53,53,52,53,52
20260726_153123_c36ca3,1785076382821525,1211211720,2,2,0,-51,128,0,14,14,14,13,13,13,13,13,12,12,12,12,12,12,13,13,13,13,13,13,13,13,13,12,12,12,0,0,0,0,0,0,0,0,0,0,0,16,16,16,16,16,16,16,15,15,15,15,14,14,14,14,14,14,13,14,14,14,14,13,14,14,14,0,52,52,50,50,49,50,48,47,47,47,47,48,48,48,49,50,51,50,51,50,49,50,48,47,46,46,43,42,0,0,0,0,0,0,0,63,62,61,62,62,62,62,60,61,59,58,57,55,55,53,54,52,53,51,50,51,52,51,52,51,51,52,50
20260726_153123_c36ca3,1785076382919138,1211311806,2,2,0,-51,128,0,12,12,12,12,12,12,11,11,12,13,13,12,13,12,13,13,14,14,14,14,14,14,13,13,13,12,0,0,0,0,0,0,0,0,0,0,0,16,16,16,16,16,15,15,14,14,14,13,13,13,12,12,12,12,12,11,12,12,12,12,12,12,12,0,24,24,23,24,22,23,23,23,23,24,24,23,24,24,25,25,26,26,27,27,27,26,27,25,25,24,24,23,0,0,0,0,0,0,0,32,31,31,30,31,31,30,28,28,28,27,27,26,25,24,24,23,24,23,23,22,22,23,23,23,23,22,23
20260726_153123_c36ca3,1785076383020443,1211412746,2,2,0,-54,128,0,14,15,14,14,14,14,14,14,14,14,14,14,14,14,14,14,14,14,14,14,14,14,14,13,13,12,0,0,0,0,0,0,0,0,0,0,0,16,16,16,16,16,15,15,15,14,13,13,13,13,13,13,13,13,13,13,13,13,14,14,14,14,14,0,55,55,55,56,53,52,53,55,52,53,54,52,54,54,53,54,55,54,56,55,53,52,53,50,48,44,44,42,0,0,0,0,0,0,0,64,62,62,60,60,59,59,56,55,53,53,52,50,50,50,50,49,48,47,47,48,50,49,52,52,53,54,54
20260726_153123_c36ca3,1785076383121736,1211511705,2,2,0,-52,128,0,14,14,14,13,13,13,13,12,13,12,12,12,12,13,13,13,13,13,13,13,13,13,13,12,12,12,0,0,0,0,0,0,0,0,0,0,0,17,18,17,17,17,17,17,16,16,16,15,15,15,14,14,14,14,13,13,13,13,13,13,14,14,14,0,52,51,51,49,48,49,47,47,46,47,46,47,48,48,47,48,49,51,50,50,50,50,47,47,46,45,44,41,0,0,0,0,0,0,0,68,67,66,67,65,65,63,61,61,59,59,56,55,55,54,53,52,51,50,49,51,51,50,52,50,50,51,52
20260726_153123_c36ca3,1785076383219750,1211611970,2,2,0,-50,128,0,15,15,15,14,14,14,14,14,13,14,13,13,13,13,13,13,14,14,14,14,14,14,13,13,13,12,0,0,0,0,0,0,0,0,0,0,0,16,15,16,15,16,16,16,15,15,15,15,15,15,15,13,14,14,13,14,14,15,14,14,15,15,14,0,53,55,53,55,52,50,51,51,50,49,49,49,51,50,49,49,51,53,52,50,52,49,50,47,46,45,44,45,0,0,0,0,0,0,0,57,57,56,57,58,58,57,57,56,53,55,56,54,51,53,51,49,51,50,50,51,51,54,52,53,55,54,55
20260726_153123_c36ca3,1785076383322385,1211712210,2,2,0,-47,128,0,14,14,14,14,13,13,13,13,13,13,14,13,13,13,13,14,14,14,14,14,14,14,14,14,14,12,0,0,0,0,0,0,0,0,0,0,0,16,16,16,16,17,17,16,16,16,16,16,16,15,15,15,15,15,14,15,14,14,14,14,14,14,15,0,25,27,25,25,24,25,23,24,23,24,24,23,24,24,24,26,25,25,25,25,25,24,25,24,24,22,23,21,0,0,0,0,0,0,0,29,28,29,30,30,30,29,30,30,29,30,29,28,29,27,27,26,28,26,26,25,26,25,25,25,25,25,27
20260726_153123_c36ca3,1785076383418679,1211810771,2,2,0,-48,128,0,15,15,15,14,14,14,14,13,13,13,13,13,13,13,13,13,14,14,14,14,14,14,14,14,14,13,0,0,0,0,0,0,0,0,0,0,0,15,15,15,15,16,15,15,15,15,15,15,14,14,14,14,14,14,14,13,14,14,14,15,15,15,15,0,53,53,53,51,50,51,50,50,48,49,48,49,51,51,50,51,53,54,53,54,54,53,53,52,50,49,47,47,0,0,0,0,0,0,0,57,57,57,58,59,58,57,59,58,56,56,55,56,54,53,52,52,51,52,50,53,52,51,53,52,54,52,53
20260726_153123_c36ca3,1785076383525179,1211916511,2,2,0,-47,128,0,13,14,14,13,13,13,13,13,13,13,13,13,13,13,14,14,14,14,14,14,14,14,14,14,13,13,0,0,0,0,0,0,0,0,0,0,0,15,14,16,16,16,15,15,15,15,15,14,14,14,14,13,14,14,14,14,14,14,13,14,13,13,14,0,49,51,50,48,49,49,47,48,47,47,46,48,48,48,48,50,51,52,53,52,52,52,50,50,49,48,46,46,0,0,0,0,0,0,0,55,54,56,57,56,59,54,57,56,57,56,55,56,55,53,52,53,52,51,51,52,51,51,51,51,50,53,51
20260726_153123_c36ca3,1785076383622215,1212011907,2,2,0,-48,128,0,14,14,14,14,14,13,13,13,13,13,14,14,14,14,14,14,15,15,15,15,14,14,13,13,13,13,0,0,0,0,0,0,0,0,0,0,0,15,16,15,16,16,16,15,16,15,15,15,14,15,15,14,15,13,13,14,14,14,14,14,14,14,14,0,50,50,50,50,49,48,48,48,50,48,49,47,51,49,49,50,51,49,52,51,50,50,49,49,47,46,44,43,0,0,0,0,0,0,0,57,56,57,55,59,57,57,56,56,56,56,56,55,53,54,55,51,52,52,50,49,51,48,52,53,52,51,50
20260726_153123_c36ca3,1785076383723788,1212112563,2,2,0,-50,128,0,12,13,13,13,12,12,12,12,12,12,12,12,13,13,13,13,13,13,14,14,13,13,13,13,13,13,0,0,0,0,0,0,0,0,0,0,0,15,14,15,15,15,15,15,14,14,14,13,13,13,13,13,13,12,12,12,12,13,12,12,12,12,12,0,52,49,48,48,49,49,48,49,47,48,48,50,50,49,50,50,53,53,53,52,52,53,53,50,51,48,51,48,0,0,0,0,0,0,0,60,58,57,59,61,60,63,57,57,57,55,57,52,53,52,51,50,50,47,49,48,48,48,50,49,49,50,48
20260726_153123_c36ca3,1785076383820428,1212213270,2,2,0,-49,128,0,14,14,14,13,14,13,13,13,13,13,13,13,13,14,12,14,13,14,14,12,12,12,13,12,12,11,0,0,0,0,0,0,0,0,0,0,0,16,16,16,17,17,17,16,16,16,16,16,15,15,16,16,16,15,14,15,15,15,15,14,14,14,14,0,52,51,52,50,53,51,50,47,47,49,46,46,47,45,45,47,49,48,48,47,45,47,46,45,41,40,39,40,0,0,0,0,0,0,0,58,58,56,58,60,61,61,59,61,60,58,56,56,56,57,56,54,53,53,53,53,54,53,54,52,53,53,51
20260726_153123_c36ca3,1785076383920726,1212311859,2,2,0,-48,128,0,13,13,14,14,14,14,14,14,13,13,13,13,13,13,14,14,14,14,14,14,14,14,13,13,12,12,0,0,0,0,0,0,0,0,0,0,0,14,14,14,14,14,14,14,14,14,14,13,13,13,13,13,13,12,12,13,13,13,13,13,13,13,14,0,51,52,53,51,49,52,53,52,52,48,49,49,52,52,50,53,53,54,53,53,52,51,51,49,47,47,46,45,0,0,0,0,0,0,0,53,53,54,53,53,56,53,53,53,52,51,53,51,51,50,52,49,48,49,48,49,49,49,49,51,51,52,50
20260726_153123_c36ca3,1785076384023411,1212414253,2,2,0,-47,128,0,15,15,14,14,14,15,14,14,14,15,14,15,14,14,15,15,16,16,16,15,15,15,15,14,13,13,0,0,0,0,0,0,0,0,0,0,0,14,15,15,15,15,14,15,14,14,15,14,14,14,14,14,14,14,14,14,14,14,14,14,15,15,14,0,53,53,52,52,52,53,52,51,50,50,50,49,53,54,53,54,53,55,55,55,53,54,49,50,50,49,45,47,0,0,0,0,0,0,0,50,51,51,52,51,54,52,55,53,51,55,52,53,52,50,53,53,49,51,49,52,52,51,52,51,52,51,53
20260726_153123_c36ca3,1785076384124168,1212513012,2,2,0,-47,128,0,15,15,14,15,14,14,14,14,14,14,14,13,13,13,14,13,13,13,13,13,13,14,13,13,12,12,0,0,0,0,0,0,0,0,0,0,0,16,15,16,16,16,15,16,16,16,16,16,16,15,15,15,16,14,15,14,14,14,15,15,15,15,15,0,52,55,53,53,53,53,51,51,50,49,50,49,49,47,50,50,52,50,51,49,49,47,48,45,44,41,41,39,0,0,0,0,0,0,0,55,53,54,55,57,58,58,56,59,60,58,58,56,57,56,55,53,55,54,54,56,54,55,54,55,56,55,56
20260726_153123_c36ca3,1785076384221317,1212611882,2,2,0,-48,128,0,15,15,15,14,15,15,14,14,14,14,14,13,14,14,14,14,14,14,14,15,15,13,14,14,13,13,0,0,0,0,0,0,0,0,0,0,0,15,14,15,16,16,15,15,15,15,15,15,15,15,15,15,15,15,14,14,14,14,15,14,15,15,15,0,56,53,52,53,51,52,51,51,49,50,50,48,49,48,50,50,49,51,50,50,49,49,47,48,46,44,43,42,0,0,0,0,0,0,0,52,51,52,52,55,55,57,53,55,55,55,54,55,53,53,52,52,53,51,51,52,53,52,53,53,54,51,52
20260726_153123_c36ca3,1785076384322524,1212711850,2,2,0,-48,128,0,14,13,14,14,13,13,14,14,14,14,14,14,14,14,14,14,14,15,15,14,14,14,14,13,13,13,0,0,0,0,0,0,0,0,0,0,0,11,11,11,11,11,11,12,12,12,12,12,12,12,12,12,12,12,12,13,13,13,13,13,13,14,14,0,54,54,53,54,53,54,53,53,53,52,53,52,53,52,55,57,56,57,57,56,55,54,52,51,51,50,46,47,0,0,0,0,0,0,0,43,42,40,43,43,45,45,45,45,45,47,46,47,47,49,47,48,48,49,49,49,49,49,50,52,54,54,56
20260726_153123_c36ca3,1785076384418816,1212811665,2,2,0,-48,128,0,15,15,14,14,14,14,13,13,14,14,13,13,13,13,14,14,14,14,14,14,14,13,13,13,12,12,0,0,0,0,0,0,0,0,0,0,0,16,16,16,16,16,16,16,16,16,15,16,15,15,15,15,14,14,14,14,14,14,14,14,14,14,15,0,52,51,52,50,50,49,49,49,49,47,49,47,49,50,49,51,49,50,49,49,48,47,45,44,44,43,40,41,0,0,0,0,0,0,0,57,57,57,59,58,60,58,60,59,57,58,55,54,55,53,51,53,54,52,50,50,50,51,50,51,53,51,52
20260726_153123_c36ca3,1785076384520707,1212912099,2,2,0,-47,128,0,16,15,16,15,14,14,14,14,14,14,14,14,14,14,14,14,14,14,14,14,14,13,13,12,12,11,0,0,0,0,0,0,0,0,0,0,0,17,17,17,17,17,17,17,17,17,16,16,16,16,16,16,16,15,15,15,15,15,16,16,16,16,16,0,53,51,52,52,51,51,49,48,47,49,50,47,47,48,46,47,47,48,49,46,46,43,43,44,40,41,35,35,0,0,0,0,0,0,0,55,56,56,58,56,59,57,59,59,59,57,55,55,55,55,55,54,52,52,51,52,52,53,53,51,53,53,51
20260726_153123_c36ca3,1785076384623505,1213012305,2,2,0,-49,128,0,14,13,13,13,13,13,13,13,13,13,13,13,13,13,14,14,13,13,13,13,13,12,13,12,11,11,0,0,0,0,0,0,0,0,0,0,0,15,15,15,16,15,15,15,14,14,14,14,13,13,13,13,13,13,13,13,13,14,14,13,13,13,13,0,53,52,53,53,52,53,51,51,50,50,51,51,51,51,51,53,53,53,51,51,52,50,48,48,46,44,41,41,0,0,0,0,0,0,0,57,58,57,57,57,59,57,56,56,56,56,54,54,52,50,51,51,49,49,47,50,50,49,49,51,50,53,52
20260726_153123_c36ca3,1785076384721023,1213112072,2,2,0,-47,128,0,15,15,16,15,15,15,15,15,14,15,15,15,15,15,15,15,15,15,15,15,14,14,13,13,13,13,0,0,0,0,0,0,0,0,0,0,0,13,12,13,13,13,13,13,14,13,13,14,13,13,13,13,13,13,13,14,14,14,14,15,15,15,15,0,56,57,55,55,55,55,54,55,52,55,53,52,54,54,54,54,54,56,55,53,54,50,50,47,47,44,42,41,0,0,0,0,0,0,0,46,44,47,47,47,48,49,48,48,48,50,49,49,48,47,47,48,50,50,50,51,50,51,52,53,55,56,54
20260726_153123_c36ca3,1785076384823278,1213212554,2,2,0,-47,128,0,13,13,13,13,14,14,14,14,13,14,13,13,14,14,14,14,14,13,14,13,13,13,12,12,11,11,0,0,0,0,0,0,0,0,0,0,0,14,15,15,15,14,14,13,13,14,13,13,13,13,12,13,13,13,13,13,13,13,13,13,13,13,13,0,52,53,54,50,54,53,51,51,51,51,51,51,52,54,52,52,52,52,52,50,51,48,47,46,44,43,38,38,0,0,0,0,0,0,0,56,54,54,55,56,56,55,55,55,53,52,51,50,50,50,49,50,49,50,47,50,50,50,52,49,51,53,52
20260726_153123_c36ca3,1785076384920391,1213312344,2,2,0,-48,128,0,16,16,16,16,15,15,15,14,14,14,14,14,14,14,14,14,14,14,14,14,13,14,13,13,12,12,0,0,0,0,0,0,0,0,0,0,0,15,14,14,15,15,15,15,15,14,14,15,13,13,13,13,14,14,14,14,14,14,15,15,15,16,16,0,56,57,54,55,54,56,53,53,52,53,54,52,52,52,52,52,51,52,53,51,50,49,47,46,44,43,40,38,0,0,0,0,0,0,0,52,52,54,57,53,53,52,54,53,51,53,52,51,50,51,48,50,50,51,50,50,51,52,53,53,53,55,55
20260726_153123_c36ca3,1785076385022562,1213411517,2,2,0,-47,128,0,14,14,14,15,14,14,14,14,14,14,14,13,13,14,15,15,15,15,15,15,14,14,13,13,13,13,0,0,0,0,0,0,0,0,0,0,0,13,13,13,12,13,12,12,11,12,12,12,12,12,12,11,12,12,12,12,13,12,14,13,14,14,14,0,54,53,54,54,53,54,53,53,54,55,54,54,55,53,55,56,57,56,58,55,56,55,54,50,50,49,46,45,0,0,0,0,0,0,0,51,50,51,51,50,50,50,48,49,47,46,47,45,45,47,44,42,46,47,48,46,45,48,47,50,53,51,51
20260726_153123_c36ca3,1785076385124242,1213514328,2,2,0,-46,128,0,14,14,14,14,14,14,14,14,14,13,13,13,13,14,14,14,15,15,15,15,14,15,14,14,13,13,0,0,0,0,0,0,0,0,0,0,0,14,13,14,14,14,14,14,14,14,14,14,13,13,13,13,12,13,13,13,13,13,13,13,14,14,14,0,52,54,53,53,51,51,50,53,51,53,52,53,54,53,53,54,55,55,56,55,55,55,54,52,49,48,49,48,0,0,0,0,0,0,0,52,51,51,51,53,54,53,51,51,51,51,51,49,49,49,48,47,48,48,48,47,49,49,49,50,50,52,50
20260726_153123_c36ca3,1785076385220863,1213614097,2,2,0,-46,128,0,15,15,15,15,15,15,15,15,15,15,15,15,15,16,15,16,16,15,16,16,16,15,15,14,14,13,0,0,0,0,0,0,0,0,0,0,0,13,13,13,13,13,13,13,13,13,13,13,12,13,13,13,13,13,13,13,14,14,14,14,15,15,15,0,56,56,55,56,56,57,55,55,55,55,57,56,57,58,57,58,58,59,59,57,57,57,55,54,50,50,47,46,0,0,0,0,0,0,0,47,48,47,49,47,50,50,50,50,46,47,50,47,48,47,48,46,48,48,48,50,50,51,51,51,53,52,53
20260726_153123_c36ca3,1785076385320286,1213713183,2,2,0,-47,128,0,14,14,14,14,14,15,14,13,13,12,13,14,14,13,15,15,15,15,15,14,15,13,14,13,13,12,0,0,0,0,0,0,0,0,0,0,0,15,15,15,15,15,15,15,14,14,14,14,14,14,14,14,14,14,13,14,14,14,14,14,14,14,14,0,54,54,54,50,56,50,53,57,49,51,53,51,51,45,49,48,62,50,52,56,60,50,49,54,48,45,41,43,0,0,0,0,0,0,0,58,58,55,54,58,55,56,55,55,53,52,53,51,51,51,51,50,51,48,48,50,51,50,49,50,54,51,50
20260726_153123_c36ca3,1785076385420713,1213811818,2,2,0,-48,128,0,14,14,14,14,14,14,14,13,14,13,13,14,14,14,15,14,14,15,16,16,15,15,14,14,14,14,0,0,0,0,0,0,0,0,0,0,0,16,16,16,16,16,16,15,15,15,15,14,14,14,13,13,13,14,14,14,14,14,14,14,14,14,14,0,53,53,51,54,51,52,53,50,51,51,52,51,51,52,55,54,54,55,56,56,57,53,52,53,51,50,48,48,0,0,0,0,0,0,0,58,56,57,58,58,57,57,58,57,54,54,53,53,52,51,50,50,50,48,51,49,50,50,50,50,52,50,51
20260726_153123_c36ca3,1785076385517431,1213911746,2,2,0,-48,128,0,13,14,14,14,14,15,14,14,14,14,14,14,15,16,16,16,16,16,16,16,17,15,16,15,15,15,0,0,0,0,0,0,0,0,0,0,0,13,12,13,13,13,12,12,12,11,11,12,12,11,11,11,11,12,11,12,12,12,13,13,13,13,13,0,50,50,52,52,54,54,52,53,52,54,56,55,56,57,57,59,62,60,61,61,62,60,56,60,56,54,52,53,0,0,0,0,0,0,0,51,49,48,48,48,50,46,46,46,44,43,42,42,42,42,41,42,41,43,42,44,44,46,46,47,49,49,48
20260726_153123_c36ca3,1785076385620614,1214011807,2,2,0,-47,128,0,14,14,15,14,14,15,14,14,14,14,15,15,15,16,16,16,16,17,17,17,17,17,16,16,16,15,0,0,0,0,0,0,0,0,0,0,0,10,11,11,11,11,11,11,11,11,12,12,12,12,12,12,12,12,12,13,12,13,13,12,14,14,13,0,27,27,27,27,27,28,27,27,27,28,28,29,30,30,31,31,32,32,33,32,32,31,32,31,30,30,29,28,0,0,0,0,0,0,0,20,20,19,20,19,20,21,21,21,22,21,23,23,22,22,22,22,23,23,23,24,24,24,25,24,25,25,26
20260726_153123_c36ca3,1785076385717876,1214111617,2,2,0,-48,128,0,13,13,14,14,14,14,14,14,14,14,14,14,14,15,15,16,16,17,16,16,16,16,16,16,16,15,0,0,0,0,0,0,0,0,0,0,0,13,13,12,12,12,12,12,11,11,11,11,11,11,11,11,11,11,11,11,11,11,11,12,12,13,13,0,52,52,53,52,53,55,54,53,55,54,57,56,57,59,59,61,61,63,62,63,61,61,60,62,57,58,54,55,0,0,0,0,0,0,0,44,45,43,44,49,46,42,46,43,41,40,41,41,40,40,40,41,40,41,41,45,45,44,44,46,49,48,48
20260726_153123_c36ca3,1785076385818931,1214211437,2,2,0,-50,128,0,12,12,13,12,13,13,13,13,13,13,14,14,15,15,15,15,16,16,16,17,16,16,16,17,15,15,0,0,0,0,0,0,0,0,0,0,0,15,15,15,15,15,14,14,13,13,13,12,12,12,12,12,11,11,11,11,11,11,11,11,12,13,12,0,47,47,49,48,50,50,50,50,50,52,54,55,55,58,56,61,62,64,61,64,64,62,61,60,58,59,57,57,0,0,0,0,0,0,0,60,59,58,57,57,60,55,55,54,50,49,49,46,45,44,43,44,41,43,39,42,42,43,42,41,44,46,45
20260726_153123_c36ca3,1785076385919754,1214311479,2,2,0,-48,128,0,14,14,14,14,14,13,14,13,14,13,14,14,14,14,14,14,15,14,15,15,14,14,14,14,13,13,0,0,0,0,0,0,0,0,0,0,0,13,13,13,13,14,14,14,13,13,13,13,13,13,12,12,12,12,12,12,12,12,12,13,13,13,14,0,53,52,51,52,51,51,52,50,52,51,52,51,51,52,52,54,53,56,56,56,54,53,53,50,49,47,46,45,0,0,0,0,0,0,0,50,49,49,51,49,50,51,52,49,49,49,47,49,47,47,46,46,46,45,44,47,46,46,47,48,48,50,52
20260726_153123_c36ca3,1785076386022489,1214411691,2,2,0,-46,128,0,14,14,14,14,14,14,14,14,13,14,14,14,14,14,14,15,15,15,15,15,15,14,14,14,12,12,0,0,0,0,0,0,0,0,0,0,0,13,13,14,14,14,13,13,14,13,13,13,13,13,13,13,13,13,13,13,14,14,14,14,14,14,14,0,53,55,52,53,51,52,52,51,51,52,51,51,52,53,53,52,55,52,54,53,53,52,52,51,47,45,47,45,0,0,0,0,0,0,0,48,49,49,48,52,51,52,50,51,51,50,51,49,49,50,50,48,49,46,48,49,49,49,51,51,51,52,51
20260726_153123_c36ca3,1785076386119751,1214511524,2,2,0,-46,128,0,14,15,14,15,15,14,15,14,14,14,15,14,15,15,15,15,16,15,16,16,15,15,15,14,15,14,0,0,0,0,0,0,0,0,0,0,0,13,12,13,13,13,12,13,13,13,13,13,12,13,13,13,13,13,13,13,13,13,13,13,14,14,14,0,54,55,56,55,55,55,54,55,55,55,55,56,55,57,58,57,59,59,60,59,59,56,56,54,52,51,49,47,0,0,0,0,0,0,0,46,46,46,47,47,47,47,46,47,48,48,48,46,47,48,47,47,47,47,49,49,49,50,51,51,53,53,53
20260726_153123_c36ca3,1785076386220916,1214611626,2,2,0,-46,128,0,15,15,15,15,15,15,15,15,15,15,15,15,15,14,16,14,15,16,16,15,15,15,14,14,14,13,0,0,0,0,0,0,0,0,0,0,0,13,13,15,14,15,14,15,14,14,14,14,14,14,14,14,14,14,14,14,14,14,15,14,15,15,15,0,55,53,55,55,55,53,53,52,54,53,53,52,54,53,52,59,52,55,60,54,55,49,51,49,46,49,44,41,0,0,0,0,0,0,0,48,49,52,47,51,55,52,52,54,53,50,50,53,51,49,49,50,49,51,48,49,52,51,51,52,53,53,53
20260726_153123_c36ca3,1785076386317338,1214711508,2,2,0,-45,128,0,15,15,15,15,15,15,15,14,15,15,15,15,15,15,16,15,16,15,16,16,16,15,14,14,14,14,0,0,0,0,0,0,0,0,0,0,0,14,14,14,14,14,15,15,15,15,14,14,14,14,14,13,14,14,14,14,14,14,15,14,15,15,15,0,56,56,55,58,53,54,54,54,54,56,54,52,54,54,57,55,56,55,57,57,54,55,55,51,51,48,47,45,0,0,0,0,0,0,0,49,48,49,49,52,52,54,51,53,53,53,52,54,52,50,52,50,52,50,53,51,51,51,53,55,54,55,53
20260726_153123_c36ca3,1785076386417864,1214811768,2,2,0,-45,128,0,14,14,14,13,13,13,14,13,13,13,13,13,13,13,14,14,14,13,13,14,14,13,13,12,12,13,0,0,0,0,0,0,0,0,0,0,0,11,11,11,12,12,12,12,12,12,12,12,13,12,12,12,12,12,12,12,12,12,13,13,13,13,14,0,55,56,55,55,55,54,53,54,54,55,54,52,54,54,54,57,55,57,57,55,55,54,53,51,50,50,47,45,0,0,0,0,0,0,0,44,45,45,47,48,49,48,48,49,49,49,49,50,50,50,48,49,49,49,49,50,51,50,50,52,55,52,54
20260726_153123_c36ca3,1785076386520176,1214912253,2,2,0,-46,128,0,13,14,14,14,13,14,14,14,14,14,13,13,13,13,14,14,14,15,15,15,14,14,14,13,13,13,0,0,0,0,0,0,0,0,0,0,0,13,13,13,13,13,13,13,13,13,13,13,13,12,12,12,12,12,13,12,13,12,13,12,13,14,13,0,51,52,51,52,52,51,50,50,51,51,51,52,51,53,54,55,55,54,56,56,55,53,50,50,50,48,45,45,0,0,0,0,0,0,0,47,49,49,48,50,49,50,49,50,49,49,48,48,47,47,47,47,47,46,47,46,47,48,48,48,49,50,50
20260726_153123_c36ca3,1785076386621899,1215012003,2,2,0,-46,128,0,13,13,13,13,13,13,13,12,12,12,13,13,13,13,13,14,13,14,14,14,13,13,12,12,12,11,0,0,0,0,0,0,0,0,0,0,0,13,14,14,14,14,14,14,14,14,14,14,13,13,13,13,13,13,13,13,12,12,13,13,13,13,13,0,50,50,48,49,49,49,47,49,48,50,49,48,48,49,51,51,51,51,52,52,51,49,48,46,46,45,43,40,0,0,0,0,0,0,0,50,52,52,50,53,54,56,54,54,52,52,53,52,53,50,49,48,49,49,49,48,48,48,48,50,51,50,50
20260726_153123_c36ca3,1785076386719128,1215111973,2,2,0,-45,128,0,14,15,14,14,14,14,14,14,14,14,14,13,14,14,15,14,16,14,15,15,14,14,14,14,13,13,0,0,0,0,0,0,0,0,0,0,0,13,13,14,14,14,14,14,14,14,14,14,14,14,14,14,14,13,13,13,14,14,14,14,14,14,14,0,53,53,52,52,52,52,51,53,50,52,50,53,52,51,53,54,55,55,56,55,55,55,53,52,51,49,49,46,0,0,0,0,0,0,0,47,48,48,48,50,52,52,52,52,52,53,52,52,51,51,51,50,51,49,50,49,51,51,50,49,51,52,49
20260726_153123_c36ca3,1785076386819105,1215212032,2,2,0,-45,128,0,15,15,15,15,14,14,14,14,14,14,14,14,14,14,15,15,15,15,15,15,15,14,15,15,14,14,0,0,0,0,0,0,0,0,0,0,0,14,14,14,14,14,14,15,15,14,15,14,15,13,13,14,14,14,13,14,14,14,14,14,15,15,14,0,54,54,52,54,52,54,51,51,52,53,53,52,53,53,54,55,56,54,57,56,56,54,53,53,51,50,47,46,0,0,0,0,0,0,0,50,47,55,51,52,53,56,54,55,51,51,54,52,53,51,50,49,51,48,48,49,49,50,51,51,54,52,52
20260726_153123_c36ca3,1785076386921306,1215311694,2,2,0,-46,128,0,13,13,13,13,13,13,13,13,13,13,13,13,13,13,14,14,13,14,14,14,14,13,13,12,12,12,0,0,0,0,0,0,0,0,0,0,0,15,15,15,14,14,14,14,14,14,13,13,13,13,13,12,13,12,12,12,13,13,13,13,13,13,13,0,49,50,49,50,49,48,47,46,49,49,50,48,48,48,50,50,52,52,52,52,52,49,48,47,45,44,43,40,0,0,0,0,0,0,0,55,55,53,54,54,55,55,54,54,53,52,53,51,50,49,48,47,48,46,47,46,47,47,47,50,49,50,50
20260726_153123_c36ca3,1785076387022400,1215411696,2,2,0,-44,128,0,13,14,14,13,13,13,13,12,13,13,13,12,13,13,13,13,13,13,13,13,13,14,13,13,12,12,0,0,0,0,0,0,0,0,0,0,0,15,16,16,15,16,16,16,16,15,16,14,15,14,15,14,13,13,13,14,13,13,13,13,13,13,14,0,51,48,51,49,47,49,48,48,48,46,48,47,48,50,48,50,50,50,50,50,50,49,47,46,45,44,41,42,0,0,0,0,0,0,0,58,59,59,57,58,61,60,61,58,59,58,54,54,53,51,54,52,49,49,49,50,48,47,46,52,49,51,51
20260726_153123_c36ca3,1785076387120089,1215511920,2,2,0,-44,128,0,15,14,15,14,14,14,14,14,14,14,14,14,14,14,15,16,15,15,15,15,15,14,14,14,13,13,0,0,0,0,0,0,0,0,0,0,0,16,16,16,16,15,15,15,15,15,14,14,14,14,14,14,14,14,13,14,14,14,14,14,14,14,15,0,50,52,53,52,51,52,50,50,49,49,50,51,51,52,52,53,52,53,54,52,52,51,49,49,47,46,44,42,0,0,0,0,0,0,0,54,54,55,55,56,57,55,56,56,53,54,52,52,52,51,51,50,49,49,48,50,49,50,50,50,52,51,52
20260726_153123_c36ca3,1785076387222084,1215612385,2,2,0,-45,128,0,14,14,14,14,14,14,14,14,15,15,15,14,15,16,16,16,16,16,16,16,16,16,16,14,15,15,0,0,0,0,0,0,0,0,0,0,0,14,14,14,14,14,14,14,14,14,14,14,13,13,13,13,13,12,12,13,13,13,13,13,13,14,14,0,51,50,52,52,53,52,51,51,52,53,54,54,54,54,56,58,58,59,59,60,59,57,55,56,55,53,51,50,0,0,0,0,0,0,0,52,51,51,52,52,52,52,53,51,50,50,49,48,48,48,46,45,46,46,46,45,46,45,48,48,49,49,50
20260726_153123_c36ca3,1785076387319091,1215711894,2,2,0,-44,128,0,14,14,14,14,14,14,14,15,15,15,15,14,14,15,16,16,16,16,17,16,16,16,16,15,15,15,0,0,0,0,0,0,0,0,0,0,0,14,14,14,14,14,14,14,13,13,13,13,13,13,12,12,12,12,13,13,13,13,13,13,14,14,14,0,51,52,53,52,53,53,52,52,52,53,54,53,54,56,57,57,57,59,59,59,59,57,56,56,54,53,50,50,0,0,0,0,0,0,0,50,49,50,49,50,50,51,51,50,47,48,48,48,47,47,45,46,45,45,47,47,47,47,48,49,49,51,50
20260726_153123_c36ca3,1785076387420811,1215811978,2,2,0,-46,128,0,13,13,13,13,13,13,13,13,14,14,14,13,14,14,14,14,14,14,14,14,14,14,13,13,13,12,0,0,0,0,0,0,0,0,0,0,0,16,16,16,15,16,16,15,14,14,14,14,14,13,13,13,12,13,13,12,13,13,13,13,13,13,13,0,50,52,51,52,50,52,50,50,49,50,50,50,52,53,52,52,54,53,55,54,53,53,53,50,49,47,47,45,0,0,0,0,0,0,0,60,59,59,59,60,59,58,57,57,56,54,55,52,50,50,49,48,49,48,48,48,48,48,49,49,51,52,50
20260726_153123_c36ca3,1785076387522736,1215912033,2,2,0,-48,128,0,13,13,13,13,12,13,13,13,13,13,13,14,14,14,14,15,14,15,14,16,15,14,14,13,14,13,0,0,0,0,0,0,0,0,0,0,0,14,14,14,13,13,13,13,13,13,13,13,12,12,12,11,11,11,11,11,11,11,11,11,12,12,12,0,49,49,48,50,49,48,48,50,51,52,51,51,51,54,56,54,57,57,58,57,57,56,55,52,52,52,49,48,0,0,0,0,0,0,0,52,54,54,55,54,55,54,53,52,51,52,48,48,47,46,46,45,44,44,43,44,42,42,42,45,44,47,48
20260726_153123_c36ca3,1785076387619033,1216012149,2,2,0,-50,128,0,13,13,13,13,13,13,13,13,13,13,13,14,14,14,14,14,14,14,14,14,14,14,14,13,12,12,0,0,0,0,0,0,0,0,0,0,0,16,16,15,15,15,14,15,14,14,14,13,13,13,13,12,12,12,12,12,13,13,13,13,13,13,13,0,50,50,51,50,51,49,48,49,50,50,49,49,52,51,52,52,54,53,55,55,54,52,54,50,49,47,48,48,0,0,0,0,0,0,0,60,59,59,61,58,59,56,56,54,56,56,52,53,50,50,50,48,47,49,47,48,48,48,49,50,50,49,49
20260726_153123_c36ca3,1785076387721031,1216114204,2,2,0,-45,128,0,15,15,15,15,14,14,15,15,15,14,15,14,15,15,15,15,15,16,16,16,15,15,14,14,14,13,0,0,0,0,0,0,0,0,0,0,0,14,15,15,15,15,15,15,15,15,15,15,15,14,14,14,14,14,13,14,15,14,14,14,14,15,15,0,54,51,54,52,52,51,51,50,50,51,52,51,52,52,52,54,53,55,54,53,52,51,49,49,48,48,44,44,0,0,0,0,0,0,0,47,50,49,52,50,54,53,55,54,53,53,51,52,52,51,50,50,49,51,48,51,50,51,50,50,50,51,53
20260726_153123_c36ca3,1785076387818340,1216212163,2,2,0,-47,128,0,14,15,15,14,14,15,15,14,14,14,15,15,15,15,15,16,16,16,16,16,16,16,16,16,15,15,0,0,0,0,0,0,0,0,0,0,0,12,12,13,13,13,13,13,13,13,13,12,13,12,13,13,13,13,13,13,13,13,14,13,14,14,14,0,54,53,54,53,54,54,53,54,54,54,54,56,57,58,57,58,60,61,59,61,60,60,59,58,57,56,53,55,0,0,0,0,0,0,0,45,46,45,49,49,49,48,48,48,48,49,49,48,49,49,49,49,49,47,46,47,49,49,47,49,51,50,53
20260726_153123_c36ca3,1785076387921246,1216312311,2,2,0,-48,128,0,14,14,14,14,14,14,14,14,15,15,15,15,15,15,16,16,16,16,17,17,17,17,16,15,15,15,0,0,0,0,0,0,0,0,0,0,0,8,9,8,9,9,9,9,9,10,10,10,10,10,10,11,10,10,12,12,12,13,13,13,13,14,13,0,55,56,55,55,57,56,57,55,59,58,57,60,59,61,62,62,65,64,65,66,64,66,65,62,61,61,59,59,0,0,0,0,0,0,0,36,34,34,34,34,37,36,36,37,37,40,38,40,39,40,42,40,41,44,40,45,50,46,50,52,52,55,52
20260726_153123_c36ca3,1785076388018545,1216412523,2,2,0,-49,128,0,15,15,15,15,15,15,15,15,15,15,15,14,16,16,15,16,15,16,16,17,17,16,16,16,15,16,0,0,0,0,0,0,0,0,0,0,0,13,13,13,13,12,13,12,12,12,12,12,12,12,13,13,13,13,12,13,13,13,14,13,14,15,15,0,56,56,57,57,55,56,55,56,56,57,57,56,58,58,58,61,61,60,62,64,63,61,60,59,58,57,55,55,0,0,0,0,0,0,0,47,47,46,48,48,46,48,47,47,47,46,47,48,46,47,44,45,45,45,47,46,48,48,50,50,52,52,53
20260726_153123_c36ca3,1785076388120698,1216514913,2,2,0,-53,128,0,13,15,15,15,15,15,15,15,15,16,16,16,16,16,16,16,17,17,17,18,16,16,16,16,16,15,0,0,0,0,0,0,0,0,0,0,0,12,12,13,12,13,11,11,11,11,11,11,11,11,11,10,11,11,11,11,12,12,12,12,13,13,13,0,27,28,27,28,27,28,28,28,27,29,29,29,30,29,31,30,32,30,32,32,32,32,31,30,29,27,27,27,0,0,0,0,0,0,0,23,24,23,23,25,22,23,21,22,21,21,20,19,19,19,19,20,20,19,20,20,22,23,23,23,23,25,24
20260726_153123_c36ca3,1785076388224171,1216612841,2,2,0,-51,128,0,15,15,15,15,15,16,15,14,15,15,15,15,15,15,15,15,15,15,15,16,15,15,14,13,12,12,0,0,0,0,0,0,0,0,0,0,0,13,13,13,13,13,13,13,13,13,13,13,12,12,12,13,12,12,12,13,13,13,13,13,14,15,15,0,55,57,58,55,57,55,56,55,54,55,56,56,56,56,56,57,57,56,58,56,56,54,52,52,47,46,44,42,0,0,0,0,0,0,0,50,50,50,50,49,50,51,48,50,48,46,46,46,46,46,47,47,47,45,48,47,49,50,50,52,52,53,54
20260726_153123_c36ca3,1785076388320720,1216712581,2,2,0,-53,128,0,14,14,14,14,14,13,13,13,13,13,13,13,13,13,13,13,13,13,13,12,12,11,10,10,9,9,0,0,0,0,0,0,0,0,0,0,0,17,16,16,16,16,16,15,15,14,14,14,13,13,13,12,13,12,12,12,12,12,12,12,14,14,14,0,26,26,25,27,25,26,25,24,25,26,25,24,24,24,25,24,25,23,24,23,23,22,22,19,18,17,16,15,0,0,0,0,0,0,0,32,31,32,30,32,31,31,29,29,28,27,27,26,25,24,25,24,24,23,24,23,24,24,24,26,25,24,26
20260726_153123_c36ca3,1785076388422526,1216812005,2,2,0,-53,128,0,13,13,13,13,13,13,13,12,12,12,12,12,12,12,12,12,12,12,12,12,12,11,11,11,10,10,0,0,0,0,0,0,0,0,0,0,0,19,19,19,19,18,18,18,17,17,17,16,16,16,15,15,14,13,13,13,13,13,14,13,13,13,13,0,24,24,24,25,24,24,23,23,22,22,22,22,22,23,23,23,23,24,23,22,22,21,20,19,19,19,16,17,0,0,0,0,0,0,0,36,35,35,35,36,35,34,34,33,32,31,31,30,29,28,27,26,26,25,25,25,25,24,24,24,24,24,23
20260726_153123_c36ca3,1785076388517889,1216912260,2,2,0,-54,128,0,12,12,12,11,11,11,11,10,10,10,10,10,9,9,9,9,9,9,8,8,8,8,7,7,6,5,0,0,0,0,0,0,0,0,0,0,0,25,25,24,24,23,22,22,21,21,20,18,18,17,17,16,16,15,15,15,14,13,13,13,13,13,13,0,21,21,21,19,20,20,19,18,18,18,19,17,17,17,17,17,16,16,15,14,14,12,12,11,10,9,8,6,0,0,0,0,0,0,0,45,45,43,43,44,43,42,41,40,39,35,35,34,33,31,29,29,28,26,26,25,26,25,24,23,23,22,21
20260726_153123_c36ca3,1785076388619611,1217011919,2,2,0,-55,128,0,11,11,12,12,12,12,11,11,12,12,12,13,13,13,13,13,14,13,14,14,13,13,12,12,11,11,0,0,0,0,0,0,0,0,0,0,0,21,20,20,20,19,18,17,17,16,16,15,14,14,13,12,12,11,12,12,11,11,11,11,11,11,11,0,23,21,22,22,23,23,23,24,24,23,24,23,24,25,25,25,25,26,26,25,25,24,23,24,21,21,20,21,0,0,0,0,0,0,0,40,40,38,39,38,38,34,35,33,32,30,29,28,26,25,24,24,23,22,21,21,21,21,21,20,20,21,21
20260726_153123_c36ca3,1785076388722139,1217112149,2,2,0,-52,128,0,13,13,13,14,13,13,13,13,14,14,14,14,15,15,16,16,16,16,16,16,16,16,16,15,14,14,0,0,0,0,0,0,0,0,0,0,0,14,14,15,14,15,13,13,12,12,12,11,11,11,11,11,11,10,11,11,11,11,11,11,12,12,13,0,49,48,50,50,51,52,52,51,52,53,54,54,56,57,58,60,59,60,61,61,59,59,57,56,54,54,52,49,0,0,0,0,0,0,0,56,56,55,56,55,55,52,52,50,49,48,46,45,44,44,43,41,40,42,40,41,41,42,42,43,45,46,47
20260726_153123_c36ca3,1785076388818624,1217212149,2,2,0,-50,128,0,15,15,15,14,15,14,14,14,14,14,14,14,13,14,14,14,13,13,14,14,13,13,13,12,12,11,0,0,0,0,0,0,0,0,0,0,0,14,14,15,16,16,16,15,15,15,15,15,14,15,14,14,14,14,14,15,14,14,14,14,15,14,14,0,53,55,54,54,51,51,51,52,51,51,49,50,52,48,51,49,52,48,49,50,50,48,47,44,42,38,40,36,0,0,0,0,0,0,0,53,52,53,53,55,55,56,52,54,57,55,55,54,54,52,52,52,53,50,52,50,52,54,52,52,54,55,52
20260726_153123_c36ca3,1785076388920453,1217310731,2,2,0,-53,128,0,13,13,14,13,13,13,13,13,13,13,13,13,12,14,14,14,14,14,14,14,15,14,14,15,14,13,0,0,0,0,0,0,0,0,0,0,0,21,20,20,19,19,18,17,16,16,14,14,14,13,12,12,12,12,12,12,12,12,11,13,13,13,13,0,24,24,25,24,24,24,24,25,26,22,26,23,26,24,25,26,25,27,27,27,27,26,26,26,25,25,25,24,0,0,0,0,0,0,0,41,39,38,38,37,37,35,34,33,30,29,27,26,25,24,23,23,22,21,22,23,23,22,21,22,22,23,24
20260726_153123_c36ca3,1785076389022374,1217411348,2,2,0,-47,128,0,15,14,15,14,15,14,14,14,14,14,14,14,14,14,14,14,14,14,14,14,14,13,13,13,12,11,0,0,0,0,0,0,0,0,0,0,0,13,13,14,14,14,15,15,14,14,14,14,14,14,13,13,13,13,13,14,14,14,14,14,14,15,14,0,52,53,53,51,53,53,52,50,50,49,50,50,49,52,49,51,52,52,52,51,48,49,49,48,44,43,42,41,0,0,0,0,0,0,0,49,50,50,51,53,52,53,53,51,52,51,52,52,52,51,51,53,50,51,48,52,52,51,52,51,53,53,54
20260726_153123_c36ca3,1785076389119250,1217512054,2,2,0,-50,128,0,15,15,15,15,15,15,15,15,15,15,15,14,14,15,15,16,16,16,16,15,16,14,14,14,14,13,0,0,0,0,0,0,0,0,0,0,0,13,12,13,13,13,13,14,13,13,13,13,13,13,13,13,14,13,13,14,14,14,14,15,15,15,15,0,56,55,56,55,57,54,55,55,54,56,55,54,55,55,55,56,56,59,59,56,58,55,53,53,51,50,49,48,0,0,0,0,0,0,0,42,40,45,46,45,48,48,52,50,46,49,48,48,47,47,49,48,51,50,50,49,52,53,53,55,54,54,56
20260726_153123_c36ca3,1785076389221369,1217612619,2,2,0,-53,128,0,14,14,14,14,14,14,14,14,14,14,15,14,15,15,14,16,16,16,16,16,16,16,15,15,14,14,0,0,0,0,0,0,0,0,0,0,0,11,11,12,11,10,10,10,10,11,9,11,11,11,10,11,10,11,11,12,11,12,12,12,13,13,13,0,53,54,56,55,55,55,54,54,55,54,57,56,58,59,58,60,61,60,62,62,60,61,58,57,54,54,52,51,0,0,0,0,0,0,0,48,45,44,52,42,50,38,39,36,41,38,39,42,44,41,44,39,45,43,46,47,47,46,48,48,49,51,52
20260726_153123_c36ca3,1785076389323882,1217715120,2,2,0,-55,128,0,13,14,14,14,13,14,14,14,14,14,14,14,14,15,15,15,16,16,16,16,16,16,15,15,15,16,0,0,0,0,0,0,0,0,0,0,0,12,12,12,12,12,12,12,12,12,12,12,12,12,12,12,12,13,12,13,13,12,13,13,13,13,14,0,51,52,52,53,50,52,52,53,52,53,54,54,56,54,58,58,59,61,60,61,62,60,61,59,57,57,56,55,0,0,0,0,0,0,0,45,44,45,45,45,45,46,46,48,46,47,45,46,46,45,45,45,50,49,50,48,48,50,49,49,51,50,51
20260726_153123_c36ca3,1785076389420026,1217812865,2,2,0,-54,128,0,16,16,17,16,16,16,16,16,16,16,15,15,15,16,15,15,15,15,15,16,15,14,14,14,13,13,0,0,0,0,0,0,0,0,0,0,0,10,10,9,10,10,10,10,11,11,11,11,11,12,13,13,13,13,13,14,14,14,15,16,16,16,16,0,65,64,65,66,65,63,61,62,60,61,61,60,59,60,59,60,60,60,59,59,57,56,53,52,50,49,45,43,0,0,0,0,0,0,0,37,38,37,38,37,39,39,38,40,39,42,42,44,45,47,47,49,50,51,51,54,56,56,58,59,60,63,63
20260726_153123_c36ca3,1785076389522192,1217912635,2,2,0,-59,128,0,13,13,14,14,14,13,14,13,14,14,13,14,14,14,13,13,12,13,13,11,12,11,10,10,9,8,0,0,0,0,0,0,0,0,0,0,0,21,21,21,21,20,18,17,17,16,15,14,13,13,12,11,11,11,11,11,11,11,11,11,12,12,12,0,24,24,25,25,25,25,25,25,25,24,25,24,25,24,24,24,23,22,22,22,22,20,19,18,17,16,14,13,0,0,0,0,0,0,0,40,40,40,39,37,39,36,35,33,31,30,28,26,24,23,22,22,20,20,20,21,21,20,22,21,22,23,23
20260726_153123_c36ca3,1785076389619109,1218011583,2,2,0,-56,128,0,12,12,12,12,12,12,12,12,12,12,13,12,12,12,12,12,13,13,13,13,13,12,12,13,13,12,0,0,0,0,0,0,0,0,0,0,0,21,21,21,20,20,19,19,18,17,16,16,15,14,14,13,13,12,12,11,11,11,11,11,11,11,11,0,21,22,22,22,21,22,22,22,23,22,22,22,24,23,23,24,23,23,24,24,24,24,24,23,22,22,20,21,0,0,0,0,0,0,0,40,40,43,38,40,41,38,36,36,34,32,30,31,28,26,25,24,23,23,22,22,21,21,22,21,21,21,21
20260726_153123_c36ca3,1785076389721219,1218111727,2,2,0,-54,128,0,12,12,11,11,12,11,12,12,12,11,11,12,12,12,12,12,12,11,12,12,11,12,12,11,11,11,0,0,0,0,0,0,0,0,0,0,0,20,20,21,20,20,19,18,18,17,17,16,15,15,14,13,13,13,13,13,12,12,13,12,12,13,13,0,23,23,22,21,21,21,22,21,21,20,20,21,21,21,20,21,21,22,22,22,21,22,20,21,20,21,19,19,0,0,0,0,0,0,0,38,38,38,40,35,38,36,35,34,32,32,31,30,29,27,26,26,23,25,23,23,23,22,23,22,23,22,23
20260726_153123_c36ca3,1785076389817804,1218212228,2,2,0,-53,128,0,12,12,13,13,13,13,13,13,13,13,13,13,13,14,14,14,14,14,14,14,14,14,14,14,13,13,0,0,0,0,0,0,0,0,0,0,0,16,17,17,16,16,16,15,14,14,14,13,13,13,13,12,12,11,11,12,11,11,12,12,12,12,13,0,49,49,50,49,49,50,49,50,51,50,51,50,53,52,51,53,54,55,55,55,54,55,54,52,51,51,48,48,0,0,0,0,0,0,0,65,66,64,65,64,65,62,62,60,56,56,53,51,51,49,47,47,46,45,44,46,45,45,46,46,46,47,47
20260726_153123_c36ca3,1785076389919451,1218312188,2,2,0,-55,128,0,13,14,14,13,14,14,14,14,14,14,14,14,15,15,15,16,16,16,16,17,16,16,17,17,16,15,0,0,0,0,0,0,0,0,0,0,0,15,14,14,13,13,13,12,12,11,11,11,11,11,11,10,10,11,10,11,11,11,11,11,13,13,13,0,51,51,51,54,52,52,52,54,53,55,55,56,56,56,59,58,61,61,64,64,63,63,64,62,61,60,59,58,0,0,0,0,0,0,0,55,57,54,51,50,53,52,44,46,45,41,43,40,39,40,39,38,39,38,38,41,41,44,45,46,46,47,47
20260726_153123_c36ca3,1785076390026231,1218416055,2,2,0,-55,128,0,13,12,13,12,12,12,12,12,12,12,12,12,12,12,12,13,13,13,14,14,14,14,14,14,14,14,0,0,0,0,0,0,0,0,0,0,0,18,18,17,17,17,17,16,15,14,14,14,13,12,12,12,12,11,11,12,12,12,12,12,12,12,12,0,24,24,23,24,24,23,23,23,23,23,24,24,24,24,24,25,25,26,26,26,27,27,27,26,26,26,25,25,0,0,0,0,0,0,0,35,35,34,34,33,32,31,31,30,28,28,26,26,25,24,22,22,22,22,22,23,22,23,23,23,23,24,25
20260726_153123_c36ca3,1785076390118276,1218512225,2,2,0,-52,128,0,14,14,14,14,14,14,14,13,13,13,14,14,14,14,14,14,14,14,15,15,15,14,14,14,14,14,0,0,0,0,0,0,0,0,0,0,0,13,14,14,14,13,13,13,12,12,12,11,11,11,12,12,12,11,11,12,13,13,12,12,13,13,14,0,51,53,53,52,53,53,53,53,54,54,52,53,54,54,56,55,57,57,57,57,57,56,57,55,54,52,52,50,0,0,0,0,0,0,0,54,53,52,53,54,53,53,52,51,50,49,49,47,48,46,46,45,46,46,45,47,47,48,49,50,50,50,52
20260726_153123_c36ca3,1785076390220653,1218611944,2,2,0,-55,128,0,12,13,13,12,12,12,13,13,13,13,13,13,13,13,13,14,15,14,16,16,16,16,15,15,15,15,0,0,0,0,0,0,0,0,0,0,0,18,17,17,17,17,16,16,16,15,14,13,13,13,12,12,11,11,11,11,11,11,11,11,11,12,12,0,44,45,45,44,46,46,47,47,48,46,48,48,51,52,52,54,53,56,57,57,56,57,56,56,56,56,54,53,0,0,0,0,0,0,0,68,67,68,68,66,66,63,63,59,58,57,53,50,50,48,45,45,43,41,41,43,41,43,43,45,43,43,44
20260726_153123_c36ca3,1785076390317724,1218712121,2,2,0,-54,128,0,14,13,14,13,13,13,13,12,12,12,12,12,12,13,12,13,13,12,13,13,12,13,13,12,12,12,0,0,0,0,0,0,0,0,0,0,0,18,18,18,18,18,18,17,17,17,16,16,15,15,15,15,14,14,13,14,13,14,13,13,13,14,14,0,25,25,24,24,23,24,23,23,23,23,23,23,23,23,22,22,22,22,23,23,23,22,23,23,21,22,22,21,0,0,0,0,0,0,0,34,34,33,34,35,34,34,33,33,32,31,31,30,29,28,28,27,26,26,25,25,26,26,25,25,25,25,26
20260726_153123_c36ca3,1785076390418185,1218812277,2,2,0,-54,128,0,12,12,12,12,11,11,11,11,10,10,10,10,10,11,11,11,11,11,11,11,11,11,11,12,12,12,0,0,0,0,0,0,0,0,0,0,0,20,20,20,21,21,20,20,19,18,18,17,17,16,16,15,15,15,14,14,13,13,13,13,12,13,13,0,22,21,21,20,20,20,20,19,19,19,19,19,18,19,19,20,20,21,21,21,21,20,21,21,20,20,20,19,0,0,0,0,0,0,0,36,35,35,36,36,36,36,36,36,34,33,32,31,30,29,27,28,26,27,25,25,24,24,24,23,23,23,23
20260726_153123_c36ca3,1785076390520757,1218912157,2,2,0,-53,128,0,11,11,11,11,11,11,10,10,10,10,10,10,10,10,10,10,10,10,10,10,10,10,10,10,10,10,0,0,0,0,0,0,0,0,0,0,0,19,19,19,20,19,18,18,18,17,17,16,16,16,15,15,14,14,13,13,13,13,13,13,13,13,13,0,23,22,21,20,21,20,20,19,19,18,19,18,19,18,18,20,18,20,20,20,20,19,19,19,18,18,17,17,0,0,0,0,0,0,0,35,35,34,34,35,36,35,35,34,34,32,31,30,30,29,28,27,26,26,25,25,25,26,24,23,23,23,23
20260726_153123_c36ca3,1785076390627460,1219017020,2,2,0,-53,128,0,12,12,12,11,12,11,12,11,11,11,12,11,11,12,11,12,12,12,12,12,13,13,12,12,12,12,0,0,0,0,0,0,0,0,0,0,0,18,18,18,17,18,17,17,17,16,15,14,14,14,14,13,13,12,12,13,13,13,12,11,12,12,12,0,22,21,21,21,21,21,21,21,21,21,21,21,21,21,22,22,23,23,23,23,23,24,24,23,23,22,21,21,0,0,0,0,0,0,0,34,33,33,33,34,34,33,31,32,30,29,29,27,27,26,26,26,24,24,23,23,23,22,23,23,23,23,23
20260726_153123_c36ca3,1785076390718981,1219112296,2,2,0,-57,128,0,10,10,10,10,10,9,9,10,9,9,10,10,10,10,10,10,11,10,10,11,10,11,11,11,10,10,0,0,0,0,0,0,0,0,0,0,0,24,24,23,24,23,22,22,20,19,18,18,17,16,15,14,13,13,13,12,11,12,12,11,11,11,11,0,19,18,19,18,19,17,17,17,17,17,17,17,18,17,18,19,19,19,19,20,19,19,18,20,18,18,18,18,0,0,0,0,0,0,0,44,43,42,43,43,43,41,40,39,38,37,34,33,31,30,28,27,26,24,24,23,22,21,21,21,21,21,21
20260726_153123_c36ca3,1785076390819738,1219213448,2,2,0,-67,128,0,4,4,4,5,5,5,6,6,6,6,7,6,8,6,7,8,8,8,9,9,9,9,9,9,8,7,0,0,0,0,0,0,0,0,0,0,0,35,34,35,33,32,31,29,27,24,23,21,19,17,15,13,11,10,9,8,7,6,6,5,4,4,4,0,7,7,8,9,9,10,11,11,11,12,12,12,13,13,12,14,15,14,16,16,16,16,16,15,14,13,12,10,0,0,0,0,0,0,0,59,57,62,62,61,59,56,54,51,47,44,40,36,33,29,25,23,21,17,15,13,13,11,9,8,8,6,6
20260726_153123_c36ca3,1785076390921965,1219311845,2,2,0,-56,128,0,14,14,14,13,13,13,13,13,12,12,12,13,12,12,12,12,12,12,12,12,12,12,12,12,11,11,0,0,0,0,0,0,0,0,0,0,0,17,17,17,17,17,16,16,16,16,16,15,15,15,14,14,14,14,13,14,13,13,13,13,14,14,13,0,52,52,49,49,49,47,47,47,47,47,47,45,46,46,45,45,45,45,46,43,44,46,42,40,39,39,37,35,0,0,0,0,0,0,0,64,63,62,62,64,62,61,59,59,58,57,56,55,53,51,52,50,51,49,49,50,50,51,52,53,50,52,51
20260726_153123_c36ca3,1785076391023331,1219412424,2,2,0,-53,128,0,13,12,12,12,12,12,11,12,11,12,12,11,12,12,12,12,12,12,12,13,13,13,11,12,11,12,0,0,0,0,0,0,0,0,0,0,0,16,16,16,16,16,16,15,15,14,14,14,13,13,12,12,12,12,11,12,11,12,12,12,13,13,13,0,25,24,23,24,24,23,22,23,24,23,23,22,21,23,23,23,24,24,25,25,25,24,23,23,23,22,21,19,0,0,0,0,0,0,0,32,32,31,32,32,32,31,30,29,28,28,27,26,26,25,24,23,23,24,23,22,24,24,23,24,24,24,24
20260726_153123_c36ca3,1785076391119495,1219511814,2,2,0,-54,128,0,13,13,12,12,12,12,12,11,11,11,11,11,11,11,11,11,12,12,12,12,12,12,11,11,11,11,0,0,0,0,0,0,0,0,0,0,0,19,18,19,19,19,18,18,17,17,16,16,15,15,14,14,14,14,13,13,13,13,13,13,13,13,13,0,25,24,24,22,23,23,22,22,23,22,22,21,21,21,21,22,22,23,23,23,23,23,22,22,21,21,20,20,0,0,0,0,0,0,0,36,34,35,35,35,36,34,34,33,32,32,30,30,28,28,26,26,26,26,25,25,25,25,25,25,25,25,25
20260726_153123_c36ca3,1785076391221482,1219612709,2,2,0,-53,128,0,13,13,13,13,13,12,12,12,11,12,12,12,12,12,12,12,12,12,12,12,12,12,12,12,11,11,0,0,0,0,0,0,0,0,0,0,0,17,18,17,17,17,17,16,16,16,15,15,15,14,14,14,13,13,13,13,13,13,13,12,14,14,14,0,24,24,24,23,23,22,22,22,22,21,21,22,23,22,22,22,22,23,23,24,23,23,22,22,22,21,21,20,0,0,0,0,0,0,0,31,32,32,33,32,33,32,31,31,30,30,29,28,27,27,27,26,25,25,24,25,24,25,25,25,25,25,25
20260726_153123_c36ca3,1785076391322826,1219711960,2,2,0,-52,128,0,14,14,14,13,13,13,13,13,13,13,12,12,12,12,12,13,13,13,13,12,12,12,12,12,12,11,0,0,0,0,0,0,0,0,0,0,0,18,18,18,18,17,17,17,16,16,15,15,15,15,14,14,13,14,13,13,13,13,13,14,14,14,14,0,50,49,49,49,47,48,46,46,47,46,45,45,45,44,46,47,46,47,47,47,46,44,44,43,42,42,41,39,0,0,0,0,0,0,0,65,64,63,64,65,64,64,62,62,60,58,56,57,55,54,52,50,51,51,50,50,50,51,48,50,50,49,49
20260726_153123_c36ca3,1785076391419662,1219811843,2,2,0,-54,128,0,12,12,12,12,12,12,12,12,12,12,12,12,12,12,12,13,13,13,14,13,14,13,13,14,13,13,0,0,0,0,0,0,0,0,0,0,0,19,19,18,19,18,18,17,17,16,15,15,15,14,13,13,13,13,12,13,13,12,12,12,12,12,12,0,23,22,22,23,21,22,22,22,22,22,22,22,22,23,24,25,25,25,25,26,25,25,25,25,24,24,22,22,0,0,0,0,0,0,0,35,34,34,34,33,34,32,31,31,30,30,28,28,27,26,25,25,24,23,23,23,23,23,23,23,23,23,22
20260726_153123_c36ca3,1785076391521396,1219911223,2,2,0,-59,128,0,10,10,10,10,10,9,9,9,9,9,9,9,9,9,9,10,10,11,11,11,12,12,12,13,13,12,0,0,0,0,0,0,0,0,0,0,0,22,21,22,21,21,20,19,18,18,17,16,16,15,14,13,13,12,12,12,11,12,12,12,11,12,12,0,20,20,18,19,18,17,17,17,16,17,17,15,17,17,16,18,19,19,21,21,21,23,23,24,22,24,23,23,0,0,0,0,0,0,0,44,41,42,42,42,41,40,39,37,35,33,33,31,28,28,26,26,25,23,22,22,22,22,21,21,21,22,21
20260726_153123_c36ca3,1785076391619891,1220011695,2,2,0,-53,128,0,13,13,13,13,13,13,13,13,13,13,13,13,13,14,14,14,14,14,14,14,14,14,13,14,13,13,0,0,0,0,0,0,0,0,0,0,0,14,14,14,14,14,14,14,13,13,13,12,13,13,12,12,12,11,12,12,12,13,13,13,13,13,13,0,53,52,50,52,51,50,50,50,51,51,52,51,52,52,53,52,55,54,54,55,55,54,53,53,52,51,50,49,0,0,0,0,0,0,0,55,53,53,53,55,54,54,53,52,52,51,49,47,49,47,46,46,45,45,46,46,48,48,49,51,51,52,51
20260726_153123_c36ca3,1785076391721761,1220113226,2,2,0,-55,128,0,13,13,14,13,14,14,14,13,13,13,13,13,13,13,13,13,13,13,14,14,14,14,15,14,14,14,0,0,0,0,0,0,0,0,0,0,0,18,18,18,18,17,17,16,16,15,15,15,14,14,13,14,13,13,13,13,12,13,13,13,13,13,13,0,25,24,24,25,25,24,23,24,23,24,24,23,24,24,24,25,25,25,25,27,26,26,25,26,26,25,25,25,0,0,0,0,0,0,0,33,33,33,33,33,33,33,32,29,29,27,27,27,25,26,25,24,23,23,23,23,23,22,25,23,24,23,23
20260726_153123_c36ca3,1785076391822338,1220216284,2,2,0,-56,128,0,14,13,13,14,13,13,13,13,13,13,13,12,13,13,13,13,13,13,13,13,13,13,13,13,13,12,0,0,0,0,0,0,0,0,0,0,0,17,18,18,17,17,17,16,15,16,14,14,14,13,13,12,13,13,12,12,10,12,12,14,13,14,13,0,26,24,24,25,24,25,25,23,24,23,24,23,23,23,23,24,24,23,24,24,23,23,22,23,22,22,21,20,0,0,0,0,0,0,0,34,33,34,32,32,31,32,31,31,29,28,25,26,25,24,23,19,25,21,24,24,23,24,21,26,23,24,25
20260726_153123_c36ca3,1785076391930688,1220324720,2,2,0,-60,128,0,12,11,11,11,11,11,10,10,10,10,10,10,10,9,10,10,10,9,9,10,10,9,11,10,10,10,0,0,0,0,0,0,0,0,0,0,0,21,21,22,21,21,20,19,18,17,16,16,15,14,13,13,13,12,12,12,12,12,12,12,11,11,11,0,22,20,21,21,20,20,21,18,21,20,19,18,18,18,18,17,18,18,20,19,19,19,20,18,19,18,17,18,0,0,0,0,0,0,0,41,40,40,40,39,39,37,36,35,34,34,32,30,28,27,25,25,24,23,23,23,22,22,22,21,22,22,22
20260726_153123_c36ca3,1785076392026623,1220417032,2,2,0,-67,128,0,15,15,17,15,16,15,14,14,14,13,13,13,12,12,11,12,12,12,10,12,12,12,10,9,10,9,0,0,0,0,0,0,0,0,0,0,0,18,17,17,17,16,16,15,14,14,13,14,14,13,13,13,13,13,13,13,14,14,15,14,15,15,15,0,29,29,32,28,29,28,26,26,26,26,24,23,25,23,22,24,22,22,20,21,23,22,20,18,17,19,13,11,0,0,0,0,0,0,0,37,36,35,35,34,32,31,30,29,27,28,25,26,26,25,25,25,24,25,25,26,26,26,27,26,27,28,28
20260726_153123_c36ca3,1785076392121990,1220515228,2,2,0,-62,128,0,9,10,9,9,9,9,9,9,9,9,9,8,8,8,8,8,8,7,7,8,8,8,8,8,7,7,0,0,0,0,0,0,0,0,0,0,0,27,26,27,25,25,24,24,22,21,20,19,17,16,16,14,14,13,12,12,12,12,11,11,10,10,10,0,18,18,18,17,17,17,17,16,16,16,16,16,16,16,14,14,15,14,14,14,13,13,14,14,13,13,13,13,0,0,0,0,0,0,0,48,48,47,48,48,45,46,42,42,40,39,36,33,32,30,28,27,25,23,23,22,21,20,20,20,19,19,17
20260726_153123_c36ca3,1785076392223159,1220612408,2,2,0,-55,128,0,13,13,13,13,13,13,13,14,14,14,14,14,14,14,15,15,15,14,15,16,16,15,15,14,13,13,0,0,0,0,0,0,0,0,0,0,0,11,11,11,11,11,11,11,11,10,10,10,9,9,10,9,10,10,10,11,11,11,11,11,12,13,12,0,52,54,55,53,52,53,54,55,57,55,54,56,59,58,60,59,61,59,62,60,61,55,57,57,56,54,51,50,0,0,0,0,0,0,0,48,47,45,47,45,45,47,45,43,40,41,41,39,39,39,39,39,40,39,40,43,44,45,45,47,48,49,53
20260726_153123_c36ca3,1785076392319543,1220713317,2,2,0,-56,128,0,12,12,12,11,11,12,12,12,12,12,13,13,13,13,14,14,14,15,15,15,16,16,16,15,15,15,0,0,0,0,0,0,0,0,0,0,0,16,15,16,16,16,16,16,15,15,14,14,13,13,13,13,12,12,12,12,13,13,12,12,12,12,12,0,45,44,44,43,45,46,44,44,45,46,47,46,48,50,51,53,53,57,57,57,58,59,58,57,57,57,55,52,0,0,0,0,0,0,0,57,57,60,63,62,59,62,59,61,53,54,52,52,52,49,49,49,47,46,46,48,47,46,47,45,44,45,46
20260726_153123_c36ca3,1785076392421244,1220813485,2,2,0,-58,128,0,12,12,12,12,12,11,11,11,11,11,11,11,10,10,11,11,11,11,11,11,11,10,11,10,11,9,0,0,0,0,0,0,0,0,0,0,0,18,17,18,18,18,16,17,16,16,16,15,15,14,14,13,14,13,13,13,13,13,13,13,13,13,13,0,51,48,47,45,48,43,43,47,43,43,46,41,44,42,43,42,43,44,43,43,42,43,42,39,39,39,40,33,0,0,0,0,0,0,0,69,68,69,69,68,67,68,64,64,62,63,58,59,57,56,55,52,53,53,52,51,53,53,53,52,51,52,49
20260726_153123_c36ca3,1785076392522662,1220913692,2,2,0,-60,128,0,13,12,12,12,11,12,12,12,13,12,12,13,13,13,13,13,14,14,14,15,16,15,15,15,14,14,0,0,0,0,0,0,0,0,0,0,0,19,19,18,19,18,18,17,16,16,16,15,14,15,14,13,13,13,12,13,13,13,13,12,12,13,12,0,23,22,24,24,23,19,23,22,21,21,22,24,22,22,24,25,26,27,27,28,29,28,28,28,27,27,26,27,0,0,0,0,0,0,0,36,35,36,34,34,35,34,33,33,31,28,28,27,26,25,25,24,24,23,23,24,23,24,21,23,22,23,22
20260726_153123_c36ca3,1785076392617644,1221012124,2,2,0,-61,128,0,11,12,12,12,12,12,12,12,12,13,13,13,13,13,13,14,14,14,15,15,15,14,14,14,13,13,0,0,0,0,0,0,0,0,0,0,0,20,19,19,19,18,16,16,15,14,13,13,11,11,9,9,9,8,9,9,9,9,9,9,10,10,11,0,21,23,23,23,23,23,24,23,23,24,24,25,25,25,26,26,28,28,28,29,30,29,27,27,26,24,24,23,0,0,0,0,0,0,0,42,41,40,38,38,37,35,32,31,28,27,26,23,21,21,19,19,18,17,17,17,18,18,18,19,19,21,21
20260726_153123_c36ca3,1785076392717526,1221111745,2,2,0,-61,128,0,12,12,12,13,13,13,13,13,13,14,14,14,14,14,16,16,17,17,17,18,17,17,17,17,17,16,0,0,0,0,0,0,0,0,0,0,0,12,11,10,10,10,9,9,8,8,7,7,7,7,7,7,8,8,8,8,9,9,9,10,10,11,11,0,25,24,25,25,25,26,25,26,27,27,28,27,30,30,32,33,34,35,36,35,36,35,34,34,34,33,31,31,0,0,0,0,0,0,0,25,24,24,23,21,21,18,17,17,16,15,14,15,14,14,15,15,16,17,17,17,17,19,19,20,20,22,22
20260726_153123_c36ca3,1785076392818308,1221212224,2,2,0,-62,128,0,13,13,14,14,14,14,14,15,15,16,16,15,16,17,17,18,19,19,20,20,20,20,20,20,20,19,0,0,0,0,0,0,0,0,0,0,0,14,13,12,11,10,9,8,7,6,5,5,5,5,5,6,7,7,8,8,8,9,10,10,11,11,12,0,24,25,25,26,27,28,27,28,28,29,30,30,31,33,33,35,36,36,37,38,38,39,38,38,37,37,37,36,0,0,0,0,0,0,0,31,30,28,27,23,22,20,18,16,14,12,10,9,9,8,9,13,12,13,14,14,16,17,18,19,19,20,22
20260726_153123_c36ca3,1785076392917899,1221311495,2,2,0,-61,128,0,10,10,9,9,9,9,9,9,9,9,9,9,9,9,9,9,10,10,10,11,11,10,10,10,10,10,0,0,0,0,0,0,0,0,0,0,0,26,26,26,26,25,23,23,21,21,19,18,17,16,15,14,13,13,13,12,13,12,11,11,11,10,11,0,18,17,17,17,17,16,16,15,17,16,17,16,16,16,16,17,17,19,17,18,18,18,18,18,18,18,16,16,0,0,0,0,0,0,0,49,49,48,48,45,46,43,43,40,38,36,33,32,30,28,28,27,24,23,22,22,21,20,20,20,19,18,18
20260726_153123_c36ca3,1785076393018764,1221411247,2,2,0,-54,128,0,13,14,14,14,14,14,14,13,13,13,13,13,13,13,13,14,14,14,14,14,14,14,13,13,14,13,0,0,0,0,0,0,0,0,0,0,0,18,18,19,18,18,17,17,16,16,16,16,15,15,15,14,14,14,14,14,14,13,13,13,13,14,13,0,50,50,49,50,48,48,48,47,48,47,48,48,47,48,49,49,51,51,52,52,51,49,49,50,48,45,44,43,0,0,0,0,0,0,0,68,68,66,66,67,67,67,64,64,62,59,57,56,55,53,52,52,50,50,49,49,50,49,50,49,49,49,50
20260726_153123_c36ca3,1785076393120001,1221512252,2,2,0,-53,128,0,14,13,14,14,13,13,13,13,13,13,13,13,13,13,13,13,14,14,14,14,14,14,14,13,13,13,0,0,0,0,0,0,0,0,0,0,0,13,13,14,13,13,13,13,13,13,13,13,13,13,13,12,13,13,13,13,13,13,13,13,14,14,14,0,55,52,52,52,52,51,50,50,51,50,51,49,51,52,52,54,52,54,54,54,54,53,52,51,51,49,46,47,0,0,0,0,0,0,0,52,52,51,52,51,54,52,54,53,52,52,51,51,50,50,49,50,49,49,48,49,51,51,53,53,52,53,53
20260726_153123_c36ca3,1785076393225323,1221614202,2,2,0,-52,128,0,15,15,14,14,14,14,14,13,13,13,13,12,12,12,12,12,12,12,12,12,12,11,11,10,10,10,0,0,0,0,0,0,0,0,0,0,0,16,16,16,16,16,16,16,16,16,15,15,15,15,15,15,15,14,15,14,15,15,15,15,15,15,15,0,54,54,54,52,52,52,49,49,48,48,48,45,47,46,45,45,44,45,44,43,43,42,38,39,36,36,33,32,0,0,0,0,0,0,0,58,59,60,60,60,61,59,60,59,58,58,55,55,55,53,53,52,54,54,53,53,54,53,54,54,55,54,55
20260726_153123_c36ca3,1785076393320723,1221711253,2,2,0,-51,128,0,14,14,14,14,14,13,13,13,13,13,13,13,13,12,13,13,13,13,13,13,13,12,12,12,11,11,0,0,0,0,0,0,0,0,0,0,0,13,14,14,14,14,14,14,14,14,14,14,14,14,14,14,14,14,14,14,14,14,14,14,14,14,14,0,52,52,52,52,51,50,50,49,49,48,48,47,48,46,47,46,47,48,47,47,46,46,45,43,43,40,40,38,0,0,0,0,0,0,0,51,50,50,53,53,54,54,53,54,52,53,53,53,52,53,52,51,52,51,52,52,53,52,54,53,54,53,55
20260726_153123_c36ca3,1785076393423745,1221812508,2,2,0,-53,128,0,14,13,13,13,13,13,13,12,12,12,12,11,12,12,12,12,12,13,13,13,12,12,12,12,10,10,0,0,0,0,0,0,0,0,0,0,0,13,13,13,13,13,13,13,13,13,13,13,13,13,13,13,13,13,13,13,13,13,13,13,14,14,14,0,54,53,53,53,53,51,48,49,49,47,48,47,47,48,48,48,48,48,50,48,47,47,46,45,45,44,42,39,0,0,0,0,0,0,0,52,53,52,52,53,53,52,52,53,51,51,51,51,51,52,52,52,53,53,51,54,52,53,53,55,56,55,55
20260726_153123_c36ca3,1785076393521152,1221913530,2,2,0,-54,128,0,13,14,13,13,13,13,13,13,14,13,13,13,13,13,13,14,14,14,14,14,14,14,13,13,12,12,0,0,0,0,0,0,0,0,0,0,0,14,14,14,14,14,14,14,13,13,13,13,13,13,13,13,13,13,13,13,13,13,13,13,13,14,13,0,53,54,52,52,51,52,51,50,49,52,49,50,50,51,51,51,53,53,55,53,53,52,52,49,47,44,46,43,0,0,0,0,0,0,0,57,55,55,54,56,54,55,54,52,52,52,51,51,50,50,50,49,50,49,50,51,50,51,50,52,53,53,53
20260726_153123_c36ca3,1785076393621129,1222011888,2,2,0,-53,128,0,15,15,15,15,15,14,14,14,14,14,14,14,14,14,15,15,15,16,16,16,16,15,15,15,14,14,0,0,0,0,0,0,0,0,0,0,0,13,13,14,14,14,14,13,13,13,13,13,13,13,13,13,13,13,13,13,14,14,14,14,14,14,15,0,54,54,54,54,53,52,51,52,52,52,53,52,52,52,54,55,55,57,57,58,57,57,57,56,52,52,51,48,0,0,0,0,0,0,0,49,50,47,49,48,50,48,49,50,48,47,47,48,48,48,47,47,48,48,49,49,50,50,51,51,52,52,52
20260726_153123_c36ca3,1785076393720703,1222111362,2,2,0,-52,128,0,15,15,15,15,15,15,15,14,13,14,14,14,14,14,14,14,15,15,15,15,15,15,16,15,14,14,0,0,0,0,0,0,0,0,0,0,0,15,15,15,15,15,14,14,14,14,14,13,14,13,13,13,13,13,13,13,14,14,14,14,15,15,15,0,54,54,51,54,52,52,52,51,51,51,52,51,52,53,53,54,55,56,56,56,56,56,56,53,53,53,49,48,0,0,0,0,0,0,0,55,55,55,53,54,54,54,52,51,50,50,48,48,48,49,48,48,48,47,48,49,49,49,51,51,51,52,52
20260726_153123_c36ca3,1785076393818017,1222211895,2,2,0,-52,128,0,14,14,14,14,14,14,14,14,14,14,14,14,14,14,15,15,15,15,15,15,15,15,14,14,14,14,0,0,0,0,0,0,0,0,0,0,0,13,13,13,13,12,11,11,11,11,11,12,12,12,12,12,12,12,13,13,13,13,13,13,14,14,14,0,53,52,53,52,53,53,52,52,52,52,53,51,53,54,53,57,55,57,58,57,58,56,55,55,53,52,49,48,0,0,0,0,0,0,0,49,49,49,48,46,48,46,46,45,45,43,43,44,43,44,44,46,45,47,46,47,47,49,49,49,52,52,52
20260726_153123_c36ca3,1785076393920330,1222312048,2,2,0,-53,128,0,15,14,15,14,14,15,15,16,15,16,15,15,15,16,16,16,16,17,17,17,17,17,16,17,15,15,0,0,0,0,0,0,0,0,0,0,0,11,11,11,11,11,11,10,10,10,10,11,11,11,11,11,11,12,13,13,13,13,13,14,14,14,15,0,60,51,53,60,57,54,56,58,54,57,61,57,61,60,62,62,63,65,67,65,65,65,64,62,62,59,57,56,0,0,0,0,0,0,0,44,42,43,43,41,42,39,38,41,38,41,38,41,42,41,45,43,44,48,44,48,48,51,53,51,53,52,57
20260726_153123_c36ca3,1785076394021423,1222415122,2,2,0,-55,128,0,13,13,13,13,14,13,14,14,14,13,14,13,14,14,14,14,15,15,16,16,16,15,15,15,14,14,0,0,0,0,0,0,0,0,0,0,0,11,11,11,11,10,10,10,10,10,10,10,10,11,11,11,11,11,11,11,12,12,12,12,13,14,14,0,54,54,55,54,54,54,54,53,53,54,54,54,56,59,56,60,60,61,63,62,62,61,60,61,58,57,53,53,0,0,0,0,0,0,0,49,49,48,48,44,44,43,42,42,40,41,39,41,41,42,44,45,44,47,43,49,50,51,51,51,53,53,54
20260726_153123_c36ca3,1785076394122796,1222512149,2,2,0,-53,128,0,14,14,14,14,14,14,14,13,14,13,13,14,14,14,15,15,15,15,16,16,16,16,16,15,16,15,0,0,0,0,0,0,0,0,0,0,0,15,15,15,15,15,15,15,14,14,14,14,14,13,13,13,13,13,13,13,13,13,14,14,14,14,14,0,51,52,51,52,49,50,49,50,49,50,51,49,50,51,54,52,56,55,57,59,57,58,57,55,55,55,53,51,0,0,0,0,0,0,0,59,59,58,56,56,55,55,52,53,51,51,49,49,48,48,48,47,48,48,48,47,49,48,50,50,51,50,51
20260726_153123_c36ca3,1785076394221235,1222612093,2,2,0,-54,128,0,13,14,14,14,13,14,14,14,14,14,14,14,14,14,15,15,15,16,16,16,15,16,16,15,14,13,0,0,0,0,0,0,0,0,0,0,0,13,11,13,12,11,11,11,11,10,11,11,10,10,10,11,11,11,11,11,11,11,11,12,12,12,13,0,25,25,26,26,26,27,26,26,27,27,27,27,27,28,28,29,29,30,30,30,30,30,29,28,27,26,26,26,0,0,0,0,0,0,0,25,26,22,23,24,23,21,21,20,20,20,19,20,20,20,20,21,21,20,22,21,22,23,23,23,23,24,25
20260726_153123_c36ca3,1785076394317825,1222711700,2,2,0,-57,128,0,12,12,12,12,12,12,12,12,12,12,12,12,13,14,14,15,15,16,16,15,16,16,16,15,15,15,0,0,0,0,0,0,0,0,0,0,0,15,14,14,13,13,13,12,12,12,12,11,12,10,11,10,11,11,11,11,11,11,11,11,12,12,12,0,24,24,24,25,24,24,23,24,25,25,25,26,26,27,27,28,29,30,31,32,31,31,31,30,30,30,27,27,0,0,0,0,0,0,0,29,28,29,28,26,26,25,25,25,24,23,23,22,22,22,22,22,22,22,22,21,22,22,23,23,22,23,24
20260726_153123_c36ca3,1785076394418880,1222811445,2,2,0,-56,128,0,13,14,14,14,14,14,14,13,14,13,14,13,13,13,14,14,14,14,15,15,14,14,14,13,13,13,0,0,0,0,0,0,0,0,0,0,0,12,12,12,11,11,11,11,10,10,10,10,10,10,11,11,11,11,11,12,12,12,12,13,13,13,13,0,55,55,55,55,54,54,53,55,54,53,54,54,56,57,55,58,57,55,58,61,58,57,55,53,53,52,49,45,0,0,0,0,0,0,0,51,49,49,48,48,46,45,46,43,43,42,41,43,41,42,44,43,43,43,44,46,47,48,49,52,52,52,54
20260726_153123_c36ca3,1785076394522058,1222911764,2,2,0,-54,128,0,14,13,13,13,13,13,13,13,13,13,13,13,13,13,13,14,13,14,14,13,13,13,13,13,13,13,0,0,0,0,0,0,0,0,0,0,0,16,16,16,17,16,15,15,15,15,15,14,14,14,14,14,14,14,14,14,14,14,14,13,15,14,14,0,50,52,50,49,48,48,47,47,47,46,46,47,46,47,47,48,49,50,50,50,49,49,48,48,46,46,43,42,0,0,0,0,0,0,0,62,60,59,59,59,61,58,58,56,56,54,53,52,51,51,50,52,50,50,49,51,48,50,51,51,52,52,50
20260726_153123_c36ca3,1785076394622023,1223012205,2,2,0,-54,128,0,15,15,15,15,15,15,13,13,14,13,14,13,13,14,14,14,14,15,15,15,15,14,15,15,14,13,0,0,0,0,0,0,0,0,0,0,0,15,15,15,16,14,14,14,14,13,13,12,13,13,13,13,12,13,13,13,13,14,14,14,14,15,15,0,57,55,56,53,54,53,53,52,52,52,53,52,53,54,53,55,55,57,57,58,56,57,54,54,53,52,50,48,0,0,0,0,0,0,0,63,62,62,60,57,57,58,56,50,53,50,51,47,48,48,50,46,48,48,47,48,49,50,52,52,52,53,55
20260726_153123_c36ca3,1785076394717079,1223110863,2,2,0,-54,128,0,14,13,14,14,13,13,13,13,13,13,13,12,14,13,13,14,14,14,15,16,14,15,14,16,14,13,0,0,0,0,0,0,0,0,0,0,0,17,18,17,16,16,16,17,16,16,15,15,14,15,14,14,14,14,14,14,14,15,14,14,14,14,14,0,25,25,25,23,23,23,23,23,24,24,23,24,22,23,25,22,27,27,26,26,27,27,27,27,26,26,24,21,0,0,0,0,0,0,0,33,33,35,31,30,30,31,30,28,28,26,27,26,26,26,26,25,25,24,25,25,25,25,26,24,26,25,24
20260726_153123_c36ca3,1785076394824257,1223215992,2,2,0,-54,128,0,13,13,13,13,12,12,12,12,12,12,12,12,12,12,13,13,13,13,13,13,13,13,13,13,13,12,0,0,0,0,0,0,0,0,0,0,0,16,16,16,16,16,16,16,15,15,15,14,14,14,14,12,13,13,13,13,13,13,13,13,13,13,13,0,24,24,23,24,23,23,22,22,22,23,23,22,22,23,24,24,25,25,25,25,25,24,24,24,24,23,23,22,0,0,0,0,0,0,0,30,30,29,29,29,30,29,29,28,27,27,26,26,26,25,24,24,25,24,23,23,23,23,24,24,24,24,24
20260726_153123_c36ca3,1785076394920705,1223310368,2,2,0,-52,128,0,14,14,14,13,13,13,13,12,12,12,12,11,11,11,11,12,11,11,11,11,11,11,11,10,10,10,0,0,0,0,0,0,0,0,0,0,0,17,17,17,17,17,16,16,16,16,16,15,15,15,15,15,14,15,14,14,14,14,14,14,15,15,15,0,27,26,25,26,23,24,24,23,23,23,22,22,22,21,22,21,21,21,21,21,21,20,20,19,19,18,18,16,0,0,0,0,0,0,0,32,31,32,31,32,32,30,31,31,30,30,29,29,29,28,28,26,27,26,27,27,26,26,27,27,27,26,26
20260726_153123_c36ca3,1785076395017527,1223410423,2,2,0,-53,128,0,13,13,13,12,12,12,11,11,11,12,12,12,12,12,12,12,12,12,12,12,12,12,11,11,10,10,0,0,0,0,0,0,0,0,0,0,0,15,16,16,16,16,16,16,15,15,15,15,14,14,14,14,14,14,13,13,13,13,13,13,13,13,13,0,25,24,25,25,24,23,23,23,23,23,22,22,22,22,23,23,23,24,24,23,23,23,22,22,21,20,19,18,0,0,0,0,0,0,0,30,30,31,30,30,31,31,30,30,29,29,29,29,28,26,26,26,26,26,26,25,25,25,25,25,25,25,25
20260726_153123_c36ca3,1785076395119279,1223510423,2,2,0,-57,128,0,14,14,14,14,15,15,15,15,14,14,15,14,15,15,15,16,16,16,16,16,16,16,16,16,15,14,0,0,0,0,0,0,0,0,0,0,0,12,12,12,12,11,12,11,11,11,11,10,10,11,11,11,11,11,12,12,12,13,13,13,14,14,14,0,53,57,56,56,55,55,54,54,54,57,55,55,57,59,59,58,63,60,62,62,63,62,62,58,56,54,54,52,0,0,0,0,0,0,0,49,46,46,45,46,45,45,44,40,41,41,42,39,41,43,42,42,43,42,45,47,46,47,49,50,53,54,51
20260726_153123_c36ca3,1785076395220929,1223610443,2,2,0,-61,128,0,13,13,13,13,13,13,13,13,12,13,13,13,13,13,13,13,14,14,13,14,14,14,13,13,12,11,0,0,0,0,0,0,0,0,0,0,0,17,17,16,16,15,14,13,12,11,11,11,10,11,10,10,11,10,10,11,11,12,12,12,13,13,13,0,25,24,27,25,27,25,25,25,25,25,24,25,25,26,25,27,26,27,27,27,28,27,26,25,24,23,21,20,0,0,0,0,0,0,0,36,35,34,34,32,32,29,28,27,24,24,21,21,21,21,21,22,20,21,21,24,23,23,24,24,24,25,26
20260726_153123_c36ca3,1785076395316338,1223710710,2,2,0,-54,128,0,15,16,16,16,15,15,15,15,15,15,15,15,15,15,15,15,15,15,15,15,16,15,15,14,13,13,0,0,0,0,0,0,0,0,0,0,0,13,13,13,13,13,13,13,12,12,13,13,13,13,13,13,14,14,14,14,14,14,14,14,16,15,15,0,58,58,57,57,57,57,55,55,53,56,56,55,53,55,56,56,57,57,57,56,56,53,53,52,48,46,46,43,0,0,0,0,0,0,0,48,47,47,47,47,47,46,47,47,46,45,46,46,47,47,48,48,49,50,49,52,53,53,54,53,56,55,55
20260726_153123_c36ca3,1785076395417876,1223810543,2,2,0,-53,128,0,14,14,13,13,13,13,13,13,13,13,13,13,14,14,14,14,14,14,14,15,14,14,15,13,13,12,0,0,0,0,0,0,0,0,0,0,0,14,14,14,14,14,14,13,13,13,13,13,13,13,13,12,12,12,13,13,13,13,13,13,13,13,13,0,52,52,52,54,52,53,50,50,51,52,52,52,52,53,54,53,55,55,56,56,57,54,54,52,50,48,47,46,0,0,0,0,0,0,0,57,56,55,53,55,54,54,53,53,51,50,51,50,49,48,49,48,48,48,49,50,50,51,52,50,52,52,50
20260726_153123_c36ca3,1785076395519365,1223910478,2,2,0,-55,128,0,15,16,15,15,15,15,15,15,15,15,15,15,15,15,15,16,15,16,15,16,15,15,14,14,13,13,0,0,0,0,0,0,0,0,0,0,0,13,13,13,13,12,12,12,12,12,12,12,12,13,12,12,13,12,13,13,13,14,14,14,15,15,15,0,58,58,59,57,58,57,57,58,59,56,58,57,55,58,57,59,58,58,59,58,56,56,54,53,51,50,45,46,0,0,0,0,0,0,0,50,48,46,47,46,49,47,46,45,45,44,45,45,46,45,45,47,47,48,48,48,50,51,52,55,56,55,55
20260726_153123_c36ca3,1785076395617395,1224010123,2,2,0,-55,128,0,14,14,14,14,14,14,14,14,14,14,14,14,14,14,14,14,15,15,14,14,14,14,13,13,12,12,0,0,0,0,0,0,0,0,0,0,0,14,14,14,14,14,13,13,13,13,12,12,12,12,11,13,12,12,12,12,13,13,13,13,14,14,14,0,53,55,55,54,55,56,55,54,53,54,54,54,54,56,55,56,55,57,56,57,55,54,53,50,48,47,45,42,0,0,0,0,0,0,0,57,56,56,57,55,56,54,53,52,50,49,47,46,47,47,46,46,46,46,46,48,48,49,51,50,53,52,53
20260726_153123_c36ca3,1785076395721146,1224110285,2,2,0,-58,128,0,13,13,13,14,13,13,13,13,13,13,14,13,14,13,14,14,15,15,15,15,16,15,14,14,13,13,0,0,0,0,0,0,0,0,0,0,0,15,14,14,13,13,12,12,11,10,10,10,10,10,10,10,10,11,11,11,11,11,12,12,13,13,13,0,51,51,50,55,52,52,52,53,52,52,55,54,53,55,57,56,57,58,60,58,59,58,57,54,54,53,49,47,0,0,0,0,0,0,0,60,58,58,55,54,53,49,48,46,44,42,40,40,39,40,39,39,43,42,44,45,45,47,47,50,50,51,49
20260726_153123_c36ca3,1785076395817685,1224210053,2,2,0,-57,128,0,17,17,16,16,15,15,15,15,15,15,14,14,14,14,14,14,14,13,13,13,12,12,11,10,10,9,0,0,0,0,0,0,0,0,0,0,0,9,8,9,9,10,9,10,11,10,11,10,13,12,13,13,14,14,14,14,15,15,15,16,16,16,16,0,32,31,32,30,31,31,30,29,29,28,28,28,27,27,27,27,27,27,26,25,24,23,22,21,20,18,17,16,0,0,0,0,0,0,0,17,17,17,17,17,18,17,20,19,20,20,22,16,23,24,25,25,26,26,27,28,29,30,29,30,30,31,32
20260726_153123_c36ca3,1785076395921064,1224310454,2,2,0,-50,128,0,14,14,14,13,13,13,13,14,14,14,13,13,13,13,13,13,14,13,14,14,14,14,14,14,13,13,0,0,0,0,0,0,0,0,0,0,0,15,15,15,15,15,15,14,14,14,14,14,14,13,14,13,13,13,13,13,13,13,14,14,14,14,13,0,55,50,55,52,54,52,49,50,49,49,50,51,51,52,48,50,51,53,53,52,54,53,52,51,49,49,47,47,0,0,0,0,0,0,0,58,57,56,57,55,57,56,56,53,53,53,54,52,50,51,51,51,49,48,51,52,50,52,52,52,53,52,52
20260726_153123_c36ca3,1785076396017504,1224410915,2,2,0,-48,128,0,14,14,14,13,13,13,13,13,12,13,13,13,13,14,13,14,14,14,14,13,13,13,13,13,13,13,0,0,0,0,0,0,0,0,0,0,0,14,15,13,14,14,14,14,13,13,13,13,13,13,13,12,12,12,12,12,12,12,13,12,14,14,14,0,51,53,51,49,50,51,49,50,48,50,48,49,51,50,51,51,51,53,55,53,53,51,53,51,49,47,46,46,0,0,0,0,0,0,0,52,51,51,52,52,56,54,55,53,53,52,53,51,50,51,49,49,48,48,48,49,48,49,49,50,51,52,52
20260726_153123_c36ca3,1785076396117009,1224510689,2,2,0,-49,128,0,14,13,13,13,13,13,13,13,13,13,13,13,13,13,14,14,14,15,14,14,14,14,14,14,14,14,0,0,0,0,0,0,0,0,0,0,0,14,13,13,13,14,13,13,13,13,12,13,12,12,12,12,12,12,12,12,12,13,12,13,13,13,13,0,51,51,50,53,51,51,50,50,50,52,52,50,53,52,55,53,55,55,57,56,56,55,55,53,53,51,51,50,0,0,0,0,0,0,0,49,51,51,51,55,52,51,49,52,50,50,50,49,51,48,47,46,48,47,49,48,48,48,48,51,50,51,50
20260726_153123_c36ca3,1785076396222988,1224612577,2,2,0,-50,128,0,14,14,14,13,13,13,13,13,13,13,14,14,14,13,14,14,14,14,14,14,14,15,15,14,15,14,0,0,0,0,0,0,0,0,0,0,0,18,17,18,17,17,17,16,16,16,15,16,15,15,14,14,14,14,14,14,14,13,14,14,13,15,14,0,50,48,48,47,47,47,46,45,47,46,46,46,47,49,48,50,50,53,52,52,53,50,51,49,51,52,49,47,0,0,0,0,0,0,0,61,62,61,61,61,61,59,61,59,57,56,54,54,51,49,50,52,48,49,47,48,48,48,50,50,51,48,50
20260726_153123_c36ca3,1785076396320147,1224710238,2,2,0,-48,128,0,14,14,14,13,13,13,13,13,13,13,13,12,12,12,13,13,13,13,13,13,12,12,12,12,12,12,0,0,0,0,0,0,0,0,0,0,0,15,16,16,15,16,16,16,16,15,15,15,14,14,14,13,14,13,13,13,14,14,14,14,14,14,15,0,50,50,50,52,49,49,48,46,47,46,46,45,46,46,48,46,48,45,48,47,47,44,45,43,44,41,41,39,0,0,0,0,0,0,0,56,57,57,55,58,58,60,57,58,59,55,56,54,53,53,55,51,53,49,50,51,53,52,50,52,53,52,53
20260726_153123_c36ca3,1785076396417155,1224810485,2,2,0,-52,128,0,15,15,15,14,15,15,15,14,14,14,14,14,14,15,14,15,14,14,14,14,14,14,13,13,13,12,0,0,0,0,0,0,0,0,0,0,0,15,15,15,15,14,14,14,14,13,14,13,13,13,13,14,13,13,12,13,14,14,14,14,14,15,15,0,55,55,54,52,54,54,52,52,53,50,54,52,52,53,51,54,50,53,53,52,51,51,49,49,46,45,41,41,0,0,0,0,0,0,0,53,52,53,54,52,55,52,53,51,50,51,49,49,48,48,48,48,47,49,46,50,50,50,52,50,52,53,53
20260726_153123_c36ca3,1785076396520166,1224911486,2,2,0,-52,128,0,16,16,16,16,15,15,15,14,15,15,15,15,15,15,15,15,15,15,15,15,15,14,14,13,12,13,0,0,0,0,0,0,0,0,0,0,0,13,14,14,14,14,14,14,14,14,14,14,14,13,13,13,13,13,14,14,14,15,15,15,15,15,16,0,53,56,55,54,54,55,54,52,52,55,53,53,52,53,53,55,53,54,54,54,53,51,50,49,48,45,43,40,0,0,0,0,0,0,0,50,50,50,50,50,51,51,52,52,50,51,50,50,50,50,50,50,51,51,51,52,52,52,54,53,53,54,55
20260726_153123_c36ca3,1785076396620999,1225012171,2,2,0,-52,128,0,14,15,15,15,14,15,14,14,15,14,15,15,15,15,15,16,16,15,16,16,16,15,15,15,14,14,0,0,0,0,0,0,0,0,0,0,0,13,14,14,14,14,14,14,14,14,14,13,13,14,14,14,14,14,13,14,14,14,14,14,15,15,15,0,53,57,55,53,51,54,53,53,54,53,56,54,56,53,55,56,57,56,58,57,56,55,55,52,52,49,47,46,0,0,0,0,0,0,0,49,49,49,49,51,52,52,50,51,50,51,50,50,50,50,49,49,48,49,49,49,50,51,52,52,53,53,51
20260726_153123_c36ca3,1785076396718014,1225112206,2,2,0,-52,128,0,14,14,14,14,14,14,14,14,14,14,14,14,15,14,15,15,14,14,14,14,14,13,13,13,12,11,0,0,0,0,0,0,0,0,0,0,0,16,16,16,16,16,14,14,14,14,14,13,12,12,12,12,12,12,13,12,12,13,13,13,13,14,14,0,54,54,52,54,54,53,53,51,52,51,54,52,53,50,51,54,53,53,53,52,51,48,48,48,44,41,39,39,0,0,0,0,0,0,0,66,64,63,61,61,60,57,55,55,53,50,50,48,46,47,44,45,45,46,44,46,48,48,49,50,51,51,51
20260726_153123_c36ca3,1785076396821105,1225210364,2,2,0,-52,128,0,13,13,13,13,13,13,13,13,13,13,13,13,13,14,14,14,15,15,15,15,15,14,14,13,13,12,0,0,0,0,0,0,0,0,0,0,0,16,17,16,16,16,15,15,14,14,14,13,13,13,12,12,12,12,12,12,11,11,12,12,12,12,13,0,49,47,47,49,48,48,48,48,49,50,51,50,50,51,53,53,53,55,55,56,54,53,51,51,49,48,45,43,0,0,0,0,0,0,0,63,61,60,59,59,58,57,56,55,53,51,50,50,48,47,47,44,45,43,43,44,44,43,46,46,45,46,46
20260726_153123_c36ca3,1785076396916396,1225310885,2,2,0,-48,128,0,15,16,16,15,16,16,16,16,16,16,16,15,15,16,17,17,17,17,17,16,16,16,16,15,15,14,0,0,0,0,0,0,0,0,0,0,0,11,10,11,11,11,11,11,11,11,11,11,11,11,12,12,12,12,12,13,13,13,13,15,14,14,15,0,59,57,59,59,58,58,59,57,59,58,58,59,59,59,60,61,62,64,62,62,62,59,59,57,55,53,52,51,0,0,0,0,0,0,0,39,38,38,40,40,40,39,38,40,40,40,40,42,42,43,43,43,45,46,46,47,49,50,51,50,53,55,54
20260726_153123_c36ca3,1785076397016428,1225410616,2,2,0,-47,128,0,14,14,14,14,14,14,13,13,13,13,13,13,13,13,13,13,13,13,13,12,12,12,11,11,11,10,0,0,0,0,0,0,0,0,0,0,0,13,13,14,14,14,14,14,14,14,14,14,14,14,14,13,13,13,13,14,14,14,14,14,14,14,14,0,56,54,55,55,54,52,52,51,51,51,51,50,51,50,49,50,51,51,49,49,47,47,46,43,40,41,40,37,0,0,0,0,0,0,0,52,53,52,52,53,55,54,54,55,54,54,54,52,54,52,53,53,52,52,50,53,53,53,54,53,55,55,55
20260726_153123_c36ca3,1785076397117433,1225510394,2,2,0,-48,128,0,14,14,15,14,14,14,14,14,13,13,13,13,13,13,14,14,14,14,14,14,14,14,14,14,13,13,0,0,0,0,0,0,0,0,0,0,0,15,15,15,15,15,15,15,15,15,15,15,14,14,14,13,13,14,14,14,14,14,15,14,14,15,15,0,52,53,52,50,53,51,51,49,48,48,50,50,49,51,50,50,49,53,52,53,51,51,50,49,48,45,45,45,0,0,0,0,0,0,0,55,56,55,54,55,56,56,55,56,55,54,52,55,52,53,52,51,51,51,51,51,53,52,52,53,54,53,53
20260726_153123_c36ca3,1785076397221235,1225610595,2,2,0,-49,128,0,15,15,15,16,15,15,15,15,15,16,16,16,16,16,17,17,16,16,16,16,16,16,15,15,14,14,0,0,0,0,0,0,0,0,0,0,0,13,13,13,12,12,12,11,11,11,11,11,11,11,11,11,11,11,11,11,11,12,12,14,12,14,15,0,55,55,56,57,55,56,57,57,58,59,58,58,59,61,61,63,63,64,64,62,61,60,57,56,54,53,49,48,0,0,0,0,0,0,0,53,52,50,49,48,46,46,45,44,42,44,41,42,42,39,40,40,41,42,43,44,44,45,46,47,49,50,52
20260726_153123_c36ca3,1785076397317529,1225710173,2,2,0,-46,128,0,13,15,14,14,14,14,14,14,13,14,14,13,13,13,13,13,13,14,14,14,13,13,13,11,11,11,0,0,0,0,0,0,0,0,0,0,0,13,13,14,14,14,14,14,13,14,14,13,13,13,13,13,13,12,13,13,13,13,13,13,13,14,14,0,52,55,52,52,51,52,52,51,53,52,51,51,52,52,52,51,53,53,52,51,49,50,47,46,43,41,41,39,0,0,0,0,0,0,0,52,51,52,51,55,53,54,52,51,52,53,53,50,51,51,51,50,50,48,49,48,48,51,52,51,52,55,52
20260726_153123_c36ca3,1785076397419129,1225810545,2,2,0,-47,128,0,14,15,15,15,14,14,14,14,13,13,13,13,13,14,14,14,14,14,15,14,14,14,13,14,13,12,0,0,0,0,0,0,0,0,0,0,0,14,14,14,14,14,14,14,13,14,14,13,13,13,13,13,13,13,14,13,13,13,13,13,14,14,13,0,54,54,53,53,54,53,52,52,52,52,52,52,51,53,53,54,53,54,54,53,52,52,50,50,47,45,44,43,0,0,0,0,0,0,0,52,52,52,52,53,55,54,53,52,52,51,52,50,50,48,49,49,47,49,48,49,50,50,50,51,52,53,53
20260726_153123_c36ca3,1785076397521356,1225910779,2,2,0,-48,128,0,15,15,15,14,15,15,14,14,14,14,14,14,14,14,14,14,14,14,14,14,14,13,13,12,12,11,0,0,0,0,0,0,0,0,0,0,0,16,17,17,17,17,16,16,16,16,16,15,15,15,14,14,14,14,14,14,14,15,14,14,14,15,14,0,53,54,53,53,53,52,52,50,52,51,50,50,51,51,49,49,52,51,51,49,49,48,46,44,43,41,38,37,0,0,0,0,0,0,0,59,59,60,61,58,59,58,56,57,55,54,54,53,52,51,50,50,50,48,49,49,50,49,50,51,50,53,53
20260726_153123_c36ca3,1785076397617143,1226011153,2,2,0,-50,128,0,15,16,16,16,15,15,15,15,15,15,15,15,15,14,16,16,15,15,15,14,14,13,14,12,13,12,0,0,0,0,0,0,0,0,0,0,0,14,13,13,14,14,13,14,14,13,14,14,14,14,13,13,14,14,14,15,14,14,15,15,15,15,16,0,56,60,54,58,53,55,54,54,55,55,54,52,51,52,55,52,53,54,54,51,50,49,46,45,44,41,39,36,0,0,0,0,0,0,0,49,50,47,49,51,49,50,50,50,50,51,50,49,50,50,49,49,50,49,50,51,51,52,54,53,54,55,55
20260726_153123_c36ca3,1785076397718237,1226110424,2,2,0,-50,128,0,14,14,14,13,14,13,13,13,13,13,14,13,13,14,14,14,14,14,14,13,13,13,13,12,11,11,0,0,0,0,0,0,0,0,0,0,0,15,15,16,16,16,16,16,16,15,15,15,14,14,13,13,13,13,13,14,14,14,13,14,14,14,14,0,52,53,53,50,53,52,50,50,49,50,50,48,49,51,49,52,51,51,50,50,48,48,47,44,42,40,38,39,0,0,0,0,0,0,0,57,56,57,57,57,59,57,57,56,56,55,53,53,53,53,52,51,49,49,48,50,50,50,51,49,51,50,49
20260726_153123_c36ca3,1785076397818428,1226210427,2,2,0,-51,128,0,14,15,15,15,15,15,15,15,15,15,15,16,15,16,16,16,16,16,16,15,16,14,14,14,13,13,0,0,0,0,0,0,0,0,0,0,0,13,13,13,14,14,14,13,13,13,13,13,13,13,13,13,13,13,13,14,14,14,14,14,14,14,14,0,55,55,57,55,56,58,55,54,55,55,55,56,56,55,55,55,57,57,59,57,55,53,52,51,49,47,44,42,0,0,0,0,0,0,0,50,49,49,49,50,50,51,51,51,49,50,48,50,48,48,48,48,48,47,47,49,50,49,51,51,52,52,52
20260726_153123_c36ca3,1785076397919331,1226310617,2,2,0,-51,128,0,14,14,14,14,13,13,14,14,14,14,14,14,14,14,15,14,15,14,15,14,14,14,14,13,13,12,0,0,0,0,0,0,0,0,0,0,0,14,15,15,14,15,14,14,13,14,13,13,13,13,12,12,12,12,12,12,12,12,12,13,13,13,13,0,53,51,51,53,51,52,53,50,53,53,54,52,54,53,55,55,54,54,55,54,54,52,50,49,47,45,43,41,0,0,0,0,0,0,0,54,49,52,52,55,52,53,53,53,49,50,49,48,48,47,47,44,47,46,45,45,45,45,47,48,47,48,49
20260726_153123_c36ca3,1785076398016007,1226410414,2,2,0,-53,128,0,14,14,14,13,13,13,13,13,13,13,12,13,13,13,13,13,13,13,12,12,12,11,11,11,10,9,0,0,0,0,0,0,0,0,0,0,0,19,20,20,19,19,19,19,18,16,16,16,16,16,15,15,14,14,13,13,13,14,13,13,13,13,14,0,23,24,24,25,23,24,23,23,23,23,23,23,23,22,23,22,22,22,22,22,21,21,21,18,17,16,16,14,0,0,0,0,0,0,0,37,36,36,36,36,35,35,34,33,32,31,31,30,29,28,27,26,26,25,24,24,24,25,24,24,24,24,23
20260726_153123_c36ca3,1785076398118310,1226510648,2,2,0,-55,128,0,11,11,11,10,10,11,10,10,10,10,10,9,9,10,10,10,10,10,10,10,9,9,9,9,7,7,0,0,0,0,0,0,0,0,0,0,0,23,23,22,23,21,20,20,20,18,19,17,17,16,15,14,14,13,13,13,12,12,12,12,12,11,11,0,22,21,21,19,19,19,19,20,19,19,18,19,19,19,19,19,19,19,19,19,18,17,17,16,14,14,13,12,0,0,0,0,0,0,0,47,42,43,43,42,43,41,38,39,37,35,34,33,32,30,29,28,27,26,24,24,25,23,23,22,22,21,20
20260726_153123_c36ca3,1785076398220875,1226610472,2,2,0,-53,128,0,13,12,12,12,12,12,12,11,11,11,11,11,11,11,11,11,11,11,11,11,11,11,9,9,8,8,0,0,0,0,0,0,0,0,0,0,0,17,18,18,18,17,17,17,16,16,15,14,14,14,13,13,13,13,13,12,13,13,12,12,13,13,13,0,48,48,47,48,47,46,45,45,46,46,45,45,44,43,44,43,45,43,44,43,43,39,40,38,35,35,31,30,0,0,0,0,0,0,0,69,69,67,68,69,67,66,65,63,62,60,59,58,56,55,54,52,49,49,51,48,49,48,49,48,50,48,48
20260726_153123_c36ca3,1785076398317638,1226711280,2,2,0,-50,128,0,14,15,15,14,14,14,14,13,14,13,13,14,13,14,14,14,14,14,14,14,14,14,13,13,12,12,0,0,0,0,0,0,0,0,0,0,0,13,13,14,14,14,13,14,13,13,13,13,14,14,14,14,14,14,13,13,13,13,13,14,14,14,14,0,57,57,54,56,54,56,53,53,52,51,52,52,54,55,53,54,53,55,54,53,52,52,52,49,49,45,44,44,0,0,0,0,0,0,0,48,49,49,49,52,53,51,51,52,50,51,52,51,52,52,49,51,50,50,49,51,51,53,52,54,54,54,54
20260726_153123_c36ca3,1785076398420237,1226810606,2,2,0,-48,128,0,15,14,14,14,14,14,13,13,13,12,12,12,12,12,12,12,11,12,12,11,11,10,10,10,9,9,0,0,0,0,0,0,0,0,0,0,0,16,17,17,17,17,17,18,17,17,16,17,16,16,16,15,15,15,14,14,14,15,14,15,15,15,15,0,26,25,27,25,25,25,23,23,23,23,22,21,22,22,21,23,21,22,22,20,20,20,20,18,18,17,17,16,0,0,0,0,0,0,0,29,29,30,31,31,31,30,33,31,30,31,29,30,28,28,29,28,26,27,26,26,28,27,26,27,26,26,27
20260726_153123_c36ca3,1785076398520003,1226910307,2,2,0,-51,128,0,15,15,15,15,15,15,14,14,14,14,14,14,14,14,14,15,15,15,15,15,15,15,14,13,13,13,0,0,0,0,0,0,0,0,0,0,0,15,15,15,14,14,14,14,13,13,13,13,13,13,13,13,13,13,13,13,13,13,13,13,14,14,15,0,53,56,55,56,53,55,54,54,53,55,56,54,53,54,56,56,57,57,58,57,55,54,54,51,50,49,47,46,0,0,0,0,0,0,0,56,54,53,53,55,54,53,53,53,51,50,50,50,48,48,47,47,48,48,47,48,49,50,50,52,52,52,53
20260726_153123_c36ca3,1785076398616130,1227010190,2,2,0,-53,128,0,14,15,14,14,14,14,14,13,13,12,13,13,13,13,13,13,13,13,12,12,12,11,11,11,11,11,0,0,0,0,0,0,0,0,0,0,0,17,17,17,17,17,17,16,16,15,14,14,14,14,14,13,13,13,12,13,13,13,14,14,14,14,14,0,51,52,52,51,52,51,50,51,49,50,50,48,48,48,48,48,48,48,49,46,47,44,45,42,40,39,38,36,0,0,0,0,0,0,0,67,66,64,65,66,65,62,61,59,57,56,56,54,53,50,49,49,49,48,48,49,49,49,49,50,51,51,51
20260726_153123_c36ca3,1785076398717751,1227110416,2,2,0,-51,128,0,14,16,15,16,14,15,15,15,16,15,14,14,14,14,15,14,15,14,15,15,15,14,14,13,13,12,0,0,0,0,0,0,0,0,0,0,0,16,16,17,16,16,16,16,15,14,15,14,13,13,13,13,14,13,13,13,14,13,13,14,14,14,14,0,54,55,55,55,56,55,55,54,53,53,55,54,56,54,53,54,53,55,54,55,51,48,47,49,44,44,41,39,0,0,0,0,0,0,0,61,61,58,60,59,59,57,59,56,54,52,50,52,50,49,47,48,47,47,47,49,49,50,51,50,52,52,52
20260726_153123_c36ca3,1785076398820594,1227210193,2,2,0,-53,128,0,14,14,14,14,14,14,14,14,14,14,14,14,14,14,15,15,15,15,16,15,15,15,15,15,14,14,0,0,0,0,0,0,0,0,0,0,0,16,15,15,14,15,15,14,14,14,14,13,13,13,13,13,13,13,13,13,13,13,14,14,13,14,14,0,53,52,52,52,52,52,50,51,50,50,51,51,51,52,52,55,56,57,58,58,57,56,56,55,53,53,51,51,0,0,0,0,0,0,0,58,58,55,57,57,56,54,54,52,51,49,49,49,48,46,47,47,47,48,46,48,49,49,48,49,51,50,51
20260726_153123_c36ca3,1785076398922597,1227311843,2,2,0,-52,128,0,15,15,15,15,15,15,15,15,14,14,14,14,14,14,14,14,14,14,14,13,13,13,13,12,11,11,0,0,0,0,0,0,0,0,0,0,0,10,10,10,10,11,11,11,11,12,13,13,13,13,14,14,13,14,14,14,14,14,15,14,15,15,15,0,58,61,58,60,56,57,56,54,54,54,55,52,52,52,54,52,55,52,54,51,50,49,48,45,43,41,42,39,0,0,0,0,0,0,0,38,38,38,38,41,40,43,43,45,45,45,48,48,48,49,50,50,52,50,52,53,54,55,56,57,57,58,58
20260726_153123_c36ca3,1785076399023850,1227413035,2,2,0,-48,128,0,15,15,15,14,14,14,14,13,13,13,13,12,13,13,13,14,12,11,12,11,13,12,12,11,10,10,0,0,0,0,0,0,0,0,0,0,0,15,15,16,17,16,16,16,16,15,16,16,15,15,15,15,15,14,15,15,15,15,15,15,15,15,15,0,26,30,28,28,28,26,26,25,27,21,25,21,23,24,21,24,24,19,21,22,22,22,23,18,21,16,17,18,0,0,0,0,0,0,0,27,27,28,27,28,31,30,28,31,29,30,27,29,28,28,27,27,28,26,26,27,27,27,27,27,28,26,26
20260726_153123_c36ca3,1785076399121031,1227510847,2,2,0,-48,128,0,14,15,14,14,14,14,14,13,13,13,13,13,13,13,13,13,14,14,14,13,13,13,14,13,12,12,0,0,0,0,0,0,0,0,0,0,0,14,13,14,15,15,14,14,14,14,14,14,14,14,14,14,14,14,14,14,14,14,14,14,14,14,14,0,53,53,53,51,52,50,50,50,49,49,50,50,50,50,47,51,51,51,52,51,49,50,47,47,44,44,43,42,0,0,0,0,0,0,0,50,52,50,52,53,55,54,54,53,51,54,50,52,51,50,50,52,50,51,48,51,51,53,50,52,53,52,50
20260726_153123_c36ca3,1785076399216577,1227610691,2,2,0,-47,128,0,16,15,15,15,14,14,14,14,14,14,14,14,14,14,14,14,14,14,14,14,14,13,13,12,12,12,0,0,0,0,0,0,0,0,0,0,0,15,14,15,15,15,15,16,16,16,16,16,16,16,16,15,16,15,15,15,15,15,15,15,15,15,16,0,55,54,54,54,52,51,50,51,49,51,50,48,48,50,50,51,48,51,49,48,47,46,43,43,41,42,37,37,0,0,0,0,0,0,0,49,49,50,51,52,56,53,55,54,56,54,55,56,56,53,54,54,53,54,52,55,53,54,55,55,54,55,56
20260726_153123_c36ca3,1785076399319914,1227711957,2,2,0,-52,128,0,14,15,15,14,14,14,14,13,14,13,13,13,15,14,15,15,15,15,14,14,14,14,14,13,13,13,0,0,0,0,0,0,0,0,0,0,0,13,13,13,13,13,13,13,13,13,14,14,13,14,14,13,14,14,14,14,14,14,14,14,14,14,14,0,55,55,55,53,53,54,52,51,52,52,51,52,53,52,52,54,55,54,55,55,54,53,52,50,49,47,45,44,0,0,0,0,0,0,0,49,48,49,49,49,50,49,49,50,49,50,51,50,51,51,51,51,51,51,50,51,53,53,52,52,54,55,54
20260726_153123_c36ca3,1785076399417826,1227812086,2,2,0,-52,128,0,15,15,15,15,14,15,15,15,15,15,15,15,15,15,15,15,15,15,15,15,15,15,14,14,14,13,0,0,0,0,0,0,0,0,0,0,0,13,13,13,13,13,13,14,13,14,14,14,14,14,14,14,14,14,14,14,14,14,14,14,14,14,15,0,55,55,55,55,53,54,53,53,53,53,54,53,54,52,56,55,55,57,58,56,56,53,54,52,49,48,47,46,0,0,0,0,0,0,0,49,48,48,48,49,49,49,49,51,49,50,51,51,50,50,50,51,51,51,51,51,52,51,52,53,54,53,54
20260726_153123_c36ca3,1785076399521094,1227911502,2,2,0,-53,128,0,13,13,13,14,13,13,13,14,14,14,14,14,15,15,16,16,16,16,17,16,16,16,16,16,16,15,0,0,0,0,0,0,0,0,0,0,0,12,12,12,12,12,11,12,11,12,12,12,12,12,12,11,11,11,11,11,12,12,12,12,12,12,12,0,26,25,27,26,26,26,26,26,27,27,28,28,29,30,29,31,30,32,32,33,32,32,30,30,28,29,27,28,0,0,0,0,0,0,0,22,22,21,22,22,22,22,23,23,22,22,22,23,22,22,22,23,21,22,21,22,23,22,22,23,23,25,25
20260726_153123_c36ca3,1785076399622244,1228011499,2,2,0,-50,128,0,16,15,15,15,14,14,14,12,12,12,12,12,12,12,12,12,11,12,12,11,11,10,10,10,9,9,0,0,0,0,0,0,0,0,0,0,0,15,15,15,16,16,16,16,16,16,16,16,16,15,15,15,15,15,15,15,15,15,15,15,15,16,16,0,56,54,55,55,51,51,50,49,48,46,46,46,46,46,44,44,43,45,43,43,43,39,39,38,37,35,34,32,0,0,0,0,0,0,0,54,56,57,56,56,60,57,58,59,57,59,57,57,57,56,56,56,57,53,54,56,56,52,55,55,57,55,56
20260726_153123_c36ca3,1785076399718034,1228112527,2,2,0,-50,128,0,13,13,13,12,13,13,13,13,13,13,13,13,14,14,13,15,15,15,15,15,15,15,15,14,15,14,0,0,0,0,0,0,0,0,0,0,0,14,14,14,15,14,14,14,13,13,13,13,13,13,13,13,13,13,12,12,12,13,13,13,13,13,13,0,50,50,49,51,49,48,49,48,48,50,50,49,51,52,53,53,57,55,59,59,59,56,55,56,55,53,54,53,0,0,0,0,0,0,0,55,53,54,52,54,56,55,54,54,54,51,52,52,50,51,48,49,49,48,48,48,47,49,49,49,50,49,50
20260726_153123_c36ca3,1785076399819755,1228211772,2,2,0,-49,128,0,13,13,13,13,13,13,14,14,13,14,14,14,14,14,14,15,15,15,16,16,16,15,15,14,14,14,0,0,0,0,0,0,0,0,0,0,0,11,11,11,11,12,11,11,11,11,12,11,12,12,12,12,12,12,12,12,12,12,12,12,12,13,13,0,52,56,54,53,54,53,52,53,51,54,52,55,55,56,57,58,59,59,62,58,60,60,60,57,56,53,53,52,0,0,0,0,0,0,0,45,43,43,44,45,48,46,45,46,45,48,47,45,46,48,46,47,48,47,47,50,50,49,50,49,52,51,51
20260726_153123_c36ca3,1785076399917656,1228311295,2,2,0,-48,128,0,15,14,15,15,15,15,15,15,14,15,14,14,14,14,15,15,16,16,16,16,16,16,15,15,14,14,0,0,0,0,0,0,0,0,0,0,0,14,14,14,14,14,14,14,14,14,14,14,14,14,14,13,14,13,14,13,14,13,14,15,14,14,14,0,53,52,51,52,51,52,50,51,51,51,52,52,53,52,55,54,56,56,55,58,57,53,54,52,52,50,48,47,0,0,0,0,0,0,0,51,49,50,48,49,50,51,50,52,49,51,49,49,50,49,49,47,49,49,49,48,49,49,50,49,50,52,53
20260726_153123_c36ca3,1785076400023052,1228412086,2,2,0,-50,128,0,14,14,15,14,14,14,14,14,14,14,14,14,15,14,14,15,16,16,16,16,17,15,15,16,14,14,0,0,0,0,0,0,0,0,0,0,0,11,10,11,11,11,11,11,11,11,12,11,12,12,12,12,12,12,12,12,13,13,13,13,14,14,14,0,54,56,55,55,54,57,54,55,54,56,54,55,56,56,58,58,62,60,61,61,62,61,60,60,55,56,56,53,0,0,0,0,0,0,0,42,42,40,41,43,43,43,42,42,43,42,43,46,42,46,46,46,47,46,46,48,50,49,48,50,51,54,54
20260726_153123_c36ca3,1785076400118946,1228510737,2,2,0,-49,128,0,14,14,14,14,13,14,14,13,14,14,14,14,14,14,14,14,15,15,16,16,16,15,15,15,15,15,0,0,0,0,0,0,0,0,0,0,0,12,12,13,12,12,12,12,12,12,12,12,12,13,13,13,13,13,13,13,13,13,13,13,13,14,13,0,52,53,52,52,53,51,53,52,52,51,52,54,54,55,55,57,59,59,60,60,59,58,57,55,56,55,51,51,0,0,0,0,0,0,0,44,45,44,44,45,47,45,46,46,46,47,47,47,46,48,47,47,46,47,46,49,49,49,50,48,51,51,50
20260726_153123_c36ca3,1785076400221022,1228612002,2,2,0,-49,128,0,14,14,14,14,14,13,13,13,13,13,13,13,13,14,14,14,14,14,14,13,14,14,13,13,13,12,0,0,0,0,0,0,0,0,0,0,0,14,14,15,15,15,15,14,14,14,14,14,14,14,14,14,13,14,13,13,13,14,14,14,14,14,14,0,51,52,50,50,48,50,49,47,47,49,47,48,49,49,52,51,52,52,52,52,50,51,52,48,46,44,45,44,0,0,0,0,0,0,0,51,51,54,52,56,57,55,53,52,55,55,54,53,53,53,53,50,51,49,48,48,48,50,49,50,51,52,51
20260726_153123_c36ca3,1785076400324064,1228714679,2,2,0,-49,128,0,14,14,15,14,14,14,14,13,14,13,13,13,13,14,14,14,14,14,14,13,14,13,13,13,13,13,0,0,0,0,0,0,0,0,0,0,0,16,15,17,16,15,16,16,16,16,16,16,16,16,15,15,15,16,14,15,15,14,14,14,14,15,14,0,54,51,50,50,49,49,49,48,48,47,49,48,47,46,49,48,49,48,48,50,49,48,47,47,46,44,42,41,0,0,0,0,0,0,0,57,54,55,54,61,59,57,54,57,56,59,57,57,57,54,57,53,52,56,53,52,55,52,54,55,52,54,53
20260726_153123_c36ca3,1785076400431446,1228825436,2,2,0,-50,128,0,14,13,14,14,14,13,13,13,13,13,13,14,13,14,14,14,14,14,14,14,14,14,14,14,13,13,0,0,0,0,0,0,0,0,0,0,0,17,17,17,18,17,17,17,17,16,16,16,14,14,14,14,14,14,14,14,14,14,14,13,13,14,14,0,25,24,25,25,24,24,24,24,24,23,24,23,24,24,24,25,25,26,26,26,25,25,24,23,23,24,23,23,0,0,0,0,0,0,0,32,30,31,32,31,31,31,30,31,30,30,29,27,27,26,26,25,26,25,25,24,26,24,24,25,24,25,24
20260726_153123_c36ca3,1785076400534274,1228923399,2,2,0,-48,128,0,13,13,13,13,13,13,14,14,13,13,13,13,13,13,13,14,14,13,14,14,14,14,14,13,12,12,0,0,0,0,0,0,0,0,0,0,0,13,13,14,14,14,14,14,13,14,13,13,13,13,13,13,13,12,13,13,13,13,13,13,13,13,13,0,53,51,54,52,51,50,51,48,49,48,49,48,50,51,51,51,51,53,53,52,53,51,49,50,46,48,46,45,0,0,0,0,0,0,0,52,52,52,52,55,54,55,53,53,51,54,52,51,51,50,50,51,48,49,49,52,51,51,51,52,52,54,53
20260726_153123_c36ca3,1785076400624504,1229015458,2,2,0,-48,128,0,14,13,13,13,13,13,13,13,13,13,13,13,14,14,14,14,14,14,14,14,14,14,13,13,12,12,0,0,0,0,0,0,0,0,0,0,0,15,16,16,16,15,15,16,15,15,15,15,15,15,14,14,14,14,14,14,14,14,14,14,14,14,14,0,51,52,51,50,49,50,48,47,47,47,48,47,47,47,49,49,50,50,49,51,49,46,47,47,44,43,42,42,0,0,0,0,0,0,0,56,55,54,55,57,57,57,58,57,57,56,57,54,53,55,51,51,52,51,50,50,50,51,51,51,52,51,49
20260726_153123_c36ca3,1785076400720160,1229112581,2,2,0,-49,128,0,14,15,13,14,13,13,13,13,13,13,12,13,13,14,14,14,14,14,14,14,13,13,13,13,13,12,0,0,0,0,0,0,0,0,0,0,0,15,14,15,15,14,14,14,14,15,15,14,14,15,14,14,14,14,14,14,14,14,14,14,13,14,13,0,56,54,56,52,51,51,52,50,51,49,48,51,52,50,51,50,52,52,53,54,52,51,50,48,48,46,46,42,0,0,0,0,0,0,0,54,54,54,55,56,56,58,54,54,55,54,53,54,54,50,53,51,51,51,49,54,52,52,53,51,52,53,53
20260726_153123_c36ca3,1785076400821673,1229211973,2,2,0,-47,128,0,14,14,14,13,14,13,13,13,13,13,13,13,13,13,13,14,14,14,14,14,14,14,13,13,13,12,0,0,0,0,0,0,0,0,0,0,0,16,16,16,16,16,17,16,16,16,16,15,15,15,15,15,14,15,14,13,14,14,14,13,14,14,14,0,52,53,50,53,50,49,48,50,47,48,49,49,49,49,52,50,53,51,52,52,51,50,50,49,48,45,43,43,0,0,0,0,0,0,0,60,58,59,58,61,61,61,61,60,59,58,59,57,56,54,53,52,53,51,51,51,53,53,51,51,52,52,50
20260726_153123_c36ca3,1785076400924545,1229315301,2,2,0,-49,128,0,14,14,14,14,14,14,14,13,13,13,13,13,13,13,14,14,14,14,14,14,14,14,15,14,13,13,0,0,0,0,0,0,0,0,0,0,0,17,16,17,17,17,16,16,16,15,15,14,15,14,14,14,14,13,13,13,13,14,14,14,14,14,15,0,49,53,51,50,49,50,50,48,48,47,49,47,48,48,49,50,51,51,53,51,50,49,50,49,46,44,45,45,0,0,0,0,0,0,0,61,61,60,59,62,61,60,62,60,59,55,56,55,54,52,51,50,51,49,49,50,51,51,49,51,53,51,51
20260726_153123_c36ca3,1785076401021271,1229413136,2,2,0,-47,128,0,14,14,14,14,14,13,13,13,13,13,13,13,14,14,14,14,14,14,14,14,14,14,13,13,13,12,0,0,0,0,0,0,0,0,0,0,0,16,17,16,17,17,17,16,16,16,16,15,15,15,14,14,14,14,14,14,14,14,13,13,13,14,14,0,51,50,50,50,47,48,47,47,48,48,48,47,49,49,49,48,49,49,48,51,49,48,47,47,44,45,42,40,0,0,0,0,0,0,0,59,58,59,60,60,60,59,58,57,55,56,54,52,51,52,52,52,50,49,48,48,48,47,48,48,49,51,50
20260726_153123_c36ca3,1785076401123755,1229513028,2,2,0,-48,128,0,14,14,14,13,13,13,13,13,13,12,13,13,13,13,14,14,14,14,14,14,14,14,13,14,14,14,0,0,0,0,0,0,0,0,0,0,0,14,13,14,14,13,14,14,14,14,14,13,13,13,13,13,12,13,12,13,13,13,13,13,14,14,13,0,53,52,53,53,50,51,50,51,50,50,53,50,51,53,53,52,56,54,54,56,55,56,54,52,51,50,49,49,0,0,0,0,0,0,0,52,52,53,53,53,53,51,55,52,52,52,51,51,50,49,49,49,47,48,50,49,48,49,48,49,49,52,51
20260726_153123_c36ca3,1785076401221543,1229612332,2,2,0,-50,128,0,13,13,13,13,13,12,12,12,12,12,11,12,11,12,12,13,12,13,12,13,13,13,12,11,11,11,0,0,0,0,0,0,0,0,0,0,0,16,16,17,16,16,16,15,15,15,15,15,15,14,14,13,13,14,13,13,13,12,13,13,13,13,13,0,51,50,48,50,47,48,47,44,46,47,47,45,45,44,48,48,49,49,49,50,48,47,46,43,44,42,40,38,0,0,0,0,0,0,0,65,62,64,64,62,63,62,60,59,60,58,55,56,56,55,54,49,53,50,50,50,50,49,49,52,49,51,50
20260726_153123_c36ca3,1785076401318124,1229711917,2,2,0,-52,128,0,11,11,11,11,12,11,11,11,12,12,12,13,13,13,14,14,15,15,16,15,15,16,15,14,14,14,0,0,0,0,0,0,0,0,0,0,0,16,16,16,15,15,14,14,14,13,13,13,13,12,12,11,11,11,12,11,11,11,11,11,12,12,12,0,45,43,43,45,45,44,45,45,47,47,48,48,50,52,53,55,57,59,58,59,58,59,58,56,56,54,52,52,0,0,0,0,0,0,0,62,61,61,60,59,59,58,57,55,54,53,50,49,49,48,48,46,45,45,43,43,43,43,43,43,43,45,44
20260726_153123_c36ca3,1785076401419148,1229811349,2,2,0,-51,128,0,13,13,13,14,13,13,13,13,13,12,12,12,13,13,13,13,13,14,15,15,14,14,14,13,13,13,0,0,0,0,0,0,0,0,0,0,0,15,15,15,14,14,14,14,14,13,14,13,13,13,13,13,13,13,12,13,13,13,13,13,13,13,13,0,52,51,52,51,50,48,49,49,49,49,49,50,51,52,50,51,51,55,54,55,55,55,52,51,51,50,48,47,0,0,0,0,0,0,0,59,57,57,56,55,56,54,54,52,52,51,50,49,50,48,49,49,47,49,47,48,48,48,50,50,50,52,52
20260726_153123_c36ca3,1785076401521386,1229911357,2,2,0,-50,128,0,15,15,14,15,14,14,14,14,14,14,14,13,14,14,14,14,14,14,14,14,14,14,13,13,14,13,0,0,0,0,0,0,0,0,0,0,0,17,17,16,16,16,15,16,15,14,14,14,14,14,14,13,13,13,13,13,13,14,14,14,14,15,14,0,52,54,53,52,51,54,50,50,49,50,52,51,52,52,52,53,52,54,54,54,51,50,49,49,48,46,46,43,0,0,0,0,0,0,0,65,60,61,61,60,60,58,58,56,53,56,53,53,52,52,50,50,50,49,49,49,50,48,51,51,51,52,50
20260726_153123_c36ca3,1785076401622697,1230011741,2,2,0,-51,128,0,13,13,13,13,14,13,13,13,13,14,14,14,14,14,14,14,14,14,14,14,14,14,13,13,13,13,0,0,0,0,0,0,0,0,0,0,0,15,14,14,14,14,13,13,13,13,13,12,12,12,12,11,11,11,12,12,12,12,12,12,13,13,13,0,53,51,50,49,52,52,51,50,49,49,51,51,52,53,53,52,56,55,55,55,54,53,52,51,48,47,48,45,0,0,0,0,0,0,0,58,58,55,53,56,56,54,52,52,49,48,48,47,46,47,45,43,45,44,43,45,46,47,47,47,50,50,49
20260726_153123_c36ca3,1785076401718811,1230110976,2,2,0,-51,128,0,14,14,14,14,14,14,14,13,14,14,14,14,14,15,14,15,15,16,16,16,15,15,15,14,14,14,0,0,0,0,0,0,0,0,0,0,0,14,14,14,15,14,14,14,13,13,13,13,12,12,12,12,12,11,12,12,12,12,13,13,13,13,13,0,52,52,52,52,52,51,50,52,51,52,52,52,53,54,55,54,57,57,57,57,57,56,55,53,51,51,51,48,0,0,0,0,0,0,0,56,55,54,54,54,53,53,51,51,49,47,48,47,46,45,45,45,44,44,44,45,46,46,48,47,49,49,50
20260726_153123_c36ca3,1785076401819499,1230211645,2,2,0,-51,128,0,13,13,13,13,13,13,13,13,13,13,13,13,13,13,14,14,14,14,14,14,14,14,14,14,13,13,0,0,0,0,0,0,0,0,0,0,0,14,13,13,13,14,14,13,12,12,12,11,11,11,11,11,11,11,11,12,12,12,12,12,12,13,13,0,50,51,52,51,51,52,50,51,51,51,51,52,52,53,55,56,56,55,59,56,56,55,55,53,51,48,48,47,0,0,0,0,0,0,0,56,54,53,53,54,53,51,51,51,48,47,47,45,45,45,44,43,44,44,44,45,45,46,45,47,49,49,50
20260726_153123_c36ca3,1785076401922381,1230312460,2,2,0,-51,128,0,13,13,13,13,13,13,13,13,13,13,14,14,14,14,14,15,15,15,15,15,14,14,13,13,13,13,0,0,0,0,0,0,0,0,0,0,0,14,14,14,13,13,13,13,13,13,12,13,12,12,11,11,11,11,11,12,12,13,13,12,13,13,13,0,51,52,51,52,51,51,51,51,51,52,51,52,52,53,54,54,56,55,56,56,55,55,55,52,50,50,48,45,0,0,0,0,0,0,0,57,55,55,54,54,55,53,51,51,48,50,49,47,47,47,47,45,46,45,47,46,47,47,48,50,50,52,49
20260726_153123_c36ca3,1785076402018896,1230413006,2,2,0,-50,128,0,13,14,13,14,13,13,13,13,13,13,13,13,13,13,13,13,14,13,14,14,14,14,13,13,12,12,0,0,0,0,0,0,0,0,0,0,0,14,14,14,14,14,14,14,14,13,12,12,12,12,12,12,12,11,13,12,12,12,12,13,13,13,13,0,52,50,49,52,49,49,50,48,49,49,51,50,51,50,49,53,54,53,54,52,53,50,50,48,48,46,43,40,0,0,0,0,0,0,0,57,55,54,55,54,55,54,51,54,52,52,49,48,48,47,47,48,46,45,45,45,47,47,45,48,49,52,49
20260726_153123_c36ca3,1785076402119699,1230512199,2,2,0,-50,128,0,14,13,14,13,13,13,13,14,13,13,14,14,14,14,14,14,13,14,15,13,13,13,13,12,12,12,0,0,0,0,0,0,0,0,0,0,0,15,15,15,15,15,14,14,14,14,13,13,13,13,13,12,12,12,12,12,12,12,13,13,13,13,13,0,54,52,51,52,53,52,49,49,50,50,52,51,51,52,51,52,52,53,54,54,52,51,47,46,46,44,42,40,0,0,0,0,0,0,0,56,57,57,56,55,56,56,53,53,51,51,49,49,50,47,48,46,47,46,46,48,47,47,48,52,51,50,52
20260726_153123_c36ca3,1785076402220104,1230611973,2,2,0,-50,128,0,14,14,14,13,14,13,13,13,14,14,14,14,14,14,14,14,15,15,15,15,15,15,16,15,14,14,0,0,0,0,0,0,0,0,0,0,0,15,15,15,15,15,14,14,14,14,13,13,14,13,13,13,13,13,13,13,13,13,13,13,14,14,14,0,50,50,51,52,49,51,51,49,47,51,50,50,51,51,56,52,57,56,56,57,56,57,58,55,53,52,52,50,0,0,0,0,0,0,0,54,57,54,53,57,54,55,50,52,51,51,52,49,48,51,48,47,51,45,47,48,49,47,49,50,52,51,48
20260726_153123_c36ca3,1785076402317895,1230711769,2,2,0,-50,128,0,15,15,15,15,14,14,14,14,13,13,13,13,13,13,13,14,13,13,13,13,13,13,12,13,12,12,0,0,0,0,0,0,0,0,0,0,0,16,16,16,16,15,15,15,15,15,15,14,14,14,14,14,14,14,14,14,14,15,15,15,15,15,15,0,55,54,55,53,50,51,51,50,47,49,49,45,48,49,48,49,48,48,49,49,47,48,46,45,41,42,41,39,0,0,0,0,0,0,0,57,55,57,59,59,56,57,55,56,54,55,54,54,54,52,53,51,51,51,51,51,53,53,53,55,55,56,54
20260726_153123_c36ca3,1785076402420039,1230812079,2,2,0,-51,128,0,13,14,14,13,13,13,13,13,13,13,13,13,13,13,13,13,14,14,15,14,14,14,13,13,12,12,0,0,0,0,0,0,0,0,0,0,0,17,17,17,17,16,16,16,16,16,15,15,15,14,14,14,14,14,13,14,14,14,14,13,14,15,14,0,51,50,51,49,49,49,47,47,47,47,47,46,46,48,48,50,50,51,51,51,51,49,47,47,46,44,43,42,0,0,0,0,0,0,0,63,63,62,62,60,62,60,59,58,57,56,54,54,54,52,52,52,50,50,50,51,50,50,50,50,51,51,52
20260726_153123_c36ca3,1785076402522185,1230911738,2,2,0,-49,128,0,14,14,14,14,14,14,14,14,14,14,14,14,14,14,14,15,14,15,15,14,14,14,14,13,13,13,0,0,0,0,0,0,0,0,0,0,0,17,17,17,17,16,17,16,16,16,15,15,15,15,15,15,14,14,13,14,13,13,14,14,14,14,14,0,26,25,25,26,25,25,24,24,24,24,25,24,24,25,25,25,26,26,26,26,26,25,26,25,23,23,23,21,0,0,0,0,0,0,0,32,31,32,31,32,31,30,30,30,28,28,27,27,28,27,26,25,25,25,25,25,24,25,25,24,25,26,25
20260726_153123_c36ca3,1785076402618311,1231010631,2,2,0,-49,128,0,14,14,14,13,14,14,13,13,13,13,13,13,13,14,14,14,14,15,14,15,14,14,14,14,13,13,0,0,0,0,0,0,0,0,0,0,0,16,17,16,17,16,16,16,15,15,15,15,14,14,14,13,13,13,12,13,13,13,13,13,13,14,14,0,26,25,25,24,25,25,24,25,24,24,24,24,23,26,25,26,26,27,27,26,26,25,25,25,25,24,23,23,0,0,0,0,0,0,0,31,30,28,29,31,31,28,30,30,28,27,28,26,26,25,24,24,25,24,22,24,24,23,24,23,26,25,24
20260726_153123_c36ca3,1785076402721441,1231111600,2,2,0,-50,128,0,15,16,15,15,15,15,15,14,14,14,14,14,14,13,13,14,14,14,14,14,14,13,13,12,11,11,0,0,0,0,0,0,0,0,0,0,0,16,15,16,17,16,16,16,15,15,15,15,15,15,14,14,14,13,13,14,14,15,14,15,15,15,15,0,28,27,26,26,26,26,26,26,25,25,25,26,25,26,25,25,26,25,25,25,24,23,24,23,21,20,20,19,0,0,0,0,0,0,0,31,29,28,29,28,30,30,29,29,29,29,28,28,28,26,26,26,25,24,25,26,25,27,27,27,27,28,26
20260726_153123_c36ca3,1785076402817633,1231212040,2,2,0,-48,128,0,13,14,14,14,13,14,13,14,13,13,13,13,13,13,13,13,13,13,14,14,13,13,12,13,11,11,0,0,0,0,0,0,0,0,0,0,0,15,14,16,15,15,14,14,14,14,14,14,14,13,13,13,13,13,13,13,12,13,13,13,14,14,14,0,51,48,50,52,50,51,50,49,49,50,49,49,49,48,52,50,51,52,53,50,50,48,46,46,44,43,40,38,0,0,0,0,0,0,0,57,58,56,56,58,59,58,56,56,55,55,53,53,53,50,50,49,50,48,48,48,49,49,48,51,51,50,51
20260726_153123_c36ca3,1785076402920094,1231311637,2,2,0,-46,128,0,14,14,14,14,14,13,13,13,13,12,12,13,13,13,13,13,14,13,13,14,13,12,12,12,11,11,0,0,0,0,0,0,0,0,0,0,0,15,15,15,16,16,16,15,15,15,15,15,15,15,15,14,14,14,14,14,14,14,14,14,14,14,14,0,53,52,53,50,51,52,50,51,50,47,49,48,50,51,47,49,49,50,48,48,47,48,45,45,44,42,40,39,0,0,0,0,0,0,0,54,54,55,56,56,59,56,57,57,56,57,55,55,56,55,55,55,53,53,52,52,52,52,53,52,52,54,53
20260726_153123_c36ca3,1785076403017658,1231411678,2,2,0,-48,128,0,14,13,13,14,13,13,13,13,13,13,13,13,13,13,13,13,14,14,14,13,13,13,13,12,12,12,0,0,0,0,0,0,0,0,0,0,0,13,12,13,13,13,13,13,13,13,12,13,13,13,13,13,13,13,13,12,12,13,14,14,14,14,14,0,54,53,53,53,50,52,51,51,51,52,52,50,51,50,53,53,54,53,55,52,53,50,50,50,48,44,44,44,0,0,0,0,0,0,0,51,50,49,51,50,52,51,51,50,51,51,51,53,48,52,50,48,49,49,49,50,50,50,51,53,53,52,53
20260726_153123_c36ca3,1785076403119814,1231511654,2,2,0,-49,128,0,14,14,14,14,14,14,14,14,14,14,14,14,14,15,15,15,15,16,15,15,16,15,14,14,13,13,0,0,0,0,0,0,0,0,0,0,0,15,15,15,15,15,15,15,15,14,14,14,14,14,14,14,14,13,13,14,14,14,14,14,14,14,15,0,54,51,51,50,51,51,49,51,51,51,52,50,52,53,53,55,52,57,56,55,54,54,50,51,50,49,46,45,0,0,0,0,0,0,0,52,52,53,54,53,54,53,54,53,54,52,53,52,52,51,49,49,50,49,48,49,49,50,48,49,50,51,52
20260726_153123_c36ca3,1785076403222273,1231611675,2,2,0,-48,128,0,14,15,15,14,14,14,14,13,13,13,13,13,14,13,14,14,14,14,13,13,13,12,13,13,12,12,0,0,0,0,0,0,0,0,0,0,0,13,16,17,17,16,17,16,15,16,16,17,16,16,16,15,14,14,14,14,14,15,14,14,14,15,14,0,54,52,54,53,53,50,51,50,46,47,49,49,49,50,48,52,50,50,44,49,47,51,45,45,36,43,38,40,0,0,0,0,0,0,0,55,54,53,58,55,53,54,56,65,59,57,55,60,57,55,60,54,51,55,52,54,53,52,50,52,53,53,53
20260726_153123_c36ca3,1785076403319668,1231711398,2,2,0,-48,128,0,15,15,15,15,15,14,14,14,14,13,14,14,14,14,14,14,14,14,15,14,15,14,14,13,13,12,0,0,0,0,0,0,0,0,0,0,0,13,13,13,13,14,14,14,14,14,14,14,14,14,14,14,14,14,14,14,14,14,14,14,15,15,15,0,54,56,54,54,53,52,53,52,51,52,52,53,53,52,52,54,54,54,54,53,52,51,51,50,46,45,46,43,0,0,0,0,0,0,0,46,47,45,45,48,47,48,50,49,49,49,51,53,51,52,50,50,50,50,48,52,52,51,52,52,55,54,53
20260726_153123_c36ca3,1785076403420661,1231811359,2,2,0,-49,128,0,14,15,15,15,14,14,14,14,14,15,14,15,15,15,15,15,15,15,15,15,15,14,15,14,14,14,0,0,0,0,0,0,0,0,0,0,0,16,15,15,15,15,15,15,15,15,15,14,14,14,14,14,14,13,15,14,14,15,14,14,15,15,14,0,55,52,52,51,53,53,51,52,51,51,51,51,52,51,53,52,52,53,55,54,54,52,50,51,48,47,45,43,0,0,0,0,0,0,0,53,52,52,53,54,54,54,53,52,52,53,50,51,50,51,49,49,48,48,48,49,50,49,49,49,52,53,51
20260726_153123_c36ca3,1785076403518739,1231911594,2,2,0,-48,128,0,14,14,14,14,14,14,13,13,13,13,13,13,13,13,13,13,13,13,13,13,13,12,12,12,11,10,0,0,0,0,0,0,0,0,0,0,0,12,12,12,13,13,13,13,13,13,13,14,13,14,13,13,13,13,13,13,14,14,14,14,14,14,14,0,56,54,55,52,54,52,54,52,51,48,51,50,51,52,51,50,50,51,51,50,48,47,45,46,42,42,38,39,0,0,0,0,0,0,0,44,44,45,48,46,50,49,52,51,51,50,50,52,51,51,52,52,50,52,49,51,52,53,53,52,56,54,53
20260726_153123_c36ca3,1785076403620380,1232012570,2,2,0,-52,128,0,13,13,13,13,13,14,14,14,13,13,13,14,15,15,15,16,16,16,16,16,16,15,15,14,14,14,0,0,0,0,0,0,0,0,0,0,0,12,12,12,12,12,12,11,11,11,11,11,11,11,11,11,11,11,11,11,11,12,12,12,13,13,13,0,51,50,53,51,52,54,52,52,51,53,54,54,55,58,57,60,60,63,62,62,62,59,58,58,55,55,53,53,0,0,0,0,0,0,0,51,50,47,47,46,47,46,45,45,43,43,42,44,43,43,44,43,43,44,43,46,46,46,46,46,49,51,51
20260726_153123_c36ca3,1785076403721376,1232111730,2,2,0,-49,128,0,15,15,15,15,15,15,15,14,14,15,14,14,14,14,15,14,15,15,15,15,15,14,14,14,14,13,0,0,0,0,0,0,0,0,0,0,0,13,13,13,13,14,13,14,14,14,14,14,14,14,14,14,14,14,14,13,14,14,14,15,15,15,15,0,56,55,54,54,53,55,52,52,51,54,54,52,52,54,53,55,56,56,55,57,54,51,52,52,49,50,49,44,0,0,0,0,0,0,0,47,45,48,47,49,49,51,50,51,50,49,52,51,52,51,50,49,52,51,51,52,52,52,52,52,55,52,54
20260726_153123_c36ca3,1785076403817612,1232212172,2,2,0,-47,128,0,14,13,13,14,13,13,13,13,13,14,14,14,14,14,14,14,15,15,15,15,14,14,14,14,13,13,0,0,0,0,0,0,0,0,0,0,0,12,12,13,12,13,12,13,12,12,12,12,12,12,12,12,12,12,12,12,12,12,12,13,13,13,13,0,52,50,51,53,52,53,51,52,51,52,53,52,54,53,54,56,56,56,58,57,57,55,56,56,51,51,50,49,0,0,0,0,0,0,0,49,48,48,48,49,50,49,48,49,47,48,47,48,47,46,46,45,47,46,46,47,49,48,49,49,51,52,51
20260726_153123_c36ca3,1785076403920306,1232312775,2,2,0,-45,128,0,14,14,14,14,13,13,13,13,13,13,13,13,13,13,13,13,13,13,13,13,13,12,12,12,11,11,0,0,0,0,0,0,0,0,0,0,0,13,13,14,14,14,14,14,14,14,14,14,14,14,14,13,14,13,13,13,13,13,14,14,14,14,14,0,54,51,52,52,51,50,50,50,49,49,49,49,49,49,49,50,50,50,51,50,49,47,46,44,44,43,40,40,0,0,0,0,0,0,0,49,50,50,53,52,54,54,54,55,54,55,52,54,51,53,52,52,51,51,50,50,50,51,52,50,51,52,52
20260726_153123_c36ca3,1785076404022984,1232412088,2,2,0,-46,128,0,14,14,14,14,14,14,14,14,14,13,15,14,15,15,15,15,15,16,15,15,14,14,14,14,14,13,0,0,0,0,0,0,0,0,0,0,0,12,13,13,13,13,13,13,13,13,13,13,13,13,13,13,13,13,13,13,13,14,13,13,14,14,14,0,56,56,55,54,54,54,53,54,53,53,53,54,56,56,55,56,57,56,57,56,57,57,54,53,52,52,48,47,0,0,0,0,0,0,0,46,45,47,48,49,49,49,48,48,48,50,50,48,49,49,49,49,49,48,48,48,51,51,52,51,51,55,52
20260726_153123_c36ca3,1785076404120576,1232512211,2,2,0,-46,128,0,14,13,13,13,13,13,14,14,14,14,14,14,14,14,14,14,14,14,15,15,15,14,13,13,13,13,0,0,0,0,0,0,0,0,0,0,0,13,14,14,14,14,14,13,13,13,13,13,13,13,13,13,12,12,12,12,13,13,13,13,13,13,13,0,50,50,50,50,48,51,51,48,49,48,49,48,51,51,52,52,53,52,54,54,52,52,51,50,49,46,46,45,0,0,0,0,0,0,0,53,51,51,52,52,51,52,52,52,50,49,50,49,48,47,48,48,46,46,46,48,48,48,49,48,49,50,49
20260726_153123_c36ca3,1785076404218389,1232612331,2,2,0,-48,128,0,13,13,12,12,12,12,13,13,13,13,13,13,13,14,14,14,14,15,14,15,14,14,14,14,13,13,0,0,0,0,0,0,0,0,0,0,0,16,15,15,16,15,15,15,14,14,14,14,14,13,13,12,13,13,13,13,12,12,12,12,13,13,13,0,50,50,50,49,49,50,47,48,49,50,50,52,52,52,52,55,56,55,56,56,57,57,56,55,52,51,51,49,0,0,0,0,0,0,0,59,59,60,59,58,58,56,56,55,55,54,52,53,51,50,51,48,48,46,47,46,48,47,48,47,47,50,49
20260726_153123_c36ca3,1785076404319913,1232712137,2,2,0,-45,128,0,14,14,13,14,13,13,13,13,13,14,13,13,14,14,14,14,14,14,14,14,14,13,13,13,12,12,0,0,0,0,0,0,0,0,0,0,0,15,15,15,15,14,14,15,15,15,15,15,14,14,14,14,14,13,13,13,14,14,14,14,14,14,14,0,54,54,53,53,51,51,50,51,50,50,50,49,49,49,51,50,52,50,51,50,49,49,48,46,44,44,43,41,0,0,0,0,0,0,0,53,52,53,53,53,55,54,55,55,54,54,54,53,53,52,52,50,52,50,49,51,50,50,51,52,51,52,53
20260726_153123_c36ca3,1785076404420032,1232812517,2,2,0,-47,128,0,13,13,13,13,13,13,13,13,13,14,13,12,13,12,13,14,13,13,13,14,14,14,13,13,12,11,0,0,0,0,0,0,0,0,0,0,0,14,14,15,14,15,15,15,14,14,14,14,14,13,13,13,13,13,13,13,13,13,13,13,13,13,13,0,53,50,52,50,50,49,49,47,49,48,49,47,49,48,48,51,50,51,52,51,51,48,49,47,47,46,43,42,0,0,0,0,0,0,0,55,54,54,54,54,55,55,55,55,53,54,52,52,52,52,50,52,50,50,48,50,50,50,50,51,51,52,52
20260726_153123_c36ca3,1785076404521917,1232912606,2,2,0,-47,128,0,14,14,14,13,13,13,13,13,13,13,13,13,13,14,13,15,15,15,15,14,14,15,14,14,13,13,0,0,0,0,0,0,0,0,0,0,0,15,15,16,16,15,14,14,14,14,14,14,14,13,13,13,13,13,13,13,13,13,14,14,14,14,14,0,52,52,51,50,53,50,51,50,49,49,52,50,52,53,54,54,54,54,54,54,54,54,53,53,48,48,48,47,0,0,0,0,0,0,0,58,57,56,57,57,58,56,56,54,55,52,53,53,51,51,50,50,49,48,48,50,49,51,50,49,50,51,51
20260726_153123_c36ca3,1785076404619622,1233011745,2,2,0,-46,128,0,13,14,14,13,13,13,14,14,13,13,13,14,14,14,14,14,14,14,13,14,14,14,13,13,12,12,0,0,0,0,0,0,0,0,0,0,0,14,14,15,15,15,15,15,15,15,15,13,14,13,14,13,14,13,13,13,13,13,13,13,13,14,13,0,55,55,54,54,52,54,51,51,51,52,52,52,53,52,52,53,54,55,54,53,52,51,51,50,47,46,46,46,0,0,0,0,0,0,0,56,56,55,55,56,56,55,57,55,55,53,53,52,51,53,52,49,49,49,49,50,52,51,51,51,54,53,53
20260726_153123_c36ca3,1785076404722830,1233111935,2,2,0,-48,128,0,14,14,14,14,14,14,13,13,14,13,14,14,14,15,15,15,15,16,16,16,15,16,15,15,14,14,0,0,0,0,0,0,0,0,0,0,0,11,12,12,12,12,13,12,13,13,13,13,13,13,13,13,13,13,12,13,14,14,14,13,14,14,14,0,54,54,52,54,53,54,53,52,54,52,54,53,54,53,53,56,58,58,58,58,58,57,56,55,53,52,51,49,0,0,0,0,0,0,0,42,44,43,44,44,44,47,45,46,46,44,47,46,47,46,48,46,48,47,46,49,49,51,50,52,52,50,50
20260726_153123_c36ca3,1785076404825144,1233215339,2,2,0,-48,128,0,16,16,15,16,16,15,15,15,15,16,16,15,15,15,16,16,16,16,16,16,16,16,15,14,15,14,0,0,0,0,0,0,0,0,0,0,0,12,13,11,12,13,13,12,12,13,12,13,12,12,12,12,12,13,14,13,13,13,14,14,14,15,15,0,55,57,55,57,54,54,54,55,55,55,56,55,55,54,57,57,57,58,59,59,59,54,55,53,53,51,49,47,0,0,0,0,0,0,0,45,42,43,42,43,42,45,44,44,43,42,45,44,44,44,44,45,47,46,48,48,48,48,52,52,53,53,55
20260726_153123_c36ca3,1785076404917803,1233312294,2,2,0,-48,128,0,15,15,15,15,15,15,14,14,14,14,14,14,14,15,16,16,16,15,16,15,15,15,14,14,14,13,0,0,0,0,0,0,0,0,0,0,0,13,14,14,14,14,14,14,14,14,14,14,14,14,13,14,14,13,14,14,13,14,14,14,14,14,15,0,55,55,56,54,54,52,53,52,53,53,54,52,53,56,55,57,56,59,56,56,55,54,52,52,51,50,46,45,0,0,0,0,0,0,0,48,52,51,51,51,51,52,51,52,51,53,50,50,50,52,50,49,50,49,50,47,51,50,51,52,52,55,56
20260726_153123_c36ca3,1785076405019604,1233414030,2,2,0,-48,128,0,14,14,14,14,14,13,13,14,13,13,13,13,14,14,14,13,15,14,14,14,14,13,13,13,13,12,0,0,0,0,0,0,0,0,0,0,0,13,13,13,13,13,13,13,13,13,13,13,13,12,13,13,13,12,13,13,13,13,14,14,13,14,14,0,55,55,53,54,54,55,53,52,53,52,52,52,53,53,54,53,56,52,56,55,54,55,51,50,49,47,44,45,0,0,0,0,0,0,0,50,52,49,47,51,50,51,51,52,48,50,51,47,49,53,48,46,52,48,52,49,52,48,53,53,53,54,56
20260726_153123_c36ca3,1785076405122007,1233514054,2,2,0,-51,128,0,16,15,15,15,15,14,15,14,13,14,14,14,14,14,14,14,14,14,14,14,14,13,13,12,12,12,0,0,0,0,0,0,0,0,0,0,0,16,16,16,16,16,16,16,16,15,16,16,16,16,15,15,16,15,15,15,16,15,16,15,15,15,16,0,54,55,54,52,53,52,52,52,50,52,49,50,50,50,50,49,50,49,50,48,47,47,44,45,42,41,40,39,0,0,0,0,0,0,0,58,57,57,57,58,59,57,58,58,57,56,55,56,56,54,53,54,54,54,53,53,53,52,53,55,55,54,55
20260726_153123_c36ca3,1785076405218570,1233611637,2,2,0,-49,128,0,14,14,14,14,13,13,13,13,13,13,13,13,13,13,13,13,14,14,14,14,13,14,13,13,13,12,0,0,0,0,0,0,0,0,0,0,0,17,17,17,16,17,16,16,16,16,15,15,15,15,14,14,14,13,13,14,13,13,13,13,13,13,13,0,48,49,49,47,49,49,47,45,45,46,45,46,46,46,48,49,51,50,52,48,50,51,48,49,45,43,44,42,0,0,0,0,0,0,0,62,60,60,61,61,63,60,60,61,57,57,58,56,54,54,53,52,52,49,51,51,51,50,50,52,50,48,50
20260726_153123_c36ca3,1785076405321315,1233711581,2,2,0,-48,128,0,15,15,14,14,13,13,13,12,12,12,12,12,12,12,12,12,12,11,12,12,11,11,10,10,9,9,0,0,0,0,0,0,0,0,0,0,0,16,16,17,17,16,16,16,16,16,16,16,16,15,15,15,15,14,14,14,15,14,15,15,15,15,15,0,52,51,53,52,52,49,48,48,46,46,45,46,44,44,43,43,43,43,42,42,42,41,38,37,34,31,31,30,0,0,0,0,0,0,0,58,58,60,58,59,62,61,61,61,59,60,60,59,57,57,56,55,55,54,54,54,54,55,55,52,54,54,53
20260726_153123_c36ca3,1785076405422520,1233811988,2,2,0,-52,128,0,15,15,15,15,14,14,14,14,14,14,14,13,13,13,14,14,13,14,14,14,13,13,12,12,12,11,0,0,0,0,0,0,0,0,0,0,0,16,16,16,16,15,15,15,15,15,14,15,15,14,14,14,15,15,15,15,15,15,15,15,15,15,15,0,56,54,56,54,53,53,51,51,50,49,50,49,49,50,48,50,49,50,50,50,49,46,44,45,44,42,39,39,0,0,0,0,0,0,0,59,59,57,59,57,59,56,58,57,55,55,53,55,54,54,54,54,54,55,52,55,55,55,56,55,57,56,57
20260726_153123_c36ca3,1785076405518554,1233912084,2,2,0,-51,128,0,15,16,15,15,15,15,15,14,14,14,14,14,14,14,14,14,14,14,13,14,14,13,13,11,11,11,0,0,0,0,0,0,0,0,0,0,0,13,14,14,14,14,14,13,14,13,14,14,13,13,13,13,14,14,14,14,14,15,15,14,15,15,15,0,57,58,57,55,57,55,55,54,52,52,53,51,52,53,50,52,51,52,50,49,48,47,45,44,42,41,38,37,0,0,0,0,0,0,0,54,54,53,54,51,55,51,53,51,52,53,51,50,50,52,52,53,52,53,51,53,53,54,56,56,57,57,57
20260726_153123_c36ca3,1785076405619906,1234012153,2,2,0,-53,128,0,14,14,14,14,13,13,13,13,13,12,13,13,14,13,14,14,14,14,14,13,13,13,13,13,12,11,0,0,0,0,0,0,0,0,0,0,0,14,13,14,14,13,14,13,13,13,13,13,13,13,13,13,13,13,13,13,13,13,13,13,14,14,14,0,55,54,54,54,53,53,53,51,51,51,51,51,51,52,52,53,52,55,55,54,53,51,49,49,45,44,41,40,0,0,0,0,0,0,0,55,53,52,52,52,53,51,52,52,51,50,51,50,51,51,51,51,52,52,51,53,51,53,52,54,55,54,54
20260726_153123_c36ca3,1785076405716319,1234111881,2,2,0,-61,128,0,9,9,9,9,9,11,11,11,12,13,13,13,14,15,16,17,17,19,20,20,21,21,21,21,20,21,0,0,0,0,0,0,0,0,0,0,0,19,19,18,18,16,15,14,13,11,11,10,9,8,7,7,7,6,6,6,6,5,5,6,6,6,7,0,15,16,16,18,18,20,19,21,22,23,24,25,27,28,30,31,33,35,36,38,38,38,38,39,38,37,37,37,0,0,0,0,0,0,0,41,39,37,37,34,34,31,29,27,24,22,20,18,17,15,14,14,12,12,10,11,11,10,10,10,10,12,12
20260726_153123_c36ca3,1785076405820255,1234211622,2,2,0,-59,128,0,13,13,13,13,13,13,13,13,13,13,13,13,14,13,14,14,14,15,16,16,16,15,15,15,15,14,0,0,0,0,0,0,0,0,0,0,0,20,19,19,18,18,17,16,15,15,14,14,13,13,12,12,12,11,11,12,12,11,11,11,12,12,12,0,23,23,23,23,24,24,24,24,24,26,25,25,25,25,26,26,27,28,29,29,29,28,27,27,27,26,25,25,0,0,0,0,0,0,0,38,36,36,35,35,35,33,33,31,30,27,26,26,24,24,23,22,22,22,21,21,21,21,21,22,21,21,21
20260726_153123_c36ca3,1785076405923204,1234312349,2,2,0,-53,128,0,13,13,12,12,13,12,13,13,13,12,13,13,13,13,14,14,14,14,14,15,15,15,14,13,14,13,0,0,0,0,0,0,0,0,0,0,0,12,12,13,13,12,12,12,12,12,12,12,13,12,12,12,12,11,11,12,12,12,12,12,13,13,13,0,50,50,49,50,49,48,48,48,49,49,50,50,50,52,53,55,57,56,57,58,58,57,56,55,54,54,51,49,0,0,0,0,0,0,0,48,47,45,48,49,50,50,49,50,48,49,48,48,49,48,47,46,48,47,48,47,48,48,48,49,49,49,47
20260726_153123_c36ca3,1785076406021465,1234411973,2,2,0,-50,128,0,13,13,14,14,14,14,14,14,14,14,14,14,14,14,15,15,15,15,16,15,16,15,15,15,14,14,0,0,0,0,0,0,0,0,0,0,0,11,11,11,11,11,10,10,10,10,10,9,10,10,10,10,10,10,10,11,11,12,12,12,13,13,13,0,27,27,27,26,27,26,28,26,27,26,27,27,28,28,29,29,30,31,30,31,30,29,29,28,27,27,26,25,0,0,0,0,0,0,0,23,22,22,21,20,21,21,20,20,20,19,20,19,21,21,20,20,21,21,22,23,23,22,22,24,25,24,25
20260726_153123_c36ca3,1785076406122897,1234512311,2,2,0,-47,128,0,14,14,14,14,14,13,14,14,14,14,14,13,13,13,14,14,14,14,14,14,14,13,13,13,12,12,0,0,0,0,0,0,0,0,0,0,0,11,11,11,11,11,12,12,12,12,12,12,12,13,13,13,13,13,13,13,13,13,13,13,14,14,14,0,57,55,54,53,53,53,53,53,54,53,54,52,52,53,54,56,55,55,54,54,53,52,50,48,49,45,44,41,0,0,0,0,0,0,0,45,44,45,44,46,45,48,47,46,49,49,48,49,48,48,50,49,51,49,50,50,52,51,52,54,53,54,55
20260726_153123_c36ca3,1785076406220173,1234612303,2,2,0,-45,128,0,15,15,15,15,14,15,14,14,14,14,14,14,15,15,15,15,15,15,15,15,14,14,14,14,13,13,0,0,0,0,0,0,0,0,0,0,0,15,15,15,15,15,15,14,14,14,14,14,14,14,14,14,14,14,14,14,15,15,15,14,15,15,15,0,56,52,56,51,52,51,51,51,51,50,50,50,52,55,51,54,52,54,52,52,53,52,48,48,48,48,43,42,0,0,0,0,0,0,0,52,52,54,56,51,54,53,53,52,53,52,50,50,51,51,50,51,47,49,47,51,50,50,52,49,52,53,53
20260726_153123_c36ca3,1785076406322350,1234711941,2,2,0,-46,128,0,13,13,13,13,13,13,13,13,13,13,13,13,13,14,14,14,14,14,14,14,13,13,13,13,13,13,0,0,0,0,0,0,0,0,0,0,0,14,14,14,14,13,13,13,13,13,13,13,13,13,12,12,12,13,13,13,13,13,13,13,13,13,13,0,52,52,52,51,52,52,50,51,52,51,52,51,51,52,53,54,54,55,56,54,54,52,51,51,48,48,44,44,0,0,0,0,0,0,0,52,51,52,52,51,53,52,53,54,52,51,51,51,51,50,49,49,50,50,49,49,49,51,51,51,53,53,52
20260726_153123_c36ca3,1785076406418899,1234811578,2,2,0,-47,128,0,14,14,13,14,13,13,13,13,13,14,14,14,14,14,14,14,15,15,16,16,15,16,15,15,14,14,0,0,0,0,0,0,0,0,0,0,0,14,14,14,14,14,14,13,13,13,13,13,13,13,12,12,12,12,12,12,12,12,13,13,13,13,13,0,50,51,52,50,51,50,49,50,51,50,51,52,54,54,52,55,56,57,57,57,56,57,55,57,53,54,51,52,0,0,0,0,0,0,0,57,56,51,52,53,54,50,51,51,49,49,50,48,48,48,48,46,46,46,44,46,45,48,48,49,50,50,50
20260726_153123_c36ca3,1785076406520681,1234911758,2,2,0,-46,128,0,13,13,13,13,13,13,13,13,13,13,13,13,13,14,14,14,14,14,14,14,14,14,13,13,12,12,0,0,0,0,0,0,0,0,0,0,0,13,13,13,14,14,14,14,13,14,14,13,13,13,13,13,13,13,13,12,12,13,13,13,13,13,13,0,51,51,51,52,50,50,50,48,49,50,51,49,51,50,52,52,53,52,53,53,52,51,51,50,48,46,47,44,0,0,0,0,0,0,0,51,52,51,50,53,53,54,52,53,52,53,52,50,49,49,50,49,49,47,48,48,49,49,50,50,51,51,53
20260726_153123_c36ca3,1785076406617591,1235012073,2,2,0,-46,128,0,14,15,13,13,14,14,14,14,14,14,14,14,14,14,14,14,15,15,15,15,15,15,15,14,14,13,0,0,0,0,0,0,0,0,0,0,0,14,14,15,15,15,15,15,15,14,14,14,14,14,13,14,13,13,13,13,13,13,13,13,13,14,13,0,51,52,52,51,50,52,50,52,50,50,51,51,52,54,52,55,54,54,56,54,54,54,52,52,49,49,48,46,0,0,0,0,0,0,0,53,55,53,54,54,55,53,55,54,54,53,53,52,51,51,50,50,49,48,48,49,50,50,49,49,50,51,51
20260726_153123_c36ca3,1785076406719541,1235111883,2,2,0,-45,128,0,13,13,13,13,12,12,13,13,13,13,13,13,13,13,14,13,14,13,14,14,14,14,13,12,12,12,0,0,0,0,0,0,0,0,0,0,0,13,13,14,13,13,13,14,13,13,13,14,13,13,13,12,12,12,12,12,12,12,13,13,13,13,13,0,52,49,50,50,51,50,50,48,49,49,50,49,50,52,51,52,53,53,54,54,54,51,49,49,48,47,44,43,0,0,0,0,0,0,0,52,52,52,53,52,53,51,53,52,53,52,51,50,50,49,49,49,50,48,47,47,48,48,49,49,49,49,53
20260726_153123_c36ca3,1785076406821357,1235211716,2,2,0,-46,128,0,15,15,15,15,14,14,14,14,14,14,15,15,15,15,16,16,16,16,16,16,16,15,15,15,15,14,0,0,0,0,0,0,0,0,0,0,0,14,14,15,15,15,14,15,14,14,14,14,14,14,14,14,14,14,14,14,14,14,14,14,15,14,15,0,53,54,52,54,51,51,49,50,51,52,53,51,52,52,54,52,56,54,56,57,55,54,55,53,52,51,50,47,0,0,0,0,0,0,0,50,51,51,51,53,51,53,52,51,51,51,51,50,49,49,50,46,49,48,50,48,50,49,50,50,52,51,51
20260726_153123_c36ca3,1785076406922730,1235311555,2,2,0,-46,128,0,14,14,14,14,14,14,14,14,14,14,14,14,14,14,15,15,15,15,15,14,14,14,14,15,14,13,0,0,0,0,0,0,0,0,0,0,0,14,15,15,15,15,15,15,14,14,14,14,14,14,13,14,14,14,14,14,14,14,14,14,14,14,14,0,51,52,52,52,50,50,50,50,50,50,50,50,52,52,52,53,53,53,52,54,53,52,52,51,48,46,45,45,0,0,0,0,0,0,0,50,51,53,53,53,54,55,55,52,51,54,51,51,50,50,50,49,50,48,48,49,49,49,51,50,50,50,52
20260726_153123_c36ca3,1785076407019482,1235412451,2,2,0,-46,128,0,13,14,13,13,13,13,13,13,13,13,13,13,13,15,15,14,15,14,14,14,14,14,14,14,13,13,0,0,0,0,0,0,0,0,0,0,0,13,13,13,13,13,13,13,13,13,13,12,12,12,13,13,12,12,12,12,13,13,13,13,13,13,13,0,51,53,52,51,51,51,51,52,50,50,51,52,53,53,54,54,56,55,57,56,56,55,55,54,51,50,50,47,0,0,0,0,0,0,0,50,46,48,48,49,51,52,53,51,50,49,50,51,50,50,50,48,49,47,47,47,49,48,50,49,51,51,52
20260726_153123_c36ca3,1785076407122317,1235511852,2,2,0,-45,128,0,14,14,14,14,14,14,14,14,14,15,15,15,15,15,15,16,16,16,15,15,16,14,14,14,14,14,0,0,0,0,0,0,0,0,0,0,0,11,13,14,13,14,13,13,14,14,13,14,14,14,14,13,14,13,14,14,14,14,14,15,15,15,14,0,53,52,53,52,55,55,52,50,52,51,52,53,53,55,53,54,55,59,60,56,56,54,53,55,53,50,49,50,0,0,0,0,0,0,0,44,45,45,43,48,55,50,52,48,49,50,49,47,49,50,46,50,48,50,48,52,49,51,50,50,53,52,52
20260726_153123_c36ca3,1785076407219410,1235611518,2,2,0,-45,128,0,14,14,14,14,14,13,13,13,13,14,14,14,14,15,14,15,15,15,15,15,15,15,15,14,13,13,0,0,0,0,0,0,0,0,0,0,0,12,12,12,12,12,12,13,12,13,13,13,13,13,13,12,12,12,13,13,13,13,13,13,13,13,13,0,52,54,54,53,54,53,54,54,52,52,53,53,55,55,55,55,57,57,57,57,57,55,55,55,51,50,50,48,0,0,0,0,0,0,0,46,46,46,48,48,48,49,49,49,50,49,49,49,49,48,49,48,48,47,47,50,50,49,50,50,52,51,51
20260726_153123_c36ca3,1785076407321480,1235711949,2,2,0,-46,128,0,13,13,13,13,13,12,12,12,13,13,13,13,13,13,13,13,14,14,14,14,14,14,13,13,13,13,0,0,0,0,0,0,0,0,0,0,0,13,13,14,14,14,15,14,14,13,13,13,13,12,12,13,13,13,12,12,12,12,13,13,13,13,13,0,51,51,49,51,49,50,50,50,51,49,52,52,51,52,52,54,54,56,57,55,55,52,53,52,51,49,48,46,0,0,0,0,0,0,0,53,52,54,53,54,55,53,55,55,51,53,53,52,51,49,49,48,49,47,48,48,47,48,48,49,49,51,52
20260726_153123_c36ca3,1785076407417408,1235811821,2,2,0,-46,128,0,14,14,14,14,14,14,14,15,13,14,15,14,15,15,15,15,16,16,16,16,16,15,15,15,14,14,0,0,0,0,0,0,0,0,0,0,0,14,14,14,15,14,14,14,14,14,14,14,14,14,14,14,13,13,13,13,13,13,14,14,14,14,14,0,50,53,51,51,51,51,51,51,50,52,50,51,53,53,54,53,57,56,57,56,56,56,54,53,51,50,49,48,0,0,0,0,0,0,0,49,49,51,51,52,52,52,50,52,51,51,51,50,50,50,50,49,49,47,49,49,50,49,50,49,51,52,49
20260726_153123_c36ca3,1785076407519023,1235912146,2,2,0,-46,128,0,14,14,14,14,14,14,14,14,13,13,13,14,14,15,15,15,15,15,15,15,15,14,15,14,14,14,0,0,0,0,0,0,0,0,0,0,0,14,14,16,15,15,16,14,14,15,14,15,14,14,14,14,13,13,13,13,14,14,14,14,14,14,14,0,51,53,51,53,49,52,51,51,51,52,51,52,52,53,55,55,59,57,56,54,57,57,55,52,53,54,50,44,0,0,0,0,0,0,0,53,49,55,57,56,53,52,55,51,57,56,49,53,52,51,52,51,50,49,51,49,52,49,52,50,51,53,52
20260726_153123_c36ca3,1785076407620560,1236011731,2,2,0,-46,128,0,14,14,13,14,13,13,13,13,13,13,13,13,13,13,14,14,14,14,15,14,14,14,14,13,13,12,0,0,0,0,0,0,0,0,0,0,0,13,13,14,13,14,13,14,13,14,13,13,13,13,13,12,13,12,12,12,12,12,12,13,13,13,13,0,54,51,52,51,50,50,51,50,51,51,51,50,51,52,53,54,55,56,56,57,54,53,53,51,49,50,47,45,0,0,0,0,0,0,0,50,50,50,51,52,52,51,54,54,53,53,51,51,51,50,50,49,50,50,49,49,48,50,50,50,51,50,53
20260726_153123_c36ca3,1785076407716853,1236111180,2,2,0,-46,128,0,14,14,14,13,15,14,14,14,14,14,14,14,14,14,14,15,15,15,15,15,15,15,15,14,13,13,0,0,0,0,0,0,0,0,0,0,0,14,14,15,15,15,15,15,14,14,14,14,14,14,14,13,14,14,14,14,14,14,14,14,14,14,14,0,54,52,51,51,51,50,51,52,49,49,51,51,51,53,52,54,54,57,55,55,53,55,53,53,50,49,47,47,0,0,0,0,0,0,0,49,50,49,52,51,54,52,52,53,51,51,51,52,50,50,50,50,48,49,48,51,50,51,51,51,52,51,51
20260726_153123_c36ca3,1785076407818095,1236211449,2,2,0,-46,128,0,14,13,13,12,13,13,13,13,13,13,13,13,13,13,13,14,14,14,14,13,14,14,13,13,13,13,0,0,0,0,0,0,0,0,0,0,0,13,13,13,13,13,13,13,13,13,13,13,13,12,12,12,12,13,13,13,13,13,13,13,13,14,14,0,52,53,50,53,51,52,50,50,51,50,52,52,52,51,54,55,54,56,57,56,56,53,51,51,50,49,47,45,0,0,0,0,0,0,0,50,49,50,50,52,53,53,53,53,52,52,50,52,51,51,49,48,50,48,50,49,49,48,49,51,49,50,51
20260726_153123_c36ca3,1785076407919923,1236310932,2,2,0,-46,128,0,14,15,14,14,14,14,14,14,14,14,14,14,14,15,15,15,15,15,14,15,15,14,14,14,14,14,0,0,0,0,0,0,0,0,0,0,0,14,14,14,15,15,14,14,14,14,14,14,14,14,14,14,14,14,14,14,14,14,14,14,14,15,14,0,53,52,55,53,53,53,51,52,50,52,52,52,52,52,53,55,54,56,55,55,55,53,52,52,49,49,48,48,0,0,0,0,0,0,0,52,51,51,52,52,56,56,54,54,53,53,53,53,54,52,52,51,50,51,51,51,51,52,50,52,52,53,52
20260726_153123_c36ca3,1785076408017986,1236411806,2,2,0,-45,128,0,14,15,14,15,14,14,14,14,14,14,14,14,14,14,15,15,15,15,15,15,15,15,14,14,14,13,0,0,0,0,0,0,0,0,0,0,0,14,14,14,14,14,14,14,14,14,14,14,14,14,13,13,14,14,14,14,14,14,14,14,14,14,14,0,53,52,53,53,52,52,51,50,51,51,51,51,51,52,53,54,55,56,57,55,54,53,52,53,50,48,47,47,0,0,0,0,0,0,0,49,49,49,50,50,52,51,54,53,52,54,52,53,53,51,50,50,51,52,49,50,52,51,51,52,52,52,52
20260726_153123_c36ca3,1785076408120225,1236511686,2,2,0,-45,128,0,13,13,13,13,13,12,13,13,13,13,13,13,13,13,14,14,14,14,14,14,14,13,13,13,12,12,0,0,0,0,0,0,0,0,0,0,0,12,12,13,13,13,13,13,13,13,13,13,13,13,13,13,13,13,13,12,13,13,13,13,13,13,13,0,53,51,51,52,51,50,50,49,50,51,52,50,51,51,51,52,54,55,55,53,53,52,49,50,49,49,45,44,0,0,0,0,0,0,0,49,48,48,49,50,51,50,52,52,50,51,51,52,50,49,51,49,50,49,49,50,50,50,49,51,52,52,52
20260726_153123_c36ca3,1785076408217185,1236611707,2,2,0,-45,128,0,14,15,14,14,14,14,14,14,14,14,14,14,14,14,14,14,15,15,15,15,15,15,14,14,14,13,0,0,0,0,0,0,0,0,0,0,0,13,13,14,14,14,13,14,14,14,14,13,13,13,13,13,13,13,13,13,14,14,14,14,14,15,14,0,52,52,53,52,52,51,50,51,50,51,51,51,53,53,52,53,54,54,55,55,54,53,51,52,50,50,47,47,0,0,0,0,0,0,0,47,48,47,48,51,51,50,51,50,50,50,50,51,50,50,48,50,49,49,48,51,51,48,51,50,52,51,51
20260726_153123_c36ca3,1785076408321003,1236712655,2,2,0,-45,128,0,14,14,14,14,14,14,14,14,14,13,14,15,15,14,14,15,15,15,15,15,15,14,14,14,14,13,0,0,0,0,0,0,0,0,0,0,0,14,14,14,13,14,14,14,14,13,13,13,13,13,13,13,13,13,13,13,13,14,14,14,14,14,14,0,52,53,52,52,54,54,52,52,52,53,52,53,53,55,53,56,58,56,57,56,56,56,55,54,51,51,48,48,0,0,0,0,0,0,0,51,52,52,52,52,54,54,54,54,53,52,52,53,51,51,51,51,51,50,51,49,52,51,51,51,54,52,53
20260726_153123_c36ca3,1785076408422660,1236812067,2,2,0,-45,128,0,15,15,15,15,14,14,14,14,15,15,15,14,14,15,16,16,16,16,16,16,16,15,14,15,14,13,0,0,0,0,0,0,0,0,0,0,0,14,15,15,15,15,15,15,15,15,15,14,15,15,14,14,14,14,14,14,14,14,14,15,15,15,15,0,52,51,52,51,50,50,50,50,51,51,52,49,52,52,52,54,55,56,57,55,56,52,52,51,51,49,47,46,0,0,0,0,0,0,0,50,50,50,51,51,53,53,53,53,52,53,50,51,51,49,49,48,51,50,49,49,50,51,49,50,51,51,52
20260726_153123_c36ca3,1785076408519780,1236912259,2,2,0,-46,128,0,14,14,14,14,13,13,13,13,13,13,14,14,14,14,14,14,15,15,15,14,14,15,14,14,13,13,0,0,0,0,0,0,0,0,0,0,0,13,14,14,14,14,14,14,14,14,14,14,13,13,13,13,13,13,13,13,13,13,13,13,13,14,14,0,55,51,53,51,54,51,52,51,52,51,52,52,53,56,53,55,55,56,56,56,56,56,53,54,51,52,48,49,0,0,0,0,0,0,0,50,51,50,53,52,54,53,52,51,51,51,51,51,50,51,50,51,48,49,48,50,50,50,50,49,52,50,51
20260726_153123_c36ca3,1785076408621083,1237011583,2,2,0,-46,128,0,14,13,13,14,13,13,13,13,13,14,14,13,14,14,14,14,14,15,15,14,14,14,13,14,13,13,0,0,0,0,0,0,0,0,0,0,0,12,13,13,13,13,13,13,13,12,12,12,12,12,12,12,13,12,12,12,12,13,13,13,13,13,14,0,53,50,52,52,53,49,50,50,51,52,52,51,52,54,55,56,54,59,58,57,56,56,54,53,53,52,49,47,0,0,0,0,0,0,0,48,48,49,50,50,52,50,51,52,51,50,50,50,50,48,47,48,47,48,48,47,48,48,50,51,50,51,51
20260726_153123_c36ca3,1785076408721136,1237111905,2,2,0,-46,128,0,14,15,15,15,14,14,14,14,14,14,14,14,14,16,15,16,16,15,16,16,16,16,15,15,15,14,0,0,0,0,0,0,0,0,0,0,0,14,13,14,14,14,14,14,14,13,13,13,13,13,13,13,13,13,13,13,13,14,14,14,14,14,14,0,55,53,55,52,53,52,53,54,53,53,54,54,55,58,55,57,57,60,59,60,61,59,56,55,55,54,50,51,0,0,0,0,0,0,0,49,49,50,51,50,53,50,51,51,51,52,50,49,50,48,50,49,46,49,46,50,49,50,50,49,50,52,52
20260726_153123_c36ca3,1785076408823708,1237214959,2,2,0,-46,128,0,13,14,14,14,13,14,13,13,13,14,14,14,14,14,14,14,16,14,15,15,14,14,14,14,13,13,0,0,0,0,0,0,0,0,0,0,0,12,13,13,12,14,12,12,12,12,12,12,11,12,12,12,13,12,12,12,12,12,13,13,13,13,13,0,53,54,53,53,52,52,53,53,52,52,52,53,55,55,55,57,58,58,59,58,59,57,56,56,52,52,51,51,0,0,0,0,0,0,0,50,50,50,49,50,51,50,50,51,49,48,49,49,49,49,49,48,48,48,48,49,49,49,50,50,51,52,51
20260726_153123_c36ca3,1785076408919748,1237312564,2,2,0,-46,128,0,15,15,15,15,15,15,14,14,14,14,14,14,15,15,15,15,16,16,16,16,16,16,16,15,15,14,0,0,0,0,0,0,0,0,0,0,0,14,14,14,14,15,14,14,14,14,14,14,14,13,13,13,13,13,13,13,14,14,14,15,15,15,15,0,54,54,53,54,52,54,53,53,53,53,54,53,55,56,56,57,58,57,59,59,59,57,56,55,54,52,50,49,0,0,0,0,0,0,0,48,49,50,51,50,51,52,51,50,51,51,50,51,50,49,49,47,50,48,49,48,49,51,49,51,52,52,51
20260726_153123_c36ca3,1785076409026717,1237418491,2,2,0,-46,128,0,13,14,14,14,14,14,14,14,14,14,14,14,14,14,14,15,15,15,15,15,15,15,15,14,14,13,0,0,0,0,0,0,0,0,0,0,0,14,14,14,13,14,13,13,13,13,14,13,13,13,13,13,12,13,13,13,13,13,13,13,14,14,13,0,54,52,53,52,53,53,51,52,52,52,52,53,52,55,54,55,55,57,57,55,56,57,54,54,50,49,48,48,0,0,0,0,0,0,0,50,50,49,50,49,52,52,52,51,50,50,50,50,48,49,49,49,47,48,47,50,50,51,51,49,51,53,52
20260726_153123_c36ca3,1785076409117433,1237511804,2,2,0,-46,128,0,14,15,15,15,14,15,14,13,13,14,14,14,14,14,15,15,15,15,15,15,15,14,15,14,14,13,0,0,0,0,0,0,0,0,0,0,0,13,13,13,13,13,13,13,13,14,14,13,13,13,13,13,13,13,13,13,13,14,14,14,15,14,14,0,53,55,54,52,50,52,50,53,52,53,53,53,53,53,55,55,56,54,57,54,55,55,54,52,50,49,48,47,0,0,0,0,0,0,0,50,50,50,51,51,52,50,52,52,52,52,51,51,49,50,48,50,52,49,51,48,51,51,51,51,52,52,52
20260726_153123_c36ca3,1785076409220708,1237611321,2,2,0,-46,128,0,15,15,15,15,15,15,15,15,15,14,14,14,14,14,15,15,15,15,15,15,16,16,15,15,14,14,0,0,0,0,0,0,0,0,0,0,0,14,14,15,15,15,15,15,15,14,15,14,15,15,15,14,15,14,13,14,14,14,15,14,15,15,15,0,53,52,54,52,52,53,51,52,51,51,52,51,51,52,52,54,55,54,55,55,54,52,52,51,50,48,48,45,0,0,0,0,0,0,0,50,50,50,51,52,53,52,51,53,54,52,51,52,51,51,50,51,50,49,50,50,51,51,51,51,51,53,53
20260726_153123_c36ca3,1785076409317553,1237711603,2,2,0,-46,128,0,13,13,13,13,13,13,13,13,13,13,13,13,13,13,14,14,14,14,14,14,14,14,13,13,12,12,0,0,0,0,0,0,0,0,0,0,0,14,14,14,14,14,13,13,13,13,13,13,13,13,13,13,13,13,13,13,14,14,13,13,14,13,13,0,52,54,51,54,51,52,52,52,50,49,51,50,52,52,53,53,54,55,55,54,54,52,52,51,50,48,47,44,0,0,0,0,0,0,0,51,52,51,52,54,54,55,53,55,53,53,53,52,52,53,51,50,51,50,49,51,51,51,52,52,52,53,52
20260726_153123_c36ca3,1785076409423751,1237813626,2,2,0,-47,128,0,14,14,14,14,14,14,14,14,14,14,14,14,14,14,14,14,15,15,15,15,15,15,14,14,14,13,0,0,0,0,0,0,0,0,0,0,0,14,15,15,15,15,15,15,14,14,14,14,14,14,14,14,14,13,14,14,14,13,14,14,14,14,14,0,51,51,53,52,51,51,49,52,50,52,50,50,51,51,53,55,55,55,56,55,56,53,52,51,51,48,47,48,0,0,0,0,0,0,0,53,52,53,54,56,57,54,55,57,54,54,54,53,53,54,51,51,53,51,51,50,51,51,51,52,53,52,53
20260726_153123_c36ca3,1785076409520891,1237912569,2,2,0,-47,128,0,13,13,13,13,13,13,13,13,12,13,13,13,13,13,13,13,13,14,14,14,14,14,13,13,13,13,0,0,0,0,0,0,0,0,0,0,0,13,13,14,14,14,14,14,15,15,15,14,14,14,14,13,14,13,13,13,13,13,13,13,13,13,13,0,53,49,50,49,49,48,49,49,50,48,50,49,49,50,52,54,52,55,54,55,54,54,51,51,51,49,47,45,0,0,0,0,0,0,0,52,52,52,54,53,55,55,56,54,55,54,53,53,53,51,51,50,50,50,49,49,50,49,49,50,50,51,51
20260726_153123_c36ca3,1785076409622325,1238012327,2,2,0,-47,128,0,13,13,13,13,13,12,12,12,12,12,13,13,13,13,13,13,13,14,14,14,14,13,13,13,13,13,0,0,0,0,0,0,0,0,0,0,0,13,14,14,14,14,14,14,14,14,14,13,13,14,14,13,13,13,13,13,12,13,12,12,13,13,13,0,52,51,49,53,48,49,48,48,50,50,50,49,50,49,51,53,54,55,54,56,55,52,54,51,51,49,48,46,0,0,0,0,0,0,0,53,54,54,53,55,55,56,55,56,53,54,54,54,52,50,52,50,50,49,51,50,49,51,49,50,50,51,49
20260726_153123_c36ca3,1785076409720052,1238111928,2,2,0,-47,128,0,13,13,13,13,13,13,13,13,13,13,13,14,14,14,14,14,14,14,15,15,14,14,15,14,13,13,0,0,0,0,0,0,0,0,0,0,0,14,15,14,14,14,15,15,15,14,13,13,13,13,13,14,13,13,13,13,14,13,13,13,13,14,13,0,50,48,50,48,49,49,47,47,47,47,48,46,50,51,50,52,52,54,53,53,54,53,51,52,49,49,48,48,0,0,0,0,0,0,0,52,53,52,55,52,55,52,54,52,52,51,51,51,50,52,51,50,48,48,47,49,49,50,48,48,49,49,49
20260726_153123_c36ca3,1785076409820939,1238211096,2,2,0,-47,128,0,14,14,14,14,13,13,13,13,13,13,14,14,14,14,14,15,15,15,15,15,15,15,15,14,13,14,0,0,0,0,0,0,0,0,0,0,0,14,14,15,15,16,15,15,15,14,15,14,13,13,13,13,13,13,13,13,13,14,14,13,14,14,14,0,50,52,50,49,49,47,49,48,49,49,49,50,51,51,53,53,53,55,54,54,53,54,54,53,51,49,48,47,0,0,0,0,0,0,0,53,55,54,55,54,55,56,54,54,53,54,52,52,50,52,52,49,49,49,48,47,50,48,49,49,49,50,49
20260726_153123_c36ca3,1785076409917185,1238311402,2,2,0,-47,128,0,14,14,14,13,13,13,13,13,13,13,14,14,14,14,15,15,16,16,16,16,15,15,15,14,14,13,0,0,0,0,0,0,0,0,0,0,0,15,15,15,15,15,15,16,15,15,14,14,14,14,14,14,13,13,13,13,14,14,14,13,13,14,14,0,48,50,49,50,48,49,47,48,48,48,48,49,52,51,50,52,54,55,54,54,53,54,53,52,50,50,48,48,0,0,0,0,0,0,0,54,54,55,56,55,56,55,54,55,52,54,52,51,51,49,50,49,49,49,47,49,48,48,49,48,49,49,49
20260726_153123_c36ca3,1785076410019657,1238411730,2,2,0,-46,128,0,13,13,13,13,13,13,12,12,12,12,13,13,13,13,14,14,14,14,15,15,14,14,14,14,14,13,0,0,0,0,0,0,0,0,0,0,0,14,15,14,14,15,15,14,14,14,14,14,13,14,13,13,13,12,12,13,13,13,12,12,13,13,13,0,49,47,49,47,49,48,49,46,48,46,48,49,49,51,50,53,53,54,55,56,55,55,52,52,52,51,47,47,0,0,0,0,0,0,0,54,54,53,56,53,57,55,56,55,53,54,53,51,51,52,50,50,47,49,47,49,47,47,49,47,48,48,49
20260726_153123_c36ca3,1785076410124229,1238515400,2,2,0,-46,128,0,13,13,13,13,13,13,13,12,13,13,13,13,13,13,13,14,15,15,15,15,15,14,14,14,14,13,0,0,0,0,0,0,0,0,0,0,0,15,15,15,16,15,15,15,15,14,15,14,14,14,14,13,13,14,13,13,13,13,13,13,13,13,13,0,48,52,50,49,47,50,47,49,48,49,49,49,51,51,52,52,56,54,55,55,57,55,55,53,51,50,51,49,0,0,0,0,0,0,0,57,57,56,55,57,56,58,55,57,55,54,55,52,51,52,51,49,51,47,48,48,48,49,49,49,51,50,48
20260726_153123_c36ca3,1785076410221952,1238612180,2,2,0,-46,128,0,13,13,13,13,13,13,13,13,13,13,14,14,13,14,14,14,14,14,14,15,15,15,15,14,14,13,0,0,0,0,0,0,0,0,0,0,0,16,15,16,15,15,15,15,15,15,15,15,15,14,13,14,13,13,13,13,14,14,14,13,13,13,13,0,49,50,47,48,48,49,47,49,47,48,49,48,51,50,52,52,54,53,55,53,54,55,54,52,51,49,50,49,0,0,0,0,0,0,0,55,54,55,54,57,55,56,54,57,56,54,53,53,52,50,50,47,48,47,48,48,48,48,47,48,49,50,47
20260726_153123_c36ca3,1785076410318825,1238711360,2,2,0,-46,128,0,13,13,13,13,13,13,13,14,13,13,13,13,13,13,13,15,15,15,15,15,15,14,15,14,14,13,0,0,0,0,0,0,0,0,0,0,0,15,16,15,16,16,15,15,15,15,15,14,14,14,14,13,13,14,14,14,13,13,13,13,13,13,13,0,50,50,48,49,48,48,47,47,47,48,48,48,51,51,51,52,55,53,55,53,55,54,54,55,51,49,49,49,0,0,0,0,0,0,0,55,54,55,55,57,58,57,56,57,55,54,54,52,52,51,50,49,48,48,48,47,48,48,47,47,49,50,48
20260726_153123_c36ca3,1785076410420483,1238811992,2,2,0,-46,128,0,13,13,13,13,13,12,13,13,13,12,12,13,13,13,13,14,14,14,14,15,15,14,14,14,13,13,0,0,0,0,0,0,0,0,0,0,0,15,15,14,15,15,14,15,15,14,13,13,13,13,13,13,13,13,12,12,12,12,13,12,13,13,13,0,49,48,47,49,48,48,46,46,48,48,49,47,50,51,52,53,52,54,54,55,55,54,52,51,51,50,47,47,0,0,0,0,0,0,0,55,54,54,56,55,56,55,56,54,54,53,52,52,52,50,51,49,48,50,47,47,47,47,47,49,47,48,49
20260726_153123_c36ca3,1785076410522603,1238912149,2,2,0,-46,128,0,13,13,13,13,13,13,13,13,13,13,13,13,13,13,13,13,14,14,14,14,14,14,14,14,14,13,0,0,0,0,0,0,0,0,0,0,0,15,15,15,16,16,15,15,15,15,14,14,14,14,14,13,14,13,12,12,12,13,13,13,13,13,13,0,49,47,49,49,48,48,48,45,48,47,50,48,49,50,50,53,52,54,55,54,55,54,50,53,51,51,46,47,0,0,0,0,0,0,0,55,55,55,56,56,58,55,59,57,54,53,52,53,53,51,51,50,48,49,47,49,49,47,46,47,48,48,49
20260726_153123_c36ca3,1785076410619193,1239011375,2,2,0,-46,128,0,12,12,13,13,13,13,13,13,13,13,13,13,13,13,13,13,14,14,14,14,15,14,14,14,13,13,0,0,0,0,0,0,0,0,0,0,0,14,14,15,15,15,15,14,14,14,14,14,13,13,13,13,13,12,12,12,12,12,12,12,13,13,13,0,49,51,49,49,49,49,49,49,49,50,48,49,51,51,53,52,56,54,55,56,54,54,53,54,51,49,48,48,0,0,0,0,0,0,0,55,54,56,57,57,56,56,55,55,55,54,54,53,51,51,51,49,49,47,47,48,49,49,49,48,49,50,49
20260726_153123_c36ca3,1785076410721622,1239112571,2,2,0,-46,128,0,13,13,13,13,13,13,13,13,14,13,13,14,14,14,14,14,15,15,15,14,15,15,14,14,13,13,0,0,0,0,0,0,0,0,0,0,0,15,14,15,15,15,14,15,14,14,14,14,14,13,13,13,14,13,13,13,13,13,13,13,13,13,13,0,48,48,50,47,48,50,48,48,47,48,48,49,51,51,50,52,54,55,54,56,54,55,54,52,52,50,49,49,0,0,0,0,0,0,0,56,54,54,53,56,56,56,55,55,55,53,53,51,50,49,49,51,48,48,48,47,47,49,47,47,48,49,48
20260726_153123_c36ca3,1785076410817005,1239211604,2,2,0,-46,128,0,14,14,15,14,14,14,13,13,13,13,14,14,14,14,15,15,15,16,16,16,15,15,15,15,15,15,0,0,0,0,0,0,0,0,0,0,0,16,16,16,16,16,16,16,15,15,15,15,15,14,14,14,13,13,13,13,13,13,14,14,14,14,14,0,50,50,49,49,49,49,47,48,48,51,50,49,50,51,53,54,54,54,56,56,56,55,54,53,51,50,50,48,0,0,0,0,0,0,0,56,56,55,56,57,57,56,55,55,55,53,53,53,52,49,49,48,49,48,48,48,47,49,48,49,50,49,48
20260726_153123_c36ca3,1785076410919103,1239311677,2,2,0,-46,128,0,14,15,14,13,13,13,14,14,14,14,14,14,14,14,15,15,16,16,16,16,16,16,15,15,15,15,0,0,0,0,0,0,0,0,0,0,0,15,16,16,16,15,15,15,15,14,15,15,14,14,14,14,14,13,13,13,13,14,14,13,14,14,14,0,50,50,51,51,50,50,48,48,49,49,51,51,51,52,54,52,57,56,57,58,57,56,54,55,53,52,51,49,0,0,0,0,0,0,0,56,56,55,55,55,56,55,56,56,54,53,52,52,52,51,50,49,48,48,48,47,50,46,48,47,49,49,49
20260726_153123_c36ca3,1785076411021121,1239413168,2,2,0,-46,128,0,14,14,14,14,14,14,13,13,13,13,13,14,14,14,15,15,15,15,16,15,15,16,15,15,15,14,0,0,0,0,0,0,0,0,0,0,0,15,14,14,14,15,14,14,14,14,13,13,13,13,13,12,13,13,13,13,13,13,13,13,13,13,13,0,49,52,50,50,49,52,50,49,50,51,52,52,53,53,54,55,58,58,59,59,58,57,55,56,53,52,52,50,0,0,0,0,0,0,0,55,55,55,55,56,54,56,55,54,53,53,52,50,50,49,50,47,48,47,47,47,47,47,48,49,50,48,50
20260726_153123_c36ca3,1785076411122168,1239511581,2,2,0,-46,128,0,14,14,14,13,14,13,13,13,14,14,14,14,14,14,15,15,16,16,16,16,15,16,16,15,15,14,0,0,0,0,0,0,0,0,0,0,0,15,14,15,15,15,14,14,14,14,14,14,13,13,13,13,13,13,12,13,13,13,13,13,13,14,14,0,48,50,49,50,49,50,48,48,48,51,51,50,51,53,53,55,55,55,58,57,58,57,57,52,52,49,51,50,0,0,0,0,0,0,0,53,53,50,54,52,55,54,52,53,51,49,50,49,49,48,47,47,48,45,46,47,46,46,47,48,49,48,48
20260726_153123_c36ca3,1785076411218310,1239611392,2,2,0,-46,128,0,13,13,13,13,12,12,12,12,12,12,13,13,14,14,14,14,15,15,15,15,15,14,14,14,13,13,0,0,0,0,0,0,0,0,0,0,0,14,14,14,14,14,14,14,13,13,13,13,13,13,12,12,12,12,12,12,12,12,12,12,12,13,12,0,48,49,48,50,47,48,48,49,48,50,50,48,50,52,53,53,54,55,57,57,56,55,54,54,53,51,50,48,0,0,0,0,0,0,0,52,51,54,55,53,53,55,52,52,51,51,50,51,49,48,47,45,46,46,45,46,44,47,46,46,46,47,48
20260726_153123_c36ca3,1785076411320285,1239710095,2,2,0,-46,128,0,13,13,13,13,13,13,13,13,13,12,14,14,14,14,14,14,14,14,15,15,15,14,14,15,13,13,0,0,0,0,0,0,0,0,0,0,0,15,15,16,15,15,14,14,14,14,14,14,13,13,13,13,13,12,12,13,13,13,13,13,13,13,13,0,49,49,48,49,50,50,50,50,47,49,49,50,51,52,52,52,55,55,55,55,54,55,54,55,51,51,50,49,0,0,0,0,0,0,0,56,54,55,54,54,55,55,54,54,53,52,51,50,49,50,50,49,49,47,46,47,49,48,48,48,48,48,47
20260726_153123_c36ca3,1785076411421760,1239812580,2,2,0,-46,128,0,13,13,13,12,12,12,13,13,13,13,13,13,13,14,14,14,14,14,15,15,15,15,14,14,13,13,0,0,0,0,0,0,0,0,0,0,0,14,14,14,14,14,14,14,13,13,13,13,13,13,13,13,12,12,12,12,12,12,13,12,13,13,13,0,51,49,51,49,51,50,50,47,49,49,50,49,53,52,52,54,55,56,54,56,55,56,53,53,53,51,48,48,0,0,0,0,0,0,0,54,55,53,54,55,55,56,53,54,52,53,50,50,49,51,49,49,49,48,46,48,49,48,49,47,50,51,50
20260726_153123_c36ca3,1785076411518759,1239911976,2,2,0,-46,128,0,14,14,14,13,14,13,13,13,13,13,13,13,13,13,13,15,15,15,15,15,15,15,14,14,14,13,0,0,0,0,0,0,0,0,0,0,0,15,14,14,15,14,15,14,14,14,14,14,14,14,13,13,13,13,12,13,13,13,13,13,13,14,14,0,51,49,49,50,49,49,49,50,48,50,50,51,52,52,51,54,54,54,55,55,55,56,54,53,51,51,49,48,0,0,0,0,0,0,0,55,55,54,53,53,56,54,54,54,52,52,52,52,50,49,49,49,49,47,46,48,47,48,48,48,50,50,48
20260726_153123_c36ca3,1785076411618564,1240012386,2,2,0,-46,128,0,13,13,13,13,13,14,14,13,13,13,13,14,14,14,14,14,15,15,15,15,15,15,15,14,14,13,0,0,0,0,0,0,0,0,0,0,0,15,14,15,16,15,14,14,13,14,15,14,13,13,13,13,13,13,13,13,14,12,12,13,13,13,13,0,50,50,54,49,51,52,51,52,50,51,52,51,51,53,51,55,55,57,57,55,55,55,54,53,52,51,51,50,0,0,0,0,0,0,0,54,56,52,58,54,54,57,56,57,56,49,50,47,52,50,49,48,48,47,47,51,50,47,50,51,50,51,50
20260726_153123_c36ca3,1785076411721687,1240114210,2,2,0,-46,128,0,14,14,14,13,13,13,13,13,13,13,13,13,13,14,14,14,14,14,14,15,15,15,14,14,14,13,0,0,0,0,0,0,0,0,0,0,0,14,14,15,15,14,14,14,14,14,14,14,14,13,13,12,13,13,13,13,12,13,13,13,13,14,13,0,51,51,50,49,50,50,51,50,49,51,50,52,51,53,52,54,56,57,55,55,55,57,55,54,51,50,50,48,0,0,0,0,0,0,0,54,52,53,53,52,54,54,53,54,51,51,51,51,50,49,49,47,46,45,47,47,49,47,48,48,49,49,49
20260726_153123_c36ca3,1785076411819263,1240212098,2,2,0,-46,128,0,13,14,14,13,13,13,13,13,13,13,13,13,14,14,15,15,15,16,15,15,15,15,15,14,14,14,0,0,0,0,0,0,0,0,0,0,0,14,16,15,15,15,14,14,14,14,14,14,14,14,13,13,13,13,13,13,13,13,13,13,14,14,13,0,50,49,49,49,48,48,50,48,50,49,49,51,52,52,49,55,57,55,54,55,52,54,53,53,52,49,50,47,0,0,0,0,0,0,0,47,48,54,49,56,52,52,55,54,51,51,50,49,48,49,48,47,45,47,43,46,47,46,47,46,47,48,49
20260726_153123_c36ca3,1785076411917171,1240311383,2,2,0,-46,128,0,13,12,13,12,13,13,13,13,13,12,13,13,13,14,14,14,14,16,15,15,15,15,14,14,14,14,0,0,0,0,0,0,0,0,0,0,0,13,14,13,13,13,13,14,13,13,13,13,13,12,12,12,12,12,12,12,12,12,12,11,12,13,13,0,51,49,49,51,48,48,49,48,51,49,50,49,52,52,52,54,55,56,57,58,57,56,53,52,53,53,46,47,0,0,0,0,0,0,0,50,51,51,51,50,53,52,52,52,51,51,48,49,48,48,48,46,46,46,45,45,44,45,46,47,45,47,49
20260726_153123_c36ca3,1785076412018865,1240412248,2,2,0,-45,128,0,15,14,15,14,14,14,14,14,15,14,15,14,15,16,15,16,16,16,16,16,16,16,15,15,15,15,0,0,0,0,0,0,0,0,0,0,0,14,15,15,16,15,16,15,15,15,14,14,14,14,14,14,14,14,13,13,13,14,14,14,14,14,14,0,50,52,50,51,48,49,48,50,52,50,51,51,54,53,54,54,57,56,58,57,56,57,54,52,52,50,48,47,0,0,0,0,0,0,0,53,52,53,53,55,52,53,54,54,52,52,51,51,51,48,49,48,49,47,47,45,48,48,46,49,50,49,50
20260726_153123_c36ca3,1785076412121027,1240513020,2,2,0,-46,128,0,13,13,13,13,13,13,13,13,13,13,14,13,14,14,14,15,15,15,15,14,14,14,13,13,13,13,0,0,0,0,0,0,0,0,0,0,0,13,14,14,13,13,13,13,13,13,13,13,13,13,13,12,12,12,12,12,12,13,13,13,13,13,14,0,50,50,50,50,51,49,50,48,49,50,52,49,51,51,52,54,55,55,56,54,55,52,51,51,49,49,46,44,0,0,0,0,0,0,0,51,50,50,51,51,54,51,52,51,52,51,50,49,50,47,47,47,47,48,47,48,48,48,46,49,50,49,50
20260726_153123_c36ca3,1785076412218289,1240612194,2,2,0,-46,128,0,14,14,14,14,14,14,14,14,14,13,13,13,14,14,14,14,15,15,15,14,14,15,14,14,13,13,0,0,0,0,0,0,0,0,0,0,0,14,13,14,14,14,13,13,13,13,14,13,13,13,13,13,13,13,13,13,13,13,13,13,14,14,13,0,53,53,56,52,53,53,53,52,51,50,52,53,53,53,53,55,56,55,55,56,54,54,52,54,49,48,49,47,0,0,0,0,0,0,0,51,52,51,52,52,53,53,54,54,53,53,52,52,51,51,51,51,51,51,50,52,52,51,52,51,55,54,56
20260726_153123_c36ca3,1785076412321160,1240711969,2,2,0,-46,128,0,13,13,13,13,13,13,12,13,12,13,13,13,13,14,14,14,14,14,14,14,14,13,13,13,13,12,0,0,0,0,0,0,0,0,0,0,0,12,13,13,13,13,13,13,13,13,13,13,13,13,12,13,13,12,12,12,13,13,13,13,13,13,13,0,53,49,52,49,51,51,49,51,49,50,51,50,49,52,53,55,53,56,55,54,54,52,52,51,50,50,46,46,0,0,0,0,0,0,0,49,50,49,51,51,52,50,51,51,50,50,49,49,48,48,48,49,47,49,46,50,48,48,48,50,51,51,51
20260726_153123_c36ca3,1785076412418896,1240812362,2,2,0,-46,128,0,14,14,13,14,13,13,13,13,13,13,13,14,14,14,14,14,15,14,15,14,14,14,14,14,13,12,0,0,0,0,0,0,0,0,0,0,0,12,12,12,12,12,12,13,13,13,13,13,13,12,13,12,12,12,12,13,13,12,13,13,13,13,13,0,55,52,54,53,52,53,51,51,51,52,52,52,53,54,54,55,58,57,57,57,56,55,54,54,51,49,48,47,0,0,0,0,0,0,0,50,46,49,47,49,52,54,46,51,49,52,50,50,48,50,49,47,49,48,49,49,49,50,53,53,53,52,54
20260726_153123_c36ca3,1785076412520763,1240912256,2,2,0,-45,128,0,14,14,13,13,13,13,13,13,13,13,13,13,13,13,13,13,14,14,14,14,13,13,13,13,12,12,0,0,0,0,0,0,0,0,0,0,0,12,12,13,13,13,13,13,13,13,13,13,13,13,13,13,13,13,12,12,12,13,13,13,13,13,13,0,55,51,54,53,52,51,51,50,51,51,52,50,51,52,53,54,54,54,55,55,55,52,50,50,50,48,45,45,0,0,0,0,0,0,0,48,47,49,49,48,50,49,50,50,50,49,50,50,51,50,49,49,50,48,49,49,49,49,50,50,52,53,53
20260726_153123_c36ca3,1785076412622898,1241011998,2,2,0,-46,128,0,13,14,14,13,13,13,13,13,14,14,14,14,14,14,14,14,15,15,15,14,15,15,14,14,13,13,0,0,0,0,0,0,0,0,0,0,0,13,12,13,14,14,14,13,13,13,13,14,13,14,13,13,13,13,13,13,13,13,13,13,13,14,13,0,52,54,54,53,52,52,52,53,51,53,53,53,53,54,55,55,58,56,57,57,55,56,56,55,50,49,51,48,0,0,0,0,0,0,0,47,48,48,48,49,50,51,49,50,50,50,50,48,49,49,48,48,48,46,48,50,50,50,51,51,51,53,51
20260726_153123_c36ca3,1785076412719169,1241112305,2,2,0,-45,128,0,14,14,14,14,14,14,14,14,14,14,14,14,15,15,15,15,15,15,15,15,15,15,15,14,14,13,0,0,0,0,0,0,0,0,0,0,0,14,13,14,14,14,14,14,14,14,14,14,14,14,13,12,13,13,13,13,13,13,13,13,14,14,14,0,50,54,51,53,50,50,50,52,53,53,52,52,54,53,54,54,55,55,57,55,57,56,54,53,51,50,49,46,0,0,0,0,0,0,0,51,49,51,50,52,51,51,51,51,50,51,51,49,50,48,48,46,49,47,48,47,48,49,50,50,50,50,52
20260726_153123_c36ca3,1785076412822045,1241212530,2,2,0,-46,128,0,13,14,13,13,13,13,13,13,14,14,14,13,13,13,14,14,14,14,14,14,14,14,13,13,13,13,0,0,0,0,0,0,0,0,0,0,0,14,15,15,16,15,15,15,14,14,14,14,14,14,14,14,14,13,13,13,13,13,13,14,14,14,13,0,53,53,52,52,50,53,51,50,50,50,51,50,51,51,53,53,55,52,53,54,54,52,51,52,46,47,47,47,0,0,0,0,0,0,0,55,55,54,55,56,57,57,55,56,55,54,55,53,53,52,50,51,51,50,49,51,51,51,52,50,52,52,53
20260726_153123_c36ca3,1785076412918624,1241311297,2,2,0,-46,128,0,15,14,14,13,13,13,13,13,13,13,13,13,13,13,13,14,14,14,14,14,13,13,14,13,13,13,0,0,0,0,0,0,0,0,0,0,0,14,14,14,14,14,14,14,14,13,13,13,13,13,13,13,13,13,13,13,13,14,14,14,14,14,14,0,54,52,50,52,51,52,51,50,50,50,50,50,51,51,52,53,52,53,52,53,52,53,52,50,48,47,47,44,0,0,0,0,0,0,0,50,51,50,53,51,51,51,52,51,52,52,51,50,51,51,49,50,49,50,49,48,49,50,49,52,52,52,52
20260726_153123_c36ca3,1785076413020250,1241413348,2,2,0,-47,128,0,14,15,14,15,14,14,14,14,14,14,14,14,15,15,16,16,15,16,15,15,15,15,15,14,14,14,0,0,0,0,0,0,0,0,0,0,0,14,14,14,14,14,14,14,14,13,14,14,14,14,13,13,13,13,14,13,14,14,14,14,14,14,15,0,54,53,54,53,54,55,52,52,53,51,55,54,54,54,56,57,56,58,58,56,57,55,52,52,50,51,47,46,0,0,0,0,0,0,0,50,53,50,50,52,52,51,51,53,50,52,50,51,49,49,48,50,49,50,51,51,50,50,51,53,51,51,51
20260726_153123_c36ca3,1785076413120808,1241512577,2,2,0,-46,128,0,13,13,13,13,13,13,13,13,13,13,13,13,14,13,14,14,14,14,15,14,15,14,14,13,13,13,0,0,0,0,0,0,0,0,0,0,0,13,13,13,14,13,13,14,13,14,14,13,13,12,12,12,12,12,12,12,13,12,13,12,13,13,13,0,51,49,51,53,49,49,52,48,52,52,49,52,54,52,51,55,58,52,56,56,58,54,53,54,51,49,49,44,0,0,0,0,0,0,0,52,52,52,53,54,53,53,53,54,51,53,52,50,49,49,49,48,48,47,47,48,48,49,50,50,49,52,51
20260726_153123_c36ca3,1785076413223902,1241613976,2,2,0,-47,128,0,14,14,14,14,13,13,13,13,13,13,13,13,14,14,14,14,15,15,15,14,15,14,15,15,14,13,0,0,0,0,0,0,0,0,0,0,0,13,13,13,14,14,13,13,13,13,13,12,12,13,13,13,12,11,12,12,12,12,13,13,13,14,14,0,50,51,49,50,51,51,50,50,50,50,50,49,51,52,52,54,56,56,56,57,57,56,54,53,53,51,47,48,0,0,0,0,0,0,0,50,51,51,51,53,52,51,51,51,50,50,48,48,48,47,47,45,46,45,45,47,46,47,47,48,49,50,50
20260726_153123_c36ca3,1785076413321147,1241714630,2,2,0,-46,128,0,14,14,14,14,14,14,14,14,13,14,14,14,14,14,14,15,15,15,15,15,14,14,14,13,13,12,0,0,0,0,0,0,0,0,0,0,0,12,13,13,13,13,13,13,13,12,13,13,12,13,13,13,12,12,12,12,12,12,13,12,13,14,14,0,52,53,54,54,54,54,53,54,54,53,54,53,55,56,55,56,56,56,56,58,56,56,52,53,53,49,48,46,0,0,0,0,0,0,0,48,50,49,50,51,51,51,50,49,49,50,49,49,48,47,47,48,47,46,47,48,49,49,50,51,52,52,53
20260726_153123_c36ca3,1785076413420107,1241812182,2,2,0,-46,128,0,13,13,14,13,13,13,13,13,13,13,13,14,14,14,14,15,14,15,14,14,14,14,13,13,13,13,0,0,0,0,0,0,0,0,0,0,0,13,13,14,14,13,13,13,13,13,12,12,12,12,11,11,11,11,11,12,12,11,12,12,12,13,13,0,52,51,52,50,52,52,51,50,51,51,51,51,52,54,54,57,54,57,57,56,55,54,53,53,51,49,46,47,0,0,0,0,0,0,0,51,50,50,51,51,51,49,50,50,49,48,45,46,46,46,48,46,45,46,44,48,45,46,47,48,47,49,49
20260726_153123_c36ca3,1785076413521867,1241912190,2,2,0,-47,128,0,14,14,14,14,14,14,14,14,14,14,14,14,14,14,14,15,15,15,15,15,14,14,13,13,13,12,0,0,0,0,0,0,0,0,0,0,0,12,12,12,12,12,13,12,13,12,12,12,11,12,12,12,11,12,12,12,12,13,13,13,13,14,14,0,53,56,55,53,52,57,53,55,53,53,56,54,54,55,55,56,56,57,58,55,56,54,53,50,50,48,46,46,0,0,0,0,0,0,0,48,47,45,47,48,48,48,47,48,47,47,48,47,47,47,47,47,46,47,45,48,49,50,50,51,52,53,52
20260726_153123_c36ca3,1785076413623979,1242013205,2,2,0,-47,128,0,14,14,14,14,14,14,14,14,14,14,14,14,15,15,15,15,16,16,16,16,16,16,15,16,14,14,0,0,0,0,0,0,0,0,0,0,0,12,12,13,13,13,13,12,12,12,12,12,12,12,12,11,11,11,11,12,12,13,13,13,13,14,13,0,53,53,54,55,55,55,55,55,55,55,56,56,58,59,57,61,59,60,62,61,60,59,57,57,54,53,51,50,0,0,0,0,0,0,0,47,45,44,47,45,47,46,46,44,44,45,45,44,44,44,44,45,43,43,44,46,46,49,48,48,51,52,51
20260726_153123_c36ca3,1785076413725545,1242116258,2,2,0,-48,128,0,14,14,14,15,15,14,14,14,14,14,14,14,14,14,15,15,15,15,15,15,15,15,14,14,13,13,0,0,0,0,0,0,0,0,0,0,0,12,12,12,12,12,11,11,11,11,11,11,11,12,12,12,12,12,12,13,13,13,13,13,14,14,14,0,55,56,54,54,54,56,55,55,54,54,57,54,56,58,59,57,58,58,59,58,57,56,55,54,52,49,49,47,0,0,0,0,0,0,0,47,47,46,46,46,46,47,44,45,45,46,47,44,44,45,43,45,44,44,45,47,48,48,51,51,52,52,51
20260726_153123_c36ca3,1785076413822433,1242213486,2,2,0,-46,128,0,14,15,14,14,14,14,14,14,14,15,15,15,15,15,15,15,16,16,16,16,16,15,16,15,15,15,0,0,0,0,0,0,0,0,0,0,0,12,12,12,12,12,12,12,13,12,12,12,12,12,12,12,12,12,13,13,13,14,13,13,14,14,14,0,55,54,54,53,55,55,53,55,54,54,55,55,56,57,57,58,59,60,58,59,59,59,57,56,54,53,51,51,0,0,0,0,0,0,0,45,46,44,44,45,46,46,46,46,46,46,47,45,46,45,45,47,47,46,46,47,49,48,48,50,51,52,51
20260726_153123_c36ca3,1785076413920383,1242313335,2,2,0,-45,128,0,13,13,15,13,14,14,14,14,14,14,14,15,15,15,15,16,15,16,16,15,15,16,15,14,14,14,0,0,0,0,0,0,0,0,0,0,0,13,13,13,13,13,13,13,12,13,12,13,12,12,12,12,12,13,12,13,13,13,13,13,13,13,13,0,50,50,52,52,54,53,50,51,51,51,52,51,53,56,52,56,55,60,59,57,57,56,53,53,52,53,48,50,0,0,0,0,0,0,0,49,49,48,49,48,50,48,50,49,47,49,48,47,46,47,47,48,44,47,44,49,48,48,48,47,50,49,50
20260726_153123_c36ca3,1785076414023103,1242412832,2,2,0,-46,128,0,15,15,15,14,14,14,14,14,15,14,15,14,15,16,16,16,16,16,16,16,16,15,15,15,15,13,0,0,0,0,0,0,0,0,0,0,0,13,13,13,14,14,14,14,13,14,13,14,14,14,13,13,13,13,13,13,13,13,13,14,14,14,15,0,54,54,54,54,53,54,53,53,54,53,55,52,52,55,56,58,57,58,58,58,57,56,55,53,51,51,49,48,0,0,0,0,0,0,0,48,46,45,46,47,48,46,49,47,47,49,47,48,49,46,48,47,48,49,49,48,49,48,48,50,50,51,53
20260726_153123_c36ca3,1785076414120192,1242511997,2,2,0,-48,128,0,14,15,14,15,14,14,15,14,15,15,15,15,15,16,16,16,16,16,16,16,15,16,16,15,15,14,0,0,0,0,0,0,0,0,0,0,0,11,11,11,11,11,11,11,11,11,11,11,11,11,11,11,12,11,12,13,12,12,13,13,14,14,14,0,54,56,54,55,54,56,56,55,55,56,58,56,59,59,57,58,60,63,63,60,61,60,58,57,55,54,53,52,0,0,0,0,0,0,0,43,44,41,41,42,41,42,42,43,41,41,42,42,43,44,44,45,44,45,44,46,48,48,49,48,52,53,54
20260726_153123_c36ca3,1785076414218131,1242611656,2,2,0,-49,128,0,16,16,15,15,14,15,16,15,16,16,16,16,16,16,16,17,17,17,16,16,16,16,15,15,15,14,0,0,0,0,0,0,0,0,0,0,0,12,12,12,12,12,11,11,12,12,11,12,12,12,12,12,12,12,12,12,12,12,13,13,13,14,14,0,55,55,57,55,57,57,57,56,58,56,58,58,57,61,59,61,62,62,63,62,62,60,57,57,55,54,50,50,0,0,0,0,0,0,0,45,46,44,46,46,45,44,46,45,43,46,43,44,45,43,43,45,45,45,44,46,46,48,49,50,51,53,54
20260726_153123_c36ca3,1785076414320607,1242711813,2,2,0,-51,128,0,13,13,14,14,14,14,14,14,14,14,14,14,14,15,15,15,15,16,16,16,16,16,15,15,14,14,0,0,0,0,0,0,0,0,0,0,0,13,13,12,12,12,12,12,11,11,11,11,11,11,11,10,11,11,11,11,12,12,11,12,12,12,13,0,28,27,27,28,28,28,28,28,27,28,28,28,28,28,30,30,30,32,32,32,31,30,30,30,28,28,27,26,0,0,0,0,0,0,0,26,25,25,24,25,24,23,23,23,22,22,22,21,22,20,21,21,21,21,22,22,22,23,23,24,25,25,26
20260726_153123_c36ca3,1785076414420331,1242811731,2,2,0,-55,128,0,13,13,13,13,12,12,12,12,12,13,13,13,13,12,13,13,13,14,14,14,13,13,14,14,13,12,0,0,0,0,0,0,0,0,0,0,0,16,16,16,15,15,15,14,14,14,13,13,13,12,12,12,12,11,11,11,11,11,12,13,13,13,13,0,25,24,24,24,25,24,24,24,24,24,23,24,23,24,24,25,25,27,27,26,26,25,26,25,24,24,23,23,0,0,0,0,0,0,0,32,31,30,30,30,30,29,29,28,27,27,25,25,24,23,23,22,22,23,23,23,22,22,22,23,24,23,24
20260726_153123_c36ca3,1785076414521242,1242911863,2,2,0,-56,128,0,12,12,13,13,12,13,12,12,13,12,13,13,13,13,13,14,13,14,14,15,14,14,14,14,14,14,0,0,0,0,0,0,0,0,0,0,0,17,17,17,16,15,15,14,13,13,13,12,12,12,10,11,11,11,10,10,10,11,11,11,11,12,12,0,49,49,49,52,50,50,49,49,49,51,52,49,52,50,53,54,55,56,57,57,56,57,57,58,54,53,53,52,0,0,0,0,0,0,0,70,67,66,65,65,62,61,57,57,54,50,50,48,47,43,42,42,43,40,42,42,44,44,43,45,47,46,47
20260726_153123_c36ca3,1785076414622783,1243012037,2,2,0,-53,128,0,12,11,11,11,12,12,11,11,11,10,12,11,11,11,11,11,11,11,12,12,12,12,11,11,11,12,0,0,0,0,0,0,0,0,0,0,0,21,21,21,21,20,20,19,19,18,18,17,16,16,15,15,14,14,14,13,13,13,13,13,13,13,13,0,23,22,21,21,20,20,19,20,20,19,20,19,19,19,20,21,21,21,21,21,21,21,21,19,21,19,19,19,0,0,0,0,0,0,0,37,37,37,37,37,37,36,35,34,34,33,32,30,29,27,26,26,25,24,24,24,23,23,23,23,22,23,22
20260726_153123_c36ca3,1785076414719591,1243113493,2,2,0,-56,128,0,12,12,12,12,12,13,13,13,12,12,12,12,13,12,13,13,14,14,14,13,13,14,13,13,12,12,0,0,0,0,0,0,0,0,0,0,0,16,16,16,16,15,15,14,13,13,12,12,12,11,11,11,11,10,10,11,11,11,11,11,12,12,12,0,23,23,25,25,25,25,25,24,24,24,26,24,25,25,25,25,26,27,28,27,27,27,25,26,25,24,23,22,0,0,0,0,0,0,0,34,33,33,33,32,32,30,30,29,27,26,25,25,24,22,23,23,22,22,21,22,22,22,22,22,23,23,24
20260726_153123_c36ca3,1785076414821783,1243212055,2,2,0,-60,128,0,14,14,15,15,15,15,15,15,15,15,15,15,15,15,15,15,15,16,16,16,15,15,15,14,14,14,0,0,0,0,0,0,0,0,0,0,0,13,12,11,11,10,10,9,9,9,8,8,9,9,9,10,10,10,10,12,12,12,12,12,13,13,14,0,57,58,58,58,57,56,58,58,58,58,57,57,59,61,60,62,61,62,61,61,61,59,57,55,53,51,48,49,0,0,0,0,0,0,0,56,54,51,48,47,45,42,39,37,35,35,35,34,34,36,37,40,40,40,40,43,44,46,47,48,50,53,53
20260726_153123_c36ca3,1785076414917312,1243312099,2,2,0,-51,128,0,16,15,16,16,16,16,16,15,16,15,16,16,16,16,16,16,16,17,16,16,16,15,15,14,14,13,0,0,0,0,0,0,0,0,0,0,0,9,9,9,9,9,9,9,10,10,10,10,11,11,11,11,12,12,12,13,13,13,14,14,14,15,15,0,29,29,30,29,30,30,29,29,29,29,30,29,29,30,30,31,31,31,31,30,30,29,28,27,27,26,25,24,0,0,0,0,0,0,0,17,17,16,16,17,17,18,18,19,19,20,19,20,22,21,21,21,23,23,23,24,25,24,26,26,27,27,28
20260726_153123_c36ca3,1785076415020055,1243411802,2,2,0,-47,128,0,14,15,15,14,15,14,14,14,14,14,14,13,13,14,14,15,15,15,14,14,14,13,13,12,12,11,0,0,0,0,0,0,0,0,0,0,0,12,13,12,13,13,12,12,12,12,12,13,13,13,13,12,12,12,12,13,13,13,14,14,14,14,15,0,56,56,55,57,55,55,55,54,54,54,55,53,54,55,56,54,55,55,56,54,52,51,49,49,47,46,43,43,0,0,0,0,0,0,0,48,47,47,46,47,49,48,48,48,46,48,48,48,47,49,49,47,48,47,48,51,50,49,52,53,54,55,54
20260726_153123_c36ca3,1785076415122221,1243511570,2,2,0,-45,128,0,15,15,15,15,15,15,15,15,14,14,14,14,14,15,15,15,15,15,15,14,15,15,15,14,14,13,0,0,0,0,0,0,0,0,0,0,0,14,13,14,14,15,14,14,14,14,14,14,14,14,14,13,13,13,13,13,13,14,14,14,14,14,15,0,52,53,52,53,52,54,53,51,52,52,51,52,53,53,53,54,54,56,55,55,53,53,50,50,49,47,45,43,0,0,0,0,0,0,0,48,51,50,51,51,52,52,54,53,50,51,50,50,50,50,50,50,48,48,48,48,49,49,50,51,52,52,51
20260726_153123_c36ca3,1785076415218889,1243611838,2,2,0,-47,128,0,15,15,15,14,15,14,14,14,14,14,14,15,15,15,14,16,16,16,15,15,15,15,15,15,14,13,0,0,0,0,0,0,0,0,0,0,0,13,13,13,13,13,13,13,13,13,12,13,12,12,12,12,12,12,12,12,12,13,14,13,14,14,14,0,52,56,54,55,55,56,53,56,54,57,56,55,56,55,57,58,59,59,59,60,59,59,58,55,53,51,51,49,0,0,0,0,0,0,0,49,50,48,47,50,49,49,48,49,47,48,50,47,47,47,48,45,47,45,47,48,49,50,50,51,52,52,52
20260726_153123_c36ca3,1785076415320880,1243715008,2,2,0,-48,128,0,14,15,15,15,15,15,15,15,14,14,15,15,15,15,15,15,16,15,16,16,16,15,15,15,14,14,0,0,0,0,0,0,0,0,0,0,0,12,11,12,12,12,11,12,11,11,12,12,11,13,12,12,12,12,12,12,13,13,13,14,14,14,14,0,57,54,55,56,56,56,57,56,55,56,57,56,55,57,58,58,60,59,59,58,57,57,55,54,53,52,48,47,0,0,0,0,0,0,0,45,44,43,43,44,44,44,45,44,43,44,44,43,44,45,45,45,45,45,44,46,49,48,50,49,51,52,51
20260726_153123_c36ca3,1785076415422201,1243811782,2,2,0,-48,128,0,13,14,14,14,14,14,14,14,14,13,14,14,14,15,15,15,15,15,15,15,14,14,14,14,13,13,0,0,0,0,0,0,0,0,0,0,0,13,13,13,13,14,12,12,12,12,12,12,11,12,12,12,12,11,11,12,12,12,12,12,13,13,13,0,52,53,54,53,54,54,53,54,54,54,56,55,57,57,56,58,58,58,59,59,57,57,55,54,50,51,49,47,0,0,0,0,0,0,0,52,51,51,51,51,53,52,50,50,49,49,47,46,47,46,46,45,44,44,44,45,47,46,48,47,50,51,51
20260726_153123_c36ca3,1785076415518632,1243911425,2,2,0,-47,128,0,14,14,14,14,14,15,15,15,15,15,15,15,15,16,16,16,16,16,16,16,16,15,15,15,15,14,0,0,0,0,0,0,0,0,0,0,0,14,14,14,14,14,14,14,13,12,12,12,12,12,13,13,13,13,13,13,13,13,13,13,14,14,14,0,53,54,56,55,55,54,55,55,55,54,56,56,55,58,57,58,59,60,60,60,59,58,56,56,53,53,50,49,0,0,0,0,0,0,0,53,49,51,51,51,52,53,50,50,50,51,47,50,48,47,46,45,47,48,47,47,47,47,49,49,51,52,54
20260726_153123_c36ca3,1785076415620547,1244012255,2,2,0,-45,128,0,14,15,14,14,14,14,14,14,14,14,14,14,14,14,14,14,14,15,15,15,15,15,13,13,12,12,0,0,0,0,0,0,0,0,0,0,0,12,12,12,13,13,12,12,12,12,13,12,12,12,12,12,12,12,12,12,12,12,14,12,14,14,14,0,52,54,55,55,54,55,53,53,52,54,53,54,54,54,55,56,56,55,57,54,55,54,53,52,48,45,46,43,0,0,0,0,0,0,0,47,48,46,45,48,48,49,48,49,48,48,49,48,48,49,48,47,49,47,48,48,49,50,50,52,53,53,53
20260726_153123_c36ca3,1785076415723351,1244112302,2,2,0,-46,128,0,14,13,13,14,13,14,13,13,13,13,13,12,12,13,14,14,13,13,14,13,14,12,13,13,13,13,0,0,0,0,0,0,0,0,0,0,0,11,12,12,13,12,12,13,13,13,12,13,13,12,12,12,12,12,11,12,13,12,13,13,13,13,14,0,56,52,53,53,54,53,52,50,54,52,53,52,53,53,54,56,55,56,56,57,55,53,50,50,50,48,43,43,0,0,0,0,0,0,0,47,47,47,48,47,49,49,50,50,50,48,48,49,49,48,49,48,48,48,48,49,49,49,50,50,51,53,52
20260726_153123_c36ca3,1785076415820001,1244211876,2,2,0,-48,128,0,15,15,15,15,15,15,15,14,14,16,15,15,15,15,16,15,16,16,16,15,15,15,15,14,13,13,0,0,0,0,0,0,0,0,0,0,0,14,14,14,14,14,14,14,14,14,14,14,14,14,13,13,13,13,13,13,13,14,14,14,14,14,15,0,55,55,56,54,54,54,53,54,56,54,54,55,55,55,57,54,55,57,57,56,55,55,52,51,48,48,45,42,0,0,0,0,0,0,0,49,51,51,51,51,50,52,53,52,50,51,49,50,49,47,49,48,49,49,48,49,48,48,50,52,52,52,55
20260726_153123_c36ca3,1785076415921826,1244312893,2,2,0,-48,128,0,14,15,15,14,15,15,15,15,15,14,15,15,16,16,15,17,16,16,16,15,15,16,14,15,14,14,0,0,0,0,0,0,0,0,0,0,0,14,13,13,14,13,13,13,12,13,12,12,12,12,13,13,13,13,13,13,13,13,13,13,14,14,14,0,55,55,55,55,54,55,56,55,54,56,56,54,56,58,58,57,58,57,59,61,56,56,54,55,55,51,47,47,0,0,0,0,0,0,0,46,47,40,49,48,52,50,48,50,46,48,47,48,47,48,47,46,48,48,49,50,49,50,51,51,54,53,54
20260726_153123_c36ca3,1785076416021593,1244412039,2,2,0,-46,128,0,14,14,14,14,14,14,14,14,13,13,14,14,14,14,14,15,16,15,14,15,14,14,15,14,14,12,0,0,0,0,0,0,0,0,0,0,0,13,13,13,13,13,13,14,13,12,12,12,12,13,13,13,13,12,12,12,13,13,13,13,13,13,13,0,52,53,52,52,54,55,51,52,53,52,53,53,54,53,54,55,57,54,55,54,53,53,52,50,51,46,48,44,0,0,0,0,0,0,0,51,47,47,46,51,49,52,48,53,45,47,52,47,47,47,45,47,46,44,44,48,48,48,49,49,49,51,49
20260726_153123_c36ca3,1785076416118241,1244511914,2,2,0,-47,128,0,15,15,15,15,14,14,14,14,14,14,15,15,15,14,15,15,14,15,15,15,14,14,13,13,14,13,0,0,0,0,0,0,0,0,0,0,0,16,16,16,17,16,16,16,16,16,16,15,15,14,15,15,15,14,14,14,14,14,14,14,15,15,15,0,55,53,53,51,54,52,52,50,53,51,52,50,52,52,51,53,52,55,52,52,51,51,48,46,48,48,41,41,0,0,0,0,0,0,0,56,58,59,59,57,60,58,58,57,57,55,53,55,54,52,52,52,51,52,50,52,51,50,53,51,51,51,55
20260726_153123_c36ca3,1785076416221181,1244611354,2,2,0,-47,128,0,15,15,15,15,15,15,15,15,15,14,15,14,15,15,14,15,15,15,15,15,15,15,15,13,13,13,0,0,0,0,0,0,0,0,0,0,0,14,14,14,15,14,14,14,14,14,14,14,14,13,13,13,14,13,13,13,13,14,14,15,15,15,15,0,54,56,55,55,53,55,52,53,54,54,54,52,53,52,54,55,54,54,57,54,53,53,52,50,50,48,46,46,0,0,0,0,0,0,0,55,55,53,52,54,53,53,53,54,52,50,52,50,52,49,48,48,50,49,49,49,50,52,52,53,53,53,54
20260726_153123_c36ca3,1785076416323470,1244712981,2,2,0,-47,128,0,14,15,14,14,14,14,14,14,13,14,13,13,14,14,15,14,15,14,15,15,15,15,15,14,13,13,0,0,0,0,0,0,0,0,0,0,0,15,15,15,15,15,14,14,14,14,14,14,13,13,13,13,13,12,12,12,13,13,14,13,14,14,14,0,52,53,52,52,51,53,50,51,52,52,52,51,53,53,53,53,55,55,55,55,55,54,53,53,50,49,50,47,0,0,0,0,0,0,0,57,56,55,55,55,55,54,54,53,51,52,51,50,48,49,49,47,46,47,47,48,47,48,48,49,50,49,50
20260726_153123_c36ca3,1785076416419990,1244812278,2,2,0,-47,128,0,14,14,14,14,14,14,14,13,14,13,14,14,14,14,15,15,15,15,15,16,16,15,15,15,14,14,0,0,0,0,0,0,0,0,0,0,0,15,15,16,16,15,15,16,15,14,14,14,14,14,13,13,13,13,13,13,13,13,14,14,14,14,14,0,51,52,51,50,50,48,49,50,50,50,51,51,50,51,54,54,56,57,57,56,56,55,55,54,53,52,51,49,0,0,0,0,0,0,0,56,55,57,57,57,57,55,55,54,53,53,53,53,50,49,49,47,50,48,47,48,48,48,48,49,49,51,51
20260726_153123_c36ca3,1785076416522568,1244912064,2,2,0,-47,128,0,14,14,14,14,14,14,14,14,14,15,15,14,15,14,15,15,15,16,16,16,16,16,15,15,15,15,0,0,0,0,0,0,0,0,0,0,0,15,16,16,16,16,16,16,15,15,15,14,14,13,13,13,13,13,14,13,13,14,13,14,13,13,13,0,50,50,48,50,48,48,49,49,52,51,51,50,53,54,55,53,55,55,57,58,56,56,56,53,55,52,49,49,0,0,0,0,0,0,0,56,55,56,55,55,55,56,54,54,53,54,52,49,50,49,48,48,49,46,46,46,46,45,49,46,45,47,46
20260726_153123_c36ca3,1785076416618398,1245011907,2,2,0,-48,128,0,14,14,15,15,14,15,14,14,15,15,15,15,15,15,16,16,17,16,17,16,17,16,16,16,15,14,0,0,0,0,0,0,0,0,0,0,0,14,14,14,13,13,13,13,13,13,12,12,13,12,12,12,13,12,11,12,13,13,13,13,14,14,14,0,27,27,27,29,28,28,29,28,28,30,29,29,30,29,30,31,32,30,33,31,32,30,31,29,29,28,27,27,0,0,0,0,0,0,0,27,25,26,24,26,25,26,25,25,24,23,23,23,24,21,24,22,24,22,22,22,24,24,23,25,24,25,24
20260726_153123_c36ca3,1785076416720419,1245113089,2,2,0,-48,128,0,12,13,13,13,12,12,12,12,13,13,13,13,13,13,14,14,14,15,15,15,15,14,15,15,14,14,0,0,0,0,0,0,0,0,0,0,0,14,14,14,13,13,13,13,13,13,12,12,12,11,11,11,11,11,11,11,11,11,11,11,11,12,13,0,49,48,49,51,48,49,50,49,52,51,49,51,52,52,55,57,56,55,58,59,58,59,57,54,55,55,53,51,0,0,0,0,0,0,0,54,52,52,52,52,52,52,51,51,49,50,48,47,46,45,46,44,44,43,44,43,42,45,45,46,45,46,46
20260726_153123_c36ca3,1785076416823156,1245212447,2,2,0,-44,128,0,14,15,14,14,14,14,14,14,14,14,14,14,14,14,15,15,15,15,15,15,15,15,15,14,14,14,0,0,0,0,0,0,0,0,0,0,0,15,14,15,15,15,15,15,15,14,15,14,13,13,13,13,13,13,13,13,13,13,14,13,14,14,14,0,52,53,53,52,54,54,53,53,51,52,53,53,54,54,53,56,55,57,57,57,56,55,53,53,50,49,48,47,0,0,0,0,0,0,0,51,53,52,51,53,56,52,54,52,52,51,48,51,50,49,47,48,48,48,47,49,49,50,48,49,51,51,50
20260726_153123_c36ca3,1785076416919682,1245311773,2,2,0,-44,128,0,13,14,13,13,13,14,14,14,14,14,14,14,14,15,15,15,16,16,16,16,16,15,16,15,15,14,0,0,0,0,0,0,0,0,0,0,0,16,16,16,15,15,15,15,14,14,14,14,14,13,13,13,13,13,13,13,13,13,13,13,14,14,14,0,51,50,51,50,52,52,51,52,51,51,52,53,53,56,54,57,57,59,58,58,58,57,54,54,53,53,48,48,0,0,0,0,0,0,0,57,55,55,57,55,57,55,56,54,54,53,50,50,50,49,48,48,46,46,45,46,46,45,48,46,48,49,49
20260726_153123_c36ca3,1785076417021910,1245411779,2,2,0,-43,128,0,15,15,15,15,14,15,15,14,15,15,15,15,16,16,16,16,16,16,17,17,16,16,16,15,15,14,0,0,0,0,0,0,0,0,0,0,0,14,14,14,14,14,15,15,14,14,13,13,13,14,13,13,13,13,14,14,14,13,13,14,14,14,14,0,54,53,53,53,51,53,52,51,53,53,54,53,55,56,56,58,57,58,60,60,58,58,55,55,54,53,49,49,0,0,0,0,0,0,0,47,46,47,50,51,51,50,50,53,51,48,48,48,46,48,48,47,45,50,46,48,49,47,52,49,51,50,50
20260726_153123_c36ca3,1785076417117487,1245511853,2,2,0,-46,128,0,13,13,13,13,13,13,13,13,13,13,14,14,14,14,14,15,16,16,16,16,15,14,14,14,14,13,0,0,0,0,0,0,0,0,0,0,0,11,11,11,11,11,11,11,11,11,11,11,10,10,10,11,11,11,10,11,11,12,12,12,13,13,13,0,52,54,52,55,54,54,56,55,56,57,55,56,58,59,59,58,62,62,62,62,63,61,60,58,57,54,55,52,0,0,0,0,0,0,0,47,45,45,44,45,44,45,44,45,44,43,42,43,43,43,42,40,42,41,43,43,44,47,45,48,49,49,51
20260726_153123_c36ca3,1785076417220223,1245612240,2,2,0,-46,128,0,15,15,15,15,15,15,15,14,14,14,14,14,15,16,16,16,16,16,16,16,16,16,15,15,15,14,0,0,0,0,0,0,0,0,0,0,0,15,15,15,15,14,14,14,14,14,14,14,14,13,13,13,13,13,13,13,13,13,13,14,14,15,15,0,53,54,54,54,52,53,53,54,52,55,54,53,55,54,57,56,57,56,60,58,58,57,55,55,52,50,49,48,0,0,0,0,0,0,0,53,53,53,53,54,54,52,52,53,51,51,50,51,50,47,48,48,51,49,48,48,48,48,50,51,50,52,51
20260726_153123_c36ca3,1785076417323170,1245713889,2,2,0,-47,128,0,14,14,14,14,14,14,14,14,14,14,14,15,15,15,16,16,17,16,17,17,16,17,16,16,15,15,0,0,0,0,0,0,0,0,0,0,0,14,13,14,14,14,13,13,13,12,13,12,12,12,12,12,12,12,12,12,12,12,12,12,13,13,14,0,51,50,52,51,54,52,51,53,52,53,55,54,56,60,57,60,59,62,62,62,62,60,60,59,58,57,55,54,0,0,0,0,0,0,0,50,50,49,51,49,50,48,49,49,47,46,45,45,44,45,44,44,43,43,42,44,45,45,46,45,48,48,47
20260726_153123_c36ca3,1785076417419029,1245810922,2,2,0,-45,128,0,13,13,13,12,13,13,13,13,13,13,13,14,14,14,14,14,14,14,15,15,15,15,14,14,13,13,0,0,0,0,0,0,0,0,0,0,0,15,15,15,15,15,15,14,14,14,14,13,13,13,13,12,12,12,12,12,12,12,13,12,13,13,13,0,49,49,50,47,50,48,49,49,49,49,51,50,52,54,51,55,54,56,55,55,55,55,53,53,51,49,46,47,0,0,0,0,0,0,0,57,56,58,59,57,59,57,57,55,55,55,52,51,51,50,51,49,48,48,45,49,46,47,47,45,49,49,48
20260726_153123_c36ca3,1785076417524281,1245913252,2,2,0,-44,128,0,14,14,14,13,13,13,13,13,13,13,13,13,13,13,14,14,15,15,14,14,14,14,14,14,14,13,0,0,0,0,0,0,0,0,0,0,0,13,13,14,14,14,14,14,14,14,14,14,14,13,13,13,13,13,12,12,13,13,12,12,13,13,13,0,51,51,50,50,51,51,50,50,48,50,51,50,51,52,52,53,54,56,55,55,55,54,52,53,51,49,47,46,0,0,0,0,0,0,0,53,52,51,51,53,54,53,54,53,52,52,52,51,50,51,50,50,49,49,47,50,49,50,50,48,50,50,48
20260726_153123_c36ca3,1785076417621008,1246012400,2,2,0,-44,128,0,13,13,13,13,13,12,12,12,12,12,12,12,13,13,13,14,13,14,14,14,13,13,14,13,13,12,0,0,0,0,0,0,0,0,0,0,0,15,15,16,15,15,15,15,14,15,15,14,14,14,14,13,13,13,13,13,13,13,13,12,13,13,13,0,52,49,49,50,49,49,49,48,49,48,48,48,50,51,51,53,51,52,53,53,52,51,50,48,49,48,45,44,0,0,0,0,0,0,0,53,53,56,55,56,57,56,57,58,56,57,54,55,53,54,51,52,50,48,47,49,48,49,49,47,48,47,48
20260726_153123_c36ca3,1785076417722910,1246112489,2,2,0,-45,128,0,12,14,13,13,13,13,13,13,13,13,13,13,13,14,14,15,15,15,15,15,15,14,14,14,14,13,0,0,0,0,0,0,0,0,0,0,0,16,17,16,16,16,16,16,16,15,15,14,13,14,13,12,13,13,13,12,12,12,12,13,13,13,13,0,45,46,45,48,48,47,48,48,47,45,47,50,51,49,50,52,55,54,57,55,53,55,51,52,48,47,45,46,0,0,0,0,0,0,0,59,59,59,57,59,59,58,58,60,57,55,56,53,52,52,51,48,48,47,46,46,43,45,46,46,46,46,46
20260726_153123_c36ca3,1785076417820214,1246212463,2,2,0,-46,128,0,12,12,12,12,12,12,12,12,13,13,13,13,13,13,14,14,14,14,15,15,15,14,14,14,14,13,0,0,0,0,0,0,0,0,0,0,0,14,14,15,15,15,14,14,13,13,13,13,13,12,12,11,12,12,12,12,11,11,12,12,12,12,12,0,48,48,47,48,48,49,48,49,49,50,52,50,51,51,56,55,57,57,59,58,58,54,57,55,52,51,51,48,0,0,0,0,0,0,0,58,56,55,55,59,56,57,56,57,54,53,52,51,50,49,48,46,49,46,47,44,46,46,45,47,47,47,48
20260726_153123_c36ca3,1785076417921970,1246314978,2,2,0,-45,128,0,13,13,13,13,13,12,12,12,13,13,13,13,13,14,14,14,14,14,14,14,14,13,13,13,13,13,0,0,0,0,0,0,0,0,0,0,0,14,14,15,15,14,15,15,14,14,14,13,13,13,13,13,13,12,12,12,12,12,12,12,13,13,13,0,48,48,48,49,48,48,48,46,47,48,49,49,49,50,51,53,53,53,55,54,55,52,51,50,49,49,46,45,0,0,0,0,0,0,0,54,54,54,56,57,57,57,57,57,55,54,53,53,50,50,50,48,48,48,48,48,47,47,46,48,49,49,49
20260726_153123_c36ca3,1785076418019061,1246412106,2,2,0,-46,128,0,13,13,13,13,13,13,14,14,14,14,14,14,14,14,14,14,14,14,15,14,14,14,14,14,13,12,0,0,0,0,0,0,0,0,0,0,0,14,15,15,15,15,15,14,14,14,14,14,14,14,13,14,14,13,13,13,13,13,13,13,13,13,14,0,49,48,51,49,51,51,51,49,49,51,49,51,50,51,52,52,54,52,55,53,52,52,52,51,45,45,44,43,0,0,0,0,0,0,0,54,52,52,54,55,55,56,54,55,53,52,54,51,51,52,50,50,49,49,48,49,50,50,49,49,51,52,51
20260726_153123_c36ca3,1785076418120284,1246512231,2,2,0,-47,128,0,13,14,14,14,14,14,14,14,14,14,15,15,15,16,16,16,17,17,17,16,17,17,16,16,15,15,0,0,0,0,0,0,0,0,0,0,0,11,11,11,11,11,10,10,10,10,10,10,10,10,10,10,10,10,10,11,11,11,11,11,11,13,13,0,49,53,53,54,51,56,54,56,56,59,58,58,60,59,63,62,65,64,64,65,65,62,63,61,59,56,56,53,0,0,0,0,0,0,0,45,45,43,40,45,42,44,43,42,41,40,41,40,39,39,40,40,42,37,40,41,41,44,43,45,47,48,48
20260726_153123_c36ca3,1785076418217616,1246612073,2,2,0,-47,128,0,13,13,14,13,14,14,14,14,14,14,14,14,14,14,15,15,15,15,16,16,15,15,14,14,14,13,0,0,0,0,0,0,0,0,0,0,0,16,16,16,16,17,17,16,16,15,15,15,15,15,14,14,14,14,14,14,13,13,13,13,14,14,14,0,50,49,50,50,49,48,49,49,49,50,51,52,51,52,52,54,52,56,56,55,55,52,51,50,50,49,45,43,0,0,0,0,0,0,0,56,57,56,58,57,59,56,59,56,57,56,52,54,52,51,50,48,49,48,46,48,48,46,48,47,49,47,47
20260726_153123_c36ca3,1785076418320564,1246711546,2,2,0,-48,128,0,14,14,15,14,14,15,14,15,15,15,15,14,14,15,15,16,16,17,16,16,16,16,15,14,15,15,0,0,0,0,0,0,0,0,0,0,0,14,14,14,16,14,14,14,14,14,14,14,14,13,13,13,13,13,13,13,14,13,13,14,13,14,14,0,50,51,52,53,51,51,49,51,51,52,52,54,53,55,56,57,57,58,59,58,56,57,55,54,54,53,50,49,0,0,0,0,0,0,0,50,51,52,50,52,54,52,53,52,52,51,50,48,49,48,52,46,46,44,45,46,49,48,47,48,47,49,49
20260726_153123_c36ca3,1785076418423000,1246812389,2,2,0,-47,128,0,14,14,14,15,14,14,14,14,14,14,14,14,14,16,16,16,16,16,16,16,16,16,16,16,16,15,0,0,0,0,0,0,0,0,0,0,0,13,13,13,13,13,13,13,13,13,13,13,13,13,13,13,13,13,13,13,13,13,14,13,14,14,14,0,53,54,54,51,52,53,50,52,52,53,54,52,54,55,56,58,59,59,60,60,60,58,58,57,57,56,54,53,0,0,0,0,0,0,0,45,44,46,47,47,49,48,51,49,50,51,49,48,50,48,49,48,49,48,49,48,48,48,50,50,50,50,51
20260726_153123_c36ca3,1785076418519174,1246911181,2,2,0,-49,128,0,14,14,14,14,14,14,14,14,14,14,14,13,13,14,14,14,14,14,14,14,14,13,13,13,13,12,0,0,0,0,0,0,0,0,0,0,0,11,11,11,12,11,12,12,11,11,11,12,12,11,11,11,11,12,11,12,12,12,12,13,13,13,13,0,57,54,56,56,55,55,55,55,55,55,56,54,56,56,55,59,56,57,56,58,56,54,54,50,50,49,47,45,0,0,0,0,0,0,0,43,45,44,45,45,44,45,47,45,46,48,47,46,47,47,46,48,46,48,46,47,48,47,50,51,51,54,54
20260726_153123_c36ca3,1785076418621937,1247012192,2,2,0,-54,128,0,15,15,15,15,15,15,15,15,15,15,15,15,15,15,15,15,15,15,15,15,14,15,13,13,13,12,0,0,0,0,0,0,0,0,0,0,0,13,13,12,12,11,11,9,10,9,9,9,9,9,8,9,9,10,10,10,10,11,12,13,13,13,13,0,59,59,58,61,60,60,61,61,59,59,61,60,61,59,62,62,62,61,61,60,58,58,55,54,50,50,48,45,0,0,0,0,0,0,0,59,56,53,51,50,47,45,43,40,38,38,37,36,36,37,37,37,39,39,40,42,44,45,48,48,51,53,53
20260726_153123_c36ca3,1785076418718622,1247112686,2,2,0,-49,128,0,14,14,14,14,13,13,13,13,13,13,12,12,12,12,13,12,13,12,12,12,12,11,11,11,10,10,0,0,0,0,0,0,0,0,0,0,0,16,15,16,16,16,15,16,14,14,14,15,14,14,13,13,13,13,13,13,13,13,13,13,13,14,14,0,53,53,52,53,50,49,50,50,49,49,47,47,46,47,45,46,45,47,46,45,47,40,41,39,40,38,37,37,0,0,0,0,0,0,0,59,58,58,58,58,59,60,57,57,57,55,55,54,54,52,53,52,52,52,51,51,50,51,50,54,53,53,51
20260726_153123_c36ca3,1785076418821831,1247212305,2,2,0,-50,128,0,16,16,16,15,16,15,15,14,14,14,14,13,13,14,14,14,14,14,13,13,13,13,13,13,12,12,0,0,0,0,0,0,0,0,0,0,0,14,14,14,15,14,14,14,14,14,14,14,15,14,14,14,14,15,15,15,14,14,16,16,16,16,16,0,57,57,56,58,51,52,53,53,51,53,53,50,52,50,52,50,52,52,50,49,50,48,47,44,44,43,38,37,0,0,0,0,0,0,0,52,49,51,51,49,50,52,52,52,52,54,51,52,52,53,52,51,52,52,53,50,54,55,56,55,53,56,55
20260726_153123_c36ca3,1785076418923381,1247313449,2,2,0,-66,128,0,13,13,14,14,14,15,15,15,15,15,16,16,16,16,17,17,18,18,17,18,17,16,15,15,14,13,0,0,0,0,0,0,0,0,0,0,0,16,14,14,13,11,10,9,9,7,6,7,7,7,8,8,9,9,9,10,10,10,10,11,11,12,12,0,26,25,27,27,27,28,28,29,29,29,31,31,31,32,33,33,34,34,34,34,32,31,30,28,27,26,25,25,0,0,0,0,0,0,0,31,29,29,28,26,24,22,19,17,16,14,13,13,14,14,15,16,17,18,18,19,19,20,19,21,22,23,24
20260726_153123_c36ca3,1785076419018578,1247411792,2,2,0,-57,128,0,13,12,13,13,12,13,12,11,12,12,12,12,11,12,13,13,14,13,14,13,13,13,12,12,12,11,0,0,0,0,0,0,0,0,0,0,0,17,17,18,17,17,16,15,15,15,15,14,14,13,13,12,12,12,12,12,12,12,12,13,12,12,12,0,26,25,25,21,24,26,22,24,27,24,21,22,26,23,23,24,23,24,25,24,24,24,23,22,21,22,21,19,0,0,0,0,0,0,0,31,31,31,33,30,31,30,31,29,29,28,26,27,24,24,22,24,23,22,24,23,23,25,24,25,23,26,22
20260726_153123_c36ca3,1785076419121330,1247511962,2,2,0,-60,128,0,15,15,16,16,16,16,15,15,15,15,15,15,15,15,16,17,17,17,17,17,17,16,16,15,15,14,0,0,0,0,0,0,0,0,0,0,0,5,5,5,5,6,6,6,7,7,7,8,8,9,9,10,11,11,11,12,12,12,13,13,14,14,15,0,29,30,30,31,30,30,29,31,29,30,30,30,30,30,31,30,33,32,33,32,33,32,32,30,29,28,28,26,0,0,0,0,0,0,0,13,11,11,11,10,11,11,11,13,14,15,15,16,17,19,20,20,21,20,22,23,24,24,26,26,27,28,28
20260726_153123_c36ca3,1785076419217851,1247612041,2,2,0,-54,128,0,16,16,15,16,15,14,14,14,14,14,13,13,13,13,14,14,14,13,13,13,13,13,13,12,12,11,0,0,0,0,0,0,0,0,0,0,0,8,8,9,9,9,9,10,11,11,12,11,12,12,13,12,13,13,13,13,13,14,14,14,15,15,15,0,60,60,59,59,57,56,56,54,54,56,54,52,53,52,53,53,55,54,53,52,52,50,49,47,46,44,42,42,0,0,0,0,0,0,0,31,34,33,33,33,34,38,37,41,41,43,45,47,47,48,50,50,52,51,52,52,54,54,55,57,59,60,59
20260726_153123_c36ca3,1785076419319255,1247711937,2,2,0,-60,128,0,14,14,14,13,13,13,13,12,12,11,11,11,10,10,10,10,9,9,8,8,8,7,6,6,4,4,0,0,0,0,0,0,0,0,0,0,0,18,17,18,17,17,17,17,17,15,17,16,16,16,15,15,15,14,14,14,15,15,15,14,14,14,14,0,26,27,26,25,25,25,24,23,22,21,21,20,19,19,19,18,19,18,18,16,15,13,12,11,9,8,5,4,0,0,0,0,0,0,0,34,33,27,33,35,37,34,33,30,29,32,30,33,31,29,30,29,28,27,28,28,28,28,28,27,28,27,27
20260726_153123_c36ca3,1785076419422927,1247812409,2,2,0,-56,128,0,13,13,13,13,13,13,13,13,12,12,11,11,12,12,12,12,12,12,13,12,12,11,11,11,10,9,0,0,0,0,0,0,0,0,0,0,0,16,16,15,15,14,15,14,14,14,14,14,14,13,13,13,13,13,13,13,13,13,13,13,13,13,13,0,53,51,52,50,51,49,48,47,50,47,47,47,47,48,45,47,47,48,48,47,47,45,41,41,40,37,33,33,0,0,0,0,0,0,0,63,63,62,61,58,61,58,59,57,54,54,52,52,52,53,51,52,49,49,49,51,49,51,51,48,50,51,50
20260726_153123_c36ca3,1785076419519763,1247912011,2,2,0,-58,128,0,16,17,16,16,16,16,16,16,16,16,15,15,15,14,15,15,15,14,14,14,13,13,12,11,11,10,0,0,0,0,0,0,0,0,0,0,0,15,14,14,13,13,13,13,13,14,13,13,14,14,14,14,14,15,14,14,14,15,15,16,16,16,16,0,60,60,60,59,60,59,57,57,57,56,57,55,53,55,52,54,53,53,52,52,47,45,43,41,39,35,33,29,0,0,0,0,0,0,0,58,58,51,56,49,53,51,48,48,48,48,50,49,48,49,47,52,50,51,50,53,52,52,54,56,56,59,60
20260726_153123_c36ca3,1785076419620776,1248012172,2,2,0,-59,128,0,10,10,11,11,11,12,12,12,12,12,13,13,13,14,14,14,15,15,16,16,16,15,15,15,14,13,0,0,0,0,0,0,0,0,0,0,0,23,21,21,20,20,18,18,17,16,15,15,13,13,12,11,11,11,11,11,11,10,10,10,10,10,11,0,19,21,19,20,20,21,21,22,22,22,23,23,24,24,26,26,27,28,28,28,28,28,27,27,25,25,24,22,0,0,0,0,0,0,0,40,41,39,38,37,38,36,32,33,30,28,28,27,24,24,23,21,22,21,20,20,19,18,19,19,18,19,19
20260726_153123_c36ca3,1785076419723408,1248112390,2,2,0,-56,128,0,13,13,13,13,13,13,13,13,12,12,11,12,12,12,12,12,12,13,12,13,12,12,12,11,11,11,0,0,0,0,0,0,0,0,0,0,0,20,20,21,20,19,18,18,18,17,17,16,16,15,15,14,15,14,13,13,14,14,13,13,13,13,13,0,24,24,22,22,23,23,23,23,23,22,22,22,23,22,22,22,23,24,24,23,23,22,21,21,22,20,19,18,0,0,0,0,0,0,0,36,34,36,38,38,35,37,34,32,33,32,29,30,30,29,28,26,27,25,25,25,25,25,24,24,24,23,23
20260726_153123_c36ca3,1785076419820446,1248212141,2,2,0,-60,128,0,10,11,11,11,11,11,11,11,11,11,11,11,12,12,12,12,12,12,13,13,13,13,12,12,11,11,0,0,0,0,0,0,0,0,0,0,0,22,21,22,21,21,20,19,19,18,16,16,15,15,13,13,14,12,12,13,12,12,11,12,12,11,10,0,20,20,21,20,20,21,20,21,20,22,22,22,22,22,22,22,23,24,23,24,24,23,24,23,21,21,20,18,0,0,0,0,0,0,0,44,43,42,43,41,42,39,38,36,34,33,31,30,28,28,27,25,26,24,24,23,23,22,22,22,21,21,20
20260726_153123_c36ca3,1785076419916819,1248312337,2,2,0,-63,128,0,10,11,11,13,12,14,14,14,14,14,16,16,16,16,17,17,18,18,18,18,18,19,17,17,15,15,0,0,0,0,0,0,0,0,0,0,0,19,18,18,17,15,14,13,12,10,9,8,7,6,5,5,5,5,4,4,5,5,6,6,7,8,9,0,20,22,22,25,25,26,27,27,28,28,30,30,30,31,33,33,34,35,35,35,35,34,33,33,31,30,28,27,0,0,0,0,0,0,0,38,37,36,34,33,30,29,26,24,22,20,17,15,13,12,11,9,9,9,9,9,9,10,10,13,15,15,17
20260726_153123_c36ca3,1785076420019187,1248412296,2,2,0,-62,128,0,13,13,13,13,13,13,13,13,13,13,13,13,13,13,13,14,13,14,14,14,14,13,13,12,12,12,0,0,0,0,0,0,0,0,0,0,0,22,21,20,20,19,18,17,15,14,14,13,13,12,12,12,11,12,11,12,11,11,12,11,12,12,12,0,25,24,25,24,24,25,25,25,24,23,24,24,25,25,25,25,26,27,26,27,26,25,25,25,23,21,21,21,0,0,0,0,0,0,0,42,40,38,38,38,35,34,33,30,28,27,26,23,23,22,21,21,21,21,21,21,21,21,22,23,22,23,23
20260726_153123_c36ca3,1785076420120303,1248511138,2,2,0,-55,128,0,13,13,13,14,14,14,14,14,14,14,14,14,14,15,15,15,16,16,16,16,16,15,15,14,14,13,0,0,0,0,0,0,0,0,0,0,0,10,10,10,10,10,10,10,10,10,10,10,10,10,10,10,10,10,11,11,12,12,12,12,13,13,13,0,26,27,26,27,26,28,26,26,27,28,27,27,28,29,30,30,31,31,31,31,31,30,30,28,28,28,26,25,0,0,0,0,0,0,0,22,21,21,20,21,21,21,21,20,20,20,21,20,20,21,21,21,22,21,21,22,22,23,23,24,26,26,25
20260726_153123_c36ca3,1785076420222695,1248612431,2,2,0,-51,128,0,13,13,13,13,13,13,14,14,14,14,13,14,14,14,14,15,15,14,15,15,15,14,14,14,14,13,0,0,0,0,0,0,0,0,0,0,0,14,14,14,14,14,14,14,14,14,14,13,14,14,14,13,13,13,12,12,12,13,13,13,13,13,13,0,50,52,51,52,51,50,50,50,50,51,52,52,52,55,53,55,56,57,57,56,57,56,54,54,52,50,48,48,0,0,0,0,0,0,0,53,52,52,52,52,53,51,53,52,51,51,51,50,49,49,50,48,48,48,48,48,47,50,49,49,49,51,51
20260726_153123_c36ca3,1785076420319632,1248712478,2,2,0,-51,128,0,14,14,15,15,14,14,14,14,14,14,15,14,15,15,16,15,15,16,15,14,15,14,14,13,14,13,0,0,0,0,0,0,0,0,0,0,0,14,15,15,15,14,14,14,14,14,13,14,14,13,13,13,13,13,13,13,13,13,14,14,14,14,14,0,53,54,55,55,54,53,50,54,52,52,53,52,53,57,52,61,55,60,57,56,56,61,54,53,46,52,45,44,0,0,0,0,0,0,0,55,56,67,54,55,56,54,55,54,51,56,51,54,52,50,52,51,52,50,48,50,52,54,50,51,55,55,56
20260726_153123_c36ca3,1785076420419736,1248812112,2,2,0,-50,128,0,14,13,13,13,13,14,12,12,12,12,13,13,13,13,13,14,14,14,14,14,14,14,14,14,14,13,0,0,0,0,0,0,0,0,0,0,0,14,14,14,14,15,15,14,14,14,14,14,14,14,14,13,13,13,13,13,13,13,13,13,13,14,14,0,51,52,51,51,48,49,49,48,47,49,49,48,49,52,50,52,52,54,54,56,53,54,52,53,51,50,49,49,0,0,0,0,0,0,0,53,54,52,53,52,56,55,55,54,54,54,53,54,51,52,49,51,50,49,47,51,50,49,50,51,51,50,51
20260726_153123_c36ca3,1785076420526277,1248915760,2,2,0,-48,128,0,13,14,14,13,13,14,14,14,14,14,14,14,14,14,14,14,15,14,15,15,15,15,15,15,14,13,0,0,0,0,0,0,0,0,0,0,0,13,13,14,14,14,14,14,14,14,14,13,13,13,13,13,13,12,13,13,13,13,13,13,13,13,13,0,51,54,51,52,53,51,51,52,51,51,52,53,54,53,55,56,57,56,57,58,56,56,56,53,53,50,50,50,0,0,0,0,0,0,0,51,51,50,51,53,53,53,53,51,52,53,52,51,49,50,50,50,49,47,48,50,49,49,50,50,52,52,51
20260726_153123_c36ca3,1785076420622940,1249012551,2,2,0,-49,128,0,14,14,14,15,14,14,14,14,14,14,13,14,14,14,14,14,14,14,15,14,15,15,14,13,13,13,0,0,0,0,0,0,0,0,0,0,0,16,16,16,15,15,15,15,15,15,15,14,14,14,14,13,14,13,14,13,13,14,14,14,14,14,15,0,51,54,52,50,49,53,48,49,49,50,49,48,49,50,51,50,51,52,52,55,53,52,51,49,47,46,44,44,0,0,0,0,0,0,0,58,58,57,57,57,57,58,57,55,55,54,53,52,52,50,50,49,50,49,49,49,50,51,50,51,51,51,54
20260726_153123_c36ca3,1785076420719928,1249112199,2,2,0,-49,128,0,14,14,14,14,14,14,14,13,14,14,14,14,14,15,15,15,16,16,16,16,16,16,15,15,14,14,0,0,0,0,0,0,0,0,0,0,0,14,13,14,14,14,14,14,14,13,14,14,14,14,13,13,13,13,13,14,13,13,14,13,14,14,14,0,52,54,52,50,50,52,51,51,50,49,50,50,54,53,54,53,55,55,56,56,55,55,55,53,53,51,49,49,0,0,0,0,0,0,0,50,50,49,50,50,51,51,48,51,48,51,50,50,49,50,49,49,48,48,47,48,49,49,51,51,52,52,52
20260726_153123_c36ca3,1785076420822811,1249212451,2,2,0,-49,128,0,13,14,13,13,13,13,13,13,13,12,12,13,13,14,14,14,14,14,14,14,14,14,14,13,13,13,0,0,0,0,0,0,0,0,0,0,0,14,13,14,14,13,14,14,14,14,14,14,14,14,13,13,13,13,13,13,13,13,13,13,13,13,13,0,51,51,51,50,52,49,50,49,49,49,50,49,51,50,52,51,54,56,54,56,55,55,55,54,51,50,50,50,0,0,0,0,0,0,0,54,52,54,52,53,54,54,53,52,53,50,51,51,52,50,50,48,49,48,49,49,49,48,49,48,51,50,49
20260726_153123_c36ca3,1785076420920133,1249312256,2,2,0,-49,128,0,14,14,14,14,13,13,13,13,14,13,14,14,14,14,14,15,14,15,15,15,15,15,15,15,14,14,0,0,0,0,0,0,0,0,0,0,0,15,15,15,16,16,15,15,15,15,14,14,14,14,14,14,14,14,14,14,14,14,14,14,14,14,14,0,54,51,52,49,50,49,49,48,48,50,51,50,50,52,51,56,54,55,55,57,55,54,51,53,53,53,48,48,0,0,0,0,0,0,0,55,54,54,57,53,55,55,58,56,57,54,53,54,53,51,52,51,50,52,49,50,51,49,50,50,49,52,52
20260726_153123_c36ca3,1785076421022545,1249412227,2,2,0,-49,128,0,14,14,14,13,13,13,13,13,13,13,13,13,14,14,14,14,14,14,14,14,14,14,14,14,13,13,0,0,0,0,0,0,0,0,0,0,0,14,15,14,14,15,14,15,15,15,15,15,14,14,14,14,14,13,13,13,14,14,14,13,14,14,14,0,52,52,50,52,50,51,49,51,47,50,49,50,51,52,50,50,55,54,55,55,56,55,55,53,49,49,50,48,0,0,0,0,0,0,0,54,54,53,53,55,56,57,55,54,55,52,53,53,54,52,51,50,51,49,50,50,51,50,51,49,53,50,50
20260726_153123_c36ca3,1785076421119270,1249512345,2,2,0,-49,128,0,14,14,14,14,14,13,13,13,13,13,13,13,13,13,13,14,13,14,14,14,14,14,14,13,13,13,0,0,0,0,0,0,0,0,0,0,0,14,14,15,15,15,14,14,14,14,14,14,14,14,14,13,13,13,13,13,14,13,14,13,14,14,14,0,49,50,48,50,48,49,49,48,47,48,47,49,50,49,52,50,54,52,54,52,52,51,53,49,49,47,49,45,0,0,0,0,0,0,0,54,53,52,51,55,55,55,55,54,54,52,53,53,52,51,50,49,49,49,49,50,50,50,49,51,50,52,50
20260726_153123_c36ca3,1785076421221391,1249612210,2,2,0,-49,128,0,14,15,15,13,13,13,13,13,13,13,14,14,14,14,14,15,15,14,15,15,15,15,14,14,14,13,0,0,0,0,0,0,0,0,0,0,0,14,14,15,15,15,14,15,15,15,15,14,14,14,15,15,14,14,14,14,14,14,14,14,14,15,15,0,50,52,52,49,51,51,49,47,48,48,48,49,49,51,51,52,52,52,55,53,53,52,52,52,49,47,48,47,0,0,0,0,0,0,0,51,51,51,53,55,56,54,56,56,55,54,54,54,54,53,52,53,52,51,51,50,51,51,51,52,52,53,52
20260726_153123_c36ca3,1785076421322748,1249713297,2,2,0,-48,128,0,13,13,14,13,13,12,12,12,12,13,14,13,13,14,14,14,15,15,13,15,15,15,14,14,13,13,0,0,0,0,0,0,0,0,0,0,0,13,13,12,15,14,14,13,14,13,14,13,13,13,12,13,13,13,13,11,13,12,13,12,12,13,13,0,52,50,54,48,49,47,49,49,47,47,49,51,49,52,54,56,53,55,49,55,55,63,55,55,52,51,48,49,0,0,0,0,0,0,0,44,50,54,53,49,52,55,58,56,56,47,49,48,52,54,46,51,47,47,48,46,51,49,50,53,51,52,48
20260726_153123_c36ca3,1785076421419154,1249812113,2,2,0,-48,128,0,14,14,14,13,13,13,13,13,13,13,13,14,14,13,13,14,15,14,14,15,15,15,14,14,13,13,0,0,0,0,0,0,0,0,0,0,0,15,15,15,16,15,15,15,15,15,15,14,14,14,13,13,14,14,14,14,14,13,14,14,13,14,14,0,52,52,52,50,50,50,49,48,49,49,47,48,49,50,50,52,52,53,53,52,54,53,53,51,51,49,47,47,0,0,0,0,0,0,0,54,56,56,59,55,58,56,58,57,55,58,54,54,56,52,52,53,51,52,50,51,50,50,52,51,51,52,55
20260726_153123_c36ca3,1785076421521383,1249912370,2,2,0,-48,128,0,13,12,12,13,13,13,13,12,13,13,13,12,13,13,14,14,14,14,14,14,14,14,13,13,13,13,0,0,0,0,0,0,0,0,0,0,0,13,13,14,14,14,13,13,13,13,13,13,13,12,12,12,12,12,11,11,12,12,12,13,13,13,13,0,51,49,48,51,48,48,47,47,48,49,50,50,49,51,52,54,54,55,56,57,54,55,54,51,51,51,49,47,0,0,0,0,0,0,0,52,52,51,51,52,52,51,51,53,53,53,52,50,52,49,50,47,50,48,48,45,47,48,49,47,49,49,49
20260726_153123_c36ca3,1785076421618349,1250012201,2,2,0,-50,128,0,14,14,14,13,13,13,13,13,14,14,14,14,14,14,14,14,15,15,15,15,15,16,14,15,14,14,0,0,0,0,0,0,0,0,0,0,0,15,14,15,15,15,15,15,14,14,14,14,14,14,14,14,13,13,13,14,14,14,14,13,14,14,14,0,52,53,51,52,51,51,49,49,49,49,50,49,52,51,53,55,55,55,57,56,58,57,55,54,53,52,51,50,0,0,0,0,0,0,0,56,56,54,53,55,55,55,52,54,53,52,54,52,51,51,52,49,49,49,49,49,50,48,50,50,50,52,50
20260726_153123_c36ca3,1785076421721148,1250112453,2,2,0,-51,128,0,13,13,13,13,13,13,13,13,13,13,13,13,13,13,14,14,14,15,15,15,15,15,15,15,14,14,0,0,0,0,0,0,0,0,0,0,0,17,17,17,17,17,17,17,16,16,16,16,15,15,15,14,14,14,13,13,13,13,13,13,13,13,14,0,24,24,23,24,24,24,23,23,24,24,24,23,24,25,25,25,26,26,27,27,28,27,27,26,26,26,25,24,0,0,0,0,0,0,0,32,31,32,31,32,32,31,31,31,30,29,29,28,28,26,26,25,26,24,24,24,24,24,25,25,24,24,24
20260726_153123_c36ca3,1785076421822380,1250215153,2,2,0,-53,128,0,13,13,12,12,12,12,11,11,11,12,11,11,12,12,12,12,12,13,13,13,13,12,12,12,12,11,0,0,0,0,0,0,0,0,0,0,0,19,19,19,18,19,18,17,17,16,16,16,15,15,15,14,14,15,14,14,14,13,13,13,12,12,12,0,24,24,23,22,22,22,22,21,22,21,21,21,21,21,23,23,23,24,23,24,23,23,23,23,22,21,21,21,0,0,0,0,0,0,0,36,36,35,35,36,35,35,34,34,33,32,31,30,30,29,28,27,27,26,26,25,24,24,24,24,25,24,23
20260726_153123_c36ca3,1785076421918495,1250312269,2,2,0,-56,128,0,11,12,11,12,12,11,11,11,11,11,12,11,11,12,12,12,13,13,13,12,12,12,11,11,11,10,0,0,0,0,0,0,0,0,0,0,0,17,17,16,16,16,16,16,16,14,15,14,15,14,13,13,12,12,13,12,13,12,13,12,12,13,12,0,48,43,47,44,47,45,43,44,42,44,44,44,44,47,46,46,47,49,48,49,48,47,44,43,42,40,38,38,0,0,0,0,0,0,0,61,66,60,59,64,66,62,60,60,57,60,55,58,54,53,54,60,48,52,45,53,51,47,48,44,45,50,44
20260726_153123_c36ca3,1785076422023913,1250416930,2,2,0,-64,128,0,12,12,12,12,12,12,13,13,13,13,14,14,14,15,15,16,17,17,18,18,18,18,17,16,16,16,0,0,0,0,0,0,0,0,0,0,0,16,16,14,13,13,12,11,10,9,9,8,8,9,9,8,9,9,10,10,10,10,11,11,11,11,11,0,24,24,25,24,24,25,25,26,26,26,27,27,28,29,31,31,32,34,34,34,35,35,34,32,32,31,31,30,0,0,0,0,0,0,0,34,34,31,29,28,25,24,22,20,19,17,17,16,16,16,16,17,17,18,19,19,20,21,21,22,21,22,22
20260726_153123_c36ca3,1785076422120757,1250512144,2,2,0,-61,128,0,9,9,10,10,12,10,11,12,10,12,12,11,11,11,11,12,12,12,13,12,12,12,13,11,11,11,0,0,0,0,0,0,0,0,0,0,0,20,20,20,20,19,18,17,16,16,15,15,14,14,13,12,12,12,11,11,11,11,11,11,11,11,10,0,19,19,21,19,23,21,20,20,21,22,21,21,22,23,22,23,23,23,24,23,24,23,23,22,22,21,22,18,0,0,0,0,0,0,0,41,38,38,38,36,38,36,34,33,31,31,29,28,26,26,25,25,24,23,22,22,22,22,21,21,20,21,19
20260726_153123_c36ca3,1785076422223184,1250614664,2,2,0,-63,128,0,6,7,7,7,8,9,8,9,8,8,9,9,9,10,10,10,11,9,11,9,11,10,10,8,9,9,0,0,0,0,0,0,0,0,0,0,0,24,23,23,23,22,21,19,18,16,16,15,14,13,12,11,11,9,9,9,9,8,8,8,8,8,7,0,14,15,15,14,16,17,16,16,18,17,17,19,18,20,17,19,21,19,17,19,21,15,18,18,15,18,16,17,0,0,0,0,0,0,0,49,48,47,47,46,45,43,41,39,38,35,32,30,28,26,24,24,22,20,20,19,19,19,18,16,16,16,15
20260726_153123_c36ca3,1785076422320613,1250712934,2,2,0,-60,128,0,12,11,11,11,10,10,10,9,8,9,8,8,8,8,8,8,7,7,7,7,6,6,6,6,6,6,0,0,0,0,0,0,0,0,0,0,0,23,23,23,23,22,22,21,21,19,18,18,17,16,16,16,15,14,13,14,14,13,13,13,13,12,13,0,22,19,19,21,17,16,19,17,17,16,15,16,14,15,14,15,12,14,13,14,12,13,11,9,12,12,10,10,0,0,0,0,0,0,0,44,43,43,43,43,44,41,41,39,38,36,34,34,32,29,29,29,27,27,25,25,25,25,24,24,25,24,23
20260726_153123_c36ca3,1785076422423095,1250812805,2,2,0,-57,128,0,13,11,11,12,10,11,11,11,11,10,10,11,11,11,11,11,11,11,11,11,11,12,11,11,11,11,0,0,0,0,0,0,0,0,0,0,0,22,21,22,22,22,21,20,19,19,18,18,17,16,16,16,16,14,13,14,14,13,13,13,13,13,13,0,22,22,22,21,20,20,17,19,18,20,20,18,19,20,21,20,20,20,21,21,21,21,18,19,19,19,18,18,0,0,0,0,0,0,0,40,40,40,40,40,41,38,39,37,35,34,33,33,30,30,29,28,27,27,25,25,24,26,24,23,24,23,22
20260726_153123_c36ca3,1785076422521537,1250912231,2,2,0,-53,128,0,14,14,13,13,12,12,12,12,12,12,12,12,12,12,12,12,12,12,12,12,12,12,11,11,11,11,0,0,0,0,0,0,0,0,0,0,0,17,19,18,18,18,18,18,17,17,17,16,16,15,15,15,15,14,14,14,14,14,14,14,14,14,14,0,25,23,24,23,23,22,22,22,21,22,22,21,21,21,22,22,22,22,22,21,22,21,21,20,19,19,18,19,0,0,0,0,0,0,0,29,35,32,32,33,31,34,34,33,32,31,28,29,28,29,27,26,26,26,25,25,25,25,24,25,25,23,23
20260726_153123_c36ca3,1785076422628851,1251020142,2,2,0,-52,128,0,13,13,13,13,12,12,12,12,12,12,12,12,12,12,13,13,13,13,13,13,13,12,12,12,12,12,0,0,0,0,0,0,0,0,0,0,0,16,16,16,15,15,15,14,15,14,14,14,14,14,12,13,12,12,12,12,13,11,12,12,13,13,13,0,49,48,48,49,50,47,50,49,48,47,48,48,48,48,49,49,52,52,51,51,50,50,49,47,47,45,43,41,0,0,0,0,0,0,0,61,62,61,61,60,61,59,60,59,56,55,54,53,52,50,49,49,48,48,46,47,47,46,47,46,48,48,47
20260726_153123_c36ca3,1785076422719868,1251112144,2,2,0,-51,128,0,14,14,15,14,14,13,13,13,13,14,14,14,14,14,13,14,14,14,14,14,14,14,14,14,13,13,0,0,0,0,0,0,0,0,0,0,0,19,18,19,19,19,19,18,18,17,17,17,17,16,16,16,15,15,15,16,14,15,15,15,15,15,15,0,51,50,50,50,49,49,47,48,48,46,47,45,46,47,46,47,48,48,48,50,49,48,45,45,46,45,43,42,0,0,0,0,0,0,0,67,65,64,66,65,65,65,64,63,61,60,59,58,57,56,54,54,53,52,52,51,51,51,52,51,50,51,50
20260726_153123_c36ca3,1785076422827502,1251219772,2,2,0,-52,128,0,13,13,13,12,12,12,12,12,12,12,12,13,13,13,13,13,13,13,13,13,13,14,14,13,12,12,0,0,0,0,0,0,0,0,0,0,0,18,18,18,18,18,18,18,17,17,16,16,15,15,14,14,13,13,13,13,13,13,13,13,13,13,13,0,24,24,24,23,23,23,23,23,23,23,23,23,24,24,23,24,24,25,25,25,25,25,25,25,24,24,22,22,0,0,0,0,0,0,0,34,33,34,33,34,35,34,33,33,31,31,29,29,28,27,26,27,25,25,25,25,24,25,25,24,25,25,24
20260726_153123_c36ca3,1785076422919150,1251311303,2,2,0,-54,128,0,13,12,12,12,12,11,12,12,12,11,12,12,12,12,12,12,12,13,13,13,12,12,12,12,11,11,0,0,0,0,0,0,0,0,0,0,0,18,19,19,19,18,18,18,17,17,17,16,15,16,15,15,14,14,13,14,14,14,13,13,13,13,13,0,23,23,22,22,22,22,21,21,21,21,21,22,22,22,21,22,22,23,23,22,22,23,22,22,21,21,20,19,0,0,0,0,0,0,0,34,34,34,34,34,35,34,34,33,33,31,31,30,29,28,27,26,26,26,26,25,24,24,24,24,24,23,24
20260726_153123_c36ca3,1785076423020970,1251411828,2,2,0,-63,128,0,7,8,9,8,8,9,9,9,9,10,10,10,10,10,10,10,11,10,10,11,11,11,11,10,9,9,0,0,0,0,0,0,0,0,0,0,0,25,25,25,24,23,21,21,19,18,17,16,14,14,13,12,11,11,10,9,9,9,8,8,7,8,6,0,14,15,16,16,17,18,18,19,18,19,19,20,20,20,20,20,21,21,21,20,22,21,22,21,18,17,18,16,0,0,0,0,0,0,0,50,50,48,47,46,46,43,41,39,38,34,33,31,28,25,24,22,21,19,18,17,18,17,16,15,15,14,13
20260726_153123_c36ca3,1785076423118016,1251510854,2,2,0,-55,128,0,16,16,17,16,16,16,16,16,16,16,16,15,15,15,15,15,15,15,15,14,14,14,14,13,12,11,0,0,0,0,0,0,0,0,0,0,0,9,9,9,9,10,9,10,10,10,10,10,10,10,12,12,12,12,12,13,13,13,13,13,15,15,16,0,59,62,60,61,59,62,60,59,60,60,60,58,60,55,57,57,59,57,56,56,53,52,52,50,47,44,42,37,0,0,0,0,0,0,0,37,36,36,36,37,36,38,36,37,35,38,40,42,42,43,44,43,47,44,46,47,48,50,52,55,56,57,57
20260726_153123_c36ca3,1785076423216202,1251612007,2,2,0,-57,128,0,12,12,12,12,11,11,11,11,11,11,11,10,9,10,10,9,9,9,9,8,8,7,7,6,6,5,0,0,0,0,0,0,0,0,0,0,0,22,21,21,21,21,19,19,19,18,17,17,16,15,15,14,13,13,13,13,12,12,13,13,12,12,13,0,23,21,22,22,21,21,20,20,21,19,20,18,17,18,18,19,17,17,17,15,15,14,12,11,11,11,8,6,0,0,0,0,0,0,0,40,41,40,41,40,40,38,37,36,34,35,32,32,30,28,28,26,25,25,23,25,24,23,24,23,23,24,23
20260726_153123_c36ca3,1785076423316603,1251711709,2,2,0,-58,128,0,14,14,15,15,15,15,15,14,15,15,15,14,14,14,14,14,14,15,14,13,13,13,12,13,12,10,0,0,0,0,0,0,0,0,0,0,0,17,16,16,16,14,14,13,11,11,10,10,9,9,9,9,9,10,10,10,10,11,12,12,13,14,14,0,29,28,28,30,29,30,29,29,28,29,29,27,27,27,27,28,28,27,27,27,25,25,23,23,22,21,19,18,0,0,0,0,0,0,0,35,33,33,30,29,29,28,26,25,23,22,19,19,17,17,17,16,18,18,19,21,20,21,22,24,25,26,28
20260726_153123_c36ca3,1785076423419166,1251811766,2,2,0,-56,128,0,13,13,13,13,13,14,14,14,14,14,14,14,14,14,14,14,15,15,15,15,15,14,14,14,13,13,0,0,0,0,0,0,0,0,0,0,0,17,18,17,17,17,16,15,15,14,14,14,13,13,13,13,12,12,12,12,9,10,11,12,12,12,12,0,48,49,51,50,51,51,52,52,52,53,53,53,54,54,54,54,55,54,55,56,53,54,52,51,51,49,48,45,0,0,0,0,0,0,0,69,67,66,67,65,64,59,60,60,56,54,52,51,47,49,46,45,45,44,44,41,34,42,47,42,45,46,46
20260726_153123_c36ca3,1785076423521075,1251912077,2,2,0,-52,128,0,12,13,13,13,12,12,12,12,12,13,13,12,12,12,13,13,13,13,13,13,13,13,13,12,12,11,0,0,0,0,0,0,0,0,0,0,0,16,16,16,16,16,16,15,16,15,14,14,14,14,14,14,14,13,13,13,13,13,13,13,13,13,12,0,49,48,48,47,48,46,47,45,47,45,46,47,47,48,47,49,48,49,50,50,49,47,45,45,44,44,40,41,0,0,0,0,0,0,0,55,56,59,62,63,63,59,62,60,59,59,58,57,55,57,53,52,53,51,48,50,50,50,50,49,50,49,50
20260726_153123_c36ca3,1785076423618072,1252012198,2,2,0,-52,128,0,12,12,12,13,13,13,13,13,13,13,13,13,13,14,13,14,14,14,14,15,15,14,14,14,14,13,0,0,0,0,0,0,0,0,0,0,0,17,16,17,16,16,15,15,15,15,14,14,13,13,13,12,12,12,12,12,12,12,12,12,13,13,12,0,46,48,47,47,48,48,48,49,47,50,49,50,50,51,53,52,55,55,54,55,56,54,54,55,52,51,49,48,0,0,0,0,0,0,0,61,60,60,60,60,60,59,58,55,56,54,53,51,49,48,47,45,45,45,43,44,45,45,45,44,45,45,44
20260726_153123_c36ca3,1785076423720755,1252112105,2,2,0,-50,128,0,14,14,14,13,13,14,14,13,14,14,14,14,14,14,14,15,15,15,15,15,16,15,15,15,15,15,0,0,0,0,0,0,0,0,0,0,0,14,15,15,15,15,14,14,14,14,13,13,13,13,13,12,12,12,12,12,12,13,13,13,13,14,13,0,52,50,52,51,52,53,51,52,52,51,52,54,54,54,54,56,57,58,59,59,59,58,56,56,54,56,52,53,0,0,0,0,0,0,0,55,54,52,53,54,56,53,54,52,49,51,49,50,48,47,46,49,48,47,46,49,46,49,47,48,48,49,50
20260726_153123_c36ca3,1785076423820365,1252211792,2,2,0,-52,128,0,12,13,13,13,12,12,13,13,13,13,13,13,13,14,14,14,15,14,15,15,15,15,15,15,14,14,0,0,0,0,0,0,0,0,0,0,0,17,16,17,17,17,16,16,15,15,14,14,14,13,13,12,13,12,12,12,12,12,13,13,12,12,12,0,46,46,46,46,46,47,47,47,48,48,48,49,50,52,52,53,55,54,56,56,55,55,55,54,54,52,51,50,0,0,0,0,0,0,0,60,59,60,60,61,61,60,58,59,57,55,54,51,50,49,49,47,46,45,43,45,43,44,44,44,45,44,44
20260726_153123_c36ca3,1785076423921306,1252311882,2,2,0,-53,128,0,12,12,12,13,12,13,13,13,13,14,14,14,15,16,16,16,17,17,17,18,18,18,18,18,18,18,0,0,0,0,0,0,0,0,0,0,0,13,13,13,14,13,12,13,12,11,11,11,11,11,10,10,11,11,11,11,10,10,11,11,11,11,12,0,22,23,23,24,24,25,25,25,25,26,27,27,28,30,31,32,33,35,36,34,35,35,36,35,34,33,33,34,0,0,0,0,0,0,0,24,25,25,24,25,25,25,25,25,23,23,22,22,21,21,21,19,20,21,20,21,21,20,21,21,22,22,23
20260726_153123_c36ca3,1785076424015592,1252411466,2,2,0,-52,128,0,12,12,13,13,13,14,14,14,15,15,16,16,16,16,17,17,18,18,19,19,19,19,19,18,18,18,0,0,0,0,0,0,0,0,0,0,0,11,11,10,9,9,9,9,8,8,7,7,6,6,6,6,7,6,7,7,8,8,9,9,10,10,11,0,23,24,25,26,26,27,27,28,29,31,31,32,33,34,35,35,37,36,38,37,37,37,37,36,36,34,33,33,0,0,0,0,0,0,0,24,23,21,22,22,19,21,17,17,17,15,15,13,13,13,13,13,14,13,14,15,15,16,17,18,19,20,21
20260726_153123_c36ca3,1785076424122587,1252513231,2,2,0,-49,128,0,13,13,12,12,13,13,13,13,13,13,13,13,13,14,15,15,16,16,16,16,16,15,16,16,16,16,0,0,0,0,0,0,0,0,0,0,0,12,13,14,14,14,14,15,14,14,14,13,13,13,13,13,13,13,12,13,13,13,13,12,12,13,12,0,50,49,49,48,49,49,50,50,48,48,53,52,55,55,53,61,58,59,58,60,60,62,60,60,58,59,53,58,0,0,0,0,0,0,0,57,54,45,50,52,56,54,53,53,53,50,51,49,50,50,49,50,48,45,46,49,49,47,49,47,48,47,47
20260726_153123_c36ca3,1785076424220359,1252614417,2,2,0,-54,128,0,12,12,11,11,11,11,11,11,11,10,10,10,10,9,10,9,10,9,9,9,9,9,9,8,8,8,0,0,0,0,0,0,0,0,0,0,0,18,20,20,18,18,18,18,19,16,16,17,16,16,17,16,16,15,14,14,14,14,13,14,13,13,13,0,22,20,21,19,19,19,18,19,19,17,17,17,17,18,18,17,18,18,17,18,17,16,15,15,14,14,13,12,0,0,0,0,0,0,0,29,38,31,33,33,32,33,30,38,36,32,29,29,31,28,28,32,29,24,25,24,26,22,19,21,23,23,22
20260726_153123_c36ca3,1785076424317197,1252712044,2,2,0,-55,128,0,13,13,13,13,14,14,14,14,15,15,15,15,15,16,17,17,17,17,17,17,17,17,16,16,16,16,0,0,0,0,0,0,0,0,0,0,0,8,7,7,7,7,7,7,7,6,6,6,6,7,7,7,7,8,8,9,9,9,10,10,11,11,11,0,26,25,25,27,29,30,29,30,30,30,31,31,31,32,32,34,34,36,35,34,35,35,33,34,32,32,31,29,0,0,0,0,0,0,0,16,15,15,15,14,14,14,14,13,13,13,13,13,13,14,14,14,15,16,16,18,19,19,19,20,22,22,23
20260726_153123_c36ca3,1785076424419636,1252812372,2,2,0,-50,128,0,14,14,14,14,13,13,13,13,13,12,12,12,12,12,12,13,13,13,12,12,13,12,12,11,10,10,0,0,0,0,0,0,0,0,0,0,0,17,18,18,18,18,18,18,17,17,17,16,17,16,16,15,16,15,14,14,14,14,14,14,14,14,14,0,49,50,47,48,47,47,46,46,44,45,46,44,44,44,46,46,48,46,44,45,43,44,42,42,37,36,37,34,0,0,0,0,0,0,0,63,62,62,62,64,65,66,64,64,62,62,62,60,59,57,56,54,55,52,54,51,53,51,50,51,49,51,50
20260726_153123_c36ca3,1785076424521366,1252912180,2,2,0,-57,128,0,11,11,12,12,12,13,13,13,13,14,14,14,15,15,16,16,16,17,17,17,16,16,15,16,15,15,0,0,0,0,0,0,0,0,0,0,0,16,15,15,15,15,14,14,13,12,11,11,11,10,9,10,9,8,8,9,9,8,9,9,9,9,10,0,20,21,22,23,24,24,25,25,26,27,27,28,29,29,30,31,31,32,32,32,32,31,30,29,28,28,26,25,0,0,0,0,0,0,0,32,31,31,30,29,29,29,27,27,26,24,22,22,21,20,19,18,17,17,16,17,17,16,17,17,17,18,19
20260726_153123_c36ca3,1785076424622865,1253012219,2,2,0,-53,128,0,12,12,13,13,13,13,13,13,13,13,13,12,13,13,13,13,13,13,13,13,14,13,13,12,12,11,0,0,0,0,0,0,0,0,0,0,0,16,16,16,16,15,16,15,14,14,13,13,13,12,12,11,11,11,11,11,11,11,11,11,11,12,12,0,48,48,49,49,49,50,49,49,49,48,49,50,50,50,51,52,52,53,53,52,53,50,50,50,48,47,45,43,0,0,0,0,0,0,0,66,66,64,64,63,63,62,60,59,57,54,54,52,51,50,48,47,46,45,44,45,44,45,45,45,46,46,47
20260726_153123_c36ca3,1785076424719622,1253112232,2,2,0,-50,128,0,13,14,13,13,13,13,13,13,13,13,13,14,14,14,14,14,14,14,14,14,14,14,13,13,13,12,0,0,0,0,0,0,0,0,0,0,0,17,17,16,17,16,16,16,16,16,15,15,15,15,14,14,14,13,13,13,13,14,14,13,14,14,14,0,26,26,25,26,26,25,25,25,25,25,25,26,26,26,27,25,26,27,26,26,26,26,25,24,25,23,22,22,0,0,0,0,0,0,0,31,31,31,31,30,31,32,30,30,30,30,29,28,28,28,27,26,26,25,25,25,25,25,26,25,25,25,24
20260726_153123_c36ca3,1785076424820451,1253212213,2,2,0,-48,128,0,14,14,14,14,14,14,14,14,14,14,14,14,14,14,14,15,15,15,15,14,15,14,14,14,13,13,0,0,0,0,0,0,0,0,0,0,0,15,15,15,15,16,15,16,16,15,15,15,15,15,14,13,13,13,13,13,13,13,14,13,14,14,14,0,52,50,51,50,51,51,50,52,51,51,49,53,52,53,51,53,54,53,55,54,53,52,51,50,49,48,45,43,0,0,0,0,0,0,0,53,53,58,58,56,59,57,56,56,56,57,54,52,53,51,51,51,49,50,49,49,49,47,49,48,51,49,49
20260726_153123_c36ca3,1785076424922129,1253311690,2,2,0,-50,128,0,15,15,15,15,15,14,15,14,14,15,14,14,15,15,15,15,15,15,15,15,15,15,15,14,14,14,0,0,0,0,0,0,0,0,0,0,0,15,15,15,15,15,15,15,15,14,15,14,14,14,14,14,14,14,13,13,14,14,14,14,14,15,14,0,52,53,54,54,51,52,53,53,51,52,53,54,53,54,52,55,54,54,56,55,55,53,51,52,49,48,47,44,0,0,0,0,0,0,0,53,54,52,54,54,55,54,53,55,52,50,51,51,50,50,47,48,49,47,48,49,49,50,51,49,50,53,50
20260726_153123_c36ca3,1785076425020113,1253412196,2,2,0,-51,128,0,14,14,13,14,13,14,13,14,14,14,14,14,14,14,14,14,14,14,14,13,13,13,13,12,11,11,0,0,0,0,0,0,0,0,0,0,0,16,16,16,17,16,16,16,15,15,15,13,13,13,13,13,13,13,12,12,13,13,13,13,13,13,13,0,54,52,52,52,52,51,51,52,51,52,51,50,52,52,53,53,52,52,52,51,50,49,47,45,43,40,39,38,0,0,0,0,0,0,0,63,62,60,61,62,62,60,59,57,55,54,52,52,50,50,47,48,48,45,46,46,46,47,47,49,49,50,51
20260726_153123_c36ca3,1785076425121049,1253512337,2,2,0,-53,128,0,14,14,15,14,15,15,15,15,15,16,16,15,15,16,16,16,16,16,16,16,16,16,16,16,15,14,0,0,0,0,0,0,0,0,0,0,0,15,15,14,14,14,14,13,13,13,12,12,12,12,12,11,12,11,11,12,11,12,12,12,13,13,14,0,51,53,55,53,57,56,56,56,55,56,59,58,59,59,60,61,61,64,64,62,62,59,58,58,56,53,52,52,0,0,0,0,0,0,0,56,55,54,54,54,55,51,53,51,48,48,46,45,44,43,42,41,41,41,42,43,42,45,44,45,47,48,50
20260726_153123_c36ca3,1785076425219074,1253612470,2,2,0,-54,128,0,13,13,13,13,13,13,13,13,14,13,13,13,13,13,13,13,13,13,14,14,14,13,13,13,12,11,0,0,0,0,0,0,0,0,0,0,0,19,18,19,18,18,17,17,16,15,15,14,14,14,12,13,12,12,11,11,11,11,12,12,12,12,12,0,24,25,24,25,25,25,25,25,26,25,25,25,26,26,26,26,26,27,26,27,26,26,25,24,22,22,21,20,0,0,0,0,0,0,0,36,37,36,36,36,35,34,33,33,32,30,29,27,25,25,24,25,24,22,22,22,23,22,23,22,23,23,22
20260726_153123_c36ca3,1785076425321391,1253711462,2,2,0,-52,128,0,13,13,13,14,14,14,14,14,14,14,14,14,15,15,15,15,16,15,16,16,16,16,15,15,14,14,0,0,0,0,0,0,0,0,0,0,0,16,16,16,16,16,16,15,15,15,14,14,13,13,13,13,13,12,12,12,13,13,13,13,13,13,13,0,49,49,49,48,50,50,50,50,51,51,52,53,53,54,54,55,57,57,57,56,56,56,54,54,50,49,48,47,0,0,0,0,0,0,0,58,57,57,57,58,58,57,55,54,53,51,51,49,47,47,47,46,46,44,44,45,45,45,46,45,47,47,48
20260726_153123_c36ca3,1785076425419947,1253812374,2,2,0,-52,128,0,12,11,11,10,10,10,11,9,10,10,10,10,10,10,10,10,10,10,10,10,10,9,10,9,9,8,0,0,0,0,0,0,0,0,0,0,0,24,23,24,24,24,23,22,22,21,21,19,18,18,17,16,17,15,15,14,14,13,13,13,13,12,11,0,20,19,19,18,18,17,17,17,16,17,17,16,17,17,17,17,18,17,18,17,17,17,17,16,15,15,15,14,0,0,0,0,0,0,0,40,40,40,40,41,41,40,38,38,37,35,35,34,33,30,30,28,27,26,24,24,24,23,23,22,21,21,20
20260726_153123_c36ca3,1785076425516139,1253912224,2,2,0,-52,128,0,11,11,10,10,9,9,8,9,8,8,8,7,7,7,6,6,6,6,6,6,6,5,4,4,4,4,0,0,0,0,0,0,0,0,0,0,0,22,22,23,22,23,22,22,21,20,20,19,18,18,17,16,16,15,15,14,14,14,13,13,13,12,12,0,21,19,20,18,18,16,16,14,14,13,14,13,13,13,13,11,11,11,10,10,9,9,8,8,7,7,6,6,0,0,0,0,0,0,0,41,42,41,41,42,43,42,41,41,39,38,36,35,34,33,31,31,30,29,26,27,27,26,25,24,24,23,22
20260726_153123_c36ca3,1785076425618804,1254011882,2,2,0,-53,128,0,13,13,13,11,11,11,11,11,11,10,10,10,10,10,10,10,10,10,10,9,9,9,9,9,8,8,0,0,0,0,0,0,0,0,0,0,0,17,17,18,18,18,17,18,16,16,16,16,15,15,14,14,14,13,13,13,13,13,13,13,13,13,13,0,48,47,45,46,46,45,43,42,43,41,42,41,40,41,41,41,39,41,39,38,36,36,35,33,31,29,27,24,0,0,0,0,0,0,0,66,66,66,66,67,69,68,69,67,64,62,62,60,58,57,55,53,54,53,50,53,50,51,50,50,51,50,50
20260726_153123_c36ca3,1785076425720015,1254112136,2,2,0,-56,128,0,11,11,11,10,11,11,10,11,11,11,11,11,11,11,11,11,11,11,11,11,10,10,9,9,9,8,0,0,0,0,0,0,0,0,0,0,0,23,22,22,22,22,21,20,19,19,18,17,16,15,14,14,14,13,12,12,12,11,11,12,12,11,11,0,22,18,19,19,20,20,19,19,20,19,20,19,19,21,20,21,20,20,20,19,19,17,17,17,16,15,14,12,0,0,0,0,0,0,0,41,41,42,41,40,40,38,39,37,35,34,31,31,30,28,27,26,24,24,21,23,22,21,21,20,20,20,20
20260726_153123_c36ca3,1785076425820455,1254213386,2,2,0,-53,128,0,14,14,13,14,13,13,14,14,14,14,14,13,14,14,14,14,14,14,14,14,13,12,12,12,12,11,0,0,0,0,0,0,0,0,0,0,0,17,16,17,17,17,16,16,16,15,15,15,14,14,14,13,13,13,13,13,13,13,13,13,14,14,13,0,26,25,25,25,26,26,25,26,26,27,26,27,27,27,27,27,27,27,27,26,25,24,23,22,22,20,19,19,0,0,0,0,0,0,0,32,33,33,33,33,32,32,31,31,30,30,28,28,27,27,26,26,25,24,25,24,25,24,25,26,26,26,26
20260726_153123_c36ca3,1785076425922805,1254312495,2,2,0,-52,128,0,14,14,13,14,13,13,14,13,14,14,14,14,14,14,15,14,15,15,14,14,14,14,14,13,13,12,0,0,0,0,0,0,0,0,0,0,0,20,19,19,18,19,17,18,17,17,16,16,15,15,14,13,14,13,14,13,13,13,13,13,13,13,13,0,23,24,23,24,24,24,23,24,24,24,24,24,24,25,25,25,26,25,25,25,25,24,24,22,21,21,20,19,0,0,0,0,0,0,0,35,34,34,34,34,33,33,32,31,31,30,28,27,27,26,25,23,24,24,23,23,23,23,23,23,23,23,24
20260726_153123_c36ca3,1785076426022993,1254413545,2,2,0,-49,128,0,13,13,13,13,13,13,13,12,14,12,13,13,13,13,14,14,14,14,14,13,14,14,14,13,13,13,0,0,0,0,0,0,0,0,0,0,0,16,17,16,16,16,16,16,15,15,15,14,14,13,13,13,13,12,12,13,13,13,13,13,14,12,13,0,48,49,48,48,47,46,49,49,50,49,50,50,49,50,51,51,52,53,53,54,53,52,50,50,48,47,48,46,0,0,0,0,0,0,0,60,60,59,60,60,58,60,57,57,56,56,54,52,50,51,48,48,47,45,48,45,47,48,48,52,55,45,45
20260726_153123_c36ca3,1785076426122681,1254513858,2,2,0,-51,128,0,13,13,13,14,13,13,13,13,14,14,14,14,15,16,16,16,16,16,16,16,16,16,16,15,15,14,0,0,0,0,0,0,0,0,0,0,0,13,12,13,13,13,12,12,12,11,11,11,11,11,10,10,11,11,11,11,11,12,12,12,12,12,13,0,49,52,51,51,51,53,52,51,54,54,55,54,56,57,59,58,61,60,60,61,60,60,60,58,55,54,54,51,0,0,0,0,0,0,0,52,50,50,50,51,48,48,47,46,45,44,44,43,42,42,42,41,41,41,42,42,43,44,43,46,46,47,48
20260726_153123_c36ca3,1785076426216876,1254611395,2,2,0,-52,128,0,13,13,13,13,13,13,14,14,14,14,14,14,15,14,15,15,15,16,16,15,15,15,14,14,13,13,0,0,0,0,0,0,0,0,0,0,0,16,15,15,15,14,14,14,15,13,13,13,12,12,12,12,13,11,11,11,12,12,12,11,11,13,13,0,47,49,49,51,48,51,49,49,50,52,52,52,51,53,54,56,58,58,58,56,55,54,54,54,52,48,47,44,0,0,0,0,0,0,0,57,62,58,56,56,59,53,54,55,51,51,49,47,48,42,45,45,40,44,39,44,46,43,41,44,44,47,46
20260726_153123_c36ca3,1785076426320553,1254712575,2,2,0,-55,128,0,13,13,14,14,14,14,14,14,14,14,15,15,15,16,15,16,16,16,16,16,16,16,15,15,14,14,0,0,0,0,0,0,0,0,0,0,0,13,13,13,12,11,11,11,10,10,9,8,9,9,8,9,9,8,8,9,9,10,10,11,11,12,12,0,25,26,27,26,27,28,28,29,28,29,29,30,31,31,32,33,32,31,32,33,33,30,30,30,28,26,25,25,0,0,0,0,0,0,0,26,27,26,25,25,25,23,22,21,20,20,18,18,16,17,17,16,17,16,16,18,19,20,20,21,22,23,23
20260726_153123_c36ca3,1785076426423073,1254813690,2,2,0,-58,128,0,14,14,15,15,15,15,15,16,16,16,16,16,16,16,16,15,17,16,15,15,14,13,13,13,11,11,0,0,0,0,0,0,0,0,0,0,0,17,16,16,16,15,14,13,12,11,11,10,9,9,10,9,9,9,10,11,11,11,11,12,13,13,13,0,26,27,28,28,29,28,29,30,29,29,31,29,30,30,30,30,30,30,29,28,28,26,25,24,21,21,20,18,0,0,0,0,0,0,0,35,34,32,33,31,30,28,27,26,23,23,21,19,18,19,18,18,19,19,18,21,20,22,22,23,24,24,25
20260726_153123_c36ca3,1785076426519785,1254913543,2,2,0,-57,128,0,12,13,12,13,12,13,13,13,13,13,13,13,13,13,14,14,14,14,14,14,14,13,13,12,11,11,0,0,0,0,0,0,0,0,0,0,0,20,19,18,18,18,16,16,15,15,14,13,12,11,11,11,11,10,10,10,11,11,10,11,11,11,12,0,49,48,48,51,48,50,51,51,52,51,52,51,53,53,54,55,55,53,54,56,54,54,50,48,47,43,42,41,0,0,0,0,0,0,0,76,76,74,73,70,69,67,63,60,56,52,52,47,45,43,42,41,43,38,39,40,41,43,44,43,44,44,44
20260726_153123_c36ca3,1785076426619981,1255014326,2,2,0,-54,128,0,13,12,12,12,11,11,12,11,12,12,11,12,11,12,11,12,12,12,11,11,11,11,10,10,9,9,0,0,0,0,0,0,0,0,0,0,0,23,22,22,23,22,21,21,21,20,19,18,18,17,16,16,16,14,14,14,14,14,13,13,13,13,13,0,21,22,22,21,21,21,19,20,20,21,20,20,20,20,20,21,20,20,20,19,19,18,18,18,17,15,14,14,0,0,0,0,0,0,0,39,39,38,39,39,38,38,37,38,37,35,34,33,31,30,29,27,28,26,26,24,25,25,23,23,24,22,23
20260726_153123_c36ca3,1785076426720997,1255113727,2,2,0,-52,128,0,13,12,12,12,12,12,12,13,13,13,14,13,14,15,15,16,16,16,16,16,17,17,16,16,15,16,0,0,0,0,0,0,0,0,0,0,0,13,13,12,13,12,13,12,12,11,11,11,11,10,10,10,10,10,10,10,10,10,11,11,11,11,11,0,45,47,46,48,49,49,50,49,51,52,53,53,55,57,59,60,62,65,64,65,64,65,63,64,62,61,58,57,0,0,0,0,0,0,0,51,49,49,49,50,50,49,48,47,46,45,43,43,41,41,41,39,40,39,40,39,40,40,41,42,42,44,45
20260726_153123_c36ca3,1785076426817547,1255211985,2,2,0,-52,128,0,13,12,12,11,11,10,10,10,10,10,9,9,9,9,9,9,9,9,9,10,10,10,10,10,10,10,0,0,0,0,0,0,0,0,0,0,0,23,22,23,23,23,23,22,21,21,21,20,19,18,18,17,16,16,16,16,15,15,14,14,14,13,13,0,21,20,20,19,17,17,16,16,16,16,16,16,16,16,15,16,16,16,17,16,17,16,16,16,16,15,16,16,0,0,0,0,0,0,0,39,39,38,39,39,40,39,39,38,37,37,35,34,33,32,30,29,29,28,28,27,26,25,25,24,24,23,22
20260726_153123_c36ca3,1785076426919487,1255312223,2,2,0,-50,128,0,14,14,14,14,13,13,13,13,13,13,13,13,14,14,14,14,14,14,14,14,15,14,14,13,13,13,0,0,0,0,0,0,0,0,0,0,0,18,17,18,18,19,17,18,18,17,17,17,16,16,16,15,15,14,14,14,15,15,15,14,14,14,14,0,24,24,24,23,24,23,23,23,23,24,23,22,23,23,24,25,26,25,25,24,26,25,25,23,24,23,22,22,0,0,0,0,0,0,0,31,31,32,31,31,32,33,31,31,31,31,30,29,28,28,27,26,26,25,26,25,25,25,25,26,25,24,25
20260726_153123_c36ca3,1785076427022324,1255412412,2,2,0,-50,128,0,13,12,13,13,12,12,13,13,13,13,13,13,14,13,14,14,14,14,15,15,15,14,15,14,14,14,0,0,0,0,0,0,0,0,0,0,0,13,13,13,14,13,13,12,13,13,12,12,12,12,11,11,11,12,11,11,11,11,12,11,12,12,12,0,49,47,49,50,48,48,47,49,51,52,52,52,50,52,56,57,57,56,59,58,59,57,55,54,55,54,55,49,0,0,0,0,0,0,0,50,49,50,48,52,50,52,51,49,48,48,48,48,48,45,43,45,44,43,46,43,45,46,46,46,48,47,48
20260726_153123_c36ca3,1785076427118953,1255512070,2,2,0,-51,128,0,13,13,13,13,13,13,13,12,12,12,12,13,13,13,13,13,13,13,13,13,13,13,13,12,12,11,0,0,0,0,0,0,0,0,0,0,0,19,20,20,20,20,20,20,19,18,18,17,17,17,16,16,16,15,14,15,14,14,14,14,14,14,13,0,24,23,22,23,22,22,21,22,22,23,23,22,22,22,23,23,23,23,23,23,24,22,22,22,21,21,19,18,0,0,0,0,0,0,0,35,35,34,34,36,35,36,34,34,33,33,31,31,31,29,28,27,27,26,26,26,25,25,25,25,24,23,23
20260726_153123_c36ca3,1785076427220381,1255612293,2,2,0,-51,128,0,13,14,13,13,13,13,13,13,13,12,12,12,12,12,14,14,14,14,14,15,14,13,14,13,13,13,0,0,0,0,0,0,0,0,0,0,0,16,16,17,16,17,16,16,16,16,16,16,16,15,15,14,14,13,13,13,14,13,13,13,14,14,13,0,24,24,24,24,23,23,24,24,23,24,24,23,23,24,24,25,25,25,27,26,26,25,26,25,25,24,23,23,0,0,0,0,0,0,0,30,30,30,30,31,31,31,30,30,29,30,29,28,28,28,27,26,25,25,25,25,25,25,25,24,25,25,24
20260726_153123_c36ca3,1785076427317443,1255712264,2,2,0,-52,128,0,12,12,13,12,13,13,13,13,13,13,14,14,14,15,15,16,16,16,16,16,16,16,16,16,16,15,0,0,0,0,0,0,0,0,0,0,0,17,17,17,17,17,16,16,14,14,14,14,13,13,13,12,11,11,11,12,11,11,11,11,11,12,12,0,44,47,45,47,45,48,48,50,50,52,51,53,54,53,57,56,59,58,60,61,60,60,59,58,57,56,56,51,0,0,0,0,0,0,0,64,63,62,62,63,61,60,57,57,55,52,51,50,47,45,44,42,43,40,40,39,40,40,42,40,40,41,41
20260726_153123_c36ca3,1785076427420346,1255812435,2,2,0,-53,128,0,11,11,11,11,11,11,10,11,11,11,12,12,11,11,12,12,12,13,13,14,13,13,13,12,13,12,0,0,0,0,0,0,0,0,0,0,0,20,19,19,20,18,18,18,17,17,16,16,15,15,14,14,13,12,12,11,12,12,11,11,11,11,11,0,21,21,21,21,20,22,21,21,21,22,22,22,22,23,23,23,24,24,24,24,26,25,24,24,23,22,22,21,0,0,0,0,0,0,0,37,36,36,37,35,36,36,34,34,32,32,30,29,28,27,26,25,24,22,22,22,21,22,21,21,21,21,21
20260726_153123_c36ca3,1785076427522764,1255912648,2,2,0,-51,128,0,14,14,14,14,14,14,13,13,14,14,14,14,14,14,14,14,15,15,15,15,15,14,14,14,13,13,0,0,0,0,0,0,0,0,0,0,0,16,15,16,16,16,16,16,15,15,16,14,14,14,14,14,13,13,13,13,13,13,13,13,13,14,14,0,52,52,49,51,50,51,51,51,51,52,51,52,53,53,53,54,54,53,54,55,54,53,52,50,48,48,44,42,0,0,0,0,0,0,0,56,57,58,57,59,59,58,56,58,56,55,54,53,53,51,50,49,49,46,48,48,47,48,49,47,48,49,49
20260726_153123_c36ca3,1785076427619228,1256011913,2,2,0,-52,128,0,14,14,14,14,14,14,14,14,14,15,15,15,15,15,15,15,16,16,16,15,15,14,14,14,13,13,0,0,0,0,0,0,0,0,0,0,0,11,11,12,12,12,12,12,12,13,13,13,12,13,13,12,12,12,12,12,13,13,13,13,13,13,14,0,51,53,54,53,55,55,54,55,54,54,57,56,56,57,59,59,59,60,60,60,57,56,54,54,51,49,48,45,0,0,0,0,0,0,0,41,41,41,42,44,45,46,46,46,45,47,47,47,46,48,48,47,48,46,47,48,49,49,49,50,51,52,52
20260726_153123_c36ca3,1785076427720438,1256113349,2,2,0,-57,128,0,14,14,14,14,15,15,15,15,15,15,15,14,15,15,15,16,16,16,16,17,17,17,16,15,16,15,0,0,0,0,0,0,0,0,0,0,0,18,17,17,17,15,15,14,13,13,12,12,11,11,11,11,11,10,11,11,10,11,11,12,12,12,13,0,48,49,52,53,52,52,52,52,52,55,54,54,55,57,57,58,59,62,61,62,61,59,58,57,55,55,52,51,0,0,0,0,0,0,0,68,66,63,61,62,58,56,54,51,49,47,45,40,41,40,39,37,40,38,38,39,40,40,41,42,44,46,45
20260726_153123_c36ca3,1785076427821757,1256212607,2,2,0,-52,128,0,15,14,15,14,14,14,14,14,14,14,14,14,14,14,14,14,14,15,14,14,14,14,13,13,13,13,0,0,0,0,0,0,0,0,0,0,0,14,13,13,14,13,14,13,13,13,13,13,13,13,13,13,13,13,12,13,13,13,13,14,14,14,14,0,55,56,54,54,54,55,55,54,53,52,53,52,52,54,53,53,54,54,55,54,54,52,50,49,49,47,45,43,0,0,0,0,0,0,0,53,54,52,50,50,52,51,53,51,49,52,50,48,49,48,48,48,48,49,48,51,50,50,53,53,52,54,54
20260726_153123_c36ca3,1785076427918184,1256312226,2,2,0,-51,128,0,15,16,15,16,16,16,15,15,15,16,16,15,15,15,16,15,16,16,16,16,15,15,14,14,14,13,0,0,0,0,0,0,0,0,0,0,0,13,12,13,13,13,13,13,13,13,13,13,13,13,12,12,13,13,13,13,13,13,13,14,14,14,14,0,54,55,56,55,55,55,55,55,55,56,56,56,57,57,57,58,58,58,58,56,55,54,52,51,49,48,45,44,0,0,0,0,0,0,0,47,47,46,47,47,48,47,48,47,46,47,46,46,47,46,45,45,46,47,47,47,47,49,50,52,51,52,52
20260726_153123_c36ca3,1785076428021026,1256412392,2,2,0,-51,128,0,14,14,14,14,14,14,14,14,14,15,15,15,15,15,15,16,16,16,16,16,16,16,16,16,15,15,0,0,0,0,0,0,0,0,0,0,0,13,12,13,13,13,13,13,13,13,13,13,13,11,12,11,12,12,12,12,12,12,13,13,13,13,14,0,53,52,53,55,53,53,54,55,55,56,56,55,56,57,61,62,60,60,63,63,64,62,61,60,58,58,56,56,0,0,0,0,0,0,0,49,51,49,46,52,49,50,49,46,48,45,47,46,46,45,44,44,46,45,46,45,47,48,48,50,49,50,51
20260726_153123_c36ca3,1785076428121724,1256512120,2,2,0,-50,128,0,15,15,15,15,15,15,15,15,15,15,15,14,16,14,15,16,16,16,16,15,15,14,14,14,13,13,0,0,0,0,0,0,0,0,0,0,0,14,15,14,15,14,14,15,14,13,13,13,14,14,14,14,14,14,14,14,14,14,15,14,15,15,14,0,54,54,55,55,53,55,52,53,53,53,53,53,54,53,54,55,55,55,56,54,55,52,51,49,48,47,45,43,0,0,0,0,0,0,0,50,50,50,50,51,53,49,52,51,50,50,50,50,49,50,49,50,49,49,47,51,50,51,50,52,51,52,54
20260726_153123_c36ca3,1785076428218238,1256611870,2,2,0,-49,128,0,16,16,16,15,14,15,15,15,15,15,15,15,14,14,15,15,15,15,15,14,14,13,13,12,12,12,0,0,0,0,0,0,0,0,0,0,0,13,13,14,14,13,14,14,14,14,14,14,14,14,14,13,14,14,13,14,14,14,15,15,14,16,16,0,57,55,55,57,54,54,52,52,53,53,54,52,52,51,53,52,52,52,52,50,52,50,48,46,46,45,42,42,0,0,0,0,0,0,0,46,46,49,48,49,49,49,50,54,53,50,51,51,51,51,51,51,50,50,50,50,52,52,54,54,55,55,54
20260726_153123_c36ca3,1785076428320354,1256712360,2,2,0,-48,128,0,14,14,14,15,13,13,13,13,13,13,13,13,13,13,13,13,13,13,13,13,13,12,12,12,11,11,0,0,0,0,0,0,0,0,0,0,0,12,13,14,13,14,14,14,14,13,14,14,13,14,13,13,13,13,13,14,14,13,14,14,13,15,15,0,53,50,53,52,51,52,51,49,51,49,49,48,50,50,49,50,49,50,51,51,49,48,47,47,45,43,41,42,0,0,0,0,0,0,0,48,49,52,48,51,55,53,52,56,53,52,50,53,51,51,51,50,50,49,49,52,50,52,50,50,52,53,52
20260726_153123_c36ca3,1785076428417726,1256811587,2,2,0,-47,128,0,14,14,13,14,13,13,13,13,13,13,13,13,13,13,14,14,14,14,14,14,14,13,13,13,12,13,0,0,0,0,0,0,0,0,0,0,0,12,11,11,11,12,12,12,12,12,12,12,12,12,11,11,12,11,12,12,13,13,13,13,13,13,14,0,54,54,54,54,54,53,54,52,52,53,52,52,53,53,53,56,55,56,56,55,54,54,52,50,48,50,46,45,0,0,0,0,0,0,0,45,45,46,47,46,47,47,47,46,47,48,46,47,48,46,46,47,48,48,47,47,48,49,49,51,52,51,52
20260726_153123_c36ca3,1785076428520723,1256911611,2,2,0,-47,128,0,15,15,14,15,14,15,15,15,14,14,13,14,13,14,14,14,14,14,14,15,14,14,14,13,13,12,0,0,0,0,0,0,0,0,0,0,0,14,14,15,14,14,14,14,14,13,13,13,13,13,13,13,13,12,13,13,13,13,14,14,14,14,15,0,54,54,52,52,52,53,51,51,52,51,51,53,52,54,51,53,55,54,54,52,53,53,50,48,48,45,43,42,0,0,0,0,0,0,0,53,53,52,54,53,52,52,52,52,48,50,49,48,48,47,47,48,48,47,45,47,48,49,48,50,51,52,54
20260726_153123_c36ca3,1785076428616860,1257011677,2,2,0,-47,128,0,15,15,15,14,14,14,14,14,14,14,14,14,14,15,15,15,15,15,15,14,14,15,14,13,13,12,0,0,0,0,0,0,0,0,0,0,0,14,13,14,14,14,14,13,13,13,13,13,13,13,13,13,13,13,13,14,13,13,13,13,14,14,14,0,53,54,55,54,55,53,54,53,54,54,53,53,54,53,54,54,56,56,56,53,53,51,51,50,46,44,45,43,0,0,0,0,0,0,0,50,50,49,49,50,52,50,50,51,50,50,48,48,49,48,49,47,47,48,48,49,50,49,51,52,53,53,55
20260726_153123_c36ca3,1785076428719302,1257112033,2,2,0,-48,128,0,15,15,14,15,15,15,14,14,13,13,13,13,13,14,14,14,14,14,15,14,14,14,13,13,12,12,0,0,0,0,0,0,0,0,0,0,0,12,12,12,12,12,12,12,12,12,13,13,13,13,13,12,13,13,13,13,13,13,14,14,14,15,14,0,55,54,55,57,54,53,55,55,52,54,53,52,53,53,55,54,55,54,56,54,53,51,53,50,47,46,46,44,0,0,0,0,0,0,0,43,43,44,45,47,48,47,47,48,47,49,50,51,49,48,49,47,50,49,48,50,50,51,50,53,52,52,53
20260726_153123_c36ca3,1785076428817610,1257212176,2,2,0,-47,128,0,14,14,13,14,13,14,13,14,13,14,14,13,13,13,14,14,14,15,15,14,14,14,14,13,13,13,0,0,0,0,0,0,0,0,0,0,0,11,10,10,11,11,11,11,11,11,12,12,12,11,11,11,12,11,12,12,12,12,12,13,13,13,13,0,54,54,54,55,54,55,56,54,54,55,55,53,56,57,54,60,57,59,58,57,57,58,54,52,49,52,47,45,0,0,0,0,0,0,0,40,41,46,41,43,41,43,43,45,44,46,45,49,46,47,46,45,46,44,45,48,48,49,48,52,52,52,52
20260726_153123_c36ca3,1785076428919854,1257311842,2,2,0,-47,128,0,15,15,15,15,13,14,14,13,13,14,14,14,14,14,14,14,14,14,14,15,15,14,14,13,12,12,0,0,0,0,0,0,0,0,0,0,0,12,12,12,13,13,12,12,12,12,12,12,12,13,12,12,12,11,12,12,13,13,12,13,13,13,13,0,55,55,54,55,54,55,54,53,55,54,56,53,54,56,57,57,58,57,59,57,55,53,53,51,50,48,48,44,0,0,0,0,0,0,0,47,47,47,46,49,49,49,48,48,47,48,49,48,47,47,48,45,47,46,47,48,48,49,50,50,50,52,52
20260726_153123_c36ca3,1785076429022782,1257412450,2,2,0,-49,128,0,15,15,16,14,15,15,14,14,15,13,13,14,14,15,14,14,15,15,15,14,14,14,14,14,13,13,0,0,0,0,0,0,0,0,0,0,0,14,14,13,14,14,14,14,14,14,14,14,14,14,14,14,14,13,13,14,14,14,14,14,14,14,14,0,56,54,55,52,56,54,54,51,51,52,52,52,54,53,53,52,57,54,54,52,51,52,49,49,46,46,45,42,0,0,0,0,0,0,0,50,48,49,48,50,50,49,49,48,49,50,50,50,49,49,48,48,49,46,49,50,50,51,52,52,52,55,52
20260726_153123_c36ca3,1785076429117539,1257511924,2,2,0,-48,128,0,14,15,14,14,14,14,14,14,13,13,13,13,14,14,14,14,14,14,14,14,13,12,12,12,11,11,0,0,0,0,0,0,0,0,0,0,0,17,17,17,17,17,17,17,17,16,16,16,16,15,15,15,15,15,15,15,15,14,15,15,15,14,15,0,26,27,27,26,25,25,25,25,25,25,25,24,24,24,24,24,24,25,26,24,24,23,22,20,20,19,19,18,0,0,0,0,0,0,0,30,31,30,30,31,31,32,31,31,30,29,29,29,29,28,28,27,28,27,27,26,26,27,26,27,27,26,26
20260726_153123_c36ca3,1785076429218408,1257612103,2,2,0,-47,128,0,14,15,15,15,14,14,14,14,14,14,14,14,15,15,15,15,15,16,15,14,14,14,14,13,13,13,0,0,0,0,0,0,0,0,0,0,0,14,14,14,14,14,14,14,14,14,14,14,14,14,13,13,14,14,14,13,14,14,14,14,14,14,14,0,55,54,53,54,54,52,52,51,52,52,52,51,52,53,54,55,55,56,55,54,52,53,50,50,49,46,45,42,0,0,0,0,0,0,0,48,49,50,49,51,52,52,51,53,51,51,51,50,49,49,50,48,49,49,49,48,51,49,49,51,52,54,52
20260726_153123_c36ca3,1785076429320764,1257712148,2,2,0,-49,128,0,15,15,15,15,14,14,14,14,14,14,14,14,15,14,15,15,15,15,15,15,15,14,15,14,14,13,0,0,0,0,0,0,0,0,0,0,0,14,14,15,15,15,15,15,14,14,15,14,14,14,14,13,13,13,14,14,14,14,14,14,14,15,15,0,52,53,53,53,53,53,54,53,52,51,52,52,54,55,54,55,54,55,57,57,55,54,53,52,50,48,47,43,0,0,0,0,0,0,0,52,51,52,51,54,55,54,52,54,52,53,52,54,51,49,52,51,51,50,49,51,50,51,52,51,53,52,52
20260726_153123_c36ca3,1785076429417244,1257811683,2,2,0,-51,128,0,14,14,13,13,13,13,13,13,14,13,14,14,14,14,14,14,14,14,14,14,15,14,14,13,13,13,0,0,0,0,0,0,0,0,0,0,0,13,13,13,13,13,13,13,13,13,13,13,13,13,13,13,12,13,13,13,13,13,14,13,13,14,14,0,52,52,53,51,53,52,51,50,50,49,49,51,52,52,51,55,52,55,56,54,55,54,52,51,50,49,46,47,0,0,0,0,0,0,0,46,50,46,49,50,50,48,51,50,49,49,48,48,49,49,49,50,49,51,47,51,51,50,50,50,51,52,54
20260726_153123_c36ca3,1785076429519458,1257911721,2,2,0,-50,128,0,14,14,14,14,13,13,13,13,14,13,13,13,13,14,14,14,14,14,15,15,15,15,14,13,12,12,0,0,0,0,0,0,0,0,0,0,0,12,12,12,12,12,12,12,12,11,12,12,12,12,11,11,11,12,11,11,11,11,13,13,13,13,13,0,54,52,52,52,52,52,51,52,52,53,54,52,54,55,55,57,57,58,58,56,58,57,51,53,52,51,47,47,0,0,0,0,0,0,0,48,43,47,51,46,46,48,45,47,45,45,45,47,47,47,47,46,44,44,46,45,46,46,49,50,50,48,51
20260726_153123_c36ca3,1785076429620578,1258013317,2,2,0,-48,128,0,13,13,14,13,13,13,13,13,13,14,14,14,14,14,15,15,16,15,16,16,16,16,16,15,14,14,0,0,0,0,0,0,0,0,0,0,0,13,13,14,13,13,13,13,13,13,13,13,13,13,13,13,13,12,12,12,12,12,13,13,13,13,13,0,51,52,49,51,52,51,51,50,52,53,53,53,56,53,55,56,58,59,60,61,59,59,58,58,55,52,53,50,0,0,0,0,0,0,0,48,48,48,50,49,51,51,50,50,49,49,49,48,48,48,47,48,45,44,45,47,47,47,48,48,48,50,48
20260726_153123_c36ca3,1785076429722286,1258112294,2,2,0,-49,128,0,14,14,14,14,14,14,14,14,14,14,14,14,14,14,15,15,15,15,15,15,15,15,14,14,14,13,0,0,0,0,0,0,0,0,0,0,0,13,13,15,15,14,14,14,14,14,14,14,14,13,13,13,14,13,13,14,13,13,14,13,13,14,14,0,53,52,54,52,51,51,52,51,52,52,52,51,53,52,54,55,55,56,57,57,57,56,55,53,53,50,51,49,0,0,0,0,0,0,0,50,50,51,51,50,53,53,54,52,52,51,50,50,50,51,51,51,49,49,49,49,50,50,50,50,51,52,52
20260726_153123_c36ca3,1785076429819463,1258212256,2,2,0,-49,128,0,14,13,14,13,13,13,13,13,13,13,13,13,13,14,13,13,13,13,14,14,14,13,13,13,13,12,0,0,0,0,0,0,0,0,0,0,0,15,14,14,15,15,15,14,14,14,14,13,13,13,13,13,13,13,13,13,13,13,14,13,14,14,14,0,49,54,52,54,49,51,49,50,48,50,49,49,49,50,52,51,53,53,52,52,53,52,52,51,48,46,48,46,0,0,0,0,0,0,0,58,54,55,56,58,56,56,56,54,54,52,54,52,52,51,50,48,51,47,47,49,49,51,48,51,53,51,51
20260726_153123_c36ca3,1785076429926386,1258317495,2,2,0,-52,128,0,13,13,13,13,13,13,13,13,13,14,13,13,13,13,13,13,13,13,14,14,14,14,14,14,13,13,0,0,0,0,0,0,0,0,0,0,0,18,18,17,18,18,18,18,17,17,17,16,16,16,15,14,14,14,14,14,14,14,14,14,14,14,13,0,48,49,49,48,47,47,46,46,46,48,46,46,47,47,48,46,48,49,50,49,49,49,48,48,47,45,44,43,0,0,0,0,0,0,0,65,63,64,63,65,65,65,62,62,60,59,58,56,55,55,54,51,52,50,49,48,49,48,48,48,49,48,47
20260726_153123_c36ca3,1785076430018130,1258411877,2,2,0,-53,128,0,14,14,13,14,13,13,13,14,14,14,14,13,14,14,14,14,14,14,15,15,15,15,14,14,15,14,0,0,0,0,0,0,0,0,0,0,0,16,16,16,16,16,15,16,15,14,14,14,14,14,14,14,14,14,14,13,14,13,14,13,14,14,14,0,52,50,52,50,50,50,49,50,50,49,50,49,50,51,51,53,54,55,56,55,55,54,54,52,52,52,49,47,0,0,0,0,0,0,0,60,59,58,58,57,58,57,57,56,56,56,54,54,53,52,51,51,52,52,50,50,49,49,51,51,51,50,50
20260726_153123_c36ca3,1785076430118817,1258513632,2,2,0,-52,128,0,14,14,14,13,13,13,13,13,13,13,12,13,13,13,13,13,13,13,13,13,13,13,12,11,11,10,0,0,0,0,0,0,0,0,0,0,0,16,16,16,16,16,16,16,16,16,16,16,15,15,15,15,15,15,14,14,14,14,14,14,14,14,14,0,55,52,54,51,51,53,49,48,48,46,49,49,48,48,46,49,48,48,47,47,48,45,44,42,41,40,39,39,0,0,0,0,0,0,0,61,62,62,60,62,64,60,62,60,58,59,58,56,57,56,56,54,55,55,52,54,56,53,55,52,54,54,54
20260726_153123_c36ca3,1785076430222225,1258611978,2,2,0,-56,128,0,13,13,13,13,12,12,13,13,13,12,13,13,14,15,15,15,15,16,16,17,17,16,16,16,16,16,0,0,0,0,0,0,0,0,0,0,0,18,18,17,17,16,16,15,14,15,14,13,13,13,13,13,12,12,11,12,12,11,12,12,14,12,12,0,23,23,23,21,23,23,22,24,24,23,24,26,27,27,27,29,29,30,30,30,31,31,30,29,29,28,27,28,0,0,0,0,0,0,0,34,33,32,32,31,32,29,28,27,28,27,25,25,24,25,24,23,22,23,21,22,21,22,21,22,21,23,19
20260726_153123_c36ca3,1785076430325379,1258718034,2,2,0,-63,128,0,12,12,13,13,13,13,13,14,14,14,15,15,15,15,16,16,16,16,16,16,16,16,16,16,15,14,0,0,0,0,0,0,0,0,0,0,0,20,18,18,17,17,15,14,12,11,11,10,9,8,9,8,8,9,8,8,9,10,10,11,11,11,12,0,23,23,24,25,24,26,26,25,26,27,26,26,27,27,28,28,29,28,31,30,29,30,30,29,27,25,25,24,0,0,0,0,0,0,0,39,37,36,34,34,30,30,27,24,22,20,19,18,17,15,15,15,15,15,17,16,16,18,18,19,19,20,21
20260726_153123_c36ca3,1785076430422472,1258812201,2,2,0,-55,128,0,14,13,13,12,12,11,11,11,11,11,11,12,12,11,11,11,11,11,11,11,12,11,11,11,11,11,0,0,0,0,0,0,0,0,0,0,0,22,21,21,21,21,22,20,20,20,19,18,18,18,17,17,17,16,14,16,13,14,14,14,14,14,13,0,22,23,23,20,21,20,18,20,20,19,19,19,19,20,19,20,18,19,19,19,19,19,18,20,20,20,19,18,0,0,0,0,0,0,0,37,36,36,39,37,40,36,37,34,35,34,33,32,30,30,29,32,25,29,23,24,25,23,27,22,25,23,22
20260726_153123_c36ca3,1785076430519261,1258912171,2,2,0,-51,128,0,13,14,13,13,13,13,13,13,13,13,12,12,13,13,12,12,13,12,13,13,12,12,12,12,11,11,0,0,0,0,0,0,0,0,0,0,0,19,19,19,19,19,18,18,18,17,17,16,16,17,16,14,14,14,15,14,15,14,15,15,15,14,15,0,26,26,25,25,24,24,24,23,23,23,23,23,23,24,23,23,24,23,23,23,23,22,22,21,21,20,19,18,0,0,0,0,0,0,0,32,34,34,34,35,35,35,34,34,34,32,32,31,30,30,29,29,28,26,28,26,26,27,27,27,27,27,26
20260726_153123_c36ca3,1785076430620261,1259012595,2,2,0,-54,128,0,11,11,11,11,10,11,11,11,11,11,12,11,11,11,11,11,12,12,12,12,12,12,13,13,12,12,0,0,0,0,0,0,0,0,0,0,0,19,20,19,19,19,18,18,17,17,16,15,15,14,13,13,13,13,12,12,11,11,11,11,11,11,11,0,21,20,21,21,20,20,20,20,20,22,21,21,21,21,22,23,23,23,24,24,25,24,23,24,23,23,23,21,0,0,0,0,0,0,0,37,37,36,36,36,37,35,35,34,32,31,30,29,27,27,25,25,24,23,22,24,22,22,21,21,22,21,22
20260726_153123_c36ca3,1785076430722792,1259114344,2,2,0,-58,128,0,9,9,9,9,9,9,11,10,9,10,11,10,12,12,12,13,13,13,14,14,14,14,14,14,14,15,0,0,0,0,0,0,0,0,0,0,0,22,22,21,20,21,19,18,17,16,15,14,13,11,10,10,9,9,8,8,8,8,8,7,7,8,8,0,17,17,17,19,18,17,19,17,20,22,21,21,22,23,23,24,25,26,27,27,28,27,26,26,27,26,25,26,0,0,0,0,0,0,0,45,44,42,42,40,39,37,37,35,32,30,28,26,24,21,21,19,18,17,15,16,16,15,15,15,16,16,16
20260726_153123_c36ca3,1785076430819771,1259214444,2,2,0,-56,128,0,11,12,12,11,12,13,13,13,13,12,13,13,13,13,15,15,15,16,16,17,17,16,16,16,16,15,0,0,0,0,0,0,0,0,0,0,0,20,20,20,19,18,17,16,16,14,14,13,13,13,11,11,11,10,10,10,11,11,11,11,11,11,11,0,22,21,23,22,21,22,21,24,24,24,24,25,25,26,26,27,28,29,30,30,31,30,31,30,29,29,29,28,0,0,0,0,0,0,0,40,39,38,37,36,35,33,31,31,28,27,26,23,23,22,22,21,20,19,19,19,19,20,20,20,21,20,20
20260726_153123_c36ca3,1785076430922526,1259312253,2,2,0,-56,128,0,13,13,13,13,13,13,13,13,14,13,13,14,14,14,14,15,16,16,17,16,17,17,17,16,16,16,0,0,0,0,0,0,0,0,0,0,0,15,15,15,15,14,14,14,13,13,12,12,11,11,10,11,11,11,11,11,11,11,11,11,12,12,12,0,45,48,48,52,48,49,50,50,50,51,52,51,54,54,58,58,61,61,63,62,64,61,64,62,60,59,60,55,0,0,0,0,0,0,0,60,59,57,56,57,53,54,49,49,46,45,47,44,43,42,40,39,41,40,42,41,40,43,41,46,45,45,44
20260726_153123_c36ca3,1785076431020006,1259412444,2,2,0,-55,128,0,13,13,13,13,13,13,13,13,13,13,14,14,14,14,14,15,15,15,16,15,16,16,15,15,14,14,0,0,0,0,0,0,0,0,0,0,0,16,15,15,15,14,14,14,13,13,13,12,12,11,11,12,11,11,11,12,11,11,12,12,12,13,13,0,49,48,50,51,51,52,51,50,51,51,52,51,53,54,53,57,57,60,60,59,59,60,57,57,54,54,54,53,0,0,0,0,0,0,0,60,59,57,57,56,56,53,54,51,50,49,46,47,45,45,44,45,41,44,42,44,44,43,43,44,46,47,46
20260726_153123_c36ca3,1785076431121666,1259511970,2,2,0,-55,128,0,13,13,13,13,13,13,13,13,14,14,14,14,14,15,15,15,16,16,16,16,16,16,16,16,15,15,0,0,0,0,0,0,0,0,0,0,0,15,15,15,15,14,14,14,12,12,12,11,11,11,11,11,11,11,11,11,12,12,12,12,13,13,13,0,49,51,51,52,52,52,50,52,53,53,54,54,53,56,56,58,60,60,61,61,60,61,59,59,57,56,54,54,0,0,0,0,0,0,0,61,59,57,56,57,54,53,51,49,47,46,45,45,45,42,41,43,41,44,43,44,43,44,45,47,47,48,47
20260726_153123_c36ca3,1785076431219373,1259611259,2,2,0,-56,128,0,13,14,13,15,14,15,15,15,16,16,16,16,16,17,17,17,18,18,19,17,18,18,18,17,17,16,0,0,0,0,0,0,0,0,0,0,0,13,11,12,11,10,9,9,8,8,8,7,7,8,7,8,8,8,9,9,10,10,10,11,11,11,12,0,25,26,26,28,28,29,29,30,30,30,30,31,31,32,33,34,35,35,36,36,35,34,34,34,34,32,31,29,0,0,0,0,0,0,0,28,26,25,24,24,22,20,19,18,16,16,14,14,15,14,15,15,16,17,16,17,19,20,20,21,22,23,24
20260726_153123_c36ca3,1785076431321876,1259713732,2,2,0,-55,128,0,14,14,14,15,15,15,15,15,15,15,15,14,16,16,16,16,16,16,16,16,16,16,15,15,15,14,0,0,0,0,0,0,0,0,0,0,0,12,11,11,12,11,11,11,11,11,11,11,11,11,11,11,11,11,11,12,12,12,13,13,13,14,13,0,52,55,57,55,55,56,55,57,55,58,58,57,58,59,59,61,62,61,62,63,63,61,60,57,56,53,53,53,0,0,0,0,0,0,0,49,47,47,45,46,46,44,43,43,41,41,42,41,43,42,41,42,43,43,45,45,46,48,48,49,51,52,52
20260726_153123_c36ca3,1785076431420090,1259812149,2,2,0,-56,128,0,14,15,15,15,14,16,16,15,16,15,16,16,16,16,16,16,17,17,17,18,17,17,17,16,16,15,0,0,0,0,0,0,0,0,0,0,0,13,12,12,12,11,11,10,10,10,9,9,9,9,9,10,10,10,11,12,12,12,12,12,13,14,14,0,54,54,54,55,57,58,56,56,57,59,57,59,59,60,62,62,65,64,67,66,66,62,64,62,60,57,58,53,0,0,0,0,0,0,0,49,43,44,43,45,43,40,39,37,37,31,35,35,35,34,34,36,38,38,39,42,42,45,45,47,49,48,50
20260726_153123_c36ca3,1785076431528083,1259917684,2,2,0,-56,128,0,12,13,13,14,14,14,14,14,14,15,15,14,15,16,16,16,16,17,17,16,16,16,16,16,15,15,0,0,0,0,0,0,0,0,0,0,0,18,17,16,16,16,14,14,13,13,12,11,11,11,10,10,10,10,10,11,10,10,11,11,11,11,12,0,23,25,25,25,25,26,26,26,26,27,28,27,28,29,29,30,30,31,31,31,31,30,30,29,28,26,25,25,0,0,0,0,0,0,0,34,34,33,32,31,30,29,28,26,25,24,23,21,21,20,21,19,20,19,19,19,19,20,20,20,21,22,22
20260726_153123_c36ca3,1785076431617695,1260012146,2,2,0,-55,128,0,14,15,15,15,15,15,15,15,16,16,16,15,15,15,15,16,16,16,16,16,16,16,16,15,14,14,0,0,0,0,0,0,0,0,0,0,0,16,16,16,15,15,14,14,13,12,12,11,12,12,11,11,12,12,11,11,12,12,13,13,13,13,13,0,52,54,56,53,56,56,55,55,55,56,56,57,57,56,57,59,58,61,60,57,61,58,54,54,52,49,47,47,0,0,0,0,0,0,0,64,61,59,60,57,56,54,53,50,49,46,44,42,41,40,40,40,41,42,42,43,42,45,46,47,48,47,52
20260726_153123_c36ca3,1785076431718175,1260112442,2,2,0,-58,128,0,15,15,15,15,15,16,16,16,16,16,16,16,16,16,16,16,17,17,17,17,17,17,15,15,14,14,0,0,0,0,0,0,0,0,0,0,0,12,11,11,10,10,9,8,8,8,8,7,8,8,8,9,9,9,10,10,11,11,12,12,13,13,14,0,28,28,30,29,30,31,31,29,31,31,30,31,31,32,31,32,32,32,33,31,32,31,30,29,27,26,24,25,0,0,0,0,0,0,0,26,25,24,22,21,20,19,17,17,15,15,14,13,15,15,16,17,18,19,18,21,21,23,23,24,25,26,25
20260726_153123_c36ca3,1785076431820375,1260212660,2,2,0,-59,128,0,15,16,16,17,17,17,17,17,17,18,18,18,18,18,18,18,19,19,19,19,19,18,17,17,15,15,0,0,0,0,0,0,0,0,0,0,0,12,11,10,9,8,6,5,4,3,3,4,4,4,5,6,7,7,8,9,10,11,11,12,13,14,14,0,29,31,31,31,32,33,33,34,34,33,34,34,34,35,35,36,36,36,36,36,36,34,33,33,31,30,28,26,0,0,0,0,0,0,0,27,24,23,21,20,16,15,12,10,8,6,5,6,6,8,10,12,13,15,16,18,19,20,21,22,24,26,27
20260726_153123_c36ca3,1785076431918778,1260311744,2,2,0,-56,128,0,16,16,16,16,17,17,17,17,17,17,17,17,18,18,18,18,19,19,19,18,18,18,17,17,16,15,0,0,0,0,0,0,0,0,0,0,0,4,3,3,2,2,3,3,3,5,6,6,7,8,9,9,10,10,11,11,12,13,13,13,14,14,15,0,29,31,31,30,32,32,32,32,31,32,33,33,34,34,34,34,35,35,35,36,34,34,33,32,31,29,28,27,0,0,0,0,0,0,0,12,9,9,7,5,3,3,4,5,7,8,11,12,13,15,16,17,19,20,20,22,22,24,25,25,26,28,28
20260726_153123_c36ca3,1785076432021064,1260412201,2,2,0,-52,128,0,15,15,15,15,15,15,15,15,15,15,15,15,15,16,17,17,17,17,17,17,17,17,16,16,14,14,0,0,0,0,0,0,0,0,0,0,0,4,4,5,5,5,6,7,7,7,8,9,9,9,10,10,11,10,11,12,13,13,13,13,14,15,15,0,28,30,30,30,29,30,30,30,30,30,30,30,31,31,32,32,33,33,33,33,32,32,31,31,29,27,27,25,0,0,0,0,0,0,0,9,9,8,9,10,12,12,12,14,14,15,17,16,19,19,21,20,22,22,23,24,24,25,25,26,27,28,28
20260726_153123_c36ca3,1785076432120633,1260512075,2,2,0,-51,128,0,14,14,15,15,15,14,14,14,14,14,15,15,15,16,16,16,16,16,16,16,16,15,15,15,14,13,0,0,0,0,0,0,0,0,0,0,0,5,5,6,6,6,7,7,7,8,8,9,9,9,10,10,10,11,11,11,11,12,12,12,13,14,14,0,29,28,30,29,30,30,31,30,30,29,31,30,31,31,30,33,32,33,33,32,31,31,29,30,28,28,25,26,0,0,0,0,0,0,0,12,12,11,12,12,12,13,14,15,15,16,17,17,19,19,20,21,21,22,22,23,24,24,25,25,27,27,28
20260726_153123_c36ca3,1785076432216401,1260611786,2,2,0,-52,128,0,14,14,14,14,14,14,14,15,15,15,15,15,16,16,16,17,17,17,17,17,17,16,16,16,15,15,0,0,0,0,0,0,0,0,0,0,0,5,5,5,5,5,6,6,6,6,7,8,8,8,9,9,10,10,10,11,11,12,12,12,13,13,14,0,56,57,57,57,57,58,58,58,59,60,59,60,61,63,64,64,66,66,67,67,65,66,63,62,61,59,55,54,0,0,0,0,0,0,0,26,24,23,23,23,23,23,24,25,26,29,30,33,33,35,38,38,40,42,42,43,44,47,49,49,51,54,54
20260726_153123_c36ca3,1785076432319753,1260712140,2,2,0,-52,128,0,15,16,16,16,16,16,16,16,16,16,16,16,17,17,17,17,17,17,18,17,18,16,16,16,15,14,0,0,0,0,0,0,0,0,0,0,0,6,5,5,5,5,5,5,5,6,7,8,8,8,9,9,11,11,11,11,11,13,13,14,14,14,14,0,60,59,60,61,62,62,61,61,62,63,64,63,63,65,65,66,68,67,67,68,65,62,62,60,58,56,54,51,0,0,0,0,0,0,0,24,22,20,20,17,15,17,18,19,22,25,26,31,32,35,34,37,39,41,44,45,46,48,50,51,54,55,54
20260726_153123_c36ca3,1785076432416855,1260811524,2,2,0,-54,128,0,14,14,14,14,14,15,14,15,15,15,15,15,15,16,16,16,16,17,17,17,17,16,16,15,15,14,0,0,0,0,0,0,0,0,0,0,0,9,9,9,8,6,7,6,6,7,7,8,7,7,8,8,9,9,9,10,10,11,11,11,12,13,13,0,29,28,28,30,29,29,30,30,31,31,30,31,32,32,32,33,34,34,34,34,33,34,32,32,31,29,28,28,0,0,0,0,0,0,0,19,17,18,17,15,16,12,14,14,12,12,13,14,15,16,16,17,19,19,19,20,21,21,23,24,25,26,26
20260726_153123_c36ca3,1785076432519542,1260912033,2,2,0,-54,128,0,15,15,15,15,16,15,16,15,15,15,16,16,16,16,17,17,17,17,18,17,18,17,17,16,16,15,0,0,0,0,0,0,0,0,0,0,0,11,11,10,11,9,9,8,8,9,8,8,8,9,9,9,10,10,10,11,11,12,12,12,13,14,14,0,29,29,30,29,29,30,30,30,30,30,31,31,31,33,31,33,32,33,34,33,33,33,31,30,29,29,27,26,0,0,0,0,0,0,0,23,23,24,20,20,18,16,18,16,16,15,15,14,16,17,17,18,17,19,19,21,21,22,24,24,25,26,27
20260726_153123_c36ca3,1785076432621964,1261012076,2,2,0,-54,128,0,15,15,15,15,15,15,15,15,15,16,16,16,16,16,16,17,17,17,17,17,17,17,17,17,15,15,0,0,0,0,0,0,0,0,0,0,0,12,12,12,11,11,11,10,10,10,10,10,11,11,11,11,12,12,12,12,12,12,14,14,14,14,14,0,55,55,58,56,57,57,56,58,57,56,59,58,59,60,61,64,63,66,66,65,65,62,62,61,59,58,54,55,0,0,0,0,0,0,0,50,49,46,47,44,43,39,41,39,37,38,37,39,40,40,40,40,42,43,44,46,46,46,49,50,50,51,53
20260726_153123_c36ca3,1785076432717594,1261111785,2,2,0,-56,128,0,16,16,16,16,16,16,16,15,16,16,16,16,16,16,16,17,17,17,18,17,17,17,16,17,16,15,0,0,0,0,0,0,0,0,0,0,0,8,7,7,6,6,6,6,7,7,8,8,9,10,10,11,11,11,13,13,13,13,14,14,15,15,15,0,59,60,60,62,60,60,58,60,60,61,62,59,60,59,61,64,64,66,68,66,66,65,63,62,59,59,58,58,0,0,0,0,0,0,0,36,32,30,27,25,23,23,23,22,24,26,28,32,35,35,38,42,45,44,47,49,50,51,54,55,56,57,57
20260726_153123_c36ca3,1785076432820305,1261211979,2,2,0,-57,128,0,15,16,16,17,16,16,16,16,16,16,17,16,17,16,17,17,18,17,18,17,17,17,17,17,16,15,0,0,0,0,0,0,0,0,0,0,0,10,9,8,7,6,5,5,4,5,5,6,7,8,9,9,10,11,12,12,13,13,14,14,15,15,15,0,30,31,31,32,33,33,33,31,31,32,32,31,31,32,32,34,34,34,35,35,34,33,31,30,29,28,27,26,0,0,0,0,0,0,0,21,20,18,17,14,13,11,9,9,8,9,11,13,14,15,17,18,19,20,21,23,24,25,27,27,27,28,29
20260726_153123_c36ca3,1785076432920470,1261311885,2,2,0,-53,128,0,17,17,16,17,16,16,16,16,16,16,16,16,16,16,16,16,16,16,16,16,16,16,15,14,14,13,0,0,0,0,0,0,0,0,0,0,0,6,6,6,6,6,6,7,7,8,9,10,10,11,11,12,13,13,13,14,14,15,15,15,16,16,16,0,31,31,31,31,31,30,30,30,29,31,30,29,29,29,29,30,29,30,30,29,28,27,27,25,25,24,23,22,0,0,0,0,0,0,0,13,12,11,11,11,11,11,12,13,13,16,16,18,20,20,22,22,23,24,26,26,26,27,28,29,29,30,30
20260726_153123_c36ca3,1785076433018139,1261413021,2,2,0,-58,128,0,15,16,16,16,16,16,16,16,17,17,17,17,17,18,18,18,19,19,19,18,18,17,17,17,17,16,0,0,0,0,0,0,0,0,0,0,0,10,9,8,7,5,5,4,2,1,2,3,4,5,6,6,7,9,9,10,10,11,12,13,13,14,14,0,30,31,31,31,32,32,32,32,32,32,33,33,34,35,34,35,34,36,36,36,34,33,33,32,32,29,28,27,0,0,0,0,0,0,0,24,21,19,18,15,13,10,8,6,4,2,4,5,8,10,12,12,14,17,17,18,20,22,24,25,25,26,29
20260726_153123_c36ca3,1785076433119748,1261512626,2,2,0,-55,128,0,15,16,16,16,15,15,16,16,16,16,16,16,16,16,17,17,17,17,16,17,17,15,16,15,14,14,0,0,0,0,0,0,0,0,0,0,0,15,11,13,12,10,10,10,9,10,11,11,10,11,11,11,11,12,12,13,13,13,14,14,14,15,15,0,57,59,60,60,61,60,59,60,60,60,62,57,62,60,59,64,64,66,64,60,65,62,63,59,53,52,52,45,0,0,0,0,0,0,0,41,45,46,53,37,47,43,38,41,37,35,38,37,38,38,40,40,43,45,45,48,50,52,50,49,53,54,57
20260726_153123_c36ca3,1785076433216328,1261611599,2,2,0,-56,128,0,16,16,16,16,16,16,16,16,16,16,16,16,16,16,16,16,16,16,16,16,16,14,14,14,13,12,0,0,0,0,0,0,0,0,0,0,0,11,10,9,9,8,8,7,8,8,8,9,9,9,10,10,11,11,12,12,13,13,13,14,14,14,15,0,61,61,62,60,60,62,62,61,61,60,61,61,62,62,61,62,60,62,62,60,60,57,54,53,50,48,45,42,0,0,0,0,0,0,0,48,45,43,40,39,36,34,34,33,30,30,31,34,32,36,39,40,41,43,46,48,50,50,52,52,56,57,59
20260726_153123_c36ca3,1785076433318198,1261712016,2,2,0,-54,128,0,15,15,15,15,15,15,15,14,14,14,14,14,14,14,14,15,15,15,15,15,14,14,14,13,13,12,0,0,0,0,0,0,0,0,0,0,0,9,9,8,8,7,7,8,8,8,9,9,9,10,10,10,11,11,11,12,12,12,13,14,14,14,15,0,61,59,61,60,60,60,59,59,57,58,59,58,58,58,59,60,59,60,60,59,59,56,54,53,51,49,46,44,0,0,0,0,0,0,0,37,36,34,33,32,31,30,31,32,31,32,35,36,38,39,41,43,46,46,48,51,51,53,52,56,56,58,59
20260726_153123_c36ca3,1785076433421329,1261812301,2,2,0,-57,128,0,14,16,16,15,15,16,15,16,16,16,16,16,16,16,16,16,16,16,16,16,15,15,14,13,12,12,0,0,0,0,0,0,0,0,0,0,0,14,13,13,12,11,9,9,8,8,8,8,8,8,9,9,9,9,11,11,12,12,13,13,14,14,14,0,59,61,61,62,62,63,61,61,62,61,61,61,62,61,63,64,62,62,62,61,60,58,56,53,52,49,44,43,0,0,0,0,0,0,0,62,59,54,54,51,47,43,42,38,35,33,33,31,33,35,34,37,39,42,41,46,47,50,49,52,55,56,56
20260726_153123_c36ca3,1785076433516999,1261911925,2,2,0,-53,128,0,14,14,14,14,14,14,14,14,14,14,14,14,14,14,14,14,14,14,14,14,15,14,14,13,12,12,0,0,0,0,0,0,0,0,0,0,0,10,10,9,9,9,9,9,9,9,10,10,10,11,11,11,12,12,12,13,13,13,14,13,14,14,14,0,58,59,60,59,58,59,57,59,56,56,57,56,56,55,58,57,57,58,59,57,56,56,54,51,52,49,45,44,0,0,0,0,0,0,0,41,41,38,38,38,39,38,38,38,39,39,42,42,44,45,45,47,49,48,50,51,52,54,54,55,57,58,57
20260726_153123_c36ca3,1785076433617872,1262012309,2,2,0,-53,128,0,16,16,16,16,16,16,16,16,16,15,15,14,14,15,14,15,15,15,15,15,14,14,13,13,12,12,0,0,0,0,0,0,0,0,0,0,0,14,13,13,13,13,13,13,13,13,13,13,14,14,14,14,15,14,14,15,14,15,15,15,15,16,16,0,58,59,60,59,59,59,57,57,55,55,54,54,55,55,53,54,54,53,53,54,51,49,48,46,44,44,39,38,0,0,0,0,0,0,0,52,52,50,49,48,49,48,48,47,47,47,47,49,50,49,52,51,52,52,53,56,56,57,57,55,59,58,58
20260726_153123_c36ca3,1785076433720125,1262112001,2,2,0,-51,128,0,16,17,16,16,16,16,16,15,15,16,15,15,15,15,16,15,16,15,15,15,14,14,13,12,12,11,0,0,0,0,0,0,0,0,0,0,0,7,7,8,8,9,9,9,10,10,11,11,11,13,13,13,14,13,15,15,15,15,15,16,16,16,16,0,61,61,60,60,59,60,59,57,57,58,57,57,56,56,57,57,57,56,58,55,54,52,52,49,46,43,43,40,0,0,0,0,0,0,0,30,29,30,28,30,31,32,34,37,38,40,41,43,45,47,49,49,51,52,53,54,56,56,57,60,59,59,61
20260726_153123_c36ca3,1785076433817253,1262212354,2,2,0,-54,128,0,16,16,16,16,16,15,15,16,15,16,16,15,15,16,16,16,16,16,16,16,16,15,15,13,13,13,0,0,0,0,0,0,0,0,0,0,0,5,4,4,5,5,6,6,7,8,9,9,10,11,11,12,12,12,13,13,14,14,14,15,16,16,16,0,62,62,61,61,60,60,59,59,59,58,60,59,59,59,59,62,62,61,60,62,60,60,57,54,53,52,49,47,0,0,0,0,0,0,0,22,21,20,19,18,19,22,24,25,28,31,33,36,39,42,45,45,47,49,49,52,54,54,55,59,58,60,60
20260726_153123_c36ca3,1785076433919620,1262312425,2,2,0,-57,128,0,16,16,16,17,16,16,15,16,14,14,14,14,14,14,14,14,14,14,14,13,13,12,12,12,10,10,0,0,0,0,0,0,0,0,0,0,0,7,6,6,5,5,4,6,6,6,7,9,8,10,11,11,12,13,13,13,13,15,15,16,16,16,17,0,67,65,67,65,65,64,62,60,60,59,59,56,56,56,57,55,55,55,56,53,51,49,49,46,43,40,39,38,0,0,0,0,0,0,0,33,31,27,24,22,19,20,23,23,25,25,22,34,39,38,44,46,50,52,54,55,58,59,61,64,66,66,66
20260726_153123_c36ca3,1785076434017388,1262413086,2,2,0,-58,128,0,16,16,16,16,16,16,15,15,15,15,15,15,15,15,15,15,15,15,14,14,14,15,14,12,13,11,0,0,0,0,0,0,0,0,0,0,0,8,7,7,6,6,5,5,5,6,7,8,9,10,11,11,12,12,13,14,14,15,15,15,16,16,16,0,32,32,32,31,31,31,31,31,30,29,30,29,30,30,29,29,30,30,29,29,27,26,25,24,24,22,22,22,0,0,0,0,0,0,0,20,17,15,14,13,11,10,9,10,12,12,13,16,17,19,21,22,23,24,23,25,27,28,28,29,30,31,32
20260726_153123_c36ca3,1785076434119095,1262512407,2,2,0,-53,128,0,16,16,16,16,16,16,16,15,15,15,15,15,15,16,16,16,16,15,15,15,15,15,14,14,13,13,0,0,0,0,0,0,0,0,0,0,0,7,7,8,8,8,8,8,9,10,11,11,11,12,12,12,13,13,13,14,14,15,15,15,16,16,16,0,63,62,62,63,63,61,60,60,59,60,59,60,59,59,59,60,61,61,62,59,59,58,55,53,52,48,47,43,0,0,0,0,0,0,0,28,27,27,27,28,29,29,32,33,35,36,41,42,45,47,48,50,51,52,54,55,56,58,59,60,60,61,62
20260726_153123_c36ca3,1785076434220270,1262612233,2,2,0,-52,128,0,17,16,17,16,16,16,16,16,16,15,15,15,16,16,16,16,16,15,15,15,16,15,15,15,13,13,0,0,0,0,0,0,0,0,0,0,0,8,8,8,8,8,8,9,9,9,9,10,10,11,12,12,13,13,13,13,14,14,15,16,16,17,17,0,64,64,64,62,63,64,63,63,61,61,61,60,61,61,59,61,60,60,61,59,58,58,55,54,50,49,47,45,0,0,0,0,0,0,0,33,32,31,30,31,31,30,31,33,34,35,37,39,41,42,44,46,48,49,49,53,55,56,57,57,59,61,62
20260726_153123_c36ca3,1785076434317342,1262712517,2,2,0,-51,128,0,15,14,14,14,14,14,14,14,14,14,14,14,14,14,14,14,14,14,14,14,13,13,13,12,12,12,0,0,0,0,0,0,0,0,0,0,0,9,9,9,9,9,9,9,10,10,10,10,10,11,12,12,12,12,12,12,13,13,14,14,14,15,14,0,60,59,57,59,58,61,59,56,55,56,56,56,55,56,56,57,56,56,56,56,54,51,51,48,48,45,45,42,0,0,0,0,0,0,0,37,37,37,36,35,37,36,38,38,39,39,39,42,44,44,44,46,49,48,49,51,51,53,54,54,58,56,58
20260726_153123_c36ca3,1785076434419570,1262811437,2,2,0,-51,128,0,16,16,15,15,15,15,15,14,14,14,14,14,14,14,14,14,15,14,14,14,14,14,14,13,13,12,0,0,0,0,0,0,0,0,0,0,0,11,10,11,11,11,11,12,12,12,12,12,12,13,13,12,14,14,14,14,14,14,14,15,15,16,16,0,59,58,59,59,57,59,56,57,56,56,57,56,56,56,54,55,57,57,56,54,54,53,51,51,48,46,44,43,0,0,0,0,0,0,0,40,40,41,40,42,43,43,44,44,45,46,46,47,47,49,49,51,50,51,50,53,54,55,55,55,58,58,57
20260726_153123_c36ca3,1785076434521949,1262912010,2,2,0,-55,128,0,14,15,15,14,14,14,14,14,14,14,14,14,14,15,14,15,15,15,15,15,15,15,14,14,14,13,0,0,0,0,0,0,0,0,0,0,0,17,16,16,16,15,14,14,14,13,13,13,13,13,12,13,12,13,12,13,13,14,13,13,14,14,14,0,52,53,53,54,54,54,53,53,51,51,52,53,53,54,54,53,56,56,56,57,57,55,53,52,51,49,48,46,0,0,0,0,0,0,0,65,61,59,60,58,56,54,53,51,50,50,49,47,48,48,47,46,47,45,48,49,48,49,47,49,51,50,52
20260726_153123_c36ca3,1785076434619227,1263014670,2,2,0,-58,128,0,16,16,16,17,16,16,16,16,16,16,16,15,15,15,15,16,16,16,16,16,16,15,15,14,13,13,0,0,0,0,0,0,0,0,0,0,0,9,9,8,8,8,8,7,8,9,9,10,10,10,11,11,12,12,12,13,13,14,14,14,15,15,16,0,63,65,59,66,60,62,59,58,60,61,59,59,60,59,61,61,63,62,64,62,60,59,57,56,51,49,48,44,0,0,0,0,0,0,0,40,34,31,31,30,29,29,24,28,30,30,34,36,40,40,43,43,46,48,51,54,52,54,51,57,59,58,59
20260726_153123_c36ca3,1785076434722903,1263114502,2,2,0,-58,128,0,16,15,16,15,15,15,15,15,15,15,15,16,15,15,15,16,16,17,16,16,16,15,15,14,13,13,0,0,0,0,0,0,0,0,0,0,0,5,4,4,4,4,5,6,6,7,8,9,9,9,11,11,11,12,12,12,13,13,13,13,14,15,15,0,60,61,61,60,57,61,58,58,59,60,58,59,58,60,61,63,61,64,62,63,62,59,58,55,54,50,49,46,0,0,0,0,0,0,0,27,22,20,19,17,17,18,22,25,25,28,31,35,38,38,39,43,45,45,47,50,52,51,54,57,54,57,59
20260726_153123_c36ca3,1785076434820355,1263212768,2,2,0,-56,128,0,16,16,17,17,16,16,16,16,16,16,15,15,15,15,16,15,15,15,15,14,14,13,13,13,12,12,0,0,0,0,0,0,0,0,0,0,0,13,13,12,12,12,11,11,11,11,12,12,12,14,13,13,13,13,12,14,14,13,15,16,16,16,15,0,31,30,31,30,29,31,30,29,29,30,29,30,29,29,28,29,28,28,27,26,26,25,24,24,22,21,20,18,0,0,0,0,0,0,0,24,24,24,25,23,21,24,21,22,22,23,23,22,23,23,26,26,20,25,23,28,29,26,29,30,31,29,27
20260726_153123_c36ca3,1785076434922188,1263312565,2,2,0,-55,128,0,15,16,15,15,15,14,15,14,13,13,14,13,14,13,14,13,14,13,13,14,14,14,13,12,11,11,0,0,0,0,0,0,0,0,0,0,0,12,11,12,12,11,11,12,11,12,12,12,13,12,13,13,14,13,14,14,14,14,14,14,16,14,15,0,58,59,59,60,60,58,59,53,52,53,54,55,55,54,52,53,55,53,56,52,53,52,50,47,43,42,40,37,0,0,0,0,0,0,0,44,43,46,44,44,48,46,44,45,46,51,46,47,47,49,50,52,52,52,52,53,56,54,56,57,58,57,59
20260726_153123_c36ca3,1785076435024542,1263414775,2,2,0,-59,128,0,13,13,15,13,13,14,13,13,13,14,14,14,14,13,15,15,15,15,15,15,15,14,14,14,13,13,0,0,0,0,0,0,0,0,0,0,0,20,19,19,18,17,16,15,14,13,12,12,11,11,11,10,10,10,10,11,11,11,11,11,12,12,12,0,25,25,27,25,25,26,26,25,26,26,25,26,27,26,27,28,28,28,28,29,28,27,27,26,25,24,22,21,0,0,0,0,0,0,0,40,39,38,36,35,34,32,29,28,26,25,23,22,21,21,20,19,20,19,19,20,20,20,21,21,22,22,23
20260726_153123_c36ca3,1785076435120391,1263513274,2,2,0,-58,128,0,13,12,13,13,13,13,13,13,12,12,12,12,12,12,13,13,13,13,13,13,13,13,12,12,11,11,0,0,0,0,0,0,0,0,0,0,0,19,17,18,17,17,15,15,15,14,13,13,13,13,12,12,12,13,12,12,12,13,12,12,12,13,13,0,24,24,26,25,25,22,24,23,26,25,24,22,25,24,24,24,24,25,25,25,24,23,22,22,23,21,20,19,0,0,0,0,0,0,0,37,37,36,35,33,33,30,30,30,28,26,25,24,24,23,23,23,23,23,23,23,23,23,23,24,23,23,24
