session_id,host_unix_us,timestamp_us,label,esp_label,settling,rssi,num_subcarriers,amp_0,amp_1,amp_2,amp_3,amp_4,amp_5,amp_6,amp_7,amp_8,amp_9,amp_10,amp_11,amp_12,amp_13,amp_14,amp_15,amp_16,amp_17,amp_18,amp_19,amp_20,amp_21,amp_22,amp_23,amp_24,amp_25,amp_26,amp_27,amp_28,amp_29,amp_30,amp_31,amp_32,amp_33,amp_34,amp_35,amp_36,amp_37,amp_38,amp_39,amp_40,amp_41,amp_42,amp_43,amp_44,amp_45,amp_46,amp_47,amp_48,amp_49,amp_50,amp_51,amp_52,amp_53,amp_54,amp_55,amp_56,amp_57,amp_58,amp_59,amp_60,amp_61,amp_62,amp_63,amp_64,amp_65,amp_66,amp_67,amp_68,amp_69,amp_70,amp_71,amp_72,amp_73,amp_74,amp_75,amp_76,amp_77,amp_78,amp_79,amp_80,amp_81,amp_82,amp_83,amp_84,amp_85,amp_86,amp_87,amp_88,amp_89,amp_90,amp_91,amp_92,amp_93,amp_94,amp_95,amp_96,amp_97,amp_98,amp_99,amp_100,amp_101,amp_102,amp_103,amp_104,amp_105,amp_106,amp_107,amp_108,amp_109,amp_110,amp_111,amp_112,amp_113,amp_114,amp_115,amp_116,amp_117,amp_118,amp_119,amp_120,amp_121,amp_122,amp_123,amp_124,amp_125,amp_126,amp_127
20260726_153123_c36ca3,1785076283622490,1112010514,0,0,1,-50,128,0,16,16,16,16,15,15,15,15,15,15,15,14,14,15,15,15,15,15,16,16,15,15,14,14,13,13,0,0,0,0,0,0,0,0,0,0,0,16,16,16,16,16,16,16,15,14,14,15,14,14,15,13,15,14,14,15,15,14,14,15,15,15,16,0,54,55,54,54,51,53,51,51,51,52,51,52,51,52,52,52,52,55,53,54,53,51,51,49,49,47,45,43,0,0,0,0,0,0,0,56,55,54,55,53,57,54,55,53,50,51,53,51,50,49,49,48,48,49,47,48,48,49,51,50,52,51,53
20260726_153123_c36ca3,1785076283718784,1112111732,0,0,1,-49,128,0,14,14,14,14,14,13,13,13,13,13,13,13,13,13,13,14,14,14,14,14,14,13,13,13,13,12,0,0,0,0,0,0,0,0,0,0,0,16,16,16,16,16,16,16,15,15,15,15,15,13,13,13,13,13,13,13,13,14,14,14,14,14,13,0,49,52,51,50,50,50,48,48,48,47,48,47,48,50,48,50,49,52,51,51,49,50,48,48,43,46,44,44,0,0,0,0,0,0,0,57,58,57,59,59,59,57,56,58,55,55,54,52,52,51,50,49,48,50,48,50,50,48,48,51,51,51,51
20260726_153123_c36ca3,1785076283821056,1112211670,0,0,1,-49,128,0,13,13,14,14,14,13,14,14,13,13,14,13,14,14,14,15,15,15,15,15,15,15,14,14,14,14,0,0,0,0,0,0,0,0,0,0,0,15,15,15,16,15,15,14,15,14,14,14,14,13,13,13,13,13,13,13,13,13,14,14,14,14,14,0,50,50,52,50,52,50,50,51,49,51,50,50,52,52,52,55,56,55,56,55,57,56,55,55,51,50,48,48,0,0,0,0,0,0,0,57,58,58,57,58,57,58,55,55,52,52,52,51,50,48,48,46,48,47,46,46,49,47,47,49,50,51,50
20260726_153123_c36ca3,1785076283918056,1112310684,0,0,1,-48,128,0,14,14,15,14,14,14,14,14,14,14,14,14,14,14,14,14,14,14,14,14,14,15,15,13,13,12,0,0,0,0,0,0,0,0,0,0,0,15,14,15,15,15,15,14,14,14,14,14,13,13,13,13,13,13,13,14,13,14,14,13,14,14,14,0,54,55,54,53,53,56,53,52,52,51,52,51,55,54,49,56,55,54,61,53,54,48,51,50,47,48,45,45,0,0,0,0,0,0,0,56,54,47,56,54,56,55,55,55,55,52,53,54,52,51,49,49,47,48,48,50,49,49,51,49,53,53,52
20260726_153123_c36ca3,1785076284019595,1112410512,0,0,1,-48,128,0,14,14,14,14,14,14,14,14,14,14,14,14,14,14,15,15,15,15,15,15,15,14,14,15,14,14,0,0,0,0,0,0,0,0,0,0,0,14,14,15,15,14,14,14,15,14,13,13,13,14,13,13,13,14,13,14,14,13,13,14,14,14,14,0,53,53,52,53,53,52,54,51,51,53,52,52,52,53,54,55,54,56,56,55,54,53,52,52,51,49,47,48,0,0,0,0,0,0,0,52,53,51,52,52,53,53,51,52,52,51,51,51,51,50,49,49,50,46,48,50,49,49,50,52,52,53,54
20260726_153123_c36ca3,1785076284122095,1112510148,0,0,1,-48,128,0,14,14,14,14,14,14,14,14,14,14,14,13,14,13,14,14,14,14,14,15,14,14,14,14,13,13,0,0,0,0,0,0,0,0,0,0,0,13,12,13,13,13,13,13,13,13,13,13,13,13,12,12,12,13,13,13,13,13,13,13,14,14,14,0,52,55,54,54,53,54,51,52,51,52,53,54,53,53,52,54,55,54,56,54,54,53,54,52,49,46,48,47,0,0,0,0,0,0,0,47,46,47,47,49,50,49,50,50,48,49,48,49,48,49,48,47,49,48,49,48,50,50,51,50,52,53,53
20260726_153123_c36ca3,1785076284217640,1112610044,0,0,1,-48,128,0,15,15,15,15,15,15,15,14,15,14,14,14,15,15,15,15,15,15,15,15,15,15,14,14,14,14,0,0,0,0,0,0,0,0,0,0,0,13,14,13,14,13,14,14,14,14,13,13,13,13,13,13,13,14,13,13,14,14,14,14,15,14,15,0,56,56,57,55,54,54,53,53,55,55,53,54,53,54,57,57,58,57,56,55,55,55,53,51,51,50,48,47,0,0,0,0,0,0,0,48,47,50,51,49,51,50,50,50,51,50,50,50,49,49,48,47,51,51,49,49,48,51,51,52,53,53,53
20260726_153123_c36ca3,1785076284319821,1112710214,0,0,1,-48,128,0,14,14,14,14,14,14,14,13,14,14,14,13,14,14,14,14,14,14,15,14,14,14,14,13,13,12,0,0,0,0,0,0,0,0,0,0,0,12,12,13,13,13,12,13,13,14,13,14,13,14,13,12,13,12,13,13,13,13,13,14,14,14,14,0,52,52,52,52,52,52,52,50,51,51,53,50,50,51,53,53,53,54,55,54,55,53,52,50,49,47,47,47,0,0,0,0,0,0,0,45,46,47,47,47,48,48,50,50,49,49,48,50,52,48,49,49,48,49,47,48,51,49,50,52,51,51,52
20260726_153123_c36ca3,1785076284422389,1112811013,0,0,1,-51,128,0,15,14,14,14,14,14,13,13,13,13,13,13,13,13,13,13,13,13,13,13,13,12,12,12,12,11,0,0,0,0,0,0,0,0,0,0,0,12,12,13,13,13,13,14,13,13,14,14,14,14,14,14,14,14,14,14,14,14,14,14,14,15,14,0,57,55,54,54,52,51,50,51,51,50,50,49,49,49,48,51,50,50,50,50,50,49,47,45,45,44,40,40,0,0,0,0,0,0,0,44,45,46,48,47,50,48,52,51,51,52,50,52,52,52,53,53,52,53,53,53,53,53,55,55,54,56,55
20260726_153123_c36ca3,1785076284522862,1112914465,0,0,1,-54,128,0,15,15,15,15,15,14,14,14,14,13,14,13,13,13,13,14,14,14,14,14,13,13,13,13,13,12,0,0,0,0,0,0,0,0,0,0,0,9,9,10,10,10,11,11,11,11,11,12,12,12,12,12,13,13,13,13,14,14,14,14,15,15,15,0,61,56,58,58,56,56,55,55,54,54,55,52,52,52,53,54,53,54,56,54,53,52,50,49,48,47,46,45,0,0,0,0,0,0,0,37,36,36,37,37,40,40,42,41,42,45,46,47,48,49,50,50,51,53,53,53,54,54,55,57,58,59,59
20260726_153123_c36ca3,1785076284619444,1113010072,0,0,1,-57,128,0,14,14,14,14,14,15,14,13,14,13,13,13,13,13,13,13,13,13,14,14,13,13,12,13,11,10,0,0,0,0,0,0,0,0,0,0,0,15,14,13,14,12,12,12,11,11,10,11,11,11,11,12,12,12,12,12,12,12,13,13,13,14,14,0,57,56,57,58,55,59,55,56,55,55,53,55,54,55,54,53,57,53,52,53,51,50,51,47,44,41,41,38,0,0,0,0,0,0,0,59,58,57,55,54,52,49,48,47,44,45,43,42,42,44,43,43,46,40,42,49,50,49,53,54,54,55,56
20260726_153123_c36ca3,1785076284721761,1113110289,0,0,1,-56,128,0,15,15,15,15,15,15,15,15,15,14,14,15,15,15,15,16,15,16,16,15,15,14,15,14,13,14,0,0,0,0,0,0,0,0,0,0,0,13,13,13,13,11,11,11,9,10,9,9,10,9,10,10,11,11,11,11,12,11,13,12,13,14,14,0,56,56,57,56,57,55,55,57,56,57,57,57,55,58,56,59,60,59,60,59,58,57,59,54,51,49,50,46,0,0,0,0,0,0,0,54,53,52,50,48,46,44,43,40,40,38,37,38,39,36,38,39,41,41,43,45,46,46,49,51,50,53,54
20260726_153123_c36ca3,1785076284818327,1113210123,0,0,1,-53,128,0,15,16,16,16,16,16,16,16,16,16,16,16,16,16,17,17,17,18,18,18,18,18,17,17,17,16,0,0,0,0,0,0,0,0,0,0,0,9,9,9,10,9,9,9,9,10,9,9,10,10,11,11,11,12,12,13,13,13,14,14,15,15,15,0,28,30,30,29,30,30,30,30,29,30,30,30,31,31,32,32,33,35,35,35,34,33,33,33,31,31,30,30,0,0,0,0,0,0,0,20,19,19,18,18,18,17,17,17,17,17,18,19,19,19,20,21,21,21,22,23,23,24,26,25,27,26,28
20260726_153123_c36ca3,1785076284921246,1113310320,0,0,1,-51,128,0,14,14,14,14,14,14,14,14,14,14,15,15,15,15,15,16,16,16,16,16,15,16,15,15,15,15,0,0,0,0,0,0,0,0,0,0,0,11,11,11,11,10,11,11,11,11,11,11,11,11,11,11,11,11,11,12,12,12,13,13,13,14,14,0,55,53,55,55,55,55,54,52,56,54,55,54,56,58,56,59,59,61,61,61,60,60,59,58,57,57,52,54,0,0,0,0,0,0,0,42,40,40,41,38,39,39,40,40,39,40,39,40,40,42,43,43,44,44,44,47,47,47,50,49,51,52,51
20260726_153123_c36ca3,1785076285023590,1113412870,0,0,1,-49,128,0,14,14,14,14,14,13,13,13,13,13,14,14,14,14,14,14,15,15,15,15,15,15,14,14,14,14,0,0,0,0,0,0,0,0,0,0,0,12,11,12,11,11,12,12,12,12,12,12,13,11,13,11,13,12,12,12,12,13,13,13,13,14,14,0,54,53,53,57,54,52,54,51,51,54,52,53,53,54,55,56,57,57,57,57,56,56,54,52,52,51,49,47,0,0,0,0,0,0,0,41,40,44,41,43,44,44,43,42,46,47,44,47,42,44,45,45,49,43,50,46,50,46,51,52,50,53,53
20260726_153123_c36ca3,1785076285119884,1113510253,0,0,1,-46,128,0,14,13,14,14,14,13,13,13,13,13,13,13,13,14,14,14,14,14,14,14,14,14,13,14,13,13,0,0,0,0,0,0,0,0,0,0,0,12,12,12,12,12,12,13,12,13,13,13,13,13,13,12,12,12,12,12,13,13,13,13,13,14,14,0,54,52,52,53,53,53,52,52,51,50,51,50,52,54,52,54,53,55,55,55,54,53,50,51,50,48,46,46,0,0,0,0,0,0,0,44,46,47,48,48,48,47,49,48,48,48,48,49,49,47,47,49,49,49,47,51,49,51,50,52,53,53,54
20260726_153123_c36ca3,1785076285221092,1113609909,0,0,1,-47,128,0,15,15,15,15,15,15,15,14,15,15,14,14,15,15,15,15,15,15,15,15,15,15,14,14,14,13,0,0,0,0,0,0,0,0,0,0,0,12,12,12,12,12,12,12,13,13,12,13,13,13,13,13,13,13,13,13,14,14,14,15,15,15,15,0,53,56,55,55,54,55,55,54,53,54,54,53,55,54,56,55,57,56,56,56,56,54,53,52,51,50,50,47,0,0,0,0,0,0,0,42,43,43,43,45,44,46,45,46,45,46,46,48,47,48,49,49,49,47,49,49,51,51,51,55,54,55,56
20260726_153123_c36ca3,1785076285316578,1113710033,0,0,1,-46,128,0,15,15,15,15,14,14,14,14,14,13,14,14,14,14,14,14,14,14,14,14,14,14,14,13,13,12,0,0,0,0,0,0,0,0,0,0,0,12,12,12,12,12,12,12,12,12,12,12,12,12,13,13,12,13,12,14,13,14,14,13,15,15,15,0,57,57,56,55,53,54,53,53,52,51,53,53,54,54,53,55,55,54,56,56,55,53,52,51,49,47,46,44,0,0,0,0,0,0,0,45,46,45,45,46,48,47,46,47,47,48,50,47,47,48,49,48,50,49,48,50,51,51,54,53,55,54,56
20260726_153123_c36ca3,1785076285423756,1113812114,0,0,1,-46,128,0,15,15,15,15,14,14,15,14,14,14,14,14,14,14,14,14,15,15,15,15,15,15,14,14,14,13,0,0,0,0,0,0,0,0,0,0,0,13,13,14,14,14,14,14,13,14,14,14,14,14,14,14,14,13,14,14,14,14,15,14,15,15,14,0,55,55,57,54,55,55,53,53,52,52,52,54,54,54,54,55,54,55,57,55,55,54,53,52,50,49,48,47,0,0,0,0,0,0,0,48,49,48,49,50,51,51,51,50,49,50,50,50,50,51,50,52,49,50,49,51,52,53,53,52,55,55,55
20260726_153123_c36ca3,1785076285519703,1113910125,0,0,1,-46,128,0,15,15,15,15,15,14,14,14,14,15,15,15,15,15,15,15,15,16,16,16,16,15,14,14,14,14,0,0,0,0,0,0,0,0,0,0,0,13,13,13,14,14,13,13,13,13,13,14,14,13,14,13,14,14,14,14,14,14,14,14,14,15,15,0,56,55,56,53,54,53,53,54,54,53,55,52,53,55,56,56,55,56,56,57,56,54,54,52,52,52,48,47,0,0,0,0,0,0,0,47,45,46,47,49,49,49,50,50,49,49,49,50,49,48,48,50,51,49,50,49,50,52,51,52,53,54,55
20260726_153123_c36ca3,1785076285621251,1114011205,0,0,1,-45,128,0,14,14,14,14,14,13,13,13,13,13,13,13,13,13,13,14,14,15,14,14,14,13,14,14,14,12,0,0,0,0,0,0,0,0,0,0,0,13,12,14,13,13,13,13,13,13,13,13,13,13,13,13,13,13,12,14,13,13,14,13,14,14,14,0,54,56,55,55,51,53,53,53,51,54,52,52,54,52,54,53,57,54,55,54,54,55,54,53,49,48,49,47,0,0,0,0,0,0,0,47,47,48,48,51,49,50,49,50,51,50,51,50,50,50,50,48,50,50,49,49,49,52,52,54,53,55,52
20260726_153123_c36ca3,1785076285723835,1114112567,0,0,1,-45,128,0,15,15,15,15,15,15,15,14,14,14,14,14,14,15,15,15,15,15,15,15,15,15,14,14,14,13,0,0,0,0,0,0,0,0,0,0,0,13,14,14,14,14,14,14,14,14,14,14,14,14,14,14,14,14,14,15,14,14,14,14,15,15,15,0,55,59,55,57,54,54,53,55,53,55,54,52,54,53,55,54,57,54,57,55,55,53,55,51,51,49,48,47,0,0,0,0,0,0,0,48,47,47,47,50,49,50,50,50,51,51,52,51,51,52,51,51,53,51,52,51,53,53,54,55,54,57,55
20260726_153123_c36ca3,1785076285820002,1114211198,0,0,1,-45,128,0,14,14,14,14,13,13,13,13,13,13,13,12,13,13,13,13,13,13,14,13,13,13,13,13,13,12,0,0,0,0,0,0,0,0,0,0,0,14,14,14,14,14,14,14,14,14,13,13,13,13,13,13,13,13,13,12,13,13,13,13,14,14,14,0,54,52,52,53,49,51,50,52,53,50,50,51,50,52,52,53,52,53,52,53,53,51,50,49,48,46,45,43,0,0,0,0,0,0,0,52,52,53,54,54,54,54,54,53,53,53,52,50,50,49,51,49,49,49,49,48,49,49,51,50,50,51,52
20260726_153123_c36ca3,1785076285918195,1114309902,0,0,1,-44,128,0,15,14,14,14,14,14,14,14,14,14,14,14,14,14,14,15,15,15,16,15,15,14,14,14,14,14,0,0,0,0,0,0,0,0,0,0,0,14,14,15,15,15,15,15,15,14,15,15,15,14,14,14,14,14,14,13,13,13,13,14,14,14,15,0,53,52,51,51,51,51,49,50,50,51,50,51,52,51,51,53,51,53,55,54,52,51,50,49,48,48,46,44,0,0,0,0,0,0,0,51,51,51,53,52,54,53,54,53,53,52,52,52,52,50,50,50,49,49,48,50,49,50,50,50,52,51,51
20260726_153123_c36ca3,1785076286018832,1114410091,0,0,1,-45,128,0,15,14,14,14,14,14,13,14,14,15,14,13,13,13,14,15,14,14,15,15,14,14,14,14,13,13,0,0,0,0,0,0,0,0,0,0,0,13,13,13,13,13,13,14,14,14,13,14,13,13,13,13,13,13,13,13,13,14,14,14,14,14,14,0,53,51,52,55,51,53,50,49,51,51,54,52,51,57,54,55,47,57,54,51,47,53,50,46,47,47,48,44,0,0,0,0,0,0,0,46,47,46,47,49,50,49,50,51,49,50,48,50,50,48,48,49,49,50,48,50,49,50,50,51,52,53,54
20260726_153123_c36ca3,1785076286120187,1114510063,0,0,1,-45,128,0,14,14,14,14,13,13,13,13,13,13,13,13,13,13,13,14,13,14,14,14,14,13,13,13,12,12,0,0,0,0,0,0,0,0,0,0,0,13,14,14,14,14,14,14,14,13,13,14,14,13,13,13,13,13,12,13,13,13,13,13,13,13,14,0,51,51,52,52,50,51,50,49,48,50,50,49,49,49,51,53,52,53,52,51,51,49,50,49,47,46,44,44,0,0,0,0,0,0,0,49,50,50,50,51,52,53,53,54,52,52,50,52,50,49,49,48,48,48,48,47,48,48,48,51,50,50,49
20260726_153123_c36ca3,1785076286222187,1114610044,0,0,1,-46,128,0,13,14,13,13,14,14,13,13,13,13,13,13,13,13,13,14,13,14,14,14,14,14,14,13,12,12,0,0,0,0,0,0,0,0,0,0,0,14,13,14,14,14,14,14,14,14,14,13,13,13,13,13,13,12,12,13,13,13,13,13,13,13,13,0,51,49,53,49,53,52,51,49,49,49,50,50,50,52,51,53,52,55,54,53,52,53,49,49,49,48,45,45,0,0,0,0,0,0,0,50,51,52,53,52,56,53,56,54,54,53,52,52,51,52,51,50,49,49,47,50,49,49,50,49,52,52,51
20260726_153123_c36ca3,1785076286318950,1114710282,0,0,1,-45,128,0,14,15,15,14,14,14,14,14,14,15,13,14,14,14,15,15,15,15,16,15,15,14,14,14,14,14,0,0,0,0,0,0,0,0,0,0,0,15,14,15,15,15,16,16,15,15,15,15,15,14,14,14,15,14,14,14,14,14,14,14,14,14,14,0,52,52,52,53,50,51,50,49,50,51,52,51,51,52,52,54,54,56,55,56,55,53,51,51,51,50,47,45,0,0,0,0,0,0,0,53,53,54,53,55,55,56,56,57,55,54,53,53,53,53,51,51,52,51,51,51,50,51,51,52,52,51,53
20260726_153123_c36ca3,1785076286416846,1114810076,0,0,1,-45,128,0,14,14,14,14,13,13,13,14,13,13,13,13,13,13,13,14,14,14,14,14,14,14,13,14,13,13,0,0,0,0,0,0,0,0,0,0,0,13,13,13,13,14,13,14,14,14,14,14,14,13,14,13,13,13,13,13,13,13,13,13,13,14,14,0,52,50,53,50,50,52,51,51,50,50,51,51,52,52,52,54,53,53,55,54,54,53,51,50,49,48,47,46,0,0,0,0,0,0,0,49,48,50,50,51,53,52,51,52,52,52,52,51,51,50,51,50,49,48,48,50,49,50,51,50,52,52,50
20260726_153123_c36ca3,1785076286517393,1114910280,0,0,1,-45,128,0,13,13,13,13,13,13,13,13,13,13,13,13,13,14,14,14,14,14,14,14,13,14,13,13,13,13,0,0,0,0,0,0,0,0,0,0,0,14,14,14,14,15,15,15,15,14,15,14,13,13,13,14,14,13,13,13,14,13,13,14,14,14,13,0,52,51,51,52,50,52,49,50,49,49,51,50,51,52,50,52,53,52,55,53,52,53,52,51,49,48,46,46,0,0,0,0,0,0,0,51,52,52,53,54,55,54,55,56,54,53,53,52,51,52,51,50,49,49,48,49,51,48,50,49,50,52,50
20260726_153123_c36ca3,1785076286620181,1115010111,0,0,1,-46,128,0,14,14,14,14,14,14,14,14,14,14,14,14,15,14,15,15,16,16,16,16,15,15,14,15,14,14,0,0,0,0,0,0,0,0,0,0,0,16,16,16,16,16,15,16,15,15,15,14,15,14,14,14,13,13,13,13,13,13,13,14,14,14,14,0,52,53,51,51,51,51,49,51,51,53,52,50,52,53,55,55,56,56,56,58,58,54,54,52,52,51,49,47,0,0,0,0,0,0,0,55,55,56,57,57,56,56,57,55,56,55,55,54,53,52,51,51,52,49,49,50,49,51,50,52,51,50,50
20260726_153123_c36ca3,1785076286722016,1115110025,0,0,1,-45,128,0,15,15,15,15,15,15,15,14,14,14,14,14,14,14,14,15,15,15,15,15,16,15,15,15,14,13,0,0,0,0,0,0,0,0,0,0,0,14,14,14,15,15,15,14,14,14,14,14,14,14,14,14,13,13,13,14,14,14,14,14,14,14,15,0,52,53,54,52,52,53,51,52,51,52,52,53,53,53,55,55,55,57,57,56,55,55,52,52,50,49,47,47,0,0,0,0,0,0,0,52,51,51,51,52,54,52,52,52,52,51,51,51,50,49,49,47,50,48,48,48,50,49,51,49,52,52,52
20260726_153123_c36ca3,1785076286818421,1115210039,0,0,1,-45,128,0,14,13,14,13,13,13,13,13,13,14,14,14,14,14,14,14,15,15,15,15,14,14,13,13,13,13,0,0,0,0,0,0,0,0,0,0,0,13,13,13,14,14,13,13,13,13,13,13,13,13,13,13,13,13,12,12,13,13,13,13,13,13,14,0,52,53,50,53,50,50,49,49,49,52,51,51,52,50,54,52,54,53,53,53,54,51,52,50,49,46,47,44,0,0,0,0,0,0,0,48,48,48,47,50,48,50,49,49,49,49,49,48,49,47,47,46,48,46,48,46,47,47,49,49,49,50,51
20260726_153123_c36ca3,1785076286920216,1115310667,0,0,1,-45,128,0,14,14,13,13,13,13,13,13,13,13,13,13,13,13,13,13,14,14,14,14,14,13,13,13,13,12,0,0,0,0,0,0,0,0,0,0,0,15,14,16,15,16,15,15,15,15,15,15,15,14,14,14,14,14,13,14,13,13,13,13,13,13,13,0,52,50,50,51,49,50,48,48,48,48,48,48,48,48,51,50,49,51,52,52,51,50,49,47,47,45,44,42,0,0,0,0,0,0,0,54,53,53,57,56,57,56,57,56,54,55,56,54,53,52,52,50,51,50,49,50,48,49,51,50,50,50,50
20260726_153123_c36ca3,1785076287017652,1115410075,0,0,1,-46,128,0,13,13,13,13,13,13,14,13,13,13,13,13,13,13,13,14,14,14,14,14,14,14,14,13,12,12,0,0,0,0,0,0,0,0,0,0,0,14,14,14,15,14,15,15,14,14,14,14,14,14,13,13,13,13,13,13,13,13,13,13,13,13,13,0,49,51,50,50,48,49,49,47,48,48,48,48,49,50,50,50,52,51,52,52,51,52,52,49,48,48,47,45,0,0,0,0,0,0,0,53,54,52,52,54,55,55,54,55,54,53,54,52,51,51,51,50,49,48,48,48,50,50,49,49,52,51,50
20260726_153123_c36ca3,1785076287118015,1115510329,0,0,1,-45,128,0,15,15,14,14,14,14,13,13,14,14,14,14,14,15,15,15,15,15,16,16,15,15,14,14,14,14,0,0,0,0,0,0,0,0,0,0,0,15,15,16,16,15,15,15,15,15,15,15,14,14,14,13,14,13,13,14,14,14,14,14,14,14,14,0,54,51,51,52,49,49,50,48,51,50,51,50,51,52,52,54,52,56,55,56,53,52,51,51,51,51,45,45,0,0,0,0,0,0,0,55,55,53,55,55,56,55,57,56,54,54,51,53,53,51,50,50,50,50,49,50,49,47,50,50,49,50,52
20260726_153123_c36ca3,1785076287219718,1115609986,0,0,1,-45,128,0,14,13,13,13,13,13,13,13,13,13,13,13,13,13,13,13,14,14,14,14,14,13,13,13,13,12,0,0,0,0,0,0,0,0,0,0,0,14,14,14,15,15,15,15,14,14,14,14,14,14,14,14,14,13,13,12,13,13,13,13,13,13,13,0,51,53,49,52,48,50,49,49,49,51,49,49,50,47,52,50,52,51,53,53,53,52,51,49,48,45,47,44,0,0,0,0,0,0,0,54,52,53,53,57,56,56,55,55,54,55,56,52,53,51,51,49,52,49,50,48,49,50,49,51,51,51,52
20260726_153123_c36ca3,1785076287316583,1115709910,0,0,1,-46,128,0,14,14,14,13,13,13,13,13,13,13,13,13,13,13,13,14,14,14,14,14,14,14,14,14,13,13,0,0,0,0,0,0,0,0,0,0,0,15,15,15,16,15,15,16,15,14,15,15,14,14,13,13,13,13,13,13,13,14,14,14,14,14,14,0,51,50,52,50,49,49,48,49,48,49,49,48,50,50,50,51,52,52,52,54,53,53,52,51,48,48,47,47,0,0,0,0,0,0,0,53,53,55,56,55,57,57,55,57,54,54,52,53,52,52,50,51,49,48,49,50,49,49,50,49,50,50,49
20260726_153123_c36ca3,1785076287417499,1115810264,0,0,1,-46,128,0,14,14,14,13,13,13,13,13,13,13,13,13,13,14,14,14,14,14,14,14,14,14,14,13,13,13,0,0,0,0,0,0,0,0,0,0,0,15,15,16,16,15,15,15,15,14,14,14,14,14,13,13,13,13,13,13,13,13,13,13,13,14,14,0,51,49,49,50,50,49,49,48,49,49,49,49,49,50,51,52,52,55,53,55,54,54,52,52,51,50,50,47,0,0,0,0,0,0,0,56,57,56,58,55,58,56,57,55,56,55,53,52,53,51,50,50,47,50,48,48,48,48,49,48,48,49,50
20260726_153123_c36ca3,1785076287520072,1115909888,0,0,1,-45,128,0,13,14,13,14,13,13,13,13,13,13,13,13,13,13,14,14,14,14,14,14,14,14,14,13,13,12,0,0,0,0,0,0,0,0,0,0,0,13,14,14,14,14,14,14,13,14,14,13,13,13,13,13,13,13,13,13,13,13,13,13,13,13,13,0,56,53,53,52,51,51,50,51,50,49,51,51,51,51,51,54,53,54,55,52,54,53,51,50,49,47,46,44,0,0,0,0,0,0,0,51,53,51,53,53,55,54,53,53,53,53,52,52,51,50,51,51,50,49,49,50,50,52,51,52,52,53,53
20260726_153123_c36ca3,1785076287622356,1116010172,0,0,1,-46,128,0,14,14,14,14,13,14,14,14,14,14,14,14,14,14,15,15,16,15,15,16,15,15,15,14,15,14,0,0,0,0,0,0,0,0,0,0,0,15,15,15,15,15,15,15,15,15,15,15,15,14,14,13,13,13,13,14,14,14,14,14,13,14,13,0,53,52,53,52,50,51,52,51,51,50,53,52,52,54,54,56,55,57,58,57,57,56,56,54,53,54,49,49,0,0,0,0,0,0,0,54,54,55,56,57,57,56,55,55,53,55,53,53,52,51,51,50,50,49,48,50,50,51,49,50,50,50,51
20260726_153123_c36ca3,1785076287718962,1116110170,0,0,1,-45,128,0,14,15,15,14,14,14,14,14,14,14,14,14,14,15,15,15,16,16,16,16,15,15,15,14,14,14,0,0,0,0,0,0,0,0,0,0,0,14,15,15,15,15,16,15,15,14,14,14,14,14,13,13,14,14,14,14,14,13,14,14,14,14,14,0,52,52,51,51,52,52,50,51,53,51,51,52,52,54,54,55,56,57,56,57,57,55,52,51,53,50,48,47,0,0,0,0,0,0,0,52,53,53,53,53,54,55,54,55,54,55,52,51,51,51,51,49,50,49,49,48,49,48,49,51,50,51,51
20260726_153123_c36ca3,1785076287821594,1116210144,0,0,1,-46,128,0,14,15,14,14,14,14,14,14,14,14,14,14,14,14,14,15,15,15,15,15,15,15,15,14,14,13,0,0,0,0,0,0,0,0,0,0,0,14,15,15,15,15,15,15,14,15,14,14,14,14,14,14,14,14,14,13,13,14,14,14,14,14,14,0,52,53,51,53,52,52,52,51,50,51,52,50,52,53,53,55,56,54,55,55,56,54,55,51,51,49,48,47,0,0,0,0,0,0,0,52,51,51,52,54,56,55,54,54,53,52,53,52,52,52,51,50,50,49,50,51,51,51,50,51,52,52,51
20260726_153123_c36ca3,1785076287918411,1116310112,0,0,1,-45,128,0,14,14,14,14,14,14,13,13,13,13,14,14,14,14,14,15,15,15,15,15,15,14,14,14,13,13,0,0,0,0,0,0,0,0,0,0,0,14,14,14,14,15,14,14,14,14,14,14,14,14,14,13,13,13,13,13,13,14,14,13,14,14,14,0,52,54,52,53,52,53,52,52,50,52,52,53,54,55,54,53,56,55,56,55,55,54,55,53,52,50,49,48,0,0,0,0,0,0,0,51,50,51,52,53,54,54,54,54,52,52,53,52,51,51,52,50,50,49,49,50,51,51,51,51,53,53,52
20260726_153123_c36ca3,1785076288018926,1116410163,0,0,1,-45,128,0,14,14,14,14,14,13,13,13,13,13,13,13,13,13,13,15,15,14,14,15,15,15,14,14,13,13,0,0,0,0,0,0,0,0,0,0,0,13,13,13,14,14,14,13,13,13,13,13,13,13,12,13,12,12,12,13,12,12,12,12,13,13,13,0,50,51,51,51,51,51,50,49,49,50,50,50,50,51,53,54,53,55,56,54,55,54,54,53,51,49,48,47,0,0,0,0,0,0,0,50,49,50,49,51,51,52,52,52,50,49,51,50,49,49,47,47,48,46,46,47,49,48,48,50,48,50,51
20260726_153123_c36ca3,1785076288118283,1116510093,0,0,1,-46,128,0,14,15,14,14,14,14,14,13,14,14,14,14,14,14,14,15,15,15,15,15,15,16,15,14,14,14,0,0,0,0,0,0,0,0,0,0,0,15,15,16,16,15,14,16,16,15,16,14,15,15,14,13,13,13,13,14,13,14,14,14,14,14,14,0,52,51,51,49,50,49,48,51,49,49,50,49,51,50,51,54,53,54,53,53,55,53,54,52,49,45,46,48,0,0,0,0,0,0,0,51,53,51,55,56,55,49,54,51,52,51,56,52,51,49,50,49,48,47,47,49,49,50,47,49,50,49,49
20260726_153123_c36ca3,1785076288222332,1116610194,0,0,1,-46,128,0,14,14,13,13,13,13,13,13,13,13,14,13,13,14,14,15,15,15,15,15,15,14,14,14,14,13,0,0,0,0,0,0,0,0,0,0,0,14,14,14,14,14,13,14,13,13,13,13,13,13,13,12,13,13,13,13,13,13,12,13,13,13,13,0,52,50,50,49,50,49,50,50,50,50,52,50,52,53,51,54,53,56,54,55,55,52,51,51,49,49,46,46,0,0,0,0,0,0,0,49,50,51,51,50,51,51,51,51,49,49,47,49,48,46,48,48,46,47,46,48,48,47,48,48,49,51,50
20260726_153123_c36ca3,1785076288319031,1116710367,0,0,1,-45,128,0,13,13,13,13,13,13,14,13,13,13,13,13,13,14,14,14,14,14,14,14,14,14,14,13,13,12,0,0,0,0,0,0,0,0,0,0,0,15,15,15,15,15,15,14,14,14,14,13,14,13,13,13,13,13,12,12,13,13,13,13,13,13,13,0,50,49,49,49,48,49,48,47,48,49,47,48,50,50,51,51,53,51,51,52,52,52,51,50,48,46,46,44,0,0,0,0,0,0,0,55,54,54,53,55,56,56,54,55,54,54,53,51,51,50,49,48,49,47,47,48,48,48,48,50,50,50,49
20260726_153123_c36ca3,1785076288420940,1116810177,0,0,1,-46,128,0,12,13,13,13,12,13,12,12,12,13,13,12,13,13,13,13,13,14,14,14,14,13,13,13,13,13,0,0,0,0,0,0,0,0,0,0,0,14,15,14,14,14,14,14,14,14,13,13,13,12,12,12,12,12,12,12,12,12,12,12,12,12,12,0,50,49,48,49,49,50,48,49,50,50,51,49,50,51,53,55,55,57,56,56,55,54,52,51,51,49,47,47,0,0,0,0,0,0,0,57,55,55,55,57,57,56,54,54,55,53,52,51,50,49,48,47,48,47,47,47,47,47,46,48,48,50,50
20260726_153123_c36ca3,1785076288519334,1116910280,0,0,0,-46,128,0,13,13,13,13,13,13,13,14,14,14,14,13,14,14,14,14,14,14,15,15,15,14,13,14,13,13,0,0,0,0,0,0,0,0,0,0,0,14,14,14,14,14,14,14,14,13,13,14,13,12,12,12,12,12,11,12,12,13,12,13,13,13,13,0,50,50,48,50,49,52,50,49,50,51,51,50,51,51,55,54,54,55,57,56,56,53,54,51,51,48,49,46,0,0,0,0,0,0,0,56,52,53,53,55,53,54,53,52,51,50,51,50,49,48,45,45,48,45,47,45,47,45,46,47,48,48,48
20260726_153123_c36ca3,1785076288621907,1117010082,0,0,0,-46,128,0,14,14,14,14,14,14,14,14,14,14,15,15,15,15,15,16,16,16,16,16,15,15,14,15,14,14,0,0,0,0,0,0,0,0,0,0,0,15,15,15,15,15,15,16,14,15,14,14,14,14,14,14,14,14,13,14,14,13,14,13,14,14,14,0,52,52,52,51,50,51,51,51,51,52,51,52,52,52,53,55,55,55,56,56,57,55,54,53,52,51,48,46,0,0,0,0,0,0,0,54,55,53,54,54,54,54,53,54,53,52,50,49,50,49,48,47,47,47,46,47,48,48,49,49,50,50,50
20260726_153123_c36ca3,1785076288718401,1117110149,0,0,0,-46,128,0,14,14,14,14,14,14,14,14,14,15,15,14,15,15,16,16,16,16,16,16,16,15,15,15,14,14,0,0,0,0,0,0,0,0,0,0,0,15,15,15,15,15,15,14,14,14,14,14,13,13,13,13,13,13,13,13,13,13,14,14,14,13,14,0,53,51,52,52,53,53,52,50,52,52,53,52,54,55,56,56,57,59,58,59,58,56,55,54,52,52,50,48,0,0,0,0,0,0,0,54,55,55,56,54,54,54,55,54,52,53,51,51,50,48,50,48,48,48,48,49,48,48,48,49,51,51,53
20260726_153123_c36ca3,1785076288818599,1117211362,0,0,0,-46,128,0,15,14,15,15,15,14,14,13,14,14,14,14,14,14,15,15,15,15,15,15,16,15,15,15,14,14,0,0,0,0,0,0,0,0,0,0,0,14,14,14,15,15,14,14,14,14,14,14,13,14,13,13,13,13,13,13,13,13,14,14,14,14,14,0,51,54,50,51,52,52,52,52,51,52,53,51,52,53,55,54,57,57,59,57,58,55,55,53,53,51,50,47,0,0,0,0,0,0,0,54,53,53,51,54,54,53,54,52,52,50,49,50,49,48,47,46,47,47,47,47,48,48,49,51,52,50,50
20260726_153123_c36ca3,1785076288920618,1117310237,0,0,0,-46,128,0,14,14,15,14,14,14,14,14,14,14,13,14,15,14,15,15,16,16,16,15,15,15,15,15,14,13,0,0,0,0,0,0,0,0,0,0,0,14,14,14,14,14,14,14,14,14,14,13,13,13,13,13,13,13,12,13,13,13,13,14,14,14,14,0,52,54,52,52,51,54,51,52,52,51,53,53,54,54,56,55,58,57,57,58,56,57,57,55,52,52,49,49,0,0,0,0,0,0,0,52,52,52,51,53,53,54,53,51,50,51,50,48,49,49,48,47,48,46,47,47,47,48,50,48,51,51,50
20260726_153123_c36ca3,1785076289016833,1117410167,0,0,0,-46,128,0,14,15,14,14,14,14,14,14,14,14,14,15,14,15,15,15,16,16,16,16,16,15,15,14,15,14,0,0,0,0,0,0,0,0,0,0,0,15,15,15,15,15,14,14,14,14,14,13,14,13,13,13,14,13,13,13,13,13,13,13,13,14,14,0,52,54,53,53,53,52,52,53,51,52,53,52,53,53,54,56,56,59,59,58,57,56,55,55,53,51,50,50,0,0,0,0,0,0,0,53,53,51,52,53,53,53,53,52,52,51,50,50,49,48,48,47,48,48,47,49,48,49,49,48,51,50,50
20260726_153123_c36ca3,1785076289118934,1117510227,0,0,0,-46,128,0,14,14,14,14,14,15,15,14,14,14,14,14,14,15,15,15,15,16,16,16,16,16,14,14,14,14,0,0,0,0,0,0,0,0,0,0,0,14,14,14,15,14,14,14,14,14,14,13,13,13,13,13,13,13,13,13,13,13,13,13,14,14,14,0,51,53,51,53,53,53,52,52,52,54,54,54,55,53,56,55,58,58,59,58,58,57,56,55,53,50,51,50,0,0,0,0,0,0,0,54,52,52,51,53,53,54,52,52,51,50,51,50,50,49,49,48,48,47,47,48,49,48,50,51,51,53,50
20260726_153123_c36ca3,1785076289221125,1117610957,0,0,0,-46,128,0,14,13,14,13,13,13,13,13,13,13,13,13,13,14,14,14,14,15,15,14,14,14,14,13,13,13,0,0,0,0,0,0,0,0,0,0,0,13,13,13,13,13,13,13,13,13,13,13,13,12,12,12,12,12,12,13,12,12,12,12,12,13,14,0,53,52,50,52,52,52,51,51,51,52,53,51,53,55,54,55,57,57,58,58,57,55,53,53,52,51,48,46,0,0,0,0,0,0,0,52,52,52,53,51,52,52,52,53,50,51,49,49,49,48,48,48,46,47,48,47,48,48,48,49,49,51,51
20260726_153123_c36ca3,1785076289319308,1117710462,0,0,0,-46,128,0,14,14,14,14,15,13,14,14,14,14,14,14,15,15,15,15,15,15,15,15,16,15,15,14,14,14,0,0,0,0,0,0,0,0,0,0,0,14,14,13,14,14,14,14,14,13,13,13,13,13,13,13,13,13,13,13,14,13,13,13,13,14,14,0,51,51,52,50,52,51,50,50,51,50,51,50,52,54,53,56,56,58,56,55,55,54,53,53,49,50,47,47,0,0,0,0,0,0,0,50,51,50,52,49,52,50,51,50,50,50,48,48,47,47,47,47,46,48,45,47,47,47,49,48,48,50,50
20260726_153123_c36ca3,1785076289421620,1117810294,0,0,0,-46,128,0,14,14,14,14,14,14,14,14,14,14,14,14,14,15,15,15,16,15,16,16,15,15,15,14,14,14,0,0,0,0,0,0,0,0,0,0,0,14,14,14,14,15,15,15,14,14,14,14,14,14,12,12,13,13,13,13,13,13,14,14,14,14,14,0,51,53,53,51,52,52,51,50,51,52,53,52,53,53,54,56,55,57,58,56,56,54,53,53,52,49,48,48,0,0,0,0,0,0,0,50,51,50,51,51,52,49,51,50,50,51,49,49,48,47,47,47,48,47,46,46,47,48,46,49,48,49,51
20260726_153123_c36ca3,1785076289518046,1117910331,0,0,0,-46,128,0,14,14,15,15,14,14,14,14,14,14,14,14,14,15,16,15,15,15,16,16,16,15,15,14,14,14,0,0,0,0,0,0,0,0,0,0,0,14,14,14,14,14,14,14,13,13,13,13,13,13,13,13,13,13,13,13,13,13,14,14,14,14,14,0,53,54,54,52,54,54,53,53,54,52,55,52,54,55,55,58,56,58,59,58,57,56,54,53,52,51,49,48,0,0,0,0,0,0,0,52,52,51,52,52,55,52,53,53,52,50,50,51,49,49,48,49,48,48,47,49,49,49,49,49,51,50,54
20260726_153123_c36ca3,1785076289619608,1118010943,0,0,0,-46,128,0,14,14,14,14,14,14,13,13,13,13,13,13,13,14,13,14,14,14,14,14,14,14,14,13,13,12,0,0,0,0,0,0,0,0,0,0,0,13,13,13,13,13,14,13,13,13,13,13,13,12,12,12,12,12,12,12,12,12,12,12,14,13,14,0,53,52,52,55,52,53,51,52,51,52,54,52,53,54,54,56,55,57,57,56,55,54,53,52,51,50,46,46,0,0,0,0,0,0,0,51,51,51,52,51,53,51,53,52,51,50,49,49,50,48,48,48,48,48,47,49,49,49,48,49,50,50,54
20260726_153123_c36ca3,1785076289721121,1118112462,0,0,0,-46,128,0,14,14,14,13,14,14,13,13,13,13,13,13,13,13,13,14,13,15,14,14,14,14,14,14,12,12,0,0,0,0,0,0,0,0,0,0,0,13,13,13,13,13,13,13,13,13,13,13,12,13,12,12,12,12,11,12,12,13,13,13,14,13,14,0,51,53,52,50,51,52,52,50,50,50,51,52,51,51,53,53,54,55,53,53,53,52,52,50,49,47,46,45,0,0,0,0,0,0,0,49,49,49,49,50,51,50,51,50,48,49,49,49,48,48,48,47,47,46,46,49,48,48,47,50,49,51,50
20260726_153123_c36ca3,1785076289817122,1118210571,0,0,0,-46,128,0,14,14,15,14,14,14,14,14,14,14,14,14,14,14,14,14,15,15,15,15,15,14,14,14,14,13,0,0,0,0,0,0,0,0,0,0,0,14,14,14,14,14,14,15,15,15,15,14,15,14,13,13,13,13,13,13,13,14,13,13,14,14,14,0,53,52,51,50,51,52,51,51,52,50,53,52,52,52,52,54,54,54,55,55,54,52,52,52,49,49,46,46,0,0,0,0,0,0,0,50,50,50,53,52,54,54,52,54,51,51,52,49,49,50,48,50,48,50,50,49,50,48,50,50,51,50,51
20260726_153123_c36ca3,1785076289919192,1118310556,0,0,0,-45,128,0,14,14,15,14,14,14,14,14,14,14,14,14,14,14,14,15,15,15,15,15,15,15,14,14,13,13,0,0,0,0,0,0,0,0,0,0,0,14,14,15,15,15,15,15,14,14,14,14,14,14,14,14,14,13,13,13,13,14,14,14,14,14,14,0,53,55,52,51,52,52,51,52,49,51,53,51,52,52,53,53,54,54,55,53,53,53,52,51,51,49,46,45,0,0,0,0,0,0,0,51,51,51,53,52,54,52,53,51,52,51,51,51,51,48,49,48,49,48,48,48,49,50,51,49,52,51,51
20260726_153123_c36ca3,1785076290020710,1118411490,0,0,0,-45,128,0,14,14,14,13,14,14,14,14,14,14,13,13,13,13,13,13,15,14,14,14,14,14,14,14,13,13,0,0,0,0,0,0,0,0,0,0,0,14,14,14,14,15,14,15,14,14,14,14,14,14,13,13,13,13,13,13,13,13,13,14,14,14,14,0,53,53,52,52,51,52,50,51,50,51,50,50,50,53,52,52,54,53,54,55,52,53,52,51,48,48,47,45,0,0,0,0,0,0,0,51,51,49,51,52,53,52,53,52,51,50,51,50,50,49,50,48,48,48,47,49,49,49,49,49,52,51,50
20260726_153123_c36ca3,1785076290122643,1118513760,0,0,0,-45,128,0,14,14,14,13,14,14,14,13,13,13,13,13,13,14,14,14,14,14,15,15,14,14,14,14,13,13,0,0,0,0,0,0,0,0,0,0,0,14,14,14,15,15,14,14,14,14,13,13,13,13,13,13,13,13,13,13,13,14,14,14,14,14,14,0,51,52,52,51,53,52,50,49,50,50,49,50,51,51,52,53,53,54,55,53,52,54,51,51,48,47,46,46,0,0,0,0,0,0,0,51,50,52,52,52,53,53,53,53,52,52,51,51,50,51,49,50,47,49,47,50,49,50,50,50,51,52,51
20260726_153123_c36ca3,1785076290223557,1118613224,0,0,0,-45,128,0,14,14,14,14,14,14,14,13,13,13,13,13,13,13,14,14,14,14,14,14,15,14,14,13,13,12,0,0,0,0,0,0,0,0,0,0,0,14,14,14,14,14,14,14,14,14,14,13,13,13,13,13,13,13,13,13,13,13,13,13,14,14,14,0,51,52,51,52,51,51,49,50,49,50,50,51,50,51,52,53,53,52,54,52,53,52,53,51,47,45,47,44,0,0,0,0,0,0,0,51,51,51,51,53,53,54,53,54,52,52,50,52,51,49,49,48,50,48,49,49,48,49,50,51,50,51,51
20260726_153123_c36ca3,1785076290317879,1118710885,0,0,0,-45,128,0,14,14,14,15,14,14,14,14,14,14,14,14,14,14,15,14,15,15,15,15,15,15,14,14,13,13,0,0,0,0,0,0,0,0,0,0,0,14,14,15,15,15,15,15,15,15,15,14,14,14,14,13,13,13,13,13,13,13,14,14,14,14,14,0,52,53,52,52,50,52,50,51,49,52,51,52,52,51,53,53,54,55,55,54,54,51,52,52,49,47,48,46,0,0,0,0,0,0,0,54,52,52,52,55,54,55,54,55,54,54,53,52,51,50,51,49,51,49,49,48,50,50,49,51,52,51,52
20260726_153123_c36ca3,1785076290420560,1118811303,0,0,0,-45,128,0,14,13,13,13,13,13,13,13,13,13,13,13,13,13,13,14,13,14,13,14,14,13,13,13,13,12,0,0,0,0,0,0,0,0,0,0,0,13,14,14,14,14,14,13,13,13,13,13,13,13,13,13,13,13,12,12,12,12,13,13,13,13,13,0,51,51,50,52,50,48,50,48,50,51,50,48,51,50,52,52,52,53,53,55,53,51,51,50,49,48,46,44,0,0,0,0,0,0,0,51,51,51,52,52,54,54,54,54,52,53,51,51,51,50,50,48,49,47,49,47,49,49,48,51,50,51,51
20260726_153123_c36ca3,1785076290523263,1118911112,0,0,0,-46,128,0,13,13,13,13,13,13,13,13,13,13,13,13,13,13,13,14,14,14,14,14,14,13,13,13,13,12,0,0,0,0,0,0,0,0,0,0,0,14,15,15,14,14,14,14,14,14,13,14,13,13,13,13,13,12,12,12,13,13,13,13,13,13,13,0,51,48,50,50,48,50,48,47,49,48,48,49,49,50,50,51,50,53,54,52,51,51,50,48,47,48,43,42,0,0,0,0,0,0,0,52,51,53,54,54,54,54,54,53,53,52,50,51,51,50,49,48,47,47,48,47,48,47,47,48,49,48,50
20260726_153123_c36ca3,1785076290620002,1119011141,0,0,0,-45,128,0,13,14,13,13,13,13,13,13,13,13,13,13,13,13,14,14,14,14,14,14,14,13,13,14,13,13,0,0,0,0,0,0,0,0,0,0,0,14,14,14,14,14,14,14,13,13,13,13,13,13,13,13,13,13,13,13,13,13,13,12,14,14,13,0,52,51,50,50,50,51,49,50,49,50,51,49,50,50,53,53,52,54,56,53,54,52,52,50,49,47,47,46,0,0,0,0,0,0,0,53,52,53,52,53,54,55,55,53,52,52,51,51,50,50,49,48,48,48,48,49,48,48,48,49,51,51,51
20260726_153123_c36ca3,1785076290722111,1119110932,0,0,0,-45,128,0,13,15,14,14,14,14,13,13,13,14,14,14,14,14,14,14,15,14,15,14,14,14,14,14,13,13,0,0,0,0,0,0,0,0,0,0,0,14,14,15,15,15,15,16,15,15,15,14,14,14,14,14,14,13,13,13,13,13,14,13,13,13,14,0,51,51,51,50,50,50,50,50,48,49,49,49,50,51,51,52,53,54,53,53,52,51,51,51,48,46,47,44,0,0,0,0,0,0,0,54,52,50,52,54,55,55,54,53,53,50,53,51,51,50,49,49,47,46,46,48,48,49,48,48,50,49,49
20260726_153123_c36ca3,1785076290824400,1119213216,0,0,0,-45,128,0,14,14,14,14,14,14,14,14,14,14,14,14,14,14,14,15,14,15,15,15,15,14,14,14,14,13,0,0,0,0,0,0,0,0,0,0,0,15,15,15,15,15,15,14,14,15,14,14,14,13,13,14,13,13,13,13,13,13,14,14,14,14,15,0,53,52,52,50,52,51,50,50,50,50,51,50,51,53,53,55,52,54,55,55,55,54,53,51,49,50,46,46,0,0,0,0,0,0,0,52,53,54,54,53,55,53,55,55,53,53,50,52,52,51,51,50,49,50,48,49,49,49,49,49,49,50,52
20260726_153123_c36ca3,1785076290921811,1119311236,0,0,0,-45,128,0,14,14,13,13,13,13,12,12,13,13,13,13,13,13,13,13,13,14,14,14,14,14,13,13,13,12,0,0,0,0,0,0,0,0,0,0,0,13,14,14,14,14,14,14,14,14,14,13,14,13,13,13,13,13,13,12,13,13,13,13,13,13,14,0,51,50,50,51,48,50,49,47,49,49,48,48,49,49,51,52,51,52,54,53,53,51,52,49,49,47,45,42,0,0,0,0,0,0,0,52,51,52,54,52,54,52,54,52,51,53,50,50,49,49,48,49,48,47,47,48,47,48,48,48,50,51,50
20260726_153123_c36ca3,1785076291024308,1119412478,0,0,0,-45,128,0,14,14,14,14,13,13,13,13,13,13,13,13,13,13,13,14,14,13,15,14,14,14,14,14,13,12,0,0,0,0,0,0,0,0,0,0,0,14,14,14,15,14,14,14,14,13,14,13,13,13,13,13,13,13,13,13,13,13,13,14,14,14,13,0,51,51,51,51,49,50,49,48,49,50,50,51,51,52,52,52,53,53,53,53,53,52,51,51,49,47,49,45,0,0,0,0,0,0,0,53,52,52,54,54,54,54,53,52,53,53,52,52,51,52,49,50,50,48,49,47,48,49,49,50,51,50,49
20260726_153123_c36ca3,1785076291120907,1119510724,0,0,0,-45,128,0,13,13,13,13,13,13,13,13,13,13,14,13,13,13,13,14,14,15,15,15,14,14,13,13,13,13,0,0,0,0,0,0,0,0,0,0,0,14,14,14,14,14,14,14,13,13,13,13,13,13,13,13,13,12,12,13,13,13,13,13,13,13,13,0,52,51,51,50,51,49,48,48,50,50,49,49,49,51,52,52,52,54,54,53,54,52,51,50,48,47,45,44,0,0,0,0,0,0,0,52,52,52,53,53,54,53,54,53,52,51,51,50,50,48,47,48,48,48,47,47,48,48,48,50,50,49,50
20260726_153123_c36ca3,1785076291222958,1119610596,0,0,0,-45,128,0,13,13,13,13,13,13,13,13,13,13,13,13,14,13,14,15,14,15,15,14,14,14,13,13,13,13,0,0,0,0,0,0,0,0,0,0,0,14,14,14,14,14,14,14,14,14,13,13,13,13,13,13,12,12,12,13,13,13,13,13,13,13,13,0,50,51,49,51,49,49,48,48,49,50,49,48,49,50,51,52,53,53,53,52,53,51,52,51,48,47,47,44,0,0,0,0,0,0,0,53,52,51,53,53,54,54,53,53,50,51,52,50,49,49,47,47,47,48,47,47,47,48,48,51,49,50,49
20260726_153123_c36ca3,1785076291319963,1119711330,0,0,0,-46,128,0,14,14,14,14,14,14,14,14,14,14,14,14,14,14,15,15,15,15,15,15,15,15,15,14,14,13,0,0,0,0,0,0,0,0,0,0,0,15,15,15,16,16,15,15,15,15,15,14,14,15,14,14,14,13,13,13,13,14,14,14,14,14,14,0,53,53,52,52,53,54,53,51,51,51,52,53,53,55,53,55,55,56,55,56,56,54,54,51,52,49,47,47,0,0,0,0,0,0,0,54,55,56,56,56,58,57,55,56,54,54,52,52,52,53,52,51,50,48,48,51,51,49,51,49,52,53,51
20260726_153123_c36ca3,1785076291423153,1119810996,0,0,0,-45,128,0,14,13,13,13,13,13,13,13,13,13,14,13,13,14,14,14,14,15,15,14,14,14,13,13,13,13,0,0,0,0,0,0,0,0,0,0,0,14,14,14,14,14,14,14,14,13,13,13,13,13,13,12,13,13,12,12,13,12,13,13,13,13,13,0,52,49,49,50,49,48,48,47,49,50,49,49,51,53,51,53,53,53,53,53,53,52,51,49,49,48,46,44,0,0,0,0,0,0,0,53,53,52,52,53,52,52,53,53,50,51,49,49,49,47,47,47,48,46,47,46,47,47,47,49,48,49,51
20260726_153123_c36ca3,1785076291521228,1119912128,0,0,0,-46,128,0,14,14,14,14,14,14,14,14,13,13,14,14,14,14,14,14,15,15,15,15,15,15,14,14,14,14,0,0,0,0,0,0,0,0,0,0,0,15,14,15,15,15,15,14,14,14,14,14,14,14,13,13,13,13,13,13,14,14,14,14,14,15,14,0,51,53,53,52,54,52,52,54,51,53,52,52,53,54,54,53,56,55,57,56,55,55,55,52,51,49,49,46,0,0,0,0,0,0,0,55,55,53,53,55,55,56,54,55,52,52,52,52,50,50,50,49,49,48,48,49,50,50,50,50,51,52,51
20260726_153123_c36ca3,1785076291618012,1120010641,0,0,0,-45,128,0,13,13,13,13,13,13,14,13,13,13,13,13,13,13,14,14,15,14,15,14,14,15,14,14,13,12,0,0,0,0,0,0,0,0,0,0,0,14,14,14,14,14,14,14,13,13,13,13,13,13,13,13,12,12,12,12,13,13,13,13,13,13,13,0,51,51,51,52,50,50,51,50,49,50,50,50,52,52,52,54,54,54,54,54,54,54,52,51,50,47,47,47,0,0,0,0,0,0,0,52,51,52,52,52,52,52,52,52,51,49,50,50,48,48,48,47,47,48,46,47,47,49,48,49,50,51,51
20260726_153123_c36ca3,1785076291719295,1120111021,0,0,0,-46,128,0,14,15,14,14,14,14,14,14,14,14,14,14,14,14,15,15,15,15,15,15,15,14,14,14,14,14,0,0,0,0,0,0,0,0,0,0,0,15,15,15,15,15,14,14,14,14,14,14,14,14,14,13,14,13,13,14,14,13,13,13,14,14,14,0,54,54,55,54,53,54,52,51,52,52,53,53,54,55,55,56,57,58,58,57,56,54,53,52,51,51,49,48,0,0,0,0,0,0,0,55,54,53,55,55,55,55,55,53,53,52,51,51,53,51,51,49,50,50,48,49,51,51,51,51,53,55,53
20260726_153123_c36ca3,1785076291821262,1120210457,0,0,0,-45,128,0,14,15,15,15,15,15,15,14,14,15,15,15,15,15,15,16,15,16,16,16,16,16,15,15,14,14,0,0,0,0,0,0,0,0,0,0,0,15,16,15,15,15,15,15,15,15,15,15,15,14,14,14,14,13,14,14,14,14,14,14,14,14,15,0,52,52,53,53,51,52,51,51,52,52,52,51,52,52,54,54,55,55,56,55,56,54,53,50,50,49,47,46,0,0,0,0,0,0,0,52,52,53,53,53,54,54,53,53,53,52,51,50,51,49,50,48,49,49,49,49,49,49,50,51,50,50,52
20260726_153123_c36ca3,1785076291918831,1120311749,0,0,0,-45,128,0,14,14,14,14,12,13,13,13,13,13,13,13,13,13,14,13,14,14,14,14,14,14,14,13,13,12,0,0,0,0,0,0,0,0,0,0,0,13,13,13,13,13,13,13,13,13,13,13,13,13,13,12,12,12,12,12,12,13,13,13,13,13,14,0,52,52,51,52,51,51,52,51,50,50,50,50,51,52,52,53,54,54,55,53,53,53,51,50,49,47,45,43,0,0,0,0,0,0,0,52,51,50,49,52,51,53,51,51,50,51,49,49,48,50,50,46,47,47,47,49,49,48,49,50,51,51,50
20260726_153123_c36ca3,1785076292021429,1120410438,0,0,0,-45,128,0,14,14,14,14,14,14,14,13,13,13,14,14,14,14,14,15,15,15,15,14,14,15,14,14,13,13,0,0,0,0,0,0,0,0,0,0,0,14,13,13,14,14,14,13,13,13,13,13,13,13,13,13,12,13,13,13,14,14,14,13,14,14,14,0,52,53,52,52,51,51,51,51,51,52,52,51,53,53,54,54,56,54,54,54,54,53,53,51,51,49,46,45,0,0,0,0,0,0,0,51,51,51,52,53,53,52,51,50,52,51,50,49,48,49,47,47,48,49,47,47,49,49,50,50,51,50,50
20260726_153123_c36ca3,1785076292119104,1120510487,0,0,0,-45,128,0,14,14,14,14,14,15,14,14,14,14,14,14,14,15,15,15,15,15,15,16,16,15,15,14,13,13,0,0,0,0,0,0,0,0,0,0,0,15,14,15,15,14,14,15,15,15,14,14,14,14,13,13,13,13,13,13,13,13,13,14,14,14,14,0,51,54,51,54,52,52,50,50,50,53,52,52,52,52,54,54,57,55,56,55,55,54,54,52,50,48,47,45,0,0,0,0,0,0,0,52,52,52,50,54,53,53,52,54,53,52,53,50,49,49,49,48,50,49,49,48,50,50,49,50,51,50,52
20260726_153123_c36ca3,1785076292226895,1120615832,0,0,0,-45,128,0,15,15,15,15,15,14,14,14,15,15,15,15,15,14,16,16,16,16,16,16,16,15,15,15,15,14,0,0,0,0,0,0,0,0,0,0,0,14,14,15,15,15,15,15,15,15,15,15,15,14,14,14,14,14,14,13,13,14,14,15,15,14,15,0,52,52,51,52,49,51,50,51,50,54,52,51,51,52,54,53,54,55,55,55,55,53,53,51,50,48,47,45,0,0,0,0,0,0,0,53,51,53,52,53,52,53,52,53,51,52,51,49,49,48,49,48,50,48,48,47,48,49,49,51,51,50,53
20260726_153123_c36ca3,1785076292318641,1120710459,0,0,0,-45,128,0,14,14,15,14,14,14,14,14,14,14,15,14,14,14,15,15,15,16,16,15,15,15,15,14,13,13,0,0,0,0,0,0,0,0,0,0,0,14,14,14,14,15,15,14,14,14,14,14,14,14,14,14,14,13,14,13,13,13,13,14,14,14,14,0,53,53,53,52,51,52,51,51,51,52,53,53,52,52,53,53,54,55,56,56,55,53,51,51,51,50,46,44,0,0,0,0,0,0,0,53,53,53,52,53,54,54,53,53,50,52,51,50,51,49,50,49,50,48,49,48,50,50,51,50,51,51,51
20260726_153123_c36ca3,1785076292420882,1120810576,0,0,0,-45,128,0,14,14,14,14,14,14,14,14,14,14,14,14,14,14,14,14,15,15,14,15,15,15,15,14,14,13,0,0,0,0,0,0,0,0,0,0,0,14,14,15,15,14,14,14,14,14,14,14,14,13,14,13,14,12,13,13,13,13,13,14,14,14,14,0,52,53,53,53,52,51,51,51,51,48,51,49,50,53,51,55,52,55,55,54,53,52,54,53,48,47,47,43,0,0,0,0,0,0,0,56,51,54,49,51,54,52,53,53,51,52,49,49,51,51,49,49,49,49,47,50,50,48,49,49,51,51,53
20260726_153123_c36ca3,1785076292517313,1120910567,0,0,0,-45,128,0,15,15,15,14,14,14,14,14,14,14,14,14,15,15,15,16,15,15,15,15,15,14,14,14,14,13,0,0,0,0,0,0,0,0,0,0,0,14,14,14,14,14,14,14,14,13,13,13,13,13,13,13,13,14,13,14,14,14,14,14,14,15,15,0,51,52,52,51,52,52,51,51,51,51,51,50,51,50,54,52,54,53,55,53,53,53,52,51,48,47,48,45,0,0,0,0,0,0,0,52,51,52,52,52,52,54,52,52,50,50,51,50,49,49,48,49,50,47,48,48,48,49,50,50,50,51,50
20260726_153123_c36ca3,1785076292618994,1121010810,0,0,0,-45,128,0,13,13,14,14,13,13,13,13,13,13,13,13,13,13,14,14,14,14,14,14,14,14,14,13,13,12,0,0,0,0,0,0,0,0,0,0,0,13,14,14,14,14,13,14,13,13,13,13,13,13,13,13,13,13,12,12,12,13,13,13,13,13,14,0,49,51,51,51,50,51,49,50,49,49,49,50,50,51,52,53,53,54,54,54,53,52,52,49,49,47,46,44,0,0,0,0,0,0,0,51,51,51,51,53,54,52,51,52,51,50,50,49,49,48,49,48,49,47,47,47,49,48,47,49,50,52,50
20260726_153123_c36ca3,1785076292721918,1121110572,0,0,0,-46,128,0,15,14,14,14,14,14,14,14,14,14,14,14,14,15,15,15,15,15,15,15,15,15,14,14,13,14,0,0,0,0,0,0,0,0,0,0,0,15,15,15,16,15,15,15,15,15,15,15,15,13,13,13,13,13,14,14,14,14,15,14,15,14,15,0,55,52,52,54,52,52,51,52,53,51,51,52,54,55,54,55,56,56,56,57,56,54,53,52,52,50,48,46,0,0,0,0,0,0,0,53,54,54,56,54,55,55,55,54,54,54,53,52,51,51,51,52,51,50,51,50,50,51,53,51,52,52,52
20260726_153123_c36ca3,1785076292829268,1121217437,0,0,0,-46,128,0,14,14,14,14,14,13,13,13,13,13,13,13,13,14,14,14,14,14,14,15,14,14,14,14,13,13,0,0,0,0,0,0,0,0,0,0,0,14,14,14,15,15,14,14,14,14,14,13,14,14,13,13,13,13,13,13,13,14,14,14,14,14,14,0,52,53,52,52,52,52,51,50,51,52,51,52,52,53,52,54,55,55,55,54,54,55,52,51,49,48,47,46,0,0,0,0,0,0,0,54,53,54,53,54,55,55,53,55,53,52,52,52,52,50,52,49,48,49,49,50,50,51,51,50,51,51,52
20260726_153123_c36ca3,1785076292926542,1121316899,0,0,0,-46,128,0,13,13,13,13,13,13,13,13,13,13,13,13,14,13,14,14,14,14,14,14,14,13,13,13,13,12,0,0,0,0,0,0,0,0,0,0,0,14,13,14,14,14,13,13,13,13,13,13,13,13,13,13,12,12,12,12,12,13,13,13,13,13,13,0,52,51,51,53,50,51,51,50,50,50,51,50,51,51,53,52,54,54,55,55,54,53,51,50,49,48,46,45,0,0,0,0,0,0,0,52,54,53,53,54,54,54,53,53,52,52,52,51,51,48,49,49,48,48,48,48,47,49,48,52,51,51,52
20260726_153123_c36ca3,1785076293017196,1121410538,0,0,0,-46,128,0,13,13,13,14,12,12,13,13,13,13,13,12,12,13,13,13,13,13,14,14,14,13,13,13,13,13,0,0,0,0,0,0,0,0,0,0,0,14,13,13,13,14,13,14,13,13,13,13,13,13,13,12,12,12,13,12,13,12,13,13,13,13,13,0,51,50,52,51,50,50,50,50,50,51,50,50,51,51,52,55,52,55,55,55,56,51,50,50,48,48,44,45,0,0,0,0,0,0,0,53,52,51,53,52,55,51,54,53,52,52,50,50,51,49,48,49,48,49,47,49,48,48,50,52,49,51,51
20260726_153123_c36ca3,1785076293119306,1121510054,0,0,0,-46,128,0,15,14,14,14,14,14,14,14,15,14,15,14,14,15,15,15,15,16,15,16,16,14,14,14,14,14,0,0,0,0,0,0,0,0,0,0,0,15,15,14,15,14,15,14,14,14,14,14,13,13,13,13,13,13,14,14,14,14,14,14,14,14,15,0,54,53,52,52,52,53,50,52,51,52,52,52,52,52,54,55,55,55,56,56,55,53,53,52,49,49,48,45,0,0,0,0,0,0,0,53,53,53,53,53,53,54,54,53,52,53,51,51,51,50,48,48,50,50,49,48,49,50,49,51,52,52,52
20260726_153123_c36ca3,1785076293220996,1121610699,0,0,0,-46,128,0,14,14,14,14,13,14,13,13,13,14,13,14,14,14,14,14,15,15,14,14,14,15,14,14,13,13,0,0,0,0,0,0,0,0,0,0,0,14,14,14,15,15,14,14,14,14,14,13,14,14,14,13,13,13,14,13,13,13,13,13,13,13,13,0,54,52,52,50,53,52,51,51,52,51,52,52,52,55,52,54,54,56,55,55,54,53,52,53,50,49,46,47,0,0,0,0,0,0,0,54,52,54,53,54,55,53,55,54,53,52,51,50,51,50,50,51,49,51,49,50,50,50,51,51,51,51,51
20260726_153123_c36ca3,1785076293317559,1121710475,0,0,0,-46,128,0,14,13,13,13,13,13,13,13,13,13,13,13,13,13,13,14,14,14,14,15,14,14,13,14,13,13,0,0,0,0,0,0,0,0,0,0,0,13,13,13,14,13,13,13,13,13,12,13,13,12,12,13,13,13,12,13,12,12,12,12,13,13,14,0,53,52,51,53,51,51,52,49,51,51,53,50,52,52,53,54,55,56,57,54,54,52,50,50,50,49,46,45,0,0,0,0,0,0,0,51,53,51,53,53,54,52,53,53,50,51,52,51,50,49,49,48,48,48,48,48,49,48,49,51,51,51,53
20260726_153123_c36ca3,1785076293420421,1121810571,0,0,0,-46,128,0,14,13,13,13,13,13,13,13,13,13,13,13,13,13,14,15,14,15,14,14,14,13,13,13,13,13,0,0,0,0,0,0,0,0,0,0,0,13,13,13,14,14,14,14,13,13,13,13,13,13,12,12,12,13,12,13,13,12,13,13,13,13,14,0,52,53,51,55,50,51,50,51,50,54,53,52,52,51,55,54,55,55,56,56,54,53,53,51,50,48,48,44,0,0,0,0,0,0,0,51,51,52,52,54,53,55,52,52,51,52,52,52,50,49,49,47,50,47,49,48,49,50,49,51,51,50,50
20260726_153123_c36ca3,1785076293522275,1121910455,0,0,0,-46,128,0,14,14,14,14,14,14,14,14,14,14,15,14,15,15,15,15,15,15,15,15,15,14,14,14,13,13,0,0,0,0,0,0,0,0,0,0,0,14,14,14,14,14,14,14,14,14,14,14,13,14,13,14,13,13,13,14,14,13,13,13,13,14,14,0,54,55,55,53,52,53,52,52,52,52,52,52,52,53,54,56,57,56,56,56,55,56,55,52,51,48,49,46,0,0,0,0,0,0,0,54,52,53,53,55,54,55,53,54,52,52,53,51,51,50,50,50,49,48,48,49,49,52,51,52,53,53,53
20260726_153123_c36ca3,1785076293619919,1122010609,0,0,0,-46,128,0,14,15,14,14,14,14,14,14,14,13,14,14,14,15,15,15,15,15,15,15,15,14,14,14,13,13,0,0,0,0,0,0,0,0,0,0,0,14,14,15,15,15,15,14,14,14,14,14,14,14,13,13,14,13,13,14,14,13,14,14,14,14,14,0,55,54,52,51,54,51,54,52,53,54,53,50,53,54,52,53,55,54,56,55,55,54,53,52,51,49,46,45,0,0,0,0,0,0,0,52,53,54,52,54,55,54,52,52,53,52,53,52,52,51,50,50,50,49,50,50,50,51,49,50,52,53,51
20260726_153123_c36ca3,1785076293722833,1122110563,0,0,0,-46,128,0,14,15,14,14,14,14,14,14,14,14,14,14,15,15,15,15,16,16,15,15,15,14,15,14,14,13,0,0,0,0,0,0,0,0,0,0,0,14,14,15,15,15,14,14,14,14,14,14,14,14,14,13,13,13,13,13,14,14,14,14,14,14,14,0,52,54,52,52,51,54,52,52,50,53,52,52,54,52,54,54,56,56,57,56,56,54,55,53,52,49,49,46,0,0,0,0,0,0,0,54,55,53,54,54,55,54,54,53,53,53,53,52,51,50,51,49,51,48,49,48,51,49,52,50,51,51,53
20260726_153123_c36ca3,1785076293819638,1122210522,0,0,0,-46,128,0,14,14,14,14,14,14,13,13,13,14,13,14,13,13,14,14,15,15,14,15,15,14,14,14,14,13,0,0,0,0,0,0,0,0,0,0,0,14,14,15,14,14,14,14,14,14,14,14,13,13,13,13,13,13,13,13,13,13,14,14,14,14,14,0,52,54,54,54,52,52,52,51,51,52,53,53,53,53,54,55,55,55,56,54,54,55,53,52,48,48,49,46,0,0,0,0,0,0,0,52,53,52,52,53,53,55,55,52,52,52,52,51,51,50,49,49,49,49,48,51,50,50,50,50,52,52,50
20260726_153123_c36ca3,1785076293922395,1122312036,0,0,0,-46,128,0,14,14,14,14,14,14,13,13,13,13,13,13,13,14,14,14,14,14,14,14,15,14,14,14,13,12,0,0,0,0,0,0,0,0,0,0,0,14,14,14,15,14,14,14,14,13,13,13,13,13,13,13,13,13,13,13,13,14,14,13,13,14,13,0,54,53,54,53,52,52,51,52,51,50,51,52,52,53,52,54,54,56,56,56,53,55,52,52,49,50,45,46,0,0,0,0,0,0,0,52,53,52,53,52,55,52,53,54,52,52,51,51,50,50,50,49,47,50,48,50,49,49,50,49,51,50,51
20260726_153123_c36ca3,1785076294024266,1122415743,0,0,0,-46,128,0,14,13,14,14,13,13,13,13,13,13,13,13,13,14,14,14,14,14,14,14,14,13,14,13,13,13,0,0,0,0,0,0,0,0,0,0,0,13,13,14,14,13,14,15,14,13,13,13,14,13,13,13,12,12,12,12,13,12,13,13,14,13,14,0,51,51,52,51,51,51,50,51,50,50,51,50,51,51,53,54,54,55,55,54,54,52,51,50,49,49,46,45,0,0,0,0,0,0,0,53,52,51,52,53,52,52,53,53,51,51,51,50,50,48,47,47,48,47,48,49,49,48,48,50,49,52,51
20260726_153123_c36ca3,1785076294119264,1122511053,0,0,0,-46,128,0,14,13,14,13,13,13,12,13,13,12,13,13,13,13,13,14,14,14,14,14,15,13,14,13,12,12,0,0,0,0,0,0,0,0,0,0,0,13,13,13,14,14,13,14,13,13,13,13,13,13,13,13,13,13,13,13,12,13,14,13,13,14,13,0,53,51,53,52,53,52,51,50,51,49,51,50,52,52,51,55,53,56,55,54,54,52,51,50,49,48,46,46,0,0,0,0,0,0,0,52,53,53,53,55,55,54,55,53,52,52,50,50,50,48,49,48,47,48,47,50,48,49,49,50,51,52,52
20260726_153123_c36ca3,1785076294220538,1122610699,0,0,0,-46,128,0,15,15,15,15,14,14,14,14,14,14,14,14,14,14,15,14,15,15,15,15,15,15,15,15,14,14,0,0,0,0,0,0,0,0,0,0,0,15,14,15,15,15,15,15,14,14,14,14,14,14,14,14,14,13,13,14,14,14,14,14,14,14,14,0,53,54,51,53,50,52,49,53,51,53,52,52,52,51,55,53,56,56,56,54,54,54,54,52,50,48,48,46,0,0,0,0,0,0,0,52,52,52,52,55,53,55,53,53,53,52,53,51,50,50,49,47,50,48,49,49,50,51,51,51,51,53,50
20260726_153123_c36ca3,1785076294323006,1122711373,0,0,0,-46,128,0,14,14,14,14,13,13,13,13,14,14,13,14,14,14,14,14,15,15,15,15,14,14,14,14,13,12,0,0,0,0,0,0,0,0,0,0,0,14,14,14,14,13,13,14,13,13,13,13,13,13,13,12,12,12,12,13,13,13,13,13,13,14,14,0,51,53,53,52,51,53,53,53,51,51,52,52,52,52,53,53,56,56,55,55,53,54,52,52,50,50,47,45,0,0,0,0,0,0,0,53,53,53,51,54,55,54,53,51,51,52,50,51,50,50,49,49,49,48,47,49,49,50,49,50,51,51,51
20260726_153123_c36ca3,1785076294424571,1122814618,0,0,0,-46,128,0,14,13,13,13,13,13,13,13,13,13,13,14,13,14,14,14,14,14,14,14,14,14,13,13,13,13,0,0,0,0,0,0,0,0,0,0,0,14,14,15,13,14,14,14,13,14,13,13,13,13,13,12,12,12,13,13,13,12,13,13,13,13,13,0,52,51,50,52,50,49,49,50,49,51,50,49,49,51,53,53,54,54,55,54,53,52,51,50,49,47,47,45,0,0,0,0,0,0,0,51,52,51,51,53,54,53,51,54,52,51,52,51,50,47,48,47,49,48,47,48,48,48,48,51,49,50,51
20260726_153123_c36ca3,1785076294520828,1122910864,0,0,0,-45,128,0,13,13,13,13,13,13,14,13,14,13,13,13,13,13,13,13,14,14,14,14,14,14,14,13,13,12,0,0,0,0,0,0,0,0,0,0,0,14,14,14,14,14,14,14,13,13,13,13,13,13,13,12,13,12,13,12,12,13,12,13,13,13,13,0,54,54,50,54,51,51,52,50,52,52,52,50,52,53,53,54,55,55,56,56,55,53,53,52,51,49,46,44,0,0,0,0,0,0,0,52,53,52,53,54,53,54,53,55,53,53,51,51,51,50,50,48,50,49,48,47,49,49,50,51,50,51,53
20260726_153123_c36ca3,1785076294621354,1123011171,0,0,0,-46,128,0,15,15,14,14,14,14,14,14,15,14,14,14,14,15,15,15,15,16,16,16,16,15,14,14,14,14,0,0,0,0,0,0,0,0,0,0,0,15,14,15,15,15,15,15,15,15,15,15,14,14,14,13,13,14,13,14,14,14,14,14,14,14,14,0,54,54,52,52,52,51,51,52,52,52,54,52,53,55,54,55,56,58,57,57,56,56,53,53,51,51,45,46,0,0,0,0,0,0,0,56,55,53,54,55,55,54,55,56,53,55,51,53,52,52,51,51,51,51,50,51,50,50,51,51,52,53,54
20260726_153123_c36ca3,1785076294719607,1123110493,0,0,0,-46,128,0,14,14,14,14,13,13,13,13,13,13,13,13,13,13,14,14,14,14,14,14,14,14,14,13,13,12,0,0,0,0,0,0,0,0,0,0,0,13,13,13,13,13,14,14,13,14,14,14,13,12,12,12,12,12,12,12,13,13,13,13,13,13,13,0,52,53,51,52,51,52,52,51,51,51,51,52,53,53,54,53,54,55,56,55,55,54,52,52,49,49,46,45,0,0,0,0,0,0,0,53,53,49,52,52,51,53,52,54,52,53,50,52,50,50,51,49,50,48,49,48,50,50,50,50,52,52,53
20260726_153123_c36ca3,1785076294821753,1123212997,0,0,0,-46,128,0,14,14,14,14,14,14,14,14,14,14,14,14,15,15,15,15,15,15,15,15,15,14,14,13,13,13,0,0,0,0,0,0,0,0,0,0,0,14,14,14,14,15,15,14,14,14,14,14,14,14,14,14,14,13,13,13,14,13,14,13,13,13,14,0,53,53,53,52,52,52,52,50,51,52,52,52,54,56,53,54,56,56,56,56,54,55,53,52,49,49,48,46,0,0,0,0,0,0,0,52,51,55,54,53,55,52,56,54,54,52,51,52,49,50,50,50,49,49,49,49,49,51,51,51,51,53,53
20260726_153123_c36ca3,1785076294922474,1123310500,0,0,0,-46,128,0,15,15,15,15,15,15,15,14,15,14,14,14,15,15,15,16,16,16,16,15,16,15,15,15,14,14,0,0,0,0,0,0,0,0,0,0,0,15,15,14,15,14,15,15,14,14,14,14,14,14,14,13,13,13,13,13,13,13,13,14,15,15,15,0,55,53,54,52,53,53,52,50,53,52,54,52,54,55,53,56,56,58,56,58,57,55,54,52,51,52,46,46,0,0,0,0,0,0,0,53,53,54,54,54,55,54,54,54,52,54,51,52,52,50,50,50,50,51,48,49,51,50,51,50,52,53,53
20260726_153123_c36ca3,1785076295019167,1123412495,0,0,0,-45,128,0,13,14,13,14,13,13,13,13,13,13,13,13,13,13,14,14,14,14,14,14,14,14,14,13,13,12,0,0,0,0,0,0,0,0,0,0,0,14,13,14,15,14,14,14,14,14,14,14,13,13,13,12,12,12,12,12,13,13,13,13,13,13,13,0,51,50,49,51,49,49,49,49,50,50,49,49,51,51,51,50,53,52,54,53,52,51,51,49,48,48,46,43,0,0,0,0,0,0,0,52,51,52,51,51,51,52,51,51,50,52,48,48,47,49,47,46,48,46,47,47,48,47,47,49,50,49,49
20260726_153123_c36ca3,1785076295120417,1123510501,0,0,0,-46,128,0,14,14,15,14,15,15,15,15,15,15,15,14,14,15,15,15,15,15,16,16,16,15,14,14,14,13,0,0,0,0,0,0,0,0,0,0,0,14,14,15,15,15,15,15,14,14,14,14,14,14,14,13,13,14,13,13,13,14,14,14,14,15,14,0,53,53,54,52,52,52,51,53,52,52,54,52,53,54,54,57,54,58,57,56,55,54,53,52,50,49,46,46,0,0,0,0,0,0,0,54,53,54,54,52,55,53,55,53,54,53,52,52,52,51,51,49,50,49,49,50,50,50,52,52,52,52,52
20260726_153123_c36ca3,1785076295218004,1123610373,0,0,0,-46,128,0,14,14,14,13,14,14,14,14,13,13,13,13,13,13,14,14,14,14,14,14,15,14,14,14,13,13,0,0,0,0,0,0,0,0,0,0,0,13,14,14,15,14,14,14,14,14,14,13,13,13,13,13,13,13,13,13,13,13,13,14,14,14,14,0,54,52,52,52,52,52,52,51,51,51,51,51,52,53,53,55,55,56,55,55,54,55,53,51,49,48,47,46,0,0,0,0,0,0,0,53,53,53,54,53,54,54,54,52,52,52,52,52,51,50,50,50,47,49,48,50,49,50,50,49,53,52,50
20260726_153123_c36ca3,1785076295320904,1123710531,0,0,0,-46,128,0,14,14,14,13,14,14,13,13,13,13,14,14,14,14,14,14,15,14,14,14,14,14,14,13,13,13,0,0,0,0,0,0,0,0,0,0,0,14,14,14,14,14,14,14,14,14,14,14,14,14,13,13,13,13,13,13,13,13,13,13,13,13,14,0,53,52,53,52,53,52,52,52,51,51,52,50,52,53,54,54,55,56,56,55,54,54,54,52,49,49,49,46,0,0,0,0,0,0,0,53,52,52,53,54,54,53,54,54,52,51,50,52,50,52,49,49,49,48,49,50,50,50,50,49,51,50,51
20260726_153123_c36ca3,1785076295424193,1123813339,0,0,0,-46,128,0,14,14,13,14,14,13,13,14,13,14,14,14,14,14,14,14,14,14,14,14,14,14,14,14,13,12,0,0,0,0,0,0,0,0,0,0,0,13,13,14,14,14,14,14,14,13,13,13,12,13,13,13,13,12,13,13,13,13,13,13,13,14,13,0,50,52,51,52,52,51,51,52,51,51,51,50,52,51,53,52,55,55,55,54,54,53,53,51,48,48,48,45,0,0,0,0,0,0,0,54,52,51,51,55,54,54,52,52,52,51,50,50,50,51,48,47,48,48,48,48,50,48,50,51,52,52,51
20260726_153123_c36ca3,1785076295525158,1123915169,0,0,0,-46,128,0,13,13,13,13,13,13,13,13,13,13,14,13,13,13,13,14,13,15,15,14,14,14,13,13,13,13,0,0,0,0,0,0,0,0,0,0,0,13,13,14,13,13,14,14,14,13,13,13,12,12,12,12,12,12,12,13,13,12,12,13,13,13,13,0,52,52,52,51,52,51,50,50,50,49,50,52,51,53,53,56,53,56,56,55,55,52,52,51,50,49,45,46,0,0,0,0,0,0,0,52,51,53,54,53,55,52,54,54,50,52,49,50,50,50,49,50,48,49,47,49,49,48,50,49,51,51,52
20260726_153123_c36ca3,1785076295620154,1124011041,0,0,0,-46,128,0,14,14,14,14,14,14,14,14,14,14,14,13,15,14,14,14,15,15,15,15,15,14,14,14,14,13,0,0,0,0,0,0,0,0,0,0,0,14,14,14,14,14,14,14,14,14,14,14,13,13,13,13,13,13,13,13,13,13,13,14,14,14,14,0,52,53,53,51,53,53,52,52,52,52,51,52,53,54,53,55,56,54,57,55,56,55,53,52,50,49,49,46,0,0,0,0,0,0,0,51,53,52,54,52,55,55,54,53,52,53,52,50,51,50,49,49,48,48,49,49,50,49,50,52,52,52,52
20260726_153123_c36ca3,1785076295721291,1124111027,0,0,0,-46,128,0,14,14,14,14,14,14,14,14,14,14,14,14,14,14,15,15,15,15,15,15,15,14,15,15,14,14,0,0,0,0,0,0,0,0,0,0,0,14,14,14,15,14,14,14,13,13,13,13,13,13,13,13,13,13,13,14,13,14,13,13,13,14,14,0,55,53,55,51,53,52,52,52,52,51,52,53,53,56,52,54,55,56,56,56,54,54,52,53,51,51,47,47,0,0,0,0,0,0,0,52,52,54,56,53,54,53,54,53,53,52,50,50,50,50,50,49,48,48,47,49,48,49,51,49,50,51,52
20260726_153123_c36ca3,1785076295817467,1124210821,0,0,0,-46,128,0,14,14,14,13,14,13,13,13,13,13,14,14,14,14,14,14,14,14,15,15,14,14,14,14,13,13,0,0,0,0,0,0,0,0,0,0,0,14,14,14,14,14,14,14,14,14,14,14,14,14,13,13,13,13,13,13,13,13,13,13,13,14,13,0,53,53,52,52,52,51,51,51,50,51,52,52,51,53,54,54,56,56,55,54,54,55,54,53,50,49,49,48,0,0,0,0,0,0,0,53,52,52,53,54,55,54,52,52,52,52,52,51,51,51,50,49,49,49,49,50,49,50,50,49,52,52,51
20260726_153123_c36ca3,1785076295919622,1124312987,0,0,0,-46,128,0,14,13,13,13,13,13,13,13,13,13,13,13,14,14,14,14,14,14,14,14,14,13,13,13,13,13,0,0,0,0,0,0,0,0,0,0,0,13,13,14,14,14,13,13,13,13,13,13,13,12,12,12,12,12,12,12,12,13,13,13,13,13,14,0,53,52,52,53,51,50,51,50,52,51,53,51,52,53,53,54,53,55,55,56,54,52,52,51,50,49,46,44,0,0,0,0,0,0,0,51,53,51,52,52,53,52,54,53,51,52,51,51,50,49,50,49,49,48,48,51,48,50,49,50,51,52,52
20260726_153123_c36ca3,1785076296021479,1124412518,0,0,0,-45,128,0,14,14,14,14,14,14,14,14,14,14,14,14,14,14,15,15,15,15,15,15,15,14,14,14,13,13,0,0,0,0,0,0,0,0,0,0,0,14,14,15,15,15,15,15,14,14,14,14,14,14,14,14,14,13,13,13,13,13,14,14,14,14,15,0,52,54,53,54,53,54,53,52,51,52,52,52,53,53,54,54,56,56,56,56,54,55,53,53,50,49,49,47,0,0,0,0,0,0,0,55,54,53,54,55,56,55,55,54,52,52,51,53,52,50,50,48,50,49,51,51,52,50,50,52,53,52,54
20260726_153123_c36ca3,1785076296117384,1124510793,0,0,0,-46,128,0,15,15,16,15,14,14,14,14,15,15,15,14,15,15,15,15,15,16,16,16,16,16,15,15,14,14,0,0,0,0,0,0,0,0,0,0,0,15,16,15,16,16,14,15,15,15,14,14,14,14,14,14,14,14,14,13,14,14,14,14,15,15,15,0,53,53,52,55,51,52,51,52,52,53,52,52,54,53,54,54,56,56,57,57,56,54,53,52,50,50,47,47,0,0,0,0,0,0,0,56,53,53,53,54,55,54,53,54,53,54,52,52,50,52,51,50,50,50,50,48,50,50,52,51,53,53,52
20260726_153123_c36ca3,1785076296220145,1124610124,0,0,0,-46,128,0,14,14,14,14,13,14,13,13,13,13,13,14,14,14,14,14,15,14,14,14,15,14,14,13,13,13,0,0,0,0,0,0,0,0,0,0,0,14,14,14,15,15,14,13,13,14,13,13,13,13,13,13,13,13,13,13,13,13,13,13,14,14,14,0,53,54,54,52,52,52,52,52,52,52,52,52,53,54,51,54,55,55,55,54,56,55,53,53,50,49,47,47,0,0,0,0,0,0,0,53,53,53,54,53,55,53,53,53,51,52,51,51,50,49,49,50,48,49,47,51,50,51,51,50,51,53,52
20260726_153123_c36ca3,1785076296316927,1124710417,0,0,0,-46,128,0,15,14,15,14,14,14,14,14,14,14,14,14,14,15,14,15,15,15,15,15,15,15,14,14,14,13,0,0,0,0,0,0,0,0,0,0,0,14,15,14,14,14,14,14,14,15,13,14,13,13,13,13,13,13,13,13,13,13,14,14,14,14,14,0,52,53,53,52,53,52,50,51,51,52,53,51,53,52,54,56,54,56,56,55,55,55,53,52,51,48,47,46,0,0,0,0,0,0,0,52,52,53,54,52,55,52,54,55,53,52,49,50,50,51,49,49,48,49,48,50,50,49,49,50,52,53,53
20260726_153123_c36ca3,1785076296419703,1124810658,0,0,0,-46,128,0,14,14,14,13,13,13,13,13,13,13,13,13,13,13,13,14,14,14,14,14,14,13,13,14,13,13,0,0,0,0,0,0,0,0,0,0,0,14,14,14,14,14,14,14,14,13,13,14,13,13,13,13,12,13,12,13,13,13,13,13,14,13,13,0,55,51,51,52,52,52,51,50,51,49,51,51,53,53,52,53,53,56,55,55,52,54,51,52,49,48,47,47,0,0,0,0,0,0,0,52,52,52,54,52,54,52,54,54,52,52,50,51,49,49,49,49,48,48,47,47,49,49,50,50,49,51,51
20260726_153123_c36ca3,1785076296518441,1124910188,0,0,0,-45,128,0,15,16,15,15,15,15,15,15,14,14,14,14,14,14,15,15,15,15,15,16,16,16,15,15,14,14,0,0,0,0,0,0,0,0,0,0,0,14,14,15,15,15,14,15,14,14,14,14,14,14,14,14,14,13,13,13,14,14,14,14,15,15,15,0,50,54,52,52,51,53,51,51,50,52,51,51,52,51,54,53,55,54,56,54,55,52,53,50,49,47,47,44,0,0,0,0,0,0,0,52,52,51,51,54,53,53,52,52,52,50,51,51,49,50,49,47,50,48,49,48,49,49,50,51,51,51,50
20260726_153123_c36ca3,1785076296620911,1125010699,0,0,0,-46,128,0,15,14,14,14,14,14,14,14,14,14,14,14,15,15,15,15,15,16,16,15,15,15,14,15,14,14,0,0,0,0,0,0,0,0,0,0,0,14,15,14,15,15,15,14,14,14,14,14,14,14,14,14,14,14,14,14,14,14,14,13,15,14,14,0,55,54,53,52,53,53,53,52,53,51,52,52,54,54,54,55,56,57,58,57,56,55,53,52,52,50,47,46,0,0,0,0,0,0,0,53,54,55,54,54,55,54,55,55,52,54,52,52,51,51,51,50,50,49,49,49,50,50,51,49,52,51,54
20260726_153123_c36ca3,1785076296722369,1125110721,0,0,0,-46,128,0,13,14,13,14,13,13,13,13,13,13,13,13,13,13,14,14,14,14,14,14,14,14,14,13,12,12,0,0,0,0,0,0,0,0,0,0,0,13,13,14,14,14,13,13,13,13,13,12,12,12,12,12,12,12,12,13,13,13,13,13,13,13,13,0,51,53,52,53,53,53,52,52,51,52,52,50,51,51,54,53,55,55,56,54,54,52,53,50,49,48,47,45,0,0,0,0,0,0,0,53,53,52,51,55,53,55,52,53,52,51,52,50,49,50,49,48,49,48,48,49,49,50,50,51,53,53,51
20260726_153123_c36ca3,1785076296818591,1125209981,0,0,0,-46,128,0,15,15,15,14,14,14,14,14,14,14,14,14,14,14,14,15,15,15,15,15,15,15,15,14,13,13,0,0,0,0,0,0,0,0,0,0,0,14,14,14,15,15,15,14,15,14,13,14,14,14,14,14,14,14,13,14,13,13,14,13,14,15,14,0,54,53,54,53,54,53,52,53,51,51,52,52,53,53,53,55,56,56,56,56,55,56,54,53,51,49,48,48,0,0,0,0,0,0,0,53,54,53,54,53,55,54,55,56,52,51,51,51,51,50,51,49,50,49,49,51,50,51,52,51,53,51,52
20260726_153123_c36ca3,1785076296920679,1125310984,0,0,0,-45,128,0,14,14,14,13,13,13,13,13,14,14,13,13,13,13,14,14,14,14,14,14,14,14,14,14,13,12,0,0,0,0,0,0,0,0,0,0,0,13,14,14,14,14,14,14,14,13,14,13,13,13,13,13,13,12,12,12,13,13,13,13,13,13,14,0,52,54,54,52,52,53,52,52,52,51,51,51,51,53,52,54,57,55,55,55,54,54,53,54,51,49,47,46,0,0,0,0,0,0,0,54,54,53,52,54,54,55,53,54,52,52,52,50,51,52,49,48,49,48,49,50,50,50,51,51,51,53,53
20260726_153123_c36ca3,1785076297021655,1125410867,0,0,0,-46,128,0,14,14,14,13,14,13,13,14,14,13,13,13,13,14,14,14,15,14,15,15,14,15,14,14,13,13,0,0,0,0,0,0,0,0,0,0,0,14,14,15,15,15,14,14,14,14,14,14,13,13,13,13,13,13,13,13,14,14,14,14,14,14,14,0,55,52,52,52,52,52,52,52,52,52,53,52,53,53,53,55,56,55,55,56,54,54,54,51,51,49,48,47,0,0,0,0,0,0,0,52,54,52,54,53,54,54,53,54,53,53,50,51,50,50,50,49,49,50,47,50,50,50,50,50,51,52,52
20260726_153123_c36ca3,1785076297123347,1125511372,0,0,0,-46,128,0,15,15,14,14,14,14,14,14,14,14,14,15,15,15,15,15,15,15,16,15,15,15,14,14,14,14,0,0,0,0,0,0,0,0,0,0,0,15,14,15,15,15,15,14,14,15,14,14,14,14,14,14,14,14,13,14,14,14,14,15,14,14,15,0,53,55,54,54,52,52,50,51,52,53,53,52,54,54,54,56,56,57,57,56,56,54,54,52,50,49,46,46,0,0,0,0,0,0,0,54,53,53,53,54,55,55,55,53,53,53,52,52,52,51,50,50,50,49,48,49,49,51,51,51,51,52,54
20260726_153123_c36ca3,1785076297219092,1125610148,0,0,0,-45,128,0,14,14,14,14,13,13,13,13,13,13,13,13,13,13,14,14,14,14,14,15,14,13,14,13,13,13,0,0,0,0,0,0,0,0,0,0,0,14,13,13,14,13,14,14,14,13,13,14,13,13,12,12,12,12,13,13,13,13,12,13,13,13,14,0,52,50,51,51,51,50,49,51,50,48,51,50,49,50,52,53,54,55,55,54,53,51,50,49,49,47,45,44,0,0,0,0,0,0,0,51,52,49,51,51,52,51,52,52,50,51,49,50,49,48,48,47,48,47,47,48,48,49,49,49,50,50,49
20260726_153123_c36ca3,1785076297321867,1125710263,0,0,0,-45,128,0,13,13,13,13,13,13,13,12,12,12,12,14,14,14,14,14,14,14,15,13,13,14,13,13,13,12,0,0,0,0,0,0,0,0,0,0,0,13,13,14,14,13,13,13,13,13,13,13,12,12,12,12,12,12,12,12,12,12,12,13,13,13,13,0,50,51,51,51,50,50,49,49,49,49,50,50,51,50,52,53,54,53,53,54,53,53,52,51,49,46,46,44,0,0,0,0,0,0,0,51,51,50,49,52,52,51,51,51,51,50,50,49,48,48,48,47,48,46,46,47,47,48,48,48,50,50,50
20260726_153123_c36ca3,1785076297423663,1125811759,0,0,0,-45,128,0,14,15,14,14,14,14,14,14,14,14,14,14,14,14,14,15,15,15,15,15,15,15,14,14,13,13,0,0,0,0,0,0,0,0,0,0,0,14,14,14,14,15,15,15,15,14,14,14,14,14,13,13,13,13,13,13,13,13,14,14,14,14,14,0,53,52,52,52,50,52,51,51,50,51,51,50,51,51,53,52,54,54,55,53,54,53,52,51,49,48,47,46,0,0,0,0,0,0,0,52,51,52,51,52,52,54,51,52,51,49,52,51,49,49,49,47,49,47,48,49,49,49,49,50,51,51,51
20260726_153123_c36ca3,1785076297520605,1125910115,0,0,0,-45,128,0,15,15,15,15,14,14,14,14,14,14,14,14,15,15,15,15,15,15,15,15,16,14,15,14,14,14,0,0,0,0,0,0,0,0,0,0,0,14,14,15,15,15,14,15,15,15,15,15,14,14,14,14,14,14,14,13,14,14,14,14,14,15,15,0,53,56,52,56,51,53,52,52,52,53,52,52,54,52,56,54,58,56,55,55,57,54,54,51,51,48,47,45,0,0,0,0,0,0,0,56,53,54,53,55,54,56,53,55,54,53,54,51,51,51,51,48,52,49,51,49,51,51,51,54,53,52,52
20260726_153123_c36ca3,1785076297621188,1126010357,0,0,0,-46,128,0,13,13,13,13,13,13,13,13,13,13,13,13,13,14,14,14,14,14,14,14,14,14,13,13,12,12,0,0,0,0,0,0,0,0,0,0,0,13,14,14,15,14,14,13,13,13,13,13,13,13,13,13,13,13,12,12,13,12,13,13,13,14,13,0,52,53,53,53,51,51,51,51,51,51,51,50,51,53,53,54,55,56,55,55,55,54,54,51,49,49,46,45,0,0,0,0,0,0,0,53,53,52,53,53,55,52,53,53,52,53,52,51,50,51,50,49,49,48,48,49,50,49,50,50,52,53,52
20260726_153123_c36ca3,1785076297719043,1126110327,0,0,0,-45,128,0,15,15,14,15,14,14,14,15,15,15,15,14,14,15,15,16,16,16,16,16,16,15,15,15,14,14,0,0,0,0,0,0,0,0,0,0,0,15,15,15,15,15,15,15,15,14,14,14,14,14,13,13,13,13,14,14,13,14,14,14,15,14,14,0,52,50,52,51,51,50,50,51,52,52,52,51,51,52,53,54,54,56,55,55,55,52,52,50,51,49,47,44,0,0,0,0,0,0,0,53,51,51,51,52,53,52,53,52,51,51,50,51,51,48,48,48,47,48,48,48,48,48,50,49,51,51,53
20260726_153123_c36ca3,1785076297821613,1126214375,0,0,0,-46,128,0,15,15,15,15,15,15,14,14,14,14,14,14,15,15,15,15,15,15,15,16,16,15,15,14,14,14,0,0,0,0,0,0,0,0,0,0,0,15,15,15,16,15,15,15,15,15,14,14,14,14,14,13,13,14,14,13,14,14,14,14,14,14,15,0,53,52,52,53,51,51,52,52,51,52,52,51,52,52,54,54,55,56,57,55,56,54,53,52,50,49,47,44,0,0,0,0,0,0,0,54,54,52,53,54,53,53,54,53,53,50,51,52,49,49,48,47,49,49,48,49,48,49,50,52,53,52,53
20260726_153123_c36ca3,1785076297918488,1126310718,0,0,0,-45,128,0,13,13,13,13,14,13,12,13,14,13,13,13,13,13,14,14,14,14,15,14,14,14,13,13,12,12,0,0,0,0,0,0,0,0,0,0,0,14,13,14,14,14,14,14,14,13,13,13,13,13,13,12,12,13,12,12,12,12,13,12,13,13,14,0,54,50,53,54,52,51,50,52,52,52,52,50,52,52,54,55,56,56,57,57,56,52,53,52,51,48,47,46,0,0,0,0,0,0,0,52,51,51,52,53,53,52,53,53,53,52,50,52,50,49,48,48,49,50,48,49,49,49,48,51,51,51,50
20260726_153123_c36ca3,1785076298020773,1126410572,0,0,0,-45,128,0,14,14,14,14,14,15,14,14,14,14,14,14,14,14,15,15,15,15,15,16,16,15,14,14,14,14,0,0,0,0,0,0,0,0,0,0,0,14,14,15,15,15,15,15,14,14,13,14,13,14,14,13,14,14,13,14,14,14,14,14,14,14,14,0,52,52,51,53,51,51,51,50,50,52,52,52,51,50,54,53,54,55,56,56,55,52,51,50,50,49,46,45,0,0,0,0,0,0,0,52,52,51,51,52,54,53,53,52,53,52,50,50,50,49,48,48,49,49,49,48,49,49,49,51,50,51,52
20260726_153123_c36ca3,1785076298117484,1126510131,0,0,0,-45,128,0,15,15,15,15,14,14,14,14,15,15,15,14,14,14,16,16,16,16,16,16,16,16,15,14,14,14,0,0,0,0,0,0,0,0,0,0,0,15,15,15,15,15,14,15,15,14,14,14,14,14,13,13,13,13,14,14,14,14,14,14,14,14,15,0,51,52,52,52,50,51,50,49,50,51,52,51,50,52,53,53,54,55,55,55,56,52,52,50,51,48,46,46,0,0,0,0,0,0,0,55,52,52,52,53,53,54,52,53,51,50,51,50,50,49,48,48,49,47,48,47,50,48,49,50,50,50,51
20260726_153123_c36ca3,1785076298225766,1126617098,0,0,0,-45,128,0,14,14,14,14,13,14,14,13,14,14,14,14,14,14,15,15,15,15,15,14,14,14,14,13,13,13,0,0,0,0,0,0,0,0,0,0,0,14,14,14,14,14,14,14,14,14,14,14,14,14,13,13,13,13,13,13,13,13,13,13,13,13,13,0,53,53,51,51,51,51,51,51,51,51,52,53,51,52,53,55,54,55,55,57,53,53,51,51,50,49,46,44,0,0,0,0,0,0,0,53,52,52,53,54,53,52,55,51,53,51,51,51,50,50,49,49,48,50,48,49,49,49,49,50,50,51,51
20260726_153123_c36ca3,1785076298317083,1126710193,0,0,0,-46,128,0,14,13,14,14,14,13,13,13,13,13,13,13,13,14,14,14,14,14,14,14,15,14,14,14,13,13,0,0,0,0,0,0,0,0,0,0,0,14,14,14,13,14,13,13,13,13,13,13,13,13,13,13,13,12,13,12,12,12,14,13,13,13,13,0,52,52,51,53,51,52,50,51,50,51,51,51,52,53,53,52,55,55,55,55,54,54,53,52,49,48,47,45,0,0,0,0,0,0,0,52,52,52,52,52,52,54,53,51,52,49,50,50,48,50,47,50,45,49,48,48,50,50,49,51,49,50,50
20260726_153123_c36ca3,1785076298418607,1126811118,0,0,0,-45,128,0,14,14,14,14,14,14,13,13,13,13,13,13,14,14,15,15,15,15,15,15,14,14,14,14,13,13,0,0,0,0,0,0,0,0,0,0,0,14,14,13,14,14,14,14,14,14,13,13,13,13,13,13,13,13,13,13,13,13,13,12,14,14,14,0,53,49,54,50,52,53,51,51,51,48,51,51,53,54,51,55,55,57,56,55,54,53,53,53,49,49,45,46,0,0,0,0,0,0,0,50,51,52,52,51,54,52,53,53,51,52,49,50,49,50,50,49,47,49,45,50,49,49,51,49,50,51,52
20260726_153123_c36ca3,1785076298520450,1126910485,0,0,0,-46,128,0,14,14,14,14,13,14,13,14,14,14,13,14,14,14,14,14,14,14,15,14,14,14,14,13,13,13,0,0,0,0,0,0,0,0,0,0,0,13,13,14,14,14,14,14,14,14,14,13,13,13,13,13,13,12,13,13,13,13,13,13,14,14,14,0,52,54,53,52,50,52,50,53,51,51,50,52,52,54,53,56,55,55,56,54,55,55,52,53,49,49,48,48,0,0,0,0,0,0,0,52,51,50,51,53,55,52,53,52,51,51,51,50,51,50,49,49,48,50,49,49,51,50,50,51,53,52,51
20260726_153123_c36ca3,1785076298623097,1127012236,0,0,0,-46,128,0,13,14,14,14,13,13,13,13,13,13,13,14,13,14,14,14,14,14,14,14,14,14,14,14,13,13,0,0,0,0,0,0,0,0,0,0,0,14,13,14,13,13,13,13,13,13,13,13,13,13,13,12,13,13,12,12,13,13,13,13,14,14,14,0,52,52,55,52,53,51,51,50,50,51,51,51,52,52,53,54,54,55,54,55,55,54,53,53,49,49,46,45,0,0,0,0,0,0,0,49,49,50,50,51,53,52,52,52,52,51,50,50,48,49,48,47,48,48,47,49,49,50,49,51,50,51,51
20260726_153123_c36ca3,1785076298723321,1127112648,0,0,0,-46,128,0,14,14,14,14,14,13,13,13,14,14,14,14,13,13,15,15,15,15,15,15,15,14,14,13,13,13,0,0,0,0,0,0,0,0,0,0,0,13,14,14,14,14,14,14,14,14,14,14,13,13,12,12,13,13,13,13,13,13,13,13,13,14,14,0,51,50,51,52,53,52,50,51,50,51,52,51,49,52,53,55,54,57,54,54,55,52,52,50,49,50,45,47,0,0,0,0,0,0,0,51,51,50,51,51,52,51,51,52,50,51,50,50,50,50,48,47,47,49,47,50,50,48,48,50,51,51,53
20260726_153123_c36ca3,1785076298819340,1127210600,0,0,0,-45,128,0,14,14,14,14,14,13,13,13,13,13,14,13,13,13,13,14,13,15,15,14,14,13,14,14,13,12,0,0,0,0,0,0,0,0,0,0,0,13,13,13,13,13,13,13,13,13,13,13,13,12,12,13,13,13,12,13,13,13,13,13,14,14,14,0,51,50,51,51,49,49,49,49,49,49,50,50,50,51,52,53,53,52,54,53,53,51,51,49,48,48,45,43,0,0,0,0,0,0,0,52,50,51,51,52,52,51,52,52,49,50,50,49,50,47,47,46,47,48,47,47,46,48,48,49,50,50,50
20260726_153123_c36ca3,1785076298921534,1127311220,0,0,0,-45,128,0,13,13,14,13,13,13,13,13,13,13,13,13,13,13,13,14,14,14,14,14,14,13,13,13,12,12,0,0,0,0,0,0,0,0,0,0,0,13,13,14,14,14,14,13,13,13,13,13,13,13,12,12,12,12,12,13,13,13,13,13,13,13,13,0,52,53,51,52,49,51,51,48,49,50,50,50,52,52,52,53,53,53,55,54,54,53,51,49,49,46,45,44,0,0,0,0,0,0,0,52,51,51,52,54,53,53,52,52,51,50,51,50,50,50,49,48,48,47,48,48,49,50,51,50,51,51,51
20260726_153123_c36ca3,1785076299023013,1127411123,0,0,0,-45,128,0,13,13,14,13,13,13,13,13,13,12,13,13,13,13,13,14,13,14,14,14,14,13,13,13,12,12,0,0,0,0,0,0,0,0,0,0,0,13,14,14,14,14,14,13,13,13,13,13,13,13,12,13,12,12,12,13,13,13,13,13,13,13,13,0,51,51,51,51,50,50,51,49,49,50,49,49,51,50,50,53,53,54,54,54,53,52,50,50,48,45,46,45,0,0,0,0,0,0,0,52,53,51,52,54,54,53,52,52,50,51,52,50,50,49,49,48,49,47,47,48,49,49,50,48,50,51,51
20260726_153123_c36ca3,1785076299118880,1127510786,0,0,0,-45,128,0,15,14,15,15,15,15,15,14,15,14,14,14,14,14,15,15,15,15,15,15,15,15,15,14,14,14,0,0,0,0,0,0,0,0,0,0,0,15,15,15,15,15,15,15,15,15,14,14,14,14,14,14,14,14,13,14,14,14,14,14,14,14,14,0,53,51,51,53,51,51,50,49,49,51,51,50,50,52,52,54,54,55,54,54,55,52,52,51,50,48,46,45,0,0,0,0,0,0,0,53,52,53,54,53,53,53,53,53,53,52,51,51,50,49,49,48,49,48,47,48,49,49,49,49,50,50,51
20260726_153123_c36ca3,1785076299221831,1127610451,0,0,0,-46,128,0,14,14,13,13,13,13,13,13,13,13,13,13,14,14,14,14,14,14,14,14,13,13,14,14,13,12,0,0,0,0,0,0,0,0,0,0,0,14,14,14,14,15,14,14,14,14,14,14,13,13,13,13,13,12,13,13,13,13,13,13,14,14,13,0,52,52,50,53,51,52,50,50,51,52,51,51,52,52,54,53,55,55,55,55,54,54,54,51,50,47,47,46,0,0,0,0,0,0,0,53,54,53,54,55,55,57,53,54,53,54,54,52,53,50,51,50,50,49,49,49,49,50,50,53,52,52,51
20260726_153123_c36ca3,1785076299319190,1127711702,0,0,0,-45,128,0,14,13,14,13,14,13,13,13,13,13,13,13,13,14,13,14,14,14,14,14,14,14,14,13,13,12,0,0,0,0,0,0,0,0,0,0,0,13,14,14,14,13,13,13,13,13,13,13,13,12,12,13,12,12,12,13,13,12,13,13,13,14,14,0,53,53,53,52,52,51,51,52,51,51,51,50,52,53,52,53,55,55,55,56,54,54,51,51,50,49,46,45,0,0,0,0,0,0,0,52,51,53,53,53,54,52,53,53,52,52,50,50,49,49,49,50,48,47,47,50,50,50,49,50,51,51,53
20260726_153123_c36ca3,1785076299421169,1127811370,0,0,0,-46,128,0,14,13,13,13,13,13,13,13,13,13,13,13,13,13,14,14,13,14,13,14,14,13,13,13,13,12,0,0,0,0,0,0,0,0,0,0,0,13,13,14,13,13,13,13,13,13,13,13,13,12,12,13,13,12,13,12,12,12,13,13,13,13,13,0,54,51,52,52,51,52,50,50,50,52,50,50,52,52,52,53,53,56,56,55,54,54,52,50,50,49,46,46,0,0,0,0,0,0,0,52,52,51,52,52,54,53,52,52,52,53,50,51,50,50,49,49,49,47,49,49,48,50,50,50,50,52,51
20260726_153123_c36ca3,1785076299518934,1127910719,0,0,0,-46,128,0,13,13,13,13,13,13,13,13,13,13,13,14,14,14,14,14,14,14,14,14,14,14,13,13,12,13,0,0,0,0,0,0,0,0,0,0,0,13,13,14,14,14,14,13,13,13,12,12,12,12,13,13,12,13,12,13,12,12,13,13,13,13,13,0,53,53,54,52,53,51,52,51,52,49,52,52,54,54,52,55,54,56,55,55,54,54,53,51,51,50,47,47,0,0,0,0,0,0,0,52,54,53,53,54,55,52,54,53,51,53,51,49,49,50,50,50,48,50,47,50,49,50,52,50,51,51,53
20260726_153123_c36ca3,1785076299622542,1128010490,0,0,0,-46,128,0,13,13,13,13,13,13,14,13,13,13,13,13,14,14,14,14,15,14,15,15,14,14,14,14,13,14,0,0,0,0,0,0,0,0,0,0,0,14,14,14,15,14,14,14,14,13,13,13,13,13,13,13,13,13,13,13,13,14,13,13,13,14,13,0,54,54,54,52,54,52,51,52,52,51,52,52,53,53,52,56,54,56,56,55,55,54,54,52,50,50,49,47,0,0,0,0,0,0,0,52,52,52,54,55,55,54,55,53,52,52,51,51,49,50,49,50,48,49,47,50,49,49,50,49,53,52,51
20260726_153123_c36ca3,1785076299724452,1128112804,0,0,0,-46,128,0,13,14,14,13,13,13,13,13,13,13,13,13,14,14,14,14,14,14,14,14,14,14,14,14,13,13,0,0,0,0,0,0,0,0,0,0,0,14,14,14,14,14,13,14,13,13,14,13,13,13,13,13,13,13,13,12,13,13,13,13,14,14,13,0,53,52,54,53,52,52,51,51,50,52,53,51,53,52,53,54,56,56,56,55,55,54,53,52,50,50,49,46,0,0,0,0,0,0,0,55,53,52,55,54,54,55,54,52,52,51,51,51,49,50,49,48,48,48,48,49,49,49,50,50,52,51,51
20260726_153123_c36ca3,1785076299821825,1128210786,0,0,0,-46,128,0,14,13,13,13,13,13,13,13,13,13,13,13,12,13,14,14,13,15,14,14,14,14,13,13,13,12,0,0,0,0,0,0,0,0,0,0,0,14,14,14,14,14,14,14,13,13,13,13,13,13,12,12,13,12,12,12,12,12,13,13,13,13,13,0,54,51,51,52,50,50,50,51,50,50,51,50,52,52,53,53,54,56,54,55,55,52,52,51,48,50,47,45,0,0,0,0,0,0,0,53,52,53,53,52,55,53,54,53,52,51,49,51,50,49,49,48,48,48,48,49,48,49,49,50,49,51,52
20260726_153123_c36ca3,1785076299919059,1128311501,0,0,0,-46,128,0,14,14,14,13,13,13,13,13,13,14,14,14,14,14,14,14,14,14,14,14,14,14,14,13,13,12,0,0,0,0,0,0,0,0,0,0,0,15,14,14,15,15,15,14,14,13,13,14,13,14,13,13,13,13,12,13,13,13,13,13,13,13,13,0,53,51,55,51,51,52,52,51,50,50,52,50,51,54,51,55,55,56,55,55,54,53,52,52,50,48,47,46,0,0,0,0,0,0,0,50,53,52,55,53,55,54,55,54,53,52,52,51,51,51,50,50,49,48,48,49,49,50,50,50,52,51,52
20260726_153123_c36ca3,1785076300021430,1128410422,0,0,0,-46,128,0,15,15,15,15,14,14,14,14,14,14,14,14,14,14,15,15,15,16,16,16,15,15,15,14,14,14,0,0,0,0,0,0,0,0,0,0,0,15,15,15,15,15,15,15,15,15,14,15,15,14,14,14,14,14,14,14,13,13,13,13,14,14,15,0,52,53,54,51,53,51,52,51,52,51,53,51,51,53,52,54,54,56,56,55,54,54,51,52,49,48,46,45,0,0,0,0,0,0,0,54,53,52,53,54,55,54,55,54,54,52,52,53,52,52,50,50,51,50,48,51,51,50,50,51,52,52,54
20260726_153123_c36ca3,1785076300118692,1128510395,0,0,0,-46,128,0,14,15,14,14,14,14,14,14,14,14,14,14,14,14,15,15,15,15,15,15,15,15,15,14,14,13,0,0,0,0,0,0,0,0,0,0,0,15,15,15,16,16,15,15,15,15,15,15,14,15,15,14,13,13,13,13,14,14,14,14,14,14,14,0,53,55,54,53,52,54,53,50,51,52,52,52,52,53,55,55,55,54,56,54,55,52,54,52,50,48,47,46,0,0,0,0,0,0,0,53,54,53,53,55,54,55,54,53,52,54,53,52,52,51,49,49,50,49,49,49,50,50,50,51,52,53,51
20260726_153123_c36ca3,1785076300220197,1128610577,0,0,0,-46,128,0,13,13,13,13,13,13,13,13,12,12,13,13,13,14,14,14,14,14,14,13,14,13,13,13,13,12,0,0,0,0,0,0,0,0,0,0,0,14,14,14,14,14,14,13,13,13,13,13,13,13,13,13,12,12,12,12,13,12,13,12,13,13,13,0,51,51,51,51,49,49,50,50,50,49,49,50,51,52,51,53,54,53,54,54,54,53,51,50,49,48,47,43,0,0,0,0,0,0,0,53,52,53,53,54,54,53,54,53,52,52,52,50,50,50,50,49,48,47,47,48,49,48,50,50,49,50,50
20260726_153123_c36ca3,1785076300322156,1128710408,0,0,0,-45,128,0,15,15,15,15,15,15,14,14,14,14,15,14,14,14,15,16,16,16,16,15,15,15,14,14,14,14,0,0,0,0,0,0,0,0,0,0,0,15,15,15,15,15,16,15,15,15,15,14,14,15,14,14,14,14,14,14,13,13,14,14,14,14,15,0,51,52,53,51,50,50,50,49,52,51,51,50,50,52,52,54,53,55,55,54,55,53,54,49,50,48,45,45,0,0,0,0,0,0,0,52,51,54,53,52,55,53,55,54,53,51,50,51,50,48,50,49,47,49,48,47,48,48,50,50,50,51,51
20260726_153123_c36ca3,1785076300419904,1128810803,0,0,0,-46,128,0,13,13,13,13,13,13,13,13,13,13,13,14,14,14,14,14,14,14,14,14,14,14,13,13,13,12,0,0,0,0,0,0,0,0,0,0,0,14,14,15,15,15,14,13,13,13,13,13,13,13,12,14,12,13,12,13,13,13,13,12,13,13,13,0,51,50,53,51,51,51,50,51,50,49,50,51,51,51,53,54,53,54,54,54,54,53,51,51,49,48,45,45,0,0,0,0,0,0,0,51,51,54,55,56,54,54,53,51,54,52,52,53,51,52,50,48,49,50,46,48,49,49,49,49,51,50,52
20260726_153123_c36ca3,1785076300521968,1128910454,0,0,0,-46,128,0,14,14,13,14,13,13,13,13,13,13,13,13,13,13,13,14,14,14,14,14,14,14,13,13,13,12,0,0,0,0,0,0,0,0,0,0,0,14,14,14,14,15,15,15,15,14,14,14,14,14,14,12,13,12,12,12,13,13,13,13,13,13,13,0,52,51,49,51,49,49,48,49,50,50,49,49,50,51,52,51,52,53,53,54,52,52,51,50,49,47,46,44,0,0,0,0,0,0,0,52,52,53,53,54,55,54,53,53,52,53,51,51,50,48,50,48,49,47,49,49,49,48,50,50,50,52,50
20260726_153123_c36ca3,1785076300624803,1129017292,0,0,0,-46,128,0,14,15,14,14,14,14,14,14,14,14,14,14,14,15,15,15,15,15,15,15,15,15,14,14,14,14,0,0,0,0,0,0,0,0,0,0,0,15,14,15,15,14,14,14,14,14,14,14,13,13,13,13,14,13,14,14,14,14,14,14,15,15,14,0,54,54,54,55,52,52,53,53,52,52,51,51,53,52,54,55,56,56,57,57,56,55,54,53,51,50,50,48,0,0,0,0,0,0,0,54,52,51,51,54,53,55,53,52,51,51,53,51,51,50,49,48,50,48,49,49,51,49,50,53,53,53,53
20260726_153123_c36ca3,1785076300721129,1129111115,0,0,0,-46,128,0,14,15,15,14,14,15,14,14,14,14,15,14,14,14,14,15,15,15,16,16,15,15,15,14,14,13,0,0,0,0,0,0,0,0,0,0,0,15,15,15,15,15,14,15,15,14,14,14,14,14,14,14,14,14,14,13,13,14,14,14,14,14,14,0,54,54,52,54,52,52,51,51,52,53,53,52,53,53,54,55,55,55,57,55,55,55,54,53,51,49,48,45,0,0,0,0,0,0,0,54,54,54,53,54,54,55,52,54,53,52,52,52,52,50,51,49,51,50,51,49,52,51,51,51,51,53,51
20260726_153123_c36ca3,1785076300823305,1129214920,0,0,0,-46,128,0,13,13,14,14,13,13,13,13,13,13,13,13,13,13,13,14,14,14,14,14,14,14,14,14,13,12,0,0,0,0,0,0,0,0,0,0,0,13,14,14,14,14,14,14,13,14,13,12,12,13,13,13,13,13,12,13,12,13,13,13,13,13,14,0,53,51,53,50,51,50,51,50,49,50,49,50,52,54,51,53,53,53,54,55,53,53,52,51,50,49,47,45,0,0,0,0,0,0,0,51,51,52,53,52,54,53,53,51,50,53,51,50,49,49,51,49,48,49,48,49,50,49,52,49,51,52,52
20260726_153123_c36ca3,1785076300920695,1129311824,0,0,0,-46,128,0,14,15,14,14,14,14,14,13,13,13,13,13,15,14,15,15,15,14,15,14,14,14,14,14,14,13,0,0,0,0,0,0,0,0,0,0,0,14,14,15,15,15,14,14,14,14,14,14,13,14,13,13,13,13,13,13,13,14,14,14,14,14,14,0,52,54,52,52,52,52,53,49,50,50,51,50,52,52,52,53,54,54,54,55,54,53,52,52,51,49,46,45,0,0,0,0,0,0,0,53,53,51,53,53,53,53,53,53,51,51,50,51,50,50,51,50,49,48,48,49,50,50,50,50,51,52,49
20260726_153123_c36ca3,1785076301020632,1129411076,0,0,0,-46,128,0,14,15,14,14,14,14,14,14,14,14,14,14,15,14,14,15,15,15,15,15,15,15,14,14,13,13,0,0,0,0,0,0,0,0,0,0,0,15,16,16,15,15,15,15,14,14,14,14,14,14,14,14,14,14,14,13,13,14,14,14,14,14,14,0,54,54,52,54,50,51,51,51,52,52,51,52,51,52,53,53,55,55,55,55,55,52,52,50,51,48,47,46,0,0,0,0,0,0,0,55,55,55,55,58,55,56,54,55,54,55,54,54,53,53,53,51,52,48,51,49,51,51,52,52,53,53,53
20260726_153123_c36ca3,1785076301125372,1129514215,0,0,0,-46,128,0,14,14,14,13,13,13,13,13,13,13,14,13,14,14,14,14,14,14,14,15,14,14,13,13,13,13,0,0,0,0,0,0,0,0,0,0,0,14,13,13,14,14,13,13,13,13,13,13,13,13,13,13,12,12,12,12,13,13,14,13,14,14,14,0,52,52,54,49,53,51,51,51,49,50,51,51,52,53,52,55,55,56,55,55,54,53,51,52,50,49,46,47,0,0,0,0,0,0,0,53,52,52,54,51,55,53,54,52,51,52,52,49,50,50,49,50,48,49,48,51,50,51,50,51,53,53,52
20260726_153123_c36ca3,1785076301221615,1129611516,0,0,0,-46,128,0,13,13,13,14,13,13,13,13,13,13,13,13,13,13,13,13,13,13,13,13,14,13,13,13,13,13,0,0,0,0,0,0,0,0,0,0,0,14,14,13,14,14,14,14,14,14,13,14,14,13,13,12,13,12,13,13,13,13,13,13,13,13,13,0,53,50,49,53,49,48,50,49,49,50,49,49,50,50,52,52,53,52,54,52,52,52,50,49,49,47,45,43,0,0,0,0,0,0,0,54,51,53,54,53,53,54,52,53,53,52,51,51,49,49,48,47,49,47,48,48,48,49,49,51,49,51,50
20260726_153123_c36ca3,1785076301318612,1129710444,0,0,0,-45,128,0,15,15,15,15,15,15,14,14,14,14,14,14,14,15,15,15,15,16,16,15,15,15,15,15,14,13,0,0,0,0,0,0,0,0,0,0,0,16,14,15,15,15,15,15,15,15,14,15,14,14,14,13,14,13,14,14,14,14,15,15,15,15,15,0,54,51,53,50,53,50,49,49,52,50,51,49,51,52,52,55,51,56,55,55,55,52,50,50,49,49,44,45,0,0,0,0,0,0,0,53,53,53,54,52,54,53,54,54,52,52,51,51,50,49,49,49,49,49,48,49,51,49,51,50,50,51,53
20260726_153123_c36ca3,1785076301425763,1129815306,0,0,0,-46,128,0,13,13,13,14,12,12,13,13,13,13,13,13,13,13,13,13,13,14,14,14,14,13,13,13,13,12,0,0,0,0,0,0,0,0,0,0,0,13,13,14,14,14,14,14,13,13,13,13,13,13,13,12,13,12,12,12,12,12,12,13,13,13,13,0,53,50,51,52,51,50,49,49,50,49,51,49,51,51,52,53,53,55,54,54,54,53,51,50,50,50,44,45,0,0,0,0,0,0,0,51,52,54,54,53,53,54,54,53,51,52,49,49,50,49,49,49,48,49,47,49,49,49,50,50,49,51,52
20260726_153123_c36ca3,1785076301522581,1129910814,0,0,0,-46,128,0,13,14,14,13,13,13,12,13,12,12,13,13,13,13,13,13,14,14,14,14,14,13,13,13,12,13,0,0,0,0,0,0,0,0,0,0,0,14,14,14,14,14,14,14,14,13,14,13,14,13,13,13,13,13,13,13,13,13,13,14,14,14,14,0,52,52,52,52,51,51,50,50,50,51,50,48,50,50,50,52,53,54,53,53,54,53,52,50,49,47,47,46,0,0,0,0,0,0,0,53,52,52,53,55,54,52,54,53,52,52,52,51,52,51,51,48,50,50,49,50,50,49,50,52,51,52,52
20260726_153123_c36ca3,1785076301618817,1130011031,0,0,0,-46,128,0,14,14,14,14,14,13,13,13,13,14,13,13,13,14,14,13,15,14,15,14,14,14,14,14,14,13,0,0,0,0,0,0,0,0,0,0,0,14,14,14,14,15,14,14,13,13,14,13,13,13,13,13,14,13,13,13,14,14,14,14,14,14,14,0,53,52,54,52,52,51,50,50,50,49,49,50,52,53,50,52,54,54,54,54,52,52,51,50,48,48,45,46,0,0,0,0,0,0,0,52,52,52,53,52,54,52,54,52,53,51,51,51,50,51,52,51,48,50,48,50,50,51,51,50,52,52,53
20260726_153123_c36ca3,1785076301720654,1130110972,0,0,0,-46,128,0,14,14,14,14,14,13,13,13,14,14,14,14,14,14,14,14,14,14,15,15,15,14,14,13,13,13,0,0,0,0,0,0,0,0,0,0,0,13,14,14,15,14,14,14,14,14,14,14,14,14,14,14,14,14,13,13,13,14,14,13,14,14,14,0,53,53,52,52,51,51,51,50,51,50,50,51,50,52,52,52,55,54,54,55,54,53,52,53,50,48,47,46,0,0,0,0,0,0,0,52,53,52,51,54,54,54,52,53,52,53,52,51,51,51,51,50,49,48,50,48,46,54,50,51,54,53,53
20260726_153123_c36ca3,1785076301822481,1130211099,0,0,0,-45,128,0,14,14,14,14,14,14,14,13,14,14,14,14,14,14,14,15,15,15,15,15,15,14,14,14,14,14,0,0,0,0,0,0,0,0,0,0,0,14,15,15,15,15,15,15,15,15,14,14,15,14,14,14,14,14,14,14,14,14,14,14,14,14,14,0,53,53,53,52,50,51,49,51,51,53,51,51,52,52,53,53,55,55,56,55,55,54,54,51,51,49,47,45,0,0,0,0,0,0,0,53,52,53,53,53,54,55,52,53,53,53,53,52,50,49,50,48,51,50,50,48,49,50,51,52,53,52,53
20260726_153123_c36ca3,1785076301919393,1130310723,0,0,0,-46,128,0,14,15,14,15,14,14,14,14,14,14,14,14,14,14,15,15,15,14,16,15,15,14,14,14,14,13,0,0,0,0,0,0,0,0,0,0,0,14,14,15,15,15,15,15,15,15,15,15,15,14,14,14,14,14,14,13,13,13,13,15,14,15,15,0,53,53,54,53,51,52,52,50,51,52,51,50,51,52,54,54,52,55,56,55,54,54,51,51,49,48,45,45,0,0,0,0,0,0,0,54,53,54,53,55,54,53,54,55,54,53,52,54,52,51,50,49,51,49,50,49,51,50,51,52,52,51,53
20260726_153123_c36ca3,1785076302019728,1130410962,0,0,0,-46,128,0,13,13,13,13,13,13,13,13,13,13,13,14,13,13,13,14,14,15,14,14,14,14,13,13,13,13,0,0,0,0,0,0,0,0,0,0,0,13,14,14,14,13,13,13,13,13,13,13,13,13,13,13,12,12,12,12,13,13,13,13,13,13,13,0,50,52,51,52,52,51,50,50,49,51,51,48,49,51,52,53,53,54,54,54,54,52,52,50,49,47,45,46,0,0,0,0,0,0,0,51,50,50,51,51,54,52,53,52,51,50,51,51,50,49,48,48,48,49,48,50,48,49,48,50,49,51,50
20260726_153123_c36ca3,1785076302121969,1130510971,0,0,0,-45,128,0,16,15,15,15,15,15,15,13,15,14,14,14,14,14,15,15,15,15,15,15,16,15,15,14,14,13,0,0,0,0,0,0,0,0,0,0,0,16,15,15,16,15,15,15,16,15,15,15,15,14,15,14,14,14,14,14,14,14,15,14,14,15,15,0,52,52,53,51,52,51,51,50,50,50,51,50,51,51,51,53,52,54,55,55,52,52,49,50,49,49,44,43,0,0,0,0,0,0,0,52,52,52,55,53,54,52,55,53,54,53,52,53,51,50,51,51,50,50,50,50,50,50,50,50,53,51,53
20260726_153123_c36ca3,1785076302218286,1130611011,0,0,0,-46,128,0,14,14,14,14,14,14,13,13,13,14,14,14,14,13,14,14,15,15,15,15,15,14,14,14,13,13,0,0,0,0,0,0,0,0,0,0,0,14,14,14,13,14,14,14,14,14,14,14,13,14,13,13,13,13,13,13,13,13,13,13,14,14,14,0,53,52,53,50,52,51,50,50,50,50,50,51,53,54,51,55,55,55,54,55,56,56,53,52,50,49,47,47,0,0,0,0,0,0,0,52,52,52,55,53,55,53,52,52,53,53,52,52,51,51,51,51,49,50,50,50,50,50,52,50,52,53,53
20260726_153123_c36ca3,1785076302320469,1130710940,0,0,0,-45,128,0,14,14,14,14,13,14,13,13,13,12,13,13,13,14,13,14,14,14,14,14,13,13,14,13,13,12,0,0,0,0,0,0,0,0,0,0,0,14,14,14,15,14,14,14,14,14,14,13,14,14,14,13,13,13,13,13,13,14,14,13,14,14,14,0,53,52,52,51,51,51,49,50,48,49,50,49,49,52,51,51,53,51,54,52,51,52,51,51,47,48,47,45,0,0,0,0,0,0,0,52,52,52,52,54,56,54,53,54,53,53,53,52,51,51,51,50,50,50,50,51,50,50,50,51,52,52,50
20260726_153123_c36ca3,1785076302423169,1130814755,0,0,0,-46,128,0,14,15,15,14,14,14,14,14,14,14,14,15,15,14,15,15,15,15,15,15,15,15,14,14,13,13,0,0,0,0,0,0,0,0,0,0,0,16,15,16,15,16,16,16,15,15,15,15,15,14,14,14,14,14,14,14,15,14,14,14,14,15,15,0,52,53,54,51,50,50,50,49,49,50,51,50,51,51,52,52,52,53,55,53,53,52,51,49,50,47,46,45,0,0,0,0,0,0,0,55,54,55,54,56,57,55,56,55,54,53,53,52,52,51,52,50,50,49,50,51,51,50,51,51,51,51,51
20260726_153123_c36ca3,1785076302519712,1130912171,0,0,0,-46,128,0,15,14,14,14,14,14,14,14,15,14,15,14,14,15,15,16,16,16,16,16,16,15,15,14,14,13,0,0,0,0,0,0,0,0,0,0,0,15,15,16,16,15,15,15,15,14,14,14,15,14,14,14,14,14,14,15,13,15,14,14,14,15,14,0,53,53,52,52,50,52,49,51,51,51,51,52,51,52,54,54,55,54,56,55,55,55,52,51,50,48,48,45,0,0,0,0,0,0,0,53,54,54,54,56,56,55,53,53,52,54,52,51,50,49,48,48,48,48,49,51,49,49,49,50,51,50,52
20260726_153123_c36ca3,1785076302621938,1131010977,0,0,0,-46,128,0,14,14,15,14,14,14,14,14,14,14,14,14,14,14,14,15,15,15,15,14,14,14,13,14,13,13,0,0,0,0,0,0,0,0,0,0,0,13,14,14,14,14,14,14,14,14,14,14,14,14,14,13,13,13,14,13,14,13,13,13,13,14,14,0,54,53,52,52,52,52,52,52,52,51,51,50,52,53,52,54,56,55,55,55,53,53,52,52,49,48,47,47,0,0,0,0,0,0,0,52,52,54,54,52,54,53,53,53,51,50,53,50,50,49,48,47,50,50,47,51,50,52,53,52,53,52,53
20260726_153123_c36ca3,1785076302719181,1131111312,0,0,0,-46,128,0,14,14,14,14,14,14,14,14,14,14,14,14,14,15,15,15,15,15,15,15,15,14,14,13,13,13,0,0,0,0,0,0,0,0,0,0,0,14,14,14,14,14,14,14,14,14,14,14,14,14,14,13,13,14,14,14,14,13,14,13,14,14,14,0,52,53,52,51,52,51,49,51,49,51,51,50,51,51,53,53,54,54,55,53,53,53,51,51,48,46,46,45,0,0,0,0,0,0,0,53,52,51,52,53,53,53,51,53,52,52,51,51,51,51,49,49,49,49,48,49,51,50,51,51,53,51,52
20260726_153123_c36ca3,1785076302821554,1131211645,0,0,0,-46,128,0,15,16,14,15,14,14,14,14,15,14,14,14,14,14,15,14,16,16,16,15,15,14,15,14,14,14,0,0,0,0,0,0,0,0,0,0,0,14,15,15,16,15,15,15,14,14,14,14,14,14,14,14,14,14,14,14,13,14,14,15,14,14,15,0,54,56,52,54,52,51,51,52,52,52,54,51,52,51,53,54,55,54,55,55,55,54,52,50,52,48,47,45,0,0,0,0,0,0,0,55,54,54,55,55,55,56,55,55,54,55,54,53,54,52,52,50,52,51,52,50,50,51,52,54,52,53,52
20260726_153123_c36ca3,1785076302924486,1131314166,0,0,0,-45,128,0,15,15,15,15,14,14,14,14,14,14,14,14,14,14,15,14,15,15,15,15,15,14,14,15,14,14,0,0,0,0,0,0,0,0,0,0,0,15,15,16,15,15,15,15,14,14,15,14,14,14,14,14,14,14,14,14,14,15,15,15,15,15,15,0,53,57,53,55,50,54,50,52,52,54,52,52,51,51,54,53,54,53,57,56,54,53,54,50,49,47,49,45,0,0,0,0,0,0,0,54,54,53,53,57,55,56,55,56,55,54,54,53,52,53,51,49,54,50,52,51,53,52,53,54,54,53,52
20260726_153123_c36ca3,1785076303021222,1131413570,0,0,0,-46,128,0,15,14,15,15,14,14,14,14,14,14,14,14,14,14,14,15,15,15,15,15,15,15,14,14,14,13,0,0,0,0,0,0,0,0,0,0,0,15,14,16,16,15,15,15,15,15,14,14,14,14,14,14,14,13,13,13,14,14,14,14,14,14,14,0,53,53,52,52,51,50,48,50,49,50,49,50,50,52,50,52,52,53,53,53,52,51,50,50,49,47,46,43,0,0,0,0,0,0,0,52,51,53,54,53,54,53,53,54,52,53,51,51,52,51,50,50,50,50,49,49,49,48,51,50,51,51,50
20260726_153123_c36ca3,1785076303122404,1131511884,0,0,0,-45,128,0,14,14,15,14,14,14,14,14,14,13,14,14,14,14,14,14,15,15,15,15,15,14,14,14,13,13,0,0,0,0,0,0,0,0,0,0,0,14,15,15,16,15,15,15,15,15,14,14,14,14,14,14,14,14,14,14,14,14,14,14,14,14,14,0,53,53,52,52,52,51,50,50,50,50,51,51,51,51,52,52,53,52,54,53,53,52,50,49,48,48,45,45,0,0,0,0,0,0,0,52,53,52,53,53,55,54,54,53,52,51,52,52,52,52,51,51,50,49,49,50,50,50,52,50,51,52,52
20260726_153123_c36ca3,1785076303219151,1131611158,0,0,0,-45,128,0,14,15,14,14,14,14,14,14,14,14,14,14,14,14,15,14,15,14,15,15,15,14,14,14,13,13,0,0,0,0,0,0,0,0,0,0,0,14,15,15,15,15,14,14,14,14,15,14,14,13,13,13,13,13,13,13,14,14,14,14,14,14,14,0,52,52,54,51,51,52,50,51,50,51,50,50,52,53,52,53,53,52,54,52,54,52,50,49,49,47,45,44,0,0,0,0,0,0,0,53,53,53,55,55,55,54,54,54,52,53,52,53,51,50,50,50,51,51,49,50,49,50,51,53,52,52,54
20260726_153123_c36ca3,1785076303320792,1131710968,0,0,0,-45,128,0,13,13,14,13,13,13,13,13,13,13,13,13,13,13,13,14,14,14,14,14,13,13,13,13,12,12,0,0,0,0,0,0,0,0,0,0,0,13,13,13,14,13,14,14,14,14,14,13,13,12,13,12,12,12,12,13,13,13,13,13,13,14,14,0,51,52,52,50,50,51,51,49,50,49,50,49,50,50,51,51,53,53,52,54,53,51,51,49,46,47,45,44,0,0,0,0,0,0,0,51,51,53,52,53,53,52,53,52,52,52,52,50,50,51,50,50,50,48,48,49,50,49,50,49,51,50,51
20260726_153123_c36ca3,1785076303421660,1131811007,0,0,0,-45,128,0,14,14,14,14,14,14,12,13,13,13,13,13,13,13,13,13,14,14,14,14,13,13,14,13,13,12,0,0,0,0,0,0,0,0,0,0,0,14,14,14,14,15,14,14,14,14,14,14,14,13,13,13,13,13,13,13,13,13,13,14,14,14,14,0,51,50,51,50,51,51,50,50,49,49,50,50,50,51,51,51,53,52,53,53,52,52,51,49,48,47,46,44,0,0,0,0,0,0,0,51,53,52,53,53,54,53,53,54,51,52,51,51,51,51,50,48,50,48,49,50,50,48,49,49,51,52,51
20260726_153123_c36ca3,1785076303518180,1131911099,0,0,0,-45,128,0,14,14,14,14,14,14,14,13,13,13,13,13,13,14,14,14,14,14,14,14,14,14,13,13,13,12,0,0,0,0,0,0,0,0,0,0,0,14,14,14,14,14,15,15,14,14,14,14,14,13,13,13,13,13,13,13,13,13,13,13,14,14,14,0,51,52,53,51,52,51,51,50,49,49,50,50,51,52,52,52,53,54,55,53,53,51,50,50,48,48,45,44,0,0,0,0,0,0,0,52,53,51,52,53,53,52,53,53,52,52,51,51,49,50,51,49,49,49,48,49,50,50,50,49,51,52,53
20260726_153123_c36ca3,1785076303620456,1132011087,0,0,0,-45,128,0,14,14,14,14,14,14,14,14,15,15,15,14,14,14,15,15,15,15,15,15,15,14,14,14,14,13,0,0,0,0,0,0,0,0,0,0,0,14,14,15,15,15,15,15,15,15,14,14,14,14,14,13,14,13,13,14,14,14,14,14,14,14,15,0,52,52,53,53,51,52,50,50,51,50,52,50,51,52,53,55,54,54,56,54,55,52,51,49,49,49,46,45,0,0,0,0,0,0,0,52,52,52,53,53,54,51,55,53,53,52,52,52,52,50,50,50,52,50,49,49,50,49,50,51,52,52,54
20260726_153123_c36ca3,1785076303721853,1132111062,0,0,0,-45,128,0,14,13,13,13,13,13,13,13,13,13,13,12,12,13,14,14,13,14,14,14,14,13,13,13,13,12,0,0,0,0,0,0,0,0,0,0,0,13,13,14,14,14,14,14,13,13,13,13,13,13,13,13,13,13,13,13,13,13,13,13,13,13,13,0,51,51,49,51,48,50,49,48,48,49,49,49,50,50,51,51,53,52,52,53,53,51,49,48,48,47,45,44,0,0,0,0,0,0,0,51,50,50,50,51,51,52,51,51,50,51,50,50,49,48,50,48,49,46,47,48,47,49,48,50,49,50,50
20260726_153123_c36ca3,1785076303817574,1132211153,0,0,0,-46,128,0,14,14,14,14,13,14,13,13,13,13,13,13,13,13,13,14,15,15,14,14,14,14,14,14,13,13,0,0,0,0,0,0,0,0,0,0,0,14,14,14,15,15,15,15,14,14,13,13,13,13,14,13,14,13,13,13,14,14,14,14,14,14,14,0,53,53,54,52,54,52,51,52,50,50,52,52,52,53,53,53,54,55,56,54,54,53,52,53,49,48,48,47,0,0,0,0,0,0,0,53,51,52,54,53,55,54,54,53,53,51,52,51,51,50,51,50,49,49,49,51,50,51,51,51,53,52,51
20260726_153123_c36ca3,1785076303919873,1132311313,0,0,0,-46,128,0,14,13,14,13,13,13,13,13,13,12,13,12,13,13,13,13,13,14,14,14,14,13,13,13,13,13,0,0,0,0,0,0,0,0,0,0,0,14,14,14,14,14,14,14,14,14,13,13,13,13,13,13,13,13,12,13,13,13,13,13,13,13,14,0,54,52,52,53,51,51,50,50,50,50,50,51,51,51,53,53,53,54,54,53,54,53,51,50,49,47,46,45,0,0,0,0,0,0,0,54,53,54,55,54,55,56,55,56,55,54,53,52,53,50,51,49,50,49,49,49,49,50,51,51,50,53,52
20260726_153123_c36ca3,1785076304021782,1132411108,0,0,0,-46,128,0,14,13,14,13,13,13,13,13,13,13,13,13,13,13,13,13,13,14,14,14,14,14,13,13,13,13,0,0,0,0,0,0,0,0,0,0,0,14,14,14,14,14,14,14,14,14,13,13,13,13,13,13,13,13,13,13,13,13,13,13,13,14,14,0,51,50,51,52,51,51,49,50,49,50,51,48,49,50,50,53,52,54,55,53,53,51,49,49,46,46,46,45,0,0,0,0,0,0,0,51,52,52,52,53,55,53,55,54,52,51,50,53,52,49,49,49,49,49,49,50,51,50,49,50,51,50,52
20260726_153123_c36ca3,1785076304117560,1132510942,0,0,0,-46,128,0,14,14,14,13,13,13,13,13,13,13,13,13,14,14,14,14,14,14,14,14,14,14,14,13,13,13,0,0,0,0,0,0,0,0,0,0,0,14,14,14,15,15,13,14,13,13,13,13,13,13,13,13,13,13,13,13,13,14,14,13,13,14,13,0,52,51,52,50,52,51,51,50,50,49,50,51,52,53,52,53,54,53,54,54,53,52,51,51,48,48,46,45,0,0,0,0,0,0,0,52,53,53,53,54,56,52,54,53,52,53,51,51,50,50,50,50,50,48,46,50,50,50,50,49,53,52,52
20260726_153123_c36ca3,1785076304220173,1132611301,0,0,0,-45,128,0,15,15,15,14,14,14,14,14,14,14,14,14,15,15,15,15,15,16,16,15,14,15,14,14,14,13,0,0,0,0,0,0,0,0,0,0,0,15,15,15,15,15,15,15,15,14,14,14,14,14,14,14,14,14,14,14,14,14,14,14,14,15,14,0,53,53,54,53,53,53,53,52,51,53,53,53,53,53,55,55,55,56,56,56,55,55,54,53,52,49,49,47,0,0,0,0,0,0,0,55,54,55,53,55,56,57,54,55,55,53,54,54,53,52,52,49,50,48,50,50,52,52,52,52,54,52,51
20260726_153123_c36ca3,1785076304322534,1132710954,0,0,0,-46,128,0,15,14,14,14,14,14,14,14,14,14,15,15,15,15,15,16,16,16,16,16,15,15,14,15,14,14,0,0,0,0,0,0,0,0,0,0,0,15,15,15,16,16,15,15,15,15,15,14,14,14,14,14,14,14,14,14,14,14,15,15,14,15,15,0,52,53,52,52,51,52,51,51,51,52,52,50,51,53,54,54,55,56,56,57,54,53,52,51,51,49,48,46,0,0,0,0,0,0,0,54,55,54,54,56,56,56,55,55,55,53,52,53,52,51,51,49,49,50,48,50,51,51,52,51,51,52,53
20260726_153123_c36ca3,1785076304418492,1132811523,0,0,0,-45,128,0,13,13,14,13,13,13,13,13,13,13,13,13,13,14,13,14,14,14,14,14,14,14,13,13,13,12,0,0,0,0,0,0,0,0,0,0,0,14,14,14,14,14,14,14,14,14,14,14,14,14,13,13,12,12,12,13,13,13,13,13,13,14,14,0,52,50,51,51,50,51,50,49,50,49,50,49,50,51,50,52,52,53,53,53,52,52,51,49,48,47,46,44,0,0,0,0,0,0,0,52,52,52,52,53,53,53,53,53,52,52,51,50,49,49,48,48,48,48,47,48,49,49,49,49,52,51,50
20260726_153123_c36ca3,1785076304520628,1132912749,0,0,0,-46,128,0,14,14,14,14,14,14,14,14,14,14,14,14,14,14,14,15,15,15,15,15,15,15,15,13,13,13,0,0,0,0,0,0,0,0,0,0,0,15,15,15,15,15,15,15,14,15,14,14,14,14,14,13,14,13,13,13,13,14,14,14,13,14,14,0,53,53,52,51,51,50,51,51,50,51,51,51,52,53,53,54,54,56,54,56,54,54,53,51,50,49,47,45,0,0,0,0,0,0,0,54,54,53,55,52,55,54,56,53,55,54,52,51,52,50,50,49,51,50,50,48,48,49,51,50,50,50,51
20260726_153123_c36ca3,1785076304628666,1133020735,0,0,0,-46,128,0,14,14,14,14,14,14,14,14,14,14,14,14,14,14,14,15,15,15,15,15,15,15,14,14,13,13,0,0,0,0,0,0,0,0,0,0,0,15,15,15,15,15,15,14,14,15,14,14,14,14,14,14,14,14,14,14,14,14,14,14,15,14,14,0,52,53,52,52,52,52,51,50,50,51,51,51,50,53,51,53,53,53,54,54,54,52,51,50,50,47,47,46,0,0,0,0,0,0,0,54,54,57,55,55,55,55,55,54,53,54,52,55,52,52,51,49,49,51,49,51,52,49,52,51,53,50,52
20260726_153123_c36ca3,1785076304720272,1133111279,0,0,0,-46,128,0,14,14,14,14,14,14,14,13,13,13,13,13,13,13,13,13,15,14,14,14,14,14,14,14,12,12,0,0,0,0,0,0,0,0,0,0,0,15,14,14,14,14,14,14,14,13,14,13,13,13,13,13,13,12,12,13,13,13,14,13,14,14,14,0,49,51,51,52,50,50,49,49,48,49,49,50,50,50,50,51,53,53,52,53,52,53,51,49,48,46,45,44,0,0,0,0,0,0,0,51,49,52,52,54,53,52,52,51,51,51,51,50,49,49,48,46,48,46,48,49,49,48,49,49,50,51,49
20260726_153123_c36ca3,1785076304821354,1133212297,0,0,0,-46,128,0,14,15,15,14,14,14,14,14,14,14,14,14,14,14,15,15,15,15,15,15,15,15,14,14,13,13,0,0,0,0,0,0,0,0,0,0,0,14,14,15,15,16,15,15,15,14,15,14,14,14,14,13,13,13,13,13,14,14,14,14,14,14,14,0,54,54,53,54,52,52,52,51,51,53,52,52,53,54,54,53,54,55,55,55,56,55,52,52,50,49,49,46,0,0,0,0,0,0,0,53,54,53,53,55,53,56,53,53,53,53,54,52,52,51,51,49,50,49,50,50,50,50,51,51,52,53,52
20260726_153123_c36ca3,1785076304922906,1133315755,0,0,0,-46,128,0,15,15,14,14,14,14,14,14,15,14,15,15,14,14,14,16,15,16,16,16,15,15,14,14,14,14,0,0,0,0,0,0,0,0,0,0,0,15,16,16,15,15,15,15,15,15,14,14,14,14,13,13,14,14,14,13,13,14,14,14,14,14,14,0,52,53,54,52,51,51,50,51,50,52,52,51,52,53,53,55,55,54,56,55,56,53,53,52,49,49,46,46,0,0,0,0,0,0,0,52,52,51,54,53,52,53,54,53,52,52,52,52,50,50,50,48,50,49,49,50,49,49,50,50,50,50,50
20260726_153123_c36ca3,1785076305019614,1133410908,0,0,0,-46,128,0,13,13,13,13,13,13,13,13,13,12,13,13,13,14,13,14,14,14,14,14,14,13,13,13,13,12,0,0,0,0,0,0,0,0,0,0,0,14,14,13,14,13,14,14,13,13,13,13,13,13,13,13,12,12,12,12,13,13,12,13,13,13,13,0,51,48,51,51,50,50,48,50,49,50,50,50,49,50,51,52,52,54,56,54,53,52,50,50,48,48,46,44,0,0,0,0,0,0,0,50,51,50,52,51,52,51,52,52,50,51,50,49,49,48,47,48,47,47,47,48,47,48,49,48,51,49,51
20260726_153123_c36ca3,1785076305126014,1133519319,0,0,0,-46,128,0,15,15,15,15,14,14,14,14,14,14,14,14,15,14,15,15,15,15,15,16,16,15,14,14,13,14,0,0,0,0,0,0,0,0,0,0,0,15,15,15,15,15,15,14,14,14,14,14,14,13,14,14,14,14,14,14,13,13,14,13,14,13,14,0,52,53,53,54,52,52,51,51,52,52,52,52,51,54,53,55,55,56,57,58,56,55,52,53,51,51,47,46,0,0,0,0,0,0,0,54,53,53,55,53,54,54,55,55,52,53,51,51,51,50,50,50,50,49,49,48,49,50,52,50,52,51,53
20260726_153123_c36ca3,1785076305219633,1133611327,0,0,0,-46,128,0,14,14,15,14,15,15,15,14,15,14,14,14,14,15,15,16,15,16,16,16,16,15,14,15,14,14,0,0,0,0,0,0,0,0,0,0,0,14,16,15,14,16,15,14,16,15,15,15,14,14,14,14,14,14,13,14,13,13,14,14,14,14,14,0,53,53,54,52,52,51,52,50,54,53,53,52,54,54,54,55,55,59,52,57,57,57,53,52,52,53,47,45,0,0,0,0,0,0,0,56,55,52,59,52,50,51,57,53,53,55,51,56,53,51,49,50,50,52,49,51,50,50,51,52,52,52,54
20260726_153123_c36ca3,1785076305322869,1133711118,0,0,0,-46,128,0,14,13,14,14,14,13,13,13,13,13,13,13,13,13,13,14,13,14,15,14,14,14,13,13,13,13,0,0,0,0,0,0,0,0,0,0,0,13,14,14,14,14,14,14,14,13,13,13,13,13,13,13,13,13,12,12,12,12,12,13,13,14,14,0,52,50,50,51,52,51,50,49,50,49,51,49,50,51,50,53,52,56,55,54,54,52,51,51,48,49,45,46,0,0,0,0,0,0,0,53,53,51,54,52,54,52,55,54,51,51,49,51,50,48,48,48,46,49,47,48,48,46,47,47,50,49,50
20260726_153123_c36ca3,1785076305418837,1133811138,0,0,0,-46,128,0,15,15,15,15,15,14,14,14,14,14,14,14,14,14,15,15,15,15,15,15,15,15,15,14,14,13,0,0,0,0,0,0,0,0,0,0,0,15,15,15,15,15,15,15,15,15,14,14,14,14,14,13,14,13,13,13,13,13,13,14,14,14,14,0,54,53,52,54,51,51,51,49,51,52,51,51,52,52,55,55,56,56,57,56,56,54,52,52,52,51,47,46,0,0,0,0,0,0,0,56,53,55,55,55,56,55,54,54,54,53,51,52,52,50,50,50,50,49,49,49,50,51,50,51,52,50,52
20260726_153123_c36ca3,1785076305523082,1133911190,0,0,0,-46,128,0,13,14,14,14,13,13,13,13,13,13,14,13,14,14,13,14,14,14,14,15,14,14,14,14,13,13,0,0,0,0,0,0,0,0,0,0,0,14,14,14,15,14,14,13,13,13,13,13,13,13,13,13,13,13,12,13,13,13,13,13,13,13,13,0,52,53,52,51,51,51,48,51,50,50,51,52,52,52,53,53,55,55,55,55,53,53,52,51,50,49,46,46,0,0,0,0,0,0,0,54,54,52,54,54,54,55,54,52,51,52,52,50,49,51,50,50,49,47,48,48,49,50,50,49,52,51,52
20260726_153123_c36ca3,1785076305620064,1134011057,0,0,0,-46,128,0,14,14,14,14,14,14,14,14,13,13,13,13,13,14,14,14,15,15,15,14,14,14,14,13,13,13,0,0,0,0,0,0,0,0,0,0,0,14,13,14,14,14,14,14,14,14,14,14,13,13,13,12,13,12,12,13,13,13,13,13,13,13,14,0,51,51,53,52,52,51,51,51,51,50,50,51,52,54,53,53,54,55,54,55,54,55,52,52,50,51,47,46,0,0,0,0,0,0,0,53,54,54,54,53,55,53,54,53,52,52,52,51,51,50,50,49,48,48,47,49,48,49,49,50,51,52,52
20260726_153123_c36ca3,1785076305722343,1134111112,0,0,0,-46,128,0,14,14,15,14,14,14,14,14,14,14,14,14,15,15,15,15,14,15,15,15,15,15,14,14,14,14,0,0,0,0,0,0,0,0,0,0,0,15,16,15,14,15,14,15,14,15,14,14,14,15,14,13,13,13,13,14,13,13,14,13,14,14,15,0,52,53,52,52,52,52,50,51,51,52,52,52,51,52,54,53,56,56,53,57,55,56,52,51,50,51,47,45,0,0,0,0,0,0,0,56,56,50,57,52,48,54,55,51,48,55,51,49,50,50,53,50,51,49,50,49,49,52,50,53,52,52,53
20260726_153123_c36ca3,1785076305818932,1134212311,0,0,0,-46,128,0,14,14,14,14,13,14,14,14,14,14,14,14,14,14,15,15,16,15,15,15,15,15,14,13,13,13,0,0,0,0,0,0,0,0,0,0,0,15,15,14,15,15,14,15,14,14,14,14,14,13,13,13,14,13,13,13,14,13,13,14,13,14,14,0,52,53,52,52,50,53,50,50,49,51,52,53,53,52,53,52,54,54,55,55,54,57,53,52,50,49,48,45,0,0,0,0,0,0,0,57,53,55,54,55,55,53,51,56,51,56,53,50,50,48,54,48,49,47,47,49,51,51,51,52,52,53,54
20260726_153123_c36ca3,1785076305921824,1134313924,0,0,0,-46,128,0,15,15,14,14,13,14,14,14,14,14,14,14,14,14,14,15,14,15,15,15,16,15,15,14,14,13,0,0,0,0,0,0,0,0,0,0,0,15,16,15,15,15,15,15,14,15,14,14,14,14,14,14,14,14,14,13,13,14,14,14,14,14,14,0,54,52,53,52,52,52,51,50,53,51,52,52,52,53,53,55,55,57,56,57,57,54,51,53,52,51,47,47,0,0,0,0,0,0,0,55,55,55,55,55,56,54,56,56,55,54,52,52,52,51,52,50,50,50,48,51,49,50,52,50,53,52,52
20260726_153123_c36ca3,1785076306023503,1134415301,0,0,0,-46,128,0,15,16,14,14,14,14,14,14,14,14,15,15,15,15,15,16,16,16,16,16,15,15,14,15,15,14,0,0,0,0,0,0,0,0,0,0,0,16,15,15,16,16,15,15,16,16,14,15,14,15,14,14,14,14,14,14,14,14,15,15,14,14,15,0,54,52,51,53,50,52,52,51,51,53,52,51,53,53,52,54,54,57,57,57,55,53,53,52,52,50,47,46,0,0,0,0,0,0,0,54,56,55,56,55,55,56,55,54,55,52,53,52,53,50,50,48,50,49,49,50,50,50,50,52,50,51,51
20260726_153123_c36ca3,1785076306120161,1134511801,0,0,0,-46,128,0,13,13,13,13,13,13,12,13,12,12,13,13,13,13,13,14,13,14,14,14,14,13,13,13,13,12,0,0,0,0,0,0,0,0,0,0,0,13,14,14,14,14,14,14,13,13,13,13,13,12,13,13,13,13,12,12,12,12,13,13,13,13,13,0,52,51,51,53,50,50,51,50,50,50,51,51,50,51,52,54,54,55,56,55,55,51,51,50,49,49,47,45,0,0,0,0,0,0,0,54,53,53,52,53,53,55,54,54,53,53,51,51,51,50,49,49,49,48,49,48,48,49,49,51,51,51,50
20260726_153123_c36ca3,1785076306221874,1134612149,0,0,0,-46,128,0,13,13,13,13,13,12,12,13,13,13,13,13,13,14,14,14,14,14,14,14,14,13,13,13,13,13,0,0,0,0,0,0,0,0,0,0,0,13,14,14,14,14,13,13,13,13,13,13,13,12,12,12,13,11,12,12,12,13,13,13,13,13,13,0,53,52,51,51,51,50,50,50,50,50,49,50,52,52,51,54,53,56,54,55,54,53,52,51,51,52,47,45,0,0,0,0,0,0,0,54,53,54,54,54,54,52,53,52,53,51,51,50,51,48,49,48,49,49,49,48,48,48,50,50,49,50,51
20260726_153123_c36ca3,1785076306321794,1134711963,0,0,0,-46,128,0,14,13,13,13,13,13,12,12,13,13,13,13,13,13,13,14,14,14,14,14,14,13,13,13,13,12,0,0,0,0,0,0,0,0,0,0,0,14,14,14,14,13,14,14,13,13,13,13,13,13,12,12,12,12,12,12,12,12,13,13,13,13,14,0,52,51,49,50,50,50,50,48,51,50,51,49,50,52,53,53,52,55,56,56,54,53,52,50,50,50,47,45,0,0,0,0,0,0,0,53,53,53,54,54,54,54,54,52,52,54,50,49,50,50,49,49,49,50,49,48,47,49,48,51,50,53,51
20260726_153123_c36ca3,1785076306423219,1134811628,0,0,0,-46,128,0,13,13,13,13,13,13,13,13,13,13,13,12,13,14,14,14,14,14,14,14,14,13,13,13,13,13,0,0,0,0,0,0,0,0,0,0,0,14,14,14,14,14,14,14,14,13,13,13,13,12,12,13,13,13,12,12,12,12,12,13,13,13,13,0,52,50,51,52,49,51,49,47,50,50,51,49,50,51,52,54,52,56,56,55,55,52,52,50,49,50,48,47,0,0,0,0,0,0,0,53,52,53,53,53,54,53,54,53,54,52,52,51,51,48,49,48,48,49,48,49,48,49,48,50,50,50,52
20260726_153123_c36ca3,1785076306521095,1134911062,0,0,0,-46,128,0,13,14,13,13,14,14,14,13,13,14,14,14,14,14,14,14,15,14,15,14,14,14,15,15,13,13,0,0,0,0,0,0,0,0,0,0,0,15,15,15,15,14,14,14,14,14,14,14,14,13,13,13,14,14,13,14,13,13,14,14,14,14,13,0,51,52,52,52,52,52,50,51,50,50,51,51,52,52,52,55,53,55,56,55,54,55,52,54,49,49,47,48,0,0,0,0,0,0,0,54,54,53,54,54,56,55,55,56,54,52,53,51,52,53,49,50,51,51,47,51,49,51,49,49,51,51,50
20260726_153123_c36ca3,1785076306624704,1135015035,0,0,0,-46,128,0,14,14,14,14,13,13,14,14,13,13,13,13,13,13,14,14,14,14,14,15,15,14,14,14,13,13,0,0,0,0,0,0,0,0,0,0,0,15,14,14,15,14,14,14,14,14,14,13,13,13,13,13,13,13,13,13,13,14,14,14,14,14,14,0,52,50,53,51,52,50,51,48,48,49,50,51,51,51,51,53,54,55,54,53,53,53,51,52,49,49,47,46,0,0,0,0,0,0,0,53,54,53,53,54,55,54,53,54,52,50,51,51,49,49,49,49,47,49,48,49,49,49,49,49,51,51,52
20260726_153123_c36ca3,1785076306721511,1135112933,0,0,0,-46,128,0,13,13,13,13,13,13,13,13,13,13,13,12,13,13,13,14,14,14,14,14,14,14,14,13,13,13,0,0,0,0,0,0,0,0,0,0,0,14,14,14,14,14,14,14,14,13,13,13,13,13,13,13,12,13,12,13,13,13,13,13,13,13,13,0,51,51,50,51,52,50,49,48,49,49,50,51,51,51,51,53,53,54,54,53,53,53,52,51,50,50,48,47,0,0,0,0,0,0,0,52,54,53,53,53,56,52,54,53,53,52,50,51,50,50,48,50,47,47,48,48,50,49,49,49,52,51,51
20260726_153123_c36ca3,1785076306818735,1135212044,0,0,0,-46,128,0,14,14,14,14,14,14,14,14,14,14,14,15,14,15,15,15,15,16,16,15,15,15,15,15,14,14,0,0,0,0,0,0,0,0,0,0,0,15,16,15,16,15,16,15,15,14,14,14,14,14,14,14,14,14,14,14,14,13,14,13,14,14,15,0,52,52,56,52,53,51,51,51,52,51,50,51,52,54,51,55,55,56,55,54,55,54,53,52,51,51,47,48,0,0,0,0,0,0,0,53,53,52,55,54,57,54,54,53,54,54,52,51,52,53,51,48,48,50,45,51,50,52,50,49,49,52,51
20260726_153123_c36ca3,1785076306921041,1135310463,0,0,0,-46,128,0,14,14,14,14,14,14,14,13,14,14,14,14,14,15,15,15,15,15,15,15,15,14,15,14,14,13,0,0,0,0,0,0,0,0,0,0,0,15,14,15,15,14,14,14,14,14,14,13,13,13,13,13,13,13,13,13,14,14,14,13,14,14,14,0,51,52,52,52,50,51,51,50,51,52,51,51,52,52,52,53,54,55,56,54,54,54,53,52,50,49,48,46,0,0,0,0,0,0,0,53,52,53,53,55,53,54,52,54,52,52,52,51,50,50,49,47,50,47,48,49,50,50,50,50,51,52,51
20260726_153123_c36ca3,1785076307018013,1135411342,0,0,0,-46,128,0,13,13,13,13,13,13,13,13,12,13,12,14,13,14,14,14,14,14,15,13,14,13,13,13,13,13,0,0,0,0,0,0,0,0,0,0,0,14,14,14,14,14,13,14,13,13,13,12,12,13,13,12,12,12,12,12,13,12,13,12,13,13,13,0,52,51,51,50,49,50,50,50,49,49,52,49,51,50,52,54,54,53,55,55,55,53,53,49,49,48,48,46,0,0,0,0,0,0,0,53,53,51,51,54,54,52,52,52,52,52,50,49,50,48,49,49,48,48,47,47,48,49,49,49,50,52,51
20260726_153123_c36ca3,1785076307120099,1135511861,0,0,0,-46,128,0,13,14,14,14,14,14,14,14,13,13,13,13,13,13,14,14,14,14,14,14,15,15,14,13,13,13,0,0,0,0,0,0,0,0,0,0,0,14,14,14,14,14,14,14,14,13,14,13,13,13,13,13,13,12,13,13,13,13,13,13,13,13,13,0,52,49,51,50,51,49,50,47,50,48,51,51,52,51,52,52,53,55,55,55,54,53,51,50,50,48,47,46,0,0,0,0,0,0,0,53,53,53,53,53,54,52,54,53,51,51,51,48,49,50,50,49,47,48,47,49,48,49,49,49,50,52,51
20260726_153123_c36ca3,1785076307227708,1135617942,0,0,0,-46,128,0,14,15,15,15,14,14,14,14,14,14,14,14,14,14,15,15,15,15,15,15,15,15,15,15,14,14,0,0,0,0,0,0,0,0,0,0,0,15,15,15,15,14,15,15,15,14,15,14,13,13,13,13,13,13,13,13,13,14,14,14,14,15,15,0,53,51,53,50,52,51,49,49,49,49,52,49,52,54,51,53,54,56,55,54,55,54,53,51,50,51,46,46,0,0,0,0,0,0,0,52,53,54,56,52,55,52,54,53,53,53,49,49,49,49,49,50,48,49,48,49,49,49,49,48,51,51,51
20260726_153123_c36ca3,1785076307319494,1135711470,0,0,0,-46,128,0,14,14,14,14,14,14,14,14,14,14,14,13,13,14,14,14,16,15,15,15,15,15,14,14,13,13,0,0,0,0,0,0,0,0,0,0,0,14,14,15,14,14,14,14,14,14,14,14,14,14,14,12,13,13,13,13,13,13,13,13,13,14,14,0,51,51,53,51,51,51,51,50,49,51,50,52,51,53,52,54,53,56,56,54,54,54,54,52,51,49,47,48,0,0,0,0,0,0,0,53,54,55,55,53,55,52,54,53,52,52,51,51,50,50,48,48,49,49,47,50,48,50,49,51,52,51,52
20260726_153123_c36ca3,1785076307422455,1135811173,0,0,0,-46,128,0,14,14,15,14,14,14,14,14,14,14,14,15,15,15,15,16,16,16,16,15,15,15,14,14,15,14,0,0,0,0,0,0,0,0,0,0,0,15,15,15,16,15,15,15,15,14,14,14,14,14,14,14,14,14,13,14,14,13,13,13,14,14,14,0,52,53,51,51,49,51,50,50,50,52,51,50,52,51,53,53,56,54,57,55,55,53,52,50,51,50,48,46,0,0,0,0,0,0,0,54,52,52,53,54,54,56,54,54,53,52,52,52,51,50,49,48,51,48,49,49,50,48,49,50,50,51,51
20260726_153123_c36ca3,1785076307520181,1135911415,0,0,0,-46,128,0,14,13,14,13,13,13,13,13,13,12,12,13,13,13,13,14,13,14,14,14,14,14,14,13,13,12,0,0,0,0,0,0,0,0,0,0,0,13,13,15,14,13,14,14,14,14,14,14,14,13,13,13,12,13,13,13,13,13,13,13,13,13,13,0,52,52,51,51,49,49,51,49,50,50,49,50,51,51,51,52,54,54,54,53,53,53,52,52,49,48,47,46,0,0,0,0,0,0,0,54,50,51,47,54,55,51,53,56,54,50,52,51,55,49,47,49,47,47,49,48,48,47,51,51,51,51,50
20260726_153123_c36ca3,1785076307622405,1136011354,0,0,0,-46,128,0,13,13,13,13,13,13,13,13,13,13,13,12,13,13,14,14,14,15,15,14,14,13,13,13,13,13,0,0,0,0,0,0,0,0,0,0,0,14,14,14,14,14,13,13,13,13,13,13,13,13,13,13,12,12,12,13,13,13,13,13,13,13,13,0,51,51,51,51,50,49,49,48,50,50,49,49,52,51,52,52,52,53,54,55,54,52,51,51,50,49,46,45,0,0,0,0,0,0,0,52,51,53,53,52,55,52,52,52,52,49,50,50,49,49,49,48,47,47,47,46,48,49,48,48,50,50,51
20260726_153123_c36ca3,1785076307718326,1136111133,0,0,0,-46,128,0,14,14,14,14,14,14,13,13,13,13,14,14,14,14,14,14,15,15,15,14,14,14,15,14,14,13,0,0,0,0,0,0,0,0,0,0,0,14,15,14,14,14,14,14,14,14,14,14,13,14,13,13,13,13,13,13,13,13,13,13,14,14,14,0,52,51,52,52,52,51,51,51,51,49,52,51,52,52,52,53,54,55,54,55,54,54,53,53,51,50,48,46,0,0,0,0,0,0,0,54,53,53,55,53,54,54,53,54,54,52,52,50,50,50,50,51,51,48,49,49,50,49,50,50,51,51,51
20260726_153123_c36ca3,1785076307825346,1136215498,0,0,0,-46,128,0,14,14,14,14,13,14,14,14,14,14,14,14,14,14,14,14,15,15,15,15,15,14,14,15,14,14,0,0,0,0,0,0,0,0,0,0,0,15,14,15,15,15,14,14,14,14,14,14,13,13,13,13,13,13,13,14,14,14,13,15,15,15,13,0,53,51,53,52,51,52,51,50,51,49,50,51,52,52,51,54,54,55,55,56,54,53,52,51,53,50,46,47,0,0,0,0,0,0,0,54,53,55,58,55,59,53,51,54,45,52,51,52,52,49,52,50,47,49,46,48,49,50,52,48,51,50,51
20260726_153123_c36ca3,1785076307922288,1136310986,0,0,0,-46,128,0,14,14,13,13,13,13,13,12,13,13,13,14,13,13,14,14,14,14,15,15,15,14,13,13,13,13,0,0,0,0,0,0,0,0,0,0,0,14,14,14,14,14,14,14,14,14,13,13,13,13,13,12,13,13,13,12,13,13,13,13,13,13,13,0,51,50,51,51,50,51,50,48,48,52,50,50,50,50,52,52,52,54,55,54,55,52,51,50,49,47,48,45,0,0,0,0,0,0,0,52,52,52,51,53,53,52,53,54,52,51,51,50,49,49,48,47,49,48,49,48,47,48,49,50,50,49,49
20260726_153123_c36ca3,1785076308023079,1136411847,0,0,0,-46,128,0,15,14,14,14,14,14,14,15,15,15,15,14,14,15,14,15,15,15,16,16,16,16,14,14,14,14,0,0,0,0,0,0,0,0,0,0,0,15,16,16,15,15,15,15,15,15,14,14,14,14,14,13,13,13,14,14,14,14,14,14,14,14,15,0,51,52,51,51,52,52,51,49,50,51,52,51,52,53,52,54,54,55,56,56,55,53,52,51,50,49,46,46,0,0,0,0,0,0,0,53,54,53,54,54,53,53,54,55,52,52,50,52,50,48,48,49,49,49,48,49,48,49,50,50,51,51,52
20260726_153123_c36ca3,1785076308124722,1136515869,0,0,0,-46,128,0,14,15,14,14,14,15,15,13,14,14,14,14,14,14,15,15,15,15,16,16,16,15,15,14,14,14,0,0,0,0,0,0,0,0,0,0,0,16,15,15,16,16,15,15,15,15,15,14,14,14,13,13,14,14,14,14,14,14,14,14,14,14,14,0,54,53,51,54,51,52,51,51,52,53,53,53,53,53,55,53,57,57,59,56,56,54,55,51,52,50,50,48,0,0,0,0,0,0,0,55,55,54,52,56,55,57,54,55,54,54,53,52,52,52,52,49,50,49,50,49,51,51,52,51,52,52,52
20260726_153123_c36ca3,1785076308220638,1136610625,0,0,0,-46,128,0,14,13,14,13,13,13,13,13,13,13,13,13,13,14,14,14,14,14,15,15,15,14,14,13,13,12,0,0,0,0,0,0,0,0,0,0,0,13,13,13,15,14,15,14,14,15,14,13,14,13,13,12,12,13,13,12,13,13,13,13,13,13,14,0,52,52,51,52,49,50,50,49,49,51,50,49,50,51,51,53,53,55,53,54,54,54,53,50,49,47,47,46,0,0,0,0,0,0,0,47,47,53,49,54,50,49,48,51,46,50,54,46,49,51,49,46,48,46,50,49,46,50,47,50,48,49,48
20260726_153123_c36ca3,1785076308320561,1136711196,0,0,0,-46,128,0,15,15,14,15,14,14,14,14,14,15,15,15,14,15,15,15,15,16,16,16,15,15,15,15,15,14,0,0,0,0,0,0,0,0,0,0,0,15,15,16,16,15,15,15,15,14,14,14,14,13,14,13,14,14,14,14,14,14,14,14,14,14,14,0,53,51,52,52,50,51,51,50,51,50,51,51,52,52,52,55,53,56,57,55,55,55,53,50,51,49,47,47,0,0,0,0,0,0,0,56,50,53,53,54,55,53,55,54,53,54,53,51,49,50,49,49,50,50,49,47,50,50,50,51,50,50,52
20260726_153123_c36ca3,1785076308422361,1136814115,0,0,0,-46,128,0,14,14,14,14,14,14,14,14,14,14,14,14,14,14,15,16,15,16,16,15,15,15,15,14,14,14,0,0,0,0,0,0,0,0,0,0,0,15,16,16,15,15,15,14,14,15,14,14,14,14,13,13,13,13,14,14,14,14,14,14,14,14,14,0,52,53,51,53,50,51,51,51,51,52,51,51,51,51,52,54,56,53,55,56,55,53,54,51,51,49,47,45,0,0,0,0,0,0,0,54,53,54,53,56,53,55,52,52,53,53,52,50,51,49,49,49,50,48,49,46,48,50,50,51,50,50,51
20260726_153123_c36ca3,1785076308518837,1136910896,0,0,0,-46,128,0,13,13,13,14,13,14,14,14,14,14,14,14,14,14,14,14,15,14,15,15,15,14,15,14,13,13,0,0,0,0,0,0,0,0,0,0,0,15,14,15,14,14,14,14,14,13,14,14,13,13,13,12,13,13,13,13,13,13,14,13,14,14,14,0,50,51,51,50,51,51,50,50,49,51,50,50,52,51,52,53,55,54,55,54,53,54,53,52,49,48,49,46,0,0,0,0,0,0,0,53,52,54,52,54,54,54,52,52,51,53,51,51,49,49,50,47,48,47,47,48,48,50,49,49,51,52,50
20260726_153123_c36ca3,1785076308626454,1137017651,0,0,0,-46,128,0,14,14,14,14,14,14,13,12,13,13,13,13,13,14,13,14,14,14,14,14,14,15,14,14,13,13,0,0,0,0,0,0,0,0,0,0,0,14,14,13,15,14,14,14,14,13,13,13,13,13,13,13,13,13,13,13,13,13,13,13,13,14,14,0,52,50,50,51,50,50,50,49,49,52,50,50,51,50,52,52,54,53,55,54,54,53,53,51,50,47,47,46,0,0,0,0,0,0,0,52,53,53,52,55,53,53,53,53,53,51,51,49,50,49,49,48,49,48,48,47,49,49,49,51,51,51,49
20260726_153123_c36ca3,1785076308718052,1137110780,0,0,0,-46,128,0,13,13,13,13,14,14,14,13,13,13,13,14,14,14,14,14,14,14,14,14,14,15,15,14,13,13,0,0,0,0,0,0,0,0,0,0,0,14,14,15,15,15,14,15,14,13,14,13,13,14,14,14,13,13,13,13,13,13,13,13,13,13,13,0,52,53,51,52,52,50,51,51,49,51,51,50,51,51,51,54,54,53,56,54,54,54,52,51,49,48,47,46,0,0,0,0,0,0,0,54,55,54,52,54,54,55,54,54,53,52,51,52,49,51,49,48,50,49,48,48,50,49,50,49,50,51,48
20260726_153123_c36ca3,1785076308821522,1137210997,0,0,0,-46,128,0,14,14,14,14,14,14,14,13,13,14,14,14,14,14,14,15,15,15,15,15,15,14,14,14,13,13,0,0,0,0,0,0,0,0,0,0,0,15,15,14,15,14,14,14,14,13,13,13,13,13,13,13,14,13,13,13,13,13,13,13,13,14,14,0,51,52,50,53,49,51,50,50,50,51,51,51,51,52,54,52,55,54,57,55,55,53,53,53,50,48,49,46,0,0,0,0,0,0,0,54,54,52,53,55,54,56,53,54,53,51,52,52,51,50,49,48,49,46,48,47,49,49,50,51,50,51,54
20260726_153123_c36ca3,1785076308924506,1137312862,0,0,0,-46,128,0,15,14,14,14,14,14,14,14,14,14,14,14,14,15,15,15,16,16,16,15,15,15,15,14,14,14,0,0,0,0,0,0,0,0,0,0,0,15,15,15,15,15,15,15,14,14,14,14,14,13,13,13,14,13,13,13,14,14,14,14,14,14,14,0,51,51,52,51,50,51,49,50,52,49,51,50,52,53,53,54,54,56,54,55,55,53,51,52,50,50,46,46,0,0,0,0,0,0,0,52,54,53,54,53,55,53,54,54,52,52,50,51,50,49,50,49,48,49,47,48,49,49,49,50,51,51,52
20260726_153123_c36ca3,1785076309020742,1137410933,0,0,0,-46,128,0,13,14,14,14,14,14,14,13,13,13,13,13,14,14,14,15,15,14,14,15,15,15,14,13,13,13,0,0,0,0,0,0,0,0,0,0,0,14,14,14,14,15,15,15,14,14,15,14,14,14,14,13,13,13,14,14,13,13,13,13,14,13,13,0,52,50,53,50,51,50,51,50,49,49,49,51,52,52,51,53,54,55,54,55,53,53,51,51,51,49,46,46,0,0,0,0,0,0,0,52,53,55,55,53,54,52,53,53,52,52,50,49,50,49,49,51,48,48,47,49,48,49,50,47,50,51,51
20260726_153123_c36ca3,1785076309122731,1137511000,0,0,0,-46,128,0,13,13,13,13,13,13,13,13,13,13,13,13,13,13,14,14,14,14,14,14,14,14,14,13,13,12,0,0,0,0,0,0,0,0,0,0,0,14,14,14,14,14,14,14,13,13,13,13,13,13,13,13,13,13,13,13,13,12,13,13,13,13,13,0,52,51,50,51,51,49,48,48,50,50,50,49,51,51,52,53,52,54,55,53,53,51,51,51,48,49,47,45,0,0,0,0,0,0,0,52,53,52,54,53,53,52,54,53,53,52,51,51,50,49,49,47,48,47,48,48,47,49,49,49,51,50,51
20260726_153123_c36ca3,1785076309224408,1137614376,0,0,0,-46,128,0,13,13,13,13,13,13,13,13,13,13,13,13,13,13,14,14,14,14,14,14,14,13,13,13,13,12,0,0,0,0,0,0,0,0,0,0,0,14,13,14,14,14,13,13,13,13,13,13,13,13,13,13,13,13,12,12,12,13,13,13,13,13,13,0,51,50,50,50,49,50,48,50,50,50,49,50,50,51,52,52,53,53,55,54,54,52,51,50,49,49,47,45,0,0,0,0,0,0,0,52,52,53,53,53,52,51,53,52,52,52,50,51,49,49,48,47,48,47,47,46,48,48,49,49,50,50,50
20260726_153123_c36ca3,1785076309319822,1137712090,0,0,0,-46,128,0,14,13,13,13,13,13,13,13,13,13,13,13,13,13,13,13,14,14,14,14,14,14,13,13,13,13,0,0,0,0,0,0,0,0,0,0,0,14,14,14,14,14,14,14,13,14,13,13,13,13,13,13,13,12,12,12,12,13,13,13,13,13,14,0,51,49,50,50,49,49,50,49,49,50,49,49,49,50,52,52,53,54,53,55,54,53,52,50,49,47,47,45,0,0,0,0,0,0,0,52,52,51,52,54,54,53,53,52,52,52,49,51,50,49,48,47,49,46,48,47,48,48,49,49,48,50,51
20260726_153123_c36ca3,1785076309420935,1137811399,0,0,0,-46,128,0,14,14,14,14,14,14,14,14,14,14,14,14,15,14,14,15,16,16,16,15,15,15,15,14,14,13,0,0,0,0,0,0,0,0,0,0,0,14,14,15,14,14,14,14,14,14,13,14,13,13,13,13,14,13,13,13,13,14,13,13,13,13,14,0,51,51,52,51,52,51,51,49,50,51,51,52,52,53,53,53,54,55,55,54,55,54,53,51,49,49,46,46,0,0,0,0,0,0,0,52,53,53,54,53,54,52,53,53,52,52,51,50,50,50,50,50,48,48,48,49,50,48,49,51,51,52,52
20260726_153123_c36ca3,1785076309518900,1137911419,0,0,0,-46,128,0,14,13,13,13,13,13,13,13,13,13,13,12,13,14,14,14,14,15,15,15,14,13,13,13,13,13,0,0,0,0,0,0,0,0,0,0,0,13,14,14,14,14,14,14,14,13,13,13,13,13,13,12,13,12,13,12,12,13,13,13,13,14,13,0,52,52,49,51,49,50,49,49,48,48,49,50,49,51,52,52,56,53,55,54,53,51,54,50,51,47,46,44,0,0,0,0,0,0,0,52,51,48,52,51,50,52,53,50,51,50,52,50,49,48,49,47,49,46,47,48,47,47,48,50,50,50,50
20260726_153123_c36ca3,1785076309619488,1138012982,0,0,0,-46,128,0,14,14,14,14,14,14,14,14,14,14,14,14,14,15,15,15,16,16,16,16,16,15,14,14,14,13,0,0,0,0,0,0,0,0,0,0,0,15,15,15,15,15,15,15,15,15,15,15,14,14,14,13,14,13,13,13,14,14,14,14,14,14,15,0,53,53,50,52,51,51,50,50,50,51,51,52,52,51,53,53,54,56,57,55,57,54,51,50,51,49,48,46,0,0,0,0,0,0,0,53,53,53,54,55,55,54,54,54,51,52,51,51,50,50,48,48,50,48,49,48,49,49,50,50,50,50,52
20260726_153123_c36ca3,1785076309721701,1138111251,0,0,0,-46,128,0,14,13,13,13,13,12,12,13,13,13,13,13,13,13,14,14,14,14,14,15,15,14,13,13,13,13,0,0,0,0,0,0,0,0,0,0,0,14,14,14,14,14,14,14,14,14,13,13,13,13,13,13,13,12,12,12,12,13,12,13,13,13,13,0,51,51,50,50,49,49,49,49,48,52,51,48,50,50,52,53,54,55,55,53,55,53,51,51,49,47,47,44,0,0,0,0,0,0,0,53,51,52,51,51,53,52,53,53,50,50,51,51,50,48,48,47,48,46,48,46,47,48,47,50,50,49,50
20260726_153123_c36ca3,1785076309819005,1138211470,0,0,0,-46,128,0,15,14,14,14,14,14,14,14,14,14,14,14,15,16,15,16,16,16,16,15,15,15,14,14,14,14,0,0,0,0,0,0,0,0,0,0,0,15,15,15,15,15,15,15,14,14,14,14,14,14,14,14,13,13,13,14,13,14,14,14,14,14,15,0,53,54,52,52,53,53,52,50,50,52,53,52,53,52,54,55,55,57,58,56,57,54,54,53,51,51,49,46,0,0,0,0,0,0,0,55,55,53,54,55,56,54,55,55,54,54,52,52,53,51,50,49,51,50,49,50,49,49,50,52,52,53,53
20260726_153123_c36ca3,1785076309920641,1138311205,0,0,0,-46,128,0,14,14,14,14,13,13,13,13,13,13,13,13,13,14,14,14,14,14,14,14,14,14,14,14,14,13,0,0,0,0,0,0,0,0,0,0,0,14,14,15,14,15,15,14,13,14,14,13,13,13,13,13,13,13,13,13,12,12,13,13,14,14,14,0,53,52,52,52,51,53,51,51,51,52,52,51,52,52,53,53,55,54,57,56,55,55,54,51,51,49,48,49,0,0,0,0,0,0,0,54,56,52,50,53,54,54,55,56,54,50,52,52,50,53,50,49,49,48,47,51,48,50,48,52,51,52,50
20260726_153123_c36ca3,1785076310023064,1138411337,0,0,0,-46,128,0,14,13,13,14,13,13,13,13,13,13,13,13,13,13,13,14,14,14,15,14,14,14,13,13,13,13,0,0,0,0,0,0,0,0,0,0,0,13,13,13,13,13,14,13,14,13,13,13,13,12,12,13,13,13,13,13,12,13,13,13,14,13,13,0,51,50,50,50,48,49,49,48,48,49,51,49,50,50,51,52,52,54,55,53,53,51,51,50,49,48,45,45,0,0,0,0,0,0,0,54,47,53,50,49,53,50,54,47,54,51,47,49,47,45,48,45,48,45,48,48,49,47,49,46,50,49,50
20260726_153123_c36ca3,1785076310119543,1138511218,0,0,0,-46,128,0,13,13,13,13,13,13,13,12,13,13,13,13,13,14,14,14,14,15,15,15,13,13,13,13,13,13,0,0,0,0,0,0,0,0,0,0,0,14,14,14,14,14,14,14,14,13,13,13,13,13,12,12,12,12,12,12,13,12,13,13,13,13,13,0,54,51,51,51,49,50,50,50,50,51,52,49,50,51,52,53,54,57,55,55,54,54,54,51,50,50,46,46,0,0,0,0,0,0,0,53,54,53,54,53,53,54,55,54,53,52,51,50,50,49,49,49,49,48,48,49,49,48,49,51,51,51,51
20260726_153123_c36ca3,1785076310221612,1138611073,0,0,0,-46,128,0,14,14,14,14,14,14,14,14,14,14,14,14,14,14,15,15,15,15,15,15,15,15,14,14,14,14,0,0,0,0,0,0,0,0,0,0,0,15,15,15,15,14,15,15,15,15,13,14,13,13,13,13,13,13,13,13,13,14,14,14,14,14,14,0,52,53,53,53,52,53,51,51,51,52,52,52,53,53,53,56,55,56,57,56,56,55,54,53,51,49,50,47,0,0,0,0,0,0,0,53,54,54,54,54,55,55,55,55,53,53,53,52,53,51,51,50,50,49,49,49,50,51,49,51,51,52,52
20260726_153123_c36ca3,1785076310318911,1138711727,0,0,0,-46,128,0,14,14,14,14,13,13,14,14,14,14,14,14,14,14,14,15,14,15,15,15,15,15,14,13,13,13,0,0,0,0,0,0,0,0,0,0,0,14,14,14,15,14,15,14,14,14,14,14,14,13,13,13,13,13,13,13,13,13,13,13,13,14,14,0,50,52,50,53,49,52,51,50,51,52,51,50,51,51,53,53,54,55,54,55,56,53,52,51,50,48,47,44,0,0,0,0,0,0,0,53,53,53,52,54,53,54,53,53,50,51,50,50,50,48,48,46,50,49,49,47,49,49,49,50,50,49,51
20260726_153123_c36ca3,1785076310420634,1138811506,0,0,0,-46,128,0,14,14,14,14,14,13,14,14,14,14,14,13,15,15,15,15,15,15,16,16,16,15,15,14,14,14,0,0,0,0,0,0,0,0,0,0,0,15,15,15,15,15,14,14,14,14,14,14,14,13,13,13,14,14,14,13,14,14,14,14,14,15,14,0,53,53,53,55,52,52,51,52,52,52,53,52,51,53,56,56,55,56,57,57,57,54,54,52,52,51,49,47,0,0,0,0,0,0,0,55,53,54,54,55,56,56,55,56,53,53,52,53,52,50,50,49,50,49,49,50,50,49,51,51,51,51,53
20260726_153123_c36ca3,1785076310522555,1138911346,0,0,0,-46,128,0,14,13,13,13,13,13,13,13,13,13,13,13,13,13,13,14,13,14,14,14,14,13,14,14,13,13,0,0,0,0,0,0,0,0,0,0,0,14,13,13,14,14,13,13,13,13,13,13,13,13,13,13,13,12,12,12,13,13,12,12,13,13,14,0,52,52,51,52,50,50,50,49,51,52,51,50,51,51,54,52,55,55,56,56,55,54,53,52,50,49,48,45,0,0,0,0,0,0,0,54,52,53,52,56,54,55,53,53,53,52,51,49,50,48,48,48,51,47,49,48,48,48,50,51,51,51,51
20260726_153123_c36ca3,1785076310619762,1139011530,0,0,0,-46,128,0,14,14,14,14,14,14,14,13,14,14,14,14,14,15,15,15,16,16,16,15,15,15,15,14,14,14,0,0,0,0,0,0,0,0,0,0,0,15,15,15,15,15,15,15,14,14,14,14,14,14,13,13,14,13,14,13,13,14,14,14,14,14,14,0,52,54,52,52,52,53,52,52,51,51,53,51,53,54,55,56,55,57,58,56,56,55,52,52,51,49,48,47,0,0,0,0,0,0,0,54,54,55,55,55,55,55,55,55,53,53,52,52,51,49,49,50,50,49,48,49,50,50,51,49,52,51,53
20260726_153123_c36ca3,1785076310720460,1139111461,0,0,0,-46,128,0,13,13,13,13,13,12,13,13,13,13,13,13,13,13,13,14,14,14,14,14,14,14,13,13,12,12,0,0,0,0,0,0,0,0,0,0,0,13,14,14,14,13,14,13,13,13,13,13,13,13,12,13,12,12,12,12,12,12,13,12,13,13,13,0,50,52,49,51,51,49,51,49,49,50,50,49,51,51,52,51,54,53,55,55,53,52,52,52,48,47,46,44,0,0,0,0,0,0,0,53,53,52,52,53,53,54,51,54,50,52,51,50,49,49,48,48,49,47,47,48,48,49,48,50,51,51,52
20260726_153123_c36ca3,1785076310821516,1139211580,0,0,0,-46,128,0,14,14,14,14,14,13,14,13,13,13,14,14,14,15,14,15,15,15,15,15,15,15,14,14,13,14,0,0,0,0,0,0,0,0,0,0,0,14,14,14,15,14,15,14,14,14,14,13,13,13,13,13,13,13,13,13,14,14,14,13,14,14,14,0,50,53,51,52,49,50,50,50,51,50,49,51,51,51,52,54,54,53,54,54,54,54,54,51,50,48,48,45,0,0,0,0,0,0,0,55,54,53,52,54,54,53,52,52,52,52,52,50,49,49,50,49,49,47,48,48,50,48,51,51,51,52,51
20260726_153123_c36ca3,1785076310917938,1139311656,0,0,0,-46,128,0,14,14,14,14,14,14,14,13,13,14,14,14,14,14,14,14,15,15,15,15,14,14,15,14,13,13,0,0,0,0,0,0,0,0,0,0,0,15,14,15,15,15,14,14,14,14,14,14,14,13,13,13,13,13,13,13,13,13,13,13,14,14,14,0,52,52,51,50,50,50,50,48,50,50,50,51,51,51,51,51,55,55,55,55,53,52,54,52,49,48,48,46,0,0,0,0,0,0,0,54,53,53,54,54,54,54,53,53,52,51,51,50,50,49,48,47,48,47,48,47,50,48,50,50,51,50,51
20260726_153123_c36ca3,1785076311025474,1139413932,0,0,0,-46,128,0,13,13,13,13,13,13,13,13,13,13,13,13,13,13,13,14,14,14,14,14,14,14,14,13,13,12,0,0,0,0,0,0,0,0,0,0,0,13,14,13,14,14,13,14,13,13,13,13,13,12,12,12,12,12,12,12,13,13,13,13,13,13,13,0,50,53,50,53,50,50,50,50,50,52,51,50,52,51,55,52,57,54,57,55,55,54,53,52,50,47,48,44,0,0,0,0,0,0,0,55,53,53,51,55,53,56,52,53,52,52,54,51,51,49,50,46,50,48,49,49,49,50,49,51,52,53,51
20260726_153123_c36ca3,1785076311121914,1139511412,0,0,0,-46,128,0,14,14,14,14,14,13,13,13,13,13,13,13,14,14,14,14,14,14,15,15,14,14,14,14,13,13,0,0,0,0,0,0,0,0,0,0,0,14,14,15,14,14,14,14,14,13,14,14,13,13,13,12,13,13,13,13,13,13,13,14,14,13,14,0,52,52,52,51,52,49,49,50,51,51,51,52,52,54,52,54,56,56,55,55,55,53,53,51,50,48,47,46,0,0,0,0,0,0,0,53,53,53,52,55,54,54,54,53,53,54,49,51,50,48,50,48,47,49,48,48,51,48,50,49,51,51,51
20260726_153123_c36ca3,1785076311225522,1139618738,0,0,0,-46,128,0,13,13,13,13,13,13,13,13,12,13,13,14,14,14,14,14,15,15,15,14,14,14,14,13,13,12,0,0,0,0,0,0,0,0,0,0,0,14,14,14,14,14,14,13,13,13,13,13,13,13,13,12,12,12,12,12,13,13,13,13,13,14,13,0,52,51,52,51,51,52,51,49,50,50,51,51,51,51,52,53,54,55,55,54,54,52,52,52,49,49,47,47,0,0,0,0,0,0,0,54,52,52,52,53,54,54,54,54,52,51,50,52,50,50,49,50,49,47,48,49,49,50,49,49,51,51,51
20260726_153123_c36ca3,1785076311321812,1139711472,0,0,0,-46,128,0,14,14,14,15,14,14,14,14,14,14,14,14,14,14,15,15,15,16,16,15,15,15,14,14,14,14,0,0,0,0,0,0,0,0,0,0,0,15,14,16,15,15,14,15,15,14,14,14,14,13,13,13,13,13,13,13,13,14,14,14,14,15,14,0,53,54,50,52,52,52,51,51,52,50,54,51,54,54,54,54,54,56,57,56,56,54,52,52,51,52,47,47,0,0,0,0,0,0,0,53,55,54,54,54,55,55,54,53,53,53,51,52,50,52,50,50,50,50,49,51,50,50,51,51,52,51,52
20260726_153123_c36ca3,1785076311429108,1139819494,0,0,0,-46,128,0,14,14,14,14,14,14,14,13,13,13,13,13,13,14,14,14,15,14,15,14,14,14,14,14,13,13,0,0,0,0,0,0,0,0,0,0,0,14,13,14,14,14,14,14,13,13,13,13,13,13,13,13,13,13,12,13,13,13,13,13,13,13,13,0,50,52,53,49,52,51,51,51,50,50,52,51,52,54,52,54,54,54,55,56,55,55,54,53,51,48,47,47,0,0,0,0,0,0,0,52,55,52,53,52,55,53,54,53,52,55,51,51,50,48,49,48,47,47,49,46,49,50,53,50,51,54,53
20260726_153123_c36ca3,1785076311524915,1139913027,0,0,0,-46,128,0,14,14,14,14,14,13,13,13,13,14,13,14,14,14,14,14,14,15,15,15,14,14,14,14,14,14,0,0,0,0,0,0,0,0,0,0,0,15,15,15,15,14,14,14,14,14,14,14,13,13,13,13,13,13,12,14,14,14,14,13,14,14,14,0,53,52,52,51,52,52,52,50,51,51,51,51,53,54,53,55,55,56,56,55,54,55,53,52,51,49,46,48,0,0,0,0,0,0,0,54,53,52,53,53,55,55,54,54,52,52,53,52,51,50,51,50,48,49,49,50,49,51,51,51,52,52,52
20260726_153123_c36ca3,1785076311621734,1140009960,0,0,0,-46,128,0,14,14,14,14,14,14,14,15,15,15,15,14,14,15,15,15,15,16,16,16,16,15,14,14,14,14,0,0,0,0,0,0,0,0,0,0,0,14,15,15,15,14,15,15,14,14,14,14,14,14,13,13,13,13,13,14,14,14,14,14,14,14,14,0,52,54,54,53,52,52,51,52,52,52,53,53,53,53,55,56,56,56,57,58,56,54,54,53,50,51,48,47,0,0,0,0,0,0,0,55,54,54,55,53,56,54,55,53,53,53,51,52,52,50,51,50,51,49,48,50,49,51,51,51,53,53,53
20260726_153123_c36ca3,1785076311723695,1140114837,0,0,0,-46,128,0,15,15,15,15,14,14,14,14,14,14,14,14,14,14,15,16,15,15,15,15,16,15,15,14,14,13,0,0,0,0,0,0,0,0,0,0,0,14,14,14,15,15,14,14,14,14,14,14,14,14,13,13,14,13,13,13,13,13,13,15,14,15,15,0,52,52,53,52,51,53,50,51,50,53,51,52,52,52,55,55,55,55,57,56,56,54,53,51,50,49,48,46,0,0,0,0,0,0,0,53,53,54,54,54,53,53,53,53,54,52,52,51,51,50,48,47,50,49,48,49,48,50,50,51,51,52,52
20260726_153123_c36ca3,1785076311819352,1140210739,0,0,0,-46,128,0,13,13,13,13,13,13,13,13,13,13,13,13,13,13,14,14,14,14,14,14,14,14,13,13,12,12,0,0,0,0,0,0,0,0,0,0,0,14,14,14,14,14,13,13,13,13,13,13,12,13,12,13,12,12,12,12,12,12,13,12,13,13,13,0,52,54,52,52,51,51,51,50,50,50,51,51,51,51,54,54,55,56,56,53,54,53,52,51,50,49,47,46,0,0,0,0,0,0,0,53,52,52,52,54,53,54,53,53,52,52,51,50,51,50,48,48,48,49,48,50,49,50,49,49,51,52,52
20260726_153123_c36ca3,1785076311921357,1140310392,0,0,0,-46,128,0,14,13,13,13,13,13,13,13,13,13,13,13,13,13,14,14,14,14,14,14,14,14,14,13,13,13,0,0,0,0,0,0,0,0,0,0,0,14,14,14,14,13,15,14,14,14,14,14,13,13,12,12,12,12,12,12,12,13,13,13,13,14,14,0,53,49,51,51,51,49,50,49,50,50,50,48,51,52,51,54,53,55,55,53,53,53,50,50,49,48,47,45,0,0,0,0,0,0,0,51,50,52,52,52,54,52,51,51,51,51,50,51,50,48,48,49,49,47,47,48,46,47,47,49,49,50,51
20260726_153123_c36ca3,1785076312018251,1140410924,0,0,0,-46,128,0,13,13,13,13,14,14,14,14,13,13,13,14,14,14,14,14,15,14,15,15,14,14,14,14,13,13,0,0,0,0,0,0,0,0,0,0,0,14,14,14,14,14,14,13,13,13,13,13,13,13,13,13,13,13,12,13,13,14,14,13,14,13,14,0,52,53,53,52,54,52,52,52,51,52,51,52,52,52,53,55,56,57,55,56,54,55,52,53,50,50,48,46,0,0,0,0,0,0,0,54,54,53,53,54,55,54,54,53,52,51,51,50,51,50,50,49,49,49,48,50,50,50,51,51,51,51,53
20260726_153123_c36ca3,1785076312121168,1140511054,0,0,0,-46,128,0,13,14,14,14,13,13,13,13,13,13,13,13,13,13,13,13,13,14,14,14,14,14,14,13,12,12,0,0,0,0,0,0,0,0,0,0,0,13,13,13,14,13,13,13,13,13,13,13,13,13,12,12,12,12,12,12,12,12,12,12,13,13,13,0,50,53,53,52,52,53,51,52,50,51,53,51,52,53,53,54,55,56,56,56,55,54,53,53,49,49,47,46,0,0,0,0,0,0,0,53,52,52,51,54,54,54,53,54,52,51,52,51,49,50,49,49,48,48,48,49,51,51,51,51,52,52,52
20260726_153123_c36ca3,1785076312222092,1140612303,0,0,0,-46,128,0,15,14,15,14,14,14,14,14,14,14,15,14,14,14,15,16,15,16,16,16,16,14,14,15,13,13,0,0,0,0,0,0,0,0,0,0,0,15,15,15,15,15,15,15,15,15,13,14,15,14,14,14,14,14,13,14,14,13,13,13,15,15,15,0,54,54,53,53,52,54,51,52,52,52,53,53,53,53,54,56,55,58,56,56,55,55,53,53,50,51,47,46,0,0,0,0,0,0,0,54,55,53,54,54,54,53,55,55,53,53,51,52,52,50,49,49,50,51,49,51,50,51,51,51,51,53,53
20260726_153123_c36ca3,1785076312318311,1140711301,0,0,0,-46,128,0,14,13,13,13,13,13,13,13,13,13,13,13,13,13,13,13,13,14,14,14,13,13,13,13,13,13,0,0,0,0,0,0,0,0,0,0,0,13,14,14,14,13,13,13,13,13,13,13,13,12,12,13,13,13,13,12,12,12,13,12,13,14,14,0,53,52,51,53,52,52,50,52,50,52,52,50,51,50,54,54,53,56,57,55,55,52,52,52,50,48,46,46,0,0,0,0,0,0,0,52,53,51,51,55,53,54,54,54,51,52,52,52,51,49,48,48,50,47,48,49,49,50,49,50,51,50,51
20260726_153123_c36ca3,1785076312419790,1140810758,0,0,0,-46,128,0,15,15,14,15,14,14,14,14,14,14,14,14,15,15,15,15,15,16,16,15,16,15,14,14,14,14,0,0,0,0,0,0,0,0,0,0,0,15,15,15,15,14,15,15,15,14,14,14,14,14,13,13,13,14,14,13,13,14,14,14,14,14,14,0,54,52,53,52,54,53,51,51,52,52,52,51,52,53,53,57,55,57,59,58,56,53,52,52,51,51,48,47,0,0,0,0,0,0,0,54,54,55,55,55,56,53,55,55,53,53,52,52,52,50,49,49,50,50,48,49,50,50,50,52,52,51,52
20260726_153123_c36ca3,1785076312521691,1140911713,0,0,0,-46,128,0,15,14,15,14,14,14,14,14,14,14,14,14,14,14,15,15,15,15,15,15,15,15,14,14,14,13,0,0,0,0,0,0,0,0,0,0,0,15,15,15,15,15,15,15,14,14,14,14,14,14,14,14,14,14,14,14,13,14,13,14,14,14,14,0,54,54,54,52,54,52,53,52,52,51,52,52,53,54,53,55,55,57,58,57,57,54,54,53,53,51,47,48,0,0,0,0,0,0,0,54,55,55,55,55,56,55,55,55,54,53,51,51,51,51,51,51,50,51,49,51,51,50,51,51,52,53,53
20260726_153123_c36ca3,1785076312618748,1141010871,0,0,0,-46,128,0,14,14,14,14,14,13,14,13,14,14,14,14,14,15,14,15,15,15,15,15,15,14,14,14,14,13,0,0,0,0,0,0,0,0,0,0,0,14,14,15,15,14,14,14,14,14,13,13,14,13,13,13,13,13,13,13,13,13,13,13,14,14,14,0,53,53,53,53,51,53,51,53,51,52,52,51,53,53,55,54,56,55,57,56,55,55,55,53,51,50,48,46,0,0,0,0,0,0,0,53,54,55,53,54,54,54,53,54,53,53,51,52,50,49,51,49,51,49,49,49,50,49,51,52,52,52,52
20260726_153123_c36ca3,1785076312720874,1141112539,0,0,0,-46,128,0,14,14,14,14,14,14,14,14,14,14,14,14,13,14,14,14,14,15,16,15,15,15,14,14,14,13,0,0,0,0,0,0,0,0,0,0,0,14,15,15,14,15,15,15,14,14,13,13,13,13,13,13,13,13,13,13,13,13,14,14,14,14,14,0,52,54,52,53,53,53,52,51,53,52,53,52,53,53,54,56,55,56,58,57,56,55,53,52,50,50,48,48,0,0,0,0,0,0,0,54,52,53,55,55,55,54,55,54,52,54,52,52,52,49,50,49,51,50,49,49,51,50,51,51,52,52,52
20260726_153123_c36ca3,1785076312816635,1141210335,0,0,0,-46,128,0,15,15,15,15,15,14,14,14,14,14,14,14,14,15,15,15,15,16,16,16,16,15,14,15,14,14,0,0,0,0,0,0,0,0,0,0,0,15,16,15,15,15,16,14,15,14,14,14,14,14,14,14,14,14,14,14,13,14,14,14,15,14,15,0,52,52,50,52,50,51,51,50,50,51,52,51,52,51,54,52,54,53,55,54,55,53,53,52,50,50,48,45,0,0,0,0,0,0,0,54,52,52,51,55,53,54,53,53,53,51,52,51,49,50,49,48,52,47,50,48,50,50,49,52,51,50,52
20260726_153123_c36ca3,1785076312919471,1141311570,0,0,0,-46,128,0,14,13,13,14,14,14,14,14,14,13,13,13,14,14,14,14,14,14,15,14,14,14,14,13,13,13,0,0,0,0,0,0,0,0,0,0,0,14,14,15,14,14,14,14,14,14,14,14,14,14,13,13,13,13,13,13,13,13,13,13,13,13,13,0,51,54,53,53,51,52,52,51,50,52,52,52,51,52,53,53,55,55,56,54,55,54,54,52,49,48,48,47,0,0,0,0,0,0,0,55,53,52,53,54,55,55,55,55,54,52,53,51,51,50,50,51,50,48,49,50,50,51,50,52,53,52,51
20260726_153123_c36ca3,1785076313021817,1141410445,0,0,0,-46,128,0,14,13,13,13,13,13,13,13,13,13,13,13,13,13,13,13,13,14,14,14,14,13,13,14,13,13,0,0,0,0,0,0,0,0,0,0,0,14,14,14,15,14,13,13,14,13,14,13,13,13,13,13,13,13,13,13,12,12,13,14,14,14,14,0,53,52,50,50,52,50,50,50,50,50,50,50,49,52,51,53,53,54,55,56,54,51,50,50,49,47,45,45,0,0,0,0,0,0,0,54,50,52,53,54,54,53,54,54,53,52,49,52,51,50,51,49,49,48,48,49,49,48,49,49,51,52,53
20260726_153123_c36ca3,1785076313118339,1141510339,0,0,0,-46,128,0,13,14,13,14,13,13,13,13,13,13,13,13,13,13,14,14,14,14,14,14,14,14,14,14,14,13,0,0,0,0,0,0,0,0,0,0,0,14,14,14,14,15,14,14,14,14,13,14,13,13,13,13,13,13,13,13,13,13,14,13,13,14,13,0,53,53,51,52,51,50,50,50,51,51,51,51,51,52,52,53,55,52,54,54,54,55,53,52,50,48,48,46,0,0,0,0,0,0,0,54,52,51,55,54,54,55,53,55,52,52,51,51,50,51,50,49,49,47,49,48,49,49,51,51,50,51,51
20260726_153123_c36ca3,1785076313220516,1141610000,0,0,0,-46,128,0,15,14,14,14,14,14,14,14,14,14,14,14,14,15,15,15,15,15,15,16,16,15,15,14,15,14,0,0,0,0,0,0,0,0,0,0,0,15,16,15,16,15,15,15,15,14,14,14,15,14,14,14,14,14,14,14,14,14,14,14,15,15,15,0,53,53,52,53,52,51,51,50,51,52,53,50,52,51,54,54,55,55,57,56,57,54,53,52,53,50,48,45,0,0,0,0,0,0,0,53,53,52,52,55,54,53,53,55,53,53,52,53,52,50,50,48,50,48,50,49,50,50,50,52,51,51,51
20260726_153123_c36ca3,1785076313317621,1141710262,0,0,0,-46,128,0,13,14,14,14,14,13,12,13,12,13,13,13,13,13,14,14,14,14,14,14,15,14,14,13,13,13,0,0,0,0,0,0,0,0,0,0,0,14,13,14,13,13,14,14,13,13,13,13,13,13,13,13,13,12,12,12,13,13,13,13,13,14,14,0,51,51,51,52,50,52,50,49,51,51,51,50,53,51,54,54,54,54,55,55,54,54,52,51,51,49,46,46,0,0,0,0,0,0,0,54,52,54,53,53,53,54,53,54,52,51,52,49,50,50,49,47,49,48,47,48,50,49,50,50,51,52,51
20260726_153123_c36ca3,1785076313420190,1141811096,0,0,0,-46,128,0,13,14,14,13,13,13,13,13,13,14,14,14,14,14,14,14,14,14,14,14,14,14,13,13,13,13,0,0,0,0,0,0,0,0,0,0,0,14,13,14,14,14,14,14,14,14,14,14,14,14,14,13,13,13,13,13,13,13,13,13,14,13,13,0,52,54,50,53,50,51,51,51,50,53,51,51,52,52,53,51,55,53,54,54,54,53,53,50,50,47,50,47,0,0,0,0,0,0,0,53,52,52,52,55,52,57,52,54,53,52,54,51,51,49,51,49,51,48,50,48,50,50,52,52,52,52,51
20260726_153123_c36ca3,1785076313521895,1141910199,0,0,0,-46,128,0,14,13,13,13,13,13,13,13,14,13,14,13,13,13,13,14,14,14,14,14,14,14,13,13,13,13,0,0,0,0,0,0,0,0,0,0,0,14,14,14,14,14,13,14,14,13,13,13,13,12,12,13,13,13,12,12,12,13,13,13,13,13,14,0,51,50,51,52,49,50,49,48,50,50,50,50,50,52,52,54,54,54,55,54,55,54,52,51,50,50,46,46,0,0,0,0,0,0,0,51,51,51,51,52,53,53,52,52,51,51,48,50,49,49,49,48,47,47,47,47,47,48,48,49,51,50,51
20260726_153123_c36ca3,1785076313619520,1142010366,0,0,0,-46,128,0,13,13,13,13,13,13,13,13,13,13,14,14,14,13,13,13,15,15,15,15,14,14,13,13,13,13,0,0,0,0,0,0,0,0,0,0,0,14,14,14,14,14,15,14,14,14,14,14,14,14,14,13,14,13,13,13,13,13,13,13,13,13,13,0,54,52,54,51,52,51,51,53,51,49,52,50,51,52,51,54,54,56,56,54,53,54,51,51,48,48,47,46,0,0,0,0,0,0,0,53,54,53,55,53,56,54,54,54,52,52,51,53,53,50,49,49,48,50,48,51,48,50,49,50,53,52,52
20260726_153123_c36ca3,1785076313720649,1142110534,0,0,0,-46,128,0,15,14,15,15,14,14,14,15,14,14,14,14,14,15,15,15,15,15,15,16,15,15,14,15,14,14,0,0,0,0,0,0,0,0,0,0,0,16,16,14,14,15,14,16,16,15,16,14,14,14,13,13,14,13,14,13,13,14,14,14,14,15,14,0,54,54,53,52,52,52,51,51,51,52,51,49,51,51,54,53,53,54,57,57,52,51,53,53,50,47,44,47,0,0,0,0,0,0,0,57,58,55,53,50,59,57,53,56,49,52,57,52,50,52,48,50,50,51,47,48,48,50,52,51,51,51,51
20260726_153123_c36ca3,1785076313817751,1142210427,0,0,0,-45,128,0,14,14,14,14,14,14,14,14,13,13,13,13,14,14,14,14,15,14,15,14,14,14,14,14,13,13,0,0,0,0,0,0,0,0,0,0,0,14,14,14,14,14,14,14,14,14,14,14,14,14,13,13,13,13,13,13,13,14,14,13,14,14,14,0,55,52,50,50,53,51,51,50,50,51,50,50,52,52,52,53,54,54,54,54,54,53,53,51,48,49,47,46,0,0,0,0,0,0,0,52,52,51,53,53,54,54,53,52,51,52,51,50,50,49,49,50,48,48,47,48,49,49,50,49,52,52,51
20260726_153123_c36ca3,1785076313924593,1142315068,0,0,0,-45,128,0,14,14,14,14,14,14,14,13,14,14,14,13,14,15,15,16,15,15,15,15,14,14,13,14,14,13,0,0,0,0,0,0,0,0,0,0,0,14,15,14,15,15,15,15,14,14,15,14,14,14,13,13,13,13,13,14,13,13,14,14,14,14,14,0,53,54,51,51,50,51,49,51,50,50,52,51,51,51,52,53,54,53,56,58,52,51,54,52,47,47,48,46,0,0,0,0,0,0,0,49,48,53,47,57,49,52,56,54,55,53,54,50,51,49,48,48,50,48,48,48,47,50,49,51,52,52,52
20260726_153123_c36ca3,1785076314022149,1142410817,0,0,0,-46,128,0,13,13,14,13,13,13,13,14,14,13,13,13,13,14,14,14,14,15,14,14,14,14,13,13,13,13,0,0,0,0,0,0,0,0,0,0,0,13,14,13,14,13,14,14,14,13,13,14,13,13,13,13,12,13,12,13,13,13,12,13,13,13,14,0,53,52,50,52,50,51,50,48,48,51,50,51,51,51,53,53,54,55,55,55,55,52,52,50,51,50,47,45,0,0,0,0,0,0,0,52,53,52,51,51,53,52,51,53,51,51,50,50,49,49,48,48,49,48,48,48,47,48,49,50,49,51,52
20260726_153123_c36ca3,1785076314122775,1142510637,0,0,0,-46,128,0,14,14,14,14,14,14,14,14,14,14,14,14,14,15,14,15,15,15,15,15,15,15,14,14,14,14,0,0,0,0,0,0,0,0,0,0,0,15,15,15,15,15,14,15,14,14,14,15,14,14,14,14,14,14,14,14,14,13,14,14,14,15,14,0,55,53,54,52,52,52,52,52,52,51,53,53,53,54,53,55,56,57,57,57,55,55,52,52,51,50,49,46,0,0,0,0,0,0,0,53,54,54,55,54,56,54,55,54,54,53,52,51,52,52,51,52,49,51,48,51,51,51,52,50,52,53,53
20260726_153123_c36ca3,1785076314219115,1142610479,0,0,0,-46,128,0,14,14,14,14,14,14,14,14,13,13,14,14,14,15,14,15,15,15,14,15,15,15,14,14,13,14,0,0,0,0,0,0,0,0,0,0,0,14,14,14,15,14,14,14,14,13,13,13,13,13,13,13,13,13,13,14,14,14,14,13,14,14,14,0,51,53,55,53,53,52,51,51,49,51,52,51,52,52,53,55,56,56,57,56,54,54,54,52,49,48,48,47,0,0,0,0,0,0,0,55,53,53,54,54,55,55,55,53,53,52,52,51,51,51,49,49,50,49,49,50,50,50,50,52,52,52,52
20260726_153123_c36ca3,1785076314321731,1142710363,0,0,0,-46,128,0,15,15,15,15,14,14,14,14,14,15,15,14,15,15,15,15,15,16,16,16,16,15,14,14,14,14,0,0,0,0,0,0,0,0,0,0,0,15,15,15,15,15,15,15,15,15,14,14,14,14,14,13,13,14,13,14,14,14,14,14,14,15,15,0,51,54,53,53,52,52,50,51,51,52,52,51,52,52,53,54,54,56,57,55,55,54,52,52,50,49,48,46,0,0,0,0,0,0,0,53,53,53,54,53,55,53,55,54,53,52,51,52,51,49,49,49,49,49,50,49,49,49,49,52,51,52,53
20260726_153123_c36ca3,1785076314416977,1142810098,0,0,0,-46,128,0,13,14,14,13,13,13,13,13,13,13,13,13,14,14,14,14,14,14,14,14,14,14,13,14,13,13,0,0,0,0,0,0,0,0,0,0,0,14,14,14,15,14,14,14,14,14,13,13,13,13,13,13,13,14,12,13,13,13,13,13,14,14,13,0,54,51,53,52,51,52,52,51,50,50,50,50,51,52,53,53,55,55,54,53,53,52,51,51,48,49,47,46,0,0,0,0,0,0,0,54,54,54,54,54,56,55,55,55,54,53,52,52,51,50,50,50,49,49,49,50,50,50,50,50,52,51,51
20260726_153123_c36ca3,1785076314519980,1142910298,0,0,0,-45,128,0,14,13,14,14,13,13,14,13,14,14,14,14,14,14,13,14,15,15,15,15,14,14,14,13,13,13,0,0,0,0,0,0,0,0,0,0,0,13,14,14,14,14,14,14,14,14,14,14,14,14,14,13,13,13,13,13,13,13,13,13,13,14,14,0,51,51,50,52,49,50,50,49,49,50,50,50,51,50,51,52,53,53,53,53,52,52,52,48,48,45,47,45,0,0,0,0,0,0,0,52,51,51,51,52,52,54,53,52,52,52,52,50,49,49,49,47,49,47,47,47,49,49,49,50,51,51,51
20260726_153123_c36ca3,1785076314616625,1143009977,0,0,0,-46,128,0,13,13,13,13,13,13,13,12,13,13,14,13,13,13,14,14,14,14,15,14,14,13,13,13,13,13,0,0,0,0,0,0,0,0,0,0,0,13,13,14,14,13,13,14,13,13,13,13,13,13,13,12,12,13,12,12,12,12,13,13,13,13,13,0,53,53,52,51,51,51,50,50,50,50,52,50,51,54,52,55,53,56,56,54,55,53,52,51,50,49,46,46,0,0,0,0,0,0,0,52,53,51,53,52,55,52,53,52,52,51,50,50,50,49,49,48,48,49,48,48,48,48,49,50,50,52,52
20260726_153123_c36ca3,1785076314718008,1143109981,0,0,0,-46,128,0,15,15,14,15,14,14,14,13,15,14,14,14,15,15,15,15,16,15,16,16,16,15,14,14,14,14,0,0,0,0,0,0,0,0,0,0,0,15,15,16,16,16,15,15,15,15,15,15,14,14,14,13,14,13,14,14,14,14,14,14,14,14,15,0,52,52,54,52,52,52,51,50,52,50,52,52,51,51,52,55,54,55,55,54,54,53,51,50,50,49,46,45,0,0,0,0,0,0,0,54,53,54,56,55,55,55,55,55,53,53,51,51,50,51,50,50,51,49,48,49,51,50,51,50,50,51,52
20260726_153123_c36ca3,1785076314819426,1143210046,0,0,0,-46,128,0,14,14,14,13,13,13,13,13,13,13,13,14,14,14,13,14,14,14,14,14,14,14,13,13,13,13,0,0,0,0,0,0,0,0,0,0,0,15,14,14,15,14,14,14,14,14,14,14,14,14,13,14,13,13,13,13,13,13,13,13,14,14,13,0,54,53,52,51,52,52,49,50,49,50,51,50,51,52,51,52,52,53,54,52,52,53,51,50,48,47,46,45,0,0,0,0,0,0,0,55,53,54,55,55,55,54,55,54,52,52,51,53,50,51,51,50,47,49,49,50,48,50,51,49,51,52,51
20260726_153123_c36ca3,1785076314920758,1143310215,0,0,0,-46,128,0,14,14,14,13,14,13,13,14,14,13,14,13,14,14,14,14,14,15,15,15,15,15,14,14,13,13,0,0,0,0,0,0,0,0,0,0,0,14,15,14,15,14,14,14,14,14,14,14,14,13,13,13,13,14,13,14,13,13,14,13,14,14,14,0,51,53,51,52,52,53,51,51,51,51,53,53,52,54,53,54,56,55,56,57,55,54,55,53,51,50,47,48,0,0,0,0,0,0,0,55,54,53,53,54,56,54,53,54,52,51,52,51,51,51,50,49,48,47,48,49,50,49,51,51,51,52,51
20260726_153123_c36ca3,1785076315018093,1143410144,0,0,0,-46,128,0,13,13,13,13,13,13,13,13,13,13,13,13,13,13,14,14,14,14,14,14,14,14,14,13,13,13,0,0,0,0,0,0,0,0,0,0,0,14,14,14,14,14,14,14,14,14,13,13,13,13,13,13,13,12,13,12,13,13,13,13,13,13,13,0,51,50,48,50,49,50,49,48,49,50,50,49,50,48,52,52,53,53,55,54,54,52,51,49,49,47,46,45,0,0,0,0,0,0,0,53,53,52,53,54,54,54,53,53,53,51,50,50,50,49,48,47,49,47,48,47,47,49,48,50,50,49,50
20260726_153123_c36ca3,1785076315119593,1143510260,0,0,0,-46,128,0,13,13,13,13,13,13,13,13,13,13,13,13,13,13,13,14,14,14,14,14,14,14,13,13,12,12,0,0,0,0,0,0,0,0,0,0,0,14,14,14,13,14,14,14,14,14,13,13,13,13,13,12,12,12,12,12,12,13,13,13,13,13,13,0,51,51,53,51,51,51,50,50,50,50,49,49,51,52,53,52,53,53,54,53,55,52,52,50,48,47,47,45,0,0,0,0,0,0,0,54,54,52,53,55,56,55,53,52,52,52,53,49,51,51,49,49,49,49,48,50,50,49,49,52,51,51,50
20260726_153123_c36ca3,1785076315220493,1143611588,0,0,0,-46,128,0,13,14,13,14,12,12,12,12,13,13,13,13,13,13,13,14,14,14,14,14,14,13,14,13,13,12,0,0,0,0,0,0,0,0,0,0,0,14,13,14,13,14,14,14,13,13,13,13,13,13,13,13,13,13,12,12,13,13,13,13,13,13,13,0,52,53,51,52,50,51,51,49,49,50,51,50,50,50,53,53,53,55,54,55,54,52,53,51,51,48,47,44,0,0,0,0,0,0,0,54,54,53,54,55,55,55,55,55,53,53,52,52,51,51,49,50,50,49,49,49,48,50,49,51,51,53,53
20260726_153123_c36ca3,1785076315323732,1143714079,0,0,0,-46,128,0,14,13,13,13,13,12,13,13,13,13,12,12,13,13,13,14,14,14,13,13,13,13,13,13,13,12,0,0,0,0,0,0,0,0,0,0,0,14,14,15,13,14,13,14,14,14,13,14,13,13,13,13,13,13,13,12,12,12,12,14,13,13,14,0,52,50,49,52,50,50,49,48,50,50,50,50,51,49,52,53,53,54,55,53,54,51,52,50,48,48,47,45,0,0,0,0,0,0,0,54,55,54,53,55,55,55,55,55,54,52,54,52,52,51,48,48,51,49,50,49,48,48,48,51,52,52,50
20260726_153123_c36ca3,1785076315418145,1143809928,0,0,0,-46,128,0,13,14,14,14,14,13,13,13,13,14,13,13,13,13,13,14,14,14,14,14,14,14,14,14,13,12,0,0,0,0,0,0,0,0,0,0,0,14,14,15,14,15,14,15,13,13,14,13,13,14,14,13,14,13,13,13,13,13,13,13,13,13,13,0,52,54,52,52,51,52,50,50,49,51,49,51,50,52,51,53,55,53,55,54,53,54,51,52,50,47,47,47,0,0,0,0,0,0,0,53,55,54,54,56,55,56,55,54,54,53,54,52,51,51,50,50,49,50,48,50,49,50,51,51,52,51,52
20260726_153123_c36ca3,1785076315521509,1143911325,0,0,0,-46,128,0,15,15,14,14,14,14,14,14,14,14,14,13,14,14,14,14,14,14,14,15,15,14,14,14,13,13,0,0,0,0,0,0,0,0,0,0,0,15,15,15,15,15,15,15,14,14,15,15,14,14,14,14,14,13,13,13,14,14,14,14,14,15,14,0,53,54,53,52,51,52,50,50,49,52,50,50,51,51,53,53,54,55,55,54,54,52,53,51,49,48,48,46,0,0,0,0,0,0,0,54,54,54,53,56,56,57,55,55,54,53,54,52,54,51,50,51,52,49,49,50,51,51,51,52,52,52,52
20260726_153123_c36ca3,1785076315617650,1144011045,0,0,0,-46,128,0,14,14,14,14,14,14,14,14,14,14,14,14,14,15,14,15,15,15,15,15,15,14,14,14,13,14,0,0,0,0,0,0,0,0,0,0,0,15,15,15,15,15,16,15,15,14,14,15,14,14,14,14,13,14,13,14,13,13,14,14,14,14,14,0,54,51,54,50,52,51,51,51,48,50,52,51,51,53,53,54,52,57,55,55,54,52,51,50,51,50,45,46,0,0,0,0,0,0,0,55,55,54,56,56,57,55,56,54,54,54,53,52,53,51,52,50,51,52,49,51,51,51,51,51,51,51,51
20260726_153123_c36ca3,1785076315719827,1144111512,0,0,0,-46,128,0,14,14,14,14,14,14,14,14,14,14,14,14,14,14,14,15,15,15,15,15,15,14,14,14,13,13,0,0,0,0,0,0,0,0,0,0,0,15,16,16,15,15,15,15,15,14,14,14,14,14,14,14,14,14,14,14,14,13,14,14,14,14,14,0,53,53,52,53,51,50,49,50,52,49,49,48,51,51,52,53,52,54,54,54,54,53,50,52,50,49,45,44,0,0,0,0,0,0,0,53,53,55,55,54,55,54,54,54,53,53,52,51,53,51,51,51,49,50,48,50,51,49,51,51,51,51,52
20260726_153123_c36ca3,1785076315816682,1144209897,0,0,0,-46,128,0,13,13,13,13,13,13,13,13,13,13,12,12,12,12,13,13,13,14,15,15,14,14,14,13,12,12,0,0,0,0,0,0,0,0,0,0,0,14,13,14,14,14,15,15,14,13,13,13,13,13,13,13,12,12,13,13,13,13,13,13,13,13,13,0,52,51,52,52,51,51,51,48,48,48,48,49,49,51,52,54,52,56,56,55,53,52,50,50,50,49,44,42,0,0,0,0,0,0,0,50,52,54,54,54,57,54,52,56,51,50,52,50,50,54,49,47,50,49,47,48,51,52,48,50,52,51,50
20260726_153123_c36ca3,1785076315919618,1144310070,0,0,0,-46,128,0,14,14,14,13,12,12,12,12,13,12,13,13,13,13,13,14,14,14,14,14,14,13,14,13,13,13,0,0,0,0,0,0,0,0,0,0,0,14,14,14,14,14,14,14,14,14,14,14,14,13,13,13,13,13,13,13,13,13,13,13,13,14,14,0,52,51,50,50,52,50,49,49,49,50,50,49,51,52,53,53,53,53,54,53,54,52,52,51,49,48,48,47,0,0,0,0,0,0,0,54,54,53,54,53,56,54,55,54,53,51,51,51,51,50,50,49,49,48,48,49,50,49,50,50,50,52,52
20260726_153123_c36ca3,1785076316017033,1144410401,0,0,0,-46,128,0,13,13,14,13,13,14,14,14,14,13,14,14,14,14,14,14,14,15,14,14,15,14,14,13,13,13,0,0,0,0,0,0,0,0,0,0,0,14,15,15,15,14,15,14,14,14,14,14,14,14,14,13,13,13,13,13,13,13,14,13,13,14,13,0,52,51,52,50,52,52,50,50,48,49,49,51,50,53,52,55,53,56,55,53,55,53,52,52,50,49,48,46,0,0,0,0,0,0,0,54,54,54,55,55,56,55,56,54,54,54,51,52,52,50,50,51,49,51,48,50,49,50,51,51,52,52,50
20260726_153123_c36ca3,1785076316119790,1144510045,0,0,0,-46,128,0,14,13,13,13,13,13,13,13,13,13,13,13,13,13,14,14,14,14,14,14,14,14,14,13,13,12,0,0,0,0,0,0,0,0,0,0,0,14,13,14,14,14,14,14,14,13,14,13,13,13,13,13,13,13,12,12,13,13,13,13,13,13,13,0,52,51,53,51,51,50,50,49,51,50,50,51,52,51,52,53,54,55,55,54,54,54,52,49,50,48,47,45,0,0,0,0,0,0,0,54,54,54,54,55,55,55,55,54,53,54,51,52,51,50,51,50,49,48,48,49,48,50,50,51,50,51,52
20260726_153123_c36ca3,1785076316221737,1144610536,0,0,0,-46,128,0,14,14,14,14,14,14,14,13,13,13,14,13,14,14,14,14,14,14,14,14,14,14,14,14,14,13,0,0,0,0,0,0,0,0,0,0,0,15,14,15,15,15,14,15,14,14,14,14,14,14,13,13,13,13,13,14,13,14,14,13,14,14,14,0,52,53,53,52,50,50,51,50,51,50,50,52,51,52,52,53,53,54,55,54,55,54,53,52,51,48,47,45,0,0,0,0,0,0,0,55,54,54,54,55,55,55,55,54,53,54,52,52,51,51,50,49,49,49,47,49,50,50,51,50,51,51,51
20260726_153123_c36ca3,1785076316318947,1144712484,0,0,0,-46,128,0,14,14,14,14,14,14,14,13,14,13,13,13,14,14,13,14,14,14,14,14,14,14,14,13,13,13,0,0,0,0,0,0,0,0,0,0,0,14,14,14,15,14,14,14,14,14,14,14,14,13,13,13,12,13,13,13,13,13,13,13,13,14,14,0,52,52,52,53,50,51,50,51,51,51,51,51,52,53,53,53,55,52,54,55,53,54,54,52,50,49,47,47,0,0,0,0,0,0,0,53,54,54,55,53,56,55,53,53,53,52,54,50,50,51,50,51,48,48,48,49,50,50,50,51,50,52,50
20260726_153123_c36ca3,1785076316421627,1144809902,0,0,0,-46,128,0,14,14,14,14,14,14,14,14,14,14,14,14,14,14,15,15,15,15,15,15,15,15,14,14,13,14,0,0,0,0,0,0,0,0,0,0,0,15,15,15,15,15,14,14,14,14,14,14,14,13,13,13,14,13,14,14,13,13,13,14,14,14,14,0,51,52,53,52,52,52,52,50,51,51,52,52,52,54,53,55,55,56,56,57,57,56,53,52,52,51,48,47,0,0,0,0,0,0,0,54,55,54,54,54,57,55,55,54,54,52,53,51,51,51,50,49,50,49,48,50,50,50,50,51,52,52,52
20260726_153123_c36ca3,1785076316517567,1144910148,0,0,0,-46,128,0,14,13,13,13,13,13,13,13,13,13,14,13,13,13,14,14,14,14,14,15,14,14,13,13,13,12,0,0,0,0,0,0,0,0,0,0,0,13,14,14,15,14,14,14,14,13,13,13,13,13,13,12,12,13,13,13,13,13,13,13,13,13,14,0,52,50,51,52,50,50,48,50,51,50,50,49,49,51,52,54,54,56,55,55,54,53,53,50,50,48,46,45,0,0,0,0,0,0,0,53,52,52,53,55,54,54,54,54,52,52,52,52,50,49,49,48,49,48,48,48,49,49,49,50,50,51,50
20260726_153123_c36ca3,1785076316619900,1145010069,0,0,0,-46,128,0,14,14,14,14,14,14,14,14,14,14,15,14,14,15,15,15,15,16,15,15,16,15,14,14,14,14,0,0,0,0,0,0,0,0,0,0,0,15,15,15,15,15,15,14,15,14,14,14,14,14,14,14,14,13,13,14,13,13,14,14,14,14,14,0,53,53,53,51,52,52,50,51,53,52,51,52,52,52,53,56,55,55,56,56,57,54,53,52,51,50,48,46,0,0,0,0,0,0,0,55,54,53,56,55,57,56,55,55,54,54,52,53,52,50,51,49,50,49,48,49,49,51,50,50,52,53,52
20260726_153123_c36ca3,1785076316717226,1145110815,0,0,0,-46,128,0,14,14,14,13,13,13,13,13,13,13,13,13,13,13,13,13,15,13,14,14,14,13,14,14,13,13,0,0,0,0,0,0,0,0,0,0,0,14,14,15,14,15,14,15,14,14,14,14,13,14,13,13,13,13,13,13,13,13,13,14,14,14,14,0,52,53,51,51,51,52,52,50,50,50,50,52,52,52,53,52,55,53,56,54,53,53,52,52,51,49,47,48,0,0,0,0,0,0,0,53,53,53,55,54,55,55,55,54,53,52,53,51,51,51,51,50,48,48,48,51,50,52,49,50,51,52,51
20260726_153123_c36ca3,1785076316818615,1145209996,0,0,0,-46,128,0,14,15,14,13,14,13,13,13,14,14,14,14,14,14,15,15,15,15,15,15,14,14,14,14,13,13,0,0,0,0,0,0,0,0,0,0,0,14,14,15,15,14,14,14,14,13,13,13,13,13,13,13,13,14,14,13,13,13,14,14,14,14,13,0,52,52,51,51,51,51,49,50,49,51,50,51,51,51,52,52,53,54,53,55,54,53,51,50,49,47,46,45,0,0,0,0,0,0,0,54,52,51,54,53,55,54,54,52,52,52,50,50,49,48,48,48,48,49,49,48,48,49,49,50,50,51,50
20260726_153123_c36ca3,1785076316920788,1145310023,0,0,0,-46,128,0,14,13,13,13,13,13,13,12,13,12,13,12,13,13,14,14,14,15,14,14,14,13,13,13,13,13,0,0,0,0,0,0,0,0,0,0,0,14,14,14,15,14,14,14,14,13,13,13,13,13,13,13,12,13,12,12,13,13,13,13,13,13,14,0,52,50,51,49,50,50,48,47,49,49,49,49,49,51,50,53,50,56,54,53,52,51,50,49,48,48,45,45,0,0,0,0,0,0,0,52,52,53,55,53,55,52,53,54,52,50,49,51,50,49,48,49,48,49,45,49,47,48,49,49,49,49,51
20260726_153123_c36ca3,1785076317017766,1145411136,0,0,0,-46,128,0,13,14,13,13,13,13,13,13,13,13,13,13,13,12,13,13,14,14,14,14,14,14,14,13,13,12,0,0,0,0,0,0,0,0,0,0,0,15,14,14,14,14,14,14,14,13,13,13,13,13,12,12,13,12,13,12,13,13,13,13,13,14,13,0,52,51,48,52,49,51,50,48,50,52,51,49,51,50,54,52,55,52,54,54,54,52,51,50,50,47,48,45,0,0,0,0,0,0,0,54,52,51,54,55,52,57,51,54,53,52,52,51,48,52,49,46,52,47,52,47,48,50,52,49,52,49,51
20260726_153123_c36ca3,1785076317118207,1145510307,0,0,0,-46,128,0,14,14,14,14,13,14,12,13,12,13,13,13,13,13,13,14,14,14,14,14,14,13,14,14,13,12,0,0,0,0,0,0,0,0,0,0,0,14,13,14,14,14,14,14,13,14,13,14,13,13,13,13,13,13,13,12,13,13,13,13,13,14,13,0,50,53,50,52,49,51,49,49,50,52,50,50,50,49,53,51,54,51,55,55,55,53,53,51,50,47,48,44,0,0,0,0,0,0,0,56,54,54,52,55,54,56,52,54,51,54,54,52,51,49,50,48,51,47,49,47,48,50,50,51,51,51,51
20260726_153123_c36ca3,1785076317219887,1145610216,0,0,0,-46,128,0,14,14,14,14,13,14,14,14,14,14,13,14,14,14,14,14,14,15,15,15,15,15,14,14,13,13,0,0,0,0,0,0,0,0,0,0,0,15,15,15,14,14,15,15,15,15,15,14,14,13,13,13,13,13,13,13,13,13,14,14,14,14,14,0,51,53,52,52,49,51,49,51,52,49,50,51,51,50,52,53,52,55,55,55,56,53,51,49,50,50,47,44,0,0,0,0,0,0,0,52,54,55,56,54,55,55,54,55,53,53,51,51,51,50,51,50,49,51,49,48,49,50,50,51,50,49,51
20260726_153123_c36ca3,1785076317321754,1145710145,0,0,0,-46,128,0,14,14,14,14,14,13,14,13,13,14,14,14,14,14,15,15,15,15,15,16,15,14,14,14,14,14,0,0,0,0,0,0,0,0,0,0,0,15,15,16,15,15,15,14,15,14,14,14,14,14,13,13,13,13,13,14,14,14,14,14,14,14,14,0,51,52,53,52,51,50,49,51,50,51,51,51,51,54,53,55,53,56,56,56,57,53,52,51,50,50,48,46,0,0,0,0,0,0,0,55,54,56,56,53,56,55,56,54,53,54,52,52,51,50,49,51,50,51,49,49,49,51,51,51,51,51,52
20260726_153123_c36ca3,1785076317418895,1145809966,0,0,0,-46,128,0,13,13,13,13,13,13,13,13,13,13,13,13,13,14,14,14,15,15,14,14,15,14,14,14,14,12,0,0,0,0,0,0,0,0,0,0,0,14,14,14,14,15,14,13,13,13,13,13,13,13,13,13,13,13,13,13,12,14,14,13,14,14,14,0,50,52,51,53,51,52,51,51,49,51,51,51,52,53,54,52,56,55,54,54,55,54,54,51,50,48,48,46,0,0,0,0,0,0,0,55,54,55,52,54,54,55,55,55,53,53,53,51,52,50,50,50,48,49,49,49,50,51,50,50,51,52,52
20260726_153123_c36ca3,1785076317520922,1145910366,0,0,0,-46,128,0,13,13,13,13,12,14,13,13,13,13,13,13,13,13,13,13,13,14,14,14,14,14,14,12,12,12,0,0,0,0,0,0,0,0,0,0,0,13,13,14,14,14,14,14,13,13,13,13,13,13,12,12,13,12,12,12,12,12,12,12,13,13,13,0,52,50,51,51,51,50,50,49,50,50,51,50,52,51,51,53,54,55,56,55,53,54,51,51,50,48,45,45,0,0,0,0,0,0,0,53,52,52,54,52,53,53,54,54,52,52,50,50,51,50,51,49,49,48,48,49,48,49,49,50,50,51,53
20260726_153123_c36ca3,1785076317617925,1146010208,0,0,0,-46,128,0,13,13,13,13,12,13,13,13,13,13,13,13,13,13,14,13,14,14,13,14,14,13,13,13,13,12,0,0,0,0,0,0,0,0,0,0,0,14,14,14,14,14,13,13,13,13,13,13,13,13,13,13,13,12,13,12,12,12,13,13,13,13,13,0,52,51,52,51,52,52,49,52,50,52,52,49,50,51,53,56,52,55,56,54,54,52,52,51,49,48,46,46,0,0,0,0,0,0,0,52,54,51,51,53,55,53,55,54,53,52,51,53,51,49,50,48,50,50,48,50,48,50,48,51,51,50,52
20260726_153123_c36ca3,1785076317720639,1146109989,0,0,0,-46,128,0,14,14,14,14,13,13,13,13,13,13,13,13,13,13,13,13,14,14,14,14,14,14,14,13,13,13,0,0,0,0,0,0,0,0,0,0,0,13,13,14,14,13,13,14,13,13,13,13,13,13,13,12,12,13,13,12,13,13,13,13,13,13,14,0,51,51,51,51,50,50,50,49,48,50,51,51,50,51,52,53,52,54,55,54,54,50,50,49,48,49,45,44,0,0,0,0,0,0,0,52,52,52,52,52,53,53,53,53,51,52,49,51,49,49,49,48,47,49,48,49,49,48,48,49,49,51,51
20260726_153123_c36ca3,1785076317816682,1146209985,0,0,0,-46,128,0,13,13,13,14,13,13,12,13,13,13,13,13,13,13,13,13,13,15,14,14,14,13,14,13,13,12,0,0,0,0,0,0,0,0,0,0,0,13,13,13,13,14,14,14,14,14,14,14,12,13,13,13,12,12,12,13,12,12,13,13,13,13,14,0,54,51,52,52,51,50,50,49,51,51,51,49,51,51,52,53,54,55,56,55,54,52,51,51,50,48,47,45,0,0,0,0,0,0,0,54,53,54,55,54,55,53,54,55,54,54,51,51,50,51,51,49,50,47,49,49,50,50,49,50,51,51,51
20260726_153123_c36ca3,1785076317918717,1146310051,0,0,0,-46,128,0,14,14,14,14,13,13,13,13,13,13,13,14,13,14,14,14,14,15,13,14,14,14,13,13,13,12,0,0,0,0,0,0,0,0,0,0,0,14,14,13,15,14,12,13,13,12,14,14,13,13,13,12,13,12,12,13,14,14,14,13,14,14,14,0,52,53,51,52,51,52,52,48,49,51,50,51,51,53,52,54,58,54,53,55,49,52,52,52,47,50,47,48,0,0,0,0,0,0,0,54,52,54,52,57,53,52,57,59,52,53,56,52,50,52,51,48,50,48,49,50,50,50,50,50,53,52,50
20260726_153123_c36ca3,1785076318020673,1146410068,0,0,0,-46,128,0,13,13,13,13,12,13,12,12,12,13,13,13,13,13,13,13,13,14,14,14,13,14,13,13,13,12,0,0,0,0,0,0,0,0,0,0,0,13,13,13,13,13,14,14,14,13,13,13,13,13,13,12,12,12,13,13,12,12,13,13,13,13,13,0,51,52,50,52,49,50,50,49,52,51,50,49,51,50,53,52,53,53,55,54,54,53,53,50,49,47,45,43,0,0,0,0,0,0,0,53,52,52,52,55,54,55,52,54,52,52,50,50,50,50,50,48,49,47,49,49,50,49,49,52,51,52,52
20260726_153123_c36ca3,1785076318120919,1146510085,0,0,0,-46,128,0,13,13,13,13,13,13,13,13,13,12,13,12,13,13,13,13,14,14,14,13,14,13,13,13,13,12,0,0,0,0,0,0,0,0,0,0,0,14,14,14,14,14,13,13,13,13,13,13,12,12,13,12,12,12,12,12,13,12,13,13,13,13,13,0,51,52,51,52,51,50,49,50,49,51,50,48,50,51,52,51,53,53,53,54,53,52,51,50,47,47,47,45,0,0,0,0,0,0,0,53,52,52,52,53,54,55,52,52,52,52,51,51,50,50,49,49,49,47,47,49,49,49,50,50,51,51,51
20260726_153123_c36ca3,1785076318217948,1146609993,0,0,0,-46,128,0,15,15,15,14,15,15,15,14,14,14,14,14,14,14,14,14,15,15,16,16,16,15,15,14,14,13,0,0,0,0,0,0,0,0,0,0,0,15,15,15,16,16,15,15,15,15,15,14,14,14,14,14,14,13,13,14,14,14,14,14,14,15,15,0,51,53,51,51,51,52,49,52,50,51,51,51,51,51,54,54,55,54,54,55,55,53,53,50,49,49,47,46,0,0,0,0,0,0,0,54,54,54,54,56,55,54,54,54,52,54,52,52,52,50,50,49,50,48,48,50,51,49,51,51,51,52,51
20260726_153123_c36ca3,1785076318320885,1146709985,0,0,0,-46,128,0,14,14,14,14,14,14,14,14,14,13,14,14,14,14,14,14,15,14,15,15,15,15,14,14,14,13,0,0,0,0,0,0,0,0,0,0,0,15,15,15,15,15,14,15,14,14,14,14,14,14,14,14,14,13,13,13,14,14,14,14,14,14,14,0,53,54,53,54,51,51,51,51,51,51,50,51,53,51,53,53,55,54,55,55,54,55,53,53,50,49,48,46,0,0,0,0,0,0,0,54,55,54,54,55,55,55,54,55,53,54,53,53,53,52,50,50,51,49,49,50,51,51,52,52,53,52,50
20260726_153123_c36ca3,1785076318418107,1146810006,0,0,0,-46,128,0,14,14,14,14,14,14,13,13,13,13,13,13,14,14,13,13,14,15,15,14,14,14,14,14,13,13,0,0,0,0,0,0,0,0,0,0,0,14,15,14,16,14,14,14,14,14,13,14,13,13,13,13,13,13,13,13,13,13,13,13,14,14,14,0,52,50,52,51,50,50,48,48,50,49,49,50,51,52,49,53,53,53,52,54,53,53,51,50,49,48,47,46,0,0,0,0,0,0,0,52,54,54,53,53,55,53,54,54,53,52,51,50,50,50,51,50,49,47,48,48,49,48,50,49,50,49,49
20260726_153123_c36ca3,1785076318520439,1146910127,0,0,0,-46,128,0,15,15,15,15,15,15,15,14,14,14,14,14,14,15,14,15,15,15,16,16,16,15,15,14,14,13,0,0,0,0,0,0,0,0,0,0,0,15,15,15,15,15,15,15,15,15,15,14,15,14,13,13,13,14,14,14,14,14,14,14,15,15,15,0,52,54,54,52,52,52,51,52,51,53,53,54,53,52,54,56,57,57,57,58,57,55,54,52,52,50,49,47,0,0,0,0,0,0,0,54,55,55,55,55,57,56,56,55,55,53,52,53,52,51,51,49,51,51,50,50,51,50,51,52,53,52,53
20260726_153123_c36ca3,1785076318617398,1147010996,0,0,0,-46,128,0,13,13,13,13,12,12,12,12,12,13,13,13,13,13,13,14,14,14,14,14,14,13,13,12,12,12,0,0,0,0,0,0,0,0,0,0,0,13,13,14,14,14,14,14,13,13,13,13,13,13,13,12,13,12,12,12,12,12,12,13,13,13,13,0,54,52,51,52,51,50,49,49,50,49,51,50,52,53,52,55,53,53,54,54,55,54,50,50,50,50,45,44,0,0,0,0,0,0,0,51,52,54,55,52,54,52,53,53,52,53,51,50,50,49,50,50,48,49,49,49,48,48,51,49,50,50,53
20260726_153123_c36ca3,1785076318719393,1147110063,0,0,0,-46,128,0,13,13,13,13,13,14,14,13,13,13,14,14,13,14,14,14,14,14,14,14,14,14,13,13,13,12,0,0,0,0,0,0,0,0,0,0,0,14,14,14,14,14,14,14,14,13,13,13,14,14,14,13,13,13,13,13,13,13,13,13,13,14,13,0,52,50,52,51,51,54,51,51,49,51,50,49,52,52,52,54,53,54,54,53,53,53,52,51,49,48,46,47,0,0,0,0,0,0,0,54,54,53,52,54,55,56,55,53,52,52,52,52,52,49,49,48,49,50,48,49,50,51,48,49,51,51,51
20260726_153123_c36ca3,1785076318821514,1147210290,0,0,0,-46,128,0,14,13,13,13,13,12,13,12,13,12,13,12,13,13,13,14,14,14,14,14,14,13,13,13,13,12,0,0,0,0,0,0,0,0,0,0,0,13,13,13,13,14,14,14,14,14,13,14,13,13,13,12,13,12,12,12,12,13,13,13,13,13,13,0,52,50,50,51,49,50,50,48,50,49,50,49,50,51,51,52,53,55,55,54,54,53,50,50,50,49,46,45,0,0,0,0,0,0,0,53,52,51,53,53,53,53,53,53,52,53,50,51,49,49,49,48,49,48,49,49,49,48,49,50,49,49,53
20260726_153123_c36ca3,1785076318917850,1147309907,0,0,0,-46,128,0,14,13,13,13,13,13,13,13,13,13,13,13,13,13,13,14,14,14,14,14,14,14,13,13,13,12,0,0,0,0,0,0,0,0,0,0,0,13,14,13,13,14,14,14,14,14,13,13,13,13,13,13,12,12,12,12,13,12,13,13,13,13,13,0,53,52,51,52,50,50,49,50,49,50,51,49,51,51,52,53,53,55,55,55,55,52,52,51,50,49,47,45,0,0,0,0,0,0,0,53,51,53,53,53,52,54,52,53,53,51,51,51,50,49,49,48,48,48,48,49,44,48,50,49,50,51,50
20260726_153123_c36ca3,1785076319020842,1147413831,0,0,0,-46,128,0,14,14,14,14,14,14,14,14,14,14,15,14,14,14,14,14,15,15,15,15,15,15,15,14,14,13,0,0,0,0,0,0,0,0,0,0,0,15,15,15,15,15,15,15,15,15,15,15,14,14,14,14,14,14,14,14,13,14,13,14,14,14,15,0,52,51,52,52,52,52,50,50,50,50,51,51,51,51,53,55,53,56,56,55,55,52,51,52,51,50,46,46,0,0,0,0,0,0,0,53,53,52,52,54,54,54,55,54,52,52,50,52,51,50,49,49,50,49,48,50,50,49,48,50,50,51,51
20260726_153123_c36ca3,1785076319121849,1147510105,0,0,0,-46,128,0,14,14,14,14,14,14,14,14,13,14,13,13,14,14,14,14,14,14,14,15,15,15,14,14,14,13,0,0,0,0,0,0,0,0,0,0,0,15,14,15,15,15,14,13,14,14,14,14,13,13,13,13,13,13,13,13,13,13,14,14,14,14,14,0,53,54,51,52,51,52,52,51,51,51,52,53,51,52,54,53,56,54,57,55,55,54,53,53,49,48,48,47,0,0,0,0,0,0,0,55,55,54,54,56,54,56,53,54,53,51,53,51,50,52,50,49,51,49,48,49,50,50,50,52,53,52,52
20260726_153123_c36ca3,1785076319217397,1147610320,0,0,0,-46,128,0,13,13,13,13,13,13,13,13,13,13,13,14,13,14,14,14,15,15,14,14,14,14,13,13,13,12,0,0,0,0,0,0,0,0,0,0,0,14,14,14,14,14,13,13,13,13,13,13,13,13,12,12,12,12,12,12,13,12,13,13,13,13,13,0,51,52,51,52,50,52,50,51,49,49,51,50,52,53,52,53,55,55,54,54,55,53,52,51,49,48,48,46,0,0,0,0,0,0,0,52,53,53,52,54,55,54,52,52,49,52,51,50,49,50,49,47,48,49,48,48,48,48,49,50,51,51,50
20260726_153123_c36ca3,1785076319319801,1147711549,0,0,0,-46,128,0,13,13,13,13,13,13,13,13,13,13,14,14,13,14,14,14,14,15,15,14,14,14,13,14,13,13,0,0,0,0,0,0,0,0,0,0,0,14,13,14,14,14,14,14,14,13,13,13,13,13,13,12,12,12,12,13,13,13,13,13,14,13,13,0,53,52,51,52,51,50,50,49,51,50,50,51,53,53,53,53,54,53,56,55,54,55,53,52,51,50,48,47,0,0,0,0,0,0,0,52,51,52,52,54,54,55,52,52,52,52,50,51,50,49,50,49,49,47,47,48,46,49,49,49,50,51,51
20260726_153123_c36ca3,1785076319420516,1147810185,0,0,0,-46,128,0,14,15,14,14,14,14,14,13,14,13,14,13,15,15,15,14,15,15,15,15,15,15,14,14,14,14,0,0,0,0,0,0,0,0,0,0,0,14,14,15,15,15,14,14,14,14,14,14,14,14,13,13,13,13,13,13,14,14,14,14,14,14,14,0,53,53,53,52,53,53,51,52,51,52,51,52,53,53,53,55,55,55,55,56,56,55,53,53,51,51,49,48,0,0,0,0,0,0,0,53,53,52,52,53,55,53,54,53,51,53,51,51,50,50,50,49,49,47,48,50,50,49,49,51,51,52,51
20260726_153123_c36ca3,1785076319521586,1147913187,0,0,0,-46,128,0,14,14,14,14,14,14,14,14,14,14,14,13,13,14,14,15,15,15,14,14,15,14,14,14,13,13,0,0,0,0,0,0,0,0,0,0,0,13,13,14,14,14,14,14,14,14,13,13,14,13,13,13,13,12,13,13,13,13,13,13,14,14,14,0,52,55,52,52,53,53,52,52,51,52,51,52,52,52,55,53,56,54,55,55,55,56,55,53,50,49,50,46,0,0,0,0,0,0,0,53,53,54,52,55,53,54,51,52,51,52,53,49,49,50,50,48,50,47,50,49,50,51,50,52,51,53,52
20260726_153123_c36ca3,1785076319624519,1148014841,0,0,0,-46,128,0,14,13,14,14,14,13,14,14,14,14,14,14,14,15,15,15,15,15,15,15,15,14,14,14,13,13,0,0,0,0,0,0,0,0,0,0,0,14,14,14,14,14,14,14,14,14,14,13,13,14,13,13,13,13,13,13,13,13,13,13,13,13,14,0,52,51,53,52,51,52,52,53,51,51,53,52,52,52,54,55,55,55,54,55,55,54,54,51,51,50,48,48,0,0,0,0,0,0,0,52,51,52,53,54,54,53,55,53,52,52,51,50,51,48,49,49,50,50,49,49,50,51,50,52,52,51,51
20260726_153123_c36ca3,1785076319719658,1148112882,0,0,0,-46,128,0,14,14,14,14,14,14,13,13,13,13,13,13,14,14,14,14,14,14,14,15,15,14,14,14,14,13,0,0,0,0,0,0,0,0,0,0,0,14,14,14,14,14,13,13,13,13,13,13,13,13,12,12,13,13,13,13,14,13,13,13,14,14,14,0,51,52,53,52,51,50,51,51,52,51,51,50,51,51,53,53,56,54,56,55,54,53,52,52,49,49,48,47,0,0,0,0,0,0,0,53,51,49,53,51,52,52,53,52,50,51,51,49,50,48,50,46,50,48,47,47,48,47,51,49,50,51,51
20260726_153123_c36ca3,1785076319831274,1148219527,0,0,0,-45,128,0,13,13,13,14,13,12,13,13,13,13,13,13,13,13,14,14,14,15,14,14,14,14,14,13,13,13,0,0,0,0,0,0,0,0,0,0,0,13,13,14,13,14,14,14,14,14,14,13,13,13,13,12,13,12,12,12,13,13,13,13,13,13,13,0,53,50,50,53,52,50,52,49,51,51,53,51,52,53,53,55,55,57,57,58,56,55,53,52,52,51,46,45,0,0,0,0,0,0,0,51,51,51,54,53,54,52,53,53,52,52,51,51,51,48,50,49,49,49,49,49,50,50,50,50,51,51,52
20260726_153123_c36ca3,1785076319922242,1148311970,0,0,0,-46,128,0,13,13,13,13,13,13,13,13,13,13,13,13,13,13,13,14,13,15,14,15,14,13,13,13,14,13,0,0,0,0,0,0,0,0,0,0,0,14,14,14,14,13,14,13,13,13,13,13,13,13,13,13,13,12,12,12,12,13,13,13,13,13,13,0,52,54,50,52,50,51,48,51,53,52,50,51,54,53,54,54,55,55,57,56,56,54,53,52,52,50,47,47,0,0,0,0,0,0,0,52,51,52,52,54,51,52,53,53,52,52,50,51,51,49,51,48,50,48,49,47,48,49,49,51,52,52,53
20260726_153123_c36ca3,1785076320018697,1148410089,0,0,0,-45,128,0,14,14,14,14,14,14,14,14,14,14,14,14,14,14,14,15,15,15,15,15,15,15,14,14,14,13,0,0,0,0,0,0,0,0,0,0,0,14,14,14,15,15,15,15,15,14,14,14,14,14,13,13,13,13,13,13,13,13,14,14,14,14,14,0,53,51,54,53,53,53,53,52,53,51,53,52,54,56,53,56,56,58,57,57,57,56,54,52,52,52,47,48,0,0,0,0,0,0,0,53,54,54,54,52,56,53,54,53,51,53,52,52,51,51,51,52,50,50,50,51,51,50,51,50,51,52,53
20260726_153123_c36ca3,1785076320121272,1148514867,0,0,0,-46,128,0,15,15,15,15,15,15,14,14,14,14,14,14,15,15,15,15,15,16,16,15,16,15,15,14,14,14,0,0,0,0,0,0,0,0,0,0,0,14,15,15,15,15,15,15,15,15,15,15,15,14,14,14,14,14,14,13,14,14,14,14,14,15,15,0,55,54,54,53,53,53,51,52,53,51,52,50,53,54,55,57,56,58,58,57,58,55,54,52,51,53,47,47,0,0,0,0,0,0,0,52,52,53,55,53,55,54,54,53,53,54,52,52,51,50,52,50,50,50,50,50,49,50,51,51,51,51,54
20260726_153123_c36ca3,1785076320221381,1148610965,0,0,0,-45,128,0,14,14,15,14,14,14,14,13,13,14,14,14,14,14,14,15,15,15,15,15,15,14,14,14,14,14,0,0,0,0,0,0,0,0,0,0,0,14,15,14,15,14,14,14,14,14,14,14,14,14,14,13,13,13,13,14,14,14,14,14,14,14,14,0,54,54,54,54,52,53,52,53,52,53,54,53,54,54,54,54,56,56,56,57,57,57,55,53,51,49,50,48,0,0,0,0,0,0,0,54,53,54,54,54,53,55,52,55,53,53,53,51,52,51,50,50,49,48,48,50,50,52,52,52,53,52,51
20260726_153123_c36ca3,1785076320316434,1148710311,0,0,0,-46,128,0,13,13,13,13,13,13,13,13,13,13,13,13,13,13,14,14,15,14,14,14,14,14,14,13,13,12,0,0,0,0,0,0,0,0,0,0,0,14,14,13,13,13,13,13,14,13,14,13,13,13,13,12,13,13,13,13,13,13,13,13,13,13,13,0,55,53,51,52,52,51,51,51,53,51,51,51,52,52,52,54,55,55,56,55,55,54,52,52,49,50,48,47,0,0,0,0,0,0,0,53,50,54,54,52,52,55,53,53,52,53,51,51,50,50,51,49,50,48,50,50,49,50,51,51,49,52,52
20260726_153123_c36ca3,1785076320424277,1148815150,0,0,0,-46,128,0,14,14,14,14,14,14,14,14,14,14,13,15,15,15,15,15,16,16,15,15,15,15,15,14,14,14,0,0,0,0,0,0,0,0,0,0,0,14,14,15,15,15,14,14,14,14,14,14,14,14,14,14,13,13,13,13,13,14,14,14,14,14,14,0,55,53,53,52,53,53,52,52,51,52,52,52,53,55,55,54,55,55,57,57,56,56,55,53,50,49,49,47,0,0,0,0,0,0,0,52,53,52,53,54,54,54,54,53,53,52,52,51,50,51,50,49,49,48,49,49,50,50,50,50,51,52,52
20260726_153123_c36ca3,1785076320521906,1148912269,0,0,0,-46,128,0,14,14,14,13,14,13,13,13,13,13,14,14,14,14,14,15,15,15,14,15,15,15,14,13,13,13,0,0,0,0,0,0,0,0,0,0,0,13,14,14,14,14,14,13,13,13,13,13,13,13,13,13,13,13,13,13,13,13,13,13,14,14,14,0,50,54,52,52,51,53,52,52,51,51,51,52,53,52,53,53,55,55,56,54,56,54,55,53,48,47,49,47,0,0,0,0,0,0,0,52,51,51,51,54,53,52,52,53,51,51,52,52,50,49,50,48,49,48,48,49,50,51,50,52,51,53,51
20260726_153123_c36ca3,1785076320624374,1149015577,0,0,0,-46,128,0,14,14,15,14,14,14,14,14,14,14,13,14,15,15,15,15,15,16,15,15,15,15,14,14,14,14,0,0,0,0,0,0,0,0,0,0,0,14,14,14,15,14,14,14,14,14,13,14,14,14,13,13,13,13,13,14,14,14,14,13,14,14,14,0,52,53,53,52,53,52,51,51,50,53,52,52,54,54,53,55,57,56,56,56,58,54,54,53,51,50,49,48,0,0,0,0,0,0,0,52,53,52,52,53,53,54,53,53,51,52,51,50,50,51,49,49,49,49,49,49,49,50,50,51,51,52,51
20260726_153123_c36ca3,1785076320721944,1149110440,0,0,0,-46,128,0,14,14,15,14,14,14,14,14,14,15,14,15,15,15,15,16,16,15,16,16,15,15,14,14,14,14,0,0,0,0,0,0,0,0,0,0,0,14,14,15,15,15,14,14,14,14,14,13,14,13,14,14,14,14,14,13,14,14,14,14,14,15,15,0,55,56,52,54,51,52,53,52,54,52,52,52,53,54,54,55,56,56,58,57,58,54,54,53,52,52,48,47,0,0,0,0,0,0,0,53,53,54,53,53,54,53,52,54,51,52,52,51,50,50,50,49,50,49,49,49,49,50,52,51,50,52,51
20260726_153123_c36ca3,1785076320818887,1149210568,0,0,0,-46,128,0,13,13,13,13,12,13,13,13,13,13,13,13,13,13,14,14,15,14,14,14,14,14,13,13,13,13,0,0,0,0,0,0,0,0,0,0,0,13,13,14,13,13,13,13,13,13,13,13,13,12,12,11,13,12,12,12,12,13,13,13,13,13,13,0,51,51,50,52,50,49,50,49,50,52,52,49,52,52,54,54,53,54,55,54,54,54,52,51,51,48,48,45,0,0,0,0,0,0,0,51,49,51,52,53,52,52,50,51,50,50,51,49,49,49,47,47,48,48,48,48,47,48,48,51,51,53,51
20260726_153123_c36ca3,1785076320921563,1149314748,0,0,0,-46,128,0,14,15,15,14,14,14,14,14,14,13,14,14,14,14,14,15,15,15,16,16,15,15,15,15,14,14,0,0,0,0,0,0,0,0,0,0,0,15,15,15,14,14,14,14,14,14,14,14,14,13,13,13,13,13,13,14,14,14,14,14,14,14,14,0,52,53,53,52,53,53,51,51,51,51,51,52,51,51,53,54,55,55,55,55,55,54,53,52,50,49,49,47,0,0,0,0,0,0,0,52,52,50,51,52,54,53,52,52,53,51,51,50,50,49,49,49,49,47,48,50,50,50,48,50,51,51,51
20260726_153123_c36ca3,1785076321023682,1149414245,0,0,0,-46,128,0,13,13,13,13,13,12,12,12,14,14,14,13,13,13,14,14,14,14,15,15,14,14,13,13,13,12,0,0,0,0,0,0,0,0,0,0,0,13,13,14,14,14,13,14,14,13,13,13,13,13,13,12,13,12,12,12,12,12,12,13,13,13,13,0,54,53,51,54,51,52,51,51,52,53,51,50,53,53,54,53,56,55,57,56,56,54,53,52,51,49,48,45,0,0,0,0,0,0,0,52,52,51,53,54,52,53,51,53,52,52,51,51,49,49,49,48,50,47,50,48,48,49,50,51,51,52,51
20260726_153123_c36ca3,1785076321120428,1149510713,0,0,0,-46,128,0,14,14,14,14,14,14,14,14,14,14,14,14,14,15,15,15,15,15,15,15,15,15,14,14,13,14,0,0,0,0,0,0,0,0,0,0,0,15,14,14,14,14,14,14,14,14,13,13,13,13,13,13,13,13,13,14,14,14,13,13,13,14,14,0,53,53,55,51,51,52,51,51,52,51,53,51,52,54,53,55,54,57,56,55,56,54,53,54,51,50,49,47,0,0,0,0,0,0,0,53,54,54,56,53,55,53,54,53,52,51,50,51,51,51,49,50,47,49,48,50,50,51,50,50,53,52,53
20260726_153123_c36ca3,1785076321221612,1149610229,0,0,0,-46,128,0,13,14,14,14,14,14,14,13,13,13,13,13,14,14,14,14,15,14,15,15,15,14,14,14,13,13,0,0,0,0,0,0,0,0,0,0,0,14,14,14,14,14,13,13,13,14,13,13,13,13,13,13,13,13,13,13,14,14,13,13,14,14,14,0,51,52,52,52,51,51,51,51,51,51,51,50,52,53,53,53,54,54,56,55,53,55,54,51,50,49,49,48,0,0,0,0,0,0,0,55,52,54,52,53,53,54,51,53,52,52,52,50,49,48,50,50,49,49,48,50,50,49,50,50,51,52,52
20260726_153123_c36ca3,1785076321322775,1149711894,0,0,0,-46,128,0,14,13,13,14,13,13,13,13,13,13,13,12,12,13,13,13,13,13,14,14,14,13,14,12,12,12,0,0,0,0,0,0,0,0,0,0,0,13,13,13,13,13,14,14,13,13,13,13,13,13,12,12,12,12,12,12,12,12,12,13,13,13,14,0,51,49,50,52,50,49,49,48,50,51,51,51,50,51,51,54,52,55,55,55,53,52,51,50,49,46,45,45,0,0,0,0,0,0,0,51,50,51,51,51,53,52,52,52,51,50,49,50,49,47,48,48,49,48,48,49,48,49,50,50,50,50,50
20260726_153123_c36ca3,1785076321419319,1149810975,0,0,0,-46,128,0,14,13,13,13,13,13,13,13,13,13,13,13,13,13,14,14,14,14,14,15,14,14,14,13,13,13,0,0,0,0,0,0,0,0,0,0,0,13,13,13,13,14,13,13,13,13,13,13,13,13,13,13,13,12,12,13,12,13,13,13,13,14,13,0,51,50,50,50,51,49,49,50,49,48,51,49,49,51,51,52,52,54,55,54,53,51,51,49,49,49,46,45,0,0,0,0,0,0,0,51,53,50,53,52,53,51,52,52,52,51,50,50,49,48,48,49,48,50,47,49,47,47,49,49,50,49,51
20260726_153123_c36ca3,1785076321520868,1149911238,0,0,0,-46,128,0,15,15,14,15,14,14,14,14,14,14,14,14,14,14,15,14,15,15,15,16,15,15,14,14,14,14,0,0,0,0,0,0,0,0,0,0,0,15,14,14,15,15,14,14,14,14,14,14,14,14,14,13,14,13,13,13,13,14,13,14,14,14,14,0,53,53,52,52,52,52,52,50,50,50,51,50,52,51,53,54,55,55,55,56,55,53,52,52,50,50,48,45,0,0,0,0,0,0,0,54,52,53,53,54,52,55,54,53,52,53,51,51,51,50,50,48,50,49,50,49,50,50,51,51,50,50,51
20260726_153123_c36ca3,1785076321617387,1150010152,0,0,0,-46,128,0,14,14,14,14,13,13,13,13,13,13,13,13,13,13,13,13,14,14,14,14,14,14,14,14,12,12,0,0,0,0,0,0,0,0,0,0,0,13,13,14,14,14,14,14,14,13,13,13,13,13,13,12,13,12,12,12,12,12,12,14,14,13,14,0,52,49,52,52,50,51,49,49,50,49,51,50,51,51,51,54,53,54,55,54,53,51,51,49,49,48,48,45,0,0,0,0,0,0,0,52,51,52,53,51,54,52,54,52,52,51,50,50,51,49,48,47,48,48,47,50,49,48,49,49,51,51,51
20260726_153123_c36ca3,1785076321719779,1150110457,0,0,0,-46,128,0,13,13,12,13,13,13,13,12,13,13,13,12,12,13,13,13,13,14,14,14,14,13,13,13,13,13,0,0,0,0,0,0,0,0,0,0,0,13,13,14,13,13,13,13,13,13,13,13,13,12,12,13,13,12,12,12,13,13,13,13,13,13,13,0,52,51,50,49,52,51,50,47,49,51,49,49,51,52,52,52,53,55,53,54,52,54,51,51,47,48,45,45,0,0,0,0,0,0,0,54,54,52,49,53,52,52,52,53,51,52,49,50,50,49,49,47,47,49,47,49,48,49,48,49,51,50,52
20260726_153123_c36ca3,1785076321822221,1150210229,0,0,0,-46,128,0,15,15,15,14,14,14,14,14,14,14,14,14,14,14,15,15,15,15,15,15,15,15,15,14,14,14,0,0,0,0,0,0,0,0,0,0,0,15,15,15,15,15,15,15,14,15,14,14,14,14,14,14,14,14,14,14,13,14,14,14,14,14,15,0,52,52,52,53,50,50,51,51,52,51,52,51,51,52,53,54,54,55,56,55,55,53,52,51,51,49,46,45,0,0,0,0,0,0,0,53,53,53,53,54,54,54,53,54,53,52,54,52,52,51,49,48,50,49,48,49,50,50,49,51,51,53,54
20260726_153123_c36ca3,1785076321925420,1150313911,0,0,0,-46,128,0,14,14,14,14,14,13,13,13,13,13,13,13,14,14,14,14,14,14,15,14,14,14,14,13,13,13,0,0,0,0,0,0,0,0,0,0,0,14,14,14,14,14,13,14,13,13,13,13,13,13,13,13,12,13,13,13,13,13,14,13,13,14,14,0,51,52,52,52,53,52,51,50,50,51,52,50,52,51,52,52,55,54,55,55,54,54,52,51,49,46,49,45,0,0,0,0,0,0,0,54,52,51,53,53,54,55,53,53,52,52,52,53,50,49,51,49,49,49,48,50,49,50,50,51,52,52,50
20260726_153123_c36ca3,1785076322021975,1150410427,0,0,0,-46,128,0,14,13,14,13,13,13,13,13,13,13,13,13,13,13,13,14,14,14,14,14,14,14,13,13,13,13,0,0,0,0,0,0,0,0,0,0,0,14,14,14,14,14,14,14,14,13,13,13,13,13,13,13,13,13,13,13,13,13,13,13,13,14,14,0,55,50,51,52,52,51,51,50,50,49,51,51,51,53,51,54,53,55,54,55,53,52,50,50,49,49,46,45,0,0,0,0,0,0,0,51,53,52,53,51,55,52,53,53,52,53,49,50,50,49,50,50,49,50,47,49,48,49,49,49,50,50,51
20260726_153123_c36ca3,1785076322118734,1150510608,0,0,0,-46,128,0,14,15,14,14,14,14,14,14,14,14,14,14,14,14,15,15,15,15,15,15,15,15,15,14,15,14,0,0,0,0,0,0,0,0,0,0,0,16,15,16,15,15,15,16,16,14,14,15,14,14,14,14,14,14,14,14,14,15,14,15,14,14,15,0,53,53,51,53,51,51,52,51,53,52,52,52,52,51,55,53,55,55,57,55,55,54,54,51,50,49,47,45,0,0,0,0,0,0,0,54,53,54,54,56,55,55,55,54,53,53,53,51,51,51,50,49,50,50,49,48,50,50,49,51,50,52,51
20260726_153123_c36ca3,1785076322220675,1150610341,0,0,0,-46,128,0,13,13,13,13,13,13,13,13,13,13,13,13,13,14,14,14,14,15,14,14,14,14,13,13,13,13,0,0,0,0,0,0,0,0,0,0,0,14,14,15,13,14,14,14,13,13,13,13,13,13,13,12,13,13,13,13,13,13,13,13,13,13,13,0,54,51,50,53,51,53,46,51,51,53,52,48,51,50,52,52,53,50,55,51,53,53,48,53,53,49,39,46,0,0,0,0,0,0,0,56,46,51,52,57,54,54,54,54,52,53,51,52,49,50,49,47,50,49,49,50,48,50,50,51,49,51,51
20260726_153123_c36ca3,1785076322317283,1150710874,0,0,0,-46,128,0,15,15,15,15,15,14,13,14,14,13,14,14,14,14,14,15,15,15,14,15,16,15,15,14,14,13,0,0,0,0,0,0,0,0,0,0,0,15,14,15,15,15,15,14,14,14,14,14,14,14,14,14,13,13,13,13,14,14,14,14,15,15,14,0,53,53,53,52,53,53,51,51,52,51,50,51,53,54,52,54,53,55,55,55,54,54,52,52,52,50,46,46,0,0,0,0,0,0,0,53,53,54,55,55,56,53,55,56,53,54,50,51,51,52,50,50,49,50,48,49,50,51,51,50,51,52,53
20260726_153123_c36ca3,1785076322419306,1150810255,0,0,0,-46,128,0,14,14,14,14,12,13,13,12,13,13,13,13,13,13,13,13,14,14,14,14,14,13,14,13,13,12,0,0,0,0,0,0,0,0,0,0,0,14,14,14,14,14,13,14,14,14,14,14,13,13,13,13,13,13,13,12,13,13,13,14,14,14,14,0,53,52,51,53,51,50,51,49,51,50,49,50,51,51,53,52,54,53,55,55,53,53,51,50,49,49,46,44,0,0,0,0,0,0,0,53,53,54,53,53,52,53,53,53,53,53,51,51,51,50,50,49,50,49,50,48,49,49,50,49,50,51,50
20260726_153123_c36ca3,1785076322520608,1150910334,0,0,0,-46,128,0,13,14,14,14,14,14,14,13,14,14,14,14,14,15,14,14,15,15,15,15,15,14,14,14,13,13,0,0,0,0,0,0,0,0,0,0,0,14,14,14,14,14,14,14,14,14,14,14,13,13,13,13,13,13,13,13,13,13,13,13,13,13,14,0,52,51,52,52,51,51,51,51,51,52,52,51,51,53,52,53,54,56,55,54,54,54,53,52,49,49,46,46,0,0,0,0,0,0,0,54,53,52,53,54,55,53,54,54,52,52,52,51,52,50,50,50,49,49,49,50,50,49,50,51,52,52,53
20260726_153123_c36ca3,1785076322618615,1151010465,0,0,0,-46,128,0,14,14,14,14,14,14,14,14,14,13,14,14,14,15,14,15,15,15,15,15,15,15,14,14,13,13,0,0,0,0,0,0,0,0,0,0,0,15,15,14,14,14,14,14,14,14,13,13,13,13,13,13,13,13,13,14,13,14,14,13,13,14,14,0,52,51,54,52,53,52,51,50,51,50,51,51,51,52,53,54,55,56,56,55,55,53,52,52,49,49,47,48,0,0,0,0,0,0,0,53,53,53,53,53,54,53,55,54,53,52,51,51,50,49,49,49,50,50,48,50,50,51,50,52,51,52,52
20260726_153123_c36ca3,1785076322721059,1151110634,0,0,0,-46,128,0,14,14,14,15,13,13,13,13,13,14,14,13,14,14,14,14,14,15,15,14,14,14,15,14,14,13,0,0,0,0,0,0,0,0,0,0,0,14,14,14,14,15,15,15,14,14,14,14,14,14,13,13,13,13,13,13,13,14,14,14,14,14,14,0,53,54,49,52,51,51,52,51,51,50,51,50,52,52,53,53,54,53,54,55,54,55,53,51,50,47,47,45,0,0,0,0,0,0,0,54,53,54,54,55,53,55,53,53,53,53,52,50,51,51,49,48,49,48,49,47,50,51,51,52,49,52,52
20260726_153123_c36ca3,1785076322823189,1151211846,0,0,0,-46,128,0,14,14,14,14,14,14,13,13,13,13,13,14,14,13,14,15,15,14,14,14,14,14,14,14,14,13,0,0,0,0,0,0,0,0,0,0,0,14,14,14,14,15,14,14,14,14,14,13,13,14,13,13,13,13,13,13,12,13,13,14,14,14,14,0,52,51,51,50,53,51,51,50,49,50,50,52,50,54,52,54,54,55,55,55,52,53,53,51,48,47,46,46,0,0,0,0,0,0,0,57,51,49,55,51,56,47,59,54,48,54,50,50,46,51,45,48,47,49,46,48,51,47,46,49,52,52,52
20260726_153123_c36ca3,1785076322919248,1151310931,0,0,0,-46,128,0,14,13,13,13,13,13,13,13,13,13,13,13,13,14,14,14,14,14,14,14,13,13,13,13,13,13,0,0,0,0,0,0,0,0,0,0,0,13,14,14,14,13,14,14,13,14,13,13,13,13,13,13,13,12,12,13,13,13,13,13,13,13,13,0,52,50,50,50,50,49,50,49,50,52,50,48,50,50,53,53,53,55,54,54,53,52,52,49,48,47,45,44,0,0,0,0,0,0,0,52,51,51,51,52,53,52,54,53,52,51,51,51,50,49,49,48,49,49,49,49,49,49,48,51,52,50,52
20260726_153123_c36ca3,1785076323020474,1151410385,0,0,0,-46,128,0,14,14,14,14,13,13,13,13,13,13,13,13,13,13,13,14,13,14,14,14,14,14,13,13,13,12,0,0,0,0,0,0,0,0,0,0,0,14,14,14,14,14,14,14,14,14,13,13,13,13,13,13,13,13,12,12,12,12,13,13,13,13,14,0,51,52,51,52,48,50,48,49,49,51,51,51,50,49,52,52,52,54,55,54,53,51,51,48,49,47,44,44,0,0,0,0,0,0,0,51,52,52,54,53,52,53,52,52,52,50,51,50,50,49,49,49,48,48,48,47,47,49,48,51,50,50,52
20260726_153123_c36ca3,1785076323121877,1151510266,0,0,0,-46,128,0,13,13,13,13,13,13,13,13,13,12,13,13,13,14,13,14,14,14,14,14,14,13,13,13,12,12,0,0,0,0,0,0,0,0,0,0,0,13,13,14,14,14,14,13,13,13,13,13,13,13,13,12,11,12,12,12,12,12,13,12,13,13,13,0,51,51,51,50,50,51,49,50,50,50,49,49,50,51,51,53,52,54,53,54,53,53,52,49,49,48,47,44,0,0,0,0,0,0,0,52,52,52,52,54,53,52,53,53,50,50,51,49,50,50,49,48,48,49,49,48,49,49,50,49,49,53,51
20260726_153123_c36ca3,1785076323219717,1151610351,0,0,0,-46,128,0,14,14,14,13,13,13,13,13,13,13,13,13,14,14,14,14,14,14,14,14,14,14,14,13,13,13,0,0,0,0,0,0,0,0,0,0,0,14,14,14,14,15,14,15,14,14,14,13,13,13,13,13,13,13,13,13,13,14,13,14,14,14,13,0,51,52,52,51,51,50,50,50,49,50,49,51,51,51,51,51,52,54,55,53,52,52,52,50,49,47,47,47,0,0,0,0,0,0,0,52,53,52,53,54,54,54,53,53,53,52,50,50,51,50,49,49,49,48,48,48,49,50,50,50,50,50,50
20260726_153123_c36ca3,1785076323322002,1151710808,0,0,0,-46,128,0,14,14,14,13,13,13,13,13,13,13,13,13,13,13,13,13,13,14,14,14,14,14,14,13,12,12,0,0,0,0,0,0,0,0,0,0,0,14,14,13,14,13,14,14,13,13,13,13,13,13,13,12,13,12,12,12,12,13,13,13,14,14,13,0,52,52,50,53,50,52,50,51,51,52,51,49,50,49,55,53,55,54,56,55,56,53,52,49,49,48,48,45,0,0,0,0,0,0,0,53,53,54,53,54,53,54,55,53,54,52,53,52,52,50,49,47,51,48,49,49,48,51,49,52,53,52,51
20260726_153123_c36ca3,1785076323419047,1151810661,0,0,0,-46,128,0,14,14,14,13,13,13,13,14,14,13,13,13,14,14,14,14,14,14,15,15,15,14,14,14,13,13,0,0,0,0,0,0,0,0,0,0,0,14,14,15,15,15,15,15,14,14,14,14,14,13,13,13,14,13,13,13,14,14,14,14,14,14,13,0,50,52,51,52,51,51,50,50,48,51,50,51,51,50,51,51,54,54,52,54,53,52,52,51,47,45,47,45,0,0,0,0,0,0,0,54,53,53,52,55,54,54,52,54,52,52,51,52,50,51,49,49,48,48,49,48,50,49,49,50,53,52,50
20260726_153123_c36ca3,1785076323521162,1151910531,0,0,0,-46,128,0,14,14,14,14,14,14,13,13,13,14,14,14,14,14,14,14,14,14,15,15,15,15,14,14,14,13,0,0,0,0,0,0,0,0,0,0,0,15,15,15,15,15,14,14,15,14,14,14,14,14,14,13,13,13,13,14,14,14,14,14,14,14,14,0,52,51,52,51,51,51,49,49,50,50,51,51,52,51,51,52,56,54,52,54,53,52,51,51,49,48,45,46,0,0,0,0,0,0,0,54,55,53,53,52,55,53,54,54,54,52,52,50,49,50,50,49,49,50,47,49,50,50,51,49,50,52,51
20260726_153123_c36ca3,1785076323617143,1152010367,0,0,0,-46,128,0,13,14,14,13,13,13,13,13,12,13,13,13,14,13,14,14,14,14,14,14,14,14,13,13,13,12,0,0,0,0,0,0,0,0,0,0,0,14,13,13,14,14,14,14,13,13,13,13,13,13,12,12,12,12,12,12,13,13,13,13,14,14,14,0,49,52,51,51,51,50,50,49,50,49,50,50,51,51,51,53,53,53,54,53,53,53,52,50,49,47,45,46,0,0,0,0,0,0,0,53,54,53,53,53,54,52,52,53,53,52,50,50,49,50,49,48,49,48,47,49,50,50,49,49,51,49,51
20260726_153123_c36ca3,1785076323719045,1152110426,0,0,0,-46,128,0,14,14,14,15,15,14,14,14,14,14,14,14,14,14,14,14,15,15,15,15,15,15,15,14,13,13,0,0,0,0,0,0,0,0,0,0,0,16,15,16,16,14,16,15,15,15,14,15,14,14,14,14,13,14,13,13,14,13,14,13,14,14,14,0,50,51,50,50,49,49,50,48,48,49,50,49,51,50,51,51,53,52,52,52,52,51,51,49,48,46,46,46,0,0,0,0,0,0,0,54,50,52,55,50,51,53,52,54,52,53,52,51,51,51,51,47,50,44,49,44,48,50,46,46,49,51,49
20260726_153123_c36ca3,1785076323821974,1152210767,0,0,0,-46,128,0,14,14,14,14,14,14,14,14,14,15,15,14,14,14,14,14,15,15,15,15,15,15,15,14,13,13,0,0,0,0,0,0,0,0,0,0,0,15,14,15,15,15,15,14,14,15,15,14,14,14,14,13,14,13,13,14,14,14,15,14,14,15,14,0,53,51,52,51,49,51,49,48,49,52,49,51,51,51,52,52,54,52,54,53,52,53,54,49,49,47,47,46,0,0,0,0,0,0,0,53,53,54,53,54,54,54,53,54,52,53,52,51,51,50,48,50,48,49,49,50,47,49,51,48,52,53,51
20260726_153123_c36ca3,1785076323918188,1152310053,0,0,0,-46,128,0,13,15,13,13,14,14,14,14,14,14,14,14,14,14,14,14,14,14,15,14,14,14,14,13,13,13,0,0,0,0,0,0,0,0,0,0,0,14,14,15,14,14,14,14,14,14,14,14,14,14,14,13,13,13,13,13,13,13,14,13,13,14,13,0,50,52,54,53,52,53,53,49,49,51,52,52,51,53,52,54,55,55,54,55,54,53,53,52,50,48,48,47,0,0,0,0,0,0,0,54,54,54,52,55,55,55,55,53,54,53,51,52,51,51,50,51,49,50,48,50,51,52,52,50,54,53,53
20260726_153123_c36ca3,1785076324019715,1152410100,0,0,0,-46,128,0,14,14,14,14,13,13,13,13,13,13,13,13,13,13,14,14,14,14,14,14,14,13,14,13,12,12,0,0,0,0,0,0,0,0,0,0,0,14,14,14,14,14,14,14,13,13,13,13,13,13,13,12,13,12,12,12,13,12,13,14,13,13,13,0,53,50,50,52,49,49,48,48,50,48,49,50,47,50,51,52,51,52,55,54,53,51,50,50,49,46,45,43,0,0,0,0,0,0,0,52,53,53,53,53,54,54,52,52,51,51,51,50,51,49,49,47,49,48,50,48,47,48,50,50,48,52,51
20260726_153123_c36ca3,1785076324119950,1152510875,0,0,0,-46,128,0,14,14,14,14,14,14,14,14,14,14,15,13,14,14,14,14,15,16,16,15,15,15,14,14,14,13,0,0,0,0,0,0,0,0,0,0,0,16,15,15,15,16,15,15,15,15,15,14,14,15,13,13,14,13,14,13,14,14,14,14,14,14,15,0,53,54,52,52,52,52,50,51,52,52,52,51,53,54,52,56,56,54,55,56,54,53,52,52,52,51,47,46,0,0,0,0,0,0,0,54,54,54,55,55,57,56,54,55,54,54,54,53,52,52,52,50,52,50,51,51,51,51,50,52,51,52,52
20260726_153123_c36ca3,1785076324221946,1152610988,0,0,0,-46,128,0,14,15,15,15,15,15,15,15,14,14,14,14,14,14,15,15,15,15,15,15,16,14,15,14,14,14,0,0,0,0,0,0,0,0,0,0,0,16,14,17,16,15,15,16,14,14,14,14,14,14,14,14,14,13,13,14,14,14,14,14,15,15,15,0,52,54,53,53,52,52,51,52,51,54,51,50,51,51,53,54,55,55,56,57,55,53,53,52,50,49,47,47,0,0,0,0,0,0,0,59,55,55,54,56,58,52,53,54,49,54,51,53,54,53,51,52,52,52,52,49,47,50,50,49,51,52,53
20260726_153123_c36ca3,1785076324319869,1152710767,0,0,0,-46,128,0,14,14,14,13,13,13,13,13,14,13,13,13,13,13,13,14,14,14,14,15,15,14,14,13,13,13,0,0,0,0,0,0,0,0,0,0,0,14,14,14,15,14,14,14,14,14,14,14,14,14,13,13,13,13,13,13,13,13,13,13,14,14,14,0,52,52,50,52,51,50,50,50,49,49,50,50,51,51,50,51,53,55,54,53,52,52,52,50,48,47,45,45,0,0,0,0,0,0,0,53,53,53,53,53,53,53,54,54,52,52,51,50,50,49,49,49,49,48,47,47,49,52,49,49,51,51,50
20260726_153123_c36ca3,1785076324421752,1152810461,0,0,0,-46,128,0,13,14,14,13,13,13,13,13,13,13,13,13,13,13,13,13,13,13,14,14,14,14,14,13,12,12,0,0,0,0,0,0,0,0,0,0,0,14,14,14,14,14,13,13,13,13,13,13,13,13,12,12,12,12,12,12,12,12,12,13,14,13,13,0,52,54,53,53,50,51,51,52,51,52,51,52,51,52,52,53,56,53,54,53,54,53,53,51,50,47,47,45,0,0,0,0,0,0,0,55,53,53,50,55,55,60,52,54,57,51,50,48,55,52,49,47,49,50,49,48,48,51,49,51,52,53,51
20260726_153123_c36ca3,1785076324519188,1152910437,0,0,0,-46,128,0,14,14,13,13,13,13,13,13,12,13,13,13,13,13,13,13,13,14,14,14,13,13,13,13,12,12,0,0,0,0,0,0,0,0,0,0,0,14,14,14,13,14,14,14,14,14,13,13,13,13,13,13,13,13,13,13,13,12,12,14,13,14,14,0,51,50,51,51,50,52,50,50,50,49,50,50,49,50,51,53,52,55,54,53,53,51,50,50,48,48,44,44,0,0,0,0,0,0,0,53,53,53,53,53,56,52,54,53,52,52,51,51,49,49,48,47,48,49,48,49,49,47,48,49,51,50,53
20260726_153123_c36ca3,1785076324619910,1153011107,0,0,0,-46,128,0,15,14,15,14,15,15,14,14,14,14,14,14,14,15,14,15,15,16,15,16,15,15,14,14,15,14,0,0,0,0,0,0,0,0,0,0,0,15,16,16,16,15,15,16,15,14,14,14,14,15,14,14,14,14,13,14,14,14,14,13,15,15,15,0,51,52,53,51,50,52,50,50,50,52,52,49,50,50,53,54,54,54,56,55,55,53,52,51,49,49,46,45,0,0,0,0,0,0,0,55,53,55,54,54,55,54,54,55,54,52,53,52,52,50,50,48,50,50,50,50,50,50,49,51,52,51,51
20260726_153123_c36ca3,1785076324722277,1153110945,0,0,0,-46,128,0,14,14,13,13,13,13,13,13,13,13,13,12,12,13,13,13,14,14,14,14,14,13,13,13,13,12,0,0,0,0,0,0,0,0,0,0,0,14,14,14,14,14,14,14,14,14,13,13,13,13,13,13,13,13,13,13,13,13,13,13,13,13,14,0,52,51,50,51,49,49,51,49,49,51,49,50,50,51,51,53,52,53,53,53,52,52,49,48,49,48,45,43,0,0,0,0,0,0,0,53,52,54,53,53,54,53,53,53,53,52,51,51,51,50,49,48,48,49,48,48,48,49,49,51,50,51,51
20260726_153123_c36ca3,1785076324818801,1153210389,0,0,0,-46,128,0,14,14,14,14,14,14,14,14,14,14,14,14,14,15,14,15,15,15,15,15,15,15,14,14,13,13,0,0,0,0,0,0,0,0,0,0,0,15,15,15,15,14,15,14,15,14,14,14,13,13,13,13,13,14,13,14,14,14,14,13,13,14,14,0,52,52,54,51,52,52,50,51,50,50,50,50,50,52,50,54,51,56,54,53,54,51,51,51,48,48,47,46,0,0,0,0,0,0,0,53,53,53,54,52,54,53,56,54,53,52,50,52,51,50,49,50,48,50,48,51,50,49,50,49,51,52,52
20260726_153123_c36ca3,1785076324921522,1153310562,0,0,0,-46,128,0,14,14,14,14,13,14,14,13,13,13,13,13,13,13,14,14,14,14,14,14,14,15,14,14,13,13,0,0,0,0,0,0,0,0,0,0,0,14,14,14,15,15,15,14,14,14,14,14,14,14,13,13,13,13,13,13,13,13,13,14,14,14,14,0,53,50,52,51,51,51,50,48,50,48,50,49,51,52,51,52,53,54,53,54,52,52,51,50,48,48,47,45,0,0,0,0,0,0,0,52,53,54,53,53,54,53,54,54,52,52,50,51,50,49,49,50,47,48,48,48,47,50,50,49,50,52,51
20260726_153123_c36ca3,1785076325018800,1153410480,0,0,0,-46,128,0,15,15,15,15,14,14,14,14,14,14,15,14,14,14,16,15,15,16,16,16,16,14,15,15,14,14,0,0,0,0,0,0,0,0,0,0,0,16,16,15,15,15,15,15,15,15,15,15,15,15,14,14,14,14,14,13,13,14,14,15,15,15,15,0,52,52,52,51,50,51,51,51,50,50,50,50,53,53,53,54,54,56,54,55,54,52,50,50,50,52,45,44,0,0,0,0,0,0,0,53,55,54,57,55,56,53,55,55,55,54,51,51,51,51,51,50,49,50,48,49,50,50,52,51,51,51,54
20260726_153123_c36ca3,1785076325122265,1153510887,0,0,0,-46,128,0,14,14,14,14,14,13,13,14,14,14,14,13,14,14,14,14,14,14,14,15,14,14,14,14,13,12,0,0,0,0,0,0,0,0,0,0,0,14,14,14,15,15,15,15,14,14,14,14,14,13,14,13,13,13,13,13,13,13,13,13,14,14,14,0,51,52,51,51,52,50,50,49,50,48,49,50,50,52,51,52,53,54,54,53,53,52,52,51,48,47,47,45,0,0,0,0,0,0,0,51,51,54,54,53,54,54,52,53,53,51,52,51,51,50,50,48,47,48,48,47,49,50,49,50,49,52,52
20260726_153123_c36ca3,1785076325218638,1153611218,0,0,0,-46,128,0,15,15,15,15,15,15,14,14,14,14,14,14,14,15,14,15,15,15,15,15,15,15,14,15,14,14,0,0,0,0,0,0,0,0,0,0,0,15,15,15,15,14,14,14,14,14,14,14,14,13,13,14,13,13,13,13,13,13,14,14,14,14,15,0,53,54,52,53,49,52,50,52,49,51,52,50,51,49,53,52,54,54,54,53,53,53,53,53,49,48,45,45,0,0,0,0,0,0,0,54,54,53,52,54,55,55,52,54,52,52,52,52,51,51,50,48,51,48,50,49,50,50,51,52,51,52,51
20260726_153123_c36ca3,1785076325319873,1153710920,0,0,0,-46,128,0,14,14,14,13,13,13,13,13,13,13,13,13,13,13,13,13,14,13,14,14,14,14,13,13,13,12,0,0,0,0,0,0,0,0,0,0,0,14,14,15,15,14,14,14,14,14,14,14,13,13,13,13,13,13,13,13,13,13,14,14,14,14,14,0,51,52,51,52,50,50,51,50,50,50,50,50,52,51,51,51,54,52,53,54,53,53,53,52,48,47,47,46,0,0,0,0,0,0,0,53,53,53,52,56,53,56,54,55,52,52,52,51,51,51,50,50,49,47,49,49,50,50,51,51,50,53,48
20260726_153123_c36ca3,1785076325420481,1153810952,0,0,0,-46,128,0,14,14,13,14,13,13,13,13,13,13,13,13,13,14,14,14,14,14,14,14,14,14,14,13,13,12,0,0,0,0,0,0,0,0,0,0,0,14,14,15,15,15,14,14,14,14,14,14,14,13,13,13,13,12,12,12,13,13,13,13,13,14,13,0,52,52,49,51,49,51,49,49,49,50,50,50,51,50,51,51,53,54,53,53,54,52,51,49,48,47,46,44,0,0,0,0,0,0,0,54,53,54,53,54,54,53,52,52,52,52,52,51,51,50,49,48,50,48,49,47,50,48,49,52,50,51,50
20260726_153123_c36ca3,1785076325523425,1153916372,0,0,0,-46,128,0,14,14,14,14,14,14,14,14,13,13,13,13,13,14,14,14,14,14,14,14,15,15,14,14,13,13,0,0,0,0,0,0,0,0,0,0,0,15,14,14,15,15,15,14,14,14,14,14,14,13,14,13,13,13,13,13,13,13,13,14,14,14,14,0,53,52,52,52,51,51,49,50,51,49,51,50,51,53,52,53,54,53,55,54,53,53,51,51,49,49,47,45,0,0,0,0,0,0,0,55,54,52,55,54,56,54,55,53,52,52,51,51,51,50,49,50,49,50,48,51,47,50,50,52,54,50,51
20260726_153123_c36ca3,1785076325619285,1154011348,0,0,0,-46,128,0,15,14,15,15,14,14,14,14,14,14,14,14,14,14,14,15,15,15,15,15,15,15,14,14,14,13,0,0,0,0,0,0,0,0,0,0,0,15,15,15,15,15,15,15,14,14,14,14,14,14,14,14,14,14,13,14,14,14,14,14,14,14,15,0,52,52,51,52,50,51,50,50,50,51,51,50,51,51,52,54,53,55,54,55,54,51,53,51,50,49,46,44,0,0,0,0,0,0,0,53,53,54,54,53,55,54,55,54,52,54,51,52,51,51,50,49,49,50,48,49,48,51,49,51,51,51,52
20260726_153123_c36ca3,1785076325721070,1154111445,0,0,0,-46,128,0,13,13,13,13,13,13,13,12,14,14,13,13,13,13,14,14,14,14,14,15,14,13,13,13,13,12,0,0,0,0,0,0,0,0,0,0,0,13,14,14,14,14,14,14,14,14,13,13,13,13,13,13,13,13,13,12,13,13,13,13,13,13,13,0,52,49,50,50,50,50,49,49,49,49,50,49,50,50,51,53,51,53,55,54,52,52,50,49,49,48,45,45,0,0,0,0,0,0,0,51,50,51,52,55,53,55,54,54,53,53,50,49,50,49,47,50,49,49,46,47,48,48,48,50,50,51,51
20260726_153123_c36ca3,1785076325820915,1154213143,0,0,0,-46,128,0,15,15,15,15,15,14,14,14,14,14,14,14,14,14,14,16,15,16,16,15,15,16,15,14,14,13,0,0,0,0,0,0,0,0,0,0,0,16,16,15,15,16,16,15,15,15,14,14,14,14,14,14,14,14,14,14,13,14,14,14,14,15,16,0,54,53,52,53,51,52,50,50,50,51,51,50,52,52,52,55,54,56,56,56,54,53,53,51,50,50,45,45,0,0,0,0,0,0,0,55,54,52,53,54,55,55,55,56,54,53,52,52,50,51,49,49,50,50,48,50,50,50,51,52,52,51,53
20260726_153123_c36ca3,1785076325920274,1154310307,0,0,0,-46,128,0,14,14,14,14,13,13,14,13,13,13,14,14,14,14,14,15,15,15,15,15,14,14,14,13,13,13,0,0,0,0,0,0,0,0,0,0,0,15,15,15,15,15,15,14,14,14,14,14,14,14,13,13,14,13,13,13,13,14,14,14,14,14,14,0,53,53,52,51,50,51,50,51,50,51,50,51,52,51,53,52,54,53,54,54,54,54,53,52,49,47,48,46,0,0,0,0,0,0,0,54,52,52,55,56,54,54,54,54,54,53,52,52,50,51,51,48,50,47,47,50,50,51,51,50,53,52,51
20260726_153123_c36ca3,1785076326022007,1154410313,0,0,0,-46,128,0,13,13,13,13,13,13,13,13,13,13,13,13,13,13,13,13,14,14,14,14,14,13,13,13,12,12,0,0,0,0,0,0,0,0,0,0,0,13,13,13,14,14,14,14,14,14,14,13,13,12,12,12,12,12,12,12,12,12,12,13,13,13,13,0,52,50,51,51,51,52,50,50,48,48,50,50,50,50,51,53,52,54,55,53,54,51,51,49,49,47,45,44,0,0,0,0,0,0,0,50,54,53,53,54,54,54,54,54,54,52,50,50,51,50,48,49,47,49,48,50,48,49,49,49,50,50,51
20260726_153123_c36ca3,1785076326117359,1154510483,0,0,0,-46,128,0,14,13,13,13,13,13,13,12,12,12,13,12,12,13,13,13,13,13,13,14,13,13,13,13,12,12,0,0,0,0,0,0,0,0,0,0,0,14,14,14,14,13,13,13,13,13,13,14,13,12,13,12,12,13,12,12,12,12,13,13,13,13,13,0,52,49,50,51,50,51,49,49,49,50,52,50,50,50,51,53,52,54,54,54,52,51,50,50,48,46,46,45,0,0,0,0,0,0,0,53,52,53,53,54,54,53,54,53,54,52,51,51,50,50,49,49,49,49,48,48,50,49,48,50,50,52,51
20260726_153123_c36ca3,1785076326218242,1154611110,0,0,0,-46,128,0,13,14,14,13,13,13,13,13,13,13,13,13,13,13,13,14,14,14,14,14,14,14,13,13,13,13,0,0,0,0,0,0,0,0,0,0,0,14,14,14,14,14,14,13,13,13,13,13,13,13,13,13,12,12,12,13,13,13,13,13,14,14,14,0,52,52,51,50,49,50,49,50,50,50,49,48,51,50,51,52,54,54,53,52,53,51,52,51,49,47,46,44,0,0,0,0,0,0,0,54,53,52,51,54,54,53,54,52,52,53,52,50,49,51,49,48,49,49,48,49,48,50,49,50,50,51,53
20260726_153123_c36ca3,1785076326319621,1154711160,0,0,0,-46,128,0,14,14,14,14,13,14,13,13,13,13,13,13,13,13,14,14,14,14,14,14,14,13,14,14,13,13,0,0,0,0,0,0,0,0,0,0,0,15,14,14,14,14,14,15,14,14,14,14,14,13,13,13,13,13,13,13,13,13,14,14,14,14,14,0,53,51,51,51,51,50,49,50,49,50,50,50,50,51,51,52,53,54,53,54,53,52,51,50,48,46,47,46,0,0,0,0,0,0,0,54,53,51,52,53,55,55,54,54,53,51,51,52,51,51,48,48,48,49,48,49,50,49,49,51,50,51,50
20260726_153123_c36ca3,1785076326421124,1154810832,0,0,0,-46,128,0,13,13,13,13,13,13,13,13,13,13,13,12,13,13,14,14,14,14,14,14,14,13,13,13,13,12,0,0,0,0,0,0,0,0,0,0,0,13,14,14,14,14,13,14,13,13,13,13,13,13,12,12,12,12,13,13,12,13,13,13,13,13,13,0,52,51,49,51,50,50,49,48,50,50,50,49,50,50,51,52,51,55,53,54,54,51,50,50,48,47,45,44,0,0,0,0,0,0,0,52,52,52,51,52,54,51,54,53,51,51,51,51,51,48,48,47,48,46,48,49,47,48,48,50,50,51,50
20260726_153123_c36ca3,1785076326517736,1154910392,0,0,0,-46,128,0,15,14,14,14,14,14,14,14,15,14,14,14,14,14,15,16,15,15,15,15,15,15,14,14,13,14,0,0,0,0,0,0,0,0,0,0,0,15,16,16,15,15,14,14,15,15,14,14,14,14,13,13,14,14,14,14,14,14,14,14,14,14,14,0,53,52,52,52,50,51,51,50,50,51,51,51,50,51,53,52,52,55,57,55,55,49,52,50,52,47,47,49,0,0,0,0,0,0,0,53,52,51,56,54,59,57,54,52,53,53,50,48,50,48,51,49,50,52,48,49,49,48,50,49,50,52,53
20260726_153123_c36ca3,1785076326620865,1155010757,0,0,0,-46,128,0,13,14,13,14,13,13,13,13,14,14,14,14,13,13,13,13,15,15,15,14,14,14,14,13,13,13,0,0,0,0,0,0,0,0,0,0,0,14,14,14,14,15,14,14,14,14,14,14,14,14,13,13,14,13,13,13,13,13,13,13,13,14,13,0,51,52,50,51,50,50,49,50,49,51,50,50,52,50,53,51,53,52,54,52,53,51,52,50,48,47,47,45,0,0,0,0,0,0,0,53,53,51,54,53,53,55,52,54,51,51,51,50,49,49,50,48,49,48,48,49,48,50,49,51,50,51,50
20260726_153123_c36ca3,1785076326717484,1155110760,0,0,0,-46,128,0,14,13,13,13,13,13,13,13,13,13,13,13,13,13,14,14,14,14,14,14,14,13,13,13,13,12,0,0,0,0,0,0,0,0,0,0,0,14,14,14,13,14,13,13,13,13,13,13,13,13,12,13,13,13,13,12,12,13,13,14,13,14,14,0,51,50,50,50,51,50,49,47,49,47,50,49,50,51,50,51,53,54,55,54,53,51,48,49,50,49,44,44,0,0,0,0,0,0,0,53,52,53,53,52,55,53,53,53,51,52,50,50,48,49,49,49,47,48,48,49,49,48,49,49,50,50,50
20260726_153123_c36ca3,1785076326818905,1155210737,0,0,0,-46,128,0,14,14,14,14,14,14,14,14,13,14,14,14,14,15,13,15,15,15,15,14,14,14,14,14,13,13,0,0,0,0,0,0,0,0,0,0,0,14,15,15,15,15,14,14,14,14,14,14,13,13,13,13,13,13,13,13,13,13,13,14,14,14,14,0,52,52,52,51,51,51,49,50,51,50,49,51,52,52,51,52,55,54,54,53,53,52,51,52,49,47,46,45,0,0,0,0,0,0,0,53,54,52,54,53,54,54,53,52,51,51,50,51,48,49,50,49,46,46,46,50,50,48,49,49,52,52,51
20260726_153123_c36ca3,1785076326919531,1155310851,0,0,0,-46,128,0,13,13,13,13,13,13,13,13,13,13,13,14,14,14,14,14,15,14,15,14,14,13,13,13,13,12,0,0,0,0,0,0,0,0,0,0,0,14,14,14,14,14,14,14,13,13,13,13,13,13,13,13,12,12,12,13,13,13,13,13,13,13,13,0,51,52,51,50,51,51,51,49,49,50,51,49,51,50,52,53,55,53,54,53,54,51,51,50,48,47,47,44,0,0,0,0,0,0,0,54,52,52,51,53,53,54,51,53,51,50,51,50,49,49,48,46,49,46,47,47,49,49,49,50,50,51,51
20260726_153123_c36ca3,1785076327018421,1155411005,0,0,0,-46,128,0,14,14,14,14,14,14,14,14,14,13,13,13,13,14,14,14,14,14,15,14,14,14,14,14,13,13,0,0,0,0,0,0,0,0,0,0,0,15,14,15,15,15,14,15,15,14,15,14,14,14,14,13,13,13,13,13,14,14,14,14,14,14,14,0,53,50,54,51,51,52,50,50,51,49,49,50,52,52,51,53,52,53,53,55,54,53,52,51,49,48,46,46,0,0,0,0,0,0,0,52,53,54,55,53,56,53,53,53,52,52,50,52,50,50,51,49,50,47,47,48,48,50,50,49,51,52,49
20260726_153123_c36ca3,1785076327124110,1155512844,0,0,0,-46,128,0,14,15,14,14,14,14,15,14,15,15,14,14,14,14,15,15,15,16,16,16,15,15,14,14,14,14,0,0,0,0,0,0,0,0,0,0,0,15,15,16,16,15,15,16,15,15,14,14,14,14,14,13,13,14,14,14,14,14,14,14,14,14,14,0,53,52,51,52,50,52,50,50,49,52,52,50,51,50,53,53,52,54,56,55,54,53,52,50,51,48,47,45,0,0,0,0,0,0,0,54,54,53,54,54,55,55,54,54,52,53,51,52,52,50,49,48,50,49,49,50,50,48,49,52,51,51,50
20260726_153123_c36ca3,1785076327224394,1155613264,0,0,0,-46,128,0,14,15,14,14,14,14,14,14,14,14,14,14,14,14,14,14,15,14,15,15,15,15,15,14,13,13,0,0,0,0,0,0,0,0,0,0,0,15,15,15,15,15,15,15,15,14,15,14,14,14,14,14,14,13,14,13,14,14,14,14,14,14,14,0,51,52,52,51,51,52,50,50,50,51,50,52,52,53,53,52,55,54,55,54,53,52,51,51,51,48,45,45,0,0,0,0,0,0,0,54,54,54,53,54,54,54,53,54,52,52,53,53,52,51,50,48,49,48,49,48,49,50,48,50,50,51,50
20260726_153123_c36ca3,1785076327324118,1155713571,0,0,0,-46,128,0,14,15,14,14,14,14,13,14,13,14,14,14,14,14,14,14,15,14,15,14,14,14,15,14,13,13,0,0,0,0,0,0,0,0,0,0,0,14,14,15,15,15,15,15,15,15,15,14,14,14,14,13,14,13,13,13,13,13,13,13,13,14,14,0,53,50,52,50,51,51,50,50,48,49,49,50,50,52,51,52,54,52,52,52,53,53,51,51,48,47,47,45,0,0,0,0,0,0,0,51,52,52,53,53,56,53,54,53,52,52,52,50,50,51,49,49,48,47,47,50,48,48,49,49,50,51,51
20260726_153123_c36ca3,1785076327419672,1155810890,0,0,0,-46,128,0,13,15,14,14,14,14,14,14,13,13,13,13,13,13,14,13,14,14,14,14,14,15,14,14,13,12,0,0,0,0,0,0,0,0,0,0,0,14,14,15,14,15,14,14,14,14,14,14,14,14,13,13,13,13,13,13,13,13,13,13,13,14,13,0,54,54,55,52,52,52,52,52,52,51,51,51,53,55,52,54,54,55,54,56,54,54,52,52,51,50,47,47,0,0,0,0,0,0,0,55,54,55,55,54,57,55,57,55,54,54,52,50,52,51,51,51,50,49,49,51,51,50,52,51,53,54,53
20260726_153123_c36ca3,1785076327517316,1155910739,0,0,0,-46,128,0,14,14,14,14,14,14,14,14,14,14,14,14,14,14,15,15,15,15,15,15,15,14,14,14,13,14,0,0,0,0,0,0,0,0,0,0,0,15,15,15,15,15,15,15,14,14,14,14,14,14,13,13,14,14,14,14,13,13,14,14,14,14,14,0,50,52,52,52,50,51,50,49,49,50,50,51,50,51,53,53,53,52,54,53,55,52,53,51,48,47,46,46,0,0,0,0,0,0,0,54,53,52,52,55,53,53,53,53,53,52,53,50,51,50,48,48,50,48,49,48,49,49,48,52,51,50,51
20260726_153123_c36ca3,1785076327623656,1156012853,0,0,0,-46,128,0,14,14,14,14,14,14,14,14,13,14,14,14,14,14,15,14,15,14,15,14,14,14,14,14,13,12,0,0,0,0,0,0,0,0,0,0,0,15,14,15,15,15,14,14,14,14,14,14,13,13,13,13,13,13,13,13,13,13,13,14,14,14,14,0,53,53,53,52,52,51,49,51,51,51,51,51,51,53,52,54,55,54,55,56,55,54,53,52,48,48,47,47,0,0,0,0,0,0,0,55,54,54,55,54,57,54,54,54,52,52,50,52,50,51,50,49,50,50,48,51,50,49,51,50,53,53,54
20260726_153123_c36ca3,1785076327719945,1156110485,0,0,0,-46,128,0,14,13,14,14,13,13,13,13,13,13,13,13,13,13,13,14,14,14,14,14,14,14,13,13,13,12,0,0,0,0,0,0,0,0,0,0,0,14,14,15,15,14,15,14,14,14,14,14,14,13,13,14,13,13,12,12,13,13,13,13,13,13,14,0,52,49,52,51,50,50,49,49,49,49,51,49,48,50,50,53,52,54,53,53,52,51,50,49,48,48,46,45,0,0,0,0,0,0,0,53,53,53,52,53,53,52,54,53,52,51,49,51,51,48,48,48,48,48,48,49,48,48,49,49,51,51,51
20260726_153123_c36ca3,1785076327822174,1156210625,0,0,0,-46,128,0,15,15,15,14,14,14,14,14,14,13,14,14,13,14,14,14,15,14,15,15,15,15,15,14,13,13,0,0,0,0,0,0,0,0,0,0,0,15,14,15,15,15,15,15,15,14,14,14,14,14,14,13,13,13,13,13,13,13,14,14,15,15,14,0,54,53,53,51,53,49,51,51,52,51,52,52,52,54,52,53,55,54,54,55,54,55,53,53,50,51,49,47,0,0,0,0,0,0,0,55,54,55,55,53,56,56,55,52,54,54,52,52,51,52,52,51,49,50,48,50,49,51,52,51,53,54,51
20260726_153123_c36ca3,1785076327918304,1156310670,0,0,0,-46,128,0,14,14,14,14,14,14,14,14,13,13,14,14,14,14,14,15,15,15,15,14,14,14,14,14,13,13,0,0,0,0,0,0,0,0,0,0,0,14,14,15,14,14,15,14,14,14,14,14,13,14,14,13,13,13,13,13,13,13,13,13,14,14,14,0,53,54,54,51,52,52,53,50,52,49,51,52,54,54,51,54,54,55,55,56,54,53,52,51,51,50,47,47,0,0,0,0,0,0,0,54,54,57,57,54,58,54,56,52,53,54,51,51,51,52,52,50,49,49,49,49,50,51,51,50,51,52,53
20260726_153123_c36ca3,1785076328017580,1156410891,0,0,0,-46,128,0,15,15,15,14,15,14,14,14,14,14,14,14,14,15,14,15,15,15,15,15,15,15,15,14,14,14,0,0,0,0,0,0,0,0,0,0,0,14,15,15,15,16,16,15,15,15,15,14,14,14,13,14,14,14,14,14,13,14,14,14,14,15,15,0,54,54,53,54,53,52,52,51,51,53,51,53,52,54,54,54,55,55,56,55,55,54,52,51,50,50,46,47,0,0,0,0,0,0,0,57,55,56,54,53,56,56,53,55,54,54,52,53,53,51,51,51,50,50,49,50,50,50,51,51,53,52,53
20260726_153123_c36ca3,1785076328139849,1156528279,0,0,0,-46,128,0,13,13,13,13,13,12,12,12,13,13,13,13,13,13,13,13,13,13,14,14,14,14,13,13,13,12,0,0,0,0,0,0,0,0,0,0,0,13,13,14,14,14,14,14,13,13,13,14,13,13,13,12,13,13,12,13,13,13,13,13,13,13,13,0,52,53,51,51,50,48,48,49,48,50,49,49,52,50,50,52,52,53,54,53,53,51,52,49,48,49,46,44,0,0,0,0,0,0,0,54,53,54,54,53,55,54,52,53,53,53,52,52,51,48,48,47,49,50,46,48,47,49,49,53,50,53,50
20260726_153123_c36ca3,1785076328219310,1156611252,0,0,0,-46,128,0,15,15,14,15,14,14,14,14,14,14,14,14,14,14,15,15,14,16,16,15,15,15,14,14,14,13,0,0,0,0,0,0,0,0,0,0,0,15,16,16,15,15,15,15,15,14,14,14,14,14,14,14,14,14,14,13,13,14,14,14,15,15,14,0,49,53,51,54,51,52,50,48,49,52,52,51,50,50,52,52,54,55,56,54,54,52,52,49,49,47,48,44,0,0,0,0,0,0,0,53,53,54,52,55,54,55,54,55,52,52,51,52,51,52,48,48,52,47,50,50,50,50,50,50,51,49,49
20260726_153123_c36ca3,1785076328319730,1156712280,0,0,0,-46,128,0,15,15,15,14,14,14,14,14,14,13,14,13,13,14,14,14,14,14,14,14,14,15,14,15,13,13,0,0,0,0,0,0,0,0,0,0,0,15,15,15,15,15,15,15,15,14,14,14,14,14,14,14,13,13,13,13,13,13,13,13,14,15,15,0,52,52,51,51,51,50,49,50,50,50,49,49,50,51,50,51,54,54,53,53,53,53,52,50,48,47,46,47,0,0,0,0,0,0,0,54,53,52,53,53,56,54,53,52,54,51,52,50,51,50,48,49,48,49,48,49,47,49,50,50,48,51,51
20260726_153123_c36ca3,1785076328423284,1156811942,0,0,0,-46,128,0,14,15,15,15,15,13,13,13,13,14,14,14,14,14,14,15,15,15,15,14,15,14,15,14,14,14,0,0,0,0,0,0,0,0,0,0,0,14,14,15,15,15,15,14,14,14,14,14,14,14,14,13,13,13,13,13,13,14,14,14,14,14,15,0,52,53,53,53,53,53,53,49,50,51,52,51,51,52,53,54,53,56,56,55,54,52,53,53,50,48,47,48,0,0,0,0,0,0,0,56,55,52,54,54,55,55,56,54,52,53,53,52,50,50,49,49,49,49,48,51,51,51,51,51,51,51,53
20260726_153123_c36ca3,1785076328523982,1156912398,0,0,0,-46,128,0,14,14,14,14,14,13,13,13,13,13,13,13,13,13,13,14,15,15,14,14,14,14,14,14,13,13,0,0,0,0,0,0,0,0,0,0,0,13,14,14,14,13,14,14,13,13,13,13,13,13,13,13,13,13,13,13,13,13,13,13,13,13,14,0,52,53,54,53,53,53,51,50,50,51,51,52,52,53,52,53,56,54,56,56,54,55,54,52,49,48,48,47,0,0,0,0,0,0,0,55,53,55,55,55,55,55,53,53,53,53,52,51,51,51,50,50,49,50,49,48,50,50,51,51,51,53,52
20260726_153123_c36ca3,1785076328619886,1157011027,0,0,0,-46,128,0,15,14,14,14,14,14,14,14,14,14,14,14,14,14,14,16,14,15,15,15,15,15,14,14,14,13,0,0,0,0,0,0,0,0,0,0,0,15,15,15,15,15,15,15,15,14,14,14,14,14,14,14,14,14,14,13,14,14,14,14,14,14,15,0,52,51,53,51,50,50,50,51,50,49,51,49,51,52,52,53,52,56,54,54,54,53,51,51,50,49,46,47,0,0,0,0,0,0,0,54,53,53,53,53,54,53,54,54,53,53,51,51,50,49,48,50,48,49,47,49,49,49,48,52,51,52,52
20260726_153123_c36ca3,1785076328720944,1157110335,0,0,0,-46,128,0,14,14,14,14,14,14,14,14,14,14,14,14,14,14,15,15,15,15,15,15,15,15,14,14,14,13,0,0,0,0,0,0,0,0,0,0,0,16,15,16,15,15,15,15,15,14,14,14,14,14,14,14,14,14,14,14,14,13,15,14,14,14,14,0,52,52,52,52,50,50,51,51,49,51,51,51,51,52,52,52,53,54,55,53,53,53,51,51,50,50,46,46,0,0,0,0,0,0,0,54,55,54,55,54,54,55,54,54,53,52,52,52,51,50,50,50,49,48,49,49,50,49,50,50,50,51,50
20260726_153123_c36ca3,1785076328818305,1157210365,0,0,0,-46,128,0,13,13,13,13,13,13,13,12,13,13,13,13,13,14,14,14,14,14,14,14,14,14,13,13,13,13,0,0,0,0,0,0,0,0,0,0,0,13,15,14,14,14,14,14,14,13,13,13,13,14,12,13,13,13,12,13,13,13,13,13,13,13,13,0,52,52,48,50,48,49,48,49,50,50,51,49,49,49,52,52,52,53,53,54,52,51,51,50,48,48,46,44,0,0,0,0,0,0,0,54,52,52,51,53,52,54,52,54,52,51,50,50,50,49,48,47,49,47,49,48,47,48,48,50,50,49,52
20260726_153123_c36ca3,1785076328919775,1157310488,0,0,0,-46,128,0,14,15,15,14,14,14,14,14,13,13,14,14,14,14,14,14,14,14,15,14,15,14,14,14,14,13,0,0,0,0,0,0,0,0,0,0,0,15,15,15,15,15,15,15,14,14,14,14,14,14,14,14,14,14,13,14,14,14,14,14,14,15,14,0,53,52,53,52,51,50,50,49,49,49,51,51,51,52,51,53,53,55,55,55,53,52,52,52,50,49,46,45,0,0,0,0,0,0,0,53,54,53,54,54,55,54,56,54,53,52,52,51,50,52,51,50,49,48,47,50,50,50,51,50,50,52,51
20260726_153123_c36ca3,1785076329021550,1157410477,0,0,0,-46,128,0,13,13,13,14,13,13,13,13,13,13,13,12,13,13,13,13,14,14,14,14,14,14,14,13,13,12,0,0,0,0,0,0,0,0,0,0,0,13,14,14,14,14,14,14,14,13,14,13,13,12,13,12,13,12,13,13,13,12,12,13,13,13,13,0,51,54,52,52,50,52,50,50,49,51,50,51,51,51,53,53,56,55,55,54,56,53,51,51,48,48,47,46,0,0,0,0,0,0,0,54,54,53,52,55,56,55,53,54,53,52,53,51,51,50,49,48,49,47,48,48,48,49,49,52,52,53,52
20260726_153123_c36ca3,1785076329120508,1157510602,0,0,0,-46,128,0,14,14,14,14,14,14,14,14,14,14,14,14,14,14,15,15,15,15,15,15,15,14,14,14,13,14,0,0,0,0,0,0,0,0,0,0,0,15,15,15,15,15,15,14,14,14,14,14,14,13,13,13,14,14,14,14,14,13,14,13,14,14,14,0,52,53,54,51,52,52,51,50,51,50,52,52,54,53,52,54,53,56,57,55,55,54,52,52,51,49,47,47,0,0,0,0,0,0,0,55,55,55,56,53,56,54,55,54,53,54,51,53,51,50,51,51,50,50,48,50,49,51,50,51,53,53,53
20260726_153123_c36ca3,1785076329219920,1157610584,0,0,0,-46,128,0,13,14,13,13,13,13,14,13,13,13,13,13,14,14,14,14,15,14,15,14,14,14,15,14,13,12,0,0,0,0,0,0,0,0,0,0,0,14,14,15,14,14,14,14,14,14,14,14,14,14,13,13,13,13,13,14,13,13,13,13,13,13,13,0,53,51,53,51,53,52,51,50,50,49,51,52,51,52,52,54,54,56,54,54,54,54,52,53,49,50,48,47,0,0,0,0,0,0,0,54,54,54,54,53,55,53,55,54,53,52,51,51,51,51,50,50,49,51,47,51,50,51,51,50,52,52,52
20260726_153123_c36ca3,1785076329321720,1157710541,0,0,0,-46,128,0,14,14,14,13,13,13,13,13,13,13,13,13,13,13,14,14,14,14,14,14,14,14,14,14,13,13,0,0,0,0,0,0,0,0,0,0,0,14,14,14,15,15,14,14,14,14,14,14,14,13,13,13,13,12,13,13,13,13,13,14,14,14,14,0,53,52,51,52,50,50,50,50,51,50,51,51,52,51,52,53,56,54,56,54,53,53,52,51,50,48,46,45,0,0,0,0,0,0,0,54,54,54,54,54,55,55,54,54,53,53,52,52,51,50,49,50,49,49,48,50,49,49,50,50,50,52,52
20260726_153123_c36ca3,1785076329418816,1157810425,0,0,0,-46,128,0,13,13,13,13,13,13,13,13,13,13,13,13,13,13,14,14,14,14,14,14,14,14,13,14,14,13,0,0,0,0,0,0,0,0,0,0,0,15,15,15,15,14,14,14,14,13,13,13,13,13,13,13,13,13,13,13,13,13,14,13,13,13,13,0,52,53,49,52,50,51,51,50,50,50,51,49,51,52,53,52,55,53,55,55,54,54,54,51,50,48,48,46,0,0,0,0,0,0,0,55,54,54,53,55,54,55,55,54,53,52,53,52,52,51,50,48,51,48,49,47,49,49,49,51,50,51,53
20260726_153123_c36ca3,1785076329532563,1157923266,0,0,0,-46,128,0,13,13,13,13,13,13,12,13,13,13,13,13,13,13,13,14,13,13,13,14,14,13,13,13,13,12,0,0,0,0,0,0,0,0,0,0,0,13,13,14,14,14,14,13,13,13,13,13,13,13,13,11,13,13,12,12,12,12,12,13,13,13,13,0,52,52,49,50,48,50,49,49,47,50,50,48,49,48,51,52,52,51,55,53,53,51,51,48,48,47,45,43,0,0,0,0,0,0,0,54,51,51,48,56,54,53,51,57,50,51,53,49,45,46,47,48,49,48,44,47,47,48,51,50,49,50,50
20260726_153123_c36ca3,1785076329618176,1158010491,0,0,0,-46,128,0,14,14,14,14,14,14,14,13,13,13,13,13,14,14,14,14,14,14,15,15,14,14,14,14,13,13,0,0,0,0,0,0,0,0,0,0,0,15,15,14,15,14,14,15,14,14,14,14,14,13,14,13,13,13,13,13,13,13,14,13,14,14,14,0,51,52,50,50,51,51,49,50,50,50,51,50,52,51,52,53,54,54,55,55,53,52,54,52,49,48,49,46,0,0,0,0,0,0,0,53,53,53,51,56,55,53,54,53,51,51,52,51,51,50,50,48,51,48,48,49,50,49,51,51,51,51,51
20260726_153123_c36ca3,1785076329719301,1158111259,0,0,0,-46,128,0,14,13,13,13,12,13,12,13,13,13,13,12,13,13,13,14,13,13,13,14,14,13,13,13,13,12,0,0,0,0,0,0,0,0,0,0,0,14,14,14,13,13,14,14,14,13,13,13,13,13,13,12,13,13,13,12,12,12,12,12,14,14,14,0,52,52,51,54,50,50,48,51,49,51,52,50,50,50,54,53,55,54,55,55,54,53,52,52,51,48,48,45,0,0,0,0,0,0,0,53,55,52,50,53,53,53,54,54,52,54,52,51,51,49,49,47,50,48,49,47,48,49,49,52,52,50,51
20260726_153123_c36ca3,1785076329820128,1158210500,0,0,0,-46,128,0,14,14,14,14,14,14,13,13,13,13,13,14,14,14,14,14,15,14,15,15,14,14,14,14,13,13,0,0,0,0,0,0,0,0,0,0,0,14,14,15,15,14,14,14,13,13,14,13,13,13,13,13,13,13,13,13,13,13,14,14,14,14,14,0,51,52,52,52,52,51,50,52,52,50,50,49,52,53,54,54,55,55,55,54,55,54,55,52,50,49,47,47,0,0,0,0,0,0,0,54,54,54,53,55,55,54,54,52,52,52,52,50,50,50,50,51,48,47,48,48,49,50,50,50,50,52,52
20260726_153123_c36ca3,1785076329921142,1158310891,0,0,0,-46,128,0,13,13,13,13,13,13,13,13,13,13,14,14,14,14,15,15,15,15,15,15,14,14,14,13,13,13,0,0,0,0,0,0,0,0,0,0,0,14,14,15,14,14,13,13,13,13,13,13,13,13,13,13,13,12,12,12,13,13,13,14,13,13,13,0,51,51,50,51,50,50,50,49,49,50,50,50,50,51,53,53,53,54,55,54,55,53,51,51,50,50,47,45,0,0,0,0,0,0,0,54,53,52,52,55,53,53,52,53,51,52,52,50,50,50,48,47,49,47,49,49,50,47,47,50,51,50,51
20260726_153123_c36ca3,1785076330018679,1158410396,0,0,0,-46,128,0,14,14,14,14,14,14,14,13,13,13,13,13,14,14,14,14,14,15,15,14,14,15,14,14,13,13,0,0,0,0,0,0,0,0,0,0,0,14,14,15,15,14,14,14,14,14,14,14,13,14,13,13,13,13,13,13,13,13,13,13,14,14,14,0,54,53,52,53,52,53,51,52,51,50,50,52,54,53,54,54,54,54,55,54,56,56,53,53,50,49,48,47,0,0,0,0,0,0,0,54,54,54,53,56,55,56,54,53,53,53,52,50,51,51,51,50,50,49,49,50,50,51,51,49,52,52,51
20260726_153123_c36ca3,1785076330120508,1158510420,0,0,0,-46,128,0,14,13,13,13,13,13,13,13,13,13,13,13,13,13,14,14,14,14,14,14,14,14,13,13,13,12,0,0,0,0,0,0,0,0,0,0,0,14,13,13,13,14,14,14,14,13,13,13,13,13,12,12,13,13,13,12,12,12,12,14,13,14,14,0,52,50,50,50,50,51,50,48,49,49,50,48,50,49,51,54,52,53,54,55,53,53,50,51,49,50,45,43,0,0,0,0,0,0,0,51,52,51,52,52,51,52,54,53,51,51,50,51,48,49,49,48,47,47,47,47,48,48,48,50,49,49,50
20260726_153123_c36ca3,1785076330221943,1158610507,0,0,0,-46,128,0,15,14,14,14,15,14,15,14,14,14,14,14,14,15,15,15,15,15,16,16,16,15,14,15,14,14,0,0,0,0,0,0,0,0,0,0,0,15,16,15,15,15,15,14,15,15,14,15,14,14,14,13,13,13,13,14,14,14,14,14,14,14,15,0,52,52,52,52,50,52,51,50,51,52,52,52,52,51,53,55,54,55,56,56,55,54,54,52,52,50,47,46,0,0,0,0,0,0,0,54,54,53,54,53,53,53,54,55,52,54,50,50,50,49,49,49,49,48,48,49,49,48,50,50,49,51,52
20260726_153123_c36ca3,1785076330319362,1158710384,0,0,0,-46,128,0,13,13,13,13,13,13,13,13,13,13,13,12,13,13,13,13,14,15,15,14,14,14,13,13,13,13,0,0,0,0,0,0,0,0,0,0,0,13,13,13,14,14,14,13,13,13,13,13,13,12,12,12,12,12,12,13,13,13,13,13,13,13,13,0,52,50,50,50,49,50,49,49,50,50,51,49,51,52,53,53,53,55,55,55,55,53,51,50,49,49,47,45,0,0,0,0,0,0,0,52,51,51,51,53,54,54,51,52,51,51,51,50,50,49,48,48,49,47,47,48,47,49,49,51,50,51,50
20260726_153123_c36ca3,1785076330421170,1158810279,0,0,0,-46,128,0,14,13,13,13,13,13,13,13,13,13,13,13,13,13,13,14,14,14,14,14,14,14,14,14,13,13,0,0,0,0,0,0,0,0,0,0,0,14,14,13,14,13,14,13,13,13,13,13,13,13,12,12,12,13,12,12,12,13,13,13,13,13,13,0,53,51,51,53,50,51,49,49,50,52,51,51,51,52,55,54,55,56,55,56,54,53,53,52,51,50,47,47,0,0,0,0,0,0,0,52,51,53,53,52,54,52,53,52,52,52,51,51,50,49,49,48,48,48,49,48,48,48,49,50,50,51,51
20260726_153123_c36ca3,1785076330520770,1158909992,0,0,0,-46,128,0,15,15,15,15,15,15,14,14,14,14,14,14,14,15,15,15,15,16,16,16,16,16,15,14,14,14,0,0,0,0,0,0,0,0,0,0,0,14,15,15,16,15,15,15,15,14,14,14,14,13,13,13,13,14,13,14,14,14,14,14,14,14,14,0,53,54,53,53,52,53,52,52,52,52,53,52,52,53,53,56,57,58,58,58,56,55,55,54,52,51,50,48,0,0,0,0,0,0,0,55,55,53,53,54,55,54,54,56,54,53,52,51,51,51,50,48,50,50,50,49,50,50,51,52,53,53,54
20260726_153123_c36ca3,1785076330616408,1159010321,0,0,0,-46,128,0,14,13,13,13,12,12,13,13,12,13,13,13,13,13,14,14,14,14,14,14,14,13,13,13,13,13,0,0,0,0,0,0,0,0,0,0,0,14,13,13,13,13,13,13,13,13,13,13,13,13,13,13,12,12,12,12,12,13,13,13,13,14,14,0,52,52,52,52,51,50,50,49,49,50,50,50,52,53,53,54,55,54,55,55,56,53,53,51,51,50,47,46,0,0,0,0,0,0,0,52,51,51,51,52,52,54,51,52,51,52,51,49,49,50,49,48,49,47,47,47,49,48,50,49,49,51,51
20260726_153123_c36ca3,1785076330718235,1159110027,0,0,0,-46,128,0,14,14,14,14,14,14,14,14,14,14,14,14,14,15,15,15,15,15,15,15,15,15,14,13,15,14,0,0,0,0,0,0,0,0,0,0,0,14,15,14,14,14,14,14,15,13,14,13,13,13,13,13,13,13,13,14,14,14,14,13,15,15,14,0,54,53,54,53,52,51,52,52,52,51,51,51,52,53,53,55,59,55,56,59,58,55,53,57,52,51,51,46,0,0,0,0,0,0,0,58,48,53,53,49,54,54,57,54,52,53,50,50,50,51,50,50,50,49,49,49,49,50,51,51,51,52,52
20260726_153123_c36ca3,1785076330820105,1159210146,0,0,0,-45,128,0,14,13,14,13,13,13,13,13,13,13,13,13,13,13,13,14,14,15,14,14,14,13,13,13,13,13,0,0,0,0,0,0,0,0,0,0,0,13,14,13,14,13,14,14,13,13,13,13,13,12,13,12,12,12,12,12,13,13,13,13,13,13,13,0,53,51,51,53,52,50,52,51,51,51,51,51,53,52,54,54,55,56,57,56,57,54,54,52,51,50,48,46,0,0,0,0,0,0,0,53,52,52,53,52,53,53,53,53,53,53,51,51,51,50,49,49,50,48,48,48,49,49,50,51,50,52,51
20260726_153123_c36ca3,1785076330922020,1159312387,0,0,0,-46,128,0,13,13,12,12,12,12,13,13,13,13,13,13,13,13,13,14,14,14,14,14,14,14,13,13,12,12,0,0,0,0,0,0,0,0,0,0,0,13,13,13,13,13,13,13,13,13,13,13,13,13,12,12,12,12,12,12,12,12,12,12,13,13,13,0,52,52,51,50,47,50,48,50,50,50,50,50,50,51,53,53,54,52,55,54,52,53,52,48,49,48,45,45,0,0,0,0,0,0,0,51,49,51,51,52,52,51,52,51,51,51,48,49,47,47,47,48,47,47,49,47,46,46,49,50,50,49,51
20260726_153123_c36ca3,1785076331018300,1159410031,0,0,0,-45,128,0,13,14,14,13,13,13,13,13,13,13,13,13,13,14,14,14,14,14,15,14,14,14,14,14,13,13,0,0,0,0,0,0,0,0,0,0,0,14,14,14,14,14,14,14,13,13,13,13,13,13,13,13,13,13,12,13,13,13,13,13,14,13,13,0,51,52,52,52,51,51,51,50,49,50,51,51,51,51,53,52,54,54,55,53,53,53,54,52,48,46,48,45,0,0,0,0,0,0,0,53,51,52,51,53,53,53,52,52,51,50,51,51,50,51,49,47,49,47,48,49,49,49,50,50,51,52,50
20260726_153123_c36ca3,1785076331119734,1159511947,0,0,0,-46,128,0,14,13,13,13,13,13,13,13,13,13,13,13,13,13,13,13,13,14,14,14,13,13,13,13,13,12,0,0,0,0,0,0,0,0,0,0,0,14,14,13,14,14,13,13,13,13,13,13,13,13,13,13,13,12,13,12,12,12,13,13,13,13,14,0,55,52,53,51,52,48,53,49,52,52,50,50,51,52,54,53,53,55,53,55,54,53,53,50,50,49,47,46,0,0,0,0,0,0,0,54,52,53,53,52,53,54,52,53,52,53,51,51,51,50,49,50,49,49,51,47,46,50,49,51,50,52,51
20260726_153123_c36ca3,1785076331218450,1159610187,0,0,0,-46,128,0,15,14,15,14,14,14,14,14,14,14,14,14,14,14,14,14,14,15,15,15,15,14,14,14,13,13,0,0,0,0,0,0,0,0,0,0,0,15,15,15,15,15,15,15,15,14,14,14,14,14,14,14,13,13,13,14,14,14,14,14,14,14,14,0,54,55,53,52,52,51,52,51,50,50,52,52,53,53,53,54,54,56,56,56,55,54,53,52,51,49,48,46,0,0,0,0,0,0,0,54,55,54,56,55,57,55,55,55,54,54,53,52,52,53,52,51,50,51,49,50,51,52,52,51,52,52,54
20260726_153123_c36ca3,1785076331316613,1159710490,0,0,0,-46,128,0,13,13,13,13,13,13,13,13,13,13,13,13,13,13,14,14,14,14,14,14,15,14,14,13,13,13,0,0,0,0,0,0,0,0,0,0,0,14,14,14,14,14,14,14,13,14,13,13,13,13,13,12,12,12,13,13,13,13,13,13,13,13,13,0,50,51,49,51,48,49,49,50,50,50,49,49,52,50,52,52,54,53,53,54,53,53,50,49,49,48,46,45,0,0,0,0,0,0,0,52,51,52,54,53,53,54,53,52,52,53,50,49,50,49,49,48,49,46,49,47,47,48,49,51,50,49,51
20260726_153123_c36ca3,1785076331420062,1159810748,0,0,0,-46,128,0,14,14,14,14,14,14,14,14,14,14,14,14,14,15,15,15,15,16,16,15,15,15,15,14,14,14,0,0,0,0,0,0,0,0,0,0,0,14,16,15,15,15,15,15,15,14,14,14,14,14,14,14,14,13,13,13,13,13,13,13,14,14,14,0,52,52,51,51,50,51,50,49,50,49,50,51,51,52,53,55,55,55,54,55,55,55,52,52,50,49,46,46,0,0,0,0,0,0,0,52,52,53,54,53,54,52,51,53,52,52,50,49,50,50,49,49,48,47,48,48,49,48,49,50,49,51,52
20260726_153123_c36ca3,1785076331516572,1159910156,0,0,0,-46,128,0,14,14,14,14,14,14,14,14,13,13,13,13,14,13,13,15,15,14,14,15,14,14,14,14,13,13,0,0,0,0,0,0,0,0,0,0,0,14,14,13,14,14,13,13,13,13,13,13,13,13,13,12,12,13,13,13,13,13,13,13,13,13,14,0,50,52,54,51,52,52,51,52,51,50,51,52,52,53,55,54,56,56,56,55,56,54,55,53,50,48,48,47,0,0,0,0,0,0,0,53,52,50,52,53,54,53,53,51,51,51,51,50,50,49,48,49,49,49,47,49,49,50,49,51,51,52,51
20260726_153123_c36ca3,1785076331619874,1160010313,0,0,0,-46,128,0,14,14,14,14,14,14,13,14,14,14,14,14,14,14,14,14,15,15,15,15,15,15,14,14,13,13,0,0,0,0,0,0,0,0,0,0,0,14,14,14,15,15,14,14,14,14,14,14,14,14,14,13,13,13,13,13,13,13,13,13,14,14,14,0,52,53,53,53,52,53,53,51,49,50,50,52,52,53,53,55,55,55,56,56,54,53,52,51,49,48,48,47,0,0,0,0,0,0,0,52,53,53,53,53,53,54,53,52,52,52,52,51,50,50,50,48,49,48,48,50,50,50,51,49,52,52,52
20260726_153123_c36ca3,1785076331721262,1160110546,0,0,0,-46,128,0,14,15,15,15,14,14,14,14,14,15,15,14,14,15,15,15,15,16,16,16,16,15,15,15,14,14,0,0,0,0,0,0,0,0,0,0,0,15,15,15,14,14,14,14,15,14,14,14,14,13,14,13,13,14,14,14,14,14,14,14,14,14,15,0,53,53,53,53,51,51,51,51,51,53,53,52,52,52,54,56,53,56,58,56,56,53,53,52,49,49,47,46,0,0,0,0,0,0,0,52,52,51,52,51,53,52,54,54,52,51,51,52,50,49,49,49,50,49,48,50,51,49,50,51,50,51,53
20260726_153123_c36ca3,1785076331818270,1160210155,0,0,0,-46,128,0,13,14,14,14,13,13,14,14,13,13,13,14,14,14,14,14,15,14,15,15,15,14,14,13,13,13,0,0,0,0,0,0,0,0,0,0,0,14,14,14,14,14,14,13,13,13,13,13,13,13,13,13,13,12,12,14,13,13,13,13,13,14,13,0,54,53,53,53,54,51,52,50,52,51,52,52,52,54,52,55,56,55,54,54,55,55,54,51,50,49,48,47,0,0,0,0,0,0,0,53,52,52,54,52,54,54,54,53,52,53,51,49,50,50,51,50,50,49,49,51,49,49,50,52,53,53,52
20260726_153123_c36ca3,1785076331920119,1160310000,0,0,0,-46,128,0,14,14,15,14,14,14,14,14,14,14,15,15,15,15,15,16,15,16,16,15,15,15,14,14,14,14,0,0,0,0,0,0,0,0,0,0,0,14,15,15,15,14,15,15,14,15,14,15,14,14,14,14,14,14,14,14,14,14,14,14,14,14,14,0,55,54,55,54,51,53,52,52,54,52,53,53,55,55,54,54,56,57,56,57,56,55,54,52,51,51,47,47,0,0,0,0,0,0,0,54,53,55,53,55,55,55,54,53,52,55,53,51,52,51,52,50,50,50,50,51,51,51,52,51,52,54,53
20260726_153123_c36ca3,1785076332017288,1160410129,0,0,0,-46,128,0,15,14,14,14,14,14,14,14,14,14,14,15,15,15,15,15,15,16,16,16,15,15,14,14,14,14,0,0,0,0,0,0,0,0,0,0,0,15,15,14,15,15,15,14,15,15,15,14,14,14,14,13,14,13,13,13,14,14,14,14,14,14,15,0,53,52,55,51,52,50,51,50,52,51,51,50,52,52,52,55,54,57,55,56,55,52,50,49,50,49,44,45,0,0,0,0,0,0,0,50,54,52,56,51,55,52,54,54,52,52,50,52,50,51,50,50,49,49,48,50,48,50,50,52,51,51,53
20260726_153123_c36ca3,1785076332125781,1160519565,0,0,0,-46,128,0,13,13,13,14,13,13,13,13,13,13,13,13,13,13,14,14,14,14,14,14,14,14,13,13,13,12,0,0,0,0,0,0,0,0,0,0,0,14,14,14,14,14,13,13,13,13,13,13,13,12,12,12,13,13,13,12,12,12,13,13,13,13,13,0,53,50,49,51,51,50,49,49,50,50,50,49,51,51,51,54,53,54,55,53,54,52,50,48,48,47,44,44,0,0,0,0,0,0,0,51,51,51,50,52,53,52,53,52,51,49,49,51,51,48,48,48,51,48,48,45,48,48,45,50,49,52,51
20260726_153123_c36ca3,1785076332220685,1160610675,0,0,0,-46,128,0,13,13,13,13,13,13,13,12,13,14,14,13,13,13,14,14,14,14,15,15,15,13,13,13,13,12,0,0,0,0,0,0,0,0,0,0,0,14,14,14,14,14,14,14,13,13,13,13,13,13,13,12,13,12,13,12,13,13,13,13,13,14,14,0,53,51,50,52,51,50,49,49,49,50,51,50,52,51,51,53,53,53,53,54,53,53,50,48,49,47,45,43,0,0,0,0,0,0,0,49,50,52,53,52,52,52,51,52,51,52,50,49,49,48,49,49,48,46,49,47,48,48,49,49,49,49,51
20260726_153123_c36ca3,1785076332317641,1160711618,0,0,0,-46,128,0,15,15,15,15,15,15,14,14,14,14,14,14,14,14,16,15,15,15,15,16,15,15,15,14,14,14,0,0,0,0,0,0,0,0,0,0,0,15,14,15,15,15,15,14,14,14,14,14,14,13,13,13,14,13,13,13,14,15,15,14,15,15,15,0,53,54,52,53,49,52,50,51,51,53,52,52,50,50,53,53,55,55,56,56,54,53,52,50,50,49,46,44,0,0,0,0,0,0,0,52,52,54,53,53,54,53,53,52,51,53,51,50,50,48,46,48,49,45,48,46,51,49,50,51,51,52,52
20260726_153123_c36ca3,1785076332420169,1160810215,0,0,0,-46,128,0,15,15,15,14,14,14,14,14,14,15,15,14,15,15,15,16,15,16,16,16,15,15,14,14,14,14,0,0,0,0,0,0,0,0,0,0,0,15,15,15,15,15,15,14,14,14,14,14,14,14,14,13,14,14,13,14,14,14,14,14,14,14,15,0,54,54,54,54,53,52,51,52,53,53,54,52,54,55,55,57,55,57,56,58,57,54,53,54,51,51,47,46,0,0,0,0,0,0,0,53,54,54,54,53,54,52,56,54,53,54,51,51,53,52,49,51,50,50,46,50,49,50,51,51,51,52,54
20260726_153123_c36ca3,1785076332517122,1160910857,0,0,0,-46,128,0,15,15,15,15,14,14,14,14,14,15,14,14,14,15,15,15,15,16,15,15,15,14,15,14,14,14,0,0,0,0,0,0,0,0,0,0,0,15,14,14,15,15,15,15,14,14,14,14,14,14,14,14,14,14,14,14,14,14,15,15,15,15,15,0,53,55,54,54,53,54,53,53,52,53,53,53,54,53,54,54,57,57,56,57,57,55,53,53,52,51,46,46,0,0,0,0,0,0,0,55,53,54,54,54,55,54,55,53,53,54,52,52,52,51,52,50,50,50,49,51,52,51,52,51,52,53,54
20260726_153123_c36ca3,1785076332620198,1161010079,0,0,0,-46,128,0,14,14,14,14,14,14,14,13,14,14,14,14,14,14,14,14,15,15,15,15,15,15,14,14,13,14,0,0,0,0,0,0,0,0,0,0,0,15,15,14,14,14,14,14,14,14,14,14,14,14,13,13,13,13,14,14,14,14,14,14,14,14,14,0,54,52,52,52,51,51,50,51,49,52,51,52,52,52,54,54,55,55,55,54,54,54,53,51,50,47,48,46,0,0,0,0,0,0,0,51,52,52,51,53,53,53,52,51,51,51,52,51,50,49,48,49,49,48,48,49,50,51,51,50,51,51,50
20260726_153123_c36ca3,1785076332721124,1161112230,0,0,0,-46,128,0,14,14,13,13,13,13,13,13,13,13,13,12,13,13,13,14,13,14,14,14,14,14,14,13,13,13,0,0,0,0,0,0,0,0,0,0,0,13,14,14,14,14,13,13,13,13,13,13,13,13,12,13,13,13,12,12,12,13,13,13,13,13,14,0,51,52,51,53,49,51,48,50,50,50,52,49,50,51,53,53,54,53,54,54,52,51,52,49,48,46,45,45,0,0,0,0,0,0,0,50,51,50,50,51,52,52,52,52,51,52,50,50,50,49,47,46,49,48,48,48,49,48,48,51,49,50,51
20260726_153123_c36ca3,1785076332817055,1161209998,0,0,0,-46,128,0,13,13,13,13,13,13,13,13,13,13,13,13,13,13,14,14,14,14,14,14,13,13,13,13,12,12,0,0,0,0,0,0,0,0,0,0,0,13,13,13,14,14,13,13,13,13,13,13,13,13,12,12,12,12,12,12,13,13,13,13,13,13,13,0,52,52,52,51,51,51,49,50,50,49,53,51,50,51,52,53,53,55,55,55,54,52,51,50,50,48,46,44,0,0,0,0,0,0,0,52,51,49,50,51,53,52,53,52,52,50,50,50,50,48,49,47,48,47,47,48,49,49,49,50,52,51,51
20260726_153123_c36ca3,1785076332918462,1161309970,0,0,0,-46,128,0,14,14,15,14,14,14,14,13,13,13,13,14,14,14,14,15,15,15,15,14,14,14,14,14,14,12,0,0,0,0,0,0,0,0,0,0,0,14,14,14,14,14,14,14,14,14,14,14,13,13,13,13,13,13,12,14,14,14,14,14,14,14,14,0,53,54,52,51,52,52,52,51,50,52,52,51,52,53,54,54,55,55,56,55,55,55,53,53,50,49,48,46,0,0,0,0,0,0,0,52,52,53,53,52,55,53,54,53,52,51,52,52,50,51,50,49,49,48,48,49,50,50,52,50,51,52,50
20260726_153123_c36ca3,1785076333020978,1161410049,0,0,0,-46,128,0,13,13,13,13,13,13,13,13,14,14,13,13,13,14,14,14,14,14,14,14,14,14,13,13,13,13,0,0,0,0,0,0,0,0,0,0,0,13,13,14,14,14,13,13,13,13,13,13,13,13,12,13,13,13,13,12,13,13,13,13,13,13,13,0,52,51,52,51,51,51,50,50,50,51,51,50,51,51,52,54,52,55,56,55,54,53,51,50,49,50,45,45,0,0,0,0,0,0,0,52,52,51,52,51,53,51,53,52,52,51,49,51,49,49,49,49,48,49,48,49,47,50,49,50,52,52,52
20260726_153123_c36ca3,1785076333117140,1161510003,0,0,0,-46,128,0,14,14,14,14,15,15,14,14,14,14,14,14,13,14,15,15,16,16,15,15,16,14,14,14,14,14,0,0,0,0,0,0,0,0,0,0,0,14,14,15,15,15,14,14,14,14,14,14,14,13,13,13,14,14,13,13,14,14,14,14,14,14,15,0,54,54,54,52,52,52,51,51,52,53,52,51,52,53,53,53,55,57,57,56,55,53,52,50,52,51,45,45,0,0,0,0,0,0,0,52,52,53,54,53,54,54,54,54,51,53,50,52,51,50,49,50,50,51,50,49,50,50,52,51,52,52,54
20260726_153123_c36ca3,1785076333219275,1161609984,0,0,0,-46,128,0,14,15,15,15,14,14,14,14,15,14,14,14,14,14,15,15,15,16,16,15,16,14,14,14,14,14,0,0,0,0,0,0,0,0,0,0,0,14,14,15,14,15,15,15,15,15,15,15,14,14,14,14,14,14,14,14,14,14,14,14,14,15,15,0,53,54,53,52,50,52,51,51,52,53,52,51,52,53,54,54,55,54,57,57,55,54,53,52,52,50,48,44,0,0,0,0,0,0,0,54,53,54,52,56,55,54,53,54,54,52,52,51,51,51,50,50,50,49,49,48,50,50,51,52,52,51,51
20260726_153123_c36ca3,1785076333321015,1161710298,0,0,0,-46,128,0,14,15,14,14,14,14,14,14,14,14,14,14,14,15,15,15,15,15,15,15,15,15,14,14,13,13,0,0,0,0,0,0,0,0,0,0,0,14,14,15,15,15,15,14,14,14,14,14,14,14,14,14,14,13,13,13,13,13,14,14,14,14,14,0,53,53,52,52,52,52,51,51,50,51,52,52,52,52,54,54,54,55,56,55,55,53,52,52,49,49,46,46,0,0,0,0,0,0,0,52,53,52,52,53,54,54,54,54,52,52,51,51,50,50,49,49,50,50,48,48,50,49,49,52,52,52,53
20260726_153123_c36ca3,1785076333418547,1161810258,0,0,0,-46,128,0,15,15,15,15,14,14,14,14,14,14,14,14,15,15,15,15,15,15,16,15,15,15,14,14,14,13,0,0,0,0,0,0,0,0,0,0,0,15,15,14,14,14,14,14,14,14,14,14,14,13,13,13,13,13,13,14,14,14,14,14,14,15,14,0,54,53,52,53,50,52,51,50,51,52,52,52,52,51,53,54,55,55,56,56,55,53,53,52,49,48,46,47,0,0,0,0,0,0,0,53,52,52,52,54,54,53,53,54,52,53,52,51,51,49,49,49,51,48,49,48,50,50,52,51,51,51,53
20260726_153123_c36ca3,1785076333521234,1161915028,0,0,0,-46,128,0,14,15,14,14,14,14,14,14,14,14,14,14,14,15,15,15,15,15,15,15,15,15,14,14,13,13,0,0,0,0,0,0,0,0,0,0,0,15,15,15,15,15,15,15,14,14,14,14,14,13,14,14,14,14,14,14,13,14,14,14,14,14,14,0,52,53,51,53,49,52,50,51,51,52,50,51,52,52,54,54,54,54,54,55,54,54,53,52,49,49,48,47,0,0,0,0,0,0,0,53,53,52,53,55,53,54,53,52,52,52,52,51,51,49,50,48,50,49,49,48,49,50,50,51,50,52,52
20260726_153123_c36ca3,1785076333619278,1162010323,0,0,0,-46,128,0,15,15,15,15,14,14,14,14,14,14,14,14,14,14,15,15,15,14,16,15,15,14,14,13,13,14,0,0,0,0,0,0,0,0,0,0,0,15,14,15,15,15,14,14,14,14,14,14,14,14,14,14,14,14,13,13,13,13,14,14,14,14,14,0,54,53,52,52,52,52,50,50,51,52,51,52,53,52,53,54,54,56,56,56,56,53,52,51,50,50,46,44,0,0,0,0,0,0,0,54,53,54,54,53,53,54,54,54,52,52,49,52,51,51,50,50,50,50,48,49,50,50,51,51,51,51,54
20260726_153123_c36ca3,1785076333719832,1162110290,0,0,0,-46,128,0,14,14,14,14,14,13,13,13,13,13,13,13,13,14,13,14,15,15,14,15,15,14,14,14,14,13,0,0,0,0,0,0,0,0,0,0,0,14,15,15,15,15,14,14,14,14,14,14,13,13,13,13,13,13,13,13,13,14,14,14,14,14,14,0,51,54,51,52,50,50,51,49,49,50,50,51,52,51,52,50,54,54,54,54,54,54,53,51,50,47,47,46,0,0,0,0,0,0,0,53,53,52,52,53,53,54,51,53,52,51,52,51,50,50,49,48,50,47,48,48,49,49,49,50,50,52,51
20260726_153123_c36ca3,1785076333817514,1162210104,0,0,0,-46,128,0,15,15,15,15,15,14,14,14,14,14,14,14,14,14,15,15,15,15,15,15,16,14,15,14,14,14,0,0,0,0,0,0,0,0,0,0,0,15,14,15,15,15,16,15,15,15,14,15,14,14,14,14,14,14,14,14,14,14,14,14,15,15,14,0,53,54,54,53,52,52,51,51,52,51,52,52,52,53,53,54,54,57,57,56,56,54,53,53,51,51,48,45,0,0,0,0,0,0,0,55,54,54,55,54,55,55,55,54,54,54,52,52,51,50,50,51,49,50,48,50,51,51,50,51,51,51,53
20260726_153123_c36ca3,1785076333919625,1162309927,0,0,0,-46,128,0,14,14,15,14,14,14,14,14,14,14,14,15,15,15,15,16,15,16,16,16,15,15,14,14,14,14,0,0,0,0,0,0,0,0,0,0,0,14,15,15,15,15,15,14,14,14,14,14,14,13,13,13,14,13,13,13,14,13,13,14,14,14,14,0,53,54,53,54,49,52,52,53,52,52,52,52,52,53,53,55,55,55,56,57,57,55,54,53,51,49,48,45,0,0,0,0,0,0,0,54,54,54,53,56,54,57,54,55,53,53,54,53,52,51,49,49,51,48,50,49,49,50,51,51,53,51,51
20260726_153123_c36ca3,1785076334016893,1162409875,0,0,0,-46,128,0,14,14,14,13,13,13,13,13,13,13,13,14,14,14,14,14,15,14,15,14,14,14,13,14,13,13,0,0,0,0,0,0,0,0,0,0,0,14,14,14,14,14,14,14,14,14,14,13,13,13,13,13,13,13,13,13,13,13,13,14,14,14,14,0,54,51,54,51,53,52,53,51,50,49,53,53,52,53,52,56,55,57,56,56,54,54,52,52,49,49,46,47,0,0,0,0,0,0,0,54,54,54,55,53,54,53,55,55,53,52,51,52,52,51,50,49,50,50,48,52,51,51,51,50,52,52,53
20260726_153123_c36ca3,1785076334119380,1162509872,0,0,0,-46,128,0,13,13,13,13,13,13,13,13,13,13,13,13,13,13,14,14,14,14,14,14,14,13,14,14,13,13,0,0,0,0,0,0,0,0,0,0,0,13,15,15,14,14,14,14,14,13,13,13,13,13,13,13,13,13,13,13,13,13,13,13,13,13,13,0,53,50,50,51,50,50,51,50,50,49,51,50,51,51,50,53,52,54,53,54,54,53,51,49,49,48,46,45,0,0,0,0,0,0,0,51,52,54,54,53,53,54,54,53,52,53,50,51,49,50,50,49,48,49,48,48,48,49,49,49,50,52,52
20260726_153123_c36ca3,1785076334220787,1162609840,0,0,0,-46,128,0,14,13,15,13,13,14,13,13,14,14,14,14,14,14,14,15,15,15,15,14,14,14,13,13,13,13,0,0,0,0,0,0,0,0,0,0,0,14,14,14,14,14,14,15,14,13,13,13,13,13,13,13,14,14,13,13,13,13,13,14,14,14,14,0,52,53,51,53,51,52,52,51,50,52,52,51,52,52,53,54,54,53,54,55,55,53,52,52,48,47,48,46,0,0,0,0,0,0,0,55,52,54,52,55,54,55,53,55,53,52,52,52,50,49,50,47,50,48,49,49,50,51,50,52,51,53,51
20260726_153123_c36ca3,1785076334318020,1162709965,0,0,0,-46,128,0,13,13,13,13,13,13,13,13,13,14,13,13,13,13,13,14,14,15,14,15,14,13,13,13,13,13,0,0,0,0,0,0,0,0,0,0,0,13,13,14,14,13,13,13,13,14,13,12,12,12,13,12,12,12,13,12,12,13,13,13,13,13,13,0,52,51,54,53,53,51,51,51,51,51,51,51,51,52,53,55,54,56,56,55,56,54,51,52,50,50,46,45,0,0,0,0,0,0,0,53,53,52,53,52,55,53,54,52,52,52,50,50,50,50,48,49,49,48,47,49,49,48,49,50,51,51,53
20260726_153123_c36ca3,1785076334420426,1162810232,0,0,0,-46,128,0,14,14,14,14,14,14,13,13,13,13,13,13,13,14,13,14,14,14,14,14,15,14,14,14,13,13,0,0,0,0,0,0,0,0,0,0,0,14,14,14,14,14,14,14,14,14,13,13,13,13,13,13,13,12,12,13,13,13,13,13,13,14,14,0,52,54,50,52,51,53,52,50,50,52,51,51,52,51,54,51,57,53,55,55,54,54,55,53,51,48,50,46,0,0,0,0,0,0,0,53,52,53,52,54,54,54,51,53,51,51,52,51,49,49,49,47,50,46,48,48,48,49,49,52,50,52,50
20260726_153123_c36ca3,1785076334516633,1162910252,0,0,0,-46,128,0,13,13,13,13,13,13,14,14,14,13,13,13,14,14,14,14,14,14,15,15,14,14,13,13,13,12,0,0,0,0,0,0,0,0,0,0,0,14,13,14,13,14,13,14,13,13,13,13,13,13,13,12,12,12,12,12,13,13,13,12,13,13,13,0,53,51,52,49,51,51,52,51,50,49,50,48,53,53,52,52,53,54,53,55,54,54,51,50,50,50,46,46,0,0,0,0,0,0,0,53,52,52,55,53,54,51,53,51,52,52,49,48,47,49,49,48,47,47,46,48,48,49,50,48,50,51,52
20260726_153123_c36ca3,1785076334619237,1163010808,0,0,0,-46,128,0,13,14,14,14,13,14,13,13,13,13,13,13,13,13,14,14,14,14,14,14,14,14,14,13,13,13,0,0,0,0,0,0,0,0,0,0,0,14,13,13,14,14,13,14,14,13,13,14,13,13,12,12,12,12,13,13,13,12,13,13,13,13,14,0,50,53,50,54,52,50,51,50,52,52,52,51,52,51,54,53,55,54,57,55,54,52,53,51,50,48,48,44,0,0,0,0,0,0,0,53,53,52,52,53,53,52,52,53,52,53,51,50,49,47,48,47,48,48,48,47,48,48,49,51,52,51,53
20260726_153123_c36ca3,1785076334720739,1163111256,0,0,0,-46,128,0,14,15,14,14,14,14,14,14,14,14,14,14,14,14,14,14,16,15,15,15,14,15,15,14,13,13,0,0,0,0,0,0,0,0,0,0,0,14,14,15,15,14,14,14,14,14,14,14,13,14,14,13,13,13,13,13,13,13,14,13,14,14,13,0,53,54,52,53,50,50,52,52,51,52,52,51,54,53,56,53,57,55,54,55,55,57,55,52,50,50,50,46,0,0,0,0,0,0,0,53,52,53,53,54,53,53,51,51,49,52,53,49,51,50,49,48,49,46,48,47,49,50,51,52,51,52,50
20260726_153123_c36ca3,1785076334823139,1163213383,0,0,0,-46,128,0,13,13,13,13,13,13,13,13,13,13,14,14,14,14,14,14,14,14,14,15,14,14,14,14,13,13,0,0,0,0,0,0,0,0,0,0,0,13,13,13,14,14,13,13,13,13,13,12,12,12,12,12,12,12,12,12,12,13,13,13,13,14,14,0,50,52,52,51,51,52,52,52,51,50,50,51,52,53,53,53,54,54,55,56,54,53,52,52,49,48,48,47,0,0,0,0,0,0,0,53,52,51,52,52,53,52,51,52,49,50,50,50,48,48,48,47,47,45,46,50,49,48,48,48,49,50,51
20260726_153123_c36ca3,1785076334920101,1163311330,0,0,0,-46,128,0,13,13,13,14,14,13,13,12,13,13,13,13,13,13,14,14,14,14,15,15,14,14,14,13,13,13,0,0,0,0,0,0,0,0,0,0,0,13,13,13,13,14,13,13,12,12,13,12,12,12,12,12,12,12,12,12,12,12,13,13,13,13,14,0,51,51,50,52,51,50,50,50,51,51,51,50,51,53,53,54,53,56,57,57,55,55,53,51,51,50,47,46,0,0,0,0,0,0,0,52,51,51,52,51,53,52,52,52,49,49,49,48,48,49,46,47,47,47,47,47,48,48,49,50,50,51,51
20260726_153123_c36ca3,1785076335022101,1163411369,0,0,0,-46,128,0,14,14,14,13,13,13,13,13,13,13,13,13,13,14,13,15,14,15,14,14,14,15,14,13,14,12,0,0,0,0,0,0,0,0,0,0,0,14,14,13,14,14,13,13,13,13,13,13,13,13,12,12,13,13,12,13,13,13,14,13,14,14,14,0,52,51,53,51,52,51,51,48,51,50,52,52,53,53,52,55,57,53,55,55,55,54,51,53,51,52,47,48,0,0,0,0,0,0,0,49,54,51,56,53,54,52,52,52,50,49,49,49,48,49,48,48,47,46,47,48,48,48,48,49,52,52,51
20260726_153123_c36ca3,1785076335119425,1163511220,0,0,0,-46,128,0,14,13,14,13,14,13,13,13,13,13,13,13,13,14,14,14,14,14,14,14,14,14,14,13,13,13,0,0,0,0,0,0,0,0,0,0,0,14,14,14,14,13,13,13,13,13,13,12,12,13,12,12,12,12,12,12,13,13,13,13,13,13,14,0,50,51,52,50,50,52,50,50,51,50,51,50,50,51,52,53,54,54,54,53,54,53,52,50,48,47,46,45,0,0,0,0,0,0,0,52,52,51,51,52,53,52,53,52,50,50,50,49,49,49,48,45,49,47,47,47,47,48,48,51,50,52,50
20260726_153123_c36ca3,1785076335221980,1163611360,0,0,0,-46,128,0,14,14,14,14,14,14,13,13,13,13,13,13,13,14,14,14,15,14,15,14,14,14,14,14,13,13,0,0,0,0,0,0,0,0,0,0,0,14,13,13,14,14,13,13,14,13,13,13,13,13,13,12,12,13,13,13,13,13,13,13,13,13,14,0,51,52,52,52,51,51,50,50,52,51,51,51,53,53,52,53,55,55,55,54,55,54,53,53,50,49,47,46,0,0,0,0,0,0,0,53,53,52,53,52,53,53,51,53,50,50,50,50,50,49,48,48,48,47,46,48,50,49,50,50,51,51,52
20260726_153123_c36ca3,1785076335318209,1163711370,0,0,0,-46,128,0,15,16,15,15,15,15,15,14,14,14,15,14,14,14,15,15,15,15,15,16,15,15,15,15,14,13,0,0,0,0,0,0,0,0,0,0,0,14,14,15,14,14,15,15,14,14,14,14,14,14,14,13,14,13,13,13,14,13,14,14,14,14,14,0,55,55,54,53,53,54,53,52,54,53,53,52,55,55,55,56,56,57,58,57,56,54,55,52,52,50,47,47,0,0,0,0,0,0,0,53,54,54,55,55,54,53,54,53,52,53,51,51,52,50,49,49,49,50,49,49,51,51,52,52,53,54,53
20260726_153123_c36ca3,1785076335420698,1163811793,0,0,0,-46,128,0,14,14,14,15,14,14,14,14,14,14,14,14,14,14,15,15,15,16,15,15,15,15,15,14,14,13,0,0,0,0,0,0,0,0,0,0,0,15,15,14,15,14,14,14,14,14,14,14,14,13,13,13,13,14,14,14,14,14,14,14,14,14,14,0,56,54,53,53,51,54,53,53,53,53,52,53,54,54,55,55,56,56,57,57,55,55,53,52,52,50,47,46,0,0,0,0,0,0,0,54,53,54,55,53,53,53,53,54,52,51,50,51,50,49,50,50,50,49,49,48,49,50,52,52,53,53,52
20260726_153123_c36ca3,1785076335516936,1163910853,0,0,0,-46,128,0,13,13,13,13,13,13,13,13,13,13,13,13,12,13,14,14,14,14,14,14,14,13,13,13,13,12,0,0,0,0,0,0,0,0,0,0,0,14,14,13,13,13,13,13,13,13,13,13,13,12,12,12,12,12,13,12,12,12,13,13,13,13,13,0,51,51,51,52,51,51,50,50,50,50,51,52,50,51,53,54,54,53,55,54,55,53,51,50,51,48,46,44,0,0,0,0,0,0,0,52,51,52,53,51,53,53,51,52,52,50,50,50,49,49,49,48,48,49,47,48,48,48,50,51,51,52,51
20260726_153123_c36ca3,1785076335619614,1164013512,0,0,0,-46,128,0,15,15,14,15,14,14,14,14,14,15,14,15,15,15,16,16,16,16,16,16,16,15,15,14,14,14,0,0,0,0,0,0,0,0,0,0,0,15,15,15,15,15,14,15,15,14,14,14,14,14,13,13,14,13,14,13,14,14,14,14,14,14,14,0,53,55,53,53,51,52,51,52,51,52,52,52,52,52,55,55,55,56,57,56,57,54,55,52,50,49,48,46,0,0,0,0,0,0,0,55,53,54,54,55,55,55,54,53,53,52,52,51,51,50,49,47,50,48,48,48,49,50,51,52,50,53,53
20260726_153123_c36ca3,1785076335719930,1164110794,0,0,0,-46,128,0,14,15,14,14,14,14,14,14,14,14,14,14,14,15,15,15,15,15,15,15,16,15,15,14,14,13,0,0,0,0,0,0,0,0,0,0,0,15,15,15,15,15,15,14,14,14,14,14,14,14,13,13,13,13,13,13,13,13,13,13,14,14,14,0,53,54,53,51,51,51,51,51,52,52,52,52,52,53,54,56,54,57,56,56,56,54,52,52,51,50,47,46,0,0,0,0,0,0,0,54,55,54,53,53,55,54,53,52,52,53,51,52,49,49,49,49,48,48,47,48,48,50,50,49,51,51,52
20260726_153123_c36ca3,1785076335822196,1164211648,0,0,0,-46,128,0,15,14,14,13,13,13,13,14,14,13,14,13,14,13,14,14,15,15,15,14,15,15,14,14,14,13,0,0,0,0,0,0,0,0,0,0,0,14,14,15,14,14,14,14,14,14,14,13,13,13,13,13,13,13,13,13,14,14,14,14,14,14,14,0,53,53,55,53,54,54,52,52,50,52,52,52,54,55,54,55,55,57,57,55,54,55,53,53,49,49,48,48,0,0,0,0,0,0,0,54,53,52,54,53,55,52,55,53,51,52,51,51,49,51,49,49,48,49,49,50,50,50,50,51,53,53,52
20260726_153123_c36ca3,1785076335918596,1164310360,0,0,0,-46,128,0,14,14,14,14,13,13,13,13,13,13,13,13,13,14,14,14,14,15,15,15,14,14,14,13,13,12,0,0,0,0,0,0,0,0,0,0,0,13,13,13,14,13,14,14,13,13,13,13,13,13,12,12,12,12,12,12,12,13,13,13,13,14,14,0,54,52,54,53,52,52,51,50,52,52,53,51,52,53,54,56,54,56,56,56,56,53,52,51,50,50,45,46,0,0,0,0,0,0,0,50,51,52,53,52,53,53,53,53,53,53,50,50,51,48,49,50,48,49,48,50,49,50,50,51,51,52,53
20260726_153123_c36ca3,1785076336020674,1164411609,0,0,0,-46,128,0,14,14,14,13,13,13,13,13,14,13,13,13,14,14,14,14,15,14,15,14,14,15,15,14,13,13,0,0,0,0,0,0,0,0,0,0,0,14,14,15,15,14,14,14,14,14,14,14,13,13,13,13,13,13,13,13,13,14,14,14,14,14,14,0,52,51,53,53,54,53,52,52,51,51,52,52,54,54,52,55,55,55,57,55,55,55,53,53,50,50,48,47,0,0,0,0,0,0,0,52,53,52,54,54,56,54,53,51,51,52,51,52,51,50,50,49,47,49,47,49,50,50,52,49,51,53,52
20260726_153123_c36ca3,1785076336122762,1164511374,0,0,0,-46,128,0,14,14,14,13,14,13,14,14,14,14,14,14,14,14,14,14,14,14,14,15,14,14,14,14,13,13,0,0,0,0,0,0,0,0,0,0,0,14,14,14,15,15,14,14,14,14,14,14,13,14,13,13,13,13,13,13,13,13,13,14,14,14,14,0,54,54,53,52,54,54,52,53,52,52,53,55,52,54,52,57,55,57,55,54,55,54,53,53,51,48,48,47,0,0,0,0,0,0,0,53,53,53,53,53,55,55,53,53,52,51,51,53,52,50,50,51,48,51,49,50,49,50,50,51,52,53,51
20260726_153123_c36ca3,1785076336219996,1164611719,0,0,0,-46,128,0,13,13,13,13,13,13,13,13,13,13,13,12,13,14,14,14,14,14,14,14,13,13,13,13,13,13,0,0,0,0,0,0,0,0,0,0,0,13,13,14,14,14,13,13,12,13,12,12,12,12,12,13,13,12,12,12,12,12,12,13,13,13,13,0,53,50,52,52,52,50,51,50,50,51,51,50,50,52,52,54,53,56,55,54,53,52,51,51,50,49,46,45,0,0,0,0,0,0,0,51,51,50,52,52,53,52,53,51,51,51,49,51,50,47,48,47,47,47,48,48,48,48,49,51,50,50,51
20260726_153123_c36ca3,1785076336322169,1164711579,0,0,0,-46,128,0,13,14,13,13,14,14,13,13,13,14,14,14,14,14,14,14,14,14,14,14,14,14,14,13,13,12,0,0,0,0,0,0,0,0,0,0,0,14,14,14,15,15,14,13,13,13,13,13,12,12,12,13,13,13,13,13,13,12,13,13,13,13,13,0,52,53,51,52,50,51,50,49,50,49,50,50,53,52,52,52,55,54,55,54,55,55,52,52,48,48,46,47,0,0,0,0,0,0,0,53,53,54,54,54,53,54,52,54,53,52,52,49,49,49,49,49,49,47,47,47,48,49,50,50,51,51,51
20260726_153123_c36ca3,1785076336418462,1164811396,0,0,0,-46,128,0,14,14,14,14,14,13,13,13,13,13,13,14,14,13,14,14,15,15,15,14,14,14,14,14,12,12,0,0,0,0,0,0,0,0,0,0,0,14,14,15,15,14,14,13,13,13,13,13,13,13,13,13,12,12,12,13,13,13,14,13,14,14,13,0,49,53,52,51,50,51,50,51,49,50,49,51,50,52,53,53,52,53,54,55,53,51,51,52,47,48,45,44,0,0,0,0,0,0,0,53,53,51,51,55,53,53,52,52,50,50,51,49,49,50,49,48,48,48,46,49,48,48,47,49,51,51,51
20260726_153123_c36ca3,1785076336521160,1164912818,0,0,0,-46,128,0,15,15,15,14,14,14,14,14,14,14,14,14,14,15,15,15,15,15,15,15,15,15,14,14,14,14,0,0,0,0,0,0,0,0,0,0,0,15,15,15,15,15,15,14,15,15,14,14,14,13,14,13,14,14,13,14,14,14,14,14,14,14,15,0,53,52,53,53,51,52,50,51,51,51,51,51,50,52,54,54,54,56,56,54,55,53,52,52,49,48,47,45,0,0,0,0,0,0,0,53,53,54,54,54,55,55,56,56,53,54,52,51,51,50,50,49,50,49,49,49,49,50,50,50,51,51,52
20260726_153123_c36ca3,1785076336623392,1165016746,0,0,0,-46,128,0,14,14,14,14,14,13,14,13,13,13,13,13,13,14,13,14,15,14,14,14,14,14,14,14,12,12,0,0,0,0,0,0,0,0,0,0,0,13,14,14,14,14,14,13,14,13,13,13,13,13,12,12,12,12,12,12,12,12,13,12,14,14,14,0,52,53,51,52,51,51,53,51,51,51,51,53,53,53,53,54,56,54,55,56,55,56,54,50,51,49,47,46,0,0,0,0,0,0,0,53,51,53,52,53,55,55,51,51,52,50,51,49,50,49,50,49,48,47,47,49,48,49,51,50,51,52,50
20260726_153123_c36ca3,1785076336719596,1165110270,0,0,0,-46,128,0,15,15,15,15,14,13,14,13,14,14,14,14,14,15,15,15,15,15,15,15,14,15,15,14,14,13,0,0,0,0,0,0,0,0,0,0,0,14,14,14,14,15,14,14,14,14,14,14,14,14,13,13,13,13,13,13,13,14,14,14,14,15,15,0,51,53,54,53,52,52,52,52,51,52,52,52,53,55,54,55,56,56,56,56,56,53,53,52,50,50,47,46,0,0,0,0,0,0,0,52,54,53,53,53,55,54,54,53,51,53,50,51,49,49,49,49,50,49,49,51,50,49,52,50,52,52,52
20260726_153123_c36ca3,1785076336821198,1165211080,0,0,0,-46,128,0,13,13,13,13,13,13,13,13,13,13,13,13,13,14,14,14,14,14,14,14,14,13,13,13,13,12,0,0,0,0,0,0,0,0,0,0,0,14,13,13,14,14,13,13,13,13,13,13,13,13,13,13,13,13,12,12,13,13,13,13,13,13,13,0,54,50,53,53,52,50,50,50,51,52,52,51,52,52,54,53,54,56,56,55,54,53,53,49,49,50,46,44,0,0,0,0,0,0,0,54,53,54,54,53,54,55,54,54,52,52,51,51,50,49,50,50,49,48,48,48,49,48,49,52,51,52,52
20260726_153123_c36ca3,1785076336922988,1165311200,0,0,0,-46,128,0,14,13,13,13,13,13,13,13,13,13,14,13,14,13,14,14,14,14,14,14,14,13,13,13,13,12,0,0,0,0,0,0,0,0,0,0,0,13,14,14,14,14,14,14,14,13,13,13,13,13,13,12,12,12,13,13,12,13,13,13,13,13,13,0,53,52,51,53,50,51,50,48,51,51,52,50,50,51,54,52,53,54,55,55,55,53,52,50,49,48,45,43,0,0,0,0,0,0,0,52,52,52,52,52,53,53,53,54,51,52,50,50,49,49,50,49,49,49,49,48,47,48,48,49,51,52,52
20260726_153123_c36ca3,1785076337019561,1165411331,0,0,0,-46,128,0,14,14,14,14,14,14,14,14,14,14,14,13,14,14,15,15,15,15,15,16,15,14,14,14,14,14,0,0,0,0,0,0,0,0,0,0,0,15,14,14,15,15,15,15,15,15,14,14,14,14,14,13,13,13,13,13,13,14,14,14,14,14,14,0,53,52,54,51,50,52,51,50,52,51,51,51,52,52,53,55,54,55,55,56,54,52,52,49,50,50,46,45,0,0,0,0,0,0,0,52,53,53,54,54,54,53,54,52,52,53,51,52,52,50,51,50,49,49,47,49,49,50,50,52,51,50,52
20260726_153123_c36ca3,1785076337132461,1165520955,0,0,0,-46,128,0,15,15,14,15,14,14,14,14,14,14,15,15,15,15,15,16,16,16,16,16,15,14,14,14,14,13,0,0,0,0,0,0,0,0,0,0,0,15,15,15,15,15,15,15,14,14,14,14,14,13,13,13,14,14,14,14,14,14,14,14,14,14,15,0,52,54,50,52,50,52,50,50,49,54,52,49,52,51,54,53,56,54,55,55,56,52,53,50,49,47,47,44,0,0,0,0,0,0,0,53,54,53,52,56,53,53,52,53,50,52,51,48,47,50,48,46,47,47,48,49,49,49,51,51,51,53,51
20260726_153123_c36ca3,1785076337218027,1165610279,0,0,0,-46,128,0,13,13,13,13,13,13,13,13,13,13,13,13,13,13,14,14,14,14,14,14,14,14,13,13,13,12,0,0,0,0,0,0,0,0,0,0,0,14,14,14,13,13,13,13,13,13,13,13,13,12,12,12,12,13,13,13,13,13,12,13,13,13,13,0,53,51,52,53,51,51,50,49,50,51,51,50,50,53,51,55,53,56,55,55,54,51,50,51,49,50,46,45,0,0,0,0,0,0,0,53,51,53,53,52,55,53,54,53,53,51,50,52,50,49,49,49,49,49,48,49,48,49,49,51,52,51,54
20260726_153123_c36ca3,1785076337320666,1165709865,0,0,0,-46,128,0,14,13,13,13,13,13,13,13,13,13,13,13,13,13,14,14,14,14,14,14,14,14,13,13,13,12,0,0,0,0,0,0,0,0,0,0,0,14,14,14,14,14,14,14,14,14,13,13,13,13,13,13,12,12,12,12,12,12,13,13,13,13,13,0,53,51,51,52,51,50,51,51,51,50,51,51,52,51,53,54,54,54,54,56,55,55,53,52,51,49,48,45,0,0,0,0,0,0,0,53,53,53,54,55,55,53,54,52,52,54,50,51,50,48,49,48,49,49,47,47,48,48,49,50,50,50,50
20260726_153123_c36ca3,1785076337417070,1165810014,0,0,0,-46,128,0,14,13,13,13,13,13,13,13,13,13,13,13,13,14,14,14,14,14,15,15,14,14,13,14,14,13,0,0,0,0,0,0,0,0,0,0,0,14,14,14,14,14,14,14,13,13,13,13,13,13,13,12,13,13,13,13,13,12,12,13,13,13,13,0,53,50,51,50,51,49,50,51,49,49,50,50,51,52,51,53,54,54,54,53,53,53,52,52,49,49,46,47,0,0,0,0,0,0,0,52,52,52,53,52,54,51,52,51,52,51,49,49,49,49,48,48,47,48,47,47,47,48,48,50,49,49,51
20260726_153123_c36ca3,1785076337520428,1165909964,0,0,0,-46,128,0,14,15,14,14,14,14,14,14,14,14,14,14,15,15,15,15,15,15,16,16,15,15,15,15,14,13,0,0,0,0,0,0,0,0,0,0,0,15,15,15,15,15,16,14,15,14,14,14,14,14,14,14,14,14,14,14,13,13,13,13,14,14,14,0,53,53,53,50,51,51,51,51,50,51,52,51,52,53,53,54,54,56,56,56,55,53,53,52,50,49,48,46,0,0,0,0,0,0,0,54,53,54,53,54,54,55,55,54,51,51,51,51,51,50,49,49,49,46,47,49,49,49,50,50,51,50,52
20260726_153123_c36ca3,1785076337617804,1166010068,0,0,0,-46,128,0,15,15,15,15,15,15,15,14,15,14,14,14,14,15,15,15,15,15,15,16,15,16,15,15,14,14,0,0,0,0,0,0,0,0,0,0,0,15,15,15,15,15,15,15,14,15,14,14,14,14,14,13,14,13,13,13,13,13,13,14,14,14,15,0,53,52,54,51,52,52,51,51,50,50,53,51,52,53,53,58,54,57,57,56,56,55,52,52,50,50,48,47,0,0,0,0,0,0,0,53,52,54,55,52,55,53,55,53,52,51,49,50,50,48,48,49,48,48,47,50,50,49,50,49,51,51,53
20260726_153123_c36ca3,1785076337718953,1166110203,0,0,0,-46,128,0,14,14,13,14,14,14,13,13,13,13,13,13,13,13,13,13,15,14,15,15,15,14,14,14,13,12,0,0,0,0,0,0,0,0,0,0,0,14,14,14,13,14,13,13,13,13,13,13,13,13,12,12,13,13,12,13,12,13,13,12,14,14,14,0,52,50,52,50,52,51,52,50,50,49,51,52,51,54,51,54,53,56,55,55,53,55,52,52,50,49,47,47,0,0,0,0,0,0,0,52,53,52,53,52,55,52,53,53,51,49,50,48,49,50,47,48,45,47,45,48,48,48,49,48,50,49,50
20260726_153123_c36ca3,1785076337820772,1166210207,0,0,0,-46,128,0,13,14,13,13,13,14,14,14,14,14,13,14,14,14,14,14,15,14,14,15,15,14,14,14,13,13,0,0,0,0,0,0,0,0,0,0,0,15,14,15,15,14,14,14,14,14,14,14,14,13,14,13,14,13,13,13,13,13,13,13,13,13,13,0,51,52,50,51,51,51,51,50,51,50,51,51,52,53,53,52,55,54,54,54,55,54,52,52,49,48,46,47,0,0,0,0,0,0,0,53,52,52,53,53,53,54,52,53,52,51,51,50,49,49,50,48,49,47,47,48,48,50,50,49,50,51,49
20260726_153123_c36ca3,1785076337916574,1166310312,0,0,0,-46,128,0,14,14,14,14,14,14,14,14,14,13,13,13,13,13,13,14,14,14,14,14,15,14,14,14,13,13,0,0,0,0,0,0,0,0,0,0,0,13,14,14,14,14,14,14,14,14,14,14,14,14,13,13,13,13,13,13,13,13,13,13,13,14,14,0,53,52,51,52,52,50,51,50,50,51,51,49,51,53,51,53,54,55,55,55,54,53,51,51,49,50,47,44,0,0,0,0,0,0,0,52,51,52,52,52,54,53,52,52,52,51,50,49,49,49,49,49,47,48,47,48,48,48,50,49,50,50,51
20260726_153123_c36ca3,1785076338018744,1166410170,0,0,0,-46,128,0,14,14,14,14,14,13,13,13,13,13,14,14,14,14,14,15,15,15,14,14,15,14,14,13,13,13,0,0,0,0,0,0,0,0,0,0,0,13,14,14,14,14,14,13,13,13,13,13,13,13,12,12,12,13,13,13,12,13,13,13,13,14,13,0,52,52,51,51,52,52,51,51,50,50,51,51,53,53,52,53,55,54,54,55,54,54,54,52,49,48,47,45,0,0,0,0,0,0,0,52,51,50,53,52,53,53,52,52,50,51,50,50,49,49,49,49,48,49,47,48,47,49,50,49,50,51,51
20260726_153123_c36ca3,1785076338121429,1166512192,0,0,0,-46,128,0,14,15,14,15,14,14,14,14,15,15,15,14,14,15,16,16,16,16,16,15,16,14,15,14,14,14,0,0,0,0,0,0,0,0,0,0,0,15,15,16,15,15,14,15,15,14,14,14,14,14,13,13,13,14,14,14,14,14,14,14,14,14,15,0,52,53,52,52,51,52,50,50,51,52,52,51,52,52,55,56,54,56,57,56,55,54,54,50,51,50,48,45,0,0,0,0,0,0,0,53,52,51,52,54,54,53,53,53,50,52,51,50,50,50,48,47,50,48,48,48,49,49,50,51,50,52,52
20260726_153123_c36ca3,1785076338220189,1166611421,0,0,0,-46,128,0,14,13,13,13,14,14,14,13,13,13,14,13,13,13,13,14,14,14,14,14,14,14,13,13,13,13,0,0,0,0,0,0,0,0,0,0,0,13,14,14,14,14,14,14,13,13,13,13,13,13,12,12,13,12,12,12,13,12,12,13,13,13,13,0,52,51,50,53,50,51,50,50,51,52,52,49,51,51,53,53,55,54,56,55,54,52,52,50,49,47,47,44,0,0,0,0,0,0,0,52,51,50,51,53,52,53,52,51,51,51,51,50,49,48,48,47,48,47,48,46,48,48,48,51,50,51,51
20260726_153123_c36ca3,1785076338320971,1166711576,0,0,0,-46,128,0,14,14,14,14,14,14,14,14,15,14,15,14,14,14,14,15,15,15,16,16,15,15,14,14,14,14,0,0,0,0,0,0,0,0,0,0,0,15,15,15,15,14,15,15,15,15,14,13,13,14,13,13,13,13,13,13,14,14,14,14,14,14,14,0,53,53,53,51,50,51,50,52,52,52,52,52,52,53,54,55,55,56,57,56,57,55,52,51,52,50,48,45,0,0,0,0,0,0,0,54,54,53,55,53,55,55,53,53,52,51,51,52,51,50,49,49,49,49,48,49,49,48,51,50,51,51,52
20260726_153123_c36ca3,1785076338417720,1166811694,0,0,0,-46,128,0,14,14,14,14,14,14,14,14,15,15,15,14,14,15,15,15,15,15,16,15,16,15,14,14,14,13,0,0,0,0,0,0,0,0,0,0,0,14,14,15,14,14,14,14,14,14,14,14,14,13,13,13,13,13,13,13,13,13,14,14,14,14,14,0,52,53,53,54,52,53,51,49,51,51,53,51,52,54,54,54,56,57,56,56,56,55,54,52,50,49,47,46,0,0,0,0,0,0,0,52,53,52,52,54,53,52,53,53,52,52,50,51,50,49,48,48,50,48,48,49,50,48,50,50,51,51,51
20260726_153123_c36ca3,1785076338520104,1166911683,0,0,0,-46,128,0,14,15,15,14,14,14,15,15,15,14,15,15,15,15,15,15,16,16,16,16,16,15,14,15,14,14,0,0,0,0,0,0,0,0,0,0,0,15,15,15,16,15,15,15,14,14,14,14,14,14,13,13,13,14,14,14,14,14,14,14,14,15,14,0,52,53,53,53,52,51,50,52,52,52,53,51,52,52,55,55,57,56,56,56,56,54,54,52,50,50,49,46,0,0,0,0,0,0,0,55,53,52,53,53,52,54,53,53,51,52,50,51,50,49,49,47,50,49,50,48,49,49,50,52,51,51,52
20260726_153123_c36ca3,1785076338620183,1167011478,0,0,0,-46,128,0,14,14,14,14,14,14,13,13,13,13,14,14,14,14,14,15,15,15,15,14,14,14,14,14,14,14,0,0,0,0,0,0,0,0,0,0,0,14,15,14,14,14,14,14,14,14,14,13,13,13,13,13,13,13,13,13,14,14,14,14,14,14,14,0,52,53,52,52,53,53,51,51,49,51,52,51,51,52,51,55,54,56,56,56,54,54,53,52,49,48,48,47,0,0,0,0,0,0,0,52,53,52,53,54,53,53,53,52,51,52,51,51,50,50,49,48,47,48,47,49,48,49,49,49,52,52,49
20260726_153123_c36ca3,1785076338723412,1167111922,0,0,0,-46,128,0,14,13,13,13,13,13,13,13,13,13,13,13,13,13,14,14,14,14,14,15,14,14,14,13,13,13,0,0,0,0,0,0,0,0,0,0,0,14,13,14,14,13,13,13,13,13,13,13,13,13,13,13,13,13,12,12,12,13,13,13,13,13,14,0,51,50,51,52,51,50,51,48,50,50,50,50,50,52,52,54,54,55,55,55,55,53,52,49,50,48,45,45,0,0,0,0,0,0,0,51,52,51,52,52,53,52,52,53,51,50,49,50,51,47,48,47,47,49,47,48,47,49,49,49,50,50,52
20260726_153123_c36ca3,1785076338819165,1167211540,0,0,0,-46,128,0,14,14,14,13,13,13,13,13,13,14,13,14,14,14,14,14,15,15,15,14,14,15,14,14,13,13,0,0,0,0,0,0,0,0,0,0,0,14,14,14,14,15,14,15,13,14,13,13,13,13,13,13,13,13,13,14,13,13,13,13,14,14,14,0,51,51,50,51,51,51,50,50,50,50,52,49,51,52,52,53,54,54,54,55,55,54,53,51,48,48,48,46,0,0,0,0,0,0,0,51,51,53,53,52,53,54,52,53,51,50,50,50,49,49,48,48,47,47,47,47,49,48,49,49,49,51,50
20260726_153123_c36ca3,1785076338921359,1167312234,0,0,0,-46,128,0,15,15,15,15,14,14,14,14,14,15,15,14,14,14,15,16,16,16,16,16,16,16,15,14,14,14,0,0,0,0,0,0,0,0,0,0,0,15,15,15,15,14,15,15,15,14,14,14,14,14,13,13,13,13,14,14,13,14,14,14,14,14,15,0,55,52,54,54,52,53,51,53,53,52,54,53,53,54,55,57,55,57,58,57,56,53,53,52,51,52,47,47,0,0,0,0,0,0,0,53,53,54,55,53,55,53,55,54,53,53,50,52,52,50,50,50,50,51,48,49,51,51,52,50,52,51,52
20260726_153123_c36ca3,1785076339024221,1167412461,0,0,0,-46,128,0,14,14,14,14,14,14,14,14,15,15,15,14,15,15,15,15,15,15,16,16,16,15,15,14,14,14,0,0,0,0,0,0,0,0,0,0,0,14,15,15,15,15,15,15,15,14,14,14,14,14,14,14,14,13,13,13,13,14,14,14,14,14,14,0,52,54,54,52,51,52,51,51,50,54,54,52,53,53,54,56,55,58,58,59,57,55,54,53,51,51,49,48,0,0,0,0,0,0,0,53,53,54,55,54,57,55,55,55,54,53,53,52,52,51,49,49,51,49,50,49,50,50,49,51,52,53,52
20260726_153123_c36ca3,1785076339121817,1167513039,0,0,0,-46,128,0,14,13,14,13,13,13,13,13,13,13,14,14,14,14,14,14,14,15,14,15,14,14,14,14,13,13,0,0,0,0,0,0,0,0,0,0,0,14,14,13,14,14,14,14,13,13,13,13,13,14,13,13,12,12,13,12,13,13,13,13,13,13,13,0,52,53,52,51,51,52,51,51,51,51,51,52,53,53,53,55,55,55,56,55,55,55,53,52,50,49,48,47,0,0,0,0,0,0,0,53,53,53,56,53,55,53,53,53,50,52,52,49,51,52,51,47,45,49,47,47,47,51,50,50,52,50,49
20260726_153123_c36ca3,1785076339225010,1167615471,0,0,0,-46,128,0,14,14,14,14,14,14,14,14,14,14,14,14,14,14,15,15,15,15,16,16,15,15,14,14,15,14,0,0,0,0,0,0,0,0,0,0,0,15,15,15,16,15,15,15,14,14,14,14,14,14,14,13,13,13,13,13,13,13,13,13,14,14,14,0,53,52,53,53,53,53,52,50,52,52,52,52,54,53,53,55,56,57,58,57,54,54,53,54,52,50,47,47,0,0,0,0,0,0,0,53,54,54,55,55,54,55,54,55,54,53,51,52,51,49,49,48,49,50,50,49,51,49,51,50,52,51,53
20260726_153123_c36ca3,1785076339317811,1167711312,0,0,0,-46,128,0,13,13,13,13,14,13,13,13,13,13,14,14,14,14,14,14,15,15,14,14,14,15,15,14,13,13,0,0,0,0,0,0,0,0,0,0,0,14,13,14,15,15,13,14,13,13,12,13,13,12,12,12,12,12,11,13,13,13,13,13,13,13,13,0,52,52,53,51,52,51,51,51,53,51,52,53,54,53,54,54,54,56,53,55,55,59,54,54,52,47,49,48,0,0,0,0,0,0,0,53,54,51,54,54,55,53,51,57,54,53,48,53,49,49,51,49,46,44,48,50,47,49,50,48,51,52,52
20260726_153123_c36ca3,1785076339420056,1167811576,0,0,0,-46,128,0,13,13,13,13,13,13,13,13,13,13,13,12,13,13,14,14,14,14,14,14,14,14,13,13,13,13,0,0,0,0,0,0,0,0,0,0,0,14,14,13,13,13,13,14,13,13,13,13,13,12,12,12,12,12,12,12,12,12,12,12,13,13,13,0,52,53,51,54,50,51,50,49,51,53,52,50,52,52,55,53,54,54,55,56,56,53,54,53,52,49,47,45,0,0,0,0,0,0,0,52,53,54,52,54,53,53,53,52,53,52,51,51,51,50,49,47,50,49,48,46,48,49,49,52,50,51,51
20260726_153123_c36ca3,1785076339523580,1167911872,0,0,0,-46,128,0,14,14,14,14,14,14,13,14,13,13,13,14,14,14,14,14,15,15,14,14,14,15,14,14,13,13,0,0,0,0,0,0,0,0,0,0,0,14,14,14,14,14,14,14,14,14,14,13,13,13,13,13,12,13,13,13,13,13,13,13,14,14,14,0,51,54,53,52,52,52,51,50,52,52,52,52,51,52,55,54,56,56,56,54,56,53,55,53,51,48,49,47,0,0,0,0,0,0,0,54,53,53,53,55,54,55,53,52,53,52,51,51,50,50,50,49,49,48,48,49,49,50,49,51,52,53,52
20260726_153123_c36ca3,1785076339620282,1168012015,0,0,0,-46,128,0,14,14,14,14,14,14,14,14,14,15,15,15,15,15,15,16,15,16,16,16,15,15,14,14,14,14,0,0,0,0,0,0,0,0,0,0,0,15,15,15,15,15,15,15,14,14,14,14,14,14,13,13,13,13,13,14,13,13,14,14,14,14,14,0,52,55,52,54,51,51,51,52,53,53,52,52,54,54,56,54,57,56,57,56,57,55,54,52,53,50,48,46,0,0,0,0,0,0,0,54,54,54,54,57,55,55,53,55,55,53,53,53,52,51,49,48,50,48,50,49,50,51,50,53,52,52,52
20260726_153123_c36ca3,1785076339722949,1168112336,0,0,0,-46,128,0,14,14,14,14,14,14,14,13,13,13,13,14,14,14,14,15,15,15,15,14,14,14,15,14,14,13,0,0,0,0,0,0,0,0,0,0,0,15,14,14,15,15,15,14,14,14,14,14,14,14,13,13,13,13,13,13,14,14,14,14,14,14,14,0,54,53,53,52,53,52,51,53,51,53,53,52,53,52,54,54,57,56,56,56,55,55,55,53,50,49,50,49,0,0,0,0,0,0,0,55,54,53,54,57,53,54,54,52,51,51,53,51,51,50,49,47,49,48,49,50,49,50,51,51,52,50,50
20260726_153123_c36ca3,1785076339817539,1168211468,0,0,0,-46,128,0,13,13,13,13,13,13,13,13,13,13,13,13,14,13,13,14,15,15,15,15,14,14,13,13,13,13,0,0,0,0,0,0,0,0,0,0,0,14,14,14,14,14,14,13,13,13,13,13,13,13,12,12,12,12,12,12,13,13,13,13,13,13,13,0,50,52,50,53,51,51,50,49,50,53,52,51,52,51,54,54,55,54,56,56,55,54,53,52,49,49,49,45,0,0,0,0,0,0,0,54,52,52,51,53,53,55,53,53,52,52,51,50,49,50,49,48,49,47,47,48,48,49,48,49,51,51,53
20260726_153123_c36ca3,1785076339921453,1168312446,0,0,0,-46,128,0,14,14,14,14,14,14,14,14,14,14,14,14,15,15,15,15,15,15,15,15,15,14,14,13,14,13,0,0,0,0,0,0,0,0,0,0,0,14,14,15,14,14,14,14,13,13,13,13,13,13,13,13,12,13,13,13,13,13,14,13,13,13,13,0,52,51,51,51,51,51,51,50,51,49,51,51,52,53,52,53,54,54,54,54,54,54,53,51,49,49,47,46,0,0,0,0,0,0,0,52,52,54,52,52,54,52,52,53,51,50,50,50,48,49,48,48,47,45,46,48,47,49,49,48,49,51,50
20260726_153123_c36ca3,1785076340018114,1168411498,0,0,0,-46,128,0,14,14,14,14,14,15,15,14,15,15,15,14,15,15,15,15,15,16,16,16,16,15,14,14,14,14,0,0,0,0,0,0,0,0,0,0,0,15,15,15,15,15,15,15,14,14,14,14,14,14,14,13,13,13,13,13,13,13,14,13,14,14,14,0,52,52,53,54,50,52,52,51,52,53,53,53,54,53,55,54,57,56,58,58,57,55,53,53,52,51,49,47,0,0,0,0,0,0,0,53,53,53,53,55,54,55,53,54,53,53,53,52,51,51,49,48,50,50,48,48,48,49,51,52,51,51,53
20260726_153123_c36ca3,1785076340119651,1168511414,0,0,0,-46,128,0,14,15,15,15,14,15,14,14,14,14,15,14,15,15,16,16,16,15,16,16,16,16,15,14,14,14,0,0,0,0,0,0,0,0,0,0,0,15,15,15,15,15,14,14,14,14,14,14,14,14,13,13,14,14,14,13,14,14,14,14,14,14,14,0,54,52,53,54,53,52,52,51,53,52,53,53,52,54,54,55,56,58,58,57,57,56,52,53,53,52,49,47,0,0,0,0,0,0,0,55,54,54,55,53,55,55,56,55,53,52,51,52,52,50,51,50,49,50,48,50,50,49,50,51,52,52,54
20260726_153123_c36ca3,1785076340221660,1168611862,0,0,0,-46,128,0,14,14,14,14,14,14,14,14,15,15,15,15,15,15,15,15,15,16,16,16,16,15,15,14,14,14,0,0,0,0,0,0,0,0,0,0,0,15,15,15,15,15,14,15,14,14,14,14,14,14,13,13,14,13,14,13,14,13,14,14,14,14,14,0,53,54,53,55,50,52,52,52,52,53,54,54,53,53,55,55,56,56,56,57,57,56,55,55,52,51,48,47,0,0,0,0,0,0,0,54,55,53,55,54,55,56,54,54,53,53,52,51,51,50,49,49,51,48,49,48,49,50,51,52,51,52,52
20260726_153123_c36ca3,1785076340319430,1168712143,0,0,0,-46,128,0,14,14,14,13,14,13,13,13,13,13,14,14,14,14,14,15,15,14,15,14,15,15,14,13,13,13,0,0,0,0,0,0,0,0,0,0,0,14,14,14,14,14,14,14,14,14,14,14,13,14,13,13,13,14,13,13,13,13,13,13,13,14,14,0,51,52,51,51,51,52,50,50,52,48,51,52,51,52,52,53,55,55,55,54,54,54,52,52,49,49,49,46,0,0,0,0,0,0,0,52,52,51,52,54,54,52,52,52,51,50,49,51,50,48,49,49,49,48,46,48,49,48,48,49,50,50,50
20260726_153123_c36ca3,1785076340421424,1168811869,0,0,0,-46,128,0,14,14,14,15,14,14,14,14,14,14,14,14,14,14,15,14,15,15,15,15,16,14,15,14,14,14,0,0,0,0,0,0,0,0,0,0,0,14,14,15,14,15,15,15,14,14,14,14,14,13,13,13,13,12,13,14,13,12,14,14,14,14,14,0,52,52,51,51,51,50,52,51,51,52,52,52,51,52,53,55,54,56,55,57,57,55,52,50,51,49,48,45,0,0,0,0,0,0,0,54,51,45,53,54,56,52,55,54,47,53,49,52,45,49,46,47,48,50,46,43,49,48,48,52,50,50,52
20260726_153123_c36ca3,1785076340518631,1168910389,0,0,0,-46,128,0,13,13,13,13,13,13,13,13,13,14,13,14,13,14,13,14,15,15,15,15,14,14,14,13,13,13,0,0,0,0,0,0,0,0,0,0,0,14,14,14,14,14,14,14,13,13,13,13,13,13,13,13,14,12,12,13,13,13,13,13,13,13,13,0,52,50,52,52,50,52,51,52,50,52,50,51,51,52,54,52,55,56,56,54,53,54,53,52,49,48,47,46,0,0,0,0,0,0,0,52,52,52,51,53,53,53,52,54,52,51,51,50,50,50,48,48,49,46,47,49,49,48,48,49,51,51,51
20260726_153123_c36ca3,1785076340621438,1169010315,0,0,0,-46,128,0,15,15,14,15,14,14,14,14,15,15,15,14,14,14,15,15,15,16,16,16,16,15,15,14,15,14,0,0,0,0,0,0,0,0,0,0,0,15,15,15,14,15,14,15,14,14,14,14,14,14,14,13,13,13,14,14,14,14,14,14,14,14,15,0,52,52,52,53,51,52,51,51,51,52,52,51,51,52,54,54,56,56,56,56,56,54,54,53,51,49,47,48,0,0,0,0,0,0,0,55,52,54,54,55,54,54,52,53,52,53,51,51,49,49,48,47,50,49,49,47,49,48,49,52,51,51,51
20260726_153123_c36ca3,1785076340717725,1169110201,0,0,0,-46,128,0,13,13,13,13,13,13,13,13,13,13,13,13,13,13,13,14,14,14,14,14,14,14,13,13,13,12,0,0,0,0,0,0,0,0,0,0,0,13,13,13,13,13,13,14,14,14,13,13,13,12,12,12,12,12,12,12,12,12,12,13,13,13,13,0,54,52,50,52,51,51,49,49,50,51,50,51,52,52,52,53,54,55,54,55,54,55,53,51,50,49,47,45,0,0,0,0,0,0,0,53,51,53,53,52,52,52,51,52,52,51,51,50,50,49,49,49,47,47,49,47,48,49,49,51,49,50,50
20260726_153123_c36ca3,1785076340825140,1169214202,0,0,0,-46,128,0,15,14,14,14,14,14,14,13,14,14,14,14,14,15,15,15,16,16,16,15,16,16,15,13,14,14,0,0,0,0,0,0,0,0,0,0,0,14,15,15,14,14,15,14,14,14,14,14,14,14,13,13,14,14,14,13,13,13,13,14,14,14,15,0,53,52,52,53,51,51,50,51,52,51,52,52,52,53,54,55,54,56,56,56,57,54,52,52,52,50,46,47,0,0,0,0,0,0,0,53,54,54,52,53,55,52,55,52,53,51,51,51,50,48,48,48,48,48,48,48,48,50,51,50,52,51,51
20260726_153123_c36ca3,1785076340921928,1169310832,0,0,0,-46,128,0,14,14,14,13,15,14,14,14,14,14,14,14,14,14,14,15,15,15,15,15,15,14,14,14,14,13,0,0,0,0,0,0,0,0,0,0,0,14,14,14,14,14,14,14,14,13,14,14,13,13,13,13,13,13,13,13,13,13,13,13,14,14,14,0,52,51,53,51,52,53,51,50,50,50,52,51,52,52,53,55,54,55,56,55,55,54,53,52,49,49,48,47,0,0,0,0,0,0,0,53,52,51,52,52,54,54,53,52,52,51,51,50,48,50,48,46,47,47,45,52,49,51,50,48,52,51,51
20260726_153123_c36ca3,1785076341018759,1169411008,0,0,0,-46,128,0,13,14,14,14,13,13,13,13,13,13,14,14,14,14,14,14,14,14,14,15,14,14,14,13,13,13,0,0,0,0,0,0,0,0,0,0,0,13,14,14,14,14,13,13,13,13,13,13,13,13,13,12,12,13,13,13,12,13,13,13,13,13,14,0,52,52,52,52,52,52,51,51,50,49,52,51,52,55,52,55,55,55,56,54,54,54,52,53,50,49,47,47,0,0,0,0,0,0,0,53,54,52,54,52,53,53,52,52,52,51,51,49,49,49,50,48,48,47,45,48,49,49,51,50,51,51,53
20260726_153123_c36ca3,1785076341120564,1169512040,0,0,0,-46,128,0,14,14,14,14,13,13,13,13,13,13,13,13,13,14,14,14,14,14,14,14,14,14,13,14,13,13,0,0,0,0,0,0,0,0,0,0,0,13,13,14,14,14,13,14,13,13,13,13,13,13,13,13,13,12,12,12,13,13,13,13,13,14,14,0,52,52,50,51,50,50,51,50,51,51,50,50,51,52,54,52,54,55,56,54,55,53,52,51,49,48,47,45,0,0,0,0,0,0,0,52,52,52,51,53,52,51,51,51,49,50,49,50,49,49,48,47,47,46,47,46,48,48,48,48,49,50,52
20260726_153123_c36ca3,1785076341222787,1169611588,0,0,0,-46,128,0,13,13,13,13,13,13,13,13,13,13,13,13,13,13,13,14,14,14,14,13,14,14,13,13,13,13,0,0,0,0,0,0,0,0,0,0,0,13,13,13,13,13,13,13,13,13,13,13,13,12,12,12,12,11,11,12,13,11,12,12,12,13,13,0,51,50,50,49,53,50,50,47,50,49,51,49,51,51,51,55,53,56,55,55,54,53,50,50,51,50,46,45,0,0,0,0,0,0,0,51,51,51,54,51,53,51,53,52,50,51,49,49,48,48,48,47,45,47,46,49,47,47,48,48,51,49,51
20260726_153123_c36ca3,1785076341323717,1169712232,0,0,0,-46,128,0,15,15,15,15,14,15,14,14,15,14,14,14,14,15,15,15,15,16,16,16,16,15,14,15,14,14,0,0,0,0,0,0,0,0,0,0,0,15,15,15,15,15,14,14,14,14,14,14,14,14,14,14,14,14,13,13,13,14,14,13,15,15,15,0,52,51,53,52,50,52,49,48,50,53,52,50,52,53,55,55,55,57,56,56,58,54,53,52,52,51,48,46,0,0,0,0,0,0,0,54,51,52,52,53,53,54,53,53,54,52,51,52,49,48,49,48,49,48,47,47,50,49,50,51,49,54,52
20260726_153123_c36ca3,1785076341421192,1169810158,0,0,0,-46,128,0,14,14,14,14,14,14,14,14,14,14,14,14,14,14,15,15,15,15,16,15,15,14,14,14,14,14,0,0,0,0,0,0,0,0,0,0,0,14,14,15,15,15,15,14,14,14,14,14,14,14,13,13,13,13,13,13,13,14,14,14,14,14,15,0,52,54,51,53,52,52,53,51,51,52,52,54,54,53,54,54,56,56,57,56,56,55,53,51,52,50,48,47,0,0,0,0,0,0,0,54,53,53,53,54,54,55,53,53,52,52,52,49,50,49,49,48,49,48,48,48,51,51,50,50,51,52,51
20260726_153123_c36ca3,1785076341521481,1169910185,0,0,0,-46,128,0,13,13,13,13,13,13,13,13,13,14,13,13,13,13,13,14,14,14,14,14,14,14,13,13,13,12,0,0,0,0,0,0,0,0,0,0,0,13,13,13,14,14,13,13,13,13,13,13,12,12,12,11,13,11,12,12,12,12,12,13,13,13,13,0,53,51,51,53,48,49,52,49,48,52,53,49,51,52,52,52,55,55,56,56,55,53,53,50,50,48,47,45,0,0,0,0,0,0,0,54,53,51,52,53,52,53,52,52,50,51,50,49,48,48,47,46,49,48,47,46,48,48,48,51,51,50,51
20260726_153123_c36ca3,1785076341618449,1170009876,0,0,0,-46,128,0,14,14,14,14,14,14,14,13,13,13,14,14,13,13,14,14,15,14,15,15,14,14,14,14,13,13,0,0,0,0,0,0,0,0,0,0,0,14,13,15,14,14,14,14,14,14,14,14,14,14,13,13,13,13,13,13,13,13,13,13,13,14,14,0,53,52,53,52,53,52,50,51,50,50,52,51,53,52,52,54,55,56,55,56,55,53,53,53,50,49,48,47,0,0,0,0,0,0,0,52,53,52,53,53,55,53,54,54,52,51,50,50,50,49,49,49,48,48,48,48,49,49,50,50,52,52,52
20260726_153123_c36ca3,1785076341720551,1170110022,0,0,0,-46,128,0,14,14,14,14,14,14,14,14,14,14,13,13,13,13,14,14,15,14,14,15,15,15,14,14,13,13,0,0,0,0,0,0,0,0,0,0,0,14,14,14,14,14,14,14,14,14,14,14,14,14,14,13,13,13,13,13,13,13,13,13,14,14,14,0,51,52,51,52,50,51,51,50,51,50,51,51,53,52,53,52,57,55,56,55,55,54,53,52,50,48,47,47,0,0,0,0,0,0,0,54,52,53,52,54,53,53,53,51,51,51,51,51,49,48,49,47,48,47,48,47,47,48,48,50,50,50,51
20260726_153123_c36ca3,1785076341817388,1170210029,0,0,0,-46,128,0,13,13,13,13,13,13,13,13,13,13,13,13,13,13,13,13,14,15,15,15,14,14,13,13,13,13,0,0,0,0,0,0,0,0,0,0,0,13,13,13,14,14,14,14,13,13,13,13,13,13,12,12,12,12,12,13,13,12,12,12,13,13,13,0,53,53,51,51,50,50,50,51,51,50,51,50,52,51,52,54,54,55,56,56,55,53,51,50,50,49,46,45,0,0,0,0,0,0,0,52,51,51,52,52,52,52,51,51,51,50,49,49,49,48,49,48,48,47,47,47,47,48,49,50,48,51,52
20260726_153123_c36ca3,1785076341919366,1170311167,0,0,0,-46,128,0,14,14,14,14,14,14,14,13,14,14,14,14,14,14,14,14,14,15,15,15,14,14,14,14,13,13,0,0,0,0,0,0,0,0,0,0,0,14,14,15,15,15,15,15,14,14,13,13,14,14,14,14,13,13,13,13,13,13,13,13,14,14,14,0,52,54,52,53,53,52,52,52,50,52,50,52,52,54,52,53,55,55,55,56,55,54,55,51,49,47,48,47,0,0,0,0,0,0,0,52,53,53,53,53,54,54,54,53,53,51,50,50,51,49,51,49,50,48,47,47,50,48,50,50,51,52,51
20260726_153123_c36ca3,1785076342021531,1170412754,0,0,0,-46,128,0,14,13,14,14,13,13,13,13,13,13,13,13,13,14,14,14,14,14,15,15,14,14,14,13,13,13,0,0,0,0,0,0,0,0,0,0,0,14,13,14,15,14,14,14,14,14,13,14,13,13,13,13,12,12,12,12,12,13,13,13,13,13,14,0,52,52,50,53,51,51,51,50,51,52,51,50,50,50,54,52,54,54,54,55,55,53,52,51,49,47,47,45,0,0,0,0,0,0,0,52,52,51,52,53,53,53,52,53,50,51,50,52,50,50,49,46,48,46,47,47,48,47,48,49,49,50,50
20260726_153123_c36ca3,1785076342118809,1170509944,0,0,0,-46,128,0,14,15,14,14,14,14,14,14,14,14,14,15,15,14,15,15,15,16,15,15,15,14,14,14,14,14,0,0,0,0,0,0,0,0,0,0,0,15,15,15,14,15,15,14,14,14,14,14,14,14,13,13,13,13,13,13,13,13,13,13,14,14,14,0,53,53,53,52,52,53,51,52,50,52,53,52,52,53,52,55,55,56,58,56,57,54,53,52,52,49,47,47,0,0,0,0,0,0,0,54,52,52,53,52,54,54,54,54,52,52,50,52,50,49,48,49,48,49,47,49,49,50,49,50,51,51,52
20260726_153123_c36ca3,1785076342216484,1170610194,0,0,0,-46,128,0,14,15,15,14,14,14,14,14,14,14,14,14,14,15,15,15,15,15,15,16,16,15,15,14,14,14,0,0,0,0,0,0,0,0,0,0,0,14,15,15,15,15,14,15,14,14,14,14,14,14,13,13,13,13,13,13,13,13,13,14,14,14,14,0,53,52,52,53,52,52,52,52,51,52,51,52,53,53,55,55,57,57,57,57,55,54,53,52,51,50,48,45,0,0,0,0,0,0,0,54,54,52,53,52,54,54,54,54,52,51,51,50,50,50,49,47,48,49,50,50,50,49,50,50,50,52,51
20260726_153123_c36ca3,1785076342318654,1170710106,0,0,0,-46,128,0,13,14,13,13,13,13,13,13,13,13,13,13,13,14,13,14,14,14,14,14,14,14,14,14,13,13,0,0,0,0,0,0,0,0,0,0,0,14,14,14,14,14,14,14,13,13,13,13,13,13,12,13,12,12,12,13,13,13,13,13,13,13,14,0,52,53,51,53,50,52,53,52,52,52,52,52,54,53,55,55,57,56,57,56,58,55,54,52,50,48,49,47,0,0,0,0,0,0,0,54,53,53,52,55,55,55,54,53,51,51,52,51,50,50,50,48,48,47,49,49,50,49,51,50,52,52,52
20260726_153123_c36ca3,1785076342416490,1170810212,0,0,0,-46,128,0,13,13,13,13,13,13,13,13,13,13,13,13,13,13,14,14,14,15,15,14,14,13,13,13,13,12,0,0,0,0,0,0,0,0,0,0,0,14,13,14,14,14,13,13,13,13,13,13,13,13,13,13,13,12,12,12,12,13,13,13,13,13,13,0,51,50,52,51,50,50,49,49,50,50,51,51,50,52,50,54,53,54,54,55,55,53,50,50,50,50,45,45,0,0,0,0,0,0,0,51,52,52,53,52,51,51,52,50,51,51,50,50,49,47,49,47,46,47,45,47,47,47,49,49,49,50,50
20260726_153123_c36ca3,1785076342519042,1170910054,0,0,0,-46,128,0,13,13,13,14,14,14,13,14,13,13,13,13,13,13,14,14,14,14,14,15,14,14,13,13,13,12,0,0,0,0,0,0,0,0,0,0,0,14,14,14,14,14,14,14,14,14,13,13,13,13,13,12,13,12,12,12,12,12,13,13,13,13,13,0,52,52,49,53,50,50,49,50,50,52,51,49,50,50,53,54,54,55,55,55,53,53,52,49,49,49,46,45,0,0,0,0,0,0,0,50,49,51,50,52,51,53,52,52,49,51,49,51,50,48,47,46,48,46,47,47,47,48,48,50,50,51,51
20260726_153123_c36ca3,1785076342621478,1171009998,0,0,0,-46,128,0,13,14,14,13,13,13,13,13,13,13,13,14,14,15,15,15,15,15,14,14,14,14,14,13,13,13,0,0,0,0,0,0,0,0,0,0,0,14,14,14,14,14,13,13,13,13,13,13,13,13,13,13,12,12,12,13,12,13,13,13,13,13,13,0,51,50,53,52,52,51,51,49,50,50,50,51,52,52,53,53,52,56,54,55,54,53,51,50,50,48,46,45,0,0,0,0,0,0,0,51,51,52,53,53,53,52,52,51,51,50,50,50,49,49,48,49,47,47,46,47,46,48,49,48,51,50,51
20260726_153123_c36ca3,1785076342717895,1171110101,0,0,0,-46,128,0,13,14,14,14,13,14,14,14,14,14,14,14,14,14,15,14,15,15,15,15,15,15,14,14,13,13,0,0,0,0,0,0,0,0,0,0,0,14,14,15,14,14,14,14,14,14,14,14,13,13,13,13,13,13,13,13,13,13,13,13,14,14,14,0,52,52,53,52,52,52,51,51,50,51,52,52,52,52,53,53,55,55,56,55,54,54,52,52,49,49,47,47,0,0,0,0,0,0,0,52,52,52,52,54,54,53,52,52,53,51,51,50,50,50,50,48,49,48,47,49,50,48,50,49,50,50,49
20260726_153123_c36ca3,1785076342818879,1171210039,0,0,0,-46,128,0,13,13,13,14,14,14,13,13,14,13,13,13,13,13,14,15,13,15,14,14,14,14,14,13,13,13,0,0,0,0,0,0,0,0,0,0,0,13,13,14,14,14,14,14,14,13,13,14,13,13,13,12,12,12,12,12,13,13,13,13,13,13,13,0,50,51,50,52,49,48,49,49,49,51,50,51,51,51,54,54,54,55,55,53,54,52,52,51,51,49,47,45,0,0,0,0,0,0,0,51,52,51,52,52,53,52,52,52,50,52,49,50,49,48,48,49,48,47,47,46,48,47,48,49,48,51,51
20260726_153123_c36ca3,1785076342921105,1171309951,0,0,0,-46,128,0,13,13,13,13,13,13,13,12,13,13,13,13,13,13,13,14,14,14,14,14,14,13,13,14,13,13,0,0,0,0,0,0,0,0,0,0,0,13,13,13,13,13,13,13,13,13,13,13,13,13,12,12,12,12,12,13,11,13,12,13,12,13,13,0,50,53,51,52,50,50,50,50,50,52,52,50,50,49,53,53,56,55,56,55,56,53,52,51,50,47,47,45,0,0,0,0,0,0,0,53,51,50,49,53,53,52,51,51,49,51,50,49,49,48,48,47,48,46,47,48,46,49,48,50,52,51,52
20260726_153123_c36ca3,1785076343016843,1171409926,0,0,0,-46,128,0,14,15,15,14,15,14,14,14,14,14,14,14,14,14,14,14,15,14,15,15,15,15,15,15,13,13,0,0,0,0,0,0,0,0,0,0,0,14,14,14,14,14,14,14,14,14,14,13,13,13,14,13,13,13,13,13,13,13,13,13,13,14,15,0,53,52,53,52,51,51,50,51,51,49,51,51,53,55,52,55,55,56,56,56,56,54,52,52,51,50,46,48,0,0,0,0,0,0,0,50,50,53,52,52,54,53,54,51,51,52,48,49,49,49,49,50,46,48,46,50,49,49,51,47,51,52,52
20260726_153123_c36ca3,1785076343118648,1171510012,0,0,0,-46,128,0,14,14,13,13,13,13,13,13,13,13,13,13,13,13,14,15,14,15,14,14,14,14,14,13,13,13,0,0,0,0,0,0,0,0,0,0,0,14,14,14,14,13,14,13,13,13,13,13,13,13,13,12,13,13,12,12,12,13,13,13,13,13,14,0,52,49,52,50,53,50,49,50,50,50,51,50,51,53,53,55,53,56,57,55,55,53,51,52,50,50,44,46,0,0,0,0,0,0,0,51,51,52,54,52,54,50,54,52,51,50,48,49,49,48,47,48,48,48,45,48,47,47,47,48,49,50,51
20260726_153123_c36ca3,1785076343220461,1171609911,0,0,0,-46,128,0,14,15,14,15,14,14,14,14,14,14,14,14,15,15,15,15,15,16,15,16,15,15,14,15,14,14,0,0,0,0,0,0,0,0,0,0,0,15,14,15,15,15,15,15,15,15,14,14,14,14,13,13,13,13,13,14,14,14,14,14,15,14,15,0,54,52,52,53,52,51,51,51,53,51,52,52,53,53,53,53,55,55,56,56,56,55,55,51,52,51,47,45,0,0,0,0,0,0,0,52,52,53,53,53,53,53,51,52,52,52,51,50,49,48,50,49,49,48,48,47,49,48,51,48,49,52,50
20260726_153123_c36ca3,1785076343318041,1171711079,0,0,0,-46,128,0,15,15,14,15,14,14,14,14,14,14,14,14,14,14,14,14,15,14,15,15,15,15,15,14,13,13,0,0,0,0,0,0,0,0,0,0,0,14,14,14,14,14,14,14,14,14,14,14,13,14,13,13,13,13,13,13,13,13,13,13,13,14,13,0,53,53,54,52,50,52,52,51,50,51,51,52,53,52,52,55,54,55,57,55,55,53,53,52,49,50,47,47,0,0,0,0,0,0,0,53,52,52,52,54,54,52,53,52,51,50,51,50,49,49,48,50,48,47,46,49,48,50,50,50,51,51,51
20260726_153123_c36ca3,1785076343421430,1171809881,0,0,0,-46,128,0,14,14,14,14,14,14,14,14,14,14,14,14,14,14,15,15,15,15,15,15,15,15,14,14,14,13,0,0,0,0,0,0,0,0,0,0,0,14,15,15,15,15,14,14,14,14,14,14,14,14,14,14,14,14,13,13,13,13,14,14,14,14,14,0,53,54,53,51,52,53,51,51,51,51,51,52,52,55,53,54,55,57,56,56,56,55,53,52,52,49,47,46,0,0,0,0,0,0,0,53,53,52,53,52,55,53,53,52,52,51,50,51,48,50,49,49,48,49,46,48,49,50,51,49,51,51,49
20260726_153123_c36ca3,1785076343518655,1171910021,0,0,0,-46,128,0,14,14,14,14,14,14,14,13,14,13,13,13,13,14,14,14,15,15,16,15,14,15,14,14,13,13,0,0,0,0,0,0,0,0,0,0,0,13,13,13,15,15,13,14,13,14,14,13,13,13,13,13,13,13,12,13,13,13,13,13,14,14,14,0,50,53,51,52,51,50,50,50,52,52,51,52,52,53,52,54,56,55,54,57,55,55,51,53,50,48,45,46,0,0,0,0,0,0,0,53,54,54,55,59,53,52,57,52,52,46,49,48,49,48,49,48,49,48,47,46,48,49,50,50,50,51,51
20260726_153123_c36ca3,1785076343621354,1172010350,0,0,0,-46,128,0,13,13,13,14,13,13,13,13,13,13,13,14,14,14,14,14,15,14,14,15,14,14,14,13,14,13,0,0,0,0,0,0,0,0,0,0,0,13,14,14,14,14,13,13,13,13,13,13,13,13,13,13,13,12,13,12,12,12,13,12,13,13,13,0,52,51,52,51,50,52,50,50,49,50,52,50,50,52,52,54,53,55,55,55,54,52,51,52,50,46,47,44,0,0,0,0,0,0,0,52,52,51,51,52,53,53,53,53,49,50,49,49,49,48,48,46,47,48,46,48,48,49,48,49,50,51,51
20260726_153123_c36ca3,1785076343717014,1172110308,0,0,0,-46,128,0,14,15,15,14,14,14,14,14,14,14,14,14,14,15,15,15,15,15,15,15,16,15,15,14,14,14,0,0,0,0,0,0,0,0,0,0,0,15,15,15,15,15,15,15,15,15,15,15,15,14,13,13,13,13,13,14,14,14,14,14,14,15,14,0,53,52,53,53,51,53,51,51,51,52,50,52,52,54,54,54,56,53,56,54,56,54,55,52,51,49,49,46,0,0,0,0,0,0,0,53,52,51,52,53,53,54,52,53,52,52,52,50,50,49,50,48,49,47,48,49,48,50,49,49,49,51,51
20260726_153123_c36ca3,1785076343819074,1172210130,0,0,0,-46,128,0,15,15,15,15,15,14,14,14,14,14,15,15,15,15,15,15,16,16,15,15,16,15,15,15,14,14,0,0,0,0,0,0,0,0,0,0,0,15,15,16,15,15,15,15,14,14,15,14,14,13,13,13,14,14,14,14,13,14,14,14,14,14,14,0,53,53,52,52,52,52,51,50,51,53,52,51,51,52,54,55,55,57,57,56,57,54,53,53,52,50,48,48,0,0,0,0,0,0,0,53,53,52,53,54,54,54,54,54,52,50,52,51,51,50,49,48,50,48,48,48,49,49,50,51,51,51,52
20260726_153123_c36ca3,1785076343920882,1172309963,0,0,0,-46,128,0,14,14,15,15,14,14,14,14,14,14,14,14,14,14,15,15,15,15,15,15,15,15,15,15,13,13,0,0,0,0,0,0,0,0,0,0,0,14,14,14,14,15,14,14,14,14,14,14,14,13,13,13,13,13,13,13,13,13,13,13,13,14,15,0,53,54,53,53,51,52,51,50,52,53,52,51,52,52,55,55,55,56,57,55,56,55,54,51,51,49,48,46,0,0,0,0,0,0,0,53,53,53,52,53,53,53,52,53,53,51,51,51,51,49,47,47,49,48,48,48,48,48,50,52,51,50,51
20260726_153123_c36ca3,1785076344018281,1172410645,0,0,0,-46,128,0,14,14,14,14,14,13,13,13,13,13,14,14,13,14,14,14,14,14,15,14,14,14,14,14,13,13,0,0,0,0,0,0,0,0,0,0,0,14,14,13,14,13,13,14,13,13,13,13,13,13,13,13,13,13,13,13,13,12,13,13,14,14,14,0,51,52,52,51,52,52,52,51,51,50,50,52,52,53,52,53,54,54,55,55,54,55,53,52,50,47,47,45,0,0,0,0,0,0,0,52,51,53,52,53,52,52,52,53,52,52,49,49,49,48,49,48,47,48,45,47,48,48,50,49,50,51,51
20260726_153123_c36ca3,1785076344119975,1172510453,0,0,0,-46,128,0,14,13,13,14,13,13,13,13,13,13,13,13,13,13,14,14,14,14,15,15,14,14,14,13,13,13,0,0,0,0,0,0,0,0,0,0,0,14,13,14,14,13,13,13,13,13,13,13,13,13,12,13,13,13,13,12,12,12,13,13,13,14,14,0,52,51,51,51,50,49,50,50,51,50,50,50,50,52,52,54,52,55,55,54,55,54,51,50,51,50,45,45,0,0,0,0,0,0,0,51,52,52,52,51,54,52,52,51,50,51,50,50,49,48,48,49,47,47,45,47,46,49,49,48,49,51,52
20260726_153123_c36ca3,1785076344221584,1172610214,0,0,0,-46,128,0,13,14,14,13,13,13,14,13,14,14,14,14,14,13,14,14,15,15,15,15,15,15,14,14,13,13,0,0,0,0,0,0,0,0,0,0,0,14,14,14,14,14,14,14,13,13,13,13,13,13,13,13,14,13,13,13,13,13,13,13,13,13,13,0,53,50,52,51,51,51,51,50,49,51,51,50,51,52,51,52,53,55,54,55,54,53,52,51,49,48,47,47,0,0,0,0,0,0,0,52,52,51,51,51,54,52,54,53,52,51,51,50,49,47,48,48,48,48,47,49,48,48,49,47,50,49,51
20260726_153123_c36ca3,1785076344318866,1172710384,0,0,0,-46,128,0,15,15,15,15,15,15,15,15,15,14,14,14,14,15,15,15,15,15,16,16,16,15,15,15,14,14,0,0,0,0,0,0,0,0,0,0,0,15,15,15,15,15,14,15,14,14,14,14,14,14,14,14,14,14,13,13,14,14,14,14,15,14,14,0,53,52,53,53,51,52,52,50,51,52,52,51,52,53,52,53,55,57,56,56,56,54,53,52,51,50,47,46,0,0,0,0,0,0,0,54,53,52,53,54,53,54,53,53,51,53,51,50,51,49,50,48,48,48,48,49,48,49,49,51,50,51,52
20260726_153123_c36ca3,1785076344419569,1172810506,0,0,0,-46,128,0,14,14,14,15,14,14,14,14,14,14,14,14,14,14,15,15,15,15,15,15,15,15,15,14,14,14,0,0,0,0,0,0,0,0,0,0,0,14,14,14,15,15,14,15,14,13,14,14,13,13,13,13,13,13,14,14,13,13,14,14,14,14,14,0,50,53,53,51,51,51,51,51,52,51,51,51,52,53,53,54,54,55,54,56,55,55,54,51,50,49,48,47,0,0,0,0,0,0,0,51,53,53,53,52,53,53,53,52,52,52,51,49,49,49,48,48,48,48,48,47,47,49,50,50,50,52,51
20260726_153123_c36ca3,1785076344521360,1172910457,0,0,0,-46,128,0,14,14,14,14,13,13,13,14,13,13,14,13,13,14,14,14,15,15,14,15,14,15,14,13,13,13,0,0,0,0,0,0,0,0,0,0,0,14,14,14,15,14,14,14,14,13,13,13,13,13,13,13,13,13,12,13,13,13,13,13,14,14,14,0,52,53,49,51,52,54,52,51,55,52,49,47,56,55,53,57,54,55,54,56,56,55,53,53,53,48,47,47,0,0,0,0,0,0,0,53,53,52,54,54,55,53,54,53,52,51,50,50,50,49,50,48,49,49,47,49,48,49,49,49,51,53,53
20260726_153123_c36ca3,1785076344618046,1173010516,0,0,0,-46,128,0,14,14,14,14,14,14,14,14,14,14,14,14,15,15,15,15,16,15,15,15,15,15,14,15,14,13,0,0,0,0,0,0,0,0,0,0,0,15,14,14,14,15,14,14,14,14,14,14,14,14,13,14,13,12,13,13,13,13,13,14,13,14,14,0,51,52,52,52,51,51,51,52,50,52,52,52,51,53,54,54,56,54,56,55,56,54,53,52,50,48,47,47,0,0,0,0,0,0,0,53,52,52,53,53,54,52,52,52,50,50,50,49,50,49,48,48,47,48,47,48,48,49,50,51,51,51,51
20260726_153123_c36ca3,1785076344725093,1173115868,0,0,0,-46,128,0,15,14,15,14,14,14,14,14,14,14,14,14,14,16,14,15,15,15,15,15,15,15,15,14,14,14,0,0,0,0,0,0,0,0,0,0,0,15,15,15,15,15,15,14,15,14,14,14,14,14,14,13,13,13,13,13,14,14,14,14,14,14,14,0,53,54,52,52,52,52,51,50,49,52,51,51,52,53,54,53,55,54,56,56,54,54,53,51,50,50,47,46,0,0,0,0,0,0,0,52,52,53,52,54,54,54,53,53,52,51,50,50,50,49,49,49,47,47,47,48,50,49,49,49,51,51,50
20260726_153123_c36ca3,1785076344826657,1173215218,0,0,0,-46,128,0,14,14,14,14,14,14,14,14,14,13,14,14,14,14,14,14,15,15,15,15,14,14,14,14,13,13,0,0,0,0,0,0,0,0,0,0,0,14,14,14,14,14,14,14,14,14,14,14,13,13,13,13,13,13,13,13,12,13,13,13,14,14,14,0,51,52,50,51,52,50,50,50,50,52,51,50,51,53,51,53,54,55,55,55,54,54,53,52,50,48,48,45,0,0,0,0,0,0,0,50,54,51,52,51,53,53,52,52,51,50,50,49,49,49,48,47,48,47,47,48,47,47,47,49,50,50,51
20260726_153123_c36ca3,1785076344917614,1173310102,0,0,0,-46,128,0,14,14,15,14,14,14,14,14,14,14,14,14,14,15,15,15,15,15,15,14,14,15,14,14,13,13,0,0,0,0,0,0,0,0,0,0,0,14,13,14,15,14,14,14,14,14,14,13,13,13,13,13,13,13,13,13,13,13,14,14,14,14,14,0,52,51,50,50,51,52,52,51,51,51,51,52,52,54,53,53,54,54,56,55,54,54,52,52,50,49,48,47,0,0,0,0,0,0,0,52,52,52,52,53,53,54,54,51,50,50,49,49,48,49,48,46,48,46,46,49,48,49,50,49,50,50,52
20260726_153123_c36ca3,1785076345025680,1173414225,0,0,0,-46,128,0,14,15,15,15,14,14,14,14,14,14,14,14,14,14,15,15,15,15,15,15,15,15,15,14,14,13,0,0,0,0,0,0,0,0,0,0,0,15,14,15,14,14,14,14,14,14,14,14,13,13,13,13,13,13,13,13,13,13,14,14,14,14,14,0,55,52,53,53,53,52,50,52,53,52,52,52,52,53,53,55,56,57,57,57,57,55,53,54,52,50,49,46,0,0,0,0,0,0,0,52,54,55,54,55,56,54,54,54,53,53,52,52,52,49,50,49,50,49,49,49,49,49,50,51,51,51,53
20260726_153123_c36ca3,1785076345126951,1173515893,0,0,0,-46,128,0,14,14,14,14,13,13,13,13,13,13,14,14,13,14,14,14,14,14,15,14,15,15,14,13,13,13,0,0,0,0,0,0,0,0,0,0,0,13,14,14,15,14,14,14,14,14,14,13,13,13,13,13,13,13,12,13,12,14,14,13,13,14,14,0,55,53,55,53,54,53,55,53,52,53,53,54,52,54,52,55,56,59,57,57,56,55,52,54,52,51,49,49,0,0,0,0,0,0,0,54,55,53,56,54,56,58,56,52,52,52,52,52,51,49,50,49,52,48,47,50,50,51,49,51,53,52,52
20260726_153123_c36ca3,1785076345229366,1173620324,0,0,0,-46,128,0,13,14,13,13,14,14,14,14,13,13,14,13,14,14,14,14,14,14,14,14,15,15,13,13,13,12,0,0,0,0,0,0,0,0,0,0,0,14,14,14,14,14,13,14,13,13,13,13,13,13,13,12,12,12,12,12,12,12,13,12,13,13,13,0,52,53,55,51,53,52,52,51,51,50,52,51,53,54,52,55,54,57,55,55,55,55,52,52,49,49,47,47,0,0,0,0,0,0,0,52,53,52,54,52,55,53,54,52,52,52,49,51,48,49,49,49,47,49,46,49,49,49,50,51,52,52,51
20260726_153123_c36ca3,1785076345320289,1173710706,0,0,0,-46,128,0,14,13,13,13,13,13,13,13,13,13,13,13,13,13,14,14,14,14,14,14,14,14,13,14,13,13,0,0,0,0,0,0,0,0,0,0,0,14,13,13,13,14,14,13,13,13,13,13,13,13,13,13,12,12,12,13,13,13,13,13,13,14,14,0,52,48,49,51,52,49,49,50,49,50,51,49,50,50,52,54,53,56,54,54,54,52,51,51,51,48,46,44,0,0,0,0,0,0,0,52,52,50,51,52,53,52,51,52,49,51,49,49,49,48,48,48,47,47,45,47,48,49,48,49,49,51,49
20260726_153123_c36ca3,1785076345417810,1173810961,0,0,0,-46,128,0,13,14,13,14,14,12,13,12,12,13,13,13,13,13,13,14,14,14,15,15,15,14,14,13,13,12,0,0,0,0,0,0,0,0,0,0,0,13,14,14,14,14,13,14,14,13,13,13,12,12,12,12,13,12,13,12,12,12,13,13,13,13,13,0,52,53,50,52,50,51,51,50,52,50,53,50,52,51,56,54,56,56,57,57,56,53,54,51,51,49,47,45,0,0,0,0,0,0,0,53,53,53,52,54,53,55,52,53,52,52,52,50,50,50,49,47,49,47,48,47,49,48,49,51,52,52,51
20260726_153123_c36ca3,1785076345520359,1173913663,0,0,0,-46,128,0,13,13,13,13,13,12,13,13,13,12,12,13,14,14,14,14,14,14,15,13,13,13,13,13,13,12,0,0,0,0,0,0,0,0,0,0,0,13,13,14,13,13,13,13,13,13,13,12,12,12,12,12,12,12,12,12,12,12,12,12,13,13,12,0,51,53,53,51,51,52,51,52,50,51,51,51,52,53,52,53,54,57,56,56,56,54,53,51,51,50,48,46,0,0,0,0,0,0,0,52,52,52,53,52,53,53,51,51,49,52,50,49,50,49,50,49,47,47,47,47,48,48,50,47,51,50,51
20260726_153123_c36ca3,1785076345618123,1174010925,0,0,0,-46,128,0,14,14,14,14,14,14,13,13,13,14,14,14,14,14,14,14,15,15,15,15,15,15,14,15,13,13,0,0,0,0,0,0,0,0,0,0,0,14,14,14,14,14,14,14,14,14,14,14,13,13,13,13,12,12,13,13,13,13,13,13,13,14,14,0,52,52,50,51,50,50,50,50,50,51,50,51,52,53,52,52,55,54,53,54,54,54,52,52,50,48,48,45,0,0,0,0,0,0,0,52,52,52,51,53,52,53,51,51,51,51,50,49,48,50,48,48,47,47,47,47,48,50,49,49,50,51,51
20260726_153123_c36ca3,1785076345719994,1174110900,0,0,0,-46,128,0,14,14,14,14,14,14,14,14,14,13,13,14,14,14,14,15,15,15,16,15,15,15,14,14,14,13,0,0,0,0,0,0,0,0,0,0,0,14,14,15,14,15,13,14,13,13,13,13,13,13,13,13,13,12,13,13,14,14,14,14,14,14,14,0,53,53,53,52,52,52,53,51,52,52,51,53,54,56,54,56,55,57,57,57,56,55,53,53,50,51,47,48,0,0,0,0,0,0,0,53,54,54,55,52,55,53,54,54,53,52,51,51,49,51,50,50,48,50,48,49,50,48,50,50,52,52,53
20260726_153123_c36ca3,1785076345816774,1174210493,0,0,0,-46,128,0,14,14,14,14,14,14,14,14,14,14,14,14,14,14,14,15,15,15,15,15,15,15,15,14,14,13,0,0,0,0,0,0,0,0,0,0,0,14,14,15,15,15,15,15,14,14,14,14,14,14,14,14,14,14,13,13,13,13,13,13,14,14,14,0,51,55,53,52,51,52,52,51,50,52,51,50,53,52,54,55,55,55,57,54,56,54,53,51,50,48,49,46,0,0,0,0,0,0,0,53,53,52,52,54,54,55,54,52,52,50,52,50,50,50,48,47,48,48,49,49,48,48,49,49,51,51,52
20260726_153123_c36ca3,1785076345920568,1174310494,0,0,0,-46,128,0,13,14,14,13,13,13,13,13,13,14,14,14,14,14,14,14,15,15,15,14,14,15,14,14,13,13,0,0,0,0,0,0,0,0,0,0,0,14,14,14,14,14,14,14,14,13,13,13,13,13,13,13,13,13,12,13,13,13,13,13,13,13,13,0,54,52,51,52,51,51,49,50,49,52,52,52,52,52,52,53,55,54,54,54,55,55,53,50,49,48,49,46,0,0,0,0,0,0,0,53,52,53,52,53,53,53,53,52,51,50,50,50,50,49,47,48,48,47,47,48,48,48,49,50,50,52,49
20260726_153123_c36ca3,1785076346022750,1174413998,0,0,0,-46,128,0,14,15,15,14,14,14,14,14,14,14,14,14,14,15,14,15,15,15,15,15,15,15,15,15,14,14,0,0,0,0,0,0,0,0,0,0,0,15,15,15,15,14,15,14,14,14,14,14,14,14,14,13,13,13,13,14,14,14,14,14,14,14,14,0,51,52,54,51,52,52,50,51,50,50,52,53,53,53,52,55,54,56,56,56,55,53,52,51,50,50,47,47,0,0,0,0,0,0,0,53,53,53,53,53,55,52,53,52,51,52,51,50,49,49,49,50,48,49,47,50,49,49,50,48,51,51,52
20260726_153123_c36ca3,1785076346118373,1174511321,0,0,0,-46,128,0,14,14,14,14,14,14,14,14,15,15,15,15,15,15,16,16,16,16,16,16,15,15,15,14,14,14,0,0,0,0,0,0,0,0,0,0,0,15,15,15,15,15,15,15,15,14,14,14,14,14,14,13,14,13,13,13,13,14,13,14,14,14,14,0,51,53,51,52,50,51,51,51,50,52,51,52,53,53,54,54,55,55,57,57,55,54,54,53,49,49,48,46,0,0,0,0,0,0,0,53,53,52,53,54,53,53,52,53,52,51,51,50,50,49,48,47,50,47,48,46,49,49,49,51,52,51,52
20260726_153123_c36ca3,1785076346221866,1174610416,0,0,0,-46,128,0,14,13,14,13,14,13,14,13,14,13,14,14,14,14,14,15,15,15,15,15,15,14,13,14,14,13,0,0,0,0,0,0,0,0,0,0,0,13,15,14,14,14,14,14,14,14,14,14,14,14,13,13,13,13,13,13,13,13,13,13,13,14,14,0,52,51,51,52,51,52,50,50,50,52,50,51,52,52,52,53,55,54,54,54,55,53,53,51,49,48,48,48,0,0,0,0,0,0,0,51,51,51,54,52,54,54,54,53,52,50,51,50,50,48,49,48,49,48,46,48,49,48,49,50,51,51,49
20260726_153123_c36ca3,1785076346324162,1174712732,0,0,0,-46,128,0,13,13,13,13,13,13,13,13,13,13,14,13,13,13,14,14,14,14,14,14,14,13,13,13,13,13,0,0,0,0,0,0,0,0,0,0,0,13,13,13,14,14,14,14,13,13,13,13,13,12,12,12,12,13,12,12,13,13,13,13,13,13,13,0,52,48,50,50,51,49,49,48,50,50,52,50,51,52,51,55,53,56,55,54,54,51,49,50,50,48,45,45,0,0,0,0,0,0,0,51,51,51,52,52,52,51,54,52,51,50,48,49,49,47,48,47,47,47,46,47,47,47,47,48,50,48,50
20260726_153123_c36ca3,1785076346421378,1174811595,0,0,0,-46,128,0,14,15,15,15,15,15,14,14,14,14,15,15,14,15,16,16,16,15,16,16,16,15,15,14,15,14,0,0,0,0,0,0,0,0,0,0,0,14,15,15,15,15,15,15,14,14,14,14,13,13,13,13,14,13,13,14,14,14,14,14,14,14,14,0,54,52,51,52,51,52,52,50,52,52,53,52,52,51,54,54,55,56,57,55,55,54,53,52,50,50,48,46,0,0,0,0,0,0,0,53,52,53,52,53,54,52,52,53,52,51,50,49,50,48,49,49,47,48,48,49,50,49,50,49,50,49,50
20260726_153123_c36ca3,1785076346517900,1174909972,0,0,0,-46,128,0,14,15,15,15,15,15,15,14,14,14,14,14,14,14,15,15,15,15,16,15,15,15,14,14,14,13,0,0,0,0,0,0,0,0,0,0,0,14,14,15,15,15,15,15,14,14,14,14,14,13,13,13,13,13,13,13,13,13,13,13,14,15,14,0,51,51,51,52,51,51,50,51,50,52,51,52,53,52,53,54,56,55,56,55,54,55,53,51,49,48,49,47,0,0,0,0,0,0,0,52,52,52,53,53,54,53,52,53,51,51,51,49,49,50,48,48,47,46,46,48,49,48,48,49,51,52,50
20260726_153123_c36ca3,1785076346620680,1175010232,0,0,0,-46,128,0,13,13,13,14,13,14,13,13,13,13,13,13,14,14,15,15,15,14,14,14,14,14,14,13,13,12,0,0,0,0,0,0,0,0,0,0,0,14,14,14,14,14,14,13,13,13,13,13,13,13,13,12,13,12,12,12,13,13,13,13,13,13,13,0,50,51,51,51,51,52,51,50,51,51,50,50,50,52,52,54,54,54,55,54,55,53,52,50,49,48,46,45,0,0,0,0,0,0,0,52,52,52,52,53,52,53,51,51,50,51,51,50,49,49,48,47,47,46,45,47,47,47,48,48,51,50,50
20260726_153123_c36ca3,1785076346717110,1175110309,0,0,0,-46,128,0,14,14,14,14,14,14,14,13,13,13,13,14,14,15,15,15,15,16,15,15,14,14,14,14,14,13,0,0,0,0,0,0,0,0,0,0,0,14,14,14,15,15,14,14,14,14,14,14,13,13,13,13,13,13,13,13,13,13,13,13,14,14,14,0,53,53,52,51,51,52,52,52,50,51,52,51,51,51,52,55,54,55,57,55,56,54,54,53,49,49,48,46,0,0,0,0,0,0,0,54,54,51,52,53,56,54,54,52,51,52,50,51,49,49,50,49,48,47,47,50,49,50,49,50,51,50,50
20260726_153123_c36ca3,1785076346818936,1175210324,0,0,0,-46,128,0,14,14,14,14,13,13,13,13,13,13,13,13,13,13,14,14,14,15,14,14,14,14,14,13,14,13,0,0,0,0,0,0,0,0,0,0,0,14,13,13,13,14,13,14,14,14,13,13,13,13,12,12,12,12,13,13,13,12,13,13,12,14,14,0,51,52,51,53,50,49,50,49,51,51,51,50,51,51,54,54,54,53,54,54,54,53,51,50,51,49,47,44,0,0,0,0,0,0,0,53,52,52,51,54,52,52,51,51,50,51,51,49,48,49,48,47,48,46,47,47,46,48,48,51,50,52,50
20260726_153123_c36ca3,1785076346921233,1175310201,0,0,0,-46,128,0,13,13,13,14,14,13,13,13,13,13,13,13,13,13,14,14,14,14,14,14,15,14,14,13,13,12,0,0,0,0,0,0,0,0,0,0,0,14,13,14,14,14,14,14,13,14,13,14,13,13,13,12,13,12,12,12,12,12,12,13,13,13,13,0,52,52,52,52,51,50,49,49,50,51,52,50,51,51,52,54,54,55,56,54,55,53,52,50,50,49,46,45,0,0,0,0,0,0,0,52,51,51,52,52,53,51,53,52,51,51,50,49,49,48,47,47,49,49,49,48,48,48,47,50,49,49,51
20260726_153123_c36ca3,1785076347018739,1175409904,0,0,0,-46,128,0,14,15,14,14,13,14,14,13,13,13,13,14,14,14,14,14,15,15,15,14,14,14,15,14,14,12,0,0,0,0,0,0,0,0,0,0,0,14,14,15,14,15,14,14,14,14,14,14,14,13,13,13,13,13,13,12,13,13,14,14,14,14,14,0,52,52,52,53,52,51,51,51,51,50,51,52,53,54,52,54,55,56,54,56,55,55,53,53,50,49,48,46,0,0,0,0,0,0,0,52,52,52,51,52,54,53,53,52,51,51,51,50,50,50,49,50,47,48,48,48,49,49,50,47,49,51,50
20260726_153123_c36ca3,1785076347120202,1175511226,0,0,0,-46,128,0,13,13,14,13,14,13,14,13,13,13,14,13,13,14,14,15,15,15,15,15,14,15,14,14,13,13,0,0,0,0,0,0,0,0,0,0,0,14,14,15,14,14,14,14,13,13,13,13,13,13,12,13,13,13,12,13,13,14,13,13,14,14,14,0,52,53,52,52,51,52,51,50,50,51,52,52,53,53,52,55,55,55,55,55,54,54,54,52,49,48,47,46,0,0,0,0,0,0,0,52,52,52,52,52,55,51,52,54,51,50,50,49,49,48,48,48,47,47,46,48,47,49,48,49,51,51,51
20260726_153123_c36ca3,1785076347217148,1175610667,0,0,0,-46,128,0,14,14,14,15,14,14,14,14,14,14,14,14,14,15,16,16,15,16,15,15,15,15,15,15,14,14,0,0,0,0,0,0,0,0,0,0,0,15,15,15,15,15,14,15,14,14,14,14,14,14,13,13,13,13,13,13,13,13,14,14,14,14,14,0,51,53,53,52,52,51,51,51,51,51,52,51,52,53,55,54,55,55,56,56,56,54,54,53,50,48,48,46,0,0,0,0,0,0,0,53,51,52,51,53,53,53,53,54,52,51,50,50,49,49,48,48,49,48,47,48,48,48,50,50,51,51,51
20260726_153123_c36ca3,1785076347318143,1175711846,0,0,0,-46,128,0,13,13,14,13,13,13,13,13,13,13,13,13,13,14,14,14,14,15,15,15,14,14,15,14,14,13,0,0,0,0,0,0,0,0,0,0,0,13,13,13,13,13,13,13,13,13,13,13,13,13,13,12,12,13,12,13,13,13,13,13,14,13,13,0,52,52,51,53,50,52,50,50,52,54,53,51,51,52,55,55,55,55,57,57,56,55,55,52,51,49,49,47,0,0,0,0,0,0,0,50,48,50,51,51,50,51,50,51,49,47,50,49,48,48,47,46,47,45,47,49,48,48,48,51,50,50,51
20260726_153123_c36ca3,1785076347421227,1175811878,0,0,0,-46,128,0,14,14,14,13,13,13,14,14,14,13,13,13,13,14,14,14,14,14,15,14,14,14,14,13,13,12,0,0,0,0,0,0,0,0,0,0,0,14,13,14,14,14,14,14,13,13,13,13,13,13,13,13,12,12,12,13,13,13,13,13,13,13,13,0,51,50,54,50,52,51,51,51,52,49,50,52,50,54,52,55,55,54,56,55,54,53,52,51,50,49,47,46,0,0,0,0,0,0,0,51,52,50,53,53,54,52,52,52,49,51,49,49,49,49,48,48,46,48,46,48,48,49,49,48,51,51,51
20260726_153123_c36ca3,1785076347518266,1175911570,0,0,0,-46,128,0,13,13,13,13,13,13,13,13,13,12,13,13,13,13,13,14,13,15,15,14,14,14,13,13,13,13,0,0,0,0,0,0,0,0,0,0,0,13,13,13,14,13,14,14,13,13,13,13,13,12,12,12,12,12,12,12,12,12,12,12,13,13,13,0,53,50,51,49,50,51,49,48,49,50,51,50,52,52,52,52,54,57,56,54,54,54,51,51,50,49,46,46,0,0,0,0,0,0,0,52,52,52,52,54,52,52,52,52,50,51,49,50,50,48,47,47,47,46,47,48,48,48,47,48,51,51,51
20260726_153123_c36ca3,1785076347620278,1176011765,0,0,0,-46,128,0,14,14,13,14,13,13,13,13,13,14,13,13,13,14,14,14,14,15,15,14,14,14,14,13,13,13,0,0,0,0,0,0,0,0,0,0,0,13,15,15,14,14,14,14,14,13,13,13,13,13,13,13,13,13,12,12,12,12,13,13,13,13,13,0,52,49,51,50,51,50,50,49,51,50,50,50,51,51,53,55,53,56,55,54,54,52,51,50,50,50,46,45,0,0,0,0,0,0,0,51,51,52,54,51,54,52,54,52,51,52,50,49,49,48,49,49,47,49,46,47,47,48,50,49,49,50,49
20260726_153123_c36ca3,1785076347718017,1176109932,0,0,0,-46,128,0,13,13,13,13,13,13,13,13,13,13,13,13,13,13,14,14,14,14,14,14,14,14,13,13,12,12,0,0,0,0,0,0,0,0,0,0,0,13,13,13,13,13,13,13,13,12,13,12,12,12,12,12,12,12,12,12,12,12,12,13,13,13,13,0,51,52,51,52,50,51,51,49,51,49,52,51,51,51,52,53,52,55,55,55,54,53,51,52,49,48,46,45,0,0,0,0,0,0,0,52,52,51,51,52,54,53,51,51,49,51,50,50,48,49,48,48,48,46,47,47,49,47,49,48,49,51,50
20260726_153123_c36ca3,1785076347820828,1176211060,0,0,0,-46,128,0,14,13,13,13,13,13,13,13,13,13,14,13,13,13,14,14,14,14,14,14,14,13,13,13,13,12,0,0,0,0,0,0,0,0,0,0,0,13,15,14,14,13,14,13,14,13,12,13,13,12,12,12,12,13,13,12,12,13,13,13,13,13,14,0,51,51,49,53,50,50,50,49,51,52,53,50,51,50,53,53,54,54,56,53,52,53,51,52,50,47,45,45,0,0,0,0,0,0,0,55,49,51,52,58,53,53,57,52,50,49,49,50,49,47,47,44,48,45,49,47,46,47,48,50,50,51,50
20260726_153123_c36ca3,1785076347923137,1176312424,0,0,0,-46,128,0,14,15,15,14,14,14,14,14,14,14,14,15,14,15,15,15,16,15,16,15,15,15,15,14,14,14,0,0,0,0,0,0,0,0,0,0,0,15,15,15,15,15,15,14,14,14,14,14,14,14,14,14,14,14,14,14,13,14,14,14,14,14,14,0,53,53,52,52,52,50,51,51,51,52,51,51,53,53,55,54,55,55,56,55,55,54,52,51,52,50,48,45,0,0,0,0,0,0,0,53,52,53,53,53,54,55,54,53,51,50,51,51,49,50,49,49,48,49,47,49,49,50,50,49,51,51,50
20260726_153123_c36ca3,1785076348020345,1176412112,0,0,0,-46,128,0,15,15,15,15,15,14,14,14,14,14,14,14,14,15,15,15,15,15,15,15,16,16,15,15,14,14,0,0,0,0,0,0,0,0,0,0,0,15,15,15,16,15,15,15,15,15,14,14,14,14,14,13,13,13,13,14,14,14,14,14,15,15,15,0,53,53,53,52,51,51,52,52,53,51,52,51,51,55,53,54,55,55,55,56,57,54,53,51,51,50,46,46,0,0,0,0,0,0,0,53,53,53,54,53,55,54,53,52,52,53,50,50,50,50,50,49,50,48,48,48,48,49,50,49,51,51,50
20260726_153123_c36ca3,1785076348121057,1176511918,0,0,0,-46,128,0,13,13,14,13,13,13,13,13,13,13,13,13,13,14,14,14,14,14,14,14,14,13,13,13,13,12,0,0,0,0,0,0,0,0,0,0,0,14,13,13,13,14,13,13,13,13,13,13,13,13,13,12,12,12,12,12,12,12,12,13,13,13,13,0,50,49,49,50,50,50,49,50,50,50,52,50,51,51,53,52,54,55,54,55,54,52,52,49,49,48,47,45,0,0,0,0,0,0,0,52,52,51,52,53,53,51,52,52,50,50,49,48,50,48,47,47,47,46,47,47,46,48,47,48,50,50,49
20260726_153123_c36ca3,1785076348219337,1176611607,0,0,0,-46,128,0,14,15,15,15,15,15,14,14,14,14,14,14,15,15,15,15,15,15,15,15,16,16,15,14,14,14,0,0,0,0,0,0,0,0,0,0,0,15,15,15,16,16,15,15,15,15,14,14,14,14,14,13,13,13,14,14,14,14,14,14,14,15,14,0,55,54,52,54,53,54,53,52,53,53,53,52,54,54,55,56,56,57,57,56,55,55,55,53,53,50,48,47,0,0,0,0,0,0,0,55,54,54,55,55,54,54,54,54,54,52,51,52,51,52,50,50,50,50,49,49,50,50,50,50,50,52,52
20260726_153123_c36ca3,1785076348319845,1176711856,0,0,0,-46,128,0,13,14,13,14,13,13,13,13,13,13,13,13,13,13,14,14,14,14,14,14,14,14,14,13,13,12,0,0,0,0,0,0,0,0,0,0,0,13,14,14,14,14,13,13,13,13,13,13,13,13,13,13,13,12,12,12,12,12,13,13,13,13,13,0,50,51,51,50,52,52,49,50,49,50,51,50,50,51,52,53,52,55,55,54,55,53,52,51,49,48,46,45,0,0,0,0,0,0,0,51,53,50,52,52,54,52,53,53,51,50,50,49,49,48,47,49,46,48,46,49,48,48,48,48,49,51,50
20260726_153123_c36ca3,1785076348422342,1176811867,0,0,0,-46,128,0,14,15,15,14,14,14,14,14,14,14,14,14,15,14,15,15,15,15,15,15,15,15,15,14,14,14,0,0,0,0,0,0,0,0,0,0,0,15,14,15,15,15,15,15,15,15,15,15,14,14,13,13,13,13,13,14,13,14,14,14,14,14,14,0,52,53,52,53,50,51,51,50,49,51,51,51,52,52,54,54,57,53,57,54,55,53,54,52,50,49,48,45,0,0,0,0,0,0,0,53,53,53,53,55,53,54,53,52,50,52,52,51,49,49,49,48,49,48,48,47,49,49,50,50,51,50,50
20260726_153123_c36ca3,1785076435219627,1263611453,0,0,1,-57,128,0,13,13,14,15,14,14,14,14,14,14,14,14,15,15,15,16,17,17,17,17,16,17,16,16,16,15,0,0,0,0,0,0,0,0,0,0,0,14,14,13,13,11,11,10,10,9,10,9,10,11,11,11,11,11,11,12,12,12,13,13,13,13,13,0,51,54,54,51,56,55,55,55,54,53,58,55,56,59,57,60,62,65,66,66,64,65,63,62,60,59,58,60,0,0,0,0,0,0,0,58,56,53,53,50,49,46,43,42,38,38,37,38,38,38,38,40,40,42,42,43,45,46,47,48,47,48,52
20260726_153123_c36ca3,1785076435321609,1263713149,0,0,1,-50,128,0,13,13,13,13,13,13,13,13,13,13,14,13,14,14,14,15,15,15,15,15,15,14,14,14,14,14,0,0,0,0,0,0,0,0,0,0,0,12,12,12,12,12,12,12,11,11,11,11,11,11,11,11,11,11,12,12,12,12,12,13,13,13,13,0,53,52,52,53,52,51,52,52,52,54,52,52,52,55,55,55,57,59,59,57,57,57,55,53,54,53,51,48,0,0,0,0,0,0,0,48,46,48,47,47,46,46,47,47,46,46,45,46,47,44,45,46,46,46,46,47,48,47,46,49,52,52,50
20260726_153123_c36ca3,1785076435423771,1263815163,0,0,1,-51,128,0,14,14,14,14,14,14,15,15,14,14,15,14,15,15,15,15,16,16,16,16,15,15,14,14,14,13,0,0,0,0,0,0,0,0,0,0,0,12,12,12,12,12,12,11,11,11,11,11,11,11,11,11,11,11,11,11,11,12,12,12,12,14,14,0,53,55,54,56,54,55,55,55,55,54,55,57,56,57,57,58,60,58,61,59,61,59,57,55,55,51,50,48,0,0,0,0,0,0,0,51,49,48,49,49,47,49,47,46,46,45,46,44,43,45,45,44,43,44,44,43,47,49,49,49,50,50,53
20260726_153123_c36ca3,1785076435519316,1263912273,0,0,1,-50,128,0,14,14,14,14,14,14,14,15,14,15,15,15,15,15,15,15,16,16,16,15,15,15,14,14,13,13,0,0,0,0,0,0,0,0,0,0,0,11,10,11,11,11,10,11,10,11,11,10,11,11,11,11,11,11,10,12,12,12,13,12,13,13,14,0,57,58,57,57,58,57,58,56,55,56,57,57,57,57,59,61,61,61,60,61,61,59,57,54,53,51,48,49,0,0,0,0,0,0,0,43,44,42,43,43,44,42,42,41,41,42,42,45,42,45,44,44,42,43,46,47,50,49,51,49,53,55,55
20260726_153123_c36ca3,1785076435621962,1264012196,0,0,1,-49,128,0,14,14,14,14,14,14,14,14,14,14,14,14,13,14,14,15,15,15,15,15,15,14,14,13,13,13,0,0,0,0,0,0,0,0,0,0,0,12,11,12,12,12,11,11,11,12,12,12,12,12,12,11,12,12,12,12,12,13,13,13,13,13,14,0,55,54,53,53,52,54,53,53,51,53,54,54,54,55,54,57,55,58,58,58,56,55,55,52,52,51,47,46,0,0,0,0,0,0,0,45,43,43,43,44,46,45,45,45,44,45,45,45,45,46,48,46,48,49,45,47,50,50,50,51,52,53,53
20260726_153123_c36ca3,1785076435721984,1264112170,0,0,1,-49,128,0,13,13,13,13,13,13,13,13,13,14,14,14,14,14,15,15,15,15,16,15,15,15,14,13,13,14,0,0,0,0,0,0,0,0,0,0,0,12,11,11,11,10,11,11,11,11,10,11,10,11,11,11,11,11,11,11,11,11,12,13,12,13,13,0,55,52,54,55,54,54,52,54,54,54,54,54,53,57,56,58,61,59,61,62,57,59,57,55,54,56,52,52,0,0,0,0,0,0,0,45,45,44,47,46,45,46,46,44,46,45,43,45,45,45,43,44,44,45,44,45,46,47,49,50,49,51,51
20260726_153123_c36ca3,1785076435818829,1264212221,0,0,1,-48,128,0,14,14,14,14,14,14,14,14,14,15,14,14,14,14,14,16,15,15,16,16,15,15,14,14,13,13,0,0,0,0,0,0,0,0,0,0,0,9,9,9,9,9,9,9,9,9,9,10,10,10,10,10,11,11,11,11,11,12,12,13,14,14,14,0,57,58,58,58,59,58,58,58,58,57,59,57,59,61,60,62,62,63,62,62,59,58,56,57,55,54,48,50,0,0,0,0,0,0,0,39,39,37,38,37,39,35,38,36,37,39,38,40,40,41,40,43,42,46,44,46,47,46,50,52,52,54,55
20260726_153123_c36ca3,1785076435920343,1264311973,0,0,1,-49,128,0,13,14,14,14,14,14,14,14,13,14,13,13,14,14,14,14,14,14,15,14,14,14,14,13,13,12,0,0,0,0,0,0,0,0,0,0,0,12,12,12,12,12,12,12,12,12,12,11,11,12,12,12,12,12,12,12,12,12,13,12,14,13,13,0,53,53,55,51,55,52,53,51,54,52,52,52,54,56,52,56,56,57,56,56,55,54,52,51,50,49,46,45,0,0,0,0,0,0,0,48,48,46,49,48,51,46,49,47,47,47,46,47,46,48,46,49,46,47,46,48,48,49,50,50,51,53,53
20260726_153123_c36ca3,1785076436022612,1264412391,0,0,1,-49,128,0,14,14,14,14,14,14,14,14,14,14,14,14,14,15,15,15,15,15,15,15,14,15,15,14,14,13,0,0,0,0,0,0,0,0,0,0,0,11,11,11,11,11,11,11,12,11,11,12,12,12,12,12,11,12,12,12,12,12,13,13,13,14,14,0,55,56,54,56,55,54,54,53,54,56,54,53,57,55,57,58,58,59,59,60,58,57,57,55,52,52,48,47,0,0,0,0,0,0,0,41,42,44,42,43,43,42,43,44,42,44,43,43,44,45,45,45,48,44,46,47,49,49,49,52,53,53,53
20260726_153123_c36ca3,1785076436119138,1264512245,0,0,1,-48,128,0,15,15,14,15,15,14,14,14,14,14,14,14,15,15,15,15,16,15,15,15,16,15,15,14,14,13,0,0,0,0,0,0,0,0,0,0,0,11,11,11,11,11,11,11,12,12,12,12,12,12,12,12,13,13,13,13,13,13,14,13,13,14,15,0,56,56,56,56,55,54,56,55,56,56,55,55,56,56,58,57,58,59,60,58,57,56,58,55,54,50,49,48,0,0,0,0,0,0,0,40,41,42,42,42,42,44,44,45,44,45,45,46,45,47,47,47,46,49,48,49,50,49,52,51,51,54,53
20260726_153123_c36ca3,1785076436221552,1264611995,0,0,1,-49,128,0,15,15,14,15,14,14,14,14,14,14,14,15,14,15,15,15,15,15,16,15,15,15,15,14,14,13,0,0,0,0,0,0,0,0,0,0,0,13,13,13,13,13,12,12,13,13,13,12,12,13,12,13,13,13,13,13,13,13,14,14,14,14,14,0,55,59,55,54,55,55,55,56,54,55,55,54,55,56,56,59,58,58,59,58,59,57,54,54,53,53,49,47,0,0,0,0,0,0,0,48,48,48,48,49,49,48,49,48,47,47,47,48,47,46,47,48,49,48,49,49,49,52,52,52,53,54,54
20260726_153123_c36ca3,1785076436318944,1264712054,0,0,1,-49,128,0,14,14,14,14,14,14,14,14,14,14,14,14,14,14,15,15,16,15,16,15,15,15,15,14,14,13,0,0,0,0,0,0,0,0,0,0,0,10,10,10,10,10,10,10,10,11,11,11,11,11,11,11,11,11,12,12,12,13,13,13,13,14,14,0,27,26,27,27,27,27,26,27,27,27,27,28,27,29,28,29,29,30,29,29,29,29,28,27,26,26,24,24,0,0,0,0,0,0,0,19,19,18,20,19,21,21,19,20,20,20,21,21,21,22,22,22,22,22,23,23,23,24,24,25,25,26,26
20260726_153123_c36ca3,1785076436420488,1264812437,0,0,1,-49,128,0,14,14,13,13,13,13,13,14,14,14,14,13,13,14,14,14,15,15,15,15,14,14,14,14,14,12,0,0,0,0,0,0,0,0,0,0,0,9,9,9,10,10,10,10,10,10,11,11,11,12,11,11,12,12,12,11,12,12,13,13,13,13,14,0,59,56,56,57,55,55,54,54,54,54,57,55,55,55,57,57,57,60,60,60,59,59,55,56,53,52,49,49,0,0,0,0,0,0,0,38,38,39,38,38,41,41,42,42,42,44,44,45,46,45,46,46,46,47,48,49,48,49,51,51,53,52,55
20260726_153123_c36ca3,1785076436520889,1264911733,0,0,1,-50,128,0,14,14,14,14,13,13,13,14,14,13,13,14,14,14,14,14,14,14,14,14,14,13,13,13,13,13,0,0,0,0,0,0,0,0,0,0,0,11,11,11,11,11,11,11,12,12,12,12,12,12,12,12,12,12,13,13,13,13,13,13,13,14,14,0,56,55,55,54,52,54,51,53,52,52,54,54,50,54,54,55,57,57,57,56,55,53,51,52,49,49,46,46,0,0,0,0,0,0,0,41,40,41,42,42,43,43,45,45,45,46,46,44,46,48,48,47,48,49,48,49,49,50,50,53,52,54,56
20260726_153123_c36ca3,1785076436617880,1265012477,0,0,1,-50,128,0,15,15,15,15,15,15,15,15,14,15,14,15,15,15,15,15,15,16,16,15,15,15,15,14,14,14,0,0,0,0,0,0,0,0,0,0,0,13,12,12,13,12,12,12,12,13,13,13,13,13,13,13,13,13,13,14,14,14,14,14,15,15,15,0,57,55,57,55,57,57,54,57,54,53,53,55,56,56,56,58,59,59,58,58,56,56,54,54,50,49,47,48,0,0,0,0,0,0,0,47,46,44,46,47,47,48,48,47,48,47,47,49,47,49,48,48,48,50,48,52,51,51,54,53,55,54,55
20260726_153123_c36ca3,1785076436719484,1265112298,0,0,1,-50,128,0,15,16,16,15,16,15,15,15,15,15,15,15,15,16,16,16,16,16,16,16,16,15,14,15,15,14,0,0,0,0,0,0,0,0,0,0,0,12,12,12,12,11,12,12,12,12,12,12,12,13,13,13,13,13,12,13,14,14,14,14,15,15,15,0,56,59,59,59,56,58,58,55,56,58,57,57,56,57,59,60,60,59,62,60,61,58,57,55,53,52,52,49,0,0,0,0,0,0,0,43,45,42,42,42,45,45,43,44,44,44,44,45,44,46,45,47,47,47,49,48,50,53,52,53,55,55,55
20260726_153123_c36ca3,1785076436821587,1265211528,0,0,1,-50,128,0,16,15,15,16,15,15,15,15,15,14,14,14,14,14,14,14,14,14,14,14,13,13,13,13,12,12,0,0,0,0,0,0,0,0,0,0,0,9,11,10,11,11,11,11,11,11,11,11,12,12,12,12,12,13,13,13,13,13,14,14,14,16,15,0,61,62,60,59,61,60,57,57,55,57,58,55,55,57,55,58,54,56,57,55,54,53,50,52,47,46,45,45,0,0,0,0,0,0,0,41,38,36,38,40,43,39,42,44,42,41,43,44,45,49,46,47,46,50,49,55,51,55,53,53,58,58,58
20260726_153123_c36ca3,1785076436922746,1265312631,0,0,1,-48,128,0,15,15,15,15,15,15,15,15,14,14,14,14,14,14,16,15,15,15,15,15,15,15,14,13,13,12,0,0,0,0,0,0,0,0,0,0,0,10,10,11,10,11,11,11,11,11,11,11,11,11,12,12,12,11,13,13,13,13,13,14,14,14,15,0,56,57,59,56,58,59,58,57,55,54,55,56,57,58,56,59,58,57,57,56,55,55,54,52,50,49,47,45,0,0,0,0,0,0,0,38,39,39,40,40,42,41,41,43,43,43,41,43,44,46,48,47,44,49,46,48,51,51,53,50,55,55,55
20260726_153123_c36ca3,1785076437018453,1265412471,0,0,1,-49,128,0,15,15,15,15,15,15,15,15,15,15,16,15,16,16,16,16,16,17,17,16,16,16,15,15,15,14,0,0,0,0,0,0,0,0,0,0,0,12,12,12,12,12,12,12,12,12,12,12,12,12,12,13,12,12,13,14,14,14,14,14,15,14,15,0,55,57,56,58,53,55,53,54,53,55,58,55,56,55,60,59,59,57,60,57,59,56,56,54,52,51,49,47,0,0,0,0,0,0,0,44,41,43,42,43,43,44,43,44,43,43,45,45,47,45,46,44,49,49,48,47,48,50,50,53,53,53,52
20260726_153123_c36ca3,1785076437120144,1265512295,0,0,1,-50,128,0,14,14,14,14,14,14,14,14,14,14,14,15,16,16,16,16,16,16,16,16,16,16,15,15,15,14,0,0,0,0,0,0,0,0,0,0,0,8,7,8,8,8,8,8,8,8,9,9,9,10,10,10,11,11,11,11,11,12,12,13,13,13,14,0,28,28,28,29,29,28,27,29,28,29,29,30,29,30,31,31,31,31,32,31,31,31,30,29,29,28,28,27,0,0,0,0,0,0,0,17,17,16,16,16,16,16,16,16,16,17,18,19,18,19,20,20,20,22,21,22,23,23,24,24,27,26,26
20260726_153123_c36ca3,1785076437220808,1265612135,0,0,1,-50,128,0,14,14,13,14,14,14,14,14,14,14,15,14,15,15,16,16,16,16,16,17,17,16,16,16,15,14,0,0,0,0,0,0,0,0,0,0,0,9,9,10,9,9,9,9,9,9,9,9,9,10,10,11,11,11,11,11,12,12,12,12,13,13,13,0,52,54,53,54,56,56,56,55,56,57,57,56,57,60,60,60,62,62,64,63,62,64,63,60,59,58,56,54,0,0,0,0,0,0,0,41,37,40,37,38,38,37,36,37,38,36,38,38,40,40,42,40,42,42,42,43,46,46,49,48,49,54,51
20260726_153123_c36ca3,1785076437322635,1265713593,0,0,1,-51,128,0,13,13,13,14,13,14,14,14,14,14,14,14,14,15,15,15,15,16,16,15,16,15,15,14,14,14,0,0,0,0,0,0,0,0,0,0,0,9,9,9,9,8,8,8,8,8,9,9,9,9,9,10,10,10,11,11,11,11,12,12,13,13,13,0,58,56,59,58,57,58,57,57,59,59,59,59,57,60,62,63,64,63,66,65,65,62,61,59,56,57,55,53,0,0,0,0,0,0,0,37,37,37,35,33,34,34,35,34,34,35,33,37,37,40,40,42,43,43,45,44,45,48,50,50,52,51,55
20260726_153123_c36ca3,1785076437418723,1265812062,0,0,1,-49,128,0,15,16,15,15,15,15,14,14,15,15,15,15,15,15,16,16,16,16,15,16,15,15,14,14,14,13,0,0,0,0,0,0,0,0,0,0,0,9,9,9,9,10,9,9,9,10,11,11,11,12,12,11,12,11,12,13,13,13,14,14,14,14,15,0,57,58,60,57,58,59,57,59,58,59,58,57,57,60,59,60,59,59,61,59,59,57,56,55,51,51,49,50,0,0,0,0,0,0,0,34,34,33,34,35,36,36,38,37,38,41,40,41,43,44,44,46,47,47,47,50,52,52,53,53,54,57,59
20260726_153123_c36ca3,1785076437520674,1265911855,0,0,1,-48,128,0,14,14,14,14,14,14,14,14,14,13,13,15,15,15,15,15,15,14,14,15,14,14,14,13,13,12,0,0,0,0,0,0,0,0,0,0,0,10,10,10,11,11,11,11,11,11,11,11,11,12,12,12,12,12,12,12,13,13,13,13,14,14,14,0,56,56,57,56,53,55,54,55,54,53,55,53,55,57,56,57,58,55,57,56,56,55,53,51,50,49,46,44,0,0,0,0,0,0,0,40,39,40,40,40,42,42,41,41,43,43,44,43,45,44,47,46,48,47,48,48,50,49,51,52,53,54,54
20260726_153123_c36ca3,1785076437617602,1266011968,0,0,1,-49,128,0,15,16,15,16,15,15,15,15,15,15,15,15,15,15,15,16,15,16,15,15,15,15,14,14,13,13,0,0,0,0,0,0,0,0,0,0,0,11,12,11,12,12,12,13,12,13,12,13,13,13,13,13,14,14,14,14,14,14,14,15,15,15,15,0,56,58,57,57,57,57,57,55,55,56,57,54,56,55,58,56,56,57,58,55,56,55,54,52,50,48,47,47,0,0,0,0,0,0,0,41,42,42,42,43,43,45,44,45,46,47,47,46,48,49,49,49,51,50,51,51,52,54,54,55,55,56,57
20260726_153123_c36ca3,1785076437721091,1266111966,0,0,1,-49,128,0,15,15,15,15,15,15,15,15,16,16,16,16,16,16,16,17,17,17,17,17,16,16,16,16,15,14,0,0,0,0,0,0,0,0,0,0,0,9,9,9,9,9,10,10,10,10,10,11,11,11,11,12,12,12,13,13,13,14,14,13,14,14,15,0,56,59,59,59,57,58,58,58,58,59,60,60,60,59,61,63,62,64,64,62,63,61,59,56,57,56,51,50,0,0,0,0,0,0,0,32,33,33,32,33,34,35,35,37,39,39,39,41,42,42,41,46,46,48,46,47,48,49,51,50,52,54,56
20260726_153123_c36ca3,1785076437817217,1266211881,0,0,1,-50,128,0,15,15,15,15,14,15,14,15,14,15,15,15,14,15,16,16,16,16,16,16,15,15,15,15,14,14,0,0,0,0,0,0,0,0,0,0,0,9,9,9,9,9,9,9,9,9,10,10,10,10,11,11,11,12,12,12,12,13,13,13,14,14,15,0,57,57,57,59,56,56,57,58,57,57,58,59,58,58,60,60,62,64,62,59,61,60,59,58,55,53,51,51,0,0,0,0,0,0,0,36,35,35,33,36,36,36,37,38,37,39,40,42,42,44,43,44,45,45,48,48,49,51,50,51,55,55,54
