session_id,host_unix_us,timestamp_us,label,esp_label,settling,rssi,num_subcarriers,amp_0,amp_1,amp_2,amp_3,amp_4,amp_5,amp_6,amp_7,amp_8,amp_9,amp_10,amp_11,amp_12,amp_13,amp_14,amp_15,amp_16,amp_17,amp_18,amp_19,amp_20,amp_21,amp_22,amp_23,amp_24,amp_25,amp_26,amp_27,amp_28,amp_29,amp_30,amp_31,amp_32,amp_33,amp_34,amp_35,amp_36,amp_37,amp_38,amp_39,amp_40,amp_41,amp_42,amp_43,amp_44,amp_45,amp_46,amp_47,amp_48,amp_49,amp_50,amp_51,amp_52,amp_53,amp_54,amp_55,amp_56,amp_57,amp_58,amp_59,amp_60,amp_61,amp_62,amp_63,amp_64,amp_65,amp_66,amp_67,amp_68,amp_69,amp_70,amp_71,amp_72,amp_73,amp_74,amp_75,amp_76,amp_77,amp_78,amp_79,amp_80,amp_81,amp_82,amp_83,amp_84,amp_85,amp_86,amp_87,amp_88,amp_89,amp_90,amp_91,amp_92,amp_93,amp_94,amp_95,amp_96,amp_97,amp_98,amp_99,amp_100,amp_101,amp_102,amp_103,amp_104,amp_105,amp_106,amp_107,amp_108,amp_109,amp_110,amp_111,amp_112,amp_113,amp_114,amp_115,amp_116,amp_117,amp_118,amp_119,amp_120,amp_121,amp_122,amp_123,amp_124,amp_125,amp_126,amp_127
20260804_015555_897cb2,1785805054645377,784315930,2,0,0,-57,128,0,15,15,16,16,15,16,14,15,14,16,15,16,14,16,17,17,16,18,17,16,17,17,17,16,16,16,0,0,0,0,0,0,0,0,0,0,0,10,9,9,10,10,10,10,11,10,11,11,11,10,11,12,12,13,13,13,13,13,13,14,14,15,14,0,29,27,29,30,27,30,26,28,27,31,27,30,30,28,30,30,31,34,28,28,27,28,32,29,29,29,28,28,0,0,0,0,0,0,0,18,17,18,17,18,18,18,18,18,18,19,18,19,19,20,20,21,22,22,23,23,24,25,25,27,27,28,28
20260804_015555_897cb2,1785805054741732,784414651,2,2,0,-57,128,0,15,16,15,15,15,15,15,15,15,15,15,15,15,16,16,16,16,16,16,16,16,16,16,16,15,15,0,0,0,0,0,0,0,0,0,0,0,12,11,11,12,12,12,12,11,11,11,11,11,12,12,13,13,13,13,13,13,14,14,14,15,15,15,0,56,59,58,57,56,57,57,56,56,58,57,57,57,58,59,59,59,60,60,59,61,59,58,56,57,55,56,53,0,0,0,0,0,0,0,40,40,41,40,41,42,43,42,42,42,42,43,43,44,45,44,45,45,46,47,48,50,50,53,52,55,56,54
20260804_015555_897cb2,1785805054845231,784514060,2,2,0,-56,128,0,15,16,15,15,15,15,15,15,15,15,15,15,15,15,16,14,16,16,16,16,16,15,14,15,14,14,0,0,0,0,0,0,0,0,0,0,0,10,11,11,11,11,11,11,11,11,11,12,12,12,13,12,13,13,14,14,13,14,14,14,14,14,15,0,58,61,57,57,58,59,56,57,58,55,56,56,54,55,59,55,60,60,59,59,58,54,55,55,52,52,49,49,0,0,0,0,0,0,0,36,36,39,39,40,40,41,42,41,43,44,46,45,45,45,44,49,50,48,48,49,50,53,53,55,54,56,56
20260804_015555_897cb2,1785805054944068,784615457,2,2,0,-56,128,0,16,15,16,15,16,16,15,15,15,16,15,15,14,15,14,15,15,16,15,15,14,14,15,13,14,13,0,0,0,0,0,0,0,0,0,0,0,11,11,12,11,12,12,12,12,12,14,12,13,13,13,13,14,13,13,13,15,15,15,15,15,16,16,0,60,60,61,59,59,57,57,57,55,57,55,55,57,58,57,57,56,57,56,57,55,53,52,50,52,50,47,45,0,0,0,0,0,0,0,40,43,44,44,45,45,44,45,46,46,49,46,47,48,49,48,51,51,51,49,51,54,53,56,55,56,57,60
20260804_015555_897cb2,1785805055041760,784712124,2,2,0,-53,128,0,15,16,16,15,14,14,14,14,14,14,14,14,14,14,15,14,14,14,14,13,14,14,13,12,13,11,0,0,0,0,0,0,0,0,0,0,0,10,10,11,11,11,11,12,12,13,13,13,13,13,13,12,14,14,14,14,14,14,14,15,14,15,16,0,61,60,58,59,57,57,56,53,54,57,54,55,54,55,57,55,55,53,55,54,52,51,49,48,46,47,44,43,0,0,0,0,0,0,0,37,38,40,42,40,41,43,45,46,45,47,49,48,50,50,50,51,53,53,52,53,55,55,58,59,59,58,61
20260804_015555_897cb2,1785805055140364,784811992,2,2,0,-52,128,0,15,15,15,14,14,14,14,14,14,14,14,14,14,15,15,15,14,15,15,15,14,14,13,13,13,13,0,0,0,0,0,0,0,0,0,0,0,12,13,13,14,13,13,13,14,13,13,13,14,13,14,14,14,14,14,14,13,13,14,14,14,14,15,0,55,54,54,54,53,53,52,53,52,54,53,51,52,52,53,55,54,54,55,54,53,51,50,49,48,47,43,43,0,0,0,0,0,0,0,44,45,46,47,46,48,49,49,51,51,51,51,50,50,50,49,49,50,50,49,49,50,51,52,51,52,54,55
20260804_015555_897cb2,1785805055238735,784912333,2,2,0,-52,128,0,16,16,16,15,15,15,15,15,14,14,14,13,14,14,14,14,15,15,14,14,14,13,14,13,13,13,0,0,0,0,0,0,0,0,0,0,0,12,12,12,12,12,12,13,13,13,13,13,13,13,13,13,14,14,14,14,14,14,15,15,15,15,16,0,57,57,58,57,55,55,52,53,53,56,54,56,53,57,54,55,54,54,56,53,52,50,50,49,48,46,46,45,0,0,0,0,0,0,0,41,40,41,43,42,43,46,47,48,48,47,49,49,50,49,50,49,49,53,53,53,54,54,53,56,55,56,57
20260804_015555_897cb2,1785805055342078,785013158,2,2,0,-52,128,0,14,14,14,13,13,13,13,12,12,12,12,12,12,12,12,12,12,12,12,12,12,11,11,10,10,10,0,0,0,0,0,0,0,0,0,0,0,12,12,13,13,13,14,14,14,14,14,14,14,14,14,14,14,14,14,14,14,15,14,14,14,14,14,0,55,55,55,53,54,53,50,50,48,48,48,48,46,48,47,49,47,47,48,45,45,43,43,41,40,38,38,37,0,0,0,0,0,0,0,46,47,47,48,50,52,52,54,55,54,55,55,55,54,54,53,53,54,54,53,55,55,55,54,55,57,57,57
20260804_015555_897cb2,1785805055442205,785113971,2,2,0,-52,128,0,14,14,14,14,13,13,13,13,13,13,12,12,13,13,13,13,13,13,13,13,12,12,12,11,11,11,0,0,0,0,0,0,0,0,0,0,0,12,12,13,13,13,13,14,14,14,14,14,14,15,14,14,14,14,14,14,15,15,14,15,14,15,14,0,55,56,57,55,55,53,53,51,51,50,50,52,49,52,49,51,51,51,52,47,49,46,46,44,43,41,41,40,0,0,0,0,0,0,0,42,44,46,49,49,53,53,51,53,52,55,53,56,54,55,55,55,55,52,54,54,56,56,55,55,56,58,56
20260804_015555_897cb2,1785805055540217,785213417,2,2,0,-52,128,0,15,15,15,15,15,15,15,14,14,14,14,14,15,15,15,15,15,15,14,15,15,14,13,13,13,13,0,0,0,0,0,0,0,0,0,0,0,11,11,11,11,11,12,12,12,12,12,12,12,12,12,12,12,12,13,13,13,13,13,13,14,15,15,0,57,58,57,58,57,56,56,55,56,56,57,56,56,57,56,57,57,58,57,57,56,55,53,52,50,50,48,47,0,0,0,0,0,0,0,39,39,40,42,42,43,44,45,46,47,47,47,46,47,46,47,47,49,49,48,50,50,51,53,55,56,57,56
20260804_015555_897cb2,1785805055649209,785320318,2,2,0,-51,128,0,14,14,15,14,14,14,14,13,13,13,13,13,13,14,13,14,13,13,13,13,13,13,12,12,11,11,0,0,0,0,0,0,0,0,0,0,0,11,11,11,11,11,12,12,12,13,12,13,13,13,12,12,12,13,13,13,13,13,13,13,14,14,14,0,58,57,57,55,55,55,55,53,53,54,53,52,54,54,53,54,54,54,53,52,51,52,49,46,46,44,43,41,0,0,0,0,0,0,0,40,42,43,43,45,47,47,47,49,48,50,50,47,50,50,48,50,49,49,49,49,51,51,53,53,54,57,55
20260804_015555_897cb2,1785805055742038,785416671,2,2,0,-52,128,0,15,15,15,15,15,15,15,15,15,15,16,16,16,16,16,16,16,17,17,17,16,16,15,15,15,15,0,0,0,0,0,0,0,0,0,0,0,9,9,9,10,10,11,11,11,11,11,11,11,11,11,11,12,11,11,12,12,12,13,13,14,14,14,0,58,56,58,58,59,58,57,57,57,57,58,58,60,61,61,64,62,65,64,64,63,60,59,59,58,56,53,53,0,0,0,0,0,0,0,34,36,37,38,37,38,40,41,40,40,41,40,40,41,41,41,42,43,44,42,46,47,48,50,50,52,54,56
20260804_015555_897cb2,1785805055840843,785514241,2,2,0,-52,128,0,16,16,16,15,16,16,15,14,15,15,15,14,14,14,14,14,14,14,13,13,14,13,13,12,12,12,0,0,0,0,0,0,0,0,0,0,0,13,13,14,14,14,14,14,14,15,15,15,15,15,14,14,14,14,14,15,15,15,15,15,16,16,16,0,58,58,57,56,55,56,53,52,52,52,52,52,52,51,52,52,53,51,52,50,48,48,46,46,43,42,40,39,0,0,0,0,0,0,0,45,45,45,45,49,48,51,50,50,52,53,52,52,51,53,50,50,52,50,53,52,53,54,55,55,56,57,58
20260804_015555_897cb2,1785805055940205,785611978,2,2,0,-52,128,0,16,16,16,16,16,16,16,16,15,15,16,15,16,16,16,16,16,16,16,16,15,14,14,14,13,13,0,0,0,0,0,0,0,0,0,0,0,9,9,10,10,10,10,10,10,10,11,11,11,11,11,11,12,12,12,12,12,13,14,14,14,14,14,0,60,59,60,61,60,61,59,60,59,61,60,60,60,60,60,62,62,62,62,60,58,56,55,53,52,49,48,47,0,0,0,0,0,0,0,35,37,37,37,38,39,39,39,40,40,41,41,42,41,42,42,41,42,43,45,47,49,50,51,53,55,56,56
20260804_015555_897cb2,1785805056039622,785713509,2,2,0,-51,128,0,16,17,17,17,17,17,17,16,16,16,16,16,16,16,17,16,16,17,17,16,16,16,14,15,14,13,0,0,0,0,0,0,0,0,0,0,0,9,9,9,9,9,9,10,10,10,11,11,11,11,12,12,13,13,13,13,14,14,15,15,15,16,16,0,62,62,62,62,60,61,60,60,59,61,61,59,59,60,62,60,62,60,61,59,59,57,56,53,51,49,48,46,0,0,0,0,0,0,0,27,29,30,30,32,32,33,34,36,37,38,39,40,41,42,41,43,45,47,49,50,50,54,53,55,59,59,60
20260804_015555_897cb2,1785805056154813,785823786,2,2,0,-54,128,0,17,17,17,16,16,16,17,16,16,16,16,15,15,16,15,15,16,16,16,15,15,15,14,14,13,13,0,0,0,0,0,0,0,0,0,0,0,10,9,10,10,10,10,11,12,12,12,12,13,13,13,13,14,14,14,14,14,15,16,16,16,16,17,0,62,62,61,61,59,61,59,58,57,58,56,57,57,57,56,57,56,55,56,55,55,53,51,49,49,47,45,45,0,0,0,0,0,0,0,34,34,35,34,38,39,39,40,41,43,42,43,44,46,47,46,47,48,50,50,51,54,54,56,57,59,60,60
20260804_015555_897cb2,1785805056240555,785915068,2,2,0,-55,128,0,16,16,16,17,16,16,16,16,16,16,16,17,17,16,17,17,17,17,17,17,16,16,15,15,14,14,0,0,0,0,0,0,0,0,0,0,0,7,7,7,6,7,6,7,7,8,8,8,9,9,10,10,11,11,11,12,13,13,14,14,16,16,16,0,63,63,62,63,62,63,64,63,63,63,63,63,64,62,65,64,65,64,65,63,64,62,60,59,57,56,52,51,0,0,0,0,0,0,0,27,25,26,24,25,26,26,25,25,27,28,29,30,32,35,37,38,40,43,44,46,49,49,54,55,58,58,59
20260804_015555_897cb2,1785805056338812,786012214,2,2,0,-52,128,0,17,17,17,17,17,17,16,15,15,15,16,16,16,16,16,16,16,16,16,15,15,15,14,14,13,13,0,0,0,0,0,0,0,0,0,0,0,10,10,10,11,12,12,12,13,13,13,13,13,14,13,13,14,14,14,15,15,15,16,16,16,17,16,0,60,61,60,60,59,59,57,57,56,56,57,56,57,57,56,57,58,57,57,56,55,53,53,51,50,48,46,44,0,0,0,0,0,0,0,34,35,36,36,39,41,43,43,44,46,47,49,48,50,50,51,49,51,50,52,53,56,54,56,57,57,59,58
20260804_015555_897cb2,1785805056442849,786111646,2,2,0,-52,128,0,14,14,14,14,14,14,13,13,13,14,14,14,15,15,15,16,15,16,16,15,15,15,14,14,14,14,0,0,0,0,0,0,0,0,0,0,0,8,9,9,9,10,10,10,10,10,10,10,10,10,10,10,10,11,11,11,11,11,12,13,13,13,13,0,55,57,57,57,57,58,56,56,55,57,58,57,57,59,61,61,62,61,62,59,61,58,59,58,55,55,54,53,0,0,0,0,0,0,0,34,34,34,35,36,37,39,39,40,40,40,41,41,41,41,42,41,43,43,44,46,46,49,49,52,52,54,55
20260804_015555_897cb2,1785805056540963,786214176,2,2,0,-53,128,0,14,14,14,15,14,14,14,13,14,14,14,14,15,15,15,14,16,15,15,16,15,15,15,13,14,13,0,0,0,0,0,0,0,0,0,0,0,8,9,9,9,10,9,9,11,11,11,11,12,11,11,11,11,11,12,12,13,12,13,13,14,14,14,0,57,58,54,56,53,56,55,53,55,58,55,56,56,57,57,57,60,57,60,60,60,56,57,54,55,52,54,51,0,0,0,0,0,0,0,33,34,33,33,37,35,40,36,38,40,40,44,43,40,45,43,42,46,45,47,46,52,50,50,55,54,55,55
20260804_015555_897cb2,1785805056645751,786316566,2,2,0,-54,128,0,16,17,16,16,16,16,16,15,15,15,15,15,15,15,15,15,15,15,15,15,15,15,15,14,14,13,0,0,0,0,0,0,0,0,0,0,0,10,11,11,12,12,13,13,13,13,14,13,13,15,14,14,15,15,15,15,15,16,16,16,16,16,16,0,59,58,58,57,57,58,54,54,54,55,54,53,54,54,55,55,55,56,58,55,55,53,51,51,50,50,46,47,0,0,0,0,0,0,0,33,36,36,38,39,41,41,43,47,48,46,49,51,50,50,51,51,51,52,52,53,55,56,56,57,57,56,59
20260804_015555_897cb2,1785805056738340,786412024,2,2,0,-58,128,0,13,13,13,13,13,13,14,13,14,14,14,14,15,15,16,16,16,16,16,17,17,17,17,16,16,16,0,0,0,0,0,0,0,0,0,0,0,7,8,8,8,8,8,8,9,9,9,9,9,9,9,9,10,10,10,10,11,11,12,12,12,13,13,0,25,27,27,27,26,27,27,27,28,29,27,29,28,29,31,31,31,32,34,33,33,31,34,31,31,32,31,31,0,0,0,0,0,0,0,14,15,15,15,16,16,16,15,17,17,17,17,17,17,18,18,19,20,20,22,21,21,23,23,23,25,25,25
20260804_015555_897cb2,1785805056841648,786512520,2,2,0,-56,128,0,14,14,14,14,13,14,13,13,13,13,14,14,14,14,15,14,16,15,16,15,14,14,14,13,13,14,0,0,0,0,0,0,0,0,0,0,0,8,8,8,9,9,10,10,11,11,11,11,12,12,12,12,12,12,12,12,13,13,13,13,13,15,14,0,57,57,58,60,55,55,52,58,55,57,54,55,55,56,56,58,56,58,58,59,57,56,57,55,57,56,54,53,0,0,0,0,0,0,0,33,32,32,35,33,38,39,45,44,43,45,48,47,48,48,46,47,50,50,49,53,51,55,53,54,54,57,55
20260804_015555_897cb2,1785805056940447,786614890,2,2,0,-58,128,0,14,14,14,14,14,14,14,14,16,16,16,16,16,16,17,18,18,18,18,18,19,18,19,19,18,18,0,0,0,0,0,0,0,0,0,0,0,8,8,8,9,9,9,9,9,10,10,10,10,10,10,10,10,10,10,11,12,11,12,12,12,13,14,0,54,58,56,57,54,56,56,59,57,61,61,61,61,63,67,67,70,70,71,70,73,70,73,70,69,69,69,68,0,0,0,0,0,0,0,29,29,29,31,32,32,33,31,35,34,35,38,36,36,36,37,38,39,39,41,42,42,46,47,47,48,50,49
20260804_015555_897cb2,1785805057038727,786712369,2,2,0,-59,128,0,14,14,15,15,14,15,15,15,15,16,16,16,16,17,18,18,19,19,19,19,19,19,19,19,18,18,0,0,0,0,0,0,0,0,0,0,0,5,5,5,6,6,6,6,6,7,7,8,8,8,9,9,9,9,10,10,11,11,11,12,12,13,13,0,26,27,27,27,29,28,29,29,28,29,31,31,31,33,33,36,34,37,37,36,36,36,36,36,35,35,34,35,0,0,0,0,0,0,0,9,8,9,10,10,11,11,11,13,13,14,14,15,16,16,17,17,18,19,18,21,21,21,21,22,24,25,26
20260804_015555_897cb2,1785805057143316,786812816,2,2,0,-63,128,0,14,15,14,14,14,14,14,14,14,14,14,15,14,15,16,16,17,16,16,16,16,17,16,16,17,16,0,0,0,0,0,0,0,0,0,0,0,7,7,8,8,9,9,10,10,11,12,12,13,13,12,14,13,13,13,13,14,13,15,14,15,15,15,0,51,55,54,49,51,54,48,47,51,51,52,52,53,53,53,61,57,58,63,64,61,63,62,58,60,60,63,63,0,0,0,0,0,0,0,22,23,23,24,28,31,33,36,41,37,40,42,43,45,44,43,51,46,49,51,47,51,50,52,56,54,54,54
20260804_015555_897cb2,1785805057242051,786911541,2,2,0,-55,128,0,14,14,14,14,14,14,14,14,15,15,15,15,16,16,17,17,17,16,17,17,17,17,17,16,16,15,0,0,0,0,0,0,0,0,0,0,0,9,9,9,9,9,9,10,11,10,11,11,10,11,10,10,10,11,11,11,11,12,12,12,13,13,13,0,27,28,28,29,27,28,28,29,28,30,29,30,30,32,32,32,33,33,34,33,33,33,33,33,32,30,30,30,0,0,0,0,0,0,0,16,17,17,18,19,19,20,20,20,20,20,21,21,21,21,21,21,22,22,22,22,23,23,24,25,24,25,27
20260804_015555_897cb2,1785805057340582,787011263,2,2,0,-55,128,0,14,14,15,14,14,15,15,15,15,15,16,15,16,16,16,17,17,18,18,18,18,17,17,17,16,17,0,0,0,0,0,0,0,0,0,0,0,8,8,8,8,8,9,9,9,9,9,9,9,9,9,10,10,10,10,11,11,11,11,12,12,13,13,0,27,27,28,27,28,28,29,29,30,30,31,31,31,32,33,35,35,35,35,35,35,33,33,34,33,33,31,31,0,0,0,0,0,0,0,15,15,16,16,16,17,17,17,18,18,18,18,19,18,19,19,20,20,20,20,21,21,22,22,23,24,25,26
20260804_015555_897cb2,1785805057439550,787111338,2,2,0,-53,128,0,15,14,14,14,13,14,14,14,14,14,14,14,14,14,15,15,15,15,15,15,15,14,15,14,14,14,0,0,0,0,0,0,0,0,0,0,0,10,10,10,10,10,10,11,11,12,12,11,12,12,11,11,11,11,11,11,12,13,12,13,13,13,13,0,56,56,56,56,56,55,55,56,56,57,58,57,57,58,59,61,60,61,62,61,60,57,56,55,54,52,51,51,0,0,0,0,0,0,0,36,36,38,39,39,41,41,41,44,43,44,43,44,45,43,45,44,45,45,45,47,47,47,48,51,52,52,53
20260804_015555_897cb2,1785805057539408,787211726,2,2,0,-51,128,0,14,14,15,14,14,14,13,13,13,13,14,14,13,13,13,14,14,14,14,14,14,13,13,13,12,12,0,0,0,0,0,0,0,0,0,0,0,12,13,12,13,14,14,15,15,15,14,14,14,14,14,14,14,13,13,13,14,14,15,14,14,15,14,0,54,55,54,56,51,53,51,51,51,54,49,52,52,52,52,52,54,52,53,54,53,51,49,51,48,45,47,46,0,0,0,0,0,0,0,40,43,44,46,48,49,52,50,52,53,55,56,55,53,55,54,52,53,52,53,50,52,53,55,54,55,55,54
20260804_015555_897cb2,1785805057638190,787311981,2,2,0,-52,128,0,14,14,14,14,14,14,13,13,13,13,13,13,13,13,14,14,14,14,14,14,13,13,13,13,13,12,0,0,0,0,0,0,0,0,0,0,0,12,12,13,13,13,14,14,14,14,14,15,14,13,13,13,14,14,14,14,14,14,14,14,14,14,14,0,55,53,55,55,53,53,52,51,51,52,53,51,52,52,54,54,53,54,54,54,52,51,51,47,47,46,44,45,0,0,0,0,0,0,0,41,43,44,46,47,49,49,52,53,53,53,55,53,55,53,54,52,52,52,53,51,53,51,52,53,54,54,53
20260804_015555_897cb2,1785805057741806,787411925,2,2,0,-53,128,0,14,14,14,14,14,14,14,14,13,14,14,14,14,14,14,15,15,15,15,14,14,14,13,13,13,13,0,0,0,0,0,0,0,0,0,0,0,9,10,10,10,10,10,11,11,12,12,12,12,12,12,12,12,12,12,12,12,12,13,13,13,14,14,0,55,55,53,55,55,54,54,52,52,53,53,54,54,56,55,57,56,57,57,56,56,56,54,53,51,52,48,47,0,0,0,0,0,0,0,35,37,37,39,41,41,42,43,43,44,45,45,45,45,45,46,46,48,46,46,48,49,49,51,50,54,54,53
20260804_015555_897cb2,1785805057840300,787512460,2,2,0,-56,128,0,15,15,16,14,16,15,14,14,14,14,14,14,14,15,14,15,14,15,15,15,15,14,14,14,13,14,0,0,0,0,0,0,0,0,0,0,0,12,12,12,12,12,13,12,13,14,13,13,13,14,14,14,14,14,13,13,14,14,14,14,15,15,14,0,59,59,57,54,57,56,56,55,54,54,54,54,55,55,54,53,55,56,55,55,53,54,52,51,50,50,45,46,0,0,0,0,0,0,0,41,43,42,43,44,45,47,48,48,48,49,49,49,48,52,53,52,51,50,52,52,54,52,56,53,55,57,55
20260804_015555_897cb2,1785805057937882,787612629,2,2,0,-62,128,0,14,14,14,14,14,14,14,14,14,15,15,15,15,16,16,16,16,17,17,18,18,17,17,17,17,17,0,0,0,0,0,0,0,0,0,0,0,9,8,8,8,7,8,7,7,7,7,8,8,8,9,9,9,9,10,11,11,11,11,12,13,13,13,0,55,58,55,55,55,57,53,55,55,59,59,57,58,60,61,63,67,66,69,68,72,69,70,67,69,67,68,68,0,0,0,0,0,0,0,34,33,34,31,32,31,29,31,30,30,30,29,31,30,31,33,36,36,37,39,38,42,44,45,47,50,52,53
20260804_015555_897cb2,1785805058037122,787711912,2,2,0,-65,128,0,14,14,12,10,9,8,7,5,4,3,3,2,2,4,5,6,7,8,9,11,11,12,13,14,15,16,0,0,0,0,0,0,0,0,0,0,0,5,7,8,10,11,13,14,16,16,17,18,19,19,19,20,20,20,20,19,19,19,20,18,18,18,16,0,27,25,23,20,17,14,14,13,9,6,5,4,6,8,10,12,15,16,20,21,22,24,26,27,29,32,30,34,0,0,0,0,0,0,0,7,8,11,14,16,19,21,24,27,31,33,34,36,37,37,37,39,38,39,38,38,37,38,39,35,36,33,31
20260804_015555_897cb2,1785805058141221,787817407,2,2,0,-65,128,0,16,14,13,13,11,10,9,9,7,6,5,4,3,2,2,1,0,1,2,4,4,5,6,7,8,8,0,0,0,0,0,0,0,0,0,0,0,11,11,13,13,15,14,16,16,17,18,18,18,19,19,18,20,19,19,18,20,19,18,19,18,18,17,0,62,56,52,48,45,40,36,31,29,25,22,17,13,10,7,4,0,4,9,12,14,19,21,24,28,29,33,37,0,0,0,0,0,0,0,38,42,42,45,49,52,55,60,62,63,68,69,73,74,72,70,75,73,75,74,76,76,74,73,72,71,69,68
20260804_015555_897cb2,1785805058244571,787918646,2,2,0,-69,128,0,6,6,6,6,6,8,8,9,9,10,11,12,12,13,16,17,17,18,20,21,21,22,23,23,24,24,0,0,0,0,0,0,0,0,0,0,0,16,15,14,15,13,12,12,11,11,9,9,8,8,7,7,6,6,7,6,6,6,6,6,6,6,6,0,12,11,12,14,13,15,16,17,18,20,22,24,25,27,29,32,34,37,38,41,43,44,45,45,47,49,48,52,0,0,0,0,0,0,0,30,31,30,28,26,27,26,25,22,21,20,17,16,15,14,14,12,12,12,12,12,11,10,13,12,11,11,11
20260804_015555_897cb2,1785805058337822,788013687,2,2,0,-65,128,0,4,4,4,4,5,5,7,9,9,10,11,13,13,14,16,17,18,19,20,21,21,22,22,22,22,23,0,0,0,0,0,0,0,0,0,0,0,13,13,13,14,14,14,14,14,14,14,14,13,13,13,12,12,11,10,10,9,9,8,7,7,6,5,0,7,7,7,8,9,12,14,16,17,20,22,24,24,28,31,32,34,36,38,39,41,40,42,42,42,44,43,43,0,0,0,0,0,0,0,23,24,24,24,25,26,26,27,27,28,27,27,26,25,24,23,22,23,21,20,19,17,16,14,13,12,10,8
20260804_015555_897cb2,1785805058441291,788111682,2,2,0,-66,128,0,8,8,8,7,6,7,7,8,9,9,11,11,12,14,14,17,17,18,20,20,22,22,23,24,24,24,0,0,0,0,0,0,0,0,0,0,0,7,8,8,8,9,10,11,12,13,13,14,14,15,15,15,14,15,14,14,14,13,12,12,11,10,10,0,14,14,14,12,13,13,14,15,16,17,19,22,24,26,28,31,33,35,38,39,41,42,42,44,45,47,45,47,0,0,0,0,0,0,0,13,12,13,13,14,16,17,18,20,22,24,25,27,27,27,27,28,26,26,26,26,25,24,22,22,21,19,18
20260804_015555_897cb2,1785805058538726,788212022,2,2,0,-59,128,0,16,16,15,14,13,12,11,10,9,9,8,7,7,6,5,4,4,4,4,4,4,4,5,5,6,5,0,0,0,0,0,0,0,0,0,0,0,10,11,11,12,13,13,14,15,16,17,17,17,18,18,18,18,18,19,19,19,19,19,18,18,18,18,0,32,31,28,27,25,23,22,19,18,17,16,15,13,13,12,9,10,7,8,6,7,7,8,10,9,11,12,12,0,0,0,0,0,0,0,20,19,21,21,22,23,26,26,28,30,32,33,33,34,35,36,35,35,34,37,35,36,35,36,36,35,34,34
20260804_015555_897cb2,1785805058643662,788315971,2,2,0,-56,128,0,18,17,16,16,15,14,14,13,12,12,11,10,10,9,9,8,8,7,6,6,5,5,4,3,3,2,0,0,0,0,0,0,0,0,0,0,0,15,15,16,16,16,17,17,18,18,18,18,19,19,19,19,19,19,19,19,19,19,20,19,19,19,19,0,31,30,29,28,27,25,24,23,21,21,19,18,17,15,15,15,12,12,11,10,8,7,6,5,4,4,3,3,0,0,0,0,0,0,0,25,26,26,26,27,28,29,29,31,31,32,33,33,33,33,33,33,34,33,33,34,34,34,34,34,34,33,33
20260804_015555_897cb2,1785805058753135,788424353,2,2,0,-56,128,0,16,16,16,14,14,13,12,12,11,10,10,9,9,9,8,7,7,6,6,6,4,4,4,3,2,2,0,0,0,0,0,0,0,0,0,0,0,14,15,15,16,16,16,16,16,17,17,17,17,17,17,17,17,17,17,17,17,17,18,17,18,16,16,0,30,31,29,26,27,25,24,22,20,21,19,17,17,17,15,14,14,12,11,10,10,7,6,5,4,3,1,1,0,0,0,0,0,0,0,24,25,25,27,28,29,29,30,31,33,31,33,34,31,32,33,32,32,32,31,33,33,34,33,32,33,33,33
20260804_015555_897cb2,1785805058839967,788512845,2,2,0,-58,128,0,18,17,17,16,15,14,13,12,12,11,10,9,9,9,8,7,6,6,5,5,4,3,3,4,4,4,0,0,0,0,0,0,0,0,0,0,0,15,15,15,16,16,17,17,17,18,17,17,18,18,18,18,18,18,18,19,19,19,19,18,19,19,18,0,32,31,31,28,28,26,24,24,21,21,19,17,16,15,14,13,11,10,9,8,7,6,6,6,7,9,8,8,0,0,0,0,0,0,0,26,27,27,28,28,29,30,29,31,30,32,33,33,32,32,33,33,34,34,34,34,36,34,36,36,35,36,34
20260804_015555_897cb2,1785805058943666,788614337,2,2,0,-56,128,0,18,18,16,17,15,15,14,13,12,12,11,11,9,9,8,9,7,7,6,5,4,4,3,2,1,1,0,0,0,0,0,0,0,0,0,0,0,12,13,14,14,15,15,16,16,16,17,17,18,18,18,18,18,18,19,19,19,19,19,19,19,19,19,0,65,62,62,54,57,54,52,46,43,39,41,37,33,32,29,30,26,25,21,19,18,14,12,8,5,4,5,5,0,0,0,0,0,0,0,41,44,45,45,47,52,53,55,57,60,60,62,61,63,65,65,68,64,66,66,69,70,69,70,68,72,68,67
20260804_015555_897cb2,1785805059042785,788714713,2,2,0,-54,128,0,17,17,17,17,16,15,15,14,14,13,13,13,12,12,12,12,11,11,10,10,9,9,8,8,7,7,0,0,0,0,0,0,0,0,0,0,0,13,13,13,13,14,14,15,15,15,15,15,16,16,16,16,16,17,17,17,17,17,18,18,17,18,18,0,33,32,30,30,29,29,27,26,27,26,25,24,22,22,24,21,20,21,20,19,18,16,16,14,13,12,11,11,0,0,0,0,0,0,0,22,23,22,23,24,24,26,27,28,28,30,29,30,30,30,30,30,30,30,30,30,31,31,33,33,33,33,32
20260804_015555_897cb2,1785805059145764,788817844,2,2,0,-62,128,0,16,15,16,14,14,14,14,13,13,13,12,12,12,13,12,12,13,12,13,12,13,12,13,13,12,13,0,0,0,0,0,0,0,0,0,0,0,15,15,15,15,15,14,14,13,13,14,14,14,14,13,13,13,14,14,14,14,14,15,16,16,16,16,0,62,60,59,56,56,55,54,52,51,50,48,48,49,48,46,45,47,48,48,48,48,47,46,44,47,49,47,48,0,0,0,0,0,0,0,59,61,60,58,57,55,55,52,54,54,52,51,51,51,51,51,53,54,53,55,55,56,58,59,59,62,62,59
20260804_015555_897cb2,1785805059243801,788916182,2,2,0,-57,128,0,16,16,15,14,14,13,13,12,11,11,11,10,10,9,9,9,8,7,7,6,6,4,5,4,3,2,0,0,0,0,0,0,0,0,0,0,0,14,15,15,15,15,15,15,16,16,16,16,16,17,16,16,16,16,16,17,17,17,17,17,17,17,17,0,31,31,30,27,26,26,25,23,22,22,20,20,19,18,17,16,16,15,15,13,11,9,8,6,6,6,5,5,0,0,0,0,0,0,0,26,27,27,28,27,29,28,29,31,31,32,31,30,32,31,32,32,32,30,31,32,32,33,32,32,32,33,31
20260804_015555_897cb2,1785805059348524,789019222,2,2,0,-60,128,0,17,19,16,17,15,15,13,13,12,14,12,12,11,11,11,11,11,10,10,10,9,9,9,9,9,9,0,0,0,0,0,0,0,0,0,0,0,13,13,13,13,13,12,13,13,14,14,14,14,14,14,14,14,14,15,15,16,16,16,17,18,17,17,0,67,56,62,55,65,62,48,51,47,51,51,44,45,45,41,44,41,40,41,38,37,36,36,35,33,35,34,36,0,0,0,0,0,0,0,49,49,48,51,50,50,50,52,51,51,52,52,56,53,55,57,60,57,58,58,63,65,61,63,60,64,72,68
20260804_015555_897cb2,1785805059441244,789111887,2,2,0,-60,128,0,18,18,17,17,15,15,14,14,13,13,12,11,11,10,10,10,9,9,8,9,8,8,7,7,7,7,0,0,0,0,0,0,0,0,0,0,0,10,10,10,10,11,11,12,12,13,14,14,15,15,16,16,17,16,17,17,19,19,19,19,19,20,18,0,37,34,35,32,31,30,29,27,27,25,24,22,22,21,19,19,18,18,17,17,16,15,14,14,15,15,14,15,0,0,0,0,0,0,0,20,19,20,20,20,21,20,21,24,24,26,27,28,29,31,32,33,32,34,33,35,35,36,38,36,37,37,38
20260804_015555_897cb2,1785805059545169,789216334,2,2,0,-62,128,0,18,16,16,16,15,14,14,13,12,12,11,11,10,11,10,9,9,10,9,8,9,9,9,9,9,9,0,0,0,0,0,0,0,0,0,0,0,7,7,7,9,9,9,9,10,11,12,13,14,14,15,15,16,16,17,17,17,17,19,18,18,19,18,0,68,71,64,64,58,56,54,52,49,49,47,44,42,39,42,37,38,38,39,37,37,37,37,38,38,39,40,40,0,0,0,0,0,0,0,32,30,30,29,32,33,34,36,40,44,48,50,54,56,60,60,59,65,63,70,67,70,71,72,73,75,74,70
20260804_015555_897cb2,1785805059638531,789313136,2,2,0,-68,128,0,15,16,17,14,14,14,15,13,14,13,13,14,13,14,15,15,16,16,17,16,19,18,17,18,19,19,0,0,0,0,0,0,0,0,0,0,0,17,15,15,14,12,11,8,8,4,3,1,3,4,5,7,7,9,10,11,12,13,14,15,15,15,16,0,32,31,29,28,31,28,28,27,26,25,25,27,26,28,27,31,30,30,30,33,34,35,35,35,37,40,37,39,0,0,0,0,0,0,0,37,36,34,32,28,27,23,22,18,12,8,6,5,4,7,8,11,15,15,17,22,22,23,26,26,28,28,30
20260804_015555_897cb2,1785805059742679,789415341,2,2,0,-67,128,0,14,13,11,13,10,11,11,11,12,11,10,12,12,14,15,15,15,17,18,21,22,22,22,22,23,25,0,0,0,0,0,0,0,0,0,0,0,7,6,6,5,4,4,5,5,8,9,10,10,11,12,13,12,14,14,12,17,14,15,15,16,14,14,0,25,25,22,23,21,21,21,21,20,21,20,22,23,25,27,29,30,33,35,38,40,41,41,42,44,46,48,49,0,0,0,0,0,0,0,15,14,12,11,10,8,8,8,9,10,14,15,18,18,20,22,24,24,24,26,24,28,27,29,27,29,27,27
20260804_015555_897cb2,1785805059841189,789512093,2,2,0,-69,128,0,15,14,13,12,11,10,9,9,8,8,7,8,7,8,8,9,10,11,12,13,13,14,15,15,16,17,0,0,0,0,0,0,0,0,0,0,0,16,14,13,12,12,11,10,10,10,9,11,10,11,12,12,14,14,14,14,15,15,16,15,15,16,16,0,29,26,26,24,22,22,19,18,17,16,14,15,15,15,16,19,20,22,24,24,27,29,30,31,32,33,34,34,0,0,0,0,0,0,0,36,32,31,28,27,24,24,23,20,20,19,19,21,21,23,24,25,27,27,27,29,29,30,33,31,31,33,32
20260804_015555_897cb2,1785805059944538,789614859,2,2,0,-63,128,0,20,21,20,20,18,18,17,17,16,16,15,14,14,13,13,12,12,10,10,9,9,8,7,7,6,6,0,0,0,0,0,0,0,0,0,0,0,4,4,4,5,6,7,8,9,10,11,12,13,14,15,15,16,17,18,19,19,19,20,20,21,21,21,0,37,38,37,35,34,33,33,31,29,28,27,26,25,24,23,21,21,20,20,18,17,15,14,13,12,12,10,11,0,0,0,0,0,0,0,10,9,9,9,9,10,12,12,15,16,19,22,23,25,27,30,30,30,32,32,34,35,36,37,36,39,38,38
20260804_015555_897cb2,1785805060042191,789713348,2,2,0,-59,128,0,15,15,15,15,16,16,15,15,16,16,15,16,16,16,16,17,17,17,17,16,16,17,16,16,16,15,0,0,0,0,0,0,0,0,0,0,0,11,11,11,11,10,10,10,10,10,10,10,10,10,10,10,10,10,10,11,11,12,12,13,13,14,14,0,54,55,57,56,57,58,57,56,57,57,59,59,60,61,61,63,62,65,65,63,62,62,59,60,59,58,58,57,0,0,0,0,0,0,0,42,44,41,41,41,41,40,39,39,38,37,36,36,36,36,37,37,36,38,38,40,42,43,46,46,49,50,53
20260804_015555_897cb2,1785805060140851,789813235,2,2,0,-52,128,0,15,15,15,15,15,14,13,13,14,14,14,14,14,14,15,14,15,14,14,14,14,14,14,13,13,12,0,0,0,0,0,0,0,0,0,0,0,10,11,11,11,11,11,11,12,12,12,12,13,12,13,13,12,12,13,13,13,13,14,14,14,15,15,0,57,55,56,57,55,55,53,54,53,56,54,53,52,53,56,56,57,55,55,54,55,52,52,50,49,47,46,45,0,0,0,0,0,0,0,37,38,39,40,41,43,43,45,46,46,46,47,47,47,46,48,45,49,48,50,50,49,51,51,53,55,55,55
20260804_015555_897cb2,1785805060238632,789912756,2,2,0,-52,128,0,14,14,14,13,14,14,13,13,13,13,13,13,13,13,13,13,13,13,13,13,13,12,12,12,11,11,0,0,0,0,0,0,0,0,0,0,0,11,11,12,12,12,13,13,13,13,13,13,13,13,12,13,12,13,12,13,13,13,13,13,14,14,14,0,56,56,56,55,54,55,53,53,52,53,54,54,53,53,53,54,54,54,53,51,51,50,47,47,46,44,43,42,0,0,0,0,0,0,0,42,44,44,46,46,48,50,49,50,52,51,52,51,50,51,50,50,49,50,49,51,52,53,53,52,55,56,54
20260804_015555_897cb2,1785805060342669,790016250,2,2,0,-53,128,0,14,14,14,14,14,14,14,13,13,13,13,14,14,15,15,15,15,15,15,14,14,14,14,13,13,13,0,0,0,0,0,0,0,0,0,0,0,8,8,9,9,9,10,10,10,10,11,11,11,11,11,11,11,11,12,12,12,12,13,13,14,14,14,0,56,57,57,56,56,58,56,56,55,57,55,58,57,58,59,60,59,59,59,60,59,58,57,54,53,53,50,50,0,0,0,0,0,0,0,32,33,34,36,37,38,39,39,41,43,44,45,43,44,46,45,46,47,47,48,50,50,51,52,54,54,57,56
20260804_015555_897cb2,1785805060451954,790127608,2,2,0,-64,128,0,10,11,11,11,11,11,12,12,13,14,14,15,15,16,17,18,18,19,19,20,21,21,21,21,21,21,0,0,0,0,0,0,0,0,0,0,0,6,6,6,6,6,6,6,6,7,6,7,7,7,7,7,7,7,7,7,7,8,9,9,9,9,10,0,19,21,21,21,22,23,24,24,24,26,28,28,30,32,34,35,36,38,39,40,40,41,42,41,42,42,42,43,0,0,0,0,0,0,0,13,12,12,12,12,11,11,12,13,12,14,13,14,13,14,14,14,15,15,14,15,16,16,17,17,17,18,19
20260804_015555_897cb2,1785805060544695,790217024,2,2,0,-63,128,0,12,12,11,11,10,9,9,8,8,8,8,8,8,8,9,10,9,11,11,11,13,13,13,14,14,14,0,0,0,0,0,0,0,0,0,0,0,15,15,16,16,17,17,17,18,18,18,18,18,18,18,17,17,17,17,16,16,16,16,15,15,14,14,0,23,22,21,20,19,18,16,14,14,15,16,16,16,17,17,18,18,21,21,22,23,26,26,27,27,28,29,29,0,0,0,0,0,0,0,27,29,29,29,31,30,31,33,33,34,33,33,34,35,34,33,33,33,33,32,30,30,30,30,28,28,25,25
20260804_015555_897cb2,1785805060641926,790315186,2,2,0,-54,128,0,16,16,16,14,14,13,13,12,11,11,10,9,9,9,8,8,7,7,6,5,5,4,4,3,3,2,0,0,0,0,0,0,0,0,0,0,0,16,16,17,18,18,19,19,19,19,20,20,20,20,20,20,19,19,18,19,19,18,19,18,18,18,18,0,29,27,28,26,24,23,22,20,19,19,17,16,15,15,14,14,12,11,11,10,8,7,6,5,5,3,2,1,0,0,0,0,0,0,0,25,27,27,28,30,31,31,33,34,34,34,34,36,35,35,34,35,34,34,33,34,33,32,31,32,31,30,30
20260804_015555_897cb2,1785805060740744,790412893,2,2,0,-57,128,0,13,12,11,11,9,9,8,7,6,6,6,5,4,4,4,4,4,4,4,4,5,5,5,6,6,6,0,0,0,0,0,0,0,0,0,0,0,17,17,18,18,18,19,19,20,20,20,20,20,19,19,18,18,17,17,17,17,17,16,16,15,15,14,0,24,24,21,20,19,17,15,14,14,12,11,9,9,8,7,7,7,7,8,8,9,9,10,11,10,11,12,12,0,0,0,0,0,0,0,31,32,32,32,34,33,35,36,36,36,37,37,37,37,37,36,34,35,33,34,32,31,31,30,30,29,29,27
20260804_015555_897cb2,1785805060841683,790515097,2,2,0,-51,128,0,14,14,13,13,12,12,11,10,9,10,9,9,8,8,8,7,7,7,7,6,5,5,5,5,5,4,0,0,0,0,0,0,0,0,0,0,0,14,14,15,15,16,17,17,17,17,18,18,18,17,17,17,17,17,16,17,16,16,16,16,16,15,15,0,56,53,52,49,47,46,43,40,40,39,38,34,34,33,30,29,28,27,27,25,23,22,21,19,19,17,17,17,0,0,0,0,0,0,0,48,52,54,55,58,60,62,64,65,67,67,70,69,69,67,67,66,67,64,64,62,64,62,61,62,61,60,59
20260804_015555_897cb2,1785805060939197,790613873,2,2,0,-53,128,0,13,13,13,11,11,10,10,9,9,9,9,9,9,9,8,9,9,9,9,9,9,9,9,8,8,9,0,0,0,0,0,0,0,0,0,0,0,16,17,17,19,19,19,20,20,20,20,20,20,19,18,18,18,17,16,17,16,16,16,15,15,15,14,0,24,23,23,21,20,19,18,17,17,17,17,16,15,16,16,16,16,17,16,16,17,16,16,16,16,16,16,15,0,0,0,0,0,0,0,28,29,30,32,31,34,35,35,36,36,37,37,36,35,35,34,34,33,32,31,30,30,30,29,27,27,27,25
20260804_015555_897cb2,1785805061037992,790711699,2,2,0,-51,128,0,13,13,13,12,11,11,10,11,10,10,9,9,9,9,9,9,9,9,9,9,9,9,8,7,7,6,0,0,0,0,0,0,0,0,0,0,0,16,17,18,17,19,19,19,19,19,19,19,19,19,18,18,18,17,17,16,16,16,16,15,15,14,14,0,24,22,22,21,20,20,19,18,18,18,17,17,16,16,15,16,16,15,15,15,14,14,13,13,13,12,11,11,0,0,0,0,0,0,0,26,28,29,30,30,32,32,33,34,35,34,34,33,33,33,32,31,30,30,29,28,28,28,27,27,26,26,25
20260804_015555_897cb2,1785805061140594,790813000,2,2,0,-50,128,0,15,14,14,14,13,13,13,13,12,12,11,11,11,11,12,12,11,13,11,11,11,11,11,11,9,9,0,0,0,0,0,0,0,0,0,0,0,14,15,16,16,17,17,17,17,18,18,17,17,17,16,16,16,16,16,16,16,16,17,16,16,16,15,0,28,27,25,27,25,23,23,23,22,21,22,23,22,21,21,22,21,19,20,18,22,19,18,18,20,19,18,16,0,0,0,0,0,0,0,25,25,26,28,27,29,30,31,31,32,31,33,32,30,30,31,30,30,30,29,30,30,28,28,28,28,29,27
20260804_015555_897cb2,1785805061238036,790912078,2,2,0,-47,128,0,15,15,15,14,14,13,13,13,13,13,12,12,13,12,11,12,11,11,11,10,10,10,9,9,9,9,0,0,0,0,0,0,0,0,0,0,0,13,14,14,14,16,16,16,16,17,17,17,17,17,16,16,16,16,16,16,16,16,16,15,16,16,16,0,56,54,55,52,51,48,49,48,46,45,46,46,44,46,43,41,40,42,40,40,38,36,35,32,31,31,27,29,0,0,0,0,0,0,0,41,45,48,49,50,53,54,57,59,60,60,60,58,61,60,60,60,59,59,57,57,56,57,58,57,57,57,57
20260804_015555_897cb2,1785805061341964,791012216,2,2,0,-52,128,0,17,16,16,15,15,14,14,13,13,13,12,12,12,11,11,11,11,11,11,10,9,9,9,8,8,8,0,0,0,0,0,0,0,0,0,0,0,14,15,15,15,16,16,17,16,16,16,16,16,16,16,16,16,17,17,17,17,17,17,17,17,17,17,0,57,57,55,53,53,52,49,48,47,45,45,43,41,43,39,41,39,39,37,36,34,33,30,30,29,27,24,24,0,0,0,0,0,0,0,49,50,50,53,51,55,55,56,58,58,59,58,59,59,59,59,60,59,59,58,59,59,59,61,58,61,60,59
20260804_015555_897cb2,1785805061440654,791112095,2,2,0,-52,128,0,15,15,14,14,12,12,11,11,11,10,9,8,8,8,7,7,6,6,6,6,5,4,4,4,4,4,0,0,0,0,0,0,0,0,0,0,0,14,15,16,16,17,17,18,18,19,19,19,19,18,18,18,19,18,17,18,17,17,17,17,17,16,16,0,28,26,26,25,23,22,21,19,19,18,17,16,16,15,13,13,13,12,11,10,9,9,7,7,7,6,5,4,0,0,0,0,0,0,0,24,26,27,28,29,31,31,32,33,33,35,34,34,34,34,34,35,33,33,31,32,32,32,31,31,31,31,29
20260804_015555_897cb2,1785805061544246,791217194,2,2,0,-54,128,0,17,16,16,15,14,13,13,13,12,11,11,10,10,9,9,9,8,8,7,7,7,6,5,5,4,4,0,0,0,0,0,0,0,0,0,0,0,15,16,16,17,17,18,18,18,18,18,18,19,19,18,19,18,18,18,18,18,18,18,18,18,17,18,0,59,58,55,53,50,49,45,42,42,40,38,36,35,32,31,31,29,28,26,23,21,21,19,17,16,14,13,14,0,0,0,0,0,0,0,51,53,54,56,56,60,60,62,62,64,66,65,64,64,66,65,65,65,64,62,65,65,64,64,64,63,64,62
20260804_015555_897cb2,1785805061644005,791315915,2,2,0,-58,128,0,14,14,13,12,10,10,9,9,8,8,8,6,6,5,5,5,4,4,3,3,2,1,2,1,0,0,0,0,0,0,0,0,0,0,0,0,0,16,16,18,18,18,19,19,19,19,20,20,20,18,18,18,18,17,17,17,17,17,17,16,16,16,16,0,27,26,25,23,21,20,19,16,16,15,14,12,12,11,10,9,8,7,7,6,4,4,3,2,2,1,0,0,0,0,0,0,0,0,0,29,30,30,31,33,34,33,35,36,36,35,37,36,36,36,35,35,34,33,33,32,32,32,31,31,30,29,29
20260804_015555_897cb2,1785805061737780,791411949,2,2,0,-56,128,0,16,15,14,13,12,12,11,10,10,9,8,7,7,6,6,5,4,4,3,3,3,2,2,3,3,3,0,0,0,0,0,0,0,0,0,0,0,19,19,20,21,21,22,21,22,22,22,22,22,22,21,21,21,21,19,20,19,19,19,18,18,18,17,0,26,25,24,22,21,19,17,17,16,14,14,13,12,10,9,9,8,7,6,5,5,4,4,4,4,5,5,5,0,0,0,0,0,0,0,29,31,32,33,34,34,35,37,37,37,39,37,37,36,36,35,35,34,35,34,33,32,32,32,30,30,30,27
20260804_015555_897cb2,1785805061841478,791511952,2,2,0,-55,128,0,14,13,13,12,12,12,11,10,10,9,9,9,9,8,7,7,6,6,5,5,4,4,3,3,3,2,0,0,0,0,0,0,0,0,0,0,0,14,14,14,15,16,16,16,16,16,16,16,17,16,16,16,16,16,16,16,16,16,16,16,15,16,14,0,57,54,54,50,49,47,43,43,42,38,37,36,35,30,31,29,29,27,25,22,20,19,14,13,11,9,8,7,0,0,0,0,0,0,0,53,55,55,56,58,60,62,62,64,64,67,65,66,65,65,64,62,62,62,62,62,62,62,62,61,63,61,58
20260804_015555_897cb2,1785805061991615,791665341,2,2,0,-55,128,0,16,15,14,14,13,12,12,11,10,10,9,9,9,8,8,7,7,7,6,5,5,5,5,4,3,3,0,0,0,0,0,0,0,0,0,0,0,16,16,17,17,18,19,19,19,19,19,19,20,20,20,19,18,18,17,18,17,17,17,17,17,17,16,0,28,27,27,25,24,23,22,20,19,18,18,16,16,16,14,14,13,12,11,10,10,8,8,7,6,5,5,4,0,0,0,0,0,0,0,27,28,29,30,31,32,33,35,35,36,35,36,35,35,35,35,34,34,34,32,34,32,34,32,31,31,31,30
20260804_015555_897cb2,1785805062039014,791712653,2,2,0,-55,128,0,14,13,13,12,11,11,10,9,9,9,9,7,8,7,7,6,6,5,5,5,4,4,3,3,3,4,0,0,0,0,0,0,0,0,0,0,0,18,18,19,19,20,20,21,20,21,20,20,20,19,19,18,18,17,17,16,16,16,16,15,15,15,14,0,25,24,23,22,20,20,18,17,16,16,15,14,14,12,12,11,10,10,10,9,8,7,6,7,6,6,6,6,0,0,0,0,0,0,0,33,34,35,35,35,35,37,37,38,38,38,39,38,36,34,34,34,33,32,32,30,30,29,29,28,27,28,28
20260804_015555_897cb2,1785805062138529,791812280,2,2,0,-56,128,0,15,14,14,12,12,11,9,9,9,8,8,7,5,5,4,4,3,3,2,2,1,1,1,1,2,2,0,0,0,0,0,0,0,0,0,0,0,17,17,18,19,19,20,20,21,21,21,21,21,21,20,19,19,19,19,18,18,18,18,17,17,16,16,0,53,50,46,45,42,39,35,34,30,28,26,22,20,16,17,14,10,9,8,4,3,2,4,4,7,8,10,11,0,0,0,0,0,0,0,56,59,60,61,64,67,68,70,72,72,74,73,74,73,70,72,68,68,67,66,67,64,64,64,60,61,59,59
20260804_015555_897cb2,1785805062241603,791915194,2,2,0,-56,128,0,15,14,14,13,13,12,11,11,10,10,9,8,8,8,7,7,6,6,5,5,4,4,4,3,3,2,0,0,0,0,0,0,0,0,0,0,0,16,16,16,17,17,18,18,18,18,19,18,18,19,18,18,17,17,17,17,17,17,16,16,16,16,16,0,28,26,25,25,23,22,21,20,19,19,17,17,16,15,14,14,12,11,10,9,8,9,7,6,6,5,4,6,0,0,0,0,0,0,0,27,28,29,29,31,32,32,33,33,34,34,35,34,35,34,33,33,32,31,31,31,31,31,31,30,29,29,29
20260804_015555_897cb2,1785805062340456,792013316,2,2,0,-55,128,0,15,14,13,14,12,12,11,10,10,10,9,8,8,7,7,7,6,6,5,5,5,3,3,4,3,2,0,0,0,0,0,0,0,0,0,0,0,16,17,17,18,19,19,19,20,19,20,20,19,19,19,18,18,18,17,17,17,16,17,16,16,16,15,0,27,25,24,23,21,22,19,19,17,17,17,15,13,13,13,12,12,11,10,9,9,7,6,5,5,5,5,5,0,0,0,0,0,0,0,27,29,29,30,32,32,33,34,34,35,35,36,36,34,34,33,31,33,32,31,30,30,30,30,29,29,29,28
20260804_015555_897cb2,1785805062439500,792112600,2,2,0,-55,128,0,15,13,13,12,11,10,9,10,9,9,9,8,6,6,5,5,5,5,4,4,3,3,3,3,3,2,0,0,0,0,0,0,0,0,0,0,0,15,15,16,16,16,17,17,18,18,18,18,18,18,17,17,17,17,16,16,16,16,16,16,16,16,15,0,27,24,25,23,22,22,19,17,16,15,14,13,15,13,11,12,10,9,9,7,7,6,5,5,5,6,4,5,0,0,0,0,0,0,0,25,27,28,29,29,31,31,33,34,35,36,35,35,35,34,34,34,33,32,31,31,30,30,29,29,28,28,28
20260804_015555_897cb2,1785805062539008,792211683,2,2,0,-58,128,0,14,13,14,12,11,11,10,9,9,8,8,7,6,6,5,5,4,4,3,2,1,1,1,1,2,2,0,0,0,0,0,0,0,0,0,0,0,13,15,14,16,16,17,17,18,18,18,19,17,18,18,17,17,17,17,17,17,17,17,16,16,16,15,0,28,26,24,24,23,21,20,17,17,16,14,13,12,11,10,8,7,7,6,5,3,2,1,2,3,3,4,5,0,0,0,0,0,0,0,25,26,26,29,30,31,32,32,34,34,34,36,36,35,35,34,34,34,33,33,33,33,33,32,32,31,30,30
20260804_015555_897cb2,1785805062643112,792315722,2,2,0,-61,128,0,12,11,11,9,9,8,7,5,5,4,4,4,3,2,1,1,1,1,2,2,3,3,4,4,5,6,0,0,0,0,0,0,0,0,0,0,0,18,19,19,20,19,19,21,20,20,20,20,20,20,19,19,18,17,16,16,16,16,16,15,15,14,14,0,23,21,19,18,17,16,13,11,9,10,8,7,5,4,3,2,2,3,4,4,5,6,7,8,9,11,11,12,0,0,0,0,0,0,0,32,33,33,33,36,37,38,38,39,38,38,39,38,38,37,37,36,35,33,33,32,32,31,30,28,27,27,25
20260804_015555_897cb2,1785805062735833,792411589,2,2,0,-56,128,0,15,15,14,13,13,12,12,11,11,9,9,8,8,8,7,6,6,6,6,4,4,4,4,3,3,3,0,0,0,0,0,0,0,0,0,0,0,16,16,17,18,18,19,19,19,19,19,20,19,19,19,19,19,19,19,19,18,17,18,17,17,17,16,0,27,27,26,24,23,23,20,19,19,18,16,16,14,13,11,12,11,10,10,9,8,6,6,6,5,6,6,6,0,0,0,0,0,0,0,28,29,30,31,31,32,33,35,35,36,36,36,36,36,36,35,33,35,33,32,33,33,32,32,30,31,29,29
20260804_015555_897cb2,1785805062889916,792563585,2,2,0,-56,128,0,16,15,15,14,13,12,12,12,10,10,9,9,8,7,7,7,6,5,5,4,3,3,2,1,1,1,0,0,0,0,0,0,0,0,0,0,0,15,15,16,16,16,17,18,18,19,19,19,19,19,19,19,19,19,18,18,18,18,18,17,18,17,17,0,30,30,29,26,24,24,22,21,18,18,17,16,16,13,12,11,11,9,9,7,6,4,4,2,2,1,1,2,0,0,0,0,0,0,0,25,26,27,28,28,30,31,32,33,33,35,35,34,35,36,36,36,35,35,34,34,33,34,34,33,33,33,31
20260804_015555_897cb2,1785805062964447,792634850,2,2,0,-56,128,0,15,14,13,13,13,12,12,12,10,10,10,9,9,9,9,9,9,8,8,8,8,7,7,8,7,7,0,0,0,0,0,0,0,0,0,0,0,15,16,15,16,17,17,17,17,18,18,17,18,17,17,17,17,17,17,16,16,17,16,15,16,15,15,0,28,27,26,25,24,23,22,21,21,19,20,18,17,18,17,17,16,16,16,16,16,14,14,14,14,14,13,14,0,0,0,0,0,0,0,25,28,29,28,30,32,33,33,32,34,33,34,34,33,33,32,33,33,31,31,30,31,31,30,30,30,30,29
20260804_015555_897cb2,1785805063045238,792716074,2,2,0,-53,128,0,15,15,14,15,11,12,11,11,11,10,10,10,9,10,9,7,6,8,6,5,4,5,6,4,4,4,0,0,0,0,0,0,0,0,0,0,0,14,14,14,16,16,16,16,17,18,18,18,18,18,17,17,18,18,17,17,16,17,16,17,16,16,16,0,56,53,55,54,50,47,40,42,42,39,40,35,31,35,35,30,24,31,27,20,19,17,20,12,13,11,7,9,0,0,0,0,0,0,0,47,49,50,53,54,59,59,63,62,67,65,66,65,67,66,68,65,66,64,63,64,62,65,64,62,62,62,59
20260804_015555_897cb2,1785805063137346,792812559,2,2,0,-55,128,0,13,12,12,11,10,9,8,7,7,6,5,5,4,4,4,4,4,3,3,3,3,3,4,4,4,4,0,0,0,0,0,0,0,0,0,0,0,17,17,17,19,19,19,19,20,20,20,19,19,19,19,18,18,18,17,17,16,16,16,15,15,15,14,0,24,22,21,20,19,17,16,15,13,12,11,9,9,8,7,6,6,4,5,4,5,5,5,5,7,7,7,7,0,0,0,0,0,0,0,29,30,31,32,33,34,34,36,36,37,37,37,36,35,36,35,34,33,33,32,32,32,31,31,29,28,28,26
20260804_015555_897cb2,1785805063250716,792925161,2,2,0,-52,128,0,16,16,15,14,14,13,12,12,11,11,10,10,10,9,9,9,9,8,8,7,6,6,5,5,4,4,0,0,0,0,0,0,0,0,0,0,0,15,16,17,18,18,18,18,19,19,20,20,19,19,18,18,18,18,18,18,18,18,18,18,17,17,16,0,54,56,50,50,46,48,44,39,41,38,38,32,33,30,31,29,27,26,24,23,22,20,17,17,16,13,10,9,0,0,0,0,0,0,0,53,54,58,58,64,62,65,62,69,69,68,68,69,66,67,66,65,67,61,63,61,64,62,62,61,60,59,59
20260804_015555_897cb2,1785805063337449,793013260,2,2,0,-52,128,0,13,13,13,12,11,11,10,10,8,8,8,8,7,8,7,7,5,5,5,5,4,4,4,4,3,3,0,0,0,0,0,0,0,0,0,0,0,15,16,16,17,17,17,18,18,19,18,18,18,18,18,17,17,17,16,16,17,16,16,16,15,15,15,0,27,26,25,24,23,22,20,18,17,16,18,16,15,14,13,12,12,11,10,9,9,8,8,6,6,5,5,5,0,0,0,0,0,0,0,28,29,30,30,32,32,34,35,35,37,36,38,38,37,37,35,34,34,33,33,33,34,31,32,31,29,30,29
20260804_015555_897cb2,1785805063441382,793115493,2,2,0,-50,128,0,16,15,15,14,13,13,12,12,12,11,10,10,10,10,10,9,9,9,9,8,7,7,6,6,6,5,0,0,0,0,0,0,0,0,0,0,0,14,14,15,16,16,17,18,18,18,18,18,19,19,18,18,18,18,17,17,17,17,17,17,17,17,17,0,28,27,25,25,24,24,21,21,21,20,20,18,18,19,17,17,17,16,16,14,13,13,12,11,9,11,9,9,0,0,0,0,0,0,0,23,23,25,26,27,29,29,30,31,32,33,31,32,32,32,32,31,31,31,30,31,30,30,31,30,31,30,29
20260804_015555_897cb2,1785805063546992,793223845,2,2,0,-56,128,0,13,13,12,11,10,10,9,8,8,7,7,6,6,5,5,4,4,3,3,3,3,3,2,2,2,3,0,0,0,0,0,0,0,0,0,0,0,19,20,21,22,22,22,22,22,21,21,21,21,21,20,20,19,19,17,17,17,17,17,16,16,16,15,0,24,23,22,20,19,18,17,15,14,13,12,11,10,10,9,7,6,6,5,4,4,4,4,4,5,5,5,5,0,0,0,0,0,0,0,33,36,35,36,37,39,39,39,40,41,41,41,39,39,37,36,35,34,34,33,31,31,31,30,29,27,27,26
20260804_015555_897cb2,1785805063638376,793311997,2,2,0,-49,128,0,15,14,14,13,13,13,12,12,11,11,11,10,10,10,9,9,9,9,8,8,8,7,7,6,6,6,0,0,0,0,0,0,0,0,0,0,0,13,14,15,15,16,16,17,17,17,17,17,17,17,17,16,16,16,16,16,16,16,16,15,15,16,15,0,27,27,26,25,24,24,23,22,22,21,20,20,19,20,18,18,18,16,16,15,16,14,14,13,11,10,10,9,0,0,0,0,0,0,0,24,25,25,26,28,29,31,31,32,33,32,33,34,33,32,31,32,31,29,31,30,30,30,29,29,30,29,29
20260804_015555_897cb2,1785805063738716,793412277,2,2,0,-51,128,0,14,15,13,13,12,12,11,10,10,10,10,10,9,8,9,8,9,8,8,8,7,7,6,7,6,6,0,0,0,0,0,0,0,0,0,0,0,17,17,18,18,20,19,20,21,20,21,20,19,21,20,19,19,19,18,18,17,17,17,17,16,16,16,0,25,22,22,24,21,21,19,19,17,17,15,16,16,15,14,15,13,15,15,15,11,11,11,10,11,11,10,10,0,0,0,0,0,0,0,26,28,28,29,30,31,32,34,34,35,34,35,35,34,33,32,32,31,30,31,31,30,30,29,28,28,27,26
20260804_015555_897cb2,1785805063842591,793513463,2,2,0,-56,128,0,12,12,12,12,11,11,12,11,12,12,12,12,13,12,13,13,13,14,13,14,14,14,14,14,14,13,0,0,0,0,0,0,0,0,0,0,0,19,19,19,19,20,20,20,19,19,20,18,17,17,17,16,15,14,14,14,14,13,13,13,13,13,12,0,22,22,21,21,21,21,21,20,20,19,21,20,21,22,22,22,22,23,23,24,23,23,23,23,23,22,22,22,0,0,0,0,0,0,0,32,34,34,34,34,35,35,36,35,35,34,33,32,30,29,29,27,26,26,25,24,24,23,22,24,22,22,23
20260804_015555_897cb2,1785805063941263,793612973,2,2,0,-51,128,0,15,14,14,13,13,12,12,11,10,10,9,9,9,8,9,9,8,8,7,7,7,6,6,6,5,4,0,0,0,0,0,0,0,0,0,0,0,15,16,17,17,18,18,19,19,19,19,19,19,19,19,18,18,18,17,18,17,17,17,17,16,16,16,0,27,26,26,24,23,23,21,20,19,18,18,18,17,16,16,15,14,14,14,14,12,11,11,10,9,8,8,8,0,0,0,0,0,0,0,26,27,27,29,30,32,33,34,35,35,36,36,36,36,35,35,34,34,33,32,32,32,32,31,30,31,30,29
20260804_015555_897cb2,1785805064039564,793712063,2,2,0,-57,128,0,15,14,14,13,12,11,11,10,10,9,9,9,7,7,7,7,7,6,6,6,5,5,5,6,5,6,0,0,0,0,0,0,0,0,0,0,0,13,13,14,14,15,15,15,17,17,17,17,17,18,17,17,18,17,17,17,17,17,17,17,17,16,16,0,28,26,26,26,23,23,21,19,19,18,17,15,16,14,14,13,13,13,12,12,11,11,10,12,10,9,9,10,0,0,0,0,0,0,0,22,23,23,24,25,26,28,28,30,31,32,33,33,33,34,34,33,32,33,33,32,33,33,32,32,31,32,31
20260804_015555_897cb2,1785805064144209,793816053,2,2,0,-51,128,0,17,16,16,15,14,13,12,12,11,11,11,10,9,8,9,8,8,8,8,7,6,5,5,5,4,4,0,0,0,0,0,0,0,0,0,0,0,14,14,15,15,16,17,17,18,19,18,20,20,19,19,19,19,19,19,19,19,19,19,18,18,18,18,0,59,55,55,52,50,46,44,41,40,40,38,34,32,31,30,30,28,27,26,23,23,20,18,17,16,15,13,12,0,0,0,0,0,0,0,43,46,46,48,50,55,55,58,61,64,66,66,67,68,67,67,66,68,66,65,66,64,65,65,65,62,62,61
20260804_015555_897cb2,1785805064243395,793915852,2,2,0,-60,128,0,14,14,13,12,11,10,9,9,7,6,6,5,4,4,4,3,2,2,2,2,2,3,4,4,4,4,0,0,0,0,0,0,0,0,0,0,0,16,16,16,17,17,16,18,17,17,18,17,17,18,18,18,18,17,17,18,18,17,17,17,17,17,16,0,28,27,25,24,23,21,19,18,15,14,13,10,10,8,7,6,5,4,4,5,4,5,5,7,7,9,9,10,0,0,0,0,0,0,0,30,31,31,31,32,32,32,32,33,34,34,35,35,35,35,34,35,34,33,33,34,34,34,33,33,33,32,30
20260804_015555_897cb2,1785805064336550,794011993,2,2,0,-54,128,0,14,14,14,13,13,12,12,11,10,10,10,9,9,9,8,8,7,7,6,6,6,5,5,4,4,4,0,0,0,0,0,0,0,0,0,0,0,13,14,14,15,15,15,16,16,16,16,16,16,16,16,16,16,16,16,16,16,16,16,16,16,16,15,0,28,28,26,25,24,24,22,22,20,19,19,18,17,16,16,16,15,13,13,12,12,10,11,9,8,8,7,6,0,0,0,0,0,0,0,25,26,26,26,29,29,31,30,32,31,32,33,32,33,32,33,31,32,31,31,30,30,30,31,31,31,31,29
20260804_015555_897cb2,1785805064485319,794155877,2,2,0,-58,128,0,16,14,14,13,13,11,11,10,10,8,8,8,8,8,6,7,7,7,6,6,6,6,6,7,7,6,0,0,0,0,0,0,0,0,0,0,0,10,11,11,13,13,14,15,16,16,17,18,18,18,18,18,18,18,18,18,18,18,18,18,18,18,16,0,61,56,55,50,48,45,42,38,34,33,34,30,28,28,27,27,25,26,25,26,24,24,25,28,28,28,26,29,0,0,0,0,0,0,0,36,38,39,42,41,49,52,54,59,61,65,64,67,68,69,70,73,69,72,68,71,69,69,70,67,68,66,65
20260804_015555_897cb2,1785805064548292,794218765,2,2,0,-65,128,0,5,4,4,3,1,1,2,3,4,5,8,8,10,10,12,13,14,16,18,18,18,19,21,21,21,22,0,0,0,0,0,0,0,0,0,0,0,9,9,11,11,12,12,14,14,15,15,15,15,14,14,14,14,14,13,13,12,13,12,11,11,9,9,0,18,17,11,9,3,6,9,13,20,22,28,33,38,42,48,53,58,62,67,70,74,77,79,83,83,86,88,91,0,0,0,0,0,0,0,31,33,34,35,41,43,45,47,51,55,56,57,57,58,55,56,56,55,54,51,49,46,49,45,42,40,34,30
20260804_015555_897cb2,1785805064647760,794316719,2,2,0,-62,128,0,14,15,15,14,15,14,14,14,14,14,14,14,14,14,14,14,14,14,14,14,14,13,13,13,12,13,0,0,0,0,0,0,0,0,0,0,0,12,12,12,12,12,11,11,11,10,11,11,10,10,9,10,11,10,11,10,11,11,12,12,13,13,14,0,56,57,57,58,57,56,57,55,55,56,57,56,55,55,56,56,57,57,57,56,55,54,53,51,50,51,49,46,0,0,0,0,0,0,0,52,52,50,49,49,48,48,46,45,44,45,44,43,42,42,40,40,40,41,42,41,45,44,48,50,52,54,55
20260804_015555_897cb2,1785805064740055,794411840,2,2,0,-52,128,0,15,16,15,15,15,15,15,14,14,14,14,14,13,13,14,15,14,14,14,14,13,13,13,13,11,12,0,0,0,0,0,0,0,0,0,0,0,11,11,11,11,12,12,12,13,13,13,13,13,14,13,14,14,14,14,14,14,14,15,15,15,15,15,0,60,59,59,59,57,57,56,55,55,55,55,53,53,54,55,53,55,52,55,52,52,50,49,48,45,44,42,41,0,0,0,0,0,0,0,38,40,41,40,44,43,45,47,48,49,50,51,50,51,51,52,50,52,52,52,53,54,54,55,57,57,58,58
20260804_015555_897cb2,1785805064844078,794513887,2,2,0,-51,128,0,15,16,15,15,14,14,14,14,14,13,13,13,13,13,14,13,13,13,13,13,13,13,13,12,12,11,0,0,0,0,0,0,0,0,0,0,0,12,12,12,13,14,14,14,15,15,15,15,15,14,14,14,15,15,15,15,15,15,15,15,15,15,15,0,55,57,54,55,54,53,52,51,51,52,50,51,50,51,51,51,52,50,51,49,49,47,46,44,44,42,42,41,0,0,0,0,0,0,0,40,42,43,44,47,46,50,49,52,52,54,54,54,53,54,54,53,54,53,52,52,53,53,54,54,54,56,55
20260804_015555_897cb2,1785805064943804,794614250,2,2,0,-53,128,0,15,15,15,15,14,14,14,14,14,14,14,14,14,14,14,15,14,14,14,14,14,13,13,13,12,12,0,0,0,0,0,0,0,0,0,0,0,12,12,12,12,13,13,13,13,13,14,13,14,14,14,14,14,14,14,13,13,14,14,14,15,15,15,0,57,58,57,58,56,57,55,55,54,55,55,53,55,54,55,56,55,55,55,55,53,51,50,48,48,47,44,44,0,0,0,0,0,0,0,43,43,46,46,46,47,48,49,51,51,51,51,53,51,51,51,50,52,52,51,52,53,55,54,55,56,57,58
20260804_015555_897cb2,1785805065053519,794725064,2,2,0,-66,128,0,9,9,9,9,9,9,9,9,10,11,10,10,10,11,12,12,13,14,13,13,14,14,15,15,15,16,0,0,0,0,0,0,0,0,0,0,0,18,19,19,18,18,17,16,15,15,14,13,12,11,9,9,9,8,8,8,8,9,8,9,8,10,9,0,20,20,20,19,21,20,19,21,20,21,21,21,22,24,24,24,26,27,27,30,30,30,28,30,31,31,33,33,0,0,0,0,0,0,0,39,38,38,37,38,36,34,33,32,31,28,26,25,23,21,21,18,19,15,16,16,16,18,17,19,18,18,18
20260804_015555_897cb2,1785805065147081,794818465,2,2,0,-64,128,0,14,14,15,14,14,14,14,14,15,14,14,15,16,16,16,16,16,17,18,18,18,19,19,19,19,20,0,0,0,0,0,0,0,0,0,0,0,9,9,8,9,7,7,8,8,8,9,9,9,9,9,10,10,12,12,12,12,13,13,13,13,13,14,0,27,28,28,29,27,27,26,28,25,28,28,28,29,30,32,31,32,33,35,36,37,37,39,37,38,38,39,40,0,0,0,0,0,0,0,18,18,17,16,17,15,16,16,17,15,16,17,17,18,20,19,19,22,22,22,22,23,24,25,26,27,28,26
20260804_015555_897cb2,1785805065239580,794914849,2,2,0,-58,128,0,13,13,13,13,13,13,13,13,13,13,14,14,14,14,15,15,16,16,17,17,17,17,17,16,17,17,0,0,0,0,0,0,0,0,0,0,0,9,8,8,8,8,8,9,9,9,8,8,8,9,9,9,9,10,10,9,10,11,11,11,11,12,12,0,26,26,25,26,26,27,27,27,27,28,29,29,29,31,32,32,32,33,34,33,34,34,34,34,34,33,32,33,0,0,0,0,0,0,0,16,17,17,17,17,16,17,16,17,17,18,17,17,17,18,19,18,19,19,20,20,21,21,21,22,23,25,25
20260804_015555_897cb2,1785805065349555,795020987,2,2,0,-59,128,0,10,10,11,11,11,11,12,12,13,13,14,13,14,14,14,15,16,16,17,17,17,17,17,17,17,17,0,0,0,0,0,0,0,0,0,0,0,11,11,11,11,12,11,11,11,11,10,10,10,10,9,9,9,9,8,8,9,9,9,9,10,10,10,0,22,23,22,23,24,24,24,25,25,27,27,28,28,29,30,31,32,33,34,34,35,35,35,34,34,34,34,34,0,0,0,0,0,0,0,22,23,23,23,24,23,24,22,23,22,22,22,21,20,19,19,18,20,17,19,18,17,19,18,19,20,21,21
20260804_015555_897cb2,1785805065476524,795152642,2,2,0,-70,128,0,7,7,5,4,3,1,1,1,4,6,7,8,9,12,14,14,17,19,20,22,23,24,25,25,26,26,0,0,0,0,0,0,0,0,0,0,0,13,12,11,10,9,7,5,5,4,5,6,7,8,9,9,10,11,11,11,11,12,11,11,12,10,9,0,16,13,10,7,5,2,1,4,8,11,13,16,18,22,27,30,34,36,39,42,45,47,51,51,51,53,56,56,0,0,0,0,0,0,0,30,28,25,23,21,17,16,13,11,9,8,10,11,13,15,18,18,21,22,22,22,23,22,22,22,21,19,18
20260804_015555_897cb2,1785805065540601,795211748,2,2,0,-60,128,0,13,12,13,13,13,12,13,13,13,13,13,13,14,14,14,14,14,16,16,16,16,15,16,16,16,16,0,0,0,0,0,0,0,0,0,0,0,14,14,14,14,14,14,13,13,13,13,12,12,11,11,11,11,11,11,11,11,11,12,12,12,13,13,0,49,50,49,51,49,48,49,49,51,49,52,51,53,55,55,56,58,59,61,62,61,61,60,60,61,61,61,59,0,0,0,0,0,0,0,55,57,59,57,56,55,55,53,54,51,51,49,45,47,45,43,44,42,40,41,41,42,44,45,44,47,45,49
20260804_015555_897cb2,1785805065639048,795312284,2,2,0,-66,128,0,11,11,10,11,9,9,9,8,8,8,9,9,9,10,10,11,12,12,13,14,15,16,16,17,17,17,0,0,0,0,0,0,0,0,0,0,0,18,18,18,17,16,16,14,14,14,14,13,13,13,12,12,13,13,13,12,13,13,13,13,13,13,13,0,23,22,21,20,18,19,18,16,17,17,17,17,18,19,20,22,24,25,25,28,30,31,31,32,33,35,33,35,0,0,0,0,0,0,0,36,38,35,36,35,34,32,30,29,28,28,26,26,25,26,24,24,25,25,25,25,25,25,25,25,24,24,24
20260804_015555_897cb2,1785805065737535,795411578,2,2,0,-57,128,0,16,16,16,14,13,13,12,11,10,9,9,8,7,7,6,4,4,4,3,1,1,0,1,2,3,3,0,0,0,0,0,0,0,0,0,0,0,14,16,16,17,17,17,18,18,18,18,19,19,19,19,19,19,19,18,20,19,19,19,18,19,18,18,0,30,30,28,26,25,23,22,20,18,17,16,14,13,12,10,8,7,5,4,2,2,2,3,4,5,7,9,9,0,0,0,0,0,0,0,25,27,28,28,30,30,31,32,33,34,34,34,36,35,36,36,37,35,36,35,36,36,35,34,34,35,34,32
20260804_015555_897cb2,1785805065840771,795515575,2,2,0,-61,128,0,15,15,14,14,13,12,12,11,10,10,9,9,9,9,8,8,8,7,7,7,8,8,8,8,9,9,0,0,0,0,0,0,0,0,0,0,0,17,17,17,17,17,17,17,17,16,16,15,16,15,15,15,14,15,15,15,15,16,16,16,16,16,16,0,29,28,27,27,25,24,23,21,19,19,18,18,17,16,16,16,15,15,14,15,15,16,16,16,16,17,18,19,0,0,0,0,0,0,0,33,35,33,34,33,34,33,32,32,31,31,31,30,30,29,29,28,29,28,28,29,30,30,31,31,31,31,30
20260804_015555_897cb2,1785805065940844,795611690,2,2,0,-55,128,0,17,17,16,16,15,15,14,13,13,13,12,11,11,11,10,10,10,9,9,8,8,7,7,6,5,5,0,0,0,0,0,0,0,0,0,0,0,13,13,13,14,14,15,15,16,16,16,16,17,17,17,17,17,17,18,18,18,18,18,18,18,18,18,0,32,31,32,29,29,27,25,25,25,23,23,21,21,20,19,18,17,18,16,16,15,13,11,12,11,11,9,9,0,0,0,0,0,0,0,22,23,23,25,24,26,26,28,29,29,30,30,30,31,31,31,31,32,34,32,33,33,33,34,33,34,34,34
20260804_015555_897cb2,1785805066040876,795711922,2,2,0,-57,128,0,15,14,14,14,12,11,11,10,9,9,9,8,7,7,7,6,5,5,4,4,4,4,4,4,4,5,0,0,0,0,0,0,0,0,0,0,0,15,15,16,16,16,17,17,17,17,18,17,17,17,17,17,18,17,17,17,18,16,17,17,16,16,16,0,28,29,26,25,24,22,21,19,18,17,15,14,14,13,11,12,11,9,8,8,9,9,8,8,9,10,10,11,0,0,0,0,0,0,0,27,29,29,29,30,30,33,31,33,33,34,34,33,35,33,33,33,33,31,32,32,32,32,32,32,32,31,31
20260804_015555_897cb2,1785805066144494,795819200,2,2,0,-57,128,0,17,16,16,15,14,13,13,12,11,11,10,10,9,9,7,7,7,5,6,5,5,4,4,5,4,4,0,0,0,0,0,0,0,0,0,0,0,15,15,15,16,16,16,18,17,18,18,18,18,18,18,18,18,18,18,18,18,18,18,18,18,18,18,0,62,61,57,54,54,49,47,42,40,37,35,35,32,30,27,25,23,21,16,18,16,14,12,12,15,16,16,16,0,0,0,0,0,0,0,50,52,54,56,56,58,59,60,61,63,64,61,64,65,65,67,67,64,66,64,66,66,66,64,66,66,64,62
20260804_015555_897cb2,1785805066238264,795912375,2,2,0,-57,128,0,16,15,15,14,13,13,12,11,10,10,9,9,8,8,7,7,6,5,5,5,5,4,4,4,4,4,0,0,0,0,0,0,0,0,0,0,0,16,16,17,17,17,18,18,18,18,18,18,18,18,18,18,18,18,17,18,18,17,18,17,17,17,17,0,29,28,27,26,25,23,22,21,20,18,17,17,16,14,12,12,12,10,9,9,8,7,7,6,7,8,7,9,0,0,0,0,0,0,0,29,31,30,31,31,32,32,33,34,35,35,34,34,35,36,34,35,34,34,34,35,34,32,33,31,32,32,31
20260804_015555_897cb2,1785805066336860,796011407,2,2,0,-55,128,0,15,15,15,14,14,13,12,12,11,11,10,9,9,9,9,9,7,7,7,6,5,5,4,4,3,3,0,0,0,0,0,0,0,0,0,0,0,13,14,14,16,15,17,17,17,17,17,17,17,17,17,17,17,17,17,17,17,17,17,17,17,17,16,0,30,29,28,26,25,24,23,22,21,20,19,17,17,16,16,16,14,14,12,12,11,8,9,8,7,6,6,6,0,0,0,0,0,0,0,26,26,25,28,28,29,30,30,33,32,32,33,33,34,34,33,34,33,33,33,32,33,34,32,32,33,32,31
20260804_015555_897cb2,1785805066441110,796113272,2,2,0,-57,128,0,15,14,13,13,12,11,10,10,10,9,8,8,7,7,6,6,6,5,5,4,4,3,4,2,3,3,0,0,0,0,0,0,0,0,0,0,0,17,17,18,18,18,19,19,19,20,20,19,19,20,19,18,18,18,17,17,17,17,17,16,16,16,16,0,27,25,24,23,21,20,18,17,17,16,15,14,14,12,12,11,11,9,9,9,7,7,6,5,5,5,4,3,0,0,0,0,0,0,0,28,28,29,29,30,31,32,33,34,34,35,35,34,34,33,33,33,32,32,31,31,31,30,30,30,28,30,29
20260804_015555_897cb2,1785805066540402,796214273,2,2,0,-60,128,0,14,12,12,11,10,9,9,8,8,7,6,6,6,6,6,6,7,7,8,8,9,10,10,10,11,11,0,0,0,0,0,0,0,0,0,0,0,16,16,16,17,17,17,17,18,17,18,18,17,17,17,17,17,17,16,16,16,16,16,16,15,16,14,0,25,24,22,21,20,18,16,16,14,14,13,12,12,11,11,13,12,14,15,16,16,17,18,19,20,22,22,22,0,0,0,0,0,0,0,30,30,30,31,32,32,33,32,32,34,34,34,34,34,34,32,32,32,31,31,32,31,30,30,30,29,28,26
20260804_015555_897cb2,1785805066639310,796313907,2,2,0,-57,128,0,15,14,14,13,12,12,12,11,11,10,10,9,9,9,9,9,8,9,9,9,9,8,8,8,8,8,0,0,0,0,0,0,0,0,0,0,0,17,17,17,18,19,19,20,20,19,19,19,19,19,18,18,17,17,16,17,17,16,16,16,16,16,15,0,26,25,25,23,22,22,20,19,19,19,17,17,17,16,16,15,16,15,15,15,14,15,14,13,13,13,13,14,0,0,0,0,0,0,0,30,30,30,32,30,34,33,34,34,34,34,34,34,33,34,32,34,31,31,30,31,30,30,29,28,29,28,27
20260804_015555_897cb2,1785805066739218,796411646,2,2,0,-58,128,0,14,14,13,12,11,10,9,9,7,7,6,6,6,4,4,4,3,2,3,2,3,4,4,4,4,4,0,0,0,0,0,0,0,0,0,0,0,17,18,18,19,19,19,19,19,19,19,19,20,19,19,19,19,18,18,17,19,17,17,17,17,16,16,0,52,52,47,47,42,41,36,32,29,26,24,22,19,16,14,15,13,10,11,11,14,13,15,18,17,18,21,24,0,0,0,0,0,0,0,62,65,65,66,66,68,68,70,71,73,75,74,74,72,72,70,71,71,69,68,66,69,65,66,64,62,62,61
20260804_015555_897cb2,1785805066837338,796511261,2,2,0,-55,128,0,15,14,13,13,11,11,11,10,9,9,9,8,8,7,6,7,6,5,5,5,5,5,5,4,5,4,0,0,0,0,0,0,0,0,0,0,0,14,14,14,15,16,17,17,17,18,18,18,18,18,18,18,17,17,17,17,17,17,17,16,17,16,16,0,56,51,54,47,47,44,41,38,37,34,33,31,29,28,26,26,25,25,22,21,21,20,20,18,18,18,19,18,0,0,0,0,0,0,0,47,51,51,54,55,59,59,63,64,66,66,67,67,67,67,68,68,65,66,63,66,64,64,63,62,63,62,59
20260804_015555_897cb2,1785805066935833,796611096,2,2,0,-57,128,0,15,14,14,13,12,12,11,10,9,9,9,8,8,8,7,8,7,7,7,6,6,6,5,5,6,5,0,0,0,0,0,0,0,0,0,0,0,14,14,15,15,16,16,16,16,16,16,16,16,17,17,17,16,16,16,16,16,16,16,16,16,15,15,0,57,58,54,52,47,48,46,42,40,40,38,35,34,32,32,30,29,26,26,26,24,23,22,21,20,20,21,19,0,0,0,0,0,0,0,53,55,55,55,57,59,64,62,63,65,66,68,67,66,66,68,64,67,64,66,64,68,65,66,65,64,64,61
20260804_015555_897cb2,1785805067038648,796713016,2,2,0,-58,128,0,13,13,11,11,10,9,9,8,7,7,6,5,5,4,4,3,3,3,3,3,3,4,4,4,4,5,0,0,0,0,0,0,0,0,0,0,0,18,18,18,18,19,19,20,19,20,20,19,19,19,18,18,18,17,17,16,17,17,17,16,16,16,14,0,25,22,22,21,19,17,16,14,13,13,11,10,9,7,7,6,6,6,5,6,6,6,7,8,8,9,9,11,0,0,0,0,0,0,0,32,32,32,32,34,35,36,35,35,36,36,35,36,35,34,34,31,32,33,32,31,30,31,29,29,29,28,26
20260804_015555_897cb2,1785805067142599,796815910,2,2,0,-56,128,0,14,13,13,12,11,10,9,9,8,7,7,6,6,5,5,5,4,4,3,2,2,1,1,0,0,0,0,0,0,0,0,0,0,0,0,0,0,16,17,17,18,18,18,18,18,19,20,19,19,19,18,18,17,17,17,17,17,16,17,16,15,16,15,0,25,25,24,22,19,20,18,16,15,15,13,13,11,11,9,9,8,6,6,4,4,3,3,1,0,1,1,1,0,0,0,0,0,0,0,29,30,32,32,33,33,34,34,35,35,36,36,36,35,35,34,33,33,32,32,32,32,31,31,30,30,30,29
20260804_015555_897cb2,1785805067241063,796915582,2,2,0,-57,128,0,13,13,12,11,10,9,9,8,6,6,5,5,4,3,4,2,2,2,1,1,2,1,1,2,2,3,0,0,0,0,0,0,0,0,0,0,0,17,19,19,20,19,20,21,20,20,20,20,20,19,19,19,18,17,17,17,17,17,17,16,16,16,15,0,26,24,22,20,19,17,16,14,13,12,11,10,8,7,6,5,4,4,3,4,3,3,4,4,4,4,6,6,0,0,0,0,0,0,0,32,32,33,34,34,35,36,36,37,38,37,38,36,36,36,36,35,33,34,32,33,32,32,30,29,29,29,27
20260804_015555_897cb2,1785805067362764,797037246,2,2,0,-56,128,0,13,14,13,12,11,10,9,8,8,7,6,6,5,4,4,4,3,3,2,1,1,1,1,1,2,2,0,0,0,0,0,0,0,0,0,0,0,16,17,17,18,18,18,19,19,19,19,19,18,18,18,18,17,17,17,17,17,17,17,16,16,16,15,0,26,24,24,23,20,20,17,16,14,15,13,12,9,9,8,8,5,5,4,4,2,2,1,3,3,4,4,4,0,0,0,0,0,0,0,29,30,31,31,32,33,34,35,35,36,36,36,35,35,36,34,34,33,32,32,32,32,31,30,30,29,29,28
20260804_015555_897cb2,1785805067471912,797147889,2,2,0,-57,128,0,13,13,12,11,10,9,9,8,7,7,6,6,5,5,5,5,4,5,5,6,6,6,6,7,7,7,0,0,0,0,0,0,0,0,0,0,0,18,18,19,19,19,19,20,20,20,20,19,19,19,19,18,18,18,17,17,16,16,16,16,15,15,14,0,25,23,23,20,19,19,16,15,14,12,12,11,10,10,9,9,9,9,9,10,11,10,12,13,14,14,14,14,0,0,0,0,0,0,0,33,34,34,35,35,36,37,37,37,36,36,38,37,36,36,35,35,34,34,33,33,31,31,30,28,28,28,28
20260804_015555_897cb2,1785805067552335,797224348,2,2,0,-56,128,0,14,13,13,12,11,10,9,8,8,7,7,7,6,6,5,5,5,5,5,5,6,5,6,6,6,6,0,0,0,0,0,0,0,0,0,0,0,16,17,18,19,19,18,18,19,18,19,19,19,18,18,18,18,18,17,17,17,16,16,16,16,15,15,0,27,25,24,21,21,19,19,17,16,15,13,13,13,12,10,10,10,10,9,10,9,10,10,10,11,11,10,11,0,0,0,0,0,0,0,30,31,31,32,34,34,35,37,36,37,37,37,37,37,36,35,35,34,34,34,34,33,32,31,31,30,29,29
20260804_015555_897cb2,1785805067639747,797313220,2,2,0,-56,128,0,14,14,13,12,12,12,11,10,10,9,8,8,8,7,7,6,6,6,6,5,4,4,5,4,5,4,0,0,0,0,0,0,0,0,0,0,0,16,17,17,18,18,18,18,19,19,19,19,18,19,18,18,18,18,17,17,17,17,16,16,16,16,15,0,27,27,26,24,22,21,20,19,18,18,16,15,14,13,13,11,11,10,10,9,8,9,8,7,7,8,8,8,0,0,0,0,0,0,0,28,29,31,31,32,33,34,33,35,36,37,36,35,35,35,35,34,34,33,33,32,32,32,31,31,30,30,28
20260804_015555_897cb2,1785805067739261,797412882,2,2,0,-57,128,0,15,14,14,14,13,12,12,11,11,10,10,9,9,9,9,8,8,7,7,8,7,7,6,6,6,6,0,0,0,0,0,0,0,0,0,0,0,17,17,18,18,18,18,19,18,18,19,18,18,18,18,17,18,17,17,16,17,16,16,16,16,16,15,0,28,27,27,24,24,23,22,21,20,19,19,18,17,17,15,15,14,14,14,14,12,11,12,11,11,11,12,12,0,0,0,0,0,0,0,29,30,31,32,32,33,33,35,35,34,35,33,35,33,33,33,32,32,33,31,32,31,31,31,30,30,30,30
20260804_015555_897cb2,1785805067837164,797514366,2,2,0,-56,128,0,13,13,12,12,11,10,9,9,8,8,7,6,6,6,5,5,4,4,3,3,3,3,2,3,3,3,0,0,0,0,0,0,0,0,0,0,0,21,21,21,21,22,21,21,21,22,21,21,20,20,19,18,18,18,17,17,17,17,16,16,15,15,15,0,24,23,22,21,19,18,16,16,15,14,13,11,11,9,9,8,7,6,6,5,5,5,4,5,5,5,6,7,0,0,0,0,0,0,0,36,36,36,36,37,38,38,39,38,39,39,38,37,36,36,34,34,34,32,32,31,30,30,28,28,28,26,27
20260804_015555_897cb2,1785805067946284,797617016,2,2,0,-63,128,0,15,13,13,11,11,9,8,7,6,4,4,2,2,1,1,2,4,5,6,7,9,9,10,11,13,13,0,0,0,0,0,0,0,0,0,0,0,13,14,15,15,15,16,17,17,17,18,18,18,18,18,18,18,18,18,18,18,18,18,17,17,16,16,0,56,52,49,42,40,37,31,25,21,17,14,8,6,3,8,9,16,21,25,30,34,40,45,50,51,57,58,60,0,0,0,0,0,0,0,49,54,53,53,54,57,61,60,64,66,67,71,69,70,70,71,72,69,71,71,72,71,68,67,66,67,64,62
20260804_015555_897cb2,1785805068039175,797711524,2,2,0,-57,128,0,17,17,16,16,15,14,14,12,12,11,10,10,9,9,9,8,8,6,6,5,5,5,4,4,4,5,0,0,0,0,0,0,0,0,0,0,0,10,10,11,12,13,13,14,15,16,16,16,17,17,17,17,18,18,18,18,19,19,19,19,19,19,18,0,66,65,61,60,58,54,50,48,47,43,38,37,35,35,31,31,28,26,24,23,19,20,18,19,21,20,21,23,0,0,0,0,0,0,0,35,37,37,40,44,45,47,50,52,56,59,61,61,62,64,65,66,68,66,65,68,69,69,70,70,70,71,71
20260804_015555_897cb2,1785805068142865,797814445,2,2,0,-56,128,0,17,16,15,15,14,14,13,12,12,11,11,10,10,10,9,9,8,8,8,7,8,7,7,7,6,6,0,0,0,0,0,0,0,0,0,0,0,12,12,13,13,13,14,15,15,15,16,16,16,17,17,17,16,17,17,17,17,17,17,17,17,17,17,0,29,29,27,28,26,26,24,22,22,22,21,19,18,18,18,17,16,15,15,14,13,13,13,12,11,11,11,10,0,0,0,0,0,0,0,19,20,21,22,23,23,25,27,28,28,30,29,31,31,31,30,31,30,32,30,31,33,33,32,32,32,32,31
20260804_015555_897cb2,1785805068247510,797922232,2,2,0,-55,128,0,17,17,17,17,16,15,15,14,14,13,13,12,12,12,12,11,11,9,9,9,8,8,7,7,6,5,0,0,0,0,0,0,0,0,0,0,0,15,15,15,15,16,16,16,16,16,16,16,16,16,17,17,17,17,17,17,17,18,18,17,18,17,18,0,31,31,30,29,27,27,25,24,25,23,22,21,21,22,20,20,18,18,18,15,15,14,12,12,10,9,8,7,0,0,0,0,0,0,0,25,26,26,27,27,28,28,29,30,30,31,30,29,29,30,29,30,30,31,30,30,31,31,30,31,32,32,32
20260804_015555_897cb2,1785805068340283,798015614,2,2,0,-62,128,0,13,13,12,11,9,9,7,6,5,4,4,4,3,4,4,5,6,7,9,9,9,11,11,13,13,13,0,0,0,0,0,0,0,0,0,0,0,15,15,15,16,16,16,17,17,17,18,18,17,19,19,19,18,18,17,19,18,17,17,16,17,16,16,0,53,51,47,41,37,33,27,25,23,19,15,11,10,10,16,17,21,25,28,34,37,41,41,44,49,53,51,53,0,0,0,0,0,0,0,56,57,56,58,57,62,61,64,65,67,70,68,69,69,70,72,70,72,71,68,69,68,68,68,66,65,62,60
20260804_015555_897cb2,1785805068443713,798115465,2,2,0,-71,128,0,18,18,16,16,13,13,12,11,9,9,9,8,7,6,7,8,9,8,10,11,11,12,14,15,16,16,0,0,0,0,0,0,0,0,0,0,0,19,16,15,13,11,9,8,6,6,6,6,9,10,11,12,14,15,16,17,18,18,19,19,19,18,18,0,35,35,31,30,29,27,24,23,19,19,17,15,13,15,13,16,15,19,20,20,23,25,27,31,32,33,36,36,0,0,0,0,0,0,0,43,41,38,34,33,28,24,19,16,14,11,13,16,18,19,24,23,26,29,32,35,36,38,36,40,40,41,38
20260804_015555_897cb2,1785805068542321,798212237,2,2,0,-62,128,0,17,18,17,17,16,16,15,15,15,14,14,13,12,12,12,12,12,11,11,11,10,10,9,10,9,9,0,0,0,0,0,0,0,0,0,0,0,16,15,15,15,15,14,14,13,13,14,13,13,14,14,14,15,15,15,15,16,17,17,17,18,18,17,0,33,34,34,31,31,30,29,28,27,25,25,25,25,24,23,22,22,21,21,20,19,20,18,17,17,17,16,16,0,0,0,0,0,0,0,30,31,30,30,27,26,25,25,26,24,26,25,26,25,27,27,27,28,27,29,29,30,32,32,32,33,34,34
20260804_015555_897cb2,1785805068645183,798317397,2,2,0,-61,128,0,18,18,17,17,16,15,15,14,13,13,12,11,11,10,9,9,8,8,7,7,6,4,5,4,4,3,0,0,0,0,0,0,0,0,0,0,0,12,12,12,11,12,12,12,12,13,13,14,14,14,15,15,15,16,16,17,18,17,18,18,19,19,18,0,36,33,32,32,31,29,28,26,26,25,24,21,21,20,18,17,16,14,14,11,11,10,9,6,6,5,4,5,0,0,0,0,0,0,0,24,24,23,23,23,23,23,23,23,24,25,25,25,27,27,27,29,31,30,32,32,33,34,35,35,35,35,35
20260804_015555_897cb2,1785805068738774,798411292,2,2,0,-64,128,0,18,18,16,16,16,14,13,13,11,11,11,10,10,9,9,9,8,8,7,7,8,7,8,8,7,8,0,0,0,0,0,0,0,0,0,0,0,2,3,4,5,6,7,9,11,11,13,14,14,16,16,17,18,18,18,19,19,19,20,19,20,20,20,0,38,36,35,33,31,29,27,25,24,22,23,20,18,18,17,17,17,16,15,15,14,14,14,15,15,17,16,17,0,0,0,0,0,0,0,7,6,4,5,7,9,12,15,17,20,23,26,28,30,32,32,35,35,36,37,39,39,40,40,40,40,40,40
20260804_015555_897cb2,1785805068839246,798513487,2,2,0,-62,128,0,16,16,16,16,15,15,15,14,13,14,13,13,13,13,13,13,12,13,13,13,13,13,13,12,12,12,0,0,0,0,0,0,0,0,0,0,0,15,14,14,14,14,14,13,13,13,13,13,13,14,14,14,14,14,14,15,14,15,17,16,16,17,17,0,61,59,57,58,56,57,53,51,51,50,50,48,46,49,49,49,48,50,51,49,51,47,46,47,46,43,46,46,0,0,0,0,0,0,0,53,53,51,53,52,53,52,51,51,50,49,49,50,54,49,50,50,53,55,51,52,57,57,57,60,58,58,60
20260804_015555_897cb2,1785805068944924,798616065,2,2,0,-54,128,0,13,14,13,14,14,14,14,13,13,14,14,14,15,14,16,16,16,16,16,16,16,16,16,15,15,15,0,0,0,0,0,0,0,0,0,0,0,11,11,11,11,11,12,12,12,13,12,12,12,12,12,12,12,12,13,13,13,13,13,13,12,13,13,0,54,53,53,52,51,51,53,53,53,53,54,55,55,58,57,60,60,62,62,60,64,61,60,58,59,58,57,57,0,0,0,0,0,0,0,35,36,40,41,40,43,42,46,45,46,47,48,48,49,46,48,48,48,47,46,47,47,49,49,50,51,54,51
20260804_015555_897cb2,1785805069038446,798712806,2,2,0,-52,128,0,13,13,13,13,12,12,12,12,12,12,12,11,12,12,13,12,13,13,12,12,12,11,11,11,11,10,0,0,0,0,0,0,0,0,0,0,0,13,13,14,14,14,14,15,15,15,15,15,15,14,14,14,14,13,14,13,13,13,13,14,14,14,13,0,52,50,50,49,49,49,47,48,47,47,48,46,46,47,45,46,47,48,47,47,46,45,43,43,43,42,40,40,0,0,0,0,0,0,0,47,48,48,50,51,53,55,57,57,57,55,55,56,56,55,54,54,53,53,51,52,51,50,52,52,51,52,52
20260804_015555_897cb2,1785805069142101,798811580,2,2,0,-53,128,0,13,13,13,13,13,13,14,13,12,13,13,13,13,14,14,14,14,14,14,15,15,15,14,14,14,13,0,0,0,0,0,0,0,0,0,0,0,10,11,11,12,12,12,12,12,12,12,12,12,12,12,12,11,12,12,12,12,12,12,12,12,13,13,0,53,52,52,53,51,52,52,52,52,52,53,53,54,55,57,56,58,57,57,59,57,58,57,56,55,54,53,52,0,0,0,0,0,0,0,41,44,43,44,47,47,48,47,49,49,49,50,49,47,48,47,47,46,45,47,46,48,50,48,50,51,50,51
20260804_015555_897cb2,1785805069239101,798912193,2,2,0,-57,128,0,14,14,14,15,14,14,14,14,15,15,15,15,15,15,15,16,16,17,17,16,16,16,16,16,14,15,0,0,0,0,0,0,0,0,0,0,0,10,11,11,11,10,10,11,11,11,11,11,11,11,11,11,11,12,11,11,12,12,14,13,14,14,14,0,55,58,57,58,57,58,57,57,57,58,59,58,60,59,61,61,62,63,63,63,60,61,58,59,57,56,54,54,0,0,0,0,0,0,0,37,39,38,39,40,41,40,39,41,39,41,46,43,40,44,42,42,45,45,47,45,46,48,49,51,53,53,55
20260804_015555_897cb2,1785805069346504,799020188,2,2,0,-55,128,0,15,15,14,14,14,14,14,13,13,13,13,13,13,13,13,13,13,13,13,13,13,13,12,12,11,11,0,0,0,0,0,0,0,0,0,0,0,9,9,10,10,10,10,11,11,12,12,12,12,12,12,12,13,13,13,14,14,14,14,14,14,15,15,0,58,55,57,56,56,56,54,52,53,51,52,51,51,51,50,51,52,54,52,52,49,51,47,46,46,43,43,44,0,0,0,0,0,0,0,35,37,37,38,39,40,42,44,44,45,47,47,48,48,48,49,49,52,51,50,51,53,54,53,55,56,57,58
20260804_015555_897cb2,1785805069450933,799121311,2,2,0,-56,128,0,17,17,17,16,16,14,14,14,13,13,12,12,12,11,11,11,11,11,10,9,9,9,9,9,9,8,0,0,0,0,0,0,0,0,0,0,0,11,11,12,13,13,14,14,16,16,17,17,17,17,17,18,18,18,17,17,18,18,18,18,18,18,18,0,63,62,60,56,55,55,52,50,47,46,45,45,42,42,38,39,38,37,36,35,33,33,32,30,30,30,28,29,0,0,0,0,0,0,0,37,39,40,43,44,48,50,50,54,57,60,60,62,62,62,66,63,63,65,63,65,64,66,66,64,65,66,65
20260804_015555_897cb2,1785805069537884,799212668,2,2,0,-56,128,0,17,16,15,15,14,13,12,11,11,10,10,8,8,8,8,7,7,6,6,5,5,5,4,4,4,4,0,0,0,0,0,0,0,0,0,0,0,14,14,15,16,17,18,18,19,20,20,21,21,21,21,21,21,21,20,20,20,20,20,19,19,19,18,0,30,28,28,26,23,23,21,20,18,17,16,15,14,15,13,12,11,10,10,9,8,7,8,6,7,7,6,7,0,0,0,0,0,0,0,22,23,24,25,26,28,29,31,33,34,35,36,35,36,36,37,36,36,36,35,36,36,35,35,34,34,33,32
20260804_015555_897cb2,1785805069637289,799311623,2,2,0,-55,128,0,14,14,13,11,10,10,9,9,8,7,7,6,6,5,5,5,5,5,5,4,4,5,5,5,5,5,0,0,0,0,0,0,0,0,0,0,0,13,13,14,15,16,16,17,18,18,19,19,19,19,19,19,18,18,18,17,18,17,17,17,16,16,16,0,27,25,24,23,23,21,18,16,15,14,12,12,11,12,10,9,9,9,9,9,9,9,8,8,9,10,9,9,0,0,0,0,0,0,0,21,23,24,26,27,29,30,32,33,35,36,36,36,36,37,37,36,35,35,34,34,34,33,33,31,31,30,30
20260804_015555_897cb2,1785805069735260,799411036,2,2,0,-53,128,0,14,13,13,12,11,10,10,9,9,8,7,7,6,5,4,5,4,4,2,2,2,1,1,0,0,0,0,0,0,0,0,0,0,0,0,0,0,13,14,14,15,15,16,17,17,18,18,18,17,17,17,18,16,16,16,17,16,16,16,15,15,15,15,0,28,25,26,23,23,21,18,18,17,16,15,13,12,12,11,10,8,9,6,5,4,3,3,1,1,1,1,1,0,0,0,0,0,0,0,26,26,27,29,28,33,31,34,34,34,35,34,36,36,35,34,35,33,34,32,34,33,33,32,30,30,30,30
20260804_015555_897cb2,1785805069838989,799511403,2,2,0,-54,128,0,16,16,15,14,13,13,12,11,11,10,9,9,8,8,7,7,6,6,6,5,4,4,4,4,3,3,0,0,0,0,0,0,0,0,0,0,0,14,14,15,16,16,17,18,19,19,20,18,20,18,18,18,18,18,17,18,18,18,18,18,17,18,17,0,29,27,27,26,25,24,21,20,19,19,17,16,15,14,14,14,13,11,11,10,9,8,7,6,6,5,4,5,0,0,0,0,0,0,0,23,25,25,27,27,30,31,32,33,34,34,35,35,35,36,35,34,34,34,33,33,32,32,32,33,32,31,31
20260804_015555_897cb2,1785805069938074,799611504,2,2,0,-50,128,0,13,13,13,12,12,10,10,10,9,9,9,8,8,8,7,7,7,7,6,6,6,5,5,5,5,5,0,0,0,0,0,0,0,0,0,0,0,14,16,16,17,16,17,18,18,18,18,18,18,18,17,17,16,17,17,17,16,16,16,15,15,15,15,0,26,24,25,23,21,21,20,18,17,17,16,15,15,15,14,15,15,13,12,12,11,11,10,10,10,9,7,7,0,0,0,0,0,0,0,26,27,28,30,29,30,33,34,34,34,35,34,34,34,34,34,34,31,31,31,31,30,30,31,29,29,29,28
20260804_015555_897cb2,1785805070041996,799716023,2,2,0,-51,128,0,13,13,13,12,12,11,11,11,11,10,10,10,9,9,9,10,9,9,9,8,8,8,8,8,8,7,0,0,0,0,0,0,0,0,0,0,0,15,15,16,17,16,17,17,18,18,18,18,18,17,17,17,16,16,15,16,16,15,15,15,15,15,14,0,25,24,24,23,22,21,21,21,19,19,18,17,18,17,17,18,17,16,16,16,16,15,15,14,13,13,13,12,0,0,0,0,0,0,0,25,27,27,28,29,31,31,31,32,33,33,33,32,32,31,31,30,30,29,29,28,28,29,29,28,28,28,26
20260804_015555_897cb2,1785805070141091,799813028,2,2,0,-53,128,0,13,13,13,12,12,11,11,11,11,11,11,11,11,11,12,11,11,11,11,12,12,11,11,11,11,10,0,0,0,0,0,0,0,0,0,0,0,15,15,16,16,16,16,17,17,17,17,17,17,17,16,15,15,15,14,14,15,15,14,14,14,13,13,0,50,49,47,46,46,44,43,43,42,43,42,41,41,42,43,43,44,45,45,43,44,42,42,41,39,38,37,37,0,0,0,0,0,0,0,52,53,55,56,58,60,60,62,63,63,63,64,64,63,62,60,59,57,56,56,55,54,53,53,52,52,51,50
20260804_015555_897cb2,1785805070239570,799911659,2,2,0,-49,128,0,16,16,15,15,14,14,13,12,12,12,12,11,12,12,12,11,11,11,10,10,10,9,9,8,8,8,0,0,0,0,0,0,0,0,0,0,0,16,16,17,18,18,18,19,19,19,19,19,19,18,19,18,18,18,18,17,17,17,17,17,16,17,16,0,28,28,27,27,24,24,23,22,22,22,21,20,20,19,19,19,18,18,17,17,17,17,15,14,13,12,12,12,0,0,0,0,0,0,0,28,27,29,29,30,30,31,32,33,34,34,35,33,33,32,32,32,32,31,31,30,30,30,30,30,30,30,29
20260804_015555_897cb2,1785805070343786,800012263,2,2,0,-50,128,0,15,15,15,14,14,14,12,12,13,12,12,12,12,12,12,12,12,12,12,11,11,11,10,10,10,9,0,0,0,0,0,0,0,0,0,0,0,12,12,13,13,14,14,15,15,16,16,16,15,15,15,15,15,15,15,15,15,15,15,15,15,16,15,0,57,56,53,53,53,53,49,46,47,46,48,45,46,44,46,45,45,46,46,44,42,41,40,40,36,36,33,33,0,0,0,0,0,0,0,43,46,46,47,49,51,52,55,57,57,58,57,58,59,57,58,56,57,53,56,57,57,57,57,55,59,56,55
20260804_015555_897cb2,1785805070441705,800112555,2,2,0,-53,128,0,13,13,12,12,11,10,10,9,9,9,8,8,8,8,8,8,7,7,6,6,6,6,6,5,5,4,0,0,0,0,0,0,0,0,0,0,0,13,14,14,14,15,15,16,17,17,17,17,17,17,17,16,16,16,16,16,15,15,15,15,15,14,14,0,26,26,24,24,22,21,20,19,17,18,17,16,16,16,16,15,15,14,14,13,13,12,12,11,10,9,10,9,0,0,0,0,0,0,0,24,25,25,26,28,28,31,31,32,32,33,34,34,34,34,32,31,33,31,31,30,30,31,30,29,29,29,28
20260804_015555_897cb2,1785805070540541,800212434,2,2,0,-53,128,0,15,15,15,14,13,13,12,11,11,11,10,10,9,10,9,9,9,9,7,7,7,6,6,5,5,5,0,0,0,0,0,0,0,0,0,0,0,16,16,16,17,17,18,18,19,19,19,19,18,18,18,18,18,18,18,17,18,18,18,17,17,17,16,0,54,54,52,49,46,45,43,40,41,38,37,34,33,32,31,31,30,28,28,26,24,20,20,19,18,17,15,13,0,0,0,0,0,0,0,51,54,55,58,58,60,60,64,66,66,67,67,67,67,66,67,66,64,64,62,64,62,61,63,59,61,59,59
20260804_015555_897cb2,1785805070638415,800314814,2,2,0,-54,128,0,15,15,14,13,13,13,12,11,9,9,9,8,8,8,7,7,7,6,5,5,5,4,4,4,3,3,0,0,0,0,0,0,0,0,0,0,0,17,17,17,19,19,19,19,20,20,21,20,20,20,20,20,18,19,18,19,18,18,18,17,17,17,17,0,28,26,27,23,23,22,20,20,16,17,16,15,15,14,12,12,11,10,10,8,7,7,6,7,4,5,4,4,0,0,0,0,0,0,0,29,30,31,32,32,33,33,34,35,36,37,37,37,37,36,36,34,34,34,33,33,33,32,32,31,31,30,29
20260804_015555_897cb2,1785805070747098,800419091,2,2,0,-54,128,0,17,17,16,16,14,13,13,13,12,11,10,9,9,9,8,8,7,7,6,5,5,4,4,3,3,3,0,0,0,0,0,0,0,0,0,0,0,16,16,17,18,18,19,19,20,19,21,20,21,21,21,19,20,20,20,20,19,19,19,19,19,18,18,0,29,28,28,26,25,24,22,21,20,19,19,17,16,15,14,14,12,12,11,9,9,7,6,6,5,5,4,4,0,0,0,0,0,0,0,25,26,27,29,29,31,31,33,34,34,36,34,35,35,35,34,36,34,35,33,34,33,34,33,32,33,31,32
20260804_015555_897cb2,1785805070872293,800544301,2,2,0,-54,128,0,14,13,13,13,12,12,11,10,10,10,9,9,8,8,7,7,7,7,6,6,5,5,4,4,3,3,0,0,0,0,0,0,0,0,0,0,0,14,15,15,16,16,17,17,17,18,18,18,18,18,18,17,16,16,16,16,16,16,16,16,16,16,15,0,28,26,27,24,24,23,22,21,20,17,18,17,16,16,14,14,13,13,12,11,10,9,9,8,7,8,6,6,0,0,0,0,0,0,0,27,28,29,30,29,32,31,33,32,34,34,33,33,34,34,34,34,32,33,31,32,31,32,32,29,29,31,30
20260804_015555_897cb2,1785805070962785,800637365,2,2,0,-56,128,0,14,13,12,11,11,10,9,9,8,7,7,7,6,5,4,4,4,3,3,2,2,2,2,3,2,3,0,0,0,0,0,0,0,0,0,0,0,17,17,17,18,18,19,19,19,20,20,20,20,19,19,19,18,18,18,17,17,17,17,17,17,16,14,0,26,25,23,23,21,20,18,16,16,14,14,11,11,9,9,8,8,7,6,5,4,4,4,4,4,5,5,6,0,0,0,0,0,0,0,28,30,30,32,32,34,35,35,37,37,37,38,38,38,38,36,36,35,35,33,34,35,33,31,31,30,29,29
20260804_015555_897cb2,1785805071048538,800722413,2,2,0,-55,128,0,14,14,14,13,12,11,10,10,9,9,9,8,8,7,7,7,7,6,6,5,4,4,4,3,3,3,0,0,0,0,0,0,0,0,0,0,0,17,17,19,19,19,19,20,20,21,20,20,20,19,19,19,18,19,18,17,17,17,17,16,16,16,15,0,27,26,25,23,22,21,20,19,17,17,16,15,15,14,13,12,12,11,10,10,8,7,9,7,6,5,4,4,0,0,0,0,0,0,0,31,31,32,33,34,36,37,35,38,37,38,39,37,37,37,35,35,36,34,34,34,31,32,31,31,30,30,28
20260804_015555_897cb2,1785805071139773,800812312,2,2,0,-56,128,0,14,14,14,13,12,12,11,11,10,9,9,8,8,7,7,7,6,6,5,4,4,3,2,2,2,2,0,0,0,0,0,0,0,0,0,0,0,17,18,18,19,19,20,20,20,21,20,21,20,20,20,19,18,19,18,18,17,17,17,16,17,17,17,0,54,49,49,45,42,41,38,35,35,34,30,28,27,24,24,23,20,18,17,15,15,12,9,8,9,7,5,6,0,0,0,0,0,0,0,58,59,61,62,63,66,67,66,69,71,71,70,70,67,67,64,65,67,60,62,61,60,60,59,62,57,59,55
20260804_015555_897cb2,1785805071236739,800911758,2,2,0,-58,128,0,14,13,13,12,11,10,10,9,8,8,7,6,6,5,4,4,3,3,2,1,1,0,1,1,1,3,0,0,0,0,0,0,0,0,0,0,0,18,19,20,21,22,21,21,22,21,22,21,21,20,20,19,19,18,17,18,17,17,16,16,16,16,16,0,24,25,22,23,21,18,17,16,14,15,13,11,10,9,7,5,6,4,3,1,1,2,1,4,4,6,6,8,0,0,0,0,0,0,0,32,32,33,34,36,35,37,37,39,38,38,40,39,38,37,35,35,35,33,33,31,31,31,30,30,28,29,27
20260804_015555_897cb2,1785805071338312,801014036,2,2,0,-55,128,0,14,13,12,12,11,11,9,9,9,8,8,7,7,7,6,5,5,4,4,4,4,3,3,3,2,2,0,0,0,0,0,0,0,0,0,0,0,17,17,18,19,19,20,20,21,21,21,20,20,20,20,19,18,18,18,18,18,17,17,17,16,16,16,0,49,48,45,42,40,39,35,32,31,29,28,25,24,23,21,19,18,17,15,13,12,11,10,10,10,9,10,10,0,0,0,0,0,0,0,57,58,60,62,64,68,69,72,72,76,73,75,74,72,71,70,69,68,67,65,63,63,62,60,59,58,54,56
20260804_015555_897cb2,1785805071440862,801114054,2,2,0,-55,128,0,15,14,14,13,12,12,11,10,10,10,9,8,8,7,7,7,6,6,6,5,5,4,4,4,4,3,0,0,0,0,0,0,0,0,0,0,0,18,19,19,20,20,22,22,22,22,22,22,21,21,20,20,20,20,19,18,18,17,17,17,17,16,16,0,25,24,23,22,21,20,19,18,16,16,15,14,14,13,12,12,10,10,10,8,8,6,7,6,6,5,5,6,0,0,0,0,0,0,0,30,32,32,33,34,34,35,37,37,37,38,37,37,36,36,35,34,33,33,31,32,31,30,30,30,29,29,28
20260804_015555_897cb2,1785805071543073,801215861,2,2,0,-54,128,0,15,14,14,14,12,12,12,11,10,10,10,10,9,9,9,9,8,8,8,7,7,6,6,6,6,6,0,0,0,0,0,0,0,0,0,0,0,17,17,18,18,19,18,19,20,20,20,19,19,19,18,18,18,18,18,17,18,17,16,16,16,16,15,0,54,53,50,47,45,44,41,39,38,38,36,34,33,33,32,31,31,28,27,26,25,25,23,22,21,21,19,18,0,0,0,0,0,0,0,55,57,60,61,64,65,69,68,70,71,72,74,71,69,69,68,67,67,64,65,64,63,62,61,60,59,58,56
20260804_015555_897cb2,1785805071640992,801312784,2,2,0,-54,128,0,13,13,12,12,11,11,10,9,9,9,9,8,6,6,6,7,6,6,6,4,4,4,3,4,3,3,0,0,0,0,0,0,0,0,0,0,0,16,17,18,19,19,19,19,19,20,20,20,20,20,19,18,18,18,17,17,16,16,16,16,17,16,15,0,25,23,23,23,21,21,18,18,17,15,15,16,14,13,13,11,11,11,9,8,7,7,7,7,6,6,7,7,0,0,0,0,0,0,0,29,30,30,31,33,34,34,35,36,36,37,37,37,36,36,36,35,33,32,31,32,31,30,30,30,28,28,27
20260804_015555_897cb2,1785805071738326,801413603,2,2,0,-54,128,0,13,12,12,11,11,10,10,10,9,9,9,9,8,8,8,8,7,6,6,6,5,5,5,4,4,4,0,0,0,0,0,0,0,0,0,0,0,18,18,18,19,19,20,20,20,20,20,20,19,19,18,18,17,17,16,16,16,15,15,15,15,14,14,0,25,24,23,21,21,20,19,18,17,17,16,16,14,14,14,13,13,12,12,10,10,9,8,8,8,8,6,6,0,0,0,0,0,0,0,30,31,31,32,34,34,35,35,36,37,36,35,35,33,33,32,31,32,30,29,28,28,28,27,27,26,26,25
20260804_015555_897cb2,1785805071842489,801515550,2,2,0,-56,128,0,14,14,14,13,13,12,11,11,10,9,9,9,8,8,8,7,6,6,6,6,5,5,4,4,4,4,0,0,0,0,0,0,0,0,0,0,0,15,15,16,16,16,17,17,18,18,18,18,18,18,18,18,17,18,17,16,16,17,16,16,16,16,16,0,57,55,59,50,48,44,43,40,39,38,36,31,34,29,30,27,25,26,23,23,22,20,19,18,16,16,16,16,0,0,0,0,0,0,0,49,52,54,56,60,62,64,64,71,71,70,71,69,69,69,70,68,67,62,64,64,67,64,63,62,62,58,60
20260804_015555_897cb2,1785805071939401,801614146,2,2,0,-55,128,0,13,12,12,11,11,10,10,9,8,8,7,7,6,6,6,6,6,5,5,5,4,4,4,4,4,4,0,0,0,0,0,0,0,0,0,0,0,17,17,18,18,19,19,19,20,20,20,19,19,19,18,18,17,17,16,16,16,16,16,15,14,14,14,0,24,23,22,20,20,19,18,17,16,14,14,13,12,12,11,11,11,10,10,9,8,9,9,8,7,8,8,8,0,0,0,0,0,0,0,31,31,31,31,34,34,35,36,37,36,37,37,37,36,36,35,33,32,32,30,30,31,30,28,27,27,27,26
20260804_015555_897cb2,1785805072047812,801720187,2,2,0,-57,128,0,14,14,13,11,12,10,10,9,9,9,8,8,7,6,6,6,6,5,5,5,4,4,4,5,5,5,0,0,0,0,0,0,0,0,0,0,0,16,16,17,17,18,17,18,19,19,19,19,18,19,18,17,17,17,16,16,18,16,16,16,16,16,15,0,28,27,25,22,21,19,18,18,19,18,16,13,11,12,9,9,10,8,8,9,8,8,10,9,9,9,9,9,0,0,0,0,0,0,0,25,29,29,30,29,32,34,34,35,33,35,37,37,34,35,33,32,33,34,33,32,31,30,32,30,31,30,28
20260804_015555_897cb2,1785805072146574,801823835,2,2,0,-56,128,0,13,13,12,12,11,11,9,9,8,8,8,7,7,6,6,5,5,5,4,3,3,3,2,1,1,1,0,0,0,0,0,0,0,0,0,0,0,16,17,17,17,18,18,18,18,19,19,19,19,18,18,17,17,17,16,16,16,16,16,16,15,16,14,0,26,26,24,21,21,20,19,18,18,16,15,12,14,12,12,11,9,8,7,8,6,5,4,3,2,2,1,1,0,0,0,0,0,0,0,29,30,31,32,33,34,34,35,34,36,36,34,36,37,36,34,34,33,32,31,32,30,29,30,28,30,29,26
20260804_015555_897cb2,1785805072238593,801912339,2,2,0,-54,128,0,15,15,15,14,13,13,12,12,11,11,10,9,9,9,9,8,8,7,7,6,6,5,5,4,4,4,0,0,0,0,0,0,0,0,0,0,0,17,17,18,18,19,19,20,20,20,21,20,20,20,19,19,19,18,19,18,18,18,18,18,17,17,16,0,27,27,25,24,24,22,22,20,19,19,18,16,16,16,16,14,13,12,12,11,11,9,8,8,8,7,6,7,0,0,0,0,0,0,0,27,29,30,31,32,33,34,34,36,36,36,36,36,36,35,34,34,33,33,32,32,32,31,31,30,30,30,29
20260804_015555_897cb2,1785805072334547,802011751,2,2,0,-55,128,0,14,14,13,13,12,11,10,9,9,9,7,7,7,6,6,6,4,4,4,4,4,3,3,3,3,3,0,0,0,0,0,0,0,0,0,0,0,19,20,21,22,22,22,22,22,22,23,22,21,21,20,20,19,18,18,17,17,17,17,17,17,16,15,0,25,23,22,20,20,19,17,16,16,14,13,13,11,10,10,9,9,8,8,7,6,5,5,5,4,5,6,6,0,0,0,0,0,0,0,31,33,34,35,36,37,38,38,38,39,38,38,37,36,36,35,34,33,32,30,30,30,29,29,28,27,27,26
20260804_015555_897cb2,1785805072438313,802111176,2,2,0,-53,128,0,16,15,15,14,13,13,12,11,11,10,10,9,8,8,7,7,6,6,5,4,4,3,3,2,2,1,0,0,0,0,0,0,0,0,0,0,0,16,16,18,19,18,19,19,20,21,21,21,21,21,20,20,20,19,19,19,19,18,19,18,18,18,17,0,29,29,27,26,24,24,21,21,20,18,18,16,16,14,13,13,11,11,9,8,7,6,4,4,3,3,3,2,0,0,0,0,0,0,0,26,27,29,30,32,33,35,36,36,37,38,38,38,37,37,37,36,36,35,35,34,34,34,34,32,32,33,32
20260804_015555_897cb2,1785805072536730,802213540,2,2,0,-54,128,0,15,15,14,13,13,12,11,10,9,9,9,8,7,7,6,5,5,5,4,4,4,3,3,2,2,2,0,0,0,0,0,0,0,0,0,0,0,16,17,17,18,19,19,20,20,20,20,19,19,20,19,19,19,19,19,18,18,17,18,17,17,17,16,0,27,28,25,24,23,22,21,20,16,16,16,15,12,12,11,10,10,9,8,7,6,6,5,4,4,5,5,5,0,0,0,0,0,0,0,28,28,30,30,32,33,35,35,35,37,37,37,37,36,35,37,35,35,34,34,33,34,33,33,32,32,31,30
20260804_015555_897cb2,1785805072640766,802311821,2,2,0,-52,128,0,17,16,15,14,14,14,13,13,11,11,11,10,10,10,9,8,8,8,7,7,6,6,6,6,4,4,0,0,0,0,0,0,0,0,0,0,0,14,15,16,16,17,17,18,19,19,20,19,19,19,19,19,19,18,18,18,19,18,19,18,18,18,17,0,30,28,27,26,25,24,23,22,21,21,20,18,17,17,16,16,15,14,13,13,11,10,10,8,7,6,6,6,0,0,0,0,0,0,0,25,25,26,26,28,29,30,33,33,34,34,35,34,34,35,34,34,34,34,33,33,34,33,32,32,33,32,31
20260804_015555_897cb2,1785805072749483,802423587,2,2,0,-57,128,0,13,13,12,11,10,10,8,8,7,6,6,6,4,4,3,3,2,1,1,1,1,2,3,3,4,4,0,0,0,0,0,0,0,0,0,0,0,18,18,18,19,20,20,21,21,21,20,20,20,20,19,19,18,18,18,18,17,16,16,16,16,16,15,0,27,24,23,22,20,18,17,15,14,13,11,11,9,8,6,5,4,1,2,2,2,4,5,6,7,8,9,10,0,0,0,0,0,0,0,31,32,33,33,35,35,36,37,38,38,41,39,38,37,37,37,35,34,33,33,34,32,32,32,31,30,30,28
20260804_015555_897cb2,1785805072840872,802512062,2,2,0,-54,128,0,16,15,15,14,14,13,12,11,11,11,10,9,9,9,9,8,8,7,7,8,7,6,6,5,5,5,0,0,0,0,0,0,0,0,0,0,0,16,16,17,17,17,18,18,18,19,19,18,18,18,18,17,18,18,17,18,18,17,18,17,17,17,17,0,28,27,26,26,24,22,22,21,20,20,19,18,17,16,16,16,15,14,13,12,12,10,9,9,9,8,9,8,0,0,0,0,0,0,0,27,29,28,30,29,31,32,33,34,34,34,35,34,34,34,33,33,33,33,32,33,32,32,31,32,31,30,30
20260804_015555_897cb2,1785805072954763,802630267,2,2,0,-55,128,0,14,14,13,11,11,10,9,9,7,8,6,6,5,5,5,4,4,3,3,2,1,1,1,1,1,1,0,0,0,0,0,0,0,0,0,0,0,15,16,15,16,16,18,19,19,19,19,20,19,19,18,20,18,18,18,18,18,18,18,16,17,16,16,0,26,23,25,22,21,19,16,16,15,15,14,12,10,9,8,7,7,6,5,4,3,3,1,2,2,2,3,2,0,0,0,0,0,0,0,28,26,28,28,29,33,32,34,36,35,37,38,37,36,35,35,36,36,33,33,34,33,33,31,31,31,30,28
20260804_015555_897cb2,1785805073039292,802712058,2,2,0,-51,128,0,16,16,14,14,13,13,13,12,11,11,11,10,10,9,9,9,9,9,9,7,7,6,6,6,5,4,0,0,0,0,0,0,0,0,0,0,0,14,13,14,15,16,16,17,17,17,18,18,17,17,17,16,17,17,17,17,17,17,17,17,17,17,16,0,59,57,54,54,51,49,48,45,43,42,42,39,36,38,35,34,33,33,32,31,26,24,25,22,20,19,16,15,0,0,0,0,0,0,0,45,49,50,51,55,54,59,59,63,62,62,65,65,63,63,63,63,62,59,63,63,64,64,62,65,63,59,62
20260804_015555_897cb2,1785805073141313,802816927,2,2,0,-53,128,0,14,13,13,13,10,10,10,9,8,8,8,7,7,6,6,5,5,4,4,4,3,3,3,1,2,2,0,0,0,0,0,0,0,0,0,0,0,14,14,15,15,16,18,18,18,18,19,18,19,18,18,17,17,17,17,17,17,16,16,16,16,16,15,0,27,26,24,23,22,21,19,17,16,16,14,14,13,13,10,10,10,9,8,9,5,7,4,4,4,3,3,2,0,0,0,0,0,0,0,24,26,27,29,29,30,34,33,35,35,35,36,34,34,35,35,34,35,32,33,31,31,31,30,29,29,30,28
20260804_015555_897cb2,1785805073238823,802912964,2,2,0,-52,128,0,14,14,14,12,12,11,11,10,10,10,10,9,8,8,8,8,8,8,7,7,6,6,6,5,5,4,0,0,0,0,0,0,0,0,0,0,0,16,16,17,18,18,19,19,19,20,20,19,19,19,18,18,17,17,17,17,17,16,16,15,16,16,15,0,26,25,23,23,22,21,21,21,19,18,16,16,15,16,16,15,14,13,13,13,12,10,10,9,8,8,7,7,0,0,0,0,0,0,0,28,30,30,31,32,34,34,34,35,36,36,36,36,35,35,34,33,33,31,31,30,30,30,30,29,29,28,27
20260804_015555_897cb2,1785805073347430,803019253,2,2,0,-49,128,0,16,16,15,15,14,14,13,12,12,12,12,12,11,11,11,10,11,10,10,9,9,9,8,8,7,6,0,0,0,0,0,0,0,0,0,0,0,15,15,16,16,17,16,17,17,17,18,18,18,18,18,18,18,17,18,16,16,17,17,16,17,17,16,0,29,29,28,27,26,25,24,23,23,22,22,22,20,20,20,19,19,18,18,16,16,15,15,14,12,12,11,10,0,0,0,0,0,0,0,25,26,27,28,29,29,31,30,33,33,34,34,33,33,32,32,32,33,32,32,32,32,32,33,31,32,32,31
20260804_015555_897cb2,1785805073438512,803113792,2,2,0,-50,128,0,15,14,13,12,12,12,11,11,10,10,10,10,9,10,9,9,9,9,9,8,8,7,7,6,6,6,0,0,0,0,0,0,0,0,0,0,0,13,13,14,15,15,16,16,16,18,17,17,17,17,17,16,16,16,16,16,16,16,16,15,16,16,16,0,27,27,25,24,23,22,22,20,20,19,19,18,19,18,16,17,17,16,17,15,14,15,13,12,12,11,10,10,0,0,0,0,0,0,0,22,23,25,26,27,29,30,30,32,32,32,33,31,32,32,33,32,31,31,31,30,30,30,29,30,29,29,28
20260804_015555_897cb2,1785805073537865,803212813,2,2,0,-52,128,0,15,14,14,13,13,12,12,11,10,10,9,9,9,8,8,7,7,6,6,6,5,5,4,4,3,3,0,0,0,0,0,0,0,0,0,0,0,13,14,15,15,16,16,17,17,17,18,17,18,17,17,17,17,17,16,16,16,16,17,16,16,16,15,0,27,27,27,25,24,23,22,21,20,19,18,17,16,16,16,15,15,14,13,12,10,9,9,8,7,6,5,5,0,0,0,0,0,0,0,25,25,26,27,28,30,30,31,32,32,33,33,34,33,33,33,32,32,32,31,32,32,31,31,31,31,31,30
20260804_015555_897cb2,1785805073646369,803316267,2,2,0,-49,128,0,15,15,14,14,13,13,12,12,11,12,12,11,10,11,10,10,10,10,9,9,9,8,8,7,7,7,0,0,0,0,0,0,0,0,0,0,0,15,16,16,16,17,17,18,18,18,19,19,19,18,18,17,18,18,17,17,17,17,16,17,16,16,16,0,28,27,26,25,23,22,22,23,21,21,20,20,19,17,19,18,17,17,16,17,15,14,13,13,12,12,11,10,0,0,0,0,0,0,0,26,26,27,28,30,29,31,31,33,33,34,35,34,33,34,33,33,33,31,31,30,30,31,30,30,29,29,28
20260804_015555_897cb2,1785805073744180,803414325,2,2,0,-50,128,0,15,14,14,14,13,13,13,12,12,12,11,12,11,11,10,10,11,10,10,9,9,8,8,8,8,7,0,0,0,0,0,0,0,0,0,0,0,17,17,18,19,19,19,20,20,20,20,20,20,20,19,19,19,18,18,18,17,17,17,16,16,16,16,0,26,25,25,25,24,23,22,21,21,21,20,19,18,18,18,18,18,18,18,17,16,16,16,14,14,14,13,12,0,0,0,0,0,0,0,26,30,29,31,32,33,34,34,34,36,36,35,35,35,35,34,33,32,32,31,31,30,30,29,30,29,29,28
20260804_015555_897cb2,1785805073842283,803511806,2,2,0,-50,128,0,15,15,15,14,14,13,13,12,12,13,11,11,12,12,12,12,13,12,12,11,10,11,9,11,9,9,0,0,0,0,0,0,0,0,0,0,0,14,14,16,16,17,17,17,18,18,18,18,18,18,17,16,17,16,16,16,16,16,16,16,16,16,16,0,54,52,52,50,49,47,46,46,43,43,45,43,43,43,41,41,42,41,40,39,38,38,37,35,33,33,31,31,0,0,0,0,0,0,0,51,52,54,56,54,58,59,60,62,62,65,63,62,64,60,62,58,60,60,58,58,59,57,57,56,58,57,57
20260804_015555_897cb2,1785805074028591,803702111,2,2,0,-56,128,0,12,12,12,11,11,10,10,10,9,9,9,9,9,9,9,9,9,9,9,10,10,9,9,9,9,9,0,0,0,0,0,0,0,0,0,0,0,15,15,16,16,17,17,17,17,17,18,17,18,17,17,16,16,16,16,15,16,15,14,14,14,14,13,0,24,24,23,22,21,20,19,18,17,18,18,17,17,17,18,17,18,19,19,18,18,18,18,17,16,15,15,15,0,0,0,0,0,0,0,28,28,28,29,31,32,32,32,34,33,34,35,34,33,32,32,31,31,29,30,29,29,30,27,28,28,27,26
20260804_015555_897cb2,1785805074062776,803715469,2,2,0,-57,128,0,13,13,13,11,11,10,10,9,9,9,8,8,8,9,8,9,8,8,9,9,9,9,9,9,9,8,0,0,0,0,0,0,0,0,0,0,0,19,19,19,21,20,20,21,21,21,20,20,19,19,18,19,17,17,17,17,16,16,16,15,16,14,14,0,23,22,22,21,21,19,18,17,16,16,15,15,15,16,14,15,16,16,16,16,16,16,15,15,15,15,13,13,0,0,0,0,0,0,0,31,33,34,34,34,36,36,36,37,38,37,37,36,36,36,34,34,31,32,31,31,30,30,28,28,27,26,25
20260804_015555_897cb2,1785805074137398,803812111,2,2,0,-54,128,0,16,16,15,15,14,13,12,12,11,11,10,10,9,9,8,8,8,7,7,6,6,6,5,5,4,4,0,0,0,0,0,0,0,0,0,0,0,13,13,14,15,15,15,17,17,17,18,18,18,18,18,18,19,18,18,18,18,18,18,18,18,18,17,0,30,29,28,26,26,24,23,22,20,20,20,18,17,18,16,16,15,14,13,13,12,11,10,9,8,9,7,6,0,0,0,0,0,0,0,22,22,23,25,25,27,28,30,31,32,33,33,33,33,34,34,34,34,34,33,34,34,34,34,31,33,32,31
20260804_015555_897cb2,1785805074241229,803912302,2,2,0,-53,128,0,16,15,15,14,13,13,13,11,11,11,10,9,9,9,9,9,8,8,8,6,6,5,5,4,4,4,0,0,0,0,0,0,0,0,0,0,0,14,14,15,15,15,16,17,17,18,18,18,18,18,18,18,18,18,18,18,18,18,18,17,17,17,17,0,30,30,28,28,25,25,23,22,22,20,19,19,18,17,17,16,15,15,14,13,12,11,10,8,8,7,6,5,0,0,0,0,0,0,0,23,25,25,25,27,29,30,30,31,33,34,35,35,35,34,34,34,35,34,35,34,34,34,33,33,33,32,32
20260804_015555_897cb2,1785805074338737,804013880,2,2,0,-56,128,0,16,16,15,14,14,14,13,12,11,11,10,10,10,9,9,8,8,8,8,7,6,6,5,5,4,4,0,0,0,0,0,0,0,0,0,0,0,11,12,13,14,15,15,16,17,17,19,19,19,19,19,19,19,18,18,18,18,18,18,18,18,18,17,0,30,30,28,26,25,25,23,22,20,20,19,19,17,17,17,15,15,15,13,13,12,11,10,9,8,7,6,5,0,0,0,0,0,0,0,19,21,21,22,24,25,27,29,31,32,33,34,34,34,35,36,35,35,35,35,34,35,34,34,33,34,32,31
20260804_015555_897cb2,1785805074434942,804111566,2,2,0,-58,128,0,13,13,12,10,9,9,8,8,6,6,5,4,4,4,3,3,3,4,4,4,4,5,5,5,6,7,0,0,0,0,0,0,0,0,0,0,0,11,13,13,14,14,15,16,17,17,17,17,18,18,18,18,17,17,17,17,17,16,16,16,15,15,14,0,27,26,24,21,20,17,17,14,13,11,11,9,8,7,7,5,7,6,6,8,9,9,10,10,12,14,13,14,0,0,0,0,0,0,0,21,23,24,26,27,29,30,31,32,34,36,37,37,38,37,37,37,37,36,36,35,34,34,34,33,32,32,30
20260804_015555_897cb2,1785805074539148,804213145,2,2,0,-57,128,0,13,12,12,10,9,9,8,7,6,6,5,3,3,2,1,1,1,1,2,2,3,4,5,5,6,6,0,0,0,0,0,0,0,0,0,0,0,15,15,17,17,18,19,20,20,20,20,20,20,21,20,19,19,18,19,18,18,17,17,17,16,16,15,0,25,23,22,19,18,16,14,13,11,10,8,6,5,4,3,1,1,3,4,6,6,8,10,10,11,12,12,14,0,0,0,0,0,0,0,25,25,27,28,29,31,34,35,37,37,38,38,39,39,38,40,39,37,35,35,35,34,34,32,32,30,29,28
20260804_015555_897cb2,1785805074638929,804317669,2,2,0,-63,128,0,8,9,9,10,10,11,11,12,13,13,14,14,15,17,17,19,19,20,20,21,21,21,22,22,22,22,0,0,0,0,0,0,0,0,0,0,0,2,2,2,2,1,1,1,0,0,0,0,1,1,1,2,2,3,2,4,4,4,4,4,6,6,7,0,18,19,19,22,23,23,25,26,27,29,31,31,33,34,37,37,40,41,43,43,45,45,47,46,46,45,46,46,0,0,0,0,0,0,0,7,6,6,5,6,5,4,3,4,1,1,1,1,2,1,3,4,4,4,5,7,8,9,10,11,13,14,15
20260804_015555_897cb2,1785805074736941,804412631,2,2,0,-56,128,0,14,14,14,15,14,15,15,16,16,16,16,16,16,17,17,18,18,18,18,18,18,18,18,17,17,17,0,0,0,0,0,0,0,0,0,0,0,6,6,6,6,5,6,7,7,7,8,7,8,9,9,9,9,10,11,10,11,11,12,13,13,13,14,0,53,56,55,56,57,57,57,58,59,62,61,60,64,64,66,67,68,68,69,67,70,68,66,65,66,63,65,63,0,0,0,0,0,0,0,21,22,22,22,22,24,24,25,24,26,29,30,28,30,32,31,34,35,36,39,40,40,43,46,46,48,51,52
20260804_015555_897cb2,1785805074840206,804512647,2,2,0,-52,128,0,14,14,13,14,14,14,14,14,14,14,14,14,14,14,16,15,16,15,16,16,14,14,14,14,13,13,0,0,0,0,0,0,0,0,0,0,0,9,9,9,10,10,11,11,11,11,12,11,11,11,12,11,11,12,11,11,12,12,13,13,14,13,14,0,56,58,56,56,55,55,56,55,57,55,55,57,56,56,57,58,59,60,61,60,59,55,55,55,52,52,51,50,0,0,0,0,0,0,0,35,35,33,37,40,42,38,41,39,41,42,42,44,43,44,44,45,45,45,44,46,46,50,48,50,51,53,55
20260804_015555_897cb2,1785805074943512,804614370,2,2,0,-52,128,0,15,16,16,15,15,15,15,14,14,14,14,14,14,15,15,15,15,15,15,15,15,15,14,14,13,13,0,0,0,0,0,0,0,0,0,0,0,9,9,9,10,10,10,10,10,11,11,11,11,11,11,11,12,12,12,11,12,12,13,13,13,14,14,0,57,58,57,57,57,57,57,55,57,56,57,56,57,57,59,59,59,59,59,57,57,56,54,52,52,50,48,48,0,0,0,0,0,0,0,32,34,34,35,36,37,38,40,40,40,42,42,42,43,43,43,43,45,46,46,47,48,49,51,53,53,55,56
20260804_015555_897cb2,1785805075041745,804714193,2,2,0,-52,128,0,15,16,16,15,15,16,16,15,15,16,16,16,16,15,15,16,16,16,16,16,16,16,15,15,14,14,0,0,0,0,0,0,0,0,0,0,0,11,10,11,12,12,12,12,12,12,12,12,12,12,13,13,13,13,13,13,13,13,14,14,15,15,15,0,55,56,55,56,57,57,57,56,55,56,57,56,58,58,59,59,60,60,60,59,59,58,57,57,53,53,51,51,0,0,0,0,0,0,0,37,37,37,38,41,41,42,43,43,44,43,45,44,44,45,45,45,46,46,46,47,49,49,49,50,53,52,53
20260804_015555_897cb2,1785805075139203,804813848,2,2,0,-51,128,0,15,15,15,15,15,15,15,15,15,15,15,15,16,16,16,16,16,16,16,17,16,15,15,16,15,15,0,0,0,0,0,0,0,0,0,0,0,8,8,9,9,9,10,10,11,11,11,11,12,12,12,12,13,12,12,12,13,13,13,14,14,15,15,0,28,28,29,28,28,29,29,28,29,30,30,29,29,30,30,31,30,31,31,30,29,28,29,27,28,27,26,25,0,0,0,0,0,0,0,15,14,16,16,16,18,16,18,19,20,20,20,21,21,21,20,21,23,23,23,23,24,25,25,25,26,27,28
20260804_015555_897cb2,1785805075248196,804922234,2,2,0,-52,128,0,14,14,13,15,13,13,14,14,14,15,15,14,15,14,15,15,16,16,16,16,16,15,15,14,14,14,0,0,0,0,0,0,0,0,0,0,0,10,10,11,11,11,11,11,12,12,12,12,12,12,12,12,12,12,13,12,12,12,13,13,13,13,13,0,54,54,54,55,55,56,55,55,55,57,57,56,57,57,60,61,61,62,61,61,60,58,57,56,54,53,51,52,0,0,0,0,0,0,0,36,37,38,39,41,42,44,44,46,47,46,47,48,48,48,46,46,47,45,47,48,48,50,50,50,52,53,52
20260804_015555_897cb2,1785805075344250,805014905,2,2,0,-56,128,0,15,16,15,16,15,16,16,16,15,15,15,16,15,16,16,16,16,16,16,17,16,16,16,16,15,15,0,0,0,0,0,0,0,0,0,0,0,8,8,8,8,8,9,9,9,9,9,9,9,11,10,10,11,11,12,12,11,13,13,13,13,14,15,0,59,58,58,60,60,60,57,60,59,60,60,59,60,62,63,64,63,65,64,64,64,61,61,59,57,59,56,57,0,0,0,0,0,0,0,28,28,29,29,29,30,31,32,34,35,34,36,39,38,39,39,40,41,44,44,46,48,50,50,52,54,55,55
20260804_015555_897cb2,1785805075440932,805111679,2,2,0,-67,128,0,16,16,16,16,15,15,14,14,13,13,13,13,13,13,13,13,13,13,14,14,14,14,14,15,15,14,0,0,0,0,0,0,0,0,0,0,0,7,5,5,4,4,4,5,6,7,8,10,9,11,10,12,12,13,13,14,14,15,16,16,17,17,16,0,33,33,32,32,30,30,29,27,26,27,26,27,25,26,27,26,27,27,27,27,29,29,30,29,29,30,30,30,0,0,0,0,0,0,0,16,14,12,13,11,9,9,9,10,12,15,17,19,19,21,23,24,26,25,29,28,29,30,31,33,33,33,33
20260804_015555_897cb2,1785805075539641,805212455,2,2,0,-54,128,0,16,16,16,15,15,14,14,13,13,13,13,12,12,12,12,12,12,11,11,11,10,10,9,9,9,9,0,0,0,0,0,0,0,0,0,0,0,7,8,9,9,10,11,11,12,12,13,13,14,14,14,14,15,15,15,15,15,15,16,16,16,17,17,0,31,31,31,30,29,29,28,27,26,26,25,24,24,24,24,23,23,22,22,21,20,20,19,18,17,17,16,16,0,0,0,0,0,0,0,12,14,15,15,17,19,19,21,22,24,25,26,26,27,27,28,28,28,29,29,31,31,31,31,31,33,32,32
20260804_015555_897cb2,1785805075644990,805317451,2,2,0,-57,128,0,18,18,17,17,16,16,15,14,14,13,13,13,11,12,12,11,10,10,9,9,9,7,6,5,5,4,0,0,0,0,0,0,0,0,0,0,0,8,9,9,10,10,11,13,13,14,15,15,16,17,17,16,17,17,19,19,18,19,20,19,20,20,19,0,35,34,34,33,31,29,28,27,25,26,26,20,22,21,21,19,18,17,17,16,14,13,11,10,9,8,7,6,0,0,0,0,0,0,0,14,15,14,15,14,18,21,21,21,25,26,28,30,30,30,31,34,32,32,34,32,35,34,36,37,36,36,37
20260804_015555_897cb2,1785805075742913,805414809,2,2,0,-58,128,0,14,14,14,13,12,11,11,10,9,9,8,8,8,6,6,5,5,4,4,3,3,3,2,1,1,2,0,0,0,0,0,0,0,0,0,0,0,11,12,12,14,14,14,15,15,16,17,16,17,17,17,17,17,17,17,17,17,16,16,16,17,16,16,0,60,59,52,54,50,48,40,43,40,37,35,29,29,29,24,22,23,18,14,14,14,12,11,8,11,10,9,13,0,0,0,0,0,0,0,45,48,48,48,55,56,60,59,63,65,66,70,67,70,70,68,67,72,67,69,69,69,68,68,66,66,65,61
20260804_015555_897cb2,1785805075840572,805512470,2,2,0,-62,128,0,14,14,13,12,11,9,9,8,7,6,6,5,4,4,3,2,2,1,2,2,2,4,4,4,5,5,0,0,0,0,0,0,0,0,0,0,0,14,15,14,15,15,15,16,16,16,17,17,17,17,17,17,17,17,17,17,17,17,17,16,17,16,16,0,29,26,26,24,22,20,19,16,14,13,11,10,8,8,7,5,4,4,2,4,5,5,7,7,9,9,11,12,0,0,0,0,0,0,0,28,29,29,29,28,29,30,30,31,32,33,32,33,33,34,35,36,35,34,33,34,35,34,34,33,33,33,31
20260804_015555_897cb2,1785805075939480,805612562,2,2,0,-59,128,0,15,14,14,14,12,11,10,9,9,8,7,7,6,5,4,4,3,3,2,2,1,2,2,3,4,4,0,0,0,0,0,0,0,0,0,0,0,14,15,15,16,16,17,17,18,19,18,19,19,19,19,19,19,19,19,19,18,18,18,17,17,17,17,0,58,56,53,49,47,42,39,38,32,32,28,25,22,21,19,16,13,9,6,6,6,6,8,11,13,15,17,18,0,0,0,0,0,0,0,52,53,54,57,59,62,64,65,67,69,70,69,72,72,71,71,71,70,71,69,71,71,68,67,68,65,65,64
20260804_015555_897cb2,1785805076042559,805715032,2,2,0,-60,128,0,15,15,14,13,11,11,10,9,9,9,9,8,6,6,5,5,4,4,3,2,2,1,1,1,2,2,0,0,0,0,0,0,0,0,0,0,0,13,14,14,14,14,15,15,15,15,16,16,16,16,17,17,16,17,16,17,16,16,17,16,16,16,16,0,29,28,28,26,25,23,22,19,18,17,17,15,13,12,11,10,8,7,6,4,3,2,2,3,4,4,6,5,0,0,0,0,0,0,0,28,28,27,28,28,28,28,29,30,32,32,32,32,33,34,34,34,33,34,33,34,34,34,34,33,33,32,31
20260804_015555_897cb2,1785805076153099,805825615,2,2,0,-60,128,0,18,17,16,16,15,14,13,13,12,11,10,10,9,9,9,8,8,7,7,6,7,7,7,7,7,8,0,0,0,0,0,0,0,0,0,0,0,15,14,15,15,15,16,17,17,17,17,17,17,18,18,17,18,18,18,19,19,19,20,19,19,19,18,0,31,31,30,30,28,26,25,24,21,21,20,19,17,16,16,14,14,13,13,12,12,12,12,12,13,14,14,14,0,0,0,0,0,0,0,26,27,27,27,28,28,29,29,30,31,31,33,32,33,32,32,33,34,33,34,34,35,34,35,35,35,34,33
20260804_015555_897cb2,1785805076240593,805912460,2,2,0,-60,128,0,18,18,17,16,15,14,13,12,11,11,10,9,8,7,6,5,4,3,3,2,2,2,3,3,4,4,0,0,0,0,0,0,0,0,0,0,0,12,12,13,13,14,14,15,15,15,16,17,17,17,18,17,18,18,18,18,19,20,20,20,19,19,19,0,35,33,32,31,29,27,25,23,22,20,19,16,15,14,11,10,8,7,5,4,4,4,6,7,8,9,10,11,0,0,0,0,0,0,0,22,23,23,23,24,25,25,27,28,29,30,31,32,32,33,33,34,35,36,35,36,37,37,38,37,38,37,37
20260804_015555_897cb2,1785805076339985,806011748,2,2,0,-60,128,0,11,11,11,11,10,10,10,9,8,9,8,8,9,9,9,11,10,10,12,11,11,12,12,13,13,14,0,0,0,0,0,0,0,0,0,0,0,17,17,17,17,17,17,17,17,17,16,16,16,16,16,15,14,14,14,14,13,13,14,13,13,13,12,0,23,25,20,21,18,16,17,16,17,19,16,17,17,18,18,19,21,21,24,23,24,26,26,25,27,26,28,28,0,0,0,0,0,0,0,34,35,35,33,35,34,36,35,35,34,33,32,30,31,31,32,30,29,29,29,26,28,29,26,27,28,26,25
20260804_015555_897cb2,1785805076460536,806132814,2,2,0,-59,128,0,15,15,14,13,13,12,11,10,10,9,9,7,8,8,8,6,7,8,8,7,8,8,8,9,8,9,0,0,0,0,0,0,0,0,0,0,0,17,17,18,18,18,18,20,18,19,19,19,19,19,18,18,18,17,18,17,17,18,17,17,17,17,16,0,29,28,26,25,24,22,21,19,18,17,17,14,15,15,14,13,14,13,15,13,14,13,15,15,16,17,17,18,0,0,0,0,0,0,0,31,31,32,31,34,34,34,35,36,34,35,36,35,36,36,33,31,35,34,34,35,34,32,32,32,31,33,31
20260804_015555_897cb2,1785805076535671,806211249,2,2,0,-58,128,0,13,13,12,11,11,10,9,9,8,8,7,7,6,5,5,5,5,4,4,4,3,4,4,4,4,4,0,0,0,0,0,0,0,0,0,0,0,15,15,16,16,16,16,17,17,17,17,17,17,17,16,16,16,15,16,16,16,16,15,15,15,15,15,0,27,26,26,23,22,21,20,18,17,16,15,13,13,12,12,10,10,9,9,8,9,9,8,9,10,9,10,11,0,0,0,0,0,0,0,30,30,30,32,32,33,34,34,34,34,35,35,35,34,33,33,33,33,34,32,33,32,31,31,31,31,31,29
20260804_015555_897cb2,1785805076644558,806315901,2,2,0,-64,128,0,11,9,8,7,7,6,4,4,2,1,1,2,2,3,4,6,7,8,9,11,11,12,13,13,14,15,0,0,0,0,0,0,0,0,0,0,0,20,20,19,19,19,19,18,18,17,17,17,16,16,16,16,14,15,13,14,14,13,13,13,13,12,11,0,42,37,35,30,25,21,20,14,10,9,8,8,9,14,20,24,30,34,38,43,46,48,51,55,59,63,61,65,0,0,0,0,0,0,0,78,81,76,75,75,76,74,72,72,69,69,68,68,68,63,62,59,58,57,57,57,55,54,53,52,51,50,46
20260804_015555_897cb2,1785805076748616,806419701,2,2,0,-57,128,0,16,15,14,13,13,12,12,11,11,10,9,9,9,9,9,8,8,7,7,6,6,5,4,4,4,4,0,0,0,0,0,0,0,0,0,0,0,18,18,18,18,19,18,19,19,19,19,19,19,19,18,18,18,18,17,18,17,17,17,17,17,17,17,0,29,28,26,24,22,23,21,21,19,18,18,14,15,15,15,17,12,12,11,10,9,9,8,5,6,6,5,5,0,0,0,0,0,0,0,31,30,30,32,35,34,34,33,32,35,34,34,36,35,33,33,30,34,32,33,30,32,32,33,31,31,30,28
20260804_015555_897cb2,1785805076835122,806511447,2,2,0,-60,128,0,16,15,15,14,13,13,12,11,11,10,10,9,8,8,7,7,6,6,5,5,4,4,3,3,3,3,0,0,0,0,0,0,0,0,0,0,0,16,17,17,17,18,18,18,19,19,19,19,19,19,18,18,18,18,18,18,18,18,18,17,17,17,17,0,30,29,28,27,25,24,22,21,20,19,18,17,16,15,14,13,11,11,10,9,8,6,6,5,5,5,4,4,0,0,0,0,0,0,0,29,30,31,31,31,33,33,34,34,34,35,35,36,35,35,34,34,35,34,33,34,34,33,33,33,32,33,32
20260804_015555_897cb2,1785805076938320,806612426,2,2,0,-59,128,0,14,13,12,12,11,9,9,8,8,7,5,4,4,4,4,2,2,1,0,0,1,2,2,4,4,4,0,0,0,0,0,0,0,0,0,0,0,16,17,17,18,18,18,19,19,20,20,19,18,18,19,17,18,18,17,17,17,16,17,16,16,16,15,0,26,24,22,21,20,18,15,15,13,12,11,10,9,6,7,5,4,4,1,0,1,3,4,4,6,6,9,9,0,0,0,0,0,0,0,31,31,31,32,33,33,34,34,36,36,37,36,36,35,35,35,33,33,32,33,31,32,31,30,29,29,28,28
20260804_015555_897cb2,1785805077041629,806714347,2,2,0,-57,128,0,14,14,12,12,11,10,9,9,7,7,6,6,4,4,4,3,3,1,1,1,1,2,2,3,3,4,0,0,0,0,0,0,0,0,0,0,0,17,18,19,19,20,20,20,20,20,20,20,20,19,19,18,18,18,17,17,17,17,17,17,17,16,15,0,26,25,24,21,21,19,18,16,14,13,11,9,9,8,6,6,5,3,2,2,3,3,5,5,7,8,8,9,0,0,0,0,0,0,0,30,33,32,33,34,36,35,37,37,38,38,39,37,37,36,37,35,32,35,32,34,34,32,32,30,30,30,28
20260804_015555_897cb2,1785805077140384,806814760,2,2,0,-54,128,0,16,16,14,14,14,13,12,11,11,11,11,10,9,9,9,8,8,8,7,6,6,6,5,5,4,4,0,0,0,0,0,0,0,0,0,0,0,17,17,18,19,19,19,19,20,20,21,20,20,19,19,19,19,18,18,17,18,18,18,17,18,17,17,0,29,28,26,26,24,23,23,21,19,21,18,17,16,16,16,15,14,12,12,11,11,10,8,7,7,6,5,5,0,0,0,0,0,0,0,28,30,30,30,33,33,35,34,36,35,36,37,36,36,36,34,33,35,33,34,33,33,32,32,32,32,31,30
20260804_015555_897cb2,1785805077238306,806915346,2,2,0,-56,128,0,15,14,13,13,12,11,10,9,9,8,7,7,6,6,5,5,4,4,3,2,2,1,1,0,0,1,0,0,0,0,0,0,0,0,0,0,0,16,16,17,17,18,18,19,19,19,19,19,19,19,19,18,18,18,17,18,17,17,17,17,16,16,16,0,27,25,23,23,22,20,19,17,17,16,14,13,12,11,10,9,9,7,5,5,4,3,2,0,0,1,2,3,0,0,0,0,0,0,0,27,28,29,30,31,32,32,33,34,35,35,36,35,35,35,35,34,33,33,32,32,32,32,31,31,30,30,29
20260804_015555_897cb2,1785805077337638,807012903,2,2,0,-56,128,0,16,14,14,13,13,11,11,10,10,9,9,8,8,7,7,7,6,6,5,4,4,3,3,2,2,1,0,0,0,0,0,0,0,0,0,0,0,17,18,19,19,19,19,20,20,20,21,20,19,19,19,19,19,18,18,18,18,18,17,18,17,16,16,0,26,26,25,24,21,21,21,18,17,17,15,14,13,13,12,11,10,10,9,7,6,5,4,4,2,3,2,2,0,0,0,0,0,0,0,29,30,31,32,33,34,34,35,35,36,35,36,35,35,35,34,32,34,33,33,33,31,31,31,30,30,29,29
20260804_015555_897cb2,1785805077452822,807128629,2,2,0,-57,128,0,16,15,14,13,13,11,11,10,11,9,8,8,7,7,6,5,4,4,3,3,2,2,1,1,2,2,0,0,0,0,0,0,0,0,0,0,0,16,17,17,18,18,19,19,19,19,19,19,19,20,19,20,19,19,18,18,19,18,19,18,17,17,16,0,56,55,53,48,47,43,41,38,33,32,31,27,26,22,21,18,17,14,11,9,9,6,6,7,5,10,11,13,0,0,0,0,0,0,0,57,58,58,60,62,64,66,67,71,72,71,73,73,72,72,70,69,70,71,69,70,68,67,67,67,65,62,62
20260804_015555_897cb2,1785805077545823,807216540,2,2,0,-58,128,0,14,13,12,11,11,10,9,9,8,8,7,6,5,5,4,4,4,3,2,2,1,1,2,3,3,3,0,0,0,0,0,0,0,0,0,0,0,14,14,15,15,16,16,16,17,17,17,16,17,17,16,17,16,16,16,16,16,16,16,16,16,15,15,0,56,51,50,48,45,44,39,37,34,33,30,26,25,23,20,18,16,13,11,10,8,6,8,8,10,11,13,15,0,0,0,0,0,0,0,59,59,59,60,63,64,65,68,70,69,70,71,70,69,71,67,71,69,67,66,68,66,67,63,63,66,63,58
20260804_015555_897cb2,1785805077644033,807317413,2,2,0,-64,128,0,11,10,9,8,7,6,5,4,5,4,4,5,5,6,6,8,9,9,9,11,11,13,13,13,14,15,0,0,0,0,0,0,0,0,0,0,0,16,16,16,17,16,16,16,17,17,17,17,16,16,16,16,16,15,15,15,14,15,14,13,12,12,12,0,42,39,36,33,30,26,24,20,20,19,21,25,25,27,31,32,36,39,44,49,51,55,57,60,61,62,63,66,0,0,0,0,0,0,0,66,68,68,69,68,68,67,66,67,67,69,68,67,70,67,65,64,65,60,60,59,61,57,56,54,55,50,50
20260804_015555_897cb2,1785805077741525,807412937,2,2,0,-58,128,0,15,15,14,14,13,11,11,11,10,9,9,8,8,7,8,7,7,7,6,6,6,6,6,7,7,7,0,0,0,0,0,0,0,0,0,0,0,15,15,16,16,16,16,18,17,18,18,18,18,18,18,18,18,18,17,18,17,16,17,17,17,17,16,0,59,55,53,51,47,46,44,40,37,37,35,33,32,30,28,26,26,25,22,24,22,21,24,22,24,24,25,26,0,0,0,0,0,0,0,52,54,55,58,59,62,63,64,65,67,68,68,70,68,67,70,67,68,65,67,66,64,63,65,61,64,63,60
20260804_015555_897cb2,1785805077840898,807513304,2,2,0,-55,128,0,15,14,14,13,13,12,11,10,10,10,9,8,8,6,6,6,5,5,4,4,4,3,2,1,1,1,0,0,0,0,0,0,0,0,0,0,0,17,17,17,17,19,19,19,19,20,20,20,20,19,19,19,19,19,19,17,18,17,17,17,17,17,16,0,27,26,25,23,22,21,20,18,17,17,15,14,13,13,12,12,11,10,8,8,5,5,5,3,1,2,1,2,0,0,0,0,0,0,0,27,29,30,31,31,32,33,34,34,34,36,36,34,35,34,35,33,33,33,31,32,32,30,30,30,31,29,29
20260804_015555_897cb2,1785805077940717,807612906,2,2,0,-60,128,0,15,14,13,13,12,11,11,10,9,9,8,7,7,6,6,6,5,4,4,3,3,2,1,1,1,1,0,0,0,0,0,0,0,0,0,0,0,19,19,19,19,20,20,20,20,20,20,20,20,19,19,19,18,18,18,18,17,17,17,16,17,16,16,0,26,26,24,23,21,21,19,18,17,17,15,14,12,12,11,10,9,8,8,6,5,4,4,3,2,3,4,4,0,0,0,0,0,0,0,33,34,34,34,36,35,36,36,36,37,36,37,35,35,35,34,33,34,32,32,31,31,31,31,31,30,30,28
20260804_015555_897cb2,1785805078039231,807711656,2,2,0,-58,128,0,16,16,16,15,14,13,12,12,11,10,10,9,9,8,7,7,6,5,4,3,3,2,1,0,0,1,0,0,0,0,0,0,0,0,0,0,0,13,12,14,14,14,15,16,16,16,17,16,18,17,18,17,18,18,18,18,18,19,18,19,18,18,17,0,33,32,30,29,27,26,24,24,21,21,20,19,17,16,15,13,12,9,8,7,5,3,3,1,1,2,3,4,0,0,0,0,0,0,0,23,23,23,24,25,26,27,28,30,30,31,32,32,33,33,34,33,33,34,34,34,34,36,35,34,35,35,34
20260804_015555_897cb2,1785805078138338,807814271,2,2,0,-60,128,0,16,16,15,14,14,13,11,10,9,9,7,7,6,5,4,4,3,4,4,4,5,6,6,6,7,8,0,0,0,0,0,0,0,0,0,0,0,16,16,16,17,17,18,18,18,19,19,20,18,20,19,19,19,19,19,19,19,18,19,18,18,19,17,0,29,28,27,24,25,21,20,17,16,14,14,13,10,9,9,8,6,7,6,8,10,10,12,13,12,17,17,16,0,0,0,0,0,0,0,28,28,29,30,31,30,33,32,34,34,36,36,35,35,35,36,35,36,36,36,36,35,35,33,35,37,33,30
20260804_015555_897cb2,1785805078241331,807912896,2,2,0,-61,128,0,13,12,12,9,9,9,9,7,7,6,6,5,5,6,6,6,7,7,6,6,7,7,8,9,8,9,0,0,0,0,0,0,0,0,0,0,0,14,14,15,16,16,16,17,16,17,17,17,18,17,17,15,17,17,17,16,16,17,14,16,16,15,14,0,57,48,40,46,38,41,35,31,27,30,25,24,25,23,26,23,26,22,27,23,29,30,29,32,34,34,35,35,0,0,0,0,0,0,0,56,57,57,57,59,61,64,62,66,66,67,70,68,72,67,65,67,65,70,67,61,69,66,64,60,67,55,57
20260804_015555_897cb2,1785805078340575,808013054,2,2,0,-63,128,0,16,15,15,13,12,11,11,9,9,7,7,6,4,3,3,3,1,1,2,3,4,4,5,7,7,7,0,0,0,0,0,0,0,0,0,0,0,19,19,19,19,19,19,19,19,19,19,19,20,19,19,19,19,19,18,20,19,18,19,18,18,18,17,0,55,57,52,48,43,41,36,32,29,27,22,18,17,11,10,8,6,9,10,11,16,20,24,26,29,30,36,35,0,0,0,0,0,0,0,67,67,66,67,68,67,68,67,67,69,70,70,69,70,72,70,70,71,69,67,70,71,69,69,67,66,67,63
20260804_015555_897cb2,1785805078467307,808137913,2,2,0,-63,128,0,13,12,11,9,8,8,7,6,6,5,5,5,6,6,8,8,9,10,11,12,13,13,14,15,15,16,0,0,0,0,0,0,0,0,0,0,0,9,9,10,11,12,12,15,14,16,17,17,18,18,18,17,18,17,17,17,17,17,17,16,15,15,14,0,26,25,21,21,18,16,14,13,12,11,11,11,13,12,15,17,18,19,22,24,26,26,28,29,30,33,34,35,0,0,0,0,0,0,0,16,17,17,19,20,22,24,27,29,31,32,33,35,36,36,35,35,37,36,36,34,35,35,34,33,31,31,28
20260804_015555_897cb2,1785805078571462,808244083,2,2,0,-61,128,0,10,10,11,12,12,13,13,15,15,15,16,17,17,19,20,21,22,23,23,23,24,23,23,24,24,23,0,0,0,0,0,0,0,0,0,0,0,9,10,9,9,9,8,7,8,6,6,6,6,6,5,5,5,4,4,4,6,5,6,7,7,8,9,0,17,20,20,17,22,25,23,26,25,28,31,33,32,33,38,36,41,39,42,43,44,46,42,43,44,43,44,44,0,0,0,0,0,0,0,21,19,19,18,16,15,16,17,15,18,15,12,11,11,12,13,9,10,8,9,10,12,10,10,12,13,14,16
20260804_015555_897cb2,1785805078641093,808314607,2,2,0,-57,128,0,11,12,12,12,12,12,13,12,13,13,13,13,14,14,15,15,16,16,16,16,16,16,16,16,16,15,0,0,0,0,0,0,0,0,0,0,0,14,14,15,14,14,14,14,13,13,12,12,11,11,11,10,9,10,9,10,9,9,10,10,10,10,11,0,22,22,23,23,23,24,24,24,25,25,26,26,27,28,28,29,30,30,31,31,31,31,30,30,30,30,29,28,0,0,0,0,0,0,0,27,28,28,28,29,28,28,27,27,25,25,24,23,22,22,21,19,19,20,19,18,19,19,20,20,20,20,21
20260804_015555_897cb2,1785805078738660,808411915,2,2,0,-66,128,0,8,7,7,7,7,7,7,7,9,9,11,12,13,14,16,17,19,19,21,21,23,22,24,24,24,25,0,0,0,0,0,0,0,0,0,0,0,13,12,12,12,11,11,11,11,11,11,11,11,11,11,12,11,11,11,11,11,11,10,9,10,9,9,0,15,13,13,13,12,13,13,16,16,18,20,23,25,26,30,32,34,36,38,40,42,43,44,45,45,47,47,47,0,0,0,0,0,0,0,23,24,24,23,22,22,23,21,21,22,22,21,21,21,21,21,22,21,21,21,21,19,20,20,19,19,17,17
20260804_015555_897cb2,1785805078842876,808512650,2,2,0,-59,128,0,12,12,12,11,12,12,13,13,13,14,13,13,15,15,17,16,17,18,19,18,19,20,19,19,19,19,0,0,0,0,0,0,0,0,0,0,0,14,14,14,14,15,14,15,13,15,14,14,12,13,11,13,12,12,11,12,10,11,11,11,12,12,12,0,44,42,47,40,43,48,45,42,48,52,47,51,50,55,52,58,63,62,67,70,62,67,67,63,64,68,66,65,0,0,0,0,0,0,0,47,50,43,47,49,53,52,47,44,49,48,49,46,47,45,50,41,39,38,40,40,40,39,39,35,41,38,38
20260804_015555_897cb2,1785805078941876,808612339,2,2,0,-59,128,0,13,13,14,13,14,14,14,13,14,14,14,15,15,16,16,16,16,16,17,17,17,16,16,17,17,16,0,0,0,0,0,0,0,0,0,0,0,13,13,14,14,14,14,14,14,14,14,13,13,13,13,12,12,11,11,11,11,11,12,11,12,12,12,0,48,49,50,49,50,50,51,50,52,53,54,54,55,57,57,60,60,60,63,62,62,62,60,61,60,59,57,59,0,0,0,0,0,0,0,48,48,49,50,52,53,52,52,51,51,50,49,49,48,46,45,43,43,42,42,42,43,42,43,42,45,45,46
20260804_015555_897cb2,1785805079039951,808712408,2,2,0,-53,128,0,14,14,14,14,14,14,14,14,14,14,15,15,15,15,15,16,15,16,16,15,15,15,14,14,14,14,0,0,0,0,0,0,0,0,0,0,0,13,13,13,13,14,13,13,13,13,13,13,13,13,12,12,13,13,13,13,13,13,13,13,14,13,15,0,52,52,54,54,55,53,54,53,53,54,56,54,55,56,55,58,57,60,59,58,58,56,55,55,53,52,49,48,0,0,0,0,0,0,0,43,46,46,48,49,49,49,52,52,52,51,50,51,50,49,47,47,48,47,47,48,48,48,49,49,51,50,54
20260804_015555_897cb2,1785805079142246,808814288,2,2,0,-52,128,0,14,14,14,14,13,13,14,13,14,14,14,14,14,15,15,15,15,15,15,15,15,14,14,14,14,14,0,0,0,0,0,0,0,0,0,0,0,10,10,10,10,11,11,12,11,12,12,12,12,12,12,12,12,12,12,12,13,13,13,13,13,13,13,0,57,54,55,55,55,54,54,53,54,55,56,55,56,56,57,58,59,59,60,58,58,58,57,55,53,54,51,52,0,0,0,0,0,0,0,34,37,38,38,40,41,43,45,44,46,47,46,47,46,46,47,46,48,48,48,49,48,49,50,52,52,54,53
20260804_015555_897cb2,1785805079241533,808913030,2,2,0,-52,128,0,14,14,14,14,13,14,14,14,13,13,13,13,13,13,13,13,13,13,13,14,13,12,12,12,12,11,0,0,0,0,0,0,0,0,0,0,0,11,11,12,12,13,12,13,13,13,14,14,14,13,13,13,13,13,12,13,13,13,14,14,14,14,14,0,56,54,55,52,54,53,53,50,50,51,51,52,52,52,52,53,53,53,52,52,50,49,48,48,47,45,44,43,0,0,0,0,0,0,0,43,44,43,45,46,48,49,50,51,51,51,51,51,52,50,51,51,50,50,49,51,50,51,52,50,54,54,54
20260804_015555_897cb2,1785805079341145,809010806,2,2,0,-52,128,0,17,17,18,17,17,17,17,17,16,16,17,16,16,16,16,17,17,17,17,16,16,16,15,14,14,14,0,0,0,0,0,0,0,0,0,0,0,12,12,12,12,12,12,13,13,14,14,14,14,14,14,14,14,14,14,15,15,16,16,16,16,17,17,0,60,59,61,59,58,58,58,57,57,58,57,58,58,56,57,58,59,57,57,57,55,55,53,50,48,49,45,45,0,0,0,0,0,0,0,39,40,40,40,42,42,45,43,44,44,46,47,45,46,47,47,49,48,49,48,51,51,53,54,55,55,57,57
20260804_015555_897cb2,1785805079439812,809112301,2,2,0,-55,128,0,16,17,16,16,16,16,16,16,16,16,16,16,16,16,16,16,16,16,16,16,16,15,14,14,14,13,0,0,0,0,0,0,0,0,0,0,0,8,9,9,9,10,9,10,11,11,11,11,11,12,11,12,13,13,13,13,14,14,16,15,16,16,16,0,60,63,62,61,60,60,60,59,58,61,57,59,60,59,58,57,61,58,59,56,58,56,55,52,51,50,49,49,0,0,0,0,0,0,0,33,31,31,31,33,34,36,35,38,38,40,42,40,42,42,44,46,48,48,50,50,53,54,56,57,58,59,58
20260804_015555_897cb2,1785805079543502,809216808,2,2,0,-60,128,0,17,16,17,17,17,16,17,17,17,17,17,17,17,17,17,17,18,19,19,18,18,19,18,18,18,17,0,0,0,0,0,0,0,0,0,0,0,8,8,7,8,7,7,8,8,9,9,9,9,10,10,11,11,11,12,13,13,13,15,14,16,16,15,0,30,31,31,30,30,31,31,30,30,30,32,32,32,31,31,33,35,34,34,33,34,34,34,33,33,32,30,32,0,0,0,0,0,0,0,14,14,13,13,12,14,15,13,14,14,15,16,16,17,18,19,19,21,21,22,23,23,25,27,25,29,26,28
20260804_015555_897cb2,1785805079641759,809312799,2,2,0,-61,128,0,15,15,16,15,15,15,16,15,15,15,16,16,16,17,16,17,17,18,17,18,18,18,18,18,18,18,0,0,0,0,0,0,0,0,0,0,0,10,10,9,10,10,10,10,10,10,10,11,11,11,11,12,11,12,12,12,12,13,14,14,15,15,16,0,27,28,29,28,27,29,29,29,28,28,28,29,30,30,30,31,32,33,33,34,34,34,33,34,33,33,31,32,0,0,0,0,0,0,0,17,17,17,18,18,18,18,18,18,17,19,19,19,18,19,19,20,21,21,22,23,24,23,24,24,25,27,27
20260804_015555_897cb2,1785805079740480,809414994,2,2,0,-58,128,0,12,12,13,12,11,12,12,11,12,12,13,13,13,13,14,14,14,15,15,16,16,16,16,16,16,15,0,0,0,0,0,0,0,0,0,0,0,12,12,12,12,12,12,13,12,13,13,13,13,13,13,13,12,12,12,12,12,12,12,12,12,12,12,0,47,48,47,48,47,48,47,44,46,48,48,49,51,51,53,54,58,57,58,59,60,60,62,62,61,63,60,60,0,0,0,0,0,0,0,48,46,46,48,49,46,48,52,52,50,46,49,48,49,49,48,48,48,47,47,48,48,46,46,47,48,46,48
20260804_015555_897cb2,1785805079843589,809515247,2,2,0,-63,128,0,13,11,11,9,9,7,6,5,4,4,2,3,2,3,3,4,4,5,5,6,8,9,8,9,10,9,0,0,0,0,0,0,0,0,0,0,0,15,17,17,17,17,18,19,20,20,20,21,20,20,21,20,20,20,18,18,17,17,17,16,16,16,15,0,23,21,19,18,15,14,11,8,7,7,4,5,5,4,4,7,8,9,11,13,13,14,16,16,18,18,20,18,0,0,0,0,0,0,0,28,29,28,30,31,32,34,36,35,36,36,37,38,38,38,38,38,36,35,34,34,34,32,32,31,30,27,27
20260804_015555_897cb2,1785805079942313,809618804,2,2,0,-60,128,0,15,14,14,13,12,11,11,10,9,9,8,7,7,6,6,5,4,4,4,4,4,3,4,4,4,5,0,0,0,0,0,0,0,0,0,0,0,15,15,16,16,17,18,18,19,19,20,19,19,19,19,19,19,19,18,18,18,18,18,17,17,17,16,0,27,26,25,23,22,21,19,18,16,16,16,13,12,11,10,10,8,7,7,8,7,8,8,8,8,10,10,12,0,0,0,0,0,0,0,28,28,28,30,31,33,32,34,36,36,37,37,36,37,37,36,36,35,35,34,34,33,33,33,32,31,30,30
20260804_015555_897cb2,1785805080040173,809715169,2,2,0,-61,128,0,11,9,9,9,8,6,6,5,5,6,7,4,6,4,5,6,7,6,8,6,6,8,8,8,8,9,0,0,0,0,0,0,0,0,0,0,0,16,16,16,17,17,18,18,18,18,18,19,19,18,18,18,17,17,16,15,15,14,14,13,13,13,12,0,21,21,19,17,16,15,12,12,12,12,12,10,10,11,11,11,13,13,13,14,14,15,16,16,16,17,17,18,0,0,0,0,0,0,0,30,32,30,32,33,34,36,36,37,36,38,38,37,38,37,35,35,34,34,31,31,31,30,30,27,27,25,23
20260804_015555_897cb2,1785805080139079,809812109,2,2,0,-61,128,0,12,12,11,10,8,7,7,6,5,5,3,2,2,1,0,0,1,1,2,3,3,4,4,5,5,6,0,0,0,0,0,0,0,0,0,0,0,16,17,18,18,19,20,20,21,21,21,21,21,21,21,20,20,19,19,19,18,18,17,17,16,15,15,0,23,21,19,17,15,14,12,10,9,7,6,4,2,2,1,1,3,3,5,6,7,8,9,10,10,12,13,14,0,0,0,0,0,0,0,28,29,30,31,33,34,36,37,38,39,40,40,39,40,40,38,38,38,36,35,35,34,32,31,31,29,27,26
20260804_015555_897cb2,1785805080243471,809920726,2,2,0,-56,128,0,13,12,12,11,10,9,9,8,8,7,6,6,6,5,4,4,4,3,3,3,3,3,2,3,3,3,0,0,0,0,0,0,0,0,0,0,0,14,14,16,17,17,18,18,19,20,21,20,19,19,19,18,18,18,18,17,17,17,16,16,16,16,15,0,26,23,23,21,19,18,17,16,13,13,12,11,11,9,9,8,7,7,6,6,5,5,5,6,5,5,6,5,0,0,0,0,0,0,0,24,26,26,27,29,31,31,34,34,36,37,36,37,37,36,37,35,35,35,34,34,33,32,32,31,30,29,28
20260804_015555_897cb2,1785805080341849,810012124,2,2,0,-53,128,0,13,12,12,12,11,11,10,10,9,9,9,8,8,8,9,8,9,8,8,8,7,7,7,7,6,5,0,0,0,0,0,0,0,0,0,0,0,12,13,13,14,15,15,16,16,17,16,16,16,16,16,16,15,15,15,15,15,15,15,14,14,14,14,0,26,25,24,23,23,22,21,20,19,18,18,17,17,17,17,16,16,15,15,15,14,14,13,12,12,11,11,10,0,0,0,0,0,0,0,22,24,24,25,27,29,30,30,32,32,32,33,34,33,34,33,33,33,31,31,32,32,31,30,30,29,29,27
20260804_015555_897cb2,1785805080439695,810116333,2,2,0,-54,128,0,14,13,13,12,12,11,10,9,9,9,8,7,7,6,6,6,5,5,4,4,4,3,3,2,2,2,0,0,0,0,0,0,0,0,0,0,0,14,15,15,16,17,17,18,18,19,19,19,19,19,19,19,18,18,18,18,18,17,17,16,16,16,15,0,27,25,24,23,22,20,19,18,17,16,15,14,13,12,11,11,10,9,9,7,6,5,5,4,4,3,2,2,0,0,0,0,0,0,0,23,25,26,27,30,30,31,33,33,35,36,36,36,35,36,36,35,34,34,34,34,33,33,32,31,31,31,29
20260804_015555_897cb2,1785805080554730,810227418,2,2,0,-53,128,0,16,16,13,14,12,12,11,10,10,10,9,8,8,7,7,8,7,7,7,6,6,5,5,4,4,4,0,0,0,0,0,0,0,0,0,0,0,16,16,17,18,19,18,20,21,21,21,21,22,21,20,20,20,20,19,19,19,19,19,18,18,18,17,0,26,26,25,24,21,19,19,18,17,16,16,14,13,13,12,13,12,10,11,10,9,9,7,7,6,6,6,5,0,0,0,0,0,0,0,25,26,27,27,30,31,32,33,34,36,36,36,36,37,36,35,34,35,35,33,33,33,32,31,31,31,30,29
20260804_015555_897cb2,1785805080641538,810318543,2,2,0,-54,128,0,15,15,14,13,12,11,10,10,9,8,9,8,7,6,6,6,5,5,5,4,4,4,3,3,3,3,0,0,0,0,0,0,0,0,0,0,0,14,15,16,17,17,17,19,19,19,20,20,20,20,20,20,20,19,18,19,18,18,18,17,17,17,16,0,28,27,24,22,23,20,19,18,17,15,15,14,12,12,11,11,10,9,9,8,7,8,6,7,5,6,5,5,0,0,0,0,0,0,0,24,25,26,27,30,32,32,33,34,36,37,39,37,37,37,37,37,37,36,34,34,35,34,34,33,32,31,30
20260804_015555_897cb2,1785805080739659,810416171,2,2,0,-56,128,0,11,10,9,9,8,8,7,6,5,5,4,5,4,5,4,4,5,5,5,5,6,6,6,6,6,6,0,0,0,0,0,0,0,0,0,0,0,14,14,15,15,16,16,17,17,17,18,18,17,18,17,16,17,16,15,15,15,15,15,14,13,12,12,0,25,23,21,19,17,15,15,13,12,11,11,11,9,8,9,9,10,10,10,11,12,12,11,12,12,11,12,12,0,0,0,0,0,0,0,26,27,28,29,30,32,34,35,36,36,37,36,36,36,36,36,37,35,34,33,31,32,31,29,29,29,27,26
20260804_015555_897cb2,1785805080837059,810511823,2,2,0,-54,128,0,16,16,15,14,14,13,13,11,11,11,11,10,10,9,9,9,9,9,8,8,7,7,7,6,6,5,0,0,0,0,0,0,0,0,0,0,0,14,14,16,16,17,18,18,19,20,20,20,21,20,20,20,20,20,20,18,18,18,18,18,18,18,17,0,29,26,26,25,24,22,22,20,20,19,18,17,17,17,16,16,15,15,14,14,13,12,12,10,11,9,10,9,0,0,0,0,0,0,0,22,25,26,26,28,30,30,32,33,34,35,34,35,36,35,36,36,34,35,34,33,32,32,32,31,31,31,31
20260804_015555_897cb2,1785805080940707,810611852,2,2,0,-52,128,0,15,15,14,14,13,12,12,11,11,11,11,10,10,10,9,9,9,9,9,9,8,7,6,6,6,6,0,0,0,0,0,0,0,0,0,0,0,14,15,16,16,16,17,17,18,18,19,19,18,18,19,18,18,17,17,17,17,17,17,16,16,16,16,0,28,26,25,25,24,23,22,21,21,21,20,19,18,17,17,16,17,16,16,15,15,13,13,11,11,11,10,9,0,0,0,0,0,0,0,24,25,26,27,29,28,31,31,32,33,34,35,33,34,34,34,32,33,32,32,30,31,31,31,30,29,29,28
20260804_015555_897cb2,1785805081039522,810712806,2,2,0,-48,128,0,15,14,14,14,12,12,12,10,11,11,9,9,9,9,9,9,9,8,8,8,8,7,7,7,7,6,0,0,0,0,0,0,0,0,0,0,0,14,15,16,17,18,18,18,18,19,20,19,19,20,19,18,19,18,18,17,18,17,17,17,16,16,16,0,52,53,48,45,45,42,41,39,38,36,36,34,33,34,33,32,32,31,31,29,28,27,25,24,25,21,23,21,0,0,0,0,0,0,0,48,49,51,54,56,61,63,64,65,67,69,71,69,70,69,67,66,66,64,63,62,62,62,60,59,59,57,54
20260804_015555_897cb2,1785805081148660,810822906,2,2,0,-49,128,0,16,16,16,15,14,13,13,12,12,11,11,11,9,9,9,9,9,8,8,7,7,6,5,4,4,4,0,0,0,0,0,0,0,0,0,0,0,16,17,17,18,18,20,20,21,21,21,21,20,21,20,19,20,20,19,19,19,19,19,18,18,18,18,0,28,28,27,26,25,23,22,21,21,20,19,18,16,16,14,14,14,14,13,12,10,9,9,9,8,7,5,5,0,0,0,0,0,0,0,25,26,28,28,29,31,31,33,33,35,35,35,35,34,34,34,35,34,34,33,32,32,32,33,32,31,31,30
20260804_015555_897cb2,1785805081246919,810916838,2,2,0,-48,128,0,15,16,15,14,14,14,13,13,13,12,12,12,12,12,11,11,11,11,11,11,10,10,11,9,9,9,0,0,0,0,0,0,0,0,0,0,0,14,14,16,16,17,17,18,18,18,20,19,19,19,19,18,18,18,18,18,18,18,18,17,17,17,16,0,28,27,26,25,25,23,23,23,21,21,21,20,21,20,21,19,21,20,19,21,18,19,19,18,17,17,16,16,0,0,0,0,0,0,0,22,24,24,26,27,29,29,31,31,31,34,33,34,33,33,33,32,32,30,30,31,31,31,32,29,30,29,28
20260804_015555_897cb2,1785805081345605,811016408,2,2,0,-49,128,0,16,15,16,14,14,13,13,12,12,11,11,11,11,11,11,11,10,10,10,10,10,9,9,9,8,8,0,0,0,0,0,0,0,0,0,0,0,16,17,17,17,18,18,20,19,20,20,20,20,19,19,19,19,18,18,18,17,17,18,17,17,17,17,0,27,27,25,24,23,22,22,21,20,20,19,19,18,18,19,18,17,17,18,16,16,15,14,14,14,14,13,13,0,0,0,0,0,0,0,25,26,27,28,29,31,30,32,34,33,34,35,34,34,33,32,32,32,32,31,31,31,31,30,30,30,30,28
20260804_015555_897cb2,1785805081437886,811111738,2,2,0,-50,128,0,15,15,15,14,14,13,13,13,13,12,12,12,12,12,13,13,13,13,12,12,12,11,10,10,10,10,0,0,0,0,0,0,0,0,0,0,0,11,11,12,13,13,13,13,14,14,15,15,16,16,15,15,15,15,15,15,16,16,16,16,16,16,16,0,29,29,27,27,25,26,25,25,24,23,23,23,23,22,23,22,22,22,22,22,21,21,20,18,19,19,19,17,0,0,0,0,0,0,0,18,19,22,21,22,23,24,25,25,27,27,28,28,28,28,29,29,30,27,28,29,28,29,30,30,29,30,30
20260804_015555_897cb2,1785805081537067,811212288,2,2,0,-49,128,0,16,15,15,14,13,13,12,12,12,11,10,10,11,9,10,10,10,10,9,9,9,9,8,8,8,8,0,0,0,0,0,0,0,0,0,0,0,14,14,16,16,16,17,17,19,19,18,18,18,19,18,18,18,18,17,18,17,17,18,17,16,16,16,0,57,52,49,49,45,46,42,40,39,38,35,37,37,35,36,35,35,34,35,32,33,31,31,30,30,29,27,29,0,0,0,0,0,0,0,44,47,49,50,55,56,59,61,62,63,66,66,65,65,64,64,64,63,62,60,60,60,59,60,57,59,58,55
20260804_015555_897cb2,1785805081652353,811323080,2,2,0,-50,128,0,14,14,14,12,12,12,11,12,12,11,11,10,10,10,11,11,11,10,10,9,10,9,9,9,8,9,0,0,0,0,0,0,0,0,0,0,0,14,15,16,17,16,17,18,18,18,18,18,18,18,18,17,17,17,16,16,16,16,16,15,15,15,15,0,27,27,24,24,24,23,22,23,22,21,21,22,22,20,20,19,21,19,18,18,19,17,17,17,15,15,15,15,0,0,0,0,0,0,0,25,26,27,27,29,31,32,32,32,35,34,35,35,34,33,33,31,33,31,30,30,31,29,29,28,29,29,28
20260804_015555_897cb2,1785805081738549,811413625,2,2,0,-49,128,0,15,15,14,14,12,12,12,12,11,11,11,11,10,10,10,10,10,9,9,9,9,9,9,9,8,7,0,0,0,0,0,0,0,0,0,0,0,15,16,17,17,18,19,19,19,19,20,20,20,19,19,18,18,18,18,18,17,17,17,16,16,16,15,0,26,26,25,24,22,23,22,20,19,20,19,19,18,18,17,17,17,16,16,16,16,16,16,15,15,13,15,13,0,0,0,0,0,0,0,26,27,28,28,30,30,33,32,34,35,36,36,34,34,34,34,33,34,31,31,31,31,30,31,28,27,30,28
20260804_015555_897cb2,1785805081846859,811518070,2,2,0,-51,128,0,15,15,15,14,14,13,13,12,12,11,11,11,10,10,9,9,9,10,9,9,9,8,8,8,7,7,0,0,0,0,0,0,0,0,0,0,0,16,16,17,17,18,19,19,19,19,20,19,19,19,19,18,18,18,17,17,17,17,17,17,17,16,16,0,27,27,25,25,24,23,21,20,20,19,19,19,19,17,17,17,15,16,16,17,16,14,13,14,13,13,12,11,0,0,0,0,0,0,0,26,27,28,29,30,31,31,34,32,34,34,34,34,33,33,33,33,31,32,31,32,31,30,29,29,28,29,28
20260804_015555_897cb2,1785805081944044,811618843,2,2,0,-51,128,0,15,14,15,13,13,12,12,11,11,10,10,9,9,9,9,9,8,8,7,6,6,5,5,5,4,4,0,0,0,0,0,0,0,0,0,0,0,15,16,17,18,18,18,18,19,19,20,19,19,19,19,19,18,19,18,18,17,17,17,16,16,16,16,0,52,51,50,49,47,45,42,41,38,37,35,34,32,33,30,29,27,27,26,24,21,20,19,18,14,12,11,11,0,0,0,0,0,0,0,55,56,58,60,62,64,65,67,68,69,72,69,72,71,70,67,68,67,65,63,65,61,62,64,60,60,58,57
20260804_015555_897cb2,1785805082046754,811715946,2,2,0,-49,128,0,15,14,14,14,13,13,13,13,11,12,12,11,10,10,11,11,10,10,10,10,9,9,9,8,8,8,0,0,0,0,0,0,0,0,0,0,0,15,15,15,17,17,17,18,18,19,19,19,19,18,18,18,18,17,18,17,17,17,16,16,16,16,16,0,54,54,52,50,48,46,44,43,42,41,40,39,38,37,37,36,37,34,34,35,33,30,29,29,28,27,25,24,0,0,0,0,0,0,0,47,49,50,53,55,57,62,62,64,64,66,67,65,66,65,64,63,64,62,61,61,63,62,61,60,59,61,57
20260804_015555_897cb2,1785805082144625,811815315,2,2,0,-48,128,0,13,13,13,12,12,11,11,11,10,10,10,10,9,9,9,9,9,9,8,8,8,7,7,6,6,5,0,0,0,0,0,0,0,0,0,0,0,13,13,14,14,15,15,16,16,16,17,16,16,16,16,16,16,15,15,15,16,15,15,15,15,14,14,0,27,27,27,25,25,24,22,21,20,21,20,20,19,19,18,19,18,16,17,15,15,15,13,12,12,11,10,9,0,0,0,0,0,0,0,24,25,24,26,27,30,30,31,31,31,33,33,32,31,31,32,30,31,30,30,30,30,29,29,29,31,30,29
20260804_015555_897cb2,1785805082259893,811932326,2,2,0,-49,128,0,15,15,15,14,13,13,13,12,12,12,11,11,10,10,11,10,9,9,9,9,9,9,8,7,7,7,0,0,0,0,0,0,0,0,0,0,0,14,14,15,16,17,17,18,17,17,18,17,18,17,17,17,17,17,17,16,16,16,16,16,16,16,16,0,29,28,26,27,24,23,22,22,22,21,21,20,19,19,19,18,19,19,18,16,16,16,14,14,14,12,11,12,0,0,0,0,0,0,0,24,25,26,25,28,29,30,29,31,31,32,32,32,32,32,31,32,32,32,30,31,30,30,30,29,29,29,29
20260804_015555_897cb2,1785805082340315,812013264,2,2,0,-51,128,0,14,15,14,13,14,12,12,11,11,11,11,11,10,10,10,10,10,9,9,9,9,8,8,8,7,7,0,0,0,0,0,0,0,0,0,0,0,15,16,17,17,17,17,17,17,18,18,18,17,17,17,17,17,17,16,17,16,16,15,15,16,15,15,0,55,54,52,51,48,49,45,46,42,42,40,41,40,40,35,37,39,35,37,32,32,31,30,29,27,27,25,24,0,0,0,0,0,0,0,56,57,58,58,61,63,66,65,67,65,67,68,66,65,64,64,64,63,61,61,60,60,59,58,56,57,56,55
20260804_015555_897cb2,1785805082444419,812118606,2,2,0,-49,128,0,15,15,14,14,13,13,12,12,11,12,11,10,10,10,10,9,9,9,9,9,9,8,8,7,7,6,0,0,0,0,0,0,0,0,0,0,0,15,16,16,17,17,17,18,18,19,18,19,19,19,19,18,19,18,18,17,17,17,16,17,16,16,16,0,26,25,26,23,24,22,21,21,19,20,20,18,18,18,17,18,16,17,16,15,15,14,12,13,12,11,10,10,0,0,0,0,0,0,0,24,26,26,27,30,30,30,30,32,34,33,32,32,33,33,32,31,31,32,30,31,30,30,30,29,30,27,28
20260804_015555_897cb2,1785805082548885,812222025,2,2,0,-51,128,0,16,16,16,14,14,13,14,13,13,14,13,13,13,13,13,13,13,12,13,13,12,11,11,11,10,10,0,0,0,0,0,0,0,0,0,0,0,14,14,14,15,16,16,16,17,17,18,17,18,18,18,17,17,17,16,16,16,16,17,16,16,16,16,0,55,56,54,52,49,50,48,48,46,47,46,45,45,45,46,46,45,46,45,43,43,42,40,40,38,36,35,34,0,0,0,0,0,0,0,44,46,47,49,50,54,55,58,61,61,60,61,60,61,62,63,60,60,59,59,60,60,59,60,58,58,57,57
20260804_015555_897cb2,1785805082641364,812311592,2,2,0,-50,128,0,16,15,15,14,14,14,13,13,13,13,13,11,12,12,12,12,11,11,11,11,11,10,9,9,9,8,0,0,0,0,0,0,0,0,0,0,0,13,14,14,14,15,16,16,17,17,17,17,17,17,16,16,16,16,16,16,16,16,16,16,16,17,16,0,57,55,52,54,48,51,48,47,45,45,43,42,42,41,40,40,41,40,37,38,37,37,33,32,30,28,26,27,0,0,0,0,0,0,0,41,47,47,50,51,54,56,57,57,59,61,60,60,62,62,61,60,61,59,59,59,57,57,60,56,57,59,56
20260804_015555_897cb2,1785805082740302,812412584,2,2,0,-50,128,0,17,16,16,15,15,15,13,13,12,12,11,11,11,11,11,10,10,10,9,9,9,8,8,8,7,7,0,0,0,0,0,0,0,0,0,0,0,15,16,16,17,17,17,18,19,19,19,18,19,18,18,18,18,18,17,18,18,18,17,18,18,18,17,0,29,28,27,27,25,23,23,23,21,21,21,19,19,19,19,18,18,17,17,17,15,14,13,12,12,11,12,10,0,0,0,0,0,0,0,25,26,26,28,29,30,31,32,32,34,32,34,34,33,34,33,32,33,32,32,30,32,31,30,30,30,30,28
20260804_015555_897cb2,1785805082850505,812522615,2,2,0,-50,128,0,16,16,16,14,14,14,13,12,12,12,11,10,10,10,10,9,9,9,8,8,8,7,7,6,6,5,0,0,0,0,0,0,0,0,0,0,0,15,16,16,17,17,17,18,18,19,20,20,20,19,19,19,19,19,19,18,18,18,18,17,17,17,16,0,28,27,27,26,24,24,22,21,20,20,19,18,18,17,17,17,16,15,15,13,14,12,11,10,10,10,9,9,0,0,0,0,0,0,0,25,26,26,28,29,30,31,31,31,34,34,35,34,34,34,33,33,33,32,32,33,32,32,32,30,30,30,29
20260804_015555_897cb2,1785805082943706,812613750,2,2,0,-51,128,0,14,14,14,12,12,11,10,10,9,9,9,9,8,8,7,7,7,6,6,5,5,5,4,4,4,4,0,0,0,0,0,0,0,0,0,0,0,13,13,15,16,17,17,17,18,18,18,18,18,18,18,18,18,17,16,17,16,17,16,16,16,16,16,0,58,55,50,50,49,46,44,43,39,37,36,33,31,31,30,30,28,25,23,25,19,19,16,17,15,13,12,13,0,0,0,0,0,0,0,50,52,55,55,60,61,63,65,69,69,69,72,72,71,72,70,67,65,64,65,68,64,64,62,62,61,62,61
20260804_015555_897cb2,1785805083036870,812711955,2,2,0,-55,128,0,14,14,13,11,11,10,10,9,9,8,7,6,5,5,5,4,3,3,2,2,1,1,1,1,1,1,0,0,0,0,0,0,0,0,0,0,0,17,17,17,18,18,19,19,19,20,20,20,20,19,19,19,19,17,17,18,17,17,17,17,15,16,15,0,51,48,46,42,41,38,34,31,29,28,26,22,20,17,17,14,12,10,8,5,3,1,2,2,5,6,7,9,0,0,0,0,0,0,0,57,59,62,64,64,67,68,72,72,73,75,74,72,74,70,72,70,69,68,64,66,64,62,63,60,59,58,56
20260804_015555_897cb2,1785805083139667,812815072,2,2,0,-52,128,0,14,13,13,13,11,11,10,10,9,9,9,8,8,7,6,6,6,5,5,4,4,4,4,3,3,3,0,0,0,0,0,0,0,0,0,0,0,13,13,14,14,15,14,16,16,16,16,16,17,17,16,16,16,16,16,16,15,16,15,15,15,15,14,0,57,54,52,50,48,47,43,42,39,36,35,33,32,31,28,27,26,24,22,20,18,17,15,14,13,11,10,10,0,0,0,0,0,0,0,47,48,49,53,56,59,60,64,65,65,68,68,69,70,68,67,68,66,66,64,66,66,64,63,61,62,63,60
20260804_015555_897cb2,1785805083237698,812913170,2,2,0,-56,128,0,15,15,14,13,12,11,10,10,9,9,8,7,6,6,5,5,4,4,4,3,2,2,1,1,1,0,0,0,0,0,0,0,0,0,0,0,0,18,19,19,20,21,20,20,21,21,21,21,21,20,20,19,19,19,18,18,18,17,18,17,17,17,16,0,26,25,24,23,21,19,18,16,15,15,13,12,9,9,9,9,6,6,5,5,4,2,2,1,1,1,1,2,0,0,0,0,0,0,0,30,31,31,33,34,35,36,36,37,37,38,38,37,37,36,36,36,35,35,33,33,32,32,31,31,30,29,28
20260804_015555_897cb2,1785805083347247,813017779,2,2,0,-53,128,0,16,16,15,14,14,13,13,12,12,11,11,10,11,10,10,9,9,9,9,9,8,8,8,6,7,6,0,0,0,0,0,0,0,0,0,0,0,14,14,15,16,17,17,16,17,17,18,17,17,18,17,17,17,17,16,16,16,16,17,17,17,17,16,0,29,29,27,26,26,26,24,22,21,22,22,19,21,19,18,18,17,17,17,16,15,13,13,12,13,11,10,10,0,0,0,0,0,0,0,25,26,26,28,29,29,30,30,32,33,33,34,34,33,33,33,32,32,31,32,30,32,32,31,31,30,30,30
20260804_015555_897cb2,1785805083445685,813117588,2,2,0,-51,128,0,15,15,14,14,13,12,12,11,11,11,11,11,10,10,9,9,9,9,9,8,7,7,7,6,5,5,0,0,0,0,0,0,0,0,0,0,0,14,14,16,16,17,17,18,18,18,19,18,18,18,17,17,17,17,17,17,17,17,16,16,16,16,15,0,28,26,26,25,24,24,22,21,20,20,19,18,18,18,18,17,16,16,16,15,14,13,12,10,11,10,8,8,0,0,0,0,0,0,0,24,25,26,26,27,30,31,31,32,33,33,33,34,33,33,31,32,32,31,30,30,30,29,29,29,30,29,28
20260804_015555_897cb2,1785805083545957,813216659,2,2,0,-54,128,0,15,15,14,14,14,12,12,11,12,11,10,9,9,9,9,9,8,7,6,7,6,5,5,4,4,4,0,0,0,0,0,0,0,0,0,0,0,16,17,17,17,19,19,19,19,20,20,20,20,19,19,18,19,18,18,18,17,17,17,17,17,16,16,0,55,52,49,51,47,43,43,40,38,38,38,33,33,30,33,31,29,26,26,23,21,18,18,15,13,14,11,9,0,0,0,0,0,0,0,53,53,56,57,59,61,64,64,66,67,67,70,69,67,65,65,63,65,62,63,63,61,60,59,60,58,58,55
20260804_015555_897cb2,1785805083639068,813311747,2,2,0,-54,128,0,15,14,14,14,13,12,12,11,11,10,10,9,9,9,8,8,8,8,7,7,6,6,5,5,5,5,0,0,0,0,0,0,0,0,0,0,0,14,15,16,16,17,17,18,18,18,18,18,18,18,18,17,17,17,17,17,17,16,17,16,16,16,16,0,29,27,26,26,24,23,22,20,20,19,19,17,17,16,16,15,15,14,14,13,12,12,10,9,10,9,9,8,0,0,0,0,0,0,0,25,26,28,27,29,30,32,32,33,33,34,34,33,34,33,33,32,33,32,31,32,31,31,30,31,30,30,29
20260804_015555_897cb2,1785805083738299,813412428,2,2,0,-55,128,0,16,16,16,14,14,12,13,11,12,11,11,10,10,9,9,9,8,8,7,6,6,5,5,4,4,3,0,0,0,0,0,0,0,0,0,0,0,16,17,17,18,19,20,20,20,20,20,20,20,20,20,19,19,19,19,19,18,18,18,17,17,17,17,0,28,28,26,24,23,23,21,21,20,19,19,18,17,16,14,15,14,13,11,11,10,9,8,6,7,6,6,5,0,0,0,0,0,0,0,27,29,30,30,32,34,33,34,35,36,36,36,36,35,35,35,35,34,33,34,33,33,33,32,32,31,31,30
20260804_015555_897cb2,1785805083841543,813512155,2,2,0,-53,128,0,14,14,14,13,13,12,12,11,11,10,10,10,9,9,9,9,8,8,7,7,6,6,5,5,5,4,0,0,0,0,0,0,0,0,0,0,0,15,15,16,16,17,17,18,18,18,18,18,18,18,17,17,17,17,16,16,16,16,16,16,16,16,16,0,29,27,26,25,24,23,22,21,20,19,20,18,18,18,17,17,16,15,14,13,12,10,10,9,8,7,6,6,0,0,0,0,0,0,0,27,27,28,29,30,32,31,33,33,34,34,34,35,34,33,34,33,32,32,31,32,31,31,31,30,30,30,29
20260804_015555_897cb2,1785805083940058,813612982,2,2,0,-53,128,0,14,14,14,13,13,12,12,11,11,11,11,10,10,10,9,9,9,9,8,8,7,7,6,6,5,5,0,0,0,0,0,0,0,0,0,0,0,15,15,16,17,16,17,18,18,18,18,18,18,17,17,17,17,17,16,17,16,16,16,16,16,15,16,0,28,27,26,25,24,24,22,21,21,21,20,19,18,18,18,17,16,16,15,14,14,12,12,11,10,9,8,7,0,0,0,0,0,0,0,27,28,29,30,30,31,33,34,35,35,35,34,35,35,34,34,33,32,32,31,32,31,31,30,30,30,29,28
20260804_015555_897cb2,1785805084039128,813713008,2,2,0,-54,128,0,16,16,14,13,13,13,12,12,11,11,11,10,9,9,9,9,9,8,8,8,7,7,6,5,5,4,0,0,0,0,0,0,0,0,0,0,0,16,16,16,18,17,18,18,19,19,19,19,20,18,18,18,18,18,18,17,18,17,18,17,17,17,16,0,57,53,52,51,49,47,45,43,41,40,38,38,36,35,34,34,31,30,29,27,27,24,21,20,17,16,14,13,0,0,0,0,0,0,0,53,55,56,57,59,62,64,66,67,69,69,68,69,68,68,68,66,65,64,62,63,62,60,62,61,60,59,58
20260804_015555_897cb2,1785805084143917,813817543,2,2,0,-53,128,0,14,15,14,13,13,12,11,11,10,10,10,9,9,9,8,8,8,7,7,6,6,6,5,5,4,4,0,0,0,0,0,0,0,0,0,0,0,16,16,17,18,19,19,19,20,20,20,20,20,20,19,19,18,18,18,18,18,18,18,17,17,16,17,0,26,26,25,23,23,22,20,19,18,18,17,17,16,15,15,14,14,13,12,11,10,10,9,8,7,7,5,6,0,0,0,0,0,0,0,28,29,29,30,32,33,33,34,36,37,36,37,37,36,36,34,33,34,34,33,33,32,32,31,30,31,29,28
20260804_015555_897cb2,1785805084241162,813914210,2,2,0,-53,128,0,15,15,14,13,13,12,11,11,11,10,9,9,9,8,8,8,6,6,6,6,6,5,5,4,4,4,0,0,0,0,0,0,0,0,0,0,0,17,18,18,19,19,20,21,21,22,21,22,21,21,21,20,19,20,19,19,18,18,18,17,17,17,17,0,26,25,25,22,22,20,20,18,18,16,15,16,14,13,13,14,13,11,11,12,8,9,7,6,6,4,4,4,0,0,0,0,0,0,0,27,28,30,31,32,34,36,36,35,36,36,36,36,36,36,35,34,34,34,32,33,31,31,32,29,29,29,29
20260804_015555_897cb2,1785805084338966,814011662,2,2,0,-54,128,0,14,13,13,12,11,10,10,9,9,9,9,8,7,7,7,6,6,5,4,4,4,3,3,2,2,2,0,0,0,0,0,0,0,0,0,0,0,16,16,17,18,19,18,18,19,19,20,20,19,19,19,18,18,18,18,17,17,17,16,16,16,16,16,0,27,25,24,23,22,21,19,18,17,15,15,15,14,13,12,12,10,10,9,9,7,6,5,4,4,3,4,3,0,0,0,0,0,0,0,26,28,28,29,31,33,33,35,35,35,36,36,36,35,35,34,34,33,32,31,31,32,31,30,30,30,29,28
20260804_015555_897cb2,1785805084437519,814112154,2,2,0,-53,128,0,13,12,12,11,11,10,10,9,9,9,8,8,8,8,8,7,7,7,7,6,6,6,5,5,5,4,0,0,0,0,0,0,0,0,0,0,0,13,14,14,14,16,16,16,17,17,17,16,16,16,16,16,15,15,15,15,15,15,15,14,15,15,14,0,26,24,25,23,22,22,21,19,19,18,17,17,16,16,15,15,15,14,14,13,12,13,12,11,11,10,9,9,0,0,0,0,0,0,0,25,27,27,28,29,31,31,33,33,33,33,34,33,34,34,33,33,31,30,30,31,30,29,29,28,28,28,27
20260804_015555_897cb2,1785805084540727,814214962,2,2,0,-51,128,0,15,15,14,14,13,13,12,12,11,11,10,10,11,11,10,10,10,10,9,9,9,7,7,6,6,6,0,0,0,0,0,0,0,0,0,0,0,11,12,13,13,14,15,15,16,16,17,17,17,17,17,17,17,16,16,16,17,16,16,16,16,16,16,0,29,29,28,26,25,25,24,23,23,22,21,21,20,20,19,19,18,17,17,17,16,15,13,13,12,11,10,10,0,0,0,0,0,0,0,21,22,23,24,25,26,27,28,29,30,31,32,32,32,33,32,32,32,31,31,32,32,32,32,31,31,31,30
20260804_015555_897cb2,1785805084640697,814312575,2,2,0,-50,128,0,15,16,14,14,13,13,12,11,11,10,10,10,10,9,9,9,8,8,8,8,7,7,7,6,6,6,0,0,0,0,0,0,0,0,0,0,0,15,16,17,17,18,18,19,20,20,21,20,20,20,19,19,19,19,18,18,17,17,17,17,17,17,16,0,27,27,27,26,23,23,21,20,20,19,18,18,17,16,17,17,16,15,15,14,13,13,13,10,11,9,10,8,0,0,0,0,0,0,0,26,28,28,29,31,32,33,33,34,35,35,35,35,35,35,34,34,34,32,34,33,33,30,31,31,31,31,29
20260804_015555_897cb2,1785805084740422,814414824,2,2,0,-50,128,0,15,14,14,13,12,11,11,10,10,9,10,9,9,9,9,8,7,7,7,7,6,5,4,4,4,4,0,0,0,0,0,0,0,0,0,0,0,13,13,14,15,16,16,16,17,17,17,17,18,17,17,17,17,17,17,16,16,16,16,16,16,16,15,0,28,27,26,26,24,24,23,20,20,20,19,18,17,17,15,15,15,15,13,13,11,10,10,8,9,7,7,4,0,0,0,0,0,0,0,22,22,24,25,26,28,30,31,31,31,33,33,33,33,34,32,33,33,32,32,31,31,31,31,30,30,30,29
20260804_015555_897cb2,1785805084839125,814512262,2,2,0,-50,128,0,16,16,16,14,14,14,13,13,12,12,11,11,11,11,10,10,9,9,9,8,7,7,6,6,5,4,0,0,0,0,0,0,0,0,0,0,0,14,15,16,16,17,17,18,19,20,20,19,19,20,20,19,19,19,18,19,19,19,18,17,18,17,17,0,29,28,28,27,26,25,25,23,20,20,20,19,20,19,18,17,17,16,15,14,13,11,12,10,8,9,7,8,0,0,0,0,0,0,0,23,24,26,27,26,29,30,31,31,33,34,34,34,35,34,33,33,34,33,31,32,33,33,32,32,32,30,30
20260804_015555_897cb2,1785805084948637,814622802,2,2,0,-52,128,0,16,16,15,15,14,14,13,13,12,12,12,11,10,10,10,9,9,9,8,8,7,7,6,6,5,5,0,0,0,0,0,0,0,0,0,0,0,14,14,15,15,17,17,17,17,18,19,19,19,19,19,19,18,18,18,18,18,18,18,17,17,17,17,0,59,57,56,53,51,50,47,46,43,43,41,40,38,38,36,35,34,32,31,28,26,25,23,21,19,17,15,15,0,0,0,0,0,0,0,45,48,49,51,53,57,59,60,63,66,66,68,67,67,67,68,68,66,65,65,64,64,64,65,63,62,63,61
20260804_015555_897cb2,1785805085066490,814737998,2,2,0,-50,128,0,16,16,14,14,14,13,13,13,11,11,12,11,10,11,11,10,10,10,10,9,9,9,8,7,6,7,0,0,0,0,0,0,0,0,0,0,0,12,13,14,14,16,16,16,17,17,18,18,18,18,18,18,17,17,17,17,17,17,17,17,17,17,17,0,58,57,55,54,52,49,47,45,44,43,42,41,40,40,39,37,37,37,37,33,34,31,30,27,28,28,25,23,0,0,0,0,0,0,0,43,45,46,49,51,55,58,60,61,63,62,66,64,64,65,65,64,65,61,61,65,64,62,62,61,60,62,60
20260804_015555_897cb2,1785805085147833,814819007,2,2,0,-50,128,0,14,14,14,13,13,12,11,11,11,11,10,10,9,10,10,9,9,9,7,9,7,8,6,6,6,6,0,0,0,0,0,0,0,0,0,0,0,12,13,13,13,14,15,15,16,16,16,16,16,16,16,16,15,16,15,16,15,15,16,15,15,16,15,0,28,28,27,25,25,24,24,24,22,21,21,21,21,20,19,19,18,17,16,16,16,14,13,15,11,11,12,10,0,0,0,0,0,0,0,20,22,22,24,25,27,27,29,30,31,32,30,31,31,31,32,31,30,30,30,30,31,31,29,30,29,31,29
20260804_015555_897cb2,1785805085246006,814921391,2,2,0,-51,128,0,14,14,14,13,12,12,12,12,11,11,10,10,11,9,9,10,9,8,8,8,7,7,7,6,6,6,0,0,0,0,0,0,0,0,0,0,0,14,15,16,16,17,17,17,18,18,19,19,18,19,18,17,16,17,16,16,17,17,17,16,16,15,15,0,27,26,25,25,23,22,22,21,20,19,19,20,20,18,17,19,17,15,15,15,14,13,12,11,11,9,9,9,0,0,0,0,0,0,0,25,25,26,28,28,29,30,31,32,34,33,34,32,33,33,34,31,31,31,30,31,29,29,30,30,28,29,27
20260804_015555_897cb2,1785805085338638,815013355,2,2,0,-53,128,0,13,13,12,12,12,11,11,10,10,9,9,8,8,8,8,7,8,6,6,6,6,6,6,4,4,4,0,0,0,0,0,0,0,0,0,0,0,15,16,17,18,17,18,19,19,20,19,19,19,19,19,19,18,18,17,18,17,17,17,16,15,15,15,0,26,25,24,22,22,21,20,18,17,17,17,15,15,14,14,14,13,13,12,11,11,10,9,9,8,7,7,6,0,0,0,0,0,0,0,26,27,28,29,31,33,33,35,36,36,37,37,37,36,36,35,34,34,34,32,32,33,31,30,30,29,29,28
20260804_015555_897cb2,1785805085442555,815112706,2,2,0,-51,128,0,16,16,15,14,13,13,12,12,12,11,11,11,11,11,10,10,10,9,9,8,8,8,7,7,6,6,0,0,0,0,0,0,0,0,0,0,0,14,14,15,15,16,16,17,18,18,18,18,18,18,18,18,18,17,17,17,17,17,17,17,17,16,16,0,29,29,26,26,24,24,23,22,21,21,20,20,20,19,18,17,17,17,16,16,14,14,12,12,11,11,10,9,0,0,0,0,0,0,0,22,24,25,26,27,28,30,29,32,32,34,34,33,33,33,33,32,32,31,31,31,31,31,32,30,31,30,30
20260804_015555_897cb2,1785805085541468,815212887,2,2,0,-54,128,0,17,16,16,14,13,14,13,12,13,12,12,11,11,10,11,10,11,10,10,9,9,9,9,7,7,7,0,0,0,0,0,0,0,0,0,0,0,14,15,16,17,17,17,18,18,19,19,18,19,19,19,19,19,19,18,18,17,18,17,17,18,17,17,0,29,28,27,25,25,23,23,21,21,21,21,20,20,18,17,17,17,18,17,14,17,16,14,13,13,13,12,10,0,0,0,0,0,0,0,22,24,24,26,26,29,28,29,31,31,33,34,33,33,34,34,34,33,34,32,32,32,31,31,29,30,29,29
20260804_015555_897cb2,1785805085639309,815312915,2,2,0,-54,128,0,12,12,11,11,10,9,9,9,8,8,8,7,7,7,6,7,7,6,6,6,6,6,5,5,5,4,0,0,0,0,0,0,0,0,0,0,0,16,17,18,18,18,19,19,19,19,20,18,18,18,18,18,17,16,16,16,15,15,15,14,14,14,14,0,22,22,21,21,18,18,17,15,15,14,14,13,13,12,12,12,13,12,12,12,12,11,10,10,9,9,8,8,0,0,0,0,0,0,0,28,29,30,31,32,33,35,36,36,36,37,36,36,35,35,34,33,32,31,30,31,30,29,28,27,26,26,26
20260804_015555_897cb2,1785805085737612,815410258,2,2,0,-59,128,0,11,10,9,9,8,7,6,6,5,5,5,5,5,5,5,6,6,6,6,7,7,8,7,8,8,7,0,0,0,0,0,0,0,0,0,0,0,16,16,17,17,18,19,21,21,20,21,21,21,21,20,19,19,18,17,18,17,16,16,15,14,13,13,0,20,18,17,16,15,13,12,10,10,10,10,9,10,10,10,12,11,12,13,13,13,14,14,13,13,13,13,14,0,0,0,0,0,0,0,28,28,28,29,31,34,34,36,37,36,37,38,38,37,36,35,35,34,33,32,30,30,28,27,26,25,23,22
20260804_015555_897cb2,1785805085834478,815511179,2,2,0,-63,128,0,11,10,9,9,8,8,7,6,6,5,4,4,4,4,3,4,4,4,4,4,4,4,4,4,5,5,0,0,0,0,0,0,0,0,0,0,0,17,17,18,18,18,19,18,19,20,19,18,18,18,18,17,17,17,16,16,15,15,14,14,13,13,12,0,23,21,19,18,16,16,13,13,11,11,10,9,8,8,9,9,9,9,9,9,9,9,9,9,11,12,12,13,0,0,0,0,0,0,0,33,34,35,34,36,37,37,37,38,38,39,39,39,38,36,36,37,35,32,33,31,30,30,30,28,27,26,24
20260804_015555_897cb2,1785805085937903,815612273,2,2,0,-54,128,0,16,15,14,13,13,13,12,11,11,11,10,9,9,8,8,8,8,7,7,7,6,6,6,5,4,4,0,0,0,0,0,0,0,0,0,0,0,17,18,19,18,19,19,20,21,21,21,20,20,20,19,19,19,18,18,18,17,17,18,17,17,17,17,0,27,26,26,23,23,22,20,19,18,18,18,17,16,15,15,14,13,13,12,11,11,10,9,8,8,6,6,6,0,0,0,0,0,0,0,29,30,30,30,32,34,33,35,36,36,36,36,35,35,34,33,34,32,33,31,33,31,31,30,30,30,29,29
20260804_015555_897cb2,1785805086035788,815710755,2,2,0,-53,128,0,14,13,13,12,12,11,11,10,9,9,8,8,8,8,8,6,6,6,6,5,5,4,4,4,4,3,0,0,0,0,0,0,0,0,0,0,0,13,14,15,15,16,16,17,17,17,17,18,17,17,17,17,17,17,16,16,16,16,15,15,15,15,14,0,55,54,49,50,46,46,41,39,37,38,35,33,30,28,29,28,26,25,24,22,20,17,17,15,13,12,10,9,0,0,0,0,0,0,0,50,52,53,54,59,59,64,64,67,69,68,70,71,69,69,68,67,68,65,66,64,65,63,61,62,62,59,57
20260804_015555_897cb2,1785805086138647,815812411,2,2,0,-55,128,0,15,15,14,14,13,12,12,11,10,10,10,9,8,9,9,8,8,8,7,6,6,6,5,5,5,4,0,0,0,0,0,0,0,0,0,0,0,16,16,17,18,19,19,20,20,20,20,20,20,20,20,19,19,19,18,18,18,18,18,17,17,17,17,0,28,26,26,24,23,21,20,19,19,18,17,16,15,14,15,13,13,13,13,11,11,9,9,8,8,7,7,6,0,0,0,0,0,0,0,27,28,28,29,31,31,33,34,35,35,36,37,36,36,36,36,34,35,33,33,33,32,32,31,32,31,30,29
20260804_015555_897cb2,1785805086248077,815920715,2,2,0,-60,128,0,15,15,14,13,12,12,11,11,10,9,9,8,8,7,6,6,6,5,5,4,4,4,4,4,4,4,0,0,0,0,0,0,0,0,0,0,0,16,16,17,17,18,18,19,19,19,20,20,20,20,20,19,19,19,19,19,19,18,18,17,18,17,16,0,28,28,26,24,23,22,21,19,18,17,15,15,14,13,12,11,11,10,9,9,8,7,7,7,7,8,7,8,0,0,0,0,0,0,0,27,28,29,29,31,32,33,33,35,36,36,37,37,37,37,37,36,36,35,34,34,34,34,33,32,33,32,30
20260804_015555_897cb2,1785805086340976,816012462,2,2,0,-56,128,0,16,15,14,14,13,13,13,12,11,11,11,11,11,12,12,11,11,11,10,11,11,9,10,10,9,9,0,0,0,0,0,0,0,0,0,0,0,12,13,14,15,16,16,16,17,17,18,18,17,17,17,17,17,16,16,16,16,17,15,17,16,16,16,0,28,26,26,24,25,23,21,22,22,22,21,20,20,22,21,21,20,21,21,21,17,16,17,16,16,15,14,16,0,0,0,0,0,0,0,20,22,25,24,26,27,28,28,30,30,30,31,32,32,33,29,31,30,30,28,30,29,28,29,31,29,31,29
20260804_015555_897cb2,1785805086439589,816112455,2,2,0,-56,128,0,15,15,15,14,14,13,11,12,11,11,11,10,10,9,9,9,9,9,8,9,8,7,7,7,6,6,0,0,0,0,0,0,0,0,0,0,0,15,15,15,16,16,17,18,18,18,18,18,19,19,18,19,18,18,18,17,18,17,17,17,17,17,17,0,56,57,54,50,48,46,44,43,42,39,40,36,33,38,35,35,31,30,30,25,26,27,24,20,23,20,21,18,0,0,0,0,0,0,0,45,50,51,55,54,59,55,59,64,67,66,66,67,72,69,66,69,64,68,61,66,64,61,63,60,60,58,62
20260804_015555_897cb2,1785805086561337,816235225,2,2,0,-58,128,0,16,15,14,13,12,11,10,9,9,8,7,6,6,5,5,5,4,3,3,3,2,2,2,2,3,3,0,0,0,0,0,0,0,0,0,0,0,12,13,13,14,15,16,17,17,18,18,18,18,18,18,17,19,19,19,18,18,18,17,18,17,17,16,0,29,28,26,24,22,22,20,19,17,17,15,13,12,10,9,9,7,7,6,5,5,4,5,4,5,5,6,6,0,0,0,0,0,0,0,20,22,23,23,26,27,27,29,31,33,34,34,35,35,35,35,35,36,34,35,35,34,34,34,34,32,32,32
20260804_015555_897cb2,1785805086636565,816310773,2,2,0,-55,128,0,15,15,14,13,13,12,11,11,10,9,9,8,7,6,6,6,6,5,5,4,4,4,3,2,2,2,0,0,0,0,0,0,0,0,0,0,0,15,15,17,17,17,19,19,19,20,20,20,20,20,20,20,20,19,19,19,19,18,18,17,17,17,16,0,27,26,25,24,21,21,19,18,17,17,15,14,12,12,11,10,10,9,7,6,6,6,5,4,3,2,3,3,0,0,0,0,0,0,0,25,26,26,28,29,30,32,33,34,36,36,37,37,36,37,36,35,36,35,34,34,33,33,32,32,31,30,30
20260804_015555_897cb2,1785805086740972,816411968,2,2,0,-49,128,0,14,14,14,13,13,11,12,11,11,9,9,9,9,9,9,9,8,8,8,8,8,8,7,7,6,6,0,0,0,0,0,0,0,0,0,0,0,13,13,14,14,15,16,16,17,17,17,17,17,17,17,16,17,16,16,16,16,16,16,16,16,15,15,0,54,55,51,50,47,46,43,42,38,40,37,37,36,33,35,34,34,31,31,30,30,28,28,25,26,24,23,23,0,0,0,0,0,0,0,44,46,49,48,53,55,58,60,62,63,64,67,65,65,65,66,63,66,63,63,63,62,62,60,63,59,59,58
20260804_015555_897cb2,1785805086839066,816510552,2,2,0,-49,128,0,16,16,15,15,13,13,12,12,11,11,11,10,10,10,10,10,9,9,9,9,9,8,7,7,7,7,0,0,0,0,0,0,0,0,0,0,0,13,14,14,15,16,16,17,18,18,18,18,19,18,18,18,18,18,17,17,17,17,17,17,17,17,17,0,27,27,27,25,24,23,23,22,21,20,19,18,19,18,17,18,16,17,16,15,15,14,13,13,12,12,10,10,0,0,0,0,0,0,0,20,22,23,24,25,27,27,29,30,31,31,31,32,32,32,31,32,31,33,30,31,30,31,30,30,30,29,29
20260804_015555_897cb2,1785805086941647,816611350,2,2,0,-47,128,0,15,15,14,14,13,12,12,11,12,12,11,11,11,11,11,10,10,9,10,9,9,9,9,8,8,8,0,0,0,0,0,0,0,0,0,0,0,14,14,15,16,17,17,17,18,18,18,18,18,18,18,18,18,17,18,17,16,16,16,16,16,16,16,0,29,28,26,26,24,25,22,22,22,22,21,20,20,19,20,19,19,19,18,18,17,16,17,15,15,14,14,14,0,0,0,0,0,0,0,24,24,25,26,28,29,31,31,32,33,34,35,35,34,33,32,32,32,32,31,32,31,31,30,32,30,30,29
20260804_015555_897cb2,1785805087039112,816712797,2,2,0,-46,128,0,15,15,15,14,14,13,12,12,12,12,11,11,10,11,11,11,10,10,10,10,10,9,9,9,8,8,0,0,0,0,0,0,0,0,0,0,0,13,14,15,16,16,17,17,18,18,18,18,18,19,18,18,17,17,16,17,17,17,17,17,17,17,17,0,27,26,26,25,24,22,22,21,21,21,20,20,18,19,19,18,19,18,18,17,17,16,16,15,15,14,13,13,0,0,0,0,0,0,0,22,23,24,24,27,28,29,29,30,31,31,32,31,32,32,31,30,31,29,30,29,29,30,29,30,29,29,28
20260804_015555_897cb2,1785805087143273,816814782,2,2,0,-46,128,0,15,15,14,14,13,13,12,11,11,11,12,11,11,11,11,11,11,11,11,10,10,9,9,9,9,9,0,0,0,0,0,0,0,0,0,0,0,13,13,14,15,16,17,16,17,18,17,17,17,17,17,17,16,16,16,16,17,15,16,15,16,16,16,0,27,26,25,26,23,23,22,22,21,21,21,20,20,20,20,20,20,19,19,19,19,17,17,17,16,16,15,14,0,0,0,0,0,0,0,21,22,23,24,26,28,28,29,30,30,31,32,32,31,31,31,30,30,30,29,30,29,29,29,29,29,29,28
20260804_015555_897cb2,1785805087244423,816916100,2,2,0,-46,128,0,15,14,14,14,13,13,12,12,12,11,11,11,11,10,10,10,10,11,10,10,9,9,9,9,8,8,0,0,0,0,0,0,0,0,0,0,0,12,13,14,14,15,16,16,17,17,17,16,16,17,16,16,16,16,16,16,16,16,16,16,16,16,15,0,55,55,51,51,48,47,46,44,43,44,42,41,41,38,40,39,41,39,39,38,36,36,36,33,34,32,31,29,0,0,0,0,0,0,0,42,44,46,47,52,53,57,55,59,61,61,65,62,61,63,61,60,63,58,61,57,58,59,60,60,57,57,56
20260804_015555_897cb2,1785805087343447,817016125,2,2,0,-45,128,0,14,14,13,13,12,12,12,12,11,11,10,10,11,10,10,10,10,10,10,9,9,9,8,8,8,8,0,0,0,0,0,0,0,0,0,0,0,12,13,14,14,14,15,15,16,17,16,16,16,16,16,16,16,15,15,15,15,15,15,15,15,15,14,0,55,54,52,51,50,48,46,43,44,42,41,40,40,40,40,40,39,38,38,37,36,35,34,32,30,30,28,29,0,0,0,0,0,0,0,42,45,45,48,51,53,56,56,60,60,61,62,62,63,62,61,61,60,60,60,60,58,59,59,58,59,59,56
20260804_015555_897cb2,1785805087482957,817156406,2,2,0,-47,128,0,14,14,14,13,13,12,12,11,10,10,10,10,9,10,10,9,9,9,9,8,8,8,8,7,7,7,0,0,0,0,0,0,0,0,0,0,0,16,16,17,18,19,19,19,20,20,20,20,19,19,18,18,18,17,17,17,17,17,16,16,16,16,15,0,25,26,25,23,22,21,21,20,19,20,18,18,17,17,17,17,17,16,16,15,15,15,14,14,13,12,13,11,0,0,0,0,0,0,0,27,28,30,30,32,33,35,34,34,35,35,36,35,34,34,34,32,33,31,31,31,31,30,29,29,29,28,26
20260804_015555_897cb2,1785805087545927,817218747,2,2,0,-50,128,0,15,14,14,14,13,13,11,11,10,11,11,10,9,8,10,9,9,9,9,8,8,7,7,7,7,7,0,0,0,0,0,0,0,0,0,0,0,16,15,17,17,18,19,19,19,19,19,20,19,20,18,17,18,17,17,18,17,17,16,16,16,16,16,0,27,27,24,26,22,22,21,20,18,18,18,17,18,18,18,16,17,16,16,14,15,14,13,13,12,13,11,11,0,0,0,0,0,0,0,26,27,28,30,30,33,33,34,36,35,36,36,35,35,36,35,33,34,34,33,32,31,32,31,30,29,29,29
20260804_015555_897cb2,1785805087638684,817311973,2,2,0,-50,128,0,15,14,14,14,13,13,13,12,12,11,12,11,10,10,11,10,11,10,10,10,10,9,9,8,9,8,0,0,0,0,0,0,0,0,0,0,0,13,14,14,15,16,16,17,17,18,18,18,18,18,17,17,17,17,16,16,16,16,16,16,16,16,15,0,28,26,27,25,24,24,23,22,21,22,22,20,22,19,20,19,21,21,19,18,20,18,19,18,15,17,16,16,0,0,0,0,0,0,0,23,23,25,26,27,28,30,30,32,32,33,33,32,33,34,33,33,31,31,31,31,31,32,31,30,31,28,29
20260804_015555_897cb2,1785805087741947,817413093,2,2,0,-51,128,0,15,15,14,13,13,12,12,11,12,11,11,10,9,10,10,10,9,9,9,9,8,8,8,8,7,7,0,0,0,0,0,0,0,0,0,0,0,16,16,16,17,18,19,19,20,20,21,21,21,20,20,19,19,19,19,18,18,18,18,17,17,17,16,0,27,26,25,24,23,22,22,20,20,19,19,17,17,17,16,17,16,16,16,15,15,14,13,13,12,12,11,10,0,0,0,0,0,0,0,25,27,26,29,30,32,32,33,34,35,37,36,35,36,36,35,34,34,34,32,32,31,31,31,30,30,30,28
20260804_015555_897cb2,1785805087838948,817511510,2,2,0,-51,128,0,16,16,15,15,14,14,13,13,12,11,11,12,10,10,10,10,10,10,10,9,9,9,9,8,7,7,0,0,0,0,0,0,0,0,0,0,0,14,15,16,16,17,18,18,19,19,20,20,19,19,19,19,19,19,19,18,18,18,18,18,18,18,17,0,57,55,54,50,49,48,45,43,42,41,39,39,39,37,35,35,34,33,32,32,30,29,28,27,24,24,22,22,0,0,0,0,0,0,0,46,48,51,53,55,58,59,62,64,67,68,68,69,68,68,68,67,67,65,65,64,64,63,64,62,62,61,59
20260804_015555_897cb2,1785805087937350,817610996,2,2,0,-50,128,0,17,16,15,14,14,13,12,12,11,11,11,10,10,10,9,9,9,9,9,9,9,8,8,7,7,6,0,0,0,0,0,0,0,0,0,0,0,18,17,18,19,19,19,20,20,21,21,21,20,20,20,20,19,19,19,18,18,18,18,17,17,18,17,0,28,26,26,25,24,22,21,21,19,18,18,19,17,17,17,16,16,16,15,15,14,13,13,12,11,11,11,10,0,0,0,0,0,0,0,27,28,29,31,31,32,33,35,34,34,35,35,34,36,35,33,34,34,34,32,31,31,30,31,29,31,31,29
20260804_015555_897cb2,1785805088041053,817713721,2,2,0,-49,128,0,16,15,15,15,14,14,14,13,12,12,12,12,11,11,11,11,11,11,11,11,10,10,9,9,9,8,0,0,0,0,0,0,0,0,0,0,0,14,14,15,16,16,16,17,17,17,18,18,18,18,18,18,18,17,17,17,17,17,17,17,17,17,17,0,54,55,51,50,48,47,46,45,42,42,43,40,41,40,39,39,39,36,38,35,35,34,32,30,30,28,26,24,0,0,0,0,0,0,0,43,44,47,48,53,55,57,59,61,63,65,65,64,65,64,63,64,63,62,62,59,62,60,59,60,59,60,59
20260804_015555_897cb2,1785805088141128,817811013,2,2,0,-48,128,0,17,17,16,15,14,14,14,13,13,13,13,12,11,11,11,11,11,11,11,10,10,9,9,9,8,7,0,0,0,0,0,0,0,0,0,0,0,15,16,16,17,18,19,19,19,20,20,20,20,20,19,19,19,19,18,18,18,18,18,18,17,18,17,0,29,27,26,26,25,23,22,22,21,21,20,20,19,19,18,18,18,17,17,16,17,15,15,13,13,13,12,12,0,0,0,0,0,0,0,24,25,25,27,28,29,31,31,32,32,34,34,34,34,34,33,33,32,33,31,31,32,31,31,31,30,30,30
20260804_015555_897cb2,1785805088239909,817911451,2,2,0,-53,128,0,15,13,13,13,12,11,11,10,10,9,9,8,7,7,7,7,6,6,5,5,4,4,4,4,4,4,0,0,0,0,0,0,0,0,0,0,0,18,18,18,20,20,20,21,21,21,20,21,21,21,20,20,18,19,18,18,17,17,17,17,16,16,16,0,26,23,24,24,21,20,19,18,18,16,17,16,14,13,13,13,12,11,11,9,9,9,7,8,6,5,6,4,0,0,0,0,0,0,0,28,31,32,32,34,34,34,35,35,36,37,36,37,37,34,35,33,33,31,32,31,31,31,29,28,28,28,26
20260804_015555_897cb2,1785805088357572,818028024,2,2,0,-52,128,0,14,14,13,13,12,11,10,11,10,10,10,9,9,9,9,8,8,8,8,7,7,7,6,6,6,6,0,0,0,0,0,0,0,0,0,0,0,16,16,17,18,19,18,19,19,19,20,20,19,19,18,18,18,18,17,17,17,17,17,16,16,16,15,0,26,26,26,24,23,22,20,20,18,20,17,19,17,17,16,15,15,14,14,13,13,13,11,11,10,11,11,9,0,0,0,0,0,0,0,29,28,29,30,31,31,35,34,36,34,36,36,36,36,35,35,33,35,32,33,32,32,31,31,31,30,29,28
20260804_015555_897cb2,1785805088444350,818119374,2,2,0,-52,128,0,15,14,15,14,14,13,11,11,11,11,11,9,10,10,9,9,9,9,9,8,8,8,7,7,7,7,0,0,0,0,0,0,0,0,0,0,0,15,16,16,16,16,18,19,19,19,19,20,19,19,18,19,18,18,18,18,18,17,17,17,17,17,17,0,28,26,26,25,23,23,22,21,20,19,19,19,17,17,18,17,17,16,16,14,14,14,13,12,12,11,9,11,0,0,0,0,0,0,0,24,25,26,26,28,29,30,33,32,33,35,34,34,34,35,34,34,34,32,33,32,32,31,32,30,31,29,29
20260804_015555_897cb2,1785805088542262,818212077,2,2,0,-51,128,0,15,15,15,14,14,13,12,12,11,11,10,11,10,10,10,10,10,9,12,8,9,8,9,7,8,7,0,0,0,0,0,0,0,0,0,0,0,13,14,14,14,15,15,16,17,17,18,18,18,18,18,18,18,17,17,17,17,17,17,17,17,17,16,0,27,27,26,26,22,24,21,21,20,21,18,20,20,18,17,17,18,17,19,14,16,15,16,13,14,12,11,12,0,0,0,0,0,0,0,21,22,23,23,25,26,28,28,29,30,31,32,32,32,32,32,32,32,31,31,31,31,31,32,30,30,30,29
20260804_015555_897cb2,1785805088640622,818312326,2,2,0,-50,128,0,17,17,16,16,15,15,14,14,13,13,12,13,12,12,12,12,11,11,11,10,10,9,9,8,8,7,0,0,0,0,0,0,0,0,0,0,0,13,13,14,15,16,16,16,17,18,18,18,19,18,18,18,18,18,17,17,18,18,18,18,18,18,17,0,29,28,27,27,26,26,24,23,23,23,22,21,21,21,20,19,19,18,18,17,16,16,14,13,14,12,12,10,0,0,0,0,0,0,0,20,21,22,24,25,26,27,29,29,29,31,32,32,32,32,31,31,31,32,31,31,31,32,32,31,31,31,30
20260804_015555_897cb2,1785805088738454,818411555,2,2,0,-49,128,0,15,15,15,14,14,13,13,12,12,12,12,12,11,11,11,11,11,10,10,10,9,9,9,8,8,8,0,0,0,0,0,0,0,0,0,0,0,12,13,13,14,15,15,15,16,16,16,16,16,16,16,15,15,15,15,15,15,15,15,15,16,16,16,0,29,28,28,26,25,25,24,23,22,23,21,21,22,21,20,21,20,20,20,19,17,17,16,16,15,14,13,13,0,0,0,0,0,0,0,21,23,24,24,26,27,27,27,29,30,31,30,30,29,30,30,31,29,29,28,29,28,29,30,29,30,30,30
20260804_015555_897cb2,1785805088846238,818516595,2,2,0,-49,128,0,16,16,16,16,14,15,14,14,13,12,12,11,11,11,11,10,11,10,10,9,9,8,8,7,7,6,0,0,0,0,0,0,0,0,0,0,0,13,13,14,16,16,17,17,17,18,19,19,19,19,19,18,18,18,18,18,18,17,18,18,17,17,17,0,30,29,28,27,26,25,24,23,22,23,22,20,19,20,19,19,19,17,17,16,16,15,14,12,12,12,10,10,0,0,0,0,0,0,0,20,22,23,25,25,28,28,29,30,31,32,33,32,32,33,32,32,31,31,31,32,31,31,32,31,31,32,30
20260804_015555_897cb2,1785805088938945,818612993,2,2,0,-48,128,0,16,16,15,14,14,14,13,13,12,12,12,12,11,11,11,11,11,11,11,11,10,10,9,9,8,8,0,0,0,0,0,0,0,0,0,0,0,13,14,14,15,16,16,17,17,18,18,18,18,18,18,18,18,17,17,17,18,17,16,17,17,16,16,0,58,55,54,52,51,48,47,46,43,45,43,41,40,41,39,39,39,39,38,39,35,34,32,31,29,29,28,27,0,0,0,0,0,0,0,42,45,47,50,52,53,57,58,62,61,64,63,63,63,65,65,61,62,60,60,62,61,60,59,62,60,57,57
20260804_015555_897cb2,1785805089042575,818712168,2,2,0,-48,128,0,16,15,15,14,13,13,13,12,12,12,11,11,11,10,10,10,10,10,10,9,9,9,8,8,8,7,0,0,0,0,0,0,0,0,0,0,0,13,13,14,15,16,16,17,17,17,17,17,18,17,17,17,17,17,17,16,16,16,17,17,16,16,16,0,28,27,26,25,25,23,22,22,22,21,21,20,20,20,19,20,19,19,18,18,18,16,16,14,15,14,12,12,0,0,0,0,0,0,0,22,21,23,24,27,26,28,29,30,30,31,32,30,31,32,31,30,31,30,30,30,30,30,30,30,29,30,29
20260804_015555_897cb2,1785805089141868,818812072,2,2,0,-49,128,0,14,14,13,13,12,12,11,10,10,10,10,9,9,9,9,9,8,8,8,8,7,6,7,5,5,5,0,0,0,0,0,0,0,0,0,0,0,13,14,14,15,16,16,16,16,17,17,17,17,17,17,16,16,16,16,16,16,16,16,15,15,15,14,0,28,27,26,26,23,22,22,21,22,21,19,18,17,18,17,16,16,16,15,14,13,13,13,12,11,10,10,9,0,0,0,0,0,0,0,24,25,25,28,29,30,31,31,32,33,33,34,33,34,34,33,33,32,31,31,31,31,31,31,30,30,31,29
20260804_015555_897cb2,1785805089239140,818911696,2,2,0,-51,128,0,15,15,15,13,13,12,12,11,11,11,10,10,10,10,9,9,9,9,8,8,8,7,7,6,6,5,0,0,0,0,0,0,0,0,0,0,0,15,15,16,16,17,18,19,18,19,19,19,18,18,19,18,18,17,17,17,17,17,17,17,17,17,16,0,27,27,26,25,23,23,20,20,20,20,18,18,18,18,16,16,15,15,15,14,14,13,11,11,10,10,9,9,0,0,0,0,0,0,0,25,25,26,28,28,30,32,32,33,34,35,35,34,34,34,34,33,33,32,32,30,30,30,31,30,29,29,29
20260804_015555_897cb2,1785805089336755,819011232,2,2,0,-53,128,0,14,14,13,13,12,12,11,10,10,9,9,9,9,9,7,7,6,6,6,6,4,4,4,4,4,3,0,0,0,0,0,0,0,0,0,0,0,15,15,15,17,17,17,18,18,19,19,19,19,18,18,18,18,18,17,17,17,16,16,16,16,16,16,0,29,28,27,25,24,23,21,19,19,19,19,17,16,16,14,13,13,13,11,10,10,9,8,8,7,7,5,5,0,0,0,0,0,0,0,27,29,29,30,30,33,32,34,35,35,36,35,35,35,35,35,35,35,35,33,33,34,33,33,31,32,31,30
20260804_015555_897cb2,1785805089441000,819111871,2,2,0,-57,128,0,14,14,13,12,12,11,10,9,9,9,8,8,8,7,7,6,6,6,6,6,6,5,6,6,6,6,0,0,0,0,0,0,0,0,0,0,0,16,17,16,17,17,17,17,18,17,17,17,17,17,17,17,17,17,16,17,17,17,16,16,16,16,15,0,28,24,25,23,23,22,19,17,17,17,17,15,15,14,14,14,13,12,13,13,13,12,13,11,13,13,12,12,0,0,0,0,0,0,0,29,29,29,29,30,31,33,33,33,33,33,34,33,34,34,34,33,32,33,31,32,32,31,32,30,30,30,29
20260804_015555_897cb2,1785805089569832,819245762,2,2,0,-57,128,0,14,14,14,13,12,11,11,10,9,9,8,7,7,7,6,7,6,6,5,4,4,4,4,3,4,4,0,0,0,0,0,0,0,0,0,0,0,18,19,19,19,19,20,19,21,20,19,21,20,19,19,18,18,18,18,17,17,17,17,16,16,16,16,0,50,50,48,48,42,44,40,31,35,30,29,28,26,27,22,20,21,19,16,16,17,12,13,14,12,11,13,15,0,0,0,0,0,0,0,61,63,67,65,70,67,68,69,71,73,74,69,74,70,73,68,69,64,62,61,61,64,64,60,57,60,59,54
20260804_015555_897cb2,1785805089639452,819313511,2,2,0,-55,128,0,16,15,14,14,13,12,11,11,11,9,9,9,8,8,8,6,6,6,6,5,5,4,4,4,3,3,0,0,0,0,0,0,0,0,0,0,0,14,14,14,15,16,16,17,17,18,19,19,17,18,17,18,19,17,19,17,18,18,19,19,19,18,16,0,29,28,27,25,25,23,21,21,18,18,18,16,16,16,14,13,11,13,12,9,9,8,5,7,6,6,6,6,0,0,0,0,0,0,0,22,24,24,24,26,27,31,30,31,32,32,34,33,34,34,36,34,34,34,34,34,33,31,31,31,32,32,31
20260804_015555_897cb2,1785805089737775,819412388,2,2,0,-57,128,0,14,14,13,12,12,11,11,10,9,9,9,9,8,8,8,7,7,7,6,6,6,4,4,4,4,4,0,0,0,0,0,0,0,0,0,0,0,17,17,18,18,18,19,19,19,19,19,19,18,18,18,17,18,17,17,17,16,16,16,16,16,16,16,0,27,25,25,22,22,21,19,19,18,18,18,15,16,15,15,14,13,12,13,11,11,9,8,8,6,6,5,5,0,0,0,0,0,0,0,30,30,30,32,32,34,34,36,36,35,35,35,34,33,34,34,33,32,32,30,31,30,30,29,29,30,29,27
20260804_015555_897cb2,1785805089836336,819511560,2,2,0,-54,128,0,16,15,15,14,13,12,12,11,11,10,10,10,9,9,8,8,7,7,7,6,6,5,4,4,4,4,0,0,0,0,0,0,0,0,0,0,0,14,16,16,16,17,18,18,18,19,19,18,18,18,18,18,18,18,17,18,18,17,17,17,18,18,16,0,29,26,27,26,24,24,22,20,20,19,18,17,17,16,16,15,14,14,12,11,11,9,8,8,7,6,6,6,0,0,0,0,0,0,0,25,25,26,27,28,29,30,31,33,33,34,34,35,34,34,34,33,33,33,32,32,31,32,31,30,31,31,30
20260804_015555_897cb2,1785805089939523,819611402,2,2,0,-53,128,0,15,15,14,13,13,12,12,11,11,10,10,10,10,9,9,9,8,8,7,7,7,6,6,5,5,4,0,0,0,0,0,0,0,0,0,0,0,16,16,17,17,17,18,18,19,19,19,19,18,19,18,18,18,18,17,16,16,16,16,16,16,16,15,0,26,28,26,25,23,23,21,22,19,19,18,18,18,17,16,15,15,14,13,12,12,11,10,9,9,8,7,7,0,0,0,0,0,0,0,27,28,29,30,32,32,33,32,34,34,35,35,34,34,33,33,32,33,32,32,31,30,31,30,31,29,30,28
20260804_015555_897cb2,1785805090063330,819734898,2,2,0,-56,128,0,17,17,16,15,14,13,12,12,12,10,9,10,9,8,7,8,6,6,6,5,5,4,3,4,2,2,0,0,0,0,0,0,0,0,0,0,0,16,17,17,18,17,18,19,19,19,19,19,20,19,19,19,18,19,18,19,19,19,19,18,17,18,18,0,28,29,27,25,25,24,23,21,19,17,18,16,15,14,13,13,11,11,9,9,8,6,5,4,4,3,3,3,0,0,0,0,0,0,0,28,28,27,29,31,31,32,34,33,33,32,34,32,33,35,34,32,31,33,33,31,34,32,30,32,31,32,31
20260804_015555_897cb2,1785805090149895,819823261,2,2,0,-55,128,0,16,16,16,15,14,14,13,13,11,11,11,11,10,10,10,9,9,9,7,7,7,7,5,5,5,5,0,0,0,0,0,0,0,0,0,0,0,16,16,16,16,17,17,17,19,18,18,18,18,18,17,17,18,18,18,17,18,17,18,18,18,17,18,0,57,58,55,52,52,48,44,44,42,40,38,38,33,37,31,33,31,30,25,26,23,21,20,16,18,17,13,15,0,0,0,0,0,0,0,52,53,56,58,57,61,61,63,64,65,67,64,64,64,64,64,65,64,66,62,62,63,63,64,61,61,64,59
20260804_015555_897cb2,1785805090249132,819920947,2,2,0,-53,128,0,15,15,14,14,13,13,12,11,11,11,10,9,9,9,8,8,7,7,6,5,5,4,4,3,3,2,0,0,0,0,0,0,0,0,0,0,0,15,16,16,17,17,18,18,18,18,18,18,18,18,17,17,18,17,17,17,17,17,17,16,17,16,16,0,29,28,27,26,25,23,22,21,20,19,19,17,16,17,15,15,13,12,12,10,9,8,7,6,5,4,3,3,0,0,0,0,0,0,0,28,28,29,30,30,32,32,33,34,35,35,35,34,33,34,33,34,33,33,32,33,31,32,32,31,31,31,30
20260804_015555_897cb2,1785805090336260,820011764,2,2,0,-53,128,0,15,15,15,13,13,12,11,11,10,10,9,9,9,8,7,7,6,6,5,5,4,4,4,3,2,2,0,0,0,0,0,0,0,0,0,0,0,13,13,15,16,16,16,16,17,18,18,18,18,18,18,18,18,18,17,17,17,17,17,17,16,16,16,0,57,56,56,51,50,45,44,42,39,37,35,33,31,30,27,27,24,23,20,18,16,13,11,9,8,6,4,3,0,0,0,0,0,0,0,46,50,50,54,54,59,59,64,64,66,67,67,69,69,67,69,69,67,68,64,69,66,66,66,63,64,64,63
20260804_015555_897cb2,1785805090457850,820132281,2,2,0,-54,128,0,16,15,14,13,13,12,11,11,11,9,10,9,9,8,8,7,6,6,5,4,4,4,3,2,2,3,0,0,0,0,0,0,0,0,0,0,0,14,15,15,17,16,17,18,18,19,19,19,19,20,19,20,19,18,18,18,18,18,18,17,17,17,17,0,28,27,26,24,24,23,22,20,18,18,17,16,15,14,13,13,11,11,9,7,8,7,5,5,4,4,4,3,0,0,0,0,0,0,0,24,25,26,27,28,31,31,33,34,35,35,36,36,36,36,36,36,35,35,34,34,34,33,33,32,33,32,30
20260804_015555_897cb2,1785805090552457,820224277,2,2,0,-52,128,0,15,15,14,13,13,13,12,11,11,10,9,9,9,9,9,7,7,7,6,6,5,4,4,4,3,2,0,0,0,0,0,0,0,0,0,0,0,14,15,15,16,17,17,17,18,18,18,19,18,18,18,18,18,17,18,17,17,17,17,17,17,17,17,0,29,29,26,26,25,24,22,21,20,20,18,17,17,15,15,14,14,13,11,11,10,9,8,7,6,4,4,3,0,0,0,0,0,0,0,24,25,26,27,28,29,32,31,32,33,35,35,34,34,34,34,34,33,33,33,31,32,32,32,32,31,32,30
20260804_015555_897cb2,1785805090639208,820313747,2,2,0,-53,128,0,14,13,13,12,12,11,9,9,9,9,7,7,7,6,6,5,5,5,4,4,4,3,3,3,2,2,0,0,0,0,0,0,0,0,0,0,0,16,16,16,17,18,18,18,19,19,19,19,19,19,18,18,18,18,17,16,16,16,16,15,15,15,15,0,27,25,23,24,22,20,19,18,16,17,15,15,14,12,11,11,10,10,9,7,7,6,6,5,4,3,4,4,0,0,0,0,0,0,0,27,29,30,30,31,32,33,34,34,36,36,34,35,36,35,35,34,33,33,31,32,32,30,31,30,30,29,28
20260804_015555_897cb2,1785805090744077,820420300,2,2,0,-51,128,0,14,14,13,13,12,12,11,11,10,10,9,9,9,9,9,9,9,8,8,6,6,6,5,5,4,4,0,0,0,0,0,0,0,0,0,0,0,14,14,15,16,16,16,17,17,17,18,17,17,17,17,17,17,16,16,16,17,16,16,15,16,15,15,0,28,26,26,24,25,24,22,21,19,19,18,18,16,17,16,16,16,15,15,12,12,11,11,10,9,7,8,7,0,0,0,0,0,0,0,25,25,26,28,28,30,30,32,32,33,33,32,33,33,32,31,33,31,32,30,32,31,31,31,29,30,30,28
20260804_015555_897cb2,1785805090842578,820519314,2,2,0,-54,128,0,15,15,14,13,12,10,10,9,9,8,8,7,6,5,5,4,4,3,2,2,1,1,1,1,2,2,0,0,0,0,0,0,0,0,0,0,0,18,18,19,19,19,20,21,21,21,21,21,21,21,20,20,20,20,18,18,18,18,18,18,17,17,17,0,25,26,24,22,20,19,18,17,15,15,13,12,11,9,9,7,6,5,4,4,1,2,2,2,3,4,4,4,0,0,0,0,0,0,0,30,30,32,32,34,34,35,34,36,37,37,38,37,36,36,35,34,35,33,34,32,32,32,31,31,30,30,29
20260804_015555_897cb2,1785805090945875,820618615,2,2,0,-51,128,0,15,15,14,13,13,13,12,12,11,11,10,10,9,9,9,8,8,8,8,6,6,6,5,5,5,4,0,0,0,0,0,0,0,0,0,0,0,15,14,15,16,17,17,18,17,18,18,18,18,18,17,17,17,17,17,17,17,17,17,17,17,17,16,0,29,26,27,25,24,23,22,22,19,21,19,17,17,17,16,15,15,14,14,13,12,11,11,11,9,7,7,7,0,0,0,0,0,0,0,25,26,27,28,29,30,31,33,33,34,34,34,33,34,33,33,32,32,30,32,31,31,32,31,30,30,30,29
20260804_015555_897cb2,1785805091043662,820720820,2,2,0,-53,128,0,13,12,12,11,11,10,9,9,9,8,8,7,6,6,6,5,5,4,4,3,3,3,2,2,2,2,0,0,0,0,0,0,0,0,0,0,0,15,16,16,17,17,17,17,18,18,18,18,18,18,18,17,17,17,16,16,16,16,15,15,14,14,14,0,26,25,24,22,21,19,19,17,17,16,15,14,13,11,11,11,9,9,7,7,5,4,4,4,3,4,3,3,0,0,0,0,0,0,0,29,29,30,31,31,33,34,36,35,36,36,37,36,36,35,35,34,34,33,33,33,32,31,31,31,30,29,29
20260804_015555_897cb2,1785805091136495,820810771,2,2,0,-50,128,0,16,17,16,16,15,15,14,13,13,13,12,12,11,11,11,10,10,10,9,9,8,8,7,7,7,6,0,0,0,0,0,0,0,0,0,0,0,15,16,16,17,18,18,19,19,19,19,19,19,19,19,18,18,18,18,18,18,18,18,18,18,18,18,0,28,28,27,26,25,25,24,22,21,21,21,19,19,18,18,18,18,17,16,15,14,13,12,12,11,10,9,9,0,0,0,0,0,0,0,25,25,26,27,28,29,30,31,31,32,33,33,33,32,32,33,31,32,32,32,31,31,31,30,30,31,30,29
20260804_015555_897cb2,1785805091239829,820915562,2,2,0,-48,128,0,14,14,13,13,13,12,12,11,11,10,10,9,9,8,8,9,8,8,8,8,6,6,6,6,5,5,0,0,0,0,0,0,0,0,0,0,0,15,15,16,17,17,17,17,18,18,18,18,18,18,18,18,17,17,17,16,16,16,16,16,16,15,15,0,27,25,25,23,23,22,22,20,20,20,19,18,17,17,16,17,15,16,16,14,13,12,11,11,11,9,8,8,0,0,0,0,0,0,0,25,26,26,28,29,31,31,33,33,33,34,33,34,34,33,32,32,30,31,30,31,29,29,29,28,28,28,28
20260804_015555_897cb2,1785805091343459,821018081,2,2,0,-52,128,0,14,14,14,13,12,11,11,11,11,11,10,9,9,9,9,9,8,7,6,6,7,6,6,5,4,5,0,0,0,0,0,0,0,0,0,0,0,16,17,17,18,18,19,19,19,19,19,18,19,18,18,18,17,17,16,17,17,17,16,16,16,16,15,0,25,26,24,24,23,22,21,20,20,18,19,16,17,16,16,14,14,14,11,11,11,10,10,9,9,6,7,7,0,0,0,0,0,0,0,28,28,30,32,33,34,33,35,35,37,36,37,36,35,35,35,32,34,33,32,33,32,30,30,31,29,29,29
20260804_015555_897cb2,1785805091441440,821112425,2,2,0,-49,128,0,14,14,14,13,13,13,12,12,11,11,11,11,10,10,10,10,9,9,9,9,8,8,7,7,6,6,0,0,0,0,0,0,0,0,0,0,0,14,15,15,16,16,17,17,17,17,17,18,18,17,17,17,17,17,16,16,16,16,15,15,16,15,15,0,27,25,26,24,25,23,22,21,21,20,19,19,19,19,17,18,17,17,16,16,16,14,14,13,12,12,11,11,0,0,0,0,0,0,0,23,26,26,27,27,29,29,31,32,31,32,32,31,31,32,31,31,30,29,29,30,29,29,29,28,29,28,29
20260804_015555_897cb2,1785805091540015,821211954,2,2,0,-48,128,0,16,16,16,16,15,13,14,13,13,13,13,12,12,12,12,13,13,12,12,11,11,10,10,10,9,9,0,0,0,0,0,0,0,0,0,0,0,16,16,17,17,18,18,19,19,19,19,19,19,19,18,17,17,17,17,18,17,17,17,16,17,16,16,0,54,52,52,49,47,48,46,43,44,42,42,41,40,41,41,40,40,39,39,38,37,35,34,34,32,32,29,28,0,0,0,0,0,0,0,51,52,53,52,57,59,61,61,62,63,64,65,62,64,63,61,60,61,59,59,56,59,56,58,56,57,56,56
20260804_015555_897cb2,1785805091639134,821311007,2,2,0,-49,128,0,14,14,13,13,13,12,12,11,11,11,10,10,10,10,10,9,10,10,9,9,9,9,8,8,8,7,0,0,0,0,0,0,0,0,0,0,0,13,13,14,15,16,16,17,17,17,18,18,17,17,17,16,17,16,16,16,16,16,16,16,16,16,14,0,54,51,51,50,46,46,45,42,39,40,39,37,36,36,36,36,36,35,34,33,31,31,31,28,29,29,27,28,0,0,0,0,0,0,0,47,49,49,52,53,57,60,60,62,63,65,66,66,64,64,65,62,63,61,60,62,60,59,58,56,57,58,55
20260804_015555_897cb2,1785805091736925,821411787,2,2,0,-51,128,0,15,14,14,13,13,12,12,11,11,11,11,11,10,10,10,10,10,10,9,9,9,9,8,8,7,8,0,0,0,0,0,0,0,0,0,0,0,14,14,14,15,16,16,16,17,18,18,17,17,17,17,17,17,16,16,16,16,16,16,15,16,16,16,0,54,55,52,51,48,47,44,43,42,42,40,38,38,37,36,37,36,35,34,33,32,29,29,28,26,24,24,23,0,0,0,0,0,0,0,48,49,51,54,55,56,59,60,62,64,65,65,65,64,65,64,63,64,62,61,61,60,61,61,59,59,60,57
20260804_015555_897cb2,1785805091840393,821511622,2,2,0,-53,128,0,16,16,15,15,14,14,14,14,12,13,13,13,12,12,13,13,13,13,13,13,13,12,12,12,12,11,0,0,0,0,0,0,0,0,0,0,0,10,10,11,12,13,13,14,14,14,16,16,16,16,16,16,17,16,16,17,17,17,17,16,16,16,16,0,57,56,57,52,51,52,49,48,46,48,47,45,46,46,46,47,47,46,45,47,46,45,43,43,41,41,39,39,0,0,0,0,0,0,0,32,35,35,38,40,43,45,47,50,53,54,56,57,60,59,60,60,61,61,60,61,61,62,62,62,61,61,59
20260804_015555_897cb2,1785805091939455,821610861,2,2,0,-52,128,0,15,15,15,14,14,13,12,12,11,11,11,11,10,10,10,9,9,9,8,8,7,7,6,6,5,5,0,0,0,0,0,0,0,0,0,0,0,12,12,13,13,14,14,15,15,16,16,16,16,16,16,16,16,16,16,16,16,16,16,16,16,16,16,0,30,29,28,27,27,25,25,23,22,21,21,21,20,20,19,18,17,17,16,16,14,14,13,11,11,11,9,8,0,0,0,0,0,0,0,22,23,23,23,25,26,26,27,28,29,30,30,31,31,31,31,31,31,31,30,32,32,32,32,31,31,31,31
20260804_015555_897cb2,1785805092037930,821712876,2,2,0,-58,128,0,17,16,16,14,14,13,13,12,11,11,10,9,9,9,8,8,7,7,6,6,6,4,4,5,4,5,0,0,0,0,0,0,0,0,0,0,0,16,16,16,17,17,17,17,18,18,18,18,19,18,18,18,18,18,18,18,18,18,18,18,18,18,17,0,61,60,54,54,50,47,44,42,39,38,37,33,32,28,28,25,24,24,22,21,19,18,16,16,15,16,16,15,0,0,0,0,0,0,0,57,57,57,57,60,60,60,63,64,65,65,68,66,65,68,69,67,66,67,67,70,68,66,68,64,69,66,63
20260804_015555_897cb2,1785805092141897,821813091,2,2,0,-61,128,0,12,12,12,12,11,11,10,10,10,11,11,11,11,12,12,12,13,13,14,14,14,15,16,16,16,16,0,0,0,0,0,0,0,0,0,0,0,14,14,15,15,15,15,15,15,15,15,15,14,14,14,13,14,13,13,14,13,13,13,13,13,13,13,0,51,47,46,42,43,43,42,40,40,42,42,42,44,45,44,48,48,53,54,54,57,56,59,60,59,63,63,66,0,0,0,0,0,0,0,54,56,55,55,54,57,56,57,58,58,57,57,56,56,56,54,54,54,52,50,54,53,52,51,50,51,51,50
20260804_015555_897cb2,1785805092257860,821928519,2,2,0,-57,128,0,15,14,14,14,14,14,13,13,13,13,13,13,13,13,14,14,13,13,14,14,14,14,14,14,13,12,0,0,0,0,0,0,0,0,0,0,0,14,14,15,15,15,15,15,16,15,14,15,15,15,14,14,14,14,14,14,14,14,14,15,14,15,14,0,55,54,53,53,51,51,51,49,49,50,50,49,49,49,51,49,52,49,51,52,52,48,51,48,46,45,46,44,0,0,0,0,0,0,0,50,51,51,50,54,53,57,53,54,54,55,54,52,52,52,51,52,53,51,51,50,52,53,54,56,55,55,53
20260804_015555_897cb2,1785805092349441,822022447,2,2,0,-56,128,0,16,16,16,15,15,15,15,14,14,14,14,14,14,14,14,13,13,13,13,12,12,12,12,11,11,11,0,0,0,0,0,0,0,0,0,0,0,12,11,12,13,13,13,13,13,14,15,14,15,15,15,15,15,15,15,15,16,16,16,16,17,17,16,0,31,33,31,28,29,28,30,27,28,27,26,25,25,26,23,25,25,25,25,24,24,22,21,20,21,19,18,19,0,0,0,0,0,0,0,20,20,22,22,23,23,24,24,25,25,26,27,27,27,28,29,29,28,28,27,29,29,29,30,31,31,33,34
20260804_015555_897cb2,1785805092441462,822111325,2,2,0,-52,128,0,14,15,15,14,14,14,14,14,14,14,14,14,14,15,15,15,15,14,14,14,14,14,14,13,13,13,0,0,0,0,0,0,0,0,0,0,0,10,10,11,11,11,12,12,12,12,13,13,13,13,13,13,13,13,13,13,14,14,14,14,14,15,14,0,57,58,57,57,55,56,56,54,55,56,55,54,54,55,56,56,56,56,56,56,55,52,52,51,48,47,45,44,0,0,0,0,0,0,0,36,37,39,40,41,41,43,45,47,47,47,47,48,50,49,50,49,50,49,51,51,52,52,53,54,55,56,56
20260804_015555_897cb2,1785805092539527,822212761,2,2,0,-50,128,0,16,16,15,15,15,15,15,15,15,15,15,15,15,15,15,15,15,15,16,15,14,14,14,13,14,13,0,0,0,0,0,0,0,0,0,0,0,10,11,12,12,13,13,14,13,13,14,13,13,14,14,14,14,14,14,14,15,15,14,15,15,15,16,0,58,60,58,57,56,58,56,55,56,57,56,55,55,56,58,56,57,57,58,56,54,53,52,50,49,47,48,43,0,0,0,0,0,0,0,36,39,40,41,44,46,47,47,50,50,50,51,49,50,51,53,51,51,51,51,51,53,54,56,56,56,58,57
20260804_015555_897cb2,1785805092644286,822313201,2,2,0,-50,128,0,15,15,14,14,14,14,14,13,14,14,13,13,13,13,13,13,13,14,14,14,14,13,13,12,12,12,0,0,0,0,0,0,0,0,0,0,0,12,12,12,12,13,13,13,14,14,14,14,13,13,14,14,14,13,13,13,13,13,14,14,14,14,14,0,52,54,52,52,51,52,49,50,50,51,51,51,50,50,51,50,52,52,51,51,51,48,50,48,47,44,45,45,0,0,0,0,0,0,0,39,42,43,44,46,48,48,50,52,52,53,52,53,52,52,51,50,52,50,51,50,50,52,55,54,51,53,49
20260804_015555_897cb2,1785805092742454,822415355,2,2,0,-52,128,0,14,13,13,13,13,13,13,13,13,12,13,13,13,13,13,13,13,13,13,13,13,12,13,13,13,12,0,0,0,0,0,0,0,0,0,0,0,12,13,14,14,14,14,14,15,15,15,15,15,13,13,13,13,13,13,13,13,13,13,13,14,13,14,0,53,53,50,53,50,50,49,50,49,51,49,48,49,49,51,52,51,52,53,52,52,49,49,47,46,47,46,45,0,0,0,0,0,0,0,45,47,49,50,51,53,54,54,57,56,56,58,56,54,53,53,50,52,50,50,49,50,50,50,52,50,51,52
20260804_015555_897cb2,1785805092846966,822518406,2,2,0,-56,128,0,15,15,15,15,15,15,15,15,14,14,15,15,15,15,15,16,16,16,16,16,16,16,16,15,15,15,0,0,0,0,0,0,0,0,0,0,0,14,15,15,16,15,15,15,14,14,15,14,13,13,13,13,12,12,12,13,13,13,13,13,14,14,14,0,52,54,55,56,53,53,52,53,53,56,55,55,56,57,58,56,58,57,60,59,58,57,57,55,55,52,51,50,0,0,0,0,0,0,0,50,51,51,50,53,54,52,52,54,52,52,52,47,47,47,47,46,45,45,45,44,46,43,49,48,49,53,52
20260804_015555_897cb2,1785805092939324,822612126,2,2,0,-57,128,0,15,15,15,15,14,15,14,15,15,14,15,14,14,15,15,15,15,15,15,15,15,14,14,13,14,14,0,0,0,0,0,0,0,0,0,0,0,9,9,9,9,9,9,10,10,9,9,9,10,10,11,11,11,11,11,12,12,13,13,13,14,14,15,0,59,60,58,60,60,61,59,57,56,58,58,57,57,60,60,57,60,59,61,59,60,58,58,57,56,53,52,53,0,0,0,0,0,0,0,37,37,35,37,38,37,38,36,38,38,38,41,39,40,42,42,42,46,46,47,49,52,52,53,53,58,56,57
20260804_015555_897cb2,1785805093037313,822712323,2,2,0,-62,128,0,9,10,10,10,11,11,11,11,12,12,13,13,14,14,15,16,16,16,17,17,18,18,18,17,18,17,0,0,0,0,0,0,0,0,0,0,0,16,16,16,16,15,15,14,14,13,12,12,11,10,10,10,9,9,8,9,8,8,8,8,9,10,9,0,17,19,19,21,20,22,22,22,22,24,25,25,26,26,28,28,31,31,33,32,33,33,34,34,33,32,34,33,0,0,0,0,0,0,0,32,32,30,30,31,30,30,29,28,27,26,25,22,23,21,19,19,18,17,17,16,16,16,16,16,16,16,17
20260804_015555_897cb2,1785805093140712,822813122,2,2,0,-64,128,0,7,8,8,9,9,9,10,10,11,11,12,13,14,15,16,16,18,19,20,20,20,21,21,21,21,22,0,0,0,0,0,0,0,0,0,0,0,15,15,14,15,14,14,14,13,12,12,11,10,10,9,9,9,8,8,7,7,6,7,7,7,7,7,0,14,15,16,16,17,18,19,18,20,22,24,25,26,28,30,33,34,36,38,40,41,40,41,42,41,43,41,42,0,0,0,0,0,0,0,29,30,29,30,28,28,26,26,26,24,24,23,21,20,18,18,17,16,15,14,14,13,13,14,13,13,13,13
20260804_015555_897cb2,1785805093244539,822920911,2,2,0,-63,128,0,15,14,13,12,11,10,9,7,7,6,6,5,4,4,4,5,5,6,7,8,9,9,10,11,11,12,0,0,0,0,0,0,0,0,0,0,0,12,13,13,12,13,14,15,15,16,16,17,17,18,17,18,18,18,18,18,18,18,18,18,18,17,16,0,29,27,25,24,22,19,17,16,14,12,10,9,8,7,9,8,10,10,13,14,15,18,20,21,22,23,23,24,0,0,0,0,0,0,0,23,24,23,24,24,25,26,27,29,31,30,32,33,33,35,34,34,35,35,36,36,35,35,34,35,34,34,31
20260804_015555_897cb2,1785805093342208,823016543,2,2,0,-61,128,0,14,13,13,12,11,11,10,9,9,9,9,9,9,9,10,10,11,12,13,13,13,13,14,13,14,16,0,0,0,0,0,0,0,0,0,0,0,4,5,6,8,9,9,10,12,13,14,16,16,16,16,16,17,17,18,17,17,17,17,16,17,16,16,0,58,53,55,47,45,43,38,39,37,36,34,34,37,39,38,43,43,44,48,46,50,50,52,53,54,57,53,58,0,0,0,0,0,0,0,8,11,15,20,22,28,31,39,42,48,52,55,57,62,60,64,66,64,66,64,66,65,67,66,64,64,62,60
20260804_015555_897cb2,1785805093439988,823110946,2,2,0,-64,128,0,13,12,10,10,8,7,6,4,3,3,2,2,4,4,7,8,9,9,11,12,13,14,16,16,16,17,0,0,0,0,0,0,0,0,0,0,0,8,8,8,9,10,10,11,13,14,15,15,16,16,17,17,17,17,17,17,18,17,18,17,16,16,15,0,26,25,21,20,17,14,12,9,8,6,6,5,7,9,12,15,17,19,23,26,26,28,32,31,34,37,35,38,0,0,0,0,0,0,0,17,17,17,17,17,20,21,22,23,26,29,29,31,33,34,35,35,37,35,35,35,34,35,35,34,33,33,32
20260804_015555_897cb2,1785805093539067,823210847,2,2,0,-62,128,0,16,15,13,13,11,10,9,8,7,6,5,4,4,4,4,5,6,6,7,7,9,9,10,11,11,11,0,0,0,0,0,0,0,0,0,0,0,7,7,8,9,10,11,12,13,14,16,16,17,17,18,18,19,19,19,19,20,19,19,19,19,18,18,0,30,29,26,24,22,19,18,15,14,13,11,8,8,8,9,10,10,13,14,16,18,17,18,21,21,21,22,23,0,0,0,0,0,0,0,13,14,14,15,16,18,20,22,25,26,29,30,32,34,34,37,36,37,37,38,38,39,38,37,37,37,36,34
20260804_015555_897cb2,1785805093638000,823313374,2,2,0,-63,128,0,14,13,13,12,11,10,9,9,8,8,8,7,7,7,7,9,8,9,10,10,11,12,13,13,13,14,0,0,0,0,0,0,0,0,0,0,0,14,13,13,14,14,14,15,14,14,15,15,16,16,16,16,16,16,16,17,17,16,16,16,16,15,16,0,29,26,25,24,22,20,19,16,16,16,15,13,14,14,14,16,16,18,19,21,21,23,23,25,27,28,28,30,0,0,0,0,0,0,0,28,28,27,27,27,27,27,26,29,27,28,28,30,31,31,32,32,31,32,32,34,32,33,34,32,33,31,30
20260804_015555_897cb2,1785805093740694,823410916,2,2,0,-62,128,0,15,14,14,13,12,11,11,10,11,10,10,11,11,12,12,13,13,14,14,16,16,16,16,16,17,17,0,0,0,0,0,0,0,0,0,0,0,9,9,9,9,10,10,11,12,13,13,14,14,16,16,17,17,18,17,17,17,17,17,17,17,16,16,0,29,27,26,25,24,22,20,21,19,20,22,20,20,23,23,24,26,28,29,30,29,29,30,31,32,31,31,33,0,0,0,0,0,0,0,19,19,18,17,17,17,19,19,21,22,25,27,28,28,30,30,32,32,33,31,33,33,33,34,34,33,32,31
20260804_015555_897cb2,1785805093837816,823512334,2,2,0,-63,128,0,13,13,11,10,9,9,8,6,5,4,3,3,2,3,4,4,6,6,8,9,10,11,12,12,13,14,0,0,0,0,0,0,0,0,0,0,0,14,15,15,15,16,16,17,17,17,18,19,19,18,19,19,18,18,18,18,18,17,17,17,16,16,16,0,26,25,21,20,17,16,14,10,10,9,6,5,6,5,7,8,11,13,16,18,20,22,24,26,26,27,29,30,0,0,0,0,0,0,0,25,25,27,26,28,29,29,30,33,33,34,34,34,35,35,36,34,36,35,34,35,35,34,33,34,32,31,29
20260804_015555_897cb2,1785805093941050,823616223,2,2,0,-70,128,0,7,6,4,4,2,1,1,2,3,5,6,8,10,12,14,15,17,19,21,22,24,26,27,28,29,30,0,0,0,0,0,0,0,0,0,0,0,13,13,11,9,8,7,4,3,1,1,2,4,6,6,7,8,9,9,10,10,10,11,10,10,10,8,0,14,12,9,7,4,3,1,3,5,9,12,15,19,23,26,30,34,37,42,43,47,50,53,55,57,59,62,65,0,0,0,0,0,0,0,30,30,26,24,22,19,16,12,9,6,2,3,5,7,12,12,14,16,17,18,18,21,19,21,20,20,19,17
20260804_015555_897cb2,1785805094039796,823711362,2,2,0,-61,128,0,17,17,17,15,14,14,13,12,12,11,10,10,10,9,9,8,8,8,7,7,7,7,7,7,7,7,0,0,0,0,0,0,0,0,0,0,0,7,8,8,9,10,11,11,13,14,15,15,16,16,16,16,16,17,17,17,17,17,18,17,18,18,18,0,34,33,30,30,27,27,27,25,23,22,21,21,18,17,18,16,16,15,15,14,14,13,13,13,13,13,14,14,0,0,0,0,0,0,0,14,14,15,15,17,18,21,22,24,24,26,29,28,31,31,32,32,34,32,34,33,34,35,35,37,35,35,33
20260804_015555_897cb2,1785805094150841,823821096,2,2,0,-57,128,0,18,18,17,17,16,16,16,15,15,15,15,15,14,15,14,14,14,13,13,13,13,12,11,11,10,10,0,0,0,0,0,0,0,0,0,0,0,8,7,8,9,9,9,9,10,10,12,13,13,13,13,13,15,14,15,16,16,17,16,17,17,18,17,0,34,34,33,34,32,31,31,30,29,28,29,28,27,27,26,27,26,26,26,24,25,23,22,21,19,20,18,19,0,0,0,0,0,0,0,16,16,14,15,15,16,17,18,18,20,20,21,23,23,25,23,25,27,26,28,29,30,31,31,32,34,33,35
20260804_015555_897cb2,1785805094278569,823951900,2,2,0,-58,128,0,17,17,16,16,15,15,14,13,12,12,11,11,10,10,9,9,9,9,8,7,6,6,5,5,5,4,0,0,0,0,0,0,0,0,0,0,0,8,8,9,9,11,11,12,13,13,14,15,15,15,16,16,16,17,17,17,18,18,18,19,19,19,19,0,34,34,32,32,30,28,27,26,25,24,23,22,21,20,19,18,17,17,16,15,13,11,11,9,9,8,7,6,0,0,0,0,0,0,0,14,15,16,16,18,18,20,21,24,23,26,27,29,28,30,31,31,32,33,33,34,34,35,35,36,36,36,35
20260804_015555_897cb2,1785805094337059,824011368,2,2,0,-56,128,0,16,16,16,16,15,15,14,13,13,12,12,12,11,11,11,10,11,9,9,8,8,8,8,6,6,6,0,0,0,0,0,0,0,0,0,0,0,10,10,11,11,12,12,13,13,13,14,15,15,15,15,16,16,16,16,17,17,17,18,17,18,17,17,0,64,63,62,59,59,58,55,51,51,48,48,46,44,44,41,41,38,39,37,35,32,30,29,26,26,24,22,21,0,0,0,0,0,0,0,34,36,35,38,40,43,44,46,49,50,53,55,56,55,59,59,59,59,60,61,63,64,65,66,66,66,66,67
20260804_015555_897cb2,1785805094440543,824111909,2,2,0,-56,128,0,17,18,17,17,16,16,16,16,16,15,15,15,15,15,15,14,14,15,15,14,14,14,13,13,13,13,0,0,0,0,0,0,0,0,0,0,0,9,10,10,11,11,11,13,13,13,13,14,13,15,15,15,14,16,16,16,16,16,16,16,17,17,18,0,63,62,62,60,61,59,57,56,56,55,54,52,55,53,51,52,52,52,51,52,50,49,46,45,44,44,42,42,0,0,0,0,0,0,0,33,34,34,36,37,40,39,41,43,45,46,48,51,51,53,52,54,54,55,55,57,60,59,60,60,62,62,61
20260804_015555_897cb2,1785805094544410,824214026,2,2,0,-55,128,0,16,16,16,16,15,15,15,15,15,15,15,15,15,15,15,15,15,15,15,15,14,14,14,13,13,12,0,0,0,0,0,0,0,0,0,0,0,9,10,10,11,12,12,13,13,13,14,14,14,14,14,14,14,15,15,15,15,15,16,16,16,16,17,0,31,29,29,29,28,28,27,27,27,27,28,27,27,27,27,26,27,27,27,27,26,25,24,24,23,23,22,23,0,0,0,0,0,0,0,16,17,18,18,19,21,21,22,23,24,25,25,26,25,26,26,26,27,28,27,28,29,28,29,29,29,29,31
20260804_015555_897cb2,1785805094649705,824320920,2,2,0,-57,128,0,13,14,14,15,15,14,14,15,15,15,16,16,16,16,16,17,17,18,18,18,18,16,17,16,15,16,0,0,0,0,0,0,0,0,0,0,0,4,5,5,6,5,6,6,6,6,6,6,7,7,8,9,8,9,9,10,9,10,11,12,12,13,13,0,27,28,29,28,30,29,30,29,30,30,31,31,32,32,33,34,35,35,35,35,37,35,34,34,33,32,32,31,0,0,0,0,0,0,0,9,9,9,9,11,11,11,11,11,13,13,13,14,14,15,16,17,17,18,19,18,19,21,22,22,25,26,25
20260804_015555_897cb2,1785805094747346,824418998,2,2,0,-53,128,0,13,13,13,13,13,13,13,13,14,14,14,14,14,14,15,14,16,16,15,15,16,15,15,14,14,13,0,0,0,0,0,0,0,0,0,0,0,9,9,10,10,11,10,11,11,11,12,11,11,12,12,11,11,11,11,11,12,12,12,12,13,13,13,0,52,51,52,52,53,52,52,52,52,53,55,55,56,57,57,60,58,60,60,61,60,58,57,57,54,55,51,51,0,0,0,0,0,0,0,37,39,38,39,40,41,41,43,43,43,44,42,44,44,43,45,44,44,44,43,46,47,47,47,48,50,51,50
20260804_015555_897cb2,1785805094844473,824514803,2,2,0,-52,128,0,15,14,15,13,14,15,14,14,14,14,15,15,15,16,16,16,16,16,16,16,16,16,15,15,15,14,0,0,0,0,0,0,0,0,0,0,0,8,9,9,10,10,11,11,12,12,11,12,12,12,12,12,12,12,12,12,12,13,13,13,13,14,14,0,57,56,56,56,54,55,55,55,56,57,57,57,59,59,59,61,62,61,62,62,62,60,60,57,57,55,53,53,0,0,0,0,0,0,0,31,32,35,36,36,38,40,40,43,43,44,43,44,44,45,46,45,45,45,45,47,47,48,51,50,51,53,54
20260804_015555_897cb2,1785805094936516,824611850,2,2,0,-54,128,0,13,14,14,14,14,14,14,14,14,14,14,14,15,15,15,15,16,16,16,16,15,15,15,14,14,15,0,0,0,0,0,0,0,0,0,0,0,7,8,8,8,8,8,9,9,9,9,9,9,9,10,10,10,10,10,11,11,12,12,12,13,13,13,0,27,28,27,28,27,28,28,28,28,29,28,29,29,29,30,30,31,31,31,31,31,30,29,29,28,28,27,27,0,0,0,0,0,0,0,14,15,15,15,16,16,17,16,17,18,20,20,19,19,19,20,21,21,21,21,22,22,23,23,25,25,26,26
20260804_015555_897cb2,1785805095035855,824710846,2,2,0,-54,128,0,13,13,13,13,13,14,14,13,13,14,14,14,14,15,15,15,15,15,16,16,16,16,16,15,14,14,0,0,0,0,0,0,0,0,0,0,0,7,8,7,8,7,8,9,9,9,9,9,9,9,9,9,8,9,9,10,10,11,11,11,12,13,12,0,52,54,58,56,57,58,58,57,57,60,60,62,63,65,64,66,66,69,68,67,66,65,63,61,61,60,58,58,0,0,0,0,0,0,0,29,31,30,31,32,34,36,36,37,38,38,37,38,38,38,39,39,39,41,40,41,43,46,46,46,49,52,53
20260804_015555_897cb2,1785805095138842,824811195,2,2,0,-52,128,0,15,15,15,15,15,15,15,15,15,15,15,15,15,15,15,16,16,16,16,16,15,15,15,14,14,14,0,0,0,0,0,0,0,0,0,0,0,10,10,11,11,11,11,12,12,12,12,12,12,12,12,13,12,12,13,13,13,13,14,14,14,15,14,0,56,58,58,57,56,57,56,57,57,57,57,58,58,59,59,60,60,61,59,60,61,59,56,54,54,53,51,51,0,0,0,0,0,0,0,34,36,38,38,39,41,42,42,43,44,45,48,46,46,48,46,46,47,46,47,49,51,50,52,52,54,55,55
20260804_015555_897cb2,1785805095237810,824912769,2,2,0,-51,128,0,15,15,16,16,15,16,16,15,15,16,16,16,16,16,17,17,17,17,17,17,16,16,15,15,15,14,0,0,0,0,0,0,0,0,0,0,0,8,8,8,9,9,9,10,10,10,10,11,11,11,11,12,12,12,12,13,13,13,14,14,14,15,15,0,29,30,30,30,29,30,29,28,29,30,30,30,31,31,32,31,32,32,32,31,31,30,29,28,28,28,26,26,0,0,0,0,0,0,0,14,15,15,16,16,17,17,17,18,20,21,21,21,22,22,23,23,23,24,24,24,25,25,26,26,27,28,29
20260804_015555_897cb2,1785805095341411,825013202,2,2,0,-51,128,0,14,14,14,14,14,14,14,14,14,14,14,14,14,14,14,14,14,15,15,14,14,13,13,13,13,13,0,0,0,0,0,0,0,0,0,0,0,7,7,9,9,9,9,9,9,11,11,11,11,11,11,12,11,12,12,12,13,13,13,13,14,14,14,0,61,60,58,57,57,58,58,56,54,57,57,57,56,58,58,59,58,61,60,57,58,55,52,54,51,50,47,46,0,0,0,0,0,0,0,28,28,30,30,33,35,37,40,39,41,41,41,43,44,45,46,46,46,48,47,49,51,52,53,52,54,58,58
20260804_015555_897cb2,1785805095438568,825111115,2,2,0,-51,128,0,14,14,14,15,14,14,14,14,14,14,14,15,15,15,15,15,15,15,15,15,15,15,15,14,14,13,0,0,0,0,0,0,0,0,0,0,0,7,8,8,9,9,9,10,10,10,11,11,11,11,11,11,11,11,11,12,12,12,13,13,13,14,14,0,56,57,57,58,56,58,55,57,56,58,58,55,58,59,60,60,60,61,61,59,62,58,55,56,52,50,52,51,0,0,0,0,0,0,0,29,32,30,32,33,36,38,37,39,41,42,44,44,46,45,45,45,46,46,47,50,51,50,51,52,55,56,56
20260804_015555_897cb2,1785805095542687,825214104,2,2,0,-51,128,0,15,17,16,16,15,15,16,15,16,16,16,15,16,16,16,16,16,16,16,17,15,15,15,14,14,14,0,0,0,0,0,0,0,0,0,0,0,9,9,10,10,10,11,11,12,12,12,12,13,13,13,13,13,13,14,14,14,14,15,14,15,15,15,0,59,58,61,56,58,58,56,56,57,58,58,56,57,59,58,61,57,61,60,59,58,56,55,53,51,52,49,49,0,0,0,0,0,0,0,30,32,32,33,37,37,39,40,40,42,43,42,45,46,45,48,46,48,52,47,52,51,53,51,55,55,56,57
20260804_015555_897cb2,1785805095635966,825311033,2,2,0,-52,128,0,17,17,16,16,15,17,16,16,16,16,16,16,16,15,16,16,17,16,16,16,15,15,15,14,14,14,0,0,0,0,0,0,0,0,0,0,0,7,7,8,8,8,9,9,10,10,11,11,12,12,12,12,13,13,13,13,14,14,14,15,15,15,16,0,60,61,61,59,60,59,60,60,57,58,60,58,58,58,59,59,60,61,60,59,59,57,56,53,52,51,50,49,0,0,0,0,0,0,0,19,21,22,24,26,28,30,31,34,37,37,40,42,41,43,45,46,47,47,48,51,51,53,55,56,57,59,58
20260804_015555_897cb2,1785805095740542,825411143,2,2,0,-54,128,0,15,15,15,15,15,15,15,15,15,15,16,16,17,17,17,18,17,17,17,17,17,17,16,16,16,15,0,0,0,0,0,0,0,0,0,0,0,8,9,8,9,9,9,9,10,10,10,10,10,10,10,10,10,11,11,11,12,12,13,13,13,14,14,0,57,58,58,57,59,61,59,59,59,61,63,62,64,64,64,66,65,68,68,67,68,65,64,63,61,60,58,58,0,0,0,0,0,0,0,30,31,31,32,34,34,35,35,36,37,37,38,38,37,37,38,39,40,42,44,43,47,48,48,49,51,53,55
20260804_015555_897cb2,1785805095839547,825511106,2,2,0,-50,128,0,15,15,14,15,14,15,15,14,15,14,14,15,15,15,16,15,16,16,16,15,15,15,15,13,13,13,0,0,0,0,0,0,0,0,0,0,0,11,11,12,13,13,13,13,13,13,14,13,13,13,13,13,14,14,14,14,14,14,14,14,14,14,15,0,55,56,56,55,52,56,55,55,54,56,55,53,56,57,55,57,59,58,57,58,55,53,51,52,52,49,46,49,0,0,0,0,0,0,0,37,41,39,41,43,45,45,47,50,47,51,52,51,50,49,51,52,49,50,50,52,52,52,51,50,52,54,54
20260804_015555_897cb2,1785805095944064,825614263,2,2,0,-50,128,0,13,13,13,13,13,13,13,13,13,13,13,13,13,13,13,13,13,13,13,13,13,12,12,11,10,10,0,0,0,0,0,0,0,0,0,0,0,12,12,12,13,13,13,13,14,14,14,14,14,13,13,14,13,13,13,13,13,13,13,13,14,14,15,0,55,55,55,53,53,52,52,49,51,50,51,49,50,50,48,50,51,49,51,50,47,46,48,45,43,42,43,41,0,0,0,0,0,0,0,43,44,44,47,50,49,51,50,54,53,55,54,54,54,54,54,53,52,50,52,53,54,53,53,54,56,53,54
20260804_015555_897cb2,1785805096042858,825711955,2,2,0,-49,128,0,15,15,15,14,14,14,15,14,14,14,13,13,13,13,14,14,14,14,13,13,13,13,13,12,11,11,0,0,0,0,0,0,0,0,0,0,0,11,12,12,13,14,14,14,14,14,15,15,15,15,14,14,15,14,15,14,15,15,15,15,15,15,15,0,55,55,55,56,53,56,52,52,52,52,52,50,50,50,52,49,53,52,51,50,49,50,48,45,43,42,41,40,0,0,0,0,0,0,0,40,41,43,45,47,48,50,50,53,53,54,55,55,55,55,55,54,55,54,54,55,54,56,55,55,57,57,57
20260804_015555_897cb2,1785805096141681,825810999,2,2,0,-50,128,0,14,14,14,14,13,13,13,13,13,14,13,13,13,13,14,14,14,14,14,13,13,13,12,12,12,12,0,0,0,0,0,0,0,0,0,0,0,11,11,12,12,13,12,13,13,13,14,13,13,14,13,13,13,13,13,13,13,13,14,14,14,14,14,0,56,55,55,55,53,55,52,54,51,54,53,52,50,51,53,54,53,53,54,53,50,50,48,47,48,46,43,45,0,0,0,0,0,0,0,40,42,43,44,46,48,49,50,52,53,53,53,53,53,52,52,50,51,51,52,51,54,52,55,54,55,56,56
20260804_015555_897cb2,1785805096252526,825923542,2,2,0,-51,128,0,14,14,14,15,14,15,14,14,15,15,15,15,15,14,15,16,16,16,16,15,15,15,14,14,13,13,0,0,0,0,0,0,0,0,0,0,0,12,12,13,13,14,13,14,14,14,14,13,14,13,13,13,13,13,13,13,13,13,13,13,14,14,14,0,53,54,54,54,52,53,52,54,53,54,53,53,55,55,55,56,57,56,57,56,56,54,53,51,49,49,48,45,0,0,0,0,0,0,0,44,43,45,45,49,48,49,50,52,52,52,52,50,51,49,50,49,49,48,48,49,48,49,50,50,51,51,52
20260804_015555_897cb2,1785805096339923,826013819,2,2,0,-52,128,0,14,14,14,13,14,13,14,13,13,13,14,13,14,14,14,14,15,14,15,14,15,14,14,14,13,13,0,0,0,0,0,0,0,0,0,0,0,10,10,11,11,11,11,12,12,11,11,11,11,12,11,11,12,11,11,12,12,12,12,12,13,13,13,0,53,54,53,54,54,56,55,54,53,53,54,54,55,56,56,57,59,59,59,60,57,57,54,52,51,53,49,49,0,0,0,0,0,0,0,41,40,41,43,43,45,46,50,50,46,48,47,47,49,48,49,49,46,46,49,51,46,49,50,49,51,53,54
20260804_015555_897cb2,1785805096439684,826110698,2,2,0,-54,128,0,14,15,15,15,15,15,15,15,15,15,15,15,15,16,16,16,16,16,16,16,15,15,15,14,14,14,0,0,0,0,0,0,0,0,0,0,0,10,12,11,11,11,11,12,13,12,12,11,12,11,11,12,12,12,12,13,13,13,13,13,14,14,14,0,53,56,53,57,52,55,53,55,55,57,57,56,56,54,59,57,62,58,59,58,58,55,56,55,52,49,51,49,0,0,0,0,0,0,0,40,39,41,39,43,42,45,44,45,45,46,45,45,45,44,43,43,46,43,48,45,47,48,50,52,50,53,53
20260804_015555_897cb2,1785805096538691,826211210,2,2,0,-53,128,0,14,14,15,14,14,14,14,14,14,14,14,14,14,15,15,15,15,15,15,15,14,14,13,14,14,13,0,0,0,0,0,0,0,0,0,0,0,10,11,11,11,11,11,12,12,12,12,12,12,13,13,12,13,13,13,14,13,14,14,14,14,14,14,0,56,56,56,56,55,55,54,53,53,54,55,54,55,55,56,56,56,58,58,57,55,54,54,53,52,52,50,48,0,0,0,0,0,0,0,38,39,41,43,43,43,45,45,47,47,49,48,48,49,48,48,49,49,49,49,50,50,52,52,53,55,54,57
20260804_015555_897cb2,1785805096643535,826312583,2,2,0,-51,128,0,15,15,15,15,15,15,15,16,15,15,15,14,15,15,15,15,15,15,15,16,15,15,15,14,14,14,0,0,0,0,0,0,0,0,0,0,0,10,11,11,12,12,12,13,12,13,13,13,13,13,13,13,13,14,14,14,14,14,14,14,14,15,15,0,58,60,57,58,57,57,56,55,56,56,56,54,55,58,55,60,57,58,58,58,57,55,54,54,52,52,49,49,0,0,0,0,0,0,0,34,37,37,39,42,42,44,44,45,47,48,50,48,50,51,48,50,49,51,48,53,53,53,56,54,53,56,58
20260804_015555_897cb2,1785805096740762,826411238,2,2,0,-51,128,0,14,14,14,15,14,14,14,14,14,14,14,14,14,15,15,15,15,15,15,14,14,14,14,13,13,12,0,0,0,0,0,0,0,0,0,0,0,11,12,12,12,13,12,13,13,13,13,13,13,13,13,12,13,13,13,13,13,13,13,13,14,14,14,0,55,56,56,55,55,55,54,54,54,54,55,54,53,54,55,57,57,56,57,56,55,53,53,52,51,49,47,46,0,0,0,0,0,0,0,41,43,43,45,46,47,48,49,49,50,50,50,51,52,49,50,48,50,50,49,50,51,52,52,53,55,54,56
20260804_015555_897cb2,1785805096838772,826512578,2,2,0,-53,128,0,16,16,16,16,16,16,15,15,15,15,15,15,15,16,15,16,16,16,17,16,16,15,15,15,14,14,0,0,0,0,0,0,0,0,0,0,0,12,11,12,12,12,12,12,12,11,11,11,12,12,12,11,11,12,12,12,12,12,13,13,13,15,15,0,57,58,57,58,56,56,57,58,57,59,59,58,58,59,61,60,64,60,62,62,59,59,58,56,55,53,51,51,0,0,0,0,0,0,0,43,43,43,44,45,44,45,43,44,44,44,44,42,42,43,43,43,43,43,44,45,46,47,49,52,53,55,54
20260804_015555_897cb2,1785805096942242,826614588,2,2,0,-52,128,0,14,15,15,14,14,14,14,14,14,14,14,14,14,14,14,15,15,15,15,15,15,14,14,14,14,13,0,0,0,0,0,0,0,0,0,0,0,10,9,11,11,11,10,11,11,11,11,11,11,11,12,12,11,11,11,12,12,13,13,13,14,14,14,0,56,55,57,55,56,56,54,54,55,54,55,54,56,57,56,57,58,58,58,58,56,56,54,52,52,51,47,47,0,0,0,0,0,0,0,36,38,38,40,39,40,42,42,43,43,45,43,44,45,45,46,46,45,46,46,48,49,49,52,51,52,56,55
20260804_015555_897cb2,1785805097041199,826711810,2,2,0,-54,128,0,16,16,15,16,15,16,16,16,16,15,17,15,16,15,16,17,17,17,18,16,18,16,16,15,16,15,0,0,0,0,0,0,0,0,0,0,0,11,10,10,10,10,11,11,11,11,11,11,11,12,11,11,12,12,12,12,14,14,14,14,14,15,16,0,57,59,59,57,59,61,57,59,62,56,59,64,60,60,68,64,64,54,60,58,62,59,55,59,58,58,56,51,0,0,0,0,0,0,0,38,38,39,39,40,39,40,40,41,42,40,42,42,42,41,42,42,44,45,46,46,48,49,51,53,56,57,55
20260804_015555_897cb2,1785805097138552,826810563,2,2,0,-55,128,0,16,16,16,16,16,16,16,16,16,15,16,16,16,16,16,16,16,16,16,15,15,16,15,15,14,14,0,0,0,0,0,0,0,0,0,0,0,10,10,10,10,10,10,11,11,11,11,12,12,11,12,12,12,13,13,14,14,14,15,15,16,16,16,0,62,60,63,59,59,60,59,59,59,60,59,59,59,61,59,60,60,60,62,59,59,58,56,55,54,52,50,49,0,0,0,0,0,0,0,37,37,36,37,38,38,39,38,38,40,40,41,42,41,42,45,45,47,48,47,49,51,52,54,54,58,58,57
20260804_015555_897cb2,1785805097242118,826911115,2,2,0,-53,128,0,15,15,15,15,14,15,14,14,14,14,14,14,14,15,15,15,14,14,14,15,14,14,14,13,13,13,0,0,0,0,0,0,0,0,0,0,0,9,10,10,10,10,11,11,11,11,11,13,13,13,12,13,12,13,13,13,14,14,14,14,14,14,15,0,60,58,59,58,58,57,56,55,57,57,57,55,55,57,56,58,58,59,58,57,56,55,53,52,50,51,48,49,0,0,0,0,0,0,0,35,37,37,38,39,42,43,43,44,44,46,45,46,47,48,47,47,48,50,50,51,52,55,55,55,57,57,58
20260804_015555_897cb2,1785805097341452,827015696,2,2,0,-55,128,0,14,14,14,14,14,14,14,14,14,14,14,14,15,15,14,14,16,15,15,15,15,15,14,14,13,13,0,0,0,0,0,0,0,0,0,0,0,10,10,10,10,10,10,10,10,11,11,12,11,11,11,11,12,12,12,12,13,13,13,13,14,14,14,0,56,58,57,57,58,58,55,55,54,55,56,56,54,56,58,58,59,58,61,58,59,56,57,56,53,52,53,50,0,0,0,0,0,0,0,36,39,37,38,40,42,41,43,43,43,45,45,47,45,46,46,46,47,48,48,50,52,52,52,54,55,55,56
20260804_015555_897cb2,1785805097440198,827113628,2,2,0,-56,128,0,15,15,15,15,14,14,15,14,15,14,15,15,15,15,15,15,16,16,16,16,16,16,15,15,14,15,0,0,0,0,0,0,0,0,0,0,0,11,10,11,11,11,11,11,11,12,11,11,11,11,11,12,12,12,12,12,13,13,13,13,13,13,14,0,54,57,58,63,56,56,54,55,56,58,58,50,55,56,58,59,59,59,62,61,59,57,57,56,53,55,54,52,0,0,0,0,0,0,0,38,37,38,38,35,37,42,38,40,42,43,40,47,44,42,40,50,43,43,49,42,48,48,50,54,54,55,55
20260804_015555_897cb2,1785805097538318,827211068,2,2,0,-59,128,0,15,15,16,16,16,16,16,16,16,16,16,16,16,17,18,18,18,18,18,19,19,18,18,17,18,17,0,0,0,0,0,0,0,0,0,0,0,10,10,10,10,10,10,10,10,10,10,10,11,10,10,11,11,11,11,13,12,13,13,13,13,14,15,0,52,57,57,54,54,57,54,58,57,56,58,61,59,61,65,63,64,65,66,64,65,67,65,64,62,62,63,60,0,0,0,0,0,0,0,36,37,38,36,35,37,38,36,37,37,36,38,36,36,36,37,39,39,41,45,44,46,46,49,46,51,51,53
20260804_015555_897cb2,1785805097636776,827311038,2,2,0,-58,128,0,14,14,14,15,15,14,15,14,15,16,16,16,16,17,17,17,18,19,18,19,19,18,18,18,18,18,0,0,0,0,0,0,0,0,0,0,0,8,8,8,8,8,8,8,8,9,9,9,9,9,9,9,10,9,11,11,11,11,11,12,12,13,14,0,52,55,54,55,55,58,55,57,59,61,62,62,63,64,66,67,68,68,72,72,74,71,72,71,70,70,69,70,0,0,0,0,0,0,0,32,32,31,32,31,31,31,30,30,29,30,30,30,32,36,34,34,39,39,38,39,42,44,44,46,50,48,52
20260804_015555_897cb2,1785805097740369,827411567,2,2,0,-58,128,0,14,15,15,15,14,15,15,15,15,15,16,15,16,16,16,17,17,17,17,17,17,17,17,17,16,17,0,0,0,0,0,0,0,0,0,0,0,9,9,8,9,9,9,9,9,10,9,10,10,10,10,11,11,11,11,12,12,12,13,13,13,14,14,0,29,28,28,29,29,28,29,29,29,29,30,30,32,32,33,33,33,34,34,35,35,34,34,34,33,33,33,32,0,0,0,0,0,0,0,17,16,18,18,17,17,17,17,18,18,19,19,19,20,20,20,20,21,21,22,22,23,24,25,25,25,27,28
20260804_015555_897cb2,1785805097837221,827511461,2,2,0,-58,128,0,14,14,14,14,13,14,14,14,14,14,14,14,14,15,16,15,16,16,16,16,16,16,16,16,16,17,0,0,0,0,0,0,0,0,0,0,0,8,8,7,8,7,8,8,9,8,8,8,9,8,9,9,10,9,10,10,11,12,11,12,12,13,13,0,29,26,28,28,28,28,28,28,30,28,28,30,29,30,29,31,32,32,33,33,35,34,34,34,32,32,31,32,0,0,0,0,0,0,0,15,15,14,15,16,15,18,16,16,14,16,16,17,16,19,21,21,21,20,20,19,21,24,22,23,26,25,25
20260804_015555_897cb2,1785805097940310,827611548,2,2,0,-57,128,0,15,16,15,16,16,15,15,15,15,15,15,16,16,16,16,16,17,17,17,17,17,17,17,16,16,16,0,0,0,0,0,0,0,0,0,0,0,9,9,9,9,9,9,10,10,11,11,11,11,11,11,11,12,12,13,13,13,13,13,15,14,15,15,0,57,58,57,57,58,57,55,56,57,57,59,57,57,57,60,60,62,64,64,61,65,64,64,62,61,61,59,62,0,0,0,0,0,0,0,32,31,31,31,33,34,33,35,35,36,35,38,40,40,41,40,43,46,45,47,48,48,50,50,53,54,55,54
20260804_015555_897cb2,1785805098039271,827713275,2,2,0,-56,128,0,15,15,15,15,15,15,15,15,15,15,15,16,16,16,16,17,17,17,17,17,17,17,17,17,16,16,0,0,0,0,0,0,0,0,0,0,0,8,8,9,9,9,9,10,10,10,10,11,11,11,11,12,12,12,13,13,13,13,14,14,14,15,14,0,55,59,58,55,56,58,58,58,56,58,56,58,59,62,61,63,64,62,64,64,64,64,64,61,62,62,61,60,0,0,0,0,0,0,0,30,31,31,31,35,34,34,36,36,37,38,37,39,40,41,44,43,45,43,46,49,47,51,52,53,52,55,55
20260804_015555_897cb2,1785805098136836,827811387,2,2,0,-56,128,0,14,14,14,15,15,14,14,14,14,15,15,15,15,16,16,16,16,16,17,17,17,16,16,16,16,16,0,0,0,0,0,0,0,0,0,0,0,8,8,8,9,9,9,10,10,10,11,11,11,11,11,11,11,12,12,12,13,13,13,13,14,14,14,0,57,60,60,57,56,58,58,57,58,59,58,58,59,59,63,62,62,62,64,63,64,63,64,60,60,58,58,57,0,0,0,0,0,0,0,32,33,34,34,36,35,34,38,38,39,40,41,40,42,42,42,42,45,46,49,47,48,51,52,53,55,55,56
20260804_015555_897cb2,1785805098241971,827911388,2,2,0,-58,128,0,16,15,16,16,15,16,15,14,15,14,15,16,15,15,16,16,16,16,16,16,16,17,17,17,16,16,0,0,0,0,0,0,0,0,0,0,0,10,10,10,10,10,10,10,10,11,11,11,12,11,12,14,12,13,13,14,13,14,14,14,15,16,16,0,58,54,60,57,55,57,53,54,55,55,52,59,59,53,56,57,57,62,59,61,64,58,61,61,61,59,56,60,0,0,0,0,0,0,0,36,36,38,42,39,37,36,39,39,37,43,42,43,48,47,43,47,50,47,46,52,51,53,54,55,54,55,57
20260804_015555_897cb2,1785805098346091,828018506,2,2,0,-57,128,0,15,15,15,15,14,14,14,14,14,14,15,14,14,15,15,15,16,15,16,16,15,15,15,15,15,14,0,0,0,0,0,0,0,0,0,0,0,10,10,10,10,11,11,11,11,12,12,12,13,13,13,13,13,13,14,14,14,14,15,15,15,15,15,0,58,59,58,55,55,54,54,54,54,55,55,54,55,55,57,58,59,59,60,59,59,57,58,57,56,55,55,54,0,0,0,0,0,0,0,35,35,37,38,39,38,40,41,44,45,44,45,48,46,46,47,49,49,52,52,52,52,54,54,56,57,55,57
20260804_015555_897cb2,1785805098445633,828118067,2,2,0,-59,128,0,14,15,14,14,14,14,14,14,14,13,14,13,14,14,14,15,15,16,16,15,15,15,14,15,15,14,0,0,0,0,0,0,0,0,0,0,0,12,11,11,12,12,12,12,12,12,13,12,13,12,12,12,12,12,12,13,13,12,13,13,13,14,14,0,55,53,56,52,59,53,57,51,56,54,53,60,58,56,60,60,58,60,59,56,61,55,55,57,56,57,52,52,0,0,0,0,0,0,0,45,46,45,44,46,50,46,45,44,45,48,45,47,45,49,45,43,48,48,47,45,51,49,49,51,52,57,54
20260804_015555_897cb2,1785805098544497,828217985,2,2,0,-55,128,0,15,15,15,15,14,14,14,13,13,13,13,13,13,13,13,13,13,13,13,13,13,13,13,12,11,11,0,0,0,0,0,0,0,0,0,0,0,11,12,12,12,12,12,12,13,13,13,13,13,13,13,13,13,13,13,14,14,14,14,14,14,15,15,0,56,54,54,58,53,55,50,52,50,50,54,50,53,52,47,51,51,49,53,48,50,47,48,44,47,42,43,43,0,0,0,0,0,0,0,42,41,46,43,45,47,46,51,48,50,49,53,49,54,51,47,52,46,52,49,50,53,52,54,53,55,56,54
20260804_015555_897cb2,1785805098647585,828321611,2,2,0,-53,128,0,16,16,16,16,16,16,16,16,16,15,16,16,15,15,16,16,16,16,16,15,16,14,14,14,14,13,0,0,0,0,0,0,0,0,0,0,0,9,11,10,11,11,11,12,11,12,13,13,13,13,13,13,13,13,14,15,15,16,16,15,16,16,16,0,61,62,64,60,59,60,60,57,60,54,59,57,55,58,54,59,62,61,57,57,57,55,55,50,55,50,48,46,0,0,0,0,0,0,0,34,35,34,38,37,38,38,43,40,42,45,46,43,46,47,49,53,51,52,51,54,53,55,59,56,59,58,60
20260804_015555_897cb2,1785805098745283,828415277,2,2,0,-54,128,0,14,15,15,14,15,14,15,15,14,15,15,14,14,14,15,15,15,16,16,16,15,14,14,14,14,13,0,0,0,0,0,0,0,0,0,0,0,9,9,9,9,9,9,10,9,10,10,10,10,10,10,10,10,11,11,11,11,12,12,13,14,14,15,0,57,57,59,59,57,57,58,57,57,57,57,58,57,58,60,59,62,61,63,60,60,58,57,57,56,54,53,53,0,0,0,0,0,0,0,33,34,35,34,37,37,37,39,38,40,39,40,40,40,40,40,41,43,42,46,46,48,47,50,54,52,54,56
20260804_015555_897cb2,1785805098844775,828517084,2,2,0,-54,128,0,16,17,16,17,16,16,16,17,15,17,17,17,17,17,17,17,17,17,18,17,16,16,17,15,15,15,0,0,0,0,0,0,0,0,0,0,0,8,8,8,8,9,8,9,9,9,11,11,10,11,11,11,12,11,13,13,13,14,14,15,15,16,16,0,28,29,30,29,28,28,29,28,29,30,30,27,29,29,30,30,31,30,30,30,30,29,28,27,27,26,25,25,0,0,0,0,0,0,0,14,14,13,14,15,16,16,15,16,16,18,18,18,18,19,19,20,20,21,22,23,23,23,25,26,27,27,27
20260804_015555_897cb2,1785805098948461,828617967,2,2,0,-56,128,0,16,15,16,16,16,16,16,15,15,16,16,16,16,17,17,17,17,17,17,17,16,16,17,16,16,16,0,0,0,0,0,0,0,0,0,0,0,10,10,9,10,10,10,10,10,11,10,11,11,11,11,11,11,11,11,12,13,13,13,14,14,14,14,0,55,58,59,56,58,60,57,58,57,59,60,59,59,62,62,63,64,66,66,63,64,62,62,61,59,57,57,57,0,0,0,0,0,0,0,35,35,35,35,36,37,39,38,39,40,38,38,39,37,39,38,39,43,40,44,45,46,47,49,49,52,52,55
20260804_015555_897cb2,1785805099035657,828711949,2,2,0,-58,128,0,13,14,15,14,14,15,15,15,15,15,16,16,16,17,17,17,17,17,18,18,18,18,17,17,17,17,0,0,0,0,0,0,0,0,0,0,0,5,5,5,5,5,4,4,5,5,6,6,6,6,7,7,8,8,9,9,9,10,10,11,11,12,13,0,27,29,29,29,29,30,29,30,30,31,31,32,31,33,34,34,35,35,35,35,34,34,35,34,34,34,33,32,0,0,0,0,0,0,0,10,11,11,10,9,9,10,8,9,9,9,11,11,11,13,13,14,14,16,16,20,19,19,21,22,24,25,26
20260804_015555_897cb2,1785805099140355,828814082,2,2,0,-60,128,0,15,14,15,15,14,14,14,14,14,14,14,14,14,14,14,14,14,15,15,15,15,15,13,14,14,13,0,0,0,0,0,0,0,0,0,0,0,9,9,8,9,9,9,9,11,11,11,12,12,12,12,14,14,14,14,14,14,14,14,15,15,15,15,0,58,57,58,56,55,54,54,53,53,54,53,52,53,54,55,54,55,55,55,58,57,55,55,56,54,52,50,51,0,0,0,0,0,0,0,29,28,30,31,33,34,36,35,39,39,42,44,43,47,48,49,48,50,50,50,51,53,54,56,56,58,59,58
20260804_015555_897cb2,1785805099239157,828912800,2,2,0,-63,128,0,14,14,13,12,13,12,12,12,11,12,11,12,12,12,12,13,13,13,14,15,14,15,16,15,16,16,0,0,0,0,0,0,0,0,0,0,0,9,10,11,11,10,12,13,13,13,13,13,13,14,14,15,14,14,14,14,14,14,14,13,15,14,14,0,52,50,49,48,48,47,45,41,43,43,44,44,47,45,48,47,51,54,54,57,56,58,57,61,59,60,62,64,0,0,0,0,0,0,0,36,36,38,38,35,41,45,46,49,48,50,56,49,53,57,57,49,54,54,53,58,54,56,54,59,58,55,55
20260804_015555_897cb2,1785805099377696,829049460,2,2,0,-63,128,0,10,10,10,9,9,9,9,9,10,10,11,12,12,13,14,15,16,16,18,18,19,19,20,20,21,21,0,0,0,0,0,0,0,0,0,0,0,7,7,9,9,10,10,10,12,13,13,13,14,14,14,14,14,13,13,13,12,13,13,12,12,11,11,0,19,19,18,18,17,17,17,18,19,21,21,22,24,25,28,29,31,33,35,36,38,38,40,40,42,41,42,42,0,0,0,0,0,0,0,13,13,15,15,16,17,19,20,23,23,25,25,25,27,26,26,26,26,26,26,25,25,24,25,23,22,22,21
20260804_015555_897cb2,1785805099452801,829123339,2,2,0,-62,128,0,13,13,13,12,12,12,12,12,12,12,13,13,13,14,15,15,16,16,16,17,19,18,19,19,20,19,0,0,0,0,0,0,0,0,0,0,0,5,6,5,6,7,8,8,9,10,11,11,11,12,12,12,12,12,12,13,13,13,13,13,13,13,13,0,25,26,25,24,24,25,24,25,24,25,25,25,26,27,28,29,30,32,35,35,35,35,35,36,36,36,36,38,0,0,0,0,0,0,0,10,11,9,10,10,13,13,14,17,18,19,20,21,21,23,23,23,24,23,24,25,25,25,25,26,26,26,25
20260804_015555_897cb2,1785805099550418,829223874,2,2,0,-58,128,0,17,16,15,15,14,13,12,12,11,10,9,9,8,8,8,7,7,7,6,6,6,7,6,7,7,7,0,0,0,0,0,0,0,0,0,0,0,12,12,13,13,15,16,16,17,18,18,19,19,19,19,19,19,19,19,19,18,18,18,19,19,17,17,0,32,30,28,26,24,24,22,21,19,19,16,16,16,14,15,13,11,12,12,13,13,11,12,13,13,14,13,14,0,0,0,0,0,0,0,20,21,21,22,24,25,27,28,30,33,33,34,33,35,36,35,35,36,36,36,36,36,35,35,35,35,33,33
20260804_015555_897cb2,1785805099637122,829311875,2,2,0,-57,128,0,15,14,14,14,13,12,12,10,10,10,9,9,8,8,8,7,7,7,7,7,7,7,7,8,8,7,0,0,0,0,0,0,0,0,0,0,0,15,15,15,16,17,17,17,18,19,19,19,19,20,19,19,18,18,18,18,18,18,18,17,17,17,17,0,29,28,26,25,23,23,21,19,17,18,17,16,16,15,15,14,14,13,12,13,14,13,13,15,14,14,14,15,0,0,0,0,0,0,0,25,26,26,27,28,29,30,30,33,33,34,35,35,35,36,36,34,35,34,34,35,34,33,34,33,32,31,32
20260804_015555_897cb2,1785805099741327,829415112,2,2,0,-62,128,0,15,14,12,11,10,9,8,7,6,7,7,7,7,8,8,9,9,11,11,13,13,14,14,15,15,16,0,0,0,0,0,0,0,0,0,0,0,11,10,11,12,12,12,14,15,16,16,16,17,18,18,18,18,19,18,19,19,18,18,18,17,17,16,0,28,26,24,22,20,18,16,13,13,13,12,12,13,14,15,16,18,19,21,23,24,26,27,27,29,30,31,32,0,0,0,0,0,0,0,21,20,20,20,21,22,23,24,26,27,29,30,32,32,33,34,35,34,36,34,35,35,34,34,34,33,32,31
20260804_015555_897cb2,1785805099839516,829510942,2,2,0,-54,128,0,15,15,14,13,13,12,11,11,10,10,9,9,8,8,7,7,7,6,6,5,4,4,3,3,2,2,0,0,0,0,0,0,0,0,0,0,0,14,14,14,15,15,16,16,17,17,17,17,17,17,17,17,17,17,17,17,17,17,17,17,17,17,16,0,29,29,27,26,24,23,22,21,19,19,18,17,16,15,14,13,13,12,11,10,9,8,7,6,5,4,4,2,0,0,0,0,0,0,0,25,25,26,27,28,28,29,30,31,32,33,33,33,34,34,34,33,33,32,33,32,33,33,33,32,32,32,31
20260804_015555_897cb2,1785805099942878,829614130,2,2,0,-54,128,0,17,16,15,15,14,13,13,11,11,10,10,9,9,8,9,9,8,8,7,5,6,5,5,4,4,4,0,0,0,0,0,0,0,0,0,0,0,15,14,15,16,17,17,18,18,19,20,20,20,19,20,20,20,19,19,19,19,19,19,19,19,18,18,0,30,27,28,26,24,23,21,20,19,18,19,16,15,15,14,13,11,11,11,11,11,10,8,7,6,6,6,4,0,0,0,0,0,0,0,25,25,24,25,28,27,31,31,32,33,33,34,34,34,36,35,33,34,34,34,34,35,33,35,34,33,32,31
20260804_015555_897cb2,1785805100041534,829712591,2,2,0,-54,128,0,17,17,16,15,15,14,14,13,12,12,11,11,11,10,10,10,9,9,9,8,8,8,8,7,7,7,0,0,0,0,0,0,0,0,0,0,0,13,13,14,15,16,16,16,18,18,18,19,19,19,19,19,19,19,19,19,19,19,19,19,19,18,18,0,60,59,58,55,54,51,46,45,42,42,40,38,37,36,33,34,34,32,31,29,28,27,26,25,24,23,22,21,0,0,0,0,0,0,0,43,44,44,47,49,53,55,57,60,62,63,67,67,67,69,69,68,70,69,69,68,69,68,69,68,68,67,65
20260804_015555_897cb2,1785805100150156,829824382,2,2,0,-53,128,0,16,16,15,15,14,13,13,11,11,11,11,10,10,10,9,9,9,8,8,8,7,7,6,6,6,5,0,0,0,0,0,0,0,0,0,0,0,12,12,13,14,14,15,16,16,18,17,18,18,18,18,18,18,18,17,17,18,18,18,18,17,17,17,0,30,30,28,27,25,24,23,22,22,21,20,19,18,17,17,17,16,15,15,14,13,12,11,11,9,9,8,7,0,0,0,0,0,0,0,20,21,22,22,25,26,27,28,30,31,32,33,33,33,33,33,32,34,32,33,32,33,33,33,33,32,33,31
20260804_015555_897cb2,1785805100243277,829914310,2,2,0,-50,128,0,17,16,16,14,13,13,13,12,11,11,10,10,9,9,8,8,7,7,6,6,6,5,6,4,4,4,0,0,0,0,0,0,0,0,0,0,0,13,13,14,15,16,17,17,17,17,19,19,19,19,19,19,19,18,19,18,18,17,18,18,18,18,17,0,30,27,27,25,25,25,23,21,19,19,18,18,18,16,16,15,15,14,13,12,12,11,8,9,7,8,7,7,0,0,0,0,0,0,0,22,22,23,26,26,28,29,30,31,33,34,33,34,34,34,34,35,33,34,34,33,33,34,33,31,33,33,30
20260804_015555_897cb2,1785805100336212,830011754,2,2,0,-55,128,0,14,14,14,13,12,11,11,10,9,8,9,8,8,7,6,6,6,6,5,4,4,4,4,4,3,4,0,0,0,0,0,0,0,0,0,0,0,14,14,14,16,16,16,17,17,18,18,18,19,18,18,18,18,18,17,17,17,17,17,17,16,17,16,0,28,28,26,25,23,22,20,19,18,17,16,15,14,14,12,11,11,10,9,9,8,8,6,6,7,6,6,6,0,0,0,0,0,0,0,24,24,25,26,28,29,31,32,34,34,34,35,35,35,36,35,34,35,34,32,33,33,33,32,32,31,31,30
20260804_015555_897cb2,1785805100439876,830111699,2,2,0,-56,128,0,16,16,16,14,14,13,12,11,11,10,10,9,8,8,8,6,6,6,5,5,4,4,3,2,1,1,0,0,0,0,0,0,0,0,0,0,0,11,11,12,12,13,13,15,15,16,17,17,16,18,18,16,18,18,18,18,18,18,18,18,18,18,17,0,64,63,58,57,52,51,47,45,42,41,38,35,34,31,31,28,27,24,22,20,18,17,13,12,8,7,4,4,0,0,0,0,0,0,0,38,40,41,42,46,48,53,52,56,59,60,65,65,67,66,66,67,68,68,67,69,68,70,69,70,68,70,64
20260804_015555_897cb2,1785805100538032,830212891,2,2,0,-55,128,0,17,17,16,16,14,14,13,12,12,12,11,10,9,9,9,8,8,7,7,6,5,5,4,3,3,3,0,0,0,0,0,0,0,0,0,0,0,12,13,14,14,15,15,16,17,17,18,18,19,19,19,18,19,19,19,19,19,19,19,19,19,19,19,0,31,31,29,28,26,25,24,23,22,22,20,19,18,17,16,15,14,13,13,11,10,9,7,6,5,4,3,2,0,0,0,0,0,0,0,20,21,21,21,24,24,27,27,30,31,31,33,33,34,33,34,33,34,34,34,34,34,34,34,34,35,33,33
20260804_015555_897cb2,1785805100637062,830312297,2,2,0,-56,128,0,16,16,16,14,14,14,13,13,13,12,11,12,11,11,11,11,9,9,9,9,9,8,8,7,6,6,0,0,0,0,0,0,0,0,0,0,0,12,12,13,13,14,14,15,15,16,17,17,17,17,17,17,17,18,17,17,17,17,17,17,17,17,17,0,62,62,63,56,55,53,52,50,47,45,44,43,41,41,39,38,38,37,37,33,33,30,28,27,26,22,20,19,0,0,0,0,0,0,0,42,43,45,46,47,51,53,55,58,61,62,65,64,67,65,65,65,66,67,65,68,68,68,67,66,66,65,65
20260804_015555_897cb2,1785805100735849,830411210,2,2,0,-55,128,0,16,16,15,14,13,13,12,12,11,11,11,11,9,9,9,9,9,8,7,6,6,6,5,5,4,4,0,0,0,0,0,0,0,0,0,0,0,14,14,16,16,16,16,18,18,18,19,19,19,19,19,19,19,18,19,18,18,18,18,18,17,17,17,0,57,57,54,52,50,49,44,44,40,41,38,36,34,32,32,30,28,26,25,25,23,21,18,16,14,14,11,10,0,0,0,0,0,0,0,48,50,49,51,57,57,61,62,67,66,68,68,71,67,69,67,66,68,67,67,68,67,66,65,66,64,62,63
20260804_015555_897cb2,1785805100840450,830514257,2,2,0,-56,128,0,16,16,15,14,13,13,13,11,11,10,10,10,9,9,9,8,9,8,6,6,5,5,5,4,4,3,0,0,0,0,0,0,0,0,0,0,0,13,14,14,15,15,16,17,17,18,18,18,19,19,18,18,19,18,18,18,18,19,19,17,17,17,17,0,30,31,28,26,26,25,23,23,19,18,19,17,19,17,16,15,14,13,12,11,10,9,9,7,5,5,4,4,0,0,0,0,0,0,0,23,24,25,25,25,26,28,29,31,31,33,33,35,34,35,34,35,35,34,34,35,35,35,34,34,33,34,33
20260804_015555_897cb2,1785805100939146,830614405,2,2,0,-58,128,0,16,15,15,14,12,10,10,9,9,7,7,7,6,5,4,5,3,3,2,1,1,2,1,2,1,3,0,0,0,0,0,0,0,0,0,0,0,12,13,12,14,15,15,17,18,19,18,20,19,19,19,20,19,19,19,19,18,19,19,18,17,17,17,0,29,27,25,25,22,21,20,18,16,16,13,12,11,9,9,7,6,5,4,3,3,2,1,3,4,6,6,9,0,0,0,0,0,0,0,21,21,22,23,25,27,29,29,32,33,34,35,35,36,36,35,35,35,35,35,34,35,34,34,34,34,32,31
20260804_015555_897cb2,1785805101037272,830711620,2,2,0,-57,128,0,15,16,14,14,12,11,10,10,9,9,8,7,7,6,6,5,5,4,4,3,2,2,2,2,2,3,0,0,0,0,0,0,0,0,0,0,0,14,14,15,15,16,16,17,17,17,18,18,18,18,18,18,18,18,18,17,18,18,17,17,17,16,16,0,30,27,28,27,25,23,21,20,18,17,16,15,13,12,11,10,10,8,7,6,6,4,4,4,4,4,5,6,0,0,0,0,0,0,0,24,25,25,27,28,28,29,30,32,32,33,34,34,35,35,35,34,35,34,34,35,34,34,33,33,33,32,31
20260804_015555_897cb2,1785805101141650,830816747,2,2,0,-55,128,0,16,15,14,13,12,12,11,10,10,9,9,8,7,7,6,6,6,5,4,4,3,3,2,1,1,1,0,0,0,0,0,0,0,0,0,0,0,14,14,15,15,16,17,17,18,19,19,19,19,19,19,19,19,19,19,18,18,18,18,18,18,17,16,0,29,28,26,25,23,22,20,19,18,18,16,15,14,13,12,11,11,9,9,7,6,5,4,3,2,1,1,2,0,0,0,0,0,0,0,23,24,25,26,28,29,31,31,33,34,35,36,36,36,36,36,36,36,34,35,34,35,34,34,33,32,32,31
20260804_015555_897cb2,1785805101245803,830919143,2,2,0,-56,128,0,16,16,16,15,13,13,13,12,11,11,11,11,9,9,10,9,9,9,9,7,6,6,5,5,5,4,0,0,0,0,0,0,0,0,0,0,0,9,11,12,13,13,14,15,16,16,18,18,18,18,19,18,18,18,18,18,18,18,19,18,18,18,18,0,63,60,56,56,52,50,48,45,45,43,41,38,37,35,34,34,32,30,29,26,24,23,19,18,16,14,12,12,0,0,0,0,0,0,0,30,34,37,38,42,45,50,52,56,59,62,63,64,66,66,68,67,70,67,69,67,67,69,69,68,67,67,65
20260804_015555_897cb2,1785805101348034,831019703,2,2,0,-58,128,0,13,13,12,11,11,10,10,9,9,8,7,7,6,6,6,6,6,6,6,7,7,7,7,7,8,9,0,0,0,0,0,0,0,0,0,0,0,15,15,15,16,16,16,16,17,17,18,18,17,17,17,16,17,17,17,17,16,16,16,16,15,15,13,0,28,26,24,23,22,22,19,17,17,16,15,14,13,13,12,12,13,11,12,12,12,13,14,13,15,16,14,16,0,0,0,0,0,0,0,29,29,31,30,32,32,33,33,34,35,35,35,35,35,35,35,34,34,33,34,32,32,34,33,32,32,30,29
20260804_015555_897cb2,1785805101451779,831122857,2,2,0,-55,128,0,17,16,15,15,14,14,13,12,12,12,11,11,10,10,10,10,10,10,9,9,9,9,9,8,8,8,0,0,0,0,0,0,0,0,0,0,0,12,13,14,15,16,16,17,17,19,19,19,19,19,19,19,19,19,19,19,19,18,18,19,18,18,17,0,30,27,27,27,25,23,22,21,21,20,20,19,18,18,18,18,17,17,16,16,16,15,15,13,13,13,12,13,0,0,0,0,0,0,0,19,19,21,22,24,26,26,29,31,32,32,33,33,34,34,34,34,34,34,33,34,33,33,32,33,32,32,31
20260804_015555_897cb2,1785805101556405,831230636,2,2,0,-53,128,0,16,13,15,14,13,12,12,11,11,10,9,10,9,10,8,8,8,8,7,6,6,6,5,5,4,4,0,0,0,0,0,0,0,0,0,0,0,14,15,15,16,16,17,17,17,17,17,18,18,18,18,18,17,17,16,17,16,17,17,16,16,16,16,0,28,28,26,25,22,23,22,21,21,19,19,18,17,18,16,14,14,14,13,12,12,10,9,8,8,7,6,5,0,0,0,0,0,0,0,24,25,26,27,28,29,31,30,32,32,32,33,33,34,33,33,33,32,31,31,32,31,30,30,29,29,30,29
20260804_015555_897cb2,1785805101649931,831324292,2,2,0,-57,128,0,14,15,15,14,13,12,12,11,11,11,11,11,11,11,11,12,10,10,12,11,10,12,10,10,9,9,0,0,0,0,0,0,0,0,0,0,0,12,12,13,13,14,14,14,15,15,15,15,15,15,15,15,15,15,15,15,15,15,15,15,15,16,15,0,52,54,52,56,48,52,48,43,45,46,38,46,44,42,43,43,41,40,45,30,33,38,40,31,36,35,39,33,0,0,0,0,0,0,0,43,44,45,46,48,50,53,53,55,57,57,61,60,59,58,59,60,60,59,59,60,59,59,57,58,59,57,57
20260804_015555_897cb2,1785805101748797,831419705,2,2,0,-54,128,0,16,16,15,14,13,13,12,12,12,11,10,10,10,10,10,10,9,9,9,8,8,7,6,5,5,4,0,0,0,0,0,0,0,0,0,0,0,11,12,13,13,14,14,14,16,16,16,17,17,17,16,16,16,16,16,16,17,17,17,17,17,17,16,0,59,58,57,55,52,50,48,45,43,43,41,41,39,38,37,35,35,34,31,31,28,25,23,23,21,19,17,15,0,0,0,0,0,0,0,38,41,42,44,49,50,53,56,57,60,60,62,62,63,64,63,62,64,62,63,63,64,63,64,63,64,63,62
20260804_015555_897cb2,1785805101846570,831520137,2,2,0,-65,128,0,16,16,16,15,13,13,13,11,10,9,9,8,6,6,5,4,3,2,1,0,1,2,2,3,4,5,0,0,0,0,0,0,0,0,0,0,0,10,10,11,10,11,11,12,12,13,14,15,15,15,16,16,16,16,17,17,17,17,18,18,17,18,17,0,34,32,32,29,28,27,24,22,20,18,18,15,14,12,9,9,5,4,2,0,2,4,4,7,9,10,11,14,0,0,0,0,0,0,0,21,21,20,21,21,22,22,25,25,26,28,28,30,31,31,32,33,33,34,34,35,35,36,36,36,36,37,36
20260804_015555_897cb2,1785805101938271,831612687,2,2,0,-67,128,0,18,17,17,16,16,16,15,14,13,13,13,12,12,11,12,11,13,12,13,14,14,13,14,15,15,16,0,0,0,0,0,0,0,0,0,0,0,12,11,11,9,10,9,9,9,9,10,10,11,12,12,12,12,13,14,16,15,16,17,17,18,19,17,0,36,35,35,33,30,33,29,28,23,24,25,25,21,23,25,18,25,25,26,27,24,31,26,28,28,33,31,33,0,0,0,0,0,0,0,26,22,22,22,19,19,18,18,19,17,18,20,22,23,23,22,26,28,31,30,30,34,34,31,36,33,34,35
20260804_015555_897cb2,1785805102043834,831712705,2,2,0,-55,128,0,13,13,13,14,14,14,13,13,13,13,13,14,14,15,15,15,16,16,16,16,16,16,16,15,15,15,0,0,0,0,0,0,0,0,0,0,0,9,10,10,10,11,11,11,11,11,11,11,11,11,11,11,11,11,11,11,11,11,12,12,12,13,13,0,26,26,25,27,26,26,27,26,27,26,27,28,28,29,30,30,31,30,31,31,32,31,31,30,29,29,29,28,0,0,0,0,0,0,0,18,18,19,19,20,21,22,21,22,22,22,22,22,22,22,23,22,22,21,22,22,22,23,23,22,24,25,25
20260804_015555_897cb2,1785805102141410,831812120,2,2,0,-53,128,0,15,16,16,16,15,16,16,15,16,15,15,16,16,16,16,16,16,16,16,16,15,15,15,14,14,14,0,0,0,0,0,0,0,0,0,0,0,10,10,10,11,11,11,11,12,12,12,12,12,12,12,12,12,12,12,13,13,13,14,14,14,15,15,0,57,58,59,58,57,58,57,58,56,58,57,57,58,58,58,59,59,59,59,59,58,55,54,53,52,50,49,48,0,0,0,0,0,0,0,34,35,36,37,38,40,39,40,40,42,43,43,44,44,45,44,45,44,45,46,47,47,49,50,50,53,54,54
20260804_015555_897cb2,1785805102239680,831911622,2,2,0,-51,128,0,14,14,14,14,14,15,15,15,15,15,15,16,15,16,16,16,16,16,17,16,16,16,15,15,15,15,0,0,0,0,0,0,0,0,0,0,0,11,12,12,12,13,13,13,13,14,13,14,14,13,13,13,13,13,13,13,13,13,13,13,14,14,15,0,53,51,55,55,53,53,53,52,50,55,56,55,55,57,57,58,60,60,61,59,59,56,57,55,53,52,52,50,0,0,0,0,0,0,0,38,41,39,42,44,46,47,46,48,48,48,49,50,47,47,48,45,48,46,49,48,47,46,49,51,50,49,49
20260804_015555_897cb2,1785805102350261,832023708,2,2,0,-49,128,0,15,15,15,15,15,14,14,14,14,15,14,14,15,15,15,15,15,16,16,15,15,14,14,14,13,13,0,0,0,0,0,0,0,0,0,0,0,12,12,12,13,13,13,13,14,14,14,14,14,14,14,14,13,13,13,13,13,13,14,14,14,14,15,0,57,55,55,56,54,56,54,53,54,55,55,56,56,55,53,57,55,58,60,56,54,56,52,53,50,48,46,49,0,0,0,0,0,0,0,40,41,45,44,45,47,47,51,50,49,51,50,50,50,51,51,48,49,50,49,51,50,52,51,52,53,52,53
20260804_015555_897cb2,1785805102437393,832111892,2,2,0,-49,128,0,15,15,15,15,15,15,15,14,15,14,14,14,14,15,14,15,15,15,15,14,14,14,14,14,13,13,0,0,0,0,0,0,0,0,0,0,0,10,11,11,11,12,13,13,13,13,13,13,13,13,13,13,13,13,13,13,14,14,14,14,14,15,15,0,56,55,54,54,53,51,52,52,53,53,54,52,54,53,55,54,55,55,56,56,53,54,52,49,48,50,45,43,0,0,0,0,0,0,0,34,36,38,40,41,43,45,44,45,49,49,46,50,48,49,51,49,49,48,50,48,47,51,52,52,53,54,54
20260804_015555_897cb2,1785805102541392,832211202,2,2,0,-55,128,0,13,14,14,13,14,14,14,14,14,14,14,15,15,16,15,16,16,16,16,15,16,15,15,15,15,14,0,0,0,0,0,0,0,0,0,0,0,10,11,11,11,11,11,11,11,11,11,11,11,11,11,11,11,11,11,11,11,12,12,12,13,13,13,0,26,26,25,26,26,26,27,27,26,27,26,28,28,28,28,29,29,30,30,30,30,30,29,28,28,28,26,26,0,0,0,0,0,0,0,19,20,20,20,20,21,21,22,22,23,22,23,22,22,22,22,22,21,21,21,21,22,23,23,23,24,24,25
20260804_015555_897cb2,1785805102639953,832311580,2,2,0,-57,128,0,13,13,13,12,13,13,13,13,13,13,14,14,16,16,16,16,16,17,17,17,17,17,17,16,16,16,0,0,0,0,0,0,0,0,0,0,0,14,14,14,15,14,14,14,13,13,13,13,12,12,12,11,10,11,10,10,11,10,11,10,12,12,12,0,46,48,48,49,48,50,49,51,51,54,54,55,57,57,60,60,64,62,65,64,64,63,62,62,59,61,57,58,0,0,0,0,0,0,0,52,52,53,52,55,52,55,53,53,53,52,53,50,46,46,46,43,43,41,42,40,41,41,42,42,44,44,46
20260804_015555_897cb2,1785805102743299,832415112,2,2,0,-53,128,0,13,14,14,14,14,14,14,14,13,14,14,14,14,14,15,15,16,16,16,16,16,16,15,15,15,14,0,0,0,0,0,0,0,0,0,0,0,10,10,11,11,11,11,11,12,12,12,12,11,11,11,11,11,11,11,12,12,11,11,12,12,13,13,0,26,26,26,27,26,27,26,26,27,27,28,28,29,29,30,30,30,30,31,31,30,31,30,28,28,28,27,27,0,0,0,0,0,0,0,19,20,21,21,21,21,22,22,23,23,23,23,23,21,23,21,21,22,22,22,21,22,23,24,23,24,25,26
20260804_015555_897cb2,1785805102837744,832511657,2,2,0,-54,128,0,13,14,14,14,14,15,14,14,14,15,14,14,15,15,16,16,17,16,17,16,16,16,16,14,14,14,0,0,0,0,0,0,0,0,0,0,0,11,11,12,12,12,12,12,12,12,13,12,12,12,12,11,12,11,11,11,12,12,12,13,13,13,13,0,52,51,53,51,51,54,52,53,53,54,54,54,58,58,56,57,58,59,60,60,59,56,55,55,53,51,49,49,0,0,0,0,0,0,0,40,41,43,44,44,45,46,47,47,47,48,46,46,43,45,44,44,43,42,42,43,43,45,45,46,48,50,49
20260804_015555_897cb2,1785805102941968,832613722,2,2,0,-53,128,0,12,13,13,13,12,12,13,13,13,13,13,13,13,13,13,13,14,13,13,13,13,14,14,13,13,12,0,0,0,0,0,0,0,0,0,0,0,12,11,12,13,13,13,13,14,14,14,13,13,13,12,12,12,12,12,12,12,12,13,12,13,13,12,0,50,48,51,49,50,50,48,50,49,50,50,51,51,53,52,54,53,55,55,55,54,54,51,50,49,49,46,47,0,0,0,0,0,0,0,44,45,45,48,48,52,50,51,52,53,52,52,51,52,50,50,50,48,49,47,49,48,48,47,47,48,50,50
20260804_015555_897cb2,1785805103039209,832713652,2,2,0,-56,128,0,14,14,15,15,14,15,14,14,14,14,14,15,14,15,16,15,16,16,15,16,15,14,15,14,14,14,0,0,0,0,0,0,0,0,0,0,0,11,11,11,12,11,11,11,11,11,11,12,11,11,11,10,11,10,11,11,11,11,12,12,14,14,14,0,55,58,57,57,55,58,56,56,56,58,56,58,56,58,58,59,61,60,60,58,59,58,58,54,53,54,52,51,0,0,0,0,0,0,0,42,41,42,43,45,45,45,44,43,43,44,45,43,45,44,44,42,44,43,45,44,46,48,48,52,51,55,55
20260804_015555_897cb2,1785805103141903,832812267,2,2,0,-57,128,0,17,16,16,15,15,16,15,14,14,14,15,14,14,15,14,15,15,14,14,14,14,14,14,14,14,14,0,0,0,0,0,0,0,0,0,0,0,7,7,7,8,8,9,9,9,10,9,10,11,11,12,12,12,13,13,13,14,14,15,15,16,16,16,0,61,60,61,62,60,58,56,55,56,53,56,55,55,57,55,55,55,57,56,56,56,53,53,52,50,51,49,48,0,0,0,0,0,0,0,25,24,25,27,25,29,29,32,34,35,39,39,41,44,43,47,48,47,48,50,52,54,55,57,57,61,59,62
20260804_015555_897cb2,1785805103240263,832914683,2,2,0,-60,128,0,17,17,16,17,15,15,14,15,14,14,15,13,13,14,14,15,14,15,15,14,14,14,13,12,12,13,0,0,0,0,0,0,0,0,0,0,0,7,7,8,8,7,8,8,9,9,10,10,11,11,12,14,13,14,14,13,15,15,16,16,16,17,17,0,31,30,31,30,30,26,28,27,29,29,25,27,27,27,26,25,28,26,26,26,25,25,25,26,23,22,23,23,0,0,0,0,0,0,0,12,11,13,14,11,15,16,13,15,16,18,18,17,21,23,24,25,25,26,25,27,27,28,29,30,31,31,29
20260804_015555_897cb2,1785805103339163,833011669,2,2,0,-62,128,0,12,11,10,9,7,6,6,5,4,4,3,4,3,4,4,5,6,7,9,9,9,10,10,11,12,12,0,0,0,0,0,0,0,0,0,0,0,10,12,13,15,16,17,18,18,18,20,20,20,20,20,20,20,20,19,18,17,17,17,16,16,15,14,0,22,20,17,17,14,13,11,9,8,7,6,6,6,8,9,10,12,14,15,16,17,18,19,21,22,21,23,24,0,0,0,0,0,0,0,16,18,19,23,24,27,30,29,32,32,35,35,35,35,35,34,34,34,34,33,32,32,31,30,30,27,27,25
20260804_015555_897cb2,1785805103445034,833116501,2,2,0,-57,128,0,18,17,16,16,15,14,14,13,13,12,12,11,10,11,10,10,9,9,8,8,7,6,6,5,4,5,0,0,0,0,0,0,0,0,0,0,0,9,9,9,10,11,11,12,13,14,14,14,15,16,16,16,16,17,17,17,18,18,19,19,19,19,19,0,34,31,31,31,29,28,26,25,25,24,23,23,20,20,19,18,17,17,15,14,14,11,10,9,9,9,7,7,0,0,0,0,0,0,0,14,14,16,16,17,19,19,21,23,24,26,27,29,28,30,29,31,32,32,33,32,34,33,33,35,34,34,33
20260804_015555_897cb2,1785805103537491,833211155,2,2,0,-56,128,0,16,16,16,16,16,15,15,15,16,16,16,16,16,16,16,16,16,16,16,16,16,16,15,15,14,14,0,0,0,0,0,0,0,0,0,0,0,9,9,9,9,10,10,10,10,10,12,11,12,12,12,12,13,13,13,13,13,13,15,15,16,16,16,0,61,58,59,59,57,57,57,57,57,57,58,57,56,59,57,59,58,60,59,59,60,56,54,53,52,52,48,49,0,0,0,0,0,0,0,29,30,30,31,32,33,34,34,37,37,38,39,40,41,40,44,44,46,48,46,50,50,52,53,54,55,57,57
20260804_015555_897cb2,1785805103648129,833323053,2,2,0,-63,128,0,16,15,14,14,13,13,12,11,11,10,10,10,10,10,9,10,11,11,11,11,11,12,11,12,13,13,0,0,0,0,0,0,0,0,0,0,0,9,8,9,9,9,9,10,11,12,12,13,14,15,15,16,16,16,16,17,17,17,17,17,17,16,16,0,30,29,28,27,25,25,23,22,22,21,20,20,19,19,19,20,20,21,21,21,22,23,23,23,24,25,26,25,0,0,0,0,0,0,0,18,18,16,17,16,17,17,18,19,21,23,25,26,27,28,29,30,31,31,31,32,32,33,34,33,33,33,31
20260804_015555_897cb2,1785805103741199,833412657,2,2,0,-55,128,0,16,16,16,15,15,14,14,13,13,12,12,12,12,12,11,11,11,10,10,10,9,9,8,8,7,7,0,0,0,0,0,0,0,0,0,0,0,8,9,9,9,10,10,11,12,12,13,13,14,14,15,15,15,15,15,15,16,16,17,16,17,17,17,0,32,31,31,30,30,28,27,26,25,24,25,25,24,24,23,23,21,21,20,19,18,17,16,15,14,13,12,11,0,0,0,0,0,0,0,15,16,16,17,17,19,20,21,22,24,24,25,26,27,28,28,29,29,30,29,31,32,32,32,31,33,33,33
20260804_015555_897cb2,1785805103840002,833512609,2,2,0,-57,128,0,17,17,16,16,15,15,14,14,14,13,12,12,12,11,11,11,11,11,10,10,10,9,9,9,8,7,0,0,0,0,0,0,0,0,0,0,0,11,11,11,12,12,12,13,14,14,15,14,15,15,15,16,16,16,16,16,16,16,16,16,16,17,16,0,32,32,30,30,28,28,27,26,26,25,25,24,24,23,23,22,21,20,20,20,19,17,17,16,15,13,13,13,0,0,0,0,0,0,0,19,21,21,20,22,22,23,24,24,25,26,27,28,28,28,28,29,30,30,30,30,31,32,32,32,32,33,32
20260804_015555_897cb2,1785805103978180,833652627,2,2,0,-55,128,0,17,17,16,17,16,16,16,15,15,15,15,15,15,15,15,15,15,15,15,15,15,14,13,13,12,12,0,0,0,0,0,0,0,0,0,0,0,9,9,10,10,11,11,11,12,12,12,13,13,13,13,14,15,14,15,15,15,15,16,16,16,17,17,0,60,60,61,60,60,60,57,57,54,56,57,56,55,55,55,55,54,56,55,54,53,50,48,48,46,44,42,42,0,0,0,0,0,0,0,33,33,34,36,36,38,38,42,44,43,44,46,47,48,48,50,48,49,51,51,53,54,55,57,59,60,60,62
20260804_015555_897cb2,1785805104041703,833712141,2,2,0,-54,128,0,16,16,16,16,15,15,15,15,15,15,15,15,15,16,15,15,15,15,14,14,13,13,13,12,12,11,0,0,0,0,0,0,0,0,0,0,0,6,7,7,8,8,8,9,9,9,10,10,11,11,11,12,12,12,13,13,14,14,15,15,15,16,16,0,63,62,64,62,62,62,60,61,58,57,59,58,59,60,58,60,58,60,58,55,55,52,49,47,46,44,41,40,0,0,0,0,0,0,0,24,27,26,28,30,32,32,34,36,38,38,40,42,42,44,45,47,47,49,48,52,52,55,56,56,59,61,60
20260804_015555_897cb2,1785805104139726,833811778,2,2,0,-57,128,0,14,14,14,15,15,15,15,15,15,15,16,16,16,17,17,17,17,17,17,17,17,17,16,16,16,16,0,0,0,0,0,0,0,0,0,0,0,9,7,7,7,7,7,8,8,8,8,8,7,8,8,8,8,9,9,10,9,10,10,11,13,13,13,0,57,58,57,61,59,59,58,60,61,65,63,64,65,66,69,69,71,69,70,70,71,69,67,65,64,63,63,59,0,0,0,0,0,0,0,30,30,31,30,32,29,33,29,30,26,28,31,30,30,31,30,31,33,34,38,37,40,42,43,47,49,50,52
20260804_015555_897cb2,1785805104242597,833913156,2,2,0,-52,128,0,14,15,15,14,14,14,15,14,14,14,14,14,14,14,15,14,15,14,16,15,15,13,14,13,13,12,0,0,0,0,0,0,0,0,0,0,0,8,8,9,9,9,9,9,9,11,11,11,11,11,11,11,11,11,11,12,12,12,13,13,14,14,14,0,59,59,57,58,55,56,56,56,56,57,57,56,57,57,59,59,57,59,60,59,59,55,55,54,52,51,49,48,0,0,0,0,0,0,0,31,32,31,33,36,36,38,38,39,41,42,43,42,44,44,44,44,45,45,46,48,49,50,51,53,53,55,55
20260804_015555_897cb2,1785805104341870,834011694,2,2,0,-54,128,0,15,15,15,15,15,15,15,15,15,16,16,16,16,16,17,17,17,17,17,17,17,16,16,16,16,16,0,0,0,0,0,0,0,0,0,0,0,7,7,8,8,8,8,9,9,9,10,10,10,10,10,10,11,11,12,12,12,13,13,13,14,14,14,0,56,59,59,60,57,60,60,59,60,63,63,62,62,62,64,64,66,66,68,66,65,64,64,62,60,56,57,55,0,0,0,0,0,0,0,27,27,28,29,31,31,33,33,36,36,36,38,39,38,40,40,40,43,43,45,45,46,48,49,51,54,56,55
20260804_015555_897cb2,1785805104439600,834112124,2,2,0,-52,128,0,16,16,16,16,16,16,16,16,16,16,17,17,17,17,17,17,18,18,18,18,18,17,17,17,17,16,0,0,0,0,0,0,0,0,0,0,0,10,10,11,11,11,11,11,12,12,13,12,12,12,12,13,13,13,13,13,14,14,14,15,15,16,15,0,28,29,28,29,28,28,28,28,28,29,28,30,31,29,30,31,32,31,31,32,31,31,30,29,29,28,28,27,0,0,0,0,0,0,0,17,17,18,19,19,19,21,19,21,22,22,22,22,22,22,23,22,22,22,22,23,25,25,25,25,25,27,26
20260804_015555_897cb2,1785805104536992,834211600,2,2,0,-53,128,0,15,15,15,15,15,15,15,15,15,15,15,15,15,16,16,16,16,16,16,16,16,15,15,14,14,14,0,0,0,0,0,0,0,0,0,0,0,8,8,8,8,9,10,10,10,11,11,11,11,11,11,12,12,11,13,13,13,13,13,13,14,15,15,0,58,59,58,59,57,57,57,57,58,58,58,58,60,59,61,61,63,60,63,60,62,59,58,54,54,53,51,51,0,0,0,0,0,0,0,28,28,31,31,33,33,35,35,38,39,40,42,43,43,44,43,43,45,47,47,48,49,50,52,54,54,56,55
20260804_015555_897cb2,1785805104640493,834311444,2,2,0,-52,128,0,16,16,16,16,16,15,15,15,15,15,15,15,15,15,15,16,15,15,15,15,15,14,14,13,13,13,0,0,0,0,0,0,0,0,0,0,0,10,10,11,11,11,12,13,13,13,13,13,13,13,13,14,14,14,14,15,15,14,16,16,16,16,16,0,59,58,60,57,57,56,56,54,56,55,57,55,54,56,55,57,56,57,56,55,55,53,50,49,48,48,44,44,0,0,0,0,0,0,0,32,34,36,39,39,42,42,44,45,47,48,48,49,49,50,51,51,52,54,52,53,54,55,57,57,57,59,60
20260804_015555_897cb2,1785805104737660,834411808,2,2,0,-53,128,0,15,15,15,16,14,14,14,14,14,15,15,15,15,15,16,16,16,16,16,16,16,16,16,16,15,15,0,0,0,0,0,0,0,0,0,0,0,10,10,10,10,10,12,12,12,12,12,12,12,12,12,12,13,13,13,13,13,14,14,14,14,14,15,0,57,57,57,57,54,55,55,55,56,57,57,56,58,60,59,61,62,61,62,62,63,61,60,57,59,56,55,55,0,0,0,0,0,0,0,34,36,38,37,39,41,43,43,45,44,46,47,47,47,46,47,46,46,48,48,49,49,51,51,52,52,55,55
20260804_015555_897cb2,1785805104841805,834514399,2,2,0,-54,128,0,14,14,15,14,14,14,13,13,14,14,14,14,15,15,15,15,16,16,16,15,15,15,15,14,14,14,0,0,0,0,0,0,0,0,0,0,0,13,13,14,15,14,15,15,16,16,16,15,15,15,15,15,14,14,13,14,14,14,14,14,14,14,14,0,50,49,52,49,50,53,47,51,50,50,48,52,53,53,53,54,54,55,56,55,53,54,54,49,49,52,48,47,0,0,0,0,0,0,0,45,47,46,50,47,51,54,52,54,52,54,57,51,52,54,51,52,52,50,48,51,49,50,50,48,48,52,50
20260804_015555_897cb2,1785805104939673,834610992,2,2,0,-54,128,0,14,14,14,14,14,14,15,14,15,15,15,16,16,16,16,17,17,17,17,17,17,17,17,16,15,16,0,0,0,0,0,0,0,0,0,0,0,11,11,11,11,12,12,12,11,12,12,13,12,12,12,12,12,11,12,12,13,13,13,13,14,14,14,0,55,56,54,55,56,55,55,55,56,56,57,57,59,60,59,62,63,63,63,63,62,62,61,59,58,58,55,54,0,0,0,0,0,0,0,38,39,40,42,42,43,43,43,44,45,45,44,45,45,46,45,45,43,45,45,45,48,47,48,49,50,53,52
20260804_015555_897cb2,1785805105049962,834720689,2,2,0,-54,128,0,14,14,14,15,14,14,14,14,14,15,15,15,15,16,16,16,16,17,17,17,17,16,16,15,16,15,0,0,0,0,0,0,0,0,0,0,0,7,8,8,8,8,8,8,9,9,9,9,10,10,10,10,11,11,11,11,12,12,13,13,12,13,13,0,28,27,28,28,29,28,29,28,29,29,30,30,31,32,30,32,32,34,33,33,32,32,30,30,30,30,28,28,0,0,0,0,0,0,0,13,14,14,14,14,15,16,16,16,17,18,17,18,19,18,19,19,19,20,20,22,22,23,23,24,24,24,25
20260804_015555_897cb2,1785805105159964,834835509,2,2,0,-54,128,0,14,16,15,16,15,15,15,16,16,16,16,16,16,16,17,17,18,17,18,18,17,17,17,17,16,16,0,0,0,0,0,0,0,0,0,0,0,6,6,7,7,8,8,8,8,9,9,8,9,9,10,10,11,11,11,11,11,12,13,13,13,13,13,0,56,58,58,58,59,60,60,58,60,60,61,62,62,63,65,65,67,67,69,68,67,67,66,65,63,61,62,60,0,0,0,0,0,0,0,23,23,22,24,25,28,28,28,29,30,32,33,34,35,37,37,38,40,41,41,44,45,46,47,51,52,53,54
20260804_015555_897cb2,1785805105240763,834912746,2,2,0,-53,128,0,15,16,16,16,15,15,15,15,15,16,16,15,15,16,16,16,16,16,16,16,16,16,16,16,15,15,0,0,0,0,0,0,0,0,0,0,0,9,9,9,10,11,11,11,12,12,12,12,13,12,13,13,13,13,13,13,13,14,14,14,14,15,14,0,56,59,57,57,57,57,55,57,55,57,58,57,57,58,60,60,62,60,62,63,61,59,60,59,55,54,54,54,0,0,0,0,0,0,0,31,32,31,33,35,37,38,39,41,43,45,47,44,45,45,47,47,49,49,49,49,52,52,52,53,56,54,54
20260804_015555_897cb2,1785805105340914,835013936,2,2,0,-56,128,0,13,14,14,14,14,14,15,15,16,16,16,16,17,18,18,18,18,19,20,19,19,20,18,19,19,19,0,0,0,0,0,0,0,0,0,0,0,5,6,6,6,6,7,7,7,7,7,8,8,8,8,8,8,9,9,9,10,10,11,11,11,12,13,0,49,51,52,54,57,56,57,58,57,60,61,62,64,66,67,71,71,74,74,74,74,73,71,73,68,70,69,69,0,0,0,0,0,0,0,19,20,21,23,21,22,23,25,25,26,27,27,27,30,30,32,32,32,33,34,37,37,38,40,41,45,47,47
20260804_015555_897cb2,1785805105445204,835121183,2,2,0,-55,128,0,13,13,13,13,14,14,14,14,14,14,15,15,16,16,16,17,17,17,17,17,17,17,16,16,16,16,0,0,0,0,0,0,0,0,0,0,0,4,5,5,5,5,6,6,6,6,7,7,7,7,7,7,8,8,8,9,9,9,9,10,11,12,12,0,51,54,54,55,56,58,58,57,59,60,60,64,63,65,65,68,71,71,72,71,71,70,70,68,67,66,66,65,0,0,0,0,0,0,0,17,19,20,21,22,23,24,24,26,26,28,27,29,31,29,32,33,34,34,36,38,40,42,42,44,46,49,49
20260804_015555_897cb2,1785805105542486,835213794,2,2,0,-58,128,0,11,11,12,12,13,13,13,13,14,15,16,16,16,16,17,17,18,18,18,19,19,18,18,18,18,18,0,0,0,0,0,0,0,0,0,0,0,5,5,5,5,5,4,5,4,4,4,4,4,4,4,4,5,4,6,6,6,6,8,8,8,9,10,0,48,49,51,54,52,56,57,58,60,62,64,66,67,67,70,74,76,76,78,78,79,78,77,76,75,75,72,73,0,0,0,0,0,0,0,21,22,22,21,23,21,22,20,17,19,18,18,17,18,16,18,20,22,23,25,26,28,30,33,34,39,40,42
20260804_015555_897cb2,1785805105640873,835316295,2,2,0,-61,128,0,10,11,12,12,13,14,14,14,15,16,16,17,17,18,19,20,20,21,22,21,22,22,22,22,21,22,0,0,0,0,0,0,0,0,0,0,0,6,6,6,6,6,6,5,5,4,4,4,3,3,2,2,2,2,3,3,3,4,5,6,7,8,9,0,20,21,23,24,25,26,28,29,29,31,32,33,34,36,37,38,40,41,42,42,43,41,43,41,41,42,41,41,0,0,0,0,0,0,0,11,11,11,11,10,11,11,11,10,9,8,8,6,5,4,4,3,3,4,4,6,8,8,11,12,13,15,17
20260804_015555_897cb2,1785805105740567,835413815,2,2,0,-57,128,0,14,14,14,13,14,14,14,14,14,14,14,14,14,15,15,16,15,16,15,17,17,16,16,15,15,15,0,0,0,0,0,0,0,0,0,0,0,4,4,6,6,7,7,7,7,9,9,9,10,10,10,10,10,11,11,11,11,11,12,12,13,14,13,0,56,55,55,56,55,56,55,54,56,54,57,58,59,61,59,63,63,62,65,64,64,65,61,62,60,61,57,57,0,0,0,0,0,0,0,16,19,20,22,24,26,27,30,32,34,36,36,34,38,38,41,43,42,44,42,47,47,48,51,49,50,54,54
20260804_015555_897cb2,1785805105838619,835514378,2,2,0,-60,128,0,12,12,13,13,13,13,13,13,14,14,15,15,15,15,16,16,17,17,18,18,18,18,18,18,18,17,0,0,0,0,0,0,0,0,0,0,0,5,5,6,6,6,6,7,7,8,8,9,8,9,9,9,9,10,10,10,10,11,11,11,12,12,12,0,24,25,25,26,24,26,26,27,26,28,28,28,29,31,30,32,32,33,34,34,35,36,35,35,35,34,33,34,0,0,0,0,0,0,0,10,11,11,11,11,12,13,15,14,14,16,16,16,17,17,17,17,18,19,18,20,19,21,21,22,24,23,23
20260804_015555_897cb2,1785805105953688,835629586,2,2,0,-64,128,0,7,8,9,9,10,11,11,11,12,13,14,14,15,16,17,18,18,19,20,21,21,21,21,22,22,22,0,0,0,0,0,0,0,0,0,0,0,2,2,1,1,1,1,1,1,1,1,2,1,2,2,2,2,2,3,3,3,4,4,4,5,6,7,0,17,18,19,21,21,23,23,25,25,28,29,31,33,34,37,39,39,42,44,44,44,46,44,47,47,47,47,48,0,0,0,0,0,0,0,5,4,4,4,3,1,2,1,1,1,1,3,4,3,4,4,5,5,6,8,7,7,9,9,10,11,13,14
20260804_015555_897cb2,1785805106040109,835712018,2,2,0,-60,128,0,14,13,12,11,10,9,9,7,7,6,5,5,5,4,4,4,5,6,5,6,7,8,8,8,8,9,0,0,0,0,0,0,0,0,0,0,0,11,11,13,14,16,16,17,18,19,19,19,19,19,19,19,20,18,17,17,18,17,17,17,16,16,15,0,27,25,23,21,19,17,16,14,13,11,10,9,9,8,8,7,8,9,11,11,12,13,14,14,17,17,18,19,0,0,0,0,0,0,0,18,21,23,23,26,30,30,32,34,35,37,37,38,37,38,39,37,38,36,36,35,36,34,32,32,32,32,29
20260804_015555_897cb2,1785805106138434,835812517,2,2,0,-59,128,0,14,13,13,12,11,10,9,8,8,7,6,4,5,3,3,2,1,1,1,1,2,2,3,4,4,5,0,0,0,0,0,0,0,0,0,0,0,12,13,13,15,16,16,18,18,19,19,19,19,19,19,19,19,19,19,19,19,18,17,17,17,16,16,0,28,25,25,24,21,19,17,16,15,14,12,10,8,7,4,4,4,3,1,4,4,6,6,9,9,9,12,12,0,0,0,0,0,0,0,22,22,25,25,27,29,32,33,35,36,36,38,37,38,38,37,38,37,35,38,36,36,36,35,35,32,31,30
20260804_015555_897cb2,1785805106253189,835923876,2,2,0,-60,128,0,14,13,13,12,11,11,9,9,8,7,6,6,5,4,4,4,4,4,4,4,4,4,5,6,5,6,0,0,0,0,0,0,0,0,0,0,0,13,14,14,14,15,16,16,16,18,18,18,18,18,18,18,18,18,18,18,17,17,17,16,17,17,16,0,54,52,49,50,42,41,37,34,31,29,28,23,21,19,19,16,15,15,12,14,16,17,19,18,22,23,24,27,0,0,0,0,0,0,0,50,50,52,52,57,58,62,62,67,66,68,71,70,73,71,71,69,70,69,71,66,68,67,66,64,64,62,61
20260804_015555_897cb2,1785805106381980,836052038,2,2,0,-55,128,0,16,15,14,14,13,12,11,11,10,10,9,8,8,7,8,7,7,7,6,5,5,4,4,4,3,3,0,0,0,0,0,0,0,0,0,0,0,11,12,13,13,15,16,17,18,18,19,19,19,19,19,18,19,18,18,18,19,18,17,17,17,17,17,0,58,57,55,50,45,45,43,40,38,36,34,32,31,30,30,27,26,25,23,20,21,18,16,15,14,13,11,11,0,0,0,0,0,0,0,38,40,44,47,50,55,58,60,63,67,67,69,71,71,72,70,70,70,69,68,68,67,67,65,66,66,64,60
20260804_015555_897cb2,1785805106434719,836111178,2,2,0,-57,128,0,16,15,15,14,14,13,13,11,10,9,9,9,8,8,7,7,7,6,6,6,5,5,5,4,4,5,0,0,0,0,0,0,0,0,0,0,0,9,9,10,11,12,12,14,15,15,16,16,16,17,18,17,17,18,18,18,18,18,18,17,18,18,18,0,32,30,30,28,27,25,24,22,21,19,18,17,16,16,15,14,13,12,13,11,10,10,9,9,8,9,9,8,0,0,0,0,0,0,0,15,16,17,18,19,21,23,24,26,28,29,30,32,32,33,34,33,33,34,33,34,34,35,35,34,34,34,34
20260804_015555_897cb2,1785805106537602,836214236,2,2,0,-58,128,0,16,15,14,13,12,11,9,9,8,7,6,5,4,3,3,2,3,2,3,4,5,6,6,7,7,8,0,0,0,0,0,0,0,0,0,0,0,11,13,13,14,16,16,17,17,19,19,20,20,20,21,20,20,20,21,20,20,20,20,20,19,18,17,0,30,30,25,24,22,21,18,15,14,13,11,8,6,5,4,3,5,4,6,9,9,11,13,14,15,16,16,18,0,0,0,0,0,0,0,19,20,21,22,24,26,29,29,32,35,36,37,37,38,38,38,39,39,38,37,37,38,38,36,36,35,34,34
20260804_015555_897cb2,1785805106642321,836313863,2,2,0,-56,128,0,17,17,16,16,15,15,14,13,12,11,11,11,10,9,10,10,10,9,9,8,8,8,8,8,7,7,0,0,0,0,0,0,0,0,0,0,0,6,7,8,9,10,11,13,13,14,16,16,17,18,18,18,18,18,18,19,19,19,19,19,19,19,19,0,67,65,62,58,56,54,51,47,47,45,43,40,38,37,37,35,33,34,33,30,29,29,27,27,27,27,25,24,0,0,0,0,0,0,0,17,18,21,25,27,33,37,42,46,50,54,57,61,63,63,65,67,70,70,69,71,72,71,74,72,73,72,70
20260804_015555_897cb2,1785805106740026,836411516,2,2,0,-57,128,0,18,18,17,16,15,14,14,12,12,11,10,9,9,8,7,7,6,5,4,3,2,2,1,1,2,2,0,0,0,0,0,0,0,0,0,0,0,7,7,8,9,10,11,12,13,14,15,15,16,17,18,18,18,19,18,19,20,20,20,19,20,20,19,0,34,32,33,30,29,27,26,23,23,21,19,19,16,16,14,14,12,10,9,6,6,4,4,2,4,4,5,6,0,0,0,0,0,0,0,12,13,12,14,15,18,18,21,22,25,26,28,29,32,32,33,34,34,36,35,37,36,38,38,36,37,37,36
20260804_015555_897cb2,1785805106838511,836511682,2,2,0,-58,128,0,15,16,14,13,12,11,10,9,9,9,8,7,7,6,6,6,6,5,5,5,5,6,6,6,6,7,0,0,0,0,0,0,0,0,0,0,0,14,14,14,14,16,17,17,17,19,19,19,18,19,18,19,19,18,19,19,19,19,18,18,17,17,17,0,28,28,26,25,22,22,19,17,17,17,14,14,12,12,11,11,11,9,10,10,10,10,11,13,13,13,13,14,0,0,0,0,0,0,0,23,25,25,26,28,29,29,29,32,33,35,34,34,34,36,36,35,35,35,35,34,35,34,34,34,33,32,33
20260804_015555_897cb2,1785805106943012,836617642,2,2,0,-60,128,0,14,14,13,12,12,10,9,9,9,9,8,6,6,6,6,6,6,6,6,7,7,6,7,8,8,8,0,0,0,0,0,0,0,0,0,0,0,14,14,14,14,15,15,15,17,17,17,17,17,17,16,17,17,17,17,16,17,17,16,16,16,16,15,0,56,55,54,49,47,43,39,37,36,34,30,28,26,26,25,26,22,23,25,25,26,27,26,28,29,31,29,34,0,0,0,0,0,0,0,49,50,52,53,53,57,59,60,62,64,64,67,65,65,68,68,67,67,66,66,67,66,66,64,64,64,64,63
20260804_015555_897cb2,1785805107041741,836715360,2,2,0,-56,128,0,15,14,13,13,12,11,10,10,9,9,9,8,8,7,7,6,6,5,5,5,4,4,4,4,2,2,0,0,0,0,0,0,0,0,0,0,0,16,17,17,18,19,19,19,20,20,20,20,20,20,19,19,19,19,18,18,18,18,18,17,16,16,16,0,26,25,24,23,23,21,17,18,16,18,14,16,13,15,13,13,10,10,9,9,9,6,6,4,4,3,3,3,0,0,0,0,0,0,0,28,29,30,30,32,33,34,34,36,36,37,37,36,37,36,36,34,34,33,35,33,32,32,32,30,28,30,28
20260804_015555_897cb2,1785805107141537,836812387,2,2,0,-53,128,0,15,15,14,15,14,13,12,12,12,11,11,10,10,10,10,9,10,9,9,9,8,8,8,7,7,7,0,0,0,0,0,0,0,0,0,0,0,15,15,15,16,17,17,18,17,18,18,18,18,18,18,17,18,17,18,17,17,17,17,17,17,17,16,0,28,28,26,26,24,24,23,22,21,21,20,19,18,18,18,17,17,16,17,16,16,15,15,14,13,13,12,12,0,0,0,0,0,0,0,26,26,26,27,29,29,31,30,32,33,33,34,34,34,33,33,32,34,32,33,32,33,31,31,32,31,29,30
20260804_015555_897cb2,1785805107239724,836912699,2,2,0,-56,128,0,16,15,15,14,13,13,13,12,11,11,11,11,11,11,11,11,10,10,10,10,10,10,9,9,9,9,0,0,0,0,0,0,0,0,0,0,0,11,11,11,13,13,14,14,15,16,16,16,17,17,17,17,16,16,16,16,17,16,17,17,16,17,16,0,59,57,54,55,51,51,47,46,44,45,43,41,40,39,42,39,39,39,39,38,39,37,36,36,35,34,35,34,0,0,0,0,0,0,0,41,42,42,44,49,48,53,53,55,56,59,62,60,60,62,62,63,63,62,64,62,62,64,63,65,62,64,62
20260804_015555_897cb2,1785805107342639,837014477,2,2,0,-60,128,0,13,13,12,12,11,11,10,10,9,9,9,9,9,10,10,9,10,10,11,10,10,11,11,11,11,11,0,0,0,0,0,0,0,0,0,0,0,11,11,13,12,13,13,13,15,15,16,16,16,16,16,16,16,16,15,15,15,15,16,15,15,15,14,0,53,52,51,48,47,44,43,41,40,40,38,38,39,39,38,40,41,41,41,43,42,44,44,46,45,45,47,47,0,0,0,0,0,0,0,42,44,44,45,48,50,54,54,57,60,60,62,64,61,66,63,63,64,61,62,62,61,62,61,60,61,58,59
20260804_015555_897cb2,1785805107440430,837111415,2,2,0,-60,128,0,14,13,13,13,13,13,13,13,13,13,13,13,13,13,14,14,14,14,16,16,15,16,15,16,15,16,0,0,0,0,0,0,0,0,0,0,0,10,10,10,10,11,11,10,12,11,11,12,12,12,12,12,13,13,13,13,13,13,13,14,14,14,14,0,54,52,51,51,52,51,49,50,51,51,52,52,53,54,54,56,57,61,61,60,60,62,62,60,61,63,59,62,0,0,0,0,0,0,0,37,39,39,38,40,40,42,44,44,43,45,47,47,47,46,46,49,47,50,51,50,49,51,50,54,54,52,52
20260804_015555_897cb2,1785805107562485,837235197,2,2,0,-61,128,0,11,10,10,9,8,7,6,5,4,4,3,3,2,1,2,2,2,3,4,4,4,5,6,6,6,6,0,0,0,0,0,0,0,0,0,0,0,12,13,14,15,16,16,17,18,18,18,19,19,19,19,19,17,17,16,16,16,16,15,15,14,14,13,0,23,21,20,17,17,15,12,11,9,9,7,5,5,4,4,5,5,6,7,8,9,9,11,12,13,13,13,14,0,0,0,0,0,0,0,23,24,25,26,28,30,30,33,34,35,36,36,38,38,36,36,36,35,34,34,34,34,32,31,29,29,28,26
20260804_015555_897cb2,1785805107639248,837314047,2,2,0,-57,128,0,15,14,13,13,13,12,10,11,9,9,8,7,8,6,6,7,7,7,6,6,6,7,7,7,7,7,0,0,0,0,0,0,0,0,0,0,0,14,15,15,16,16,17,17,18,18,19,18,18,19,19,18,18,18,18,17,18,17,17,17,17,17,16,0,28,27,25,24,23,21,19,19,15,17,15,16,12,14,13,15,12,13,11,13,12,14,13,13,14,14,13,15,0,0,0,0,0,0,0,25,26,27,28,28,30,30,32,32,33,35,35,36,36,34,36,35,34,32,33,33,34,34,32,32,30,31,29
20260804_015555_897cb2,1785805107737432,837412283,2,2,0,-56,128,0,14,14,13,12,11,11,10,9,8,8,7,6,6,6,5,4,4,3,3,2,2,1,1,1,1,2,0,0,0,0,0,0,0,0,0,0,0,16,16,16,18,18,18,19,20,21,19,20,20,20,20,20,19,19,19,18,18,18,17,17,17,16,15,0,27,25,24,22,21,20,18,18,15,14,13,13,11,11,9,7,7,6,4,3,3,3,2,2,2,3,4,4,0,0,0,0,0,0,0,27,27,28,30,32,33,33,34,36,37,37,38,37,38,38,38,36,36,35,35,33,34,33,33,32,31,30,28
20260804_015555_897cb2,1785805107841676,837514786,2,2,0,-53,128,0,14,13,12,12,11,10,9,9,8,9,7,8,7,7,6,6,6,6,6,5,5,4,4,4,4,4,0,0,0,0,0,0,0,0,0,0,0,13,14,15,16,17,17,18,18,19,19,19,19,19,19,18,18,18,17,17,17,17,17,16,16,15,15,0,26,25,24,22,21,20,19,17,16,15,14,14,13,13,12,11,11,11,11,10,9,9,9,9,8,8,7,7,0,0,0,0,0,0,0,23,25,26,28,28,30,31,33,34,35,36,36,36,36,36,36,36,34,34,33,33,32,32,32,30,30,30,28
20260804_015555_897cb2,1785805107939335,837613431,2,2,0,-56,128,0,13,13,12,11,10,9,9,9,8,7,7,7,7,7,6,6,6,6,6,7,6,6,6,6,6,6,0,0,0,0,0,0,0,0,0,0,0,13,13,14,15,16,16,17,17,17,18,18,19,19,18,17,17,17,17,16,17,16,17,16,16,15,14,0,26,24,23,22,21,19,19,17,16,15,14,13,13,13,12,13,12,13,12,12,12,12,12,11,13,12,12,12,0,0,0,0,0,0,0,23,24,25,27,27,29,30,31,33,34,35,34,34,35,35,34,34,34,33,33,33,32,31,31,30,30,29,28
20260804_015555_897cb2,1785805108037680,837711575,2,2,0,-53,128,0,16,16,14,14,13,13,12,11,11,10,10,9,9,9,8,8,7,6,6,6,6,5,5,4,4,4,0,0,0,0,0,0,0,0,0,0,0,13,13,14,15,16,16,17,18,18,19,19,18,18,18,18,18,18,18,17,17,17,17,17,17,16,16,0,29,29,28,26,24,23,22,21,20,19,18,17,16,16,14,13,13,13,13,11,10,9,8,8,7,7,5,6,0,0,0,0,0,0,0,22,24,24,25,27,28,30,31,33,34,35,35,36,36,35,35,36,36,35,34,34,34,33,34,33,33,32,31
20260804_015555_897cb2,1785805108135128,837811703,2,2,0,-52,128,0,15,14,13,13,12,11,11,10,10,9,9,8,8,7,7,6,5,6,5,4,4,4,4,3,3,2,0,0,0,0,0,0,0,0,0,0,0,12,13,13,14,15,15,16,17,17,17,17,18,17,17,17,17,17,17,17,17,17,17,16,16,16,16,0,29,27,26,25,24,23,21,20,19,19,18,16,15,15,14,14,12,12,11,11,9,8,7,7,6,6,5,4,0,0,0,0,0,0,0,22,24,24,26,26,28,29,31,31,32,33,33,33,33,34,34,35,34,34,34,33,32,32,32,31,31,31,30
20260804_015555_897cb2,1785805108245348,837920549,2,2,0,-53,128,0,15,14,13,13,11,11,11,11,10,10,9,8,8,7,8,7,6,6,5,5,5,4,4,3,3,3,0,0,0,0,0,0,0,0,0,0,0,12,13,14,14,16,16,16,17,17,18,18,18,18,17,17,18,17,17,17,17,16,16,16,16,16,15,0,58,56,53,52,47,46,42,40,39,37,35,32,31,29,28,27,25,22,22,20,17,16,15,13,11,9,9,7,0,0,0,0,0,0,0,46,49,51,51,55,57,61,62,65,66,67,71,71,70,70,70,67,71,68,69,67,67,67,67,67,65,63,62
20260804_015555_897cb2,1785805108336750,838011678,2,2,0,-60,128,0,17,17,16,15,15,15,14,12,12,12,11,11,11,11,10,11,9,10,9,9,9,8,9,9,7,8,0,0,0,0,0,0,0,0,0,0,0,11,12,12,13,13,14,15,16,16,16,17,17,18,18,18,18,18,18,19,19,19,19,19,19,18,18,0,63,63,59,55,55,54,50,49,45,43,41,41,38,38,36,36,34,34,32,31,31,30,29,29,30,27,28,27,0,0,0,0,0,0,0,37,41,40,41,44,48,49,51,55,57,59,62,63,65,64,64,67,67,65,67,67,67,69,68,67,70,68,66
20260804_015555_897cb2,1785805108441170,838111986,2,2,0,-55,128,0,15,15,15,16,15,15,15,15,14,14,15,15,15,15,15,15,16,16,16,15,15,14,15,14,13,13,0,0,0,0,0,0,0,0,0,0,0,8,8,9,9,9,9,8,9,9,9,9,9,10,9,11,11,11,11,11,13,13,13,14,14,14,15,0,57,61,57,63,57,62,58,57,57,60,56,57,58,60,60,61,59,60,61,62,61,56,59,60,54,52,53,51,0,0,0,0,0,0,0,31,33,30,32,32,32,34,31,35,35,36,38,36,41,37,44,40,45,47,46,45,48,52,50,55,56,57,58
20260804_015555_897cb2,1785805108535586,838211707,2,2,0,-62,128,0,14,16,15,15,15,15,16,16,16,16,17,17,17,17,18,18,18,19,19,18,18,18,18,18,17,18,0,0,0,0,0,0,0,0,0,0,0,7,6,6,6,5,4,4,3,2,2,2,3,4,4,5,6,7,8,9,9,10,11,12,12,13,13,0,30,30,29,31,31,31,30,32,30,33,32,32,33,33,35,34,35,35,37,36,37,37,37,35,35,33,34,34,0,0,0,0,0,0,0,14,14,13,11,12,10,9,7,6,6,4,4,5,6,8,9,11,14,14,16,17,18,20,21,24,25,25,26
20260804_015555_897cb2,1785805108641735,838314733,2,2,0,-53,128,0,16,16,15,16,15,15,15,14,14,14,14,14,14,14,14,14,14,14,13,13,13,12,12,12,11,11,0,0,0,0,0,0,0,0,0,0,0,9,9,10,10,10,11,11,11,12,12,12,12,12,12,12,12,12,13,12,14,14,14,15,15,15,15,0,59,57,58,57,55,55,54,54,54,54,53,51,54,54,52,53,53,53,51,51,50,49,46,45,45,43,41,40,0,0,0,0,0,0,0,36,37,36,39,38,40,42,42,43,46,46,45,46,47,48,49,50,49,51,50,52,52,51,55,56,57,57,58
20260804_015555_897cb2,1785805108740901,838411762,2,2,0,-58,128,0,13,14,14,14,14,14,14,14,13,14,14,13,14,15,14,15,15,15,15,15,14,15,14,14,13,13,0,0,0,0,0,0,0,0,0,0,0,12,12,12,12,13,12,11,12,11,11,10,10,11,10,10,11,11,11,11,12,12,12,12,13,13,13,0,55,57,56,55,56,54,56,57,55,56,56,57,57,58,58,58,59,59,59,59,60,56,55,55,55,54,52,51,0,0,0,0,0,0,0,46,49,48,47,49,48,49,47,46,47,47,45,43,44,43,42,43,43,43,44,46,45,47,48,50,52,51,53
20260804_015555_897cb2,1785805108838868,838512113,2,2,0,-53,128,0,14,14,14,14,14,14,14,14,13,13,14,14,15,15,15,15,15,15,16,15,16,14,14,14,14,14,0,0,0,0,0,0,0,0,0,0,0,13,14,13,14,14,14,14,14,14,14,14,13,13,13,13,12,13,12,13,12,13,13,13,13,13,13,0,52,53,52,52,53,53,52,53,51,53,54,54,55,56,56,56,57,58,59,58,58,56,55,54,54,52,51,50,0,0,0,0,0,0,0,47,49,49,51,53,53,53,55,54,53,55,55,53,51,50,50,48,47,47,46,48,49,48,49,48,49,50,49
20260804_015555_897cb2,1785805108941937,838612541,2,2,0,-56,128,0,11,12,12,12,12,13,13,13,13,14,14,14,13,14,16,16,16,16,16,16,16,16,15,15,16,15,0,0,0,0,0,0,0,0,0,0,0,14,14,14,14,14,13,14,14,13,13,12,12,11,10,10,10,9,10,9,10,10,10,10,11,11,11,0,45,45,46,47,49,48,49,50,51,50,53,54,54,57,57,61,58,61,61,62,61,61,60,60,59,59,56,58,0,0,0,0,0,0,0,54,54,53,56,54,57,56,56,55,54,51,49,48,47,45,41,42,39,38,38,38,38,40,39,37,41,42,42
20260804_015555_897cb2,1785805109040878,838713640,2,2,0,-54,128,0,12,13,13,13,13,13,13,13,13,13,13,13,13,14,14,14,14,14,14,14,14,14,14,13,13,13,0,0,0,0,0,0,0,0,0,0,0,13,13,14,14,14,14,13,13,14,14,13,13,13,13,12,11,11,12,12,12,11,11,11,12,12,12,0,49,50,51,51,50,51,52,50,49,50,51,51,52,52,53,54,55,55,55,54,55,54,53,51,51,50,47,48,0,0,0,0,0,0,0,50,51,51,52,54,54,55,53,55,54,52,52,50,49,48,47,47,46,43,45,46,45,47,47,47,48,48,49
20260804_015555_897cb2,1785805109144430,838813733,2,2,0,-52,128,0,15,15,15,15,15,15,15,15,15,15,15,14,15,15,15,15,15,15,16,15,16,15,15,14,13,13,0,0,0,0,0,0,0,0,0,0,0,11,11,11,12,12,12,12,12,12,12,12,12,12,12,12,12,12,12,12,13,13,13,13,15,15,15,0,53,56,54,56,55,56,55,54,53,54,55,56,54,55,55,55,58,57,58,58,57,55,55,53,53,50,49,47,0,0,0,0,0,0,0,39,41,42,41,43,45,45,44,47,46,47,47,46,47,46,46,44,45,45,46,46,46,49,49,49,52,53,53
20260804_015555_897cb2,1785805109242060,838914067,2,2,0,-50,128,0,14,14,14,14,14,14,14,14,14,14,13,13,13,14,14,14,14,14,14,14,13,13,13,13,13,11,0,0,0,0,0,0,0,0,0,0,0,10,10,11,11,11,11,12,12,12,13,13,13,13,12,12,12,12,13,13,13,14,14,14,14,14,14,0,56,55,57,55,55,54,54,52,52,52,54,52,55,54,54,55,55,55,55,56,53,52,52,50,49,47,47,45,0,0,0,0,0,0,0,37,38,39,40,44,45,45,45,47,47,48,47,48,47,49,48,49,49,49,47,51,49,51,52,52,54,56,54
20260804_015555_897cb2,1785805109337931,839012034,2,2,0,-53,128,0,14,15,14,15,14,14,14,14,14,14,14,14,14,15,15,14,15,15,15,15,14,14,14,13,13,13,0,0,0,0,0,0,0,0,0,0,0,12,13,13,13,13,14,13,13,13,14,14,13,14,13,13,13,13,13,13,13,13,13,13,14,14,14,0,54,53,54,53,54,53,53,52,53,52,55,52,52,53,53,56,55,56,54,54,53,52,50,50,50,48,46,47,0,0,0,0,0,0,0,42,44,45,46,47,50,50,51,52,52,54,52,51,52,50,49,50,50,50,49,50,50,50,52,53,53,55,54
20260804_015555_897cb2,1785805109452921,839125193,2,2,0,-54,128,0,14,14,15,14,15,15,15,15,14,14,14,14,14,15,14,16,16,16,15,15,15,14,14,14,13,13,0,0,0,0,0,0,0,0,0,0,0,9,9,9,9,10,10,10,10,10,10,10,10,10,10,10,11,11,11,11,12,12,12,13,13,13,14,0,58,57,60,57,58,59,57,57,60,57,59,58,60,65,57,61,60,61,61,60,58,57,57,55,56,53,51,50,0,0,0,0,0,0,0,34,34,36,38,36,39,39,39,40,40,40,41,40,40,43,40,38,41,44,46,46,47,50,51,53,56,55,58
20260804_015555_897cb2,1785805109541122,839213103,2,2,0,-52,128,0,15,15,15,15,15,15,14,13,13,14,14,13,14,14,14,13,13,13,13,13,12,12,11,11,11,11,0,0,0,0,0,0,0,0,0,0,0,11,11,11,11,11,12,13,13,13,13,13,13,13,13,13,14,14,14,14,15,15,15,15,15,15,15,0,58,58,56,57,55,56,54,53,52,52,52,50,51,50,51,51,51,50,50,49,47,45,44,42,41,40,39,37,0,0,0,0,0,0,0,37,39,40,42,42,43,46,46,48,49,49,51,51,51,50,50,52,54,53,53,54,55,56,57,57,58,58,60
20260804_015555_897cb2,1785805109639721,839314317,2,2,0,-57,128,0,17,16,16,16,16,16,16,15,15,15,15,15,14,15,15,16,16,16,15,15,14,14,14,14,13,13,0,0,0,0,0,0,0,0,0,0,0,9,10,9,9,9,9,9,10,10,10,11,10,11,11,11,11,11,12,13,13,14,14,14,14,15,15,0,62,58,61,60,61,59,59,58,57,56,58,56,57,58,57,59,56,61,58,58,58,55,54,54,52,51,49,49,0,0,0,0,0,0,0,35,35,35,37,33,34,34,37,35,35,36,37,38,40,41,42,43,42,47,46,49,50,51,55,53,58,59,58
20260804_015555_897cb2,1785805109749019,839423889,2,2,0,-65,128,0,17,18,17,16,16,15,15,14,13,13,13,12,12,13,12,13,13,13,12,13,13,13,13,13,13,14,0,0,0,0,0,0,0,0,0,0,0,3,2,3,4,4,6,7,9,10,11,13,14,15,16,16,16,17,17,18,18,18,19,19,18,19,19,0,34,34,33,31,30,29,28,25,24,24,24,22,22,23,23,23,23,23,25,25,25,24,24,25,25,26,25,26,0,0,0,0,0,0,0,7,5,4,4,5,6,9,12,14,17,20,23,24,26,28,30,30,31,32,32,34,35,35,35,35,36,36,36
20260804_015555_897cb2,1785805109842440,839516075,2,2,0,-63,128,0,15,15,15,14,13,12,12,11,10,9,9,9,9,9,8,8,8,8,8,8,8,8,8,8,9,8,0,0,0,0,0,0,0,0,0,0,0,9,8,9,10,11,11,12,13,14,14,15,15,16,16,17,16,17,17,17,18,18,17,17,17,17,17,0,31,29,28,27,26,24,23,22,21,21,20,18,18,17,16,16,16,17,16,15,16,15,15,16,16,16,16,16,0,0,0,0,0,0,0,16,17,17,19,18,21,21,22,24,26,27,29,29,30,32,33,33,32,35,32,34,34,33,34,33,34,33,32
20260804_015555_897cb2,1785805109940359,839611723,2,2,0,-54,128,0,16,16,16,13,13,13,12,12,11,11,10,10,9,10,9,9,9,8,8,7,6,7,6,5,6,5,0,0,0,0,0,0,0,0,0,0,0,10,12,12,13,14,14,15,15,17,17,17,17,17,17,17,17,17,17,17,17,17,17,17,17,17,17,0,30,29,28,26,25,25,23,22,22,21,20,20,19,18,19,17,17,16,16,14,14,13,12,11,10,9,9,8,0,0,0,0,0,0,0,20,21,21,22,23,24,26,27,28,28,30,30,30,31,32,33,32,32,32,32,32,32,33,33,31,32,32,31
20260804_015555_897cb2,1785805110049715,839721396,2,2,0,-55,128,0,14,14,13,11,11,11,10,10,9,8,9,7,7,7,7,6,5,4,4,4,3,2,2,2,1,1,0,0,0,0,0,0,0,0,0,0,0,13,14,15,16,16,16,17,18,19,19,19,19,18,19,18,18,17,17,17,17,17,17,17,16,16,16,0,27,25,25,23,21,21,18,18,16,16,15,14,13,12,12,11,9,9,8,7,6,4,4,4,2,2,1,1,0,0,0,0,0,0,0,23,23,25,26,29,29,31,32,33,35,35,36,35,37,37,35,35,34,34,33,32,33,32,32,31,30,30,29
20260804_015555_897cb2,1785805110136123,839810943,2,2,0,-62,128,0,15,15,14,14,12,12,11,11,10,10,10,9,8,8,8,8,8,8,7,8,8,8,8,7,7,8,0,0,0,0,0,0,0,0,0,0,0,8,9,10,10,11,12,13,14,15,16,16,16,17,17,17,17,17,17,17,17,18,17,17,17,17,16,0,31,29,27,26,25,24,22,22,20,18,17,17,16,16,15,15,15,16,15,13,15,14,14,14,15,15,15,16,0,0,0,0,0,0,0,14,14,16,17,18,19,21,22,25,26,28,29,30,31,32,33,34,33,33,34,33,34,34,34,33,34,33,33
20260804_015555_897cb2,1785805110239951,839913376,2,2,0,-57,128,0,16,15,14,14,13,12,12,10,11,9,9,8,8,8,7,7,7,6,6,6,6,7,7,7,7,8,0,0,0,0,0,0,0,0,0,0,0,13,13,14,15,15,16,16,17,18,18,18,19,19,19,19,18,19,18,19,19,19,19,18,18,18,18,0,62,57,56,51,48,47,43,39,39,35,34,31,30,28,26,26,25,22,23,21,22,23,24,24,25,27,27,27,0,0,0,0,0,0,0,45,48,50,51,52,56,56,61,64,65,69,68,70,70,71,72,72,69,73,69,70,71,69,69,68,68,67,65
20260804_015555_897cb2,1785805110343834,840015472,2,2,0,-56,128,0,14,13,13,13,13,12,11,10,10,10,9,9,9,9,9,8,8,8,8,8,8,7,7,7,8,7,0,0,0,0,0,0,0,0,0,0,0,15,15,15,16,16,17,17,17,17,18,19,19,19,18,17,18,17,17,17,17,17,17,17,16,17,16,0,55,51,50,48,45,44,41,41,39,37,35,33,33,34,32,30,32,32,30,30,30,29,29,28,28,29,29,30,0,0,0,0,0,0,0,50,52,54,57,59,60,62,63,66,67,68,66,69,68,67,66,66,66,64,63,63,65,61,62,62,60,60,59
20260804_015555_897cb2,1785805110436991,840112371,2,2,0,-54,128,0,14,14,13,13,12,12,11,11,10,10,10,9,9,8,8,8,8,8,8,7,7,7,6,6,7,7,0,0,0,0,0,0,0,0,0,0,0,13,13,14,14,15,15,16,16,17,17,17,17,17,16,16,17,17,16,16,16,16,16,16,16,16,15,0,28,27,27,25,24,24,22,20,20,19,18,18,17,17,16,17,15,16,15,14,14,13,13,13,12,14,12,12,0,0,0,0,0,0,0,23,23,25,26,26,28,28,30,30,32,32,32,32,33,33,33,33,33,32,30,32,33,33,31,32,30,31,30
20260804_015555_897cb2,1785805110540805,840211982,2,2,0,-58,128,0,12,12,11,11,11,11,11,9,9,9,9,9,9,9,9,9,10,10,10,10,10,10,11,11,10,11,0,0,0,0,0,0,0,0,0,0,0,17,17,18,18,18,19,19,19,19,19,18,18,18,17,17,17,16,16,16,16,15,15,14,14,13,13,0,45,43,43,40,39,38,35,35,35,33,33,35,35,34,34,37,37,36,37,38,38,38,39,39,38,38,38,38,0,0,0,0,0,0,0,59,61,61,63,65,67,66,68,69,69,70,69,68,67,65,64,64,63,59,58,57,56,54,52,52,51,48,48
20260804_015555_897cb2,1785805110638713,840312584,2,2,0,-60,128,0,13,12,11,11,11,10,9,9,9,8,8,8,8,9,9,9,10,9,10,10,10,12,12,11,13,12,0,0,0,0,0,0,0,0,0,0,0,16,15,16,16,17,17,18,18,18,18,18,18,18,18,18,16,17,16,16,16,16,16,15,14,14,14,0,47,45,42,40,38,37,34,32,29,31,29,30,32,32,33,34,36,39,39,41,41,43,45,46,46,48,47,48,0,0,0,0,0,0,0,56,57,57,57,61,63,64,64,67,67,68,71,70,67,68,66,64,66,62,61,63,60,60,58,56,56,53,51
20260804_015555_897cb2,1785805110763558,840440248,2,2,0,-52,128,0,14,14,13,12,11,11,10,9,9,8,8,8,6,6,6,6,5,5,5,4,4,3,4,4,3,4,0,0,0,0,0,0,0,0,0,0,0,17,18,18,19,20,21,21,21,21,22,22,21,20,20,20,19,19,19,19,18,18,17,17,17,16,16,0,24,24,23,21,20,19,18,16,15,14,14,13,12,11,10,9,8,8,8,7,6,6,6,5,6,6,6,5,0,0,0,0,0,0,0,28,29,30,30,33,34,35,35,36,37,38,37,36,36,36,36,34,34,33,33,31,31,31,31,30,29,28,27
20260804_015555_897cb2,1785805110875211,840547862,2,2,0,-51,128,0,16,15,14,14,13,12,12,12,10,9,10,8,9,9,9,9,9,9,8,8,6,9,7,7,6,7,0,0,0,0,0,0,0,0,0,0,0,18,18,19,19,20,20,21,22,22,23,21,21,21,21,20,20,19,19,18,19,18,18,18,17,17,16,0,23,25,22,22,21,19,18,18,17,15,16,13,13,13,15,14,15,10,13,16,15,12,11,14,11,11,12,10,0,0,0,0,0,0,0,27,28,27,29,31,31,34,33,34,35,37,36,36,32,34,33,34,33,32,31,30,31,30,30,30,30,29,28
20260804_015555_897cb2,1785805110938821,840613276,2,2,0,-49,128,0,15,14,14,13,13,12,12,11,11,10,11,10,10,11,10,10,10,10,9,9,9,9,8,8,8,8,0,0,0,0,0,0,0,0,0,0,0,14,14,15,16,16,16,17,17,18,17,17,17,17,17,17,16,16,16,16,16,16,16,15,16,16,16,0,26,26,25,24,23,22,22,21,20,21,19,19,19,18,18,18,18,17,18,16,16,16,16,14,14,13,13,13,0,0,0,0,0,0,0,24,24,25,26,28,29,29,29,32,31,32,33,31,31,32,31,31,31,30,30,29,29,29,30,28,29,30,28
20260804_015555_897cb2,1785805111036860,840711557,2,2,0,-50,128,0,14,13,13,12,12,11,11,10,10,9,10,10,9,9,9,9,9,9,9,8,8,8,7,6,6,6,0,0,0,0,0,0,0,0,0,0,0,14,15,16,16,16,17,17,18,18,18,18,17,17,17,17,16,16,16,16,16,16,16,15,15,15,15,0,26,25,26,24,23,22,21,20,18,19,19,18,18,18,16,17,16,16,15,14,15,14,14,13,12,11,10,11,0,0,0,0,0,0,0,25,26,27,28,28,31,30,33,33,33,35,32,33,34,33,32,32,31,31,30,31,31,29,30,28,28,29,28
20260804_015555_897cb2,1785805111140124,840814872,2,2,0,-53,128,0,16,16,15,15,14,13,13,12,12,12,12,11,11,11,11,11,11,11,10,10,10,9,9,8,8,8,0,0,0,0,0,0,0,0,0,0,0,17,18,17,19,19,20,20,20,20,20,19,19,19,19,18,18,18,17,17,17,18,18,17,17,17,17,0,26,26,25,24,24,23,22,21,20,20,19,19,19,18,17,18,17,18,18,17,16,15,14,14,13,13,11,11,0,0,0,0,0,0,0,28,30,30,30,31,33,34,33,34,34,34,34,34,33,33,32,31,32,30,30,30,30,29,29,28,29,27,28
20260804_015555_897cb2,1785805111238875,840911538,2,2,0,-52,128,0,15,16,15,14,13,13,13,12,12,11,11,11,11,11,9,9,9,9,9,8,8,7,7,6,6,6,0,0,0,0,0,0,0,0,0,0,0,18,19,20,21,21,20,21,21,21,21,20,20,20,20,19,19,18,18,18,17,17,17,17,17,16,16,0,27,27,25,24,22,22,21,21,20,20,19,18,18,17,17,16,17,15,14,13,13,12,12,10,9,9,8,7,0,0,0,0,0,0,0,31,31,32,32,33,34,35,35,35,36,37,37,35,35,34,33,32,32,31,31,31,30,30,30,29,29,29,28
20260804_015555_897cb2,1785805111337305,841011357,2,2,0,-51,128,0,15,15,14,13,13,12,12,12,11,12,11,11,10,10,10,10,9,9,9,9,9,9,8,6,7,6,0,0,0,0,0,0,0,0,0,0,0,15,15,16,17,17,17,18,18,18,19,19,19,18,18,17,18,17,17,17,16,16,17,16,16,16,16,0,26,25,24,24,23,24,21,21,21,20,20,18,17,18,18,17,17,16,16,16,15,14,14,13,13,13,11,11,0,0,0,0,0,0,0,25,25,25,27,28,28,30,30,31,33,33,32,32,32,31,31,29,31,29,29,29,29,28,29,28,27,28,27
20260804_015555_897cb2,1785805111451322,841122137,2,2,0,-50,128,0,13,13,13,12,12,11,11,10,9,9,9,9,9,9,9,8,9,8,7,7,7,7,7,6,6,6,0,0,0,0,0,0,0,0,0,0,0,13,14,13,14,15,16,15,16,16,16,16,16,16,16,16,15,15,15,15,15,15,15,15,15,14,14,0,27,27,26,25,22,23,22,20,21,20,19,18,18,17,18,16,17,16,15,15,14,15,14,14,14,11,12,11,0,0,0,0,0,0,0,23,26,27,26,29,28,31,30,32,32,33,34,33,32,33,32,31,31,29,30,30,30,31,29,30,29,30,29
20260804_015555_897cb2,1785805111542943,841213083,2,2,0,-50,128,0,15,14,14,13,13,13,13,12,12,11,11,10,11,11,11,11,10,9,9,9,8,8,8,7,7,7,0,0,0,0,0,0,0,0,0,0,0,13,13,14,15,15,16,17,17,17,17,17,17,17,17,17,17,17,17,17,17,17,17,16,16,16,16,0,28,27,27,26,24,24,24,21,23,22,21,19,21,19,20,18,19,17,17,16,16,16,16,14,13,13,12,11,0,0,0,0,0,0,0,23,24,23,25,26,27,28,30,30,31,31,31,30,31,31,31,29,31,31,31,30,29,28,28,31,31,29,29
20260804_015555_897cb2,1785805111641467,841313291,2,2,0,-52,128,0,13,13,13,13,11,11,11,11,10,9,9,9,8,9,9,8,8,7,6,6,6,6,5,5,4,4,0,0,0,0,0,0,0,0,0,0,0,12,14,14,14,14,14,16,15,16,16,16,16,16,16,16,15,15,15,15,16,15,14,15,14,14,14,0,55,53,53,50,49,46,45,43,40,40,38,37,36,35,34,32,32,31,30,27,26,24,23,23,20,19,17,17,0,0,0,0,0,0,0,49,49,53,52,55,59,60,60,63,63,65,64,64,63,66,64,64,63,62,61,62,62,62,62,59,59,59,58
20260804_015555_897cb2,1785805111739123,841411887,2,2,0,-51,128,0,16,16,15,14,13,13,13,12,11,11,11,11,10,10,10,9,9,9,8,8,7,7,7,6,6,5,0,0,0,0,0,0,0,0,0,0,0,15,15,16,16,18,18,19,19,19,19,19,18,18,18,18,18,17,17,17,18,17,17,17,16,16,16,0,30,28,27,26,25,24,23,21,21,21,20,19,18,18,17,16,16,16,15,15,14,12,13,11,10,10,9,9,0,0,0,0,0,0,0,26,27,27,29,29,30,32,32,34,33,34,34,35,34,34,33,33,33,33,31,31,31,31,31,31,31,30,30
20260804_015555_897cb2,1785805111836816,841512404,2,2,0,-51,128,0,14,13,13,13,12,11,10,10,10,9,9,9,7,7,7,7,6,6,5,5,5,4,4,3,3,3,0,0,0,0,0,0,0,0,0,0,0,14,16,16,17,16,17,17,18,18,19,19,19,18,18,18,17,18,16,16,17,16,17,16,15,15,15,0,55,53,50,47,46,41,40,39,36,37,34,32,30,30,26,27,25,24,21,19,19,17,14,13,11,12,11,9,0,0,0,0,0,0,0,52,54,55,58,62,64,64,68,70,69,71,72,71,73,71,69,68,68,66,66,65,64,67,60,61,60,59,58
20260804_015555_897cb2,1785805111941414,841613505,2,2,0,-51,128,0,14,15,13,13,13,13,12,12,11,11,10,10,9,9,9,9,9,8,8,7,6,6,6,5,5,5,0,0,0,0,0,0,0,0,0,0,0,14,15,16,16,16,16,17,17,18,18,17,17,17,17,17,17,16,16,16,16,16,16,15,15,15,15,0,27,27,26,25,23,23,22,21,19,20,19,18,17,17,17,17,15,16,14,14,12,12,11,10,9,9,8,7,0,0,0,0,0,0,0,26,25,26,27,29,29,30,31,32,33,34,34,33,33,32,32,31,31,30,30,30,29,31,30,30,30,30,29
20260804_015555_897cb2,1785805112039780,841713232,2,2,0,-56,128,0,16,16,13,13,13,12,11,10,9,9,8,8,7,7,7,5,5,4,4,4,3,3,2,2,2,2,0,0,0,0,0,0,0,0,0,0,0,17,17,17,17,18,18,19,19,19,20,19,19,19,19,19,19,18,19,18,18,18,18,17,17,17,17,0,27,28,26,25,23,21,20,19,17,17,15,14,13,12,11,10,9,8,8,7,6,4,4,4,4,4,5,4,0,0,0,0,0,0,0,29,30,30,31,32,33,34,34,35,36,36,37,36,36,36,36,35,35,35,35,34,33,34,33,33,30,31,31
20260804_015555_897cb2,1785805112137984,841811411,2,2,0,-51,128,0,16,16,14,13,13,12,12,11,11,10,10,9,8,8,8,8,7,7,6,6,6,5,5,4,4,4,0,0,0,0,0,0,0,0,0,0,0,16,17,18,18,19,19,19,20,20,20,20,20,20,20,19,19,19,19,18,17,18,18,18,17,17,17,0,28,26,26,25,23,22,21,20,19,18,18,16,15,15,14,14,13,12,11,11,10,9,8,7,7,6,5,5,0,0,0,0,0,0,0,27,27,28,29,31,31,33,34,35,35,35,36,36,35,36,35,34,34,33,32,32,32,32,31,31,30,31,29
20260804_015555_897cb2,1785805112248839,841922034,2,2,0,-55,128,0,15,15,14,14,12,12,12,11,10,10,9,9,8,7,7,7,6,6,5,5,4,4,4,3,4,3,0,0,0,0,0,0,0,0,0,0,0,17,17,17,17,18,18,19,19,19,20,20,20,19,19,19,19,18,18,17,18,18,17,17,17,16,16,0,27,27,26,24,23,22,21,20,18,17,17,15,14,14,13,13,11,10,10,9,8,7,6,6,6,6,5,4,0,0,0,0,0,0,0,29,28,29,31,31,32,33,33,35,34,36,35,35,35,35,35,35,35,33,33,33,33,33,32,31,30,31,30
20260804_015555_897cb2,1785805112335319,842011456,2,2,0,-54,128,0,16,16,15,14,13,12,13,11,11,10,11,9,9,9,9,9,8,8,7,7,6,6,5,5,5,4,0,0,0,0,0,0,0,0,0,0,0,16,16,16,17,17,18,19,19,19,20,20,20,20,19,19,19,18,18,18,18,18,19,18,17,17,17,0,28,27,27,25,24,23,21,21,20,19,18,17,17,16,15,15,14,13,13,11,11,10,9,9,8,7,7,7,0,0,0,0,0,0,0,25,27,27,28,29,31,31,33,33,34,35,35,35,35,35,34,34,34,34,33,32,32,33,32,31,31,30,30
20260804_015555_897cb2,1785805112438307,842112860,2,2,0,-52,128,0,15,14,14,14,13,12,12,11,11,11,10,10,10,10,9,9,9,9,8,8,8,7,7,6,7,7,0,0,0,0,0,0,0,0,0,0,0,15,15,16,16,17,17,17,17,18,17,18,18,17,17,17,17,17,17,16,16,16,16,16,16,16,16,0,27,26,26,25,24,23,22,21,21,20,20,19,18,18,18,17,17,16,16,15,14,14,13,13,12,12,12,11,0,0,0,0,0,0,0,25,26,27,27,28,30,30,31,32,32,33,33,33,32,32,32,31,32,30,30,30,30,30,30,30,29,30,28
20260804_015555_897cb2,1785805112537563,842211116,2,2,0,-53,128,0,14,13,13,12,11,11,10,10,10,9,9,8,8,7,7,7,7,6,5,5,4,4,4,3,3,2,0,0,0,0,0,0,0,0,0,0,0,14,14,15,15,16,16,17,17,17,17,17,17,17,17,16,16,16,16,15,15,15,15,15,15,15,14,0,28,26,26,25,23,21,21,20,19,18,17,17,16,15,14,13,13,12,12,10,10,8,6,6,6,5,5,4,0,0,0,0,0,0,0,26,27,27,29,29,30,31,32,32,33,33,33,33,33,33,33,33,31,31,31,30,31,31,30,30,30,29,29
20260804_015555_897cb2,1785805112653682,842324350,2,2,0,-54,128,0,16,16,15,14,14,13,12,12,11,11,11,10,9,9,9,8,8,8,7,7,6,6,5,5,5,4,0,0,0,0,0,0,0,0,0,0,0,16,16,17,17,18,18,18,19,19,19,19,19,19,18,19,18,19,18,18,18,18,18,18,18,17,17,0,29,28,27,26,23,24,22,21,20,20,18,17,16,16,16,15,14,13,13,12,12,10,11,10,9,9,9,8,0,0,0,0,0,0,0,27,27,28,29,30,30,31,33,34,34,35,35,34,35,35,34,34,35,34,33,32,33,32,32,32,31,32,31
20260804_015555_897cb2,1785805112775265,842449470,2,2,0,-52,128,0,16,15,15,14,13,13,13,11,11,11,11,10,9,9,9,9,9,8,8,8,6,6,6,5,5,5,0,0,0,0,0,0,0,0,0,0,0,14,15,16,16,17,18,18,18,18,19,19,19,19,19,19,18,18,18,18,18,18,18,17,18,17,17,0,57,55,53,49,49,46,45,41,41,39,38,36,35,33,33,31,29,30,27,25,25,22,20,20,17,16,15,13,0,0,0,0,0,0,0,49,51,52,55,55,58,59,62,64,65,66,66,66,67,67,67,66,64,66,62,64,63,63,63,61,63,61,61
20260804_015555_897cb2,1785805112844852,842516552,2,2,0,-53,128,0,15,15,14,14,13,12,12,11,12,10,10,10,9,9,9,8,8,7,7,7,6,6,6,5,5,5,0,0,0,0,0,0,0,0,0,0,0,18,18,19,20,20,21,20,21,21,21,21,21,21,20,20,20,19,19,18,18,18,18,17,17,17,16,0,27,26,25,24,22,22,20,19,18,18,17,16,15,14,14,14,13,13,11,11,10,9,9,8,7,7,6,6,0,0,0,0,0,0,0,30,30,31,32,32,34,34,36,36,35,36,36,36,34,35,34,33,33,33,32,32,31,31,30,30,30,29,29
20260804_015555_897cb2,1785805112942662,842612439,2,2,0,-52,128,0,15,14,14,13,13,13,11,11,12,11,11,10,10,10,10,10,10,10,10,10,10,9,9,9,9,8,0,0,0,0,0,0,0,0,0,0,0,17,17,17,18,18,19,20,19,20,20,19,19,20,19,19,18,18,18,18,18,17,17,17,17,16,16,0,26,26,23,23,22,21,21,20,19,19,18,18,18,17,17,17,19,16,16,17,16,16,16,16,14,14,14,13,0,0,0,0,0,0,0,26,27,28,28,30,30,33,31,33,33,34,34,34,34,33,32,31,32,31,32,30,30,29,30,29,29,28,28
20260804_015555_897cb2,1785805113041089,842712112,2,2,0,-50,128,0,14,14,14,13,12,11,11,11,10,10,9,9,9,8,9,8,9,8,8,8,7,6,6,6,5,5,0,0,0,0,0,0,0,0,0,0,0,14,15,16,17,17,17,18,19,19,19,19,18,18,18,17,17,18,17,17,17,16,17,17,16,16,16,0,27,25,23,22,23,21,20,19,19,17,17,17,16,17,16,15,14,14,12,15,14,12,13,11,10,10,9,9,0,0,0,0,0,0,0,24,25,26,26,28,30,30,30,32,33,33,33,34,33,32,32,32,30,30,31,31,28,30,30,29,28,29,27
20260804_015555_897cb2,1785805113138136,842813261,2,2,0,-51,128,0,14,14,13,13,12,12,11,11,10,10,10,9,9,10,10,9,9,9,9,8,8,8,8,7,7,7,0,0,0,0,0,0,0,0,0,0,0,14,15,15,16,16,17,18,18,18,18,18,18,18,17,18,17,17,16,16,17,16,16,16,16,16,15,0,25,26,25,23,23,22,21,20,20,19,18,19,18,17,18,17,18,16,16,16,15,15,14,14,13,13,12,12,0,0,0,0,0,0,0,25,26,26,27,29,29,30,32,30,33,34,33,34,34,33,32,32,33,32,31,31,32,32,31,29,29,29,28
20260804_015555_897cb2,1785805113241445,842913159,2,2,0,-50,128,0,16,15,14,14,14,13,13,12,12,12,12,11,10,11,10,10,10,11,10,9,9,9,9,8,8,8,0,0,0,0,0,0,0,0,0,0,0,14,16,16,17,17,18,18,18,19,19,18,18,18,18,18,18,17,18,17,18,17,18,16,16,16,16,0,55,53,52,50,50,47,45,44,43,42,41,39,39,37,39,37,37,38,35,35,35,32,31,31,29,27,26,25,0,0,0,0,0,0,0,49,52,52,54,57,59,61,62,64,65,67,68,67,67,67,64,63,64,62,62,63,62,63,62,60,60,58,57
20260804_015555_897cb2,1785805113339684,843013590,2,2,0,-51,128,0,16,16,16,15,14,14,13,12,12,11,12,11,11,10,10,11,10,10,10,8,8,8,8,8,7,7,0,0,0,0,0,0,0,0,0,0,0,14,15,15,16,17,18,17,18,19,19,19,19,20,19,19,19,19,18,19,18,18,18,18,18,18,17,0,28,27,27,26,25,24,22,22,21,21,19,19,19,18,18,18,17,18,17,16,16,14,14,13,13,13,11,11,0,0,0,0,0,0,0,23,24,25,26,28,29,30,31,32,32,34,34,34,34,33,34,33,33,32,31,32,31,31,31,30,31,30,29
20260804_015555_897cb2,1785805113442272,843113470,2,2,0,-48,128,0,15,14,14,13,13,12,12,11,11,11,11,10,10,10,10,11,10,10,10,10,10,9,9,8,8,8,0,0,0,0,0,0,0,0,0,0,0,13,14,15,15,16,17,17,17,18,17,17,17,17,17,16,16,16,16,16,16,16,16,16,16,15,15,0,26,26,25,25,23,21,21,21,20,19,20,20,19,19,19,19,18,18,18,18,17,17,16,15,17,14,13,13,0,0,0,0,0,0,0,23,23,24,25,26,28,28,30,31,31,30,31,33,31,31,32,31,30,30,29,30,28,28,28,29,29,28,26
20260804_015555_897cb2,1785805113539040,843212104,2,2,0,-50,128,0,15,14,14,13,12,13,11,12,11,11,10,10,10,11,10,10,10,10,10,9,9,9,9,8,8,8,0,0,0,0,0,0,0,0,0,0,0,13,14,14,16,17,17,18,17,17,18,18,18,18,17,17,17,17,17,17,17,16,16,16,16,15,15,0,26,27,26,24,24,24,22,22,21,20,20,20,19,19,19,18,19,18,18,17,17,17,16,14,13,14,13,14,0,0,0,0,0,0,0,24,25,25,27,28,28,30,30,31,33,34,34,35,33,32,34,31,32,32,32,32,31,30,30,29,29,28,29
20260804_015555_897cb2,1785805113641098,843314277,2,2,0,-50,128,0,16,16,15,15,14,14,14,14,13,13,13,13,12,12,12,12,12,12,12,10,10,10,9,9,9,9,0,0,0,0,0,0,0,0,0,0,0,13,13,13,14,14,15,16,16,17,16,17,17,17,17,17,17,17,17,17,18,17,17,17,17,17,17,0,59,59,57,56,52,52,51,48,47,48,47,43,44,42,44,41,42,39,39,37,38,35,34,34,33,29,28,26,0,0,0,0,0,0,0,40,43,44,45,49,48,54,56,57,58,59,62,61,64,64,64,62,64,61,63,60,62,62,63,64,63,62,63
20260804_015555_897cb2,1785805113753805,843423954,2,2,0,-50,128,0,15,15,15,14,13,13,12,12,11,11,10,11,10,10,10,9,9,9,9,8,8,8,7,7,6,6,0,0,0,0,0,0,0,0,0,0,0,14,13,14,15,15,15,16,16,17,17,18,18,18,18,17,17,17,17,17,17,17,16,17,16,17,16,0,28,28,27,25,24,23,22,21,22,20,18,19,18,19,18,18,18,18,16,16,14,16,14,12,12,12,12,11,0,0,0,0,0,0,0,22,23,25,24,27,28,28,29,30,30,32,33,31,32,32,32,31,32,30,31,30,31,30,30,30,30,30,29
20260804_015555_897cb2,1785805113839634,843511941,2,2,0,-52,128,0,16,15,15,13,13,13,12,11,11,11,10,9,9,9,9,9,9,9,9,8,7,7,6,6,5,5,0,0,0,0,0,0,0,0,0,0,0,16,16,18,18,18,18,19,19,19,20,20,20,19,19,19,19,19,18,19,19,18,18,17,18,17,16,0,54,54,51,48,46,45,42,41,37,38,36,34,33,32,31,31,30,28,27,27,25,24,23,21,19,20,17,17,0,0,0,0,0,0,0,52,55,55,58,59,63,62,66,67,69,70,69,69,70,70,69,70,66,67,63,66,65,63,63,59,62,59,58
20260804_015555_897cb2,1785805113940521,843614856,2,2,0,-51,128,0,16,15,14,14,13,12,12,11,11,10,9,9,9,8,8,8,7,7,6,6,5,5,4,4,4,4,0,0,0,0,0,0,0,0,0,0,0,16,17,17,18,19,19,19,20,20,20,20,20,19,19,19,19,19,18,18,18,18,18,17,17,17,16,0,28,25,25,23,22,21,20,19,18,17,17,15,15,14,14,13,12,12,11,10,9,9,9,9,8,6,6,5,0,0,0,0,0,0,0,26,27,27,29,29,31,31,33,34,33,34,34,35,34,34,33,33,33,32,31,32,31,30,30,30,29,28,29
20260804_015555_897cb2,1785805114043352,843716309,2,2,0,-51,128,0,16,15,15,14,14,13,13,12,11,11,11,10,10,10,9,9,9,9,8,8,8,7,7,7,6,6,0,0,0,0,0,0,0,0,0,0,0,18,19,18,19,19,20,20,21,21,21,21,20,20,20,20,19,19,18,18,18,18,17,17,17,17,16,0,28,27,25,25,23,24,22,21,20,20,19,18,18,17,16,16,16,16,14,14,14,13,11,11,10,9,9,9,0,0,0,0,0,0,0,30,31,31,31,32,33,34,35,35,36,36,35,35,35,34,33,32,33,33,32,31,31,30,30,30,30,30,28
20260804_015555_897cb2,1785805114134982,843811141,2,2,0,-57,128,0,12,11,11,10,10,9,8,8,8,8,8,6,6,7,7,7,8,6,7,7,7,7,7,7,7,7,0,0,0,0,0,0,0,0,0,0,0,17,17,18,18,18,19,19,19,19,19,18,18,18,17,17,16,16,16,15,15,14,15,14,13,13,13,0,23,22,21,21,19,19,18,16,16,16,15,14,13,13,13,13,13,14,14,13,13,14,14,14,14,13,14,14,0,0,0,0,0,0,0,31,32,33,33,34,36,36,36,36,37,36,37,37,34,35,33,33,32,31,30,30,30,29,28,27,28,26,25
20260804_015555_897cb2,1785805114239251,843912951,2,2,0,-55,128,0,11,10,10,9,9,8,7,7,6,5,5,5,5,5,4,4,4,4,4,4,3,4,4,4,5,4,0,0,0,0,0,0,0,0,0,0,0,19,20,20,20,21,21,21,21,21,21,20,20,19,19,18,18,17,16,16,15,15,15,14,13,13,13,0,22,21,19,17,17,15,14,13,13,12,10,10,9,9,9,7,8,6,9,9,7,7,8,7,9,10,9,9,0,0,0,0,0,0,0,34,35,35,36,36,38,39,39,39,39,38,38,37,37,35,34,34,31,32,30,30,29,30,27,26,25,26,22
20260804_015555_897cb2,1785805114341779,844014725,2,2,0,-56,128,0,13,13,12,12,11,11,9,9,9,7,8,7,7,6,6,5,5,5,4,4,4,4,4,4,4,4,0,0,0,0,0,0,0,0,0,0,0,19,20,20,21,21,21,22,22,21,21,20,20,20,19,19,19,18,17,17,17,16,16,16,15,15,15,0,24,23,22,21,20,17,17,15,15,15,14,12,12,10,10,9,9,8,8,7,8,7,7,7,8,8,8,8,0,0,0,0,0,0,0,34,34,35,35,37,38,38,40,38,39,38,38,38,37,36,35,35,33,34,31,32,31,30,31,28,28,28,26
20260804_015555_897cb2,1785805114438458,844112367,2,2,0,-55,128,0,14,14,13,12,12,12,11,10,9,9,9,9,9,8,8,7,7,7,6,6,6,5,5,5,4,4,0,0,0,0,0,0,0,0,0,0,0,16,16,16,16,17,17,18,18,18,18,18,18,18,18,17,16,16,16,16,16,16,16,15,16,15,15,0,54,51,49,47,46,44,42,40,38,37,35,34,34,31,30,29,29,27,24,22,23,21,20,17,16,17,16,14,0,0,0,0,0,0,0,58,57,59,60,62,63,65,66,67,66,68,69,66,66,65,65,64,62,62,60,61,60,60,57,58,59,57,56
20260804_015555_897cb2,1785805114542112,844214031,2,2,0,-56,128,0,15,15,14,14,13,13,12,10,10,10,9,9,8,8,8,8,8,7,6,6,6,6,6,5,5,5,0,0,0,0,0,0,0,0,0,0,0,18,17,18,18,19,19,19,20,20,20,20,19,19,19,19,18,17,18,17,18,17,17,17,16,16,15,0,27,27,26,25,22,22,21,21,19,18,17,16,16,15,15,14,13,13,12,12,11,10,10,10,9,9,8,9,0,0,0,0,0,0,0,31,31,33,33,35,35,36,35,36,37,37,37,37,36,36,35,35,35,34,33,33,32,32,31,31,30,30,28
20260804_015555_897cb2,1785805221539030,951212966,2,0,0,-53,128,0,15,15,15,15,15,15,15,15,15,15,16,16,16,17,16,17,17,17,17,16,16,16,15,14,14,15,0,0,0,0,0,0,0,0,0,0,0,10,10,10,10,11,12,12,12,12,12,12,13,13,13,13,13,13,13,13,13,13,14,14,15,15,15,0,55,57,57,54,55,59,55,53,56,57,58,55,58,59,58,60,63,61,60,60,59,57,56,56,53,52,49,49,0,0,0,0,0,0,0,34,35,37,38,40,41,41,42,42,44,43,46,46,47,47,47,51,47,48,49,48,51,50,52,51,53,55,55
20260804_015555_897cb2,1785805221637164,951311663,2,2,0,-53,128,0,15,15,15,15,15,15,15,15,15,15,15,16,16,16,16,16,16,17,16,16,16,16,15,15,15,14,0,0,0,0,0,0,0,0,0,0,0,10,10,10,11,11,11,11,12,12,12,12,12,12,12,12,13,13,13,13,13,13,14,14,14,14,15,0,28,29,27,29,27,28,28,28,29,30,29,29,30,29,31,29,32,30,30,30,30,29,30,28,27,26,26,25,0,0,0,0,0,0,0,17,18,18,18,20,19,21,20,21,21,22,23,22,23,22,22,22,24,23,24,24,25,25,26,27,26,27,28
20260804_015555_897cb2,1785805221740424,951411081,2,2,0,-53,128,0,15,16,16,16,16,16,16,15,16,15,16,16,16,16,16,16,17,16,16,16,16,16,15,15,14,14,0,0,0,0,0,0,0,0,0,0,0,10,10,11,11,12,12,12,13,13,13,13,13,13,13,13,13,13,13,14,14,14,15,14,14,16,15,0,56,56,58,55,56,56,56,55,57,57,56,58,58,60,58,60,58,61,60,59,59,59,55,54,53,53,48,48,0,0,0,0,0,0,0,34,36,36,38,38,42,41,43,43,43,46,45,45,44,47,46,48,47,48,47,49,50,50,52,52,53,54,56
20260804_015555_897cb2,1785805221838277,951510892,2,2,0,-52,128,0,15,15,15,15,15,15,14,14,14,14,14,14,15,15,15,15,15,16,16,15,15,14,14,14,14,13,0,0,0,0,0,0,0,0,0,0,0,10,12,11,12,12,12,13,13,13,14,14,14,14,14,13,13,14,13,14,13,13,14,14,14,15,15,0,56,55,55,55,55,53,55,54,54,55,54,55,55,56,57,58,57,58,57,57,57,55,54,52,52,50,47,47,0,0,0,0,0,0,0,37,39,40,42,43,45,45,45,47,49,51,50,50,49,50,49,50,51,49,50,49,51,52,52,52,53,54,53
20260804_015555_897cb2,1785805221936984,951611987,2,2,0,-54,128,0,14,14,15,15,15,15,15,15,15,15,15,16,16,16,16,17,17,17,17,17,17,16,16,16,15,15,0,0,0,0,0,0,0,0,0,0,0,10,10,11,11,12,12,12,12,12,12,12,12,13,12,12,12,12,12,12,12,13,13,13,14,14,14,0,27,28,27,28,28,28,29,28,29,29,30,30,30,31,31,32,32,33,33,32,32,31,30,29,29,28,26,27,0,0,0,0,0,0,0,18,19,19,20,21,21,22,22,22,22,23,23,22,22,23,23,23,23,23,23,24,25,25,25,24,25,26,26
20260804_015555_897cb2,1785805222040902,951711666,2,2,0,-54,128,0,14,13,14,14,13,13,14,14,14,14,14,14,14,15,15,15,15,15,15,15,15,15,15,14,14,14,0,0,0,0,0,0,0,0,0,0,0,10,10,11,11,11,11,11,11,11,12,11,12,11,11,11,12,11,12,12,12,12,12,12,13,13,13,0,54,52,53,54,52,52,53,53,55,53,54,55,57,58,57,59,59,61,58,59,59,58,56,56,54,55,49,51,0,0,0,0,0,0,0,34,37,39,41,39,41,42,45,45,44,46,46,45,47,45,46,45,46,46,46,47,46,46,48,47,47,51,51
20260804_015555_897cb2,1785805222138824,951811808,2,2,0,-52,128,0,16,16,16,15,15,15,14,15,15,15,14,14,15,15,14,15,14,14,15,15,14,14,13,13,13,12,0,0,0,0,0,0,0,0,0,0,0,11,11,11,11,11,11,13,13,13,13,13,13,13,13,13,13,14,13,13,13,14,14,15,16,16,16,0,56,57,56,57,58,56,51,55,55,56,56,52,54,54,59,59,56,63,60,58,52,51,47,49,50,46,43,47,0,0,0,0,0,0,0,34,38,37,38,39,42,41,44,46,45,46,47,49,49,48,49,49,51,52,48,52,50,53,53,54,55,56,56
20260804_015555_897cb2,1785805222242032,951913724,2,2,0,-52,128,0,16,16,16,15,14,14,14,14,14,14,14,14,14,14,14,14,14,14,14,14,13,13,12,12,11,11,0,0,0,0,0,0,0,0,0,0,0,10,10,11,11,11,11,13,13,13,13,13,13,14,13,13,13,14,13,13,13,14,15,14,15,15,16,0,58,57,57,56,54,55,54,52,52,53,54,51,52,52,52,52,53,52,52,51,49,47,46,45,44,43,40,39,0,0,0,0,0,0,0,35,37,39,39,41,40,44,45,46,47,47,48,49,49,50,50,51,51,51,52,53,54,54,55,55,55,56,56
20260804_015555_897cb2,1785805222341537,952013702,2,2,0,-51,128,0,14,14,14,14,14,14,15,14,13,14,14,14,14,14,14,14,14,14,14,13,13,13,13,12,12,12,0,0,0,0,0,0,0,0,0,0,0,10,10,10,11,11,12,12,13,13,13,13,13,13,14,13,14,14,13,13,13,14,14,14,14,14,14,0,55,55,55,55,54,54,52,53,52,53,53,53,53,52,55,53,54,54,54,52,51,49,48,47,44,43,43,41,0,0,0,0,0,0,0,34,36,36,38,40,41,43,44,46,45,46,48,49,49,48,47,48,51,49,50,52,51,51,51,54,54,54,53
20260804_015555_897cb2,1785805222442791,952111877,2,2,0,-49,128,0,16,16,16,16,14,14,14,14,13,14,13,14,14,14,14,13,13,14,13,13,12,12,12,11,11,10,0,0,0,0,0,0,0,0,0,0,0,10,11,11,11,11,12,12,13,13,13,14,14,14,14,14,15,14,14,14,15,16,16,15,16,16,16,0,58,60,58,57,56,57,54,55,53,54,52,50,51,52,54,52,50,49,49,45,47,45,45,40,42,42,39,35,0,0,0,0,0,0,0,35,36,36,38,43,43,45,45,48,50,51,51,52,53,53,51,52,55,56,54,55,57,58,57,60,61,60,59
20260804_015555_897cb2,1785805222540610,952210818,2,2,0,-49,128,0,17,16,16,16,16,15,15,15,15,15,15,14,15,15,14,15,14,14,15,14,14,14,12,12,12,12,0,0,0,0,0,0,0,0,0,0,0,9,10,10,10,11,11,12,13,13,13,14,14,14,14,14,15,15,15,15,15,15,16,16,16,17,17,0,31,32,29,31,28,29,29,28,28,27,28,27,27,26,27,26,28,27,27,26,25,24,24,23,22,21,21,19,0,0,0,0,0,0,0,14,15,16,17,19,18,21,21,23,23,25,26,25,26,27,26,26,28,27,28,27,29,29,30,31,31,31,32
20260804_015555_897cb2,1785805222679628,952353684,2,2,0,-48,128,0,16,17,16,16,15,15,16,15,15,15,15,15,15,15,16,15,16,15,15,15,15,14,14,13,13,12,0,0,0,0,0,0,0,0,0,0,0,8,9,9,9,10,10,10,11,11,12,12,12,13,13,13,13,13,14,14,14,15,15,15,15,16,15,0,30,31,31,30,30,30,29,29,28,29,29,29,29,29,29,29,29,30,30,28,29,27,26,25,25,24,23,23,0,0,0,0,0,0,0,15,16,15,16,17,18,18,20,20,21,21,23,23,25,25,24,25,25,25,26,27,28,29,28,28,30,30,30
20260804_015555_897cb2,1785805222738329,952411571,2,2,0,-49,128,0,16,16,16,15,16,16,15,15,15,15,15,15,15,15,15,16,15,15,15,15,15,14,13,13,13,12,0,0,0,0,0,0,0,0,0,0,0,9,10,10,11,11,11,12,12,12,12,13,13,13,13,13,13,14,14,14,15,15,15,15,15,16,16,0,62,63,59,62,59,58,57,57,57,57,57,57,58,57,58,57,57,58,56,56,52,54,50,49,50,45,45,43,0,0,0,0,0,0,0,32,34,35,36,39,39,41,41,44,45,48,48,48,51,50,53,53,53,53,53,53,56,56,59,58,58,61,59
20260804_015555_897cb2,1785805222842648,952513899,2,2,0,-49,128,0,16,16,16,16,15,15,15,15,14,14,14,14,14,14,15,14,15,14,15,14,14,13,13,12,12,12,0,0,0,0,0,0,0,0,0,0,0,8,9,9,10,10,11,11,12,13,13,13,13,13,13,13,14,14,15,15,15,15,15,15,15,16,15,0,62,58,60,58,58,59,57,57,56,55,55,55,53,54,55,54,55,54,54,52,52,50,49,46,44,44,41,41,0,0,0,0,0,0,0,27,30,31,33,35,37,39,39,41,46,46,49,49,50,50,51,51,51,52,53,55,57,56,57,59,59,61,58
20260804_015555_897cb2,1785805222940348,952611514,2,2,0,-50,128,0,17,15,17,16,16,15,15,15,15,15,15,15,15,15,15,15,14,16,15,15,15,14,14,13,13,12,0,0,0,0,0,0,0,0,0,0,0,9,9,9,10,10,11,12,12,12,12,13,13,13,13,14,14,14,14,14,14,15,15,15,15,15,16,0,63,61,61,59,59,60,56,57,56,58,57,55,57,57,56,55,58,56,56,54,52,50,52,49,48,46,45,44,0,0,0,0,0,0,0,28,31,31,32,34,35,39,41,43,42,48,46,49,50,49,49,49,53,53,53,53,56,58,57,59,60,59,61
20260804_015555_897cb2,1785805223038242,952711284,2,2,0,-51,128,0,17,17,17,17,17,17,16,16,16,16,16,16,16,17,16,17,17,16,16,16,16,15,15,14,14,13,0,0,0,0,0,0,0,0,0,0,0,6,6,7,9,9,9,9,10,11,11,12,12,12,13,13,13,13,13,14,14,15,15,15,16,16,17,0,61,61,61,60,60,60,57,59,58,60,59,59,58,59,59,59,61,60,60,57,57,55,54,52,51,49,48,47,0,0,0,0,0,0,0,20,21,22,25,27,28,30,32,34,37,38,41,41,44,45,48,48,50,50,49,52,54,56,57,57,58,60,58
20260804_015555_897cb2,1785805223137429,952810777,2,2,0,-52,128,0,17,17,16,17,16,16,16,16,16,16,15,15,15,15,15,15,15,14,15,14,14,14,14,13,13,13,0,0,0,0,0,0,0,0,0,0,0,8,8,9,10,10,10,11,12,12,13,13,14,14,14,14,15,15,15,15,15,16,16,16,16,17,17,0,62,62,61,60,58,60,58,57,55,56,56,55,56,56,55,55,55,55,55,53,52,50,49,49,46,44,43,42,0,0,0,0,0,0,0,25,27,27,30,32,34,36,39,41,43,45,46,48,49,51,51,52,52,54,53,54,56,57,58,58,61,61,62
20260804_015555_897cb2,1785805223235811,952911439,2,2,0,-52,128,0,15,15,15,15,14,14,14,14,14,13,14,14,14,14,14,14,14,14,14,14,14,13,13,13,12,13,0,0,0,0,0,0,0,0,0,0,0,4,6,6,7,8,9,9,9,10,11,11,12,12,12,13,13,13,13,13,14,14,14,14,15,15,15,0,60,59,59,57,56,57,56,55,54,55,55,55,55,56,56,57,56,57,56,54,52,52,50,50,48,48,45,45,0,0,0,0,0,0,0,17,18,21,23,25,28,31,32,36,38,42,42,44,47,48,48,49,49,52,51,53,53,54,57,57,58,59,58
20260804_015555_897cb2,1785805223379458,953054611,2,2,0,-51,128,0,15,15,15,14,14,14,13,13,12,12,12,12,11,12,12,12,11,11,11,10,10,10,9,9,9,9,0,0,0,0,0,0,0,0,0,0,0,10,11,11,13,13,13,14,15,15,16,16,16,17,16,16,16,16,16,16,16,16,16,16,16,16,16,0,59,60,57,56,54,53,51,50,48,49,48,48,46,45,44,45,43,45,41,39,40,37,35,35,34,33,31,31,0,0,0,0,0,0,0,36,38,39,43,46,49,51,52,56,58,58,62,62,61,63,62,62,62,62,62,63,63,62,62,62,61,61,60
20260804_015555_897cb2,1785805223438677,953110640,2,2,0,-51,128,0,17,17,16,16,15,15,15,15,15,14,14,14,14,13,14,13,13,13,13,13,13,13,12,11,11,11,0,0,0,0,0,0,0,0,0,0,0,10,10,12,13,13,13,14,15,15,16,16,16,17,17,16,17,17,17,17,17,17,17,17,17,17,17,0,60,61,58,57,54,58,53,51,49,55,48,52,47,47,51,49,46,50,48,42,46,39,41,42,38,37,37,36,0,0,0,0,0,0,0,33,34,36,36,42,42,47,48,50,53,52,55,55,58,59,57,55,62,57,59,60,60,61,61,62,62,62,59
20260804_015555_897cb2,1785805223543993,953213876,2,2,0,-54,128,0,16,16,16,15,15,15,15,14,14,14,14,14,14,14,14,14,14,14,14,13,13,13,13,12,12,11,0,0,0,0,0,0,0,0,0,0,0,9,9,10,11,11,12,12,13,14,14,14,15,15,15,15,15,15,15,16,16,16,16,16,16,17,16,0,30,30,30,28,29,28,27,27,26,26,26,26,26,26,25,26,26,25,25,24,24,23,23,22,22,22,20,20,0,0,0,0,0,0,0,13,15,16,17,18,20,21,22,23,24,25,26,27,28,28,28,29,28,29,27,30,29,29,30,29,30,31,29
20260804_015555_897cb2,1785805223641947,953311838,2,2,0,-52,128,0,17,17,18,17,17,17,17,17,17,17,17,17,17,17,17,17,17,17,17,17,17,17,17,16,16,15,0,0,0,0,0,0,0,0,0,0,0,7,8,8,9,9,9,11,10,12,12,12,12,13,13,13,14,15,15,15,15,16,16,16,17,16,16,0,30,30,31,29,29,29,29,29,29,29,30,30,30,31,30,30,31,32,31,31,30,29,29,28,28,28,25,25,0,0,0,0,0,0,0,10,11,12,13,13,15,16,17,18,19,20,21,22,22,23,24,25,25,25,25,25,27,28,28,28,29,29,30
20260804_015555_897cb2,1785805223740149,953411829,2,2,0,-52,128,0,16,16,16,16,15,15,16,16,16,16,16,16,16,16,16,16,16,16,16,16,16,15,15,15,14,13,0,0,0,0,0,0,0,0,0,0,0,7,7,8,9,9,9,9,10,11,11,12,12,12,12,12,13,13,14,14,14,14,15,15,16,15,16,0,59,64,60,62,57,60,59,60,59,59,58,58,58,58,62,60,63,59,61,60,61,58,56,55,52,49,50,48,0,0,0,0,0,0,0,23,24,25,27,30,30,33,33,36,39,40,43,43,45,46,48,46,51,49,52,50,54,55,57,59,59,59,60
20260804_015555_897cb2,1785805223839547,953511726,2,2,0,-53,128,0,16,17,16,16,17,17,16,15,16,17,18,17,16,16,17,17,17,17,17,17,17,16,16,16,15,15,0,0,0,0,0,0,0,0,0,0,0,4,5,6,6,7,7,8,9,9,10,10,11,11,12,12,12,13,13,13,14,14,16,15,17,17,17,0,29,29,31,29,29,29,29,28,31,29,30,28,31,31,28,31,30,31,29,30,29,29,28,28,28,27,25,26,0,0,0,0,0,0,0,8,9,9,10,10,12,12,13,15,16,17,17,17,19,21,20,22,22,22,23,24,27,26,26,26,27,29,29
20260804_015555_897cb2,1785805223938042,953613534,2,2,0,-51,128,0,15,15,15,15,15,15,14,14,14,14,14,14,14,13,14,14,14,14,14,14,13,13,13,12,12,11,0,0,0,0,0,0,0,0,0,0,0,7,7,8,8,9,10,10,11,12,12,12,12,13,13,13,14,14,14,13,14,15,15,15,15,16,15,0,29,28,29,28,29,29,27,26,26,27,28,25,26,26,27,26,27,28,27,26,25,25,24,23,22,22,21,20,0,0,0,0,0,0,0,12,12,13,14,14,16,18,19,20,22,22,22,23,24,25,25,26,27,26,27,26,27,28,28,27,29,29,30
20260804_015555_897cb2,1785805224035750,953711248,2,2,0,-50,128,0,16,16,16,16,16,15,15,15,15,15,15,14,15,15,15,15,14,14,14,14,13,13,12,12,11,11,0,0,0,0,0,0,0,0,0,0,0,7,8,8,9,10,11,11,11,12,12,13,13,14,14,14,14,14,14,15,15,15,16,16,16,16,16,0,61,61,63,61,61,59,58,58,58,56,56,55,56,56,54,57,55,54,54,52,51,50,45,46,42,44,39,41,0,0,0,0,0,0,0,24,28,28,31,32,34,36,39,42,44,47,46,50,52,51,52,55,56,58,55,57,58,59,61,60,62,61,64
20260804_015555_897cb2,1785805224143778,953815281,2,2,0,-51,128,0,16,16,16,17,16,16,16,15,16,16,16,16,15,15,16,15,15,15,15,15,15,14,14,13,13,13,0,0,0,0,0,0,0,0,0,0,0,7,7,8,8,9,9,10,10,11,11,11,13,13,13,13,14,14,14,14,15,15,15,16,15,16,16,0,59,61,60,61,59,59,57,58,57,60,57,56,56,56,59,59,57,57,58,56,55,53,53,50,49,48,47,46,0,0,0,0,0,0,0,21,23,23,25,27,29,31,32,36,38,40,41,44,44,45,47,48,50,51,51,52,52,54,57,58,59,59,61
20260804_015555_897cb2,1785805224240923,953913101,2,2,0,-50,128,0,16,16,16,16,16,16,16,16,16,16,16,15,15,16,16,16,16,16,15,16,15,14,14,13,13,13,0,0,0,0,0,0,0,0,0,0,0,7,7,8,9,9,9,10,11,11,12,12,12,13,12,13,13,13,13,14,15,15,16,15,16,16,16,0,65,64,60,62,60,58,60,57,60,59,59,58,60,59,57,56,61,59,58,57,56,53,52,51,51,49,47,45,0,0,0,0,0,0,0,24,24,23,25,28,30,31,35,37,37,41,41,43,45,45,47,50,51,51,52,51,54,55,58,58,60,58,60
20260804_015555_897cb2,1785805224338874,954010960,2,2,0,-50,128,0,16,16,16,16,16,15,16,15,16,15,15,15,15,15,15,15,15,15,15,14,14,13,13,13,13,12,0,0,0,0,0,0,0,0,0,0,0,8,9,9,9,9,9,11,11,11,11,12,12,12,13,13,13,13,13,13,13,14,15,15,16,16,16,0,57,58,62,60,59,57,58,56,57,57,57,56,56,55,57,56,57,57,57,55,54,53,51,51,47,46,44,44,0,0,0,0,0,0,0,28,30,30,33,33,33,35,37,40,41,43,43,45,46,47,47,49,48,51,51,53,52,54,54,54,58,59,60
20260804_015555_897cb2,1785805224437670,954112784,2,2,0,-49,128,0,16,17,16,16,16,16,16,16,14,15,15,15,15,15,15,15,15,15,15,14,14,14,14,13,13,13,0,0,0,0,0,0,0,0,0,0,0,9,9,10,10,12,12,12,12,12,13,13,14,13,14,14,14,14,14,14,15,15,15,16,16,16,16,0,64,64,60,61,58,59,58,56,57,58,57,55,57,55,57,56,57,56,55,55,56,51,50,49,47,47,45,45,0,0,0,0,0,0,0,32,33,33,36,38,38,40,40,42,42,46,47,49,50,49,52,50,52,53,53,55,55,57,59,58,63,61,62
20260804_015555_897cb2,1785805224537502,954211900,2,2,0,-49,128,0,17,17,17,17,16,17,16,15,15,15,15,15,16,16,16,16,16,16,16,15,15,14,14,13,13,13,0,0,0,0,0,0,0,0,0,0,0,9,9,10,10,10,11,11,11,12,13,13,13,13,13,13,13,13,14,14,14,15,15,16,16,16,17,0,61,62,60,60,61,59,59,57,58,57,58,57,58,60,56,57,59,59,57,58,55,53,51,50,48,49,44,44,0,0,0,0,0,0,0,29,30,30,34,34,34,36,41,40,41,42,44,45,48,47,50,50,50,52,50,52,54,56,60,53,59,59,60
20260804_015555_897cb2,1785805224641460,954311521,2,2,0,-49,128,0,16,16,15,16,15,15,15,15,15,15,15,15,14,14,14,15,15,14,14,14,13,13,12,12,12,11,0,0,0,0,0,0,0,0,0,0,0,9,9,9,10,10,11,12,12,12,13,13,13,13,14,14,14,14,14,14,15,15,15,16,16,16,16,0,60,60,59,61,57,58,55,55,55,56,55,54,55,53,55,55,54,53,54,51,52,49,47,44,43,42,41,40,0,0,0,0,0,0,0,28,28,30,32,36,36,37,40,42,44,46,49,49,51,50,50,51,56,54,55,56,57,56,58,58,59,60,62
20260804_015555_897cb2,1785805224739235,954414138,2,2,0,-50,128,0,15,15,15,15,14,15,15,14,14,14,14,14,14,14,15,14,14,14,14,14,13,13,13,12,11,10,0,0,0,0,0,0,0,0,0,0,0,7,7,8,8,9,9,10,10,11,11,11,12,12,12,12,13,12,13,13,14,14,14,15,15,15,15,0,62,60,59,60,58,59,58,55,54,55,56,55,57,55,55,57,56,54,55,52,52,51,49,48,46,45,43,40,0,0,0,0,0,0,0,26,27,28,30,30,33,34,35,38,42,41,44,45,46,46,48,48,50,50,52,53,54,56,54,56,57,60,60
20260804_015555_897cb2,1785805224842493,954515856,2,2,0,-51,128,0,16,15,16,16,16,15,15,15,15,15,16,15,15,16,16,16,16,16,16,15,15,14,14,13,13,13,0,0,0,0,0,0,0,0,0,0,0,8,8,9,9,9,10,10,10,11,11,11,13,13,13,13,13,13,13,13,14,14,14,14,15,16,16,0,61,62,60,59,60,61,59,59,59,58,60,57,61,61,58,58,59,60,59,59,59,55,55,52,52,51,49,44,0,0,0,0,0,0,0,23,27,29,30,31,31,33,35,36,40,42,43,42,45,46,47,47,51,49,49,51,52,54,53,57,57,59,58
20260804_015555_897cb2,1785805224981111,954653412,2,2,0,-50,128,0,16,17,17,16,16,17,16,15,15,15,16,16,16,16,16,16,16,16,16,15,15,15,14,14,14,13,0,0,0,0,0,0,0,0,0,0,0,8,8,9,9,10,10,9,11,11,12,12,12,12,12,13,13,13,13,13,14,14,14,15,15,15,16,0,60,60,60,60,61,61,60,59,57,58,59,60,59,60,61,59,61,62,61,60,58,56,53,51,52,49,48,48,0,0,0,0,0,0,0,30,30,29,32,34,36,33,38,37,40,41,42,44,44,45,47,47,51,49,49,52,52,53,52,56,57,59,60
20260804_015555_897cb2,1785805225039623,954714166,2,2,0,-48,128,0,14,15,15,15,15,14,14,14,14,15,14,15,14,15,15,15,15,15,15,15,14,14,13,13,12,12,0,0,0,0,0,0,0,0,0,0,0,7,7,7,8,8,8,9,9,10,10,10,10,11,11,11,12,12,12,13,13,13,14,14,14,14,15,0,60,61,61,60,59,60,58,57,58,57,58,55,56,59,61,58,59,61,59,55,59,54,55,53,50,49,47,45,0,0,0,0,0,0,0,25,26,26,28,30,33,33,35,36,38,42,42,41,43,45,46,47,48,48,50,50,52,53,54,56,56,58,57
20260804_015555_897cb2,1785805225143764,954816840,2,2,0,-51,128,0,16,16,16,16,15,15,15,15,15,15,15,13,14,16,16,14,15,14,15,14,14,14,14,13,13,12,0,0,0,0,0,0,0,0,0,0,0,7,7,8,9,9,10,10,10,11,12,12,13,13,13,13,14,14,14,14,15,15,15,15,16,16,16,0,61,60,58,61,56,57,56,56,55,57,56,56,57,50,54,58,57,52,57,56,59,51,48,49,46,45,43,42,0,0,0,0,0,0,0,25,28,28,28,34,35,36,36,40,40,45,46,45,49,48,52,50,53,50,52,52,54,55,56,59,59,61,59
20260804_015555_897cb2,1785805225270534,954942145,2,2,0,-50,128,0,16,16,17,16,16,16,15,15,15,15,15,15,15,15,15,16,15,16,15,15,14,14,14,13,13,13,0,0,0,0,0,0,0,0,0,0,0,8,8,8,10,9,11,11,11,12,12,12,13,13,13,13,13,14,14,15,15,15,16,15,16,16,16,0,30,30,30,29,29,28,28,27,28,28,28,29,28,28,29,29,29,28,28,28,27,27,26,24,24,24,23,21,0,0,0,0,0,0,0,13,13,14,16,16,19,18,19,20,21,22,22,23,23,24,24,25,26,26,25,27,27,28,29,28,30,30,29
20260804_015555_897cb2,1785805225350746,955021987,2,2,0,-51,128,0,16,16,16,16,16,16,16,15,16,16,17,17,16,17,16,17,17,17,17,17,17,16,16,16,15,14,0,0,0,0,0,0,0,0,0,0,0,6,7,7,7,7,7,9,9,9,9,10,10,11,11,11,11,13,13,13,13,14,14,15,15,15,16,0,58,63,61,62,55,60,60,60,57,62,64,63,60,64,63,63,62,61,64,62,62,63,59,55,57,51,56,54,0,0,0,0,0,0,0,22,22,23,23,25,26,27,27,29,31,33,34,33,35,38,39,41,44,41,46,48,45,52,52,55,55,58,57
20260804_015555_897cb2,1785805225441989,955116010,2,2,0,-50,128,0,15,16,15,15,14,15,15,13,15,14,14,14,14,14,14,14,14,14,14,14,14,13,13,13,13,13,0,0,0,0,0,0,0,0,0,0,0,8,8,9,9,9,9,10,10,12,12,13,12,12,13,13,13,13,13,13,13,14,15,15,15,16,16,0,60,59,59,57,56,57,57,55,54,54,55,55,53,56,55,55,57,58,56,55,55,53,50,53,50,49,45,46,0,0,0,0,0,0,0,27,28,30,32,32,37,38,39,43,44,44,44,47,47,49,50,49,51,52,51,53,55,55,55,56,57,58,60
20260804_015555_897cb2,1785805225540047,955211487,2,2,0,-49,128,0,15,15,15,15,15,14,14,14,14,14,14,14,14,15,15,15,15,15,15,15,15,14,14,13,13,13,0,0,0,0,0,0,0,0,0,0,0,7,8,8,9,9,9,10,10,11,11,12,11,12,12,12,13,13,13,13,14,14,14,14,15,15,15,0,57,57,57,58,55,57,56,55,56,55,55,57,56,56,56,57,57,58,57,56,55,56,53,51,50,48,48,46,0,0,0,0,0,0,0,26,25,28,29,32,34,34,36,40,41,44,42,44,45,46,47,48,49,49,51,50,51,54,55,56,56,57,58
20260804_015555_897cb2,1785805225638311,955311292,2,2,0,-50,128,0,15,16,16,15,15,15,15,15,16,15,15,16,16,16,16,16,16,16,16,16,16,16,16,15,15,15,0,0,0,0,0,0,0,0,0,0,0,8,8,9,9,10,9,10,10,11,11,11,11,12,12,12,13,13,13,13,14,14,14,14,15,15,15,0,58,57,58,57,55,57,56,55,57,58,59,57,58,59,58,61,60,62,62,61,59,59,58,56,54,55,52,51,0,0,0,0,0,0,0,27,29,29,31,33,32,37,37,37,40,40,41,44,42,44,45,45,47,49,48,49,50,53,51,52,54,56,57
20260804_015555_897cb2,1785805225741278,955414787,2,2,0,-51,128,0,14,14,14,14,14,14,14,14,14,14,14,15,14,15,15,15,15,16,16,15,15,15,15,15,14,14,0,0,0,0,0,0,0,0,0,0,0,9,9,9,9,9,9,10,10,10,10,10,10,10,10,10,10,10,12,12,11,12,13,13,13,13,13,0,56,55,56,58,55,57,57,56,56,60,58,58,59,59,61,61,63,61,63,63,64,61,61,59,57,56,55,54,0,0,0,0,0,0,0,34,34,35,35,37,38,40,38,41,41,42,42,42,43,44,44,42,45,43,45,45,47,47,50,50,50,53,52
20260804_015555_897cb2,1785805225839266,955511627,2,2,0,-50,128,0,15,16,16,16,15,15,15,15,15,15,15,15,15,16,16,16,15,16,15,15,15,14,14,14,14,13,0,0,0,0,0,0,0,0,0,0,0,8,8,9,9,10,10,10,11,11,11,11,11,11,12,13,12,12,13,14,14,14,14,14,15,15,15,0,56,64,60,59,58,59,57,57,59,59,59,57,56,59,61,60,60,57,61,56,57,57,56,54,51,49,47,46,0,0,0,0,0,0,0,27,31,31,33,34,35,37,38,38,40,42,43,44,45,46,45,47,48,50,52,51,52,54,52,55,57,61,57
20260804_015555_897cb2,1785805225993711,955668309,2,2,0,-54,128,0,15,15,15,15,15,15,15,15,15,15,15,15,15,15,15,15,16,15,15,15,15,15,15,14,13,13,0,0,0,0,0,0,0,0,0,0,0,7,7,8,8,8,8,9,9,9,9,10,10,10,10,10,11,11,12,12,12,13,13,14,14,14,14,0,30,28,29,30,30,28,29,27,29,28,30,28,29,30,29,30,30,30,30,29,29,27,27,27,25,24,24,23,0,0,0,0,0,0,0,13,14,14,15,15,14,16,16,18,17,18,18,18,19,20,19,22,22,23,21,23,23,24,24,26,26,28,29
20260804_015555_897cb2,1785805226044841,955718044,2,2,0,-49,128,0,16,16,15,16,15,15,15,15,15,15,15,15,15,15,15,15,15,15,15,15,15,14,14,13,13,13,0,0,0,0,0,0,0,0,0,0,0,10,10,11,11,11,11,13,13,13,13,13,13,13,13,13,14,13,14,14,14,14,15,15,15,16,16,0,58,56,58,56,58,56,55,55,55,55,56,56,57,57,56,58,55,58,57,55,56,53,51,50,49,49,45,45,0,0,0,0,0,0,0,34,36,38,39,40,41,44,46,46,48,47,46,49,49,48,49,51,49,50,49,51,52,52,54,53,55,55,57
20260804_015555_897cb2,1785805226148116,955823012,2,2,0,-52,128,0,15,14,14,15,14,14,14,14,14,15,14,14,14,14,15,15,16,16,16,15,15,15,14,15,13,13,0,0,0,0,0,0,0,0,0,0,0,9,9,10,10,10,11,11,11,11,12,11,12,12,12,12,12,12,13,13,13,13,13,13,13,13,15,0,56,57,55,57,56,56,55,55,55,57,58,56,56,56,60,59,60,60,61,60,60,57,57,55,53,52,52,49,0,0,0,0,0,0,0,32,33,35,35,38,37,40,41,43,44,44,46,47,47,46,46,46,48,47,49,50,50,52,52,54,54,55,55
20260804_015555_897cb2,1785805226246903,955916589,2,2,0,-53,128,0,15,14,15,15,14,15,15,14,14,13,16,16,14,16,16,16,16,16,17,16,16,16,15,15,15,14,0,0,0,0,0,0,0,0,0,0,0,9,9,9,10,10,11,11,11,11,11,11,11,11,11,11,12,12,12,13,13,12,13,13,14,13,13,0,57,52,58,56,52,61,57,52,60,59,57,54,62,58,58,56,60,58,65,59,59,56,58,56,53,53,51,50,0,0,0,0,0,0,0,31,33,34,35,36,36,37,39,40,40,42,43,45,42,43,43,43,46,46,46,47,46,49,47,52,48,52,51
20260804_015555_897cb2,1785805226344988,956015271,2,2,0,-56,128,0,15,15,16,16,15,15,16,15,16,16,16,16,16,16,16,16,17,18,18,17,17,17,16,16,15,15,0,0,0,0,0,0,0,0,0,0,0,7,8,8,8,8,9,9,9,9,11,11,11,11,11,12,12,12,13,13,13,14,14,14,15,15,15,0,29,29,28,30,28,28,30,29,29,31,29,30,30,30,33,33,33,32,33,33,32,31,31,30,29,28,29,28,0,0,0,0,0,0,0,13,13,13,14,14,14,15,15,18,18,20,20,20,21,21,22,21,23,23,24,23,24,25,27,26,28,28,29
20260804_015555_897cb2,1785805226471325,956146748,2,2,0,-57,128,0,13,14,14,14,13,14,14,14,14,15,15,15,15,16,16,17,17,17,18,18,18,18,17,17,17,17,0,0,0,0,0,0,0,0,0,0,0,7,7,7,8,9,9,9,10,10,10,11,11,11,11,12,12,12,12,12,12,12,13,12,13,13,13,0,26,26,26,27,27,26,27,27,27,29,29,29,30,31,32,32,33,34,34,34,35,33,34,33,34,33,33,32,0,0,0,0,0,0,0,11,12,13,13,14,15,16,17,17,19,21,21,21,22,21,22,22,23,23,24,24,24,24,24,25,25,25,25
20260804_015555_897cb2,1785805226547005,956216929,2,2,0,-56,128,0,14,14,14,13,14,14,14,15,14,15,14,15,14,15,15,16,16,16,16,16,16,16,16,15,15,15,0,0,0,0,0,0,0,0,0,0,0,10,11,11,12,12,13,13,13,14,14,15,15,15,15,15,15,14,14,15,14,15,15,14,14,15,14,0,56,53,51,54,53,48,50,52,51,56,53,48,51,55,50,58,57,58,59,61,59,58,58,57,55,55,55,54,0,0,0,0,0,0,0,32,34,35,39,39,41,44,45,47,50,53,52,53,53,56,54,52,55,54,53,55,52,53,54,53,56,56,53
20260804_015555_897cb2,1785805226640172,956311732,2,2,0,-57,128,0,14,13,13,12,12,11,11,11,11,11,11,11,11,11,11,11,12,11,12,12,12,12,13,12,12,12,0,0,0,0,0,0,0,0,0,0,0,13,13,13,15,15,16,16,16,17,17,18,17,18,16,16,17,16,16,16,14,15,15,14,14,14,14,0,51,50,46,46,42,44,41,42,42,42,40,40,40,40,43,41,45,44,45,45,45,45,47,47,44,46,46,46,0,0,0,0,0,0,0,43,45,47,49,52,55,58,59,61,63,65,64,64,65,63,62,60,61,58,60,57,58,56,57,56,54,54,50
20260804_015555_897cb2,1785805226737855,956412851,2,2,0,-57,128,0,12,12,10,10,11,10,9,10,9,9,8,8,8,8,9,8,9,9,10,11,9,9,10,10,11,11,0,0,0,0,0,0,0,0,0,0,0,14,15,16,16,17,17,18,18,18,19,18,18,18,18,17,17,16,16,16,15,15,15,14,14,13,13,0,22,21,21,18,18,17,15,18,12,15,14,14,17,16,17,13,18,20,18,20,20,20,19,19,21,21,21,20,0,0,0,0,0,0,0,24,25,26,27,28,31,32,32,34,34,34,34,35,35,34,33,31,30,29,29,30,27,27,28,25,26,26,24
20260804_015555_897cb2,1785805226840624,956512108,2,2,0,-57,128,0,12,12,11,11,10,9,9,8,8,9,8,8,7,8,8,8,8,9,9,9,9,9,10,10,10,10,0,0,0,0,0,0,0,0,0,0,0,16,16,17,17,18,18,18,19,19,20,18,18,18,18,17,17,17,17,17,16,15,15,15,14,14,13,0,45,44,40,39,38,34,34,31,31,30,29,28,27,29,32,32,33,34,36,35,39,38,36,39,39,38,39,41,0,0,0,0,0,0,0,51,53,56,59,61,65,67,69,70,72,73,72,71,70,71,68,67,66,64,61,61,58,57,55,55,53,52,50
20260804_015555_897cb2,1785805226938691,956612948,2,2,0,-57,128,0,12,12,11,11,10,10,8,8,8,7,8,8,8,8,8,8,8,9,10,10,10,10,10,10,11,11,0,0,0,0,0,0,0,0,0,0,0,16,16,18,19,19,20,20,21,21,20,20,20,19,19,19,18,18,18,17,16,16,16,15,15,14,13,0,21,22,21,19,18,17,16,15,14,14,13,13,14,14,15,15,15,16,17,17,18,17,18,19,19,20,20,19,0,0,0,0,0,0,0,26,29,29,30,32,33,34,35,36,36,38,37,38,36,35,34,34,34,33,32,30,30,29,29,28,28,25,24
20260804_015555_897cb2,1785805227037288,956712441,2,2,0,-57,128,0,12,12,12,10,9,9,8,8,8,8,8,8,7,8,8,8,9,9,10,10,10,10,10,11,11,11,0,0,0,0,0,0,0,0,0,0,0,16,16,17,18,18,19,19,20,20,20,20,20,19,18,18,17,17,16,17,16,16,15,15,15,14,13,0,23,22,20,20,17,17,16,16,14,14,15,14,14,14,14,16,16,16,17,18,19,19,20,19,20,21,21,21,0,0,0,0,0,0,0,28,28,29,30,31,33,33,35,36,36,38,38,37,36,36,34,35,34,33,32,31,30,28,29,28,27,26,25
20260804_015555_897cb2,1785805227140711,956811416,2,2,0,-57,128,0,12,12,11,11,10,10,9,8,8,8,8,8,7,7,8,8,9,9,9,9,9,10,10,10,10,10,0,0,0,0,0,0,0,0,0,0,0,15,17,17,17,18,18,19,21,20,21,20,20,20,19,18,17,17,16,16,16,16,15,15,14,14,13,0,24,22,21,19,18,17,16,16,14,15,13,14,14,13,14,15,15,16,16,17,17,18,18,18,19,20,20,20,0,0,0,0,0,0,0,27,27,28,31,32,33,34,34,37,37,37,36,38,37,36,36,34,34,32,31,31,30,30,29,28,27,28,26
20260804_015555_897cb2,1785805227238623,956911550,2,2,0,-56,128,0,13,13,11,11,10,9,9,8,8,8,8,7,6,6,7,7,7,7,7,8,8,8,8,8,8,8,0,0,0,0,0,0,0,0,0,0,0,16,16,16,17,19,18,19,19,19,20,19,19,19,19,18,18,17,17,17,16,16,15,15,15,14,14,0,48,44,42,41,36,34,32,31,30,30,29,25,26,25,25,26,27,28,30,29,30,31,31,32,33,33,33,34,0,0,0,0,0,0,0,52,55,58,60,62,67,68,70,71,72,73,74,72,72,70,71,67,66,64,61,62,60,60,59,55,54,54,52
20260804_015555_897cb2,1785805227337696,957011308,2,2,0,-56,128,0,12,12,11,10,10,9,9,8,8,7,7,6,7,6,6,6,7,7,6,6,7,7,8,8,8,9,0,0,0,0,0,0,0,0,0,0,0,16,16,17,18,18,19,19,20,20,20,20,20,20,19,19,18,17,17,17,17,16,16,15,15,14,14,0,23,21,21,19,18,17,15,14,14,13,13,12,12,12,11,12,13,12,12,12,13,13,14,14,15,15,15,16,0,0,0,0,0,0,0,27,27,27,29,31,32,32,34,34,36,35,36,36,35,34,33,34,31,31,30,31,29,30,28,27,27,26,26
20260804_015555_897cb2,1785805227436373,957111753,2,2,0,-56,128,0,12,11,11,10,10,9,8,8,7,6,7,6,5,5,5,6,6,7,7,7,7,7,8,8,8,8,0,0,0,0,0,0,0,0,0,0,0,14,16,17,17,17,19,19,19,20,20,20,19,19,19,18,17,17,16,16,16,16,15,15,14,14,13,0,23,21,20,19,19,16,16,16,14,13,12,12,11,12,11,11,12,12,12,13,13,13,15,14,14,15,16,16,0,0,0,0,0,0,0,26,27,29,30,31,32,33,34,34,36,37,36,36,36,35,33,33,32,32,31,31,30,29,28,28,27,26,25
20260804_015555_897cb2,1785805227535174,957211914,2,2,0,-56,128,0,13,12,12,11,10,9,9,8,8,8,6,6,6,6,6,5,5,6,6,6,6,6,6,6,7,7,0,0,0,0,0,0,0,0,0,0,0,16,17,17,18,18,20,19,20,21,20,21,21,20,19,19,18,18,17,17,16,16,16,16,16,14,14,0,47,47,41,40,35,36,31,28,29,26,25,23,21,22,22,22,21,22,22,22,24,24,26,28,27,28,29,29,0,0,0,0,0,0,0,54,56,60,60,64,66,69,72,75,74,73,76,75,73,73,71,69,69,64,65,64,64,61,59,57,55,54,53
20260804_015555_897cb2,1785805227640559,957311966,2,2,0,-56,128,0,12,12,11,9,9,9,9,7,7,6,6,6,5,5,5,5,5,5,6,5,5,6,6,6,6,6,0,0,0,0,0,0,0,0,0,0,0,14,15,15,16,17,17,18,18,18,19,18,18,18,18,17,17,16,16,16,16,16,15,15,14,14,13,0,23,23,22,20,18,18,16,16,14,12,12,11,11,11,10,10,10,11,11,11,11,11,12,12,11,13,12,13,0,0,0,0,0,0,0,25,27,28,29,31,33,33,35,35,36,36,37,36,35,35,35,34,33,32,31,30,30,30,28,28,28,27,25
20260804_015555_897cb2,1785805227738551,957410222,2,2,0,-56,128,0,13,13,12,11,10,10,9,9,9,8,8,7,7,6,6,7,6,6,6,7,7,7,7,8,7,8,0,0,0,0,0,0,0,0,0,0,0,17,17,18,19,19,19,20,21,21,21,21,21,20,20,19,19,18,17,18,17,17,17,16,16,16,15,0,26,24,23,21,20,19,18,17,15,14,13,13,13,11,12,11,12,12,12,13,13,12,14,14,13,15,14,15,0,0,0,0,0,0,0,28,29,29,32,34,34,35,37,38,38,39,39,39,38,38,36,36,35,34,33,33,32,32,30,29,29,28,27
20260804_015555_897cb2,1785805227837346,957510839,2,2,0,-56,128,0,13,12,12,10,10,9,9,8,8,8,7,7,7,6,7,7,6,7,7,8,8,8,8,8,8,8,0,0,0,0,0,0,0,0,0,0,0,14,16,16,17,17,18,18,18,18,19,20,18,18,18,17,17,17,17,17,16,16,15,15,15,14,14,0,24,24,22,22,19,18,17,16,16,15,15,13,14,13,13,13,13,14,14,13,14,14,15,15,14,16,15,15,0,0,0,0,0,0,0,26,26,28,29,30,31,34,33,35,36,36,37,36,36,35,35,32,33,32,31,31,30,30,29,29,27,27,25
20260804_015555_897cb2,1785805227935379,957611521,2,2,0,-56,128,0,13,13,11,11,10,9,9,8,8,8,8,7,7,6,6,7,7,7,7,7,7,8,8,8,8,8,0,0,0,0,0,0,0,0,0,0,0,16,16,16,18,18,18,19,19,20,20,20,20,19,19,18,18,17,17,17,16,16,16,16,15,15,14,0,49,46,44,43,37,36,35,30,32,30,29,24,25,24,26,23,25,25,27,26,26,28,29,30,30,29,31,31,0,0,0,0,0,0,0,54,56,57,59,65,65,69,68,72,74,74,76,76,74,72,69,67,69,66,66,63,63,61,60,59,55,55,56
20260804_015555_897cb2,1785805228039770,957711626,2,2,0,-56,128,0,12,12,11,11,10,9,9,8,7,7,7,7,5,6,6,6,6,6,6,6,6,6,7,7,6,6,0,0,0,0,0,0,0,0,0,0,0,14,16,16,16,17,17,19,19,19,20,19,19,19,19,18,17,17,16,16,16,15,15,15,15,14,14,0,23,23,21,21,19,18,17,15,14,14,13,13,12,11,13,11,12,11,11,12,13,13,13,13,13,13,14,13,0,0,0,0,0,0,0,27,28,28,28,32,32,34,34,36,35,36,37,36,36,35,35,33,34,32,32,30,31,30,29,29,29,27,26
20260804_015555_897cb2,1785805228138012,957811458,2,2,0,-56,128,0,11,11,10,9,9,9,7,7,6,5,5,5,5,5,5,4,5,5,6,6,7,7,7,7,8,8,0,0,0,0,0,0,0,0,0,0,0,15,16,17,18,18,19,19,19,20,19,20,19,19,19,18,17,17,16,16,16,16,15,15,15,15,13,0,22,21,20,18,17,16,14,13,13,11,9,10,10,11,10,10,11,11,11,12,13,14,13,14,15,15,14,16,0,0,0,0,0,0,0,26,28,28,31,31,34,33,35,36,36,37,36,36,37,36,34,35,34,32,30,30,30,30,28,27,28,26,24
20260804_015555_897cb2,1785805228236715,957911535,2,2,0,-56,128,0,13,13,13,11,10,10,9,9,8,8,8,6,6,6,6,6,6,6,6,7,7,7,7,7,8,8,0,0,0,0,0,0,0,0,0,0,0,17,17,17,19,19,20,20,21,21,20,21,20,20,19,19,18,20,17,18,17,17,17,16,15,15,14,0,24,22,22,21,19,18,16,15,14,13,12,11,11,11,11,10,10,12,12,12,12,12,12,13,14,14,13,15,0,0,0,0,0,0,0,27,29,30,31,32,34,36,36,36,37,38,38,37,37,37,36,36,36,34,32,32,32,30,30,29,29,27,26
20260804_015555_897cb2,1785805228340268,958012682,2,2,0,-56,128,0,13,12,12,11,10,9,8,8,8,7,6,6,6,6,5,5,6,6,6,6,6,6,6,6,7,7,0,0,0,0,0,0,0,0,0,0,0,16,16,17,18,19,19,19,20,20,20,20,20,19,19,19,18,18,17,17,16,16,16,16,16,15,14,0,24,23,22,19,19,17,16,14,13,14,12,11,10,10,9,11,11,11,12,11,12,13,13,13,14,14,14,14,0,0,0,0,0,0,0,27,28,29,31,31,34,34,35,38,37,38,38,38,36,36,36,34,35,33,32,32,31,30,30,29,28,27,27
20260804_015555_897cb2,1785805228438387,958111644,2,2,0,-56,128,0,13,12,12,11,10,10,9,8,8,7,7,7,7,6,7,7,7,7,7,7,7,8,8,8,8,8,0,0,0,0,0,0,0,0,0,0,0,16,16,17,18,18,19,19,20,20,20,20,20,20,19,19,18,18,17,17,17,16,16,15,15,15,14,0,25,23,21,19,20,18,16,15,14,13,13,13,12,12,12,12,12,12,13,13,13,15,14,14,15,16,15,16,0,0,0,0,0,0,0,27,29,29,31,32,34,34,35,36,37,38,38,37,37,37,36,35,34,34,33,31,31,31,30,28,29,27,25
20260804_015555_897cb2,1785805228537527,958214085,2,2,0,-56,128,0,13,12,11,11,10,9,9,8,7,7,8,6,7,7,7,6,7,8,8,8,8,9,9,9,9,9,0,0,0,0,0,0,0,0,0,0,0,16,16,17,18,18,19,20,21,21,21,21,21,19,19,18,18,18,17,17,16,16,16,16,15,14,14,0,47,45,43,39,34,34,31,29,29,26,26,25,24,24,23,25,25,25,28,29,30,30,31,31,31,32,33,35,0,0,0,0,0,0,0,52,55,57,59,64,64,67,69,73,74,73,75,75,73,74,68,68,69,65,64,62,62,59,59,58,55,52,52
20260804_015555_897cb2,1785805228635117,958311535,2,2,0,-57,128,0,13,12,12,11,11,9,9,9,9,8,8,7,7,7,7,8,8,8,8,9,9,9,9,9,9,10,0,0,0,0,0,0,0,0,0,0,0,17,17,18,19,19,20,20,21,20,21,21,21,20,20,19,19,19,17,18,17,17,16,16,16,16,14,0,23,21,21,20,19,18,16,15,14,13,14,12,12,12,12,13,13,14,15,16,16,16,16,17,17,18,17,17,0,0,0,0,0,0,0,26,28,28,30,30,33,34,36,36,35,37,37,37,36,35,35,34,33,33,32,31,32,30,29,28,28,26,26
20260804_015555_897cb2,1785805228739344,958411037,2,2,0,-57,128,0,13,12,11,10,10,9,9,8,8,7,8,7,7,7,7,8,8,8,8,9,9,10,10,10,10,11,0,0,0,0,0,0,0,0,0,0,0,15,16,16,17,18,19,19,19,19,19,19,19,19,19,18,17,17,17,16,16,16,16,15,15,14,14,0,24,22,21,20,19,19,16,16,14,14,14,13,14,13,14,14,15,15,17,17,17,18,18,19,19,19,19,20,0,0,0,0,0,0,0,28,28,28,29,31,33,34,36,36,36,36,37,37,36,36,36,35,34,33,33,31,31,30,30,28,28,27,26
20260804_015555_897cb2,1785805228836586,958512429,2,2,0,-56,128,0,13,13,12,11,11,10,9,9,8,8,8,7,8,8,8,7,9,8,8,9,9,10,10,9,11,10,0,0,0,0,0,0,0,0,0,0,0,16,16,17,18,19,19,20,20,20,21,20,20,20,20,19,19,18,18,18,17,17,17,16,16,15,14,0,25,23,22,21,18,18,16,16,14,14,14,14,14,14,13,14,15,15,15,15,16,16,17,17,19,19,18,18,0,0,0,0,0,0,0,26,28,28,29,31,32,33,34,35,36,37,36,36,36,36,35,35,34,34,32,32,31,30,30,29,28,27,26
20260804_015555_897cb2,1785805228935647,958611642,2,2,0,-56,128,0,14,13,12,11,10,10,9,9,9,9,8,8,7,8,8,7,8,8,9,9,9,9,9,9,10,10,0,0,0,0,0,0,0,0,0,0,0,16,16,17,18,18,19,20,20,21,21,20,20,20,19,19,19,18,18,18,17,17,17,16,16,16,16,0,25,24,23,21,19,18,16,16,15,15,15,14,13,13,14,14,14,15,15,16,16,16,16,17,17,17,18,18,0,0,0,0,0,0,0,26,27,28,29,31,32,33,35,35,37,37,38,38,37,36,34,35,34,34,33,31,31,30,29,29,27,28,27
20260804_015555_897cb2,1785805229038865,958715013,2,2,0,-56,128,0,12,11,11,10,10,9,9,8,7,7,7,6,6,6,7,7,7,8,8,8,8,9,9,9,9,9,0,0,0,0,0,0,0,0,0,0,0,14,15,16,17,17,18,18,18,19,19,19,19,18,18,18,17,17,17,17,16,16,15,15,15,14,14,0,23,22,21,19,19,18,16,15,14,13,13,12,13,13,13,12,14,13,14,15,16,16,16,17,17,17,17,17,0,0,0,0,0,0,0,24,26,26,28,30,31,32,33,35,35,36,35,36,35,35,35,34,32,32,31,30,30,30,29,27,27,25,26
20260804_015555_897cb2,1785805229137227,958813217,2,2,0,-56,128,0,12,11,10,10,10,8,8,8,8,7,8,7,8,6,8,8,6,8,9,10,9,8,9,11,10,10,0,0,0,0,0,0,0,0,0,0,0,13,14,14,15,16,16,16,17,17,17,17,17,17,16,16,16,16,15,15,14,14,14,14,13,13,12,0,23,23,23,20,18,19,18,17,16,15,14,15,15,18,16,16,16,22,16,21,22,19,19,17,18,21,20,21,0,0,0,0,0,0,0,24,25,27,29,29,32,32,34,33,36,36,34,35,36,35,35,34,31,33,30,32,29,29,28,27,27,27,26
20260804_015555_897cb2,1785805229240714,958911610,2,2,0,-57,128,0,13,13,12,12,11,11,10,10,9,9,9,9,8,9,9,9,9,10,10,11,11,10,10,11,11,11,0,0,0,0,0,0,0,0,0,0,0,16,16,17,18,18,18,20,20,20,20,20,20,19,19,18,18,18,18,17,17,17,17,15,16,15,14,0,50,47,47,43,41,39,38,36,33,33,33,32,31,32,32,32,34,34,35,36,38,38,39,38,39,39,38,39,0,0,0,0,0,0,0,52,52,55,58,59,64,64,67,69,72,74,73,70,71,71,71,71,66,67,64,63,60,62,60,56,58,54,54
20260804_015555_897cb2,1785805229339534,959011792,2,2,0,-56,128,0,13,13,13,12,11,11,10,10,9,9,9,8,8,8,9,9,9,10,9,9,10,10,11,11,11,11,0,0,0,0,0,0,0,0,0,0,0,15,15,16,17,17,18,19,19,19,20,20,19,19,19,18,18,18,17,17,17,16,16,15,15,15,14,0,25,25,23,22,20,20,19,18,17,16,16,16,16,16,16,16,17,17,18,17,19,18,18,19,19,19,19,21,0,0,0,0,0,0,0,25,26,27,27,30,31,34,33,35,36,37,36,36,36,35,34,34,33,33,32,31,31,31,30,29,28,27,26
20260804_015555_897cb2,1785805229444372,959115508,2,2,0,-56,128,0,13,12,11,10,9,9,8,8,8,7,7,6,7,7,7,8,7,8,8,8,9,9,9,9,10,10,0,0,0,0,0,0,0,0,0,0,0,15,16,16,17,18,18,18,19,19,19,19,20,20,18,18,18,17,17,16,16,16,16,14,14,14,14,0,49,43,41,38,38,35,31,29,30,28,26,24,26,26,26,26,27,29,30,30,32,31,32,34,36,34,34,37,0,0,0,0,0,0,0,49,52,57,60,61,66,67,70,72,72,73,72,73,74,71,72,69,68,67,64,62,61,61,59,58,55,54,50
20260804_015555_897cb2,1785805229542409,959214491,2,2,0,-56,128,0,12,11,10,10,9,9,9,8,7,7,7,6,6,6,6,6,7,7,8,8,8,8,8,9,9,9,0,0,0,0,0,0,0,0,0,0,0,14,15,16,17,18,18,18,18,19,19,19,19,19,18,18,17,17,16,16,16,16,16,15,15,15,13,0,23,22,22,19,18,17,16,15,13,13,13,12,12,12,13,12,14,13,14,14,15,15,16,16,16,16,16,16,0,0,0,0,0,0,0,25,26,26,28,29,31,32,33,34,35,35,35,35,34,35,34,33,33,32,30,31,29,29,28,28,27,26,25
20260804_015555_897cb2,1785805229635819,959311944,2,2,0,-56,128,0,12,11,11,11,10,9,8,7,7,7,7,6,7,7,8,7,7,7,8,8,9,9,9,9,9,9,0,0,0,0,0,0,0,0,0,0,0,14,16,16,17,18,18,18,18,19,19,19,18,18,18,17,17,17,16,16,16,15,15,14,14,13,13,0,49,44,41,40,37,33,32,31,30,30,28,28,28,27,28,27,27,27,29,31,31,31,34,35,34,35,34,35,0,0,0,0,0,0,0,50,53,54,58,59,64,64,67,69,71,74,72,74,72,69,70,67,65,66,65,62,60,61,57,56,56,52,49
20260804_015555_897cb2,1785805229739067,959411532,2,2,0,-56,128,0,13,13,12,11,10,11,9,9,9,8,8,8,8,8,8,8,9,9,9,9,9,9,9,10,9,10,0,0,0,0,0,0,0,0,0,0,0,15,16,16,17,18,18,19,19,20,21,20,21,19,19,18,18,18,18,17,17,16,16,16,16,15,14,0,24,24,22,21,19,18,17,17,16,16,15,15,14,14,14,14,15,15,16,16,16,17,18,17,18,18,18,18,0,0,0,0,0,0,0,26,27,27,29,31,31,34,34,35,36,37,37,36,36,35,35,35,34,32,32,31,31,31,29,29,29,27,26
20260804_015555_897cb2,1785805229836955,959511689,2,2,0,-56,128,0,12,12,12,11,11,11,10,10,9,9,9,9,9,9,9,9,10,10,10,10,10,10,11,11,10,10,0,0,0,0,0,0,0,0,0,0,0,12,13,14,14,15,15,16,16,16,17,16,16,17,16,15,16,15,15,15,15,14,14,14,14,14,13,0,25,24,23,21,22,21,20,19,19,19,19,20,18,19,20,19,20,21,21,21,22,21,21,21,21,21,20,20,0,0,0,0,0,0,0,23,24,25,27,27,29,30,32,32,32,33,33,33,34,33,33,33,32,31,29,31,29,29,29,28,28,28,27
20260804_015555_897cb2,1785805229941869,959611695,2,2,0,-56,128,0,14,14,13,13,13,14,13,13,13,13,13,13,14,14,14,14,14,15,15,15,14,15,14,14,14,14,0,0,0,0,0,0,0,0,0,0,0,9,11,11,11,12,12,13,14,14,14,14,14,14,14,14,14,14,14,14,13,14,14,14,14,14,13,0,51,52,49,51,45,49,47,50,49,50,50,50,51,51,54,55,54,54,57,55,55,56,55,54,52,52,51,49,0,0,0,0,0,0,0,34,34,36,38,41,40,44,45,48,49,50,52,52,53,52,51,51,55,51,52,49,51,52,51,54,51,52,51
20260804_015555_897cb2,1785805230040372,959711839,2,2,0,-55,128,0,14,14,14,14,14,14,13,14,13,13,13,13,13,14,15,15,15,15,16,16,14,14,14,14,14,13,0,0,0,0,0,0,0,0,0,0,0,7,8,9,9,9,9,10,11,11,12,12,12,12,12,12,12,12,12,12,13,13,13,14,14,14,14,0,55,54,54,52,54,55,53,54,53,54,54,54,54,56,57,58,59,58,58,57,58,55,56,53,52,51,50,49,0,0,0,0,0,0,0,29,29,30,31,33,35,38,38,40,42,44,46,46,46,47,46,48,48,48,48,49,50,50,52,52,52,55,54
20260804_015555_897cb2,1785805230138971,959811727,2,2,0,-52,128,0,15,15,15,15,15,15,15,15,15,15,15,15,15,14,16,16,16,15,15,15,15,15,15,14,13,13,0,0,0,0,0,0,0,0,0,0,0,10,10,10,10,11,11,11,12,12,13,13,13,13,13,13,13,13,13,13,14,14,14,15,15,15,15,0,28,28,27,28,28,28,26,29,27,29,28,26,28,27,29,27,27,28,28,28,27,27,26,25,24,23,23,22,0,0,0,0,0,0,0,15,16,17,18,19,19,20,20,21,21,22,23,23,23,23,23,23,24,24,24,24,24,26,25,26,27,26,27
20260804_015555_897cb2,1785805230237085,959911623,2,2,0,-49,128,0,15,15,16,15,15,15,14,15,15,14,15,15,15,15,15,15,15,15,15,15,15,14,14,13,13,13,0,0,0,0,0,0,0,0,0,0,0,9,10,10,11,11,12,12,12,13,13,14,14,14,14,14,13,14,13,14,14,14,14,14,15,15,15,0,58,58,56,57,55,57,56,53,55,57,55,55,53,55,57,57,57,55,57,56,54,53,53,48,47,46,45,45,0,0,0,0,0,0,0,32,33,34,36,38,41,42,44,46,47,48,49,50,52,51,51,50,51,49,53,51,52,53,54,57,56,58,57
20260804_015555_897cb2,1785805230340400,960013269,2,2,0,-50,128,0,14,14,14,15,14,14,15,13,13,14,14,13,14,14,15,15,16,15,15,15,15,14,14,14,13,13,0,0,0,0,0,0,0,0,0,0,0,8,9,9,9,10,10,11,11,11,11,12,12,11,12,12,11,12,12,12,12,13,13,13,14,14,14,0,58,57,57,57,54,54,56,54,56,56,57,54,57,57,57,58,59,56,57,57,56,54,53,52,51,50,48,46,0,0,0,0,0,0,0,33,34,34,34,35,36,40,39,40,42,43,44,40,45,43,44,44,47,46,45,46,49,50,52,52,51,56,56
20260804_015555_897cb2,1785805230438661,960112610,2,2,0,-50,128,0,14,15,15,15,14,14,14,14,14,14,15,15,15,15,16,16,16,15,16,15,15,14,15,15,13,14,0,0,0,0,0,0,0,0,0,0,0,12,12,12,13,13,13,13,14,14,14,14,14,14,13,13,13,13,13,13,13,13,14,14,14,15,15,0,52,55,54,53,52,53,54,53,53,51,56,55,54,56,58,57,57,59,59,56,57,54,54,54,52,52,49,49,0,0,0,0,0,0,0,40,40,42,43,46,47,49,49,49,51,49,50,49,49,50,48,48,50,48,48,49,49,49,51,52,53,53,54
20260804_015555_897cb2,1785805230538033,960213866,2,2,0,-50,128,0,14,14,14,14,14,15,15,15,15,15,15,15,15,15,15,15,16,16,16,16,16,15,15,14,14,14,0,0,0,0,0,0,0,0,0,0,0,8,8,9,9,9,9,9,9,9,10,10,11,11,11,11,12,12,12,12,13,13,13,13,13,14,14,0,57,60,58,60,56,58,56,56,57,58,57,59,61,61,63,60,62,61,62,61,61,57,60,56,56,54,54,52,0,0,0,0,0,0,0,29,32,30,32,34,35,36,36,36,39,41,43,41,40,44,43,45,46,45,46,47,49,52,52,54,56,57,54
20260804_015555_897cb2,1785805230636997,960311791,2,2,0,-50,128,0,16,17,16,16,16,16,16,16,16,16,15,16,16,16,16,16,17,17,17,17,16,15,15,15,14,14,0,0,0,0,0,0,0,0,0,0,0,7,7,8,8,8,9,9,10,10,11,10,11,12,12,13,13,13,13,14,14,14,15,15,15,15,16,0,62,62,60,61,60,62,60,60,57,60,59,62,60,61,59,61,61,62,60,59,59,57,55,55,52,51,49,48,0,0,0,0,0,0,0,27,28,26,28,28,30,32,34,34,37,38,39,40,43,42,44,44,49,46,48,49,53,53,54,57,59,58,58
20260804_015555_897cb2,1785805230741020,960414605,2,2,0,-52,128,0,17,18,18,18,18,18,18,17,17,17,17,17,17,17,17,17,17,17,17,17,17,16,16,16,14,14,0,0,0,0,0,0,0,0,0,0,0,8,8,9,9,9,9,10,10,10,11,11,11,12,12,13,14,14,15,15,15,16,16,16,17,17,17,0,31,32,31,31,31,31,31,30,30,30,29,31,31,31,31,30,32,31,31,29,29,28,28,26,26,25,24,23,0,0,0,0,0,0,0,13,13,14,15,15,15,16,17,17,18,19,19,20,21,21,22,22,24,24,25,25,27,27,28,28,29,30,30
20260804_015555_897cb2,1785805230842597,960513209,2,2,0,-48,128,0,16,16,16,16,16,16,16,16,15,15,14,14,14,14,14,15,14,14,14,14,14,14,13,13,12,12,0,0,0,0,0,0,0,0,0,0,0,9,9,9,9,9,11,11,11,12,12,12,12,13,13,14,14,14,14,14,15,15,16,15,16,16,16,0,61,60,61,59,59,59,57,56,57,54,56,54,54,56,55,55,56,56,54,52,52,50,48,47,44,43,41,41,0,0,0,0,0,0,0,27,28,29,32,33,36,38,39,41,41,45,44,45,47,49,50,49,52,52,53,54,54,57,57,58,61,60,61
20260804_015555_897cb2,1785805230936385,960611900,2,2,0,-51,128,0,15,16,16,15,15,15,15,15,15,15,15,15,15,15,15,15,15,15,15,14,14,13,13,12,12,11,0,0,0,0,0,0,0,0,0,0,0,6,6,6,7,7,7,8,8,9,10,10,10,11,11,11,12,12,12,13,13,14,14,14,15,15,15,0,30,30,32,30,31,30,30,29,29,29,29,29,29,30,29,30,29,30,29,28,27,26,25,25,24,23,22,22,0,0,0,0,0,0,0,10,11,11,12,12,13,13,15,16,16,18,18,20,20,21,22,23,23,24,24,26,26,27,27,27,29,30,30
20260804_015555_897cb2,1785805231045852,960718623,2,2,0,-50,128,0,17,18,17,17,17,17,17,17,17,17,16,17,17,17,17,17,17,17,17,16,17,16,15,15,14,14,0,0,0,0,0,0,0,0,0,0,0,10,11,11,11,12,12,12,12,13,13,13,14,14,14,14,14,14,14,15,16,16,16,17,17,17,17,0,60,62,62,64,59,60,56,59,56,63,58,61,59,57,57,59,59,58,62,59,59,54,54,50,50,50,49,49,0,0,0,0,0,0,0,31,34,34,35,35,38,39,40,42,45,45,46,46,48,47,46,49,51,51,53,51,53,57,57,55,57,58,61
20260804_015555_897cb2,1785805231138526,960811820,2,2,0,-49,128,0,16,16,16,16,16,16,15,15,15,15,15,14,14,15,14,15,15,16,15,15,15,14,14,13,13,12,0,0,0,0,0,0,0,0,0,0,0,10,11,11,11,12,12,12,13,13,13,13,13,14,13,14,14,14,14,14,15,15,16,15,16,16,16,0,61,62,60,61,58,59,57,55,57,58,57,55,54,55,56,56,58,57,57,54,53,53,50,50,48,48,45,43,0,0,0,0,0,0,0,34,36,36,39,40,40,43,43,47,46,48,52,49,50,50,52,51,52,52,53,53,54,56,55,58,57,60,60
20260804_015555_897cb2,1785805231241397,960913569,2,2,0,-50,128,0,15,15,15,15,15,15,15,14,14,15,15,15,15,14,14,14,15,15,15,14,14,14,13,13,13,12,0,0,0,0,0,0,0,0,0,0,0,9,9,9,9,11,11,11,12,13,13,13,13,13,13,13,14,14,14,14,14,14,14,15,15,15,15,0,58,61,60,59,58,59,58,58,56,59,58,57,57,54,57,57,59,58,58,55,54,52,52,50,49,47,47,46,0,0,0,0,0,0,0,31,30,33,33,37,39,41,42,43,44,46,49,48,49,49,51,51,52,53,54,54,54,56,56,57,59,61,58
20260804_015555_897cb2,1785805231340610,961013430,2,2,0,-51,128,0,15,15,15,15,14,14,14,14,14,14,14,14,14,15,14,14,14,14,14,14,13,13,13,12,12,12,0,0,0,0,0,0,0,0,0,0,0,7,8,8,8,9,9,9,10,10,11,11,11,12,12,12,12,12,12,12,13,13,13,14,14,15,15,0,60,57,58,59,58,57,57,57,57,57,55,55,57,57,57,57,58,57,56,55,53,52,51,49,48,46,43,42,0,0,0,0,0,0,0,27,29,30,32,33,35,36,35,38,39,41,42,44,45,44,47,48,48,49,49,50,50,52,54,54,56,58,58
20260804_015555_897cb2,1785805231436940,961111338,2,2,0,-52,128,0,17,17,16,16,16,16,16,15,15,16,15,16,14,15,15,15,15,14,14,14,14,13,13,13,12,12,0,0,0,0,0,0,0,0,0,0,0,9,9,10,10,11,11,13,13,13,14,14,14,14,14,14,15,14,15,16,15,15,16,16,17,17,17,0,61,61,62,60,59,58,55,57,55,57,56,56,55,53,55,52,54,52,53,51,50,50,47,47,43,42,40,39,0,0,0,0,0,0,0,28,29,30,32,35,38,40,41,44,46,47,51,50,50,53,55,53,55,55,55,56,59,58,59,58,61,61,59
20260804_015555_897cb2,1785805231546271,961218599,2,2,0,-53,128,0,16,16,16,15,16,15,15,15,15,15,15,15,15,15,15,15,15,15,15,14,14,14,14,13,13,13,0,0,0,0,0,0,0,0,0,0,0,9,9,9,10,9,10,11,11,11,12,12,12,12,12,12,12,12,12,13,13,13,13,13,15,15,15,0,62,61,60,60,59,61,60,58,59,60,60,59,59,59,59,59,60,60,59,58,56,56,52,52,51,50,47,47,0,0,0,0,0,0,0,30,33,32,35,35,36,38,39,40,42,44,44,46,46,46,46,48,47,48,48,52,51,53,55,55,57,58,58
20260804_015555_897cb2,1785805231668110,961337756,2,2,0,-52,128,0,16,16,16,17,15,16,16,16,16,16,16,16,15,16,16,16,16,16,16,16,16,15,15,15,14,13,0,0,0,0,0,0,0,0,0,0,0,9,9,10,11,12,11,12,12,13,13,13,13,13,13,13,13,14,14,14,14,15,15,15,15,16,16,0,59,57,61,57,57,56,55,55,59,55,56,52,59,58,56,57,55,60,59,57,57,56,52,51,50,50,46,48,0,0,0,0,0,0,0,30,33,33,36,35,39,39,43,43,43,46,44,47,47,48,49,50,48,51,47,53,51,52,53,54,55,57,57
20260804_015555_897cb2,1785805231737282,961411773,2,2,0,-55,128,0,15,15,15,15,14,14,14,14,14,14,14,14,14,14,15,15,15,15,15,15,15,14,14,13,13,13,0,0,0,0,0,0,0,0,0,0,0,9,9,9,9,10,10,10,11,11,11,11,11,11,12,11,12,12,13,13,13,13,14,14,14,15,14,0,56,58,57,58,57,56,56,55,54,57,57,55,56,55,56,57,58,57,57,57,55,54,53,52,52,50,49,48,0,0,0,0,0,0,0,35,35,35,37,38,40,39,41,43,43,43,44,45,45,45,46,47,47,48,49,48,51,53,52,53,55,56,57
20260804_015555_897cb2,1785805231841015,961516107,2,2,0,-54,128,0,17,17,17,17,17,17,17,17,17,17,17,17,17,17,17,18,18,17,17,17,17,17,16,16,15,15,0,0,0,0,0,0,0,0,0,0,0,9,10,10,11,11,11,11,12,12,12,13,13,13,13,13,14,13,14,15,15,15,16,16,16,17,16,0,56,59,58,61,58,61,58,57,57,60,59,57,58,59,61,59,61,60,61,59,58,56,56,54,53,51,50,50,0,0,0,0,0,0,0,30,31,30,33,34,35,37,37,40,41,42,43,43,44,45,46,46,49,48,50,51,51,54,54,55,58,59,58
20260804_015555_897cb2,1785805231957063,961632032,2,2,0,-54,128,0,17,16,17,17,16,16,17,15,15,16,16,15,17,16,17,16,16,16,16,15,15,15,14,14,14,13,0,0,0,0,0,0,0,0,0,0,0,8,9,9,10,10,11,12,12,13,13,14,14,14,14,14,15,15,15,15,15,16,16,16,16,17,17,0,30,31,30,30,31,30,30,29,29,29,28,30,30,27,27,28,27,28,29,28,28,26,25,25,23,24,23,23,0,0,0,0,0,0,0,13,13,14,16,16,17,20,20,20,22,22,23,24,26,24,25,26,27,26,27,27,29,28,29,29,28,30,29
20260804_015555_897cb2,1785805232043680,961713405,2,2,0,-53,128,0,15,15,15,15,15,14,14,14,13,13,14,14,14,14,14,15,14,14,13,13,13,13,13,12,12,12,0,0,0,0,0,0,0,0,0,0,0,10,11,11,12,12,13,13,14,15,14,15,15,15,15,15,15,15,15,15,15,15,15,16,15,16,15,0,57,54,57,53,56,55,53,53,51,48,51,50,50,53,50,52,50,51,51,51,47,46,43,45,44,44,40,40,0,0,0,0,0,0,0,34,37,38,40,40,45,44,48,48,52,53,52,54,55,56,55,57,54,57,54,55,55,56,57,55,57,58,58
20260804_015555_897cb2,1785805232141214,961811810,2,2,0,-53,128,0,15,15,15,14,14,14,14,13,13,13,13,13,13,13,13,13,13,13,13,13,12,12,12,11,11,11,0,0,0,0,0,0,0,0,0,0,0,10,10,11,11,12,12,13,13,14,14,14,14,14,14,14,14,15,14,15,15,15,15,15,15,15,15,0,57,58,57,57,55,55,52,51,50,51,53,50,50,49,52,49,49,50,50,49,47,46,47,44,43,42,41,41,0,0,0,0,0,0,0,33,35,37,39,41,44,46,47,49,50,53,54,54,55,57,57,56,57,55,54,56,59,57,58,59,60,58,58
20260804_015555_897cb2,1785805232256077,961927574,2,2,0,-53,128,0,15,16,15,15,15,14,14,14,13,13,13,13,12,12,12,12,12,11,12,10,10,11,9,9,10,9,0,0,0,0,0,0,0,0,0,0,0,10,10,11,11,12,13,13,13,14,14,14,15,15,15,15,15,15,15,15,16,15,16,16,16,16,16,0,29,29,29,27,26,26,26,24,25,24,24,23,24,23,22,23,23,24,22,18,21,20,17,20,17,20,15,17,0,0,0,0,0,0,0,17,18,18,19,20,23,23,24,25,26,26,26,28,27,27,28,29,27,28,28,29,30,29,30,29,30,31,31
20260804_015555_897cb2,1785805232336583,962011894,2,2,0,-53,128,0,16,16,15,15,15,14,14,14,13,13,13,13,13,13,13,13,13,12,12,12,12,11,11,10,10,9,0,0,0,0,0,0,0,0,0,0,0,12,12,13,14,14,15,16,16,16,16,16,16,16,16,16,16,16,16,16,17,17,17,17,17,16,17,0,60,58,57,55,55,52,51,50,49,50,48,47,46,46,44,45,44,44,44,41,41,41,39,36,36,36,33,33,0,0,0,0,0,0,0,39,40,43,44,46,49,50,54,55,58,59,60,61,62,61,61,61,62,60,61,61,59,61,60,61,62,61,59
20260804_015555_897cb2,1785805232439396,962111811,2,2,0,-56,128,0,15,14,14,13,13,13,12,12,11,11,11,11,10,10,10,10,9,9,9,9,8,8,9,8,8,8,0,0,0,0,0,0,0,0,0,0,0,11,12,12,13,14,14,14,15,16,16,16,16,16,16,16,16,16,15,16,16,16,16,15,16,16,15,0,29,28,27,27,26,24,24,23,21,22,21,20,19,19,20,18,18,18,18,17,16,17,16,15,15,14,13,14,0,0,0,0,0,0,0,21,21,22,23,25,26,27,27,28,29,30,30,31,31,30,31,31,30,30,31,30,30,30,31,31,30,30,29
20260804_015555_897cb2,1785805232539355,962211799,2,2,0,-57,128,0,15,14,14,13,13,12,12,11,11,11,11,10,10,10,10,10,9,9,10,10,9,9,9,9,9,8,0,0,0,0,0,0,0,0,0,0,0,12,13,13,14,14,14,15,15,15,16,16,16,16,16,15,16,16,16,15,16,16,15,15,15,16,15,0,29,28,26,25,24,24,22,22,22,22,21,20,19,19,18,20,19,19,18,18,17,17,17,16,16,16,16,16,0,0,0,0,0,0,0,23,23,25,25,25,27,27,28,29,30,31,30,30,31,31,31,31,31,31,30,29,30,30,29,30,29,30,29
20260804_015555_897cb2,1785805232639217,962314730,2,2,0,-55,128,0,17,16,15,15,14,13,13,12,11,11,10,10,9,9,8,8,8,6,6,5,5,5,4,4,4,3,0,0,0,0,0,0,0,0,0,0,0,15,15,16,17,18,18,19,20,20,20,20,21,21,21,20,20,19,20,19,19,19,19,18,18,18,17,0,28,29,27,25,24,22,21,20,19,19,17,17,15,14,13,13,12,12,10,10,8,8,7,7,6,6,5,5,0,0,0,0,0,0,0,24,24,26,27,28,30,31,32,33,34,36,35,36,36,35,35,35,35,35,34,33,34,32,33,32,33,32,30
20260804_015555_897cb2,1785805232738016,962412626,2,2,0,-57,128,0,14,13,13,12,12,11,11,9,9,9,9,8,7,7,7,7,5,5,6,5,5,5,4,4,4,4,0,0,0,0,0,0,0,0,0,0,0,12,13,14,14,15,16,16,17,17,18,18,18,18,17,17,17,18,16,17,17,17,16,16,16,16,16,0,56,52,52,50,46,45,40,38,39,35,35,31,30,27,25,24,24,23,21,20,19,18,17,18,17,17,17,16,0,0,0,0,0,0,0,45,48,49,50,52,57,58,62,64,64,69,66,69,70,70,71,69,68,67,65,67,68,65,65,63,63,63,60
20260804_015555_897cb2,1785805232835249,962511831,2,2,0,-57,128,0,15,15,15,13,12,12,11,10,9,9,8,8,7,6,6,5,5,5,5,4,4,4,4,4,4,3,0,0,0,0,0,0,0,0,0,0,0,13,14,14,15,16,16,17,18,18,19,19,19,20,19,19,19,20,20,19,19,19,18,18,19,18,17,0,29,29,27,25,24,23,20,20,18,18,16,15,13,12,10,10,9,9,8,7,8,6,6,5,6,6,6,8,0,0,0,0,0,0,0,22,24,24,25,27,29,30,31,33,35,35,36,36,36,37,37,36,37,35,37,35,36,35,34,34,32,33,31
20260804_015555_897cb2,1785805232934859,962611194,2,2,0,-55,128,0,16,16,15,15,14,13,12,11,11,11,10,9,9,9,9,9,8,8,7,7,6,6,5,5,4,5,0,0,0,0,0,0,0,0,0,0,0,13,14,14,15,16,16,17,17,17,19,19,19,19,18,17,18,18,18,18,18,17,18,18,18,18,17,0,30,29,27,27,24,24,23,21,21,21,19,18,16,16,17,15,15,14,13,11,12,10,10,9,9,9,8,7,0,0,0,0,0,0,0,23,23,24,25,27,28,30,30,32,32,34,35,34,34,35,34,33,34,33,34,32,33,33,32,33,31,31,31
20260804_015555_897cb2,1785805233037291,962711926,2,2,0,-55,128,0,15,14,14,13,12,12,11,10,10,10,9,8,7,7,6,6,5,5,5,4,4,3,3,3,3,3,0,0,0,0,0,0,0,0,0,0,0,14,14,15,16,17,17,18,18,19,19,19,19,19,19,18,18,18,18,17,18,17,17,17,17,17,16,0,28,27,25,24,22,22,21,18,18,17,16,15,14,13,13,11,10,10,8,8,7,6,5,6,4,5,4,4,0,0,0,0,0,0,0,24,25,25,28,28,29,31,31,32,32,35,34,34,35,35,34,34,33,32,32,32,32,32,32,31,31,29,29
20260804_015555_897cb2,1785805233140338,962811894,2,2,0,-54,128,0,17,17,16,16,15,15,15,14,13,13,12,11,12,11,11,10,11,10,10,10,9,9,8,9,9,8,0,0,0,0,0,0,0,0,0,0,0,12,13,14,14,15,15,16,16,17,17,17,17,18,18,17,18,17,18,17,18,18,18,18,18,18,17,0,31,31,29,28,27,27,26,25,24,24,22,22,22,21,19,19,21,18,18,18,16,17,15,15,14,14,12,12,0,0,0,0,0,0,0,20,22,23,23,25,26,28,27,29,30,32,32,32,33,33,33,32,33,31,32,31,32,33,33,33,32,33,31
20260804_015555_897cb2,1785805233236923,962913502,2,2,0,-54,128,0,15,15,14,14,13,12,12,10,10,10,9,9,8,7,7,7,6,6,6,5,4,4,4,3,3,3,0,0,0,0,0,0,0,0,0,0,0,14,14,15,16,16,16,18,18,18,18,18,18,19,18,18,18,18,18,18,18,18,18,18,16,16,16,0,57,54,51,47,48,45,41,40,38,36,32,31,29,27,26,26,24,22,21,18,18,16,16,14,14,14,13,11,0,0,0,0,0,0,0,46,49,49,52,55,59,61,62,65,65,68,68,69,69,68,68,69,67,67,66,64,64,63,63,62,62,63,60
20260804_015555_897cb2,1785805233340443,963015346,2,2,0,-54,128,0,16,15,14,13,13,11,11,10,10,9,9,8,7,6,6,5,5,4,4,3,2,2,2,1,1,1,0,0,0,0,0,0,0,0,0,0,0,15,16,16,17,18,18,19,20,21,20,20,20,20,20,19,19,19,19,18,18,18,18,18,17,17,16,0,55,54,50,47,45,43,39,37,33,33,30,27,24,24,21,18,16,14,12,9,8,6,5,5,6,5,6,9,0,0,0,0,0,0,0,54,55,56,58,61,63,66,68,72,72,73,75,73,73,73,72,71,70,70,68,67,67,67,65,65,64,61,59
20260804_015555_897cb2,1785805233443551,963115502,2,2,0,-53,128,0,14,13,13,13,12,11,11,10,9,8,8,8,7,8,7,6,6,5,5,4,4,4,3,2,2,2,0,0,0,0,0,0,0,0,0,0,0,12,13,14,14,14,15,17,16,17,17,17,17,17,17,17,17,17,16,17,17,16,16,16,16,15,15,0,56,53,51,49,46,46,42,41,36,36,34,31,31,29,28,26,23,21,21,19,16,14,12,10,10,9,7,8,0,0,0,0,0,0,0,44,47,49,52,53,57,59,63,64,66,68,68,70,68,68,68,68,67,66,64,64,63,64,63,62,62,62,60
20260804_015555_897cb2,1785805233538835,963211723,2,2,0,-53,128,0,15,14,14,13,12,12,12,10,10,9,9,9,8,8,7,6,6,6,5,5,5,5,4,4,4,4,0,0,0,0,0,0,0,0,0,0,0,15,16,16,17,18,18,19,19,20,20,20,20,20,19,19,19,19,18,18,18,18,17,17,17,17,17,0,28,27,26,23,22,21,20,19,18,17,16,15,14,14,13,11,10,10,10,9,8,8,8,7,7,6,6,7,0,0,0,0,0,0,0,26,26,26,28,30,31,33,34,34,36,37,36,37,36,36,35,35,35,34,33,33,32,33,32,31,31,30,29
20260804_015555_897cb2,1785805233640156,963313918,2,2,0,-54,128,0,15,14,13,13,12,11,10,10,9,8,8,7,7,7,6,6,5,5,4,4,4,4,4,4,4,4,0,0,0,0,0,0,0,0,0,0,0,14,15,16,16,17,18,19,19,19,20,20,20,19,19,19,19,19,18,18,18,17,17,17,17,17,15,0,27,26,25,24,23,21,19,18,16,16,14,13,13,13,12,10,10,9,8,9,7,7,7,7,8,8,9,8,0,0,0,0,0,0,0,25,25,26,28,29,30,32,32,34,36,36,37,37,36,36,37,36,35,34,34,34,32,33,33,32,30,30,29
20260804_015555_897cb2,1785805233770712,963443583,2,2,0,-55,128,0,16,16,15,14,14,13,13,13,12,12,12,11,11,11,11,11,11,11,11,10,10,9,9,9,9,9,0,0,0,0,0,0,0,0,0,0,0,11,12,13,13,14,14,16,16,16,16,16,16,17,16,16,17,17,17,16,16,16,16,16,16,16,16,0,60,59,57,55,54,53,50,48,48,46,46,44,43,43,43,42,41,41,40,38,37,36,35,33,33,32,32,31,0,0,0,0,0,0,0,37,41,43,45,47,50,53,55,57,58,61,62,62,64,64,63,64,63,64,62,63,63,62,63,62,62,62,62
20260804_015555_897cb2,1785805233843829,963516599,2,2,0,-51,128,0,15,15,14,14,14,13,12,10,10,10,10,9,9,8,8,8,7,7,7,6,6,5,5,4,4,4,0,0,0,0,0,0,0,0,0,0,0,13,14,14,15,16,16,16,17,18,18,18,18,18,17,17,17,18,17,17,17,17,17,17,16,16,16,0,30,29,27,27,26,25,23,21,21,19,19,18,17,16,16,15,14,14,14,12,12,11,10,9,8,7,7,7,0,0,0,0,0,0,0,21,24,24,25,28,29,30,30,33,33,33,34,34,34,34,34,34,33,34,33,33,32,32,32,31,31,31,30
20260804_015555_897cb2,1785805233935887,963612656,2,2,0,-53,128,0,16,16,16,15,14,13,13,12,12,11,11,10,9,8,8,8,7,7,6,6,5,4,4,3,3,3,0,0,0,0,0,0,0,0,0,0,0,13,13,14,15,16,17,17,18,18,19,19,19,19,19,19,19,19,19,18,19,18,18,18,18,18,18,0,30,29,28,27,25,24,23,22,20,20,19,16,16,15,14,14,13,12,11,11,8,8,7,7,5,5,3,3,0,0,0,0,0,0,0,20,22,23,25,26,28,29,30,31,32,34,33,35,35,35,35,36,35,34,32,33,34,33,33,33,33,32,32
20260804_015555_897cb2,1785805234040373,963712278,2,2,0,-52,128,0,17,16,16,15,15,14,13,13,12,12,11,11,10,10,10,9,8,8,8,7,7,6,6,5,5,4,0,0,0,0,0,0,0,0,0,0,0,10,11,11,13,13,14,15,16,17,18,18,18,17,17,17,19,18,19,17,18,18,18,18,18,18,18,0,64,61,60,58,55,53,50,48,46,45,43,40,38,38,37,35,33,31,30,28,26,23,22,20,18,17,16,15,0,0,0,0,0,0,0,32,36,38,40,44,47,52,53,57,59,62,65,65,67,66,67,66,68,68,67,67,68,68,68,68,67,67,65
20260804_015555_897cb2,1785805234137863,963811840,2,2,0,-53,128,0,16,16,15,15,14,14,13,13,12,12,12,11,11,11,10,10,10,10,10,9,9,9,9,8,7,7,0,0,0,0,0,0,0,0,0,0,0,10,10,11,12,13,13,14,14,15,16,16,16,16,16,16,16,16,16,17,17,17,17,16,17,17,16,0,30,30,30,28,28,27,25,25,23,23,22,22,22,22,21,21,19,19,18,18,18,17,16,15,14,14,12,12,0,0,0,0,0,0,0,17,18,19,20,21,23,23,25,26,28,28,29,29,31,31,32,32,31,31,31,32,31,32,32,31,31,32,32
20260804_015555_897cb2,1785805234241449,963911527,2,2,0,-52,128,0,16,16,16,16,14,14,14,13,14,14,12,12,12,12,12,12,11,11,11,11,10,9,9,9,8,8,0,0,0,0,0,0,0,0,0,0,0,10,11,11,12,12,13,14,14,15,15,16,16,16,16,16,16,16,16,16,16,16,16,16,16,17,16,0,62,61,59,58,56,54,54,52,50,50,49,47,46,45,45,45,43,43,42,40,38,36,36,34,32,32,29,30,0,0,0,0,0,0,0,34,38,39,41,43,45,47,49,52,54,55,57,59,60,59,60,59,62,62,60,61,62,63,63,64,64,64,63
20260804_015555_897cb2,1785805234339305,964011615,2,2,0,-52,128,0,17,17,16,16,15,15,14,14,13,13,13,13,13,13,13,13,12,12,11,11,10,10,9,9,9,8,0,0,0,0,0,0,0,0,0,0,0,9,9,10,10,11,11,13,13,14,14,15,15,15,16,16,16,16,16,16,17,17,17,17,17,17,17,0,32,31,31,30,29,29,28,27,26,25,25,25,24,24,24,23,23,22,21,20,19,19,17,17,16,15,14,12,0,0,0,0,0,0,0,14,15,16,17,18,20,21,22,24,25,26,27,28,29,30,30,30,30,31,31,31,32,32,33,32,33,33,33
20260804_015555_897cb2,1785805234441203,964111811,2,2,0,-53,128,0,16,15,15,14,14,14,13,13,11,11,11,11,11,10,11,10,10,9,9,8,8,8,7,7,6,6,0,0,0,0,0,0,0,0,0,0,0,8,9,10,11,11,12,12,13,14,14,15,15,16,16,16,16,16,16,16,16,16,16,16,16,16,16,0,63,60,61,56,55,53,52,50,48,47,45,44,42,42,41,41,40,38,37,35,33,31,29,28,27,26,24,23,0,0,0,0,0,0,0,32,33,35,37,39,42,45,47,50,52,54,57,59,59,60,61,62,62,62,61,64,63,64,65,63,67,66,65
20260804_015555_897cb2,1785805234538250,964210742,2,2,0,-50,128,0,15,15,15,14,14,13,13,13,13,12,12,11,11,11,10,10,9,9,9,8,7,7,7,6,6,5,0,0,0,0,0,0,0,0,0,0,0,11,12,12,13,13,14,15,15,15,16,16,16,17,17,17,17,17,16,17,17,17,17,17,17,17,17,0,30,31,29,27,27,25,24,24,23,22,22,21,20,20,20,18,17,18,17,15,14,13,13,11,11,9,9,8,0,0,0,0,0,0,0,18,20,20,21,23,24,25,27,28,30,30,30,32,30,32,31,32,33,31,32,31,32,32,32,31,32,32,32
20260804_015555_897cb2,1785805234641093,964311683,2,2,0,-54,128,0,16,16,16,16,16,15,14,14,13,13,13,12,12,12,12,11,12,11,11,10,9,9,8,8,8,8,0,0,0,0,0,0,0,0,0,0,0,9,9,10,11,11,12,13,13,14,15,15,16,16,16,15,16,16,16,17,16,16,17,17,17,18,17,0,65,62,62,60,59,57,55,53,50,51,49,49,47,46,46,45,46,43,41,39,38,36,34,33,31,28,26,27,0,0,0,0,0,0,0,31,31,33,36,39,41,44,47,50,53,55,57,58,59,59,61,60,61,62,62,62,64,64,65,65,66,67,65
20260804_015555_897cb2,1785805234743027,964419053,2,2,0,-55,128,0,16,15,14,14,14,13,12,12,12,11,10,10,9,9,9,9,9,9,9,8,8,7,7,7,6,6,0,0,0,0,0,0,0,0,0,0,0,12,12,13,14,14,15,16,17,17,18,17,18,18,18,17,18,17,17,17,17,17,17,17,16,17,16,0,57,57,57,52,50,46,46,45,42,41,39,38,37,36,36,33,34,32,32,29,28,27,25,24,22,22,21,21,0,0,0,0,0,0,0,41,43,43,46,51,52,56,57,61,62,64,66,65,68,68,67,64,67,65,62,67,68,67,66,67,62,63,59
20260804_015555_897cb2,1785805234835592,964511110,2,2,0,-54,128,0,17,17,16,16,16,15,14,14,14,13,13,13,13,13,13,13,13,12,12,11,11,11,9,9,9,9,0,0,0,0,0,0,0,0,0,0,0,11,12,12,13,13,14,15,16,16,16,16,16,16,18,17,17,18,17,18,17,17,18,17,18,17,18,0,31,31,31,29,29,28,27,26,26,25,24,25,24,24,23,23,22,22,22,21,20,20,18,18,17,16,15,15,0,0,0,0,0,0,0,17,17,19,20,22,24,24,27,28,28,29,30,31,31,31,32,32,32,32,31,33,33,33,33,32,33,32,33
20260804_015555_897cb2,1785805234939346,964611500,2,2,0,-53,128,0,16,17,15,15,15,15,15,14,14,15,13,14,13,14,14,13,14,13,13,13,13,13,13,12,11,11,0,0,0,0,0,0,0,0,0,0,0,9,9,10,10,12,12,13,14,14,15,14,15,15,16,15,15,15,15,16,16,16,17,17,17,17,17,0,59,61,60,58,57,56,55,53,53,53,51,52,51,52,51,51,51,51,51,49,49,46,46,43,42,42,38,39,0,0,0,0,0,0,0,29,30,31,34,37,39,43,44,47,49,52,54,55,55,57,58,56,57,58,58,59,60,60,61,61,62,62,61
20260804_015555_897cb2,1785805235054130,964726478,2,2,0,-56,128,0,17,16,16,15,15,15,15,15,15,15,15,15,15,16,15,16,16,16,16,15,15,15,14,14,13,13,0,0,0,0,0,0,0,0,0,0,0,6,7,7,8,8,10,10,11,12,13,13,13,13,13,14,14,14,14,15,15,15,15,15,16,16,16,0,61,61,60,59,58,58,56,56,56,57,56,56,54,57,57,58,58,58,58,56,55,54,55,52,51,51,48,49,0,0,0,0,0,0,0,21,21,23,25,28,31,33,36,39,42,44,47,48,50,50,51,52,54,53,55,55,56,57,59,60,59,60,61
20260804_015555_897cb2,1785805235140883,964811528,2,2,0,-56,128,0,15,16,15,15,15,15,15,15,15,15,15,15,15,15,15,15,16,15,15,15,14,14,14,15,14,14,0,0,0,0,0,0,0,0,0,0,0,7,8,9,9,9,10,11,11,11,12,12,12,14,14,13,13,13,14,14,14,14,15,15,15,15,15,0,59,61,59,58,58,58,57,56,55,56,56,56,55,56,57,57,59,57,58,56,57,55,54,52,51,49,48,48,0,0,0,0,0,0,0,24,26,26,29,32,34,37,39,41,43,44,48,47,49,50,51,51,51,51,52,53,55,55,56,57,58,58,58
20260804_015555_897cb2,1785805235239840,964911380,2,2,0,-55,128,0,15,15,15,15,15,15,15,15,16,16,16,16,16,16,17,17,17,17,17,17,17,17,17,17,17,15,0,0,0,0,0,0,0,0,0,0,0,6,6,7,7,8,8,9,9,10,10,11,11,11,11,11,12,12,13,12,13,13,13,13,14,14,15,0,57,59,59,59,59,58,59,58,60,60,61,60,63,63,66,65,66,66,67,67,66,64,64,61,61,59,60,58,0,0,0,0,0,0,0,19,21,22,22,24,26,29,30,32,34,35,37,39,40,41,41,42,43,44,47,46,47,48,50,52,52,53,55
20260804_015555_897cb2,1785805235342879,965013339,2,2,0,-50,128,0,16,15,15,15,15,15,13,14,14,14,14,13,15,14,15,14,15,14,14,14,14,13,13,13,13,13,0,0,0,0,0,0,0,0,0,0,0,9,9,9,10,10,11,11,12,12,12,13,13,13,13,13,14,13,14,14,14,14,15,15,15,15,15,0,58,58,58,56,57,55,53,54,55,56,54,53,56,55,55,56,56,55,54,55,53,51,50,49,48,47,43,44,0,0,0,0,0,0,0,31,32,33,35,36,38,38,42,44,46,47,48,50,49,49,48,49,51,52,51,53,54,55,55,55,57,57,59
20260804_015555_897cb2,1785805235441209,965113117,2,2,0,-54,128,0,15,15,15,15,15,14,14,14,14,14,14,14,14,14,13,13,13,13,13,12,12,11,11,11,11,10,0,0,0,0,0,0,0,0,0,0,0,9,10,11,11,11,12,13,14,14,14,14,15,15,15,15,15,15,15,15,15,15,16,15,16,17,17,0,60,59,59,56,57,55,54,54,52,53,52,51,51,52,51,51,49,50,49,47,46,44,41,41,39,38,35,35,0,0,0,0,0,0,0,29,30,35,38,38,41,44,47,48,51,53,53,55,56,56,56,57,56,58,56,58,60,59,59,58,61,61,61
20260804_015555_897cb2,1785805235539792,965211954,2,2,0,-61,128,0,13,14,14,14,14,14,15,15,15,16,17,17,17,18,19,19,20,20,20,20,20,20,20,20,20,19,0,0,0,0,0,0,0,0,0,0,0,7,7,8,8,9,9,9,10,10,11,11,11,11,11,11,11,11,11,11,11,11,12,12,12,13,12,0,25,26,26,26,27,28,27,28,29,30,31,31,32,33,35,36,37,38,38,38,39,38,38,37,37,36,35,35,0,0,0,0,0,0,0,10,12,13,14,15,16,17,17,18,19,19,20,20,20,21,20,20,20,20,20,20,21,21,22,21,23,23,23
20260804_015555_897cb2,1785805235639560,965314347,2,2,0,-61,128,0,13,13,13,13,14,14,15,16,16,17,17,18,18,19,20,20,21,22,22,22,22,22,22,21,21,21,0,0,0,0,0,0,0,0,0,0,0,4,4,4,4,4,2,2,2,2,2,2,3,3,4,4,5,5,6,6,7,7,8,9,9,10,11,0,23,23,25,25,27,28,29,30,30,32,33,34,35,35,37,40,39,42,42,41,42,41,41,41,39,40,39,39,0,0,0,0,0,0,0,10,9,9,8,8,7,7,6,7,5,4,4,5,5,5,7,8,8,9,11,11,13,14,14,15,17,18,20
20260804_015555_897cb2,1785805235737212,965411761,2,2,0,-55,128,0,14,15,15,15,15,15,15,15,15,16,16,16,16,16,17,17,17,17,17,17,17,16,17,16,16,15,0,0,0,0,0,0,0,0,0,0,0,8,9,9,9,10,10,10,10,10,11,11,11,11,11,11,11,12,12,12,12,12,13,13,13,14,14,0,27,28,28,28,28,28,29,29,29,30,30,31,31,32,33,33,33,32,33,32,32,32,31,30,29,29,28,28,0,0,0,0,0,0,0,15,15,15,16,17,17,18,18,19,19,20,20,20,21,20,21,21,22,22,22,22,23,23,24,25,25,26,27
20260804_015555_897cb2,1785805235835790,965511146,2,2,0,-55,128,0,15,15,15,15,15,15,15,15,15,15,16,15,15,15,15,16,16,16,17,16,15,15,15,15,15,14,0,0,0,0,0,0,0,0,0,0,0,5,5,6,6,8,9,9,9,10,10,11,11,12,12,12,12,12,12,13,13,13,14,14,14,15,15,0,58,58,57,59,58,58,57,57,58,58,59,59,59,60,61,62,63,63,64,62,61,60,59,57,56,55,53,53,0,0,0,0,0,0,0,16,19,20,22,23,25,28,31,33,35,37,40,42,41,44,44,44,47,48,48,48,50,51,51,54,54,56,56
20260804_015555_897cb2,1785805235938815,965611206,2,2,0,-55,128,0,15,14,15,15,14,15,15,15,15,15,16,16,16,16,17,17,17,17,17,17,17,17,16,16,16,16,0,0,0,0,0,0,0,0,0,0,0,6,6,7,7,7,8,8,9,9,9,9,9,10,9,10,11,11,11,11,11,12,12,13,13,13,14,0,28,29,29,29,29,30,29,29,30,31,31,31,31,31,33,32,34,34,34,34,33,33,32,31,30,30,31,29,0,0,0,0,0,0,0,11,12,13,13,13,13,14,14,15,16,17,17,17,18,19,19,19,21,21,22,22,23,24,24,26,25,26,27
20260804_015555_897cb2,1785805236036443,965711698,2,2,0,-53,128,0,15,16,16,15,16,16,16,16,16,16,16,16,16,16,16,17,17,17,17,16,17,16,16,16,16,15,0,0,0,0,0,0,0,0,0,0,0,7,8,8,9,10,11,11,11,11,11,11,12,12,12,13,13,14,13,13,14,14,14,14,15,15,16,0,58,59,59,58,60,59,58,57,58,59,59,59,62,62,60,62,62,64,63,62,62,62,58,57,57,58,52,52,0,0,0,0,0,0,0,27,28,28,30,31,34,35,37,39,41,41,43,44,46,47,47,49,49,49,49,51,51,52,55,52,55,57,57
20260804_015555_897cb2,1785805236141379,965811355,2,2,0,-53,128,0,14,14,14,15,14,15,15,15,14,16,16,15,15,16,16,16,16,16,16,16,16,16,15,15,14,14,0,0,0,0,0,0,0,0,0,0,0,8,8,8,9,9,10,10,10,11,11,12,12,12,12,12,13,12,13,13,13,13,14,14,14,14,14,0,57,56,56,58,57,56,55,56,56,58,58,58,57,59,61,61,62,62,62,61,61,58,58,56,54,54,50,51,0,0,0,0,0,0,0,25,27,30,31,31,34,35,37,38,40,42,43,43,45,46,46,47,48,48,49,49,50,52,53,54,55,55,57
20260804_015555_897cb2,1785805236238991,965911384,2,2,0,-55,128,0,15,16,16,16,16,15,15,15,15,15,15,15,16,16,16,16,17,17,17,16,17,16,16,16,16,16,0,0,0,0,0,0,0,0,0,0,0,7,7,8,8,9,9,9,9,10,11,12,12,12,12,12,13,13,13,13,14,14,14,14,15,15,15,0,28,30,29,28,29,29,29,30,28,29,29,29,30,31,31,31,32,32,32,31,32,32,31,30,29,29,28,28,0,0,0,0,0,0,0,12,12,13,14,15,16,17,17,19,19,20,21,21,22,22,22,23,24,23,23,25,25,26,26,27,27,28,27
20260804_015555_897cb2,1785805236336644,966012153,2,2,0,-55,128,0,14,14,14,14,14,14,14,14,14,14,14,14,14,15,15,15,15,15,15,14,14,14,14,14,14,12,0,0,0,0,0,0,0,0,0,0,0,6,6,7,8,8,8,9,10,11,11,11,11,11,12,12,12,12,12,13,14,13,14,14,14,14,14,0,57,57,57,57,57,56,56,55,55,57,56,56,56,57,57,59,58,59,58,57,56,54,54,53,52,49,49,50,0,0,0,0,0,0,0,20,23,23,25,27,30,32,34,37,39,41,43,44,46,46,47,48,49,49,50,51,52,52,54,53,55,57,57
20260804_015555_897cb2,1785805236440948,966111762,2,2,0,-55,128,0,16,16,15,15,15,15,15,15,15,15,15,15,14,14,15,15,14,15,15,14,14,13,13,13,12,12,0,0,0,0,0,0,0,0,0,0,0,8,9,10,10,11,12,12,13,14,14,14,14,15,14,15,15,15,15,15,15,15,15,15,16,15,16,0,60,59,61,59,59,57,57,57,57,56,56,56,56,56,55,56,55,55,56,55,53,51,49,48,46,45,44,43,0,0,0,0,0,0,0,28,29,31,32,36,38,40,44,46,49,50,52,50,53,53,54,53,54,54,56,57,55,58,59,57,59,60,60
20260804_015555_897cb2,1785805236538692,966211741,2,2,0,-52,128,0,16,15,15,16,15,15,15,15,15,15,14,15,14,14,15,15,15,15,15,15,15,14,14,14,13,13,0,0,0,0,0,0,0,0,0,0,0,5,6,6,7,7,8,8,9,10,10,10,11,12,12,12,13,13,13,13,13,14,14,15,15,15,15,0,59,59,58,59,58,57,57,56,57,57,57,57,58,58,59,59,60,59,61,59,59,57,56,54,52,51,50,48,0,0,0,0,0,0,0,18,19,21,23,25,27,29,32,34,37,39,41,41,44,45,44,46,47,48,49,50,50,52,54,56,56,58,58
20260804_015555_897cb2,1785805236637015,966314030,2,2,0,-58,128,0,13,13,14,14,14,15,14,14,15,15,15,15,16,16,17,17,17,18,18,18,18,18,18,17,17,17,0,0,0,0,0,0,0,0,0,0,0,2,2,3,3,3,4,4,5,5,6,7,8,7,8,8,9,9,9,9,10,10,11,11,11,12,13,0,26,26,27,28,27,28,28,28,29,29,30,31,31,32,33,35,35,35,36,36,36,36,36,35,34,33,34,32,0,0,0,0,0,0,0,3,4,4,4,5,6,7,8,9,10,12,12,13,15,15,15,16,17,18,18,18,20,20,21,23,23,24,25
20260804_015555_897cb2,1785805236739799,966411723,2,2,0,-53,128,0,16,16,16,14,15,15,14,14,13,13,13,13,14,14,14,14,14,13,12,12,12,12,11,10,10,10,0,0,0,0,0,0,0,0,0,0,0,9,9,9,11,11,11,12,13,13,13,14,14,14,14,15,14,15,15,14,15,15,15,16,16,16,16,0,59,57,58,56,54,54,54,52,51,53,50,50,51,51,48,51,50,49,49,47,47,44,43,41,40,38,38,37,0,0,0,0,0,0,0,28,30,31,34,36,39,41,44,45,48,49,51,52,52,53,54,54,54,55,56,55,55,56,58,59,59,60,59
20260804_015555_897cb2,1785805236837258,966511687,2,2,0,-52,128,0,16,15,15,15,14,14,14,13,13,12,12,12,12,12,13,12,11,11,11,11,11,10,9,9,9,9,0,0,0,0,0,0,0,0,0,0,0,9,11,11,12,13,13,13,14,14,14,15,15,15,15,15,15,15,15,16,16,16,16,16,16,16,16,0,60,58,58,57,56,54,52,51,51,51,50,48,48,48,47,47,44,46,43,42,42,39,38,37,36,34,32,32,0,0,0,0,0,0,0,33,36,38,42,43,47,49,51,54,56,58,58,59,60,61,60,60,60,61,59,61,61,61,61,61,62,64,61
20260804_015555_897cb2,1785805236941625,966614117,2,2,0,-52,128,0,17,16,16,16,15,16,16,15,16,15,15,14,15,15,14,15,14,14,14,14,13,14,12,12,12,12,0,0,0,0,0,0,0,0,0,0,0,8,9,9,9,10,10,11,11,13,12,14,14,14,14,14,14,14,15,15,16,16,16,16,16,16,17,0,63,63,62,60,58,58,57,57,57,55,56,54,55,54,54,54,54,54,53,52,50,49,47,45,44,44,41,39,0,0,0,0,0,0,0,25,27,29,31,32,35,37,40,41,44,46,47,48,51,51,53,53,54,55,55,57,58,58,60,61,62,62,62
20260804_015555_897cb2,1785805237040788,966713558,2,2,0,-52,128,0,16,16,16,16,15,14,14,14,14,14,14,13,13,13,13,13,13,13,12,12,12,11,11,10,9,9,0,0,0,0,0,0,0,0,0,0,0,10,10,11,13,13,13,14,14,16,15,16,16,16,16,16,16,16,17,16,16,16,17,16,16,16,16,0,62,60,59,58,56,54,54,52,51,51,50,49,48,49,48,48,47,46,46,44,43,40,39,37,35,36,33,33,0,0,0,0,0,0,0,30,33,37,39,41,45,47,51,53,56,58,58,59,60,61,62,61,62,61,62,62,61,63,63,63,62,63,63
20260804_015555_897cb2,1785805237139530,966811349,2,2,0,-53,128,0,15,15,14,14,13,13,12,12,11,12,11,11,11,10,10,10,10,9,9,9,8,8,8,8,8,7,0,0,0,0,0,0,0,0,0,0,0,9,10,11,11,12,13,13,13,15,15,15,16,16,16,16,16,16,16,15,16,16,16,16,16,16,16,0,60,59,57,54,53,52,50,50,47,46,45,43,44,43,40,41,41,39,38,37,35,34,33,31,29,29,28,27,0,0,0,0,0,0,0,32,35,37,39,42,47,50,52,54,57,60,60,61,62,62,62,64,63,62,63,62,63,63,64,63,64,63,62
20260804_015555_897cb2,1785805237237317,966910643,2,2,0,-54,128,0,16,15,15,15,14,14,14,14,14,14,14,13,13,13,14,13,13,13,13,13,13,12,12,11,11,11,0,0,0,0,0,0,0,0,0,0,0,7,8,8,9,10,10,11,12,12,13,13,13,14,14,14,14,14,15,14,15,15,15,16,15,16,16,0,30,29,28,28,28,27,26,26,26,26,26,26,25,25,26,26,26,25,25,25,25,23,23,21,21,21,21,20,0,0,0,0,0,0,0,12,12,14,15,16,17,18,20,22,23,24,25,25,26,26,27,27,28,27,28,28,28,29,28,28,30,29,30
20260804_015555_897cb2,1785805237336335,967011985,2,2,0,-54,128,0,15,15,15,15,15,15,14,14,14,14,14,14,14,14,14,15,15,14,15,15,14,14,14,14,14,13,0,0,0,0,0,0,0,0,0,0,0,8,8,9,9,10,10,11,12,12,13,14,14,14,14,14,14,14,15,15,15,15,15,15,15,15,15,0,58,59,58,57,56,55,55,54,54,53,53,53,52,53,54,55,56,55,56,55,55,53,53,51,51,50,48,49,0,0,0,0,0,0,0,23,25,28,30,33,35,38,41,43,45,48,49,51,50,52,53,52,54,55,55,55,57,56,59,58,58,58,59
20260804_015555_897cb2,1785805237440068,967111724,2,2,0,-52,128,0,16,16,16,15,15,14,14,14,13,13,13,13,12,12,12,12,12,12,12,11,11,11,10,10,10,9,0,0,0,0,0,0,0,0,0,0,0,10,11,12,12,13,14,14,15,15,16,16,16,16,16,16,16,16,16,16,16,16,16,16,17,16,16,0,30,30,29,28,27,27,26,26,25,24,24,24,25,24,23,24,24,23,23,22,21,20,20,19,18,17,17,16,0,0,0,0,0,0,0,18,20,21,21,23,24,25,26,27,28,29,30,30,30,30,31,30,30,30,30,30,31,31,31,30,31,31,30
20260804_015555_897cb2,1785805237542768,967213591,2,2,0,-53,128,0,15,15,15,14,14,14,14,13,13,13,13,12,12,13,13,12,12,12,12,12,11,11,10,10,10,9,0,0,0,0,0,0,0,0,0,0,0,8,9,10,10,11,12,12,13,13,14,14,14,14,14,14,14,14,14,14,14,15,15,15,15,15,15,0,63,59,58,58,55,56,53,53,53,53,53,50,49,48,50,49,48,48,49,47,45,43,42,40,38,37,35,36,0,0,0,0,0,0,0,31,32,34,35,38,41,44,46,48,51,52,55,55,57,57,56,58,58,58,59,59,59,59,60,62,62,61,60
20260804_015555_897cb2,1785805237640321,967311463,2,2,0,-52,128,0,16,16,16,16,16,16,15,15,15,15,15,15,15,15,15,15,15,16,15,16,14,15,13,13,13,13,0,0,0,0,0,0,0,0,0,0,0,7,8,8,9,10,10,11,11,12,12,13,13,14,14,14,14,14,14,14,15,15,15,16,16,16,16,0,30,29,30,29,28,28,29,27,28,28,28,27,28,28,28,29,27,25,27,26,29,26,24,24,25,24,22,23,0,0,0,0,0,0,0,11,13,13,14,15,16,17,19,19,21,22,22,23,24,24,25,25,26,26,26,27,27,27,28,28,29,29,29
20260804_015555_897cb2,1785805237738012,967411902,2,2,0,-51,128,0,16,16,16,16,15,15,14,14,15,15,15,14,14,14,14,15,14,15,15,15,14,13,13,14,13,13,0,0,0,0,0,0,0,0,0,0,0,10,10,11,11,11,13,13,14,14,13,14,14,14,14,14,14,14,14,14,14,15,15,15,15,15,15,0,60,58,57,57,56,55,57,55,57,57,57,53,55,54,54,56,52,57,61,57,55,49,55,53,46,47,46,47,0,0,0,0,0,0,0,33,35,38,38,40,43,44,46,47,47,51,52,52,51,51,51,53,52,53,52,53,53,55,55,57,57,59,57
20260804_015555_897cb2,1785805237840938,967512047,2,2,0,-51,128,0,16,16,16,16,15,15,15,15,14,15,15,14,14,15,15,15,15,15,15,14,14,14,13,14,13,13,0,0,0,0,0,0,0,0,0,0,0,9,10,10,10,11,12,12,13,13,13,13,13,13,13,13,14,14,14,14,14,14,15,15,15,16,16,0,60,59,61,59,58,58,57,56,57,56,56,56,57,57,56,57,57,57,58,57,54,53,51,51,49,48,46,45,0,0,0,0,0,0,0,32,36,36,38,40,41,42,45,46,47,49,49,50,50,51,51,51,53,52,54,54,54,54,56,57,58,58,60
20260804_015555_897cb2,1785805237938062,967613402,2,2,0,-51,128,0,15,16,15,16,14,14,14,14,14,15,15,14,14,15,15,15,15,15,15,15,15,14,14,13,13,13,0,0,0,0,0,0,0,0,0,0,0,8,9,9,9,10,10,11,11,11,12,13,13,13,13,13,13,13,14,13,13,13,13,14,14,14,15,0,58,58,57,58,55,56,55,55,55,56,56,56,54,55,58,58,58,58,58,56,56,54,53,51,50,49,47,46,0,0,0,0,0,0,0,28,29,31,33,34,36,39,40,43,43,45,46,47,49,48,49,48,51,51,51,51,53,53,54,55,55,57,57
20260804_015555_897cb2,1785805238046645,967718986,2,2,0,-50,128,0,16,16,16,16,16,16,16,16,16,16,16,16,16,16,16,16,16,17,16,16,16,16,15,15,14,14,0,0,0,0,0,0,0,0,0,0,0,8,8,9,9,10,10,11,12,12,13,13,13,13,13,13,14,14,14,14,15,15,16,15,16,16,16,0,30,30,30,31,31,31,29,28,28,30,31,28,28,28,27,30,31,31,32,29,31,29,28,27,26,24,26,24,0,0,0,0,0,0,0,14,15,15,16,17,16,19,20,22,21,22,22,24,25,24,24,25,26,25,27,27,26,27,28,28,28,29,32
20260804_015555_897cb2,1785805238139093,967811723,2,2,0,-50,128,0,17,16,17,17,17,16,16,16,16,16,16,15,16,16,16,17,17,17,16,16,16,16,15,14,14,14,0,0,0,0,0,0,0,0,0,0,0,8,9,9,10,9,10,11,11,11,12,12,12,13,13,13,13,13,13,14,14,14,16,16,16,16,17,0,60,60,60,61,59,59,59,60,60,59,59,57,59,60,61,61,62,60,61,60,59,57,55,54,52,52,49,48,0,0,0,0,0,0,0,26,29,30,30,33,34,35,38,40,41,42,44,46,46,48,48,48,51,51,51,52,53,54,57,56,58,60,61
20260804_015555_897cb2,1785805238236842,967912142,2,2,0,-49,128,0,16,17,16,16,16,15,15,15,15,16,16,15,15,16,16,16,15,16,16,15,15,14,14,14,14,13,0,0,0,0,0,0,0,0,0,0,0,9,9,9,10,11,11,11,13,12,13,13,13,13,14,13,13,14,14,15,15,15,16,16,16,16,16,0,61,61,60,61,59,58,59,56,58,59,59,56,56,57,57,57,58,58,58,58,57,54,52,52,50,49,46,46,0,0,0,0,0,0,0,31,31,35,34,36,38,39,42,43,45,47,47,49,49,50,51,51,51,54,54,55,55,57,59,59,58,59,61
20260804_015555_897cb2,1785805238341222,968012838,2,2,0,-49,128,0,16,17,17,16,16,16,16,15,15,14,14,14,14,15,14,15,14,14,14,14,14,14,13,13,13,12,0,0,0,0,0,0,0,0,0,0,0,9,9,9,9,11,11,12,12,13,13,13,13,13,14,14,14,14,14,15,15,16,16,16,16,16,16,0,59,62,60,59,59,58,58,56,56,57,55,55,56,57,55,57,56,55,56,53,54,52,51,49,47,46,44,42,0,0,0,0,0,0,0,26,28,31,32,36,37,40,41,44,45,47,49,50,51,52,53,53,54,54,55,57,58,58,58,60,60,61,61
20260804_015555_897cb2,1785805238438317,968111610,2,2,0,-49,128,0,15,15,15,15,15,15,15,15,15,14,14,14,14,14,14,15,14,15,14,14,14,13,13,13,13,12,0,0,0,0,0,0,0,0,0,0,0,7,8,8,8,9,9,10,10,12,11,12,12,12,12,12,13,13,13,13,14,14,14,15,15,15,15,0,60,58,59,58,57,58,57,55,55,55,56,56,57,56,56,58,56,58,57,55,55,53,51,50,49,47,46,45,0,0,0,0,0,0,0,22,27,27,29,30,32,34,37,39,41,43,43,45,47,48,48,49,49,52,50,52,53,54,55,56,58,59,59
20260804_015555_897cb2,1785805238536367,968211278,2,2,0,-50,128,0,16,15,15,15,15,15,15,15,15,15,15,15,15,16,16,16,16,16,16,15,15,15,14,13,13,13,0,0,0,0,0,0,0,0,0,0,0,7,7,7,8,8,9,9,11,11,11,11,11,11,11,12,12,12,13,13,13,13,14,14,15,15,15,0,59,57,59,57,60,58,57,57,58,58,59,58,59,60,59,62,60,62,61,59,58,57,54,53,52,52,48,48,0,0,0,0,0,0,0,25,26,28,28,30,33,33,37,37,39,41,40,42,43,46,46,48,46,48,48,51,51,53,54,54,56,56,57
20260804_015555_897cb2,1785805238637314,968311882,2,2,0,-51,128,0,14,14,14,14,14,14,14,14,14,13,14,14,13,14,14,14,14,14,15,14,14,14,13,13,12,12,0,0,0,0,0,0,0,0,0,0,0,8,8,9,9,9,10,10,10,11,11,11,11,11,11,12,11,12,11,12,12,13,13,13,13,14,13,0,55,56,56,56,55,56,56,55,55,55,55,55,56,56,57,56,58,55,57,56,55,54,52,52,50,49,47,45,0,0,0,0,0,0,0,30,32,33,34,36,37,40,39,41,41,44,45,45,46,47,47,48,47,48,48,50,50,51,52,52,54,56,55
20260804_015555_897cb2,1785805238739785,968411504,2,2,0,-51,128,0,15,16,15,15,16,15,15,16,15,15,15,14,16,15,15,16,16,15,15,15,14,14,14,13,13,12,0,0,0,0,0,0,0,0,0,0,0,9,8,10,10,10,10,11,11,11,13,12,12,13,13,13,13,13,13,13,13,14,14,15,16,15,16,0,58,59,60,57,59,59,57,57,57,56,57,57,58,57,57,58,57,57,57,57,54,53,52,52,49,48,45,46,0,0,0,0,0,0,0,28,30,32,32,35,37,38,40,43,43,45,46,46,47,47,48,49,50,51,51,52,53,55,55,56,57,56,57
20260804_015555_897cb2,1785805238839521,968510779,2,2,0,-52,128,0,15,14,16,14,15,14,14,13,14,13,14,14,14,14,14,14,14,14,14,13,13,13,13,13,12,12,0,0,0,0,0,0,0,0,0,0,0,8,8,9,9,10,10,11,11,11,12,12,12,13,12,13,13,13,13,13,13,13,14,14,14,15,14,0,59,57,58,57,57,57,56,55,54,54,55,55,55,55,55,57,55,55,55,54,52,51,50,49,48,47,43,44,0,0,0,0,0,0,0,29,30,31,34,35,38,39,41,42,44,46,47,47,49,50,49,50,50,51,50,53,52,53,55,55,57,58,58
20260804_015555_897cb2,1785805238941093,968612960,2,2,0,-53,128,0,16,16,15,16,15,15,15,15,15,15,15,15,15,15,15,15,15,15,15,15,15,14,14,13,13,12,0,0,0,0,0,0,0,0,0,0,0,7,8,8,8,9,9,10,10,10,11,11,11,12,12,12,13,13,13,13,13,14,14,15,15,15,15,0,30,30,29,30,29,30,29,29,29,29,29,28,28,29,30,29,29,29,29,29,28,27,27,25,25,24,23,23,0,0,0,0,0,0,0,13,13,14,14,15,16,17,18,19,19,20,21,21,22,22,23,23,24,25,25,25,26,26,27,28,28,29,29
20260804_015555_897cb2,1785805239038760,968714095,2,2,0,-53,128,0,15,16,15,16,15,16,16,16,16,16,16,16,17,17,17,17,17,17,17,17,17,17,16,16,15,15,0,0,0,0,0,0,0,0,0,0,0,8,9,9,9,9,9,9,9,10,9,9,11,11,10,10,11,11,12,12,12,13,13,14,14,15,15,0,59,60,60,61,59,60,60,60,60,61,61,61,62,62,65,65,65,65,64,65,64,62,61,58,59,57,55,55,0,0,0,0,0,0,0,29,30,31,31,32,33,33,34,35,36,38,38,39,39,39,40,40,44,43,45,45,47,48,50,51,54,55,56
20260804_015555_897cb2,1785805239137209,968811551,2,2,0,-54,128,0,14,14,14,14,14,14,14,14,14,14,14,14,14,14,14,14,15,15,15,14,14,13,13,13,13,13,0,0,0,0,0,0,0,0,0,0,0,8,8,9,9,9,9,10,10,10,11,11,11,11,11,11,11,12,12,12,12,13,13,13,14,14,14,0,56,57,55,58,56,56,56,55,55,56,56,57,56,56,59,57,59,57,57,57,55,54,54,51,49,47,49,45,0,0,0,0,0,0,0,30,33,31,32,34,34,37,36,38,38,41,42,42,42,44,45,44,45,44,47,47,50,51,51,53,53,55,54
20260804_015555_897cb2,1785805239239186,968913499,2,2,0,-52,128,0,14,15,15,15,14,15,15,15,15,15,14,15,15,15,15,15,15,15,15,15,14,14,14,14,13,13,0,0,0,0,0,0,0,0,0,0,0,7,8,8,9,9,9,9,10,10,11,11,11,11,11,12,12,12,12,13,13,13,14,14,15,15,15,0,58,62,59,59,59,59,56,56,56,54,56,60,56,60,56,61,60,60,59,59,56,57,54,53,52,51,49,48,0,0,0,0,0,0,0,28,30,30,31,33,34,36,36,39,38,40,40,42,43,43,45,47,47,46,49,49,52,51,53,53,58,58,57
20260804_015555_897cb2,1785805239337662,969012699,2,2,0,-52,128,0,15,16,16,15,15,16,16,15,15,15,16,16,15,16,16,16,16,16,16,16,15,15,14,15,14,14,0,0,0,0,0,0,0,0,0,0,0,9,9,11,11,11,11,11,11,11,12,12,12,12,12,13,13,13,12,13,13,14,14,14,15,15,15,0,60,61,61,58,60,60,60,59,59,58,58,59,59,61,60,61,60,61,61,60,59,58,55,54,53,52,49,48,0,0,0,0,0,0,0,35,36,37,37,38,40,40,41,41,42,42,44,44,44,45,45,46,47,48,47,49,50,52,53,53,56,58,57
20260804_015555_897cb2,1785805239441981,969111730,2,2,0,-51,128,0,14,14,14,14,14,14,14,14,14,15,15,14,15,14,15,16,15,16,15,15,15,14,14,13,13,12,0,0,0,0,0,0,0,0,0,0,0,10,11,11,11,12,12,13,13,13,13,13,13,13,13,13,13,13,13,13,14,14,14,14,14,14,14,0,56,54,56,56,55,55,55,55,54,56,56,54,54,56,56,56,57,57,57,56,54,53,52,51,49,48,45,45,0,0,0,0,0,0,0,35,38,39,40,42,43,45,45,48,48,49,50,50,51,50,50,51,51,50,51,51,52,52,53,54,54,55,56
20260804_015555_897cb2,1785805239540784,969211421,2,2,0,-52,128,0,15,14,14,14,14,14,14,13,14,14,14,13,14,14,14,14,14,14,14,14,13,13,13,12,12,12,0,0,0,0,0,0,0,0,0,0,0,10,10,10,11,11,11,12,12,13,12,13,13,13,12,12,13,13,12,13,13,13,13,13,14,14,14,0,57,56,55,56,55,55,53,53,53,54,55,53,55,55,56,55,55,55,55,54,52,51,50,48,47,45,44,44,0,0,0,0,0,0,0,37,38,39,40,42,43,45,45,45,48,49,48,49,49,49,49,48,50,49,49,49,50,51,52,51,54,56,55
20260804_015555_897cb2,1785805239638681,969311556,2,2,0,-51,128,0,14,15,15,14,15,14,15,14,14,14,14,15,15,15,15,15,15,15,15,14,14,13,13,13,13,12,0,0,0,0,0,0,0,0,0,0,0,9,9,10,10,10,11,11,11,11,11,12,12,12,13,13,13,12,12,13,13,13,14,13,14,15,15,0,56,56,56,56,56,56,55,55,53,55,55,55,55,55,55,56,57,56,55,54,53,51,51,47,47,44,43,42,0,0,0,0,0,0,0,35,34,35,36,38,39,41,41,43,43,43,45,46,46,47,48,47,48,47,47,50,50,51,52,53,56,55,56
20260804_015555_897cb2,1785805239763807,969434595,2,2,0,-51,128,0,15,16,16,16,16,16,16,15,15,15,15,15,15,15,15,15,16,15,16,15,15,14,14,13,13,12,0,0,0,0,0,0,0,0,0,0,0,10,10,11,11,11,11,12,12,12,13,12,12,13,13,13,13,13,13,14,14,14,14,15,15,15,15,0,59,60,60,59,59,59,59,58,57,58,58,57,58,58,58,58,59,58,59,56,55,53,52,50,48,47,45,44,0,0,0,0,0,0,0,35,36,38,38,40,41,42,43,43,45,46,46,47,47,48,48,48,50,49,50,51,52,54,55,55,57,58,57
20260804_015555_897cb2,1785805239838715,969512897,2,2,0,-51,128,0,14,15,15,15,15,15,15,15,14,14,15,16,15,16,16,16,16,15,15,15,15,15,13,13,13,13,0,0,0,0,0,0,0,0,0,0,0,9,10,10,10,9,9,10,10,10,10,10,11,11,11,11,11,11,12,12,13,13,13,13,14,14,14,0,56,57,57,56,57,57,58,57,56,57,58,59,58,59,58,61,59,60,60,57,57,56,53,53,51,48,47,46,0,0,0,0,0,0,0,33,34,35,36,38,39,38,39,39,40,41,41,41,41,42,43,43,44,44,45,46,47,48,50,50,53,54,55
20260804_015555_897cb2,1785805239941904,969611521,2,2,0,-50,128,0,15,16,15,15,15,15,15,15,15,15,15,15,15,15,15,15,16,16,15,15,15,15,14,14,14,14,0,0,0,0,0,0,0,0,0,0,0,10,11,11,12,12,12,12,13,13,13,13,13,14,13,14,13,13,13,14,14,14,15,15,15,15,15,0,58,58,58,56,57,58,57,55,55,55,57,57,58,57,57,59,59,59,60,58,57,55,54,53,52,52,48,48,0,0,0,0,0,0,0,35,36,37,39,41,43,44,46,45,48,49,49,47,49,50,49,49,50,50,49,51,52,53,54,54,56,58,56
20260804_015555_897cb2,1785805240039211,969713949,2,2,0,-50,128,0,14,14,14,13,14,14,14,14,14,14,14,13,14,13,13,14,13,14,14,14,14,13,13,12,12,12,0,0,0,0,0,0,0,0,0,0,0,9,10,10,11,11,11,11,11,12,12,12,12,12,12,12,12,12,12,12,12,13,13,13,13,14,14,0,55,55,55,55,55,53,53,52,53,53,53,52,56,54,55,57,54,55,57,55,55,52,51,48,50,48,45,46,0,0,0,0,0,0,0,36,38,37,39,39,42,43,44,44,44,47,46,46,47,47,46,48,48,47,46,49,50,50,50,53,53,55,54
20260804_015555_897cb2,1785805240136665,969811613,2,2,0,-51,128,0,16,16,16,15,16,15,15,16,16,16,16,16,15,16,16,16,16,16,16,15,16,14,14,14,13,13,0,0,0,0,0,0,0,0,0,0,0,10,10,10,11,11,11,12,12,12,12,12,12,13,13,13,13,13,13,14,14,14,14,14,15,15,15,0,59,61,61,59,59,59,58,58,57,57,57,58,56,59,59,59,59,61,58,57,57,55,53,52,51,49,48,47,0,0,0,0,0,0,0,33,34,36,37,38,39,39,41,42,43,44,45,45,46,47,46,47,48,49,49,50,53,55,56,55,57,58,57
20260804_015555_897cb2,1785805240238750,969911267,2,2,0,-51,128,0,16,16,14,16,15,15,15,15,15,15,16,14,14,15,16,16,16,16,16,15,15,15,14,14,13,13,0,0,0,0,0,0,0,0,0,0,0,10,10,10,11,11,11,11,11,11,12,12,12,12,12,12,13,13,13,13,13,13,13,14,14,14,15,0,57,57,57,57,57,57,56,56,57,57,57,57,57,57,58,59,59,59,59,58,57,56,54,52,51,50,48,47,0,0,0,0,0,0,0,33,35,35,37,37,39,41,42,44,44,45,45,46,48,48,49,48,49,49,49,51,51,51,53,54,54,55,57
20260804_015555_897cb2,1785805240336995,970011737,2,2,0,-51,128,0,15,15,15,15,15,15,15,14,14,14,14,15,15,15,15,15,15,16,15,15,14,14,14,13,13,13,0,0,0,0,0,0,0,0,0,0,0,10,10,10,11,11,12,12,12,12,13,13,13,13,13,14,13,14,13,14,14,14,14,14,15,15,15,0,57,59,58,56,57,57,56,55,54,56,56,56,56,55,56,56,57,57,57,56,56,54,53,52,50,49,49,48,0,0,0,0,0,0,0,34,37,37,37,39,41,42,43,45,46,47,48,49,49,50,50,50,50,50,51,51,53,53,55,55,56,57,57
20260804_015555_897cb2,1785805240446360,970116754,2,2,0,-52,128,0,16,16,16,16,16,16,16,15,15,15,15,15,15,15,15,15,15,15,16,15,15,14,14,14,13,13,0,0,0,0,0,0,0,0,0,0,0,9,9,10,10,11,11,11,11,12,12,12,12,12,13,13,13,13,13,14,14,14,14,15,15,15,15,0,60,60,60,59,59,60,59,58,58,57,58,57,58,59,58,59,58,59,59,55,55,53,52,51,48,47,43,43,0,0,0,0,0,0,0,31,32,34,35,36,38,39,40,42,42,44,45,45,45,47,47,48,49,49,49,51,52,52,54,56,57,59,58
20260804_015555_897cb2,1785805240539092,970213332,2,2,0,-52,128,0,16,15,15,14,15,15,14,14,13,14,14,14,14,15,14,14,14,14,14,13,13,13,12,12,13,11,0,0,0,0,0,0,0,0,0,0,0,7,8,8,9,9,9,10,10,11,11,11,11,12,12,12,12,12,12,13,13,13,13,14,14,15,14,0,59,60,59,59,57,58,57,57,57,57,56,55,55,57,57,56,57,56,56,55,54,52,52,50,48,47,45,44,0,0,0,0,0,0,0,28,29,29,30,33,35,37,36,40,40,43,44,45,46,47,47,48,49,49,49,51,53,53,55,56,57,59,58
20260804_015555_897cb2,1785805240648655,970321642,2,2,0,-54,128,0,16,17,16,16,17,16,16,16,17,16,16,16,17,17,18,18,17,17,17,17,17,17,17,16,16,15,0,0,0,0,0,0,0,0,0,0,0,8,8,8,8,8,8,8,9,9,9,9,9,10,10,10,12,11,12,12,12,13,13,13,15,15,15,0,58,60,60,60,61,60,61,60,61,62,62,62,64,64,65,67,66,67,67,64,64,64,63,62,59,58,56,55,0,0,0,0,0,0,0,26,26,28,28,28,29,30,29,31,31,33,36,34,36,38,39,39,42,41,43,44,46,47,50,52,53,55,55
20260804_015555_897cb2,1785805240740657,970411233,2,2,0,-55,128,0,15,15,15,15,14,14,15,14,14,14,15,14,14,15,15,15,15,15,15,15,15,14,14,14,13,13,0,0,0,0,0,0,0,0,0,0,0,7,8,8,8,8,9,9,10,10,10,10,11,11,11,11,12,12,12,12,13,13,13,14,14,14,14,0,58,58,57,58,56,56,57,56,56,57,58,57,57,58,60,58,59,59,59,59,57,55,54,53,52,50,49,49,0,0,0,0,0,0,0,29,29,29,31,31,34,35,36,36,39,39,41,42,43,44,45,45,46,47,48,48,50,52,53,54,55,56,57
20260804_015555_897cb2,1785805240839083,970511925,2,2,0,-56,128,0,14,14,15,15,15,15,15,14,14,15,15,15,15,15,15,15,16,16,16,16,15,15,14,14,14,13,0,0,0,0,0,0,0,0,0,0,0,8,8,8,9,8,9,9,9,9,9,9,10,10,10,10,10,10,11,11,12,12,12,12,13,14,14,0,28,27,28,28,28,29,28,28,28,29,29,29,29,29,29,30,30,31,30,31,29,29,27,28,26,26,26,25,0,0,0,0,0,0,0,16,16,16,16,16,17,16,17,17,17,17,18,18,19,19,19,19,20,21,21,22,23,23,24,25,26,26,27
20260804_015555_897cb2,1785805240936149,970611928,2,2,0,-54,128,0,14,14,14,14,14,14,14,14,14,14,15,15,15,15,15,15,16,16,16,16,15,15,15,15,15,15,0,0,0,0,0,0,0,0,0,0,0,8,7,8,8,8,8,8,8,9,9,9,9,9,9,9,10,9,10,11,11,11,12,12,13,13,14,0,28,29,29,28,30,29,29,29,29,30,30,30,31,31,31,32,33,33,32,32,32,31,30,31,29,29,27,28,0,0,0,0,0,0,0,16,16,15,16,16,16,16,17,17,17,16,17,17,18,19,20,20,20,20,20,22,23,23,24,25,27,27,28
20260804_015555_897cb2,1785805241041408,970712282,2,2,0,-51,128,0,14,15,14,14,15,15,15,14,15,15,15,14,14,14,15,15,15,15,15,15,15,13,13,13,12,12,0,0,0,0,0,0,0,0,0,0,0,7,8,8,9,9,10,10,10,11,11,11,11,12,12,12,12,12,12,12,13,13,13,13,14,15,15,0,59,59,57,59,57,59,56,58,56,59,58,57,57,59,60,58,59,60,59,58,57,55,54,52,51,48,48,46,0,0,0,0,0,0,0,30,31,32,32,35,36,38,39,43,42,44,46,45,47,47,48,49,49,50,51,49,51,54,53,56,55,56,58
20260804_015555_897cb2,1785805241140224,970812801,2,2,0,-54,128,0,15,14,15,15,15,15,14,14,14,14,14,14,14,15,15,15,15,14,15,14,14,14,14,13,13,12,0,0,0,0,0,0,0,0,0,0,0,6,6,7,8,8,9,9,9,10,10,11,11,11,11,11,12,12,12,12,13,13,13,13,14,15,15,0,58,57,59,57,57,58,57,57,57,56,56,56,57,57,59,59,59,59,59,59,57,55,54,52,51,50,47,48,0,0,0,0,0,0,0,23,25,25,27,28,30,32,33,36,37,38,40,41,42,44,45,46,45,48,47,50,50,52,53,53,55,56,56
20260804_015555_897cb2,1785805241244357,970913637,2,2,0,-56,128,0,16,17,16,16,15,16,15,15,15,15,15,14,14,15,15,15,15,15,15,15,15,15,14,14,14,13,0,0,0,0,0,0,0,0,0,0,0,10,10,10,11,12,11,12,12,13,13,13,14,14,14,14,14,14,14,14,14,15,16,16,16,16,16,0,59,59,58,59,58,57,56,56,55,55,56,54,54,55,56,55,56,56,56,56,55,54,53,52,51,50,48,49,0,0,0,0,0,0,0,34,35,35,37,38,40,42,43,44,46,47,49,50,52,52,52,52,55,53,54,55,55,56,57,56,59,59,60
20260804_015555_897cb2,1785805241342496,971014517,2,2,0,-54,128,0,16,16,16,15,15,14,14,14,15,14,14,14,14,14,14,14,14,14,14,14,14,14,12,12,12,12,0,0,0,0,0,0,0,0,0,0,0,9,10,10,11,11,12,12,13,13,13,13,14,14,14,14,14,14,14,14,14,14,15,16,15,16,16,0,59,59,59,57,58,57,55,55,56,54,55,54,54,55,54,55,54,54,54,53,52,50,48,47,45,44,42,41,0,0,0,0,0,0,0,31,32,35,38,38,41,42,44,46,48,49,50,51,51,51,53,53,53,55,53,55,55,55,56,57,57,59,60
20260804_015555_897cb2,1785805241440556,971112009,2,2,0,-52,128,0,16,16,16,15,15,15,15,14,14,15,15,15,15,15,15,15,15,15,15,15,15,14,14,13,13,13,0,0,0,0,0,0,0,0,0,0,0,9,9,10,10,11,11,12,12,13,13,14,14,14,14,14,14,14,14,15,15,15,15,15,15,16,15,0,59,61,60,58,58,57,56,55,56,57,56,56,56,57,57,57,57,57,57,56,56,53,54,51,51,49,47,47,0,0,0,0,0,0,0,29,30,33,34,36,38,41,42,44,45,48,49,50,50,51,53,53,53,53,52,54,53,54,57,57,58,59,58
20260804_015555_897cb2,1785805241538192,971214106,2,2,0,-54,128,0,16,16,16,16,16,16,16,15,16,16,16,16,16,16,17,17,17,17,17,17,17,17,16,16,16,15,0,0,0,0,0,0,0,0,0,0,0,6,6,6,7,7,8,8,9,9,10,10,11,11,11,11,12,12,13,12,14,14,15,15,15,15,15,0,57,59,59,59,59,58,58,58,59,59,61,60,61,61,63,62,64,64,65,64,63,62,60,59,58,57,56,56,0,0,0,0,0,0,0,19,20,20,21,23,25,27,29,31,33,35,38,38,40,42,42,43,45,46,48,49,50,52,53,54,55,55,56
20260804_015555_897cb2,1785805241642091,971311715,2,2,0,-54,128,0,16,16,15,16,15,15,15,15,14,15,15,14,14,14,14,15,16,16,15,14,15,14,13,13,13,13,0,0,0,0,0,0,0,0,0,0,0,9,10,11,11,11,12,12,13,13,14,14,15,15,14,14,15,14,15,16,16,15,16,16,16,16,16,0,57,58,58,57,55,56,54,53,54,54,54,53,53,53,55,53,55,54,55,53,53,53,51,49,47,46,47,46,0,0,0,0,0,0,0,30,32,34,34,37,40,43,43,45,49,50,52,52,54,55,55,53,55,53,56,55,57,57,57,56,58,59,57
20260804_015555_897cb2,1785805241741004,971416523,2,2,0,-56,128,0,15,15,15,15,15,15,14,14,14,14,13,14,13,13,13,13,14,13,14,13,13,13,13,13,13,12,0,0,0,0,0,0,0,0,0,0,0,8,9,9,10,10,10,11,12,12,13,13,13,14,14,14,14,14,14,15,15,15,15,15,15,15,15,0,60,60,58,57,55,56,54,53,52,53,52,52,52,52,52,52,53,52,53,51,51,50,50,48,48,47,47,47,0,0,0,0,0,0,0,29,30,32,33,35,37,39,42,44,45,48,49,50,51,54,54,54,56,55,56,57,57,58,58,59,60,60,59
20260804_015555_897cb2,1785805241838348,971513349,2,2,0,-52,128,0,15,16,16,15,15,15,15,15,15,15,15,15,15,15,15,15,15,15,15,15,14,13,13,13,12,12,0,0,0,0,0,0,0,0,0,0,0,8,8,9,9,10,11,11,12,12,13,13,14,14,14,14,14,14,14,15,15,15,15,15,15,16,15,0,60,62,60,59,58,59,58,56,56,58,56,55,57,55,57,55,57,54,55,55,53,52,51,48,48,46,46,44,0,0,0,0,0,0,0,28,28,30,32,33,36,38,39,42,45,47,50,50,52,52,53,54,54,53,55,55,56,58,59,59,59,61,59
20260804_015555_897cb2,1785805241942078,971611758,2,2,0,-55,128,0,17,17,17,17,16,16,16,15,16,15,15,15,15,16,15,15,14,16,15,14,13,14,13,11,11,11,0,0,0,0,0,0,0,0,0,0,0,10,10,10,11,11,12,12,13,13,14,14,14,14,14,14,15,15,15,15,16,16,16,16,17,17,17,0,31,31,31,32,29,30,29,29,29,28,29,26,27,28,29,27,26,29,27,27,23,25,24,22,21,20,22,18,0,0,0,0,0,0,0,16,16,18,18,19,20,21,21,22,23,24,25,26,26,26,26,26,28,28,29,28,29,29,30,31,31,31,31
20260804_015555_897cb2,1785805242045737,971717078,2,2,0,-54,128,0,17,17,16,15,15,14,14,12,12,12,12,10,11,10,9,9,9,8,8,7,7,7,6,6,6,5,0,0,0,0,0,0,0,0,0,0,0,11,12,12,13,14,14,15,16,17,17,17,18,18,18,18,18,18,18,18,18,19,19,18,19,19,18,0,63,63,61,57,55,52,51,45,44,44,41,39,39,40,34,34,33,31,27,28,24,26,19,21,20,18,15,15,0,0,0,0,0,0,0,33,38,40,40,42,47,50,52,55,60,63,65,65,65,67,65,67,69,68,64,67,67,68,66,67,68,67,66
20260804_015555_897cb2,1785805242142938,971818351,2,2,0,-55,128,0,15,14,14,13,13,13,13,11,11,11,11,11,10,11,9,9,9,8,9,9,8,8,7,7,7,7,0,0,0,0,0,0,0,0,0,0,0,10,11,11,12,13,13,14,14,15,15,15,15,15,16,16,16,16,16,16,16,16,16,16,16,16,16,0,29,28,27,25,25,26,23,24,22,21,20,20,19,21,17,18,16,16,19,19,17,13,13,15,16,16,13,13,0,0,0,0,0,0,0,17,20,19,22,21,25,23,26,27,26,29,28,30,31,30,31,32,29,29,29,31,31,30,31,31,31,31,29
20260804_015555_897cb2,1785805242246378,971920819,2,2,0,-53,128,0,15,14,13,13,12,11,10,10,9,9,8,8,8,8,7,7,7,6,5,5,5,4,4,3,4,3,0,0,0,0,0,0,0,0,0,0,0,15,15,16,17,18,18,19,19,19,20,19,19,19,19,19,18,18,18,17,17,17,17,17,16,16,15,0,27,25,25,22,22,21,20,19,17,16,15,16,14,11,11,11,13,12,9,9,6,8,7,5,6,5,3,4,0,0,0,0,0,0,0,24,26,27,29,30,32,32,34,35,35,36,36,36,36,36,35,35,34,34,32,33,32,31,31,30,30,29,29
20260804_015555_897cb2,1785805242349816,972021176,2,2,0,-55,128,0,17,15,15,14,14,13,12,12,12,12,11,10,11,10,9,9,8,9,8,8,6,7,6,7,4,5,0,0,0,0,0,0,0,0,0,0,0,10,11,11,13,13,14,15,16,16,17,17,18,17,18,18,18,18,17,18,17,18,18,17,18,18,17,0,30,28,28,26,25,25,23,22,22,20,20,19,19,15,15,16,13,19,13,16,14,13,12,12,11,11,7,9,0,0,0,0,0,0,0,15,16,18,19,20,23,24,26,27,28,30,31,31,31,32,31,32,32,32,32,32,31,32,32,32,32,31,30
20260804_015555_897cb2,1785805242453948,972125102,2,2,0,-53,128,0,17,17,16,16,14,14,14,14,13,13,13,13,11,11,11,11,10,11,11,11,10,9,9,8,7,7,0,0,0,0,0,0,0,0,0,0,0,11,11,12,13,13,14,16,16,16,17,17,17,17,18,17,18,17,18,18,18,18,18,18,18,18,17,0,59,59,55,53,55,52,49,48,48,45,47,39,41,39,39,38,39,39,37,34,29,32,27,35,26,27,24,26,0,0,0,0,0,0,0,32,35,35,40,42,46,47,50,55,57,59,61,62,64,64,62,64,66,64,63,64,64,63,63,65,64,64,63
20260804_015555_897cb2,1785805242535889,972211732,2,2,0,-52,128,0,16,16,15,15,14,14,13,12,12,11,11,11,10,10,9,9,9,8,8,7,7,6,6,5,5,4,0,0,0,0,0,0,0,0,0,0,0,10,11,12,13,14,14,15,16,16,16,17,17,17,17,17,17,17,17,17,17,17,17,17,17,17,17,0,31,30,29,28,27,26,24,24,22,22,21,20,20,19,18,17,17,16,15,14,13,12,11,10,9,9,8,7,0,0,0,0,0,0,0,17,18,19,21,22,24,26,27,28,29,31,32,33,33,33,33,33,33,33,33,33,33,34,34,33,34,32,33
20260804_015555_897cb2,1785805242651014,972326565,2,2,0,-53,128,0,16,16,15,15,13,14,13,13,13,12,12,11,11,11,11,10,10,10,10,9,9,9,8,7,7,7,0,0,0,0,0,0,0,0,0,0,0,12,12,14,14,14,15,16,17,17,18,17,17,18,17,17,17,17,17,17,17,17,17,17,17,17,17,0,30,30,29,28,27,26,24,24,23,23,22,21,20,20,20,19,19,18,17,17,16,15,15,13,14,13,12,12,0,0,0,0,0,0,0,19,20,22,22,25,25,28,29,30,31,32,33,33,33,33,33,33,33,32,33,33,33,33,33,32,32,32,31
20260804_015555_897cb2,1785805242738105,972411530,2,2,0,-54,128,0,16,16,15,15,15,14,14,13,13,13,12,12,12,11,12,11,11,11,11,10,10,10,10,9,9,9,0,0,0,0,0,0,0,0,0,0,0,9,9,10,11,12,12,14,14,15,16,16,16,17,17,16,17,16,17,17,17,17,17,17,17,17,17,0,32,31,30,29,29,28,27,26,25,25,23,23,22,23,22,22,22,22,21,20,20,18,18,18,17,16,16,16,0,0,0,0,0,0,0,16,17,17,19,20,22,23,25,26,28,29,30,31,32,31,32,31,33,31,31,33,33,32,33,32,33,33,32
20260804_015555_897cb2,1785805242844896,972519607,2,2,0,-52,128,0,16,16,17,16,16,16,16,15,15,15,15,15,14,14,14,16,15,14,14,14,14,14,13,13,12,12,0,0,0,0,0,0,0,0,0,0,0,9,10,11,12,12,13,13,13,13,13,14,14,14,14,14,14,14,14,15,16,16,16,16,16,16,16,0,63,62,62,62,59,60,60,57,58,57,56,57,55,56,55,57,56,55,55,54,52,51,51,46,44,44,44,41,0,0,0,0,0,0,0,32,35,35,37,39,42,42,44,45,50,50,52,53,53,53,55,51,56,54,56,55,57,58,60,59,61,61,61
20260804_015555_897cb2,1785805242948502,972619403,2,2,0,-51,128,0,16,15,16,15,15,15,16,15,15,15,15,14,15,15,15,16,16,16,16,15,15,14,14,13,13,13,0,0,0,0,0,0,0,0,0,0,0,9,9,10,10,11,11,12,12,13,13,13,13,13,13,13,13,14,13,15,15,14,15,15,15,15,15,0,59,58,57,57,57,57,57,56,56,56,56,56,57,57,57,57,58,58,57,57,54,54,52,50,50,49,46,44,0,0,0,0,0,0,0,27,28,31,32,35,37,38,40,42,44,46,47,48,48,51,51,51,50,51,52,52,53,53,55,55,55,57,58
20260804_015555_897cb2,1785805243041013,972713666,2,2,0,-52,128,0,16,17,16,17,18,16,17,17,17,18,17,18,17,19,19,18,19,19,19,18,18,18,17,16,17,16,0,0,0,0,0,0,0,0,0,0,0,5,5,6,6,7,7,8,9,9,10,10,10,10,11,11,12,12,13,13,13,13,14,15,16,16,16,0,29,29,29,31,31,31,31,30,29,33,31,31,31,31,34,32,33,32,33,34,33,32,32,31,29,28,28,27,0,0,0,0,0,0,0,7,8,8,9,10,10,11,13,14,15,16,17,18,19,20,19,19,22,22,23,23,24,25,24,26,27,27,28
20260804_015555_897cb2,1785805243162559,972834876,2,2,0,-51,128,0,14,14,14,14,13,13,13,13,13,13,15,14,14,14,14,14,15,14,15,15,14,13,13,13,12,12,0,0,0,0,0,0,0,0,0,0,0,7,7,8,8,9,9,10,9,11,11,12,11,11,11,11,13,12,13,12,13,13,13,13,14,14,14,0,58,58,55,58,56,56,54,55,54,57,55,55,55,56,58,58,60,58,58,58,57,55,54,52,50,48,48,47,0,0,0,0,0,0,0,26,28,28,27,34,34,37,36,40,41,42,46,46,44,47,47,47,49,49,51,51,51,53,52,55,56,57,55
20260804_015555_897cb2,1785805243260283,972931562,2,2,0,-52,128,0,16,16,16,16,15,15,15,16,15,16,15,15,15,15,16,15,16,16,16,16,15,15,14,14,13,13,0,0,0,0,0,0,0,0,0,0,0,8,8,9,9,10,10,10,11,12,12,12,12,13,13,13,13,13,14,14,14,14,15,15,15,16,16,0,59,56,59,57,59,59,57,57,57,56,58,58,59,58,56,59,58,59,59,59,56,56,53,52,52,51,45,46,0,0,0,0,0,0,0,30,30,30,33,36,37,38,40,40,43,45,46,46,49,49,48,49,49,51,50,54,54,52,54,56,58,58,59
20260804_015555_897cb2,1785805243352834,973026805,2,2,0,-53,128,0,15,16,16,16,15,15,15,15,15,16,16,16,16,16,16,16,17,17,17,16,16,16,15,15,14,14,0,0,0,0,0,0,0,0,0,0,0,9,9,9,10,10,11,11,12,12,13,13,13,14,14,13,14,13,14,14,14,14,14,15,15,15,15,0,56,56,57,55,56,56,55,54,55,55,55,56,57,58,57,59,60,59,60,60,58,57,55,55,54,53,49,50,0,0,0,0,0,0,0,28,30,31,32,34,36,37,39,40,42,44,44,46,46,47,48,50,48,49,48,51,51,52,53,51,53,55,55
20260804_015555_897cb2,1785805243439805,973111963,2,2,0,-53,128,0,14,14,14,15,14,15,14,15,15,15,16,16,15,16,16,17,17,16,17,16,17,16,16,15,15,14,0,0,0,0,0,0,0,0,0,0,0,6,6,6,7,7,8,8,9,9,10,10,10,11,11,11,11,11,12,11,12,13,13,13,13,14,13,0,27,29,29,28,29,30,29,29,29,29,30,30,30,32,31,32,32,33,33,32,32,30,30,30,30,29,28,28,0,0,0,0,0,0,0,10,12,11,11,13,13,14,15,16,17,19,17,21,21,21,22,22,23,25,23,25,24,26,25,26,26,28,29
20260804_015555_897cb2,1785805243543230,973214079,2,2,0,-52,128,0,15,15,16,15,15,15,15,15,15,15,16,16,16,16,16,16,16,16,17,16,16,16,15,15,15,14,0,0,0,0,0,0,0,0,0,0,0,6,6,8,8,9,9,9,10,10,11,11,11,11,12,12,12,13,13,13,13,14,14,14,14,15,15,0,60,61,60,60,59,61,58,59,58,59,60,61,60,61,63,62,66,64,64,63,61,60,59,57,55,56,53,52,0,0,0,0,0,0,0,22,23,24,24,28,28,32,32,35,36,38,41,41,42,46,45,46,47,47,49,49,51,52,53,54,56,57,57
20260804_015555_897cb2,1785805243640918,973314250,2,2,0,-52,128,0,16,16,16,16,16,16,16,16,15,16,16,16,15,16,17,17,17,17,17,16,16,16,16,15,14,14,0,0,0,0,0,0,0,0,0,0,0,9,9,9,10,11,11,11,12,12,12,13,13,13,13,13,13,14,14,14,15,15,15,15,16,16,16,0,29,29,28,29,29,30,28,28,27,29,30,28,30,29,29,31,30,30,31,30,29,28,28,27,26,25,25,24,0,0,0,0,0,0,0,15,15,16,16,17,18,19,19,20,21,22,22,23,24,24,24,24,26,25,25,25,26,27,27,27,28,28,28
20260804_015555_897cb2,1785805243737996,973411357,2,2,0,-50,128,0,15,14,14,14,14,14,14,13,14,15,14,14,15,15,15,15,16,15,15,15,15,14,13,14,13,13,0,0,0,0,0,0,0,0,0,0,0,6,6,7,8,8,8,9,10,10,11,11,11,11,12,12,12,13,13,13,13,13,13,14,14,15,15,0,58,57,59,60,56,57,57,56,57,56,56,58,58,58,58,60,60,61,60,60,59,57,55,55,55,53,48,49,0,0,0,0,0,0,0,25,25,26,29,31,32,34,37,38,40,43,43,46,46,47,49,48,49,51,51,53,51,53,54,54,55,57,59
20260804_015555_897cb2,1785805243840740,973511765,2,2,0,-52,128,0,15,15,15,15,15,15,14,14,15,15,15,15,15,15,15,15,15,15,16,15,16,14,14,14,14,14,0,0,0,0,0,0,0,0,0,0,0,8,8,9,9,10,10,11,11,11,12,12,13,13,13,13,13,13,13,14,14,14,14,14,15,15,15,0,58,58,57,57,57,57,56,57,55,57,57,57,57,58,58,59,59,59,60,57,58,56,54,53,53,51,48,49,0,0,0,0,0,0,0,28,30,30,31,35,34,37,39,40,42,43,45,45,46,47,48,46,51,49,52,52,53,54,54,55,56,57,56
20260804_015555_897cb2,1785805243945134,973616406,2,2,0,-53,128,0,16,16,15,15,15,15,14,14,15,15,15,14,14,14,15,15,15,14,15,14,14,13,13,13,12,12,0,0,0,0,0,0,0,0,0,0,0,6,6,7,7,8,8,9,10,10,11,11,12,12,12,12,13,13,13,13,14,14,14,15,15,15,15,0,30,29,30,29,29,29,28,28,28,28,28,28,28,28,28,28,28,29,28,28,26,26,25,24,24,23,22,21,0,0,0,0,0,0,0,10,11,11,12,13,14,15,17,17,19,20,21,22,22,23,23,23,24,25,25,26,26,27,27,28,29,29,29
20260804_015555_897cb2,1785805244043676,973714157,2,2,0,-51,128,0,15,15,15,15,15,15,15,14,14,14,14,14,14,14,14,14,15,14,14,14,14,14,13,12,12,12,0,0,0,0,0,0,0,0,0,0,0,9,9,10,10,11,11,11,12,12,13,13,13,13,12,13,14,13,14,14,14,14,15,15,15,15,15,0,56,58,58,58,55,56,54,55,53,55,54,55,54,54,55,56,55,54,56,54,54,51,50,48,47,45,45,43,0,0,0,0,0,0,0,31,32,34,33,36,38,41,42,43,44,46,49,48,49,49,49,50,52,51,52,52,52,56,54,57,57,59,58
20260804_015555_897cb2,1785805244142820,973813853,2,2,0,-53,128,0,15,16,15,15,15,14,14,14,14,14,14,14,14,14,14,14,14,14,14,14,13,13,13,12,11,11,0,0,0,0,0,0,0,0,0,0,0,8,9,9,10,11,11,12,12,13,13,13,14,14,14,14,14,14,14,14,14,14,15,15,15,15,15,0,61,59,58,59,56,57,54,54,54,54,54,54,53,53,53,52,53,54,52,51,51,50,49,46,44,45,42,41,0,0,0,0,0,0,0,30,31,32,35,37,39,41,43,47,46,50,50,51,53,54,53,53,54,55,55,55,55,55,57,57,57,59,59
20260804_015555_897cb2,1785805244240603,973911748,2,2,0,-52,128,0,17,17,17,17,17,16,16,14,14,14,14,14,14,14,14,13,14,14,12,12,12,12,12,10,10,10,0,0,0,0,0,0,0,0,0,0,0,10,11,11,12,14,14,14,15,15,16,16,16,17,17,16,17,16,17,17,17,17,17,17,17,17,17,0,59,62,58,59,56,57,54,54,51,53,51,50,50,48,50,45,47,45,46,43,43,40,39,37,36,34,34,31,0,0,0,0,0,0,0,32,33,35,36,41,43,47,47,51,52,53,56,57,57,57,57,57,61,58,59,58,60,60,60,64,62,62,61
20260804_015555_897cb2,1785805244344399,974018680,2,2,0,-52,128,0,17,17,17,16,15,15,14,14,14,14,14,13,13,13,13,13,13,13,12,12,11,11,11,10,9,10,0,0,0,0,0,0,0,0,0,0,0,11,12,12,13,14,15,15,16,17,17,17,17,17,17,17,17,17,17,17,17,17,17,17,17,17,17,0,59,60,57,56,55,55,52,51,49,49,48,48,47,47,45,45,44,43,42,41,41,38,36,34,33,32,31,30,0,0,0,0,0,0,0,36,37,38,41,45,46,49,51,53,55,56,60,59,59,59,59,58,61,60,61,59,61,61,60,62,60,62,61
20260804_015555_897cb2,1785805244443217,974114490,2,2,0,-53,128,0,16,16,16,15,15,15,14,14,13,13,13,13,13,13,12,12,12,12,11,11,11,10,10,9,9,8,0,0,0,0,0,0,0,0,0,0,0,9,10,10,11,11,12,13,14,14,15,15,15,15,15,15,15,15,15,16,16,16,16,16,17,17,16,0,61,64,59,59,56,56,55,53,51,51,50,48,47,48,47,46,45,44,44,41,40,38,37,35,33,32,31,29,0,0,0,0,0,0,0,30,31,33,34,40,41,44,46,49,51,54,58,56,57,59,59,60,60,60,61,61,63,62,64,62,62,64,62
20260804_015555_897cb2,1785805244540982,974212235,2,2,0,-52,128,0,17,17,17,16,16,16,15,15,15,15,15,14,14,14,14,14,14,14,14,14,13,13,12,12,11,11,0,0,0,0,0,0,0,0,0,0,0,9,10,10,11,12,12,13,13,14,14,15,16,16,16,16,15,16,15,16,16,16,16,16,17,17,16,0,31,31,30,30,29,29,28,28,26,27,27,27,26,26,27,25,26,26,26,25,24,24,23,22,21,21,19,20,0,0,0,0,0,0,0,15,16,17,17,19,20,21,23,23,25,26,27,27,27,27,27,28,27,28,29,30,30,30,30,30,30,31,30
20260804_015555_897cb2,1785805244638407,974311883,2,2,0,-53,128,0,15,15,15,15,15,15,15,14,15,15,14,14,15,14,15,15,15,15,15,15,15,15,15,14,13,13,0,0,0,0,0,0,0,0,0,0,0,6,6,7,7,8,8,8,9,9,10,10,10,10,11,11,11,11,11,12,13,13,13,14,14,14,15,0,58,60,58,60,58,58,60,58,58,59,57,58,59,58,60,60,61,60,61,60,59,57,58,53,53,50,51,49,0,0,0,0,0,0,0,23,24,24,26,29,28,31,32,35,36,38,41,40,42,43,44,45,47,47,48,47,49,50,52,55,54,57,59
20260804_015555_897cb2,1785805244737258,974411600,2,2,0,-53,128,0,16,16,16,15,15,15,15,15,15,15,15,14,14,16,15,16,16,16,16,15,15,15,15,15,13,13,0,0,0,0,0,0,0,0,0,0,0,9,9,10,10,10,11,11,12,12,12,12,13,13,13,13,13,13,13,13,13,14,14,14,15,15,15,0,57,58,58,57,56,56,56,56,55,57,57,56,56,56,58,57,58,58,59,58,57,55,54,54,52,50,51,50,0,0,0,0,0,0,0,32,32,34,35,36,38,40,40,42,44,44,45,47,47,49,48,48,48,49,49,50,51,51,53,53,54,56,55
20260804_015555_897cb2,1785805244876503,974547715,2,2,0,-51,128,0,15,15,15,15,16,15,15,15,15,15,16,15,16,16,16,17,17,17,17,16,16,16,15,15,15,15,0,0,0,0,0,0,0,0,0,0,0,9,9,9,9,9,10,10,10,10,10,11,11,11,11,11,12,12,12,12,12,13,13,13,14,14,15,0,28,29,29,29,29,29,29,29,29,30,30,29,30,30,32,32,32,32,32,32,31,30,30,29,29,28,27,26,0,0,0,0,0,0,0,15,15,16,16,17,17,18,18,19,20,19,20,20,20,20,21,21,22,23,23,23,24,25,25,26,27,27,28
20260804_015555_897cb2,1785805244980391,974654147,2,2,0,-49,128,0,15,16,15,15,15,15,15,14,14,15,15,15,15,15,15,15,16,15,16,15,15,15,14,14,13,13,0,0,0,0,0,0,0,0,0,0,0,8,9,9,10,10,10,11,11,12,13,12,13,13,13,13,14,13,14,13,14,14,14,14,15,15,15,0,58,60,59,56,57,57,58,58,55,55,56,57,60,56,56,59,59,59,59,59,55,55,54,56,52,48,47,47,0,0,0,0,0,0,0,29,31,32,33,35,36,37,40,41,43,46,44,45,49,48,48,49,50,49,50,51,52,54,55,55,57,58,58
20260804_015555_897cb2,1785805245038736,974711009,2,2,0,-49,128,0,15,14,15,15,14,13,14,14,14,13,14,14,14,14,14,14,14,14,14,14,14,13,13,12,12,12,0,0,0,0,0,0,0,0,0,0,0,8,9,9,9,9,11,10,11,11,11,12,12,12,12,12,13,13,13,13,13,13,14,14,14,15,15,0,58,57,55,55,57,53,54,54,54,53,55,52,53,57,54,56,54,56,53,56,53,53,49,48,48,48,42,44,0,0,0,0,0,0,0,28,30,33,33,33,36,38,41,41,42,45,47,47,47,49,51,52,49,52,50,51,52,53,56,54,55,57,56
20260804_015555_897cb2,1785805245137112,974811289,2,2,0,-50,128,0,15,16,16,15,15,15,14,15,15,15,15,15,14,14,14,15,15,14,14,14,13,13,14,13,13,12,0,0,0,0,0,0,0,0,0,0,0,9,9,9,10,10,10,12,12,12,13,13,13,14,14,14,14,14,14,14,15,15,16,16,14,16,16,0,58,58,60,58,58,57,56,55,56,54,56,55,53,54,56,57,54,54,55,54,52,50,49,49,48,45,44,42,0,0,0,0,0,0,0,27,29,30,31,34,36,38,41,42,43,44,46,48,48,49,51,52,52,53,52,53,54,55,57,55,58,61,60
20260804_015555_897cb2,1785805245263668,974935783,2,2,0,-54,128,0,15,15,15,15,15,15,15,15,13,13,13,14,14,15,14,14,15,15,15,14,14,14,13,14,13,12,0,0,0,0,0,0,0,0,0,0,0,6,7,8,8,8,9,9,10,10,11,11,11,12,11,12,11,13,12,13,14,14,14,14,15,15,15,0,56,56,59,53,58,58,56,55,56,54,55,55,59,56,55,60,61,59,61,59,56,57,54,51,52,54,47,48,0,0,0,0,0,0,0,23,24,28,30,31,32,35,37,38,42,43,43,43,48,48,49,50,48,49,47,52,51,54,54,54,57,57,58
20260804_015555_897cb2,1785805245340267,975012289,2,2,0,-56,128,0,15,15,15,15,14,14,14,14,14,14,14,14,14,14,15,15,15,15,15,15,15,14,15,15,14,14,0,0,0,0,0,0,0,0,0,0,0,11,11,12,14,14,14,14,15,15,16,16,16,16,16,16,16,16,16,15,15,15,15,15,15,15,15,0,55,54,54,53,50,52,49,51,50,49,51,50,51,52,52,53,53,53,56,54,54,52,52,50,52,50,47,47,0,0,0,0,0,0,0,37,38,39,42,44,48,50,50,54,55,56,57,57,58,56,56,56,55,55,55,56,54,56,55,56,56,55,54
20260804_015555_897cb2,1785805245438043,975112801,2,2,0,-56,128,0,13,13,12,12,12,12,11,11,11,11,11,11,11,11,12,11,12,11,12,12,11,12,11,11,11,11,0,0,0,0,0,0,0,0,0,0,0,11,12,12,12,13,14,14,15,15,16,16,16,16,16,16,15,15,14,14,14,14,14,14,14,14,14,0,52,50,50,47,47,47,45,45,43,43,44,43,44,45,43,45,45,48,47,44,47,45,45,46,44,45,43,45,0,0,0,0,0,0,0,41,42,42,44,47,50,53,56,56,59,61,62,60,60,61,61,59,57,59,57,57,56,56,55,54,55,55,53
20260804_015555_897cb2,1785805245542612,975213169,2,2,0,-55,128,0,14,14,14,13,13,13,13,13,12,13,13,13,13,14,14,14,14,15,15,14,14,14,14,14,14,14,0,0,0,0,0,0,0,0,0,0,0,10,10,11,11,13,13,13,13,14,13,14,14,14,14,14,14,14,14,14,14,14,14,14,15,15,15,0,53,53,52,51,51,49,50,48,49,47,49,49,51,51,50,52,53,55,55,56,55,54,54,54,55,55,51,53,0,0,0,0,0,0,0,34,36,39,42,40,44,45,47,49,51,53,53,52,54,54,55,55,52,54,53,53,54,55,55,53,54,56,54
20260804_015555_897cb2,1785805245636029,975311717,2,2,0,-52,128,0,15,14,14,14,13,13,12,12,12,11,11,11,11,11,11,11,10,10,10,9,9,9,9,9,9,8,0,0,0,0,0,0,0,0,0,0,0,10,11,12,12,13,13,14,14,15,16,16,16,16,16,16,16,16,15,15,16,15,16,15,15,15,15,0,28,28,27,26,25,25,25,24,22,22,22,21,21,21,21,21,20,20,19,19,18,18,17,17,16,16,16,15,0,0,0,0,0,0,0,18,19,20,21,23,23,25,26,28,29,30,30,30,30,31,30,30,30,30,30,30,31,30,29,29,30,30,29
20260804_015555_897cb2,1785805245740307,975411184,2,2,0,-53,128,0,14,13,13,13,12,12,12,10,10,10,9,9,9,9,9,8,8,8,7,7,6,6,6,6,6,6,0,0,0,0,0,0,0,0,0,0,0,13,13,13,14,14,16,16,16,17,17,17,17,17,17,17,16,16,16,16,16,16,16,16,16,15,14,0,56,52,51,49,48,46,43,41,40,40,38,35,36,34,34,34,31,32,29,28,27,25,24,24,22,23,21,20,0,0,0,0,0,0,0,43,46,49,51,52,55,57,62,63,64,65,66,67,66,66,66,65,63,65,64,65,63,62,61,61,60,58,59
20260804_015555_897cb2,1785805245837861,975511609,2,2,0,-58,128,0,13,11,11,10,9,9,8,8,7,6,6,5,5,5,4,4,4,4,4,4,4,4,5,6,5,6,0,0,0,0,0,0,0,0,0,0,0,15,16,17,17,18,19,19,21,21,20,20,20,20,20,19,17,18,17,17,17,16,15,15,15,14,14,0,23,22,22,21,19,17,16,15,14,13,13,12,10,10,9,9,8,8,8,8,9,9,9,9,10,10,11,11,0,0,0,0,0,0,0,25,27,29,31,31,35,35,37,37,38,39,39,38,38,38,36,36,34,35,32,33,32,30,30,29,28,28,27
20260804_015555_897cb2,1785805245936282,975611661,2,2,0,-50,128,0,15,15,14,13,12,12,11,10,10,9,9,9,8,8,8,8,7,7,7,7,7,6,5,5,5,5,0,0,0,0,0,0,0,0,0,0,0,15,16,17,18,18,18,19,20,20,21,21,20,20,19,18,19,19,18,18,18,17,17,17,17,16,16,0,26,25,23,22,22,20,17,18,17,17,16,14,15,13,14,14,13,12,13,12,11,11,9,10,9,9,8,8,0,0,0,0,0,0,0,23,25,26,26,29,30,31,31,32,34,34,36,35,35,33,34,33,33,31,32,30,30,31,29,29,29,27,26
20260804_015555_897cb2,1785805246040352,975713676,2,2,0,-50,128,0,15,13,13,13,11,11,11,10,10,10,9,9,8,8,7,7,7,7,6,6,6,5,5,5,4,4,0,0,0,0,0,0,0,0,0,0,0,15,16,16,18,18,18,19,19,19,20,20,19,19,19,19,18,18,18,18,18,17,18,16,16,16,16,0,51,50,48,45,44,41,39,34,36,34,35,31,29,29,27,28,26,26,25,22,21,20,18,17,17,14,14,13,0,0,0,0,0,0,0,49,54,53,56,57,64,64,67,69,69,69,70,70,69,68,68,68,64,64,63,63,61,59,59,56,59,57,57
20260804_015555_897cb2,1785805246144549,975815815,2,2,0,-47,128,0,16,15,15,14,14,14,13,13,12,12,11,11,11,11,11,10,10,10,9,9,9,8,7,7,7,6,0,0,0,0,0,0,0,0,0,0,0,17,17,18,19,20,19,20,21,21,21,21,21,20,19,19,19,19,18,18,18,17,18,18,17,17,17,0,29,26,26,24,23,22,21,21,21,20,21,19,18,18,17,18,16,16,16,16,14,13,13,12,12,12,10,9,0,0,0,0,0,0,0,25,28,28,30,29,31,33,34,34,35,36,35,36,34,34,34,34,34,33,32,32,31,30,30,30,30,29,30
20260804_015555_897cb2,1785805246242446,975913396,2,2,0,-48,128,0,13,12,12,11,11,10,10,9,9,9,9,9,9,8,7,9,8,8,8,8,7,7,6,6,6,6,0,0,0,0,0,0,0,0,0,0,0,14,15,15,16,17,17,17,17,18,17,17,17,17,17,16,16,16,15,15,15,15,15,14,14,14,13,0,25,24,23,23,23,22,20,19,18,19,17,16,17,16,16,14,16,16,15,14,15,13,14,13,12,11,11,11,0,0,0,0,0,0,0,27,28,28,29,31,32,32,32,34,34,35,35,35,34,34,32,32,33,31,30,29,30,29,28,28,28,27,27
20260804_015555_897cb2,1785805246340297,976015251,2,2,0,-47,128,0,15,15,15,15,14,13,13,12,12,12,12,11,11,11,10,11,11,10,10,10,10,8,8,8,8,7,0,0,0,0,0,0,0,0,0,0,0,14,15,16,16,17,17,17,18,18,18,18,18,17,17,17,17,17,17,17,17,17,17,17,16,16,15,0,55,56,53,52,48,50,47,44,46,44,41,40,39,39,39,36,39,38,37,37,32,29,28,28,28,24,24,23,0,0,0,0,0,0,0,47,50,53,56,57,56,61,61,64,64,67,67,65,66,64,64,65,64,62,62,60,61,60,60,60,58,58,58
20260804_015555_897cb2,1785805246437003,976112441,2,2,0,-49,128,0,14,14,13,13,13,13,12,12,11,12,11,11,11,10,10,10,10,9,10,9,8,8,8,8,7,7,0,0,0,0,0,0,0,0,0,0,0,13,13,15,15,16,16,16,17,17,17,17,17,17,17,16,16,16,16,16,16,16,16,16,16,15,15,0,27,26,27,25,25,23,23,22,22,20,21,20,20,19,18,19,18,19,18,16,16,17,15,15,14,14,12,12,0,0,0,0,0,0,0,24,24,25,26,27,28,29,29,31,30,32,32,31,32,31,31,31,31,30,29,29,28,29,29,29,28,29,29
20260804_015555_897cb2,1785805246540715,976212996,2,2,0,-49,128,0,16,15,15,14,13,13,13,12,12,11,11,11,11,11,10,10,10,9,9,9,8,8,7,7,6,6,0,0,0,0,0,0,0,0,0,0,0,14,14,15,16,16,17,17,18,18,19,18,18,18,17,18,17,17,17,17,17,17,17,16,16,16,16,0,56,55,52,54,47,48,45,43,41,43,41,38,37,34,37,35,36,31,32,29,27,29,27,24,24,21,21,20,0,0,0,0,0,0,0,47,48,48,51,56,56,59,58,62,62,65,66,65,65,65,66,63,65,63,63,61,60,62,62,62,60,60,58
20260804_015555_897cb2,1785805246644643,976315511,2,2,0,-49,128,0,16,16,15,15,14,14,13,12,12,11,11,11,11,10,10,10,10,9,9,9,8,8,7,6,6,6,0,0,0,0,0,0,0,0,0,0,0,15,15,16,17,18,18,18,19,19,19,19,19,19,19,17,19,18,18,18,18,17,17,17,17,17,16,0,57,55,54,51,48,48,45,43,40,42,40,38,37,36,36,33,34,34,32,29,29,28,24,24,22,21,18,19,0,0,0,0,0,0,0,48,50,50,52,56,59,61,62,64,65,64,66,67,66,67,63,63,63,63,63,62,62,61,60,58,60,60,57
20260804_015555_897cb2,1785805246737215,976412918,2,2,0,-50,128,0,15,15,15,14,14,13,13,12,11,11,11,10,10,10,10,11,11,10,9,9,9,9,9,8,8,8,0,0,0,0,0,0,0,0,0,0,0,13,13,14,14,15,16,16,16,16,16,16,16,16,16,16,15,16,15,16,16,16,16,15,16,16,16,0,28,28,26,27,25,25,24,23,21,21,21,21,22,20,20,20,20,19,19,17,18,17,17,16,15,14,13,13,0,0,0,0,0,0,0,22,24,24,25,25,27,29,29,29,30,30,32,32,32,31,31,31,32,30,30,30,30,30,30,30,30,29,28
20260804_015555_897cb2,1785805246841464,976512293,2,2,0,-51,128,0,15,14,13,13,13,11,11,11,10,10,9,9,9,9,9,9,8,8,7,6,6,6,5,5,4,4,0,0,0,0,0,0,0,0,0,0,0,15,16,16,17,18,18,18,18,19,18,18,18,18,18,18,17,17,17,16,17,16,16,16,16,16,15,0,54,52,50,49,46,45,42,40,39,38,37,34,33,33,31,32,30,28,29,26,24,23,21,20,17,17,15,16,0,0,0,0,0,0,0,52,54,56,57,60,62,63,65,67,67,67,69,68,69,66,66,65,64,62,62,61,59,60,59,59,58,58,55
20260804_015555_897cb2,1785805246940129,976611724,2,2,0,-50,128,0,15,16,15,14,13,13,12,12,12,11,11,11,10,10,10,9,9,9,9,8,8,7,7,7,6,5,0,0,0,0,0,0,0,0,0,0,0,13,14,15,16,16,16,16,17,17,17,17,17,17,17,17,17,16,16,16,16,16,16,16,17,16,16,0,27,27,27,25,24,24,23,22,21,22,20,20,19,19,18,17,17,17,16,16,15,14,13,12,11,11,9,9,0,0,0,0,0,0,0,23,24,26,26,26,28,28,30,31,31,32,32,31,31,31,31,30,30,30,29,30,30,30,30,30,29,30,29
20260804_015555_897cb2,1785805247038102,976711585,2,2,0,-49,128,0,16,16,15,15,14,14,13,12,12,12,12,12,12,11,11,11,11,10,10,10,9,9,9,8,8,8,0,0,0,0,0,0,0,0,0,0,0,15,15,16,16,17,17,18,19,19,19,19,19,19,19,18,19,18,18,18,18,17,17,18,17,17,17,0,29,28,27,26,24,24,23,22,22,22,21,20,20,19,19,18,17,18,18,17,17,15,14,15,13,13,11,11,0,0,0,0,0,0,0,23,25,25,27,27,29,29,31,32,33,33,33,34,34,32,33,33,32,32,31,31,31,31,30,31,30,31,30
20260804_015555_897cb2,1785805247140922,976812293,2,2,0,-50,128,0,16,16,16,15,14,14,14,13,13,14,13,13,11,12,12,12,11,11,11,10,10,9,9,8,8,8,0,0,0,0,0,0,0,0,0,0,0,14,14,15,16,16,16,18,18,18,19,18,18,18,18,17,18,18,18,18,18,18,18,18,18,18,17,0,55,60,54,55,50,52,49,48,45,46,44,41,39,40,41,39,38,38,37,34,33,31,30,29,27,26,26,24,0,0,0,0,0,0,0,43,45,46,48,51,53,59,58,61,62,63,65,65,63,64,62,60,63,60,62,60,62,60,60,62,60,60,59
20260804_015555_897cb2,1785805247239243,976911435,2,2,0,-50,128,0,15,16,15,14,14,14,13,13,13,13,12,12,11,11,11,11,11,10,10,9,9,9,8,8,7,7,0,0,0,0,0,0,0,0,0,0,0,15,15,15,17,17,17,18,18,18,18,19,18,18,18,18,18,18,17,17,17,17,17,16,16,17,16,0,56,53,56,51,49,49,45,45,44,43,43,41,39,39,38,38,35,38,33,32,31,30,28,26,24,25,21,21,0,0,0,0,0,0,0,47,50,50,55,54,61,60,64,64,66,65,66,67,67,66,64,64,63,65,60,64,59,62,60,59,60,58,59
20260804_015555_897cb2,1785805247339497,977011086,2,2,0,-53,128,0,14,14,14,13,12,12,11,11,11,11,10,10,9,9,9,9,9,8,8,7,6,6,6,5,4,4,0,0,0,0,0,0,0,0,0,0,0,14,14,15,16,17,17,18,19,18,18,18,18,18,17,17,17,16,16,16,16,16,16,16,16,16,15,0,27,25,26,23,23,23,22,20,21,19,18,17,18,18,16,16,15,14,14,14,12,12,10,9,9,9,6,7,0,0,0,0,0,0,0,23,25,26,28,28,31,31,32,33,34,35,34,34,33,33,34,33,31,32,31,30,31,30,30,29,29,29,29
20260804_015555_897cb2,1785805247439109,977111657,2,2,0,-51,128,0,14,14,13,13,12,12,12,11,11,10,10,10,10,9,9,9,9,8,8,7,7,7,6,6,6,5,0,0,0,0,0,0,0,0,0,0,0,14,14,15,16,16,16,17,17,17,18,18,18,18,18,17,16,16,16,16,16,15,16,15,15,15,15,0,26,25,25,24,24,23,22,21,20,20,19,18,18,18,17,17,16,16,16,14,14,13,13,11,11,10,9,8,0,0,0,0,0,0,0,24,25,25,26,28,29,31,31,33,33,34,34,33,33,33,32,32,31,30,29,30,30,30,29,29,29,28,27
20260804_015555_897cb2,1785805247537058,977211141,2,2,0,-53,128,0,14,15,14,13,13,13,11,11,10,10,10,9,9,9,8,8,8,8,7,7,6,6,5,5,5,4,0,0,0,0,0,0,0,0,0,0,0,15,15,16,17,17,17,19,19,19,19,18,19,19,18,18,17,17,17,17,17,17,17,16,16,16,15,0,28,27,25,25,23,23,22,22,19,19,17,18,17,17,15,15,15,13,14,11,10,12,10,10,9,9,9,7,0,0,0,0,0,0,0,25,27,28,29,30,31,34,33,35,36,36,37,36,35,36,35,34,33,32,32,32,32,32,31,30,29,29,28
20260804_015555_897cb2,1785805247640438,977311446,2,2,0,-50,128,0,16,16,15,15,13,13,13,12,12,12,11,11,11,11,10,10,10,9,9,9,8,8,7,7,7,6,0,0,0,0,0,0,0,0,0,0,0,14,14,16,16,17,17,18,18,18,19,19,18,19,18,17,17,17,17,17,17,17,17,17,17,17,16,0,28,28,27,25,24,24,22,23,22,22,21,20,19,19,19,18,18,17,17,15,15,13,13,12,12,11,9,9,0,0,0,0,0,0,0,24,25,26,25,28,29,31,32,32,33,34,34,34,34,33,33,32,31,32,30,32,31,30,31,30,29,29,28
20260804_015555_897cb2,1785805247740239,977412567,2,2,0,-52,128,0,14,14,13,13,13,11,11,11,10,10,10,9,9,9,9,9,9,9,8,8,7,7,7,6,6,6,0,0,0,0,0,0,0,0,0,0,0,13,14,15,16,16,16,18,18,18,18,18,18,18,18,18,17,16,16,16,16,16,16,16,16,16,15,0,53,52,51,48,47,45,43,42,40,40,38,37,35,35,33,32,33,31,30,28,29,27,26,24,23,22,22,21,0,0,0,0,0,0,0,47,49,49,52,57,59,62,62,64,65,67,70,68,67,66,65,65,65,62,63,61,60,62,59,60,58,57,55
20260804_015555_897cb2,1785805247839573,977512192,2,2,0,-53,128,0,13,12,12,11,10,10,9,9,9,8,8,7,7,7,6,6,5,5,5,4,4,4,4,4,4,3,0,0,0,0,0,0,0,0,0,0,0,14,14,15,16,16,17,17,18,18,18,19,19,18,18,17,17,16,16,16,16,15,15,15,15,15,14,0,26,25,23,23,21,20,18,18,17,17,15,14,14,12,13,12,11,11,9,9,9,7,7,7,6,6,6,6,0,0,0,0,0,0,0,25,26,27,28,30,32,33,34,34,35,37,37,36,36,36,34,35,34,32,32,31,31,30,30,29,28,28,28
20260804_015555_897cb2,1785805247944123,977617249,2,2,0,-51,128,0,15,14,14,13,12,12,11,11,11,10,10,9,9,9,9,9,9,8,8,8,8,7,7,7,7,6,0,0,0,0,0,0,0,0,0,0,0,13,14,15,16,16,17,17,18,18,18,18,18,18,18,17,17,17,17,17,16,16,16,16,16,15,15,0,26,26,25,24,23,22,21,20,20,19,19,18,17,17,17,17,16,16,15,14,14,14,13,12,12,11,10,11,0,0,0,0,0,0,0,22,24,24,26,27,28,29,30,30,32,32,32,32,34,33,32,32,31,31,30,30,29,29,29,29,29,28,28
20260804_015555_897cb2,1785805248042232,977717563,2,2,0,-51,128,0,16,16,16,15,14,14,14,13,12,12,12,11,11,11,11,10,10,9,9,9,9,8,7,7,7,7,0,0,0,0,0,0,0,0,0,0,0,13,14,15,16,16,17,18,19,19,20,20,19,19,18,19,19,18,18,18,17,17,17,18,18,17,17,0,29,28,27,26,25,24,23,23,22,21,21,20,19,19,17,18,17,18,16,16,14,14,13,13,12,12,10,11,0,0,0,0,0,0,0,21,22,23,25,25,28,29,29,31,32,33,33,33,34,34,34,34,33,34,32,32,32,32,32,31,30,31,29
20260804_015555_897cb2,1785805248140601,977812171,2,2,0,-50,128,0,14,14,13,13,12,12,12,10,10,10,9,9,9,9,8,8,8,7,7,7,6,6,5,5,4,4,0,0,0,0,0,0,0,0,0,0,0,13,14,14,15,15,15,17,17,17,17,17,17,17,17,17,17,16,16,16,16,16,16,16,16,16,15,0,56,54,52,52,48,49,41,41,40,41,39,37,37,36,33,34,31,30,29,28,25,25,22,22,20,20,19,17,0,0,0,0,0,0,0,48,48,50,52,57,59,61,62,64,64,68,69,67,68,67,65,68,64,64,63,63,64,62,61,63,61,60,58
20260804_015555_897cb2,1785805248244282,977915029,2,2,0,-51,128,0,15,14,14,13,13,13,12,11,11,11,10,10,10,10,10,9,9,9,8,8,7,7,7,6,6,6,0,0,0,0,0,0,0,0,0,0,0,14,14,15,16,16,18,18,18,19,19,19,18,18,18,18,18,18,17,17,17,17,17,16,17,17,16,0,29,28,26,27,25,24,22,23,21,21,20,18,19,17,16,17,18,16,15,15,14,13,12,12,12,11,10,9,0,0,0,0,0,0,0,24,25,27,28,29,30,33,32,35,34,36,36,35,37,36,35,35,35,34,33,33,34,33,32,31,32,31,29
20260804_015555_897cb2,1785805248352621,978024793,2,2,0,-51,128,0,14,13,13,12,12,10,10,9,9,9,8,8,7,7,7,7,6,6,5,5,4,4,4,3,3,3,0,0,0,0,0,0,0,0,0,0,0,14,14,15,16,17,18,18,17,18,18,18,18,18,18,17,17,16,16,16,16,16,16,16,16,16,15,0,27,25,24,23,22,21,20,19,17,18,17,15,14,14,14,12,12,12,12,10,10,9,8,8,7,6,6,6,0,0,0,0,0,0,0,24,25,27,28,30,31,33,33,34,35,36,36,36,36,35,35,34,34,33,32,32,32,31,30,29,30,29,27
20260804_015555_897cb2,1785805248455898,978128097,2,2,0,-51,128,0,14,13,13,12,11,11,11,10,10,10,10,9,9,9,8,8,8,6,6,6,5,5,5,4,4,4,0,0,0,0,0,0,0,0,0,0,0,13,14,15,16,16,17,18,18,18,18,18,18,18,18,17,17,17,16,16,16,16,16,16,15,15,14,0,28,26,25,25,22,21,21,19,19,20,17,16,16,16,17,15,15,13,13,13,12,11,9,9,8,8,7,7,0,0,0,0,0,0,0,25,25,26,27,29,30,31,32,33,34,35,36,35,35,34,34,32,33,32,32,31,31,30,31,31,30,29,28
20260804_015555_897cb2,1785805248536439,978212203,2,2,0,-52,128,0,15,15,14,13,13,12,12,11,10,11,10,9,9,9,9,9,8,8,7,7,7,6,6,5,5,5,0,0,0,0,0,0,0,0,0,0,0,16,17,18,19,20,20,21,22,21,21,21,21,21,20,20,20,19,19,18,19,18,18,18,17,17,17,0,26,26,24,24,22,21,21,20,18,17,17,16,16,15,15,14,14,14,12,12,12,10,10,9,9,8,7,7,0,0,0,0,0,0,0,27,27,28,30,32,33,34,34,35,37,38,38,38,37,36,36,36,35,34,34,32,32,31,32,30,30,29,28
20260804_015555_897cb2,1785805248640651,978317119,2,2,0,-51,128,0,16,15,15,14,14,13,12,11,11,11,11,10,9,9,9,8,8,8,7,7,6,6,5,5,4,4,0,0,0,0,0,0,0,0,0,0,0,17,17,17,18,19,20,20,21,21,21,21,21,21,20,20,20,20,18,18,18,18,18,18,17,17,16,0,26,26,25,24,23,21,20,21,18,18,17,17,14,15,14,13,13,13,12,11,11,10,9,7,6,6,6,5,0,0,0,0,0,0,0,26,27,27,29,31,31,33,33,35,36,36,36,36,35,34,34,33,35,33,33,31,32,31,32,31,31,29,28
20260804_015555_897cb2,1785805248756792,978428149,2,2,0,-51,128,0,14,14,14,13,12,11,11,11,10,10,10,10,9,9,8,9,9,7,8,7,7,6,6,6,5,5,0,0,0,0,0,0,0,0,0,0,0,14,15,16,16,16,16,17,17,17,17,18,18,18,18,17,17,17,17,17,16,16,16,15,15,15,15,0,52,55,52,49,48,47,46,42,41,43,37,37,34,35,34,33,32,28,28,27,28,24,24,21,20,21,17,16,0,0,0,0,0,0,0,50,53,56,57,61,61,64,65,68,68,70,72,70,68,68,69,68,65,65,65,63,62,64,62,58,60,61,56
20260804_015555_897cb2,1785805248837561,978511674,2,2,0,-51,128,0,16,16,15,15,14,13,13,12,12,12,11,11,10,10,10,10,9,9,9,8,8,7,7,6,6,6,0,0,0,0,0,0,0,0,0,0,0,15,16,16,17,18,18,19,19,19,20,19,19,19,19,19,19,18,18,18,18,18,18,17,17,17,17,0,29,26,26,25,24,23,22,21,21,20,19,18,18,18,17,16,15,15,15,13,13,12,11,11,10,10,8,8,0,0,0,0,0,0,0,24,25,26,27,28,30,32,32,34,33,34,34,35,34,34,34,34,33,33,32,32,32,31,32,31,30,30,30
20260804_015555_897cb2,1785805248935837,978611511,2,2,0,-51,128,0,16,15,15,15,14,14,13,13,11,11,11,11,10,9,9,9,9,9,9,8,8,7,7,6,5,5,0,0,0,0,0,0,0,0,0,0,0,14,15,16,16,17,17,18,19,19,19,19,19,19,18,18,19,18,18,18,18,17,17,17,17,17,17,0,56,54,54,49,50,46,45,42,41,38,38,37,36,35,35,33,30,30,28,26,25,21,22,21,20,21,17,16,0,0,0,0,0,0,0,47,49,52,55,56,60,61,65,67,66,68,66,69,67,65,67,65,64,65,63,62,62,63,62,63,60,62,58
20260804_015555_897cb2,1785805249039344,978714517,2,2,0,-53,128,0,14,13,13,11,11,10,10,9,9,9,8,7,7,7,7,6,6,6,5,5,4,4,3,3,3,2,0,0,0,0,0,0,0,0,0,0,0,15,15,15,16,17,18,18,18,18,18,19,19,18,18,17,17,17,16,16,16,16,16,15,15,15,15,0,27,25,24,24,22,21,19,18,17,17,16,15,14,15,13,13,12,12,10,9,8,7,7,6,5,5,4,4,0,0,0,0,0,0,0,27,28,29,31,31,33,33,34,35,36,37,36,36,36,35,35,34,33,34,31,32,31,31,31,31,29,28,28
20260804_015555_897cb2,1785805249138456,978814417,2,2,0,-51,128,0,16,16,15,15,14,14,13,12,13,13,13,12,11,11,11,11,9,9,9,9,8,8,8,7,7,6,0,0,0,0,0,0,0,0,0,0,0,15,16,16,17,18,19,19,19,19,19,19,19,19,19,18,18,18,17,19,18,18,18,17,17,17,17,0,28,28,27,26,25,25,23,22,21,21,21,21,19,19,18,18,17,16,16,15,14,13,13,12,11,10,9,9,0,0,0,0,0,0,0,25,25,27,28,29,31,31,32,34,34,34,34,35,33,33,33,33,33,32,32,32,31,31,31,30,30,30,29
20260804_015555_897cb2,1785805249236288,978912371,2,2,0,-51,128,0,14,14,14,13,13,13,11,11,11,10,10,9,9,9,8,8,8,7,6,6,6,6,5,5,4,4,0,0,0,0,0,0,0,0,0,0,0,15,16,16,17,17,19,19,19,19,20,20,20,19,18,18,19,18,17,18,17,17,17,16,16,16,16,0,27,26,26,25,24,23,22,20,19,19,19,18,15,16,14,15,14,13,12,11,11,11,9,8,6,7,6,6,0,0,0,0,0,0,0,25,27,26,29,29,31,31,35,35,35,35,36,36,36,35,35,34,34,34,31,33,34,31,31,30,30,30,29
20260804_015555_897cb2,1785805249339651,979011644,2,2,0,-52,128,0,16,16,15,15,14,13,12,11,11,10,10,9,9,9,7,8,6,6,5,5,5,4,3,3,3,1,0,0,0,0,0,0,0,0,0,0,0,16,17,17,17,18,19,20,20,21,21,21,21,21,21,21,21,20,20,20,19,19,19,19,18,18,18,0,29,27,26,26,24,22,21,20,20,19,17,16,14,15,13,13,11,11,9,8,6,6,6,4,4,3,2,1,0,0,0,0,0,0,0,25,26,26,28,30,31,33,33,34,36,36,37,37,36,36,36,35,35,35,34,34,34,34,33,33,31,31,30
20260804_015555_897cb2,1785805249437294,979111629,2,2,0,-52,128,0,16,16,14,14,13,13,12,12,11,12,11,11,11,10,10,10,9,9,9,8,8,7,7,6,6,5,0,0,0,0,0,0,0,0,0,0,0,10,11,12,12,13,14,14,16,16,16,16,16,17,16,16,17,16,16,17,16,16,16,16,16,16,16,0,29,29,28,27,26,26,25,25,22,22,21,21,21,20,19,19,19,17,17,16,16,15,14,13,12,11,10,10,0,0,0,0,0,0,0,18,19,20,20,23,25,26,26,28,28,30,32,31,31,31,32,31,32,31,31,31,30,31,31,31,31,31,30
20260804_015555_897cb2,1785805249563921,979235871,2,2,0,-51,128,0,16,16,16,14,13,13,12,12,11,11,10,10,9,9,9,8,8,8,7,7,6,5,5,4,4,4,0,0,0,0,0,0,0,0,0,0,0,16,16,17,18,18,18,19,20,21,21,20,20,20,20,19,20,19,19,18,18,18,18,18,18,18,17,0,55,54,54,48,49,47,44,42,38,38,37,35,33,32,29,29,27,26,24,23,21,17,17,17,15,15,12,10,0,0,0,0,0,0,0,52,54,55,59,59,65,64,69,69,71,71,70,72,72,70,70,70,67,68,64,67,65,64,63,60,62,60,60
20260804_015555_897cb2,1785805249639181,979312423,2,2,0,-52,128,0,15,14,14,13,12,12,11,10,10,9,9,9,9,8,8,8,6,7,6,6,6,5,4,4,4,3,0,0,0,0,0,0,0,0,0,0,0,14,15,15,16,16,17,17,18,18,18,18,18,18,18,18,17,17,16,16,16,16,16,16,16,16,16,0,27,27,26,24,24,23,21,20,18,19,18,17,16,15,15,14,13,12,11,11,9,9,9,7,6,6,5,4,0,0,0,0,0,0,0,25,25,26,27,29,31,32,32,34,34,35,35,36,35,35,34,34,33,33,32,33,32,31,30,30,30,31,28
20260804_015555_897cb2,1785805249748796,979420642,2,2,0,-51,128,0,14,13,13,13,12,11,12,11,11,10,10,9,9,9,8,8,8,8,7,7,6,5,5,5,4,4,0,0,0,0,0,0,0,0,0,0,0,13,14,15,16,16,16,17,17,18,18,18,18,18,18,18,17,17,16,16,16,16,16,15,16,16,16,0,28,27,26,24,23,21,22,20,19,18,17,16,17,16,16,15,16,14,13,11,10,11,10,10,8,10,7,7,0,0,0,0,0,0,0,24,25,24,26,27,29,30,31,33,34,35,34,34,33,34,34,33,32,32,31,32,31,31,31,29,30,29,30
20260804_015555_897cb2,1785805249892068,979566240,2,2,0,-50,128,0,15,15,14,14,13,13,12,11,11,10,9,9,8,8,8,8,7,7,7,5,5,4,4,3,3,3,0,0,0,0,0,0,0,0,0,0,0,16,17,17,18,19,20,21,21,21,21,21,21,20,20,19,19,19,19,19,19,18,18,18,17,17,16,0,27,25,25,23,23,21,21,19,19,17,17,16,15,15,14,13,13,13,11,9,9,8,7,7,7,5,5,4,0,0,0,0,0,0,0,25,27,28,29,30,30,33,35,36,36,36,35,36,35,35,35,34,34,34,33,32,33,31,31,30,31,29,28
20260804_015555_897cb2,1785805249978584,979651437,2,2,0,-52,128,0,16,16,15,15,14,14,13,12,12,12,11,11,11,10,10,10,10,10,9,8,8,7,7,6,6,5,0,0,0,0,0,0,0,0,0,0,0,14,14,15,16,17,18,18,18,18,18,18,19,18,18,18,18,18,18,17,18,18,17,17,17,16,17,0,55,56,52,52,48,47,46,44,42,43,41,39,37,35,36,34,34,32,30,29,27,26,22,22,20,17,17,16,0,0,0,0,0,0,0,46,47,50,51,56,57,59,59,63,64,67,68,67,67,65,65,63,65,62,63,61,62,62,60,62,61,59,59
20260804_015555_897cb2,1785805250037132,979713550,2,2,0,-53,128,0,15,14,14,14,13,12,12,11,11,11,10,10,9,9,9,9,8,8,8,7,6,6,5,5,5,5,0,0,0,0,0,0,0,0,0,0,0,11,12,13,13,14,15,16,16,16,16,16,16,17,16,16,16,16,16,16,17,17,16,16,16,16,16,0,29,28,27,28,26,24,23,22,22,22,20,21,18,20,18,17,17,15,14,14,13,12,11,11,9,8,9,8,0,0,0,0,0,0,0,20,22,22,23,24,26,26,28,30,31,32,31,32,31,33,34,34,32,33,31,31,31,30,32,31,30,31,29
20260804_015555_897cb2,1785805250134447,979811586,2,2,0,-51,128,0,15,15,14,14,13,12,12,11,11,10,10,9,9,8,8,7,7,6,6,5,5,4,4,3,3,2,0,0,0,0,0,0,0,0,0,0,0,15,15,16,17,19,19,20,20,20,21,21,21,20,20,19,19,19,19,19,19,19,19,18,18,17,16,0,27,26,26,24,23,22,20,19,18,18,17,15,15,14,13,13,11,11,10,9,7,7,6,5,5,4,4,3,0,0,0,0,0,0,0,24,25,27,28,29,30,31,33,35,35,36,35,36,36,35,35,35,34,34,33,34,32,32,32,31,32,30,29
20260804_015555_897cb2,1785805250244188,979919767,2,2,0,-51,128,0,14,14,14,13,13,12,12,12,10,10,10,9,9,9,9,9,8,8,7,7,6,6,5,5,4,4,0,0,0,0,0,0,0,0,0,0,0,13,14,14,15,15,16,17,17,17,17,17,17,17,17,17,16,16,16,16,16,16,16,16,16,16,16,0,57,56,54,53,48,48,45,46,43,43,42,36,38,36,35,33,31,31,31,30,27,24,24,22,18,20,16,16,0,0,0,0,0,0,0,46,50,50,53,54,55,62,61,63,64,67,67,68,65,64,67,64,65,62,60,59,61,64,62,60,61,60,61
20260804_015555_897cb2,1785805250342206,980018270,2,2,0,-51,128,0,14,13,13,13,12,12,11,10,9,9,9,8,8,8,8,7,7,6,6,5,5,5,4,4,4,3,0,0,0,0,0,0,0,0,0,0,0,14,15,15,16,16,17,18,18,18,18,17,17,18,17,17,17,17,17,16,16,16,16,16,15,15,15,0,26,27,25,23,23,22,20,19,19,18,18,17,15,14,14,14,13,13,11,11,11,9,9,8,8,7,5,5,0,0,0,0,0,0,0,24,26,25,27,29,30,32,32,33,34,35,36,36,35,34,34,34,34,32,31,32,32,31,31,30,30,30,29
20260804_015555_897cb2,1785805250440717,980113830,2,2,0,-51,128,0,16,15,14,14,13,12,12,11,11,10,10,10,9,8,8,8,7,7,7,7,6,5,5,5,5,4,0,0,0,0,0,0,0,0,0,0,0,15,15,16,17,18,18,19,19,20,20,20,19,19,19,19,18,18,18,18,18,17,17,17,17,17,16,0,28,27,26,25,23,23,21,20,20,19,17,16,15,16,16,15,14,13,14,12,11,10,10,8,8,7,6,7,0,0,0,0,0,0,0,23,25,26,28,28,30,30,30,33,34,34,34,33,34,33,33,33,32,32,32,30,30,29,30,30,29,30,28
20260804_015555_897cb2,1785805250545008,980216026,2,2,0,-52,128,0,16,16,14,15,13,12,12,11,10,10,10,10,9,9,9,9,8,8,8,7,7,6,6,4,4,4,0,0,0,0,0,0,0,0,0,0,0,14,15,16,17,16,17,18,18,19,19,19,19,19,19,18,18,18,18,18,17,17,17,17,17,16,16,0,28,28,25,25,24,24,23,22,21,20,19,17,20,18,17,15,15,14,10,12,11,11,11,10,10,8,8,7,0,0,0,0,0,0,0,25,26,27,28,29,30,32,32,34,35,36,36,36,35,35,35,33,35,35,33,34,33,33,33,31,31,31,30
20260804_015555_897cb2,1785805250644842,980317111,2,2,0,-53,128,0,15,15,14,13,13,13,12,12,11,11,11,10,10,11,9,9,10,8,9,9,7,6,6,6,7,5,0,0,0,0,0,0,0,0,0,0,0,14,15,15,16,17,17,17,17,18,18,18,19,18,18,18,17,17,17,17,17,17,17,16,16,16,16,0,29,28,27,25,26,24,22,22,21,21,21,19,19,19,18,17,20,15,15,17,17,12,13,13,13,10,9,10,0,0,0,0,0,0,0,25,26,27,27,30,30,30,33,33,34,34,35,34,34,34,34,34,33,33,32,32,31,32,32,30,30,30,30
20260804_015555_897cb2,1785805250744422,980416205,2,2,0,-51,128,0,16,15,15,14,14,13,13,12,12,11,11,10,10,11,9,9,9,9,9,8,7,7,6,6,6,5,0,0,0,0,0,0,0,0,0,0,0,15,16,16,18,18,19,19,19,20,20,20,20,19,19,19,19,19,18,18,18,18,18,17,17,17,17,0,29,28,27,26,25,24,23,22,21,22,21,20,19,19,18,18,17,16,16,15,14,12,11,10,10,10,8,8,0,0,0,0,0,0,0,25,26,28,29,30,32,33,34,35,36,36,37,36,36,36,35,35,35,34,33,33,33,33,32,32,31,31,31
20260804_015555_897cb2,1785805250866561,980538369,2,2,0,-52,128,0,16,16,14,15,14,13,13,12,12,12,11,11,11,11,10,10,10,10,9,9,8,8,7,7,6,6,0,0,0,0,0,0,0,0,0,0,0,14,15,16,16,18,18,19,19,19,19,20,20,19,19,18,18,17,17,17,17,17,17,17,17,17,17,0,28,28,26,25,24,24,22,21,21,21,20,19,19,19,18,18,17,17,16,15,15,13,13,12,12,11,10,10,0,0,0,0,0,0,0,23,25,26,28,29,30,31,32,34,34,35,34,35,34,34,34,32,32,32,32,31,31,31,30,30,30,30,30
20260804_015555_897cb2,1785805250972737,980648256,2,2,0,-52,128,0,15,14,14,14,13,13,12,11,11,11,10,10,9,9,9,9,8,8,8,8,6,6,6,5,5,5,0,0,0,0,0,0,0,0,0,0,0,15,15,16,16,16,17,18,18,18,18,18,18,18,18,17,17,17,16,16,16,16,16,16,16,16,15,0,27,26,25,24,23,23,22,22,21,19,19,18,17,17,17,16,15,15,14,14,13,12,11,10,10,9,8,8,0,0,0,0,0,0,0,24,26,26,26,27,29,30,32,33,33,34,33,34,33,33,33,32,31,30,30,30,31,30,30,29,29,28,28
20260804_015555_897cb2,1785805251048112,980723048,2,2,0,-51,128,0,16,15,14,14,13,13,13,13,11,11,11,11,11,11,11,10,10,9,9,9,8,8,8,7,6,6,0,0,0,0,0,0,0,0,0,0,0,13,12,14,14,16,16,16,17,17,18,18,17,17,17,17,17,16,16,16,16,16,17,16,16,16,16,0,55,52,52,50,51,48,47,46,44,41,43,40,41,41,39,37,38,35,35,32,31,29,26,26,23,24,21,21,0,0,0,0,0,0,0,42,44,47,46,50,54,55,57,60,60,62,63,64,62,62,61,60,61,62,57,61,59,60,59,59,59,57,57
20260804_015555_897cb2,1785805251169377,980841194,2,2,0,-52,128,0,16,16,15,15,14,13,13,12,12,12,11,11,10,10,10,9,9,8,8,7,7,6,6,5,4,4,0,0,0,0,0,0,0,0,0,0,0,15,15,16,17,17,18,18,19,20,20,20,20,19,19,19,19,18,18,18,18,17,18,17,17,17,17,0,29,28,27,26,24,24,22,22,21,21,20,19,18,17,17,16,14,14,14,13,12,11,10,9,8,8,8,6,0,0,0,0,0,0,0,24,25,26,27,29,29,31,31,33,33,34,34,34,35,34,34,34,33,33,32,32,32,32,31,31,30,30,30
20260804_015555_897cb2,1785805251238667,980912659,2,2,0,-51,128,0,15,14,14,13,13,12,12,11,11,11,10,10,9,9,8,8,8,8,7,7,6,6,5,5,4,4,0,0,0,0,0,0,0,0,0,0,0,12,13,14,15,15,16,16,17,17,18,18,18,18,17,17,17,17,16,17,17,17,16,16,16,16,16,0,27,28,26,25,24,23,22,22,20,20,19,18,17,17,16,15,15,14,13,12,12,10,10,9,8,7,6,6,0,0,0,0,0,0,0,21,22,23,24,26,27,29,29,31,32,33,33,32,32,34,32,32,33,31,31,31,31,31,31,30,30,30,28
20260804_015555_897cb2,1785805251336630,981012856,2,2,0,-51,128,0,15,14,14,13,13,12,12,11,11,10,10,9,9,9,9,8,8,8,8,7,6,6,6,6,5,5,0,0,0,0,0,0,0,0,0,0,0,12,13,14,14,16,16,17,17,17,18,18,18,18,17,17,17,17,17,17,17,17,17,17,16,16,16,0,28,27,25,25,23,23,22,21,19,19,19,18,17,17,17,16,16,14,14,14,13,12,11,11,10,8,9,9,0,0,0,0,0,0,0,21,22,23,24,27,28,30,30,31,33,33,33,34,34,33,33,32,33,32,33,32,31,30,31,30,30,30,28
20260804_015555_897cb2,1785805251440075,981112584,2,2,0,-52,128,0,15,15,14,14,13,13,12,12,12,11,11,10,10,10,10,10,9,9,8,8,8,7,7,7,7,6,0,0,0,0,0,0,0,0,0,0,0,12,13,14,14,15,16,16,17,18,18,18,18,18,18,19,18,17,17,17,17,17,17,17,17,17,16,0,29,27,26,25,25,24,23,21,21,20,20,19,18,18,17,17,16,16,15,16,14,14,13,12,13,12,11,11,0,0,0,0,0,0,0,20,21,23,25,25,27,28,29,31,31,32,33,33,34,33,33,33,32,32,32,31,31,31,31,31,30,30,31
20260804_015555_897cb2,1785805251538271,981211594,2,2,0,-51,128,0,15,15,14,14,13,13,12,11,11,11,10,10,10,9,10,9,9,9,9,8,7,7,6,6,5,5,0,0,0,0,0,0,0,0,0,0,0,12,13,14,14,16,16,17,17,18,18,18,18,18,18,17,17,17,17,17,17,17,17,16,16,16,16,0,27,27,26,25,24,23,22,22,21,20,20,19,19,18,18,17,17,16,15,15,14,12,11,11,10,9,9,8,0,0,0,0,0,0,0,21,23,24,25,25,27,28,29,30,31,32,32,32,32,32,32,32,32,31,30,30,31,31,30,29,30,29,29
20260804_015555_897cb2,1785805251642276,981313859,2,2,0,-51,128,0,16,15,14,14,13,13,13,12,12,11,11,11,10,10,10,10,10,9,9,9,8,8,7,7,7,6,0,0,0,0,0,0,0,0,0,0,0,14,14,15,16,16,17,17,18,19,18,19,18,19,18,18,18,18,17,18,18,17,17,17,16,16,17,0,29,27,26,25,25,24,22,22,21,21,20,19,18,18,17,17,18,16,16,16,15,13,13,13,11,12,9,11,0,0,0,0,0,0,0,22,24,25,25,28,28,30,31,33,33,34,34,34,34,34,33,33,32,32,33,32,32,31,31,30,31,31,30
20260804_015555_897cb2,1785805251745666,981418717,2,2,0,-51,128,0,14,14,13,13,13,12,12,11,11,10,10,9,9,9,8,8,8,8,7,7,6,7,6,6,6,5,0,0,0,0,0,0,0,0,0,0,0,15,15,16,17,17,17,18,19,19,19,19,19,19,19,18,18,18,17,17,17,16,16,15,15,15,15,0,27,25,25,24,23,21,20,21,20,20,18,17,19,17,16,18,14,15,14,14,14,10,10,9,9,11,9,8,0,0,0,0,0,0,0,26,26,29,28,29,31,33,33,33,36,36,35,36,35,34,35,35,34,33,32,32,30,30,30,30,28,28,28
20260804_015555_897cb2,1785805251837973,981511725,2,2,0,-53,128,0,16,15,15,14,14,13,13,12,11,11,11,10,10,10,10,9,9,9,8,8,7,7,6,6,7,6,0,0,0,0,0,0,0,0,0,0,0,12,12,13,14,14,15,16,16,17,17,17,18,18,18,17,17,17,17,17,17,17,17,17,17,17,16,0,30,30,28,27,25,25,24,23,22,22,21,20,19,18,18,17,17,16,16,14,14,13,13,12,11,11,11,11,0,0,0,0,0,0,0,20,21,22,23,25,26,28,28,31,31,33,33,33,33,33,34,33,34,32,33,32,32,33,33,32,32,32,30
20260804_015555_897cb2,1785805251941191,981611767,2,2,0,-51,128,0,15,14,14,14,14,13,13,12,12,11,11,11,10,10,9,9,9,8,8,8,7,7,6,6,6,5,0,0,0,0,0,0,0,0,0,0,0,12,13,14,14,14,16,17,17,17,17,18,18,18,18,18,18,17,17,17,17,16,17,17,17,17,17,0,28,28,28,26,25,25,23,22,21,21,19,20,19,19,18,17,17,16,16,15,14,13,13,12,11,10,9,10,0,0,0,0,0,0,0,20,22,23,24,26,27,29,29,30,32,32,34,34,34,34,34,34,33,33,32,32,32,33,33,31,33,31,29
20260804_015555_897cb2,1785805252040742,981714150,2,2,0,-50,128,0,16,16,16,16,15,15,13,13,13,13,13,12,12,12,12,11,11,11,11,10,10,10,9,9,9,8,0,0,0,0,0,0,0,0,0,0,0,11,11,12,14,14,15,15,16,16,16,17,17,17,17,17,17,16,17,17,17,17,17,17,17,17,17,0,57,58,55,54,51,53,49,49,47,44,45,46,43,41,41,40,41,41,39,37,36,35,34,32,32,29,29,28,0,0,0,0,0,0,0,37,38,39,43,47,48,51,51,55,58,58,62,62,61,61,62,61,62,63,61,60,62,63,61,63,61,60,59
20260804_015555_897cb2,1785805252140123,981813110,2,2,0,-52,128,0,15,15,14,14,13,13,12,12,11,11,11,10,10,10,10,9,9,9,8,8,7,7,7,6,6,6,0,0,0,0,0,0,0,0,0,0,0,11,12,12,13,14,14,15,16,16,16,17,17,17,17,16,17,16,16,17,17,16,16,16,17,16,16,0,28,28,27,27,25,25,24,22,22,21,20,20,20,19,18,17,17,16,16,15,14,14,13,12,12,11,10,9,0,0,0,0,0,0,0,18,20,20,21,23,25,26,27,29,29,30,31,32,31,33,33,32,31,31,32,31,32,31,31,30,31,30,30
20260804_015555_897cb2,1785805252238093,981911529,2,2,0,-51,128,0,15,15,14,13,13,13,12,12,11,11,11,10,9,9,9,9,9,8,8,8,8,7,6,6,6,6,0,0,0,0,0,0,0,0,0,0,0,13,13,15,16,16,17,17,17,18,18,18,19,18,18,18,18,18,17,17,17,17,17,17,17,17,16,0,28,27,27,25,25,23,22,22,21,20,19,19,18,18,17,17,16,15,15,14,13,13,13,11,11,10,10,10,0,0,0,0,0,0,0,22,23,24,26,26,29,30,31,32,32,34,33,34,34,35,35,34,33,33,32,33,32,32,32,31,31,30,29
20260804_015555_897cb2,1785805252336055,982013362,2,2,0,-53,128,0,14,13,13,12,11,11,11,10,9,9,9,8,8,8,7,7,6,6,6,6,5,5,5,4,4,4,0,0,0,0,0,0,0,0,0,0,0,15,16,16,17,17,18,18,19,19,20,20,20,19,19,19,18,18,17,18,17,17,16,16,16,16,15,0,26,26,25,23,22,21,20,18,17,17,16,16,15,14,13,13,13,12,11,10,9,9,8,8,7,7,6,7,0,0,0,0,0,0,0,26,27,28,29,31,31,34,35,35,36,37,38,37,37,36,36,35,35,34,33,33,33,32,32,30,31,29,29
20260804_015555_897cb2,1785805252439795,982112855,2,2,0,-52,128,0,14,14,14,13,12,12,11,10,10,10,9,9,9,8,8,8,7,7,7,6,6,6,6,5,5,5,0,0,0,0,0,0,0,0,0,0,0,12,13,13,14,14,14,16,16,16,18,18,17,18,17,17,17,16,17,16,17,16,16,17,16,16,15,0,57,55,52,51,48,43,45,43,42,38,37,35,35,31,32,30,30,29,25,27,25,21,21,21,18,17,17,16,0,0,0,0,0,0,0,43,45,47,50,51,52,56,56,61,65,66,65,69,67,66,67,65,66,66,65,64,66,65,64,62,62,62,58
20260804_015555_897cb2,1785805252544209,982215287,2,2,0,-51,128,0,15,14,13,13,13,12,12,10,10,10,9,9,8,8,8,8,7,7,7,6,6,6,6,5,5,4,0,0,0,0,0,0,0,0,0,0,0,13,13,15,15,16,17,17,18,19,19,19,19,19,19,18,18,17,17,16,17,17,17,17,16,17,15,0,54,55,52,52,48,45,40,39,39,38,36,33,32,31,28,28,27,24,25,23,21,21,19,18,17,15,15,15,0,0,0,0,0,0,0,45,47,49,52,56,57,59,61,67,65,65,68,71,69,69,68,65,68,65,64,64,65,62,62,62,62,61,60
20260804_015555_897cb2,1785805252648341,982319072,2,2,0,-51,128,0,17,16,16,15,15,14,13,13,13,12,12,11,11,10,10,10,9,9,9,8,8,7,6,6,6,5,0,0,0,0,0,0,0,0,0,0,0,13,14,15,16,16,17,18,19,19,19,19,19,19,19,19,19,19,19,19,19,19,19,18,18,18,18,0,29,29,27,26,25,24,23,22,21,21,19,19,18,18,17,17,16,15,14,13,13,12,11,10,9,9,9,8,0,0,0,0,0,0,0,20,21,22,24,25,27,28,29,30,31,33,34,33,34,34,34,34,33,34,33,33,32,32,32,31,31,31,31
20260804_015555_897cb2,1785805252740119,982411510,2,2,0,-51,128,0,16,16,16,15,14,14,13,13,12,11,11,11,10,10,9,9,9,9,9,8,8,6,6,6,5,5,0,0,0,0,0,0,0,0,0,0,0,13,13,14,15,16,17,18,18,19,18,18,18,19,19,18,18,18,18,18,18,19,18,18,18,18,17,0,30,29,28,26,26,25,24,22,21,20,20,20,19,19,17,17,15,16,14,14,13,13,10,10,10,9,8,8,0,0,0,0,0,0,0,20,21,23,25,25,28,29,31,31,34,34,34,33,34,34,34,34,33,33,32,33,32,33,33,32,32,32,31
20260804_015555_897cb2,1785805252839387,982511577,2,2,0,-51,128,0,16,15,15,14,14,14,13,12,12,12,11,11,11,10,10,10,9,9,9,8,8,7,7,6,6,6,0,0,0,0,0,0,0,0,0,0,0,13,14,14,15,16,16,17,17,18,18,18,18,18,18,18,18,18,17,18,17,18,17,17,17,17,16,0,29,29,28,27,26,25,24,23,22,22,21,20,20,20,18,17,18,17,16,15,14,13,13,11,11,10,10,9,0,0,0,0,0,0,0,22,23,24,25,27,27,29,30,32,32,33,34,34,34,34,34,34,34,33,33,33,33,33,33,33,31,31,30
20260804_015555_897cb2,1785805252937663,982611800,2,2,0,-52,128,0,14,15,14,14,13,12,12,11,11,10,10,9,9,9,8,8,8,8,7,7,5,5,5,5,4,4,0,0,0,0,0,0,0,0,0,0,0,13,13,14,15,16,16,16,17,17,18,18,18,18,18,17,17,17,17,17,17,17,17,16,16,16,16,0,28,28,27,26,24,24,23,21,20,19,18,18,17,17,16,16,15,14,13,13,12,10,10,9,8,8,7,7,0,0,0,0,0,0,0,22,23,24,25,27,28,30,31,32,32,33,34,34,35,34,35,33,34,33,33,32,32,32,31,31,32,31,30
20260804_015555_897cb2,1785805253042477,982713239,2,2,0,-53,128,0,16,15,15,15,14,13,13,12,12,12,11,10,10,10,10,10,9,9,8,8,7,7,6,5,5,5,0,0,0,0,0,0,0,0,0,0,0,13,14,15,16,16,16,18,18,18,18,19,19,19,19,18,18,18,17,17,17,16,17,16,17,17,16,0,56,54,51,51,49,47,46,43,41,42,41,38,37,35,35,32,32,30,30,27,26,24,22,21,19,18,17,15,0,0,0,0,0,0,0,43,45,49,50,52,56,58,60,63,64,66,68,67,67,67,67,66,66,63,62,62,60,60,62,59,60,58,57
20260804_015555_897cb2,1785805253136296,982811729,2,2,0,-51,128,0,16,15,14,14,13,12,12,11,11,11,10,9,9,9,8,8,7,7,7,6,6,5,4,4,3,4,0,0,0,0,0,0,0,0,0,0,0,14,14,15,16,16,17,18,18,19,19,19,19,19,19,19,19,19,18,17,17,17,17,17,17,16,16,0,28,27,26,25,24,23,22,22,20,19,18,16,17,17,15,14,14,12,12,10,10,10,9,8,8,7,6,6,0,0,0,0,0,0,0,21,23,24,25,28,29,30,31,32,35,35,35,35,34,34,34,33,33,32,31,31,32,32,31,31,30,30,29
20260804_015555_897cb2,1785805253240490,982911578,2,2,0,-51,128,0,17,16,15,15,14,13,13,12,12,12,11,11,10,10,10,9,9,8,8,8,7,7,6,6,5,5,0,0,0,0,0,0,0,0,0,0,0,16,16,17,18,19,19,20,20,20,20,20,20,20,19,19,19,19,19,19,18,18,18,18,18,18,17,0,29,27,26,26,24,23,22,21,21,20,18,17,18,17,17,15,15,13,14,12,12,11,10,9,9,8,8,6,0,0,0,0,0,0,0,24,26,27,28,30,30,32,31,34,35,35,35,34,34,34,34,33,33,32,32,32,32,31,32,31,30,30,29
20260804_015555_897cb2,1785805253344555,983017190,2,2,0,-51,128,0,16,15,14,14,13,13,12,11,11,11,10,10,9,9,9,9,9,8,7,7,7,6,6,6,5,4,0,0,0,0,0,0,0,0,0,0,0,13,13,14,14,15,15,17,17,18,18,18,18,18,18,18,18,18,18,17,17,17,17,17,17,17,16,0,30,28,27,27,25,24,23,22,21,21,20,19,18,17,17,17,16,15,14,14,13,12,12,11,9,9,8,8,0,0,0,0,0,0,0,21,22,24,25,27,28,29,30,31,32,33,34,34,34,33,34,33,34,32,33,32,32,32,32,32,31,31,30
20260804_015555_897cb2,1785805253437958,983111484,2,2,0,-51,128,0,17,16,16,15,14,14,13,13,13,13,12,11,11,11,11,10,10,10,9,9,8,8,7,7,7,6,0,0,0,0,0,0,0,0,0,0,0,13,14,14,15,16,16,17,18,18,19,18,18,19,18,18,19,18,18,18,19,19,18,18,18,17,17,0,60,55,55,53,50,50,48,45,43,44,39,37,41,37,37,36,35,34,33,29,29,25,24,25,23,21,18,17,0,0,0,0,0,0,0,43,45,48,50,49,54,56,59,62,65,65,65,68,65,66,67,66,64,66,66,64,65,65,63,61,62,61,60
20260804_015555_897cb2,1785805253535689,983211540,2,2,0,-49,128,0,16,16,15,14,13,13,13,12,11,11,11,11,10,10,10,9,9,9,8,8,8,7,6,6,6,5,0,0,0,0,0,0,0,0,0,0,0,12,13,14,14,15,16,17,18,18,18,18,18,18,18,18,17,18,17,17,18,16,18,17,17,17,17,0,59,54,52,50,49,46,45,43,43,40,40,38,37,37,34,35,32,32,29,30,29,25,23,23,22,19,18,17,0,0,0,0,0,0,0,42,43,46,48,49,53,53,59,58,60,63,62,62,65,64,62,65,63,62,60,62,60,59,61,60,59,61,59
20260804_015555_897cb2,1785805253639327,983313203,2,2,0,-49,128,0,16,15,15,14,14,13,13,13,12,11,11,10,11,10,10,10,10,10,9,9,9,8,8,8,7,7,0,0,0,0,0,0,0,0,0,0,0,12,13,13,15,15,16,16,17,17,17,18,17,17,17,17,17,17,17,17,17,17,17,17,17,17,16,0,28,27,26,26,25,25,24,23,22,21,21,20,20,19,19,19,17,18,18,17,15,16,15,13,14,12,12,11,0,0,0,0,0,0,0,21,22,22,25,26,27,27,28,29,31,31,32,32,32,31,31,31,32,31,31,30,30,31,30,30,30,30,29
20260804_015555_897cb2,1785805253741611,983413071,2,2,0,-50,128,0,16,16,15,15,14,14,13,12,13,12,12,11,11,11,11,10,9,9,9,9,8,8,7,7,7,7,0,0,0,0,0,0,0,0,0,0,0,13,14,15,15,16,17,17,18,18,19,19,19,19,19,19,18,18,18,18,18,18,18,17,17,17,17,0,28,29,27,26,25,25,24,23,21,21,21,19,19,18,18,18,18,17,17,16,16,13,13,12,12,11,10,10,0,0,0,0,0,0,0,22,23,24,25,27,28,28,29,31,31,33,32,33,33,34,33,32,33,32,32,32,33,32,30,32,32,31,31
20260804_015555_897cb2,1785805253840009,983512013,2,2,0,-50,128,0,16,15,15,14,13,13,12,11,11,11,11,10,9,9,9,9,8,8,8,7,7,6,6,5,5,5,0,0,0,0,0,0,0,0,0,0,0,13,14,15,15,16,17,17,18,18,19,19,19,19,18,18,19,18,18,18,18,18,17,18,17,17,17,0,27,26,26,24,24,22,21,21,20,19,19,18,17,16,16,15,15,15,14,13,13,12,12,10,10,9,8,8,0,0,0,0,0,0,0,21,23,23,24,25,28,28,29,31,31,33,32,32,33,33,32,32,32,32,31,32,30,31,31,30,30,29,28
20260804_015555_897cb2,1785805253943941,983615142,2,2,0,-50,128,0,16,16,16,15,15,14,13,13,12,12,12,11,11,11,10,10,10,9,8,8,8,8,6,6,6,6,0,0,0,0,0,0,0,0,0,0,0,15,16,17,18,18,19,19,20,20,20,20,21,21,20,20,20,20,19,19,19,19,19,18,19,18,17,0,29,27,27,26,25,24,22,22,20,21,20,19,17,18,17,17,16,16,16,14,14,12,11,11,10,10,9,9,0,0,0,0,0,0,0,23,26,27,26,28,31,31,32,34,34,35,34,35,35,34,35,34,34,34,33,33,33,32,33,31,31,31,30
20260804_015555_897cb2,1785805254040999,983713031,2,2,0,-51,128,0,15,14,14,13,13,13,12,11,11,11,11,10,9,9,9,9,8,8,7,7,7,6,6,5,5,4,0,0,0,0,0,0,0,0,0,0,0,14,15,16,17,17,18,18,19,19,19,20,20,20,20,19,19,19,18,18,18,17,17,17,17,17,16,0,28,26,24,25,23,21,20,20,20,18,18,17,15,15,15,15,15,13,13,13,12,11,11,9,10,8,7,7,0,0,0,0,0,0,0,23,25,24,26,28,29,30,31,32,33,33,34,33,35,34,33,33,33,32,32,32,31,30,30,31,30,30,29
20260804_015555_897cb2,1785805254138702,983812009,2,2,0,-52,128,0,16,15,14,14,13,12,12,11,11,11,10,9,9,9,9,8,8,8,7,7,6,6,5,5,5,5,0,0,0,0,0,0,0,0,0,0,0,14,15,15,16,17,17,18,18,19,19,19,19,19,19,19,19,18,18,18,18,18,18,17,17,17,17,0,28,25,25,24,23,22,21,20,20,19,18,17,16,16,15,15,14,13,13,12,11,11,10,9,8,9,7,7,0,0,0,0,0,0,0,22,24,24,26,26,28,29,30,31,32,33,33,33,34,33,33,33,32,32,31,31,31,30,30,30,29,29,28
20260804_015555_897cb2,1785805254238218,983911722,2,2,0,-52,128,0,16,15,15,14,13,13,12,12,11,10,10,10,9,9,9,8,8,8,8,7,7,7,6,6,5,5,0,0,0,0,0,0,0,0,0,0,0,13,14,15,16,16,17,17,18,18,19,19,19,19,19,18,18,18,18,18,18,17,17,17,17,17,16,0,29,28,28,26,25,24,23,22,21,20,19,19,18,17,17,16,16,16,14,15,12,12,11,11,10,10,9,8,0,0,0,0,0,0,0,23,24,25,27,28,29,30,32,33,33,34,34,35,35,36,35,34,34,33,33,33,32,32,32,32,31,32,31
20260804_015555_897cb2,1785805254336472,984011715,2,2,0,-52,128,0,16,15,14,14,13,13,12,11,11,10,10,9,9,9,9,8,8,7,7,6,6,6,4,5,4,4,0,0,0,0,0,0,0,0,0,0,0,12,14,14,14,16,16,17,18,18,19,19,19,19,19,18,18,18,18,17,18,17,17,17,16,17,16,0,27,27,25,25,24,23,21,20,19,19,18,18,16,16,16,15,15,13,14,11,10,11,10,9,8,9,8,6,0,0,0,0,0,0,0,21,22,23,24,25,27,29,29,31,32,32,34,34,33,33,33,33,34,32,32,33,32,32,30,31,30,29,29
20260804_015555_897cb2,1785805254435960,984111785,2,2,0,-54,128,0,15,15,14,13,13,12,12,11,9,9,9,9,9,8,7,7,7,6,6,5,5,4,4,3,3,3,0,0,0,0,0,0,0,0,0,0,0,12,13,13,14,15,16,17,17,17,18,18,18,18,18,18,18,18,17,18,17,17,17,17,17,17,16,0,28,26,26,26,25,22,21,20,19,18,18,16,16,15,14,13,12,12,11,9,10,9,8,7,6,6,5,5,0,0,0,0,0,0,0,19,22,22,23,26,28,29,30,31,31,33,34,35,34,35,35,34,35,34,34,33,33,33,33,32,31,31,30
20260804_015555_897cb2,1785805254539147,984212832,2,2,0,-54,128,0,15,14,14,14,14,12,12,11,11,10,10,9,9,9,9,9,8,8,7,7,7,6,6,5,5,5,0,0,0,0,0,0,0,0,0,0,0,12,12,13,14,14,15,16,16,17,17,18,18,18,18,18,17,18,17,17,17,17,17,17,17,17,16,0,29,28,26,26,24,23,23,21,21,20,19,18,17,17,17,17,16,15,15,13,14,13,12,11,11,9,10,8,0,0,0,0,0,0,0,19,20,21,22,23,25,25,27,30,30,30,32,33,32,33,33,32,32,32,31,32,31,32,31,31,31,30,30
20260804_015555_897cb2,1785805254683060,984355694,2,2,0,-53,128,0,15,15,13,13,13,12,12,11,11,11,11,10,10,10,9,9,9,8,8,7,7,6,6,6,5,5,0,0,0,0,0,0,0,0,0,0,0,13,13,14,15,16,16,16,16,17,17,18,17,17,17,17,17,17,17,16,16,16,16,16,16,16,16,0,27,26,26,25,24,23,22,20,20,19,19,17,17,17,17,19,15,14,16,14,14,12,13,10,9,9,10,9,0,0,0,0,0,0,0,21,23,23,23,25,27,28,29,33,31,33,33,34,33,34,34,31,33,32,32,30,32,31,31,31,29,30,28
20260804_015555_897cb2,1785805254763987,984436095,2,2,0,-52,128,0,14,14,13,13,12,12,12,11,11,10,10,9,9,9,8,8,8,8,7,7,6,6,6,5,5,4,0,0,0,0,0,0,0,0,0,0,0,12,13,14,14,15,15,16,17,17,17,17,17,17,17,17,17,16,16,17,17,16,17,15,15,15,15,0,55,54,55,53,50,46,44,43,41,39,38,39,37,36,34,34,33,32,30,26,29,25,23,23,21,21,18,19,0,0,0,0,0,0,0,44,46,49,50,53,57,58,60,61,63,65,66,68,69,66,66,65,64,65,62,64,63,62,61,62,59,61,58
20260804_015555_897cb2,1785805254839857,984511796,2,2,0,-51,128,0,16,16,15,15,14,14,13,12,12,12,12,11,10,10,10,10,9,9,9,8,8,8,7,7,6,6,0,0,0,0,0,0,0,0,0,0,0,16,15,16,16,17,18,18,19,19,20,20,20,20,19,19,19,19,19,18,18,18,18,18,18,17,17,0,29,28,27,26,25,24,22,22,21,21,21,20,19,19,18,18,17,16,16,14,14,13,12,11,11,11,9,9,0,0,0,0,0,0,0,24,25,26,27,28,30,30,32,32,34,35,33,34,34,34,35,34,34,34,32,33,33,32,32,31,31,31,31
20260804_015555_897cb2,1785805254944440,984619520,2,2,0,-51,128,0,16,15,15,15,14,14,13,12,12,12,12,11,10,10,10,10,9,9,9,8,8,7,7,7,7,6,0,0,0,0,0,0,0,0,0,0,0,15,15,17,17,18,19,19,19,19,20,20,20,20,19,19,19,19,18,19,18,18,18,17,17,17,17,0,27,27,25,24,23,23,21,21,20,20,19,19,18,17,19,16,17,16,15,13,14,13,13,11,11,10,10,9,0,0,0,0,0,0,0,25,25,26,27,29,29,31,31,32,33,34,34,34,34,33,33,33,33,31,32,30,31,31,31,31,29,29,28
20260804_015555_897cb2,1785805255100487,984776652,2,2,0,-50,128,0,16,16,15,14,14,13,12,11,11,11,11,11,9,9,9,9,9,9,8,8,7,6,6,6,6,5,0,0,0,0,0,0,0,0,0,0,0,16,16,17,18,19,19,19,20,20,21,21,21,21,21,20,20,20,19,18,19,19,19,18,18,18,17,0,27,27,27,25,24,22,22,21,21,18,18,18,17,16,17,15,15,14,14,13,13,11,11,11,9,8,8,7,0,0,0,0,0,0,0,25,26,26,28,30,31,31,32,34,35,35,35,35,37,34,35,34,36,33,33,34,33,32,33,32,31,31,30
20260804_015555_897cb2,1785805255153194,984825170,2,2,0,-51,128,0,16,15,14,13,13,13,12,12,10,10,10,9,9,9,9,9,8,8,7,7,7,6,6,5,5,5,0,0,0,0,0,0,0,0,0,0,0,16,16,17,17,19,19,21,20,20,20,20,21,21,20,20,19,19,19,19,19,18,18,17,17,17,17,0,27,27,24,24,24,22,21,18,18,18,17,17,17,16,16,13,14,13,13,12,12,10,10,9,9,7,7,6,0,0,0,0,0,0,0,26,26,28,26,30,32,33,34,34,35,36,37,35,36,35,35,35,34,33,34,33,31,33,32,31,29,29,29
20260804_015555_897cb2,1785805255279718,984953453,2,2,0,-51,128,0,16,15,15,14,14,12,12,11,11,10,10,10,9,9,8,8,8,7,7,6,6,6,5,5,4,4,0,0,0,0,0,0,0,0,0,0,0,14,14,16,16,17,17,18,18,19,20,19,19,19,19,19,19,19,17,18,17,17,18,17,17,17,16,0,29,27,28,25,24,24,22,22,21,21,18,17,17,16,15,14,13,13,12,11,11,11,9,8,8,7,7,6,0,0,0,0,0,0,0,23,25,26,27,28,30,31,32,33,34,35,36,35,35,35,35,35,34,34,34,34,33,32,33,32,30,31,30
20260804_015555_897cb2,1785805255350448,985023617,2,2,0,-52,128,0,14,14,13,12,12,12,10,10,9,9,9,9,9,8,7,7,7,6,6,6,5,5,4,4,4,3,0,0,0,0,0,0,0,0,0,0,0,13,13,14,15,16,17,17,17,19,18,18,18,18,18,18,17,17,17,17,16,16,16,15,15,16,15,0,56,53,49,47,46,45,40,40,38,36,34,34,31,31,31,29,29,25,24,22,22,20,18,18,15,13,13,11,0,0,0,0,0,0,0,45,47,50,54,55,58,61,64,66,68,69,68,69,71,69,69,67,66,64,66,65,63,62,64,60,62,60,61
20260804_015555_897cb2,1785805255449571,985121700,2,2,0,-54,128,0,17,17,16,16,15,14,14,13,12,12,11,11,10,10,10,9,8,8,7,6,6,5,5,4,4,4,0,0,0,0,0,0,0,0,0,0,0,13,14,15,15,17,17,17,18,19,20,19,19,19,19,19,19,19,19,18,18,18,19,18,18,19,17,0,29,29,28,27,25,25,23,22,21,20,19,18,18,16,16,16,13,14,13,12,11,9,9,7,7,7,6,5,0,0,0,0,0,0,0,21,22,23,23,26,26,29,30,31,33,33,34,35,35,35,34,34,35,33,33,33,32,32,32,32,32,32,31
20260804_015555_897cb2,1785805255559190,985235632,2,2,0,-53,128,0,14,14,14,13,12,12,11,11,11,10,10,9,9,9,9,8,8,8,7,7,7,6,6,5,5,5,0,0,0,0,0,0,0,0,0,0,0,14,15,15,17,17,18,18,18,18,19,19,19,18,18,18,17,18,17,17,17,16,16,16,16,16,15,0,27,27,25,25,23,23,22,21,21,20,18,18,17,17,16,16,15,15,14,13,13,11,10,10,10,8,9,7,0,0,0,0,0,0,0,25,26,28,29,30,31,33,34,35,35,36,36,37,36,35,35,34,35,34,32,32,32,31,31,30,30,29,29
20260804_015555_897cb2,1785805255634992,985311751,2,2,0,-52,128,0,14,13,13,12,12,11,11,11,10,10,9,9,8,8,8,7,7,6,6,6,6,5,5,5,4,4,0,0,0,0,0,0,0,0,0,0,0,13,14,14,15,16,17,17,17,18,18,19,18,19,18,18,18,18,17,17,17,16,16,16,16,15,15,0,27,26,25,23,23,22,20,19,18,17,17,16,15,15,14,14,14,13,11,11,11,10,9,9,7,8,7,6,0,0,0,0,0,0,0,23,24,24,26,28,29,29,32,33,34,35,34,35,35,35,35,34,33,33,32,33,32,31,30,30,31,30,29
20260804_015555_897cb2,1785805255738853,985415066,2,2,0,-52,128,0,16,15,14,14,13,13,12,12,11,11,11,10,10,9,9,9,8,8,8,7,7,7,6,6,6,5,0,0,0,0,0,0,0,0,0,0,0,15,16,16,17,18,18,20,20,21,20,20,20,21,21,19,20,19,19,19,19,18,19,18,17,17,16,0,28,26,25,23,22,21,20,20,20,19,19,17,16,16,15,15,14,14,14,13,11,11,10,10,9,8,8,7,0,0,0,0,0,0,0,24,25,27,28,27,31,31,32,34,34,36,35,35,35,35,35,35,35,33,33,33,32,31,31,30,30,30,29
20260804_015555_897cb2,1785805255836613,985511898,2,2,0,-53,128,0,13,12,11,11,9,9,8,8,7,8,7,6,6,5,5,4,4,4,4,3,2,2,2,1,1,1,0,0,0,0,0,0,0,0,0,0,0,15,15,16,17,17,18,19,19,19,20,19,19,19,19,18,18,17,17,16,16,16,15,15,14,14,13,0,25,23,22,21,19,19,17,16,15,15,13,13,11,10,10,9,8,8,6,6,6,5,5,4,2,2,3,2,0,0,0,0,0,0,0,27,28,29,30,31,32,34,35,36,37,38,38,38,38,36,36,35,34,34,34,33,32,30,30,29,28,28,26
20260804_015555_897cb2,1785805255974357,985647864,2,2,0,-51,128,0,14,13,13,12,12,11,11,10,9,9,9,8,8,8,7,7,6,6,6,5,5,4,4,3,3,3,0,0,0,0,0,0,0,0,0,0,0,13,13,14,16,16,17,17,18,18,18,18,18,18,18,17,17,17,17,17,17,16,17,16,16,16,15,0,26,26,25,23,23,23,20,19,18,17,16,15,15,13,14,13,12,11,10,10,9,8,8,7,6,5,5,5,0,0,0,0,0,0,0,22,23,25,26,28,30,30,33,32,35,34,35,36,35,34,34,34,33,32,31,33,33,32,30,30,30,29,28
20260804_015555_897cb2,1785805256051496,985723256,2,2,0,-52,128,0,14,13,13,12,12,11,11,10,9,9,9,8,9,9,8,8,7,7,6,6,6,5,5,5,4,4,0,0,0,0,0,0,0,0,0,0,0,14,14,15,16,16,17,18,18,19,19,18,18,18,18,18,17,17,17,17,16,16,16,15,15,15,15,0,25,25,25,25,23,21,19,20,18,18,17,16,15,16,16,14,14,13,13,11,11,11,12,8,8,9,9,7,0,0,0,0,0,0,0,25,26,27,28,29,33,32,33,34,34,36,34,34,35,33,35,35,33,32,32,32,32,31,29,29,30,30,28
20260804_015555_897cb2,1785805256137898,985812266,2,2,0,-51,128,0,14,14,13,13,13,13,12,12,11,11,11,10,10,10,9,9,9,9,9,8,8,7,7,7,7,7,0,0,0,0,0,0,0,0,0,0,0,13,14,14,15,16,17,17,17,17,17,18,18,18,18,17,17,17,17,16,16,16,16,15,15,16,15,0,27,27,26,25,24,23,22,22,21,19,20,20,19,18,17,17,18,17,17,16,14,15,14,13,12,11,12,12,0,0,0,0,0,0,0,23,24,26,26,28,29,29,31,32,32,34,35,32,34,33,32,33,32,32,31,32,30,30,31,30,29,29,30
20260804_015555_897cb2,1785805256246897,985922704,2,2,0,-56,128,0,14,13,14,12,11,11,10,9,9,9,9,9,7,7,7,6,6,6,5,5,5,4,4,4,4,4,0,0,0,0,0,0,0,0,0,0,0,16,17,17,18,18,20,20,20,20,21,21,21,20,20,20,19,19,18,18,18,17,17,16,16,16,15,0,26,25,24,22,22,19,18,17,17,17,15,14,13,13,13,11,11,9,10,9,9,8,8,8,7,8,7,9,0,0,0,0,0,0,0,27,28,29,30,33,33,35,35,35,36,38,38,37,37,37,37,36,34,33,34,32,32,31,31,29,28,29,27
20260804_015555_897cb2,1785805256335104,986011658,2,2,0,-51,128,0,15,15,14,13,13,12,11,11,10,10,10,9,9,8,8,7,7,7,6,6,5,5,4,4,3,3,0,0,0,0,0,0,0,0,0,0,0,15,16,16,17,18,18,19,20,20,21,20,20,20,20,20,19,19,19,18,18,17,17,17,17,17,16,0,27,26,25,24,23,22,20,19,19,18,17,16,15,15,13,13,12,12,11,10,9,8,7,6,6,5,4,4,0,0,0,0,0,0,0,24,25,26,27,28,30,31,32,33,34,35,35,35,35,35,35,34,34,32,32,32,31,31,31,30,30,29,28
20260804_015555_897cb2,1785805256440613,986114241,2,2,0,-51,128,0,15,16,14,13,13,13,13,11,11,11,11,10,9,9,9,9,9,8,8,6,7,6,6,6,5,5,0,0,0,0,0,0,0,0,0,0,0,17,17,18,19,19,19,20,20,21,21,21,21,21,21,20,20,20,19,19,18,18,18,17,17,17,16,0,27,26,26,23,23,23,21,21,19,19,18,18,17,16,15,16,15,14,13,13,12,11,11,9,8,8,8,7,0,0,0,0,0,0,0,27,28,30,31,31,32,34,34,36,37,37,38,36,36,36,35,35,35,33,33,32,32,31,31,31,30,29,28
20260804_015555_897cb2,1785805256544818,986216496,2,2,0,-53,128,0,13,13,12,12,11,10,10,10,9,9,9,8,8,8,7,7,7,6,7,6,6,6,5,5,5,5,0,0,0,0,0,0,0,0,0,0,0,13,14,14,15,16,16,17,17,17,18,17,18,17,17,16,16,16,16,15,15,15,15,15,15,14,14,0,25,25,24,23,22,21,19,19,18,17,17,15,17,16,14,16,14,13,13,14,12,11,12,9,10,9,10,9,0,0,0,0,0,0,0,24,26,27,28,29,31,31,30,33,33,34,34,34,34,34,35,33,32,32,31,31,31,31,30,29,29,28,28
20260804_015555_897cb2,1785805256655533,986333533,2,2,0,-54,128,0,13,12,11,10,10,9,9,8,8,6,6,6,5,5,4,4,4,3,3,3,2,2,1,1,1,1,0,0,0,0,0,0,0,0,0,0,0,16,16,17,19,18,19,20,19,20,20,20,20,20,18,18,18,18,16,18,17,16,16,14,15,15,14,0,25,23,22,21,18,18,17,15,15,14,12,12,11,10,9,8,9,7,6,5,5,4,4,4,3,3,2,2,0,0,0,0,0,0,0,29,30,30,31,34,34,34,36,36,38,38,37,37,37,36,36,35,33,33,32,31,31,30,30,29,28,27,26
20260804_015555_897cb2,1785805256735679,986412112,2,2,0,-53,128,0,13,13,13,11,11,11,10,9,9,9,8,7,7,7,6,6,5,4,4,4,4,3,2,2,2,1,0,0,0,0,0,0,0,0,0,0,0,16,16,17,18,18,19,19,20,20,21,19,19,20,19,19,19,18,18,18,18,17,17,16,16,16,15,0,26,25,23,22,21,20,19,18,17,15,14,13,13,11,11,10,9,8,8,7,5,5,5,4,4,2,2,2,0,0,0,0,0,0,0,29,28,30,30,33,34,35,35,37,38,38,39,39,38,37,36,36,36,36,34,33,33,33,30,31,30,29,28
20260804_015555_897cb2,1785805256839811,986511882,2,2,0,-51,128,0,15,14,14,13,12,12,11,10,10,9,9,9,9,7,8,7,6,6,6,5,5,4,4,4,3,3,0,0,0,0,0,0,0,0,0,0,0,13,14,15,16,16,17,18,19,19,19,19,18,19,18,18,18,17,17,17,17,17,17,17,17,16,16,0,26,26,24,24,22,22,21,19,18,18,17,16,15,14,14,13,12,11,11,10,9,8,8,6,6,6,5,4,0,0,0,0,0,0,0,23,25,25,26,28,29,30,32,33,33,34,35,35,35,35,34,33,35,33,33,33,33,32,30,31,30,30,29
20260804_015555_897cb2,1785805256943719,986616105,2,2,0,-51,128,0,14,13,13,13,13,12,11,11,9,9,9,9,8,8,7,7,7,7,6,5,5,4,4,4,4,3,0,0,0,0,0,0,0,0,0,0,0,14,14,15,16,17,17,17,18,18,19,19,19,19,19,18,18,18,17,18,17,17,17,17,17,16,16,0,27,25,23,24,22,22,19,19,17,17,16,15,15,14,14,13,13,12,10,10,9,9,7,7,7,6,6,6,0,0,0,0,0,0,0,22,23,24,26,27,30,30,30,32,34,35,34,34,34,34,34,33,32,32,31,32,31,31,31,30,30,29,28
20260804_015555_897cb2,1785805257037655,986711833,2,2,0,-52,128,0,16,15,14,14,13,13,11,11,11,10,10,9,9,8,8,8,6,6,7,6,4,4,4,4,4,3,0,0,0,0,0,0,0,0,0,0,0,15,16,17,17,18,19,19,19,20,20,20,20,20,19,19,19,19,19,19,18,18,18,18,17,17,17,0,28,26,25,24,22,22,21,19,18,18,17,16,15,15,13,14,12,11,11,10,9,8,8,7,6,5,4,4,0,0,0,0,0,0,0,24,26,26,27,28,31,31,33,33,34,36,36,35,36,35,34,35,33,33,32,32,32,32,31,30,30,30,29
20260804_015555_897cb2,1785805257135775,986811656,2,2,0,-51,128,0,15,15,15,14,14,12,12,12,11,11,10,10,9,9,9,8,8,8,7,7,6,6,6,5,5,4,0,0,0,0,0,0,0,0,0,0,0,14,15,16,16,18,18,18,18,20,20,19,19,19,19,19,19,19,18,18,18,18,18,18,18,17,16,0,55,53,51,48,47,46,42,40,38,39,35,34,32,33,30,29,29,26,25,24,22,21,19,19,17,16,13,14,0,0,0,0,0,0,0,48,50,52,55,57,61,63,64,65,68,69,69,69,69,69,69,69,67,65,65,64,65,64,62,60,61,60,57
20260804_015555_897cb2,1785805257240057,986911758,2,2,0,-51,128,0,15,15,14,13,13,13,13,11,11,10,10,10,9,9,9,9,9,8,8,7,7,6,5,5,4,4,0,0,0,0,0,0,0,0,0,0,0,15,15,16,17,17,18,18,19,19,19,19,19,19,19,18,18,18,18,18,18,17,17,17,17,17,16,0,58,55,53,50,50,47,42,40,40,38,38,36,34,35,32,31,28,30,26,23,22,22,18,17,19,16,14,14,0,0,0,0,0,0,0,48,54,52,57,58,62,63,64,66,68,69,68,69,70,70,70,69,68,67,64,66,63,63,64,61,64,61,58
20260804_015555_897cb2,1785805257338703,987014795,2,2,0,-52,128,0,14,14,13,14,12,11,10,10,9,9,8,7,7,6,6,6,5,5,4,4,4,3,2,2,2,2,0,0,0,0,0,0,0,0,0,0,0,15,16,16,17,18,19,19,20,20,20,20,20,20,20,19,19,18,18,18,18,17,17,17,17,16,15,0,26,26,24,24,21,21,20,18,17,17,15,14,13,13,12,11,11,9,9,7,7,6,4,3,3,2,3,2,0,0,0,0,0,0,0,26,27,27,27,31,31,33,33,35,35,36,37,35,37,36,36,33,37,33,35,32,33,32,31,32,31,30,30
20260804_015555_897cb2,1785805257439741,987112332,2,2,0,-48,128,0,16,16,15,14,14,13,13,12,12,11,11,10,11,10,10,10,10,9,9,8,8,8,8,7,7,7,0,0,0,0,0,0,0,0,0,0,0,14,14,15,15,16,17,18,18,18,19,19,19,19,18,18,18,18,18,18,18,17,17,17,17,17,16,0,30,28,26,27,25,25,24,23,22,22,20,20,20,19,19,18,17,16,16,16,16,15,16,13,13,13,12,11,0,0,0,0,0,0,0,23,24,25,26,28,28,30,30,32,33,34,35,33,34,33,33,32,32,32,32,31,32,32,33,31,31,31,29
20260804_015555_897cb2,1785805257538710,987211864,2,2,0,-51,128,0,14,14,13,12,11,11,10,9,10,9,8,7,7,7,7,6,6,6,5,5,5,4,4,3,3,3,0,0,0,0,0,0,0,0,0,0,0,15,15,16,17,17,17,18,18,18,19,19,19,19,19,19,17,17,17,17,17,17,17,15,15,15,15,0,25,26,24,23,21,21,19,17,17,17,16,13,13,13,13,12,11,10,10,9,9,8,8,7,6,6,5,5,0,0,0,0,0,0,0,25,26,28,27,30,31,32,31,33,34,36,35,34,34,34,34,34,33,32,31,32,30,31,30,30,29,28,28
20260804_015555_897cb2,1785805257636521,987312040,2,2,0,-47,128,0,14,14,13,13,12,12,12,12,11,11,11,10,10,10,11,11,10,10,10,10,9,9,9,9,9,9,0,0,0,0,0,0,0,0,0,0,0,14,15,16,16,16,17,17,18,18,18,18,18,18,17,17,17,17,16,16,16,16,16,15,16,15,15,0,26,24,24,24,22,22,22,21,20,20,20,19,19,19,19,19,19,18,19,18,18,17,16,16,16,15,15,14,0,0,0,0,0,0,0,24,25,25,27,28,29,30,31,32,32,33,33,33,32,32,31,31,31,30,30,29,30,29,28,27,28,28,26
20260804_015555_897cb2,1785805257740557,987411958,2,2,0,-48,128,0,15,15,14,14,13,13,13,12,12,12,11,11,10,10,10,10,10,10,10,10,10,9,9,8,8,8,0,0,0,0,0,0,0,0,0,0,0,15,16,17,17,18,18,19,19,19,19,20,20,19,19,18,19,17,18,17,17,17,17,17,16,16,16,0,27,27,26,24,23,23,22,21,20,21,20,19,18,18,18,18,18,17,17,17,17,15,15,14,14,13,13,12,0,0,0,0,0,0,0,25,27,27,28,29,30,31,31,33,34,35,35,34,34,33,34,32,33,32,32,31,31,31,30,30,29,30,29
20260804_015555_897cb2,1785805257839349,987511583,2,2,0,-47,128,0,15,15,15,14,14,13,13,12,11,12,11,10,10,10,10,10,10,10,10,10,9,9,9,8,8,8,0,0,0,0,0,0,0,0,0,0,0,16,16,17,17,18,18,19,19,19,19,19,19,19,18,19,18,18,17,17,17,17,17,17,17,17,16,0,27,27,26,25,24,24,22,21,20,21,20,19,19,18,18,17,18,17,17,16,16,15,15,13,13,13,12,12,0,0,0,0,0,0,0,26,27,27,28,30,31,32,32,34,34,34,35,35,34,34,32,32,33,32,32,31,31,31,31,30,30,29,29
20260804_015555_897cb2,1785805257938234,987611625,2,2,0,-47,128,0,16,16,15,14,13,13,13,12,11,11,11,11,10,10,10,10,10,10,10,9,9,8,8,8,8,7,0,0,0,0,0,0,0,0,0,0,0,15,16,17,18,18,18,20,19,19,20,20,20,20,19,19,19,19,18,19,18,17,17,17,17,17,17,0,27,26,25,24,24,23,22,22,20,19,18,18,17,17,17,17,17,16,16,16,15,14,14,13,13,12,12,12,0,0,0,0,0,0,0,25,26,26,28,28,30,32,32,34,34,34,34,34,34,34,33,33,33,32,32,31,32,31,31,31,30,29,29
20260804_015555_897cb2,1785805258036727,987711658,2,2,0,-49,128,0,14,15,14,14,13,12,12,12,11,11,10,10,10,9,9,8,8,8,7,7,6,6,6,5,5,4,0,0,0,0,0,0,0,0,0,0,0,16,17,18,18,19,19,20,21,21,21,21,20,21,20,19,19,19,18,18,18,18,17,16,17,17,16,0,26,26,25,24,22,23,21,20,19,20,18,17,16,15,16,15,14,14,13,13,12,11,10,10,8,8,8,8,0,0,0,0,0,0,0,27,28,29,30,31,32,33,35,35,35,36,35,36,35,36,34,34,33,33,32,32,32,31,30,31,30,28,27
20260804_015555_897cb2,1785805258139915,987812021,2,2,0,-50,128,0,17,16,16,14,14,13,13,13,12,12,11,11,10,9,9,9,8,10,9,8,8,8,7,8,6,6,0,0,0,0,0,0,0,0,0,0,0,15,17,17,17,18,19,20,20,20,20,20,20,20,20,20,19,20,19,19,19,19,18,18,18,18,17,0,28,26,26,24,24,24,21,21,20,20,19,17,18,17,16,16,16,16,16,14,14,12,12,11,11,11,9,11,0,0,0,0,0,0,0,24,24,25,27,28,30,30,33,34,33,34,34,34,34,35,34,34,33,32,32,32,33,31,33,30,30,30,28
20260804_015555_897cb2,1785805258238844,987911753,2,2,0,-49,128,0,16,16,15,14,14,13,12,12,11,11,10,10,9,10,10,9,9,9,9,8,8,7,6,6,6,6,0,0,0,0,0,0,0,0,0,0,0,12,13,13,15,15,16,16,17,18,18,19,18,18,18,18,18,17,17,17,18,18,18,17,18,17,17,0,29,27,26,26,24,23,23,22,22,21,20,19,18,17,17,17,17,16,16,15,14,13,12,11,12,10,9,9,0,0,0,0,0,0,0,19,21,21,22,25,26,27,29,30,31,32,32,32,33,33,33,33,32,33,32,32,31,31,31,30,30,31,30
20260804_015555_897cb2,1785805258342983,988015557,2,2,0,-50,128,0,15,15,14,14,13,13,12,11,11,10,10,9,9,10,9,9,9,8,8,8,7,7,7,7,6,6,0,0,0,0,0,0,0,0,0,0,0,13,14,15,16,16,17,17,18,18,18,18,18,19,18,18,18,18,18,18,17,17,17,17,17,16,16,0,30,29,28,26,25,24,23,22,21,21,19,19,19,19,17,17,17,16,14,14,13,14,13,12,12,10,11,9,0,0,0,0,0,0,0,22,24,25,26,28,28,29,30,33,33,34,34,35,34,35,34,33,33,32,33,32,33,33,32,32,31,31,29
20260804_015555_897cb2,1785805258440804,988115917,2,2,0,-53,128,0,14,14,13,13,11,11,10,9,9,8,8,7,7,6,6,6,5,5,5,5,4,4,4,4,4,3,0,0,0,0,0,0,0,0,0,0,0,12,13,14,15,16,16,17,17,18,18,18,18,19,18,18,19,18,18,17,17,17,17,17,16,16,15,0,28,25,25,23,21,21,19,18,18,16,16,14,13,13,12,12,11,11,9,9,9,8,7,7,6,6,6,6,0,0,0,0,0,0,0,20,22,23,24,26,28,29,30,32,33,35,35,36,35,36,36,35,34,34,33,34,33,32,32,31,31,30,29
20260804_015555_897cb2,1785805258534222,988211900,2,2,0,-53,128,0,14,13,13,12,11,11,10,9,9,9,9,8,7,7,6,6,6,6,5,4,4,4,4,4,3,3,0,0,0,0,0,0,0,0,0,0,0,13,14,15,16,17,17,17,18,18,19,19,19,19,19,19,18,18,17,18,17,17,17,16,16,15,15,0,27,26,24,23,21,21,20,18,17,16,16,14,13,13,13,12,11,10,9,9,9,8,7,7,7,6,6,6,0,0,0,0,0,0,0,25,25,26,27,30,30,31,33,35,36,36,38,37,37,36,36,36,36,35,33,34,33,32,32,32,30,30,28
20260804_015555_897cb2,1785805258644233,988321360,2,2,0,-55,128,0,13,12,11,10,10,9,9,8,7,7,6,5,5,5,5,4,4,4,4,3,4,4,4,3,3,3,0,0,0,0,0,0,0,0,0,0,0,15,15,16,17,17,18,18,20,20,20,20,20,19,20,19,18,18,17,17,17,16,16,15,15,15,14,0,24,23,21,20,18,18,17,15,14,14,12,11,11,10,9,8,8,8,8,7,7,6,7,7,6,7,6,7,0,0,0,0,0,0,0,28,28,29,29,31,31,34,34,36,36,36,38,37,36,36,36,34,35,33,33,32,32,32,31,29,29,29,26
20260804_015555_897cb2,1785805258741745,988411529,2,2,0,-60,128,0,11,12,11,11,11,11,11,10,10,11,11,11,11,12,12,12,13,13,13,13,13,13,14,14,13,13,0,0,0,0,0,0,0,0,0,0,0,14,14,15,15,16,15,16,17,17,17,17,18,17,16,16,17,16,16,15,15,15,14,14,14,14,12,0,22,22,21,20,20,20,20,19,19,20,20,20,21,22,23,23,24,24,25,25,25,25,26,25,25,25,24,25,0,0,0,0,0,0,0,25,25,26,26,27,28,30,30,31,32,32,33,32,33,32,32,30,30,30,28,28,28,28,26,26,26,24,23
20260804_015555_897cb2,1785805258839298,988513848,2,2,0,-58,128,0,15,16,16,16,15,16,16,16,16,16,16,17,17,17,18,18,18,19,19,19,18,18,18,18,18,17,0,0,0,0,0,0,0,0,0,0,0,7,7,7,7,9,9,9,9,10,11,11,11,12,12,12,13,13,12,13,13,13,13,14,15,15,15,0,27,28,28,26,28,28,28,27,29,28,29,30,31,32,32,32,34,33,34,34,33,34,33,32,31,31,30,30,0,0,0,0,0,0,0,12,11,12,12,12,13,13,14,15,17,17,19,19,21,21,21,23,22,22,21,24,23,25,23,23,26,26,26
20260804_015555_897cb2,1785805258936639,988611690,2,2,0,-54,128,0,16,16,16,16,15,15,14,14,14,14,15,14,14,13,13,14,14,15,13,15,13,13,14,12,12,11,0,0,0,0,0,0,0,0,0,0,0,10,10,12,11,12,13,13,14,14,15,15,15,15,16,15,16,16,16,15,16,16,16,17,16,16,16,0,29,30,29,29,26,28,26,27,26,26,26,25,25,23,27,27,23,26,25,28,29,24,24,19,22,21,21,20,0,0,0,0,0,0,0,17,18,19,19,21,21,23,23,25,25,26,28,27,28,28,28,28,30,28,29,28,29,29,30,30,29,31,29
20260804_015555_897cb2,1785805259041384,988711565,2,2,0,-52,128,0,15,15,14,14,13,13,13,13,12,12,11,11,11,12,12,12,12,12,11,10,11,10,9,8,9,8,0,0,0,0,0,0,0,0,0,0,0,12,12,13,14,14,15,16,16,17,17,17,17,17,17,17,17,17,17,17,16,16,17,16,16,16,16,0,28,28,29,27,26,26,24,23,22,22,23,21,23,22,22,21,22,21,17,21,20,16,18,17,16,17,17,16,0,0,0,0,0,0,0,20,22,23,24,25,27,28,29,30,31,32,32,32,33,32,32,32,32,32,32,32,32,31,31,32,31,31,30
20260804_015555_897cb2,1785805259138667,988811777,2,2,0,-52,128,0,15,16,15,15,15,14,14,14,14,14,13,13,13,12,13,13,13,13,13,12,11,11,11,11,11,11,0,0,0,0,0,0,0,0,0,0,0,11,11,11,11,13,14,14,14,15,15,16,16,16,16,16,16,16,16,16,16,16,16,16,16,16,16,0,60,59,56,56,53,53,52,51,49,50,50,49,48,46,49,48,48,46,48,46,45,44,42,42,41,40,39,37,0,0,0,0,0,0,0,33,36,37,39,43,44,46,49,52,54,57,57,57,58,60,59,57,61,59,60,59,60,60,60,61,59,59,60
20260804_015555_897cb2,1785805259242563,988912624,2,2,0,-51,128,0,16,17,17,16,15,15,15,15,15,15,14,14,15,15,15,15,15,15,15,14,14,14,13,13,12,12,0,0,0,0,0,0,0,0,0,0,0,9,9,10,10,11,11,13,13,13,14,13,14,14,14,14,15,14,16,15,15,15,16,16,17,17,16,0,59,60,58,57,56,57,55,55,54,55,53,54,54,55,55,54,55,53,54,53,53,50,48,47,46,43,42,43,0,0,0,0,0,0,0,28,29,31,32,36,36,39,41,42,46,47,49,50,52,52,52,54,54,55,55,56,56,57,59,59,59,60,58
20260804_015555_897cb2,1785805259345591,989016605,2,2,0,-51,128,0,15,15,14,14,14,14,14,13,13,13,13,13,13,13,13,13,13,13,13,13,12,12,11,11,11,11,0,0,0,0,0,0,0,0,0,0,0,6,7,7,8,8,9,9,10,10,11,11,12,12,12,12,12,13,13,13,13,14,14,14,14,15,14,0,61,60,59,59,59,57,56,55,54,56,56,54,53,54,53,55,54,54,53,52,52,49,48,47,44,43,42,41,0,0,0,0,0,0,0,25,26,27,29,31,34,36,38,41,41,43,45,47,49,49,49,50,52,53,53,54,55,56,56,58,58,60,59
20260804_015555_897cb2,1785805259438384,989113709,2,2,0,-50,128,0,16,16,16,16,16,15,15,15,15,14,15,15,15,15,15,15,15,15,15,15,14,13,13,13,13,13,0,0,0,0,0,0,0,0,0,0,0,9,9,9,10,10,11,11,12,13,13,13,14,14,14,14,14,15,14,15,15,15,15,16,16,16,16,0,60,59,60,57,59,58,58,57,54,55,56,55,55,56,57,59,56,56,56,54,51,51,50,50,49,48,44,46,0,0,0,0,0,0,0,28,29,32,33,36,39,38,43,44,46,45,48,48,49,49,51,52,52,55,53,56,55,58,57,56,59,60,58
20260804_015555_897cb2,1785805259542705,989212478,2,2,0,-50,128,0,17,17,17,17,17,17,16,16,16,16,16,16,16,15,15,16,17,15,16,15,15,15,14,14,13,13,0,0,0,0,0,0,0,0,0,0,0,9,9,10,10,11,12,12,12,13,13,14,14,14,14,14,14,15,14,15,16,15,15,16,17,17,17,0,59,58,56,60,58,56,55,55,55,55,55,56,55,56,55,56,55,55,55,54,54,52,52,51,48,45,45,45,0,0,0,0,0,0,0,28,31,32,35,36,40,39,42,42,43,45,47,47,48,48,49,50,49,52,50,52,55,54,55,54,59,58,58
20260804_015555_897cb2,1785805259641795,989311704,2,2,0,-54,128,0,15,15,15,15,15,15,14,14,14,14,14,14,14,14,14,14,14,14,14,14,14,13,13,13,13,12,0,0,0,0,0,0,0,0,0,0,0,6,6,6,6,8,8,9,9,9,10,10,11,11,11,12,12,12,12,12,14,14,14,14,14,15,14,0,61,61,61,61,59,59,57,57,57,58,57,57,56,58,58,57,58,57,57,57,55,55,54,51,52,49,48,47,0,0,0,0,0,0,0,22,22,23,23,26,28,31,31,34,37,40,41,43,44,46,47,46,49,48,51,52,54,56,56,58,58,61,60
20260804_015555_897cb2,1785805259739301,989411875,2,2,0,-54,128,0,16,16,16,16,15,15,14,14,14,13,13,13,13,13,13,13,13,13,13,13,12,11,11,11,11,10,0,0,0,0,0,0,0,0,0,0,0,9,10,11,12,12,13,13,14,15,15,15,16,16,16,16,16,16,16,16,16,16,17,16,16,16,16,0,60,59,58,56,56,53,53,53,51,51,50,48,48,49,47,48,46,46,46,46,44,43,41,39,38,37,35,36,0,0,0,0,0,0,0,32,33,35,37,39,42,45,48,51,52,54,56,57,58,57,59,59,60,61,60,60,59,61,63,59,61,62,59
20260804_015555_897cb2,1785805259838076,989511696,2,2,0,-54,128,0,17,16,16,15,15,14,14,13,13,12,12,11,10,10,10,10,9,9,8,8,7,6,6,6,5,5,0,0,0,0,0,0,0,0,0,0,0,12,13,13,14,15,15,17,18,18,18,18,19,19,19,18,18,18,18,19,19,19,19,18,18,18,17,0,31,29,30,27,27,25,24,23,22,22,20,20,19,18,18,18,16,16,15,14,13,12,11,10,9,10,8,9,0,0,0,0,0,0,0,18,19,21,22,23,26,26,29,30,32,32,33,34,34,34,34,34,33,34,33,34,34,33,33,34,33,33,33
20260804_015555_897cb2,1785805259936984,989611612,2,2,0,-51,128,0,17,17,15,15,14,14,13,12,12,11,11,10,9,9,9,8,8,7,7,6,6,5,5,4,4,3,0,0,0,0,0,0,0,0,0,0,0,14,14,15,16,17,18,19,19,20,21,20,20,20,20,19,20,19,20,19,19,19,19,19,19,18,18,0,29,27,27,25,25,23,22,21,19,18,18,17,16,16,15,15,12,13,11,10,9,8,8,7,6,6,5,4,0,0,0,0,0,0,0,22,22,24,25,26,29,28,32,32,33,34,34,34,35,35,34,34,34,35,33,34,33,33,33,31,32,31,31
20260804_015555_897cb2,1785805260035992,989712250,2,2,0,-52,128,0,16,16,15,14,13,13,12,12,11,11,10,9,9,9,9,8,8,8,6,6,5,5,4,4,4,3,0,0,0,0,0,0,0,0,0,0,0,14,14,15,16,17,17,18,18,20,20,20,20,21,19,19,20,19,19,18,19,18,19,18,18,18,18,0,28,28,26,26,24,23,22,21,20,19,17,17,17,15,15,15,13,12,12,10,10,8,8,7,6,6,5,4,0,0,0,0,0,0,0,21,22,24,25,26,28,30,30,33,33,34,35,35,35,36,35,34,35,34,34,33,33,34,34,33,33,33,31
20260804_015555_897cb2,1785805260138535,989811148,2,2,0,-52,128,0,15,14,14,13,13,12,11,10,9,9,9,9,8,8,7,7,6,6,6,5,4,4,4,4,2,2,0,0,0,0,0,0,0,0,0,0,0,12,13,14,15,15,16,17,17,17,18,18,18,18,18,18,18,18,17,18,18,17,17,17,17,16,16,0,28,26,26,24,23,22,20,19,18,18,17,16,14,14,13,13,12,11,11,8,8,7,7,6,5,4,4,4,0,0,0,0,0,0,0,21,22,23,24,26,28,29,30,32,33,34,35,35,35,35,35,34,34,33,33,33,34,33,31,32,31,31,30
20260804_015555_897cb2,1785805260236858,989913292,2,2,0,-54,128,0,14,14,12,11,11,10,9,9,8,7,7,7,6,6,5,5,4,4,4,4,3,3,1,1,1,1,0,0,0,0,0,0,0,0,0,0,0,13,13,14,15,16,17,18,18,19,19,19,19,19,19,19,18,17,17,17,17,17,17,16,16,16,15,0,25,25,23,22,21,20,18,16,15,15,14,13,12,11,10,9,9,8,7,6,4,4,4,4,3,2,2,1,0,0,0,0,0,0,0,23,24,25,26,28,30,31,33,34,35,35,36,37,37,36,36,34,36,34,34,34,33,33,31,31,30,29,28
20260804_015555_897cb2,1785805260335733,990011680,2,2,0,-55,128,0,13,12,12,11,11,10,9,9,8,8,7,7,6,6,6,6,5,5,4,4,4,4,4,4,4,3,0,0,0,0,0,0,0,0,0,0,0,13,14,15,16,16,17,18,18,19,19,20,20,19,19,19,18,18,17,18,17,16,16,16,16,15,14,0,25,24,23,22,20,20,19,17,14,14,13,14,12,11,11,10,11,9,9,8,8,8,7,7,6,6,6,5,0,0,0,0,0,0,0,23,24,26,27,28,29,32,32,34,36,36,36,36,35,36,35,34,34,33,32,32,32,33,31,31,31,29,28
20260804_015555_897cb2,1785805260440033,990111922,2,2,0,-52,128,0,15,14,14,13,13,12,11,11,10,10,9,9,8,8,8,7,7,6,6,6,5,5,4,4,3,3,0,0,0,0,0,0,0,0,0,0,0,12,12,13,14,15,16,16,17,17,18,18,18,18,18,18,17,17,17,17,17,17,17,16,16,16,16,0,29,29,27,25,24,23,22,21,19,19,18,17,16,15,15,14,13,13,12,11,10,9,9,8,8,6,5,5,0,0,0,0,0,0,0,19,21,22,24,25,27,28,29,31,32,34,35,34,35,34,35,34,34,34,34,34,34,34,34,32,32,32,31
20260804_015555_897cb2,1785805260539024,990213685,2,2,0,-50,128,0,14,14,14,13,12,12,11,11,10,10,9,9,8,8,8,9,8,8,7,6,6,5,5,5,4,4,0,0,0,0,0,0,0,0,0,0,0,12,12,12,13,14,14,15,16,16,17,17,16,16,16,16,16,16,16,16,16,16,16,16,16,16,15,0,57,56,52,52,48,47,44,42,41,41,39,37,35,35,33,32,31,29,29,28,27,24,23,23,19,19,19,16,0,0,0,0,0,0,0,40,43,46,47,50,52,56,59,59,65,65,66,67,66,67,67,66,65,65,65,64,64,62,64,63,63,63,59
20260804_015555_897cb2,1785805260637225,990312614,2,2,0,-55,128,0,16,15,14,13,12,12,11,9,9,9,8,6,6,6,6,4,4,4,4,3,2,1,1,1,1,1,0,0,0,0,0,0,0,0,0,0,0,13,14,14,16,17,17,19,20,19,20,20,20,21,20,20,20,20,19,19,19,18,18,18,18,17,17,0,29,26,25,24,22,21,19,18,16,15,14,13,12,11,10,9,7,7,6,6,4,4,3,2,2,3,2,2,0,0,0,0,0,0,0,21,23,24,26,27,29,30,33,34,35,37,36,37,37,38,37,37,37,36,34,35,35,34,34,33,33,31,31
20260804_015555_897cb2,1785805260734284,990411460,2,2,0,-55,128,0,16,15,14,14,12,11,10,9,9,9,8,7,7,6,6,6,5,5,4,4,3,3,4,3,2,3,0,0,0,0,0,0,0,0,0,0,0,15,15,16,17,18,18,19,20,21,21,21,21,21,20,20,20,19,19,19,19,18,18,18,18,17,17,0,28,27,25,24,22,21,18,17,17,15,14,13,12,11,11,10,9,8,7,7,6,6,6,5,4,4,4,4,0,0,0,0,0,0,0,24,25,26,28,29,30,32,34,36,36,37,38,38,38,37,37,37,37,36,35,35,34,35,34,32,32,30,30
20260804_015555_897cb2,1785805260839361,990511189,2,2,0,-56,128,0,16,16,15,14,13,13,12,11,11,10,10,9,9,8,7,7,7,6,6,5,5,4,4,4,4,3,0,0,0,0,0,0,0,0,0,0,0,12,13,14,15,16,16,17,18,18,19,19,19,19,19,19,19,19,19,19,19,19,19,18,18,18,17,0,30,29,28,27,25,24,23,21,19,18,18,16,16,15,14,13,12,10,10,9,8,7,7,5,6,5,5,4,0,0,0,0,0,0,0,20,22,23,24,26,28,29,31,32,33,35,35,35,36,36,36,36,36,35,34,36,36,35,35,33,34,34,32
20260804_015555_897cb2,1785805260936778,990611889,2,2,0,-54,128,0,14,14,14,13,12,12,12,11,10,10,9,9,9,9,8,8,8,7,7,7,6,6,6,6,6,5,0,0,0,0,0,0,0,0,0,0,0,11,12,13,13,14,15,16,16,16,18,17,18,17,18,18,18,17,16,16,17,17,17,16,17,16,16,0,56,57,53,52,50,49,46,43,40,39,39,37,36,34,32,32,34,31,32,31,27,27,27,25,25,24,22,23,0,0,0,0,0,0,0,39,42,42,46,50,53,57,59,63,63,66,69,68,67,67,69,67,70,68,67,68,68,66,65,64,65,62,61
20260804_015555_897cb2,1785805261040555,990715404,2,2,0,-57,128,0,15,14,13,12,11,10,9,9,7,7,6,5,5,4,3,3,3,2,2,1,1,2,2,2,2,2,0,0,0,0,0,0,0,0,0,0,0,15,16,16,18,18,18,20,20,21,21,21,21,21,21,21,20,20,20,19,19,18,18,18,17,17,16,0,54,51,48,42,40,38,33,32,27,25,22,21,18,16,10,9,9,7,6,8,8,6,7,10,9,9,10,10,0,0,0,0,0,0,0,51,55,56,58,60,64,65,70,71,72,76,77,76,76,77,77,76,74,74,70,72,70,68,67,64,66,62,59
20260804_015555_897cb2,1785805261137952,990812861,2,2,0,-56,128,0,16,16,15,13,13,13,11,11,10,9,9,8,8,7,7,6,6,6,5,4,4,4,3,3,3,3,0,0,0,0,0,0,0,0,0,0,0,15,15,17,17,18,18,19,20,20,21,21,20,21,21,20,20,19,20,19,19,19,18,18,18,17,17,0,28,28,25,25,23,22,21,19,17,17,16,15,13,14,12,12,11,9,9,8,7,6,7,5,5,5,4,5,0,0,0,0,0,0,0,25,27,28,28,30,31,33,32,34,35,37,37,36,36,35,36,35,36,35,35,33,34,34,33,33,31,31,30
20260804_015555_897cb2,1785805261236596,990910532,2,2,0,-56,128,0,13,14,13,12,11,11,10,9,8,8,8,7,6,5,5,5,4,4,4,3,3,4,4,3,4,4,0,0,0,0,0,0,0,0,0,0,0,13,13,14,14,16,16,17,17,17,18,18,18,18,18,17,17,17,17,17,17,17,17,17,16,16,16,0,29,25,25,23,20,21,20,18,16,15,14,13,12,10,9,9,8,8,8,7,6,5,6,6,7,8,7,6,0,0,0,0,0,0,0,24,23,25,26,28,29,30,32,33,33,33,35,35,35,36,34,35,34,34,34,34,33,32,32,31,30,31,30
20260804_015555_897cb2,1785805261335132,991010282,2,2,0,-55,128,0,17,15,15,14,14,13,12,12,10,10,9,9,9,8,7,8,6,5,5,4,4,4,3,4,2,2,0,0,0,0,0,0,0,0,0,0,0,13,13,14,15,15,16,16,17,18,18,18,18,19,19,18,18,20,18,18,18,18,18,18,18,18,17,0,31,29,28,27,26,24,22,21,21,19,18,17,16,14,15,14,12,12,11,9,9,7,6,6,5,4,4,4,0,0,0,0,0,0,0,20,21,23,24,24,29,28,30,30,32,34,34,35,35,35,35,35,35,36,34,35,35,35,35,35,33,33,32
20260804_015555_897cb2,1785805261444966,991116643,2,2,0,-54,128,0,17,16,15,14,13,13,12,11,11,11,9,9,9,8,7,7,6,5,5,4,4,4,4,3,1,1,0,0,0,0,0,0,0,0,0,0,0,13,13,14,15,15,16,17,18,18,19,18,19,18,19,18,19,18,18,18,18,18,18,18,18,18,17,0,30,29,28,26,25,25,22,21,20,19,18,16,15,15,14,13,12,11,10,9,9,7,6,5,4,3,2,1,0,0,0,0,0,0,0,21,23,24,23,26,27,28,30,31,33,33,34,35,35,34,34,34,34,34,34,34,34,34,33,34,33,33,32
20260804_015555_897cb2,1785805261537501,991211175,2,2,0,-55,128,0,17,16,16,15,14,13,13,13,12,11,10,11,10,10,9,8,8,8,7,6,6,6,5,4,4,4,0,0,0,0,0,0,0,0,0,0,0,14,15,16,16,17,16,17,17,18,18,18,19,19,18,19,18,18,18,18,18,18,18,18,18,18,17,0,58,61,55,55,52,50,46,46,42,42,40,37,34,32,32,29,28,26,25,23,20,17,17,16,13,11,12,11,0,0,0,0,0,0,0,49,50,50,51,55,57,60,60,64,66,65,68,67,68,67,68,65,67,64,66,65,66,65,65,66,66,64,61
20260804_015555_897cb2,1785805261641278,991314437,2,2,0,-53,128,0,16,15,15,14,14,13,13,12,12,11,11,10,10,9,9,9,8,8,8,7,7,6,6,5,5,5,0,0,0,0,0,0,0,0,0,0,0,13,13,14,14,15,15,16,16,17,17,17,17,17,17,17,17,17,17,17,17,17,17,17,17,17,17,0,30,30,28,27,26,25,24,23,22,22,21,20,19,18,17,16,17,16,15,13,13,12,11,10,10,9,8,7,0,0,0,0,0,0,0,24,25,25,26,26,27,28,30,30,31,32,33,32,33,33,33,33,33,33,33,32,32,33,32,32,32,31,32
20260804_015555_897cb2,1785805261739521,991410788,2,2,0,-53,128,0,16,16,15,15,14,13,13,12,12,11,11,10,10,10,10,9,8,8,7,7,7,6,6,5,5,4,0,0,0,0,0,0,0,0,0,0,0,13,13,14,15,16,16,16,17,17,18,18,18,18,18,18,18,17,18,17,17,17,18,17,17,17,17,0,29,30,28,28,26,26,23,23,22,22,21,20,18,18,18,17,16,15,15,14,13,11,11,10,9,8,7,6,0,0,0,0,0,0,0,23,24,25,26,27,28,30,30,32,32,33,34,34,34,33,33,33,34,34,34,33,34,33,33,33,33,33,32
20260804_015555_897cb2,1785805261838110,991511466,2,2,0,-54,128,0,16,15,14,14,13,13,11,11,11,10,10,10,9,9,9,9,8,7,7,7,6,6,5,5,5,4,0,0,0,0,0,0,0,0,0,0,0,11,12,13,14,14,15,15,16,16,17,17,17,17,17,17,17,17,17,16,16,16,17,16,16,16,16,0,59,57,55,53,51,50,47,44,40,41,38,38,35,36,32,33,33,30,28,26,25,24,22,21,18,18,16,16,0,0,0,0,0,0,0,42,44,46,49,50,54,54,57,61,62,64,64,65,67,66,66,65,66,65,65,65,64,64,63,63,64,62,62
20260804_015555_897cb2,1785805261936473,991611199,2,2,0,-53,128,0,16,16,16,15,13,13,13,12,11,11,10,9,9,9,9,9,8,7,7,6,6,5,5,4,4,3,0,0,0,0,0,0,0,0,0,0,0,14,15,15,16,16,16,17,18,18,18,18,18,18,18,18,18,18,18,18,18,17,18,17,17,17,17,0,31,29,28,27,26,25,23,23,22,21,21,19,17,17,17,16,15,14,13,12,10,9,8,7,7,6,6,5,0,0,0,0,0,0,0,23,24,25,25,28,29,31,30,32,33,35,35,34,35,35,34,34,36,34,34,33,35,34,33,34,33,33,32
20260804_015555_897cb2,1785805262035789,991710989,2,2,0,-53,128,0,17,17,16,14,14,14,13,12,12,10,10,10,9,9,8,8,7,7,6,5,5,4,4,4,4,2,0,0,0,0,0,0,0,0,0,0,0,14,14,15,16,16,17,17,19,19,19,19,19,19,19,19,19,19,19,19,19,18,19,18,19,18,17,0,61,61,58,53,52,48,46,44,41,41,38,34,35,33,29,27,26,23,23,19,17,14,13,12,9,9,9,7,0,0,0,0,0,0,0,47,49,50,52,56,58,61,63,66,67,70,70,70,70,72,71,70,71,70,70,69,70,69,69,67,68,67,64
20260804_015555_897cb2,1785805262133597,991810903,2,2,0,-53,128,0,14,14,14,13,12,12,11,11,9,9,9,9,7,7,7,6,6,5,5,4,4,4,4,3,3,3,0,0,0,0,0,0,0,0,0,0,0,14,15,15,16,17,17,17,18,18,19,19,19,19,19,19,19,18,18,17,17,17,17,17,16,16,15,0,28,28,27,23,23,22,20,20,18,18,16,16,14,14,12,11,11,9,9,9,8,7,6,6,5,5,4,4,0,0,0,0,0,0,0,25,25,26,28,29,30,32,32,34,34,35,36,35,35,36,35,35,35,34,34,34,34,33,32,31,31,31,30
20260804_015555_897cb2,1785805262233103,991911321,2,2,0,-58,128,0,13,13,11,11,9,9,8,7,6,5,4,4,4,3,2,2,3,3,3,4,4,4,6,5,5,5,0,0,0,0,0,0,0,0,0,0,0,14,14,16,16,17,17,18,19,19,20,21,21,21,20,19,21,19,19,18,18,17,17,17,16,16,15,0,26,23,22,21,19,16,15,13,11,10,9,6,7,5,4,4,4,5,5,6,6,7,8,8,8,9,10,10,0,0,0,0,0,0,0,24,25,27,28,30,30,34,34,36,37,39,38,39,38,38,38,37,38,36,37,36,34,33,34,32,30,29,29
20260804_015555_897cb2,1785805262348507,992020495,2,2,0,-56,128,0,14,13,12,12,10,10,9,8,8,8,7,7,6,6,5,5,4,4,4,4,4,4,4,4,4,4,0,0,0,0,0,0,0,0,0,0,0,13,14,15,15,16,16,17,17,18,18,19,19,19,18,18,18,18,17,17,17,17,16,17,16,15,15,0,28,26,24,23,21,20,19,17,16,15,14,12,12,11,10,9,8,9,8,8,7,8,7,7,6,7,8,8,0,0,0,0,0,0,0,22,24,25,27,28,30,31,32,34,34,36,36,36,36,36,36,36,35,34,34,33,34,32,33,31,30,31,30
20260804_015555_897cb2,1785805262442167,992118455,2,2,0,-56,128,0,15,16,14,14,13,12,11,11,10,9,9,8,7,7,6,6,6,5,4,3,3,3,2,3,2,2,0,0,0,0,0,0,0,0,0,0,0,14,14,15,16,17,17,18,19,19,20,21,21,21,20,20,20,20,20,19,18,18,19,18,18,18,17,0,29,28,26,24,23,23,21,19,18,17,15,15,14,13,12,11,10,8,7,6,5,4,4,4,4,4,3,3,0,0,0,0,0,0,0,21,24,25,26,27,29,30,31,33,33,36,36,36,37,37,37,37,37,36,35,35,36,36,33,32,33,31,30
20260804_015555_897cb2,1785805262562186,992234642,2,2,0,-55,128,0,16,15,15,13,13,12,11,11,10,9,8,8,8,7,7,6,6,4,4,4,4,3,2,2,1,1,0,0,0,0,0,0,0,0,0,0,0,14,15,16,16,18,18,19,20,20,21,21,21,21,21,20,20,20,19,19,19,19,18,17,18,18,17,0,57,53,52,49,45,42,39,37,34,33,30,30,25,26,21,21,19,17,14,13,12,9,9,6,5,4,3,2,0,0,0,0,0,0,0,47,49,50,53,57,61,62,66,69,70,71,72,74,74,73,72,72,71,71,69,71,68,67,65,62,63,62,60
20260804_015555_897cb2,1785805262643981,992320162,2,2,0,-54,128,0,16,16,15,15,13,12,12,11,10,10,9,9,8,8,7,7,6,6,6,5,5,4,4,3,3,3,0,0,0,0,0,0,0,0,0,0,0,13,14,15,16,16,17,18,18,19,19,19,19,19,19,19,19,19,18,18,18,18,18,18,18,17,17,0,29,29,27,25,25,23,22,20,19,19,17,17,15,14,13,13,12,10,10,9,8,8,6,6,5,4,5,4,0,0,0,0,0,0,0,22,23,24,25,27,30,30,31,34,34,35,36,36,36,36,35,34,37,34,34,34,34,34,33,32,33,32,31
20260804_015555_897cb2,1785805262747930,992424157,2,2,0,-54,128,0,16,16,15,15,14,13,13,13,13,11,10,10,9,9,9,8,8,7,7,6,6,5,4,4,4,4,0,0,0,0,0,0,0,0,0,0,0,14,15,16,16,17,18,18,19,20,20,20,20,20,20,20,20,20,19,19,19,19,19,18,18,18,17,0,29,28,27,26,25,24,22,20,21,20,19,17,17,16,15,15,13,13,11,10,10,9,8,7,6,6,6,5,0,0,0,0,0,0,0,23,24,26,25,28,29,31,30,32,33,34,34,35,35,35,34,34,34,34,34,34,34,33,32,33,32,32,31
20260804_015555_897cb2,1785805262854020,992529897,2,2,0,-54,128,0,15,14,14,13,12,12,11,11,10,10,9,8,8,7,7,6,6,4,5,5,5,3,2,4,2,1,0,0,0,0,0,0,0,0,0,0,0,14,14,15,16,17,17,18,17,18,18,19,19,19,18,18,18,18,18,17,17,17,17,17,17,17,17,0,30,28,26,25,23,22,21,19,19,17,16,16,14,14,13,14,13,11,9,9,8,8,6,4,4,4,2,3,0,0,0,0,0,0,0,24,24,26,27,27,29,31,31,32,34,34,35,34,34,35,35,34,33,33,32,34,31,34,33,33,32,31,29
20260804_015555_897cb2,1785805262974976,992647758,2,2,0,-52,128,0,16,15,14,13,13,13,11,11,11,11,9,9,8,9,8,8,6,6,6,6,5,4,4,4,3,3,0,0,0,0,0,0,0,0,0,0,0,15,16,16,17,17,18,19,19,20,20,19,21,20,19,19,19,19,18,18,18,18,18,18,18,17,17,0,57,52,55,51,50,43,43,40,38,37,35,32,33,30,29,28,24,21,19,19,18,14,15,12,10,7,8,8,0,0,0,0,0,0,0,49,52,51,54,59,59,64,66,69,67,70,69,73,72,70,70,70,69,67,67,64,65,64,64,64,64,60,58
20260804_015555_897cb2,1785805263039717,992714824,2,2,0,-51,128,0,16,16,15,15,14,14,13,12,11,11,11,11,10,9,9,9,9,8,8,7,7,6,6,5,5,4,0,0,0,0,0,0,0,0,0,0,0,15,15,16,16,18,17,19,19,19,20,20,19,19,19,18,19,17,19,18,18,18,18,18,17,17,17,0,28,28,27,25,25,24,22,22,21,20,19,19,16,17,17,16,15,15,13,12,11,11,10,9,8,8,7,7,0,0,0,0,0,0,0,24,26,27,27,29,29,31,31,33,33,33,34,34,34,34,34,34,33,31,33,32,33,33,30,30,31,31,28
20260804_015555_897cb2,1785805263155105,992831119,2,2,0,-54,128,0,16,15,15,15,13,13,11,11,10,10,9,9,8,8,8,7,7,6,6,5,4,4,4,4,4,3,0,0,0,0,0,0,0,0,0,0,0,15,15,16,16,17,17,18,18,18,18,18,19,18,18,18,18,18,18,18,18,18,18,18,18,17,17,0,28,27,26,25,23,23,22,21,20,18,17,16,15,14,14,13,12,11,10,9,10,8,7,6,5,5,4,4,0,0,0,0,0,0,0,24,25,26,27,28,29,31,30,31,34,33,34,35,34,34,33,33,33,33,32,33,32,31,32,32,31,31,30
20260804_015555_897cb2,1785805263248402,992920884,2,2,0,-55,128,0,17,17,16,16,15,14,14,13,12,12,11,11,10,10,9,9,9,7,7,6,6,5,4,4,4,3,0,0,0,0,0,0,0,0,0,0,0,15,15,16,16,17,17,18,19,19,19,19,19,20,20,19,19,19,19,19,20,19,19,19,18,18,18,0,30,29,30,26,26,24,23,22,21,20,20,18,17,17,15,14,14,13,11,11,9,9,8,7,5,6,5,4,0,0,0,0,0,0,0,23,25,26,28,28,30,30,31,33,32,34,34,34,35,34,35,35,34,35,32,35,34,33,34,32,33,34,32
20260804_015555_897cb2,1785805263346362,993022000,2,2,0,-53,128,0,15,14,14,13,12,11,11,10,10,10,9,9,8,7,8,7,7,6,6,5,5,5,5,4,4,4,0,0,0,0,0,0,0,0,0,0,0,13,13,14,15,16,16,17,17,17,18,18,18,18,18,18,18,17,17,17,17,17,17,16,16,16,16,0,29,28,26,25,25,24,21,21,18,18,17,17,16,15,14,13,13,11,11,11,10,9,9,8,8,8,7,6,0,0,0,0,0,0,0,22,23,24,25,27,29,29,30,31,33,33,35,35,35,33,34,34,33,33,33,34,33,33,33,32,33,31,30
20260804_015555_897cb2,1785805263466414,993143065,2,2,0,-54,128,0,16,16,15,13,13,13,12,11,11,10,9,9,9,9,7,7,6,5,5,5,4,4,3,3,2,3,0,0,0,0,0,0,0,0,0,0,0,15,16,16,17,17,18,19,19,19,20,20,20,20,20,20,18,18,18,18,18,18,18,17,18,18,17,0,29,28,27,25,24,23,22,20,19,18,18,16,15,14,13,13,12,9,10,7,7,6,6,4,4,3,4,3,0,0,0,0,0,0,0,27,28,28,29,30,31,32,33,35,36,36,36,37,37,36,36,35,35,34,34,34,34,33,34,32,33,32,30
20260804_015555_897cb2,1785805263554156,993225841,2,2,0,-55,128,0,17,16,15,15,14,13,12,11,11,11,10,9,9,8,8,7,7,7,7,5,5,5,4,4,5,4,0,0,0,0,0,0,0,0,0,0,0,13,15,15,16,17,17,18,19,19,19,19,19,20,19,20,19,19,19,18,19,18,19,18,18,18,17,0,30,29,28,27,25,24,23,21,21,20,18,17,18,16,14,14,12,13,11,11,9,9,8,8,8,7,7,8,0,0,0,0,0,0,0,22,25,25,28,28,30,32,32,33,34,34,36,36,36,36,36,36,34,35,35,35,35,34,34,34,33,32,33
20260804_015555_897cb2,1785805263641264,993314922,2,2,0,-55,128,0,14,14,13,13,11,11,11,10,9,9,8,7,7,6,6,6,5,4,4,4,4,3,2,2,2,2,0,0,0,0,0,0,0,0,0,0,0,15,16,16,17,18,18,19,19,19,20,20,20,20,20,18,18,18,18,17,18,17,18,17,17,16,16,0,53,50,48,45,43,40,38,35,33,31,28,26,24,23,22,20,18,18,14,13,12,10,11,10,9,10,9,10,0,0,0,0,0,0,0,52,54,56,58,59,62,64,67,68,70,72,72,71,71,72,71,69,67,67,64,65,65,62,62,61,60,56,57
20260804_015555_897cb2,1785805263739179,993412085,2,2,0,-55,128,0,14,14,14,13,12,12,11,11,10,10,10,9,9,9,9,9,8,8,8,7,6,6,5,5,5,5,0,0,0,0,0,0,0,0,0,0,0,12,12,13,14,14,15,15,16,16,16,16,16,16,16,16,16,16,16,16,16,16,16,16,16,15,15,0,28,29,26,26,24,23,23,20,21,21,19,17,17,17,17,16,16,15,15,14,13,12,11,10,10,9,8,8,0,0,0,0,0,0,0,21,21,23,24,25,27,28,29,29,30,32,32,32,33,32,32,31,32,31,30,31,31,31,31,31,31,29,30
20260804_015555_897cb2,1785805263836520,993511595,2,2,0,-56,128,0,14,14,13,12,11,10,10,9,8,8,7,7,6,6,5,5,4,4,4,3,3,2,2,2,2,2,0,0,0,0,0,0,0,0,0,0,0,14,14,15,16,17,17,17,18,18,19,18,18,19,19,19,18,18,18,18,18,18,18,17,17,17,16,0,27,25,24,23,21,20,19,18,17,16,15,13,13,12,10,9,9,8,6,7,6,5,4,4,4,4,4,4,0,0,0,0,0,0,0,23,24,25,26,28,29,30,32,33,34,35,36,35,36,35,35,35,35,33,34,34,33,32,33,32,31,31,30
20260804_015555_897cb2,1785805263934595,993611747,2,2,0,-56,128,0,15,15,14,13,12,11,10,10,9,9,8,8,7,7,5,5,4,4,3,3,2,2,1,1,1,2,0,0,0,0,0,0,0,0,0,0,0,10,11,13,13,14,14,16,17,17,17,18,18,18,18,18,18,18,18,17,17,17,17,17,17,17,17,0,29,28,27,25,24,23,21,19,18,17,16,15,13,12,11,10,9,8,7,6,4,4,4,3,3,4,3,3,0,0,0,0,0,0,0,18,19,21,23,25,25,27,29,30,32,32,34,35,36,35,35,34,35,35,36,34,35,34,34,34,33,33,32
20260804_015555_897cb2,1785805264034399,993711542,2,2,0,-55,128,0,13,13,12,11,11,9,9,8,7,7,6,6,5,5,4,3,3,2,2,1,0,0,1,1,1,2,0,0,0,0,0,0,0,0,0,0,0,13,14,15,16,17,17,18,18,19,20,19,19,19,19,19,18,18,17,17,17,17,17,16,17,16,16,0,26,25,22,22,20,18,18,16,14,13,12,12,10,9,8,7,6,4,4,2,2,0,0,2,2,3,4,4,0,0,0,0,0,0,0,22,24,25,26,28,29,31,32,34,34,36,36,36,36,36,36,34,36,34,34,34,33,33,31,31,31,30,29
20260804_015555_897cb2,1785805264137535,993812780,2,2,0,-58,128,0,13,13,12,11,10,8,8,7,7,6,6,5,5,4,4,4,3,2,2,2,2,2,2,2,1,1,0,0,0,0,0,0,0,0,0,0,0,16,16,17,18,19,19,20,21,21,21,21,20,21,20,20,20,20,19,18,18,18,17,17,16,16,15,0,24,21,23,19,19,18,15,13,13,12,11,10,9,8,7,6,6,6,4,3,3,3,3,3,4,3,3,4,0,0,0,0,0,0,0,25,28,27,29,31,33,34,36,37,37,38,39,39,39,38,38,36,35,36,34,35,33,33,32,29,29,29,27
20260804_015555_897cb2,1785805264236989,993911461,2,2,0,-54,128,0,15,15,14,14,13,13,13,12,11,11,11,11,11,10,10,10,10,9,9,9,8,8,8,7,7,7,0,0,0,0,0,0,0,0,0,0,0,10,11,11,12,13,13,14,15,15,15,15,16,16,16,16,16,16,16,16,16,16,17,16,16,16,16,0,29,29,28,27,26,26,24,24,22,22,21,21,21,20,20,19,19,18,18,17,16,16,15,14,14,13,13,12,0,0,0,0,0,0,0,18,19,20,21,22,23,25,25,27,28,29,30,30,30,31,31,31,31,31,31,31,31,32,32,31,32,32,31
20260804_015555_897cb2,1785805264340349,994016379,2,2,0,-55,128,0,17,16,16,16,14,13,13,12,12,11,11,11,11,9,10,9,9,9,9,9,8,8,8,7,6,6,0,0,0,0,0,0,0,0,0,0,0,11,12,12,13,14,15,15,16,17,17,17,19,18,19,19,19,18,18,18,18,18,18,18,18,17,17,0,63,60,57,57,53,51,50,47,46,44,42,40,41,38,37,35,35,34,33,33,29,27,26,26,23,23,21,22,0,0,0,0,0,0,0,33,38,41,43,46,47,50,54,56,60,62,64,65,67,69,69,66,68,67,67,67,69,68,67,67,67,65,66
20260804_015555_897cb2,1785805264450834,994122550,2,2,0,-52,128,0,17,16,15,14,14,14,13,12,11,11,11,11,10,10,10,9,9,8,8,8,7,7,6,6,6,6,0,0,0,0,0,0,0,0,0,0,0,9,11,11,12,13,13,14,16,16,16,16,17,17,17,17,17,17,17,17,17,17,17,17,17,17,17,0,63,60,58,57,54,53,50,47,45,45,43,42,40,40,37,36,35,35,33,31,29,28,26,25,23,22,20,20,0,0,0,0,0,0,0,32,35,38,40,42,47,49,52,55,58,60,62,64,64,65,65,65,65,65,65,66,67,67,67,66,67,66,64
20260804_015555_897cb2,1785805264539485,994213560,2,2,0,-52,128,0,16,16,15,15,14,13,13,12,12,12,12,11,11,10,10,10,9,9,9,8,8,7,7,6,6,6,0,0,0,0,0,0,0,0,0,0,0,10,11,12,13,14,14,15,16,16,17,17,17,17,17,17,17,17,17,18,17,17,17,17,18,17,17,0,31,30,29,28,26,26,25,24,23,23,22,21,20,20,20,18,18,17,17,16,15,14,13,12,12,11,10,10,0,0,0,0,0,0,0,17,19,20,21,23,24,26,27,28,29,31,32,32,33,33,34,33,34,34,34,33,33,33,33,33,33,33,32
20260804_015555_897cb2,1785805264716509,994390389,2,2,0,-51,128,0,16,15,15,14,14,14,12,12,12,12,11,11,11,10,10,10,10,9,9,9,8,8,8,7,7,6,0,0,0,0,0,0,0,0,0,0,0,9,10,11,12,13,13,14,14,15,16,16,16,16,17,17,17,17,17,17,17,16,17,17,17,17,16,0,61,60,58,57,54,53,49,48,46,45,43,41,41,39,39,38,37,37,34,33,31,30,29,27,25,25,24,23,0,0,0,0,0,0,0,33,36,36,40,45,46,50,52,55,57,60,63,62,64,65,65,64,66,64,65,66,67,67,65,66,66,66,63
20260804_015555_897cb2,1785805264751729,994411460,2,2,0,-51,128,0,17,16,16,15,14,14,13,13,12,12,12,11,10,11,10,11,11,9,9,9,9,9,8,7,7,7,0,0,0,0,0,0,0,0,0,0,0,9,10,10,11,13,13,14,15,16,16,16,16,16,16,17,17,17,17,17,17,17,17,17,17,17,17,0,31,29,29,28,27,26,25,25,24,23,22,21,21,20,19,19,20,18,18,17,16,16,14,14,14,12,12,12,0,0,0,0,0,0,0,14,16,17,19,20,22,23,25,25,27,28,29,29,31,31,31,31,32,32,32,32,32,32,33,33,32,33,32
20260804_015555_897cb2,1785805264849694,994523207,2,2,0,-54,128,0,18,17,17,16,16,16,15,14,14,14,14,13,12,12,12,12,11,11,11,10,10,9,9,9,9,8,0,0,0,0,0,0,0,0,0,0,0,10,11,11,13,13,14,15,16,16,17,17,17,18,18,18,18,18,18,18,19,19,19,18,18,18,18,0,33,33,32,31,29,28,27,26,25,25,24,23,23,22,22,21,20,20,20,18,17,17,17,15,15,14,13,13,0,0,0,0,0,0,0,14,16,17,18,21,22,24,25,28,29,30,32,32,33,34,34,34,34,34,35,34,35,35,35,35,35,35,35
20260804_015555_897cb2,1785805264947609,994623076,2,2,0,-53,128,0,17,16,16,15,15,14,13,13,12,12,12,11,11,11,10,10,10,10,9,9,8,8,7,7,7,6,0,0,0,0,0,0,0,0,0,0,0,7,8,9,10,10,11,12,13,14,14,15,15,16,16,16,16,16,16,17,17,17,17,17,17,17,17,0,32,31,30,29,28,27,26,25,24,24,23,22,21,21,20,20,19,19,18,17,16,16,15,14,13,13,12,12,0,0,0,0,0,0,0,12,14,14,16,17,19,20,22,24,25,27,28,29,29,30,31,31,31,32,31,32,33,33,33,33,33,33,33
20260804_015555_897cb2,1785805265039684,994711568,2,2,0,-52,128,0,17,17,17,16,15,15,15,15,14,14,13,13,13,12,13,12,12,11,11,11,10,10,9,9,8,8,0,0,0,0,0,0,0,0,0,0,0,9,9,10,11,11,12,12,14,15,15,15,16,16,16,16,17,16,17,17,17,17,18,18,18,18,18,0,32,31,31,29,29,28,27,26,26,25,25,24,23,23,23,23,22,22,21,20,19,19,16,16,16,16,14,13,0,0,0,0,0,0,0,15,16,17,18,18,20,21,22,24,26,27,27,28,28,29,29,30,30,30,30,31,31,31,33,31,32,32,32
20260804_015555_897cb2,1785805265155557,994827228,2,2,0,-53,128,0,16,16,16,16,15,15,14,14,14,14,13,13,12,12,12,12,12,12,11,11,10,10,9,9,8,8,0,0,0,0,0,0,0,0,0,0,0,10,10,11,12,13,13,14,14,15,15,15,16,16,16,16,16,16,16,16,17,17,17,17,17,17,17,0,31,32,30,30,28,28,27,26,26,26,26,24,25,24,24,23,22,21,21,20,19,18,18,17,16,15,15,14,0,0,0,0,0,0,0,17,18,19,19,21,22,24,24,26,27,28,29,29,30,30,29,29,31,31,32,31,31,32,31,33,33,32,32
20260804_015555_897cb2,1785805265241667,994915187,2,2,0,-54,128,0,17,17,16,15,15,15,14,13,13,13,12,12,11,12,12,11,10,12,10,9,9,8,9,9,8,8,0,0,0,0,0,0,0,0,0,0,0,11,11,12,13,13,13,14,15,15,16,16,16,16,16,17,17,17,17,17,17,17,17,18,17,18,17,0,32,33,31,28,28,28,27,25,25,24,23,22,22,22,22,21,20,22,19,17,18,16,17,16,14,13,12,10,0,0,0,0,0,0,0,18,20,20,21,22,24,25,25,27,28,29,30,31,31,32,31,32,32,32,32,32,33,33,34,33,33,33,32
20260804_015555_897cb2,1785805265345398,995018716,2,2,0,-56,128,0,18,18,17,16,15,16,15,14,13,14,13,13,13,13,12,12,12,11,11,11,10,11,9,9,8,9,0,0,0,0,0,0,0,0,0,0,0,9,10,11,11,13,13,13,14,15,16,16,16,17,17,17,18,18,18,18,18,18,18,18,18,18,18,0,63,64,61,59,58,58,53,51,50,49,50,48,46,45,44,45,43,42,40,38,38,36,34,33,31,31,29,28,0,0,0,0,0,0,0,30,32,32,35,38,42,44,48,50,54,54,58,60,61,62,63,64,64,64,64,66,66,65,65,66,67,66,66
20260804_015555_897cb2,1785805265443768,995119319,2,2,0,-54,128,0,16,16,16,16,16,15,15,15,14,14,14,13,13,13,13,13,13,12,13,11,10,10,10,10,9,9,0,0,0,0,0,0,0,0,0,0,0,9,9,10,10,10,11,12,12,13,13,13,14,14,14,15,15,15,15,15,16,16,16,16,16,17,17,0,30,31,31,30,29,28,28,27,26,26,27,26,24,25,26,24,24,23,23,22,22,22,20,19,18,17,16,15,0,0,0,0,0,0,0,16,17,17,18,20,21,21,22,23,24,25,26,26,27,27,28,27,28,27,28,29,29,30,30,29,31,31,31
20260804_015555_897cb2,1785805265604174,995276002,2,2,0,-51,128,0,17,16,16,16,16,14,14,13,13,13,13,13,13,13,12,12,12,12,12,11,11,11,10,9,9,9,0,0,0,0,0,0,0,0,0,0,0,10,11,11,12,12,13,14,14,15,15,15,16,16,16,16,16,16,16,16,16,16,16,17,17,17,17,0,61,63,60,57,56,54,54,52,49,50,47,49,48,48,45,45,45,45,45,42,40,39,37,35,36,35,31,31,0,0,0,0,0,0,0,33,37,38,40,42,46,46,49,50,52,54,58,56,59,58,59,60,59,59,56,61,59,60,61,62,62,62,63
20260804_015555_897cb2,1785805265639040,995312667,2,2,0,-51,128,0,16,15,15,14,14,14,14,13,12,13,13,12,12,11,11,11,11,10,10,10,10,9,9,9,8,8,0,0,0,0,0,0,0,0,0,0,0,10,11,12,12,12,14,14,14,16,16,16,16,16,16,16,16,16,16,16,16,16,16,16,16,16,16,0,59,60,56,54,53,53,51,50,49,47,47,45,44,45,44,42,41,41,40,39,38,34,34,33,34,30,28,28,0,0,0,0,0,0,0,36,38,40,41,44,47,50,48,50,54,57,57,58,59,57,60,56,59,60,57,62,62,61,61,60,60,62,62
20260804_015555_897cb2,1785805265742678,995414632,2,2,0,-51,128,0,15,16,15,15,14,14,14,14,13,13,13,12,11,11,11,11,11,10,10,10,9,9,9,9,8,8,0,0,0,0,0,0,0,0,0,0,0,11,11,13,13,14,13,14,14,15,15,14,15,16,15,14,15,15,15,15,16,16,16,16,16,16,16,0,60,61,58,58,55,54,53,52,49,49,48,46,46,45,45,43,44,42,41,39,38,36,36,34,32,31,30,27,0,0,0,0,0,0,0,39,41,43,43,47,47,50,50,53,54,56,57,57,58,59,59,58,60,58,60,60,61,61,62,62,63,63,61
20260804_015555_897cb2,1785805265841118,995514287,2,2,0,-54,128,0,17,16,16,16,16,15,15,14,14,14,13,13,12,12,13,12,12,12,11,11,10,9,9,9,9,8,0,0,0,0,0,0,0,0,0,0,0,9,10,10,12,12,12,13,14,14,15,15,16,16,16,16,16,16,16,16,17,16,17,17,17,17,18,0,65,64,61,62,59,57,55,52,53,51,50,49,47,46,45,45,44,44,42,39,39,36,35,34,31,31,30,28,0,0,0,0,0,0,0,32,36,37,39,40,43,45,48,49,51,54,56,57,58,60,60,60,61,61,62,62,63,64,65,65,65,66,67
20260804_015555_897cb2,1785805265939079,995612271,2,2,0,-51,128,0,17,17,17,16,16,15,15,15,15,14,14,14,13,13,13,12,12,12,12,11,11,10,10,11,9,10,0,0,0,0,0,0,0,0,0,0,0,10,10,11,12,12,12,13,15,15,16,15,16,16,16,16,16,16,16,17,17,17,18,17,17,17,17,0,30,30,30,29,29,29,27,27,25,25,25,25,24,25,23,24,23,23,22,21,20,20,19,18,17,17,16,16,0,0,0,0,0,0,0,16,17,17,18,21,22,22,24,24,25,27,27,28,28,29,29,29,29,30,29,31,31,31,31,31,32,32,30
20260804_015555_897cb2,1785805266042550,995712531,2,2,0,-53,128,0,15,15,15,15,14,14,13,13,13,13,13,13,13,12,12,12,12,12,12,11,11,11,10,10,10,9,0,0,0,0,0,0,0,0,0,0,0,9,10,10,11,11,12,12,12,13,13,13,13,14,14,14,14,15,14,14,15,15,15,15,15,16,16,0,31,29,30,29,28,29,26,26,26,25,25,25,24,25,25,24,23,23,23,21,22,21,20,20,19,18,17,17,0,0,0,0,0,0,0,16,18,17,19,20,21,21,23,24,25,25,25,26,26,27,28,28,28,28,27,28,29,30,30,29,30,31,30
20260804_015555_897cb2,1785805266139732,995815208,2,2,0,-53,128,0,16,16,16,16,15,15,15,15,15,15,15,14,15,15,15,15,15,15,15,14,14,14,13,13,13,12,0,0,0,0,0,0,0,0,0,0,0,9,9,10,10,10,11,12,12,13,13,13,13,13,14,14,14,14,14,14,15,15,15,15,16,16,16,0,62,59,60,59,59,59,58,55,56,55,56,55,56,55,55,56,55,56,56,53,53,51,49,48,46,47,45,44,0,0,0,0,0,0,0,31,31,33,34,36,39,40,42,44,45,47,47,49,49,52,50,52,52,55,54,55,55,56,58,59,60,59,61
20260804_015555_897cb2,1785805266238324,995913865,2,2,0,-54,128,0,16,16,16,16,16,16,16,15,15,15,15,16,16,16,16,16,16,17,17,16,16,15,15,16,15,15,0,0,0,0,0,0,0,0,0,0,0,7,7,7,8,8,8,9,9,10,10,10,11,11,11,12,12,12,12,13,13,14,14,14,15,15,16,0,30,31,31,30,30,31,30,30,30,29,30,30,30,31,30,31,31,31,31,31,30,30,30,29,28,28,27,26,0,0,0,0,0,0,0,12,12,13,13,14,15,16,16,16,17,19,20,21,21,22,23,23,23,24,24,26,25,26,27,28,28,30,30
20260804_015555_897cb2,1785805266347821,996021279,2,2,0,-50,128,0,16,16,16,16,16,16,16,15,15,15,15,15,15,16,14,15,15,15,16,15,15,14,14,13,13,13,0,0,0,0,0,0,0,0,0,0,0,7,7,7,8,8,9,9,10,11,11,11,11,13,13,13,13,14,13,14,14,14,15,14,16,16,16,0,62,62,61,59,60,60,58,58,57,57,57,57,56,58,57,59,58,57,58,57,55,54,53,51,50,49,47,45,0,0,0,0,0,0,0,23,25,26,28,30,33,33,36,37,39,42,43,44,44,48,48,49,50,51,51,53,53,56,57,57,59,61,58
20260804_015555_897cb2,1785805266435889,996111221,2,2,0,-50,128,0,16,16,15,15,15,15,15,15,14,14,15,14,14,14,15,13,15,14,14,14,14,14,13,13,12,11,0,0,0,0,0,0,0,0,0,0,0,8,8,8,9,10,10,11,11,12,13,13,13,13,13,14,14,14,14,14,14,14,15,16,16,16,16,0,60,61,60,58,59,58,56,56,55,55,56,54,54,55,56,55,56,55,55,54,54,52,50,49,47,46,46,46,0,0,0,0,0,0,0,28,28,31,32,33,36,39,40,42,43,47,48,48,48,50,50,50,52,53,54,55,55,57,57,57,60,61,60
20260804_015555_897cb2,1785805266545174,996215714,2,2,0,-50,128,0,16,16,16,16,15,15,15,15,15,13,14,13,13,14,14,14,14,14,14,13,13,13,13,13,11,11,0,0,0,0,0,0,0,0,0,0,0,9,10,10,11,11,11,12,13,13,13,13,13,13,14,13,14,14,15,14,14,16,16,16,16,16,16,0,62,61,61,60,57,58,57,54,56,54,55,54,53,54,55,53,55,53,53,52,52,50,47,47,45,43,42,41,0,0,0,0,0,0,0,31,32,34,36,38,41,42,44,46,47,49,49,51,51,52,54,54,55,53,56,54,55,58,59,59,62,62,60
20260804_015555_897cb2,1785805266643544,996318169,2,2,0,-51,128,0,16,17,16,16,16,16,15,15,15,15,15,14,14,14,14,14,14,14,14,13,13,13,12,12,11,11,0,0,0,0,0,0,0,0,0,0,0,10,11,11,11,13,13,13,13,13,15,15,15,16,15,15,15,15,16,16,16,16,16,17,17,17,16,0,63,63,62,57,57,57,54,54,54,54,56,53,50,51,54,55,50,50,49,48,48,45,45,44,42,39,38,38,0,0,0,0,0,0,0,37,37,36,38,40,44,46,46,49,50,51,52,53,55,56,59,56,55,57,58,57,58,59,63,59,62,62,63
20260804_015555_897cb2,1785805266741708,996412773,2,2,0,-51,128,0,16,15,15,15,14,14,14,13,13,13,13,12,12,12,12,12,12,12,12,11,11,11,10,10,10,9,0,0,0,0,0,0,0,0,0,0,0,9,10,11,11,12,12,13,13,14,15,15,15,15,15,15,15,15,16,15,16,16,16,16,16,16,16,0,30,29,29,28,27,27,26,25,25,25,25,24,24,24,24,24,24,24,22,22,21,20,20,19,18,18,16,16,0,0,0,0,0,0,0,16,17,19,20,21,22,23,24,25,26,27,28,28,29,29,29,29,29,29,29,29,30,30,30,30,30,30,30
20260804_015555_897cb2,1785805266839814,996513045,2,2,0,-54,128,0,16,16,16,15,15,15,14,14,14,14,13,13,13,13,13,13,13,13,13,13,13,12,12,12,11,11,0,0,0,0,0,0,0,0,0,0,0,10,11,11,11,12,12,13,14,14,14,14,15,15,15,15,15,16,15,15,16,16,16,16,16,16,16,0,60,61,58,58,57,55,54,53,52,52,52,50,50,51,50,51,51,50,49,49,48,46,45,44,42,41,39,39,0,0,0,0,0,0,0,33,36,37,38,40,42,44,46,49,52,53,54,55,57,57,57,56,58,58,59,59,60,60,60,61,62,62,62
20260804_015555_897cb2,1785805266937452,996612249,2,2,0,-56,128,0,16,16,16,15,14,14,14,14,14,14,14,14,14,13,14,15,15,14,15,14,14,14,14,14,13,14,0,0,0,0,0,0,0,0,0,0,0,11,11,11,11,12,12,13,14,14,15,14,15,16,16,15,16,16,16,16,16,16,16,16,16,16,16,0,57,58,57,56,55,55,52,52,52,51,53,52,52,52,52,53,54,54,55,54,52,52,52,50,49,50,47,46,0,0,0,0,0,0,0,33,36,38,38,40,42,44,45,47,49,52,54,54,55,56,56,55,57,58,57,58,59,58,60,60,61,59,59
20260804_015555_897cb2,1785805267059996,996736363,2,2,0,-55,128,0,16,15,14,13,13,13,12,11,11,10,10,10,9,8,9,8,8,7,8,7,8,6,6,7,6,6,0,0,0,0,0,0,0,0,0,0,0,14,15,16,17,18,18,19,20,21,21,20,20,21,20,20,20,20,19,19,18,18,18,18,18,17,16,0,28,28,26,25,24,23,22,21,19,19,18,17,17,16,15,15,14,14,14,13,13,13,13,12,12,11,11,12,0,0,0,0,0,0,0,23,23,26,28,29,32,33,34,35,36,38,38,38,39,38,37,37,36,36,35,36,35,34,34,32,33,32,31
20260804_015555_897cb2,1785805267164303,996836355,2,2,0,-56,128,0,13,13,13,12,11,11,10,9,9,8,8,7,7,7,8,8,7,7,7,8,8,8,7,8,8,8,0,0,0,0,0,0,0,0,0,0,0,12,13,14,14,16,16,17,17,18,18,19,19,18,18,18,17,17,18,17,17,16,16,17,16,16,15,0,26,25,24,23,21,20,19,17,17,17,16,15,16,15,15,15,13,15,14,14,15,14,14,14,15,15,14,15,0,0,0,0,0,0,0,21,24,24,26,27,29,30,32,33,34,35,35,36,36,36,36,35,34,34,34,33,33,32,31,31,30,30,28
20260804_015555_897cb2,1785805267240580,996916231,2,2,0,-55,128,0,11,11,11,10,9,8,8,7,6,6,5,4,4,3,3,2,2,1,1,2,2,2,2,2,2,2,0,0,0,0,0,0,0,0,0,0,0,13,13,14,15,16,16,17,18,19,19,19,19,18,18,18,17,17,17,16,16,15,15,14,14,14,13,0,25,23,21,19,18,18,16,14,12,12,11,9,8,8,5,5,6,4,4,3,4,5,5,4,5,6,6,6,0,0,0,0,0,0,0,24,25,26,29,30,32,33,35,35,37,37,38,38,38,37,36,36,35,35,33,34,33,32,32,30,29,29,28
20260804_015555_897cb2,1785805267338358,997012621,2,2,0,-55,128,0,14,13,12,12,11,10,9,8,8,7,6,6,5,4,4,4,3,2,1,1,0,0,1,1,1,2,0,0,0,0,0,0,0,0,0,0,0,14,15,16,16,18,18,19,20,20,21,20,20,21,19,19,19,18,18,18,18,17,17,17,16,16,15,0,25,24,22,22,20,18,17,16,14,14,11,10,9,9,7,7,5,4,2,2,1,0,1,1,2,4,4,4,0,0,0,0,0,0,0,25,26,27,28,30,30,32,34,35,37,37,38,37,36,37,36,36,36,33,35,33,34,32,32,31,30,29,28
20260804_015555_897cb2,1785805267442149,997114991,2,2,0,-55,128,0,13,11,11,10,9,9,8,7,7,6,5,5,4,4,3,3,2,1,1,0,0,0,1,1,2,2,0,0,0,0,0,0,0,0,0,0,0,14,14,16,17,17,18,18,19,20,20,19,20,20,20,19,18,18,17,17,16,16,16,16,16,15,14,0,49,45,44,40,40,34,31,29,26,24,22,19,18,16,14,11,9,7,4,3,0,1,3,4,5,6,6,8,0,0,0,0,0,0,0,49,51,53,57,60,65,66,69,72,75,76,77,76,77,75,74,73,69,72,67,68,67,64,63,59,59,58,55
20260804_015555_897cb2,1785805267541113,997214730,2,2,0,-53,128,0,13,13,12,11,10,10,9,8,8,8,7,7,6,5,5,4,4,4,4,3,3,3,3,3,1,2,0,0,0,0,0,0,0,0,0,0,0,13,13,14,14,16,16,17,17,18,18,18,18,19,18,18,18,17,17,16,16,16,16,15,15,15,14,0,26,25,23,23,22,21,19,17,16,16,16,13,14,12,10,12,9,6,6,5,8,6,6,6,6,3,4,6,0,0,0,0,0,0,0,24,25,25,27,29,31,32,33,35,34,35,36,36,36,37,36,35,35,34,34,34,33,33,31,31,30,30,29
20260804_015555_897cb2,1785805267634758,997311251,2,2,0,-54,128,0,14,13,12,11,11,10,9,9,8,7,7,6,6,6,5,5,4,4,4,4,4,3,4,4,4,4,0,0,0,0,0,0,0,0,0,0,0,15,16,16,17,18,19,19,20,20,20,20,20,20,19,19,19,18,18,18,18,17,17,16,16,15,16,0,26,23,23,21,19,18,17,15,15,14,13,12,11,10,10,10,8,8,8,7,7,7,6,6,7,6,7,7,0,0,0,0,0,0,0,25,27,28,29,30,32,32,35,35,36,36,36,37,37,37,35,36,34,34,32,34,32,31,31,29,29,29,28
20260804_015555_897cb2,1785805267739431,997414069,2,2,0,-52,128,0,15,15,15,14,13,12,12,11,10,10,9,9,8,8,7,7,7,6,6,6,4,4,4,4,4,2,0,0,0,0,0,0,0,0,0,0,0,15,15,16,17,18,19,19,20,21,21,21,20,21,20,20,19,19,19,19,18,18,18,17,17,17,17,0,28,25,27,23,23,22,21,19,19,17,17,16,13,15,13,12,11,11,10,9,9,7,6,6,4,5,4,3,0,0,0,0,0,0,0,23,25,26,27,28,31,31,34,34,36,36,37,37,37,36,36,35,35,34,33,35,34,33,31,32,32,30,30
20260804_015555_897cb2,1785805267843287,997515264,2,2,0,-53,128,0,16,15,14,14,13,12,12,11,10,10,9,9,8,8,7,7,7,6,6,5,4,4,4,4,2,2,0,0,0,0,0,0,0,0,0,0,0,12,12,13,14,15,16,16,17,18,17,18,18,18,18,18,18,17,17,17,17,17,18,17,17,16,16,0,29,28,27,26,23,23,20,20,19,19,18,17,15,16,14,13,13,12,12,10,8,8,6,5,4,3,4,3,0,0,0,0,0,0,0,20,21,20,22,24,27,27,29,31,31,32,33,34,33,33,34,34,35,32,34,34,34,33,33,32,32,32,30
20260804_015555_897cb2,1785805267940690,997617651,2,2,0,-54,128,0,15,14,14,13,12,11,11,10,10,9,9,8,7,7,7,7,6,6,5,5,4,4,4,3,3,3,0,0,0,0,0,0,0,0,0,0,0,12,13,14,15,15,17,17,18,18,19,19,19,19,19,19,19,19,18,18,18,18,17,17,17,17,16,0,28,27,25,24,22,21,21,19,18,18,16,16,15,14,14,11,12,11,10,9,9,7,7,7,6,5,6,6,0,0,0,0,0,0,0,21,22,23,24,26,26,29,29,32,32,33,35,34,35,35,35,34,35,33,33,32,32,33,32,32,31,31,29
20260804_015555_897cb2,1785805268039262,997710961,2,2,0,-54,128,0,16,15,14,14,13,12,11,10,10,9,9,8,8,7,7,6,6,5,5,4,4,4,4,3,3,3,0,0,0,0,0,0,0,0,0,0,0,14,14,15,16,17,17,18,18,20,20,19,20,20,20,19,20,19,19,18,18,18,18,18,17,17,17,0,28,26,26,25,24,22,20,19,18,18,18,16,14,13,12,12,10,10,9,9,8,6,6,5,6,4,4,4,0,0,0,0,0,0,0,23,24,24,26,28,29,30,33,34,34,35,35,36,35,36,35,35,34,35,33,34,34,33,33,31,32,31,30
20260804_015555_897cb2,1785805268135603,997812264,2,2,0,-54,128,0,16,15,15,14,13,12,12,11,11,10,9,8,8,8,8,7,7,7,6,5,5,5,4,4,3,3,0,0,0,0,0,0,0,0,0,0,0,14,15,17,17,18,18,18,20,20,20,20,20,20,20,20,19,19,19,19,19,19,18,18,17,17,17,0,29,28,26,25,24,22,21,20,19,19,18,16,16,14,14,13,12,12,11,10,9,8,7,6,6,5,4,4,0,0,0,0,0,0,0,23,24,26,28,30,31,33,33,34,36,38,38,37,37,37,37,37,37,37,36,35,35,35,34,33,33,32,32
20260804_015555_897cb2,1785805268235078,997911762,2,2,0,-51,128,0,16,16,15,14,14,13,12,11,11,11,10,9,9,9,9,8,8,7,7,6,5,5,5,4,4,4,0,0,0,0,0,0,0,0,0,0,0,16,16,18,18,19,19,20,21,21,21,21,21,21,21,21,21,20,20,20,19,19,19,19,18,18,18,0,28,27,25,25,23,21,20,19,18,18,17,16,15,14,14,13,13,12,10,10,9,9,8,7,6,6,5,5,0,0,0,0,0,0,0,25,25,27,28,30,31,32,32,34,35,35,36,36,37,36,35,34,35,33,34,32,33,33,32,32,30,30,29
20260804_015555_897cb2,1785805268336734,998010973,2,2,0,-52,128,0,13,13,12,12,11,10,10,9,8,8,9,8,8,8,7,6,6,6,6,6,6,6,5,5,5,4,0,0,0,0,0,0,0,0,0,0,0,15,16,16,17,18,18,18,19,19,19,18,19,18,18,18,17,17,17,16,16,16,16,15,15,15,14,0,25,24,24,22,21,20,19,18,16,16,16,15,14,15,14,14,12,12,12,12,11,11,11,10,10,9,9,9,0,0,0,0,0,0,0,27,28,29,30,31,33,33,35,35,35,36,35,36,36,35,35,34,33,32,32,31,31,31,30,28,29,29,27
20260804_015555_897cb2,1785805268437767,998112295,2,2,0,-50,128,0,15,15,13,13,12,12,11,10,10,10,10,9,9,9,9,9,8,8,8,8,7,8,8,8,6,6,0,0,0,0,0,0,0,0,0,0,0,17,17,18,19,19,20,21,21,21,21,22,21,21,21,20,20,20,18,18,18,18,18,17,17,17,16,0,27,26,23,23,21,20,20,19,17,18,17,16,15,14,15,14,14,14,14,14,13,13,13,13,12,11,11,12,0,0,0,0,0,0,0,28,28,30,31,32,33,35,35,37,36,37,38,38,36,37,35,34,35,33,34,32,32,31,31,31,30,28,27
20260804_015555_897cb2,1785805268540713,998211844,2,2,0,-50,128,0,14,13,12,12,12,11,10,10,9,9,8,9,8,8,7,7,7,6,7,6,6,6,6,6,6,6,0,0,0,0,0,0,0,0,0,0,0,14,15,15,17,17,17,18,18,18,18,18,18,18,17,17,17,17,16,17,16,16,16,15,16,15,15,0,26,25,23,22,21,20,19,18,16,16,17,15,15,14,15,12,13,12,11,12,12,12,11,11,11,9,9,9,0,0,0,0,0,0,0,25,26,27,28,30,31,32,32,33,33,34,36,35,34,35,34,32,34,32,31,30,31,30,30,29,29,28,27
20260804_015555_897cb2,1785805268635882,998311992,2,2,0,-50,128,0,15,15,14,13,13,12,12,11,10,10,9,8,8,8,8,7,7,6,6,5,5,5,4,4,4,4,0,0,0,0,0,0,0,0,0,0,0,17,17,18,19,20,20,21,20,21,21,21,21,21,21,20,20,20,19,19,18,18,18,17,17,17,16,0,26,26,25,23,21,21,20,19,17,16,16,15,14,14,13,12,12,12,10,11,10,9,9,7,7,7,7,7,0,0,0,0,0,0,0,27,27,29,30,32,33,33,34,35,36,37,37,36,34,36,35,34,34,33,32,33,32,31,31,30,29,30,29
20260804_015555_897cb2,1785805268738754,998411260,2,2,0,-51,128,0,13,12,12,11,11,10,10,9,8,8,7,7,7,7,6,6,5,5,5,4,4,4,4,2,3,3,0,0,0,0,0,0,0,0,0,0,0,16,16,17,18,18,19,19,19,19,19,19,19,19,18,18,17,17,16,16,16,16,16,15,15,15,14,0,25,24,24,21,21,20,18,18,17,14,14,14,13,13,13,11,9,9,8,9,6,6,6,6,5,4,4,4,0,0,0,0,0,0,0,27,29,31,32,32,34,34,36,36,37,37,37,37,36,35,34,34,33,33,32,33,32,31,30,29,30,29,27
20260804_015555_897cb2,1785805268842720,998514007,2,2,0,-51,128,0,16,16,15,15,14,13,13,12,12,11,11,11,11,10,10,9,10,9,9,9,9,8,8,8,8,8,0,0,0,0,0,0,0,0,0,0,0,15,16,17,18,19,18,19,20,21,21,21,21,21,20,20,20,19,19,19,18,18,18,18,17,18,17,0,27,26,25,24,22,22,21,20,20,19,18,17,17,18,16,17,15,16,16,15,14,13,13,13,13,13,12,11,0,0,0,0,0,0,0,24,25,26,28,28,30,31,33,33,34,35,34,35,35,35,35,35,35,35,33,33,33,32,31,31,30,30,30
20260804_015555_897cb2,1785805268938799,998611737,2,2,0,-50,128,0,14,14,13,13,13,12,11,11,10,10,10,8,9,8,8,9,8,7,7,7,6,5,5,5,4,4,0,0,0,0,0,0,0,0,0,0,0,14,15,16,17,17,18,19,20,20,19,20,19,19,19,19,19,19,18,18,18,18,17,17,17,17,15,0,28,26,26,25,24,21,21,20,19,19,18,16,16,16,14,14,13,13,13,12,12,10,9,9,9,9,6,6,0,0,0,0,0,0,0,24,26,27,28,28,31,32,34,35,36,35,36,36,36,37,36,36,35,35,34,34,34,32,33,32,31,30,30
20260804_015555_897cb2,1785805269035575,998711611,2,2,0,-54,128,0,14,13,13,12,11,10,9,9,9,8,7,7,7,7,5,6,6,5,5,5,5,5,5,5,5,5,0,0,0,0,0,0,0,0,0,0,0,14,15,16,16,17,17,19,19,19,20,20,20,20,19,19,19,18,18,18,17,17,17,17,17,16,15,0,25,24,23,22,20,20,17,16,16,14,14,13,12,11,12,10,11,10,10,10,10,9,10,10,9,10,9,9,0,0,0,0,0,0,0,24,24,25,26,29,29,32,33,33,34,35,36,36,36,35,36,34,35,34,33,32,32,32,31,31,29,29,28
20260804_015555_897cb2,1785805269135553,998812124,2,2,0,-53,128,0,15,14,13,13,13,12,11,11,10,10,9,9,9,9,8,8,8,8,7,6,6,6,6,5,5,5,0,0,0,0,0,0,0,0,0,0,0,13,14,14,15,16,16,16,18,17,18,18,18,18,18,18,18,17,17,17,17,16,17,16,16,16,16,0,55,54,52,51,47,45,42,42,39,39,36,35,34,32,30,29,29,27,26,25,24,22,21,20,19,17,16,15,0,0,0,0,0,0,0,46,48,49,52,53,57,61,62,65,66,68,70,69,70,69,69,69,69,67,67,67,66,65,65,62,62,60,58
20260804_015555_897cb2,1785805269238454,998911480,2,2,0,-55,128,0,14,14,13,13,12,11,11,10,9,9,9,8,8,8,7,7,6,6,6,5,5,4,4,4,3,3,0,0,0,0,0,0,0,0,0,0,0,13,13,14,15,15,16,16,17,17,18,18,18,18,17,17,17,17,17,17,17,17,16,16,16,16,15,0,29,27,26,24,23,22,21,19,18,17,16,17,15,15,14,13,13,11,11,10,10,9,8,7,7,7,5,5,0,0,0,0,0,0,0,23,23,24,25,27,28,30,29,31,33,34,35,34,35,35,35,35,34,33,33,33,34,33,32,33,31,31,30
20260804_015555_897cb2,1785805269335701,999011728,2,2,0,-56,128,0,15,14,13,12,11,11,10,9,9,8,7,7,6,6,5,4,4,4,4,3,2,2,2,2,2,1,0,0,0,0,0,0,0,0,0,0,0,16,16,17,17,18,19,19,20,20,21,20,20,21,19,19,19,18,18,19,19,19,18,18,18,17,16,0,27,26,25,23,21,20,18,18,16,16,14,12,12,11,11,9,8,7,6,6,4,4,4,2,1,2,1,1,0,0,0,0,0,0,0,27,27,28,29,31,32,34,34,35,36,36,37,36,36,36,36,36,36,34,34,33,33,34,32,31,31,31,30
20260804_015555_897cb2,1785805269439417,999111599,2,2,0,-52,128,0,15,14,14,13,13,12,12,11,10,10,10,9,8,8,8,8,7,6,6,6,6,4,4,4,4,3,0,0,0,0,0,0,0,0,0,0,0,13,13,15,16,16,16,18,17,18,18,19,18,19,18,18,18,18,18,17,17,17,17,16,16,16,16,0,57,55,54,51,48,46,43,42,39,38,37,34,31,31,28,27,26,24,22,20,18,16,13,14,10,11,9,8,0,0,0,0,0,0,0,46,48,49,52,54,59,59,64,65,69,70,71,70,70,71,72,70,68,69,67,68,69,66,67,64,64,63,63
20260804_015555_897cb2,1785805269543017,999217949,2,2,0,-52,128,0,13,12,11,11,10,10,9,8,7,7,7,6,6,5,5,5,5,4,4,3,3,3,3,3,3,3,0,0,0,0,0,0,0,0,0,0,0,12,13,14,14,15,16,17,17,18,18,18,18,18,18,17,16,16,16,16,16,16,15,15,15,14,13,0,52,49,47,45,42,40,36,33,32,30,29,27,25,23,22,20,19,17,17,15,15,14,12,11,11,11,10,10,0,0,0,0,0,0,0,47,50,51,52,57,59,63,64,68,69,72,72,72,72,71,71,69,70,66,68,65,65,64,62,61,60,58,56
20260804_015555_897cb2,1785805269635386,999312357,2,2,0,-54,128,0,15,14,14,13,12,11,10,9,9,8,6,6,6,5,4,4,4,2,1,1,1,1,1,1,1,1,0,0,0,0,0,0,0,0,0,0,0,14,14,16,16,17,18,19,20,20,21,21,20,20,20,20,20,19,19,19,19,18,18,18,17,17,16,0,27,26,26,23,21,20,18,16,15,14,13,11,10,9,6,7,4,4,2,1,1,1,1,2,4,4,4,4,0,0,0,0,0,0,0,23,24,25,28,28,30,32,33,35,36,37,38,38,38,38,38,37,37,38,36,37,34,34,34,33,33,31,31
20260804_015555_897cb2,1785805269737337,999411355,2,2,0,-56,128,0,14,14,13,12,11,10,10,8,7,7,6,6,5,5,4,4,4,4,4,4,5,5,5,5,6,6,0,0,0,0,0,0,0,0,0,0,0,15,15,16,17,18,18,19,20,21,21,21,21,21,21,20,20,20,19,19,19,19,18,17,17,17,16,0,26,25,22,22,20,19,16,14,13,13,11,10,9,9,9,7,7,6,7,7,9,9,9,9,10,11,11,10,0,0,0,0,0,0,0,24,25,26,27,29,31,32,33,35,35,37,37,39,38,38,38,37,38,35,35,34,33,33,32,31,31,30,28
20260804_015555_897cb2,1785805269840206,999512191,2,2,0,-54,128,0,15,15,14,13,12,12,11,11,10,10,8,8,7,7,6,6,6,4,4,4,3,2,2,2,1,1,0,0,0,0,0,0,0,0,0,0,0,14,14,16,16,16,16,18,18,19,20,19,20,20,19,19,19,18,19,18,18,18,18,17,17,16,16,0,28,27,26,24,23,23,21,18,18,18,16,15,13,13,12,11,9,9,8,7,6,5,4,4,3,2,2,2,0,0,0,0,0,0,0,23,24,25,26,27,29,30,32,32,34,35,36,36,35,36,35,35,35,35,33,34,34,33,33,32,31,31,30
20260804_015555_897cb2,1785805269937236,999611237,2,2,0,-54,128,0,14,14,13,11,11,10,9,9,9,8,6,6,6,5,5,5,4,4,4,3,2,2,2,1,1,2,0,0,0,0,0,0,0,0,0,0,0,17,18,18,20,21,21,21,22,22,22,22,21,22,21,20,21,19,19,18,18,18,18,17,16,16,15,0,24,23,23,20,18,18,15,15,14,14,13,10,10,9,8,8,7,6,6,4,4,3,3,4,2,2,2,2,0,0,0,0,0,0,0,28,29,30,32,33,33,35,37,36,38,38,38,37,38,37,35,36,34,34,31,33,31,31,29,29,28,28,28
20260804_015555_897cb2,1785805270035164,999711113,2,2,0,-52,128,0,13,12,11,11,10,9,9,9,9,8,8,7,6,6,6,5,5,5,4,4,4,3,2,2,1,1,0,0,0,0,0,0,0,0,0,0,0,15,15,15,16,17,18,18,19,19,19,19,19,18,18,17,17,17,16,16,16,16,15,15,14,14,14,0,24,23,22,21,20,19,18,17,16,15,14,13,13,12,11,10,10,9,9,7,6,6,6,5,4,3,2,2,0,0,0,0,0,0,0,25,27,29,30,30,32,32,34,35,36,36,36,35,35,35,35,34,33,32,31,30,30,30,29,28,28,27,26
20260804_015555_897cb2,1785805270138310,999811106,2,2,0,-54,128,0,15,14,13,12,12,11,11,9,9,8,8,7,7,6,6,6,5,5,4,4,4,4,3,2,2,2,0,0,0,0,0,0,0,0,0,0,0,15,16,17,18,19,19,19,21,21,21,21,21,21,20,20,20,20,18,18,18,18,18,18,17,17,17,0,26,25,23,22,21,20,18,17,16,16,15,14,13,11,11,10,9,9,8,8,7,6,5,5,4,3,4,3,0,0,0,0,0,0,0,24,26,27,28,29,31,32,34,34,35,36,36,36,37,36,36,36,34,33,32,32,32,31,31,30,29,29,28
20260804_015555_897cb2,1785805270235966,999911297,2,2,0,-55,128,0,13,13,12,12,11,11,10,10,9,9,8,8,8,8,7,7,7,7,7,6,6,6,6,5,6,5,0,0,0,0,0,0,0,0,0,0,0,15,15,16,17,17,18,19,19,19,19,19,19,19,18,18,18,17,17,17,17,16,16,15,15,15,15,0,26,25,23,22,21,20,19,18,17,17,16,16,15,14,14,14,13,13,12,12,12,11,11,11,11,11,10,10,0,0,0,0,0,0,0,25,27,28,28,31,31,33,32,35,35,36,37,36,36,36,36,34,34,32,31,31,31,31,30,29,28,28,27
20260804_015555_897cb2,1785805270339543,1000011368,2,2,0,-54,128,0,14,13,13,12,12,11,10,10,9,9,9,9,9,8,8,8,8,8,7,7,6,6,6,6,6,6,0,0,0,0,0,0,0,0,0,0,0,14,14,15,16,16,17,17,18,18,18,18,18,18,18,18,17,17,17,17,16,16,16,15,15,14,14,0,50,49,47,44,43,40,38,38,36,35,34,32,32,30,30,30,28,26,28,25,26,23,24,22,22,21,20,19,0,0,0,0,0,0,0,48,49,51,54,55,59,61,64,64,67,70,69,69,70,69,70,68,65,65,63,62,62,61,59,57,57,55,54
20260804_015555_897cb2,1785805270439131,1000110737,2,2,0,-54,128,0,16,16,14,14,13,13,13,13,12,12,12,12,12,12,12,12,12,12,12,12,12,11,11,11,11,11,0,0,0,0,0,0,0,0,0,0,0,11,11,13,14,14,14,15,16,16,17,17,16,18,16,16,17,17,16,16,16,16,16,17,16,16,16,0,57,55,53,53,49,49,49,47,46,47,47,44,44,44,45,46,44,43,44,43,42,42,40,40,39,38,38,37,0,0,0,0,0,0,0,38,39,42,43,47,48,52,52,56,58,60,60,62,62,64,63,60,62,61,62,60,60,59,60,62,59,61,58
20260804_015555_897cb2,1785805270536877,1000211289,2,2,0,-51,128,0,15,14,14,14,13,13,13,12,12,12,12,12,11,11,12,11,11,11,11,11,10,10,10,9,9,9,0,0,0,0,0,0,0,0,0,0,0,13,13,14,15,15,15,16,16,17,17,18,18,18,17,17,16,16,16,16,16,16,16,15,15,16,15,0,27,28,27,26,25,24,24,21,23,22,21,21,21,21,22,20,21,20,20,20,20,18,17,18,16,16,15,16,0,0,0,0,0,0,0,22,23,23,25,26,26,28,29,31,30,31,31,32,32,32,31,30,30,30,31,30,32,29,30,30,30,30,28
20260804_015555_897cb2,1785805270638091,1000311054,2,2,0,-55,128,0,15,16,15,15,15,15,15,14,14,14,14,14,14,14,16,14,16,15,15,16,15,14,14,13,13,13,0,0,0,0,0,0,0,0,0,0,0,10,10,11,11,12,12,12,13,13,14,14,14,14,15,14,15,14,15,14,15,15,15,16,16,16,15,0,57,56,54,54,52,53,53,52,51,53,54,53,56,56,54,55,57,54,56,57,55,54,53,51,52,52,50,50,0,0,0,0,0,0,0,31,34,36,36,37,41,44,43,46,48,50,50,51,51,52,54,53,52,52,54,53,53,55,54,54,55,56,55
20260804_015555_897cb2,1785805270740271,1000411006,2,2,0,-53,128,0,16,16,16,16,16,16,16,16,15,16,16,16,16,17,16,17,16,17,17,17,17,16,16,16,15,14,0,0,0,0,0,0,0,0,0,0,0,5,6,6,7,8,8,8,9,9,9,10,11,11,11,12,12,13,12,13,14,14,14,14,15,15,15,0,58,60,61,60,61,62,60,60,57,60,61,59,60,61,62,63,62,64,64,64,62,59,58,59,55,55,52,53,0,0,0,0,0,0,0,17,19,20,22,23,25,26,29,30,33,33,36,37,38,41,41,43,43,46,47,48,50,53,52,53,55,57,57
20260804_015555_897cb2,1785805270838912,1000511098,2,2,0,-51,128,0,17,16,17,16,16,16,16,16,15,15,15,15,15,15,15,15,15,15,15,15,14,13,13,13,12,12,0,0,0,0,0,0,0,0,0,0,0,8,8,9,10,10,11,11,11,12,13,12,14,14,14,15,15,15,15,15,16,16,16,16,16,16,16,0,61,62,64,60,61,60,59,60,57,58,57,56,56,58,55,57,56,56,55,54,54,54,51,50,47,46,45,44,0,0,0,0,0,0,0,26,29,29,32,32,36,38,39,43,44,45,49,48,49,52,52,52,53,55,55,57,57,58,59,58,61,62,63
20260804_015555_897cb2,1785805270936612,1000610720,2,2,0,-51,128,0,17,16,16,16,16,15,15,15,15,15,15,15,15,16,15,15,15,15,16,15,15,15,14,13,14,13,0,0,0,0,0,0,0,0,0,0,0,7,8,8,9,9,10,11,11,13,13,13,14,14,14,14,14,15,14,15,15,15,15,16,16,16,16,0,59,62,58,61,57,58,56,55,56,57,56,54,56,53,57,55,57,54,55,55,53,52,51,49,47,46,46,44,0,0,0,0,0,0,0,23,25,27,27,31,32,36,35,40,42,44,47,48,49,50,52,50,53,52,55,53,56,58,58,60,59,60,60
20260804_015555_897cb2,1785805271039406,1000713592,2,2,0,-54,128,0,16,16,16,15,15,15,15,15,15,14,14,14,14,14,14,14,14,14,14,14,13,13,12,12,13,11,0,0,0,0,0,0,0,0,0,0,0,6,6,7,7,8,8,9,10,10,10,11,11,12,11,13,13,13,13,14,14,14,15,15,15,16,16,0,60,62,60,62,59,59,58,58,57,59,57,57,57,57,59,57,59,58,57,55,57,52,52,51,50,48,46,46,0,0,0,0,0,0,0,22,24,25,26,30,31,34,34,36,39,40,44,45,46,47,48,49,50,50,52,53,54,55,58,58,59,61,60
20260804_015555_897cb2,1785805271136378,1000810686,2,2,0,-57,128,0,17,16,16,16,16,16,15,17,17,16,17,17,17,17,17,17,17,17,17,17,17,17,16,15,15,15,0,0,0,0,0,0,0,0,0,0,0,6,6,6,6,7,8,9,9,10,10,10,11,11,12,12,12,13,13,13,13,13,14,14,14,15,15,0,61,62,63,61,60,61,61,61,61,63,61,61,63,62,63,64,64,64,65,65,63,63,60,57,58,56,52,53,0,0,0,0,0,0,0,20,21,21,21,23,25,25,29,29,30,35,37,37,40,39,40,43,45,46,46,47,49,51,55,55,54,56,58
20260804_015555_897cb2,1785805271239684,1000910882,2,2,0,-56,128,0,17,17,16,17,16,16,16,15,14,15,15,14,14,15,15,14,14,14,14,14,13,13,13,12,12,11,0,0,0,0,0,0,0,0,0,0,0,5,6,7,7,8,8,9,9,10,11,11,11,13,12,12,13,13,14,14,14,15,16,15,16,17,17,0,64,64,63,62,62,63,60,59,58,59,57,58,57,59,55,57,58,56,54,53,52,52,49,46,44,45,41,40,0,0,0,0,0,0,0,21,21,21,23,25,28,29,30,33,38,42,43,42,46,48,48,50,51,51,54,54,58,59,60,60,64,64,64
20260804_015555_897cb2,1785805271338026,1001012060,2,2,0,-57,128,0,16,17,17,17,17,17,16,15,15,15,15,15,15,16,15,15,15,15,15,14,15,15,14,14,13,12,0,0,0,0,0,0,0,0,0,0,0,7,8,8,7,8,8,9,9,10,10,11,11,12,12,12,13,13,14,14,14,15,15,15,16,16,16,0,64,64,66,62,63,61,61,60,59,58,60,59,59,59,58,61,60,60,58,57,56,54,52,52,51,48,47,47,0,0,0,0,0,0,0,28,28,28,29,28,31,32,33,35,35,40,39,43,44,47,45,47,49,51,51,54,55,57,59,58,61,61,64
20260804_015555_897cb2,1785805271437140,1001111824,2,2,0,-54,128,0,17,17,16,16,15,15,15,15,14,14,14,14,13,13,14,13,14,13,13,12,12,12,12,11,11,10,0,0,0,0,0,0,0,0,0,0,0,11,11,12,12,13,13,14,14,15,15,15,15,16,16,16,16,16,16,16,17,17,17,17,17,17,17,0,31,31,30,29,28,28,27,26,26,26,25,25,25,25,24,24,24,23,23,22,22,21,20,20,19,19,18,17,0,0,0,0,0,0,0,18,19,19,20,21,22,24,24,25,25,26,27,27,28,28,29,29,28,29,29,30,29,29,30,30,30,31,30
20260804_015555_897cb2,1785805271534797,1001210487,2,2,0,-55,128,0,16,16,16,15,14,14,13,13,13,13,13,12,12,12,12,11,11,11,10,10,10,9,9,9,9,9,0,0,0,0,0,0,0,0,0,0,0,11,11,12,12,13,13,14,15,15,16,16,16,17,16,16,16,16,17,17,17,16,17,17,17,17,17,0,62,59,58,57,55,52,52,49,49,49,46,46,45,45,43,42,42,41,40,38,37,36,35,31,31,30,29,29,0,0,0,0,0,0,0,35,38,39,41,45,44,48,48,51,54,56,58,57,57,61,61,59,61,61,60,60,61,62,63,63,61,62,61
20260804_015555_897cb2,1785805271639131,1001314081,2,2,0,-54,128,0,17,17,17,16,16,16,15,15,14,14,14,14,13,13,13,13,13,13,12,12,11,11,11,10,10,10,0,0,0,0,0,0,0,0,0,0,0,8,9,9,10,11,12,12,13,13,14,14,15,15,15,16,16,16,16,16,17,17,17,17,17,18,17,0,32,31,31,30,30,29,28,27,26,26,26,26,25,26,25,25,24,24,24,23,22,20,20,19,18,18,17,17,0,0,0,0,0,0,0,14,15,15,16,17,19,20,22,23,24,25,26,27,28,28,29,29,29,30,29,31,31,30,32,31,32,32,32
20260804_015555_897cb2,1785805271740404,1001412194,2,2,0,-54,128,0,16,16,16,16,15,15,14,14,14,13,13,13,12,12,11,12,11,10,11,11,11,10,8,8,8,8,0,0,0,0,0,0,0,0,0,0,0,8,9,9,11,11,11,12,13,14,14,15,15,15,16,16,16,16,16,16,16,16,17,17,17,17,16,0,64,64,62,61,57,56,56,51,52,52,49,50,48,42,49,49,50,44,41,46,43,40,33,39,32,34,31,26,0,0,0,0,0,0,0,28,30,32,33,36,39,42,45,48,51,55,56,57,58,61,59,60,63,60,63,64,64,65,65,67,66,67,65
20260804_015555_897cb2,1785805271844619,1001514113,2,2,0,-54,128,0,17,17,17,17,16,15,15,15,15,15,15,15,14,14,14,14,13,14,13,13,12,12,12,12,11,10,0,0,0,0,0,0,0,0,0,0,0,10,11,12,12,12,13,13,14,14,15,15,15,16,15,16,16,16,16,16,17,17,17,17,17,17,17,0,31,31,30,30,27,29,27,27,27,27,27,26,26,27,27,26,20,26,24,21,19,23,21,15,18,18,16,17,0,0,0,0,0,0,0,17,17,19,20,20,22,23,23,24,25,26,27,27,28,28,29,28,29,29,28,29,30,30,31,30,30,32,31
20260804_015555_897cb2,1785805271938202,1001611791,2,2,0,-52,128,0,16,16,16,15,15,14,14,14,13,13,13,13,13,13,13,13,13,13,13,13,13,12,11,11,11,11,0,0,0,0,0,0,0,0,0,0,0,9,10,11,11,12,12,13,13,14,14,14,14,14,14,15,15,15,15,16,16,16,16,16,16,16,16,0,61,60,58,60,57,55,54,53,53,52,50,51,50,50,51,50,50,49,48,47,48,46,45,42,41,41,40,38,0,0,0,0,0,0,0,30,33,35,37,39,41,44,45,47,50,52,54,54,54,57,56,56,56,56,58,56,59,58,59,60,59,60,60
20260804_015555_897cb2,1785805272042895,1001713024,2,2,0,-51,128,0,16,16,16,15,16,15,15,15,15,15,16,14,15,15,15,15,16,15,15,15,15,13,13,13,13,13,0,0,0,0,0,0,0,0,0,0,0,8,8,9,9,9,9,10,10,10,11,11,11,11,11,12,13,13,13,13,13,13,14,15,15,15,15,0,60,59,61,60,59,59,58,58,57,59,59,57,57,57,59,58,58,59,58,57,57,55,54,52,50,50,48,48,0,0,0,0,0,0,0,27,26,28,30,30,32,33,35,37,38,40,42,43,44,45,45,46,48,50,50,51,52,53,54,56,57,59,57
20260804_015555_897cb2,1785805272140596,1001815515,2,2,0,-50,128,0,15,15,15,15,15,15,14,14,14,14,14,14,14,13,14,14,14,14,14,13,13,13,12,12,12,11,0,0,0,0,0,0,0,0,0,0,0,7,8,8,9,9,10,10,11,11,11,12,12,12,12,13,13,13,13,14,14,14,15,14,15,15,15,0,60,56,58,57,60,58,56,53,55,55,56,54,54,56,55,55,56,56,55,52,49,50,47,47,46,45,42,42,0,0,0,0,0,0,0,26,28,28,31,32,34,37,40,41,42,44,44,46,46,47,49,48,49,50,49,53,55,53,57,56,59,58,60
20260804_015555_897cb2,1785805272239377,1001911739,2,2,0,-50,128,0,16,15,15,16,15,14,14,15,14,15,14,14,14,14,14,14,13,13,13,13,13,12,11,10,11,10,0,0,0,0,0,0,0,0,0,0,0,9,9,10,10,10,10,11,12,12,12,13,13,13,13,14,14,14,14,14,14,15,16,16,16,16,16,0,30,30,29,30,28,28,28,28,27,27,27,27,26,25,27,26,26,25,25,25,24,24,22,21,20,20,20,19,0,0,0,0,0,0,0,16,16,17,17,19,19,21,20,22,23,24,24,25,26,26,26,25,27,26,27,27,28,28,28,29,29,30,31
20260804_015555_897cb2,1785805272340400,1002012394,2,2,0,-55,128,0,16,17,17,17,16,16,17,16,17,16,17,17,17,18,17,17,17,17,17,17,17,16,16,16,15,15,0,0,0,0,0,0,0,0,0,0,0,6,7,7,7,7,8,8,9,9,9,10,10,11,11,12,12,12,12,13,13,14,15,16,16,16,16,0,30,31,31,30,30,30,30,30,30,30,29,31,31,33,32,32,31,31,31,30,30,30,28,28,28,27,26,26,0,0,0,0,0,0,0,11,12,12,12,13,13,14,14,15,16,17,17,18,19,20,21,22,22,22,23,23,24,26,27,27,28,29,29
20260804_015555_897cb2,1785805272437425,1002111159,2,2,0,-53,128,0,16,16,16,16,15,15,15,15,15,15,14,15,15,15,15,15,15,15,15,15,14,14,14,13,13,12,0,0,0,0,0,0,0,0,0,0,0,6,6,7,8,9,9,10,10,11,11,12,13,13,13,13,13,14,14,14,15,15,15,15,16,16,16,0,59,62,59,60,59,58,56,57,55,56,55,56,56,54,57,56,58,56,56,54,54,51,52,49,48,46,46,44,0,0,0,0,0,0,0,24,25,25,26,29,30,34,35,35,39,40,45,44,46,48,48,50,51,50,54,53,53,57,57,60,60,61,58
20260804_015555_897cb2,1785805272541291,1002211778,2,2,0,-53,128,0,17,17,17,17,16,17,16,16,15,15,15,15,16,16,16,16,16,16,16,15,15,15,14,13,13,13,0,0,0,0,0,0,0,0,0,0,0,8,9,9,9,10,10,11,11,12,12,12,12,13,13,13,14,14,14,14,15,15,15,15,17,17,17,0,62,62,61,60,60,60,59,58,57,58,58,58,57,57,58,58,58,57,59,55,57,54,51,51,50,49,47,47,0,0,0,0,0,0,0,29,28,29,30,33,35,36,37,39,40,43,44,46,47,47,48,50,51,51,53,54,56,56,58,58,60,59,60
20260804_015555_897cb2,1785805272639353,1002311721,2,2,0,-53,128,0,15,15,15,15,15,15,15,15,15,15,15,15,15,14,15,14,15,14,15,15,15,14,14,13,13,13,0,0,0,0,0,0,0,0,0,0,0,7,7,8,8,9,9,9,9,10,11,11,12,12,12,12,13,13,13,13,14,14,15,14,15,15,15,0,60,58,59,58,58,57,56,56,56,56,57,56,57,56,56,57,58,57,57,57,56,54,52,50,51,49,47,46,0,0,0,0,0,0,0,28,27,29,30,32,34,36,35,38,39,43,42,43,44,46,47,49,47,49,49,52,51,53,56,56,57,59,58
20260804_015555_897cb2,1785805272737330,1002411661,2,2,0,-52,128,0,16,16,16,16,16,16,16,15,15,15,15,15,15,15,15,16,16,16,15,15,15,15,14,14,13,13,0,0,0,0,0,0,0,0,0,0,0,8,9,9,10,10,11,11,12,12,13,13,13,14,14,14,14,14,14,15,15,15,16,15,16,16,16,0,60,62,62,59,60,58,58,58,58,56,56,58,57,58,56,57,59,58,56,55,55,54,50,50,50,49,45,45,0,0,0,0,0,0,0,27,28,30,32,32,35,37,39,41,42,46,47,47,50,51,53,54,52,53,53,56,56,56,59,57,59,61,60
20260804_015555_897cb2,1785805272840750,1002510807,2,2,0,-52,128,0,16,16,16,16,16,16,15,15,15,16,15,14,14,14,15,14,15,15,15,14,14,13,13,12,12,12,0,0,0,0,0,0,0,0,0,0,0,9,9,10,10,11,11,12,12,13,13,13,13,13,14,14,15,15,15,15,16,15,16,16,16,16,16,0,59,58,59,57,57,56,54,54,55,53,54,54,52,54,53,54,52,53,53,51,50,48,46,45,45,44,40,40,0,0,0,0,0,0,0,29,30,32,34,35,37,38,42,43,45,47,47,50,51,52,52,53,53,55,54,57,57,58,59,58,59,62,61
20260804_015555_897cb2,1785805272937466,1002611855,2,2,0,-54,128,0,15,15,15,15,15,15,14,15,14,15,15,14,15,15,15,15,15,15,15,15,15,15,14,14,14,13,0,0,0,0,0,0,0,0,0,0,0,4,5,5,5,6,7,7,8,8,9,9,10,10,11,11,11,11,12,12,13,13,14,14,14,15,15,0,60,59,59,58,59,59,58,59,58,57,58,58,60,62,59,62,61,63,62,61,61,59,56,55,54,55,51,51,0,0,0,0,0,0,0,16,17,19,21,22,24,26,26,31,31,34,36,35,38,41,43,45,44,47,47,50,51,52,53,54,57,58,58
20260804_015555_897cb2,1785805273039845,1002712034,2,2,0,-53,128,0,16,17,17,16,17,17,16,16,16,16,16,16,16,17,17,17,17,17,17,17,17,16,16,15,15,15,0,0,0,0,0,0,0,0,0,0,0,7,7,8,8,9,9,9,9,10,11,11,11,11,12,12,12,12,12,14,14,14,14,14,15,16,16,0,59,60,59,57,59,59,59,59,58,60,60,59,59,61,62,61,63,63,64,61,61,60,59,56,55,54,54,51,0,0,0,0,0,0,0,24,24,26,26,28,29,30,31,31,34,35,39,37,41,42,42,43,46,45,45,49,50,50,52,53,55,57,57
20260804_015555_897cb2,1785805273141960,1002813877,2,2,0,-52,128,0,15,15,16,16,15,15,15,15,14,15,15,15,15,14,16,16,16,15,16,15,15,14,14,14,14,13,0,0,0,0,0,0,0,0,0,0,0,8,8,8,9,9,9,10,11,11,11,11,12,12,12,13,13,13,13,13,14,14,15,15,15,16,16,0,61,60,61,59,60,58,57,57,57,57,57,57,57,59,58,59,57,59,59,57,57,54,53,52,51,51,48,48,0,0,0,0,0,0,0,26,28,29,32,32,33,33,37,38,40,42,43,45,46,47,48,49,50,52,50,54,54,54,55,56,58,59,59
20260804_015555_897cb2,1785805273241157,1002911634,2,2,0,-51,128,0,15,15,15,15,15,15,15,14,14,15,15,14,14,14,15,15,15,15,15,14,14,14,14,13,13,12,0,0,0,0,0,0,0,0,0,0,0,7,8,8,8,9,9,10,10,10,11,11,11,12,12,12,13,13,13,13,13,13,14,14,15,15,15,0,60,57,59,58,58,56,57,56,58,57,56,57,57,59,55,60,58,59,56,57,54,54,50,50,50,50,45,46,0,0,0,0,0,0,0,26,28,30,30,30,34,34,37,38,40,43,42,43,46,46,47,48,47,48,48,52,51,53,54,53,54,57,58
20260804_015555_897cb2,1785805273339982,1003013214,2,2,0,-51,128,0,15,16,15,15,15,15,15,15,16,15,15,15,15,16,16,16,16,16,16,16,16,15,14,15,13,14,0,0,0,0,0,0,0,0,0,0,0,8,8,8,8,9,9,10,10,10,10,11,11,11,11,11,12,12,13,13,13,13,13,13,15,15,15,0,59,60,59,59,59,59,58,57,58,59,59,58,60,60,60,61,62,62,62,61,60,59,57,57,54,54,52,50,0,0,0,0,0,0,0,28,29,30,30,30,33,35,36,38,38,39,41,44,43,44,44,45,47,47,49,50,51,52,54,55,57,57,57
20260804_015555_897cb2,1785805273438837,1003113096,2,2,0,-51,128,0,16,16,16,16,16,16,16,15,16,16,16,16,16,16,16,17,16,16,16,16,16,15,15,15,14,14,0,0,0,0,0,0,0,0,0,0,0,7,7,8,8,9,9,9,10,10,10,11,11,11,11,12,12,12,12,13,13,13,14,14,15,15,15,0,30,29,30,29,29,29,29,29,30,29,30,29,30,31,30,31,31,31,31,30,30,29,28,27,27,26,25,25,0,0,0,0,0,0,0,12,13,13,14,14,15,15,16,17,18,19,19,20,20,21,21,22,22,23,23,24,25,25,27,26,27,28,29
20260804_015555_897cb2,1785805273538493,1003211744,2,2,0,-53,128,0,16,16,15,16,15,16,15,15,15,15,16,15,15,15,15,15,15,15,16,16,16,15,15,15,14,14,0,0,0,0,0,0,0,0,0,0,0,7,7,7,7,8,8,8,9,9,10,10,10,10,11,11,11,11,12,12,12,13,13,14,14,14,16,0,60,59,58,59,57,58,57,56,58,57,58,57,57,58,59,59,60,60,60,59,58,57,55,54,52,52,50,50,0,0,0,0,0,0,0,24,25,26,28,29,31,31,32,33,36,37,37,40,41,41,43,44,45,46,48,48,47,51,52,54,56,57,58
20260804_015555_897cb2,1785805273642512,1003314695,2,2,0,-54,128,0,14,15,14,14,14,14,15,15,15,15,15,15,15,16,16,16,16,16,16,16,15,15,14,15,13,14,0,0,0,0,0,0,0,0,0,0,0,5,5,6,6,6,6,8,8,9,9,9,10,10,10,11,11,11,11,12,12,13,13,13,14,14,14,0,60,59,60,60,61,59,57,59,59,61,60,60,61,62,64,63,64,65,64,64,61,61,59,59,55,55,54,54,0,0,0,0,0,0,0,21,21,21,23,25,27,27,29,31,32,35,36,37,38,40,40,41,42,46,45,48,48,51,50,53,57,57,57
20260804_015555_897cb2,1785805273740870,1003411947,2,2,0,-55,128,0,15,16,16,16,16,16,16,16,16,16,16,17,17,17,18,18,18,19,18,18,18,18,17,17,16,16,0,0,0,0,0,0,0,0,0,0,0,5,5,5,6,6,7,8,8,9,9,9,9,9,10,10,11,11,11,12,12,13,13,13,14,15,15,0,30,29,29,30,28,29,30,30,30,30,30,31,31,33,32,33,34,34,34,34,33,32,33,31,31,31,30,30,0,0,0,0,0,0,0,9,9,10,10,10,11,12,13,14,14,15,16,17,18,19,19,21,21,21,22,23,23,25,25,25,27,27,27
20260804_015555_897cb2,1785805273876401,1003549908,2,2,0,-57,128,0,13,12,12,12,11,11,11,11,11,11,11,10,10,11,11,11,11,11,11,11,11,11,11,11,11,11,0,0,0,0,0,0,0,0,0,0,0,12,12,13,13,14,14,14,15,15,15,15,16,15,15,15,15,14,14,14,14,14,14,14,13,13,13,0,26,24,23,24,21,22,22,23,21,22,19,20,21,22,22,22,21,23,23,22,22,22,22,21,21,21,21,21,0,0,0,0,0,0,0,22,22,23,24,26,26,27,28,28,30,30,31,31,30,30,30,30,30,28,28,29,27,27,25,27,27,27,26
20260804_015555_897cb2,1785805273945539,1003620878,2,2,0,-61,128,0,10,9,9,9,8,8,8,8,8,7,9,7,8,6,9,9,10,10,10,11,13,10,12,10,12,12,0,0,0,0,0,0,0,0,0,0,0,13,14,14,15,15,16,17,17,18,18,17,17,17,17,16,16,16,16,15,15,14,14,14,13,13,11,0,21,19,16,18,16,16,14,14,14,15,15,14,15,13,16,17,18,21,21,19,20,21,23,22,21,22,21,23,0,0,0,0,0,0,0,24,25,25,26,27,29,30,31,32,33,34,35,34,34,34,32,32,31,31,29,28,28,27,26,26,25,23,22
20260804_015555_897cb2,1785805274036202,1003711391,2,2,0,-55,128,0,15,13,13,13,12,11,11,11,10,10,9,9,9,9,7,8,7,7,6,6,6,6,6,5,5,5,0,0,0,0,0,0,0,0,0,0,0,13,13,14,15,16,16,17,17,18,18,18,18,18,18,18,18,17,16,17,16,17,16,16,16,16,16,0,57,52,52,48,48,45,42,41,37,36,36,35,34,33,31,31,29,28,26,25,25,23,22,21,19,20,18,19,0,0,0,0,0,0,0,47,48,50,53,54,57,59,62,62,65,67,67,68,68,68,66,67,65,65,63,64,63,62,62,60,60,60,58
20260804_015555_897cb2,1785805274137664,1003811576,2,2,0,-53,128,0,14,14,13,13,12,12,11,10,9,9,9,8,8,8,8,7,7,7,6,6,5,5,5,4,4,4,0,0,0,0,0,0,0,0,0,0,0,14,14,14,15,16,17,17,17,18,18,18,18,18,18,17,18,17,17,17,17,17,17,17,15,15,15,0,28,25,25,23,22,22,19,19,18,18,17,16,15,14,14,14,13,13,12,11,12,11,10,10,9,9,8,9,0,0,0,0,0,0,0,23,24,25,28,28,30,29,32,32,33,34,34,35,34,35,34,33,34,33,31,32,31,31,30,30,30,29,28
20260804_015555_897cb2,1785805274236775,1003911393,2,2,0,-57,128,0,12,11,10,8,8,8,6,6,6,4,4,3,3,3,2,2,1,2,3,3,3,3,3,3,4,4,0,0,0,0,0,0,0,0,0,0,0,16,16,17,18,19,20,20,21,22,22,22,22,21,21,20,20,19,19,18,18,17,16,16,16,14,13,0,22,21,19,18,16,14,13,10,10,9,8,5,5,4,3,4,2,3,3,4,5,5,5,6,7,7,7,7,0,0,0,0,0,0,0,25,27,29,29,32,33,35,37,38,39,39,40,39,39,38,39,37,37,36,35,33,32,32,30,29,28,27,25
20260804_015555_897cb2,1785805274334359,1004011732,2,2,0,-56,128,0,12,11,10,9,8,7,7,6,5,4,4,3,2,1,1,0,0,1,1,1,3,2,4,4,4,4,0,0,0,0,0,0,0,0,0,0,0,15,16,17,18,18,19,20,20,21,21,21,21,21,20,21,19,19,18,18,18,17,16,16,15,15,14,0,23,21,19,17,16,14,12,11,10,9,7,6,4,3,3,2,0,1,2,4,4,4,5,6,7,7,7,7,0,0,0,0,0,0,0,25,27,28,29,31,32,35,36,36,38,40,39,39,40,38,39,37,37,36,35,34,34,32,31,29,28,27,26
20260804_015555_897cb2,1785805274437921,1004110980,2,2,0,-61,128,0,4,3,2,2,2,2,3,4,5,6,6,7,8,8,10,11,11,11,12,12,13,13,13,13,13,13,0,0,0,0,0,0,0,0,0,0,0,17,18,18,19,20,20,21,21,22,21,21,21,21,20,19,18,17,16,15,14,13,12,11,10,9,7,0,9,6,5,4,4,4,6,6,9,11,11,13,14,15,18,18,20,21,21,22,22,21,23,23,23,22,22,22,0,0,0,0,0,0,0,28,29,30,31,33,34,35,36,37,38,39,38,38,36,37,35,33,32,30,28,26,25,23,22,20,17,15,13
20260804_015555_897cb2,1785805274535546,1004211637,2,2,0,-53,128,0,13,12,11,11,9,8,8,8,6,6,6,5,5,4,4,3,3,2,2,2,2,2,2,2,2,2,0,0,0,0,0,0,0,0,0,0,0,15,16,16,18,18,18,19,20,20,21,21,21,19,19,19,19,18,17,17,17,16,16,15,15,14,14,0,23,21,21,19,17,16,15,13,12,12,11,10,9,8,7,6,6,5,4,4,4,4,3,4,4,4,5,5,0,0,0,0,0,0,0,25,26,28,29,31,33,33,35,36,37,37,38,37,37,37,36,34,35,34,33,32,31,31,30,29,28,28,26
20260804_015555_897cb2,1785805274638861,1004311897,2,2,0,-54,128,0,12,12,11,10,9,9,8,7,6,6,5,5,4,4,4,3,3,3,2,2,2,3,3,3,2,2,0,0,0,0,0,0,0,0,0,0,0,16,17,18,18,19,20,21,21,21,22,21,21,21,21,20,20,19,18,18,18,17,16,16,16,16,15,0,24,22,22,20,18,16,16,14,13,11,11,10,9,9,7,6,5,5,4,4,4,4,4,4,4,4,3,5,0,0,0,0,0,0,0,28,30,29,33,33,36,35,38,39,39,40,40,40,40,39,39,37,36,36,34,34,33,32,31,29,29,28,27
20260804_015555_897cb2,1785805274737754,1004410845,2,2,0,-52,128,0,15,14,14,13,12,12,12,10,10,10,9,9,8,8,8,8,7,7,7,6,6,5,5,4,4,4,0,0,0,0,0,0,0,0,0,0,0,14,14,15,15,16,17,17,18,18,18,18,18,18,18,18,18,18,18,17,18,17,17,17,17,17,15,0,55,54,51,47,46,46,42,39,37,38,36,33,30,29,30,29,26,26,25,23,22,19,19,19,16,16,16,14,0,0,0,0,0,0,0,45,48,48,51,55,58,60,64,66,67,70,71,71,71,70,68,65,70,67,66,68,64,64,63,62,63,61,59
20260804_015555_897cb2,1785805274835558,1004511711,2,2,0,-50,128,0,16,16,15,15,14,13,13,12,12,11,11,10,9,10,9,9,9,9,8,8,7,7,7,7,6,6,0,0,0,0,0,0,0,0,0,0,0,14,15,15,16,17,18,19,19,20,20,20,20,21,20,20,20,19,19,19,19,19,19,18,18,18,18,0,28,27,26,25,24,23,20,20,19,19,19,16,17,17,15,17,14,14,13,13,13,11,9,9,9,9,7,8,0,0,0,0,0,0,0,22,24,25,26,27,29,30,31,32,33,34,35,35,35,34,35,34,35,33,33,33,33,32,31,32,31,31,30
20260804_015555_897cb2,1785805274940281,1004611627,2,2,0,-50,128,0,16,15,15,14,14,13,12,12,11,11,10,10,9,9,8,8,7,7,7,6,6,4,4,4,4,4,0,0,0,0,0,0,0,0,0,0,0,13,13,13,15,15,16,17,18,18,19,19,19,18,19,18,19,18,17,18,18,18,18,17,17,17,17,0,29,27,27,27,25,24,23,21,20,20,19,18,17,17,16,16,15,14,13,13,11,10,9,8,8,8,5,5,0,0,0,0,0,0,0,21,22,23,25,26,28,28,30,32,33,34,33,35,34,34,34,34,34,33,32,33,33,32,32,32,31,31,30
20260804_015555_897cb2,1785805275039485,1004711691,2,2,0,-50,128,0,16,16,16,15,14,13,13,12,12,11,11,10,10,10,9,9,9,8,8,7,7,7,6,6,5,5,0,0,0,0,0,0,0,0,0,0,0,14,14,15,16,17,18,18,18,19,19,19,19,19,19,18,19,18,18,18,18,18,18,18,18,17,17,0,28,28,27,26,24,25,22,21,20,20,19,19,18,18,17,15,15,14,14,14,13,12,11,10,9,9,8,7,0,0,0,0,0,0,0,23,24,25,26,27,28,29,31,32,34,33,34,35,35,34,35,33,35,34,32,33,33,33,33,32,32,32,30
20260804_015555_897cb2,1785805275136822,1004811804,2,2,0,-50,128,0,14,14,14,12,11,11,11,10,9,9,9,8,8,8,7,7,7,6,6,6,5,5,4,4,3,3,0,0,0,0,0,0,0,0,0,0,0,13,13,14,15,16,16,17,18,18,19,18,18,18,18,17,17,17,17,17,17,17,17,16,16,16,16,0,28,25,25,25,22,22,21,19,18,17,18,16,15,15,15,14,13,13,11,10,10,10,9,8,7,6,6,5,0,0,0,0,0,0,0,22,23,24,26,28,29,30,33,33,33,34,34,35,34,35,34,33,33,32,31,32,33,31,32,31,31,30,29
20260804_015555_897cb2,1785805275239914,1004912991,2,2,0,-50,128,0,15,15,14,13,13,12,11,11,11,10,9,9,9,9,9,7,7,7,6,6,5,5,5,5,4,4,0,0,0,0,0,0,0,0,0,0,0,16,16,16,18,18,19,20,21,21,21,21,21,21,21,19,20,20,19,19,18,18,18,18,17,17,17,0,27,27,25,23,22,21,19,19,18,17,16,16,14,14,14,14,13,11,11,10,10,9,9,9,7,6,6,7,0,0,0,0,0,0,0,23,25,26,29,29,32,32,33,35,35,36,36,36,35,36,34,35,34,34,33,32,34,31,31,30,30,30,30
20260804_015555_897cb2,1785805275337471,1005012532,2,2,0,-52,128,0,15,14,14,13,12,11,11,10,9,9,9,9,8,7,7,6,6,6,5,5,5,4,4,4,4,3,0,0,0,0,0,0,0,0,0,0,0,15,16,17,18,19,20,20,21,21,20,21,20,20,20,19,19,19,18,18,18,17,17,16,17,16,16,0,26,25,24,22,22,21,19,18,17,16,16,15,14,13,12,12,11,10,10,9,9,7,7,6,6,5,5,4,0,0,0,0,0,0,0,26,26,28,30,31,33,34,35,37,37,38,39,38,37,37,35,36,36,35,33,34,33,32,31,30,31,29,28
20260804_015555_897cb2,1785805275437024,1005111041,2,2,0,-52,128,0,13,12,12,11,10,10,9,9,8,7,7,6,5,5,5,4,4,4,3,3,2,2,2,2,1,1,0,0,0,0,0,0,0,0,0,0,0,13,14,14,15,16,17,17,18,18,18,18,18,18,17,18,17,17,16,17,16,16,16,15,15,15,14,0,53,49,49,44,42,38,38,35,32,31,29,27,25,24,20,20,17,17,15,13,12,9,9,8,5,7,4,4,0,0,0,0,0,0,0,48,52,53,58,57,62,62,66,67,68,72,70,71,71,71,70,70,67,69,64,65,63,63,63,59,59,59,58
20260804_015555_897cb2,1785805275534384,1005210674,2,2,0,-50,128,0,14,14,13,13,12,11,10,10,9,8,8,8,7,6,6,6,5,5,5,5,5,4,4,4,4,3,0,0,0,0,0,0,0,0,0,0,0,17,18,18,20,21,21,21,22,22,22,21,22,21,21,21,20,19,19,19,18,18,18,17,17,17,16,0,25,24,23,20,20,18,17,16,15,13,13,13,12,13,10,11,10,9,8,8,8,8,7,8,8,7,6,6,0,0,0,0,0,0,0,27,27,29,30,31,33,34,34,36,36,38,37,37,36,35,35,34,34,33,32,31,31,30,30,29,28,27,25
20260804_015555_897cb2,1785805275640247,1005311193,2,2,0,-49,128,0,16,15,15,13,13,13,12,11,11,11,10,10,10,10,9,9,9,8,8,7,7,7,7,6,6,6,0,0,0,0,0,0,0,0,0,0,0,15,15,16,17,18,18,18,19,20,19,19,20,20,19,19,19,18,18,18,18,18,18,17,18,16,16,0,27,26,25,23,23,22,21,21,18,17,17,18,17,16,15,16,14,15,15,13,13,12,11,11,10,9,8,8,0,0,0,0,0,0,0,23,25,25,27,28,30,30,32,33,32,34,34,35,35,35,34,34,33,33,32,32,31,31,31,30,30,29,28
20260804_015555_897cb2,1785805275734030,1005410887,2,2,0,-49,128,0,16,15,14,14,13,12,11,10,10,11,10,9,9,8,8,8,7,6,6,6,6,5,4,4,4,4,0,0,0,0,0,0,0,0,0,0,0,18,18,19,19,20,21,22,22,23,23,22,22,22,21,21,20,20,20,19,19,18,19,18,18,18,17,0,27,25,24,24,22,21,19,18,16,18,16,16,14,13,13,11,12,12,11,11,9,9,8,9,8,6,5,5,0,0,0,0,0,0,0,27,27,28,29,32,33,34,34,36,37,36,38,37,37,37,36,36,36,34,34,33,32,32,31,30,30,29,28
20260804_015555_897cb2,1785805275838281,1005515705,2,2,0,-50,128,0,14,13,13,11,11,11,9,9,8,8,8,8,7,7,6,6,6,6,5,5,5,4,5,5,4,4,0,0,0,0,0,0,0,0,0,0,0,17,17,18,18,19,20,21,20,21,21,21,21,21,21,20,20,19,18,18,18,18,16,16,16,16,15,0,24,24,23,21,20,19,18,16,16,14,14,14,13,12,12,11,13,12,10,10,10,9,9,8,8,7,8,7,0,0,0,0,0,0,0,26,28,30,30,32,33,35,36,36,37,38,38,38,37,37,36,35,35,34,33,33,31,31,30,29,29,28,26
20260804_015555_897cb2,1785805275937343,1005614499,2,2,0,-51,128,0,15,14,13,13,12,11,11,10,10,9,9,8,7,7,6,6,6,5,4,4,4,4,3,3,3,2,0,0,0,0,0,0,0,0,0,0,0,17,18,19,20,20,21,21,22,23,23,23,23,22,22,21,21,21,20,19,19,18,18,17,17,17,17,0,25,24,23,22,20,19,18,17,16,15,15,13,12,11,10,10,10,9,8,7,6,6,5,4,4,4,2,2,0,0,0,0,0,0,0,27,29,29,30,32,34,35,36,37,38,39,38,39,38,38,36,36,36,34,34,34,33,33,31,30,30,29,28
20260804_015555_897cb2,1785805276042055,1005716582,2,2,0,-52,128,0,14,14,13,12,11,11,11,10,9,9,9,8,7,7,7,7,6,5,5,5,4,4,4,4,3,3,0,0,0,0,0,0,0,0,0,0,0,14,15,15,17,17,18,19,19,19,19,20,20,19,18,19,18,18,17,17,17,17,17,17,17,16,16,0,26,26,25,23,22,21,19,18,18,17,16,14,14,14,13,12,11,10,10,9,9,7,7,6,6,5,5,4,0,0,0,0,0,0,0,25,25,27,28,30,31,33,33,35,36,37,37,36,37,36,36,35,35,34,34,33,33,32,32,31,31,30,29
20260804_015555_897cb2,1785805276134970,1005811864,2,2,0,-51,128,0,15,15,14,14,13,13,12,12,11,10,10,9,9,9,9,8,8,8,7,7,6,6,5,5,4,4,0,0,0,0,0,0,0,0,0,0,0,13,14,16,16,17,17,18,18,19,19,19,19,19,19,18,19,19,19,18,18,18,18,18,17,17,17,0,28,28,26,25,23,23,22,21,19,19,19,18,17,16,16,16,15,14,13,13,11,11,10,9,8,8,7,6,0,0,0,0,0,0,0,22,23,24,25,27,27,29,30,32,33,35,34,35,34,35,34,33,33,32,33,32,33,32,31,31,31,31,30
20260804_015555_897cb2,1785805276250978,1005922315,2,2,0,-51,128,0,16,16,15,15,14,14,13,13,12,12,11,11,11,10,10,10,9,9,9,8,8,7,7,6,6,6,0,0,0,0,0,0,0,0,0,0,0,15,16,16,17,17,18,18,19,19,19,19,19,19,19,19,19,19,18,18,18,18,18,18,18,17,17,0,28,26,27,25,24,24,22,21,21,20,20,18,18,18,17,17,15,16,15,14,13,12,12,11,10,10,8,9,0,0,0,0,0,0,0,23,25,25,27,27,29,30,31,32,32,34,33,34,34,33,33,33,32,32,32,32,32,31,31,30,31,31,30
20260804_015555_897cb2,1785805276344043,1006019500,2,2,0,-53,128,0,15,14,14,12,12,11,11,11,9,9,9,9,8,8,7,7,8,5,6,6,6,5,4,4,4,3,0,0,0,0,0,0,0,0,0,0,0,13,14,15,16,16,16,17,18,18,18,18,18,18,18,17,16,16,16,17,16,16,16,16,16,16,16,0,55,54,50,50,48,47,43,42,36,38,37,36,31,31,29,26,29,26,31,22,21,14,16,16,18,9,14,12,0,0,0,0,0,0,0,51,52,52,54,57,60,62,64,65,66,67,70,69,68,68,66,66,66,65,65,66,64,62,62,60,62,59,57
20260804_015555_897cb2,1785805276442777,1006115651,2,2,0,-52,128,0,14,14,14,13,13,12,12,10,10,9,9,9,9,8,8,6,6,6,5,5,4,4,3,3,3,2,0,0,0,0,0,0,0,0,0,0,0,14,15,16,17,17,17,19,19,19,19,19,19,19,19,19,18,18,18,17,17,17,17,17,17,17,16,0,54,52,51,48,46,44,42,39,36,35,33,31,31,28,27,25,23,22,20,18,15,15,13,12,10,8,7,7,0,0,0,0,0,0,0,51,53,55,58,60,62,65,66,69,70,72,72,71,72,71,72,69,68,67,66,65,64,63,64,62,61,61,56
20260804_015555_897cb2,1785805276537530,1006212263,2,2,0,-57,128,0,12,12,10,9,9,8,7,6,6,5,5,5,4,4,4,4,5,4,5,5,6,7,7,7,7,8,0,0,0,0,0,0,0,0,0,0,0,16,16,17,18,18,19,19,20,20,21,20,20,21,20,19,19,18,18,17,17,17,16,15,15,14,13,0,22,23,20,17,16,15,13,12,12,11,9,9,5,7,8,6,9,9,8,10,10,11,12,14,13,15,14,15,0,0,0,0,0,0,0,28,29,28,31,32,34,34,36,38,38,39,39,40,38,38,37,36,36,34,35,34,32,32,30,31,29,27,26
20260804_015555_897cb2,1785805276635302,1006311675,2,2,0,-59,128,0,11,10,9,9,9,9,8,8,7,7,8,8,8,8,8,9,9,10,10,10,10,11,10,11,11,11,0,0,0,0,0,0,0,0,0,0,0,13,13,13,14,15,15,16,17,17,17,17,17,17,16,16,15,15,14,15,14,14,14,13,14,12,12,0,43,41,39,36,36,33,32,31,31,30,30,32,31,33,34,36,37,39,40,42,42,44,43,45,45,47,45,48,0,0,0,0,0,0,0,47,48,50,53,53,56,59,62,61,63,65,66,65,66,67,64,64,62,62,56,60,57,56,55,51,50,49,47
20260804_015555_897cb2,1785805276738492,1006410859,2,2,0,-58,128,0,13,13,13,12,12,11,12,11,12,11,12,11,12,12,12,13,13,13,13,14,14,13,14,13,13,13,0,0,0,0,0,0,0,0,0,0,0,13,13,13,14,14,15,16,16,16,16,16,16,16,16,16,16,16,16,16,15,15,15,14,15,14,14,0,51,50,48,47,46,45,44,44,43,44,45,44,45,46,45,48,48,50,49,49,49,51,51,50,50,50,48,50,0,0,0,0,0,0,0,45,47,48,50,51,52,55,55,58,59,61,62,62,62,63,62,60,59,59,59,59,57,57,57,55,54,53,52
20260804_015555_897cb2,1785805276836936,1006510845,2,2,0,-56,128,0,13,13,14,14,13,13,13,13,13,13,13,13,13,13,14,14,14,15,14,14,14,14,14,14,14,14,0,0,0,0,0,0,0,0,0,0,0,10,10,10,11,11,11,12,12,13,13,13,14,13,13,13,13,13,13,13,13,13,13,13,14,14,14,0,51,51,51,52,48,49,50,50,49,51,50,49,51,50,55,52,55,55,56,57,55,53,55,52,52,51,51,50,0,0,0,0,0,0,0,36,36,37,36,42,42,43,43,44,47,49,52,50,51,52,49,51,49,50,50,50,50,51,51,54,53,51,52
20260804_015555_897cb2,1785805276940445,1006610907,2,2,0,-54,128,0,15,15,15,15,14,14,14,13,13,13,14,13,13,13,14,13,13,13,13,13,12,12,11,11,11,10,0,0,0,0,0,0,0,0,0,0,0,10,10,11,11,11,12,12,12,13,13,13,14,14,14,14,14,14,14,14,15,15,15,15,15,15,16,0,29,29,28,29,27,27,27,25,26,26,26,25,25,25,25,26,26,25,25,24,24,23,22,22,21,20,20,19,0,0,0,0,0,0,0,17,18,19,19,20,21,21,22,23,23,25,25,25,26,26,27,27,27,27,28,27,29,28,28,29,29,29,30
20260804_015555_897cb2,1785805277038543,1006710959,2,2,0,-53,128,0,17,17,17,17,16,16,16,16,16,16,16,15,15,15,15,15,15,15,15,15,14,14,13,13,13,12,0,0,0,0,0,0,0,0,0,0,0,9,9,9,10,10,10,11,12,13,13,12,13,13,13,13,14,14,14,15,15,15,16,16,16,17,17,0,62,62,62,59,60,59,59,58,58,58,57,56,56,57,57,57,57,57,56,56,55,52,49,48,47,48,45,44,0,0,0,0,0,0,0,31,32,33,34,35,37,39,39,41,44,45,46,47,49,51,51,53,51,55,53,55,56,57,59,60,61,61,62
20260804_015555_897cb2,1785805277142205,1006812422,2,2,0,-50,128,0,17,16,17,16,15,15,15,15,15,15,15,14,15,14,14,14,14,14,14,14,13,13,13,12,12,12,0,0,0,0,0,0,0,0,0,0,0,9,9,9,10,11,11,12,13,13,13,13,13,13,14,14,13,14,14,14,15,15,16,16,16,16,16,0,64,61,61,57,59,56,56,55,55,54,53,52,56,55,53,53,54,54,51,51,51,49,46,45,45,45,40,42,0,0,0,0,0,0,0,31,31,34,35,37,38,41,42,42,45,46,47,50,51,52,51,53,51,53,51,55,55,55,60,56,61,61,61
20260804_015555_897cb2,1785805277239821,1006910999,2,2,0,-50,128,0,16,16,16,16,16,16,16,15,16,16,15,15,16,16,16,16,16,16,16,15,15,14,13,13,13,13,0,0,0,0,0,0,0,0,0,0,0,8,8,9,10,10,11,11,11,11,13,13,13,13,13,14,14,14,14,14,16,15,16,15,16,16,16,0,61,62,65,60,59,60,58,57,57,56,57,56,57,57,58,57,57,57,56,58,55,54,53,51,51,49,47,47,0,0,0,0,0,0,0,28,30,30,31,33,36,39,39,43,43,45,46,47,49,49,49,49,51,52,52,54,55,58,57,58,59,60,62
20260804_015555_897cb2,1785805277339130,1007011122,2,2,0,-51,128,0,16,15,15,14,14,14,14,14,14,14,14,13,13,14,13,14,14,14,13,13,13,13,12,11,11,11,0,0,0,0,0,0,0,0,0,0,0,7,7,8,9,9,9,9,10,11,11,11,12,12,12,12,13,13,13,13,13,14,14,14,15,15,15,0,60,59,58,58,59,58,57,55,55,54,55,55,54,55,54,55,55,54,54,52,51,49,48,47,45,44,42,42,0,0,0,0,0,0,0,28,30,29,31,33,34,37,39,41,41,44,45,46,47,48,48,48,51,52,52,54,55,56,55,57,58,60,59
20260804_015555_897cb2,1785805277442847,1007113475,2,2,0,-50,128,0,16,16,16,16,16,15,16,14,15,15,15,15,15,15,15,15,15,15,15,15,15,15,15,14,14,14,0,0,0,0,0,0,0,0,0,0,0,8,9,9,9,10,10,11,11,12,12,12,12,12,13,13,14,14,13,13,14,14,15,16,16,16,16,0,57,60,59,60,58,59,56,59,57,57,57,58,59,58,58,60,59,58,58,58,57,54,55,53,52,50,48,48,0,0,0,0,0,0,0,27,31,32,33,34,35,36,40,40,41,45,46,48,47,46,47,47,50,49,51,53,53,57,56,59,59,57,57
20260804_015555_897cb2,1785805277537647,1007210925,2,2,0,-53,128,0,16,16,16,16,16,16,16,16,16,16,16,16,16,16,16,16,16,16,17,16,16,15,15,14,14,14,0,0,0,0,0,0,0,0,0,0,0,6,8,6,7,8,9,9,9,9,9,10,10,10,11,11,11,12,13,13,13,13,14,15,16,16,16,0,60,61,63,61,61,61,60,60,58,61,62,59,58,60,62,63,61,63,62,61,60,57,57,56,54,53,51,52,0,0,0,0,0,0,0,24,25,25,26,26,27,29,30,32,33,35,37,40,40,40,43,44,46,47,49,50,51,52,52,57,59,59,59
20260804_015555_897cb2,1785805277636233,1007311610,2,2,0,-53,128,0,16,16,16,16,16,16,16,16,15,15,16,16,15,16,16,16,16,16,16,15,15,14,14,14,13,13,0,0,0,0,0,0,0,0,0,0,0,7,7,7,8,9,9,9,10,11,11,11,11,13,13,13,13,13,13,14,14,15,15,15,16,16,16,0,63,62,62,59,60,59,59,59,57,58,58,57,58,59,57,60,57,58,57,57,57,54,52,50,50,49,45,47,0,0,0,0,0,0,0,22,23,26,28,28,30,31,35,35,38,40,42,44,45,45,47,48,49,51,52,52,53,55,57,57,58,61,60
20260804_015555_897cb2,1785805277740900,1007414028,2,2,0,-55,128,0,16,16,17,16,16,16,16,16,16,16,16,16,16,16,16,17,16,17,17,16,16,16,15,15,14,14,0,0,0,0,0,0,0,0,0,0,0,6,7,7,8,7,8,9,9,9,10,10,11,11,12,12,12,13,13,13,14,14,14,15,15,16,16,0,60,61,62,60,60,60,60,59,60,61,61,60,61,61,61,61,63,62,62,61,60,59,57,55,53,53,50,51,0,0,0,0,0,0,0,23,22,23,23,25,27,28,29,31,35,34,36,37,41,40,43,43,45,47,46,50,50,52,55,54,56,60,58
20260804_015555_897cb2,1785805277838562,1007510279,2,2,0,-53,128,0,16,16,15,16,15,15,14,14,14,14,14,14,14,14,15,15,15,14,14,14,14,13,13,13,13,12,0,0,0,0,0,0,0,0,0,0,0,5,5,6,6,8,8,9,9,9,10,11,11,11,12,12,12,12,13,13,14,14,14,14,15,15,15,0,61,60,61,60,58,59,58,57,57,56,55,56,55,57,55,57,57,57,56,55,54,53,52,50,50,47,46,45,0,0,0,0,0,0,0,22,23,22,24,26,28,30,30,33,35,38,39,41,43,44,45,45,48,48,52,51,53,55,57,56,57,58,59
20260804_015555_897cb2,1785805277937680,1007611142,2,2,0,-52,128,0,16,16,16,16,16,15,15,15,15,14,14,15,15,15,15,15,15,15,15,14,14,14,14,14,13,13,0,0,0,0,0,0,0,0,0,0,0,9,9,9,10,10,11,11,12,13,13,13,13,13,13,13,13,14,13,15,15,15,15,15,16,16,16,0,60,60,59,58,56,57,57,56,55,56,55,55,55,56,57,55,57,55,55,57,54,53,53,51,50,48,47,47,0,0,0,0,0,0,0,31,33,34,34,36,37,40,41,42,45,47,48,47,48,50,51,51,53,52,53,52,55,55,56,58,57,59,59
20260804_015555_897cb2,1785805278036393,1007711639,2,2,0,-54,128,0,15,16,15,15,15,15,15,15,14,15,15,15,15,15,15,15,16,15,15,15,15,14,14,13,13,13,0,0,0,0,0,0,0,0,0,0,0,6,6,7,7,7,6,8,9,9,9,9,9,11,11,12,11,12,13,13,14,14,14,14,15,15,15,0,60,61,61,61,61,60,59,58,56,59,59,57,58,58,58,58,61,60,59,59,58,56,55,53,52,52,50,50,0,0,0,0,0,0,0,22,22,22,24,26,27,29,30,31,33,35,39,40,41,43,45,46,46,48,50,51,52,54,55,56,60,59,59
20260804_015555_897cb2,1785805278162206,1007831969,2,2,0,-58,128,0,16,15,16,15,15,15,14,14,13,13,14,14,13,14,13,14,14,14,14,14,14,13,13,13,13,13,0,0,0,0,0,0,0,0,0,0,0,7,8,8,10,10,11,11,12,13,13,13,14,14,14,14,14,16,14,15,15,15,16,16,16,16,16,0,61,57,61,57,56,55,54,52,52,52,50,52,51,55,52,53,54,54,52,53,51,50,50,49,49,48,46,47,0,0,0,0,0,0,0,24,26,30,31,32,37,39,43,42,47,49,49,52,51,53,54,57,53,57,54,58,56,59,60,60,59,60,60
20260804_015555_897cb2,1785805278267028,1007941627,2,2,0,-61,128,0,16,15,14,13,12,12,11,10,10,9,9,8,8,8,9,8,8,7,7,8,8,7,7,7,7,8,0,0,0,0,0,0,0,0,0,0,0,11,12,13,14,15,16,17,18,18,18,19,19,19,19,19,19,18,18,18,18,18,18,17,17,17,17,0,29,28,26,25,23,23,20,20,18,17,18,16,15,15,15,14,14,14,14,13,14,13,14,13,14,13,14,14,0,0,0,0,0,0,0,17,19,20,22,23,25,27,29,31,32,33,35,34,36,36,36,35,35,35,36,35,35,35,34,33,33,32,33
20260804_015555_897cb2,1785805278341903,1008016661,2,2,0,-56,128,0,13,12,11,11,10,10,9,9,8,8,7,6,5,5,4,5,4,4,4,4,3,3,3,3,3,3,0,0,0,0,0,0,0,0,0,0,0,12,13,14,14,15,15,17,17,18,18,17,18,18,18,17,17,17,17,16,16,16,16,16,15,16,14,0,55,50,49,47,43,42,39,34,33,30,28,26,25,22,21,20,19,16,16,15,15,14,13,15,13,13,13,14,0,0,0,0,0,0,0,42,45,48,51,54,58,60,63,66,69,71,70,72,73,72,71,71,71,71,67,69,68,68,67,61,62,62,59
20260804_015555_897cb2,1785805278435120,1008110678,2,2,0,-56,128,0,16,16,15,14,14,12,12,11,11,10,9,9,9,7,7,6,6,6,6,5,4,4,4,3,3,3,0,0,0,0,0,0,0,0,0,0,0,13,13,14,15,16,17,18,18,20,19,20,19,20,19,20,20,19,18,18,19,19,19,18,19,18,17,0,59,57,56,51,49,46,43,41,37,36,32,30,30,28,25,24,21,19,19,16,14,13,13,11,9,11,10,10,0,0,0,0,0,0,0,42,45,46,50,51,56,58,61,66,67,70,70,72,71,74,73,75,72,71,69,70,71,68,67,65,67,65,63
20260804_015555_897cb2,1785805278539003,1008211373,2,2,0,-55,128,0,16,16,15,14,13,12,12,12,11,10,10,9,9,9,8,8,8,6,6,5,5,4,4,3,3,3,0,0,0,0,0,0,0,0,0,0,0,15,15,15,16,17,17,18,19,19,19,20,20,20,20,20,18,18,18,18,19,18,18,18,18,17,16,0,56,55,54,49,48,47,42,40,37,36,34,33,30,30,27,26,24,22,20,18,15,15,14,12,9,9,8,6,0,0,0,0,0,0,0,47,49,49,54,56,59,61,64,67,68,71,72,69,70,71,72,69,68,66,65,68,64,65,65,62,63,62,60
20260804_015555_897cb2,1785805278638237,1008311360,2,2,0,-57,128,0,13,12,12,11,11,10,9,9,8,8,7,7,6,6,5,5,4,4,3,3,2,2,2,2,1,2,0,0,0,0,0,0,0,0,0,0,0,14,14,15,16,16,17,17,17,18,18,18,18,18,18,17,17,17,17,17,16,16,16,15,16,16,14,0,27,28,25,24,22,21,20,18,17,16,15,13,12,11,10,10,8,9,7,6,6,4,4,3,3,3,3,2,0,0,0,0,0,0,0,25,26,28,28,30,31,32,33,34,35,36,36,36,37,37,36,36,36,36,34,33,34,34,34,33,31,32,31
20260804_015555_897cb2,1785805278736898,1008411880,2,2,0,-55,128,0,16,15,14,14,13,12,11,11,10,9,9,8,8,7,7,6,6,5,5,4,4,3,3,2,2,2,0,0,0,0,0,0,0,0,0,0,0,13,13,14,15,16,16,17,17,18,19,19,19,19,19,19,19,18,19,18,18,18,18,18,17,17,17,0,29,27,26,25,23,22,21,19,19,19,16,16,15,14,13,12,12,10,9,9,7,6,5,5,4,4,3,2,0,0,0,0,0,0,0,22,23,25,25,25,28,28,29,31,32,33,33,33,34,34,35,34,34,33,33,33,33,33,33,31,31,32,30
20260804_015555_897cb2,1785805278840260,1008511844,2,2,0,-56,128,0,16,16,15,13,13,12,12,11,11,10,8,8,8,7,6,6,6,5,5,4,4,3,3,3,2,2,0,0,0,0,0,0,0,0,0,0,0,13,13,15,15,16,16,17,18,18,18,18,19,19,19,18,18,18,18,18,18,18,18,18,18,18,18,0,61,58,52,52,48,48,45,43,38,37,35,32,29,27,26,25,21,21,18,16,13,13,9,8,8,6,6,6,0,0,0,0,0,0,0,45,48,48,48,55,57,60,62,64,66,68,71,71,70,70,71,69,71,69,70,70,71,69,67,67,66,66,62
20260804_015555_897cb2,1785805278938383,1008611091,2,2,0,-55,128,0,15,16,14,13,13,13,12,11,11,11,10,9,9,8,8,8,8,7,7,6,6,5,5,5,4,4,0,0,0,0,0,0,0,0,0,0,0,13,14,14,15,16,16,17,17,18,18,18,18,18,18,18,18,18,18,18,17,17,17,17,16,16,16,0,59,59,57,51,52,49,44,44,42,39,37,37,35,33,32,30,29,26,24,21,21,19,16,16,15,12,11,12,0,0,0,0,0,0,0,46,48,50,52,54,59,58,61,64,66,67,69,70,70,70,71,69,69,69,66,68,69,67,66,64,65,62,62
20260804_015555_897cb2,1785805279035765,1008711926,2,2,0,-56,128,0,16,16,15,14,13,13,12,12,11,11,10,9,9,9,9,8,8,7,7,7,6,6,5,5,5,4,0,0,0,0,0,0,0,0,0,0,0,13,13,14,15,16,16,17,18,18,19,19,19,19,19,19,19,19,19,18,18,18,18,17,18,17,17,0,29,29,28,26,25,24,23,22,20,21,19,18,17,16,15,15,14,14,13,11,12,9,10,9,9,8,8,8,0,0,0,0,0,0,0,22,22,24,24,26,27,29,30,31,33,34,34,34,35,35,35,34,35,34,34,34,34,34,33,32,31,32,32
20260804_015555_897cb2,1785805279138596,1008811108,2,2,0,-54,128,0,16,16,15,13,13,12,12,11,11,10,10,9,9,9,8,8,7,7,7,6,6,6,5,4,4,4,0,0,0,0,0,0,0,0,0,0,0,14,14,16,17,17,18,18,18,20,20,20,20,19,19,19,18,18,18,18,18,18,18,17,17,17,16,0,57,53,52,49,47,45,42,40,39,38,36,33,31,32,29,29,27,25,25,22,22,21,20,18,17,16,14,16,0,0,0,0,0,0,0,47,50,51,54,57,60,61,65,67,69,70,70,71,70,70,70,68,68,68,67,65,65,65,65,63,62,60,58
20260804_015555_897cb2,1785805279236394,1008910879,2,2,0,-54,128,0,15,15,14,14,13,13,13,11,11,11,10,10,9,9,9,9,9,7,7,7,6,6,5,5,5,4,0,0,0,0,0,0,0,0,0,0,0,13,13,14,14,16,16,17,17,17,18,18,18,18,18,18,18,18,18,17,17,17,17,17,17,17,16,0,57,54,52,52,50,47,45,42,41,41,40,37,34,33,32,33,30,30,30,27,25,23,22,21,20,18,18,17,0,0,0,0,0,0,0,43,45,47,48,53,55,57,60,61,66,66,67,67,66,67,66,65,67,65,65,65,63,62,62,63,62,61,58
20260804_015555_897cb2,1785805279340339,1009010892,2,2,0,-52,128,0,16,15,14,14,14,12,12,11,10,10,10,9,9,9,9,7,7,7,6,6,5,5,4,4,4,4,0,0,0,0,0,0,0,0,0,0,0,14,15,15,17,18,18,19,19,20,20,20,21,20,20,19,19,19,19,19,18,18,18,18,17,17,17,0,55,57,51,51,46,44,42,39,38,38,35,32,30,29,28,26,25,24,22,20,19,17,16,15,12,13,10,11,0,0,0,0,0,0,0,45,48,49,51,56,59,61,63,66,68,70,73,72,72,70,70,69,71,69,68,65,67,65,65,64,62,62,60
20260804_015555_897cb2,1785805279437756,1009111556,2,2,0,-53,128,0,14,14,13,13,12,12,11,11,10,9,9,9,8,8,8,8,8,6,6,5,5,4,4,4,3,3,0,0,0,0,0,0,0,0,0,0,0,11,13,13,14,16,16,16,17,18,18,18,18,18,18,18,18,18,18,18,18,18,18,17,17,17,16,0,57,56,55,50,48,46,42,40,37,37,34,33,31,30,27,27,25,24,21,20,20,16,16,15,12,11,9,10,0,0,0,0,0,0,0,41,43,45,48,51,55,58,61,64,67,69,71,72,71,72,71,70,70,70,69,70,68,68,67,65,65,65,61
20260804_015555_897cb2,1785805279541833,1009213318,2,2,0,-53,128,0,14,14,14,13,12,12,11,11,10,10,9,9,8,8,7,7,7,7,7,6,5,4,4,4,3,3,0,0,0,0,0,0,0,0,0,0,0,12,13,13,14,15,16,16,17,17,17,17,17,17,17,17,17,17,17,17,16,16,16,16,16,16,16,0,59,56,53,52,48,47,43,42,39,38,36,34,33,31,31,29,26,26,23,20,20,17,17,14,13,14,13,10,0,0,0,0,0,0,0,42,45,48,50,52,57,60,60,65,65,69,69,69,69,69,69,68,69,69,67,67,66,65,66,64,66,63,63
20260804_015555_897cb2,1785805279640380,1009314243,2,2,0,-53,128,0,16,16,15,14,13,13,12,11,11,10,10,9,9,8,8,8,8,7,7,6,6,5,5,4,4,4,0,0,0,0,0,0,0,0,0,0,0,12,13,14,15,15,16,17,18,18,20,19,20,19,19,19,19,19,19,19,19,19,19,18,18,18,17,0,28,29,27,27,24,24,22,21,20,20,19,18,16,15,15,14,14,12,11,11,10,8,9,8,7,6,6,6,0,0,0,0,0,0,0,20,21,22,23,26,26,30,29,31,33,34,37,36,36,36,36,34,37,34,36,34,34,35,33,34,33,32,30
20260804_015555_897cb2,1785805279738659,1009411616,2,2,0,-54,128,0,16,16,14,14,13,13,13,11,11,10,9,9,9,8,8,7,7,7,6,5,5,5,4,4,4,4,0,0,0,0,0,0,0,0,0,0,0,12,13,13,15,16,17,17,18,19,19,19,20,20,20,20,19,19,19,19,19,19,19,18,18,17,17,0,57,55,54,51,48,44,42,39,38,36,34,31,31,28,28,27,23,23,22,19,17,16,14,14,12,11,10,10,0,0,0,0,0,0,0,37,40,43,47,49,54,56,61,64,67,69,71,72,72,71,71,71,71,71,68,67,68,68,66,65,65,63,62
20260804_015555_897cb2,1785805279836129,1009511728,2,2,0,-53,128,0,16,16,16,16,16,16,16,16,16,16,16,16,16,16,17,16,17,17,17,16,16,16,15,15,14,14,0,0,0,0,0,0,0,0,0,0,0,6,7,7,7,8,8,9,9,10,10,10,11,11,11,11,12,12,13,13,13,14,14,15,15,15,16,0,30,31,30,30,30,30,30,30,30,30,30,30,30,31,31,32,31,31,31,31,31,29,29,28,27,26,25,25,0,0,0,0,0,0,0,12,12,13,13,14,15,15,16,17,18,19,19,20,22,21,22,22,24,24,24,25,25,26,27,28,29,29,29
20260804_015555_897cb2,1785805279940695,1009612056,2,2,0,-50,128,0,16,17,16,16,16,16,15,15,15,15,15,14,14,14,15,15,15,14,14,14,14,13,13,13,13,12,0,0,0,0,0,0,0,0,0,0,0,9,9,9,9,10,10,12,12,13,13,13,13,14,14,14,14,14,14,14,16,16,16,16,16,17,16,0,63,60,61,58,60,59,55,58,55,53,56,56,54,55,54,55,55,54,54,53,54,52,47,48,46,47,42,44,0,0,0,0,0,0,0,29,29,30,34,33,38,39,42,44,44,47,47,48,51,52,54,51,53,53,53,56,56,57,60,57,59,60,61
20260804_015555_897cb2,1785805280038987,1009710786,2,2,0,-53,128,0,15,16,15,15,15,16,15,15,15,16,16,15,16,16,16,16,16,16,17,16,16,16,16,15,15,15,0,0,0,0,0,0,0,0,0,0,0,6,6,7,7,7,8,8,8,8,9,9,10,10,10,11,11,11,11,12,12,13,13,13,14,14,14,0,30,31,31,31,30,31,31,31,30,31,31,31,32,33,33,33,34,34,34,32,32,32,32,30,29,29,28,28,0,0,0,0,0,0,0,11,12,12,12,13,13,14,14,15,15,17,17,17,18,19,20,21,21,21,23,23,25,25,27,27,28,29,30
20260804_015555_897cb2,1785805280136062,1009811196,2,2,0,-49,128,0,15,16,16,15,15,15,15,14,14,14,15,15,14,15,15,15,16,15,16,16,14,14,14,14,14,12,0,0,0,0,0,0,0,0,0,0,0,7,7,7,8,9,9,10,10,11,11,12,12,13,13,13,13,13,13,13,14,14,15,15,15,15,16,0,61,61,60,60,59,59,58,57,58,58,56,58,57,59,59,58,60,57,59,57,57,56,54,53,52,51,49,47,0,0,0,0,0,0,0,23,24,24,27,30,33,35,36,39,40,44,44,44,45,48,48,48,51,50,53,54,54,56,56,58,59,61,60
20260804_015555_897cb2,1785805280240065,1009914975,2,2,0,-52,128,0,15,15,16,15,15,15,15,15,15,15,14,14,14,15,15,15,15,15,14,15,14,14,13,13,13,13,0,0,0,0,0,0,0,0,0,0,0,5,5,6,7,7,8,9,9,9,9,9,10,10,10,11,12,11,11,13,13,14,14,14,14,15,15,0,61,59,61,59,59,59,58,59,58,58,60,59,59,59,59,61,59,60,60,59,59,57,55,53,51,51,49,48,0,0,0,0,0,0,0,19,21,22,24,26,28,30,32,33,35,36,39,39,41,44,44,46,46,48,48,51,51,53,55,56,56,58,59
20260804_015555_897cb2,1785805280337857,1010012108,2,2,0,-50,128,0,16,16,16,16,17,16,16,16,16,17,17,17,16,17,17,18,17,18,17,17,17,16,17,16,16,16,0,0,0,0,0,0,0,0,0,0,0,7,8,8,9,9,9,9,11,11,11,11,11,13,13,13,13,13,13,14,14,14,15,15,15,16,16,0,61,58,59,57,59,58,60,57,57,60,57,62,62,60,60,63,60,69,65,58,64,61,59,60,57,56,55,56,0,0,0,0,0,0,0,23,24,24,26,28,30,33,33,38,36,38,40,40,42,43,45,45,46,46,47,48,52,50,54,53,56,59,56
20260804_015555_897cb2,1785805280441852,1010112438,2,2,0,-51,128,0,15,16,15,15,15,15,15,16,15,15,15,15,15,16,16,15,16,16,16,16,16,15,15,14,14,14,0,0,0,0,0,0,0,0,0,0,0,6,6,6,7,7,8,9,9,10,11,11,11,11,11,12,13,13,13,13,13,13,14,15,15,16,15,0,60,61,60,60,58,58,58,58,59,60,59,59,58,57,61,60,61,60,62,60,60,57,57,55,54,52,51,50,0,0,0,0,0,0,0,19,21,23,24,26,26,31,31,33,36,39,40,41,42,43,46,45,48,48,50,49,51,53,55,56,57,59,57
20260804_015555_897cb2,1785805280540972,1010211625,2,2,0,-52,128,0,16,16,16,16,16,16,15,15,15,15,14,14,15,15,15,15,15,15,15,15,14,14,13,13,13,13,0,0,0,0,0,0,0,0,0,0,0,6,6,7,7,7,9,9,10,10,11,11,11,12,12,12,12,13,13,13,13,14,14,14,15,16,16,0,60,59,62,59,60,59,57,57,57,58,58,58,58,59,57,59,59,59,58,58,56,53,53,51,50,49,48,47,0,0,0,0,0,0,0,23,23,25,26,28,30,32,34,36,38,39,41,44,43,46,45,49,50,49,51,53,54,54,54,55,58,59,59
20260804_015555_897cb2,1785805280640148,1010313265,2,2,0,-52,128,0,15,16,16,16,15,15,16,16,16,15,16,16,16,16,16,16,16,16,16,16,16,16,15,15,13,13,0,0,0,0,0,0,0,0,0,0,0,5,7,7,7,8,8,9,9,10,10,11,11,11,11,11,13,13,13,13,14,14,14,14,15,16,16,0,58,60,58,60,58,59,57,58,57,59,59,59,59,57,62,60,62,61,62,61,59,57,57,56,54,52,52,51,0,0,0,0,0,0,0,18,20,22,22,26,27,29,31,34,35,39,40,42,41,45,45,44,47,47,50,50,52,54,52,56,57,57,57
20260804_015555_897cb2,1785805280738206,1010413491,2,2,0,-53,128,0,16,16,16,16,16,15,15,15,15,15,15,16,16,16,15,16,16,16,16,15,15,15,14,14,14,13,0,0,0,0,0,0,0,0,0,0,0,7,8,8,9,9,10,10,11,11,12,12,12,13,13,13,13,14,14,14,14,15,15,15,15,16,16,0,60,59,61,57,58,59,57,58,57,55,56,57,59,58,56,59,57,59,58,56,55,55,52,50,50,49,46,45,0,0,0,0,0,0,0,23,25,27,28,29,32,34,36,37,39,41,42,44,46,48,49,50,48,52,51,53,54,55,58,53,58,59,58
20260804_015555_897cb2,1785805280835766,1010511310,2,2,0,-53,128,0,16,16,16,16,15,15,15,15,15,15,15,15,15,15,15,16,16,16,16,15,15,15,15,14,14,14,0,0,0,0,0,0,0,0,0,0,0,6,7,7,8,8,9,9,11,11,11,12,12,13,13,13,14,14,14,14,14,15,15,15,15,16,15,0,61,59,60,58,57,58,58,56,57,57,58,57,58,59,58,60,58,59,58,59,57,56,54,54,53,52,48,49,0,0,0,0,0,0,0,20,22,24,26,28,30,32,35,38,39,42,43,45,45,48,47,49,50,51,50,53,54,55,56,55,56,59,58
20260804_015555_897cb2,1785805280940135,1010612597,2,2,0,-51,128,0,15,15,14,15,14,14,14,14,14,14,14,14,14,13,14,14,15,13,14,14,14,14,13,12,13,12,0,0,0,0,0,0,0,0,0,0,0,8,8,9,9,10,10,10,11,11,13,13,13,14,14,13,14,13,14,13,14,14,15,14,15,15,15,0,58,57,57,55,55,55,55,53,53,53,53,52,51,53,53,53,54,52,52,53,51,50,48,47,46,45,43,43,0,0,0,0,0,0,0,26,28,29,31,34,36,38,39,41,43,45,47,48,49,50,51,52,51,52,51,53,54,55,57,55,56,57,58
20260804_015555_897cb2,1785805281038573,1010712023,2,2,0,-52,128,0,14,15,14,14,14,14,14,14,14,13,13,13,14,14,14,14,14,14,14,13,13,13,13,12,12,11,0,0,0,0,0,0,0,0,0,0,0,7,8,9,9,9,9,10,10,11,12,11,11,13,12,12,13,12,13,13,13,14,14,14,14,15,15,0,57,57,57,56,55,56,53,53,53,55,54,54,52,54,54,56,54,55,57,54,54,51,51,49,47,47,44,43,0,0,0,0,0,0,0,27,27,29,30,33,35,37,37,38,40,43,45,45,49,47,49,49,50,50,50,54,53,53,54,54,56,58,56
20260804_015555_897cb2,1785805281136687,1010811873,2,2,0,-55,128,0,15,15,15,15,15,15,15,15,15,15,16,16,16,16,17,17,17,17,17,17,17,16,16,16,15,15,0,0,0,0,0,0,0,0,0,0,0,4,4,3,3,4,4,4,5,5,6,7,7,7,8,8,9,10,10,10,11,11,12,13,13,13,14,0,30,30,30,30,30,31,30,31,31,32,32,32,32,33,34,35,34,35,34,34,34,33,33,32,30,30,29,29,0,0,0,0,0,0,0,6,6,6,6,7,8,7,9,9,11,11,13,14,15,16,16,18,18,20,20,22,22,24,24,26,26,28,29
20260804_015555_897cb2,1785805281234716,1010910983,2,2,0,-53,128,0,15,15,15,15,15,14,15,15,15,15,15,15,16,16,16,16,16,16,16,16,16,16,15,14,14,14,0,0,0,0,0,0,0,0,0,0,0,4,5,6,6,6,6,8,8,8,9,10,10,11,11,11,12,12,12,12,13,13,14,14,14,14,14,0,58,57,58,59,59,58,58,58,56,59,57,58,59,60,61,61,62,62,62,62,62,59,58,57,55,54,51,53,0,0,0,0,0,0,0,18,18,19,20,23,26,26,28,32,34,35,39,39,41,42,42,45,45,44,48,48,50,51,51,53,55,57,54
20260804_015555_897cb2,1785805281339035,1011011643,2,2,0,-55,128,0,15,15,15,15,14,14,14,14,14,13,14,14,14,14,13,14,14,14,14,13,13,13,12,12,12,12,0,0,0,0,0,0,0,0,0,0,0,6,7,7,8,8,10,10,11,11,12,13,13,13,13,14,14,14,14,14,14,14,15,15,15,15,16,0,29,28,29,29,27,27,26,27,26,27,28,26,26,26,27,26,27,27,27,25,26,24,25,23,22,22,21,21,0,0,0,0,0,0,0,10,12,13,13,14,16,17,19,20,21,23,24,24,24,26,25,25,27,27,27,27,27,27,28,30,29,29,29
20260804_015555_897cb2,1785805281437197,1011111827,2,2,0,-62,128,0,11,10,10,10,10,10,10,10,10,10,11,11,12,13,13,13,14,14,15,15,15,15,15,15,15,15,0,0,0,0,0,0,0,0,0,0,0,8,8,9,10,11,12,13,14,14,14,15,15,15,15,14,14,14,13,13,13,13,12,12,12,12,12,0,47,40,43,40,40,39,40,41,42,43,45,45,48,52,50,55,54,58,59,60,62,61,58,60,60,60,56,59,0,0,0,0,0,0,0,26,27,31,36,35,40,43,51,50,56,58,56,57,62,58,59,61,56,58,55,56,54,53,52,49,49,48,44
20260804_015555_897cb2,1785805425863448,1155533222,2,0,0,-56,128,0,16,16,16,15,15,16,15,15,16,14,14,15,15,15,16,16,16,16,16,16,16,16,15,15,15,14,0,0,0,0,0,0,0,0,0,0,0,10,10,11,11,12,12,13,13,13,14,13,14,14,14,14,14,14,14,15,15,15,15,15,15,16,16,0,56,57,56,54,54,55,53,54,52,55,57,55,56,54,56,56,58,56,57,56,57,57,55,54,53,52,52,51,0,0,0,0,0,0,0,34,35,35,35,39,40,41,42,47,46,48,52,48,50,51,52,51,52,51,53,51,54,54,52,54,54,52,56
20260804_015555_897cb2,1785805425949324,1155625163,2,2,0,-56,128,0,15,15,15,15,15,15,15,14,14,14,15,14,15,15,15,15,16,15,15,15,15,14,14,14,14,14,0,0,0,0,0,0,0,0,0,0,0,10,10,11,11,11,12,12,13,13,14,14,14,14,14,14,14,14,14,14,15,15,15,15,15,15,15,0,59,57,54,56,54,55,54,55,53,53,54,53,55,55,55,55,57,55,55,56,54,54,53,51,51,51,50,49,0,0,0,0,0,0,0,33,34,35,37,40,42,45,44,45,46,49,51,51,50,53,54,54,52,53,54,54,55,53,56,54,55,55,54
20260804_015555_897cb2,1785805426035966,1155712020,2,2,0,-54,128,0,14,14,14,14,14,14,14,14,14,14,14,14,14,13,15,15,14,15,14,14,14,14,14,14,13,13,0,0,0,0,0,0,0,0,0,0,0,9,10,10,10,11,12,12,13,13,13,13,13,13,13,13,14,14,14,14,14,14,14,14,15,15,15,0,58,58,58,57,56,56,54,56,54,55,54,53,54,56,55,56,55,58,56,56,55,53,51,51,48,50,48,48,0,0,0,0,0,0,0,33,34,37,37,39,42,44,46,48,49,51,50,52,52,53,53,53,56,55,55,55,53,57,55,57,57,57,57
20260804_015555_897cb2,1785805426135926,1155811888,2,2,0,-53,128,0,15,15,15,15,15,15,15,15,15,15,15,15,15,14,15,15,16,15,15,15,15,14,14,13,13,13,0,0,0,0,0,0,0,0,0,0,0,11,11,12,12,12,12,13,13,13,13,13,15,14,13,14,14,14,14,14,14,14,15,15,15,15,16,0,57,56,57,55,55,54,53,52,54,54,54,54,53,56,55,56,54,57,56,55,55,53,51,51,51,49,45,47,0,0,0,0,0,0,0,37,39,41,43,43,44,44,48,49,49,52,51,52,51,50,53,53,52,54,51,54,53,54,55,55,55,55,57
20260804_015555_897cb2,1785805426239327,1155911265,2,2,0,-55,128,0,14,14,14,14,14,14,14,14,14,14,14,14,14,15,14,14,15,14,14,14,14,13,13,13,13,12,0,0,0,0,0,0,0,0,0,0,0,8,8,9,9,9,10,10,10,11,11,11,11,11,12,12,12,12,12,13,13,13,14,13,14,14,14,0,56,58,56,56,55,54,54,55,54,56,55,54,56,56,57,58,58,55,57,58,57,54,53,52,53,50,49,47,0,0,0,0,0,0,0,32,34,34,35,37,37,39,40,40,43,45,48,44,47,47,48,47,48,48,49,50,51,53,53,54,56,56,56
20260804_015555_897cb2,1785805426338627,1156011824,2,2,0,-54,128,0,16,16,15,16,14,15,14,14,14,14,14,13,13,13,13,14,14,13,14,13,13,12,12,11,11,11,0,0,0,0,0,0,0,0,0,0,0,9,10,10,11,11,11,12,12,13,14,13,13,13,13,13,14,14,14,14,14,14,15,15,16,16,16,0,60,56,58,56,57,57,54,54,53,54,54,53,52,54,52,53,53,53,52,50,49,48,45,45,44,43,40,40,0,0,0,0,0,0,0,33,35,37,39,38,41,41,45,47,47,49,49,50,51,50,51,53,51,54,53,55,56,56,57,56,58,57,59
20260804_015555_897cb2,1785805426436952,1156111795,2,2,0,-54,128,0,15,15,14,14,14,14,14,13,13,14,14,13,13,13,13,13,13,13,13,13,13,13,12,11,11,10,0,0,0,0,0,0,0,0,0,0,0,9,9,9,10,11,11,12,12,12,13,13,13,13,13,14,12,13,13,13,14,14,14,14,15,15,15,0,58,58,58,56,57,56,55,54,53,54,53,53,53,53,52,53,51,51,52,49,48,46,45,44,43,41,39,38,0,0,0,0,0,0,0,34,36,36,36,40,41,42,44,45,47,47,48,47,48,50,51,52,53,51,52,53,54,56,56,57,58,59,57
20260804_015555_897cb2,1785805426541323,1156211575,2,2,0,-56,128,0,15,15,15,15,15,15,15,15,15,15,15,15,16,15,15,16,16,16,16,15,15,15,15,14,14,13,0,0,0,0,0,0,0,0,0,0,0,10,11,11,11,11,11,11,11,13,12,13,12,13,13,13,13,13,13,13,14,14,15,14,15,16,15,0,58,59,58,57,58,56,58,57,54,56,55,56,56,56,58,58,58,59,59,56,56,56,54,53,52,50,48,49,0,0,0,0,0,0,0,36,37,38,38,40,40,43,43,43,45,46,45,47,48,49,50,47,50,48,50,50,51,53,55,54,55,58,55
20260804_015555_897cb2,1785805426640774,1156311527,2,2,0,-53,128,0,14,14,14,14,14,14,14,13,14,14,14,14,14,14,15,15,14,15,15,14,14,14,13,13,13,13,0,0,0,0,0,0,0,0,0,0,0,10,10,10,11,12,12,12,12,13,12,12,13,13,13,13,13,13,13,13,13,13,13,14,14,14,14,0,55,55,53,55,52,53,52,52,53,54,53,51,53,53,55,53,55,55,55,54,53,53,52,49,48,48,47,45,0,0,0,0,0,0,0,36,36,39,39,42,41,43,43,46,46,48,49,49,49,50,48,49,49,49,51,50,52,52,53,53,53,54,54
20260804_015555_897cb2,1785805426740257,1156413650,2,2,0,-54,128,0,15,16,16,15,16,16,15,15,15,15,15,15,15,16,16,16,16,17,17,17,16,16,15,15,14,15,0,0,0,0,0,0,0,0,0,0,0,10,10,10,11,11,11,11,12,11,12,12,12,12,12,12,12,12,12,14,14,14,14,14,15,15,15,0,59,59,59,59,58,58,57,59,57,58,58,59,60,60,60,62,60,61,62,60,61,60,57,56,54,54,52,51,0,0,0,0,0,0,0,33,35,36,38,38,40,40,40,40,42,45,44,43,44,45,45,47,45,47,45,48,50,51,52,51,53,56,56
20260804_015555_897cb2,1785805426839309,1156513651,2,2,0,-54,128,0,14,14,14,14,14,14,14,14,13,14,14,13,14,14,14,15,14,15,14,14,14,13,13,14,13,13,0,0,0,0,0,0,0,0,0,0,0,9,10,10,10,11,11,12,12,12,12,12,12,12,12,12,13,13,13,12,12,13,13,13,13,14,14,0,57,56,54,57,55,55,54,54,55,55,55,56,55,55,58,57,57,58,59,58,55,55,55,53,51,50,49,47,0,0,0,0,0,0,0,36,38,38,40,42,42,44,44,46,47,49,48,49,48,48,49,48,50,49,51,50,51,51,53,53,54,53,54
20260804_015555_897cb2,1785805426938593,1156611672,2,2,0,-51,128,0,15,15,15,15,14,15,15,14,14,15,15,15,16,16,16,16,16,16,17,16,16,16,16,16,15,15,0,0,0,0,0,0,0,0,0,0,0,9,9,9,9,10,10,10,10,11,11,11,11,11,11,11,11,12,12,12,12,13,13,14,14,14,14,0,55,54,57,56,58,57,57,56,57,57,58,58,60,62,60,63,62,64,63,63,63,62,59,59,57,58,54,54,0,0,0,0,0,0,0,31,33,33,34,35,36,38,39,40,40,42,40,41,43,42,43,44,44,45,44,47,48,48,49,49,50,54,54
20260804_015555_897cb2,1785805427041260,1156711715,2,2,0,-51,128,0,14,14,14,15,14,15,15,14,14,16,15,15,15,15,16,16,16,16,16,16,16,15,16,15,14,14,0,0,0,0,0,0,0,0,0,0,0,10,10,11,11,11,11,12,12,12,12,13,13,13,12,12,12,12,13,13,13,13,14,14,14,14,14,0,53,54,54,55,55,54,54,54,54,56,57,55,55,57,59,58,59,60,60,60,58,57,57,55,53,53,51,50,0,0,0,0,0,0,0,33,35,35,36,39,40,42,43,43,45,44,45,45,45,46,46,46,46,47,46,47,48,47,50,50,51,53,51
20260804_015555_897cb2,1785805427139815,1156811969,2,2,0,-52,128,0,15,15,15,15,15,15,15,15,15,16,16,16,16,16,16,17,17,17,17,18,17,17,17,16,16,15,0,0,0,0,0,0,0,0,0,0,0,9,10,10,10,11,11,11,11,11,11,11,11,11,11,11,12,12,12,12,12,12,13,13,13,14,14,0,55,54,56,55,55,56,56,56,57,59,59,60,60,62,63,64,64,64,66,66,66,64,62,61,60,61,57,57,0,0,0,0,0,0,0,35,36,36,38,39,40,41,40,41,42,43,43,43,43,42,43,44,44,45,45,45,46,47,49,49,51,52,52
20260804_015555_897cb2,1785805427238526,1156914306,2,2,0,-57,128,0,15,15,15,15,15,15,15,15,15,15,16,16,16,16,17,17,17,17,18,17,18,17,16,16,16,16,0,0,0,0,0,0,0,0,0,0,0,9,10,10,10,10,10,10,11,11,10,11,11,11,11,11,11,11,11,11,13,13,13,14,14,14,14,0,28,28,29,29,28,29,29,29,29,29,30,30,30,31,31,33,33,33,33,35,34,32,32,32,31,33,30,30,0,0,0,0,0,0,0,17,17,17,18,18,18,19,19,19,20,19,20,20,21,20,20,21,21,23,23,23,23,23,24,25,26,27,28
20260804_015555_897cb2,1785805427342297,1157013867,2,2,0,-57,128,0,13,13,14,14,14,14,14,14,14,15,15,15,15,16,16,16,17,17,17,17,17,17,17,17,16,16,0,0,0,0,0,0,0,0,0,0,0,9,9,9,9,9,9,9,9,9,10,9,9,10,9,9,10,10,10,11,10,11,11,12,12,13,13,0,26,27,29,29,27,27,27,28,28,30,29,30,30,30,32,31,32,32,33,33,33,32,31,31,31,31,29,28,0,0,0,0,0,0,0,16,15,17,16,17,17,17,17,17,17,18,19,18,18,18,18,18,19,18,19,21,20,22,22,23,23,25,25
20260804_015555_897cb2,1785805427440258,1157111652,2,2,0,-55,128,0,14,15,14,14,14,14,14,14,14,15,15,16,16,16,16,16,16,16,16,16,16,16,16,15,15,15,0,0,0,0,0,0,0,0,0,0,0,12,12,12,12,13,12,13,14,12,14,12,12,12,12,11,12,12,12,12,12,13,13,13,13,14,14,0,52,52,52,52,54,53,53,53,54,55,56,56,57,58,58,61,60,62,63,60,60,59,57,57,55,56,51,53,0,0,0,0,0,0,0,41,43,42,44,44,46,46,47,48,48,46,45,46,44,46,45,43,43,44,41,45,44,46,48,46,49,50,50
20260804_015555_897cb2,1785805427537720,1157211609,2,2,0,-50,128,0,14,14,14,14,14,14,14,14,14,14,14,14,14,14,15,15,15,15,15,15,14,14,14,13,13,13,0,0,0,0,0,0,0,0,0,0,0,10,10,11,11,12,12,12,12,12,12,12,13,12,12,12,12,13,12,13,13,13,13,13,14,14,14,0,56,52,55,53,56,54,52,53,53,54,55,51,55,53,55,56,56,56,58,56,56,52,51,52,50,51,47,47,0,0,0,0,0,0,0,36,38,38,40,42,44,44,47,46,49,48,48,49,49,48,49,50,48,49,50,49,49,50,52,52,52,54,55
20260804_015555_897cb2,1785805427636304,1157311391,2,2,0,-50,128,0,15,15,15,15,15,14,14,14,14,14,15,15,15,15,16,16,16,16,16,15,15,15,14,13,13,13,0,0,0,0,0,0,0,0,0,0,0,12,12,12,13,13,13,14,14,14,14,14,13,14,13,14,14,14,14,14,14,14,14,14,14,14,15,0,56,56,55,55,52,53,53,53,54,54,54,54,54,56,55,57,56,57,57,55,55,55,54,50,50,48,48,45,0,0,0,0,0,0,0,40,40,43,46,45,48,46,49,48,50,50,50,50,51,50,50,49,51,51,51,51,49,51,51,53,53,54,55
20260804_015555_897cb2,1785805427739160,1157411446,2,2,0,-53,128,0,14,14,14,14,14,14,14,14,14,14,14,15,15,15,15,15,15,15,15,15,15,15,14,14,13,13,0,0,0,0,0,0,0,0,0,0,0,8,9,9,9,9,9,9,11,11,11,11,11,11,12,12,11,11,11,12,12,12,13,13,13,14,14,0,56,58,56,57,57,57,58,56,57,58,58,57,59,59,60,61,62,61,61,60,61,57,57,57,53,54,52,52,0,0,0,0,0,0,0,33,34,34,35,38,38,39,40,42,40,42,44,44,44,45,46,45,46,46,46,50,49,51,51,52,54,55,55
20260804_015555_897cb2,1785805427836090,1157511464,2,2,0,-52,128,0,16,16,16,16,16,16,16,15,15,15,15,15,15,16,15,15,15,15,14,14,14,13,13,12,12,11,0,0,0,0,0,0,0,0,0,0,0,9,10,10,11,11,12,12,13,13,14,13,14,14,14,14,14,14,14,15,15,16,16,15,16,17,16,0,60,61,61,60,61,61,58,59,55,57,58,55,55,55,56,54,56,54,53,52,50,48,46,46,43,41,41,39,0,0,0,0,0,0,0,32,35,34,35,41,41,44,44,47,49,49,52,53,53,52,54,51,53,53,55,57,58,58,58,60,61,60,59
20260804_015555_897cb2,1785805427940512,1157611608,2,2,0,-50,128,0,15,16,16,16,15,16,15,15,15,16,14,15,14,15,16,15,16,15,15,16,15,15,14,13,13,13,0,0,0,0,0,0,0,0,0,0,0,7,9,9,9,9,9,10,10,11,11,11,11,12,11,11,13,13,13,14,14,14,14,15,15,15,16,0,58,64,60,59,58,59,59,58,59,61,58,58,58,60,60,60,61,60,59,59,57,55,57,53,52,51,47,47,0,0,0,0,0,0,0,27,28,30,30,32,33,35,38,40,40,41,41,44,45,44,46,46,49,48,48,50,52,55,55,57,62,61,60
20260804_015555_897cb2,1785805428040338,1157711645,2,2,0,-52,128,0,14,14,14,14,14,14,14,14,14,14,14,14,15,15,15,15,16,15,15,15,15,15,14,13,13,13,0,0,0,0,0,0,0,0,0,0,0,8,8,9,9,9,9,9,9,9,10,10,10,10,10,11,11,11,11,11,11,12,12,13,13,14,14,0,56,55,57,58,57,59,56,57,56,58,58,59,59,59,61,62,63,62,62,60,61,57,56,55,54,52,50,50,0,0,0,0,0,0,0,31,31,32,34,34,37,35,37,37,39,39,41,41,41,40,43,42,43,44,46,47,47,48,50,51,53,54,53
20260804_015555_897cb2,1785805428137282,1157811245,2,2,0,-54,128,0,14,14,15,15,15,15,16,16,16,16,16,17,18,18,18,18,18,18,18,18,18,18,17,17,17,16,0,0,0,0,0,0,0,0,0,0,0,9,10,10,10,10,10,10,9,9,11,9,10,10,10,10,10,10,10,11,11,11,12,12,13,13,13,0,26,26,26,27,27,27,28,28,27,29,29,29,31,31,32,33,33,32,33,32,33,32,31,30,29,28,28,27,0,0,0,0,0,0,0,16,17,17,17,17,18,19,18,19,18,18,18,18,18,17,18,18,19,17,19,19,20,20,21,22,23,23,23
20260804_015555_897cb2,1785805428241268,1157911934,2,2,0,-52,128,0,13,13,13,13,13,14,13,13,14,14,14,14,14,15,15,15,15,16,16,15,15,15,14,14,14,14,0,0,0,0,0,0,0,0,0,0,0,11,11,12,12,13,13,13,13,13,13,13,13,13,12,12,12,13,12,13,13,13,12,12,13,13,13,0,27,26,25,26,25,26,26,26,25,26,27,27,27,28,28,29,29,29,30,29,29,29,27,26,27,27,25,25,0,0,0,0,0,0,0,20,20,22,22,22,23,24,24,25,26,25,24,24,25,24,24,24,23,23,23,24,24,23,24,24,24,25,25
20260804_015555_897cb2,1785805428350972,1158024196,2,2,0,-55,128,0,13,13,13,13,13,13,14,14,14,14,15,15,15,16,16,17,17,17,17,17,17,17,16,17,16,16,0,0,0,0,0,0,0,0,0,0,0,9,9,9,9,9,9,9,9,9,9,9,9,9,9,9,8,9,8,9,10,10,10,10,10,12,13,0,24,25,25,26,26,27,27,28,28,29,29,30,30,31,33,34,34,34,34,34,35,34,33,32,32,31,31,29,0,0,0,0,0,0,0,18,18,19,18,19,20,19,18,19,19,18,19,18,18,18,18,17,18,17,18,18,19,19,20,21,22,22,23
20260804_015555_897cb2,1785805428454829,1158125132,2,2,0,-52,128,0,14,14,14,14,14,14,15,15,15,14,15,15,15,15,15,16,16,16,16,16,16,15,15,14,14,14,0,0,0,0,0,0,0,0,0,0,0,10,10,11,11,11,11,11,11,11,11,11,11,11,11,11,11,11,11,11,11,12,12,13,13,13,14,0,54,54,54,56,53,54,55,54,56,58,57,57,57,59,61,61,61,61,62,61,61,60,57,56,55,54,52,50,0,0,0,0,0,0,0,35,36,38,39,41,40,43,42,43,43,45,45,45,44,44,44,44,45,45,45,45,45,47,48,49,50,50,52
20260804_015555_897cb2,1785805428541039,1158214225,2,2,0,-54,128,0,14,14,14,15,15,15,15,15,15,16,16,17,17,17,17,18,18,18,19,17,18,18,18,17,17,16,0,0,0,0,0,0,0,0,0,0,0,11,12,13,13,13,13,13,13,13,13,13,13,13,12,12,12,12,13,12,12,13,14,14,14,14,14,0,52,51,51,52,53,52,54,54,53,55,56,57,59,62,59,64,62,65,66,64,65,64,61,61,60,61,56,57,0,0,0,0,0,0,0,39,41,42,44,43,46,46,48,46,46,48,44,46,46,46,45,45,44,44,42,45,43,44,46,46,46,49,49
20260804_015555_897cb2,1785805428639317,1158315164,2,2,0,-54,128,0,13,14,14,14,14,14,14,14,14,16,16,16,16,16,16,16,17,17,16,16,16,16,17,15,15,15,0,0,0,0,0,0,0,0,0,0,0,10,10,11,11,11,11,12,11,12,11,11,12,11,11,12,12,11,12,12,12,13,13,13,13,13,13,0,51,52,54,53,53,54,55,55,55,57,57,58,59,60,62,63,62,63,62,64,63,61,60,59,59,57,55,54,0,0,0,0,0,0,0,34,36,37,38,40,42,42,42,43,44,45,45,45,44,45,44,44,44,43,43,46,46,47,47,48,49,51,50
20260804_015555_897cb2,1785805428738621,1158413198,2,2,0,-54,128,0,13,14,14,15,14,14,14,14,14,15,15,15,16,16,16,16,16,17,17,17,16,16,16,15,15,15,0,0,0,0,0,0,0,0,0,0,0,11,12,13,13,13,13,13,13,13,13,12,13,13,13,12,12,12,12,12,12,13,13,12,13,13,13,0,51,54,53,53,54,56,55,55,55,56,56,57,58,60,60,60,61,62,62,62,61,61,59,58,56,55,55,52,0,0,0,0,0,0,0,43,45,43,44,47,48,47,49,48,48,47,49,47,47,47,46,45,45,45,45,45,46,45,48,48,49,49,48
20260804_015555_897cb2,1785805428843522,1158515645,2,2,0,-54,128,0,14,15,14,15,15,15,14,15,14,14,14,13,16,16,16,16,16,16,16,16,15,17,14,14,14,14,0,0,0,0,0,0,0,0,0,0,0,11,13,12,13,13,13,13,13,13,13,13,13,13,13,13,13,13,13,13,13,14,14,13,14,14,14,0,56,57,57,56,54,52,53,55,56,58,56,52,50,54,57,58,56,53,56,62,53,54,51,54,55,49,52,49,0,0,0,0,0,0,0,43,44,44,45,47,47,49,50,50,51,50,51,52,50,48,47,47,49,49,47,50,49,50,48,53,52,52,53
20260804_015555_897cb2,1785805428952659,1158625266,2,2,0,-55,128,0,13,14,13,14,13,14,13,14,14,14,14,14,14,14,15,15,15,15,15,15,14,14,14,13,13,12,0,0,0,0,0,0,0,0,0,0,0,12,12,13,13,13,13,13,12,13,13,12,13,12,12,11,12,12,12,12,12,12,13,13,13,13,13,0,53,53,52,53,53,52,51,52,53,53,55,53,54,53,57,58,58,56,57,55,56,53,53,50,49,47,48,45,0,0,0,0,0,0,0,43,46,46,47,47,46,48,49,48,49,50,49,47,47,46,45,45,47,45,45,46,47,47,49,51,51,49,52
20260804_015555_897cb2,1785805429040452,1158712719,2,2,0,-56,128,0,16,15,16,15,15,15,15,15,15,15,15,15,15,15,15,15,15,16,16,16,15,15,13,13,13,13,0,0,0,0,0,0,0,0,0,0,0,13,13,14,14,14,14,14,15,15,15,15,15,14,14,14,14,14,14,14,14,14,14,14,15,15,15,0,53,54,53,52,53,53,53,52,52,53,54,53,53,53,53,54,55,56,54,54,53,50,50,49,47,46,43,44,0,0,0,0,0,0,0,46,47,46,48,48,50,50,50,51,52,52,53,53,51,50,49,49,50,49,49,50,51,50,51,52,54,52,55
20260804_015555_897cb2,1785805429138317,1158811711,2,2,0,-55,128,0,15,16,16,16,16,16,16,15,15,16,15,15,15,16,16,15,16,15,15,15,14,14,14,14,13,12,0,0,0,0,0,0,0,0,0,0,0,11,11,11,11,13,13,13,13,13,13,13,13,14,13,14,13,13,13,14,14,15,15,15,15,16,16,0,58,60,61,58,58,58,57,57,56,55,56,56,56,58,56,57,56,57,55,55,53,53,50,48,48,48,43,43,0,0,0,0,0,0,0,36,38,37,40,42,43,42,46,44,46,47,48,48,49,51,48,50,49,50,49,52,52,54,55,55,56,58,58
20260804_015555_897cb2,1785805429259368,1158931487,2,2,0,-51,128,0,16,16,16,16,16,15,15,15,14,15,15,15,15,15,15,15,15,15,15,15,14,14,14,13,13,13,0,0,0,0,0,0,0,0,0,0,0,11,11,12,12,14,13,14,14,14,14,14,14,14,14,14,15,14,15,15,15,15,16,15,16,16,15,0,57,57,56,55,55,55,53,54,53,54,53,53,53,54,54,54,55,55,54,53,52,50,49,47,47,46,43,41,0,0,0,0,0,0,0,37,38,39,41,43,46,47,46,48,49,50,52,51,52,52,52,52,52,51,51,52,53,54,54,53,55,57,54
20260804_015555_897cb2,1785805429340110,1159014345,2,2,0,-51,128,0,14,14,14,14,14,14,14,14,14,14,15,14,14,14,15,15,15,15,14,14,14,14,13,13,12,12,0,0,0,0,0,0,0,0,0,0,0,8,9,9,10,10,10,11,11,11,11,11,11,11,12,12,11,11,11,12,12,12,13,13,13,14,14,0,57,57,58,57,58,57,56,56,56,56,58,57,58,59,57,59,58,59,58,57,56,54,52,51,49,48,46,45,0,0,0,0,0,0,0,33,34,34,34,37,39,40,42,42,43,44,45,45,45,47,47,48,46,47,48,51,51,51,52,53,55,57,58
20260804_015555_897cb2,1785805429438550,1159111882,2,2,0,-50,128,0,16,16,16,16,16,15,15,16,16,15,15,16,15,15,16,17,15,15,16,16,15,15,15,14,14,14,0,0,0,0,0,0,0,0,0,0,0,10,11,11,12,12,12,13,13,13,13,14,14,14,14,14,14,15,14,15,15,15,16,16,16,16,16,0,29,29,29,29,29,27,28,28,28,29,28,28,26,28,29,30,29,29,31,28,28,29,27,26,26,25,24,23,0,0,0,0,0,0,0,17,17,19,20,19,20,21,22,23,24,25,25,25,25,25,26,25,25,25,25,25,26,27,27,29,29,30,30
20260804_015555_897cb2,1785805429535967,1159211836,2,2,0,-51,128,0,15,16,16,15,15,15,15,15,15,15,15,15,16,16,16,16,16,16,16,15,15,15,14,14,13,13,0,0,0,0,0,0,0,0,0,0,0,9,9,9,9,10,10,10,11,12,12,12,13,13,13,13,12,12,13,13,13,14,14,14,15,15,15,0,59,61,60,59,59,60,58,58,56,58,58,58,59,59,59,59,61,59,59,58,56,54,55,53,51,49,47,47,0,0,0,0,0,0,0,30,32,32,32,35,35,38,39,41,42,42,43,44,45,45,46,47,48,49,49,51,52,53,54,55,56,57,58
20260804_015555_897cb2,1785805429640783,1159312007,2,2,0,-51,128,0,15,15,15,15,15,15,15,14,14,14,14,14,14,14,14,14,14,14,14,14,13,13,12,12,11,11,0,0,0,0,0,0,0,0,0,0,0,9,10,10,11,11,11,12,12,12,13,13,13,13,13,13,13,13,13,14,14,14,15,15,15,15,15,0,58,60,59,58,57,57,55,55,53,53,54,54,55,54,54,55,53,54,54,52,51,49,47,46,44,42,41,40,0,0,0,0,0,0,0,34,37,38,38,41,42,43,44,45,46,48,49,49,50,51,51,52,51,52,52,53,55,56,56,55,58,59,58
20260804_015555_897cb2,1785805429738833,1159412590,2,2,0,-51,128,0,16,16,16,16,16,15,16,15,16,15,15,15,15,15,15,15,14,15,14,14,14,14,13,12,12,11,0,0,0,0,0,0,0,0,0,0,0,9,9,9,9,10,11,11,11,12,12,12,13,13,13,14,14,14,14,15,15,15,16,16,15,16,17,0,61,62,60,62,59,60,57,57,57,58,57,56,56,55,58,55,56,56,55,53,53,49,49,47,44,42,42,40,0,0,0,0,0,0,0,30,31,31,33,35,35,38,39,40,43,45,47,46,47,49,49,49,53,52,54,54,56,56,57,60,60,60,62
20260804_015555_897cb2,1785805429837150,1159511995,2,2,0,-50,128,0,15,16,16,15,15,15,14,14,14,14,14,13,13,13,13,13,14,13,13,13,12,12,12,10,10,10,0,0,0,0,0,0,0,0,0,0,0,10,10,10,11,12,11,12,12,13,13,13,13,13,14,13,15,14,15,15,15,15,15,15,16,16,16,0,62,63,61,59,61,58,57,56,53,56,54,53,51,54,52,54,54,49,49,49,50,46,47,44,42,41,38,38,0,0,0,0,0,0,0,35,36,38,39,39,43,46,46,47,50,50,52,52,53,54,55,54,56,54,56,56,57,59,58,60,61,61,62
20260804_015555_897cb2,1785805429936545,1159611856,2,2,0,-51,128,0,16,17,17,17,17,17,17,17,16,16,16,16,15,16,17,17,17,16,16,17,16,16,16,15,14,14,0,0,0,0,0,0,0,0,0,0,0,9,9,11,11,11,11,12,12,13,13,13,13,14,14,14,13,13,15,15,15,15,16,16,16,16,17,0,58,61,56,57,55,58,57,57,57,59,56,59,56,57,60,59,59,55,59,60,55,54,55,52,50,47,49,47,0,0,0,0,0,0,0,31,33,34,34,36,36,38,41,43,45,43,45,45,47,48,47,48,51,50,50,52,51,52,52,55,56,56,56
20260804_015555_897cb2,1785805430040410,1159711588,2,2,0,-52,128,0,15,15,15,15,15,15,15,15,15,15,15,15,15,15,15,15,15,15,15,15,15,14,14,14,14,13,0,0,0,0,0,0,0,0,0,0,0,9,9,9,9,9,9,10,10,11,11,11,11,11,12,12,12,12,12,13,14,14,14,14,15,15,15,0,57,58,57,58,57,58,57,56,55,57,56,56,56,58,59,57,60,57,59,57,57,54,53,52,50,49,49,48,0,0,0,0,0,0,0,30,31,31,31,34,34,36,38,39,39,42,44,44,44,46,46,46,47,48,50,49,51,52,53,55,57,56,57
20260804_015555_897cb2,1785805430138167,1159811593,2,2,0,-53,128,0,16,15,15,14,14,14,13,13,13,13,13,12,12,12,12,12,12,12,12,11,11,11,10,10,9,9,0,0,0,0,0,0,0,0,0,0,0,11,12,13,13,14,14,14,15,15,15,15,16,16,16,15,15,16,16,16,16,15,16,16,16,16,16,0,58,59,56,56,54,53,51,49,49,50,49,47,46,46,47,44,45,45,44,42,42,39,40,38,36,35,33,33,0,0,0,0,0,0,0,38,40,41,45,45,49,51,53,56,56,58,59,60,60,60,59,59,61,60,60,61,60,62,60,61,61,60,62
20260804_015555_897cb2,1785805430236471,1159911712,2,2,0,-51,128,0,16,16,15,15,15,14,13,13,13,13,13,12,12,12,12,12,11,11,10,10,9,9,8,8,7,7,0,0,0,0,0,0,0,0,0,0,0,12,12,13,13,14,15,15,16,16,17,17,17,17,17,17,17,17,17,17,17,17,17,17,17,17,17,0,62,59,59,56,55,53,51,50,48,48,46,44,43,43,42,42,40,40,38,36,35,32,31,29,28,27,25,24,0,0,0,0,0,0,0,38,42,44,46,47,51,52,53,57,58,60,60,63,62,62,63,63,62,62,61,64,62,62,63,63,61,64,63
20260804_015555_897cb2,1785805430339916,1160011660,2,2,0,-52,128,0,15,14,14,13,14,13,12,11,11,10,10,10,10,10,9,9,9,8,8,8,7,7,6,6,6,5,0,0,0,0,0,0,0,0,0,0,0,13,13,15,15,15,16,16,17,17,17,17,17,17,17,17,17,17,16,16,16,16,16,15,16,16,16,0,28,26,26,24,24,24,22,22,20,20,20,19,19,19,18,17,17,16,16,15,14,13,13,12,11,10,9,10,0,0,0,0,0,0,0,22,23,24,25,26,28,29,30,30,31,31,33,32,32,32,33,32,31,30,30,31,30,30,30,29,30,30,29
20260804_015555_897cb2,1785805430439516,1160111656,2,2,0,-50,128,0,15,15,15,14,14,13,12,12,12,12,11,10,10,10,10,10,9,9,9,8,8,8,7,7,6,6,0,0,0,0,0,0,0,0,0,0,0,14,14,15,16,16,17,17,18,18,18,18,18,18,18,18,18,18,17,17,17,17,17,16,17,16,16,0,57,54,54,51,51,46,46,44,43,42,42,38,39,39,33,36,35,33,31,31,30,29,26,25,25,23,21,20,0,0,0,0,0,0,0,45,47,49,52,53,58,58,60,61,63,67,63,67,69,66,66,67,62,65,60,64,63,62,61,59,58,61,59
20260804_015555_897cb2,1785805430538070,1160211717,2,2,0,-50,128,0,15,15,14,14,13,13,13,11,11,11,10,10,10,10,10,9,9,9,8,8,8,7,6,6,6,5,0,0,0,0,0,0,0,0,0,0,0,14,15,15,16,16,17,18,17,19,19,18,18,18,18,18,17,18,17,17,17,17,17,17,17,17,17,0,57,52,53,50,50,47,44,41,40,40,39,39,38,35,34,33,31,31,30,28,26,24,22,21,19,20,18,18,0,0,0,0,0,0,0,46,50,51,52,52,57,59,61,63,64,66,66,65,66,65,65,64,62,62,62,64,61,62,60,60,60,59,60
20260804_015555_897cb2,1785805430638684,1160312045,2,2,0,-50,128,0,15,15,15,14,13,13,11,11,11,10,10,10,9,8,8,8,7,7,7,6,6,5,5,5,4,4,0,0,0,0,0,0,0,0,0,0,0,16,15,16,17,17,18,19,19,19,20,19,19,19,19,19,19,18,18,18,18,17,17,16,17,16,16,0,28,27,27,24,23,22,21,20,19,17,18,17,16,16,13,15,13,12,11,11,9,9,8,9,7,7,6,6,0,0,0,0,0,0,0,24,25,27,28,29,30,32,33,33,33,35,33,35,35,35,34,34,33,34,31,32,32,31,31,31,30,31,29
20260804_015555_897cb2,1785805430741353,1160412068,2,2,0,-50,128,0,16,16,16,16,14,15,13,13,13,13,12,11,11,11,11,11,11,10,10,9,9,8,8,7,7,7,0,0,0,0,0,0,0,0,0,0,0,14,14,16,16,16,16,17,18,19,19,18,18,18,18,18,18,18,18,18,18,18,18,18,17,17,17,0,60,57,56,55,51,51,48,47,44,43,44,42,41,40,38,39,38,37,36,32,32,28,28,25,26,24,21,19,0,0,0,0,0,0,0,46,50,50,52,53,57,59,62,63,65,68,66,67,66,64,66,65,64,65,63,63,64,64,63,61,62,62,64
20260804_015555_897cb2,1785805430838892,1160511820,2,2,0,-51,128,0,15,15,14,14,13,13,12,12,12,11,10,10,10,10,10,9,9,9,8,8,7,7,7,6,5,5,0,0,0,0,0,0,0,0,0,0,0,14,15,16,16,17,18,18,18,18,19,19,18,18,18,18,18,18,18,18,17,17,17,16,16,16,16,0,57,54,51,48,47,46,44,41,39,38,38,37,34,34,32,32,29,29,31,25,26,24,22,20,20,18,16,15,0,0,0,0,0,0,0,47,52,52,57,57,58,63,62,65,66,68,68,71,66,69,67,66,65,64,65,63,64,62,64,60,62,59,58
20260804_015555_897cb2,1785805430937033,1160613110,2,2,0,-56,128,0,14,13,13,12,12,10,10,9,9,8,8,7,7,6,5,4,4,4,4,3,3,2,2,2,3,2,0,0,0,0,0,0,0,0,0,0,0,13,15,16,16,17,17,19,19,19,20,20,19,20,19,19,19,18,18,19,18,17,17,17,17,16,15,0,27,25,25,22,23,21,19,17,17,17,14,13,12,11,10,10,8,8,6,6,6,4,4,4,5,4,5,5,0,0,0,0,0,0,0,23,24,26,28,28,31,31,33,34,36,36,36,37,37,37,38,37,35,35,34,34,33,33,32,31,30,30,30
20260804_015555_897cb2,1785805431040583,1160712351,2,2,0,-53,128,0,16,16,16,15,15,13,13,13,13,12,11,11,11,11,10,10,10,9,9,8,8,6,6,6,6,6,0,0,0,0,0,0,0,0,0,0,0,10,10,11,12,13,13,14,15,16,16,16,16,17,17,17,17,17,17,17,17,17,18,17,17,18,17,0,62,62,59,59,54,55,52,51,46,48,46,44,41,41,39,36,38,33,32,30,28,25,24,23,21,18,18,16,0,0,0,0,0,0,0,34,36,37,39,43,45,49,50,55,57,59,62,61,63,62,66,64,66,64,66,64,67,66,67,67,66,65,63
20260804_015555_897cb2,1785805431155849,1160831602,2,2,0,-54,128,0,16,15,15,15,14,13,13,13,12,11,12,11,11,11,10,10,9,9,9,9,7,7,7,7,6,6,0,0,0,0,0,0,0,0,0,0,0,12,12,14,14,14,16,17,17,17,17,17,17,17,17,17,17,17,17,17,18,16,17,17,17,16,17,0,57,57,55,53,51,50,47,45,44,45,42,41,40,38,37,35,35,33,30,30,31,29,26,25,22,23,21,20,0,0,0,0,0,0,0,41,43,43,47,50,52,55,55,59,61,61,64,64,64,65,64,63,67,63,64,63,64,62,63,64,62,61,61
20260804_015555_897cb2,1785805431248499,1160922515,2,2,0,-53,128,0,15,15,14,13,13,12,12,11,10,10,10,9,8,8,8,7,7,6,6,5,5,4,4,3,3,2,0,0,0,0,0,0,0,0,0,0,0,12,12,13,13,14,15,15,16,16,17,17,17,17,17,17,17,16,17,16,17,16,17,16,16,16,16,0,29,29,28,26,25,24,23,21,21,20,19,18,18,16,15,14,14,12,12,11,10,9,8,7,6,6,5,4,0,0,0,0,0,0,0,21,23,23,23,26,26,28,29,31,32,34,33,33,33,34,34,34,33,33,32,33,33,33,32,32,32,32,31
20260804_015555_897cb2,1785805431334853,1161011758,2,2,0,-53,128,0,15,14,13,13,12,12,11,11,10,10,9,9,8,8,8,8,7,7,6,6,5,4,4,4,3,4,0,0,0,0,0,0,0,0,0,0,0,12,12,13,13,14,15,15,16,16,17,17,18,17,17,17,17,17,17,16,16,16,16,16,16,16,16,0,29,28,26,27,24,24,22,21,21,20,19,18,17,15,16,15,14,13,12,11,11,9,9,8,7,6,5,5,0,0,0,0,0,0,0,22,22,23,24,26,27,28,29,31,32,33,34,33,34,34,34,33,34,33,33,32,32,32,32,32,31,31,30
20260804_015555_897cb2,1785805431437964,1161114137,2,2,0,-50,128,0,15,15,15,14,14,13,13,12,12,11,11,11,10,10,10,10,9,9,8,8,7,7,7,6,6,5,0,0,0,0,0,0,0,0,0,0,0,11,12,12,13,14,14,15,15,16,16,16,16,16,16,16,16,16,16,16,16,16,16,16,16,16,16,0,29,28,28,27,27,26,25,23,22,22,21,21,20,20,19,19,18,17,16,15,14,13,13,13,11,10,9,9,0,0,0,0,0,0,0,20,21,22,23,25,25,26,28,29,29,30,29,30,31,31,30,32,31,32,30,31,30,31,31,30,32,31,30
20260804_015555_897cb2,1785805431536707,1161212461,2,2,0,-52,128,0,15,15,15,14,13,13,13,12,11,11,11,10,10,10,9,9,9,8,8,7,7,6,6,6,5,5,0,0,0,0,0,0,0,0,0,0,0,10,10,11,11,12,13,14,14,15,15,15,16,16,16,16,16,16,16,16,16,16,16,16,16,16,16,0,30,30,28,28,26,26,25,24,22,22,21,20,20,19,19,18,17,16,16,15,13,13,12,11,10,9,9,8,0,0,0,0,0,0,0,18,19,20,21,22,23,24,25,27,28,29,30,30,31,32,31,31,32,31,32,32,32,32,32,32,32,32,31
20260804_015555_897cb2,1785805431635307,1161311719,2,2,0,-50,128,0,16,16,15,15,14,14,13,12,11,11,11,10,10,9,9,9,8,8,8,7,7,6,5,5,4,4,0,0,0,0,0,0,0,0,0,0,0,13,13,15,16,17,17,17,17,18,19,19,19,19,19,18,19,18,19,17,17,17,18,17,17,17,17,0,28,28,25,26,24,24,22,22,21,19,19,19,17,17,16,16,14,15,14,13,12,11,10,10,8,8,7,6,0,0,0,0,0,0,0,21,22,23,25,26,28,28,30,30,31,32,32,32,34,32,32,32,32,31,32,32,30,31,31,31,31,30,30
20260804_015555_897cb2,1785805431739225,1161411829,2,2,0,-51,128,0,16,16,16,14,14,14,14,13,13,11,11,11,11,11,10,10,10,10,9,8,8,7,7,6,6,5,0,0,0,0,0,0,0,0,0,0,0,13,14,14,16,16,17,17,18,18,18,19,19,19,19,19,18,18,18,18,18,18,18,17,18,17,16,0,57,57,55,53,50,49,45,45,44,42,41,39,38,38,36,34,34,33,30,28,27,26,23,21,20,18,16,15,0,0,0,0,0,0,0,41,45,45,49,50,54,58,60,62,65,66,69,68,67,68,67,67,67,65,64,65,64,64,63,62,62,62,59
20260804_015555_897cb2,1785805431837890,1161511761,2,2,0,-53,128,0,15,15,15,14,14,13,13,11,11,10,10,9,9,9,8,8,6,6,5,5,4,4,4,3,2,2,0,0,0,0,0,0,0,0,0,0,0,14,14,16,17,17,17,18,19,19,20,19,19,19,19,20,19,19,19,19,18,19,19,17,17,17,17,0,28,28,27,24,24,23,21,20,18,18,17,17,15,14,13,12,12,10,9,9,8,7,5,6,4,4,3,3,0,0,0,0,0,0,0,23,24,25,26,28,30,31,32,34,34,35,36,36,35,36,35,36,35,34,33,34,34,34,32,32,32,32,30
20260804_015555_897cb2,1785805431935098,1161611850,2,2,0,-53,128,0,14,14,14,13,13,12,11,11,10,10,9,9,8,8,7,7,6,6,5,5,4,4,3,3,3,2,0,0,0,0,0,0,0,0,0,0,0,14,14,16,16,17,17,17,18,19,19,19,19,19,18,18,18,18,18,17,17,17,17,17,16,16,16,0,58,57,52,52,47,45,43,40,39,39,36,32,31,28,30,26,24,23,19,18,16,13,12,10,9,8,6,4,0,0,0,0,0,0,0,52,53,55,56,60,62,65,65,69,70,72,74,72,72,72,70,68,69,68,68,64,66,65,65,64,63,62,61
20260804_015555_897cb2,1785805432033596,1161711921,2,2,0,-56,128,0,16,16,15,14,13,13,13,11,10,10,9,8,7,7,7,6,5,5,4,4,3,3,3,3,3,4,0,0,0,0,0,0,0,0,0,0,0,16,17,17,17,18,19,20,21,21,21,21,21,22,20,21,20,20,19,19,19,19,18,19,18,18,18,0,28,27,27,25,24,22,21,19,17,17,16,15,13,12,12,10,9,8,8,6,6,4,4,4,4,4,4,6,0,0,0,0,0,0,0,24,25,26,28,29,31,31,35,35,35,36,37,38,37,35,36,35,35,34,34,35,34,33,32,32,31,31,30
20260804_015555_897cb2,1785805432137894,1161811812,2,2,0,-58,128,0,14,13,12,11,10,10,9,8,8,7,6,6,5,5,4,4,4,4,4,4,4,5,5,5,5,5,0,0,0,0,0,0,0,0,0,0,0,15,15,17,17,18,19,19,20,21,21,21,21,21,20,19,20,19,19,18,18,17,17,17,17,16,16,0,25,25,24,22,20,17,16,16,14,14,12,11,10,11,9,9,8,9,8,8,8,9,10,11,11,10,12,13,0,0,0,0,0,0,0,26,27,29,30,31,32,34,35,37,38,38,38,38,38,39,38,38,36,36,35,34,34,33,33,31,31,29,29
20260804_015555_897cb2,1785805432236506,1161912363,2,2,0,-56,128,0,14,14,14,12,12,11,11,10,9,9,9,8,8,8,6,5,5,4,4,3,3,2,2,1,1,1,0,0,0,0,0,0,0,0,0,0,0,14,15,16,16,18,18,19,20,20,20,20,20,20,19,19,18,18,18,18,18,17,17,16,16,16,16,0,54,52,50,48,44,42,39,37,34,33,29,29,27,24,23,22,17,17,16,13,11,9,7,4,4,4,5,4,0,0,0,0,0,0,0,47,50,54,55,58,61,64,67,68,73,73,74,73,73,73,72,69,70,67,66,65,65,64,63,61,61,60,57
20260804_015555_897cb2,1785805432340267,1162011832,2,2,0,-53,128,0,16,16,16,15,15,13,13,12,12,12,11,11,10,10,10,9,9,9,9,8,8,7,7,6,6,6,0,0,0,0,0,0,0,0,0,0,0,15,15,16,16,16,17,17,18,18,19,19,19,19,18,18,18,18,18,18,18,18,18,17,17,18,17,0,28,28,28,26,25,25,23,22,21,21,20,19,18,18,17,17,16,16,16,15,13,13,12,11,11,10,9,9,0,0,0,0,0,0,0,23,24,25,26,26,28,29,31,31,33,33,33,33,33,33,33,34,32,34,32,32,32,31,32,30,31,32,31
20260804_015555_897cb2,1785805432439639,1162111673,2,2,0,-51,128,0,15,15,14,14,13,13,13,12,12,12,11,11,11,11,10,10,10,10,9,9,9,8,8,7,7,7,0,0,0,0,0,0,0,0,0,0,0,13,14,14,15,16,16,17,17,17,18,18,18,18,18,17,17,17,16,16,16,16,16,16,16,16,16,0,27,29,26,25,24,25,23,22,21,21,20,19,20,19,19,18,19,16,17,17,15,15,14,13,12,12,12,11,0,0,0,0,0,0,0,23,24,24,24,27,27,29,29,31,32,33,34,33,32,32,31,30,31,31,33,31,33,30,30,29,31,29,30
20260804_015555_897cb2,1785805432537913,1162211775,2,2,0,-55,128,0,14,15,14,14,13,13,12,13,13,12,12,12,12,12,12,11,11,10,11,10,10,9,10,9,9,9,0,0,0,0,0,0,0,0,0,0,0,14,14,15,16,16,16,17,18,18,18,18,18,18,18,17,17,17,17,16,16,16,16,16,16,15,15,0,28,27,26,26,25,24,23,22,22,22,22,20,22,20,19,19,20,20,21,19,19,18,17,17,17,16,15,16,0,0,0,0,0,0,0,23,25,26,27,28,29,30,30,32,31,33,32,32,33,32,32,32,31,30,30,30,30,31,29,29,29,29,28
20260804_015555_897cb2,1785805432636310,1162311224,2,2,0,-52,128,0,16,16,16,15,15,14,14,13,13,13,13,12,12,13,12,12,11,11,11,11,11,11,9,9,9,9,0,0,0,0,0,0,0,0,0,0,0,14,15,16,17,17,17,17,18,18,18,18,18,18,18,18,18,18,17,17,17,17,17,17,17,17,17,0,28,28,28,26,26,25,25,23,24,22,22,22,22,21,21,21,21,21,20,19,18,18,17,16,16,16,15,14,0,0,0,0,0,0,0,24,25,25,26,27,28,30,31,31,32,33,33,33,33,33,33,32,31,32,31,31,31,31,31,30,30,29,30
20260804_015555_897cb2,1785805432740870,1162411484,2,2,0,-52,128,0,16,16,16,15,16,14,15,14,14,14,14,13,13,13,13,13,13,14,13,12,12,12,11,11,11,11,0,0,0,0,0,0,0,0,0,0,0,13,13,13,15,15,16,16,16,16,16,16,16,17,16,16,16,16,16,16,16,16,16,16,16,16,16,0,55,57,56,53,52,51,51,50,48,48,48,48,47,47,47,46,47,46,46,44,44,42,42,40,38,37,37,35,0,0,0,0,0,0,0,41,43,44,46,49,51,53,54,56,57,59,58,59,58,58,58,58,58,56,56,57,58,57,57,56,59,57,57
20260804_015555_897cb2,1785805432839437,1162512082,2,2,0,-58,128,0,13,13,13,13,13,12,12,12,11,11,11,11,11,11,11,11,11,11,11,11,11,10,10,10,10,10,0,0,0,0,0,0,0,0,0,0,0,13,13,14,15,15,16,16,16,16,17,17,16,17,16,16,15,16,15,15,15,15,15,14,15,14,14,0,26,26,27,24,24,25,23,23,22,22,22,22,22,22,20,21,20,20,21,21,20,20,21,20,19,20,19,19,0,0,0,0,0,0,0,22,24,25,25,27,28,30,31,31,32,32,32,33,33,32,32,31,31,30,29,30,29,29,29,28,27,28,27
20260804_015555_897cb2,1785805432941586,1162615006,2,2,0,-55,128,0,15,16,15,16,15,15,15,15,15,15,16,15,16,16,16,16,16,16,17,15,16,15,15,14,14,14,0,0,0,0,0,0,0,0,0,0,0,9,10,10,11,11,11,12,12,13,13,13,13,14,13,14,13,14,13,14,13,14,15,15,15,15,15,0,58,58,56,56,55,56,56,55,56,57,56,55,57,57,57,59,59,58,59,57,56,55,53,52,51,50,46,46,0,0,0,0,0,0,0,32,33,34,35,36,38,39,40,43,44,45,46,46,46,47,49,48,49,48,50,50,53,51,53,53,52,55,54
20260804_015555_897cb2,1785805433038371,1162714175,2,2,0,-52,128,0,15,14,15,14,14,14,13,13,13,13,13,13,13,13,13,13,13,13,13,13,13,13,12,12,11,11,0,0,0,0,0,0,0,0,0,0,0,12,13,13,14,14,15,15,16,16,16,16,16,16,16,16,16,16,14,15,15,15,15,14,16,15,15,0,57,52,54,53,52,51,49,49,48,49,51,49,47,48,48,50,48,50,48,47,47,45,42,42,42,40,38,37,0,0,0,0,0,0,0,43,45,47,48,49,53,53,56,56,58,59,57,59,59,57,58,57,57,56,54,55,54,55,55,55,54,56,54
20260804_015555_897cb2,1785805433135868,1162811727,2,2,0,-52,128,0,14,14,14,14,14,14,14,13,14,14,14,13,13,13,14,13,14,13,13,13,13,13,13,12,12,11,0,0,0,0,0,0,0,0,0,0,0,9,9,10,10,11,11,12,12,13,13,13,13,13,13,13,13,13,14,13,14,14,14,14,14,15,15,0,56,57,53,55,53,53,53,52,52,55,53,52,52,53,54,52,54,54,54,52,51,50,48,47,44,44,44,42,0,0,0,0,0,0,0,31,33,34,35,39,40,43,44,46,46,49,50,51,50,51,52,49,53,51,53,51,53,53,53,55,54,55,55
20260804_015555_897cb2,1785805433240248,1162911840,2,2,0,-50,128,0,15,15,15,14,14,14,14,14,13,14,13,14,14,14,14,14,14,14,14,14,14,12,12,12,11,11,0,0,0,0,0,0,0,0,0,0,0,10,11,10,12,11,12,12,13,13,14,14,14,14,14,14,14,14,13,14,14,14,14,14,15,15,15,0,59,58,57,56,54,56,55,53,54,54,53,54,54,52,52,53,53,52,52,51,51,49,49,47,47,44,42,41,0,0,0,0,0,0,0,36,36,36,40,43,42,47,48,49,49,51,53,51,51,52,53,52,53,53,51,54,53,54,55,56,56,57,57
20260804_015555_897cb2,1785805433338531,1163011750,2,2,0,-49,128,0,14,14,14,14,13,13,15,13,14,14,14,14,14,14,14,15,15,15,15,14,15,13,13,13,13,13,0,0,0,0,0,0,0,0,0,0,0,8,9,9,9,9,10,10,11,11,11,12,12,12,12,12,12,12,12,12,12,12,13,13,13,14,14,0,60,57,56,58,55,56,56,54,56,55,56,57,57,58,58,57,58,59,58,59,57,56,51,52,51,50,47,46,0,0,0,0,0,0,0,30,33,33,36,37,38,39,40,44,43,46,46,48,46,49,50,49,50,50,51,50,50,50,52,53,53,55,55
20260804_015555_897cb2,1785805433437673,1163111954,2,2,0,-51,128,0,14,13,14,13,13,14,13,14,13,14,14,14,14,15,15,15,15,15,15,14,14,14,13,13,13,13,0,0,0,0,0,0,0,0,0,0,0,10,10,10,10,11,12,12,11,12,12,13,12,12,12,13,12,12,12,12,13,13,13,13,14,14,13,0,54,53,54,53,54,54,53,54,52,53,55,54,54,57,55,57,57,57,57,57,56,54,53,51,50,49,47,46,0,0,0,0,0,0,0,35,37,38,39,41,42,44,44,46,46,48,47,48,49,48,49,48,47,48,48,48,49,50,50,51,52,53,53
20260804_015555_897cb2,1785805433542210,1163213107,2,2,0,-55,128,0,15,14,15,14,15,15,14,14,15,15,15,15,15,16,16,16,16,16,16,15,15,15,14,13,13,13,0,0,0,0,0,0,0,0,0,0,0,9,9,9,10,10,10,10,11,11,11,11,11,11,11,12,13,13,13,13,13,13,13,13,14,14,14,0,58,59,56,59,56,59,57,59,58,60,58,59,59,59,59,60,62,59,61,59,58,56,57,52,53,50,48,47,0,0,0,0,0,0,0,33,32,32,33,35,37,37,38,39,40,41,42,42,43,44,43,43,46,45,49,48,50,50,52,54,54,55,55
20260804_015555_897cb2,1785805433640535,1163315552,2,2,0,-50,128,0,16,17,16,16,16,16,16,15,15,15,15,15,15,16,16,16,16,16,16,15,15,15,15,14,14,13,0,0,0,0,0,0,0,0,0,0,0,8,8,9,9,10,10,11,11,11,12,12,13,13,13,13,14,13,14,14,14,15,15,15,15,16,16,0,30,28,30,29,30,30,29,29,29,29,29,28,29,31,29,31,29,32,30,30,29,29,27,26,25,25,24,24,0,0,0,0,0,0,0,13,14,15,15,16,18,18,19,19,21,22,22,22,24,24,25,26,24,26,24,27,27,27,28,27,29,30,30
20260804_015555_897cb2,1785805433738996,1163411703,2,2,0,-52,128,0,16,15,16,16,16,16,16,16,16,16,15,16,16,17,17,17,17,17,17,17,17,16,16,17,14,15,0,0,0,0,0,0,0,0,0,0,0,8,9,8,9,9,10,11,10,11,10,11,11,11,12,12,12,12,12,13,13,13,13,14,15,15,15,0,27,27,29,28,30,29,28,28,27,30,30,28,30,29,28,30,32,35,33,32,32,31,29,27,29,28,27,25,0,0,0,0,0,0,0,14,14,16,15,16,17,17,17,18,19,20,19,20,20,21,21,21,21,22,22,23,24,24,24,25,26,26,27
20260804_015555_897cb2,1785805433836324,1163511536,2,2,0,-55,128,0,16,15,16,15,15,15,15,14,15,15,15,14,14,15,15,15,14,14,14,14,13,13,12,12,11,11,0,0,0,0,0,0,0,0,0,0,0,7,8,8,8,9,9,9,10,10,11,11,11,12,12,12,12,12,13,13,13,13,14,15,15,15,15,0,32,30,30,31,31,30,29,28,28,27,29,28,28,29,28,28,28,28,28,28,26,26,25,24,23,23,20,21,0,0,0,0,0,0,0,13,14,15,16,16,17,17,19,19,20,22,21,22,23,23,24,25,24,25,25,25,26,26,27,28,28,30,30
20260804_015555_897cb2,1785805433939496,1163612149,2,2,0,-53,128,0,15,16,16,15,15,15,15,15,15,15,16,14,14,15,16,15,16,16,16,15,15,14,14,14,13,13,0,0,0,0,0,0,0,0,0,0,0,7,7,8,8,8,8,10,10,11,11,11,11,12,12,11,12,12,13,13,13,13,13,14,14,15,15,0,60,58,57,58,58,58,58,58,58,58,59,59,59,58,59,60,59,60,59,59,58,56,54,53,52,52,50,48,0,0,0,0,0,0,0,25,26,27,29,29,31,34,36,38,38,40,42,42,43,43,45,47,45,47,48,50,50,52,54,53,54,57,56
20260804_015555_897cb2,1785805434043400,1163716185,2,2,0,-52,128,0,13,14,13,13,14,13,13,13,13,13,14,14,14,14,14,14,14,14,14,14,14,13,13,13,12,12,0,0,0,0,0,0,0,0,0,0,0,10,10,10,11,11,11,11,12,12,13,12,12,13,12,12,13,12,13,13,12,12,13,13,13,13,13,0,55,55,56,56,53,56,50,55,55,54,54,54,54,56,55,56,57,56,57,55,55,54,52,51,49,47,46,45,0,0,0,0,0,0,0,36,37,39,39,42,45,46,45,47,48,48,51,49,49,50,50,51,49,49,49,51,51,52,52,51,53,55,55
20260804_015555_897cb2,1785805434141317,1163812918,2,2,0,-54,128,0,14,14,14,14,14,14,15,14,14,15,15,14,14,15,16,16,16,15,15,15,14,14,14,14,13,13,0,0,0,0,0,0,0,0,0,0,0,7,7,8,8,9,9,9,9,10,10,10,10,10,10,10,11,11,12,11,11,13,13,13,13,14,13,0,57,57,57,59,58,57,58,56,57,59,59,57,58,60,61,61,62,59,61,60,59,57,56,53,54,50,50,48,0,0,0,0,0,0,0,28,30,30,32,34,36,36,36,39,39,40,41,43,42,44,45,44,45,44,46,46,47,48,50,52,52,54,54
20260804_015555_897cb2,1785805434240633,1163912727,2,2,0,-52,128,0,16,16,15,16,16,16,16,15,16,15,15,15,15,15,15,15,15,15,15,14,14,13,13,13,12,12,0,0,0,0,0,0,0,0,0,0,0,10,11,11,11,12,12,13,13,14,14,14,14,14,14,14,14,14,14,14,15,15,15,15,15,15,15,0,60,58,60,57,56,57,56,57,54,53,54,54,55,55,54,54,55,54,53,53,52,48,47,45,44,44,43,41,0,0,0,0,0,0,0,35,38,39,39,41,42,44,46,47,49,51,52,51,50,53,54,55,55,55,52,55,55,56,56,57,58,58,58
20260804_015555_897cb2,1785805434339518,1164012038,2,2,0,-55,128,0,14,14,15,14,15,14,14,14,14,15,15,15,15,16,16,16,16,17,16,16,16,15,16,15,15,14,0,0,0,0,0,0,0,0,0,0,0,10,10,10,11,11,11,11,11,11,12,12,12,12,12,12,12,12,12,12,12,12,13,12,14,14,14,0,53,55,52,54,53,57,56,57,56,58,56,57,57,58,58,59,60,61,60,61,59,59,57,55,56,56,51,52,0,0,0,0,0,0,0,36,38,39,39,43,42,43,44,45,44,44,47,45,46,45,45,47,46,45,46,46,47,50,49,49,52,51,53
20260804_015555_897cb2,1785805434437984,1164111790,2,2,0,-53,128,0,14,15,14,14,13,13,13,13,14,14,14,14,14,15,15,15,15,15,15,15,15,15,14,14,13,13,0,0,0,0,0,0,0,0,0,0,0,10,10,11,11,12,12,13,12,13,13,13,13,13,12,13,13,12,12,13,13,13,13,14,14,14,14,0,53,54,54,54,52,55,54,54,55,54,54,56,57,56,58,59,60,59,59,58,58,56,57,55,53,54,50,50,0,0,0,0,0,0,0,37,38,40,41,43,43,47,46,47,47,50,50,48,49,49,48,47,48,47,48,48,51,49,51,49,52,53,51
20260804_015555_897cb2,1785805434536460,1164211537,2,2,0,-53,128,0,14,15,15,15,13,14,13,14,13,14,14,14,14,14,14,14,14,14,14,13,13,13,13,13,12,12,0,0,0,0,0,0,0,0,0,0,0,9,9,10,10,12,11,12,12,12,13,12,12,13,12,12,12,12,12,13,13,13,14,14,14,14,14,0,54,54,54,54,54,54,54,54,54,53,54,53,54,53,55,56,54,56,56,54,54,52,51,48,47,46,44,43,0,0,0,0,0,0,0,34,35,36,38,39,41,43,44,44,46,48,48,48,47,49,50,48,48,48,47,50,51,51,51,51,54,53,52
20260804_015555_897cb2,1785805434641637,1164316108,2,2,0,-51,128,0,16,16,16,16,16,16,16,16,16,16,16,16,16,16,16,16,16,16,16,16,16,15,14,14,14,14,0,0,0,0,0,0,0,0,0,0,0,8,9,9,10,10,11,11,12,12,13,13,13,14,14,14,14,14,14,15,15,15,15,15,15,16,16,0,59,60,57,58,56,57,56,56,55,57,56,56,57,57,59,57,59,58,58,57,56,55,52,51,50,49,47,45,0,0,0,0,0,0,0,26,27,29,30,32,34,36,38,41,42,44,46,46,47,48,48,49,51,51,52,51,54,55,55,57,57,57,59
20260804_015555_897cb2,1785805434740322,1164411733,2,2,0,-52,128,0,15,15,15,15,14,14,14,14,14,14,14,13,14,14,14,14,14,14,14,14,14,13,13,13,12,11,0,0,0,0,0,0,0,0,0,0,0,9,9,9,9,10,10,11,11,11,12,12,12,12,12,12,12,13,13,13,13,13,14,13,15,15,15,0,58,56,57,57,56,56,54,54,54,55,55,55,55,56,55,55,56,55,56,56,54,53,51,49,48,47,46,45,0,0,0,0,0,0,0,31,33,33,36,37,40,40,42,44,45,47,47,49,50,49,49,48,50,52,51,52,54,53,54,55,55,57,56
20260804_015555_897cb2,1785805434838668,1164511896,2,2,0,-54,128,0,15,15,15,15,15,15,15,14,15,15,15,15,15,16,16,16,16,16,16,16,16,15,15,14,14,14,0,0,0,0,0,0,0,0,0,0,0,8,9,9,10,10,10,11,11,11,12,12,12,12,12,12,12,12,13,13,13,13,13,13,13,15,15,0,56,57,56,57,56,57,55,57,56,58,58,56,57,57,59,59,61,59,59,59,59,58,58,54,53,52,52,51,0,0,0,0,0,0,0,31,31,33,33,36,36,39,39,40,40,41,45,45,44,44,45,44,46,47,47,49,49,51,51,54,53,54,52
20260804_015555_897cb2,1785805434941734,1164613034,2,2,0,-53,128,0,14,15,14,14,14,14,14,13,13,13,13,13,13,13,13,13,14,13,13,13,12,12,12,11,11,10,0,0,0,0,0,0,0,0,0,0,0,9,10,10,11,11,11,12,12,12,13,13,13,13,13,13,13,13,13,13,14,14,14,14,14,14,14,0,58,59,57,57,56,55,54,54,52,54,55,54,54,54,53,53,55,53,53,51,49,47,47,45,43,41,40,40,0,0,0,0,0,0,0,35,36,36,39,41,43,44,45,47,48,50,51,50,51,52,52,52,52,53,53,53,53,55,56,56,57,59,58
20260804_015555_897cb2,1785805435040888,1164711838,2,2,0,-51,128,0,16,16,16,16,16,16,15,15,15,15,15,15,16,16,16,16,16,16,16,16,15,16,16,15,14,14,0,0,0,0,0,0,0,0,0,0,0,9,9,11,11,12,12,12,12,13,13,13,13,13,13,13,14,13,14,14,15,15,15,15,15,16,16,0,56,59,57,58,57,58,57,56,57,58,56,58,58,59,59,59,60,58,60,59,57,56,56,53,52,50,49,47,0,0,0,0,0,0,0,32,34,34,35,37,39,41,41,43,44,45,47,46,48,49,49,48,49,48,50,50,52,52,52,53,54,56,54
20260804_015555_897cb2,1785805435138691,1164812660,2,2,0,-49,128,0,15,15,15,15,14,14,14,13,13,13,13,13,13,13,13,13,13,13,13,12,11,12,11,10,9,9,0,0,0,0,0,0,0,0,0,0,0,10,11,11,12,13,13,14,13,13,14,14,14,14,14,14,14,14,14,14,15,14,15,15,15,15,15,0,59,58,57,56,55,54,52,51,51,51,50,49,46,49,50,51,50,49,49,47,46,43,43,42,38,39,36,37,0,0,0,0,0,0,0,36,38,38,41,45,47,47,49,52,54,54,56,55,57,56,56,57,57,56,55,55,55,57,57,58,58,59,59
20260804_015555_897cb2,1785805435237731,1164913400,2,2,0,-50,128,0,16,16,16,16,16,16,15,15,15,15,15,14,15,15,15,15,15,15,15,15,15,13,13,13,12,12,0,0,0,0,0,0,0,0,0,0,0,9,10,10,11,11,12,12,13,13,13,14,14,14,14,14,14,14,14,14,14,14,15,15,15,16,16,0,60,61,62,59,58,60,57,55,58,56,56,56,57,56,57,58,57,58,56,55,56,53,50,48,48,47,42,43,0,0,0,0,0,0,0,31,34,35,37,39,39,42,43,46,46,50,47,51,51,52,52,51,52,52,52,53,54,55,58,55,56,59,61
20260804_015555_897cb2,1785805435341817,1165013169,2,2,0,-53,128,0,15,15,15,15,15,15,15,15,15,15,15,16,15,16,17,17,17,17,16,16,16,16,16,15,15,14,0,0,0,0,0,0,0,0,0,0,0,6,6,7,7,8,8,8,9,9,10,9,10,10,10,10,10,10,11,11,12,12,12,13,13,14,14,0,56,57,57,60,57,58,57,59,58,60,61,59,60,60,64,63,64,64,64,64,62,60,59,57,56,53,54,52,0,0,0,0,0,0,0,24,24,26,26,28,30,31,31,34,36,36,38,38,40,41,41,41,43,43,43,46,47,48,47,52,52,52,53
20260804_015555_897cb2,1785805435439459,1165111663,2,2,0,-52,128,0,15,16,16,15,15,16,16,16,16,16,16,16,16,16,16,16,16,16,16,16,16,16,15,14,14,14,0,0,0,0,0,0,0,0,0,0,0,9,9,10,9,10,10,11,12,12,12,13,13,13,13,13,13,13,13,13,14,14,14,15,15,15,15,0,57,58,56,58,56,58,56,55,56,58,58,58,57,58,60,59,60,60,59,59,57,57,54,53,52,51,49,48,0,0,0,0,0,0,0,27,30,30,31,34,36,38,40,41,43,44,46,46,47,48,47,47,51,50,50,51,51,52,52,54,55,55,56
20260804_015555_897cb2,1785805435538849,1165211849,2,2,0,-52,128,0,15,15,15,15,14,14,14,14,15,15,15,15,15,15,16,16,16,16,16,15,15,14,14,14,13,13,0,0,0,0,0,0,0,0,0,0,0,5,6,6,6,7,7,8,9,9,10,11,11,11,11,11,12,12,12,12,13,13,13,14,14,15,14,0,59,58,60,58,59,59,58,58,57,58,59,58,58,58,59,60,58,61,62,60,59,56,55,55,52,52,49,49,0,0,0,0,0,0,0,18,20,21,25,25,27,29,33,35,36,38,39,43,43,44,44,46,46,49,47,49,51,52,52,53,56,57,58
20260804_015555_897cb2,1785805435637055,1165311880,2,2,0,-50,128,0,15,15,15,15,15,15,15,14,14,15,15,15,15,15,15,16,16,16,16,15,15,14,14,14,13,13,0,0,0,0,0,0,0,0,0,0,0,10,10,11,11,12,12,12,12,12,13,13,13,13,13,13,13,13,13,14,14,14,14,14,15,15,14,0,57,60,57,58,55,57,55,55,55,56,57,57,58,58,58,57,58,58,58,59,56,56,57,53,52,51,49,47,0,0,0,0,0,0,0,34,34,36,37,39,41,43,44,45,46,49,49,48,48,51,51,49,52,49,51,52,54,54,53,54,56,55,56
20260804_015555_897cb2,1785805435741654,1165413890,2,2,0,-51,128,0,15,16,15,16,14,14,14,15,14,14,14,14,14,15,15,15,15,15,15,14,14,14,14,14,13,13,0,0,0,0,0,0,0,0,0,0,0,9,9,9,10,11,11,11,12,12,13,13,13,13,13,13,13,13,13,13,13,13,14,14,15,15,15,0,57,55,57,53,56,55,54,54,54,54,54,53,53,56,54,57,55,57,56,55,55,52,50,50,48,49,45,46,0,0,0,0,0,0,0,29,31,32,35,35,39,39,43,43,45,47,47,49,49,50,49,50,51,52,50,54,54,53,53,54,56,57,56
20260804_015555_897cb2,1785805435838354,1165513377,2,2,0,-52,128,0,14,15,14,15,14,14,14,14,14,14,15,15,15,15,16,16,16,15,15,15,15,14,14,14,14,13,0,0,0,0,0,0,0,0,0,0,0,8,8,8,9,9,11,10,11,11,11,12,12,12,12,12,12,12,13,13,13,13,14,14,14,14,14,0,56,58,56,56,56,58,55,55,55,57,57,56,57,57,59,59,59,61,61,59,58,57,56,55,52,51,50,50,0,0,0,0,0,0,0,30,29,31,32,35,35,38,40,41,42,42,45,46,47,47,47,47,49,48,49,49,51,53,52,55,55,55,56
20260804_015555_897cb2,1785805435936562,1165612557,2,2,0,-50,128,0,15,16,15,16,15,15,15,15,16,16,16,15,15,15,16,16,16,16,16,16,16,15,15,14,14,13,0,0,0,0,0,0,0,0,0,0,0,7,8,8,9,10,10,10,11,11,12,12,12,13,13,13,13,13,14,14,14,14,15,15,15,15,15,0,61,60,60,60,59,58,56,57,58,58,58,58,60,58,59,61,59,59,59,58,59,59,56,55,52,53,49,48,0,0,0,0,0,0,0,25,25,27,29,31,33,36,38,40,41,41,42,44,47,48,50,50,50,51,51,52,53,55,56,56,57,59,59
20260804_015555_897cb2,1785805436039193,1165711345,2,2,0,-51,128,0,14,14,14,14,14,14,14,14,14,14,14,14,15,15,15,15,15,15,15,15,14,14,14,13,13,12,0,0,0,0,0,0,0,0,0,0,0,7,8,8,9,9,10,10,11,12,12,12,12,13,13,13,13,13,13,13,13,13,13,13,14,14,14,0,57,58,56,56,55,55,55,54,54,54,54,54,57,56,57,57,57,57,57,56,55,54,54,50,50,49,47,46,0,0,0,0,0,0,0,27,30,31,32,34,37,39,39,41,43,45,47,47,48,49,50,51,50,49,51,51,52,53,55,55,55,57,56
20260804_015555_897cb2,1785805436135977,1165811322,2,2,0,-56,128,0,14,16,15,16,15,16,16,16,16,16,16,17,17,18,18,18,18,18,19,18,18,18,17,16,16,16,0,0,0,0,0,0,0,0,0,0,0,3,3,4,4,4,5,5,6,6,7,7,8,9,9,9,9,10,10,11,11,12,13,13,14,15,15,0,29,31,30,32,30,31,32,32,31,34,33,33,33,33,35,35,36,35,36,35,36,34,34,34,33,31,32,31,0,0,0,0,0,0,0,5,6,6,6,7,6,9,9,11,10,12,13,15,16,17,18,18,20,19,21,21,22,23,25,26,26,28,28
20260804_015555_897cb2,1785805436239506,1165912157,2,2,0,-53,128,0,15,16,15,16,15,15,15,15,15,15,15,15,15,15,16,16,16,16,16,16,16,15,15,15,14,14,0,0,0,0,0,0,0,0,0,0,0,9,9,10,10,11,11,11,12,12,12,13,13,13,13,13,13,13,13,13,14,14,14,14,14,15,15,0,57,56,57,56,55,55,56,55,56,55,55,56,57,59,59,60,59,59,59,59,58,56,54,54,52,53,48,49,0,0,0,0,0,0,0,31,32,34,35,35,37,38,40,41,44,46,45,46,48,46,48,49,47,50,48,49,50,50,52,53,53,54,55
20260804_015555_897cb2,1785805436336694,1166011966,2,2,0,-52,128,0,15,15,16,15,15,15,15,15,15,14,15,15,15,15,15,15,15,16,15,15,15,14,14,14,13,13,0,0,0,0,0,0,0,0,0,0,0,11,11,11,12,12,12,12,13,13,13,13,13,13,13,14,13,14,13,14,14,14,14,14,15,15,15,0,55,57,56,56,55,55,55,53,54,54,55,55,55,55,56,57,58,57,57,56,55,54,53,51,50,48,46,46,0,0,0,0,0,0,0,36,38,38,39,40,42,45,45,48,46,48,49,49,49,50,49,49,49,50,50,52,52,52,54,53,54,55,54
20260804_015555_897cb2,1785805436440559,1166112292,2,2,0,-53,128,0,15,15,15,15,15,15,15,15,14,14,14,14,14,15,15,15,15,15,14,14,15,15,14,14,13,13,0,0,0,0,0,0,0,0,0,0,0,10,11,11,12,12,12,12,13,13,13,13,13,13,13,13,13,14,13,14,14,14,14,14,15,15,15,0,55,56,53,55,55,53,54,51,53,54,54,53,54,54,54,55,56,56,56,55,53,51,50,49,47,46,45,43,0,0,0,0,0,0,0,35,38,37,40,40,41,45,46,47,49,50,51,50,50,50,51,51,50,51,51,51,53,52,53,53,55,53,56
20260804_015555_897cb2,1785805436538406,1166211928,2,2,0,-52,128,0,15,15,15,15,14,14,14,14,14,13,13,13,13,13,13,13,13,13,12,12,12,11,11,11,10,10,0,0,0,0,0,0,0,0,0,0,0,12,13,13,14,14,14,15,16,16,16,16,16,16,16,16,16,16,16,16,15,15,16,15,15,15,15,0,57,56,55,55,53,52,51,50,51,49,49,48,48,48,48,48,48,48,48,47,46,44,42,41,38,38,37,37,0,0,0,0,0,0,0,42,43,46,48,49,50,52,54,56,57,59,59,59,59,60,59,60,59,58,58,58,59,60,58,59,58,58,59
20260804_015555_897cb2,1785805436636267,1166311987,2,2,0,-54,128,0,16,16,15,15,14,14,14,14,13,13,13,13,12,12,12,12,12,11,12,11,11,11,10,10,9,9,0,0,0,0,0,0,0,0,0,0,0,13,13,14,14,15,15,16,16,17,17,18,18,18,18,18,17,17,18,17,17,17,17,17,17,17,17,0,56,58,54,53,53,53,50,50,46,47,45,45,43,43,43,42,43,40,40,38,37,36,35,34,32,33,30,29,0,0,0,0,0,0,0,41,42,43,46,49,49,53,55,57,61,60,64,62,61,63,64,61,64,61,61,61,62,61,60,59,61,60,59
20260804_015555_897cb2,1785805436740073,1166411572,2,2,0,-53,128,0,15,15,14,14,14,13,13,13,12,12,12,13,11,12,12,12,12,12,11,11,10,10,10,10,9,9,0,0,0,0,0,0,0,0,0,0,0,13,13,14,14,15,15,15,16,16,17,16,17,17,16,16,16,16,15,16,15,15,16,15,16,16,16,0,27,26,26,25,25,24,23,22,23,22,22,21,21,21,21,21,21,21,20,20,19,19,17,18,17,17,16,15,0,0,0,0,0,0,0,21,22,23,24,25,26,27,28,30,29,30,30,31,30,30,30,30,29,29,29,28,30,29,29,28,29,29,28
20260804_015555_897cb2,1785805436839746,1166511296,2,2,0,-55,128,0,15,16,15,14,14,14,13,13,13,12,12,11,12,11,12,11,11,11,11,10,10,9,9,9,8,8,0,0,0,0,0,0,0,0,0,0,0,13,14,14,15,16,16,17,17,17,18,18,18,18,17,17,17,17,17,16,17,17,17,16,17,16,16,0,28,28,27,27,26,26,25,23,22,23,22,21,21,20,21,21,20,20,19,19,17,17,16,16,15,15,14,15,0,0,0,0,0,0,0,23,23,24,24,26,27,28,29,30,31,31,32,32,32,32,32,30,30,30,30,31,31,30,30,29,30,29,29
20260804_015555_897cb2,1785805436954723,1166630042,2,2,0,-53,128,0,14,14,14,13,14,14,12,12,11,12,10,10,10,10,10,10,10,10,9,9,9,9,9,8,7,8,0,0,0,0,0,0,0,0,0,0,0,13,14,14,15,15,16,16,17,17,18,17,17,17,17,16,16,16,16,16,16,16,16,16,15,15,14,0,54,54,52,50,47,53,46,43,44,42,42,40,39,38,39,39,38,37,36,34,33,32,31,31,28,27,27,26,0,0,0,0,0,0,0,48,49,51,52,56,57,59,61,64,66,66,65,65,64,65,64,61,63,62,60,60,59,59,60,59,59,58,57
20260804_015555_897cb2,1785805437069116,1166745314,2,2,0,-55,128,0,16,16,15,15,13,13,13,13,12,12,11,11,11,11,11,10,11,9,9,9,9,8,8,8,8,6,0,0,0,0,0,0,0,0,0,0,0,15,14,16,16,18,17,18,19,19,19,19,20,19,18,18,19,18,18,18,17,17,18,17,16,16,16,0,27,27,25,25,24,23,23,21,22,21,21,19,19,19,18,18,17,17,16,16,16,14,13,13,13,12,11,11,0,0,0,0,0,0,0,24,25,25,26,28,29,30,30,33,32,33,34,34,34,34,32,33,32,32,31,31,31,30,30,30,30,29,28
20260804_015555_897cb2,1785805437138424,1166813761,2,2,0,-52,128,0,16,16,16,15,14,14,14,13,13,13,12,12,12,11,11,11,11,11,11,10,9,9,9,8,8,8,0,0,0,0,0,0,0,0,0,0,0,15,15,16,17,17,17,17,18,19,19,19,19,19,19,18,18,18,18,18,17,17,17,17,17,17,17,0,28,27,27,26,25,24,23,22,22,22,21,21,20,20,19,19,19,19,18,17,17,17,15,15,14,13,13,13,0,0,0,0,0,0,0,23,25,25,27,28,29,30,30,32,33,33,33,33,33,33,33,33,32,32,31,31,30,30,30,30,30,29,30
20260804_015555_897cb2,1785805437241415,1166912702,2,2,0,-53,128,0,16,16,16,15,14,13,13,13,13,12,12,12,11,11,11,12,11,11,11,10,10,9,9,9,8,9,0,0,0,0,0,0,0,0,0,0,0,13,13,14,16,16,16,16,17,18,18,18,18,18,18,18,18,18,17,18,17,17,18,17,17,18,16,0,57,56,55,52,52,50,47,47,45,43,43,42,42,40,38,39,37,37,36,35,34,33,30,30,29,30,26,24,0,0,0,0,0,0,0,44,47,48,50,51,53,55,56,58,61,62,61,61,63,63,63,63,61,63,60,62,61,62,62,59,60,60,59
20260804_015555_897cb2,1785805437338667,1167011835,2,2,0,-50,128,0,15,14,14,14,14,13,12,12,12,12,12,12,11,11,11,11,11,11,10,10,10,10,9,9,8,8,0,0,0,0,0,0,0,0,0,0,0,11,11,12,12,13,13,14,14,15,15,15,16,16,16,16,16,16,16,16,16,15,15,15,15,15,15,0,59,57,55,56,52,52,51,49,48,47,45,44,44,44,45,43,44,43,42,40,39,37,36,35,33,31,32,29,0,0,0,0,0,0,0,38,39,42,43,48,49,52,51,54,57,60,59,58,61,62,59,62,59,59,60,59,60,61,60,61,63,62,59
20260804_015555_897cb2,1785805437435506,1167111734,2,2,0,-51,128,0,16,16,16,15,15,15,14,14,14,13,13,12,12,12,12,11,11,11,11,10,10,10,9,9,9,9,0,0,0,0,0,0,0,0,0,0,0,12,12,13,14,15,15,16,16,16,16,17,17,17,17,17,17,17,17,17,17,17,17,17,17,17,17,0,59,60,59,56,55,54,53,50,49,48,46,47,46,45,43,43,42,41,41,38,39,36,34,33,31,30,28,27,0,0,0,0,0,0,0,41,42,44,45,47,50,52,54,56,59,60,61,61,63,63,63,63,62,62,60,62,63,61,64,62,61,64,61
20260804_015555_897cb2,1785805437539720,1167211913,2,2,0,-52,128,0,16,16,16,15,15,14,14,14,14,14,14,14,13,14,13,14,13,13,13,12,12,12,11,11,11,10,0,0,0,0,0,0,0,0,0,0,0,11,11,11,13,13,13,14,15,15,16,16,16,16,16,16,16,16,16,16,16,16,16,16,16,16,16,0,57,59,57,55,55,54,53,52,51,52,50,48,49,48,49,48,48,47,45,46,44,41,41,39,39,36,35,33,0,0,0,0,0,0,0,36,38,40,42,44,45,47,50,52,53,56,57,56,58,57,58,58,59,57,59,58,59,60,58,60,60,60,60
20260804_015555_897cb2,1785805437638443,1167311646,2,2,0,-54,128,0,15,16,15,15,14,14,14,13,13,13,13,13,13,12,13,12,12,12,12,12,12,11,11,11,10,10,0,0,0,0,0,0,0,0,0,0,0,12,12,13,13,14,15,15,16,16,16,16,17,16,16,17,17,16,16,16,16,16,16,16,16,16,16,0,29,29,27,29,26,26,26,25,26,25,25,24,23,23,23,23,23,22,22,22,22,21,21,20,19,19,18,18,0,0,0,0,0,0,0,21,21,22,23,25,25,26,27,28,29,30,31,30,30,31,31,30,31,30,31,29,30,30,30,30,30,30,30
20260804_015555_897cb2,1785805437736038,1167411612,2,2,0,-54,128,0,15,15,15,15,14,14,14,13,13,13,12,12,12,12,12,12,11,11,11,11,11,10,10,9,9,9,0,0,0,0,0,0,0,0,0,0,0,13,13,15,15,15,16,17,17,17,18,17,17,17,17,17,17,17,17,17,17,17,17,17,16,16,16,0,56,56,54,53,50,50,48,47,45,46,45,42,44,42,44,41,43,40,40,39,38,36,35,34,34,33,31,31,0,0,0,0,0,0,0,42,46,46,47,51,52,57,55,60,61,64,65,65,64,64,65,62,64,62,62,61,61,62,62,61,58,59,56
20260804_015555_897cb2,1785805437840062,1167514257,2,2,0,-52,128,0,16,16,16,15,15,14,14,13,13,13,13,13,13,13,12,12,12,12,11,11,11,10,10,9,9,9,0,0,0,0,0,0,0,0,0,0,0,13,14,14,16,16,16,17,17,17,17,17,18,18,18,18,18,18,17,17,17,17,17,17,17,17,17,0,58,57,57,53,53,52,50,47,46,45,46,45,44,44,41,43,40,40,38,38,37,35,34,32,30,30,28,27,0,0,0,0,0,0,0,43,45,47,49,50,55,55,58,59,60,63,62,62,63,63,64,64,62,64,61,64,63,63,61,60,60,61,60
20260804_015555_897cb2,1785805437939014,1167612398,2,2,0,-53,128,0,15,15,14,13,12,11,12,11,11,10,10,9,9,9,9,9,8,7,9,7,6,6,6,5,6,5,0,0,0,0,0,0,0,0,0,0,0,12,12,13,13,14,14,14,15,15,15,15,15,15,15,15,15,15,15,15,15,16,16,16,16,16,16,0,58,57,55,51,51,48,51,44,44,43,38,41,42,34,36,36,38,37,28,32,25,28,26,21,24,22,18,19,0,0,0,0,0,0,0,41,42,45,46,49,53,54,57,59,61,63,65,63,64,63,65,64,63,63,63,62,61,63,63,62,64,63,62
20260804_015555_897cb2,1785805438037742,1167711751,2,2,0,-53,128,0,16,15,14,15,13,13,13,12,12,12,12,11,10,9,10,9,9,10,9,7,7,7,7,6,6,5,0,0,0,0,0,0,0,0,0,0,0,12,12,13,13,14,14,15,15,16,16,16,16,16,16,16,17,16,16,16,17,16,16,16,16,16,16,0,30,29,30,27,26,26,24,22,23,23,24,21,21,24,19,18,22,16,17,16,16,14,13,10,11,11,9,10,0,0,0,0,0,0,0,20,21,22,23,24,26,27,28,29,30,31,31,31,31,31,32,31,30,31,32,31,31,31,31,31,31,31,31
20260804_015555_897cb2,1785805438136308,1167811742,2,2,0,-53,128,0,16,16,15,14,14,13,13,12,12,11,11,11,10,10,10,9,9,8,8,8,7,7,6,6,5,5,0,0,0,0,0,0,0,0,0,0,0,13,13,14,15,15,16,16,17,17,18,18,18,18,18,18,18,18,18,18,18,18,17,18,17,17,17,0,31,30,29,27,26,25,24,22,22,21,21,19,19,18,18,17,16,15,15,14,13,11,11,10,10,9,8,8,0,0,0,0,0,0,0,22,23,24,25,27,28,28,29,31,32,33,33,34,34,33,33,33,34,33,33,33,33,33,33,33,33,32,33
20260804_015555_897cb2,1785805438240734,1167914225,2,2,0,-53,128,0,16,16,15,14,14,13,13,12,12,11,11,10,10,10,9,9,8,8,8,7,6,6,6,5,5,4,0,0,0,0,0,0,0,0,0,0,0,12,12,13,13,14,14,15,15,16,16,16,16,17,17,17,16,17,16,17,17,17,17,16,16,17,16,0,32,30,30,28,27,27,25,24,22,22,21,21,19,19,17,17,16,16,15,13,12,11,11,9,9,8,7,7,0,0,0,0,0,0,0,21,22,23,24,25,26,27,28,29,30,32,31,32,32,32,33,33,32,33,32,34,34,33,33,33,33,33,32
20260804_015555_897cb2,1785805438342726,1168015937,2,2,0,-52,128,0,17,16,16,16,15,14,14,13,13,13,13,11,11,11,11,11,10,10,9,9,9,9,8,8,7,7,0,0,0,0,0,0,0,0,0,0,0,11,12,12,14,14,15,15,16,16,16,17,17,17,17,17,17,17,17,16,17,17,17,17,17,17,17,0,30,29,28,29,27,26,25,24,24,24,23,21,21,20,21,20,19,18,18,17,16,15,15,14,12,12,11,10,0,0,0,0,0,0,0,19,20,20,21,23,24,26,26,28,28,29,31,31,31,31,31,30,31,31,31,31,30,31,30,31,31,31,30
20260804_015555_897cb2,1785805438441242,1168111655,2,2,0,-51,128,0,17,17,17,16,16,15,15,15,14,13,13,14,13,13,13,13,13,13,13,11,11,11,11,10,10,9,0,0,0,0,0,0,0,0,0,0,0,12,13,13,14,14,15,16,16,17,16,17,17,17,17,18,17,18,17,18,18,17,18,17,18,17,18,0,60,58,58,54,53,53,51,51,47,47,47,46,46,46,43,44,43,42,42,38,38,37,35,34,32,31,30,29,0,0,0,0,0,0,0,38,39,41,43,45,48,49,52,53,56,58,58,59,60,59,60,59,58,60,60,59,59,61,61,60,60,59,60
20260804_015555_897cb2,1785805438539501,1168213603,2,2,0,-53,128,0,16,16,15,15,15,14,14,14,14,14,14,14,13,14,13,14,14,14,13,13,13,12,12,11,11,11,0,0,0,0,0,0,0,0,0,0,0,9,9,11,11,12,12,12,13,13,15,14,14,14,14,14,15,14,15,15,15,16,15,15,16,16,16,0,58,59,56,55,55,52,54,52,52,52,52,53,51,50,52,49,51,50,48,49,49,45,46,43,42,41,39,39,0,0,0,0,0,0,0,32,34,35,37,39,42,44,44,47,49,54,52,54,54,55,54,54,56,53,57,56,56,57,59,58,59,59,58
20260804_015555_897cb2,1785805438637504,1168311493,2,2,0,-52,128,0,16,16,16,16,16,16,16,15,15,16,16,16,16,16,16,16,16,16,16,16,15,15,14,14,13,13,0,0,0,0,0,0,0,0,0,0,0,7,7,8,8,8,10,10,11,11,11,12,13,13,13,13,14,14,14,14,14,14,14,16,16,16,16,0,61,59,60,58,59,57,57,56,57,56,58,57,58,59,57,60,58,60,59,57,58,55,53,53,51,51,47,48,0,0,0,0,0,0,0,24,25,27,30,30,33,34,37,38,39,42,42,45,45,46,48,50,50,51,51,54,53,54,56,55,57,59,60
20260804_015555_897cb2,1785805438736480,1168411541,2,2,0,-51,128,0,16,16,16,16,16,15,16,15,15,15,16,15,15,16,16,16,16,16,16,15,15,15,14,14,14,13,0,0,0,0,0,0,0,0,0,0,0,8,8,9,9,10,10,11,11,12,12,12,13,13,13,13,14,14,14,14,14,15,15,15,16,16,16,0,61,59,61,58,59,57,58,56,58,57,57,56,56,60,57,60,58,59,57,56,56,55,52,50,51,50,45,47,0,0,0,0,0,0,0,26,27,29,30,30,34,35,37,39,40,43,44,46,47,47,49,51,50,52,51,53,53,54,56,57,56,59,61
20260804_015555_897cb2,1785805438840906,1168511678,2,2,0,-51,128,0,15,16,16,15,15,15,15,15,15,15,15,15,15,16,15,15,16,16,15,15,15,14,14,14,13,14,0,0,0,0,0,0,0,0,0,0,0,10,10,10,11,11,11,11,12,12,13,14,14,14,14,14,14,14,14,15,14,14,15,15,15,15,15,0,58,57,59,58,58,57,57,57,56,56,56,57,57,59,56,57,57,58,57,57,55,54,52,51,51,48,46,46,0,0,0,0,0,0,0,33,35,36,37,38,40,41,42,43,44,45,47,47,48,48,49,49,49,51,51,53,54,54,55,54,56,57,57
20260804_015555_897cb2,1785805438940156,1168611656,2,2,0,-54,128,0,14,14,15,14,14,15,15,14,15,16,16,16,16,16,17,17,18,18,18,17,17,17,17,17,17,16,0,0,0,0,0,0,0,0,0,0,0,9,9,10,10,10,10,10,10,10,10,10,11,11,11,11,11,11,11,11,11,11,12,12,13,13,14,0,52,53,53,53,54,56,54,56,56,59,59,60,61,63,64,64,65,66,67,67,65,67,64,62,62,60,59,59,0,0,0,0,0,0,0,32,32,34,34,35,36,35,36,37,37,37,38,38,38,39,39,39,39,39,41,42,42,43,45,45,47,48,49
20260804_015555_897cb2,1785805439038638,1168711133,2,2,0,-52,128,0,14,14,14,14,14,14,14,15,15,15,15,15,15,15,16,16,16,16,16,16,16,16,16,15,15,14,0,0,0,0,0,0,0,0,0,0,0,9,9,10,10,11,11,11,11,11,12,12,12,12,12,12,12,12,12,12,13,13,13,13,14,14,14,0,55,57,55,57,56,56,55,55,56,58,57,58,59,59,61,60,62,62,62,63,61,62,58,57,56,56,55,53,0,0,0,0,0,0,0,32,33,35,36,39,38,40,40,42,42,43,45,44,45,44,47,45,46,44,47,48,50,49,50,51,52,53,53
20260804_015555_897cb2,1785805439137315,1168811334,2,2,0,-51,128,0,14,15,15,15,14,14,15,15,14,15,15,15,15,15,16,16,16,16,16,16,16,15,15,14,14,13,0,0,0,0,0,0,0,0,0,0,0,8,8,8,9,9,9,9,10,10,10,11,11,11,11,11,12,11,12,12,12,13,13,13,14,14,14,0,55,58,56,56,56,57,56,56,57,58,58,57,60,60,62,62,62,62,62,61,61,58,58,56,55,53,52,51,0,0,0,0,0,0,0,29,28,31,33,33,34,35,37,38,39,41,42,43,42,43,43,43,45,45,47,47,47,49,50,52,53,54,54
20260804_015555_897cb2,1785805439236099,1168911990,2,2,0,-53,128,0,14,16,16,16,16,16,16,16,16,16,16,17,17,17,17,17,17,18,18,18,18,17,17,17,17,17,0,0,0,0,0,0,0,0,0,0,0,9,9,10,10,10,10,10,10,10,10,10,11,11,10,11,11,11,11,12,13,12,13,13,14,14,14,0,55,56,55,56,56,57,57,58,58,60,61,61,62,64,67,65,66,68,66,66,66,64,63,61,60,60,58,57,0,0,0,0,0,0,0,33,35,34,35,35,36,36,37,37,38,38,37,38,38,38,38,40,42,42,42,43,45,46,47,48,50,51,52
20260804_015555_897cb2,1785805439335566,1169011610,2,2,0,-54,128,0,15,15,15,15,15,16,16,16,16,17,17,16,17,17,17,17,18,18,18,18,17,17,17,17,16,16,0,0,0,0,0,0,0,0,0,0,0,6,5,6,6,6,6,6,7,7,7,8,8,8,9,9,9,10,10,11,12,12,12,13,13,14,14,0,56,57,60,59,61,60,61,61,60,63,65,63,64,67,66,69,68,70,70,69,68,67,65,65,63,61,60,58,0,0,0,0,0,0,0,20,20,21,21,19,22,22,23,24,25,27,27,31,30,33,34,36,36,40,40,42,45,44,47,48,51,53,54
20260804_015555_897cb2,1785805439457520,1169133755,2,2,0,-53,128,0,16,17,16,17,16,16,15,15,15,16,15,16,16,16,16,16,16,16,16,15,15,14,14,14,14,13,0,0,0,0,0,0,0,0,0,0,0,9,9,9,9,10,10,11,11,12,12,13,13,14,13,13,14,14,14,14,15,15,15,16,16,16,16,0,60,60,59,60,60,59,59,58,58,58,59,57,57,57,57,58,58,58,57,56,55,51,52,51,49,48,46,45,0,0,0,0,0,0,0,27,28,30,30,32,33,34,37,38,41,43,46,45,44,47,48,49,50,51,51,54,54,55,55,57,58,58,59
20260804_015555_897cb2,1785805439572970,1169245009,2,2,0,-55,128,0,16,16,16,16,16,16,16,15,15,15,15,16,16,16,16,17,17,17,17,16,16,16,15,15,14,14,0,0,0,0,0,0,0,0,0,0,0,8,9,9,10,10,10,11,11,11,11,12,12,12,12,12,12,13,13,13,13,14,15,15,15,15,16,0,59,61,61,60,58,60,59,59,59,61,59,60,60,60,62,61,63,60,62,61,61,60,57,55,55,51,50,49,0,0,0,0,0,0,0,29,29,30,30,33,36,35,38,39,39,42,43,42,45,46,46,47,48,48,50,49,51,51,53,56,55,57,58
20260804_015555_897cb2,1785805439637322,1169311675,2,2,0,-56,128,0,16,16,16,15,15,15,14,14,14,13,14,14,14,14,14,14,14,15,15,14,14,14,14,13,13,13,0,0,0,0,0,0,0,0,0,0,0,10,11,12,12,13,13,13,14,14,14,15,15,15,15,15,15,15,15,16,15,16,16,15,16,15,16,0,57,57,56,56,55,52,53,52,51,51,51,52,52,52,52,51,53,53,51,51,52,50,50,51,48,46,46,44,0,0,0,0,0,0,0,36,38,38,39,41,42,45,47,49,51,51,55,53,53,55,55,55,54,55,55,56,56,56,59,56,54,59,57
20260804_015555_897cb2,1785805439734930,1169413176,2,2,0,-53,128,0,15,15,15,14,12,12,11,10,9,9,9,9,8,8,7,6,5,5,4,4,3,3,2,2,1,1,0,0,0,0,0,0,0,0,0,0,0,14,15,16,17,17,18,18,19,20,20,20,20,19,19,19,18,19,18,19,18,18,18,17,18,17,17,0,28,28,26,24,23,23,21,20,18,17,17,15,14,13,12,11,10,9,8,7,5,5,4,3,3,2,2,2,0,0,0,0,0,0,0,25,26,27,29,30,31,33,33,34,36,37,37,37,36,37,37,37,36,35,35,34,34,34,34,32,32,31,30
20260804_015555_897cb2,1785805439839925,1169511564,2,2,0,-49,128,0,16,16,15,15,14,14,14,13,12,12,12,11,11,11,11,10,10,9,9,9,8,7,7,6,6,5,0,0,0,0,0,0,0,0,0,0,0,14,15,16,16,17,17,18,18,19,19,19,19,19,19,18,19,18,19,17,18,17,17,17,17,17,16,0,29,28,29,25,26,25,24,22,21,21,20,20,20,20,18,17,16,17,16,15,13,13,12,11,10,9,8,8,0,0,0,0,0,0,0,23,24,24,26,26,29,30,31,32,32,33,32,34,34,33,32,33,31,32,30,33,31,31,31,30,31,30,29
20260804_015555_897cb2,1785805439938563,1169612851,2,2,0,-47,128,0,15,15,14,14,13,13,13,12,12,11,11,10,10,10,10,10,9,9,9,9,8,8,7,7,6,6,0,0,0,0,0,0,0,0,0,0,0,14,14,14,15,16,17,18,18,18,18,18,18,18,18,17,17,17,17,17,17,17,17,16,16,16,16,0,27,25,26,25,23,23,22,20,20,20,19,18,18,18,18,18,18,17,17,16,15,14,13,12,12,12,10,9,0,0,0,0,0,0,0,22,22,23,25,26,28,28,29,30,31,31,32,33,33,32,32,31,31,31,30,31,30,29,29,28,28,28,27
20260804_015555_897cb2,1785805440035830,1169711975,2,2,0,-47,128,0,15,15,14,14,13,13,12,12,12,11,11,11,10,9,9,9,9,9,9,9,8,8,7,7,7,6,0,0,0,0,0,0,0,0,0,0,0,15,15,17,17,17,17,19,19,19,19,19,20,18,19,18,18,18,18,18,17,17,17,17,16,16,16,0,27,26,24,24,23,23,21,20,20,19,18,18,17,17,17,17,16,16,16,15,14,14,13,13,12,11,11,11,0,0,0,0,0,0,0,24,25,26,27,28,29,30,31,32,33,34,34,34,33,33,33,32,32,31,30,30,30,31,29,29,29,29,27
20260804_015555_897cb2,1785805440139125,1169811012,2,2,0,-46,128,0,14,14,14,13,12,12,12,11,11,11,11,11,10,10,10,10,10,9,9,9,8,8,8,7,7,7,0,0,0,0,0,0,0,0,0,0,0,13,14,14,15,15,16,17,17,17,17,17,17,17,17,17,17,15,15,15,15,15,16,15,15,15,15,0,28,26,26,25,25,24,22,22,21,21,20,20,20,20,19,19,19,18,18,17,17,16,15,15,14,14,12,13,0,0,0,0,0,0,0,23,24,25,26,27,29,30,30,31,32,33,33,32,32,32,31,31,31,30,30,30,29,29,29,29,28,28,28
20260804_015555_897cb2,1785805440236100,1169911829,2,2,0,-46,128,0,16,15,15,14,13,14,13,13,13,13,12,12,12,12,12,11,11,11,11,11,11,10,10,10,10,9,0,0,0,0,0,0,0,0,0,0,0,13,14,15,15,16,16,17,18,18,18,18,18,17,17,17,17,16,16,16,16,16,16,16,16,16,16,0,54,55,52,51,51,51,47,48,44,45,43,42,43,42,43,41,41,41,40,40,38,38,37,36,34,33,32,32,0,0,0,0,0,0,0,45,46,47,48,52,54,56,59,61,62,61,62,62,62,63,60,60,60,59,60,59,58,59,59,57,57,57,55
20260804_015555_897cb2,1785805440340228,1170011380,2,2,0,-50,128,0,16,16,16,14,14,14,13,13,13,12,12,11,11,11,11,11,11,10,10,9,9,9,8,8,7,7,0,0,0,0,0,0,0,0,0,0,0,14,14,14,16,16,17,17,17,17,17,18,18,17,18,17,17,17,17,17,17,17,17,17,17,17,17,0,58,56,56,52,53,52,50,48,47,45,44,42,42,41,41,41,38,37,37,35,34,31,31,28,28,28,26,24,0,0,0,0,0,0,0,49,49,51,54,57,58,60,61,62,64,65,64,65,65,65,64,66,64,61,62,62,62,63,62,61,60,61,57
20260804_015555_897cb2,1785805440437920,1170111345,2,2,0,-50,128,0,16,16,16,15,15,14,14,13,13,12,12,11,11,12,10,11,10,9,10,9,9,8,7,7,7,7,0,0,0,0,0,0,0,0,0,0,0,15,16,16,17,17,18,19,18,18,18,19,19,18,18,18,18,18,18,17,17,17,17,16,16,16,16,0,29,29,27,27,25,25,23,22,22,21,22,21,20,19,19,18,18,17,17,17,15,14,14,13,13,12,12,10,0,0,0,0,0,0,0,25,26,27,27,28,29,31,32,33,32,34,33,32,32,33,33,33,32,32,32,31,31,31,32,30,32,30,30
20260804_015555_897cb2,1785805440537684,1170211371,2,2,0,-50,128,0,16,16,15,15,14,14,13,13,12,12,11,11,11,11,10,10,10,10,9,9,9,8,8,7,7,6,0,0,0,0,0,0,0,0,0,0,0,14,15,16,16,16,17,18,18,18,18,18,18,18,18,18,18,18,17,17,17,17,17,17,17,17,16,0,28,27,27,26,25,24,23,22,22,21,20,20,21,19,19,17,17,16,16,15,15,14,14,13,12,11,10,10,0,0,0,0,0,0,0,24,24,25,26,26,28,29,30,31,32,32,32,33,32,32,32,32,32,32,31,31,30,31,31,30,30,30,29
20260804_015555_897cb2,1785805440636293,1170311853,2,2,0,-51,128,0,16,14,14,14,12,12,11,11,11,11,10,9,9,8,8,8,8,6,6,6,6,6,6,4,4,4,0,0,0,0,0,0,0,0,0,0,0,15,16,17,17,18,18,19,20,20,20,19,20,20,19,19,19,18,18,17,17,17,17,17,17,17,16,0,27,26,25,24,22,21,21,19,18,18,18,16,16,15,14,13,13,12,11,11,11,9,9,9,7,6,7,6,0,0,0,0,0,0,0,25,26,26,28,30,31,32,32,34,34,35,35,35,35,35,34,33,34,32,33,32,32,31,30,29,29,29,28
20260804_015555_897cb2,1785805440740207,1170412231,2,2,0,-50,128,0,16,16,16,14,14,14,13,13,12,13,11,11,11,11,11,11,10,10,10,10,9,9,8,8,7,7,0,0,0,0,0,0,0,0,0,0,0,14,14,16,16,18,18,18,18,18,19,19,19,19,19,18,18,18,18,18,18,18,18,18,18,17,17,0,56,54,52,50,50,49,46,44,42,40,40,39,38,39,35,36,35,37,34,32,31,29,28,26,24,24,22,22,0,0,0,0,0,0,0,46,49,50,53,53,58,58,62,64,64,65,66,66,66,68,66,66,64,66,61,64,62,63,61,60,60,62,57
20260804_015555_897cb2,1785805440838533,1170511743,2,2,0,-54,128,0,16,16,14,14,13,13,13,11,11,11,11,10,10,9,9,9,9,9,8,7,7,6,6,5,5,5,0,0,0,0,0,0,0,0,0,0,0,15,15,16,16,17,17,18,18,19,19,19,19,19,19,19,19,19,19,19,18,18,18,18,17,18,17,0,57,54,52,52,48,47,45,42,40,41,39,38,34,32,32,32,30,28,28,25,23,22,21,21,20,18,17,17,0,0,0,0,0,0,0,49,51,52,54,55,59,61,62,64,66,67,69,69,69,69,68,66,68,67,67,64,64,64,63,62,62,60,60
20260804_015555_897cb2,1785805440935800,1170611858,2,2,0,-50,128,0,15,14,14,13,12,12,12,11,11,10,9,9,8,8,8,7,7,7,6,6,5,4,4,4,3,3,0,0,0,0,0,0,0,0,0,0,0,12,12,13,14,15,15,16,16,17,17,17,17,17,17,17,17,17,16,17,17,16,16,16,16,16,16,0,28,27,27,26,24,23,22,22,20,19,19,17,16,16,16,15,13,14,12,12,10,9,8,7,7,7,5,5,0,0,0,0,0,0,0,21,24,24,24,25,27,28,29,30,32,32,33,32,34,32,32,33,33,31,32,32,32,32,31,31,32,31,29
20260804_015555_897cb2,1785805441037593,1170711703,2,2,0,-53,128,0,15,15,14,14,14,13,13,12,11,11,11,11,10,10,9,9,9,9,8,8,8,7,7,6,6,5,0,0,0,0,0,0,0,0,0,0,0,15,15,16,16,16,17,17,18,18,18,17,17,17,17,17,17,17,17,17,17,17,16,16,16,16,16,0,55,57,54,52,50,49,47,45,42,42,40,38,38,35,35,33,35,31,31,28,26,25,23,23,21,20,18,17,0,0,0,0,0,0,0,53,54,55,56,60,62,63,63,65,66,68,69,68,68,67,67,64,66,64,65,65,64,63,63,63,62,61,59
20260804_015555_897cb2,1785805441138706,1170812236,2,2,0,-51,128,0,16,16,16,15,15,14,14,13,13,12,12,11,11,11,10,10,9,9,8,8,8,7,6,6,6,6,0,0,0,0,0,0,0,0,0,0,0,16,16,17,18,19,19,19,20,20,20,20,20,20,19,18,18,19,19,19,19,18,18,18,18,17,17,0,28,27,26,26,25,24,23,21,21,21,21,18,18,18,16,16,16,14,14,14,12,11,11,11,10,9,8,8,0,0,0,0,0,0,0,26,27,28,28,29,30,32,33,33,33,34,34,34,34,33,33,32,32,32,32,31,31,31,30,30,30,30,30
20260804_015555_897cb2,1785805441234640,1170911848,2,2,0,-56,128,0,13,13,12,11,10,8,8,8,6,6,6,4,4,3,3,3,3,4,3,4,4,5,5,6,6,6,0,0,0,0,0,0,0,0,0,0,0,17,18,18,19,19,21,20,21,22,21,21,21,21,21,21,20,20,19,19,17,17,17,16,16,16,14,0,22,22,21,19,18,16,14,13,11,11,8,8,7,6,5,6,6,6,7,7,9,9,10,11,11,12,12,12,0,0,0,0,0,0,0,28,30,29,31,31,35,35,37,38,39,39,39,41,39,38,38,37,36,35,34,34,33,32,30,29,29,27,27
20260804_015555_897cb2,1785805441335960,1171011801,2,2,0,-52,128,0,15,15,15,14,13,13,12,12,11,11,10,10,9,9,9,8,8,8,7,7,7,6,5,5,5,4,0,0,0,0,0,0,0,0,0,0,0,15,15,16,17,17,18,18,19,19,19,19,19,19,18,18,18,18,17,18,17,17,17,17,17,17,16,0,28,27,26,25,23,23,22,21,20,19,19,18,17,17,16,16,16,14,14,13,12,12,10,9,9,8,8,7,0,0,0,0,0,0,0,25,25,26,28,29,30,31,32,32,34,34,35,34,34,35,33,34,33,32,31,32,31,32,31,30,30,30,29
20260804_015555_897cb2,1785805441438934,1171114355,2,2,0,-54,128,0,15,14,14,13,12,12,11,11,10,9,9,8,7,7,7,6,6,4,4,4,3,2,2,1,1,1,0,0,0,0,0,0,0,0,0,0,0,15,16,16,17,17,18,18,19,19,19,19,19,19,19,19,19,18,18,17,18,17,17,17,17,16,16,0,27,26,25,24,23,21,21,19,18,17,16,15,14,12,12,11,10,9,9,8,7,5,4,4,2,2,1,1,0,0,0,0,0,0,0,25,27,27,28,29,30,31,32,32,34,35,35,35,35,35,35,34,34,33,32,32,33,31,31,31,30,30,29
20260804_015555_897cb2,1785805441538068,1171213646,2,2,0,-49,128,0,16,16,14,14,14,14,13,13,12,11,11,10,11,10,10,9,9,9,9,8,7,7,6,6,6,5,0,0,0,0,0,0,0,0,0,0,0,15,15,16,16,17,17,19,19,19,19,20,20,19,19,19,19,18,18,18,18,18,18,18,18,17,17,0,28,29,26,26,25,24,23,22,22,21,19,18,18,17,17,17,16,16,15,14,12,12,11,10,10,9,8,7,0,0,0,0,0,0,0,24,25,25,27,29,29,31,32,32,33,34,34,34,34,34,34,33,34,33,32,32,32,33,32,30,31,31,30
20260804_015555_897cb2,1785805441636942,1171311612,2,2,0,-52,128,0,14,14,13,13,12,12,11,11,10,10,9,9,9,8,8,8,8,6,6,6,6,6,4,4,4,4,0,0,0,0,0,0,0,0,0,0,0,13,14,14,15,16,16,17,17,17,17,17,17,17,17,16,17,16,16,16,16,16,16,16,15,15,15,0,28,27,25,24,24,22,21,21,20,19,18,18,17,16,16,16,15,13,13,13,11,11,9,9,9,8,7,7,0,0,0,0,0,0,0,23,24,25,26,28,29,30,31,32,32,34,33,34,33,34,33,33,32,31,31,31,31,31,31,30,29,29,29
20260804_015555_897cb2,1785805441734959,1171411696,2,2,0,-50,128,0,15,14,14,14,13,13,13,12,11,11,11,11,10,10,10,9,9,9,8,8,8,7,6,6,6,6,0,0,0,0,0,0,0,0,0,0,0,13,13,15,15,16,16,16,17,17,17,17,17,17,17,17,17,17,16,16,16,16,16,16,16,16,16,0,55,55,53,52,50,49,48,45,45,43,43,39,39,38,37,37,34,35,33,33,30,29,26,27,26,25,22,21,0,0,0,0,0,0,0,49,51,51,55,54,59,58,61,63,63,64,64,64,64,63,63,63,61,62,59,64,59,60,59,59,59,60,59
20260804_015555_897cb2,1785805441838554,1171511690,2,2,0,-52,128,0,16,16,16,14,14,13,13,12,12,12,11,11,11,11,11,10,10,10,9,9,8,8,8,8,7,7,0,0,0,0,0,0,0,0,0,0,0,14,14,15,16,16,17,17,17,18,18,18,18,17,18,17,17,17,17,17,17,17,17,17,17,16,16,0,29,29,28,27,26,26,25,24,22,22,21,21,20,20,19,19,19,17,17,16,16,14,15,14,13,13,12,10,0,0,0,0,0,0,0,23,25,25,26,28,28,29,31,32,32,33,34,34,34,33,33,33,32,31,32,32,32,32,33,30,31,31,30
20260804_015555_897cb2,1785805441937383,1171611604,2,2,0,-52,128,0,16,15,15,13,13,13,12,12,12,11,10,10,10,9,9,9,9,8,7,7,7,6,5,5,5,4,0,0,0,0,0,0,0,0,0,0,0,15,15,17,17,17,18,18,19,19,19,19,19,19,19,18,18,18,18,17,17,17,17,17,17,17,17,0,27,27,26,24,22,22,21,21,20,20,19,18,17,17,16,16,14,14,13,13,11,11,9,9,8,8,8,7,0,0,0,0,0,0,0,24,26,26,27,28,29,31,32,33,34,34,35,34,33,33,33,33,32,32,31,32,31,30,29,30,29,28,28
20260804_015555_897cb2,1785805442040620,1171712382,2,2,0,-51,128,0,16,15,14,13,13,13,13,12,12,11,11,10,10,10,9,9,8,7,7,6,6,6,5,4,4,4,0,0,0,0,0,0,0,0,0,0,0,14,14,14,15,16,16,17,17,18,17,18,18,18,18,17,17,17,17,17,17,17,17,17,17,17,17,0,29,27,27,25,24,23,22,21,20,19,19,18,18,17,17,16,15,14,14,12,12,10,9,8,8,7,7,5,0,0,0,0,0,0,0,22,23,24,25,25,28,29,29,30,31,32,33,33,33,33,33,33,32,32,31,32,31,31,31,30,30,30,29
20260804_015555_897cb2,1785805442138781,1171815031,2,2,0,-51,128,0,16,15,15,14,14,13,13,12,12,12,12,11,11,11,10,11,10,10,9,9,9,8,8,7,7,7,0,0,0,0,0,0,0,0,0,0,0,16,16,17,17,18,18,19,19,19,19,19,19,19,19,18,18,18,17,17,17,17,17,17,16,16,16,0,27,27,26,26,24,24,23,22,22,22,21,20,20,20,19,19,19,18,16,16,15,15,13,12,12,12,10,10,0,0,0,0,0,0,0,26,28,28,29,29,30,31,32,32,33,34,33,34,33,33,33,32,32,31,30,30,30,30,30,29,29,29,29
20260804_015555_897cb2,1785805442242829,1171915501,2,2,0,-54,128,0,16,16,15,14,14,14,13,12,12,11,11,11,11,10,9,9,9,9,9,8,7,7,7,6,6,6,0,0,0,0,0,0,0,0,0,0,0,14,15,15,16,16,16,18,18,18,18,19,19,18,19,19,18,18,18,17,18,18,18,18,17,17,16,0,58,56,55,51,50,50,47,45,43,42,39,38,38,37,34,34,31,30,29,27,26,25,23,22,19,19,17,16,0,0,0,0,0,0,0,48,49,50,54,56,58,60,62,63,65,68,67,68,69,68,69,68,67,66,64,66,62,64,63,63,63,62,61
20260804_015555_897cb2,1785805442346520,1172021318,2,2,0,-52,128,0,14,14,13,13,12,12,12,10,10,10,10,10,10,9,9,9,9,8,9,8,7,7,7,6,6,5,0,0,0,0,0,0,0,0,0,0,0,13,14,15,15,15,16,16,16,17,17,17,17,17,16,16,16,16,16,16,16,16,16,16,15,15,15,0,54,52,51,49,47,46,46,44,42,41,43,39,38,37,37,36,37,33,33,31,27,29,25,24,23,23,20,19,0,0,0,0,0,0,0,47,48,51,53,56,56,60,60,65,65,66,67,64,65,66,64,65,64,62,63,62,61,60,61,62,57,56,56
20260804_015555_897cb2,1785805442438218,1172111831,2,2,0,-50,128,0,15,15,14,13,13,13,12,11,11,10,10,9,9,9,9,8,8,7,7,7,6,6,5,5,4,4,0,0,0,0,0,0,0,0,0,0,0,16,16,17,17,19,19,19,20,20,21,21,19,20,19,18,18,18,18,17,17,17,17,17,17,16,16,0,27,27,26,24,22,22,21,20,20,19,17,17,18,17,16,16,15,15,14,12,11,10,10,9,9,8,8,7,0,0,0,0,0,0,0,27,27,28,29,31,32,32,33,34,35,36,36,35,35,34,34,34,33,33,32,30,31,31,29,29,29,29,29
20260804_015555_897cb2,1785805442535855,1172212566,2,2,0,-53,128,0,15,15,14,14,13,12,12,11,10,10,10,9,9,8,8,7,7,7,7,6,6,6,4,4,4,3,0,0,0,0,0,0,0,0,0,0,0,16,16,17,17,18,19,19,20,19,19,19,19,19,19,18,18,18,18,17,17,17,16,16,17,17,16,0,26,26,25,24,23,22,20,19,18,18,17,17,16,15,15,14,13,13,12,11,11,9,9,8,7,7,6,5,0,0,0,0,0,0,0,27,29,29,29,31,32,32,34,35,35,36,36,36,35,35,34,33,34,33,32,33,33,31,30,30,30,29,28
20260804_015555_897cb2,1785805442640298,1172312374,2,2,0,-50,128,0,15,13,14,13,12,12,11,11,10,10,10,9,9,9,8,8,7,8,7,6,6,6,5,5,4,4,0,0,0,0,0,0,0,0,0,0,0,14,15,15,16,16,17,17,18,19,19,19,19,19,18,18,18,17,17,18,17,16,17,16,17,16,16,0,26,27,25,25,22,22,20,20,19,18,18,18,17,16,16,14,14,13,12,12,11,10,10,9,8,8,6,6,0,0,0,0,0,0,0,24,25,25,26,28,28,30,31,32,32,34,34,34,33,34,33,31,32,31,31,30,30,31,29,28,28,30,28
20260804_015555_897cb2,1785805442738127,1172412180,2,2,0,-50,128,0,15,15,14,13,13,13,12,12,11,11,11,10,10,10,9,9,9,9,8,8,8,7,7,7,6,6,0,0,0,0,0,0,0,0,0,0,0,13,14,14,15,15,16,16,16,18,18,18,18,18,18,17,17,17,17,17,16,17,16,16,16,16,16,0,29,28,28,26,25,25,23,21,21,21,20,19,19,19,17,18,17,16,15,15,14,13,12,12,11,10,10,10,0,0,0,0,0,0,0,23,24,25,26,28,29,31,31,32,32,34,34,33,32,34,34,34,32,33,32,33,31,33,32,31,30,30,30
20260804_015555_897cb2,1785805442836471,1172511479,2,2,0,-47,128,0,16,16,15,15,15,14,13,13,13,13,11,11,11,11,10,10,10,9,9,9,9,8,7,6,6,6,0,0,0,0,0,0,0,0,0,0,0,13,14,16,16,16,17,17,18,19,18,18,19,19,18,19,18,18,18,18,18,18,19,18,18,18,16,0,59,57,57,52,54,51,48,47,44,43,42,42,40,39,36,37,34,33,32,31,28,27,25,24,24,20,19,21,0,0,0,0,0,0,0,43,47,49,51,52,57,57,61,61,63,64,65,66,67,66,65,64,64,64,63,65,64,64,65,63,63,63,60
20260804_015555_897cb2,1785805442940019,1172611576,2,2,0,-49,128,0,16,15,15,14,14,13,13,12,11,11,11,10,9,9,9,9,9,9,8,8,7,6,6,6,5,5,0,0,0,0,0,0,0,0,0,0,0,15,14,15,16,17,17,18,18,18,18,18,18,18,18,18,17,17,17,17,17,16,17,16,16,16,16,0,28,27,25,25,23,23,22,20,19,20,19,18,18,17,17,17,16,14,14,14,14,12,11,11,10,10,9,9,0,0,0,0,0,0,0,23,24,25,26,28,28,30,30,31,33,33,33,33,32,32,31,30,31,30,30,30,31,29,29,30,29,28,29
20260804_015555_897cb2,1785805443038060,1172711391,2,2,0,-50,128,0,15,15,13,13,12,12,11,11,10,10,9,9,9,9,9,8,8,7,7,7,6,4,4,4,4,4,0,0,0,0,0,0,0,0,0,0,0,16,16,17,18,18,19,19,20,21,20,20,20,19,19,19,19,18,18,17,17,17,17,17,16,17,16,0,27,25,24,24,21,21,20,19,18,18,17,15,16,15,15,14,13,13,13,11,10,10,8,8,8,7,5,6,0,0,0,0,0,0,0,26,27,28,29,31,31,32,33,34,35,36,35,34,35,33,33,33,33,32,31,30,30,30,30,29,29,28,27
20260804_015555_897cb2,1785805443137061,1172811207,2,2,0,-54,128,0,13,13,13,11,11,10,10,9,9,8,8,7,6,6,6,6,5,5,4,4,4,4,4,4,4,3,0,0,0,0,0,0,0,0,0,0,0,18,18,19,19,21,21,21,21,21,22,21,21,21,20,19,20,18,18,18,18,17,17,16,16,16,15,0,25,24,22,21,20,19,17,17,15,15,14,12,11,11,11,8,10,8,8,8,6,6,6,6,6,6,7,6,0,0,0,0,0,0,0,30,31,32,32,35,35,37,37,38,39,40,40,38,37,37,38,36,36,34,34,33,33,31,30,30,28,28,27
20260804_015555_897cb2,1785805443240043,1172912502,2,2,0,-52,128,0,16,17,16,16,16,15,14,14,14,14,14,14,13,13,13,13,13,13,13,12,12,11,11,11,10,9,0,0,0,0,0,0,0,0,0,0,0,12,13,13,13,14,14,14,15,16,16,16,16,17,16,16,16,16,16,16,17,17,17,17,17,17,16,0,58,59,57,55,54,54,51,51,50,51,49,48,47,48,46,45,46,44,43,42,41,39,38,36,34,33,31,30,0,0,0,0,0,0,0,38,41,41,43,47,48,49,51,53,55,57,58,58,58,60,59,59,60,58,58,59,60,60,60,60,61,61,59
20260804_015555_897cb2,1785805443339467,1173011787,2,2,0,-50,128,0,16,15,15,15,14,15,14,13,13,13,13,13,13,13,13,13,12,12,12,12,12,11,10,10,9,9,0,0,0,0,0,0,0,0,0,0,0,9,9,10,11,11,12,13,14,14,14,14,14,15,15,15,15,15,15,15,15,15,15,16,15,15,16,0,61,59,59,61,57,55,52,53,52,53,51,49,50,51,50,51,49,49,48,48,45,43,42,39,39,36,34,34,0,0,0,0,0,0,0,31,34,37,39,39,43,45,45,49,49,52,53,54,54,56,54,55,57,56,57,56,57,58,59,60,61,61,61
20260804_015555_897cb2,1785805443437467,1173111453,2,2,0,-50,128,0,16,17,17,16,16,16,15,15,15,14,14,14,14,14,14,14,14,13,13,13,13,12,12,11,11,11,0,0,0,0,0,0,0,0,0,0,0,11,11,11,12,13,13,14,14,14,15,15,15,15,15,15,16,16,16,16,16,16,17,16,17,17,16,0,30,32,30,30,28,28,28,27,25,27,26,26,26,25,26,25,25,24,23,24,22,22,21,20,19,19,18,18,0,0,0,0,0,0,0,17,17,19,20,21,22,22,24,24,25,25,27,26,27,28,28,27,28,28,29,28,28,29,29,31,30,31,31
20260804_015555_897cb2,1785805443536094,1173211275,2,2,0,-56,128,0,14,14,14,14,14,14,15,15,14,16,16,15,16,16,16,16,17,17,17,16,16,16,16,16,15,14,0,0,0,0,0,0,0,0,0,0,0,8,8,8,8,9,9,9,9,9,10,10,10,10,11,10,10,11,11,12,12,12,13,13,13,14,13,0,58,59,59,57,57,59,58,58,59,59,59,61,64,64,62,64,64,66,65,64,62,63,60,60,59,60,55,55,0,0,0,0,0,0,0,28,30,30,31,30,32,32,34,34,34,36,36,37,39,40,40,44,43,44,44,47,46,48,49,50,51,56,56
20260804_015555_897cb2,1785805443641446,1173311679,2,2,0,-63,128,0,17,16,16,16,15,14,14,13,13,12,12,11,11,11,10,11,10,10,11,10,11,11,11,11,11,11,0,0,0,0,0,0,0,0,0,0,0,7,8,9,9,10,11,12,13,14,15,16,16,16,17,17,18,18,18,18,18,18,19,18,18,17,18,0,33,32,32,30,30,28,26,25,25,25,23,22,21,21,21,20,20,21,20,21,21,21,21,21,21,21,22,21,0,0,0,0,0,0,0,12,12,13,14,16,17,18,21,23,25,27,29,29,31,31,32,33,34,35,34,35,36,36,36,36,35,35,35
20260804_015555_897cb2,1785805443740367,1173412462,2,2,0,-54,128,0,16,15,15,13,13,13,13,12,12,11,11,11,10,10,10,10,9,9,8,8,7,6,6,6,6,5,0,0,0,0,0,0,0,0,0,0,0,11,11,11,12,13,13,15,15,15,15,16,16,17,17,16,15,16,15,16,16,16,17,16,17,16,16,0,59,60,57,56,55,52,50,48,47,45,43,43,40,39,38,38,36,35,34,30,27,27,25,24,21,19,18,17,0,0,0,0,0,0,0,39,41,41,44,47,49,53,53,57,59,60,62,62,63,62,62,61,64,61,62,63,62,63,64,64,63,62,61
20260804_015555_897cb2,1785805443837705,1173512652,2,2,0,-54,128,0,14,14,13,12,11,11,10,9,8,7,7,6,6,6,5,4,4,4,3,2,2,2,2,2,3,3,0,0,0,0,0,0,0,0,0,0,0,15,16,17,17,18,19,19,20,20,21,20,20,20,20,19,19,18,18,18,18,18,17,17,17,16,16,0,27,25,25,23,22,20,18,17,16,14,14,13,11,11,9,9,7,8,6,5,5,5,4,5,5,6,5,5,0,0,0,0,0,0,0,26,28,28,30,31,33,34,35,36,38,38,39,38,38,38,38,37,36,35,34,35,34,33,33,32,31,30,29
20260804_015555_897cb2,1785805443935446,1173611597,2,2,0,-50,128,0,16,16,15,15,14,14,13,13,12,12,11,11,10,10,10,9,9,8,8,8,7,7,6,6,5,5,0,0,0,0,0,0,0,0,0,0,0,15,15,15,16,16,16,18,18,19,19,19,19,18,19,18,18,18,18,17,17,18,18,18,17,17,17,0,30,29,27,27,25,25,24,22,21,22,19,21,20,19,18,17,16,16,14,15,12,12,12,10,9,8,8,8,0,0,0,0,0,0,0,23,25,26,26,30,29,32,30,32,33,34,33,33,33,34,34,33,33,32,32,31,32,32,31,31,31,31,30
20260804_015555_897cb2,1785805444039003,1173711814,2,2,0,-52,128,0,15,14,14,14,13,13,12,12,11,11,10,10,9,9,9,9,9,7,7,7,5,5,5,5,4,4,0,0,0,0,0,0,0,0,0,0,0,14,15,15,16,16,17,17,18,18,19,18,18,18,17,17,17,17,17,17,17,17,17,17,16,16,16,0,27,26,25,25,23,23,22,21,20,20,19,17,17,16,16,15,14,14,13,13,10,10,10,9,8,7,6,6,0,0,0,0,0,0,0,24,26,26,26,28,28,30,30,32,33,32,34,34,33,33,32,31,33,30,31,31,31,31,31,31,30,29,28
20260804_015555_897cb2,1785805444137243,1173811506,2,2,0,-53,128,0,13,13,13,13,11,11,11,10,9,9,9,8,8,8,7,7,7,6,6,6,5,4,4,4,4,3,0,0,0,0,0,0,0,0,0,0,0,13,13,14,14,15,15,16,16,16,17,17,17,17,17,16,16,16,16,15,16,15,16,15,15,14,14,0,57,54,53,50,49,46,44,42,40,40,37,36,36,35,31,30,31,28,26,24,22,22,19,17,15,15,12,11,0,0,0,0,0,0,0,49,52,53,55,56,60,61,63,64,64,69,67,67,69,68,68,68,65,65,64,65,65,62,63,61,61,61,59
20260804_015555_897cb2,1785805444236851,1173913928,2,2,0,-54,128,0,15,14,14,13,13,13,12,11,11,10,9,9,9,9,8,7,7,7,6,6,4,4,4,3,2,2,0,0,0,0,0,0,0,0,0,0,0,15,16,16,17,17,17,18,18,19,19,19,19,19,19,19,18,18,18,17,17,17,17,16,17,17,17,0,27,26,25,24,23,22,21,20,19,19,17,17,16,15,15,13,13,12,11,10,9,8,7,6,5,4,3,3,0,0,0,0,0,0,0,25,25,26,26,28,29,30,31,33,32,33,33,33,33,33,33,33,32,31,32,30,30,31,29,30,29,29,28
20260804_015555_897cb2,1785805444340583,1174014337,2,2,0,-54,128,0,15,15,14,13,13,12,11,10,10,10,9,9,8,8,8,7,7,6,6,5,5,4,4,4,3,4,0,0,0,0,0,0,0,0,0,0,0,16,16,17,18,18,18,19,20,20,20,20,20,20,20,19,18,18,17,18,18,17,17,17,17,17,16,0,26,26,25,23,22,22,20,19,18,18,16,16,15,14,13,13,12,10,11,10,9,8,7,6,6,6,5,4,0,0,0,0,0,0,0,26,27,28,29,30,31,32,33,34,35,36,36,35,36,35,35,34,34,33,32,33,32,31,31,30,30,29,28
20260804_015555_897cb2,1785805444438508,1174111634,2,2,0,-53,128,0,14,14,14,12,12,12,11,10,9,9,9,9,8,8,8,7,7,7,6,5,4,4,4,4,3,3,0,0,0,0,0,0,0,0,0,0,0,16,16,16,18,18,18,19,20,20,20,20,20,19,19,19,18,18,17,17,17,16,16,16,16,16,14,0,52,50,50,43,44,42,39,37,36,34,32,30,31,30,25,26,23,23,19,18,16,14,14,11,10,9,8,7,0,0,0,0,0,0,0,53,56,58,61,62,67,66,70,71,72,74,73,74,74,72,73,73,68,67,63,66,62,62,64,59,59,58,54
20260804_015555_897cb2,1785805444537907,1174211685,2,2,0,-53,128,0,13,11,12,10,11,10,9,9,9,8,8,7,6,6,6,5,4,4,4,3,3,2,2,1,1,1,0,0,0,0,0,0,0,0,0,0,0,14,15,15,16,17,17,18,18,18,18,18,18,18,18,17,17,17,16,16,16,15,16,15,15,15,14,0,26,25,23,22,21,19,18,17,17,15,14,13,13,12,11,10,10,9,8,8,6,4,4,3,2,2,1,1,0,0,0,0,0,0,0,25,27,28,28,30,31,33,32,34,35,36,36,35,35,35,35,34,34,33,32,31,31,31,30,30,29,28,27
20260804_015555_897cb2,1785805444635451,1174311682,2,2,0,-53,128,0,13,13,13,12,12,11,11,10,9,9,8,9,8,8,7,6,6,6,5,5,4,4,3,3,2,2,0,0,0,0,0,0,0,0,0,0,0,14,15,15,16,17,17,18,18,18,19,18,18,18,18,17,17,17,17,17,17,16,16,15,16,15,15,0,26,26,25,24,23,22,20,19,18,18,16,16,16,15,14,14,12,11,11,9,9,7,6,6,5,4,3,3,0,0,0,0,0,0,0,25,26,27,28,29,31,32,33,34,34,35,36,35,35,35,34,34,33,33,32,32,32,31,31,30,30,29,28
20260804_015555_897cb2,1785805444736434,1174411507,2,2,0,-53,128,0,14,13,12,12,12,10,10,9,9,9,9,9,8,7,7,6,6,6,5,5,4,4,3,3,2,2,0,0,0,0,0,0,0,0,0,0,0,15,15,15,16,17,17,17,18,18,18,18,18,18,18,18,17,17,17,16,16,16,16,15,15,14,14,0,51,50,47,46,44,41,39,38,36,35,34,31,29,28,28,26,24,22,21,19,16,14,13,11,9,8,7,6,0,0,0,0,0,0,0,53,55,56,57,61,62,65,67,69,70,72,73,72,72,71,69,67,67,65,64,63,62,62,61,58,58,57,56
20260804_015555_897cb2,1785805444836048,1174511620,2,2,0,-51,128,0,15,14,13,13,12,12,11,11,10,10,10,9,9,9,7,7,7,6,6,5,5,4,4,4,3,3,0,0,0,0,0,0,0,0,0,0,0,14,14,15,16,16,17,17,18,18,18,19,19,18,18,18,18,18,17,17,17,17,17,16,17,16,16,0,53,52,50,48,47,45,42,39,37,36,35,33,33,31,29,28,28,25,23,21,20,18,16,14,14,11,9,8,0,0,0,0,0,0,0,45,49,49,52,54,57,59,62,65,66,68,69,67,68,68,67,67,66,65,63,65,63,63,62,59,60,58,56
20260804_015555_897cb2,1785805444934704,1174611723,2,2,0,-52,128,0,14,14,14,12,12,12,11,10,9,10,9,9,9,9,8,8,7,7,6,5,4,4,4,4,3,3,0,0,0,0,0,0,0,0,0,0,0,13,13,14,14,16,16,16,17,17,18,18,18,18,18,18,18,17,16,16,16,17,16,16,16,15,15,0,54,53,52,50,48,45,43,41,40,39,37,34,34,33,30,29,28,25,24,22,21,18,16,14,13,11,9,9,0,0,0,0,0,0,0,46,48,49,53,55,58,60,61,65,65,67,68,68,68,68,68,67,66,65,64,65,64,64,63,62,61,61,58
20260804_015555_897cb2,1785805445038737,1174711903,2,2,0,-52,128,0,15,15,14,14,13,13,12,12,11,11,11,11,11,10,9,9,9,8,8,7,7,6,6,6,4,4,0,0,0,0,0,0,0,0,0,0,0,13,13,14,15,15,16,17,17,18,18,19,19,19,18,19,18,18,18,18,17,17,17,17,17,16,16,0,29,28,27,27,26,25,23,22,21,21,21,20,19,18,17,17,16,15,14,14,14,11,11,10,9,8,7,7,0,0,0,0,0,0,0,22,24,24,25,27,28,29,31,32,33,34,34,34,34,35,34,34,34,34,33,33,34,33,33,31,32,31,30
20260804_015555_897cb2,1785805445136041,1174811690,2,2,0,-53,128,0,15,15,14,13,12,12,11,11,10,10,9,8,8,8,8,7,7,6,6,6,6,4,4,4,3,3,0,0,0,0,0,0,0,0,0,0,0,14,15,15,17,17,17,18,19,20,20,20,20,19,19,19,19,18,18,18,17,17,17,17,17,17,16,0,27,27,26,24,23,22,21,21,19,18,16,16,15,14,13,13,12,11,11,10,9,9,8,8,6,6,5,5,0,0,0,0,0,0,0,25,26,28,28,29,31,31,33,34,35,36,37,36,36,36,37,36,36,35,34,34,34,33,33,32,31,30,29
20260804_015555_897cb2,1785805445233639,1174910652,2,2,0,-52,128,0,15,14,14,13,13,12,12,11,10,10,9,9,9,9,9,8,8,8,7,6,6,6,5,4,4,4,0,0,0,0,0,0,0,0,0,0,0,13,14,15,15,16,17,16,17,18,18,18,18,18,18,17,17,17,17,16,16,16,16,16,16,16,16,0,27,26,25,24,24,23,22,21,19,20,18,17,17,16,16,16,14,13,13,13,11,11,8,8,8,8,6,6,0,0,0,0,0,0,0,23,25,24,27,27,30,30,33,33,33,33,34,35,34,35,34,34,33,34,32,34,32,32,31,30,31,30,29
20260804_015555_897cb2,1785805445337726,1175010828,2,2,0,-51,128,0,16,15,15,14,14,13,12,11,11,11,11,10,10,10,10,9,9,9,8,8,7,7,6,5,5,5,0,0,0,0,0,0,0,0,0,0,0,15,16,16,16,18,18,19,19,19,20,20,20,20,19,19,19,19,18,18,18,17,17,17,17,17,17,0,28,27,26,26,24,23,22,21,21,19,19,18,18,17,17,16,15,15,14,13,12,11,11,9,9,8,7,7,0,0,0,0,0,0,0,24,25,26,27,28,30,30,32,33,34,34,35,35,35,34,34,34,33,34,31,33,31,32,31,31,30,30,30
20260804_015555_897cb2,1785805445435762,1175110573,2,2,0,-51,128,0,16,16,15,15,14,13,13,12,12,11,12,11,11,11,10,10,9,9,9,8,8,8,6,5,5,5,0,0,0,0,0,0,0,0,0,0,0,16,15,16,17,17,18,19,19,20,20,20,20,20,20,20,19,19,19,19,18,18,18,18,18,18,17,0,28,27,26,25,25,25,23,22,21,21,20,19,18,18,17,17,16,15,14,14,12,12,11,11,9,9,8,7,0,0,0,0,0,0,0,25,25,26,28,29,30,31,32,33,34,34,34,35,35,35,34,33,34,33,32,33,33,32,31,31,31,30,30
20260804_015555_897cb2,1785805445534212,1175210784,2,2,0,-51,128,0,16,16,15,15,14,14,13,12,12,12,12,10,10,10,10,9,9,8,8,7,7,6,6,6,5,4,0,0,0,0,0,0,0,0,0,0,0,14,14,15,15,17,17,17,18,19,19,18,19,18,18,18,18,18,18,17,18,18,18,17,17,17,17,0,58,56,53,53,49,48,45,44,43,43,41,38,36,35,35,33,33,31,29,27,26,23,20,19,17,16,15,13,0,0,0,0,0,0,0,46,47,49,51,54,55,59,60,62,64,67,65,65,67,66,67,65,67,65,64,63,62,62,62,60,60,60,59
20260804_015555_897cb2,1785805445638556,1175312024,2,2,0,-51,128,0,16,15,15,14,14,13,12,12,11,11,11,10,9,9,9,8,8,8,7,7,6,6,5,5,4,4,0,0,0,0,0,0,0,0,0,0,0,14,15,16,16,17,17,17,18,19,19,19,19,19,19,19,19,19,18,18,18,18,17,17,17,17,16,0,28,28,26,25,24,24,22,21,20,20,18,19,17,18,15,15,15,14,13,12,11,10,9,9,7,7,7,6,0,0,0,0,0,0,0,23,24,26,27,27,29,31,32,32,33,33,34,34,34,33,32,32,32,32,31,32,32,31,32,31,30,31,30
20260804_015555_897cb2,1785805445736756,1175412184,2,2,0,-50,128,0,15,14,14,13,13,12,12,11,11,11,10,9,9,9,8,8,8,8,7,6,6,6,5,5,4,4,0,0,0,0,0,0,0,0,0,0,0,14,14,14,15,16,17,17,17,18,17,17,18,18,17,17,17,17,17,17,17,17,17,16,16,16,15,0,28,27,26,25,24,24,22,21,21,19,19,18,18,16,16,15,16,14,14,13,11,11,9,9,9,8,7,6,0,0,0,0,0,0,0,23,25,25,25,28,28,30,30,32,32,34,35,34,33,34,33,33,33,31,32,31,32,32,32,32,30,30,29
20260804_015555_897cb2,1785805445835880,1175510913,2,2,0,-51,128,0,16,16,15,14,14,14,13,13,12,12,11,11,11,11,11,10,11,10,9,8,8,8,7,7,6,6,0,0,0,0,0,0,0,0,0,0,0,15,15,16,17,17,17,18,18,19,19,19,19,19,19,18,18,18,18,17,17,17,17,17,17,17,17,0,28,28,26,26,25,25,22,22,22,22,21,19,20,18,19,18,17,17,16,16,16,13,12,12,11,11,9,9,0,0,0,0,0,0,0,25,25,26,27,28,29,30,31,32,33,34,34,33,34,33,33,33,32,32,31,30,31,31,30,31,29,31,30
20260804_015555_897cb2,1785805445939465,1175611131,2,2,0,-50,128,0,16,17,16,15,14,14,14,13,12,12,12,11,11,11,10,10,10,9,9,8,8,8,7,7,6,6,0,0,0,0,0,0,0,0,0,0,0,14,15,15,16,17,18,18,18,19,19,19,19,19,19,18,18,18,18,18,18,18,18,17,18,17,17,0,28,27,27,27,26,25,24,23,22,22,20,19,18,19,18,18,17,16,16,15,14,13,12,12,11,10,9,10,0,0,0,0,0,0,0,23,24,25,26,28,28,31,30,32,32,33,34,34,34,34,33,32,32,31,31,31,32,31,30,31,30,30,31
20260804_015555_897cb2,1785805446037522,1175710421,2,2,0,-50,128,0,16,15,15,15,14,14,13,12,12,11,11,10,10,10,10,9,9,9,9,8,8,7,7,6,5,5,0,0,0,0,0,0,0,0,0,0,0,13,13,14,15,16,16,16,16,17,17,17,18,17,17,17,17,16,16,17,16,16,16,16,16,17,17,0,29,28,25,27,25,24,23,23,21,21,20,20,19,19,18,19,17,17,15,16,15,13,13,11,11,10,9,8,0,0,0,0,0,0,0,21,22,24,24,26,27,28,28,28,31,32,33,32,32,32,32,31,31,31,30,30,30,30,30,30,30,30,29
20260804_015555_897cb2,1785805446135544,1175810170,2,2,0,-50,128,0,16,16,16,15,15,14,14,13,13,12,12,12,11,11,11,11,11,10,9,9,8,8,8,7,6,6,0,0,0,0,0,0,0,0,0,0,0,13,14,14,16,15,16,17,17,18,18,18,18,19,18,18,18,18,17,18,17,17,17,17,18,16,16,0,57,57,52,54,52,50,50,46,45,44,42,41,41,39,36,36,36,35,34,31,30,30,28,25,23,20,21,19,0,0,0,0,0,0,0,45,47,47,48,52,52,57,57,62,61,64,64,63,63,64,63,63,64,62,61,63,62,62,61,62,62,60,61
20260804_015555_897cb2,1785805446238936,1175910056,2,2,0,-50,128,0,18,17,17,16,16,16,15,15,14,13,13,13,13,12,11,11,11,11,11,11,9,9,8,8,8,7,0,0,0,0,0,0,0,0,0,0,0,13,13,14,14,16,16,16,17,18,18,18,18,18,18,18,18,18,18,18,18,18,18,18,18,18,18,0,62,62,59,54,55,54,51,50,47,47,45,44,40,42,40,42,38,39,37,34,34,30,28,26,25,24,21,18,0,0,0,0,0,0,0,41,42,43,45,49,51,53,57,58,60,61,62,63,63,64,63,62,64,63,64,64,63,63,64,64,66,64,62
20260804_015555_897cb2,1785805446338211,1176012124,2,2,0,-50,128,0,16,16,16,15,15,14,14,14,13,12,12,12,11,11,10,11,10,10,10,9,9,8,7,7,7,6,0,0,0,0,0,0,0,0,0,0,0,13,15,15,16,16,17,17,17,17,17,18,17,17,17,18,17,17,17,17,17,17,17,17,17,17,17,0,30,30,29,28,26,26,24,24,23,22,21,21,22,19,20,19,19,17,17,16,16,15,13,13,12,12,10,11,0,0,0,0,0,0,0,22,24,23,25,27,28,29,29,31,31,32,33,32,31,33,31,31,32,30,31,32,33,32,31,32,31,31,31
20260804_015555_897cb2,1785805446441487,1176114644,2,2,0,-51,128,0,16,16,16,16,14,14,13,13,13,13,12,11,11,10,10,10,10,9,9,9,9,8,7,7,6,6,0,0,0,0,0,0,0,0,0,0,0,14,14,15,15,16,17,17,18,18,18,18,18,18,18,17,18,18,18,17,18,17,18,18,18,17,17,0,59,57,56,54,51,49,48,45,45,44,43,41,39,39,37,37,36,35,33,30,29,27,25,24,22,22,19,18,0,0,0,0,0,0,0,44,47,49,50,52,55,57,59,62,62,64,64,64,65,65,64,64,64,64,63,64,63,63,64,63,62,62,61
20260804_015555_897cb2,1785805446539493,1176211022,2,2,0,-52,128,0,15,14,14,14,13,13,12,12,11,11,10,10,9,9,9,8,8,8,8,7,7,6,6,5,5,5,0,0,0,0,0,0,0,0,0,0,0,14,15,16,16,17,17,17,17,18,18,18,18,18,18,17,17,17,17,17,17,17,17,16,16,16,16,0,55,55,53,51,49,48,45,43,41,41,39,37,35,34,34,32,30,30,28,25,24,23,21,20,18,16,16,14,0,0,0,0,0,0,0,51,53,54,55,58,60,64,63,66,67,68,68,67,68,67,67,66,66,64,64,63,63,62,62,62,60,60,59
20260804_015555_897cb2,1785805446637675,1176311402,2,2,0,-52,128,0,16,16,15,15,14,14,13,13,12,11,11,11,10,10,10,10,9,9,9,8,8,7,6,6,6,6,0,0,0,0,0,0,0,0,0,0,0,13,13,14,15,16,16,16,17,17,18,18,18,18,17,17,18,18,17,17,17,17,17,17,17,17,16,0,60,58,55,54,51,49,47,46,44,44,43,40,39,37,37,35,34,33,31,30,29,26,25,23,21,21,18,18,0,0,0,0,0,0,0,43,46,47,50,53,55,58,59,61,63,65,64,66,66,65,65,65,65,64,65,63,64,63,64,63,62,63,60
20260804_015555_897cb2,1785805446736320,1176411317,2,2,0,-50,128,0,16,16,16,16,14,14,13,13,13,13,12,11,11,11,11,10,10,9,9,8,8,7,7,6,6,5,0,0,0,0,0,0,0,0,0,0,0,15,15,15,16,17,17,18,19,19,19,19,19,18,18,18,18,18,18,18,18,18,18,17,17,17,17,0,54,55,54,52,50,48,48,45,42,42,40,37,37,36,36,33,34,31,31,29,27,25,25,21,21,20,17,16,0,0,0,0,0,0,0,45,49,48,52,56,55,57,59,62,65,64,63,66,66,67,63,64,63,63,64,62,62,62,60,61,63,61,59
20260804_015555_897cb2,1785805446841041,1176513591,2,2,0,-52,128,0,16,15,14,14,14,13,12,11,11,11,11,10,9,9,9,8,8,8,7,6,6,5,5,4,4,4,0,0,0,0,0,0,0,0,0,0,0,16,16,16,17,17,18,18,19,19,18,19,19,18,18,18,18,18,18,18,17,17,17,17,17,16,16,0,58,53,52,50,49,47,44,42,40,39,38,35,34,32,32,29,27,27,25,23,22,20,18,16,15,14,11,11,0,0,0,0,0,0,0,51,53,54,57,58,62,62,64,65,67,67,65,69,66,67,66,65,64,65,62,64,63,63,62,61,60,59,58
20260804_015555_897cb2,1785805446938552,1176613746,2,2,0,-52,128,0,16,15,15,13,13,13,12,12,11,11,10,11,10,10,9,9,9,8,8,7,8,7,7,6,6,5,0,0,0,0,0,0,0,0,0,0,0,14,14,15,15,16,16,16,17,17,17,17,17,17,17,17,16,16,16,16,17,17,17,16,17,16,16,0,28,27,27,25,24,24,23,22,21,19,19,19,19,19,16,16,17,16,15,15,14,13,12,11,11,10,9,9,0,0,0,0,0,0,0,24,25,24,26,28,29,29,29,30,31,31,31,31,31,31,32,31,30,30,30,31,31,30,29,29,29,30,28
20260804_015555_897cb2,1785805447036349,1176710544,2,2,0,-50,128,0,16,16,16,15,15,14,13,12,12,12,12,11,11,10,10,10,9,9,9,8,7,7,6,6,5,5,0,0,0,0,0,0,0,0,0,0,0,16,16,16,17,17,17,19,19,19,19,19,19,19,19,19,19,18,17,18,18,18,18,18,18,17,17,0,28,29,28,27,26,25,23,22,21,21,19,19,18,17,17,17,16,16,15,15,14,12,12,11,10,9,9,9,0,0,0,0,0,0,0,25,27,27,27,28,29,31,32,33,33,34,35,34,34,33,32,33,32,31,33,31,31,32,31,32,31,31,31
20260804_015555_897cb2,1785805447134225,1176810767,2,2,0,-52,128,0,16,15,15,14,14,13,13,12,12,11,11,11,10,10,9,9,9,8,8,7,8,7,7,6,6,5,0,0,0,0,0,0,0,0,0,0,0,14,15,16,16,16,18,18,19,19,19,19,19,19,19,19,18,18,18,18,17,17,17,17,17,17,16,0,28,28,28,26,25,25,23,22,21,21,20,19,19,18,16,17,16,15,15,13,13,12,11,11,10,9,9,8,0,0,0,0,0,0,0,25,26,27,27,28,29,30,32,33,33,33,34,34,34,34,34,32,32,33,32,32,32,31,32,31,31,31,30
20260804_015555_897cb2,1785805447237455,1176910969,2,2,0,-53,128,0,15,14,14,14,13,12,12,12,11,11,11,10,10,10,9,9,9,8,9,8,8,7,6,6,6,6,0,0,0,0,0,0,0,0,0,0,0,12,12,13,13,14,15,16,16,16,17,17,17,17,16,16,16,16,16,16,16,16,16,16,16,16,16,0,30,29,28,27,26,25,24,23,23,22,21,19,19,18,18,17,18,16,17,15,14,13,13,11,11,11,10,10,0,0,0,0,0,0,0,22,23,23,26,27,28,29,29,30,31,32,33,32,33,32,32,32,32,32,32,31,32,30,32,33,31,32,30
20260804_015555_897cb2,1785805447336252,1177010129,2,2,0,-51,128,0,15,14,14,14,13,13,12,12,11,10,10,10,9,9,9,8,8,7,7,6,6,6,6,5,5,5,0,0,0,0,0,0,0,0,0,0,0,15,16,16,17,18,18,18,19,19,19,19,19,19,19,18,18,18,18,18,17,18,17,16,16,16,16,0,54,55,52,51,48,46,43,42,39,37,36,35,34,33,31,29,29,26,24,23,22,21,18,18,17,14,14,13,0,0,0,0,0,0,0,50,52,54,57,58,62,64,66,69,69,70,71,70,71,70,70,68,67,67,65,65,64,63,64,59,59,60,59
20260804_015555_897cb2,1785805447435240,1177111625,2,2,0,-54,128,0,15,15,14,14,12,12,11,10,10,10,9,9,9,9,9,9,7,7,7,6,6,6,5,5,5,4,0,0,0,0,0,0,0,0,0,0,0,13,14,14,15,16,17,17,18,18,18,19,18,18,18,18,17,18,17,17,17,16,16,16,16,16,16,0,27,26,26,25,24,22,22,21,20,19,18,18,17,16,16,15,14,14,13,12,12,11,10,10,9,10,9,9,0,0,0,0,0,0,0,23,24,24,26,27,28,29,31,32,32,33,34,34,34,34,34,33,33,32,32,32,32,31,31,30,31,29,29
20260804_015555_897cb2,1785805447539923,1177211652,2,2,0,-52,128,0,16,16,16,15,15,14,14,13,13,12,12,11,11,11,10,10,10,10,9,9,8,7,7,6,6,5,0,0,0,0,0,0,0,0,0,0,0,14,15,15,16,16,17,17,17,17,19,18,18,18,18,18,18,18,17,17,17,17,17,17,17,17,17,0,30,29,28,27,25,25,24,23,22,22,22,20,20,20,19,18,17,17,16,15,14,13,12,11,10,10,9,9,0,0,0,0,0,0,0,22,24,24,26,26,27,29,30,30,31,32,32,33,32,32,31,31,31,31,31,32,32,31,31,31,31,30,31
20260804_015555_897cb2,1785805447637949,1177311381,2,2,0,-52,128,0,16,16,16,15,14,13,13,12,12,11,11,11,10,10,9,9,9,9,9,8,7,6,6,6,5,5,0,0,0,0,0,0,0,0,0,0,0,13,14,14,15,16,16,16,18,18,18,18,18,18,18,18,18,18,18,18,18,18,18,18,17,17,17,0,58,57,56,54,52,49,47,45,43,41,40,39,36,36,35,34,31,31,29,28,27,25,23,21,21,17,16,16,0,0,0,0,0,0,0,42,43,44,48,51,53,55,57,61,62,64,65,67,66,65,66,65,66,66,64,65,64,65,64,64,63,62,62
20260804_015555_897cb2,1785805447737564,1177410473,2,2,0,-49,128,0,17,17,16,16,15,15,15,14,14,14,13,13,13,13,13,12,12,12,12,11,11,10,10,9,9,9,0,0,0,0,0,0,0,0,0,0,0,12,13,13,14,14,15,16,16,17,17,17,17,17,17,17,17,17,17,17,17,17,17,17,17,17,17,0,30,29,30,28,26,27,26,26,25,24,24,23,23,23,22,23,22,22,20,20,20,19,18,16,16,15,14,15,0,0,0,0,0,0,0,20,21,21,23,23,25,27,27,28,29,30,30,30,31,30,31,30,31,30,30,31,31,31,31,32,32,31,31
20260804_015555_897cb2,1785805447835483,1177510674,2,2,0,-49,128,0,16,16,16,16,15,14,13,13,13,12,12,11,12,11,11,11,10,10,10,9,9,8,8,7,7,6,0,0,0,0,0,0,0,0,0,0,0,13,13,14,15,15,16,16,17,18,17,18,18,18,17,17,17,17,17,17,18,17,18,17,17,17,17,0,30,29,28,27,26,26,25,25,23,22,21,21,22,21,20,19,19,18,17,17,15,14,14,13,13,12,10,10,0,0,0,0,0,0,0,22,22,23,25,25,26,29,29,29,30,33,33,32,32,32,33,31,32,31,32,31,32,31,31,32,30,32,30
20260804_015555_897cb2,1785805447939258,1177611679,2,2,0,-55,128,0,16,15,14,14,13,13,12,11,11,10,10,9,9,9,9,8,8,7,7,6,6,5,4,5,5,4,0,0,0,0,0,0,0,0,0,0,0,12,13,13,14,15,16,16,17,17,18,18,18,18,18,17,17,17,17,17,17,17,17,17,17,17,17,0,29,29,27,26,25,24,22,21,20,21,19,17,16,16,16,15,15,14,13,12,10,11,10,9,8,7,7,6,0,0,0,0,0,0,0,20,22,22,24,26,26,28,28,30,31,32,33,33,32,33,33,32,33,31,33,31,32,32,31,32,31,31,30
20260804_015555_897cb2,1785805448065217,1177736592,2,2,0,-59,128,0,13,13,13,13,13,13,12,12,12,12,12,12,11,11,12,12,11,11,12,12,11,11,11,10,10,9,0,0,0,0,0,0,0,0,0,0,0,13,13,13,14,14,16,16,16,16,16,16,16,16,16,15,15,15,15,15,16,15,15,16,15,16,16,0,54,54,50,51,50,48,46,48,47,47,45,46,44,45,46,46,44,45,44,43,43,41,40,39,38,36,37,36,0,0,0,0,0,0,0,47,47,49,50,53,56,55,58,60,62,64,62,63,61,63,60,58,59,58,58,58,55,56,57,57,56,54,56
20260804_015555_897cb2,1785805448134482,1177810475,2,2,0,-57,128,0,13,13,13,13,12,12,12,12,12,12,12,13,13,13,13,13,13,14,14,14,14,14,14,14,14,14,0,0,0,0,0,0,0,0,0,0,0,11,11,11,12,12,12,13,13,13,13,13,13,13,13,13,13,12,12,12,12,12,13,13,13,13,13,0,53,48,47,51,50,48,49,45,51,49,48,49,50,51,53,55,57,56,57,58,57,57,57,53,57,55,53,53,0,0,0,0,0,0,0,43,42,46,44,46,49,49,50,52,53,53,55,52,55,55,54,53,52,50,51,49,51,50,51,51,51,54,50
20260804_015555_897cb2,1785805448238374,1177911581,2,2,0,-57,128,0,13,14,14,14,13,14,13,14,14,14,14,14,14,15,15,15,15,16,16,16,16,15,15,15,14,14,0,0,0,0,0,0,0,0,0,0,0,10,10,10,10,11,11,11,11,12,13,13,13,13,13,12,13,12,13,12,12,13,12,13,13,14,14,0,51,51,54,52,54,54,53,52,53,54,55,54,56,57,58,60,59,61,63,61,60,59,57,58,54,55,51,52,0,0,0,0,0,0,0,33,36,36,39,38,41,41,45,44,47,47,47,49,47,47,45,47,46,48,47,48,48,48,48,49,51,49,51
20260804_015555_897cb2,1785805448336819,1178010537,2,2,0,-55,128,0,12,12,13,13,13,13,13,13,13,14,14,14,14,16,16,16,16,16,17,17,17,16,16,16,16,17,0,0,0,0,0,0,0,0,0,0,0,9,10,10,10,11,11,12,12,12,12,12,12,13,12,12,12,12,12,12,12,12,12,12,12,12,13,0,51,48,51,49,49,50,50,52,51,53,53,54,57,60,57,61,62,66,64,66,64,67,61,62,62,64,58,58,0,0,0,0,0,0,0,32,35,36,39,38,41,41,44,43,45,45,45,45,47,47,46,46,44,46,46,46,47,46,48,46,45,49,47
20260804_015555_897cb2,1785805448435752,1178111120,2,2,0,-54,128,0,14,14,14,14,14,14,14,14,14,15,15,16,16,16,16,16,16,17,17,17,17,16,16,16,16,16,0,0,0,0,0,0,0,0,0,0,0,10,10,11,11,11,11,11,12,12,12,12,12,13,12,12,12,13,13,14,13,13,14,14,14,14,14,0,53,55,54,54,52,55,54,54,54,56,57,57,57,59,60,62,63,64,64,64,64,63,61,60,60,58,56,57,0,0,0,0,0,0,0,33,35,35,37,39,39,42,42,43,43,45,46,46,47,47,48,46,47,47,47,48,47,49,49,50,51,52,51
20260804_015555_897cb2,1785805448540276,1178213627,2,2,0,-54,128,0,14,14,14,13,12,12,12,11,11,10,11,10,11,11,11,11,11,11,11,10,10,10,10,9,10,10,0,0,0,0,0,0,0,0,0,0,0,15,16,16,17,17,17,17,18,18,18,18,18,18,17,17,17,17,16,16,15,15,15,15,15,15,14,0,50,50,48,45,45,42,43,41,42,41,39,37,44,43,38,41,41,40,37,40,37,38,36,36,36,36,31,33,0,0,0,0,0,0,0,52,53,55,59,58,63,62,64,63,65,66,64,64,64,64,62,62,59,60,57,57,58,56,56,53,54,53,52
20260804_015555_897cb2,1785805448655835,1178331727,2,2,0,-54,128,0,14,14,14,13,13,13,13,12,12,12,12,12,12,12,12,12,13,13,12,12,12,12,12,12,12,12,0,0,0,0,0,0,0,0,0,0,0,15,15,15,17,17,17,17,17,17,17,17,16,17,16,16,16,15,15,16,15,15,15,14,15,15,14,0,49,50,50,47,48,48,46,46,45,46,45,45,45,45,45,45,48,48,47,47,46,45,44,45,43,41,40,40,0,0,0,0,0,0,0,53,53,54,55,57,59,60,60,61,63,62,63,63,61,61,60,58,57,57,54,56,56,53,56,53,53,53,53
20260804_015555_897cb2,1785805448760093,1178431234,2,2,0,-50,128,0,14,14,13,13,13,13,12,12,11,11,11,11,11,10,11,10,10,10,10,10,9,9,9,8,8,8,0,0,0,0,0,0,0,0,0,0,0,15,15,16,16,17,17,18,18,18,18,18,18,17,17,17,17,16,16,16,16,16,16,16,15,15,15,0,25,25,24,25,23,23,22,21,21,21,21,19,20,20,19,20,18,20,19,17,17,16,16,15,15,15,14,13,0,0,0,0,0,0,0,25,26,27,28,28,30,30,32,31,33,33,32,33,33,32,31,30,29,31,29,29,28,29,28,27,27,26,27
20260804_015555_897cb2,1785805448840498,1178511644,2,2,0,-51,128,0,15,15,14,14,14,13,13,12,12,12,12,12,11,11,11,11,11,11,11,11,10,10,10,9,9,9,0,0,0,0,0,0,0,0,0,0,0,14,15,16,16,16,16,16,17,17,17,17,17,16,17,16,16,16,16,16,16,16,16,15,15,15,15,0,28,27,28,25,25,25,25,24,22,21,22,20,22,22,21,21,21,21,21,20,18,19,18,18,16,17,16,15,0,0,0,0,0,0,0,25,26,27,29,28,31,29,31,31,33,34,33,33,32,33,31,32,30,30,27,29,28,29,29,28,29,28,28
20260804_015555_897cb2,1785805448938430,1178610535,2,2,0,-51,128,0,15,15,14,14,13,13,13,12,12,12,11,11,11,11,10,10,10,10,10,10,9,9,9,8,7,7,0,0,0,0,0,0,0,0,0,0,0,17,18,18,19,20,20,21,21,22,22,21,20,20,20,19,19,19,18,18,19,18,18,18,17,17,16,0,27,25,25,24,23,22,21,21,21,20,19,18,18,18,17,18,17,17,17,15,15,14,13,13,13,12,10,11,0,0,0,0,0,0,0,27,28,29,31,31,33,34,34,35,36,37,36,35,35,35,34,33,32,32,32,30,30,29,29,29,29,28,28
20260804_015555_897cb2,1785805449036515,1178710951,2,2,0,-52,128,0,14,13,13,13,12,12,12,12,11,10,10,10,10,10,10,10,10,9,9,9,8,9,9,8,8,7,0,0,0,0,0,0,0,0,0,0,0,14,14,15,16,16,17,17,17,17,18,17,18,17,17,16,16,16,16,16,16,16,15,15,15,15,15,0,51,50,49,48,46,45,44,42,40,40,40,39,39,39,38,37,37,37,35,35,33,31,31,29,28,27,25,24,0,0,0,0,0,0,0,47,50,50,51,55,56,59,60,63,63,64,64,64,63,63,62,61,62,59,59,60,59,58,57,54,55,55,54
20260804_015555_897cb2,1785805449133276,1178810874,2,2,0,-50,128,0,14,13,13,12,11,11,10,10,9,9,9,9,8,8,8,8,6,6,6,5,5,4,4,4,4,3,0,0,0,0,0,0,0,0,0,0,0,15,16,16,17,18,19,19,19,19,19,19,19,19,18,18,17,17,16,17,16,16,16,16,16,15,15,0,25,24,22,22,20,20,18,18,17,17,15,16,15,14,13,12,11,11,11,10,8,8,7,7,5,5,3,3,0,0,0,0,0,0,0,26,27,27,29,29,31,33,33,34,34,35,35,36,34,35,34,34,33,32,31,29,31,29,31,28,28,29,26
20260804_015555_897cb2,1785805449237649,1178911802,2,2,0,-55,128,0,14,14,13,13,12,11,11,9,9,8,8,8,7,7,6,6,6,6,5,5,5,5,5,5,5,5,0,0,0,0,0,0,0,0,0,0,0,16,16,17,18,19,19,19,20,21,21,21,21,21,20,20,19,19,18,18,18,18,17,16,16,16,15,0,25,25,23,21,21,21,18,18,16,16,15,14,13,13,11,11,10,9,10,9,9,8,8,8,9,9,9,9,0,0,0,0,0,0,0,26,26,29,30,31,33,35,34,36,37,38,38,38,38,36,36,36,35,34,33,31,32,32,31,29,29,29,29
20260804_015555_897cb2,1785805449341363,1179014449,2,2,0,-53,128,0,16,15,15,13,13,12,12,11,11,10,10,9,9,9,8,8,7,7,7,7,5,6,5,5,5,4,0,0,0,0,0,0,0,0,0,0,0,13,14,15,16,16,17,18,19,19,19,20,19,19,19,19,19,19,18,18,18,18,17,17,17,16,16,0,28,27,25,25,23,22,21,20,20,20,19,17,16,16,15,14,14,14,12,12,11,10,10,8,8,8,7,6,0,0,0,0,0,0,0,21,22,24,25,26,28,30,31,32,33,35,35,35,35,35,35,34,34,33,33,32,32,31,31,31,30,30,29
20260804_015555_897cb2,1785805449439199,1179110931,2,2,0,-48,128,0,14,14,14,13,13,13,13,12,12,11,11,10,11,11,11,11,10,11,10,9,9,9,8,8,8,6,0,0,0,0,0,0,0,0,0,0,0,11,12,13,14,14,16,16,16,16,16,17,17,17,17,16,16,16,16,16,16,15,15,15,16,15,15,0,28,27,26,25,24,24,22,22,22,22,22,20,19,19,20,19,19,18,19,18,17,16,16,15,14,14,12,12,0,0,0,0,0,0,0,20,21,22,23,24,26,27,29,30,29,30,31,31,31,31,31,30,31,30,30,30,29,29,28,28,29,29,28
20260804_015555_897cb2,1785805449539010,1179211878,2,2,0,-49,128,0,15,15,14,14,14,13,13,13,12,11,11,11,11,10,10,9,9,9,9,9,8,7,7,7,6,6,0,0,0,0,0,0,0,0,0,0,0,15,15,16,17,17,18,18,19,20,19,19,19,19,19,18,18,17,17,17,17,17,17,17,17,16,16,0,26,27,24,24,23,23,22,21,21,20,19,19,18,18,18,17,17,16,15,14,14,13,13,11,11,10,10,9,0,0,0,0,0,0,0,23,25,25,27,29,29,31,31,33,33,34,33,34,34,34,32,32,32,31,30,30,30,29,30,29,28,28,28
20260804_015555_897cb2,1785805449636422,1179310754,2,2,0,-46,128,0,16,15,16,15,16,14,14,13,13,13,13,14,14,14,12,13,13,13,12,12,12,11,11,10,10,10,0,0,0,0,0,0,0,0,0,0,0,10,11,11,13,13,13,14,15,15,16,16,16,16,16,16,16,16,16,16,16,16,16,16,16,16,16,0,58,58,56,56,55,54,51,51,49,49,49,48,47,46,48,48,48,47,46,44,43,40,41,39,36,35,36,33,0,0,0,0,0,0,0,35,37,39,40,42,45,48,48,51,55,56,57,57,57,58,57,58,58,57,58,58,59,58,59,59,60,59,57
20260804_015555_897cb2,1785805449735253,1179410446,2,2,0,-46,128,0,16,16,15,15,15,15,14,14,13,13,13,12,12,12,12,12,12,12,12,11,11,10,10,10,9,9,0,0,0,0,0,0,0,0,0,0,0,14,14,16,16,16,17,17,17,18,18,18,18,17,17,17,17,17,17,17,17,17,17,17,16,17,17,0,54,56,53,53,51,50,48,47,45,47,46,44,43,40,43,42,42,40,40,38,38,35,35,33,31,29,30,27,0,0,0,0,0,0,0,45,45,46,48,54,52,56,58,60,62,63,65,63,61,61,60,58,62,59,60,59,60,59,57,60,61,58,57
20260804_015555_897cb2,1785805449839802,1179510844,2,2,0,-48,128,0,17,17,16,16,16,16,15,13,13,13,13,13,12,12,12,12,12,11,11,10,10,9,9,8,8,7,0,0,0,0,0,0,0,0,0,0,0,13,13,14,15,15,16,16,17,18,18,18,18,18,18,17,17,17,17,18,18,18,18,18,18,18,17,0,31,30,29,28,27,28,26,25,24,25,23,23,22,21,22,20,21,20,19,19,17,16,15,14,14,13,12,11,0,0,0,0,0,0,0,21,22,23,23,25,26,27,29,30,30,32,32,33,32,32,31,30,32,31,31,31,32,32,32,32,32,31,31
20260804_015555_897cb2,1785805449936883,1179612821,2,2,0,-46,128,0,16,16,16,16,16,15,14,13,14,13,13,13,13,13,13,12,12,11,11,11,10,10,10,9,8,8,0,0,0,0,0,0,0,0,0,0,0,11,12,12,13,14,15,15,16,16,16,16,16,17,16,16,16,16,16,16,16,16,17,16,17,16,17,0,63,60,59,57,58,55,53,52,52,48,49,47,46,48,45,46,44,45,42,41,39,38,37,35,32,31,28,27,0,0,0,0,0,0,0,36,40,40,45,44,49,50,54,55,56,58,59,60,61,61,62,61,60,62,60,63,61,62,63,62,63,63,61
20260804_015555_897cb2,1785805450040102,1179713154,2,2,0,-47,128,0,15,15,15,14,14,13,13,12,12,11,11,11,10,10,10,9,10,9,9,9,9,9,7,7,6,6,0,0,0,0,0,0,0,0,0,0,0,13,14,15,15,16,17,17,18,18,18,18,18,18,18,18,17,18,17,18,17,17,17,16,17,17,16,0,28,28,27,26,25,25,23,23,22,22,21,20,20,18,19,18,19,18,17,16,16,15,15,14,12,11,11,10,0,0,0,0,0,0,0,23,24,25,25,28,29,30,31,32,33,33,34,34,34,34,33,32,33,31,32,31,32,31,31,31,31,31,29
20260804_015555_897cb2,1785805450138208,1179811060,2,2,0,-49,128,0,17,16,16,15,13,14,13,13,12,12,11,11,11,11,11,11,11,10,10,10,9,9,8,8,7,7,0,0,0,0,0,0,0,0,0,0,0,14,14,15,16,17,17,17,18,18,18,18,18,18,18,18,18,18,18,18,17,17,17,16,17,17,17,0,27,28,27,26,25,24,24,22,22,21,21,21,20,20,19,19,18,18,18,17,16,16,14,14,12,12,12,11,0,0,0,0,0,0,0,21,22,23,24,26,27,28,29,30,31,31,32,32,33,32,31,31,32,31,30,31,30,31,30,30,30,30,30
20260804_015555_897cb2,1785805450236221,1179910328,2,2,0,-51,128,0,14,13,13,13,13,12,11,11,10,10,10,9,9,8,8,8,8,7,7,6,6,6,5,5,4,4,0,0,0,0,0,0,0,0,0,0,0,14,15,16,17,16,17,18,19,19,19,19,19,19,18,18,18,18,17,17,17,16,16,16,16,16,16,0,26,25,24,24,23,22,21,20,19,18,18,17,17,16,15,15,14,14,13,12,11,11,10,9,8,7,6,6,0,0,0,0,0,0,0,24,26,25,26,28,29,31,31,32,33,34,34,34,34,34,34,32,32,32,31,31,31,31,31,30,29,28,28
20260804_015555_897cb2,1785805450335047,1180010811,2,2,0,-50,128,0,15,14,14,14,13,12,11,11,10,10,10,9,9,8,8,8,8,8,7,6,5,5,5,5,4,4,0,0,0,0,0,0,0,0,0,0,0,14,15,17,17,17,18,18,19,19,19,19,19,18,19,18,18,18,17,18,17,17,17,16,16,16,15,0,53,54,52,49,49,45,43,41,39,38,36,33,33,31,30,30,28,27,23,22,21,20,15,17,15,13,11,11,0,0,0,0,0,0,0,49,50,54,56,58,61,63,66,67,69,72,71,72,69,71,67,68,68,66,63,63,61,63,63,61,61,60,58
20260804_015555_897cb2,1785805450439782,1180111702,2,2,0,-51,128,0,15,14,13,13,12,12,12,11,11,11,10,9,9,9,9,9,9,9,8,8,7,7,6,5,5,4,0,0,0,0,0,0,0,0,0,0,0,13,13,15,15,16,16,17,17,17,17,18,18,18,18,16,16,16,16,16,16,16,16,15,16,16,15,0,56,54,53,52,46,48,45,43,43,42,41,38,36,36,35,34,35,32,30,28,26,22,24,20,20,18,16,15,0,0,0,0,0,0,0,47,47,50,52,54,55,58,60,60,63,66,69,66,65,64,64,62,63,62,59,62,59,61,58,58,59,58,57
20260804_015555_897cb2,1785805450537502,1180210879,2,2,0,-50,128,0,16,15,14,14,14,14,13,12,12,11,11,11,10,11,11,10,10,9,8,8,8,8,6,6,6,5,0,0,0,0,0,0,0,0,0,0,0,14,14,16,16,17,17,17,18,18,18,18,18,18,18,18,17,17,17,17,17,17,17,16,17,17,17,0,27,27,27,25,23,23,23,22,20,21,20,20,17,19,17,17,17,16,16,14,14,14,12,12,11,10,10,9,0,0,0,0,0,0,0,23,23,26,25,27,28,29,29,30,32,32,33,33,33,32,32,31,32,31,31,31,31,31,30,30,29,30,28
20260804_015555_897cb2,1785805450640339,1180313775,2,2,0,-49,128,0,16,16,15,15,14,14,13,12,11,12,11,11,10,10,10,10,9,9,9,8,8,7,7,6,6,6,0,0,0,0,0,0,0,0,0,0,0,13,14,15,16,17,17,17,18,18,18,19,19,19,18,17,17,17,17,17,17,17,17,17,17,17,16,0,29,28,27,27,25,24,24,22,22,21,21,19,19,19,18,18,18,16,16,14,15,13,13,12,11,10,10,9,0,0,0,0,0,0,0,22,23,25,25,26,28,30,30,31,32,33,33,32,33,34,33,32,32,31,31,32,31,31,30,30,30,30,29
20260804_015555_897cb2,1785805450739051,1180411906,2,2,0,-51,128,0,15,14,14,14,14,12,12,12,11,11,11,10,9,10,9,10,8,9,9,7,8,7,7,7,6,6,0,0,0,0,0,0,0,0,0,0,0,13,14,15,15,16,17,18,18,18,18,18,18,18,18,18,18,17,17,17,17,16,16,16,16,16,16,0,55,53,56,49,51,48,45,43,43,40,37,39,33,37,35,38,33,35,33,28,29,26,24,23,20,18,20,19,0,0,0,0,0,0,0,45,46,51,50,54,57,60,62,64,66,66,67,68,67,68,67,68,63,66,63,64,64,61,61,60,60,57,60
20260804_015555_897cb2,1785805450837442,1180511195,2,2,0,-50,128,0,16,16,15,14,14,13,13,12,12,11,11,11,10,10,10,10,9,9,9,8,8,7,7,7,6,6,0,0,0,0,0,0,0,0,0,0,0,14,15,15,16,16,18,18,18,19,19,19,19,19,18,18,17,18,17,17,17,17,17,17,17,17,17,0,27,27,28,25,25,25,23,22,22,20,20,20,19,19,18,18,17,16,16,15,14,14,12,12,10,11,9,9,0,0,0,0,0,0,0,23,25,25,28,29,30,31,32,33,33,34,34,34,34,34,34,34,33,31,31,32,32,31,32,30,30,29,28
20260804_015555_897cb2,1785805450936777,1180610841,2,2,0,-50,128,0,16,17,16,16,15,14,14,13,13,13,12,11,11,11,11,10,10,10,9,9,9,9,8,8,6,6,0,0,0,0,0,0,0,0,0,0,0,14,15,16,17,18,19,19,19,19,20,20,20,20,20,19,19,19,19,18,18,18,18,18,18,17,17,0,28,28,26,26,25,25,23,21,22,22,21,20,20,19,19,18,18,17,17,15,14,13,13,12,11,10,10,9,0,0,0,0,0,0,0,23,23,25,26,27,28,30,31,33,33,33,33,35,34,34,33,33,33,31,33,32,32,32,32,32,30,29,29
20260804_015555_897cb2,1785805451035045,1180711908,2,2,0,-52,128,0,16,15,15,14,13,13,12,11,11,10,10,9,9,9,9,9,9,8,8,6,6,6,6,5,5,4,0,0,0,0,0,0,0,0,0,0,0,13,14,15,16,17,17,18,19,19,19,19,19,19,19,19,18,18,18,18,17,17,17,16,17,17,16,0,29,27,26,25,25,23,22,21,20,19,19,18,18,17,16,16,14,14,13,13,12,11,11,10,8,9,7,7,0,0,0,0,0,0,0,23,24,26,26,27,30,30,32,33,34,34,35,35,35,35,35,34,34,34,33,33,33,32,32,30,30,30,28
20260804_015555_897cb2,1785805451138970,1180811785,2,2,0,-52,128,0,15,14,14,14,13,12,12,11,11,11,11,11,10,10,10,10,9,9,8,8,8,7,6,6,6,5,0,0,0,0,0,0,0,0,0,0,0,11,13,14,14,14,15,16,17,17,18,17,17,17,17,17,17,17,17,17,16,16,16,16,16,16,16,0,28,27,26,26,26,24,23,22,21,21,21,20,19,18,18,18,17,17,16,16,14,14,13,13,11,11,10,9,0,0,0,0,0,0,0,21,21,22,24,25,26,28,29,30,31,32,33,34,33,33,33,32,32,31,31,32,32,31,30,30,31,30,30
20260804_015555_897cb2,1785805451236475,1180911698,2,2,0,-52,128,0,15,14,14,13,13,11,11,10,10,9,9,9,9,9,7,7,7,7,6,6,6,4,4,4,3,4,0,0,0,0,0,0,0,0,0,0,0,12,13,13,15,15,16,17,16,17,17,18,18,18,18,18,17,18,17,17,17,16,17,16,17,16,16,0,29,28,25,26,25,23,22,20,19,20,20,17,16,14,15,14,14,13,12,12,11,10,9,8,7,7,6,6,0,0,0,0,0,0,0,20,21,23,25,26,27,29,30,30,32,34,34,34,34,34,35,34,33,33,33,32,32,33,32,31,31,31,30
20260804_015555_897cb2,1785805451334712,1181010555,2,2,0,-51,128,0,15,14,14,13,13,12,12,11,11,10,10,9,9,9,8,8,7,7,7,6,6,5,5,4,4,4,0,0,0,0,0,0,0,0,0,0,0,14,15,16,17,17,18,19,19,19,20,20,20,20,19,19,19,19,18,18,17,17,17,17,16,16,16,0,27,25,25,25,22,21,20,19,19,18,18,16,16,15,15,14,13,13,12,11,10,10,9,8,7,6,6,6,0,0,0,0,0,0,0,23,25,25,26,27,30,31,31,32,34,34,35,35,34,34,33,33,32,31,31,31,31,30,29,29,29,29,28
20260804_015555_897cb2,1785805451434207,1181110961,2,2,0,-50,128,0,16,16,16,15,13,13,12,12,12,11,11,11,11,10,10,10,9,9,9,9,8,7,7,7,6,6,0,0,0,0,0,0,0,0,0,0,0,14,14,15,16,17,17,17,19,19,19,19,19,19,19,18,19,18,18,18,18,18,18,17,17,17,17,0,28,28,28,26,26,24,23,23,21,20,20,19,20,18,17,17,16,16,15,15,14,13,12,12,11,11,10,9,0,0,0,0,0,0,0,23,25,26,26,28,30,30,31,32,33,34,34,34,33,35,34,34,32,33,32,33,33,32,32,31,32,31,31
20260804_015555_897cb2,1785805451538333,1181210596,2,2,0,-49,128,0,15,15,15,14,12,12,12,11,11,11,10,10,9,9,9,9,9,8,8,7,7,6,6,5,5,4,0,0,0,0,0,0,0,0,0,0,0,12,13,14,14,15,16,16,17,18,18,17,17,17,17,17,17,16,17,17,17,17,17,16,17,16,16,0,27,28,26,25,23,24,23,21,20,20,19,18,18,17,17,16,16,15,15,12,12,11,10,9,10,8,7,6,0,0,0,0,0,0,0,20,21,23,23,25,26,28,28,29,31,31,32,31,31,31,31,31,32,31,31,30,30,30,29,31,29,30,28
20260804_015555_897cb2,1785805451637183,1181310476,2,2,0,-52,128,0,16,15,15,15,13,13,13,11,11,11,10,10,9,9,9,9,8,8,7,7,6,6,5,5,4,4,0,0,0,0,0,0,0,0,0,0,0,15,15,16,17,17,18,19,19,19,19,20,20,20,20,18,19,18,18,18,18,17,17,17,17,17,17,0,28,27,26,26,24,22,21,21,20,20,19,18,16,16,16,15,14,13,13,12,11,10,9,9,9,8,7,7,0,0,0,0,0,0,0,24,25,26,27,28,30,31,31,33,33,34,34,34,34,33,33,33,33,32,32,31,31,31,31,31,30,30,28
20260804_015555_897cb2,1785805451734948,1181410769,2,2,0,-51,128,0,15,14,13,13,12,12,11,11,10,10,9,9,8,8,8,7,7,7,6,6,6,5,4,4,4,3,0,0,0,0,0,0,0,0,0,0,0,13,14,14,14,15,16,17,17,17,17,17,17,17,17,17,17,17,17,17,17,16,16,16,16,16,15,0,28,28,26,25,24,22,21,21,19,19,18,17,16,16,16,15,13,13,12,11,10,9,8,7,7,6,4,4,0,0,0,0,0,0,0,24,24,26,26,27,29,31,31,32,32,34,34,34,34,34,34,33,33,33,32,31,31,31,32,30,30,30,30
20260804_015555_897cb2,1785805451837905,1181510525,2,2,0,-51,128,0,16,15,15,14,13,13,12,12,11,10,10,10,9,9,8,8,7,7,6,6,5,5,4,4,3,3,0,0,0,0,0,0,0,0,0,0,0,14,15,15,16,17,17,18,18,19,19,19,19,19,19,20,18,18,18,18,18,18,18,17,17,17,17,0,30,28,27,26,25,25,22,21,21,19,19,18,17,16,15,14,13,12,12,10,10,8,8,6,6,6,4,4,0,0,0,0,0,0,0,24,24,25,27,30,31,32,33,34,34,36,35,36,37,36,36,35,34,34,33,34,34,34,34,32,33,33,31
20260804_015555_897cb2,1785805451936857,1181610765,2,2,0,-50,128,0,15,15,14,14,13,12,11,11,10,10,9,9,8,9,7,7,6,6,6,5,5,4,4,3,3,2,0,0,0,0,0,0,0,0,0,0,0,14,15,16,17,17,18,19,19,19,20,20,20,19,19,18,19,18,18,18,18,17,17,17,17,16,16,0,29,25,27,23,23,21,21,20,18,18,17,16,16,14,14,13,11,11,11,10,8,8,7,6,5,4,4,4,0,0,0,0,0,0,0,24,24,26,27,28,30,30,32,34,35,34,34,34,35,35,35,33,33,33,31,31,31,31,31,29,29,30,29
20260804_015555_897cb2,1785805452040105,1181711914,2,2,0,-49,128,0,15,16,15,14,13,13,12,12,12,11,11,10,11,11,11,10,9,9,8,8,8,7,7,6,6,5,0,0,0,0,0,0,0,0,0,0,0,13,14,15,15,16,15,16,17,17,17,17,18,18,17,17,17,17,16,16,17,16,16,16,16,16,16,0,28,26,27,26,25,23,23,22,22,21,21,20,19,19,19,19,16,18,17,16,14,14,12,12,12,11,9,9,0,0,0,0,0,0,0,22,22,23,25,25,28,28,29,29,30,32,32,31,33,31,31,32,30,31,31,31,30,31,29,30,30,29,29
20260804_015555_897cb2,1785805452134739,1181810477,2,2,0,-52,128,0,16,15,15,15,14,12,12,11,10,10,10,9,8,8,7,7,6,6,5,5,5,4,4,4,3,3,0,0,0,0,0,0,0,0,0,0,0,15,16,16,17,17,17,18,19,20,19,20,20,19,19,19,19,19,18,18,18,18,18,18,18,17,17,0,29,27,26,26,24,23,22,21,20,18,17,16,15,14,14,13,12,12,10,10,8,7,6,6,6,5,5,5,0,0,0,0,0,0,0,25,25,26,28,28,30,31,31,34,34,35,36,35,35,35,34,34,34,33,33,33,32,32,32,32,32,32,30
20260804_015555_897cb2,1785805452238819,1181911868,2,2,0,-50,128,0,16,16,16,15,15,15,14,14,13,13,13,12,12,12,11,11,10,10,10,9,9,9,8,8,7,7,0,0,0,0,0,0,0,0,0,0,0,14,14,14,16,16,17,17,17,17,17,17,18,18,17,18,17,18,17,18,18,17,17,17,17,17,17,0,60,58,59,54,53,52,49,47,46,44,46,43,44,40,40,40,39,38,36,33,31,30,29,26,25,21,23,22,0,0,0,0,0,0,0,43,47,51,49,51,54,56,60,61,62,64,62,64,64,63,63,63,64,62,60,63,61,60,63,61,62,61,61
20260804_015555_897cb2,1785805452337700,1182012177,2,2,0,-51,128,0,15,14,14,13,13,12,12,11,11,10,10,9,9,9,8,8,7,7,6,6,6,5,5,4,4,4,0,0,0,0,0,0,0,0,0,0,0,14,14,15,16,17,18,18,18,18,18,18,18,18,18,18,18,17,17,17,18,16,17,16,17,17,16,0,55,54,51,50,47,46,43,42,40,39,36,35,33,32,31,29,28,26,25,22,21,19,17,17,13,14,11,11,0,0,0,0,0,0,0,47,49,51,53,57,58,62,62,66,65,67,69,68,68,67,66,66,66,63,63,63,62,63,62,62,61,61,58
20260804_015555_897cb2,1785805452436037,1182111673,2,2,0,-51,128,0,15,15,14,14,13,12,12,11,11,10,10,9,9,9,8,8,7,7,7,6,6,5,5,5,4,4,0,0,0,0,0,0,0,0,0,0,0,15,15,16,17,17,18,19,19,19,19,19,19,19,19,18,18,18,17,17,17,17,17,17,17,17,16,0,28,26,26,25,24,22,21,20,20,19,18,17,17,16,15,14,14,14,12,11,11,10,9,8,8,7,6,6,0,0,0,0,0,0,0,25,25,27,28,29,30,31,32,33,33,34,34,34,34,34,33,34,32,32,32,32,31,30,30,30,30,29,29
20260804_015555_897cb2,1785805452535181,1182210832,2,2,0,-51,128,0,15,14,14,13,13,12,12,11,11,10,9,9,9,9,9,9,8,7,7,7,7,6,5,5,5,4,0,0,0,0,0,0,0,0,0,0,0,15,16,17,17,17,18,18,19,19,20,20,19,20,19,19,18,18,18,18,17,17,17,16,16,16,16,0,27,26,25,24,23,22,21,20,20,19,18,17,17,16,15,15,14,14,13,13,12,11,9,9,8,8,7,7,0,0,0,0,0,0,0,26,28,28,30,30,31,32,34,34,35,35,34,35,34,34,34,34,32,33,31,32,31,31,31,30,29,29,28
20260804_015555_897cb2,1785805452644705,1182316183,2,2,0,-52,128,0,16,16,16,15,15,14,13,12,12,12,12,11,10,10,10,10,10,9,9,9,8,8,7,7,6,6,0,0,0,0,0,0,0,0,0,0,0,14,14,15,16,16,17,18,18,18,19,18,18,19,18,19,18,17,18,18,18,18,18,17,17,17,17,0,29,29,28,27,24,24,23,22,22,21,21,19,19,18,18,17,16,16,16,15,14,13,13,12,11,11,9,9,0,0,0,0,0,0,0,23,24,25,26,27,29,29,31,31,32,34,33,33,33,33,33,32,32,33,32,31,31,31,31,30,30,31,31
20260804_015555_897cb2,1785805452737778,1182412866,2,2,0,-50,128,0,16,15,15,15,14,13,13,12,12,12,12,11,11,11,10,10,10,9,9,8,8,8,7,7,6,6,0,0,0,0,0,0,0,0,0,0,0,16,16,17,17,17,18,18,19,20,20,19,20,19,19,18,19,19,19,18,18,18,18,18,17,17,16,0,28,29,26,26,23,24,22,22,20,21,19,19,18,17,18,16,16,15,15,14,13,12,12,11,10,9,9,9,0,0,0,0,0,0,0,25,25,26,27,30,29,30,30,32,33,34,35,33,33,33,32,31,34,32,32,30,31,32,30,32,30,30,28
20260804_015555_897cb2,1785805452835876,1182512400,2,2,0,-48,128,0,16,16,16,15,14,13,13,12,12,12,11,11,10,10,10,10,9,9,9,8,7,7,7,7,6,6,0,0,0,0,0,0,0,0,0,0,0,15,16,16,17,17,19,19,19,20,19,19,19,19,19,19,18,19,18,18,18,18,18,17,18,18,17,0,28,28,28,26,24,24,23,22,21,20,20,18,18,18,18,16,16,16,15,14,14,12,12,12,10,10,9,8,0,0,0,0,0,0,0,25,26,26,29,29,30,32,33,33,35,35,35,33,34,34,34,34,33,33,32,31,32,33,31,31,31,30,31
20260804_015555_897cb2,1785805452939961,1182611187,2,2,0,-48,128,0,16,15,15,14,14,13,13,13,13,11,11,11,11,11,10,10,10,9,9,9,8,8,7,7,7,6,0,0,0,0,0,0,0,0,0,0,0,16,16,17,17,17,19,19,19,20,20,19,19,19,19,18,17,18,17,17,17,17,18,17,17,17,17,0,28,27,25,25,24,24,23,21,21,21,20,20,20,18,18,18,18,17,16,15,15,13,13,13,11,11,10,10,0,0,0,0,0,0,0,25,26,28,29,30,31,31,33,33,34,34,34,34,34,33,33,33,32,32,31,31,31,31,31,30,30,30,28
20260804_015555_897cb2,1785805453037805,1182710765,2,2,0,-46,128,0,14,14,14,13,12,12,11,11,11,10,10,11,9,10,10,10,9,9,9,8,8,8,7,7,6,5,0,0,0,0,0,0,0,0,0,0,0,14,14,15,16,15,16,16,17,17,17,17,17,17,17,17,16,16,16,16,16,16,16,15,15,15,15,0,27,26,25,25,25,24,23,22,21,21,21,19,18,19,19,18,17,18,17,17,15,14,13,13,13,12,10,10,0,0,0,0,0,0,0,24,24,25,26,27,29,31,30,32,32,33,32,33,33,32,32,31,31,31,30,31,30,29,29,29,30,29,28
20260804_015555_897cb2,1785805453137531,1182811415,2,2,0,-48,128,0,16,15,15,14,14,14,13,13,13,12,12,12,12,11,11,11,11,11,11,10,10,10,9,9,9,9,0,0,0,0,0,0,0,0,0,0,0,15,15,16,16,17,18,18,18,19,18,18,18,18,18,17,18,17,17,17,17,17,17,16,16,17,16,0,29,26,27,26,24,24,23,22,22,22,22,21,21,20,20,20,19,19,19,18,17,17,16,15,15,15,14,13,0,0,0,0,0,0,0,25,26,27,27,29,29,30,30,33,33,33,33,32,33,33,33,31,32,30,31,30,30,30,30,31,29,28,30
20260804_015555_897cb2,1785805453234816,1182910099,2,2,0,-50,128,0,15,14,13,13,13,12,11,11,11,11,10,9,9,9,9,9,8,8,8,6,6,6,5,5,4,4,0,0,0,0,0,0,0,0,0,0,0,14,15,16,18,17,18,18,19,19,19,20,19,19,18,18,18,18,17,17,18,16,16,16,16,16,16,0,52,50,51,47,45,46,43,41,38,38,36,36,32,34,32,34,31,27,29,25,25,21,20,18,17,17,16,14,0,0,0,0,0,0,0,50,52,53,55,59,62,63,63,66,68,68,70,69,68,67,67,65,65,65,61,61,59,60,60,60,57,59,56
20260804_015555_897cb2,1785805453338173,1183010700,2,2,0,-50,128,0,15,14,14,14,14,14,13,13,12,12,12,11,11,11,11,10,10,10,10,9,9,8,8,7,7,6,0,0,0,0,0,0,0,0,0,0,0,12,13,14,14,15,16,16,16,16,17,17,17,17,17,17,17,17,16,16,16,16,16,16,16,16,16,0,55,56,53,54,51,52,47,44,45,45,43,40,37,38,40,37,38,36,36,33,33,29,31,25,26,23,23,21,0,0,0,0,0,0,0,40,44,45,47,50,52,57,56,58,60,61,64,63,63,62,63,60,62,59,62,62,62,60,58,58,60,61,57
20260804_015555_897cb2,1785805453436607,1183109997,2,2,0,-49,128,0,17,17,16,16,15,14,13,13,13,12,12,11,11,11,11,10,10,10,9,9,8,8,7,7,6,6,0,0,0,0,0,0,0,0,0,0,0,14,14,15,15,16,16,17,17,19,19,19,19,19,18,18,18,18,18,18,18,18,19,18,18,18,18,0,30,29,29,27,27,25,24,23,22,23,22,20,19,19,19,18,17,17,16,15,15,13,12,11,11,9,9,9,0,0,0,0,0,0,0,21,23,23,25,25,28,27,29,31,31,32,33,32,33,33,33,33,31,33,31,32,31,31,32,31,31,30,31
20260804_015555_897cb2,1785805453535392,1183212284,2,2,0,-49,128,0,15,15,14,14,13,12,11,11,10,11,10,10,10,9,9,8,8,8,7,7,7,6,6,5,5,5,0,0,0,0,0,0,0,0,0,0,0,13,13,14,14,16,16,17,17,17,17,17,17,18,18,17,17,17,17,17,16,16,16,16,16,16,16,0,29,27,27,25,24,23,22,22,21,19,19,18,18,17,16,16,15,14,14,14,12,13,11,11,10,9,8,8,0,0,0,0,0,0,0,21,23,24,25,26,28,29,29,31,31,33,32,33,32,32,33,33,31,31,31,32,31,31,31,30,30,31,29
20260804_015555_897cb2,1785805453640532,1183314256,2,2,0,-52,128,0,16,15,15,15,14,13,13,12,12,11,11,10,10,9,9,9,9,8,8,7,7,6,6,6,5,5,0,0,0,0,0,0,0,0,0,0,0,14,15,15,16,17,18,18,19,19,20,20,20,20,20,20,19,19,19,19,19,18,18,18,18,18,17,0,29,28,26,25,24,24,22,21,20,20,20,18,18,17,17,17,15,15,13,13,12,11,10,10,9,8,8,8,0,0,0,0,0,0,0,23,25,24,26,27,29,30,32,33,34,35,34,35,35,35,35,34,35,34,33,33,33,33,32,32,31,30,31
20260804_015555_897cb2,1785805453738523,1183410377,2,2,0,-51,128,0,16,15,14,13,13,13,11,11,11,11,10,9,9,9,9,9,9,9,7,7,7,6,6,6,5,6,0,0,0,0,0,0,0,0,0,0,0,14,16,16,16,18,18,18,19,19,19,19,20,19,18,18,18,18,18,18,18,17,18,18,16,17,16,0,55,52,50,49,48,45,42,41,39,38,38,35,34,33,32,31,29,29,27,25,25,23,21,20,18,17,17,16,0,0,0,0,0,0,0,47,50,51,54,56,59,60,64,65,67,67,68,70,69,69,67,67,65,65,63,64,62,62,60,60,59,59,57
20260804_015555_897cb2,1785805453836730,1183510564,2,2,0,-52,128,0,15,15,14,14,13,13,12,11,11,11,10,10,10,10,8,8,8,8,8,8,7,7,6,6,5,5,0,0,0,0,0,0,0,0,0,0,0,14,14,14,16,17,17,17,17,18,18,18,18,18,18,18,18,17,17,17,17,17,17,17,17,16,16,0,27,27,26,24,23,23,22,21,20,19,19,18,16,18,17,16,14,16,14,14,12,13,11,9,11,9,9,9,0,0,0,0,0,0,0,23,24,24,26,26,28,29,30,31,32,33,33,33,34,33,32,33,32,32,31,31,31,32,31,30,29,29,29
20260804_015555_897cb2,1785805453934909,1183611082,2,2,0,-54,128,0,14,14,13,14,12,12,11,11,11,11,11,10,9,9,10,9,7,7,6,7,6,5,5,5,5,5,0,0,0,0,0,0,0,0,0,0,0,13,14,14,15,16,16,17,17,17,17,17,17,17,17,17,17,16,16,16,16,15,15,15,15,15,14,0,27,27,27,24,25,24,20,21,19,20,19,16,16,19,17,16,18,13,14,15,11,12,15,13,11,11,11,10,0,0,0,0,0,0,0,24,26,26,27,28,30,30,31,32,34,35,35,35,33,33,33,32,32,31,31,31,31,30,30,29,30,29,29
20260804_015555_897cb2,1785805454038170,1183711019,2,2,0,-52,128,0,14,14,13,13,12,12,11,10,10,9,9,9,8,8,7,7,7,6,5,5,5,4,4,3,3,3,0,0,0,0,0,0,0,0,0,0,0,15,15,16,16,17,17,18,18,18,19,18,18,19,18,17,17,17,17,17,16,16,16,16,16,16,15,0,28,27,26,24,24,22,21,20,19,19,17,16,16,15,13,13,12,11,10,9,8,8,7,6,5,5,4,3,0,0,0,0,0,0,0,26,27,28,30,31,32,33,34,35,35,36,37,36,36,36,36,36,35,34,34,33,32,32,32,31,30,30,29
20260804_015555_897cb2,1785805454138401,1183813320,2,2,0,-53,128,0,13,13,13,13,12,11,11,11,11,10,9,9,9,9,9,9,9,8,8,8,7,7,6,6,6,5,0,0,0,0,0,0,0,0,0,0,0,12,12,13,13,15,14,15,15,15,16,16,16,16,15,14,15,14,14,15,15,15,15,15,14,14,14,0,56,57,52,51,50,49,47,44,43,42,41,42,40,38,38,35,36,34,33,32,30,28,27,25,25,24,22,22,0,0,0,0,0,0,0,46,49,49,51,54,55,60,59,61,63,65,65,64,63,64,63,62,62,59,62,60,61,60,59,59,60,59,57
20260804_015555_897cb2,1785805454241371,1183912028,2,2,0,-54,128,0,16,16,16,15,15,15,14,14,13,13,13,13,13,13,13,13,13,13,13,13,12,12,11,11,11,10,0,0,0,0,0,0,0,0,0,0,0,12,13,13,14,15,15,16,16,17,17,17,17,17,17,17,17,17,17,17,17,16,16,17,17,16,16,0,56,58,55,54,53,51,49,49,48,50,47,47,45,46,46,46,45,44,44,43,41,41,40,39,38,35,35,34,0,0,0,0,0,0,0,39,41,42,43,48,48,52,52,55,57,58,60,59,58,58,58,58,60,57,59,58,59,59,59,58,59,58,58
20260804_015555_897cb2,1785805454335379,1184010623,2,2,0,-51,128,0,15,15,16,15,15,15,15,15,15,15,15,15,16,16,16,16,16,16,16,16,16,16,15,15,15,14,0,0,0,0,0,0,0,0,0,0,0,8,8,9,9,10,10,10,11,11,11,11,12,12,12,12,12,13,12,13,13,14,14,14,14,15,15,0,58,57,59,56,58,58,57,57,58,58,59,58,60,62,60,62,61,64,62,62,61,61,57,56,55,55,51,52,0,0,0,0,0,0,0,26,27,29,32,32,34,36,38,39,40,43,44,44,45,46,47,48,47,47,47,51,51,52,53,52,53,55,56
20260804_015555_897cb2,1785805454438681,1184110599,2,2,0,-50,128,0,15,15,15,15,15,15,15,15,15,15,15,15,15,16,16,16,16,16,16,16,16,15,15,14,14,14,0,0,0,0,0,0,0,0,0,0,0,9,9,9,10,10,10,10,11,11,11,11,11,11,12,12,12,12,12,12,13,13,13,13,14,14,15,0,58,55,60,58,58,57,55,56,57,56,58,58,59,60,60,63,61,62,62,62,60,59,57,57,55,53,51,51,0,0,0,0,0,0,0,29,30,31,34,34,37,37,39,40,41,42,41,44,46,43,45,45,47,49,46,49,50,51,51,52,54,55,59
20260804_015555_897cb2,1785805454536024,1184210246,2,2,0,-53,128,0,14,14,14,14,14,14,14,14,14,14,14,15,15,15,15,15,17,16,16,16,16,16,16,15,15,14,0,0,0,0,0,0,0,0,0,0,0,8,8,8,8,8,8,9,9,9,10,9,11,11,10,10,10,11,10,11,11,11,13,12,12,14,13,0,52,55,55,55,55,56,55,57,56,58,58,58,59,59,62,61,63,63,64,62,62,61,60,59,55,55,54,54,0,0,0,0,0,0,0,30,29,30,30,34,35,35,35,37,37,38,40,39,39,41,41,40,41,41,42,45,46,46,47,49,51,51,53
20260804_015555_897cb2,1785805454634296,1184310376,2,2,0,-52,128,0,14,14,14,14,14,14,14,14,14,14,14,14,14,15,15,15,16,16,16,15,15,15,15,14,13,13,0,0,0,0,0,0,0,0,0,0,0,9,9,10,10,10,10,11,10,10,11,10,10,11,11,10,12,11,11,11,12,12,13,13,13,13,14,0,55,55,57,56,58,57,56,55,57,57,58,58,58,59,60,62,62,63,62,61,60,59,58,56,55,54,52,52,0,0,0,0,0,0,0,34,36,37,38,39,39,41,43,44,43,44,43,44,44,45,45,46,46,47,46,48,49,48,49,51,54,54,56
20260804_015555_897cb2,1785805454738622,1184410794,2,2,0,-57,128,0,14,13,13,12,12,12,12,11,11,11,12,12,11,12,12,11,12,11,12,12,12,12,12,12,11,11,0,0,0,0,0,0,0,0,0,0,0,12,12,13,14,14,14,15,15,16,16,16,16,16,15,15,16,15,15,16,14,14,15,14,15,14,14,0,51,53,50,48,47,46,44,43,43,42,42,41,41,43,43,42,45,45,48,47,48,46,47,47,45,46,45,46,0,0,0,0,0,0,0,42,44,46,48,50,51,55,55,59,60,60,60,61,61,60,60,61,59,59,59,58,58,56,56,56,56,57,55
20260804_015555_897cb2,1785805454837412,1184513052,2,2,0,-51,128,0,16,15,15,14,13,13,13,11,11,11,10,9,8,8,7,7,7,6,6,5,5,4,4,3,2,2,0,0,0,0,0,0,0,0,0,0,0,12,13,14,15,16,16,16,18,18,19,18,19,19,18,18,18,18,17,17,17,17,18,17,18,17,16,0,57,56,54,52,50,45,45,42,40,38,37,34,33,32,28,28,27,25,22,19,18,15,13,12,10,8,7,5,0,0,0,0,0,0,0,40,43,45,47,52,54,57,58,63,64,65,68,68,68,67,66,66,66,66,66,65,64,65,65,63,63,62,60
20260804_015555_897cb2,1785805454941663,1184614763,2,2,0,-52,128,0,17,17,17,16,16,15,14,14,13,13,12,12,11,11,11,10,10,9,8,8,7,7,7,6,6,6,0,0,0,0,0,0,0,0,0,0,0,13,13,14,15,16,16,18,17,19,19,19,19,19,19,19,19,19,19,19,19,19,19,19,19,19,18,0,61,62,59,56,54,53,49,47,46,45,43,41,40,39,37,35,35,33,30,28,27,25,23,21,18,17,16,14,0,0,0,0,0,0,0,42,43,44,47,50,53,55,56,60,63,65,66,66,66,67,69,67,68,66,67,67,67,67,66,67,66,65,65
20260804_015555_897cb2,1785805455039670,1184712790,2,2,0,-50,128,0,17,16,16,15,15,14,13,13,13,13,12,10,10,10,11,10,10,10,9,8,8,8,8,7,6,6,0,0,0,0,0,0,0,0,0,0,0,12,13,14,15,15,16,17,18,17,17,17,17,17,18,18,17,17,17,17,17,17,17,17,18,17,17,0,56,58,56,52,53,49,49,47,43,43,39,38,36,32,38,35,41,30,33,33,34,27,24,26,21,19,20,19,0,0,0,0,0,0,0,39,41,43,45,49,50,53,59,59,61,60,63,62,64,62,62,62,62,63,61,64,62,63,60,60,61,61,59
20260804_015555_897cb2,1785805455137831,1184810871,2,2,0,-51,128,0,17,17,16,16,15,15,14,14,13,13,13,12,11,11,11,11,10,10,10,9,9,8,8,7,7,7,0,0,0,0,0,0,0,0,0,0,0,11,12,13,14,15,15,16,17,17,18,18,18,18,18,18,18,18,18,18,18,18,18,18,18,18,18,0,31,31,28,30,28,27,27,24,24,24,23,22,21,20,20,18,19,18,18,17,16,15,13,13,12,12,11,10,0,0,0,0,0,0,0,19,22,21,22,25,25,26,27,30,30,31,31,32,32,32,32,32,34,32,33,32,33,33,32,33,33,32,32
20260804_015555_897cb2,1785805455264126,1184935787,2,2,0,-50,128,0,16,16,16,16,14,15,14,13,13,13,13,12,12,12,11,11,11,11,11,11,10,9,8,8,8,7,0,0,0,0,0,0,0,0,0,0,0,13,13,15,16,16,16,17,17,17,18,17,17,17,17,17,17,18,17,17,17,17,17,17,18,17,17,0,59,57,57,57,54,52,49,47,47,45,45,41,43,42,41,41,40,38,38,34,32,30,30,30,25,26,21,20,0,0,0,0,0,0,0,43,45,47,50,52,54,55,58,61,63,64,64,64,64,65,65,60,64,61,61,62,61,63,62,63,62,62,60
20260804_015555_897cb2,1785805455340737,1185015179,2,2,0,-49,128,0,16,16,15,15,14,13,13,13,13,12,12,11,11,12,10,10,10,9,9,8,9,6,6,6,5,5,0,0,0,0,0,0,0,0,0,0,0,12,13,14,14,15,16,17,17,18,18,18,18,18,18,17,18,18,18,18,17,18,18,18,17,18,17,0,62,59,55,56,52,50,48,45,43,43,40,40,39,42,38,38,40,32,33,30,30,28,24,21,20,19,20,16,0,0,0,0,0,0,0,40,44,46,49,52,53,56,59,62,62,64,65,67,65,66,67,66,65,65,64,65,65,65,66,64,63,65,62
20260804_015555_897cb2,1785805455439593,1185112696,2,2,0,-49,128,0,16,17,16,15,14,14,14,14,13,12,13,12,12,11,11,11,10,10,10,9,9,8,7,7,7,7,0,0,0,0,0,0,0,0,0,0,0,14,15,15,17,17,18,18,19,19,19,20,20,20,19,18,19,19,18,19,19,18,18,18,17,17,17,0,30,30,30,28,27,26,25,24,24,23,23,21,21,21,21,20,19,19,18,17,17,15,14,13,12,12,9,9,0,0,0,0,0,0,0,22,24,26,27,29,30,31,32,33,35,34,35,36,35,34,34,34,34,34,33,34,34,33,33,33,33,33,33
20260804_015555_897cb2,1785805455537553,1185210542,2,2,0,-49,128,0,15,15,15,15,13,13,13,12,11,12,11,11,10,10,10,10,9,9,9,8,7,7,6,5,5,5,0,0,0,0,0,0,0,0,0,0,0,14,15,16,16,16,17,18,18,18,19,19,19,19,18,18,18,18,17,18,18,18,17,17,17,16,16,0,28,28,27,27,25,24,23,21,21,21,20,19,18,18,16,16,17,16,14,14,13,12,11,11,8,8,8,7,0,0,0,0,0,0,0,23,24,25,26,28,29,31,32,32,33,34,34,33,34,34,33,33,32,32,32,32,31,31,33,31,30,30,30
20260804_015555_897cb2,1785805455635302,1185310352,2,2,0,-50,128,0,16,15,15,14,14,13,12,12,12,11,11,10,9,9,9,9,9,9,8,7,6,5,4,4,4,3,0,0,0,0,0,0,0,0,0,0,0,12,13,13,14,15,16,16,17,17,18,18,18,18,17,17,17,18,17,17,17,17,17,16,17,17,17,0,29,28,26,27,24,24,22,22,20,22,20,17,17,16,17,16,15,15,14,12,11,10,8,8,7,7,5,4,0,0,0,0,0,0,0,20,22,23,23,26,25,28,28,30,31,31,32,32,32,32,32,31,32,30,32,30,31,31,30,31,30,30,30
20260804_015555_897cb2,1785805455733418,1185410553,2,2,0,-52,128,0,14,14,13,13,12,12,11,11,10,10,9,9,9,8,8,7,8,7,6,6,5,5,4,4,3,3,0,0,0,0,0,0,0,0,0,0,0,14,14,15,15,16,16,17,18,19,19,18,18,18,18,18,17,17,16,16,16,16,16,16,16,15,15,0,28,26,26,24,24,23,22,20,19,19,18,18,17,17,15,15,14,13,12,11,11,9,9,7,7,6,6,5,0,0,0,0,0,0,0,24,25,26,27,28,31,31,33,34,34,35,35,35,34,35,34,33,33,33,32,33,32,32,31,30,31,31,29
20260804_015555_897cb2,1785805455838006,1185510676,2,2,0,-53,128,0,14,13,13,13,12,11,11,10,9,9,9,8,8,7,7,6,6,6,5,5,4,4,3,2,2,2,0,0,0,0,0,0,0,0,0,0,0,13,13,14,14,15,15,16,16,16,16,18,16,17,17,16,16,16,16,16,16,16,16,15,16,15,15,0,28,27,26,24,24,22,21,20,19,18,17,16,15,15,14,13,12,12,11,9,8,7,6,5,5,4,4,4,0,0,0,0,0,0,0,23,24,25,26,27,28,30,30,32,31,33,34,34,34,34,33,34,33,32,32,32,32,32,32,31,31,30,30
20260804_015555_897cb2,1785805455948263,1185621404,2,2,0,-52,128,0,16,14,14,13,13,12,12,12,10,9,9,9,8,8,8,7,7,6,6,5,4,4,3,3,2,2,0,0,0,0,0,0,0,0,0,0,0,13,14,14,14,16,16,16,18,18,18,18,18,18,18,18,18,18,16,17,17,17,17,17,17,17,16,0,57,56,53,51,49,46,45,42,40,37,35,34,33,31,28,29,25,23,21,19,17,15,13,11,10,9,8,8,0,0,0,0,0,0,0,44,47,48,51,54,57,56,60,63,65,66,67,67,66,66,67,67,66,65,63,65,63,64,63,64,62,62,59
20260804_015555_897cb2,1785805456050525,1185722473,2,2,0,-51,128,0,16,16,15,14,13,13,13,12,12,11,11,10,10,10,9,9,8,8,7,7,6,6,5,5,4,4,0,0,0,0,0,0,0,0,0,0,0,13,14,14,16,16,16,17,18,18,18,18,18,18,18,18,18,18,18,18,18,17,18,17,17,17,17,0,57,56,55,50,50,50,45,43,44,41,39,37,36,34,32,30,29,29,28,25,21,22,19,19,16,16,14,13,0,0,0,0,0,0,0,45,46,48,50,53,56,58,62,62,64,66,66,66,65,65,66,67,65,64,64,64,64,64,64,59,63,62,61
20260804_015555_897cb2,1785805456135138,1185810635,2,2,0,-53,128,0,17,16,16,15,15,13,13,13,12,12,11,11,10,10,10,9,9,8,8,7,7,6,5,6,4,5,0,0,0,0,0,0,0,0,0,0,0,14,14,15,15,16,16,17,17,17,19,19,19,18,18,18,18,18,18,17,17,17,18,18,18,18,17,0,60,60,56,55,52,51,48,46,44,43,41,37,36,36,36,34,32,29,30,25,24,21,20,19,17,15,15,14,0,0,0,0,0,0,0,46,48,49,49,54,54,59,60,63,64,66,66,66,64,66,66,65,67,64,66,65,66,66,64,66,65,62,63
20260804_015555_897cb2,1785805456236687,1185911087,2,2,0,-52,128,0,17,16,16,15,15,14,14,13,13,13,12,11,11,11,11,10,10,9,9,8,8,7,6,6,5,5,0,0,0,0,0,0,0,0,0,0,0,14,14,15,16,16,17,17,18,18,18,18,18,18,18,18,18,18,18,18,18,18,18,18,18,18,18,0,30,29,29,28,26,25,24,23,22,23,21,20,20,19,19,18,17,17,16,15,14,12,11,10,10,9,8,8,0,0,0,0,0,0,0,23,23,24,25,27,28,29,30,31,32,33,33,34,34,33,33,31,33,32,33,32,32,32,32,32,31,31,31
20260804_015555_897cb2,1785805456335313,1186010364,2,2,0,-52,128,0,16,16,15,15,14,13,12,12,11,11,11,10,9,9,9,9,8,8,8,7,7,6,6,5,4,4,0,0,0,0,0,0,0,0,0,0,0,13,14,14,15,15,16,16,16,17,17,17,17,17,17,17,17,17,17,17,17,17,17,17,17,17,17,0,30,28,28,27,25,25,22,22,22,22,21,20,19,18,16,16,16,16,14,13,12,11,10,9,8,7,6,7,0,0,0,0,0,0,0,22,23,23,25,26,27,28,29,30,30,31,32,32,32,33,32,31,32,32,31,31,32,31,31,31,31,30,31
20260804_015555_897cb2,1785805456433723,1186110373,2,2,0,-51,128,0,17,16,16,15,14,13,13,12,12,11,11,10,10,9,9,9,8,8,7,6,6,5,4,4,3,3,0,0,0,0,0,0,0,0,0,0,0,15,15,16,16,16,18,18,19,19,20,19,19,19,19,19,19,19,19,19,19,18,18,18,18,18,18,0,57,54,54,50,51,47,45,41,39,38,38,36,33,32,31,29,28,26,24,22,20,17,16,15,13,10,9,8,0,0,0,0,0,0,0,45,48,49,52,54,56,59,62,64,66,65,67,69,67,66,65,66,65,65,63,66,64,62,62,62,63,62,59
20260804_015555_897cb2,1785805456537638,1186212472,2,2,0,-53,128,0,17,16,14,14,14,12,12,11,11,11,10,9,8,8,8,7,7,6,6,5,5,4,4,4,2,2,0,0,0,0,0,0,0,0,0,0,0,14,14,14,15,17,17,17,18,18,19,19,19,19,19,19,18,18,18,18,18,18,18,17,17,18,17,0,28,28,26,25,24,24,22,21,19,19,17,17,16,15,14,13,12,11,10,9,8,7,6,6,5,5,3,3,0,0,0,0,0,0,0,22,23,25,26,27,28,29,29,32,33,34,35,33,33,34,34,33,33,33,33,32,32,34,33,33,32,31,30
20260804_015555_897cb2,1785805456635609,1186313102,2,2,0,-53,128,0,16,15,15,14,13,13,12,12,11,10,10,9,9,8,8,7,7,6,6,5,5,4,4,3,3,2,0,0,0,0,0,0,0,0,0,0,0,12,12,13,13,14,14,15,16,16,17,17,17,17,17,17,17,17,17,17,17,17,17,17,17,17,16,0,31,31,30,28,26,26,24,23,22,21,19,19,17,17,15,15,13,12,11,10,9,7,7,5,4,4,3,2,0,0,0,0,0,0,0,21,22,23,24,26,27,28,29,30,31,33,35,34,35,35,35,34,35,35,34,34,34,34,34,34,34,34,33
20260804_015555_897cb2,1785805456735055,1186411515,2,2,0,-54,128,0,17,17,16,16,16,15,14,14,13,13,13,12,12,11,11,10,10,9,9,8,8,8,7,6,6,5,0,0,0,0,0,0,0,0,0,0,0,11,13,13,14,15,15,15,16,17,17,18,18,18,18,18,19,17,19,18,18,18,18,18,18,18,18,0,62,61,58,56,53,52,50,49,46,46,43,42,41,38,38,36,34,32,30,29,27,24,22,22,20,16,16,15,0,0,0,0,0,0,0,38,40,41,42,46,48,51,53,54,57,60,61,60,62,64,65,64,64,65,64,63,64,65,66,65,65,65,63
20260804_015555_897cb2,1785805456867075,1186540810,2,2,0,-52,128,0,16,16,16,15,14,14,14,12,13,13,12,11,11,11,11,11,10,9,9,8,8,8,7,6,6,5,0,0,0,0,0,0,0,0,0,0,0,10,11,11,12,13,14,14,15,16,16,16,17,17,17,17,17,17,17,17,17,17,17,17,17,17,17,0,63,61,60,56,56,53,51,50,48,46,45,43,41,41,38,40,37,37,35,33,32,28,27,26,23,23,20,18,0,0,0,0,0,0,0,34,37,38,41,43,47,48,52,53,56,59,59,61,62,61,63,64,62,65,63,65,64,64,64,64,66,65,64
20260804_015555_897cb2,1785805456936629,1186610081,2,2,0,-54,128,0,17,18,16,16,15,15,15,14,13,14,12,12,11,11,11,11,11,9,9,9,9,8,7,7,7,6,0,0,0,0,0,0,0,0,0,0,0,12,12,13,13,15,15,16,16,17,17,17,17,18,19,18,19,18,19,18,18,18,19,18,18,18,17,0,60,60,60,56,54,54,50,47,45,48,45,41,41,40,39,38,35,35,35,31,32,29,26,22,25,24,20,18,0,0,0,0,0,0,0,40,42,43,44,48,49,52,53,56,57,61,63,62,65,66,65,65,66,64,68,65,65,65,67,65,64,68,68
20260804_015555_897cb2,1785805457040577,1186712079,2,2,0,-56,128,0,17,16,16,16,14,14,14,13,13,13,13,12,11,11,11,11,11,11,10,9,10,8,8,8,8,7,0,0,0,0,0,0,0,0,0,0,0,11,11,12,13,13,13,15,16,16,17,16,17,17,17,16,17,17,17,17,17,17,18,17,18,18,17,0,63,59,65,56,56,51,51,49,51,51,47,44,42,42,40,42,39,39,37,36,33,33,29,28,28,27,25,23,0,0,0,0,0,0,0,36,38,41,45,45,48,50,53,54,56,58,59,62,60,59,63,64,64,63,63,64,62,62,63,66,60,62,62
20260804_015555_897cb2,1785805457134209,1186810267,2,2,0,-53,128,0,15,15,15,15,14,14,14,14,14,14,13,13,13,13,13,13,13,13,12,12,12,12,12,11,11,10,0,0,0,0,0,0,0,0,0,0,0,8,9,9,9,9,10,10,11,11,13,12,13,14,14,14,14,14,14,14,15,15,15,15,15,15,15,0,60,60,57,58,56,56,56,53,54,53,53,52,53,51,52,51,51,51,50,50,47,48,43,43,42,40,39,38,0,0,0,0,0,0,0,28,30,31,32,34,37,39,39,43,46,49,48,50,51,52,52,52,53,52,53,53,57,56,57,57,59,59,60
20260804_015555_897cb2,1785805457237565,1186910584,2,2,0,-51,128,0,16,16,16,16,16,15,16,16,16,15,15,16,16,16,16,16,16,16,16,16,15,15,13,13,13,13,0,0,0,0,0,0,0,0,0,0,0,8,8,9,9,9,10,10,11,11,11,11,11,12,12,12,13,13,13,13,13,13,14,14,15,15,15,0,58,57,59,57,59,57,58,56,57,57,57,56,57,59,59,60,59,58,59,57,57,55,53,51,50,49,47,45,0,0,0,0,0,0,0,27,28,30,32,33,35,35,38,39,40,42,42,44,45,46,46,47,48,48,48,50,51,52,53,54,54,55,57
20260804_015555_897cb2,1785805457336386,1187010695,2,2,0,-52,128,0,15,16,15,15,15,15,15,15,14,15,15,14,14,14,15,16,15,15,15,15,15,14,13,13,13,12,0,0,0,0,0,0,0,0,0,0,0,7,8,8,8,9,9,10,10,10,11,11,11,12,12,12,12,12,12,13,13,13,13,14,14,14,14,0,58,61,58,58,57,59,58,59,57,59,59,58,57,57,60,60,60,58,59,57,58,55,55,51,51,49,49,46,0,0,0,0,0,0,0,26,27,28,28,32,32,35,36,38,39,41,44,44,43,46,47,47,48,48,50,50,51,54,54,56,56,58,56
20260804_015555_897cb2,1785805457440565,1187111666,2,2,0,-52,128,0,16,16,16,16,15,15,15,14,15,15,15,14,14,14,15,15,14,14,14,14,13,13,13,12,13,11,0,0,0,0,0,0,0,0,0,0,0,9,9,9,9,11,11,11,12,12,13,13,13,14,13,13,14,14,14,14,14,14,16,16,16,16,16,0,57,59,57,59,56,58,55,55,54,57,56,55,53,52,56,54,55,54,55,53,53,50,50,47,45,42,45,43,0,0,0,0,0,0,0,29,29,30,33,36,36,40,40,43,45,47,50,50,50,50,49,50,54,52,54,53,54,57,55,59,59,60,58
20260804_015555_897cb2,1785805457539725,1187211468,2,2,0,-53,128,0,15,15,15,14,14,14,13,13,13,13,13,12,13,13,13,13,12,12,12,12,11,11,11,10,10,10,0,0,0,0,0,0,0,0,0,0,0,11,11,12,12,13,13,14,14,16,16,16,16,16,16,16,16,16,16,16,16,16,16,15,16,16,16,0,60,58,57,56,53,53,51,51,50,51,48,48,48,47,48,46,46,46,47,45,44,43,41,38,38,36,36,35,0,0,0,0,0,0,0,37,39,40,42,46,47,49,51,54,55,59,59,59,60,59,61,59,60,59,58,58,59,61,60,61,58,60,59
20260804_015555_897cb2,1785805457637642,1187310566,2,2,0,-52,128,0,15,14,13,13,13,12,12,11,11,10,10,10,9,9,9,9,8,8,7,7,6,6,6,5,5,5,0,0,0,0,0,0,0,0,0,0,0,14,15,16,16,17,17,17,18,18,19,19,19,19,19,18,18,17,17,17,17,17,17,16,17,16,16,0,26,26,25,23,22,22,21,20,19,18,18,17,17,16,15,15,16,13,14,13,12,11,11,10,10,9,9,8,0,0,0,0,0,0,0,24,24,26,27,28,30,31,31,33,33,35,35,34,33,33,33,32,32,31,31,31,30,30,30,30,30,29,29
20260804_015555_897cb2,1785805457735090,1187410782,2,2,0,-51,128,0,15,16,15,14,14,13,13,12,11,11,10,10,10,9,9,9,8,7,7,6,6,6,5,5,4,4,0,0,0,0,0,0,0,0,0,0,0,14,14,15,16,17,17,18,19,20,20,20,20,20,20,19,19,19,19,19,19,19,18,17,17,17,16,0,28,29,27,26,25,23,23,22,21,20,19,19,18,17,16,15,14,14,12,12,11,10,9,8,7,8,6,6,0,0,0,0,0,0,0,23,24,25,27,27,29,31,32,33,34,35,35,35,36,35,35,35,34,34,34,33,33,33,33,31,32,32,31
20260804_015555_897cb2,1785805457839497,1187512698,2,2,0,-49,128,0,16,16,16,14,14,14,13,13,12,12,11,11,10,11,10,10,10,9,9,8,8,7,7,6,6,6,0,0,0,0,0,0,0,0,0,0,0,14,15,16,17,17,18,18,19,19,19,19,19,18,19,18,18,18,17,18,18,17,17,17,17,17,16,0,28,28,28,27,25,23,22,22,21,21,20,20,19,19,18,17,17,16,15,14,14,13,12,11,9,9,8,8,0,0,0,0,0,0,0,23,24,26,26,28,29,30,31,31,34,35,34,34,33,34,33,32,33,31,31,32,31,31,31,31,30,30,29
20260804_015555_897cb2,1785805457937323,1187610006,2,2,0,-47,128,0,14,14,14,13,12,12,11,10,10,10,10,9,9,8,8,8,8,8,7,7,7,6,6,6,5,5,0,0,0,0,0,0,0,0,0,0,0,14,14,15,16,16,17,17,18,18,18,18,18,18,18,18,18,17,16,16,17,16,17,16,16,16,16,0,55,53,53,48,47,44,43,41,40,37,38,36,33,34,31,32,30,30,28,26,25,23,22,23,19,19,18,17,0,0,0,0,0,0,0,46,49,51,54,55,60,62,64,65,67,68,66,69,68,68,66,67,64,66,62,64,62,62,59,59,60,60,59
20260804_015555_897cb2,1785805458035712,1187710713,2,2,0,-46,128,0,13,13,13,12,11,11,11,10,10,10,10,9,9,9,9,9,9,8,8,8,8,7,7,7,6,6,0,0,0,0,0,0,0,0,0,0,0,15,15,16,16,17,17,18,18,18,18,18,18,18,17,17,17,16,16,16,16,15,15,15,15,15,14,0,26,23,24,22,22,22,21,20,19,18,18,17,17,17,16,17,16,15,15,14,14,13,13,13,11,13,11,11,0,0,0,0,0,0,0,25,27,27,29,29,30,31,32,33,33,34,33,33,32,32,32,32,30,30,29,30,29,29,28,27,28,27,27
20260804_015555_897cb2,1785805458140266,1187811543,2,2,0,-48,128,0,17,16,15,15,14,13,12,12,12,12,11,10,10,10,10,10,10,9,9,8,8,7,7,7,6,6,0,0,0,0,0,0,0,0,0,0,0,15,15,16,16,17,17,18,19,19,19,19,19,19,18,18,18,18,18,18,18,17,17,17,17,17,17,0,28,28,26,26,24,24,22,23,21,21,20,19,19,18,19,17,18,17,16,15,14,13,11,12,11,11,10,10,0,0,0,0,0,0,0,24,25,25,26,27,29,30,31,33,33,34,34,34,33,34,33,33,33,31,31,30,31,31,30,30,31,30,29
20260804_015555_897cb2,1785805458238360,1187912849,2,2,0,-49,128,0,15,14,14,13,13,12,11,11,10,10,9,10,9,9,8,8,8,7,7,7,6,6,6,6,5,5,0,0,0,0,0,0,0,0,0,0,0,14,15,15,17,17,18,18,18,18,19,19,19,19,19,19,18,18,17,17,17,17,17,16,16,16,15,0,26,26,25,24,24,22,21,20,19,19,18,18,16,16,16,14,14,14,14,13,12,12,10,10,9,9,9,9,0,0,0,0,0,0,0,25,27,27,28,29,30,31,32,33,34,35,35,35,35,34,34,33,33,32,31,31,30,31,30,30,30,28,28
20260804_015555_897cb2,1785805458336170,1188011163,2,2,0,-47,128,0,16,16,16,15,14,14,13,13,13,13,12,12,11,11,11,11,11,10,9,9,9,9,9,8,7,7,0,0,0,0,0,0,0,0,0,0,0,14,15,14,16,16,16,17,18,18,18,18,18,18,18,18,18,18,17,17,18,18,17,17,17,17,16,0,58,55,55,51,51,49,48,45,45,45,43,42,42,42,38,40,37,37,36,35,32,31,29,28,26,25,24,23,0,0,0,0,0,0,0,46,48,48,51,53,54,58,57,61,63,64,64,64,64,64,64,64,62,61,62,62,60,61,61,60,60,60,60
20260804_015555_897cb2,1785805458441012,1188113853,2,2,0,-50,128,0,14,14,13,13,12,12,11,10,11,11,9,9,8,8,8,8,7,6,6,6,5,5,4,4,4,4,0,0,0,0,0,0,0,0,0,0,0,14,14,15,16,17,17,18,18,19,18,18,18,18,18,18,17,17,17,17,17,17,17,16,16,16,16,0,27,27,26,24,24,23,21,20,19,19,18,16,16,15,15,15,13,14,12,10,11,9,8,8,6,6,6,6,0,0,0,0,0,0,0,26,26,26,27,30,31,32,32,34,33,35,35,34,35,34,35,34,33,32,31,32,32,33,31,31,30,29,29
20260804_015555_897cb2,1785805458538869,1188212655,2,2,0,-49,128,0,14,14,14,14,12,12,12,11,11,10,10,9,9,9,9,9,8,8,8,7,7,5,5,5,4,4,0,0,0,0,0,0,0,0,0,0,0,13,14,15,15,17,16,17,16,18,18,18,18,18,17,17,17,17,17,17,16,16,16,16,16,16,16,0,57,53,52,51,48,48,44,42,40,40,38,37,34,35,34,32,32,28,28,25,25,22,21,18,16,16,16,15,0,0,0,0,0,0,0,46,49,50,51,56,58,59,61,66,64,66,67,66,67,65,65,65,64,63,64,63,60,62,61,61,62,59,57
20260804_015555_897cb2,1785805458636944,1188311025,2,2,0,-49,128,0,16,15,14,14,13,13,12,12,11,11,11,10,10,9,9,9,9,8,8,7,7,6,6,5,5,4,0,0,0,0,0,0,0,0,0,0,0,15,16,17,17,18,18,18,19,19,20,20,19,20,19,19,19,18,18,17,17,17,17,17,17,16,16,0,28,26,25,24,24,24,21,21,20,19,19,17,16,16,17,16,15,15,14,13,12,11,10,8,8,7,6,7,0,0,0,0,0,0,0,25,25,26,27,28,30,31,32,32,33,33,33,34,34,34,33,32,32,30,31,31,30,30,29,30,29,29,28
20260804_015555_897cb2,1785805458734477,1188411916,2,2,0,-52,128,0,14,14,13,13,12,12,11,10,10,10,9,9,9,8,8,8,8,7,7,7,6,6,6,5,5,5,0,0,0,0,0,0,0,0,0,0,0,12,13,14,14,15,15,16,17,17,18,17,18,17,17,17,17,17,17,16,16,16,16,16,16,15,15,0,28,25,25,25,24,24,22,21,20,19,19,18,16,16,16,16,15,15,15,13,12,11,10,10,10,9,8,8,0,0,0,0,0,0,0,21,23,24,25,26,27,28,29,31,32,33,32,34,33,33,33,32,32,32,31,31,31,30,30,30,30,29,28
20260804_015555_897cb2,1785805458837302,1188511120,2,2,0,-51,128,0,16,16,15,14,14,13,13,13,12,12,11,11,11,11,10,10,10,9,9,8,8,7,7,6,6,6,0,0,0,0,0,0,0,0,0,0,0,13,14,14,16,16,16,18,18,18,19,19,19,19,19,19,19,18,18,18,18,18,18,17,18,18,17,0,58,56,54,54,50,50,47,46,44,43,41,40,39,37,37,35,35,34,31,30,29,26,25,22,22,21,18,19,0,0,0,0,0,0,0,44,46,48,50,52,55,59,59,61,63,64,68,67,67,66,66,66,65,64,64,64,63,63,63,63,62,60,59
20260804_015555_897cb2,1785805458934544,1188611080,2,2,0,-51,128,0,16,15,14,14,13,13,12,12,11,11,11,11,11,10,10,9,9,8,8,8,7,6,6,6,5,4,0,0,0,0,0,0,0,0,0,0,0,13,14,14,15,16,17,17,17,18,19,18,18,18,17,17,18,17,17,17,17,17,17,17,17,17,16,0,28,27,26,25,25,24,22,22,21,20,19,18,18,18,18,16,16,16,15,13,13,12,11,11,9,9,8,7,0,0,0,0,0,0,0,21,23,23,25,25,28,29,30,30,32,32,33,33,32,32,32,32,32,31,31,31,31,31,30,31,30,29,29
20260804_015555_897cb2,1785805459035515,1188711955,2,2,0,-53,128,0,15,15,14,13,13,13,12,12,11,11,11,10,10,10,9,9,9,8,8,7,7,6,6,6,5,5,0,0,0,0,0,0,0,0,0,0,0,14,14,15,15,16,16,17,17,17,17,17,17,17,17,17,16,16,16,16,16,16,16,16,16,16,15,0,29,29,27,27,26,26,24,23,22,21,21,20,20,19,18,17,17,16,16,15,14,13,12,11,10,9,9,8,0,0,0,0,0,0,0,25,26,27,28,29,30,31,32,33,34,33,35,34,35,34,34,33,34,31,32,32,32,32,31,31,31,30,30
20260804_015555_897cb2,1785805459182798,1188856561,2,2,0,-52,128,0,15,14,14,13,13,12,12,11,11,10,10,10,9,9,8,8,8,7,7,7,6,6,5,5,5,4,0,0,0,0,0,0,0,0,0,0,0,16,17,17,18,18,19,19,19,20,20,19,19,19,19,18,18,18,17,17,17,17,17,16,16,16,15,0,26,26,25,24,23,22,21,20,19,18,17,18,17,16,15,15,15,13,13,12,11,11,10,9,8,7,7,6,0,0,0,0,0,0,0,27,28,30,30,32,32,34,33,35,35,36,36,35,35,35,34,33,33,32,32,30,31,30,30,29,29,28,27
20260804_015555_897cb2,1785805459234534,1188910930,2,2,0,-49,128,0,17,16,16,16,15,14,14,13,13,12,13,12,12,11,12,11,10,11,10,10,9,8,8,7,7,7,0,0,0,0,0,0,0,0,0,0,0,13,13,14,14,15,16,17,18,18,18,19,18,18,18,17,18,18,17,18,18,18,18,17,17,18,18,0,32,30,28,26,26,25,25,24,24,22,23,21,22,21,20,18,17,18,14,17,15,15,13,12,13,11,9,10,0,0,0,0,0,0,0,20,22,22,25,26,26,28,29,30,31,32,32,32,33,33,32,33,33,32,32,32,32,31,31,32,32,33,31
20260804_015555_897cb2,1785805459335221,1189011204,2,2,0,-50,128,0,15,15,14,14,13,12,12,11,10,10,9,8,8,7,7,7,6,6,5,4,4,4,3,3,2,1,0,0,0,0,0,0,0,0,0,0,0,16,17,18,18,19,19,20,20,21,21,20,20,20,20,19,19,19,18,18,18,18,18,18,17,17,17,0,28,25,26,25,23,20,21,19,17,17,16,14,14,14,13,11,11,10,9,10,7,7,5,5,3,3,2,1,0,0,0,0,0,0,0,25,27,27,30,30,32,32,34,35,36,36,36,35,35,35,35,35,33,33,32,31,32,31,31,30,30,30,28
20260804_015555_897cb2,1785805459438882,1189112228,2,2,0,-53,128,0,14,13,13,12,12,11,10,9,9,9,8,8,7,6,6,6,6,5,5,5,5,4,4,4,4,4,0,0,0,0,0,0,0,0,0,0,0,15,15,16,17,17,18,18,19,19,19,19,19,18,19,18,18,17,17,17,17,16,16,16,15,15,15,0,26,25,25,23,21,21,21,18,16,16,15,15,13,13,11,11,10,10,9,9,9,8,8,9,8,8,8,7,0,0,0,0,0,0,0,28,28,29,30,32,33,34,35,35,37,37,37,37,37,36,35,34,34,34,33,33,32,32,31,30,30,30,28
20260804_015555_897cb2,1785805459536555,1189211485,2,2,0,-52,128,0,15,15,14,14,13,12,12,11,11,11,11,10,9,9,9,8,8,8,8,7,7,6,6,5,5,5,0,0,0,0,0,0,0,0,0,0,0,12,13,14,14,15,15,16,16,17,18,17,18,17,17,17,18,17,17,17,17,16,16,16,16,16,16,0,29,28,28,26,26,25,23,22,21,21,21,19,18,18,17,17,16,16,15,14,13,12,11,11,10,9,8,8,0,0,0,0,0,0,0,22,24,24,25,26,27,28,30,30,31,33,32,33,33,34,33,33,33,32,31,32,31,32,32,31,31,31,31
20260804_015555_897cb2,1785805459640375,1189314598,2,2,0,-51,128,0,16,16,14,14,13,13,13,11,12,10,10,10,9,9,9,8,8,7,7,7,5,5,4,4,4,4,0,0,0,0,0,0,0,0,0,0,0,13,13,14,15,15,17,17,17,18,18,18,18,18,18,18,18,18,18,17,17,17,17,17,17,17,17,0,30,29,28,27,27,26,23,22,21,20,20,19,18,18,17,16,14,13,14,11,11,9,10,9,6,6,6,6,0,0,0,0,0,0,0,22,24,24,26,26,29,29,31,33,34,32,33,34,34,35,34,34,33,34,32,34,34,33,32,31,33,32,32
20260804_015555_897cb2,1785805459738193,1189413632,2,2,0,-50,128,0,17,17,17,15,14,14,14,13,13,12,12,11,11,11,11,10,10,10,8,8,8,8,7,7,6,6,0,0,0,0,0,0,0,0,0,0,0,14,15,16,17,17,17,18,18,19,20,20,20,20,19,19,19,19,19,19,19,18,18,18,19,17,17,0,30,30,28,27,26,24,24,23,21,21,21,19,20,18,18,17,17,17,16,15,13,12,11,11,10,10,8,7,0,0,0,0,0,0,0,23,24,24,27,27,29,31,32,32,34,35,36,35,35,35,34,34,34,34,33,34,33,32,32,32,31,32,31
20260804_015555_897cb2,1785805459837557,1189510929,2,2,0,-50,128,0,13,13,13,12,12,11,11,10,10,9,9,9,8,8,8,7,7,7,6,6,5,5,4,4,3,4,0,0,0,0,0,0,0,0,0,0,0,14,14,15,16,16,17,18,18,18,18,18,18,17,17,17,17,17,16,17,17,17,16,16,16,16,16,0,26,26,24,24,22,22,20,20,18,19,17,18,16,16,15,15,15,14,12,12,10,10,8,7,7,7,6,6,0,0,0,0,0,0,0,25,26,27,27,31,31,33,33,34,34,34,36,35,35,35,34,34,34,32,32,32,32,32,30,31,31,30,30
20260804_015555_897cb2,1785805459934899,1189611048,2,2,0,-49,128,0,14,14,14,13,13,12,12,12,11,11,11,10,10,9,9,9,9,9,8,8,7,7,7,6,6,5,0,0,0,0,0,0,0,0,0,0,0,13,13,14,15,15,15,16,16,16,17,17,17,17,16,16,17,16,16,16,16,16,16,16,16,16,16,0,27,26,27,25,25,24,23,21,21,20,20,19,19,19,18,17,17,15,15,14,14,13,12,12,11,11,9,9,0,0,0,0,0,0,0,21,23,23,24,26,28,28,29,31,32,33,33,33,33,32,33,31,31,31,31,32,32,31,31,31,30,29,29
20260804_015555_897cb2,1785805460038905,1189711113,2,2,0,-48,128,0,17,15,15,14,14,14,13,13,13,11,12,11,11,11,11,11,10,10,9,9,8,8,7,7,6,6,0,0,0,0,0,0,0,0,0,0,0,14,16,16,17,17,18,18,19,19,19,19,18,19,18,18,18,18,17,18,18,18,18,17,18,17,17,0,29,28,27,26,26,24,22,22,22,22,20,20,19,18,19,17,18,17,16,16,14,14,13,12,11,10,10,9,0,0,0,0,0,0,0,24,24,25,27,28,29,30,31,32,34,33,34,34,34,33,33,33,33,33,33,31,32,32,31,31,30,30,30
20260804_015555_897cb2,1785805460136473,1189811533,2,2,0,-50,128,0,16,16,16,16,14,14,14,13,12,12,12,12,11,12,11,10,10,9,9,9,8,7,7,7,6,5,0,0,0,0,0,0,0,0,0,0,0,13,14,14,14,16,16,17,17,18,18,18,18,18,18,18,18,17,17,18,18,18,18,17,18,18,17,0,59,59,59,55,54,52,50,50,47,43,44,41,40,42,38,38,36,36,35,32,29,25,25,25,21,21,18,18,0,0,0,0,0,0,0,41,44,47,50,52,55,56,60,63,64,66,64,66,67,65,65,65,65,66,63,66,64,64,64,64,64,66,64
20260804_015555_897cb2,1785805460235499,1189911659,2,2,0,-49,128,0,17,17,15,15,14,14,14,13,13,13,12,12,12,12,11,11,11,11,10,10,9,8,8,9,7,7,0,0,0,0,0,0,0,0,0,0,0,11,12,12,13,14,14,14,16,16,16,16,17,17,17,17,17,17,18,17,17,17,17,17,17,17,17,0,59,59,57,55,53,52,48,48,47,48,46,44,42,41,43,42,40,39,37,34,33,30,31,28,26,26,25,25,0,0,0,0,0,0,0,36,38,39,42,45,48,50,53,56,58,59,59,62,62,60,61,62,62,62,62,65,64,64,62,64,64,62,61
20260804_015555_897cb2,1785805460338351,1190010827,2,2,0,-49,128,0,16,16,15,15,15,14,14,13,13,13,12,12,12,12,12,12,11,11,11,10,10,9,9,8,8,7,0,0,0,0,0,0,0,0,0,0,0,12,12,13,14,15,16,16,16,17,17,17,17,17,18,16,17,16,16,17,17,16,17,16,17,16,16,0,59,57,57,54,54,52,50,49,48,45,44,45,43,45,41,42,41,40,39,38,36,35,33,32,29,29,28,25,0,0,0,0,0,0,0,40,41,45,46,48,53,53,57,59,60,62,60,63,61,63,63,63,61,64,61,62,62,61,62,59,62,63,59
20260804_015555_897cb2,1785805460436855,1190110603,2,2,0,-49,128,0,16,16,16,15,15,14,13,13,12,12,12,12,12,10,11,11,10,10,10,9,9,8,8,7,7,7,0,0,0,0,0,0,0,0,0,0,0,13,13,14,16,16,16,17,17,17,18,19,19,19,18,18,18,17,17,18,18,18,17,17,17,17,17,0,59,56,55,52,52,50,47,46,44,42,43,40,39,40,37,38,37,35,32,31,30,29,26,26,24,24,20,20,0,0,0,0,0,0,0,42,44,46,48,51,55,55,58,59,60,64,63,65,66,64,64,65,62,65,63,63,64,62,64,60,59,62,61
20260804_015555_897cb2,1785805460536572,1190210880,2,2,0,-51,128,0,14,14,14,13,13,13,12,11,10,10,10,10,10,10,9,9,8,8,8,7,7,6,6,5,5,4,0,0,0,0,0,0,0,0,0,0,0,13,13,14,14,15,16,16,17,17,17,16,16,17,17,16,16,16,16,16,16,16,16,16,15,15,15,0,57,54,53,52,49,49,46,46,42,43,40,38,35,36,37,36,35,35,31,29,27,27,26,22,21,22,18,16,0,0,0,0,0,0,0,45,47,49,50,54,56,60,59,61,64,64,66,69,65,64,66,62,65,61,61,60,61,62,60,60,60,60,60
20260804_015555_897cb2,1785805460636421,1190311058,2,2,0,-50,128,0,16,15,15,14,13,13,13,12,12,12,10,10,10,9,10,9,9,8,9,7,8,7,7,6,6,6,0,0,0,0,0,0,0,0,0,0,0,14,14,15,15,17,17,17,18,18,19,19,19,19,18,19,19,18,18,17,17,17,17,17,17,17,17,0,29,29,26,26,24,23,24,22,21,21,20,19,17,18,18,17,17,16,15,14,13,13,12,11,10,10,9,7,0,0,0,0,0,0,0,21,22,24,25,27,28,30,31,32,33,33,35,34,34,32,34,33,33,32,32,32,31,31,31,31,30,31,30
20260804_015555_897cb2,1785805460734840,1190411162,2,2,0,-53,128,0,15,14,14,13,13,12,12,11,11,11,11,10,10,10,9,9,9,9,8,8,7,6,6,6,5,5,0,0,0,0,0,0,0,0,0,0,0,13,14,14,16,16,17,18,18,19,19,19,19,19,19,19,18,18,17,18,17,17,17,16,16,16,16,0,28,27,26,26,23,23,22,21,20,20,20,18,18,17,17,16,16,15,15,14,12,11,12,10,10,9,9,9,0,0,0,0,0,0,0,22,24,24,26,27,29,31,31,33,33,34,35,35,35,34,34,34,34,33,33,32,33,32,31,31,30,30,30
20260804_015555_897cb2,1785805460838182,1190511683,2,2,0,-50,128,0,15,16,15,14,14,14,13,12,12,12,11,11,11,10,10,10,9,9,9,8,8,8,7,7,6,6,0,0,0,0,0,0,0,0,0,0,0,12,13,13,14,15,15,16,16,17,17,17,18,17,17,17,17,16,17,17,17,17,17,16,17,17,17,0,29,27,27,26,25,25,23,23,22,22,20,21,19,20,19,18,18,17,16,16,15,14,13,12,12,11,11,10,0,0,0,0,0,0,0,20,21,22,23,24,26,27,27,29,29,30,31,32,31,31,32,32,31,30,29,31,29,29,31,29,30,29,28
20260804_015555_897cb2,1785805460938029,1190610980,2,2,0,-53,128,0,15,16,14,14,14,13,13,12,12,11,11,11,11,11,10,10,10,9,8,8,8,8,7,7,7,7,0,0,0,0,0,0,0,0,0,0,0,13,14,14,15,16,16,17,18,17,17,18,18,18,17,17,17,17,17,17,17,17,17,16,16,16,16,0,57,56,54,51,49,48,46,44,41,41,40,38,37,35,35,35,33,31,32,29,29,28,26,24,23,22,20,19,0,0,0,0,0,0,0,43,47,47,49,52,55,58,58,62,64,65,66,66,67,66,65,65,64,64,64,62,63,61,62,62,61,60,58
20260804_015555_897cb2,1785805461036331,1190711784,2,2,0,-50,128,0,16,16,15,15,14,14,13,13,12,12,12,11,10,10,10,10,10,9,9,9,8,8,7,7,6,6,0,0,0,0,0,0,0,0,0,0,0,14,14,15,15,16,16,17,18,18,18,18,18,18,18,18,18,17,18,17,17,17,18,17,17,17,17,0,29,28,27,27,25,26,23,23,21,21,20,20,19,18,18,18,17,16,17,15,14,13,13,13,11,11,10,10,0,0,0,0,0,0,0,22,24,24,25,27,28,30,32,33,33,32,34,33,34,33,32,31,33,33,32,32,32,32,31,31,32,31,30
20260804_015555_897cb2,1785805461140169,1190814637,2,2,0,-51,128,0,16,16,14,14,13,13,13,13,13,11,11,11,11,10,11,10,10,9,9,9,8,8,7,7,6,6,0,0,0,0,0,0,0,0,0,0,0,13,14,15,15,16,16,17,18,18,18,17,18,18,17,17,17,17,17,18,16,17,17,17,17,17,16,0,57,55,54,50,50,47,47,44,42,41,42,38,38,38,36,38,37,34,32,32,28,28,25,22,23,21,19,19,0,0,0,0,0,0,0,43,45,46,50,53,55,58,59,59,61,62,65,63,64,62,64,62,61,62,59,62,62,62,59,59,58,59,58
20260804_015555_897cb2,1785805461237949,1190912487,2,2,0,-49,128,0,16,17,16,16,15,15,13,13,13,14,13,12,12,12,12,12,11,11,11,11,11,9,9,8,8,8,0,0,0,0,0,0,0,0,0,0,0,13,13,15,16,16,16,17,18,18,19,19,19,18,18,17,18,18,18,17,17,18,18,18,18,17,16,0,58,58,57,54,53,51,49,49,46,47,46,44,44,41,43,42,39,38,39,40,36,32,32,29,29,26,25,25,0,0,0,0,0,0,0,43,45,45,48,51,54,57,57,58,61,62,64,63,63,62,64,62,64,61,62,62,59,62,63,63,63,62,62
20260804_015555_897cb2,1785805461336833,1191011885,2,2,0,-50,128,0,15,15,14,14,13,12,12,12,11,11,11,11,10,10,10,10,9,9,9,8,7,7,7,6,6,6,0,0,0,0,0,0,0,0,0,0,0,12,13,15,15,15,16,16,16,17,17,17,17,17,17,17,17,17,16,16,16,16,16,16,16,16,16,0,29,27,28,26,25,24,23,22,21,21,22,19,19,19,18,17,18,17,16,16,15,14,14,14,12,11,10,9,0,0,0,0,0,0,0,21,23,24,25,26,27,28,29,31,32,32,33,32,33,32,32,31,32,31,30,32,31,30,31,31,29,31,29
20260804_015555_897cb2,1785805461440069,1191114294,2,2,0,-51,128,0,15,14,13,13,13,12,12,12,11,11,10,10,9,9,9,8,9,8,8,8,8,6,6,6,6,5,0,0,0,0,0,0,0,0,0,0,0,13,13,14,14,16,16,16,17,17,17,17,17,17,17,17,17,17,17,16,16,16,16,16,16,16,16,0,56,55,51,53,49,48,45,43,42,42,38,37,36,35,36,35,33,31,31,30,27,24,25,22,23,21,20,19,0,0,0,0,0,0,0,44,48,48,50,56,52,59,59,62,62,65,66,64,64,64,63,62,65,61,62,63,61,61,61,62,56,60,58
20260804_015555_897cb2,1785805461538244,1191210585,2,2,0,-51,128,0,16,16,15,15,14,14,12,12,12,11,11,10,10,10,10,9,9,9,9,8,8,8,7,7,6,6,0,0,0,0,0,0,0,0,0,0,0,13,15,16,16,17,17,18,18,18,18,19,19,19,18,18,18,17,17,17,17,17,17,17,17,17,17,0,29,27,27,26,25,24,23,23,21,21,20,18,18,18,18,18,16,16,16,14,15,14,13,12,11,11,9,9,0,0,0,0,0,0,0,22,23,25,26,27,29,29,31,31,32,32,33,33,33,32,33,33,31,32,30,31,31,30,30,30,29,29,28
20260804_015555_897cb2,1785805461637732,1191311039,2,2,0,-53,128,0,15,15,14,14,13,13,12,12,11,11,10,10,9,9,9,9,8,8,7,7,6,6,5,5,5,4,0,0,0,0,0,0,0,0,0,0,0,14,15,15,16,16,17,17,18,18,18,18,18,18,18,18,17,18,17,17,17,17,17,17,17,16,16,0,28,28,27,26,24,23,23,21,21,21,20,19,17,17,16,15,15,14,14,13,12,10,10,8,8,7,6,6,0,0,0,0,0,0,0,24,25,26,27,28,29,31,32,33,33,34,34,34,34,34,34,33,33,32,32,32,32,32,32,32,31,31,31
20260804_015555_897cb2,1785805461735521,1191410629,2,2,0,-50,128,0,15,15,15,14,13,13,12,12,11,11,10,10,9,9,9,8,8,8,8,7,7,7,5,5,5,4,0,0,0,0,0,0,0,0,0,0,0,15,15,16,17,18,18,18,18,18,19,19,18,18,18,18,18,17,17,17,16,16,16,16,16,16,16,0,27,27,26,25,25,24,23,22,21,20,20,18,17,17,17,17,17,14,14,12,11,12,12,10,9,7,7,7,0,0,0,0,0,0,0,26,27,27,28,30,32,33,34,35,35,35,35,36,35,34,33,33,33,33,32,33,31,31,30,30,29,30,30
20260804_015555_897cb2,1785805461834648,1191510994,2,2,0,-51,128,0,16,16,14,13,13,13,12,11,11,11,11,9,9,9,9,9,8,8,6,6,6,6,6,4,4,4,0,0,0,0,0,0,0,0,0,0,0,16,16,16,18,18,19,19,20,20,21,21,20,20,20,20,19,19,19,19,19,18,18,18,18,17,17,0,28,26,26,25,23,22,21,20,19,18,18,16,16,16,14,14,14,13,12,11,10,9,8,7,7,6,6,6,0,0,0,0,0,0,0,25,25,26,28,29,31,31,33,34,35,36,36,36,34,34,34,34,34,33,32,32,32,31,32,31,30,30,29
20260804_015555_897cb2,1785805461933721,1191612164,2,2,0,-52,128,0,14,14,13,13,12,11,11,10,9,9,8,8,7,7,7,6,6,5,4,4,4,3,3,2,2,1,0,0,0,0,0,0,0,0,0,0,0,14,15,16,16,17,17,18,18,18,19,18,18,18,18,17,18,17,17,17,17,17,17,16,16,16,15,0,27,27,25,24,23,22,21,19,18,17,16,15,14,14,13,12,11,10,9,8,7,6,6,4,4,3,2,3,0,0,0,0,0,0,0,25,26,27,28,30,30,32,32,33,34,35,35,36,35,36,35,33,34,32,32,33,32,32,31,31,30,30,29
20260804_015555_897cb2,1785805462037697,1191711183,2,2,0,-49,128,0,15,15,14,14,13,13,12,12,12,11,11,11,10,10,10,9,9,9,8,8,8,8,6,6,6,5,0,0,0,0,0,0,0,0,0,0,0,12,13,13,15,15,16,16,16,16,17,17,17,17,17,17,17,16,16,16,17,16,16,16,16,16,15,0,29,30,27,26,24,24,24,23,22,21,21,19,19,18,18,17,18,17,17,16,14,14,12,12,10,10,10,9,0,0,0,0,0,0,0,21,22,23,23,25,27,29,29,30,31,32,33,32,32,33,33,32,32,31,32,31,31,32,32,31,31,31,30
20260804_015555_897cb2,1785805462136873,1191811295,2,2,0,-51,128,0,15,15,14,14,13,13,12,12,11,11,11,11,10,9,9,9,8,8,8,8,6,6,5,5,5,5,0,0,0,0,0,0,0,0,0,0,0,14,15,16,16,17,17,17,18,18,19,19,19,19,19,18,18,18,18,18,18,17,17,17,17,17,16,0,28,29,27,26,24,25,24,22,22,21,19,18,19,17,17,17,15,15,14,13,12,11,11,10,9,9,7,7,0,0,0,0,0,0,0,23,25,26,28,29,29,31,31,34,34,35,36,35,35,35,33,34,34,32,34,32,33,33,33,33,31,30,31
20260804_015555_897cb2,1785805462237257,1191911037,2,2,0,-47,128,0,16,15,15,15,14,14,14,12,11,11,11,11,10,10,10,10,9,9,9,8,8,7,7,6,6,5,0,0,0,0,0,0,0,0,0,0,0,13,13,14,16,16,17,17,17,18,18,18,18,17,17,17,17,17,17,17,17,17,17,17,17,17,17,0,30,28,28,27,25,25,24,23,22,21,21,20,19,19,18,18,18,17,16,16,15,13,13,12,11,10,9,9,0,0,0,0,0,0,0,21,23,24,25,27,28,30,30,32,33,33,34,34,34,34,33,32,33,32,32,31,32,32,31,32,32,32,30
20260804_015555_897cb2,1785805462336310,1192010736,2,2,0,-50,128,0,16,15,14,14,13,13,12,12,11,11,10,9,9,9,9,9,8,8,8,7,7,5,5,4,4,4,0,0,0,0,0,0,0,0,0,0,0,14,14,14,15,16,17,18,18,19,19,19,19,19,19,18,19,18,18,18,18,18,18,18,17,17,17,0,30,28,27,27,24,24,22,22,21,21,19,19,17,17,17,15,15,15,13,13,12,11,11,9,9,8,7,7,0,0,0,0,0,0,0,21,22,25,26,27,29,30,31,33,33,34,35,35,35,35,35,34,34,34,34,33,33,33,32,32,32,32,31
20260804_015555_897cb2,1785805462434656,1192111024,2,2,0,-48,128,0,16,15,15,15,14,13,12,11,11,11,11,10,10,10,10,10,9,9,8,8,8,7,7,6,6,6,0,0,0,0,0,0,0,0,0,0,0,13,14,14,15,16,16,17,18,18,18,18,18,18,17,17,17,17,17,17,17,17,17,17,17,16,16,0,29,28,26,27,25,24,23,23,21,20,20,19,18,18,18,18,17,16,16,15,15,13,13,12,11,11,10,9,0,0,0,0,0,0,0,22,23,25,25,26,29,30,30,32,32,33,34,33,33,33,32,31,32,30,32,31,30,30,30,30,31,29,29
20260804_015555_897cb2,1785805462540359,1192212914,2,2,0,-50,128,0,16,16,15,14,13,13,13,12,12,11,11,11,11,10,10,9,9,9,9,7,7,7,7,6,6,6,0,0,0,0,0,0,0,0,0,0,0,14,15,15,16,16,17,17,18,18,19,18,18,18,18,18,18,17,17,17,18,17,18,17,18,16,16,0,58,57,57,53,52,51,50,45,45,43,42,41,40,36,36,36,34,33,31,29,28,26,24,22,21,18,18,19,0,0,0,0,0,0,0,47,49,52,53,58,58,62,62,65,66,66,68,67,69,66,66,66,67,65,64,66,64,65,64,64,65,63,60
20260804_015555_897cb2,1785805462638800,1192311128,2,2,0,-48,128,0,16,16,16,15,14,14,13,13,13,13,12,12,12,12,10,11,11,10,10,10,9,9,9,8,8,8,0,0,0,0,0,0,0,0,0,0,0,14,15,16,16,17,17,18,18,19,19,19,20,19,19,19,19,19,19,19,18,18,18,18,18,18,18,0,55,58,54,53,50,51,47,43,42,44,42,40,38,38,39,37,38,34,34,33,33,30,29,26,25,26,23,23,0,0,0,0,0,0,0,48,50,51,51,57,57,60,60,63,64,66,69,67,66,67,66,64,66,63,66,63,64,63,62,63,63,60,60
20260804_015555_897cb2,1785805462742871,1192415223,2,2,0,-49,128,0,16,16,16,14,14,14,14,12,12,12,12,11,10,10,10,10,10,9,9,9,8,7,7,7,5,5,0,0,0,0,0,0,0,0,0,0,0,14,16,16,16,17,18,18,19,19,19,20,19,19,19,18,18,18,18,18,18,18,18,17,18,17,18,0,56,55,55,50,50,48,46,43,42,41,41,37,36,38,34,35,32,32,33,29,28,25,24,23,20,21,20,18,0,0,0,0,0,0,0,47,52,48,52,55,60,58,63,63,66,67,67,68,66,65,65,65,63,65,63,64,62,62,60,60,61,61,59
20260804_015555_897cb2,1785805462840453,1192513637,2,2,0,-49,128,0,14,14,13,13,13,13,12,12,11,10,10,10,10,8,8,8,8,8,8,6,6,6,5,5,5,4,0,0,0,0,0,0,0,0,0,0,0,14,14,15,16,17,17,18,17,18,18,18,18,18,18,18,17,17,17,17,17,16,17,17,17,17,16,0,27,28,26,25,23,23,22,21,20,19,19,18,18,17,16,16,14,14,13,13,12,11,11,9,9,8,8,6,0,0,0,0,0,0,0,24,25,26,27,29,30,31,31,33,34,34,34,34,34,34,33,33,32,31,32,31,32,31,30,30,31,30,30
20260804_015555_897cb2,1785805462938443,1192611203,2,2,0,-46,128,0,15,15,14,14,13,13,12,12,11,12,11,11,10,10,10,9,9,9,9,9,8,8,7,7,7,7,0,0,0,0,0,0,0,0,0,0,0,13,14,15,16,17,17,17,18,17,19,18,18,17,17,17,17,17,17,16,17,17,17,17,16,16,16,0,27,26,25,24,23,23,23,21,21,21,19,19,19,17,18,17,17,17,16,16,15,14,13,13,12,12,12,11,0,0,0,0,0,0,0,23,24,25,26,28,28,29,30,32,31,32,32,33,32,31,31,30,31,30,30,29,30,29,30,30,29,28,28
20260804_015555_897cb2,1785805463036943,1192712368,2,2,0,-45,128,0,14,13,13,12,12,12,11,11,11,10,10,11,9,10,9,10,9,9,9,9,9,8,8,8,7,6,0,0,0,0,0,0,0,0,0,0,0,14,15,15,16,16,17,16,17,18,17,17,17,17,17,17,16,16,16,16,16,15,16,15,15,15,15,0,54,53,53,50,49,48,44,42,40,40,41,38,37,37,36,37,34,35,35,33,31,30,28,28,26,25,24,25,0,0,0,0,0,0,0,50,51,52,54,56,60,62,64,66,67,67,68,67,66,66,63,64,63,63,62,61,63,60,59,58,59,58,59
20260804_015555_897cb2,1785805463135717,1192810703,2,2,0,-47,128,0,16,16,15,15,14,14,13,12,12,12,12,11,11,11,10,10,10,10,10,9,8,8,8,7,7,7,0,0,0,0,0,0,0,0,0,0,0,14,15,15,16,17,17,18,18,19,19,20,19,19,19,19,18,19,18,19,17,17,17,17,17,17,16,0,29,29,28,25,25,24,23,22,21,21,20,19,19,19,18,18,17,17,17,16,16,16,13,13,12,12,11,11,0,0,0,0,0,0,0,22,23,25,27,28,29,30,31,32,33,33,33,34,34,34,33,33,33,33,31,31,31,30,31,30,30,31,29
20260804_015555_897cb2,1785805463239313,1192912069,2,2,0,-49,128,0,17,17,16,16,15,15,14,14,13,13,12,12,12,11,11,11,11,10,11,10,10,9,9,9,8,7,0,0,0,0,0,0,0,0,0,0,0,14,14,17,16,17,17,18,18,18,19,19,19,19,18,18,19,17,18,17,17,17,17,17,17,17,17,0,29,29,28,27,26,25,23,24,22,22,22,21,21,20,20,21,19,18,18,17,16,16,15,14,14,12,12,11,0,0,0,0,0,0,0,23,24,25,26,28,30,30,30,31,32,32,33,33,33,33,33,32,32,32,31,31,31,31,31,32,31,30,30
20260804_015555_897cb2,1785805463338070,1193011682,2,2,0,-48,128,0,16,14,14,13,13,13,12,11,11,11,11,10,10,9,9,9,9,9,9,7,7,7,6,6,6,6,0,0,0,0,0,0,0,0,0,0,0,14,14,15,16,17,17,17,18,18,19,19,18,18,18,18,18,17,17,17,17,17,17,17,17,16,16,0,27,26,26,24,23,22,21,21,20,19,19,18,18,17,16,16,16,15,15,14,14,12,13,11,10,10,9,8,0,0,0,0,0,0,0,22,23,24,25,26,28,29,31,31,32,33,33,33,33,32,32,32,31,31,30,30,31,30,30,28,30,28,27
20260804_015555_897cb2,1785805463441488,1193114951,2,2,0,-48,128,0,15,15,15,14,14,13,12,13,12,12,12,11,11,12,11,11,10,10,9,9,9,9,8,7,7,7,0,0,0,0,0,0,0,0,0,0,0,15,16,17,18,17,18,19,19,20,20,20,20,20,19,19,19,19,18,18,18,17,18,17,17,17,16,0,27,27,25,25,23,22,23,21,21,21,20,19,19,18,19,17,18,16,16,16,15,14,14,13,13,12,11,10,0,0,0,0,0,0,0,24,25,26,27,29,30,32,31,33,34,35,35,35,33,34,33,32,33,32,32,30,30,30,31,30,29,29,29
20260804_015555_897cb2,1785805463540336,1193212666,2,2,0,-49,128,0,15,15,14,13,13,12,12,11,10,11,11,11,10,9,9,9,8,10,9,9,8,8,7,8,7,7,0,0,0,0,0,0,0,0,0,0,0,13,14,14,14,16,16,17,17,17,18,18,19,19,18,18,18,17,17,17,17,17,17,16,16,16,16,0,28,27,25,24,23,22,21,21,21,19,19,19,19,17,18,17,16,17,18,16,16,15,14,12,13,11,12,11,0,0,0,0,0,0,0,21,22,24,25,26,26,28,30,31,32,33,32,33,32,32,33,32,32,31,30,31,31,29,29,30,30,31,28
20260804_015555_897cb2,1785805463633285,1193310679,2,2,0,-52,128,0,15,14,13,13,12,11,10,10,9,9,9,8,8,7,7,7,6,6,5,5,4,4,4,4,4,4,0,0,0,0,0,0,0,0,0,0,0,13,13,14,15,16,17,17,17,18,18,18,18,18,18,17,17,17,17,17,17,17,16,16,16,16,15,0,28,26,25,25,23,22,21,20,19,19,18,16,16,15,14,14,12,12,12,10,10,9,8,7,6,6,6,5,0,0,0,0,0,0,0,24,25,25,27,27,28,30,32,33,34,34,34,34,35,35,34,33,34,33,32,32,32,32,31,31,30,29,29
20260804_015555_897cb2,1785805463736001,1193411074,2,2,0,-51,128,0,16,16,15,14,13,13,13,11,11,11,10,10,9,9,9,8,8,7,6,6,5,5,5,4,4,3,0,0,0,0,0,0,0,0,0,0,0,16,16,17,18,18,19,19,20,20,20,20,20,20,20,18,19,18,19,18,18,18,18,17,18,17,17,0,55,52,52,48,47,47,42,40,38,38,35,34,32,31,29,28,26,23,24,22,19,17,14,16,12,13,11,11,0,0,0,0,0,0,0,49,52,52,56,58,62,63,67,67,69,68,70,68,69,69,67,66,65,66,64,63,62,64,62,59,60,62,61
20260804_015555_897cb2,1785805463840362,1193513978,2,2,0,-56,128,0,15,14,13,13,12,10,9,9,8,8,7,6,6,5,5,4,3,4,2,2,1,1,1,1,1,1,0,0,0,0,0,0,0,0,0,0,0,15,16,16,16,18,19,19,20,20,19,20,20,20,20,19,19,18,18,18,18,18,17,17,17,17,16,0,27,24,24,23,21,20,18,16,16,16,13,12,11,9,9,7,6,5,4,4,4,2,2,3,2,2,3,3,0,0,0,0,0,0,0,25,27,27,29,30,31,34,34,36,36,36,37,37,36,36,36,35,35,35,33,33,33,33,30,32,30,30,29
20260804_015555_897cb2,1785805463938037,1193612142,2,2,0,-55,128,0,14,14,14,12,12,11,10,10,9,9,9,9,8,9,8,8,7,7,7,6,6,6,5,5,5,5,0,0,0,0,0,0,0,0,0,0,0,13,14,15,16,16,17,17,18,18,19,19,18,18,18,18,17,17,17,17,16,16,16,16,16,16,16,0,26,25,25,23,22,21,20,19,17,17,16,16,15,15,13,14,14,13,12,12,12,11,11,11,11,10,9,9,0,0,0,0,0,0,0,24,25,26,27,28,30,31,32,32,34,34,35,34,35,34,34,34,34,33,32,31,31,31,30,30,30,29,29
20260804_015555_897cb2,1785805464042008,1193714530,2,2,0,-59,128,0,15,15,15,14,14,13,13,13,13,13,13,12,12,12,13,14,13,14,14,13,13,13,13,12,12,12,0,0,0,0,0,0,0,0,0,0,0,9,9,10,11,12,12,13,15,15,16,16,16,16,16,16,16,16,16,16,16,16,16,16,16,16,16,0,56,57,55,53,53,52,50,49,47,49,49,47,47,48,48,48,48,49,50,47,50,46,46,46,44,45,45,44,0,0,0,0,0,0,0,30,31,33,35,39,42,44,47,50,55,55,56,61,60,62,60,59,62,61,60,62,61,62,61,64,61,60,59
20260804_015555_897cb2,1785805464140570,1193812146,2,2,0,-54,128,0,16,16,16,16,15,15,15,15,15,15,15,16,16,16,16,16,16,16,16,16,15,15,14,14,14,13,0,0,0,0,0,0,0,0,0,0,0,7,7,8,9,9,10,10,11,12,12,13,13,13,13,14,14,14,14,14,15,15,15,15,16,16,16,0,58,59,58,58,56,59,57,57,54,58,58,54,57,55,59,59,58,59,58,57,57,55,54,52,50,49,47,47,0,0,0,0,0,0,0,24,24,26,27,31,32,35,37,39,41,42,44,47,47,49,48,47,53,51,52,54,54,55,54,58,57,58,59
20260804_015555_897cb2,1785805464237964,1193911365,2,2,0,-54,128,0,17,17,17,17,17,17,17,16,15,15,16,16,16,16,16,16,16,16,16,15,15,15,14,14,13,13,0,0,0,0,0,0,0,0,0,0,0,7,7,8,8,9,9,9,10,10,11,11,12,12,13,13,13,13,14,14,15,15,15,15,16,17,17,0,62,64,64,63,63,62,60,60,58,61,60,58,58,60,59,60,61,60,60,59,57,56,54,54,52,51,49,48,0,0,0,0,0,0,0,22,23,23,25,27,28,30,31,33,36,38,42,41,44,44,47,47,50,50,52,53,55,56,59,59,62,61,61
20260804_015555_897cb2,1785805464336325,1194010873,2,2,0,-53,128,0,16,17,17,16,16,16,16,16,16,15,15,15,15,16,16,16,16,16,16,15,15,15,14,14,13,13,0,0,0,0,0,0,0,0,0,0,0,7,7,7,8,8,8,9,9,10,10,11,11,13,13,13,13,14,13,14,14,15,15,15,16,16,16,0,64,60,64,60,61,60,59,59,58,59,59,58,58,60,58,59,59,60,59,57,56,55,53,51,51,50,47,47,0,0,0,0,0,0,0,21,21,22,25,25,28,30,32,33,36,38,39,41,44,44,45,48,48,51,50,53,53,55,55,56,58,60,60
20260804_015555_897cb2,1785805464435521,1194111420,2,2,0,-51,128,0,16,16,16,15,15,15,15,15,14,14,15,15,15,15,15,16,15,15,15,15,14,14,14,14,13,13,0,0,0,0,0,0,0,0,0,0,0,7,8,8,9,9,10,10,10,12,11,13,13,13,13,13,13,13,13,14,14,15,15,15,15,15,15,0,61,60,60,58,58,58,57,57,56,57,57,58,56,57,57,57,58,58,57,56,55,53,53,50,48,48,46,46,0,0,0,0,0,0,0,25,27,28,30,32,34,36,36,39,42,43,44,45,47,47,48,48,50,50,51,52,53,55,56,56,56,58,59
20260804_015555_897cb2,1785805464540343,1194216646,2,2,0,-52,128,0,15,16,16,16,16,16,16,16,16,16,16,16,16,16,16,16,17,16,16,16,16,16,15,15,15,14,0,0,0,0,0,0,0,0,0,0,0,8,9,9,9,9,9,10,11,11,11,11,11,11,11,11,11,13,13,13,13,13,14,13,14,15,15,0,57,58,60,59,60,59,59,58,58,60,60,59,59,60,61,61,63,63,62,62,61,58,57,57,54,53,50,51,0,0,0,0,0,0,0,28,29,29,30,32,33,34,35,37,37,39,40,41,42,43,44,43,46,47,47,48,50,51,52,52,54,55,57
20260804_015555_897cb2,1785805464639530,1194310964,2,2,0,-57,128,0,16,16,16,16,16,16,16,16,16,16,16,16,16,17,17,17,18,17,18,17,18,16,16,16,16,16,0,0,0,0,0,0,0,0,0,0,0,8,8,8,8,9,9,9,9,9,10,10,10,11,11,11,11,11,12,12,13,13,14,13,14,15,14,0,58,59,60,59,62,62,60,60,59,62,63,62,62,65,63,66,65,67,67,64,66,64,61,61,58,57,55,56,0,0,0,0,0,0,0,28,28,28,30,30,32,32,32,34,34,34,37,37,37,38,39,42,41,45,44,47,48,49,51,51,54,54,55
20260804_015555_897cb2,1785805464737580,1194410537,2,2,0,-56,128,0,14,14,14,14,15,14,13,13,14,14,14,14,14,14,15,15,15,16,16,16,16,15,15,15,14,13,0,0,0,0,0,0,0,0,0,0,0,8,8,8,9,9,9,10,10,10,10,11,11,11,11,11,12,12,12,12,13,13,13,14,14,14,14,0,55,56,55,55,57,55,55,56,55,57,58,56,58,58,57,60,60,62,61,61,61,59,58,58,55,54,54,52,0,0,0,0,0,0,0,30,30,32,32,31,33,35,38,38,40,40,41,43,43,43,43,45,44,48,46,49,50,49,50,52,53,53,53
20260804_015555_897cb2,1785805464840619,1194511746,2,2,0,-55,128,0,13,13,14,15,14,14,14,14,14,14,14,15,14,15,16,16,16,16,16,16,16,15,15,14,14,14,0,0,0,0,0,0,0,0,0,0,0,9,9,9,9,9,9,10,10,10,10,10,10,11,11,10,12,11,12,12,12,12,13,13,13,13,14,0,53,54,56,56,56,55,55,55,55,56,58,57,58,59,59,62,63,64,63,63,62,60,60,59,56,56,54,54,0,0,0,0,0,0,0,32,35,35,36,37,39,40,41,41,41,42,42,43,43,44,43,43,43,46,45,48,47,50,47,50,53,53,53
20260804_015555_897cb2,1785805464939139,1194611055,2,2,0,-54,128,0,15,15,15,15,15,15,15,15,15,15,15,15,16,15,16,16,16,16,16,16,16,15,15,15,14,14,0,0,0,0,0,0,0,0,0,0,0,10,10,10,10,11,11,11,11,11,11,11,11,11,11,12,12,12,13,13,13,13,13,13,14,14,14,0,56,56,58,57,58,57,58,57,57,57,59,59,59,61,59,62,61,62,61,60,62,59,55,55,53,54,52,52,0,0,0,0,0,0,0,35,36,38,39,38,40,40,43,43,43,44,44,43,45,45,44,47,45,48,47,49,49,51,52,51,54,55,58
20260804_015555_897cb2,1785805465037694,1194712203,2,2,0,-56,128,0,15,15,15,15,15,15,15,15,15,16,16,16,16,17,16,16,16,17,17,17,17,16,16,16,16,15,0,0,0,0,0,0,0,0,0,0,0,9,10,10,10,10,10,10,10,10,11,10,11,11,12,11,11,11,12,13,12,13,13,14,14,14,14,0,54,57,57,57,59,60,58,57,57,60,59,59,61,60,62,63,65,64,64,64,64,64,61,60,59,56,55,56,0,0,0,0,0,0,0,35,37,35,36,37,37,38,38,39,39,41,41,41,40,42,43,41,43,44,43,46,47,49,50,50,51,54,53
20260804_015555_897cb2,1785805465146951,1194818322,2,2,0,-55,128,0,15,16,16,16,16,16,15,15,16,15,15,16,16,16,16,16,16,17,17,16,16,15,15,15,15,14,0,0,0,0,0,0,0,0,0,0,0,11,12,12,12,12,12,12,12,12,12,12,12,12,12,12,12,12,12,13,14,14,14,14,15,15,15,0,57,59,58,59,58,59,56,56,57,58,58,59,59,59,60,59,61,61,62,59,60,56,57,56,53,51,52,50,0,0,0,0,0,0,0,40,42,41,41,44,44,44,42,43,43,44,44,45,43,43,43,44,45,46,48,48,49,50,50,52,55,56,55
20260804_015555_897cb2,1785805465239724,1194911763,2,2,0,-55,128,0,16,16,16,16,15,16,14,14,15,15,15,15,15,15,16,16,15,16,15,15,15,15,14,13,13,13,0,0,0,0,0,0,0,0,0,0,0,9,9,9,9,9,9,9,10,9,10,10,11,11,11,11,11,12,12,12,13,13,13,14,14,14,15,0,60,62,60,61,60,60,60,58,60,60,59,60,60,61,62,62,63,62,61,59,60,58,57,53,52,52,49,49,0,0,0,0,0,0,0,33,33,33,34,35,36,35,36,37,37,39,41,41,42,42,44,45,47,47,48,49,50,52,54,55,58,58,60
20260804_015555_897cb2,1785805465338700,1195011854,2,2,0,-57,128,0,16,16,16,16,16,16,15,15,15,15,15,16,16,16,15,16,15,15,16,15,15,15,14,14,14,13,0,0,0,0,0,0,0,0,0,0,0,13,13,13,13,13,13,13,13,13,13,13,13,13,13,13,13,13,13,13,14,14,15,15,15,16,16,0,57,57,58,57,58,57,55,57,55,56,55,56,56,58,57,57,57,57,56,55,55,52,51,49,48,47,43,45,0,0,0,0,0,0,0,45,46,45,46,47,47,48,46,47,47,48,46,48,47,47,46,48,49,48,49,50,51,53,55,53,56,55,56
20260804_015555_897cb2,1785805465443424,1195114957,2,2,0,-53,128,0,15,14,15,15,15,15,14,14,14,14,14,14,14,15,15,16,15,15,15,15,15,14,14,13,12,12,0,0,0,0,0,0,0,0,0,0,0,10,10,10,11,11,11,11,11,12,12,11,12,12,12,12,12,13,13,13,13,13,14,14,14,14,15,0,56,58,58,56,56,57,57,57,55,56,56,57,56,57,58,59,59,59,60,57,56,53,53,52,49,48,48,46,0,0,0,0,0,0,0,37,39,40,37,41,42,43,43,45,44,45,46,46,45,46,46,47,48,48,49,49,51,53,53,53,55,55,56
20260804_015555_897cb2,1785805465535840,1195212222,2,2,0,-56,128,0,15,14,16,15,16,15,15,14,14,14,15,15,15,16,15,16,15,15,15,14,14,14,13,13,12,12,0,0,0,0,0,0,0,0,0,0,0,7,7,7,8,8,8,8,8,8,9,9,9,10,9,11,10,11,11,12,12,13,13,13,14,14,14,0,61,60,60,61,61,60,59,59,61,58,61,59,62,61,61,59,62,59,60,58,57,55,52,52,49,47,47,43,0,0,0,0,0,0,0,30,32,31,32,32,32,32,31,33,32,35,35,36,38,38,42,42,41,45,45,48,50,50,53,54,56,57,56
20260804_015555_897cb2,1785805465640201,1195312816,2,2,0,-54,128,0,14,14,14,14,14,14,14,14,14,15,14,15,15,15,15,15,15,15,14,14,14,14,13,13,13,12,0,0,0,0,0,0,0,0,0,0,0,10,10,10,11,11,11,11,11,11,11,12,12,12,12,11,12,12,12,12,12,12,13,13,13,14,14,0,59,56,55,56,54,56,55,55,56,56,56,55,55,56,58,57,57,58,57,58,55,55,51,51,49,48,47,45,0,0,0,0,0,0,0,38,40,39,40,40,41,43,43,44,44,44,45,44,45,45,46,46,47,46,48,47,49,50,52,53,53,54,55
20260804_015555_897cb2,1785805465760979,1195435594,2,2,0,-54,128,0,15,15,15,14,14,14,14,14,14,14,14,14,14,14,15,15,15,15,15,15,15,14,14,13,13,12,0,0,0,0,0,0,0,0,0,0,0,7,8,8,9,9,10,10,10,11,11,12,12,12,12,12,12,12,13,13,14,14,14,14,14,15,15,0,56,57,56,57,56,55,54,55,55,56,55,55,57,56,58,57,58,58,57,57,58,55,53,53,51,49,48,46,0,0,0,0,0,0,0,30,29,30,32,34,35,38,37,39,42,43,44,44,45,46,49,48,49,47,49,49,52,52,53,55,56,59,55
20260804_015555_897cb2,1785805465870500,1195546318,2,2,0,-54,128,0,15,16,16,16,15,15,15,15,15,15,15,15,16,16,16,16,16,16,16,15,15,15,14,14,13,13,0,0,0,0,0,0,0,0,0,0,0,9,9,10,11,11,12,12,12,13,13,13,13,13,14,14,14,14,14,15,15,15,15,15,16,16,16,0,57,58,57,54,55,55,55,54,53,54,54,54,56,56,54,57,56,56,56,55,53,53,52,49,49,48,45,46,0,0,0,0,0,0,0,31,34,33,36,37,38,40,41,42,44,46,48,48,47,49,49,51,49,49,50,54,52,54,54,53,56,58,56
20260804_015555_897cb2,1785805465975798,1195650263,2,2,0,-53,128,0,14,14,13,13,13,12,12,12,12,12,12,12,11,12,11,12,12,12,11,11,11,10,10,10,9,9,0,0,0,0,0,0,0,0,0,0,0,10,10,11,11,12,12,12,13,13,13,13,13,14,14,13,14,13,14,14,14,14,14,14,14,14,14,0,57,54,55,54,53,51,50,49,48,49,47,49,47,47,48,47,49,47,45,45,46,43,43,40,40,40,37,37,0,0,0,0,0,0,0,37,38,40,42,43,45,47,47,50,52,54,56,55,56,56,57,57,57,56,55,57,58,57,58,59,58,59,58
20260804_015555_897cb2,1785805466039293,1195713278,2,2,0,-54,128,0,15,15,15,14,14,14,14,13,13,13,13,11,13,12,13,12,12,12,12,12,11,11,11,11,11,11,0,0,0,0,0,0,0,0,0,0,0,12,12,13,13,14,14,14,15,15,16,15,16,16,17,16,16,16,16,16,16,16,16,16,16,16,16,0,57,56,56,53,52,52,50,49,48,48,47,47,47,45,46,46,45,46,46,44,42,41,41,41,39,40,38,37,0,0,0,0,0,0,0,41,43,44,46,48,51,51,54,55,57,58,59,60,59,61,60,60,59,61,60,61,59,60,60,57,60,59,58
20260804_015555_897cb2,1785805466138285,1195811902,2,2,0,-53,128,0,14,13,13,12,12,12,11,11,11,11,10,10,9,9,9,9,9,9,8,9,8,8,7,7,7,7,0,0,0,0,0,0,0,0,0,0,0,13,14,14,15,16,16,17,17,18,18,18,17,17,18,17,17,17,16,17,16,16,15,16,15,15,14,0,53,53,50,48,46,44,42,41,39,40,38,37,36,35,34,33,34,33,33,33,31,29,29,27,27,26,27,25,0,0,0,0,0,0,0,47,49,50,52,56,57,59,61,64,65,66,67,67,66,67,67,65,65,62,63,61,61,61,60,60,58,58,57
20260804_015555_897cb2,1785805466236502,1195911473,2,2,0,-55,128,0,15,13,13,13,12,12,11,11,11,10,9,9,9,9,9,9,8,8,8,8,7,7,7,7,7,7,0,0,0,0,0,0,0,0,0,0,0,14,14,15,15,16,16,17,17,18,18,18,19,18,19,17,19,18,18,18,17,17,17,16,16,16,16,0,54,53,51,48,45,43,41,39,38,37,35,34,34,32,31,31,32,31,28,28,29,28,28,28,28,27,27,27,0,0,0,0,0,0,0,47,47,51,54,54,57,59,60,64,66,66,68,66,67,68,67,68,67,64,63,63,62,61,62,61,61,60,58
20260804_015555_897cb2,1785805466335883,1196010192,2,2,0,-54,128,0,15,15,14,14,13,12,12,12,11,11,10,10,10,9,9,9,8,8,8,8,8,7,7,6,7,7,0,0,0,0,0,0,0,0,0,0,0,13,13,14,15,16,16,17,17,18,18,18,18,18,18,18,18,17,18,17,17,17,17,17,17,17,16,0,29,28,26,27,24,24,22,21,21,20,20,18,17,17,18,17,16,16,16,15,14,13,13,13,13,12,13,11,0,0,0,0,0,0,0,23,24,24,25,27,28,29,30,32,33,34,34,35,34,34,35,34,35,33,33,33,33,33,32,32,33,30,31
20260804_015555_897cb2,1785805466433450,1196110646,2,2,0,-54,128,0,16,15,15,14,13,13,12,11,11,9,9,9,8,8,7,7,6,5,5,5,4,4,4,3,4,4,0,0,0,0,0,0,0,0,0,0,0,14,15,15,16,17,17,18,18,19,19,19,19,19,19,19,19,19,18,18,18,18,18,17,17,17,17,0,28,27,26,26,24,23,21,20,20,18,17,16,15,14,13,12,11,11,9,9,8,6,6,5,6,5,5,6,0,0,0,0,0,0,0,24,25,26,26,27,29,30,31,32,33,34,34,34,35,35,35,34,33,33,34,33,33,34,33,31,31,32,30
20260804_015555_897cb2,1785805466537293,1196210839,2,2,0,-54,128,0,16,16,15,15,14,13,13,12,12,12,11,11,11,11,11,10,10,10,9,9,9,8,8,8,8,8,0,0,0,0,0,0,0,0,0,0,0,13,14,14,15,16,16,17,17,18,18,18,18,18,18,18,18,18,18,18,17,17,18,17,17,17,17,0,28,28,28,26,25,25,23,22,22,21,21,20,19,19,19,19,18,18,18,17,16,16,15,15,14,14,13,13,0,0,0,0,0,0,0,22,23,24,25,26,28,28,30,30,31,32,33,33,34,33,33,33,33,33,32,32,32,32,31,31,32,31,31
20260804_015555_897cb2,1785805466639262,1196311969,2,2,0,-55,128,0,16,16,15,15,14,14,14,13,13,13,13,12,12,12,12,12,12,12,11,11,12,11,11,11,10,10,0,0,0,0,0,0,0,0,0,0,0,11,12,12,13,14,14,15,15,16,16,16,16,16,16,16,16,16,17,16,16,16,17,16,17,17,16,0,30,28,29,28,27,26,25,26,25,25,24,23,23,24,23,23,22,23,23,22,22,21,20,19,20,19,17,18,0,0,0,0,0,0,0,19,20,21,22,22,24,25,26,28,28,29,29,30,30,31,31,31,30,30,31,31,32,31,31,30,31,31,30
20260804_015555_897cb2,1785805466734650,1196410938,2,2,0,-51,128,0,15,15,15,15,15,15,15,15,14,14,15,14,14,14,14,14,14,14,14,14,14,14,13,12,12,12,0,0,0,0,0,0,0,0,0,0,0,7,7,8,8,9,9,9,10,10,10,11,12,12,13,13,13,13,13,14,14,14,15,15,15,15,15,0,60,58,60,57,59,57,55,55,54,55,55,56,55,56,54,57,55,55,55,53,53,50,50,49,47,46,44,44,0,0,0,0,0,0,0,26,28,28,29,32,34,35,37,38,40,42,43,44,47,47,48,50,49,49,50,53,53,55,55,55,58,59,58
20260804_015555_897cb2,1785805466834620,1196510439,2,2,0,-51,128,0,15,15,15,15,15,15,15,15,15,15,15,14,15,15,15,15,15,15,16,16,15,15,14,14,14,13,0,0,0,0,0,0,0,0,0,0,0,9,9,10,10,10,11,11,12,12,12,12,13,12,13,13,13,13,14,13,14,14,14,14,14,14,15,0,56,57,56,57,56,56,54,54,55,57,55,55,55,55,59,57,59,57,59,57,58,54,55,53,51,49,49,48,0,0,0,0,0,0,0,31,32,33,34,36,37,39,40,41,43,44,44,45,45,46,47,46,50,48,51,49,51,53,53,55,55,57,56
20260804_015555_897cb2,1785805466938086,1196611869,2,2,0,-51,128,0,16,15,15,15,16,15,15,15,15,15,15,15,15,15,16,15,15,16,15,15,15,14,14,14,14,14,0,0,0,0,0,0,0,0,0,0,0,9,10,10,10,11,11,11,12,11,13,13,12,13,13,14,14,14,14,13,14,14,14,14,15,15,16,0,59,58,59,57,57,58,54,55,54,57,60,56,58,57,57,59,58,61,60,57,55,56,54,53,50,51,47,48,0,0,0,0,0,0,0,31,32,35,38,36,38,40,42,43,45,46,46,46,48,48,47,49,50,49,51,51,54,51,55,55,56,58,59
20260804_015555_897cb2,1785805467040183,1196712191,2,2,0,-51,128,0,14,15,14,14,14,14,14,14,14,14,14,13,13,14,14,14,14,14,14,14,14,14,13,13,12,12,0,0,0,0,0,0,0,0,0,0,0,7,8,8,9,9,9,10,11,11,12,12,12,12,12,12,12,12,13,13,13,13,14,14,14,15,14,0,57,57,57,57,57,57,56,54,55,55,56,54,55,56,56,56,56,54,56,56,55,53,52,51,48,47,46,44,0,0,0,0,0,0,0,29,31,30,32,35,38,38,39,41,43,44,47,45,47,48,49,49,51,50,51,52,52,54,55,55,57,58,56
20260804_015555_897cb2,1785805467136783,1196812087,2,2,0,-51,128,0,16,16,16,16,15,15,15,15,15,15,15,14,15,15,15,15,16,15,15,15,15,15,14,14,14,13,0,0,0,0,0,0,0,0,0,0,0,10,10,10,11,11,12,12,13,13,13,13,13,13,13,13,13,14,14,14,14,14,15,14,15,16,16,0,59,58,59,58,57,58,56,55,55,56,57,55,57,56,58,58,58,59,58,58,58,55,52,53,50,51,47,48,0,0,0,0,0,0,0,34,36,37,39,40,42,43,45,47,49,48,49,49,51,49,49,51,51,52,51,53,53,54,54,55,57,56,58
20260804_015555_897cb2,1785805467238504,1196911772,2,2,0,-53,128,0,15,15,15,15,15,15,15,15,16,16,16,16,17,17,17,17,17,17,17,17,17,17,16,16,15,14,0,0,0,0,0,0,0,0,0,0,0,9,9,9,9,9,9,9,9,10,10,10,10,10,9,11,10,11,11,12,12,12,13,13,13,14,14,0,56,56,58,57,58,56,56,57,60,58,59,59,59,64,61,64,63,65,65,66,64,64,61,60,60,59,55,55,0,0,0,0,0,0,0,32,32,35,35,33,35,35,37,38,37,39,37,37,38,38,40,41,41,42,40,44,45,46,49,48,49,51,54
20260804_015555_897cb2,1785805467336494,1197011836,2,2,0,-54,128,0,16,16,16,16,16,16,16,16,16,16,16,15,16,16,16,16,16,17,16,16,16,15,15,15,14,14,0,0,0,0,0,0,0,0,0,0,0,10,10,10,10,11,11,11,11,11,11,11,12,12,12,12,12,12,12,12,13,13,14,14,15,15,15,0,59,60,60,61,59,61,60,60,60,63,60,59,62,60,63,61,62,61,62,61,61,59,59,56,52,51,50,48,0,0,0,0,0,0,0,35,35,37,37,39,38,40,40,41,42,41,42,43,42,43,46,44,46,45,48,48,51,52,53,54,56,58,57
20260804_015555_897cb2,1785805467433706,1197110557,2,2,0,-55,128,0,16,16,16,16,15,16,16,16,16,16,16,16,16,16,16,16,16,16,16,16,16,15,15,13,13,13,0,0,0,0,0,0,0,0,0,0,0,9,9,9,9,9,9,9,10,9,10,11,11,11,11,11,12,12,12,12,13,14,14,14,14,16,15,0,59,61,61,61,62,62,61,60,60,61,62,62,61,61,62,63,62,62,64,61,59,57,54,55,52,50,49,49,0,0,0,0,0,0,0,33,35,34,36,34,34,35,35,37,37,39,37,39,40,42,44,44,44,46,47,48,50,50,52,52,57,56,59
20260804_015555_897cb2,1785805467535822,1197211781,2,2,0,-54,128,0,16,16,16,16,16,16,15,15,15,15,15,15,15,15,15,15,15,15,14,14,14,14,13,13,12,11,0,0,0,0,0,0,0,0,0,0,0,6,6,7,7,7,8,9,9,9,11,11,11,12,12,12,12,13,13,13,13,13,15,14,15,16,16,0,60,60,60,61,59,60,57,57,56,58,57,57,56,56,58,58,57,56,58,56,54,51,51,49,46,46,44,43,0,0,0,0,0,0,0,22,23,24,24,29,29,31,33,35,36,38,41,43,43,44,45,46,47,47,50,52,53,55,55,58,60,59,60
20260804_015555_897cb2,1785805467638779,1197312646,2,2,0,-53,128,0,15,15,15,15,15,15,15,15,15,15,15,15,15,16,16,16,16,16,16,16,16,15,15,15,14,14,0,0,0,0,0,0,0,0,0,0,0,7,8,8,8,9,9,9,9,9,10,10,10,10,10,10,11,11,11,11,12,12,13,13,14,14,14,0,29,29,28,29,29,29,29,28,29,30,30,30,30,30,31,31,31,31,31,31,30,29,29,27,27,26,26,25,0,0,0,0,0,0,0,13,15,15,15,16,17,16,17,17,18,19,19,19,20,20,19,20,21,21,22,22,23,24,25,26,27,28,27
20260804_015555_897cb2,1785805467741866,1197414990,2,2,0,-52,128,0,15,15,15,15,15,15,15,15,15,16,17,16,17,17,17,17,17,17,17,17,17,17,16,16,15,15,0,0,0,0,0,0,0,0,0,0,0,10,10,11,11,11,11,11,11,11,11,11,11,11,11,11,11,11,12,12,13,13,13,14,14,14,15,0,56,58,58,57,58,57,58,58,58,59,61,61,60,62,63,64,63,66,65,64,63,62,61,59,57,57,55,54,0,0,0,0,0,0,0,36,38,38,39,40,41,41,42,42,41,42,42,41,42,41,41,42,43,43,42,46,47,47,49,49,52,53,55
20260804_015555_897cb2,1785805467838362,1197510701,2,2,0,-53,128,0,14,14,14,15,14,14,14,14,14,15,15,15,16,16,16,16,16,16,16,15,15,15,15,14,14,14,0,0,0,0,0,0,0,0,0,0,0,8,8,9,9,9,9,9,9,10,10,10,10,10,10,10,11,11,11,11,12,12,12,13,13,13,14,0,27,28,29,27,28,29,29,28,28,29,29,28,29,29,29,31,31,31,31,31,31,29,28,28,26,26,26,24,0,0,0,0,0,0,0,15,15,15,16,16,17,17,18,18,18,19,19,19,19,19,21,20,21,21,21,23,23,23,25,25,25,27,27
20260804_015555_897cb2,1785805467952738,1197627171,2,2,0,-52,128,0,14,14,15,15,15,15,16,15,16,16,16,16,16,16,17,17,18,17,17,17,18,16,16,16,15,15,0,0,0,0,0,0,0,0,0,0,0,10,10,10,10,11,11,11,11,11,11,11,11,11,11,11,11,11,12,12,12,12,13,13,14,14,14,0,51,57,54,56,55,57,56,57,56,59,59,59,59,61,63,62,65,63,66,65,64,62,61,60,58,56,55,53,0,0,0,0,0,0,0,34,36,35,35,37,37,38,39,39,40,40,42,41,40,40,40,40,43,41,44,43,44,46,47,49,48,50,50
20260804_015555_897cb2,1785805468039603,1197712962,2,2,0,-50,128,0,15,16,16,16,15,16,15,15,15,15,14,15,15,16,15,15,16,16,16,16,16,16,15,14,13,14,0,0,0,0,0,0,0,0,0,0,0,9,9,10,10,11,11,11,11,12,12,12,13,13,13,13,13,13,13,13,13,14,14,14,15,16,15,0,56,58,57,57,56,57,57,55,57,56,56,56,56,56,59,58,60,58,57,58,57,56,55,52,49,48,47,47,0,0,0,0,0,0,0,30,30,32,34,37,37,38,39,40,41,42,46,45,47,47,45,45,47,46,48,48,48,52,53,56,54,55,53
20260804_015555_897cb2,1785805468138548,1197813179,2,2,0,-51,128,0,16,16,17,16,16,16,16,16,16,16,16,16,16,16,16,16,16,16,16,16,16,15,15,14,14,14,0,0,0,0,0,0,0,0,0,0,0,8,8,9,9,10,10,10,11,11,12,12,12,12,13,13,13,13,13,14,14,15,15,15,15,16,16,0,31,30,31,30,31,30,29,31,28,29,29,30,31,30,29,30,29,29,29,29,29,29,26,26,26,26,23,25,0,0,0,0,0,0,0,14,14,15,16,16,17,18,18,20,20,20,22,21,23,22,23,24,25,24,24,27,27,27,27,28,29,29,30
20260804_015555_897cb2,1785805468239216,1197913084,2,2,0,-49,128,0,16,16,16,16,15,14,14,14,15,14,14,14,14,14,15,15,15,14,14,14,14,13,13,12,12,12,0,0,0,0,0,0,0,0,0,0,0,8,8,8,9,9,10,10,11,11,12,13,13,13,13,13,14,14,14,14,13,15,15,16,15,16,16,0,61,58,59,58,58,56,55,56,54,54,56,52,55,56,55,54,54,56,55,54,53,51,48,48,46,47,41,43,0,0,0,0,0,0,0,26,29,30,31,32,35,37,39,40,42,46,44,46,48,46,48,49,50,49,51,52,54,54,54,55,56,57,59
20260804_015555_897cb2,1785805468341624,1198012807,2,2,0,-51,128,0,16,16,16,16,16,16,16,16,16,16,15,16,16,16,16,16,16,16,16,16,16,16,15,14,13,13,0,0,0,0,0,0,0,0,0,0,0,8,9,9,9,9,10,10,10,11,11,12,12,12,13,13,12,13,13,14,14,14,15,15,16,16,16,0,58,60,58,59,59,59,58,57,58,58,58,57,56,57,59,58,60,59,61,57,57,57,55,53,50,49,47,46,0,0,0,0,0,0,0,28,30,29,30,32,33,35,36,39,39,41,44,42,45,45,47,47,49,47,49,50,52,52,54,56,55,59,58
20260804_015555_897cb2,1785805468438685,1198112109,2,2,0,-51,128,0,16,16,16,15,16,15,15,15,15,15,16,14,15,15,15,16,16,16,16,15,15,15,14,14,13,13,0,0,0,0,0,0,0,0,0,0,0,8,8,8,9,9,9,10,10,11,11,11,11,11,11,12,12,12,12,13,13,13,14,14,14,15,15,0,59,59,59,59,58,59,58,59,57,59,59,58,59,59,60,61,60,60,61,60,59,57,55,54,53,52,49,49,0,0,0,0,0,0,0,28,29,31,33,31,35,34,36,39,39,41,42,43,45,45,46,46,46,48,48,50,51,52,53,54,55,57,58
20260804_015555_897cb2,1785805468538390,1198212008,2,2,0,-50,128,0,16,16,16,16,15,15,15,15,15,16,16,16,16,16,16,16,16,16,16,15,15,15,14,14,13,13,0,0,0,0,0,0,0,0,0,0,0,9,9,10,10,10,10,11,12,12,13,13,13,13,13,13,14,14,14,14,14,15,15,15,15,16,16,0,58,61,58,59,55,56,57,56,56,57,56,58,56,57,58,56,56,56,58,57,55,53,55,51,48,48,48,45,0,0,0,0,0,0,0,31,32,33,35,36,38,39,40,43,43,47,47,48,48,50,49,49,50,51,54,52,53,55,56,57,59,59,58
20260804_015555_897cb2,1785805468640158,1198311552,2,2,0,-50,128,0,16,17,17,16,16,16,16,16,16,16,16,16,16,16,16,16,16,16,16,16,16,15,15,15,14,14,0,0,0,0,0,0,0,0,0,0,0,6,6,8,8,9,9,9,9,10,11,11,11,12,12,12,12,13,13,14,14,14,15,15,16,16,16,0,59,64,62,63,60,61,60,61,58,64,60,60,62,60,64,61,62,62,63,62,60,57,58,55,53,51,52,51,0,0,0,0,0,0,0,20,21,24,23,26,25,29,30,34,34,37,39,40,42,41,43,46,48,46,50,50,52,53,54,57,58,59,58
20260804_015555_897cb2,1785805468736314,1198411337,2,2,0,-50,128,0,15,15,15,15,15,14,14,14,14,15,15,15,15,15,15,15,15,15,15,15,15,15,15,13,13,13,0,0,0,0,0,0,0,0,0,0,0,6,7,8,8,9,9,9,10,10,11,11,12,12,12,12,12,12,12,13,13,13,14,14,14,14,14,0,58,61,61,59,59,57,57,57,56,58,59,57,58,60,59,60,59,59,60,59,57,56,56,56,53,52,50,48,0,0,0,0,0,0,0,24,26,28,27,28,32,33,33,37,38,38,41,43,43,44,45,46,48,48,49,52,52,54,54,53,57,58,56
20260804_015555_897cb2,1785805468835553,1198511726,2,2,0,-52,128,0,14,14,14,15,14,14,14,14,14,15,15,14,15,15,15,15,15,15,15,15,15,15,15,14,14,14,0,0,0,0,0,0,0,0,0,0,0,6,6,7,7,8,8,9,9,9,10,10,10,11,11,11,11,12,12,12,12,12,13,13,14,14,14,0,57,56,57,59,56,56,59,57,59,59,57,58,60,61,62,61,63,62,62,62,60,59,58,57,56,55,53,52,0,0,0,0,0,0,0,24,24,25,27,28,29,31,32,34,36,38,40,40,41,43,43,45,46,45,48,47,48,50,52,52,52,55,56
20260804_015555_897cb2,1785805468934255,1198611732,2,2,0,-57,128,0,13,13,13,14,13,14,14,14,14,14,14,15,15,15,16,16,16,17,17,17,17,17,17,16,16,16,0,0,0,0,0,0,0,0,0,0,0,3,4,4,4,4,5,5,5,5,7,7,8,8,8,8,9,9,9,9,10,10,10,11,11,13,13,0,53,53,54,56,57,56,59,56,60,60,61,62,64,65,65,68,68,71,73,70,68,69,66,68,67,66,64,63,0,0,0,0,0,0,0,14,15,16,17,18,17,21,21,22,25,27,28,30,32,33,34,36,38,38,38,40,41,43,45,45,47,49,52
20260804_015555_897cb2,1785805469038754,1198713481,2,2,0,-54,128,0,16,16,16,16,16,16,16,15,15,15,15,15,15,16,16,16,16,16,16,16,16,15,15,15,14,14,0,0,0,0,0,0,0,0,0,0,0,7,7,8,8,9,9,10,11,11,12,12,12,13,13,13,13,13,14,14,14,15,14,15,15,15,16,0,59,60,58,60,56,58,58,56,57,58,58,56,58,58,60,59,61,59,61,59,60,57,56,55,55,52,50,50,0,0,0,0,0,0,0,21,24,26,27,29,30,33,35,38,40,42,44,43,46,46,47,48,50,48,50,50,51,53,54,54,56,58,58
20260804_015555_897cb2,1785805469136132,1198812402,2,2,0,-56,128,0,16,16,16,16,16,16,16,16,16,16,15,16,17,16,18,17,18,18,18,18,17,17,18,17,17,16,0,0,0,0,0,0,0,0,0,0,0,9,9,9,10,10,10,11,11,11,12,12,12,13,13,13,13,13,13,13,14,14,15,15,15,16,15,0,29,30,29,27,26,28,30,28,26,28,29,31,28,30,32,30,33,31,32,32,32,31,31,29,29,28,28,27,0,0,0,0,0,0,0,14,15,15,15,16,16,18,18,18,19,20,21,21,21,22,23,22,23,23,23,23,23,25,25,27,25,28,26
20260804_015555_897cb2,1785805469236756,1198911498,2,2,0,-56,128,0,15,15,16,15,16,15,15,15,15,15,16,16,15,16,16,17,16,17,17,17,16,16,15,15,15,15,0,0,0,0,0,0,0,0,0,0,0,6,6,7,7,8,8,9,10,10,10,11,11,11,11,12,12,13,12,13,13,14,14,14,14,15,15,0,30,31,30,30,30,30,30,31,29,31,32,30,31,31,32,32,33,32,32,32,32,31,31,31,29,28,29,27,0,0,0,0,0,0,0,10,10,11,12,13,14,14,16,16,18,19,20,21,21,23,23,23,25,24,26,26,25,26,27,28,29,29,30
20260804_015555_897cb2,1785805469340048,1199013594,2,2,0,-53,128,0,15,16,16,15,14,15,15,14,14,14,14,13,13,14,15,14,15,15,15,13,13,13,13,13,12,12,0,0,0,0,0,0,0,0,0,0,0,8,9,9,10,11,11,12,12,13,13,14,14,14,14,14,14,14,14,14,14,14,14,15,16,16,14,0,59,57,57,57,56,56,54,54,52,54,54,52,53,52,53,54,53,54,53,53,52,50,49,47,46,46,43,42,0,0,0,0,0,0,0,28,30,32,34,35,36,39,42,44,46,47,49,51,51,52,51,53,52,52,54,54,55,55,56,56,56,58,58
20260804_015555_897cb2,1785805469437919,1199113552,2,2,0,-52,128,0,15,15,15,15,14,14,14,14,14,14,14,13,14,13,14,13,14,14,14,13,13,13,13,12,12,12,0,0,0,0,0,0,0,0,0,0,0,8,8,9,9,10,11,11,12,12,13,13,13,13,13,14,14,13,14,14,14,14,15,14,15,15,15,0,58,57,57,56,56,56,54,54,53,53,52,53,52,54,54,56,53,55,53,52,51,50,49,47,46,46,42,42,0,0,0,0,0,0,0,27,30,31,34,36,38,40,42,45,46,48,49,50,50,52,53,53,52,53,52,56,54,56,57,56,57,59,57
20260804_015555_897cb2,1785805469535958,1199211784,2,2,0,-53,128,0,14,14,14,14,14,14,13,13,12,12,12,12,12,13,13,13,13,13,13,12,12,12,12,11,11,11,0,0,0,0,0,0,0,0,0,0,0,9,9,10,10,11,11,12,12,12,13,13,14,14,14,14,14,14,14,14,14,14,15,14,15,15,15,0,57,57,56,56,55,53,52,52,50,51,51,50,50,51,52,51,51,50,51,50,50,47,46,46,45,43,42,40,0,0,0,0,0,0,0,31,33,35,36,40,42,44,46,48,51,52,53,54,54,55,56,54,56,54,55,57,56,57,57,57,60,58,57
20260804_015555_897cb2,1785805469638043,1199311433,2,2,0,-52,128,0,16,16,16,16,14,15,15,15,15,15,15,15,15,14,15,15,14,14,15,15,14,13,13,12,12,11,0,0,0,0,0,0,0,0,0,0,0,9,9,10,10,11,12,13,13,14,14,13,14,15,15,15,15,15,15,15,15,15,16,16,16,16,16,0,57,59,58,58,55,56,54,55,54,56,54,53,53,54,56,55,54,52,53,53,53,50,49,47,47,44,44,42,0,0,0,0,0,0,0,29,31,32,34,37,39,42,43,46,49,51,52,52,53,53,53,53,55,54,55,54,55,56,56,59,58,59,59
20260804_015555_897cb2,1785805469739596,1199412494,2,2,0,-54,128,0,15,15,15,15,15,14,16,14,15,15,15,15,15,15,15,15,15,15,15,15,14,15,14,13,13,13,0,0,0,0,0,0,0,0,0,0,0,7,8,8,9,10,11,11,11,13,12,12,13,13,13,13,13,13,13,14,14,14,14,14,15,15,15,0,56,56,60,56,57,53,54,55,54,54,53,50,58,55,56,55,56,56,55,55,56,54,52,50,49,47,46,46,0,0,0,0,0,0,0,23,25,28,29,32,35,36,39,41,44,45,47,49,48,49,50,49,50,50,51,53,52,55,53,53,56,56,56
20260804_015555_897cb2,1785805469838209,1199514597,2,2,0,-54,128,0,16,16,16,16,16,15,15,15,15,15,16,15,15,16,16,16,16,16,16,15,15,15,14,14,14,13,0,0,0,0,0,0,0,0,0,0,0,6,7,7,7,8,9,9,10,10,10,11,11,12,12,12,12,12,13,13,13,14,14,14,15,15,16,0,60,61,61,60,59,61,60,60,59,60,60,59,59,59,61,61,61,60,61,60,58,56,56,53,53,50,49,47,0,0,0,0,0,0,0,18,21,21,24,26,27,30,30,34,36,38,40,43,43,44,44,46,48,49,50,50,51,53,55,55,57,57,59
20260804_015555_897cb2,1785805469941872,1199613791,2,2,0,-50,128,0,15,15,15,15,15,14,14,14,14,14,14,14,14,14,15,15,15,15,14,14,14,13,13,13,12,12,0,0,0,0,0,0,0,0,0,0,0,6,6,7,8,9,9,9,10,11,11,12,12,12,12,12,13,13,13,13,13,13,14,14,15,15,15,0,59,58,58,59,60,59,58,55,55,57,56,54,57,56,55,57,56,57,56,55,54,53,50,50,50,48,46,44,0,0,0,0,0,0,0,25,25,27,28,29,32,33,35,36,39,43,44,43,46,47,48,48,49,51,50,51,54,52,56,54,57,59,59
20260804_015555_897cb2,1785805470039695,1199710859,2,2,0,-51,128,0,16,16,17,16,16,16,16,16,16,16,16,16,16,16,16,16,17,17,16,16,16,15,15,15,14,14,0,0,0,0,0,0,0,0,0,0,0,6,6,6,7,8,8,9,9,10,10,11,11,12,12,12,12,13,13,13,14,14,14,14,15,16,16,0,30,31,31,31,30,31,30,31,30,30,31,30,31,31,31,31,31,31,31,30,30,29,29,27,27,26,25,24,0,0,0,0,0,0,0,9,10,10,11,12,14,14,15,16,17,18,19,20,20,21,22,22,23,23,24,25,26,26,27,28,28,29,29
20260804_015555_897cb2,1785805470175974,1199850801,2,2,0,-52,128,0,15,15,15,15,15,15,15,15,15,15,16,16,16,16,16,17,17,18,17,17,18,17,16,16,16,16,0,0,0,0,0,0,0,0,0,0,0,8,8,9,9,9,10,10,10,11,11,11,11,11,11,12,12,12,12,12,11,13,13,13,13,13,14,0,56,56,57,55,57,57,57,57,57,59,60,61,62,65,62,66,65,67,67,66,66,65,62,62,62,61,57,58,0,0,0,0,0,0,0,27,29,29,31,32,34,35,36,37,38,40,41,40,42,42,43,45,43,45,44,46,47,49,49,48,51,53,53
20260804_015555_897cb2,1785805470278434,1199952375,2,2,0,-55,128,0,15,15,16,16,16,16,16,16,16,16,16,17,17,18,18,18,18,18,18,18,18,18,18,18,17,17,0,0,0,0,0,0,0,0,0,0,0,5,6,6,6,6,6,6,6,7,7,8,8,8,9,9,9,9,9,11,10,11,12,12,13,13,14,0,28,30,31,30,31,31,31,32,31,32,33,33,33,35,34,35,35,36,37,36,36,35,35,33,34,33,32,32,0,0,0,0,0,0,0,11,10,10,11,11,11,11,11,12,13,12,14,14,15,15,16,17,18,18,19,20,21,22,23,24,26,26,27
20260804_015555_897cb2,1785805470335514,1200012668,2,2,0,-61,128,0,11,12,13,13,14,14,15,15,16,16,18,18,19,20,20,21,22,23,23,23,24,23,23,23,23,23,0,0,0,0,0,0,0,0,0,0,0,3,4,4,3,2,2,2,2,1,1,1,1,2,3,3,3,4,4,5,5,6,7,7,8,9,10,0,21,24,24,25,25,27,27,29,30,31,33,33,35,37,37,40,40,42,44,43,44,45,43,42,44,44,40,43,0,0,0,0,0,0,0,6,7,6,6,6,6,5,5,4,3,1,2,1,3,4,4,6,7,7,9,10,12,11,14,14,16,17,18
20260804_015555_897cb2,1785805470439282,1200111963,2,2,0,-55,128,0,13,14,14,14,15,15,14,14,15,15,16,16,17,17,18,18,19,19,19,19,19,20,20,20,20,20,0,0,0,0,0,0,0,0,0,0,0,6,6,6,6,6,6,6,6,6,6,6,6,6,7,7,7,7,8,9,9,10,10,9,10,11,12,0,25,25,27,26,27,27,27,29,30,31,31,32,34,35,35,36,37,37,39,39,39,39,39,38,38,37,36,36,0,0,0,0,0,0,0,11,12,11,11,11,12,11,11,12,11,12,13,11,13,13,13,13,14,14,15,17,17,19,19,20,22,23,23
20260804_015555_897cb2,1785805470538052,1200211966,2,2,0,-60,128,0,10,9,8,7,6,5,4,4,3,4,3,4,5,6,7,7,8,9,10,10,11,12,12,13,13,14,0,0,0,0,0,0,0,0,0,0,0,14,14,15,16,17,18,19,19,20,20,20,20,20,19,18,18,18,17,16,16,15,15,14,13,13,12,0,19,16,16,14,12,10,8,9,8,7,8,9,9,11,11,14,14,18,19,20,21,22,23,23,25,24,24,27,0,0,0,0,0,0,0,21,23,25,28,27,31,32,33,36,37,37,37,37,36,35,36,35,34,33,31,31,30,29,27,25,25,25,23
20260804_015555_897cb2,1785805470641240,1200313726,2,2,0,-51,128,0,16,16,16,16,14,15,14,13,14,14,13,13,13,13,13,13,13,11,11,11,11,11,11,10,9,9,0,0,0,0,0,0,0,0,0,0,0,9,10,11,11,12,13,13,14,15,16,16,16,16,16,16,16,16,16,16,16,16,17,17,17,17,17,0,62,62,60,57,55,55,53,52,52,51,50,48,48,47,47,46,46,45,45,43,42,41,39,37,35,35,33,33,0,0,0,0,0,0,0,29,32,35,37,40,43,46,48,51,54,56,58,59,60,60,60,60,63,62,62,62,63,63,63,64,64,64,63
20260804_015555_897cb2,1785805470735156,1200411382,2,2,0,-51,128,0,15,15,14,14,13,12,12,11,11,10,11,10,10,9,9,8,8,8,7,7,6,6,5,4,4,4,0,0,0,0,0,0,0,0,0,0,0,13,14,14,15,16,16,17,17,18,18,18,18,18,18,18,18,18,17,17,17,17,17,17,17,16,16,0,28,28,27,26,24,24,22,22,21,20,19,18,17,16,17,16,14,14,13,12,11,11,9,9,8,8,6,6,0,0,0,0,0,0,0,22,23,24,25,26,27,29,31,31,32,33,34,34,35,34,34,34,33,33,32,33,33,32,32,31,31,31,29
20260804_015555_897cb2,1785805470838760,1200511443,2,2,0,-50,128,0,16,16,15,15,14,13,13,12,11,11,11,10,10,10,10,9,9,8,8,7,7,6,6,6,5,5,0,0,0,0,0,0,0,0,0,0,0,12,13,14,15,15,16,17,17,18,18,18,18,18,18,18,18,18,17,18,18,17,18,17,17,17,17,0,30,28,26,27,26,24,23,22,22,22,20,19,19,18,17,17,15,15,15,14,13,12,11,10,10,9,8,7,0,0,0,0,0,0,0,20,22,22,24,25,27,28,30,30,31,31,32,32,34,32,32,33,32,31,31,31,31,32,31,31,31,31,30
20260804_015555_897cb2,1785805470936433,1200611915,2,2,0,-52,128,0,17,18,17,17,16,15,15,14,13,13,13,11,12,11,11,10,10,10,9,9,8,7,7,6,6,6,0,0,0,0,0,0,0,0,0,0,0,12,13,14,14,16,16,17,18,18,19,18,18,19,19,19,19,18,18,18,19,18,19,19,19,19,18,0,31,30,30,27,27,27,25,24,22,22,22,21,20,20,18,19,17,16,16,16,14,13,11,11,11,9,9,9,0,0,0,0,0,0,0,19,20,21,23,24,26,27,28,29,32,33,33,33,33,33,33,34,33,34,33,33,34,33,33,33,33,32,33
20260804_015555_897cb2,1785805471034648,1200710906,2,2,0,-50,128,0,16,16,15,15,14,14,14,12,12,12,11,11,11,11,11,10,10,9,9,9,9,8,8,7,7,7,0,0,0,0,0,0,0,0,0,0,0,12,12,13,14,15,15,15,16,17,17,17,18,17,17,17,17,17,17,17,17,17,17,17,17,17,17,0,31,30,28,27,26,26,24,24,23,23,21,21,21,20,20,19,19,18,18,17,17,16,14,13,14,13,11,10,0,0,0,0,0,0,0,18,20,21,22,25,26,28,27,30,31,31,32,32,32,32,31,32,32,32,31,31,30,31,31,31,31,31,30
20260804_015555_897cb2,1785805471133948,1200810658,2,2,0,-54,128,0,17,17,17,16,15,15,14,13,13,12,12,12,12,12,11,11,10,10,9,9,8,8,7,7,6,6,0,0,0,0,0,0,0,0,0,0,0,12,13,13,14,14,16,16,17,17,17,17,17,18,18,18,18,18,17,18,18,18,18,18,18,18,18,0,32,31,31,28,28,27,26,25,24,23,22,22,22,21,20,19,19,18,17,17,14,14,14,13,12,11,10,9,0,0,0,0,0,0,0,21,21,23,23,25,27,27,28,30,30,32,32,32,32,32,33,33,32,32,32,34,34,33,34,33,34,33,33
20260804_015555_897cb2,1785805471243097,1200914614,2,2,0,-54,128,0,16,15,15,14,13,13,13,12,12,12,11,11,10,11,11,11,10,10,9,9,9,8,8,7,7,7,0,0,0,0,0,0,0,0,0,0,0,12,13,13,13,14,16,15,16,16,17,17,17,17,17,17,17,17,16,17,17,17,17,17,16,16,16,0,28,27,26,25,24,24,22,22,21,21,21,20,19,19,19,19,18,17,17,17,15,15,15,14,13,12,12,12,0,0,0,0,0,0,0,19,21,21,22,24,26,26,28,28,29,30,30,31,31,30,31,32,30,31,29,30,30,30,30,29,30,30,29
20260804_015555_897cb2,1785805471336565,1201013192,2,2,0,-50,128,0,17,16,16,16,14,14,13,13,13,11,12,11,11,11,10,9,9,9,9,8,8,7,7,6,6,5,0,0,0,0,0,0,0,0,0,0,0,16,16,17,18,19,19,19,20,20,20,21,20,20,20,20,20,19,19,19,19,19,19,19,18,18,18,0,29,28,27,26,25,24,22,21,21,21,20,18,19,18,17,17,16,16,15,14,13,11,11,10,9,9,9,7,0,0,0,0,0,0,0,24,25,26,28,29,29,31,33,34,33,34,34,34,35,34,34,34,33,31,32,32,32,32,32,31,31,30,31
20260804_015555_897cb2,1785805471434610,1201110936,2,2,0,-50,128,0,16,16,15,15,13,13,13,13,12,11,11,11,10,10,10,10,9,9,9,8,9,7,7,6,6,6,0,0,0,0,0,0,0,0,0,0,0,11,12,13,14,14,15,16,16,16,16,17,17,17,17,17,17,17,17,16,17,17,17,16,16,16,17,0,57,53,54,53,51,48,48,46,43,43,42,40,40,39,37,38,36,35,32,33,31,29,26,26,25,22,22,18,0,0,0,0,0,0,0,40,43,43,46,47,53,55,55,57,62,63,62,63,63,63,63,63,62,62,61,63,60,62,63,62,62,61,60
20260804_015555_897cb2,1785805471537937,1201210825,2,2,0,-53,128,0,16,16,15,15,14,13,13,12,11,11,10,10,10,9,9,8,8,8,8,7,7,5,5,4,4,4,0,0,0,0,0,0,0,0,0,0,0,13,14,14,15,16,16,17,18,18,19,18,19,18,18,17,18,18,18,18,18,18,17,17,17,17,16,0,29,29,28,26,25,25,24,22,21,21,20,19,18,17,16,16,15,15,13,13,12,11,9,9,8,7,6,6,0,0,0,0,0,0,0,23,24,24,26,27,29,30,31,32,33,33,34,35,34,34,34,34,34,34,33,33,33,33,32,32,32,31,31
20260804_015555_897cb2,1785805471634605,1201311515,2,2,0,-53,128,0,13,14,13,12,11,11,11,10,10,9,9,8,8,8,7,7,6,6,6,5,5,4,3,3,3,3,0,0,0,0,0,0,0,0,0,0,0,12,12,13,14,15,15,16,16,17,17,17,16,17,16,16,17,16,16,16,16,16,15,16,15,15,14,0,29,27,27,25,25,23,22,21,19,19,18,17,16,16,15,14,13,13,12,10,10,9,9,8,7,6,6,5,0,0,0,0,0,0,0,23,24,25,26,27,29,29,31,32,33,33,35,35,34,34,33,34,33,32,32,32,31,31,31,31,31,31,29
20260804_015555_897cb2,1785805471737581,1201411641,2,2,0,-51,128,0,16,16,15,15,13,13,12,11,11,11,11,10,9,9,9,9,8,8,7,7,6,5,5,5,4,4,0,0,0,0,0,0,0,0,0,0,0,14,15,16,16,17,18,18,18,19,19,19,19,18,18,18,18,18,18,18,18,18,18,17,17,16,16,0,28,27,26,25,24,23,21,21,20,20,19,18,17,17,16,15,15,14,13,12,11,10,9,9,9,8,7,6,0,0,0,0,0,0,0,23,24,24,26,27,29,30,30,31,33,33,33,33,33,32,32,32,33,32,30,31,30,30,30,30,29,30,29
20260804_015555_897cb2,1785805471836545,1201511927,2,2,0,-54,128,0,16,16,16,15,14,14,13,12,12,12,10,10,9,9,9,8,8,7,7,6,6,5,5,4,4,4,0,0,0,0,0,0,0,0,0,0,0,13,14,15,16,16,16,18,18,19,18,18,18,20,18,18,18,18,18,18,19,19,19,17,17,18,17,0,62,59,57,53,50,51,47,45,43,41,39,37,35,34,30,30,29,25,24,22,20,18,16,14,13,12,9,8,0,0,0,0,0,0,0,46,48,52,54,55,59,60,62,65,67,70,70,70,70,70,70,71,68,68,67,67,67,69,68,65,65,64,63
20260804_015555_897cb2,1785805471941766,1201614619,2,2,0,-55,128,0,15,15,14,14,13,12,12,11,10,10,9,8,8,8,7,6,6,6,5,5,4,3,3,2,2,1,0,0,0,0,0,0,0,0,0,0,0,12,13,14,14,15,16,16,17,18,18,18,18,18,18,18,17,17,17,17,17,17,17,17,17,17,16,0,29,29,27,25,24,24,23,21,20,19,18,17,16,15,14,13,12,11,10,9,8,7,5,5,3,4,3,2,0,0,0,0,0,0,0,21,23,24,25,26,28,28,30,31,33,33,34,34,34,34,35,34,33,33,33,33,33,34,33,32,32,32,31
20260804_015555_897cb2,1785805472039806,1201714167,2,2,0,-55,128,0,16,17,16,15,14,14,13,13,12,11,11,10,10,9,9,8,8,7,7,6,5,5,4,4,4,3,0,0,0,0,0,0,0,0,0,0,0,12,12,13,14,15,15,16,16,17,17,17,18,18,18,18,18,18,18,18,18,18,18,18,18,18,17,0,30,31,29,28,27,26,25,23,22,21,20,19,18,17,16,15,14,13,12,11,10,9,7,7,6,5,5,4,0,0,0,0,0,0,0,20,22,22,24,25,26,27,28,29,30,32,33,33,33,34,34,33,34,33,34,33,34,33,33,34,34,33,32
20260804_015555_897cb2,1785805472137761,1201811584,2,2,0,-56,128,0,15,15,15,14,13,13,11,11,10,9,9,9,8,8,7,5,5,4,4,4,3,2,1,1,0,0,0,0,0,0,0,0,0,0,0,0,0,13,13,13,14,15,16,16,17,17,17,17,17,18,17,17,17,17,17,17,18,17,17,17,17,17,16,0,29,29,27,26,25,23,22,21,20,18,17,16,16,13,13,11,11,9,8,7,6,5,4,3,1,1,1,1,0,0,0,0,0,0,0,22,23,24,25,26,27,29,28,30,31,33,34,33,33,34,34,34,34,32,33,33,34,34,34,33,33,32,31
20260804_015555_897cb2,1785805472235974,1201912153,2,2,0,-53,128,0,15,15,15,14,14,14,12,12,12,12,12,11,11,11,11,11,10,10,9,9,8,8,8,8,7,7,0,0,0,0,0,0,0,0,0,0,0,11,11,11,13,13,13,14,15,15,15,16,16,16,16,16,16,16,16,16,16,16,16,16,16,16,16,0,60,60,57,57,55,52,50,48,48,48,46,44,44,43,42,43,40,39,38,36,36,33,32,30,29,28,27,26,0,0,0,0,0,0,0,40,42,43,46,47,50,53,55,57,58,59,62,63,61,62,62,62,64,63,62,62,62,62,63,64,62,62,62
20260804_015555_897cb2,1785805472340489,1202011828,2,2,0,-53,128,0,17,16,16,15,15,16,15,14,13,13,13,12,12,11,11,11,11,9,9,9,9,8,8,8,6,6,0,0,0,0,0,0,0,0,0,0,0,9,11,11,12,12,13,14,15,15,16,16,16,17,17,17,17,16,17,16,17,17,17,17,17,17,17,0,61,60,59,55,55,55,52,51,46,47,46,43,41,41,40,40,39,38,35,33,33,30,28,28,25,24,23,23,0,0,0,0,0,0,0,33,36,37,38,42,45,46,48,51,53,57,57,58,59,60,60,61,60,61,61,60,63,61,62,63,64,63,63
20260804_015555_897cb2,1785805472438807,1202112211,2,2,0,-54,128,0,17,16,16,16,15,14,14,14,13,13,12,12,12,11,11,10,10,10,9,9,8,8,8,7,6,6,0,0,0,0,0,0,0,0,0,0,0,9,9,10,11,12,13,14,14,14,15,16,16,16,17,16,17,17,17,17,17,17,17,18,18,18,17,0,66,64,62,60,56,56,53,51,50,49,47,44,42,42,42,41,38,37,36,34,32,30,30,27,26,25,23,22,0,0,0,0,0,0,0,30,33,34,37,39,42,45,48,51,55,57,58,60,60,63,63,63,64,65,65,66,66,66,67,67,67,67,67
20260804_015555_897cb2,1785805472536404,1202211580,2,2,0,-54,128,0,18,18,17,17,16,17,16,16,16,16,16,16,16,16,16,16,16,15,16,15,15,14,14,13,13,13,0,0,0,0,0,0,0,0,0,0,0,8,9,10,10,11,11,12,13,13,14,14,14,15,16,16,17,16,17,16,17,17,17,17,17,17,17,0,31,31,31,30,31,31,29,29,28,28,28,27,28,27,27,28,27,27,28,26,27,25,24,24,23,22,22,21,0,0,0,0,0,0,0,13,13,13,14,16,17,19,20,21,22,24,25,25,26,27,27,26,29,28,28,29,30,29,31,30,31,32,31
20260804_015555_897cb2,1785805472639221,1202312271,2,2,0,-51,128,0,16,15,15,15,15,14,15,14,15,15,15,15,14,15,15,16,14,15,15,14,14,13,13,13,13,12,0,0,0,0,0,0,0,0,0,0,0,9,9,9,10,10,11,11,12,12,12,12,13,13,14,14,14,14,14,14,14,14,14,15,15,15,16,0,61,60,62,59,59,59,55,57,55,57,57,55,55,56,56,58,55,57,57,54,56,52,51,51,48,47,45,45,0,0,0,0,0,0,0,29,31,32,34,36,37,39,42,43,44,46,46,50,50,49,50,52,52,53,53,53,55,56,57,59,59,60,60
20260804_015555_897cb2,1785805472738185,1202411650,2,2,0,-50,128,0,15,16,15,16,15,15,15,14,15,15,15,15,15,15,16,15,16,15,15,15,14,14,14,14,12,13,0,0,0,0,0,0,0,0,0,0,0,8,8,9,9,10,10,11,11,11,12,12,12,12,12,12,13,13,13,13,14,14,14,14,15,15,15,0,58,59,59,58,57,59,57,56,57,58,59,57,56,57,59,59,59,59,58,57,56,53,53,51,49,46,47,45,0,0,0,0,0,0,0,28,29,31,30,33,35,38,40,42,43,44,45,47,46,47,48,48,50,50,52,52,53,54,54,57,58,58,58
20260804_015555_897cb2,1785805472836537,1202511646,2,2,0,-52,128,0,16,15,15,15,15,15,15,14,14,14,14,13,14,14,14,14,14,14,13,14,13,13,12,12,12,12,0,0,0,0,0,0,0,0,0,0,0,7,7,8,8,9,9,10,10,11,12,12,13,13,13,13,14,14,14,14,14,14,15,15,15,15,15,0,59,59,59,59,58,58,56,55,56,56,57,55,55,55,57,56,55,57,56,53,53,52,50,49,46,46,44,43,0,0,0,0,0,0,0,24,27,27,29,31,33,35,38,41,42,45,45,48,48,49,50,50,52,51,53,54,53,54,55,56,58,59,58
20260804_015555_897cb2,1785805472936754,1202611597,2,2,0,-52,128,0,15,14,14,13,12,12,11,11,10,10,10,9,9,9,8,8,8,8,7,7,7,6,6,6,5,5,0,0,0,0,0,0,0,0,0,0,0,13,14,15,16,16,17,18,19,19,19,19,19,19,19,19,18,18,17,17,17,17,17,16,16,16,16,0,28,26,25,24,23,22,20,20,19,18,17,17,16,16,16,16,15,14,13,12,12,11,11,10,9,10,9,9,0,0,0,0,0,0,0,22,24,24,26,27,29,30,31,32,33,34,35,35,35,34,34,34,33,32,31,32,31,31,31,30,29,29,28
20260804_015555_897cb2,1785805473035481,1202711788,2,2,0,-52,128,0,15,15,14,14,13,13,12,11,11,10,10,9,9,9,8,8,8,7,6,6,6,5,4,4,3,3,0,0,0,0,0,0,0,0,0,0,0,12,13,14,14,15,16,16,17,18,18,18,18,19,19,18,18,18,18,18,17,17,17,17,17,16,17,0,29,28,26,26,25,23,21,20,20,19,19,17,16,16,15,15,14,12,12,11,10,9,9,7,7,6,6,5,0,0,0,0,0,0,0,21,23,23,24,26,27,28,29,31,32,33,34,33,33,33,33,34,34,32,33,33,32,32,32,31,32,31,30
20260804_015555_897cb2,1785805473138995,1202811650,2,2,0,-50,128,0,17,16,15,14,14,14,13,13,11,11,11,10,10,10,8,8,8,8,8,7,6,6,6,5,5,4,0,0,0,0,0,0,0,0,0,0,0,14,15,15,16,17,17,18,19,19,19,19,19,19,19,19,19,19,18,18,18,17,17,17,18,17,17,0,29,29,27,26,26,25,23,22,21,19,20,18,18,18,16,15,16,15,14,12,11,11,11,9,8,7,8,8,0,0,0,0,0,0,0,22,24,24,26,27,29,29,32,32,32,34,34,35,35,34,34,34,34,33,32,34,32,33,32,32,31,30,30
20260804_015555_897cb2,1785805473237675,1202912129,2,2,0,-48,128,0,15,15,14,14,13,13,12,12,11,12,11,11,10,10,10,9,9,9,8,8,8,8,7,7,7,6,0,0,0,0,0,0,0,0,0,0,0,14,14,14,16,17,17,17,17,18,18,18,18,17,17,17,16,16,16,16,17,17,17,17,16,16,16,0,27,28,26,26,24,24,23,21,21,21,20,20,19,18,18,18,17,17,16,15,14,14,13,12,11,11,11,10,0,0,0,0,0,0,0,24,24,25,26,27,28,30,30,31,33,32,34,33,33,32,32,33,32,31,31,30,30,30,30,29,29,29,28
20260804_015555_897cb2,1785805473336849,1203012097,2,2,0,-49,128,0,16,15,15,14,14,13,13,13,13,13,11,11,11,11,11,10,10,9,9,9,8,8,7,6,6,6,0,0,0,0,0,0,0,0,0,0,0,13,14,16,16,16,16,17,17,18,18,17,17,17,17,17,17,17,17,17,17,17,17,17,16,16,16,0,59,53,53,53,50,49,48,44,43,45,42,40,40,38,37,36,36,35,33,32,30,27,25,23,22,23,18,16,0,0,0,0,0,0,0,46,47,49,52,54,57,58,61,64,60,62,63,65,65,64,61,63,61,62,61,61,61,60,59,57,59,60,59
20260804_015555_897cb2,1785805473439099,1203112166,2,2,0,-48,128,0,14,14,13,13,12,12,12,11,11,11,10,10,10,10,9,9,9,9,8,8,8,9,8,7,6,6,0,0,0,0,0,0,0,0,0,0,0,15,16,16,17,17,17,18,19,19,19,18,18,18,17,17,17,16,16,16,16,16,16,15,15,15,14,0,25,28,25,24,24,23,22,21,21,21,19,20,19,19,19,18,18,18,17,16,16,15,14,14,13,12,13,12,0,0,0,0,0,0,0,27,29,29,30,31,31,34,34,35,36,36,36,36,34,34,33,33,31,31,30,30,30,28,29,28,28,28,28
20260804_015555_897cb2,1785805473540370,1203212446,2,2,0,-50,128,0,15,15,15,14,14,13,13,12,12,12,11,11,11,11,10,10,10,10,10,9,9,9,8,8,8,8,0,0,0,0,0,0,0,0,0,0,0,14,15,15,16,17,17,18,18,18,19,18,18,18,18,17,17,17,17,17,17,17,17,16,16,16,16,0,28,28,26,25,24,25,23,23,22,21,21,21,21,19,19,19,21,18,17,18,16,17,16,15,15,13,13,12,0,0,0,0,0,0,0,25,25,26,27,29,29,31,30,32,33,33,33,33,32,32,32,32,32,30,31,30,30,30,30,29,29,29,28
20260804_015555_897cb2,1785805473635395,1203312113,2,2,0,-47,128,0,17,16,16,15,15,14,14,13,13,13,12,12,12,11,11,11,10,10,10,9,9,9,8,7,8,7,0,0,0,0,0,0,0,0,0,0,0,14,14,15,15,16,17,17,17,18,18,18,18,18,18,18,18,18,18,18,17,17,18,17,17,17,17,0,30,29,28,27,26,25,24,24,24,23,22,22,21,20,20,19,19,19,18,17,17,16,15,14,15,13,12,12,0,0,0,0,0,0,0,23,23,24,25,27,28,29,29,30,31,32,33,32,34,33,33,32,32,32,31,31,31,32,32,31,30,31,30
20260804_015555_897cb2,1785805473737261,1203412936,2,2,0,-50,128,0,16,16,16,14,14,13,12,12,12,11,10,10,9,9,9,9,8,7,7,6,6,5,5,4,4,4,0,0,0,0,0,0,0,0,0,0,0,15,16,16,17,17,18,18,19,19,19,19,19,19,19,19,18,19,18,18,18,18,18,17,17,16,16,0,58,56,54,49,51,47,45,42,40,38,39,36,31,31,33,30,27,27,24,24,23,20,19,15,13,15,11,9,0,0,0,0,0,0,0,49,52,54,59,59,64,62,69,68,70,71,70,70,72,70,69,71,68,71,65,69,67,67,64,61,62,61,61
20260804_015555_897cb2,1785805473839009,1203511516,2,2,0,-48,128,0,15,15,14,13,13,12,12,11,10,11,11,10,10,9,9,8,8,8,7,7,6,6,6,5,4,4,0,0,0,0,0,0,0,0,0,0,0,14,14,15,16,17,16,17,17,18,18,18,18,18,18,18,18,17,17,17,17,17,17,16,16,16,16,0,27,27,26,24,24,23,21,21,19,20,19,18,17,16,16,16,17,13,13,12,12,11,10,9,8,7,7,8,0,0,0,0,0,0,0,23,23,25,25,28,28,31,30,32,32,34,34,34,33,33,33,32,33,31,32,31,32,31,31,31,31,31,29
20260804_015555_897cb2,1785805473940100,1203616586,2,2,0,-51,128,0,16,16,16,15,13,13,13,12,11,11,11,11,10,9,9,9,9,8,7,7,7,7,6,6,5,4,0,0,0,0,0,0,0,0,0,0,0,15,16,16,17,18,18,18,19,20,19,20,20,20,20,19,19,19,19,18,19,19,19,18,18,18,17,0,28,27,25,25,24,24,22,21,19,20,19,17,17,16,16,15,14,14,13,12,12,10,10,10,9,7,8,7,0,0,0,0,0,0,0,24,23,25,26,28,28,30,31,32,32,33,34,35,35,34,33,33,32,32,32,33,32,32,31,30,31,30,29
20260804_015555_897cb2,1785805474036186,1203712703,2,2,0,-48,128,0,15,15,15,13,13,13,12,11,11,11,11,11,11,10,10,10,10,9,9,9,8,8,7,7,7,6,0,0,0,0,0,0,0,0,0,0,0,13,14,14,15,15,16,16,17,17,17,17,17,17,17,17,17,17,17,17,16,17,17,16,16,16,16,0,58,56,56,52,50,48,45,47,45,41,40,41,41,38,36,37,35,36,33,30,31,30,26,27,25,24,21,21,0,0,0,0,0,0,0,45,48,49,52,54,57,60,61,64,64,67,65,66,65,64,65,66,64,63,61,63,63,63,63,59,61,60,60
20260804_015555_897cb2,1785805474139255,1203812400,2,2,0,-50,128,0,16,15,14,14,14,12,12,12,11,11,10,10,9,9,9,9,8,8,8,8,7,5,5,4,4,4,0,0,0,0,0,0,0,0,0,0,0,14,14,14,16,16,17,17,18,18,18,18,19,18,18,18,18,17,17,16,17,17,17,17,17,17,16,0,53,55,53,51,49,48,45,43,39,41,38,37,34,33,34,31,30,31,29,26,22,23,20,19,17,14,14,12,0,0,0,0,0,0,0,46,49,50,51,55,56,59,61,64,65,65,68,68,66,65,64,61,66,63,61,63,62,61,61,63,61,60,58
20260804_015555_897cb2,1785805474237520,1203911595,2,2,0,-52,128,0,16,16,15,14,14,13,13,12,11,11,11,9,10,9,9,9,8,7,7,7,6,6,5,4,4,4,0,0,0,0,0,0,0,0,0,0,0,17,17,18,19,20,20,21,22,22,22,21,22,21,20,20,20,19,19,20,19,19,19,18,18,17,17,0,28,28,26,25,23,23,21,21,19,19,18,17,17,16,15,14,14,13,12,10,10,9,8,8,7,6,5,5,0,0,0,0,0,0,0,27,29,29,30,32,33,34,34,36,37,37,37,36,36,36,35,34,35,34,33,33,32,32,31,31,30,30,29
20260804_015555_897cb2,1785805474336461,1204011895,2,2,0,-51,128,0,15,15,15,14,14,13,12,12,12,11,11,10,9,9,9,9,8,8,8,7,7,6,6,5,5,5,0,0,0,0,0,0,0,0,0,0,0,15,16,16,17,17,19,19,19,20,19,19,20,20,19,18,18,19,18,18,17,17,17,17,17,17,17,0,55,53,51,50,48,44,42,42,39,39,37,37,36,34,30,30,30,29,28,25,23,20,21,20,18,16,13,14,0,0,0,0,0,0,0,50,51,53,54,59,60,64,67,68,68,70,70,71,69,70,67,67,66,66,65,64,63,63,61,61,58,59,59
20260804_015555_897cb2,1785805474434829,1204111683,2,2,0,-50,128,0,16,16,16,14,14,13,13,13,13,12,12,12,11,11,11,11,10,10,9,9,8,8,8,7,7,6,0,0,0,0,0,0,0,0,0,0,0,14,15,16,16,18,17,18,19,19,19,19,19,19,18,18,17,17,17,17,18,17,17,17,16,17,16,0,56,53,56,51,50,48,47,46,41,42,43,38,40,40,38,36,34,36,35,33,33,30,26,25,23,23,21,19,0,0,0,0,0,0,0,46,47,52,54,53,58,61,63,66,66,67,67,67,67,68,67,66,65,66,63,64,61,61,62,60,60,59,59
20260804_015555_897cb2,1785805474544772,1204222369,2,2,0,-51,128,0,14,14,13,13,13,12,12,10,11,10,10,9,9,8,8,7,7,7,6,6,6,4,4,4,3,3,0,0,0,0,0,0,0,0,0,0,0,15,16,16,17,17,18,18,19,19,19,19,19,19,19,18,18,18,17,17,17,17,16,16,17,17,16,0,27,26,26,24,22,22,21,20,19,18,17,17,18,15,14,13,13,12,11,11,9,9,9,7,5,5,4,4,0,0,0,0,0,0,0,25,25,27,29,30,31,31,34,34,35,35,35,35,34,34,33,32,32,32,31,31,30,31,29,29,31,28,28
20260804_015555_897cb2,1785805474637949,1204312060,2,2,0,-50,128,0,16,16,15,14,14,13,13,12,12,11,11,10,10,11,9,9,9,9,8,8,8,7,7,6,5,6,0,0,0,0,0,0,0,0,0,0,0,16,16,16,17,17,18,19,19,19,20,19,20,19,18,18,19,19,17,17,18,18,17,17,17,17,17,0,28,26,26,24,24,23,22,21,21,20,18,19,18,17,17,16,16,15,15,13,13,12,12,11,10,9,9,9,0,0,0,0,0,0,0,24,25,26,27,28,31,30,32,33,34,34,34,35,34,35,33,33,32,32,31,31,31,30,31,30,29,29,29
20260804_015555_897cb2,1785805474736137,1204411857,2,2,0,-50,128,0,16,16,15,15,13,13,13,12,11,11,11,11,11,10,10,10,10,9,9,7,7,6,6,6,6,4,0,0,0,0,0,0,0,0,0,0,0,15,16,16,16,17,18,18,19,19,19,19,19,19,19,19,18,18,17,17,17,17,17,16,17,17,16,0,29,28,26,25,26,23,23,22,22,21,20,19,19,18,17,17,17,16,15,14,12,13,11,11,9,9,8,6,0,0,0,0,0,0,0,24,24,25,27,28,29,31,32,32,33,34,34,34,33,34,34,33,32,31,31,31,31,32,31,29,30,29,30
20260804_015555_897cb2,1785805474839532,1204512625,2,2,0,-50,128,0,16,16,15,15,14,13,13,13,12,11,11,11,11,11,10,9,9,9,8,8,8,8,7,7,6,6,0,0,0,0,0,0,0,0,0,0,0,15,16,16,17,18,19,19,19,19,20,20,20,20,19,19,19,19,18,18,18,17,18,17,17,17,16,0,28,28,28,26,26,24,23,23,22,22,21,21,20,19,18,18,16,17,16,14,14,12,12,12,11,10,9,9,0,0,0,0,0,0,0,25,26,28,27,30,32,32,32,34,35,36,35,36,34,35,34,34,33,33,33,34,33,32,32,31,31,31,29
20260804_015555_897cb2,1785805474940235,1204611562,2,2,0,-51,128,0,14,14,14,13,13,13,12,12,12,10,10,10,10,9,9,9,8,8,8,7,7,6,6,5,5,4,0,0,0,0,0,0,0,0,0,0,0,14,14,15,16,16,17,17,18,18,18,18,19,19,18,17,17,18,17,17,17,16,16,16,16,16,16,0,59,52,52,51,48,47,45,44,42,39,39,38,37,35,34,33,31,31,30,27,26,25,21,19,18,17,14,15,0,0,0,0,0,0,0,46,50,53,55,53,57,59,62,63,68,69,67,67,68,66,67,67,64,64,62,63,60,63,60,59,60,59,59
20260804_015555_897cb2,1785805475038518,1204711556,2,2,0,-50,128,0,17,16,15,15,14,13,13,13,13,12,11,11,11,11,10,10,10,9,9,8,8,7,7,6,6,5,0,0,0,0,0,0,0,0,0,0,0,15,16,16,17,18,18,19,20,20,20,20,20,19,19,19,19,19,18,18,18,18,18,17,18,18,18,0,27,28,27,26,24,24,21,22,21,21,19,19,18,17,18,17,16,16,16,14,13,12,12,10,10,9,9,7,0,0,0,0,0,0,0,25,24,26,26,29,30,31,31,33,34,33,35,35,35,35,34,33,33,32,33,31,31,31,30,31,30,30,28
20260804_015555_897cb2,1785805475148182,1204823824,2,2,0,-50,128,0,15,15,14,14,13,13,12,11,11,11,11,10,10,9,9,8,8,8,8,8,7,6,5,5,4,4,0,0,0,0,0,0,0,0,0,0,0,13,13,14,15,16,16,17,17,18,18,18,18,17,18,17,17,17,17,17,17,17,17,17,16,16,16,0,29,26,25,25,24,23,21,21,21,20,19,19,19,16,16,16,16,16,14,14,11,11,10,9,9,9,8,6,0,0,0,0,0,0,0,21,22,23,24,25,28,28,30,30,30,32,32,32,32,33,32,32,32,31,30,31,30,30,31,29,30,29,29
20260804_015555_897cb2,1785805475235555,1204911660,2,2,0,-50,128,0,15,15,14,15,13,13,12,12,12,12,11,10,10,9,10,10,9,9,9,8,8,7,7,7,6,6,0,0,0,0,0,0,0,0,0,0,0,13,13,14,14,15,15,16,17,17,17,17,17,17,17,17,17,17,17,16,17,17,16,17,16,16,16,0,28,26,26,26,23,23,24,22,21,21,20,18,19,19,18,18,17,17,16,15,15,13,13,13,12,11,10,9,0,0,0,0,0,0,0,20,22,22,23,25,26,26,29,30,31,31,33,32,31,33,32,31,32,31,31,31,30,30,30,30,29,30,31
20260804_015555_897cb2,1785805475339069,1205011525,2,2,0,-48,128,0,16,15,15,15,14,14,13,13,13,12,12,12,11,11,11,11,11,11,11,10,10,9,9,8,8,8,0,0,0,0,0,0,0,0,0,0,0,12,13,14,14,15,15,16,16,17,17,17,17,17,17,17,17,16,16,16,16,16,17,17,16,16,16,0,29,27,27,26,25,25,23,23,22,23,22,22,20,21,21,20,20,19,19,19,18,17,16,15,14,14,13,13,0,0,0,0,0,0,0,20,21,22,23,24,25,27,27,28,30,30,31,31,30,31,30,30,31,30,31,30,30,31,30,30,30,30,29
20260804_015555_897cb2,1785805475437272,1205112363,2,2,0,-46,128,0,16,16,15,15,14,13,13,13,13,13,12,12,12,11,12,11,11,11,11,9,9,9,9,9,8,8,0,0,0,0,0,0,0,0,0,0,0,12,12,14,14,15,16,16,16,17,18,18,18,18,17,17,18,17,17,17,17,17,17,17,17,17,16,0,58,58,56,55,52,51,49,48,47,46,46,43,42,42,42,41,40,39,38,36,34,33,32,30,28,26,25,24,0,0,0,0,0,0,0,40,42,44,47,49,51,55,55,59,60,63,62,63,64,64,64,63,63,60,63,62,63,61,62,61,62,61,59
20260804_015555_897cb2,1785805475536241,1205212301,2,2,0,-46,128,0,16,16,16,15,14,14,13,14,12,12,12,12,12,11,11,11,11,11,10,10,10,9,8,8,8,8,0,0,0,0,0,0,0,0,0,0,0,13,14,15,15,16,17,17,18,18,18,19,19,19,17,18,17,17,17,17,17,18,18,17,17,17,17,0,28,29,27,26,26,25,24,24,22,22,22,22,21,20,20,19,20,18,18,18,17,16,15,15,13,13,11,11,0,0,0,0,0,0,0,21,23,24,25,27,27,29,30,31,31,31,33,33,32,32,32,32,32,31,31,32,31,31,31,30,30,30,30
20260804_015555_897cb2,1785805475640345,1205314088,2,2,0,-45,128,0,14,14,14,14,13,13,12,12,11,11,11,10,10,10,10,10,10,9,9,9,8,8,7,7,7,6,0,0,0,0,0,0,0,0,0,0,0,12,12,13,14,15,15,16,16,16,17,17,16,17,16,16,16,16,16,16,16,16,16,16,15,16,15,0,27,28,26,26,25,24,23,22,21,22,21,21,21,20,20,19,19,19,17,17,17,15,16,14,13,11,12,11,0,0,0,0,0,0,0,20,22,23,24,26,26,28,28,30,31,31,33,32,31,31,31,31,32,30,31,30,30,30,30,30,30,30,29
20260804_015555_897cb2,1785805475737648,1205411426,2,2,0,-46,128,0,16,16,16,14,14,13,13,13,12,12,12,11,12,11,11,11,10,10,10,9,9,9,8,8,7,7,0,0,0,0,0,0,0,0,0,0,0,12,14,14,15,16,16,17,17,18,18,18,18,18,18,18,18,18,17,17,17,17,17,17,16,16,16,0,57,54,54,51,51,49,47,45,43,44,42,41,41,39,38,39,38,37,34,34,34,32,30,29,26,25,23,22,0,0,0,0,0,0,0,41,43,45,49,49,54,56,59,61,62,64,63,64,65,63,63,63,62,61,61,62,62,62,60,59,59,60,58
20260804_015555_897cb2,1785805475837401,1205511545,2,2,0,-48,128,0,17,16,16,14,13,13,13,13,12,11,11,11,11,11,10,10,10,10,9,8,8,8,7,7,7,6,0,0,0,0,0,0,0,0,0,0,0,14,14,15,16,17,17,18,19,19,20,19,19,19,19,18,18,18,18,18,18,17,17,17,17,17,17,0,28,28,27,26,25,24,24,22,22,21,21,20,19,18,18,18,18,17,17,16,15,14,14,13,11,11,12,11,0,0,0,0,0,0,0,23,24,26,26,28,29,31,31,33,34,33,35,34,34,34,35,32,33,32,32,32,32,31,30,30,30,30,29
20260804_015555_897cb2,1785805475935601,1205611677,2,2,0,-47,128,0,15,15,15,14,14,13,13,12,12,11,11,11,11,11,11,11,10,11,10,9,9,9,8,8,8,7,0,0,0,0,0,0,0,0,0,0,0,11,12,13,14,14,14,15,16,16,17,17,17,17,17,16,17,16,16,16,17,17,16,17,16,17,16,0,29,28,27,27,25,24,23,23,22,22,21,21,21,20,21,20,20,19,18,18,18,16,15,15,15,14,12,13,0,0,0,0,0,0,0,18,20,21,22,24,25,26,27,29,30,30,31,32,32,32,32,31,31,31,31,31,30,30,30,30,30,31,29
20260804_015555_897cb2,1785805476035172,1205711600,2,2,0,-47,128,0,16,16,16,15,15,14,13,13,13,13,13,12,11,12,11,12,11,11,11,11,11,10,10,9,9,9,0,0,0,0,0,0,0,0,0,0,0,12,14,14,15,15,17,17,18,18,18,18,18,19,19,18,18,19,17,18,18,17,18,17,17,17,17,0,54,55,54,51,50,49,47,44,44,44,41,40,39,39,39,39,39,38,36,35,35,33,33,32,30,29,28,27,0,0,0,0,0,0,0,39,42,43,46,48,52,54,57,59,59,62,62,64,63,63,62,61,61,62,61,61,59,60,60,61,59,59,59
20260804_015555_897cb2,1785805476144763,1205817422,2,2,0,-46,128,0,15,15,14,14,14,14,12,12,12,12,11,11,11,11,9,10,10,9,9,9,9,8,8,8,7,7,0,0,0,0,0,0,0,0,0,0,0,13,13,15,15,16,17,17,17,18,18,18,18,18,18,17,18,17,17,17,16,16,16,16,16,16,16,0,54,53,53,50,49,48,45,44,43,42,40,40,38,38,37,38,35,36,35,32,33,31,29,28,27,26,26,25,0,0,0,0,0,0,0,44,46,46,52,53,56,58,61,62,64,65,67,67,66,67,65,66,64,64,63,62,62,61,60,60,59,59,58
20260804_015555_897cb2,1785805476243526,1205915114,2,2,0,-46,128,0,16,15,14,13,13,13,13,12,12,11,11,10,10,10,9,9,9,9,9,8,8,8,7,7,6,6,0,0,0,0,0,0,0,0,0,0,0,12,12,14,14,14,16,16,17,17,18,17,18,18,18,16,17,16,16,16,17,17,16,16,16,16,16,0,59,54,54,52,51,50,48,45,43,42,41,40,39,37,38,37,34,34,33,32,30,28,25,26,23,23,20,19,0,0,0,0,0,0,0,42,44,45,48,50,53,56,56,59,61,62,62,64,63,64,65,62,62,61,62,62,61,62,59,60,61,59,59
20260804_015555_897cb2,1785805476336536,1206011846,2,2,0,-46,128,0,16,16,16,16,14,14,13,13,13,13,12,12,11,12,12,12,11,11,12,11,10,9,9,9,9,8,0,0,0,0,0,0,0,0,0,0,0,13,15,16,16,16,17,18,18,19,18,19,19,19,18,18,18,17,17,18,17,17,17,17,17,17,17,0,55,54,53,52,51,49,47,44,45,45,44,41,41,41,40,39,39,37,36,35,35,34,33,30,30,30,26,27,0,0,0,0,0,0,0,43,45,48,49,53,53,58,59,61,63,64,65,64,63,62,66,63,62,61,62,60,60,60,60,60,59,59,57
20260804_015555_897cb2,1785805476435949,1206112052,2,2,0,-45,128,0,16,15,15,15,14,13,13,13,13,13,12,12,12,11,11,11,11,11,11,11,10,10,9,9,9,9,0,0,0,0,0,0,0,0,0,0,0,14,13,14,15,16,15,16,17,17,18,17,16,16,16,16,16,16,16,16,17,16,17,16,16,16,16,0,27,29,27,26,25,25,24,24,22,23,23,22,22,21,21,21,21,20,21,19,19,18,18,16,16,16,15,15,0,0,0,0,0,0,0,22,23,23,25,26,27,27,29,30,31,31,32,32,32,31,31,30,31,30,29,31,30,30,30,30,30,29,30
20260804_015555_897cb2,1785805476541283,1206212970,2,2,0,-45,128,0,14,14,13,13,13,13,12,12,11,11,11,11,11,11,11,11,11,10,10,9,9,9,9,9,8,8,0,0,0,0,0,0,0,0,0,0,0,13,13,14,15,15,16,17,17,17,17,17,17,17,17,16,16,16,16,16,16,16,15,15,15,15,16,0,27,27,26,25,24,24,23,22,21,22,21,21,20,21,20,19,19,18,18,18,17,16,16,15,15,14,13,13,0,0,0,0,0,0,0,21,23,24,24,26,27,29,29,31,32,32,33,32,33,31,32,32,32,31,32,30,30,30,30,31,29,29,28
20260804_015555_897cb2,1785805476638589,1206314223,2,2,0,-46,128,0,15,15,14,14,13,13,12,12,12,11,11,10,10,10,11,11,10,10,10,10,9,9,8,8,8,8,0,0,0,0,0,0,0,0,0,0,0,12,14,14,15,16,15,16,17,17,17,17,17,17,17,17,17,16,16,16,16,16,16,16,16,16,16,0,27,27,26,26,24,23,22,22,20,21,21,20,19,19,19,18,19,19,17,17,17,15,14,14,14,13,13,13,0,0,0,0,0,0,0,20,22,22,24,25,27,28,29,29,31,31,32,32,32,31,31,31,31,30,29,30,30,29,29,29,29,29,29
20260804_015555_897cb2,1785805476737838,1206412494,2,2,0,-45,128,0,15,15,15,14,14,14,14,13,13,13,12,12,12,12,12,12,12,12,11,11,11,10,9,9,9,8,0,0,0,0,0,0,0,0,0,0,0,13,13,15,15,16,16,16,17,17,17,17,18,18,17,17,17,17,17,17,16,16,17,16,17,16,16,0,58,57,55,54,52,51,49,49,47,48,45,45,45,43,43,42,42,40,41,39,38,36,35,34,31,30,29,28,0,0,0,0,0,0,0,43,45,47,48,52,54,57,57,60,61,64,66,63,65,64,63,62,64,60,62,61,62,62,61,63,61,60,60
20260804_015555_897cb2,1785805476835902,1206512350,2,2,0,-47,128,0,15,14,15,14,14,13,13,13,12,11,11,11,11,11,11,11,11,10,10,9,10,9,9,8,8,8,0,0,0,0,0,0,0,0,0,0,0,13,15,15,16,15,16,17,17,18,18,17,17,17,17,17,17,17,16,16,17,16,17,16,16,17,16,0,55,56,54,50,51,50,48,46,43,42,44,41,40,41,39,39,37,39,37,36,34,33,33,30,30,28,27,26,0,0,0,0,0,0,0,45,46,49,50,54,56,58,60,63,64,64,66,66,64,66,64,64,61,62,61,62,60,60,60,58,59,60,58
20260804_015555_897cb2,1785805476940557,1206611697,2,2,0,-48,128,0,16,16,16,15,15,14,13,13,13,12,12,11,11,11,11,11,10,10,9,9,9,9,8,7,7,7,0,0,0,0,0,0,0,0,0,0,0,13,14,15,16,17,17,18,19,18,18,19,19,19,18,18,18,18,18,18,17,17,17,17,17,17,16,0,28,27,27,26,25,24,23,22,21,22,21,20,20,20,19,19,18,18,18,16,16,15,14,13,13,13,11,10,0,0,0,0,0,0,0,22,23,25,25,27,28,29,30,30,32,34,33,32,32,32,32,33,32,32,32,31,31,31,31,30,30,30,31
20260804_015555_897cb2,1785805477039765,1206711548,2,2,0,-48,128,0,16,16,15,15,14,14,13,13,12,12,11,11,12,11,11,10,11,10,10,9,9,9,8,7,7,7,0,0,0,0,0,0,0,0,0,0,0,13,13,14,14,15,16,17,17,17,18,17,17,18,17,17,17,16,17,17,17,16,16,16,16,16,16,0,27,28,27,25,25,24,24,23,21,21,21,20,19,20,19,19,18,18,17,16,16,15,14,14,12,12,12,10,0,0,0,0,0,0,0,20,21,23,23,25,27,28,28,29,30,31,31,33,33,32,31,32,31,32,30,31,31,31,30,30,31,30,29
20260804_015555_897cb2,1785805477138225,1206811294,2,2,0,-48,128,0,16,16,16,14,14,14,14,13,13,13,13,11,11,11,11,11,11,11,10,10,9,9,9,8,8,8,0,0,0,0,0,0,0,0,0,0,0,13,14,15,16,16,17,17,17,18,18,18,18,18,18,18,18,18,18,17,18,17,18,17,18,17,16,0,57,57,54,55,50,49,48,45,45,45,43,40,40,38,39,36,38,35,36,35,32,31,29,28,28,27,25,22,0,0,0,0,0,0,0,43,45,47,49,52,53,57,57,60,63,63,66,65,65,64,64,63,65,62,62,61,62,62,62,60,60,61,58
20260804_015555_897cb2,1785805477236426,1206911740,2,2,0,-47,128,0,14,14,15,14,14,12,13,12,12,11,11,11,10,10,10,10,10,10,9,9,9,8,8,7,7,7,0,0,0,0,0,0,0,0,0,0,0,13,12,13,14,14,15,16,16,16,16,16,16,16,16,16,16,15,15,16,15,16,15,15,16,16,16,0,28,28,27,26,25,25,23,23,23,22,23,21,22,20,21,19,19,19,19,17,17,17,15,15,14,12,13,12,0,0,0,0,0,0,0,21,22,22,23,25,27,28,28,30,30,31,32,32,32,31,31,30,30,30,30,31,31,31,30,30,30,29,29
20260804_015555_897cb2,1785805477340887,1207011553,2,2,0,-46,128,0,16,16,16,15,14,15,14,14,14,13,13,13,13,12,12,12,12,11,11,10,10,10,9,9,9,8,0,0,0,0,0,0,0,0,0,0,0,13,14,14,15,15,16,16,17,18,17,18,18,18,18,18,18,18,18,17,17,17,17,17,17,17,17,0,30,29,30,27,27,26,24,24,24,23,23,22,22,22,21,22,21,20,19,19,19,17,16,16,15,14,13,13,0,0,0,0,0,0,0,20,22,23,24,24,26,26,30,30,31,31,30,32,32,32,32,31,31,31,31,31,30,30,30,31,30,30,30
20260804_015555_897cb2,1785805477438124,1207110695,2,2,0,-46,128,0,16,16,15,14,14,14,13,13,13,13,12,12,12,11,11,11,11,11,11,10,10,9,9,9,8,8,0,0,0,0,0,0,0,0,0,0,0,13,14,14,15,16,16,17,17,17,18,18,18,18,18,18,17,17,17,17,17,17,17,17,17,17,16,0,30,29,28,27,26,25,25,24,23,23,23,21,21,22,20,21,20,20,19,19,18,18,16,16,16,14,13,13,0,0,0,0,0,0,0,21,23,23,25,26,28,29,29,30,33,32,32,32,32,32,33,32,31,31,30,32,30,30,30,29,30,30,30
20260804_015555_897cb2,1785805477536059,1207212263,2,2,0,-46,128,0,16,15,14,14,13,13,12,12,12,12,11,11,11,11,11,11,10,10,10,9,9,8,9,7,7,7,0,0,0,0,0,0,0,0,0,0,0,11,12,13,14,15,15,16,16,17,17,17,17,17,17,16,16,16,16,16,17,16,16,16,16,16,16,0,58,55,53,52,50,49,48,45,44,45,43,42,41,40,40,40,39,38,38,36,34,31,31,30,28,26,25,23,0,0,0,0,0,0,0,40,44,44,46,49,52,54,56,60,60,62,61,62,62,62,63,60,62,59,60,59,59,58,59,60,58,58,59
20260804_015555_897cb2,1785805477639586,1207311430,2,2,0,-48,128,0,15,15,15,15,14,14,13,13,12,13,12,12,10,11,11,10,10,10,10,9,9,9,8,8,8,7,0,0,0,0,0,0,0,0,0,0,0,12,13,14,15,15,16,17,17,17,18,18,19,17,17,17,17,17,17,17,17,17,17,17,17,17,17,0,57,55,55,55,51,50,49,46,45,47,44,42,39,39,42,39,37,39,36,37,35,32,32,31,29,27,27,27,0,0,0,0,0,0,0,41,44,45,47,52,53,57,58,62,63,62,65,65,65,65,62,62,64,61,62,63,62,62,62,62,61,60,59
20260804_015555_897cb2,1785805477737630,1207410625,2,2,0,-46,128,0,16,16,16,15,15,14,14,13,13,12,12,12,12,12,12,12,12,11,11,11,10,10,10,9,9,9,0,0,0,0,0,0,0,0,0,0,0,13,13,14,15,16,16,17,17,18,18,18,18,18,18,18,18,18,17,18,18,17,18,17,17,17,17,0,29,29,28,27,27,25,24,24,22,23,22,22,21,21,20,20,19,20,19,18,17,17,17,17,15,15,15,14,0,0,0,0,0,0,0,20,21,22,23,25,27,27,28,29,31,31,31,32,31,32,32,32,32,31,30,31,31,31,30,30,30,30,29
20260804_015555_897cb2,1785805477841725,1207512832,2,2,0,-45,128,0,16,16,14,14,14,13,13,13,13,12,12,12,12,12,12,11,12,11,11,10,10,10,9,9,8,8,0,0,0,0,0,0,0,0,0,0,0,12,12,13,14,14,15,16,16,16,16,16,16,16,16,16,16,16,16,16,16,16,16,16,16,16,16,0,57,55,55,52,52,50,48,46,45,45,44,45,43,43,41,42,41,41,40,39,37,35,34,32,31,31,27,27,0,0,0,0,0,0,0,39,42,42,45,46,50,51,55,57,57,60,60,60,60,61,59,61,60,60,59,61,59,59,58,59,60,59,59
20260804_015555_897cb2,1785805477939751,1207613051,2,2,0,-46,128,0,15,15,15,14,13,13,13,13,13,12,12,11,11,11,11,10,10,10,9,9,9,8,8,7,7,7,0,0,0,0,0,0,0,0,0,0,0,13,13,14,14,15,16,17,17,17,17,18,18,17,17,17,17,17,17,17,16,16,16,16,16,16,16,0,56,57,55,52,51,50,47,45,45,44,42,41,42,42,38,38,37,36,36,34,32,32,31,28,27,26,25,22,0,0,0,0,0,0,0,44,46,47,50,51,55,57,60,61,62,65,65,64,65,65,65,64,64,63,62,62,62,63,62,61,61,62,60
20260804_015555_897cb2,1785805478038244,1207711805,2,2,0,-45,128,0,15,15,15,14,14,13,13,13,12,12,11,11,11,11,11,10,10,10,9,9,8,8,8,7,7,7,0,0,0,0,0,0,0,0,0,0,0,13,14,14,15,16,16,17,17,17,17,17,17,17,17,17,17,17,16,17,16,16,16,16,16,16,16,0,28,28,26,27,25,25,24,24,22,22,22,21,20,19,19,19,19,17,17,17,16,14,15,13,13,11,11,11,0,0,0,0,0,0,0,21,23,24,25,27,28,29,30,30,32,33,33,33,33,32,33,31,32,31,31,31,32,31,31,31,32,29,29
20260804_015555_897cb2,1785805478135149,1207811551,2,2,0,-46,128,0,14,14,13,13,13,13,13,12,12,11,11,11,11,11,11,10,10,10,9,8,8,8,8,7,7,7,0,0,0,0,0,0,0,0,0,0,0,12,13,14,14,14,15,15,16,17,17,16,16,16,16,16,16,16,16,16,16,16,15,15,16,15,16,0,57,56,53,52,49,49,46,45,44,44,42,40,40,39,39,37,38,36,35,35,31,31,30,28,25,24,24,22,0,0,0,0,0,0,0,42,44,46,47,52,52,56,56,59,61,63,65,64,63,64,61,62,62,61,61,59,59,60,60,62,60,60,58
20260804_015555_897cb2,1785805478240180,1207911790,2,2,0,-47,128,0,17,16,16,16,15,14,13,13,13,13,13,12,12,12,12,12,11,11,10,10,10,10,9,8,8,8,0,0,0,0,0,0,0,0,0,0,0,14,15,15,16,17,17,18,18,19,19,19,19,20,19,19,19,19,19,19,18,18,18,18,18,18,18,0,57,57,54,52,52,49,46,44,44,43,41,41,40,38,37,38,36,37,34,34,34,30,28,28,27,26,23,23,0,0,0,0,0,0,0,43,45,46,48,52,54,57,60,61,63,64,64,65,66,65,65,64,65,62,62,62,62,62,62,59,61,60,60
20260804_015555_897cb2,1785805478337738,1208014660,2,2,0,-49,128,0,16,15,14,14,13,13,12,11,11,12,11,10,10,9,9,9,9,8,8,7,7,7,6,6,6,5,0,0,0,0,0,0,0,0,0,0,0,12,13,14,14,15,16,16,17,17,18,18,18,18,18,18,18,18,18,17,17,17,17,17,17,17,17,0,30,27,26,25,24,23,22,21,21,20,20,18,17,18,16,17,17,16,14,14,13,12,11,11,10,11,9,8,0,0,0,0,0,0,0,21,22,22,24,25,26,28,29,29,32,32,31,32,32,33,32,33,32,32,31,32,31,32,31,31,30,30,29
20260804_015555_897cb2,1785805478441817,1208113290,2,2,0,-47,128,0,16,16,15,14,14,13,13,12,12,12,11,12,11,11,11,10,10,10,10,9,9,9,9,8,8,7,0,0,0,0,0,0,0,0,0,0,0,13,13,14,14,15,16,17,17,18,18,18,18,18,18,18,18,18,17,17,17,17,17,17,17,17,16,0,29,27,27,25,25,24,23,23,22,21,21,20,20,20,19,19,18,18,18,17,17,16,15,14,13,13,12,12,0,0,0,0,0,0,0,21,22,24,25,25,27,27,29,30,31,32,32,32,32,32,32,32,31,31,31,31,30,31,30,29,30,30,29
20260804_015555_897cb2,1785805478540409,1208212527,2,2,0,-46,128,0,17,16,16,16,16,15,14,14,14,13,13,13,13,12,12,12,12,11,11,11,11,10,10,9,9,9,0,0,0,0,0,0,0,0,0,0,0,13,13,15,16,16,16,17,17,18,18,18,18,18,17,17,18,17,17,18,17,18,18,18,17,17,17,0,58,57,54,54,51,50,48,47,47,46,44,43,44,42,43,41,40,39,40,37,37,34,32,31,31,28,27,27,0,0,0,0,0,0,0,40,43,43,46,50,52,52,56,59,60,60,63,63,64,62,62,61,63,62,61,60,61,62,62,61,60,60,58
20260804_015555_897cb2,1785805478638928,1208311691,2,2,0,-46,128,0,15,15,14,14,13,13,13,13,12,11,11,11,11,11,11,11,10,10,10,9,9,8,8,7,7,7,0,0,0,0,0,0,0,0,0,0,0,11,11,12,14,14,15,15,16,17,17,17,17,17,17,17,16,17,16,16,16,16,16,16,16,16,16,0,58,56,55,52,52,50,49,46,46,45,44,42,41,42,40,41,40,40,38,36,35,33,31,29,28,27,25,24,0,0,0,0,0,0,0,39,42,42,45,48,52,53,57,58,60,62,64,63,62,63,63,64,62,61,61,62,62,62,61,60,61,62,59
20260804_015555_897cb2,1785805478737569,1208411744,2,2,0,-49,128,0,16,16,16,15,14,14,14,13,13,13,13,12,12,12,11,12,11,11,11,10,10,9,9,8,8,7,0,0,0,0,0,0,0,0,0,0,0,13,14,14,16,16,16,18,18,18,19,18,19,18,19,18,18,18,18,18,18,18,18,17,18,18,17,0,57,59,53,53,50,49,48,46,43,44,41,41,40,39,39,37,38,36,35,32,32,30,29,25,26,24,23,22,0,0,0,0,0,0,0,42,44,44,47,50,52,56,56,60,64,65,67,64,64,65,66,63,65,64,64,63,62,62,61,63,60,61,58
20260804_015555_897cb2,1785805478840940,1208511733,2,2,0,-49,128,0,17,16,16,16,15,14,14,13,13,13,13,13,12,12,13,12,12,12,12,11,10,10,10,10,9,9,0,0,0,0,0,0,0,0,0,0,0,12,13,13,15,15,16,17,18,18,18,17,18,17,17,17,18,18,17,18,18,18,18,17,17,17,17,0,30,29,29,28,27,25,25,25,23,25,23,22,22,22,22,21,21,21,21,20,19,18,18,16,17,15,14,13,0,0,0,0,0,0,0,20,20,22,23,24,27,27,28,29,30,32,32,31,32,32,31,31,32,32,30,31,31,32,32,32,30,31,30
20260804_015555_897cb2,1785805478939434,1208611720,2,2,0,-50,128,0,15,15,15,14,13,13,12,12,12,12,11,12,11,11,11,11,11,9,9,9,9,9,8,8,8,8,0,0,0,0,0,0,0,0,0,0,0,13,13,14,15,15,16,16,17,17,17,18,18,18,18,17,17,17,17,17,17,17,17,16,16,16,16,0,29,28,28,26,25,26,24,23,22,22,21,21,20,20,19,19,17,19,18,18,16,16,15,14,14,13,13,12,0,0,0,0,0,0,0,20,22,23,24,26,28,28,30,32,32,32,34,31,32,33,32,32,32,31,30,34,33,31,31,30,31,31,30
20260804_015555_897cb2,1785805479038991,1208715294,2,2,0,-51,128,0,17,15,16,14,14,14,13,12,12,12,11,11,10,10,9,9,8,8,8,7,6,6,6,5,5,4,0,0,0,0,0,0,0,0,0,0,0,16,16,17,17,18,19,20,20,21,21,21,21,21,21,20,20,20,20,19,19,19,18,18,18,17,17,0,28,27,26,25,24,23,21,21,20,20,19,17,18,16,16,15,14,13,13,12,11,10,9,9,8,7,7,6,0,0,0,0,0,0,0,23,25,25,27,29,30,31,33,34,35,35,36,35,35,35,34,34,34,33,32,33,32,33,31,31,31,30,29
20260804_015555_897cb2,1785805479143420,1208815982,2,2,0,-50,128,0,15,15,14,14,13,13,12,11,11,10,10,10,9,9,10,9,9,9,8,7,7,7,6,6,6,5,0,0,0,0,0,0,0,0,0,0,0,13,14,14,15,16,16,17,18,18,19,18,19,18,18,18,18,18,17,17,17,17,17,17,17,16,16,0,29,27,27,26,25,24,23,22,20,20,20,19,18,18,16,17,15,16,16,15,12,13,12,11,9,10,9,9,0,0,0,0,0,0,0,22,24,25,26,28,30,30,31,32,33,34,34,34,34,35,33,35,33,33,32,33,33,33,31,30,32,31,29
20260804_015555_897cb2,1785805479235083,1208911602,2,2,0,-50,128,0,13,13,13,12,12,11,11,10,10,10,9,9,9,9,9,8,8,7,7,7,6,6,6,5,4,4,0,0,0,0,0,0,0,0,0,0,0,13,13,14,14,15,16,16,17,17,17,17,17,16,16,16,16,16,16,16,16,16,16,15,16,14,14,0,27,28,26,25,24,23,21,21,20,20,18,18,17,17,17,16,15,15,15,13,12,11,11,10,8,8,7,7,0,0,0,0,0,0,0,23,24,24,25,27,28,30,29,32,33,33,33,33,32,33,32,31,31,30,32,31,30,30,30,29,29,30,29
20260804_015555_897cb2,1785805479339374,1209011528,2,2,0,-51,128,0,17,16,16,15,15,14,13,13,13,13,13,12,12,11,11,11,10,9,9,9,8,8,8,7,7,6,0,0,0,0,0,0,0,0,0,0,0,14,15,17,17,17,18,19,19,20,20,19,19,19,19,19,18,19,18,19,18,19,18,18,18,18,18,0,27,29,26,27,24,24,23,22,22,22,21,20,18,19,18,17,18,17,16,16,14,13,12,10,11,9,9,8,0,0,0,0,0,0,0,23,25,25,25,28,28,31,30,32,34,34,36,34,34,33,32,31,35,32,33,32,32,32,31,32,31,31,30
20260804_015555_897cb2,1785805479438821,1209111814,2,2,0,-50,128,0,16,16,16,15,14,14,13,13,12,12,12,12,11,10,10,10,9,9,9,8,8,7,7,7,6,6,0,0,0,0,0,0,0,0,0,0,0,15,16,16,17,18,18,18,19,19,19,19,19,20,19,19,18,18,18,18,18,18,18,17,17,18,17,0,56,56,54,51,46,47,44,41,42,40,40,38,35,38,33,37,33,31,30,30,26,27,23,21,21,20,18,14,0,0,0,0,0,0,0,46,49,52,52,55,59,59,61,64,66,70,68,67,67,67,68,67,66,64,63,61,61,62,63,60,60,58,57
20260804_015555_897cb2,1785805479537405,1209211666,2,2,0,-52,128,0,15,14,13,13,12,12,11,10,10,10,9,9,9,9,9,9,7,7,7,7,6,6,4,4,4,4,0,0,0,0,0,0,0,0,0,0,0,15,16,16,17,18,19,19,19,19,19,19,18,18,18,18,17,17,16,16,16,16,16,16,16,15,15,0,26,25,24,23,22,22,21,20,20,19,18,17,16,17,15,15,14,14,13,13,12,11,9,9,8,8,6,6,0,0,0,0,0,0,0,26,27,28,28,31,31,33,33,34,35,35,35,35,34,34,33,32,32,31,30,30,30,29,30,29,29,28,27
20260804_015555_897cb2,1785805479634360,1209311748,2,2,0,-53,128,0,17,16,16,14,14,13,13,12,11,11,10,10,9,9,9,9,9,8,7,7,6,6,5,5,4,4,0,0,0,0,0,0,0,0,0,0,0,16,16,17,18,18,19,20,20,21,20,21,21,21,20,20,20,20,19,19,19,19,19,18,18,18,17,0,29,27,27,25,24,24,22,21,20,19,18,18,17,17,16,14,14,13,13,12,11,10,8,7,7,6,6,5,0,0,0,0,0,0,0,26,27,27,29,30,32,32,34,35,34,36,35,35,35,36,34,35,33,33,32,33,34,32,33,31,32,31,30
20260804_015555_897cb2,1785805479740396,1209412962,2,2,0,-52,128,0,15,15,14,14,13,12,11,11,10,10,9,9,9,8,8,8,8,7,7,6,6,5,5,4,4,3,0,0,0,0,0,0,0,0,0,0,0,16,16,17,17,18,18,18,19,20,19,19,19,19,19,18,19,18,17,17,17,17,17,16,16,17,16,0,28,27,26,25,24,23,22,20,19,19,18,17,16,16,15,14,14,13,12,11,10,9,9,8,7,6,5,5,0,0,0,0,0,0,0,26,28,29,29,31,32,33,34,34,35,36,36,35,36,35,34,34,34,34,33,33,33,32,32,31,31,31,30
20260804_015555_897cb2,1785805479839657,1209512634,2,2,0,-51,128,0,17,16,15,15,14,14,14,13,13,12,12,11,10,10,10,9,9,8,8,7,7,7,6,6,4,4,0,0,0,0,0,0,0,0,0,0,0,15,17,17,18,18,18,19,20,20,20,20,20,20,20,20,19,19,19,19,19,18,19,18,18,18,18,0,28,27,27,25,25,24,23,21,21,20,19,18,17,17,17,16,15,14,13,13,12,11,10,9,8,8,7,7,0,0,0,0,0,0,0,24,25,26,27,29,31,32,32,33,34,34,35,35,35,34,34,33,34,33,33,33,32,32,31,31,31,30,30
20260804_015555_897cb2,1785805479938682,1209611891,2,2,0,-51,128,0,16,15,15,14,13,13,11,10,10,10,9,8,8,8,7,7,6,6,5,5,4,4,4,3,3,4,0,0,0,0,0,0,0,0,0,0,0,15,15,16,17,17,18,18,20,20,20,20,20,20,20,19,20,19,19,18,18,18,18,18,17,17,17,0,29,27,26,24,23,22,21,20,19,18,16,16,15,13,13,12,11,12,11,9,8,7,6,6,6,6,4,5,0,0,0,0,0,0,0,24,24,26,27,28,30,31,31,33,34,35,36,35,37,35,35,35,34,34,33,34,33,32,32,32,31,31,29
20260804_015555_897cb2,1785805480036636,1209711010,2,2,0,-52,128,0,16,16,16,15,15,14,13,13,12,12,12,11,11,11,10,10,10,10,9,9,8,9,8,8,7,7,0,0,0,0,0,0,0,0,0,0,0,13,13,14,15,16,16,17,17,17,18,17,18,17,17,18,17,17,17,17,17,17,17,17,17,17,17,0,29,29,29,28,27,26,25,24,23,22,22,22,21,21,19,19,19,18,18,16,16,15,14,13,12,12,12,11,0,0,0,0,0,0,0,22,23,24,24,26,28,28,30,30,31,32,33,33,34,34,33,33,33,33,31,33,32,32,32,31,31,31,30
20260804_015555_897cb2,1785805480134477,1209811532,2,2,0,-50,128,0,16,15,15,15,14,14,13,12,12,12,11,11,10,10,10,10,9,9,9,9,9,8,7,6,6,5,0,0,0,0,0,0,0,0,0,0,0,13,13,13,14,15,16,16,17,17,18,17,17,17,17,17,17,17,17,16,16,16,16,17,16,17,17,0,29,27,27,26,25,24,23,23,22,21,20,20,19,18,19,17,17,16,16,16,15,13,12,12,11,11,9,10,0,0,0,0,0,0,0,22,22,22,24,25,26,27,28,29,30,32,31,32,32,32,32,31,32,30,30,31,30,30,30,30,30,30,28
20260804_015555_897cb2,1785805480236310,1209911548,2,2,0,-49,128,0,17,17,16,16,15,14,14,14,14,13,13,13,12,12,12,12,12,11,11,10,10,9,9,9,8,8,0,0,0,0,0,0,0,0,0,0,0,13,13,14,15,15,16,16,17,18,18,18,18,18,17,18,18,17,18,18,18,18,18,18,18,18,17,0,59,57,56,55,51,51,49,47,48,46,45,43,42,42,41,41,38,40,37,35,34,31,30,30,28,26,23,24,0,0,0,0,0,0,0,42,42,44,46,49,52,53,57,56,60,61,62,63,62,63,64,62,62,62,61,60,62,61,62,61,60,59,60
20260804_015555_897cb2,1785805480335156,1210011678,2,2,0,-50,128,0,16,15,14,14,13,12,12,11,10,10,9,8,8,8,7,7,6,7,6,5,5,4,4,4,3,2,0,0,0,0,0,0,0,0,0,0,0,14,15,16,17,17,17,18,19,19,19,19,19,19,19,18,19,18,18,18,17,17,17,17,17,16,16,0,27,26,25,25,23,22,20,19,19,18,17,15,14,15,13,14,12,12,10,10,9,8,7,6,6,5,4,4,0,0,0,0,0,0,0,24,25,26,27,28,30,29,32,32,33,34,34,34,33,33,34,32,32,32,32,31,31,30,31,30,30,29,28
20260804_015555_897cb2,1785805480438004,1210113775,2,2,0,-47,128,0,16,16,16,14,14,14,13,12,12,11,11,11,11,10,10,10,9,10,9,8,8,8,7,7,7,6,0,0,0,0,0,0,0,0,0,0,0,14,16,15,16,17,18,18,18,19,19,18,19,19,19,19,18,18,18,17,18,17,18,18,18,17,16,0,57,55,54,53,51,49,46,45,44,43,40,40,40,39,36,37,37,33,31,31,30,28,26,24,25,22,20,21,0,0,0,0,0,0,0,47,50,51,54,56,58,62,62,64,65,67,67,68,68,66,67,63,65,63,64,62,62,64,62,62,61,60,59
20260804_015555_897cb2,1785805480536143,1210212543,2,2,0,-49,128,0,15,16,15,15,14,13,13,12,12,12,12,11,12,11,10,9,10,9,10,9,9,8,8,7,6,6,0,0,0,0,0,0,0,0,0,0,0,14,14,15,16,16,16,17,17,17,18,17,18,18,17,17,17,17,17,17,17,17,17,16,17,17,17,0,59,57,58,52,50,49,48,46,43,43,42,41,39,39,38,35,34,36,38,30,29,27,25,22,22,21,18,19,0,0,0,0,0,0,0,47,49,50,55,55,58,58,60,61,64,65,66,66,65,65,66,65,61,63,61,62,62,62,62,60,59,59,58
20260804_015555_897cb2,1785805480634479,1210311140,2,2,0,-47,128,0,14,14,14,13,13,12,12,11,11,11,10,10,10,9,9,9,8,8,8,7,7,6,6,5,5,5,0,0,0,0,0,0,0,0,0,0,0,15,15,16,16,16,17,18,19,19,19,18,18,18,18,17,17,17,17,17,17,17,16,16,16,16,16,0,28,27,26,25,23,23,22,21,21,20,19,18,18,17,16,16,16,15,14,13,12,11,10,9,9,8,8,8,0,0,0,0,0,0,0,25,27,27,28,29,31,32,32,33,34,35,35,34,34,34,33,32,33,32,32,32,31,32,31,30,31,30,29
20260804_015555_897cb2,1785805480738763,1210411759,2,2,0,-51,128,0,15,14,14,14,13,13,12,11,11,11,10,9,9,9,8,8,8,7,7,7,6,5,6,4,4,4,0,0,0,0,0,0,0,0,0,0,0,15,16,17,17,17,18,18,19,19,19,19,19,18,18,18,18,18,17,17,17,17,17,17,17,17,17,0,26,26,25,25,23,22,21,21,19,18,18,17,16,16,16,15,14,14,13,12,11,8,8,9,7,7,6,6,0,0,0,0,0,0,0,25,26,27,27,30,30,31,31,34,33,34,33,35,34,33,33,31,32,31,31,31,30,31,29,29,29,29,28
20260804_015555_897cb2,1785805480840757,1210512003,2,2,0,-47,128,0,16,16,15,14,14,13,13,13,13,11,12,11,11,12,11,10,10,10,10,9,9,8,8,8,7,7,0,0,0,0,0,0,0,0,0,0,0,15,16,17,18,17,19,18,19,20,20,19,19,19,19,19,18,18,18,18,18,18,17,16,17,16,16,0,57,53,51,49,49,46,45,42,42,41,41,39,36,38,35,38,36,35,33,32,31,30,28,27,25,25,24,21,0,0,0,0,0,0,0,49,52,53,56,56,60,61,64,65,65,67,66,66,67,67,66,64,64,64,62,62,60,60,59,58,59,58,57
20260804_015555_897cb2,1785805480938951,1210614212,2,2,0,-50,128,0,14,14,14,13,13,13,13,11,11,11,10,10,9,10,9,9,9,9,8,8,8,7,7,6,6,6,0,0,0,0,0,0,0,0,0,0,0,14,14,14,16,17,17,17,17,18,18,18,19,19,18,17,18,18,17,17,17,17,17,16,16,16,15,0,27,26,26,25,23,22,22,20,21,20,19,19,18,18,16,17,16,16,16,14,14,14,12,11,11,11,10,9,0,0,0,0,0,0,0,23,24,26,27,27,30,30,30,34,34,34,35,34,34,34,34,34,33,32,32,32,31,31,30,30,30,29,29
20260804_015555_897cb2,1785805481037476,1210713415,2,2,0,-48,128,0,17,16,16,15,14,14,13,13,13,12,12,12,11,11,11,10,11,10,10,10,9,9,8,8,8,7,0,0,0,0,0,0,0,0,0,0,0,13,14,14,16,16,16,17,18,18,18,18,19,18,18,18,18,18,18,18,18,18,18,18,18,18,17,0,57,55,54,52,50,50,46,45,45,42,40,39,40,38,37,39,36,36,35,34,32,30,29,28,26,25,23,23,0,0,0,0,0,0,0,42,45,46,48,51,53,57,57,62,64,62,65,64,64,64,65,63,63,62,63,62,62,62,62,61,62,61,58
20260804_015555_897cb2,1785805481136118,1210813100,2,2,0,-48,128,0,15,14,14,13,13,13,12,12,11,11,11,10,10,11,10,10,9,9,9,8,8,8,7,7,6,6,0,0,0,0,0,0,0,0,0,0,0,12,14,14,14,15,15,16,17,17,17,17,17,17,17,16,17,17,16,17,16,16,16,16,16,16,16,0,29,28,25,25,25,25,23,22,21,22,21,20,19,20,19,19,18,16,18,16,16,14,14,13,13,11,10,10,0,0,0,0,0,0,0,22,23,24,26,27,29,29,29,31,31,33,33,32,33,32,33,32,32,31,30,29,31,31,31,30,30,31,28
20260804_015555_897cb2,1785805481256522,1210928980,2,2,0,-48,128,0,15,16,15,15,14,13,13,13,12,11,11,11,10,11,10,10,10,10,9,9,9,8,8,7,6,6,0,0,0,0,0,0,0,0,0,0,0,12,13,14,14,15,16,16,16,17,17,17,18,17,18,17,17,17,17,17,17,17,17,17,17,17,16,0,29,30,28,27,26,25,24,25,23,23,20,22,21,20,19,18,19,17,16,15,15,14,13,13,11,12,10,9,0,0,0,0,0,0,0,21,22,22,24,25,27,29,29,31,31,32,32,33,33,33,32,32,33,32,32,31,32,32,32,31,32,32,30
20260804_015555_897cb2,1785805481375410,1211050683,2,2,0,-50,128,0,17,17,16,16,15,14,14,13,13,12,12,11,11,10,10,10,9,8,8,7,7,6,6,5,5,4,0,0,0,0,0,0,0,0,0,0,0,15,15,17,17,19,18,19,20,20,20,20,20,20,20,19,20,20,19,19,19,19,19,19,18,19,18,0,29,28,28,26,24,23,22,21,22,20,20,18,18,16,16,16,14,14,15,12,12,11,10,9,8,7,6,6,0,0,0,0,0,0,0,23,24,25,27,28,29,30,31,32,33,33,34,34,33,33,32,33,33,33,33,31,31,31,32,32,30,31,31
20260804_015555_897cb2,1785805481433498,1211111490,2,2,0,-53,128,0,14,14,13,12,11,11,10,10,9,9,8,8,7,7,7,6,6,6,5,5,4,4,4,4,4,4,0,0,0,0,0,0,0,0,0,0,0,13,13,14,14,15,16,16,17,17,18,18,18,18,17,17,17,17,17,16,16,16,16,16,15,15,15,0,28,25,25,24,24,22,20,19,19,17,17,16,16,14,14,13,12,12,11,10,9,9,8,8,8,8,7,8,0,0,0,0,0,0,0,23,24,25,27,28,29,30,32,33,33,35,34,34,35,35,35,34,33,33,32,33,33,32,32,30,32,31,30
20260804_015555_897cb2,1785805481537261,1211211287,2,2,0,-52,128,0,16,16,15,15,14,14,13,12,12,12,11,11,10,10,10,10,10,9,9,8,8,8,7,7,7,6,0,0,0,0,0,0,0,0,0,0,0,13,14,15,15,16,16,17,18,18,18,18,18,18,18,18,18,18,17,17,17,18,17,17,17,17,17,0,29,28,28,26,26,24,23,23,21,21,20,19,19,19,18,17,17,16,16,15,14,14,13,12,11,11,10,10,0,0,0,0,0,0,0,22,23,24,25,26,28,29,30,31,32,32,35,34,34,34,34,34,33,32,31,32,32,32,32,31,31,30,30
20260804_015555_897cb2,1785805481635044,1211311432,2,2,0,-52,128,0,15,15,14,14,13,13,13,11,11,11,10,10,10,10,9,9,9,8,8,7,6,6,6,5,5,4,0,0,0,0,0,0,0,0,0,0,0,12,12,13,14,15,15,16,17,17,17,17,17,17,17,17,17,17,16,17,17,17,17,16,16,16,16,0,57,55,55,52,52,49,47,46,42,42,40,38,36,35,34,34,32,30,28,27,26,23,21,21,18,17,16,16,0,0,0,0,0,0,0,40,43,44,47,51,54,54,58,60,62,64,64,65,66,65,64,65,63,63,63,64,63,62,63,62,63,61,60
20260804_015555_897cb2,1785805481744487,1211420917,2,2,0,-53,128,0,14,14,13,14,12,12,12,11,11,11,10,10,9,9,9,9,8,8,8,7,7,6,6,5,5,5,0,0,0,0,0,0,0,0,0,0,0,12,13,14,14,16,16,16,17,18,18,17,18,17,18,17,17,17,17,17,17,16,16,16,16,16,16,0,30,28,27,26,25,25,23,22,21,20,20,19,18,18,17,17,15,15,15,14,13,12,11,11,10,10,9,9,0,0,0,0,0,0,0,22,23,24,25,27,29,29,31,32,34,34,35,35,35,35,35,34,34,33,33,33,32,32,33,32,31,30,31
20260804_015555_897cb2,1785805481850136,1211521650,2,2,0,-50,128,0,14,14,14,14,14,13,13,12,12,12,12,12,12,12,11,11,12,11,11,10,10,10,9,9,9,8,0,0,0,0,0,0,0,0,0,0,0,11,11,13,13,14,14,14,15,16,16,16,16,16,16,16,16,16,16,16,16,16,16,15,16,16,16,0,55,55,52,52,49,48,49,47,48,46,43,43,47,43,41,42,43,41,40,39,39,37,36,34,32,35,29,30,0,0,0,0,0,0,0,37,40,43,44,48,49,53,52,56,58,58,61,60,59,61,61,60,59,57,60,58,60,60,60,59,59,61,59
20260804_015555_897cb2,1785805481942486,1211616144,2,2,0,-51,128,0,16,15,15,15,15,15,14,13,13,13,13,13,13,13,13,13,13,13,12,12,12,11,11,10,10,10,0,0,0,0,0,0,0,0,0,0,0,9,10,10,11,11,12,13,14,14,14,14,15,14,14,14,15,15,15,15,15,15,15,15,16,16,16,0,61,58,58,57,56,54,54,52,52,54,52,50,50,50,51,51,50,51,49,47,47,44,43,41,41,39,37,35,0,0,0,0,0,0,0,32,35,36,38,40,43,44,48,50,52,54,54,57,56,55,56,56,55,56,57,57,57,58,58,60,59,59,58
20260804_015555_897cb2,1785805482035527,1211711813,2,2,0,-53,128,0,14,15,15,15,15,14,14,14,14,15,15,15,15,14,15,15,16,15,16,16,15,14,13,13,13,13,0,0,0,0,0,0,0,0,0,0,0,4,5,6,6,6,6,7,8,8,9,9,10,11,11,11,11,11,11,12,13,13,13,13,13,14,14,0,58,58,58,58,59,59,57,57,58,59,59,58,59,62,60,62,63,62,61,59,60,57,55,52,56,50,51,46,0,0,0,0,0,0,0,18,17,18,20,23,25,25,28,30,33,34,38,38,40,41,43,44,45,45,46,48,50,50,52,53,55,56,56
20260804_015555_897cb2,1785805482139287,1211811616,2,2,0,-49,128,0,14,14,14,14,14,14,14,14,14,14,14,14,14,15,15,15,15,15,16,16,15,15,14,14,14,13,0,0,0,0,0,0,0,0,0,0,0,6,7,7,8,9,9,9,9,10,10,10,10,11,11,11,11,11,11,11,12,12,13,12,13,14,14,0,57,56,57,57,58,57,57,57,58,57,59,58,58,60,60,62,63,61,62,61,61,59,58,57,56,54,52,51,0,0,0,0,0,0,0,25,27,27,30,30,32,33,35,36,39,41,41,42,41,43,45,45,45,45,45,47,48,50,50,52,53,55,55
20260804_015555_897cb2,1785805482237854,1211910227,2,2,0,-50,128,0,14,15,15,15,15,15,15,15,15,15,16,15,15,16,16,16,17,17,17,17,17,16,16,16,15,15,0,0,0,0,0,0,0,0,0,0,0,8,8,9,9,9,10,10,10,10,10,11,11,11,11,11,12,12,11,12,13,13,13,13,14,14,14,0,27,29,29,29,29,29,29,30,29,30,31,30,30,33,32,33,32,33,33,33,33,32,31,30,30,30,28,28,0,0,0,0,0,0,0,13,15,14,16,16,17,17,18,19,19,20,20,21,21,22,22,23,22,22,22,23,24,24,25,25,25,26,26
20260804_015555_897cb2,1785805482336315,1212010371,2,2,0,-54,128,0,15,15,15,15,15,15,15,15,15,15,15,15,15,16,16,16,16,16,16,15,15,15,14,14,14,14,0,0,0,0,0,0,0,0,0,0,0,5,5,6,6,7,7,8,8,9,9,10,10,11,11,11,11,12,12,12,12,13,13,13,14,14,14,0,59,59,58,59,57,57,57,58,58,58,59,58,59,59,61,60,59,61,61,60,60,58,57,55,55,54,52,50,0,0,0,0,0,0,0,18,19,21,21,23,26,26,29,32,33,36,36,38,40,41,42,42,44,46,47,47,48,49,53,53,54,56,55
20260804_015555_897cb2,1785805482436238,1212111732,2,2,0,-52,128,0,16,16,15,15,14,14,13,13,13,13,13,12,12,12,12,12,12,12,12,10,10,10,9,9,9,9,0,0,0,0,0,0,0,0,0,0,0,8,9,9,10,11,11,12,13,13,14,14,14,15,15,15,15,15,15,15,16,16,16,16,16,16,16,0,60,59,57,57,54,53,52,50,50,49,48,47,46,46,46,44,45,44,43,41,41,39,38,37,35,34,32,32,0,0,0,0,0,0,0,27,30,32,35,39,40,42,46,49,51,54,55,56,57,56,57,57,59,59,58,60,59,60,60,60,60,62,60
20260804_015555_897cb2,1785805482535387,1212212244,2,2,0,-52,128,0,16,14,14,13,13,12,11,11,10,10,9,9,9,9,7,7,6,6,6,6,5,5,4,4,3,3,0,0,0,0,0,0,0,0,0,0,0,11,13,13,14,15,16,16,17,17,18,18,18,18,18,18,18,17,17,17,18,18,17,16,17,17,16,0,57,56,54,52,50,46,44,43,40,38,37,36,33,30,28,28,26,25,23,21,21,19,16,17,13,15,11,12,0,0,0,0,0,0,0,38,43,45,48,51,55,55,59,62,64,65,67,66,68,67,68,67,67,66,65,67,66,64,63,62,63,62,62
20260804_015555_897cb2,1785805482638383,1212311819,2,2,0,-53,128,0,16,15,15,14,13,13,12,12,11,11,11,10,9,9,9,9,8,8,7,7,6,6,6,5,5,4,0,0,0,0,0,0,0,0,0,0,0,11,12,13,14,14,15,16,16,17,17,17,18,17,17,17,18,17,17,17,17,17,17,17,17,17,17,0,30,28,28,26,26,25,23,22,21,20,20,19,17,17,16,16,15,14,14,12,12,11,10,10,9,8,8,7,0,0,0,0,0,0,0,18,20,22,23,24,26,26,30,30,31,32,33,33,33,34,34,33,34,34,32,34,33,33,33,33,31,31,32
20260804_015555_897cb2,1785805482742022,1212414226,2,2,0,-51,128,0,16,15,15,15,14,13,13,12,12,12,11,11,10,10,10,10,9,9,8,8,7,7,7,6,5,5,0,0,0,0,0,0,0,0,0,0,0,12,12,13,13,14,15,16,16,17,17,17,17,17,17,17,17,17,17,17,17,17,17,17,17,17,16,0,29,28,27,27,25,25,23,22,22,22,21,19,19,18,18,17,17,16,15,14,14,12,11,11,10,9,8,8,0,0,0,0,0,0,0,19,20,21,22,24,25,26,27,28,30,30,31,32,32,31,32,32,33,30,32,30,31,31,31,31,31,31,30
20260804_015555_897cb2,1785805482835753,1212511673,2,2,0,-51,128,0,17,17,16,16,15,14,14,13,13,13,12,12,11,11,11,10,10,10,10,9,9,8,8,7,7,6,0,0,0,0,0,0,0,0,0,0,0,12,13,14,14,15,16,17,17,18,18,18,19,19,18,18,19,18,18,18,18,18,18,18,18,18,18,0,29,30,28,28,26,25,24,24,23,23,22,20,21,20,19,18,18,17,17,16,15,14,13,12,12,11,10,10,0,0,0,0,0,0,0,19,21,21,23,24,25,27,28,30,31,31,32,32,32,32,32,32,33,32,32,32,33,32,32,32,32,31,31
20260804_015555_897cb2,1785805482939350,1212611682,2,2,0,-52,128,0,15,14,13,13,12,12,11,11,10,10,10,9,9,9,9,9,8,8,7,7,7,6,6,6,5,5,0,0,0,0,0,0,0,0,0,0,0,10,10,11,12,14,13,14,15,16,16,16,17,17,17,16,17,16,16,16,16,16,16,16,16,16,15,0,30,28,28,26,25,24,23,22,22,21,20,19,18,19,18,17,17,16,16,15,15,14,11,11,11,11,10,9,0,0,0,0,0,0,0,17,18,20,22,22,24,26,26,28,30,32,32,33,33,33,34,33,33,33,33,32,32,32,32,31,32,31,30
20260804_015555_897cb2,1785805483038249,1212711471,2,2,0,-53,128,0,16,16,15,15,14,14,12,12,12,11,11,10,10,10,10,9,9,9,8,8,7,7,6,6,5,5,0,0,0,0,0,0,0,0,0,0,0,11,12,12,13,14,16,16,17,17,18,18,18,18,18,18,18,18,17,18,18,18,17,18,18,17,17,0,29,27,27,26,25,24,23,22,21,20,20,19,19,18,17,17,16,16,15,15,14,12,11,11,10,10,9,10,0,0,0,0,0,0,0,17,19,20,21,22,24,25,27,29,30,31,31,32,32,32,32,32,31,32,31,32,32,32,32,31,31,31,31
20260804_015555_897cb2,1785805483137514,1212811777,2,2,0,-52,128,0,17,17,15,15,14,14,13,13,13,13,13,11,11,11,11,10,10,10,10,9,9,9,8,8,8,7,0,0,0,0,0,0,0,0,0,0,0,12,12,13,13,14,14,15,16,17,17,17,17,18,18,17,17,17,17,17,17,17,17,18,17,17,17,0,60,58,55,55,53,51,49,47,46,46,44,42,41,41,39,39,38,37,36,34,33,32,30,28,27,26,24,24,0,0,0,0,0,0,0,37,39,41,43,44,48,51,52,55,56,60,62,61,63,63,62,63,63,63,63,61,62,62,63,64,62,63,61
20260804_015555_897cb2,1785805483235647,1212911662,2,2,0,-50,128,0,17,17,17,16,15,14,14,14,14,14,14,13,13,13,13,12,12,11,11,11,11,10,10,9,9,9,0,0,0,0,0,0,0,0,0,0,0,11,11,13,13,14,15,15,15,17,17,17,17,17,17,17,17,17,17,17,17,17,17,17,17,17,17,0,60,59,59,56,55,53,50,51,49,50,49,44,44,44,43,43,41,42,41,39,37,38,37,34,32,31,30,28,0,0,0,0,0,0,0,35,37,39,41,42,45,47,52,54,57,58,59,59,63,60,60,62,62,64,62,64,64,62,63,60,64,63,62
20260804_015555_897cb2,1785805483339429,1213012398,2,2,0,-52,128,0,16,16,16,16,15,15,14,14,14,14,13,13,13,13,14,13,13,13,13,12,12,11,11,11,11,10,0,0,0,0,0,0,0,0,0,0,0,10,11,11,11,12,12,14,14,14,15,15,15,15,15,15,16,16,16,16,15,16,16,16,16,16,16,0,59,58,57,57,55,54,53,54,51,52,51,50,50,48,50,48,49,48,48,46,45,42,42,41,39,37,36,35,0,0,0,0,0,0,0,33,35,37,37,41,42,45,46,50,52,52,55,55,56,55,55,55,58,57,57,58,59,58,59,59,58,60,59
20260804_015555_897cb2,1785805483439616,1213111580,2,2,0,-53,128,0,16,16,16,16,16,15,15,15,16,16,15,14,14,15,15,15,14,14,14,13,14,13,12,12,12,12,0,0,0,0,0,0,0,0,0,0,0,9,9,10,10,11,11,12,13,14,14,14,14,14,15,15,14,15,15,16,16,16,16,16,16,16,17,0,59,60,60,57,57,57,55,54,53,53,52,52,52,53,52,52,52,51,50,50,48,45,44,44,42,41,39,40,0,0,0,0,0,0,0,29,31,32,35,36,37,39,43,44,46,48,50,51,51,51,53,54,54,56,55,57,55,56,59,57,58,61,61
20260804_015555_897cb2,1785805483538969,1213211825,2,2,0,-54,128,0,16,16,16,16,16,15,15,14,14,14,13,13,13,13,13,13,12,13,12,13,11,12,11,11,10,10,0,0,0,0,0,0,0,0,0,0,0,9,9,9,10,10,12,13,13,14,14,14,15,14,15,15,15,16,15,16,16,16,16,16,17,16,17,0,30,30,29,29,28,28,26,26,26,25,25,25,25,24,24,24,23,23,24,24,22,21,21,20,19,18,17,18,0,0,0,0,0,0,0,15,16,17,18,18,20,21,22,23,24,25,26,26,26,27,27,28,29,27,28,28,29,29,29,30,30,30,30
20260804_015555_897cb2,1785805483636864,1213311545,2,2,0,-55,128,0,15,15,15,15,15,14,15,13,14,14,14,14,14,14,14,14,14,14,14,13,13,13,13,12,12,11,0,0,0,0,0,0,0,0,0,0,0,7,8,8,8,9,9,10,10,10,11,11,12,12,12,12,13,13,13,13,13,13,14,15,15,15,15,0,60,59,62,58,60,58,57,55,57,55,55,54,56,57,55,57,55,56,54,53,53,51,48,49,47,46,41,44,0,0,0,0,0,0,0,24,26,27,30,30,34,35,36,39,42,44,44,47,47,49,49,51,49,51,50,56,54,56,57,57,59,59,59
20260804_015555_897cb2,1785805483738455,1213411310,2,2,0,-55,128,0,16,16,16,16,16,16,16,16,14,15,15,14,14,14,15,14,14,15,14,14,13,13,13,13,12,11,0,0,0,0,0,0,0,0,0,0,0,9,10,10,11,11,12,13,13,13,13,14,14,14,14,14,14,15,14,15,15,15,16,16,16,16,16,0,59,60,57,59,57,55,54,55,56,57,55,55,55,54,54,53,53,54,54,52,50,50,49,46,45,46,43,42,0,0,0,0,0,0,0,34,34,37,36,38,40,42,42,44,46,48,50,49,50,52,51,50,54,53,55,54,54,56,56,59,59,58,59
20260804_015555_897cb2,1785805483862546,1213538066,2,2,0,-53,128,0,16,16,16,16,16,15,16,16,16,16,16,15,16,15,16,16,16,16,15,16,15,14,14,14,13,13,0,0,0,0,0,0,0,0,0,0,0,9,9,9,10,10,10,11,11,11,11,11,12,12,12,12,12,13,13,13,13,14,14,14,14,15,15,0,30,29,28,30,29,31,29,28,30,29,29,29,28,29,29,31,29,29,28,28,28,27,25,25,24,25,23,22,0,0,0,0,0,0,0,15,16,17,17,18,19,19,19,20,21,20,22,22,23,23,23,23,23,23,24,24,25,26,26,26,27,28,29
20260804_015555_897cb2,1785805483937526,1213611549,2,2,0,-52,128,0,15,16,16,15,15,16,15,15,17,16,15,16,14,17,15,17,17,16,16,15,14,14,13,13,13,13,0,0,0,0,0,0,0,0,0,0,0,10,10,10,12,12,12,12,12,12,13,13,13,13,13,13,13,13,13,14,14,14,14,15,14,15,15,0,60,60,55,57,56,55,55,55,57,63,59,59,56,60,59,57,61,58,61,56,56,51,51,49,46,45,46,43,0,0,0,0,0,0,0,36,37,35,37,40,42,42,42,45,45,47,47,47,47,48,49,49,49,50,50,50,51,51,55,55,59,56,57
20260804_015555_897cb2,1785805484041567,1213713723,2,2,0,-50,128,0,15,15,15,15,15,15,15,14,14,14,14,13,15,14,15,14,14,13,13,13,13,13,12,12,12,11,0,0,0,0,0,0,0,0,0,0,0,9,10,10,11,11,12,12,13,13,13,12,14,13,13,13,13,14,14,14,14,14,15,14,15,15,15,0,58,61,56,57,56,58,57,52,53,52,55,52,55,55,52,55,52,54,54,53,52,49,46,46,45,43,41,40,0,0,0,0,0,0,0,33,35,36,39,39,41,43,45,47,47,46,51,49,50,51,51,50,51,52,51,53,56,53,56,56,59,60,59
20260804_015555_897cb2,1785805484139450,1213813587,2,2,0,-49,128,0,16,16,15,16,15,16,15,14,14,14,14,14,14,14,15,14,15,14,14,14,14,13,13,13,12,12,0,0,0,0,0,0,0,0,0,0,0,10,10,10,11,11,11,12,13,13,13,14,14,14,14,13,14,14,14,14,14,15,15,15,16,16,15,0,58,58,60,57,59,56,56,55,54,55,54,54,53,55,53,56,55,55,54,55,52,51,49,48,47,47,42,43,0,0,0,0,0,0,0,33,34,34,36,39,40,41,45,46,48,49,50,51,52,51,52,54,51,54,52,55,54,56,58,55,59,58,58
20260804_015555_897cb2,1785805484237573,1213911933,2,2,0,-51,128,0,15,16,16,16,15,16,15,15,15,15,15,15,15,15,16,16,16,15,15,15,15,14,14,13,13,14,0,0,0,0,0,0,0,0,0,0,0,9,9,10,10,10,11,11,11,12,12,12,12,13,13,13,13,13,13,14,14,14,15,15,15,16,15,0,60,60,59,57,57,59,55,56,55,57,56,57,58,58,58,57,57,57,56,55,55,54,53,51,50,48,45,44,0,0,0,0,0,0,0,30,31,32,34,35,37,38,38,41,42,43,45,46,46,47,49,49,48,49,50,52,52,54,56,54,57,58,57
20260804_015555_897cb2,1785805484338979,1214012064,2,2,0,-50,128,0,15,16,16,16,16,15,16,15,15,15,16,15,15,16,16,16,16,16,16,16,16,15,15,14,13,13,0,0,0,0,0,0,0,0,0,0,0,7,8,8,8,8,9,10,10,10,11,11,11,11,11,11,11,13,13,13,13,13,13,13,15,15,15,0,57,59,59,56,57,57,58,57,58,57,58,60,58,58,58,60,58,60,61,58,57,57,54,52,53,51,48,47,0,0,0,0,0,0,0,24,25,28,28,29,33,32,35,37,37,38,38,40,42,43,44,45,45,47,48,49,51,51,52,56,55,58,57
20260804_015555_897cb2,1785805484437353,1214111647,2,2,0,-51,128,0,14,15,15,14,15,14,14,14,14,14,14,15,15,15,15,15,15,15,15,14,14,13,13,13,12,13,0,0,0,0,0,0,0,0,0,0,0,7,7,7,8,8,9,9,9,9,10,10,11,11,11,11,11,12,12,12,12,13,13,13,14,14,15,0,59,59,60,58,60,59,59,57,58,57,58,58,59,60,58,60,59,60,60,59,56,55,53,52,50,50,46,47,0,0,0,0,0,0,0,26,28,28,29,30,34,34,34,37,39,40,41,42,42,46,45,47,46,48,47,51,52,53,54,54,56,59,59
20260804_015555_897cb2,1785805484536251,1214211679,2,2,0,-51,128,0,15,15,15,15,15,15,14,14,14,15,15,15,15,15,15,15,15,15,15,15,14,14,14,13,13,13,0,0,0,0,0,0,0,0,0,0,0,7,7,8,8,9,9,9,10,10,11,11,11,12,12,12,12,12,13,13,13,13,14,14,14,15,15,0,59,62,58,61,57,59,58,56,58,60,58,57,57,57,60,58,60,57,60,58,58,56,56,53,51,49,49,47,0,0,0,0,0,0,0,27,26,28,29,31,31,34,34,37,39,40,42,43,44,44,46,46,50,47,52,51,52,54,56,58,58,58,57
20260804_015555_897cb2,1785805484640257,1214312279,2,2,0,-51,128,0,16,16,17,16,16,16,16,16,16,16,16,16,16,16,16,16,16,16,16,16,16,16,15,14,14,14,0,0,0,0,0,0,0,0,0,0,0,6,6,6,7,7,8,8,9,10,10,10,11,12,12,12,13,13,13,14,14,15,15,15,16,16,16,0,62,62,64,61,62,62,61,60,60,61,62,60,60,61,60,63,60,63,62,60,60,57,55,54,54,53,48,48,0,0,0,0,0,0,0,21,22,23,26,26,29,28,32,34,36,37,38,40,41,42,45,46,47,49,49,52,53,54,55,57,57,59,62
20260804_015555_897cb2,1785805484742732,1214414803,2,2,0,-50,128,0,15,15,16,15,15,14,14,14,14,14,14,14,14,15,14,15,14,14,14,14,13,13,13,13,13,12,0,0,0,0,0,0,0,0,0,0,0,7,7,9,9,9,9,10,10,11,11,11,11,12,12,12,12,12,13,13,13,14,14,14,14,15,15,0,59,60,60,58,58,57,57,56,55,57,55,55,55,55,56,57,55,58,56,56,57,52,53,49,50,48,45,45,0,0,0,0,0,0,0,27,26,29,30,33,34,35,37,37,41,42,43,44,45,45,47,47,48,50,51,52,53,53,55,55,56,58,62
20260804_015555_897cb2,1785805484839596,1214511734,2,2,0,-52,128,0,17,17,17,16,17,17,17,16,16,16,17,16,16,17,18,18,17,17,18,18,17,17,15,15,15,15,0,0,0,0,0,0,0,0,0,0,0,7,7,7,7,8,8,8,9,10,10,10,11,11,11,12,12,13,12,13,14,14,14,15,15,16,16,0,29,28,29,29,28,29,28,28,29,29,28,27,29,28,31,31,31,31,34,30,29,28,28,26,25,24,24,24,0,0,0,0,0,0,0,11,11,12,13,12,12,14,15,15,16,16,17,18,19,19,20,21,21,21,22,23,23,24,25,26,26,27,27
20260804_015555_897cb2,1785805484938092,1214612044,2,2,0,-52,128,0,15,15,15,15,13,14,14,14,14,14,14,14,14,14,14,14,14,14,14,14,14,14,13,13,12,12,0,0,0,0,0,0,0,0,0,0,0,7,7,8,8,9,9,10,10,10,11,11,11,11,11,12,12,12,12,12,12,13,13,13,13,15,15,0,59,58,58,57,56,57,56,56,57,57,58,56,56,57,57,57,58,57,59,58,55,54,54,52,51,50,48,46,0,0,0,0,0,0,0,27,27,29,30,32,34,35,37,38,40,42,43,44,44,47,46,47,47,48,49,51,51,54,53,55,56,56,57
20260804_015555_897cb2,1785805485036751,1214711939,2,2,0,-52,128,0,15,16,15,15,15,15,15,15,15,15,15,15,15,15,16,16,16,16,16,16,16,16,15,15,14,14,0,0,0,0,0,0,0,0,0,0,0,8,9,9,9,10,10,10,11,11,12,11,12,12,12,12,13,13,13,13,13,14,14,14,15,15,15,0,58,59,58,57,58,58,57,56,57,57,58,59,61,61,59,61,61,61,61,60,59,58,57,54,54,53,50,50,0,0,0,0,0,0,0,28,30,31,32,33,35,36,37,39,40,42,43,43,43,46,47,47,48,48,49,51,52,53,54,54,56,56,56
20260804_015555_897cb2,1785805485140564,1214812378,2,2,0,-51,128,0,16,16,16,16,16,16,15,15,15,15,15,16,16,16,16,16,16,16,16,16,15,15,15,15,14,14,0,0,0,0,0,0,0,0,0,0,0,9,9,10,10,11,11,11,11,12,13,13,13,13,13,13,14,14,14,14,14,14,14,15,16,16,16,0,59,60,60,58,58,60,58,57,57,58,57,58,58,61,58,61,60,61,60,59,59,58,55,55,52,53,50,50,0,0,0,0,0,0,0,32,34,33,34,37,38,40,40,42,44,45,45,45,48,50,49,50,50,51,51,53,54,55,56,55,57,59,59
20260804_015555_897cb2,1785805485244727,1214916888,2,2,0,-53,128,0,16,17,16,16,16,16,16,15,15,15,15,15,16,16,16,16,16,16,16,16,16,16,16,15,14,14,0,0,0,0,0,0,0,0,0,0,0,8,9,9,10,10,10,10,11,12,12,12,12,12,13,13,13,14,14,14,15,15,15,15,16,16,16,0,60,61,60,60,58,59,58,58,56,60,58,59,59,60,61,61,61,61,61,61,60,57,56,55,55,55,51,51,0,0,0,0,0,0,0,29,30,32,32,35,36,37,38,38,42,42,45,44,46,46,47,48,48,50,50,51,54,54,55,55,55,59,57
20260804_015555_897cb2,1785805485337641,1215014333,2,2,0,-54,128,0,15,16,16,16,15,15,15,15,15,15,15,15,15,16,16,16,17,16,16,16,16,16,16,15,15,14,0,0,0,0,0,0,0,0,0,0,0,7,8,8,8,9,9,9,9,10,10,10,10,11,11,11,13,12,13,13,13,14,14,14,14,15,15,0,58,60,58,60,59,58,59,58,59,60,59,59,59,59,62,61,62,62,63,61,61,60,59,57,55,55,53,51,0,0,0,0,0,0,0,28,28,29,29,30,32,34,34,36,36,39,41,42,41,44,45,45,46,46,49,49,51,52,53,53,54,57,56
20260804_015555_897cb2,1785805485435723,1215112536,2,2,0,-54,128,0,16,16,16,16,16,16,16,16,16,16,16,16,16,17,16,17,17,17,17,17,17,16,16,16,16,16,0,0,0,0,0,0,0,0,0,0,0,7,7,8,9,9,9,9,9,10,10,10,11,11,11,12,12,12,13,13,13,14,14,14,15,15,15,0,30,30,30,29,30,30,30,30,30,29,29,29,30,30,30,31,31,31,31,32,31,30,29,29,28,29,27,27,0,0,0,0,0,0,0,13,13,13,14,15,15,15,16,17,18,18,19,20,20,20,22,22,23,24,24,25,26,27,27,27,28,29,29
20260804_015555_897cb2,1785805485539969,1215211869,2,2,0,-54,128,0,16,15,16,16,16,16,15,15,15,15,15,16,16,16,16,16,16,16,16,16,16,16,15,15,14,14,0,0,0,0,0,0,0,0,0,0,0,7,7,7,8,8,8,9,9,9,10,10,11,12,12,12,12,12,12,13,13,14,14,14,14,15,15,0,59,59,60,59,57,59,59,57,57,59,59,59,60,59,61,61,63,62,63,62,61,61,59,57,55,55,54,50,0,0,0,0,0,0,0,23,24,25,27,27,29,30,31,34,35,37,37,41,41,43,43,44,45,47,48,49,51,51,53,54,57,57,58
20260804_015555_897cb2,1785805485638164,1215311716,2,2,0,-54,128,0,14,14,15,14,14,14,14,14,14,14,14,14,14,15,15,15,15,15,15,15,15,14,14,14,13,13,0,0,0,0,0,0,0,0,0,0,0,6,6,6,7,7,7,9,9,9,9,9,10,11,10,11,11,11,11,11,13,13,13,13,14,14,14,0,57,57,57,58,57,58,58,55,57,56,59,58,58,58,57,59,60,61,60,60,58,58,56,55,54,54,51,51,0,0,0,0,0,0,0,24,25,24,26,28,29,31,31,34,36,35,38,39,41,41,44,44,44,45,47,50,50,51,52,53,54,55,57
20260804_015555_897cb2,1785805485735542,1215411544,2,2,0,-54,128,0,15,15,15,15,15,15,15,15,15,15,15,15,16,15,15,16,16,16,16,16,16,15,15,14,14,14,0,0,0,0,0,0,0,0,0,0,0,7,7,8,8,8,9,9,9,10,10,11,11,11,12,11,12,12,13,13,13,14,14,14,15,15,15,0,60,59,58,60,58,57,57,58,57,60,60,58,58,59,63,60,62,62,62,62,61,60,60,56,55,54,53,51,0,0,0,0,0,0,0,24,26,27,27,28,30,32,33,36,37,39,41,41,42,44,43,45,47,48,50,50,50,53,54,57,55,58,57
20260804_015555_897cb2,1785805611938481,1341613317,2,0,0,-48,128,0,16,16,15,15,14,14,13,13,12,12,12,11,11,11,10,10,10,10,9,9,9,9,8,8,7,7,0,0,0,0,0,0,0,0,0,0,0,15,16,17,17,18,18,19,19,19,21,20,20,20,20,19,19,19,19,19,18,18,18,17,17,17,16,0,27,27,26,25,24,24,23,22,21,20,20,20,20,18,19,18,18,17,16,16,16,15,14,13,13,12,11,11,0,0,0,0,0,0,0,23,24,26,27,29,30,31,31,33,34,34,34,34,34,34,33,33,32,32,31,31,32,31,30,28,30,29,28
20260804_015555_897cb2,1785805612038558,1341711007,2,2,0,-48,128,0,15,15,15,14,14,13,12,12,11,11,11,11,11,11,11,11,11,10,10,9,9,9,8,8,6,6,0,0,0,0,0,0,0,0,0,0,0,15,16,16,17,17,18,19,19,19,20,19,19,19,19,19,18,18,17,18,17,17,17,17,17,17,17,0,26,25,26,23,24,22,22,21,21,20,18,18,18,17,18,18,18,16,16,16,16,15,14,13,12,12,11,11,0,0,0,0,0,0,0,23,25,26,27,27,29,29,31,32,33,33,34,34,33,32,32,32,31,31,30,29,30,30,30,29,29,28,28
20260804_015555_897cb2,1785805612134246,1341810726,2,2,0,-48,128,0,16,16,16,15,15,14,13,13,13,13,13,12,12,11,11,11,11,11,11,11,10,9,9,9,8,8,0,0,0,0,0,0,0,0,0,0,0,16,16,17,18,18,19,20,20,20,19,19,19,19,19,19,18,18,17,18,17,17,17,17,18,17,17,0,27,27,26,25,25,24,23,22,21,21,21,20,20,19,20,18,19,19,18,18,16,15,15,14,14,13,12,12,0,0,0,0,0,0,0,25,25,26,28,29,30,30,32,33,34,34,34,33,34,33,32,32,32,31,31,30,30,29,29,29,30,29,28
20260804_015555_897cb2,1785805612238153,1341910377,2,2,0,-49,128,0,15,15,14,14,14,13,13,12,12,12,11,11,11,11,11,11,10,10,10,9,9,9,9,8,8,8,0,0,0,0,0,0,0,0,0,0,0,16,16,17,17,19,19,19,19,20,19,19,19,19,19,19,18,18,18,17,17,17,17,17,17,16,16,0,27,27,26,24,24,24,22,22,22,20,20,19,18,19,18,19,17,18,17,16,17,15,14,14,13,13,12,12,0,0,0,0,0,0,0,25,27,27,29,30,31,31,34,34,34,34,34,34,34,33,33,33,31,33,30,33,31,29,30,29,30,29,30
20260804_015555_897cb2,1785805612332876,1342010705,2,2,0,-47,128,0,14,14,13,13,13,12,12,12,11,11,10,10,10,9,9,10,9,9,9,9,8,8,8,7,7,6,0,0,0,0,0,0,0,0,0,0,0,13,14,15,16,16,16,17,17,18,18,17,17,17,17,17,17,16,16,16,16,16,16,15,15,15,15,0,27,26,24,25,23,23,21,22,21,20,20,19,18,18,19,18,17,17,17,15,15,14,14,13,12,12,12,11,0,0,0,0,0,0,0,23,23,25,26,28,28,29,30,31,32,33,34,33,32,32,32,31,31,31,30,30,30,30,29,29,29,28,27
20260804_015555_897cb2,1785805612436534,1342110579,2,2,0,-47,128,0,14,14,14,14,14,12,11,11,11,10,10,10,9,9,10,9,9,9,8,8,8,7,7,6,6,6,0,0,0,0,0,0,0,0,0,0,0,14,15,15,16,16,17,18,18,18,18,18,19,18,18,18,17,17,17,17,16,16,16,15,16,16,15,0,27,25,25,23,23,23,22,20,20,19,19,17,17,18,17,17,16,16,16,14,14,13,12,12,11,11,10,10,0,0,0,0,0,0,0,23,24,25,26,27,30,30,32,32,32,33,32,33,33,32,32,32,30,32,30,30,30,29,29,28,29,29,27
20260804_015555_897cb2,1785805612536889,1342212492,2,2,0,-46,128,0,15,15,14,14,13,13,12,12,12,12,12,12,12,11,12,11,12,11,11,10,10,10,9,9,9,9,0,0,0,0,0,0,0,0,0,0,0,13,14,15,15,16,16,16,17,17,18,17,17,17,17,17,17,16,16,16,16,16,16,16,16,16,15,0,28,26,26,25,24,24,23,22,22,22,21,21,20,21,20,21,21,21,20,19,18,17,17,16,16,15,15,14,0,0,0,0,0,0,0,21,22,23,24,25,27,27,29,30,30,32,31,31,31,31,31,31,29,29,29,29,29,29,29,28,28,29,28
20260804_015555_897cb2,1785805612642286,1342314564,2,2,0,-45,128,0,15,14,14,13,13,13,13,12,12,12,11,11,11,11,11,11,10,10,10,10,10,9,9,9,9,8,0,0,0,0,0,0,0,0,0,0,0,11,12,12,13,14,14,15,15,16,16,16,16,16,15,16,15,15,15,15,15,15,15,15,15,15,15,0,28,28,27,26,25,25,24,23,23,22,22,21,21,21,21,21,21,21,21,20,18,17,17,17,16,15,14,14,0,0,0,0,0,0,0,19,19,20,21,23,25,25,27,28,29,29,30,30,31,31,30,30,30,29,29,30,29,29,29,29,29,29,29
20260804_015555_897cb2,1785805612735729,1342410359,2,2,0,-43,128,0,15,15,16,14,14,13,14,13,13,13,12,13,12,12,12,12,12,12,12,11,11,11,10,10,9,9,0,0,0,0,0,0,0,0,0,0,0,13,14,14,15,15,17,17,17,17,17,17,18,18,17,17,17,17,16,17,16,16,16,16,16,16,16,0,28,28,28,27,26,25,25,25,24,23,24,23,22,23,23,22,22,22,21,21,21,21,19,18,18,17,16,16,0,0,0,0,0,0,0,22,23,24,25,25,27,28,29,31,32,32,32,32,33,32,32,32,31,31,30,30,30,30,30,30,29,30,30
20260804_015555_897cb2,1785805612838271,1342510872,2,2,0,-45,128,0,16,15,15,15,13,13,13,13,13,13,13,13,12,11,12,11,11,11,11,11,10,10,9,9,9,8,0,0,0,0,0,0,0,0,0,0,0,13,13,14,15,15,16,17,17,17,17,17,18,17,17,17,17,17,17,17,17,16,16,16,16,16,16,0,57,57,56,52,52,50,48,47,46,45,45,42,42,41,42,42,41,41,40,39,39,35,33,33,32,32,29,28,0,0,0,0,0,0,0,41,44,47,49,51,55,56,59,60,62,63,62,63,65,64,62,62,61,62,60,61,60,61,59,59,60,59,59
20260804_015555_897cb2,1785805612936793,1342612159,2,2,0,-45,128,0,15,15,15,14,14,13,13,13,12,12,12,12,11,11,11,11,11,10,10,10,9,9,9,8,8,8,0,0,0,0,0,0,0,0,0,0,0,13,13,14,15,16,16,16,17,17,17,18,18,18,18,17,18,17,17,16,16,16,16,16,16,16,16,0,28,28,27,26,26,25,24,23,23,23,22,21,22,20,20,20,21,19,18,18,17,17,16,16,15,14,13,13,0,0,0,0,0,0,0,21,23,24,24,26,28,29,29,30,31,32,33,33,32,33,33,32,31,31,31,31,31,32,32,29,30,30,29
20260804_015555_897cb2,1785805613042002,1342714319,2,2,0,-45,128,0,14,14,13,13,14,13,13,12,12,12,11,11,11,11,11,11,11,10,11,10,10,10,10,9,9,9,0,0,0,0,0,0,0,0,0,0,0,12,12,13,13,14,15,15,16,16,16,16,16,16,16,16,15,15,15,15,15,15,15,15,15,15,15,0,27,28,27,25,26,25,24,23,22,22,22,21,21,21,21,21,20,20,19,19,19,18,18,17,15,15,15,14,0,0,0,0,0,0,0,20,21,22,23,25,26,26,28,29,29,30,30,30,30,30,30,30,30,30,29,30,29,30,29,28,29,30,29
20260804_015555_897cb2,1785805613138216,1342813055,2,2,0,-46,128,0,14,14,14,13,13,12,12,12,12,11,11,11,10,10,10,10,10,9,9,9,8,8,8,7,7,7,0,0,0,0,0,0,0,0,0,0,0,12,12,13,13,15,15,15,16,16,16,16,16,16,16,15,15,15,15,15,15,15,15,15,15,15,15,0,55,53,52,50,50,48,47,46,45,44,41,43,40,42,40,40,39,40,37,37,36,33,31,30,31,29,25,26,0,0,0,0,0,0,0,43,43,46,49,51,54,56,57,59,59,63,62,61,62,62,60,59,58,58,58,59,57,57,57,56,56,58,57
20260804_015555_897cb2,1785805613237945,1342912882,2,2,0,-45,128,0,14,14,14,14,14,13,12,12,12,12,11,11,10,11,10,11,10,10,10,10,9,9,9,8,8,8,0,0,0,0,0,0,0,0,0,0,0,13,14,14,14,15,16,16,16,17,17,17,17,16,16,16,16,16,16,16,16,16,16,16,16,15,15,0,56,56,54,53,52,49,48,45,45,46,44,42,40,40,40,40,39,40,39,36,36,34,31,31,31,30,27,27,0,0,0,0,0,0,0,43,46,49,50,51,55,55,59,62,63,64,64,65,65,64,64,64,63,62,61,62,62,62,62,60,60,59,58
20260804_015555_897cb2,1785805613338025,1343011643,2,2,0,-43,128,0,15,15,14,14,14,13,12,12,12,12,12,11,11,11,11,11,11,11,10,10,10,9,9,9,8,8,0,0,0,0,0,0,0,0,0,0,0,13,14,14,15,16,16,17,17,17,17,17,18,17,17,17,17,17,17,17,17,15,16,16,15,16,16,0,57,53,54,52,50,48,48,45,45,43,43,41,40,41,39,40,39,40,38,37,35,33,32,31,30,30,27,28,0,0,0,0,0,0,0,44,47,49,52,51,57,57,62,62,63,67,64,64,66,65,65,65,63,63,60,61,60,60,60,59,59,58,60
20260804_015555_897cb2,1785805613437329,1343110953,2,2,0,-47,128,0,15,15,14,14,13,13,13,12,12,11,11,11,10,10,10,9,9,8,8,8,7,7,7,6,6,5,0,0,0,0,0,0,0,0,0,0,0,15,15,16,16,17,17,18,18,18,19,19,19,19,19,18,18,17,17,17,17,17,16,16,16,16,15,0,27,27,27,25,24,23,22,22,21,21,20,20,19,18,18,17,17,16,14,14,14,13,12,12,9,9,8,8,0,0,0,0,0,0,0,24,27,26,27,29,31,31,31,32,34,35,35,34,34,33,33,32,32,31,31,30,31,31,31,30,30,29,28
20260804_015555_897cb2,1785805613535980,1343211000,2,2,0,-46,128,0,15,15,14,14,14,13,13,12,11,11,11,10,10,10,10,10,10,9,9,8,8,8,7,7,6,6,0,0,0,0,0,0,0,0,0,0,0,14,15,16,16,17,17,17,18,19,18,18,18,18,17,17,17,17,17,17,17,17,17,17,17,17,16,0,28,29,27,26,24,24,24,23,22,21,20,19,19,18,18,18,17,17,16,15,15,14,13,12,11,12,11,11,0,0,0,0,0,0,0,24,25,26,27,29,30,32,31,33,34,34,35,34,34,34,33,32,33,31,32,32,31,31,31,31,30,30,28
20260804_015555_897cb2,1785805613635614,1343310775,2,2,0,-47,128,0,16,16,15,14,13,13,13,12,12,11,11,11,11,10,10,10,9,9,9,8,8,8,7,6,6,5,0,0,0,0,0,0,0,0,0,0,0,16,16,17,18,18,18,19,19,19,19,19,20,20,19,19,19,18,18,18,18,17,17,17,18,16,16,0,29,26,25,25,23,23,23,21,21,20,19,19,18,17,17,17,16,14,15,14,13,13,11,11,10,10,9,9,0,0,0,0,0,0,0,25,26,27,28,29,31,31,32,33,33,35,34,35,34,34,34,32,32,33,31,32,31,31,31,31,29,29,29
20260804_015555_897cb2,1785805613738256,1343410985,2,2,0,-45,128,0,15,15,15,14,14,14,13,13,12,12,12,12,12,12,11,11,11,11,11,10,10,10,9,9,8,8,0,0,0,0,0,0,0,0,0,0,0,12,13,14,15,15,16,16,17,17,17,17,17,17,17,17,16,17,17,16,16,16,16,16,16,16,16,0,29,28,28,27,26,25,24,23,22,22,22,22,22,22,21,21,21,20,19,19,18,18,17,17,16,15,14,14,0,0,0,0,0,0,0,21,23,24,25,26,27,28,30,31,31,31,33,32,31,31,31,31,30,30,30,31,31,30,30,30,31,29,29
20260804_015555_897cb2,1785805613836752,1343511792,2,2,0,-47,128,0,16,16,16,16,14,14,13,13,12,12,12,12,11,11,10,10,9,9,9,9,8,8,7,6,6,6,0,0,0,0,0,0,0,0,0,0,0,16,17,17,18,19,19,20,19,20,20,20,20,20,20,19,19,19,19,18,18,18,18,17,17,17,17,0,28,27,26,24,24,24,23,21,20,19,20,19,19,18,18,18,16,16,16,15,13,13,11,11,11,9,9,8,0,0,0,0,0,0,0,24,26,27,28,28,31,32,33,34,34,36,35,36,36,35,34,33,34,34,34,33,33,31,32,31,31,30,30
20260804_015555_897cb2,1785805613935867,1343613919,2,2,0,-49,128,0,13,13,13,12,11,11,11,10,10,9,9,9,8,8,7,7,7,6,6,6,6,5,5,5,4,4,0,0,0,0,0,0,0,0,0,0,0,14,15,15,16,17,17,18,18,18,19,18,18,19,18,18,17,17,17,17,16,16,16,16,15,15,15,0,27,25,25,24,22,21,20,19,18,17,16,17,15,15,14,13,13,12,11,11,9,9,9,8,6,7,6,6,0,0,0,0,0,0,0,24,26,26,29,30,32,32,34,34,35,35,36,36,35,36,35,34,33,32,32,32,32,31,32,30,30,30,27
20260804_015555_897cb2,1785805614036287,1343711848,2,2,0,-49,128,0,16,15,15,14,14,13,12,11,11,10,10,10,9,9,8,8,8,7,7,7,6,6,5,5,5,4,0,0,0,0,0,0,0,0,0,0,0,13,14,15,16,16,17,18,18,19,19,19,19,19,19,19,18,18,18,18,18,18,18,17,17,17,16,0,28,27,26,26,24,24,23,21,19,20,19,18,17,16,16,15,14,14,13,12,11,9,9,8,8,7,6,6,0,0,0,0,0,0,0,23,25,25,25,28,29,31,31,33,34,34,35,35,34,35,34,33,34,32,33,32,32,32,32,31,31,30,29
20260804_015555_897cb2,1785805614134949,1343812656,2,2,0,-48,128,0,15,14,14,13,13,13,12,12,11,11,11,10,10,10,10,10,9,9,8,8,8,7,7,6,6,6,0,0,0,0,0,0,0,0,0,0,0,13,14,14,15,16,16,18,18,18,18,18,18,18,17,17,17,17,17,17,17,17,17,17,17,16,16,0,26,26,25,25,23,23,22,22,21,20,19,18,18,17,18,16,17,16,15,15,14,14,13,11,11,10,10,9,0,0,0,0,0,0,0,22,23,24,24,26,27,29,30,32,31,33,34,31,33,33,32,32,32,30,31,30,31,30,30,30,31,29,28
20260804_015555_897cb2,1785805614237306,1343912277,2,2,0,-54,128,0,14,14,14,13,13,12,12,11,11,11,11,10,10,10,9,9,9,9,9,8,8,8,7,7,6,6,0,0,0,0,0,0,0,0,0,0,0,13,13,13,14,15,15,16,16,17,17,17,17,17,17,16,16,16,16,16,16,16,16,15,16,15,15,0,27,27,26,25,24,24,22,22,21,21,20,19,19,19,18,18,17,17,17,15,15,14,14,14,12,12,11,12,0,0,0,0,0,0,0,22,23,23,25,25,27,27,29,30,31,31,32,32,31,32,32,32,31,31,29,30,30,31,30,29,29,29,28
20260804_015555_897cb2,1785805614370626,1344044019,2,2,0,-51,128,0,15,15,15,14,13,13,13,13,12,12,13,11,11,11,11,11,11,11,10,10,9,9,9,9,8,8,0,0,0,0,0,0,0,0,0,0,0,10,11,12,12,13,13,15,15,15,15,15,15,16,16,15,15,15,15,15,15,16,16,16,16,16,16,0,60,58,56,56,54,55,51,51,47,48,48,45,45,45,46,45,45,42,43,42,40,35,34,35,32,31,30,30,0,0,0,0,0,0,0,37,39,40,41,44,48,51,52,53,53,57,57,58,58,60,60,62,59,58,59,60,61,59,59,61,63,63,60
20260804_015555_897cb2,1785805614435233,1344111293,2,2,0,-51,128,0,16,16,16,15,15,14,14,14,13,13,12,12,12,12,12,12,12,11,11,10,10,10,9,9,8,8,0,0,0,0,0,0,0,0,0,0,0,12,14,14,14,14,16,16,17,17,17,17,18,18,17,18,17,17,17,17,17,17,17,17,17,17,17,0,58,59,58,56,54,54,52,50,49,48,46,46,44,44,42,42,42,40,40,38,36,36,33,32,30,29,28,25,0,0,0,0,0,0,0,40,42,43,46,49,52,54,56,59,60,62,64,63,64,66,63,63,63,63,62,62,63,62,62,61,63,63,61
20260804_015555_897cb2,1785805614538517,1344210775,2,2,0,-51,128,0,16,15,15,15,14,14,14,13,13,13,14,13,13,13,13,13,13,13,13,13,12,11,11,11,11,10,0,0,0,0,0,0,0,0,0,0,0,9,9,10,10,11,12,12,13,13,14,14,14,15,14,15,15,15,15,15,15,15,15,15,16,15,15,0,59,56,57,56,56,55,52,51,51,51,52,50,50,51,49,50,49,50,48,47,47,44,42,42,38,39,36,35,0,0,0,0,0,0,0,30,32,33,36,38,41,42,45,46,48,51,50,52,53,54,54,54,53,56,55,57,57,56,58,56,58,58,59
20260804_015555_897cb2,1785805614643207,1344314525,2,2,0,-51,128,0,15,14,16,14,14,14,14,14,14,14,14,14,14,14,14,15,14,14,14,14,13,13,12,12,11,11,0,0,0,0,0,0,0,0,0,0,0,8,9,9,10,10,10,11,11,11,13,13,13,13,13,13,13,14,13,13,13,15,14,14,14,15,15,0,57,59,59,60,56,57,56,54,55,55,55,54,54,55,54,54,55,54,55,54,52,50,47,47,43,45,42,43,0,0,0,0,0,0,0,30,32,32,33,37,37,42,41,43,46,49,49,49,51,51,50,49,51,54,53,54,55,55,55,57,60,60,57
20260804_015555_897cb2,1785805614740889,1344413576,2,2,0,-49,128,0,16,14,16,15,14,14,15,15,14,14,14,14,14,14,14,14,14,14,13,13,14,13,13,13,11,11,0,0,0,0,0,0,0,0,0,0,0,9,10,10,11,11,12,13,13,13,13,13,13,14,14,14,13,14,14,14,14,14,14,14,15,16,16,0,58,58,60,56,57,57,54,54,53,53,53,54,53,55,54,54,53,54,53,51,50,49,47,47,44,43,42,42,0,0,0,0,0,0,0,32,32,33,36,38,38,41,43,46,47,49,49,51,51,52,50,55,53,53,52,54,55,55,57,54,59,58,57
20260804_015555_897cb2,1785805614839182,1344510961,2,2,0,-50,128,0,15,15,15,15,15,15,14,14,14,14,14,14,14,14,14,14,14,14,14,13,13,13,13,12,12,12,0,0,0,0,0,0,0,0,0,0,0,9,9,10,10,11,11,12,12,13,13,13,13,13,13,13,13,13,13,14,15,15,15,15,15,15,15,0,57,59,59,58,55,55,55,55,54,53,53,53,55,52,55,52,54,52,53,54,51,50,48,46,44,44,42,40,0,0,0,0,0,0,0,29,33,33,37,38,39,41,43,46,46,48,51,50,51,51,52,53,52,53,53,55,55,57,56,58,58,60,59
20260804_015555_897cb2,1785805614937021,1344610402,2,2,0,-50,128,0,16,16,16,16,16,15,15,15,14,14,14,14,14,14,14,14,14,14,14,14,14,14,13,13,12,12,0,0,0,0,0,0,0,0,0,0,0,10,10,11,11,12,12,13,13,14,14,14,15,15,15,15,14,15,14,15,15,15,15,15,16,16,16,0,60,59,59,57,59,57,56,55,55,52,53,54,53,54,53,56,54,54,52,53,50,52,48,49,48,46,42,42,0,0,0,0,0,0,0,34,37,38,42,40,44,45,48,48,50,52,52,52,53,54,53,55,54,54,52,55,56,56,56,56,60,58,59
20260804_015555_897cb2,1785805615035009,1344710301,2,2,0,-53,128,0,16,16,16,16,14,15,14,14,14,14,14,14,14,14,15,15,15,15,14,14,14,13,13,13,12,12,0,0,0,0,0,0,0,0,0,0,0,7,7,8,9,9,10,11,11,12,13,13,13,13,14,14,14,14,14,14,15,15,15,15,15,16,16,0,61,59,58,59,58,56,56,55,54,56,55,53,54,54,55,56,55,56,54,53,53,53,49,49,48,47,45,45,0,0,0,0,0,0,0,24,25,27,30,32,34,36,39,42,43,46,46,49,51,50,51,52,52,53,54,55,55,55,56,57,58,58,59
20260804_015555_897cb2,1785805615133874,1344809882,2,2,0,-57,128,0,13,14,14,15,15,15,16,16,15,16,16,17,17,17,18,18,19,19,19,19,19,19,19,19,19,19,0,0,0,0,0,0,0,0,0,0,0,3,3,3,4,4,5,5,6,7,7,8,8,8,9,9,9,9,10,10,10,11,11,11,12,13,13,0,50,52,54,53,54,56,57,56,58,60,61,62,64,67,68,70,70,76,74,74,72,74,71,72,73,71,68,71,0,0,0,0,0,0,0,7,7,11,11,12,14,16,18,20,23,23,26,27,29,30,31,35,34,37,37,37,39,40,42,44,46,48,49
20260804_015555_897cb2,1785805615233273,1344910521,2,2,0,-58,128,0,12,13,13,13,12,13,13,13,13,14,14,14,15,15,16,17,17,17,18,18,19,18,19,18,18,18,0,0,0,0,0,0,0,0,0,0,0,8,8,8,9,10,10,11,11,11,11,12,12,11,11,11,11,11,11,11,11,11,11,11,12,12,12,0,46,45,48,47,49,51,50,50,49,53,55,56,56,60,60,64,66,70,69,71,70,71,70,71,70,72,69,69,0,0,0,0,0,0,0,27,29,31,32,33,36,37,41,42,43,43,46,46,45,44,45,43,44,43,44,44,44,43,43,42,46,44,44
20260804_015555_897cb2,1785805615337149,1345010918,2,2,0,-56,128,0,11,11,11,10,10,9,9,9,9,9,8,10,9,10,10,11,11,11,11,11,11,11,11,12,12,12,0,0,0,0,0,0,0,0,0,0,0,12,13,14,15,16,16,16,17,17,17,17,17,17,16,16,16,15,14,14,14,14,14,12,13,13,12,0,45,44,42,41,38,38,37,37,35,34,35,36,38,38,39,39,42,42,45,45,46,45,46,46,47,46,46,46,0,0,0,0,0,0,0,45,48,51,53,56,58,61,62,64,67,67,67,66,67,65,65,61,61,58,59,57,57,54,52,50,51,50,48
20260804_015555_897cb2,1785805615436210,1345111038,2,2,0,-58,128,0,9,9,8,7,7,6,6,6,5,6,6,6,7,7,8,9,10,10,11,12,12,13,13,13,14,14,0,0,0,0,0,0,0,0,0,0,0,16,17,18,18,19,20,21,21,21,21,21,19,19,18,18,18,16,16,15,15,14,14,12,12,12,11,0,35,30,29,27,23,21,22,20,18,22,23,24,24,25,28,31,34,36,38,41,43,46,45,48,48,50,51,53,0,0,0,0,0,0,0,53,57,57,62,64,69,69,71,72,75,73,76,72,73,68,67,65,64,59,56,56,53,51,51,44,44,43,38
20260804_015555_897cb2,1785805615533530,1345210105,2,2,0,-60,128,0,7,6,5,5,5,5,5,5,6,7,7,8,9,9,10,12,13,13,14,15,15,16,16,16,16,17,0,0,0,0,0,0,0,0,0,0,0,16,17,17,18,19,19,19,20,20,20,19,19,18,17,17,16,15,14,13,13,12,11,10,10,9,8,0,12,10,10,8,8,9,8,8,10,10,12,15,16,18,20,21,23,24,25,27,28,29,29,30,31,31,31,32,0,0,0,0,0,0,0,27,28,29,31,32,34,35,36,36,37,37,36,35,34,34,32,31,28,29,26,24,24,22,21,17,18,17,15
20260804_015555_897cb2,1785805615636500,1345310937,2,2,0,-60,128,0,6,6,5,4,4,4,4,4,4,5,6,8,8,9,9,10,11,12,14,14,15,15,16,16,16,16,0,0,0,0,0,0,0,0,0,0,0,16,16,17,18,18,19,19,20,20,20,19,19,18,17,16,16,15,14,13,12,12,11,10,9,9,8,0,12,11,9,8,7,7,7,8,9,9,12,14,15,17,18,20,23,25,25,26,28,29,29,30,31,31,31,31,0,0,0,0,0,0,0,28,29,30,32,32,36,36,36,37,38,38,37,36,36,35,33,33,30,28,27,25,25,24,22,20,18,17,16
20260804_015555_897cb2,1785805615734064,1345410994,2,2,0,-60,128,0,7,6,5,4,5,4,4,4,4,5,6,6,7,8,9,10,11,12,12,13,14,14,15,15,15,15,0,0,0,0,0,0,0,0,0,0,0,16,16,17,18,19,20,20,20,20,20,19,19,19,18,17,16,15,15,14,14,12,11,10,10,9,8,0,14,12,11,9,9,8,9,9,9,10,11,12,13,16,17,19,21,22,24,24,26,26,27,28,28,29,29,30,0,0,0,0,0,0,0,28,29,30,31,33,34,35,36,38,37,37,37,36,35,34,33,32,30,29,26,27,24,23,22,20,19,18,16
20260804_015555_897cb2,1785805615833599,1345510561,2,2,0,-60,128,0,7,7,6,6,5,6,5,6,6,6,8,9,9,9,11,12,13,13,14,14,15,16,15,16,16,16,0,0,0,0,0,0,0,0,0,0,0,16,17,17,18,19,19,19,20,20,20,19,18,18,18,17,16,15,14,14,13,12,12,11,10,9,9,0,14,12,12,10,10,10,10,11,11,13,14,14,17,18,19,21,23,23,26,26,27,28,28,30,30,31,30,31,0,0,0,0,0,0,0,28,29,29,31,33,33,35,35,36,37,37,37,36,35,34,32,31,30,28,27,25,25,23,22,19,19,17,16
20260804_015555_897cb2,1785805615938121,1345611690,2,2,0,-60,128,0,8,7,7,7,7,7,7,8,8,9,10,10,11,11,12,13,14,14,15,15,16,16,16,17,17,17,0,0,0,0,0,0,0,0,0,0,0,12,13,14,15,15,16,16,16,16,16,16,14,14,14,14,13,13,11,11,11,10,10,9,9,8,8,0,15,14,13,14,13,14,15,15,16,17,18,20,21,23,23,26,27,28,30,31,32,32,32,32,32,33,33,33,0,0,0,0,0,0,0,23,24,24,26,27,28,29,30,30,30,32,30,31,31,31,27,27,26,25,24,23,21,21,19,19,17,17,15
20260804_015555_897cb2,1785805616036279,1345714846,2,2,0,-58,128,0,10,10,9,8,8,7,6,6,5,5,5,5,5,6,6,6,6,7,9,8,9,9,10,10,11,11,0,0,0,0,0,0,0,0,0,0,0,18,19,19,21,21,22,21,22,22,22,22,21,21,20,20,18,18,17,17,16,15,15,13,14,13,11,0,19,18,16,15,13,12,12,11,9,9,8,9,8,10,10,11,11,13,14,15,17,17,17,18,19,20,19,21,0,0,0,0,0,0,0,29,31,32,34,35,37,37,39,40,41,40,40,40,38,38,36,35,34,33,31,31,29,28,28,26,26,23,21
20260804_015555_897cb2,1785805616140456,1345815266,2,2,0,-60,128,0,8,8,8,8,7,7,7,7,7,7,8,9,9,10,10,11,12,12,13,13,14,14,14,15,14,15,0,0,0,0,0,0,0,0,0,0,0,14,15,16,17,17,17,18,18,18,18,18,18,17,16,16,15,14,14,13,12,12,12,11,10,10,9,0,16,15,15,14,14,14,15,15,14,15,16,16,17,18,20,21,22,25,25,25,27,27,27,28,28,28,28,28,0,0,0,0,0,0,0,26,27,28,30,31,31,32,33,34,35,35,34,34,33,33,31,30,29,28,27,25,25,23,23,21,21,19,18
20260804_015555_897cb2,1785805616232371,1345910689,2,2,0,-60,128,0,7,7,6,5,6,5,5,5,5,6,7,7,8,9,10,11,12,12,13,14,14,15,15,15,15,16,0,0,0,0,0,0,0,0,0,0,0,17,18,18,19,19,19,21,21,21,21,19,19,19,18,17,17,16,14,14,13,13,12,10,10,9,9,0,13,11,11,11,9,9,9,9,10,11,13,14,15,17,18,19,21,23,24,26,26,27,29,28,29,30,29,30,0,0,0,0,0,0,0,28,28,30,31,33,34,35,35,37,37,37,37,37,35,33,33,31,30,28,27,26,25,23,21,19,19,17,16
20260804_015555_897cb2,1785805616335881,1346011105,2,2,0,-60,128,0,7,6,6,5,6,6,6,6,6,7,8,9,10,11,11,12,13,14,16,16,16,17,17,17,17,18,0,0,0,0,0,0,0,0,0,0,0,17,18,18,19,20,20,21,21,21,20,20,19,19,18,17,16,16,15,14,13,12,12,11,10,9,9,0,13,11,11,10,10,9,10,11,12,13,14,16,17,19,20,22,24,25,26,27,29,31,30,31,31,33,31,33,0,0,0,0,0,0,0,29,30,31,31,33,34,35,36,37,38,37,37,36,35,35,33,32,29,28,26,24,23,22,22,19,17,17,15
20260804_015555_897cb2,1785805616439616,1346112212,2,2,0,-60,128,0,8,6,7,7,7,7,7,7,8,8,9,10,10,11,12,13,13,14,15,16,16,16,16,16,16,17,0,0,0,0,0,0,0,0,0,0,0,14,15,16,16,16,17,17,18,18,18,16,16,16,15,15,14,13,13,11,11,11,10,10,9,9,8,0,14,15,14,13,13,15,14,14,16,16,18,19,20,22,23,24,26,27,28,30,30,31,32,32,31,33,32,32,0,0,0,0,0,0,0,25,25,26,28,29,29,31,31,32,33,33,33,31,30,30,29,28,26,25,25,23,21,22,20,20,18,16,16
20260804_015555_897cb2,1785805616533789,1346211061,2,2,0,-60,128,0,5,5,5,4,4,6,6,6,8,8,8,10,11,11,12,13,14,15,16,16,17,17,17,18,18,18,0,0,0,0,0,0,0,0,0,0,0,13,14,14,16,16,17,17,17,17,16,16,16,15,14,14,13,12,11,11,9,9,9,7,7,7,6,0,22,18,19,19,22,22,23,25,29,31,36,37,40,45,45,52,55,60,62,64,66,66,66,69,68,72,70,70,0,0,0,0,0,0,0,53,54,55,59,58,64,62,67,67,68,67,65,67,62,61,56,55,51,49,44,44,40,37,33,32,29,27,23
20260804_015555_897cb2,1785805616637077,1346310606,2,2,0,-61,128,0,4,4,5,5,6,7,8,9,10,11,12,12,13,14,16,17,18,18,19,20,21,21,22,22,22,22,0,0,0,0,0,0,0,0,0,0,0,13,14,14,14,15,15,16,16,16,15,15,15,14,13,12,12,11,10,9,8,7,7,6,5,5,4,0,7,8,8,9,11,12,13,15,17,19,21,22,24,26,29,30,32,34,36,36,38,38,38,39,39,39,39,39,0,0,0,0,0,0,0,22,23,25,26,27,28,28,29,29,30,29,28,28,27,26,25,22,21,19,18,18,16,15,12,12,11,9,8
20260804_015555_897cb2,1785805616735309,1346412719,2,2,0,-61,128,0,4,5,6,6,7,8,8,9,10,11,12,13,14,15,16,17,18,19,19,20,21,21,21,21,21,21,0,0,0,0,0,0,0,0,0,0,0,12,13,13,14,14,14,14,14,14,14,14,13,12,12,11,10,10,9,8,7,7,6,5,6,5,6,0,9,10,10,12,13,15,15,18,19,21,24,25,25,28,32,33,36,37,39,40,42,41,42,42,41,42,43,42,0,0,0,0,0,0,0,22,23,23,24,26,27,27,27,28,27,27,28,26,25,23,22,20,19,18,17,16,14,13,13,12,10,9,8
20260804_015555_897cb2,1785805616839893,1346514767,2,2,0,-61,128,0,3,3,4,5,6,6,7,9,10,11,12,13,14,15,16,17,17,19,20,21,21,21,22,22,22,22,0,0,0,0,0,0,0,0,0,0,0,11,11,12,12,13,13,12,13,12,12,12,11,11,10,9,8,8,7,6,5,5,4,3,2,2,2,0,6,7,9,10,12,13,15,17,20,21,23,25,27,30,31,34,35,38,40,42,41,43,43,43,44,45,43,44,0,0,0,0,0,0,0,20,21,22,23,22,24,24,25,26,26,26,24,24,24,21,20,18,17,16,13,13,11,9,8,7,6,4,5
20260804_015555_897cb2,1785805616955263,1346632966,2,2,0,-61,128,0,6,7,7,7,8,8,9,10,11,12,13,14,14,16,17,19,19,20,21,21,22,23,23,23,22,23,0,0,0,0,0,0,0,0,0,0,0,11,12,12,13,13,13,14,14,14,14,13,13,13,12,11,11,10,9,9,9,9,8,7,7,7,7,0,11,12,13,13,14,15,16,18,20,22,24,24,27,28,30,33,34,37,38,40,42,41,41,43,43,44,42,44,0,0,0,0,0,0,0,20,21,21,22,22,24,25,26,27,26,26,25,25,24,24,22,22,20,19,18,16,15,14,13,12,13,11,11
20260804_015555_897cb2,1785805617042523,1346719862,2,2,0,-60,128,0,9,10,10,11,12,11,12,12,13,12,14,14,14,16,19,18,19,19,19,19,21,21,21,20,21,20,0,0,0,0,0,0,0,0,0,0,0,8,8,9,11,11,11,11,11,11,11,11,11,11,11,11,11,10,10,9,9,9,9,9,10,9,9,0,18,22,19,22,20,22,23,23,22,27,29,29,34,30,35,33,37,34,35,37,40,42,38,38,42,41,41,43,0,0,0,0,0,0,0,16,16,16,17,19,19,20,21,22,22,22,23,22,22,21,20,20,20,19,19,18,18,19,17,19,17,17,17
20260804_015555_897cb2,1785805617134857,1346810824,2,2,0,-58,128,0,14,15,14,14,15,15,16,16,16,16,16,16,16,18,17,19,19,19,20,20,20,20,20,20,19,19,0,0,0,0,0,0,0,0,0,0,0,7,7,8,8,9,9,9,9,10,10,11,11,11,11,11,11,12,12,12,12,12,13,13,13,14,14,0,25,25,25,26,26,28,26,28,27,30,29,30,29,30,32,32,34,33,34,35,36,35,35,34,33,32,34,34,0,0,0,0,0,0,0,11,12,12,12,14,14,16,15,15,17,17,18,18,20,19,20,19,21,20,21,21,21,22,22,23,24,25,23
20260804_015555_897cb2,1785805617237437,1346912633,2,2,0,-51,128,0,14,15,14,15,14,14,15,14,14,15,15,15,15,15,16,16,16,16,16,16,15,15,15,14,14,14,0,0,0,0,0,0,0,0,0,0,0,6,7,7,7,8,8,9,9,10,10,10,10,11,11,11,11,11,12,12,12,12,13,13,14,14,14,0,28,29,29,29,28,29,28,28,29,29,29,29,30,30,30,30,31,31,31,31,31,29,30,28,28,27,26,25,0,0,0,0,0,0,0,12,13,13,14,15,15,17,16,17,18,20,20,20,20,21,22,22,23,22,23,24,25,25,26,27,27,27,28
20260804_015555_897cb2,1785805617336396,1347011568,2,2,0,-53,128,0,16,16,16,16,16,16,16,16,16,15,17,16,15,16,16,16,16,16,16,16,16,15,14,14,13,13,0,0,0,0,0,0,0,0,0,0,0,10,10,11,11,11,12,12,12,12,13,13,13,13,13,13,14,14,14,14,14,15,15,15,15,16,16,0,57,57,59,58,57,56,56,55,55,55,56,54,56,56,55,58,55,56,55,57,53,52,51,50,47,49,45,44,0,0,0,0,0,0,0,34,34,36,37,37,39,40,42,42,43,45,45,46,46,45,48,48,47,50,50,50,50,53,54,52,57,55,56
20260804_015555_897cb2,1785805617452080,1347123475,2,2,0,-48,128,0,15,15,15,15,15,15,15,15,15,15,15,15,14,15,15,15,15,16,15,14,15,14,13,13,13,13,0,0,0,0,0,0,0,0,0,0,0,10,11,11,12,12,12,13,13,13,13,14,14,14,14,14,14,14,14,14,15,15,15,15,15,15,16,0,59,58,57,57,58,53,55,54,56,55,55,57,56,58,58,56,58,57,57,51,57,54,50,49,52,47,47,46,0,0,0,0,0,0,0,34,37,39,39,42,43,46,46,48,49,53,51,52,54,53,54,54,54,54,54,54,54,56,57,58,57,59,59
20260804_015555_897cb2,1785805617540033,1347211464,2,2,0,-50,128,0,16,16,15,16,15,15,15,15,15,15,15,15,15,16,16,15,16,15,15,16,15,15,15,14,14,13,0,0,0,0,0,0,0,0,0,0,0,10,10,11,10,11,11,12,12,12,12,12,13,13,13,13,13,13,13,13,14,14,15,15,15,15,16,0,58,59,58,59,57,58,57,56,56,58,59,58,56,57,60,59,60,57,62,57,57,56,54,53,52,51,47,48,0,0,0,0,0,0,0,34,36,35,36,39,40,41,44,45,46,46,48,49,49,49,48,48,50,50,52,51,53,54,54,56,57,56,57
20260804_015555_897cb2,1785805617638385,1347310598,2,2,0,-49,128,0,16,16,15,15,15,15,15,15,14,15,14,15,15,15,15,16,16,15,15,15,14,14,13,13,13,13,0,0,0,0,0,0,0,0,0,0,0,11,11,11,11,13,13,13,13,13,14,14,14,14,14,14,14,14,14,14,14,15,15,15,16,15,16,0,57,60,59,57,57,58,54,55,53,57,56,55,55,55,56,57,57,57,57,56,55,53,52,50,49,48,47,47,0,0,0,0,0,0,0,37,38,40,37,43,43,45,46,47,49,49,52,52,52,52,52,50,54,52,54,53,54,54,54,56,56,56,56
20260804_015555_897cb2,1785805617735557,1347410556,2,2,0,-49,128,0,16,16,16,16,16,16,15,15,15,15,15,15,15,15,15,15,15,15,15,15,15,13,13,12,12,12,0,0,0,0,0,0,0,0,0,0,0,9,10,10,12,11,12,12,13,13,13,13,13,14,13,14,14,14,14,14,15,15,15,16,16,16,16,0,59,59,58,58,56,56,55,53,55,56,53,53,54,53,55,55,55,52,53,52,52,49,49,47,46,43,40,40,0,0,0,0,0,0,0,34,35,36,38,40,41,42,45,46,46,49,49,49,50,51,50,50,51,52,53,54,53,54,55,57,57,58,59
20260804_015555_897cb2,1785805617838667,1347510693,2,2,0,-50,128,0,15,16,15,16,15,15,15,15,15,16,16,15,15,15,15,15,16,16,16,16,15,15,15,14,13,12,0,0,0,0,0,0,0,0,0,0,0,7,7,8,8,8,9,9,9,10,10,11,10,11,12,10,12,11,13,12,13,13,13,14,14,14,15,0,29,30,29,30,29,29,30,28,30,30,28,29,29,29,30,29,30,30,30,31,30,30,27,27,26,25,25,23,0,0,0,0,0,0,0,14,13,14,15,17,17,17,18,18,19,20,21,21,21,21,22,22,23,22,23,23,25,25,26,28,27,29,28
20260804_015555_897cb2,1785805617959611,1347632437,2,2,0,-49,128,0,14,14,14,14,15,14,14,14,13,13,14,13,14,14,14,14,14,14,14,14,13,13,13,13,11,11,0,0,0,0,0,0,0,0,0,0,0,10,10,10,10,11,11,12,12,13,13,13,13,13,13,13,13,13,13,13,13,13,14,13,14,14,14,0,56,57,58,56,55,54,55,54,53,55,53,53,52,54,54,55,56,56,55,54,53,52,51,49,47,46,44,43,0,0,0,0,0,0,0,35,37,37,39,43,42,47,46,49,48,50,51,52,52,51,51,51,51,53,51,53,57,56,55,56,56,58,56
20260804_015555_897cb2,1785805618057446,1347732152,2,2,0,-49,128,0,15,16,14,16,14,15,14,14,14,15,15,15,14,14,15,14,15,14,15,14,13,13,13,13,13,12,0,0,0,0,0,0,0,0,0,0,0,11,11,11,11,12,12,13,14,14,14,14,14,14,14,14,14,14,14,14,15,15,15,15,15,15,15,0,55,57,56,54,55,56,52,52,53,53,52,53,52,53,54,52,53,53,52,52,52,50,48,47,46,45,44,43,0,0,0,0,0,0,0,35,38,38,39,42,42,46,46,47,48,49,51,49,53,51,51,52,52,52,51,52,54,53,54,55,56,57,57
20260804_015555_897cb2,1785805618138931,1347812422,2,2,0,-51,128,0,16,16,16,16,16,15,15,14,15,14,15,15,15,15,15,16,15,15,15,15,14,14,13,13,13,13,0,0,0,0,0,0,0,0,0,0,0,10,10,10,11,11,12,13,13,13,13,13,13,14,13,14,14,14,14,14,14,14,15,15,15,15,16,0,58,59,58,57,55,57,56,56,56,56,55,54,55,54,58,56,56,55,56,55,54,51,52,49,47,46,44,44,0,0,0,0,0,0,0,32,34,35,36,39,40,42,43,45,46,49,50,51,51,50,50,50,53,52,53,52,54,54,55,57,56,56,57
20260804_015555_897cb2,1785805618236893,1347910838,2,2,0,-51,128,0,17,17,17,17,16,17,16,16,16,16,16,16,16,16,16,16,16,16,16,16,15,15,15,14,14,13,0,0,0,0,0,0,0,0,0,0,0,9,10,10,11,11,11,12,12,13,13,13,13,14,14,14,14,15,15,15,16,16,16,16,17,17,16,0,30,31,30,30,30,31,29,29,28,30,28,28,29,29,29,29,29,28,30,28,27,27,26,25,24,24,23,22,0,0,0,0,0,0,0,16,16,16,16,17,19,18,20,20,21,22,22,23,23,24,25,25,26,26,26,27,27,28,28,28,30,30,30
20260804_015555_897cb2,1785805618334258,1348010923,2,2,0,-49,128,0,15,15,16,15,15,15,14,14,15,15,15,14,15,15,15,15,15,16,14,15,14,14,14,14,13,12,0,0,0,0,0,0,0,0,0,0,0,9,10,10,9,11,11,12,12,12,13,13,13,13,13,13,13,13,13,13,14,14,14,15,15,15,15,0,57,58,57,57,59,56,56,55,53,55,56,55,54,56,55,56,55,56,56,56,54,54,50,49,48,46,44,45,0,0,0,0,0,0,0,29,32,33,35,36,38,39,42,42,42,44,45,45,48,47,49,48,47,49,49,51,52,50,53,54,55,57,55
20260804_015555_897cb2,1785805618438152,1348112699,2,2,0,-49,128,0,14,14,15,15,14,13,13,13,13,14,14,14,14,15,15,15,14,15,14,14,14,13,13,13,13,13,0,0,0,0,0,0,0,0,0,0,0,9,9,9,10,10,10,11,11,11,12,12,12,12,12,12,12,12,12,13,13,13,14,14,14,15,14,0,55,54,56,54,54,53,53,55,53,54,52,54,56,55,55,56,56,55,57,56,54,54,50,50,51,48,45,44,0,0,0,0,0,0,0,32,32,34,36,37,39,41,40,43,43,45,47,45,46,47,47,47,48,47,47,49,50,50,52,52,53,54,55
20260804_015555_897cb2,1785805618536789,1348210766,2,2,0,-50,128,0,15,16,15,16,15,16,16,16,16,16,16,16,16,16,16,16,16,16,16,16,16,15,15,15,14,13,0,0,0,0,0,0,0,0,0,0,0,9,9,10,11,11,11,12,12,12,13,12,13,13,13,13,13,13,14,14,14,14,14,14,15,15,15,0,57,59,59,59,56,59,55,56,57,56,56,54,60,56,61,57,62,59,59,60,57,57,57,54,51,51,49,49,0,0,0,0,0,0,0,34,31,34,35,37,38,40,42,43,45,45,47,48,46,48,48,50,48,49,50,50,52,53,54,54,57,57,57
20260804_015555_897cb2,1785805618634433,1348310462,2,2,0,-51,128,0,15,15,15,15,15,15,14,14,14,15,15,14,14,14,15,15,15,15,15,15,14,14,13,13,12,12,0,0,0,0,0,0,0,0,0,0,0,8,8,8,9,9,10,10,10,11,11,12,12,12,12,12,12,12,13,13,13,13,13,14,14,15,15,0,57,57,57,58,56,57,55,56,54,57,57,56,55,56,58,57,58,57,58,57,57,54,53,50,49,47,46,44,0,0,0,0,0,0,0,29,29,30,31,34,35,37,38,41,41,44,46,46,48,46,47,47,49,49,50,50,51,52,53,54,55,56,56
20260804_015555_897cb2,1785805618737918,1348410968,2,2,0,-53,128,0,15,16,16,16,16,16,15,15,15,15,15,15,15,15,16,16,16,16,16,16,16,15,15,15,14,14,0,0,0,0,0,0,0,0,0,0,0,8,8,8,9,9,10,10,11,11,12,12,12,12,13,13,13,13,13,14,14,14,14,14,15,15,15,0,60,60,61,60,60,61,59,58,58,59,59,59,59,60,59,62,62,62,61,61,60,59,57,58,54,53,52,51,0,0,0,0,0,0,0,24,28,28,31,33,34,35,38,39,41,42,44,45,45,47,47,49,48,51,50,52,53,55,55,55,57,56,58
20260804_015555_897cb2,1785805618835146,1348511063,2,2,0,-53,128,0,15,16,16,15,15,15,15,15,15,15,15,15,15,15,15,16,16,16,16,16,15,15,15,14,14,14,0,0,0,0,0,0,0,0,0,0,0,9,9,9,10,10,11,11,12,12,13,12,13,13,13,13,13,13,14,14,14,14,15,15,15,15,15,0,59,60,59,58,57,58,58,57,56,57,57,58,59,59,57,59,59,60,60,60,56,56,55,54,53,52,50,49,0,0,0,0,0,0,0,28,29,31,33,35,37,39,41,42,44,46,47,49,50,50,51,52,49,51,50,53,53,55,57,54,57,57,56
20260804_015555_897cb2,1785805618939244,1348613233,2,2,0,-54,128,0,15,15,15,15,15,14,14,13,13,13,13,13,13,13,13,13,13,13,13,12,12,13,12,12,11,11,0,0,0,0,0,0,0,0,0,0,0,10,10,10,11,12,13,13,13,14,14,14,14,14,14,14,14,14,14,14,14,15,15,15,15,15,15,0,58,56,57,55,55,54,52,52,52,53,53,51,52,53,51,53,51,51,51,50,49,46,45,44,43,42,39,41,0,0,0,0,0,0,0,37,37,39,41,43,45,46,49,49,52,52,53,52,55,53,55,55,53,55,53,54,55,54,54,55,56,56,56
20260804_015555_897cb2,1785805619039179,1348713447,2,2,0,-52,128,0,16,16,16,15,14,14,13,13,13,13,13,13,13,13,13,13,13,13,12,12,12,11,11,11,11,10,0,0,0,0,0,0,0,0,0,0,0,11,12,12,13,13,13,15,15,16,16,16,16,16,16,16,16,16,16,16,16,16,16,16,16,16,16,0,59,56,57,54,54,52,51,49,49,48,48,47,46,47,46,47,46,46,45,44,43,42,41,40,38,37,35,35,0,0,0,0,0,0,0,37,39,41,44,44,49,49,52,53,54,56,57,57,58,59,58,58,55,59,56,60,58,58,58,58,59,59,59
20260804_015555_897cb2,1785805619137272,1348811197,2,2,0,-53,128,0,15,15,14,14,14,14,13,13,13,13,12,12,12,12,12,12,12,12,11,11,11,10,10,10,9,9,0,0,0,0,0,0,0,0,0,0,0,12,12,12,13,13,13,14,14,15,15,15,15,16,16,16,15,15,15,15,15,15,15,15,15,15,15,0,59,58,56,55,53,54,52,51,48,50,47,47,48,47,45,45,46,42,43,41,41,40,39,38,36,35,34,32,0,0,0,0,0,0,0,39,42,42,45,48,50,54,53,55,56,59,59,59,60,59,60,60,59,57,58,59,59,59,62,59,58,61,57
20260804_015555_897cb2,1785805619237359,1348911071,2,2,0,-54,128,0,15,15,13,13,13,12,12,12,11,11,11,11,11,10,10,10,10,9,9,9,9,9,8,8,8,7,0,0,0,0,0,0,0,0,0,0,0,11,12,13,13,14,14,14,15,15,15,15,15,16,16,16,15,15,15,15,16,15,16,16,16,16,15,0,58,56,55,54,53,52,50,48,46,45,46,44,43,43,40,41,42,41,39,37,37,36,34,32,31,30,29,28,0,0,0,0,0,0,0,41,43,44,46,49,52,53,57,58,60,62,62,63,64,64,63,63,60,62,62,63,62,60,61,61,60,61,60
20260804_015555_897cb2,1785805619334962,1349011844,2,2,0,-56,128,0,14,14,14,12,12,11,11,10,9,9,8,8,7,7,7,6,6,6,5,5,4,4,4,4,4,4,0,0,0,0,0,0,0,0,0,0,0,16,17,17,18,18,19,19,20,20,20,20,20,20,19,19,18,19,18,18,17,17,17,16,17,16,15,0,26,25,24,23,21,20,19,18,17,17,15,14,13,13,12,12,10,10,9,8,9,8,7,7,6,6,6,6,0,0,0,0,0,0,0,28,29,29,31,32,34,34,34,35,35,37,37,36,36,35,35,34,35,32,33,32,32,31,30,30,29,28,26
20260804_015555_897cb2,1785805619434201,1349110871,2,2,0,-54,128,0,15,15,14,13,13,12,12,11,11,11,11,10,9,9,9,9,8,8,8,7,6,6,5,5,4,4,0,0,0,0,0,0,0,0,0,0,0,15,16,16,16,17,18,18,18,18,18,18,18,18,18,18,18,18,18,17,17,17,17,16,16,16,16,0,57,53,54,51,49,46,44,42,42,38,38,37,35,35,33,31,29,28,27,25,23,22,19,18,17,17,14,14,0,0,0,0,0,0,0,52,55,56,58,58,63,63,65,68,67,69,69,69,69,69,68,67,64,65,62,65,64,63,64,61,60,60,61
20260804_015555_897cb2,1785805619538260,1349211328,2,2,0,-52,128,0,16,16,16,15,14,14,13,13,12,12,11,11,10,10,10,9,9,9,8,8,7,7,6,6,6,5,0,0,0,0,0,0,0,0,0,0,0,13,14,15,15,16,17,17,18,18,19,19,19,19,19,19,18,18,18,18,18,18,18,18,18,18,17,0,30,30,28,26,26,25,24,23,22,21,20,19,19,18,16,17,16,16,15,15,13,12,12,10,10,9,8,8,0,0,0,0,0,0,0,21,23,24,25,26,28,30,31,32,33,34,34,34,34,34,34,34,34,33,33,32,32,33,33,32,32,32,30
20260804_015555_897cb2,1785805619636963,1349312042,2,2,0,-52,128,0,16,15,15,15,14,14,13,13,12,12,12,11,11,10,10,9,9,9,9,9,8,6,6,6,5,5,0,0,0,0,0,0,0,0,0,0,0,11,12,13,13,14,15,15,17,17,17,17,17,17,17,17,17,17,17,17,17,17,17,17,17,17,17,0,59,59,55,54,51,50,47,45,45,44,43,40,40,38,37,35,34,32,31,28,27,24,23,21,19,17,16,15,0,0,0,0,0,0,0,39,39,42,43,49,50,53,54,58,60,64,64,63,64,63,66,65,65,63,64,62,63,63,65,65,62,64,62
20260804_015555_897cb2,1785805619735896,1349413354,2,2,0,-52,128,0,16,16,15,14,13,12,12,12,11,11,11,10,10,9,9,9,9,8,7,7,6,6,5,5,5,4,0,0,0,0,0,0,0,0,0,0,0,12,12,13,14,15,16,16,17,17,18,17,17,17,17,17,17,17,17,17,17,17,17,17,17,16,16,0,28,27,28,26,24,25,22,22,21,20,19,19,18,18,17,16,15,15,14,13,12,11,10,9,9,8,7,7,0,0,0,0,0,0,0,20,22,22,24,24,26,28,29,29,30,32,32,31,32,33,33,33,31,32,30,31,31,31,32,30,30,31,30
20260804_015555_897cb2,1785805619833254,1349510631,2,2,0,-53,128,0,15,14,14,14,14,13,11,11,11,11,11,10,10,9,9,9,8,8,8,7,6,6,5,5,4,4,0,0,0,0,0,0,0,0,0,0,0,11,11,12,12,13,14,14,15,15,16,16,16,17,16,15,16,16,16,16,16,16,16,16,16,16,16,0,61,57,58,55,52,50,48,46,45,44,42,38,40,38,37,35,33,32,32,26,24,23,21,18,18,16,14,13,0,0,0,0,0,0,0,39,42,43,46,47,51,52,55,59,61,63,63,63,64,64,65,64,64,63,63,63,64,63,64,65,64,64,62
20260804_015555_897cb2,1785805619936825,1349611217,2,2,0,-54,128,0,17,16,16,15,15,14,14,13,13,13,13,12,12,11,11,11,10,10,9,9,9,9,9,8,6,6,0,0,0,0,0,0,0,0,0,0,0,13,13,14,15,16,16,16,16,17,17,18,18,18,17,17,18,17,17,17,17,17,17,17,17,17,17,0,60,60,57,56,53,53,51,49,47,48,44,43,42,42,41,38,39,35,34,33,31,29,28,26,24,21,21,19,0,0,0,0,0,0,0,47,47,50,50,54,53,58,56,60,62,64,66,64,64,65,65,64,66,61,64,61,63,63,66,64,63,63,60
20260804_015555_897cb2,1785805620035281,1349711153,2,2,0,-54,128,0,17,16,15,15,14,14,13,13,13,13,11,11,11,11,11,11,10,9,10,9,9,9,7,7,7,7,0,0,0,0,0,0,0,0,0,0,0,14,14,15,15,16,16,17,18,18,18,18,18,18,18,18,17,17,17,18,18,18,18,17,17,17,17,0,57,57,56,53,50,49,47,47,42,44,43,40,40,35,37,36,37,32,34,32,30,27,28,26,25,22,21,20,0,0,0,0,0,0,0,45,47,48,50,52,55,57,59,62,64,64,65,67,66,65,67,66,65,65,64,64,64,64,64,61,62,62,60
20260804_015555_897cb2,1785805620139221,1349812250,2,2,0,-54,128,0,16,15,15,14,14,13,13,12,12,11,11,10,10,10,9,8,8,8,7,7,6,6,5,5,4,4,0,0,0,0,0,0,0,0,0,0,0,12,12,13,14,14,15,16,16,17,17,17,17,17,17,17,17,17,17,17,17,17,17,17,17,17,16,0,29,29,28,27,25,25,24,23,21,21,20,19,19,18,17,16,16,15,15,14,12,11,11,10,9,7,7,7,0,0,0,0,0,0,0,20,21,22,23,25,26,27,28,30,30,31,33,33,34,34,33,32,32,32,32,32,32,32,33,32,32,32,31
20260804_015555_897cb2,1785805620237415,1349911078,2,2,0,-56,128,0,16,15,15,15,14,14,13,13,12,12,12,11,11,11,11,11,10,10,10,9,9,8,8,7,7,8,0,0,0,0,0,0,0,0,0,0,0,11,11,12,13,13,14,15,16,16,17,16,17,17,17,16,17,16,16,16,16,17,17,17,16,17,16,0,30,28,28,27,26,26,25,24,22,23,22,22,21,20,20,21,19,19,18,18,17,15,15,15,14,13,12,13,0,0,0,0,0,0,0,17,19,20,20,22,24,25,26,27,29,29,30,31,31,31,31,30,30,30,30,30,31,31,29,30,31,30,31
20260804_015555_897cb2,1785805620342456,1350013864,2,2,0,-57,128,0,16,16,16,15,15,15,15,14,13,13,13,13,13,13,13,13,13,13,13,12,12,12,12,11,11,11,0,0,0,0,0,0,0,0,0,0,0,10,10,11,11,12,12,13,14,14,15,15,15,15,15,15,15,15,15,15,15,16,16,15,16,16,16,0,61,60,59,59,56,57,56,51,51,51,49,50,50,50,49,48,48,48,47,46,45,44,43,41,40,40,39,37,0,0,0,0,0,0,0,33,33,35,35,40,41,44,46,48,49,51,56,55,55,58,54,56,57,54,57,56,57,59,61,58,60,61,61
20260804_015555_897cb2,1785805620440648,1350112946,2,2,0,-52,128,0,15,15,14,14,14,14,13,13,13,13,12,12,11,11,11,11,11,11,11,11,11,9,9,8,8,8,0,0,0,0,0,0,0,0,0,0,0,11,11,11,12,13,13,13,14,14,15,15,15,15,15,15,16,15,16,15,16,15,16,16,16,16,16,0,61,60,59,59,55,54,53,52,51,50,49,48,47,47,46,46,44,44,43,41,41,38,38,34,33,33,32,31,0,0,0,0,0,0,0,36,39,40,44,45,48,51,52,55,57,59,60,61,60,60,60,60,62,61,61,61,62,62,63,62,61,64,62
20260804_015555_897cb2,1785805620538895,1350211103,2,2,0,-53,128,0,15,15,15,15,15,15,14,14,14,14,14,14,13,13,13,13,13,13,14,13,13,12,12,12,11,10,0,0,0,0,0,0,0,0,0,0,0,9,10,11,11,11,11,12,12,13,13,14,13,14,14,14,14,14,14,14,14,14,15,15,15,15,16,0,59,60,58,57,55,55,55,54,54,55,54,53,52,52,54,53,53,51,52,49,50,48,46,44,44,41,40,39,0,0,0,0,0,0,0,33,33,36,38,38,40,44,44,47,49,49,52,51,52,51,54,51,54,53,55,53,56,56,57,59,58,60,59
20260804_015555_897cb2,1785805620637252,1350310699,2,2,0,-53,128,0,15,15,15,15,15,15,14,14,14,14,15,15,14,14,15,15,15,15,15,14,14,14,14,13,13,12,0,0,0,0,0,0,0,0,0,0,0,10,10,11,11,12,11,12,12,12,13,13,13,13,13,13,13,12,13,14,14,14,14,14,15,15,15,0,57,58,57,56,56,54,54,55,55,55,55,54,56,55,56,55,56,55,55,56,52,54,51,49,49,50,46,44,0,0,0,0,0,0,0,34,35,37,39,41,42,44,44,47,48,50,50,49,52,50,52,51,52,50,50,51,52,54,54,55,55,57,57
20260804_015555_897cb2,1785805620735841,1350411143,2,2,0,-51,128,0,15,15,15,15,15,14,14,14,14,14,15,15,15,15,15,15,15,15,15,15,15,14,13,13,12,12,0,0,0,0,0,0,0,0,0,0,0,10,11,11,12,12,13,13,14,14,14,14,15,15,14,14,15,14,15,15,15,15,15,15,15,15,15,0,55,56,55,55,54,53,53,52,52,52,53,52,52,53,53,54,54,54,54,54,50,50,49,49,47,46,44,42,0,0,0,0,0,0,0,35,36,38,40,42,44,46,48,49,49,52,51,53,53,54,53,53,53,53,53,54,55,55,55,55,55,56,57
20260804_015555_897cb2,1785805620834161,1350511063,2,2,0,-53,128,0,15,15,15,15,14,14,14,14,14,14,14,14,14,14,14,14,14,14,14,14,13,13,13,13,11,11,0,0,0,0,0,0,0,0,0,0,0,8,9,9,10,10,10,10,11,11,11,11,12,12,12,12,12,12,12,12,13,13,14,14,14,15,15,0,58,59,59,59,57,56,56,55,54,56,54,55,55,56,56,56,58,53,57,55,54,52,51,49,49,48,45,45,0,0,0,0,0,0,0,28,30,32,34,36,38,41,41,43,45,47,48,47,49,49,51,50,51,50,53,51,53,55,55,56,56,58,58
20260804_015555_897cb2,1785805620937837,1350612141,2,2,0,-52,128,0,16,16,16,16,15,15,15,15,15,15,15,15,15,15,16,15,16,15,15,15,15,15,14,14,13,13,0,0,0,0,0,0,0,0,0,0,0,9,9,10,11,11,11,12,12,13,13,13,13,14,14,13,14,14,14,14,14,15,15,15,16,16,15,0,58,60,58,59,56,58,57,55,55,56,55,56,56,56,58,57,58,56,58,56,55,55,52,52,51,50,47,47,0,0,0,0,0,0,0,31,32,33,34,37,39,41,41,44,46,47,48,49,48,51,52,51,51,50,52,53,54,54,55,55,57,57,58
20260804_015555_897cb2,1785805621036480,1350712235,2,2,0,-55,128,0,14,13,14,14,14,13,14,14,14,14,14,14,14,14,15,15,15,15,15,15,15,15,14,14,13,13,0,0,0,0,0,0,0,0,0,0,0,8,9,9,10,10,10,11,11,12,12,12,12,12,12,12,12,12,12,13,12,13,13,13,13,14,14,0,56,56,52,56,56,53,54,52,54,57,56,55,56,57,56,59,58,58,59,57,58,57,54,53,53,52,50,51,0,0,0,0,0,0,0,31,33,33,36,36,39,41,40,43,43,46,45,47,47,47,46,48,48,49,48,49,49,51,50,52,52,55,52
20260804_015555_897cb2,1785805621140673,1350815135,2,2,0,-56,128,0,14,15,15,14,15,14,14,14,14,14,14,14,14,14,14,14,14,14,14,14,14,13,13,12,12,12,0,0,0,0,0,0,0,0,0,0,0,12,12,13,13,13,14,15,15,15,15,15,15,15,15,15,15,15,14,15,14,14,14,14,15,15,15,0,53,57,55,54,52,53,52,52,51,51,52,51,51,50,52,51,52,52,51,50,50,49,48,46,44,43,41,40,0,0,0,0,0,0,0,43,43,44,46,48,50,51,52,52,53,54,55,54,55,55,55,53,55,52,53,54,54,55,53,53,55,55,54
20260804_015555_897cb2,1785805621238575,1350910857,2,2,0,-55,128,0,16,14,16,15,14,15,15,15,15,13,14,14,14,14,15,16,15,13,15,16,15,14,14,13,13,13,0,0,0,0,0,0,0,0,0,0,0,10,10,10,11,11,12,12,12,13,13,13,14,14,14,14,13,14,13,14,14,14,14,14,15,15,15,0,28,27,27,28,26,26,26,25,27,25,25,26,26,26,25,25,28,27,24,26,26,27,26,25,23,26,23,22,0,0,0,0,0,0,0,16,17,18,18,19,20,21,22,22,23,24,23,23,24,25,25,24,25,24,26,26,25,25,26,26,27,27,28
20260804_015555_897cb2,1785805621336325,1351011538,2,2,0,-55,128,0,16,16,16,15,15,15,15,14,14,14,14,14,14,14,14,14,14,14,14,14,13,13,13,12,12,12,0,0,0,0,0,0,0,0,0,0,0,11,12,12,13,13,13,15,15,15,16,15,16,15,15,15,16,16,15,16,16,16,16,15,16,16,15,0,58,58,58,55,55,55,53,52,52,52,51,51,51,53,51,52,51,52,49,50,49,47,46,44,45,43,41,42,0,0,0,0,0,0,0,38,39,41,42,44,46,48,47,50,52,54,56,53,55,54,56,55,56,56,55,56,55,56,56,55,56,58,55
20260804_015555_897cb2,1785805621451903,1351125069,2,2,0,-56,128,0,15,15,15,14,14,14,14,14,14,13,13,13,13,13,13,13,13,13,13,13,13,13,12,12,12,12,0,0,0,0,0,0,0,0,0,0,0,12,13,13,13,14,14,14,15,15,15,15,16,16,16,15,14,15,14,15,15,15,15,15,15,15,15,0,56,56,54,52,53,52,51,52,50,49,49,51,50,50,48,48,49,49,49,50,46,46,46,44,43,42,41,40,0,0,0,0,0,0,0,44,45,45,47,47,51,52,52,54,55,56,58,56,57,57,58,54,55,57,55,54,55,55,56,55,57,55,55
20260804_015555_897cb2,1785805621539001,1351214039,2,2,0,-52,128,0,16,16,15,15,15,15,14,14,14,14,15,14,14,14,14,14,14,15,15,13,14,13,13,12,12,12,0,0,0,0,0,0,0,0,0,0,0,12,13,13,14,14,14,14,15,15,15,15,15,16,15,15,15,16,15,15,15,16,16,16,16,16,16,0,58,58,57,55,54,56,52,54,50,51,54,52,52,53,51,53,52,50,52,51,49,48,46,44,44,43,41,39,0,0,0,0,0,0,0,41,42,44,45,47,50,50,51,53,55,55,56,55,56,55,56,56,56,55,54,56,56,57,56,57,56,58,58
20260804_015555_897cb2,1785805621636243,1351312486,2,2,0,-57,128,0,15,15,14,15,13,14,14,13,14,13,14,13,14,13,14,14,14,14,14,13,13,13,12,12,13,12,0,0,0,0,0,0,0,0,0,0,0,11,11,12,12,12,13,13,13,13,13,14,14,13,13,13,14,13,14,12,13,13,14,14,14,14,14,0,57,54,54,54,54,54,53,51,53,53,52,51,50,55,54,53,50,49,52,53,50,51,49,45,45,46,41,44,0,0,0,0,0,0,0,41,41,42,43,42,46,45,47,47,48,51,49,48,53,51,52,49,50,52,55,53,52,55,53,51,55,53,52
20260804_015555_897cb2,1785805621739899,1351411635,2,2,0,-57,128,0,13,13,13,13,12,12,12,12,12,12,12,12,12,12,13,13,13,12,13,12,12,12,12,11,11,11,0,0,0,0,0,0,0,0,0,0,0,14,15,15,15,15,16,16,15,16,16,16,15,15,14,14,14,14,14,13,13,14,13,13,13,13,13,0,25,23,24,23,24,23,24,22,23,24,23,23,23,24,24,25,23,24,24,23,24,22,21,21,21,20,19,19,0,0,0,0,0,0,0,25,27,27,28,27,29,28,29,28,29,29,28,29,28,27,27,26,26,26,25,25,25,25,25,25,25,24,24
20260804_015555_897cb2,1785805621838052,1351511182,2,2,0,-53,128,0,14,15,14,14,13,13,14,13,12,13,13,13,13,12,13,12,12,11,11,11,11,10,10,10,10,9,0,0,0,0,0,0,0,0,0,0,0,11,11,12,12,13,13,13,13,14,14,14,14,14,14,14,14,13,14,13,13,13,14,14,15,15,15,0,57,59,56,58,53,54,53,51,52,52,51,50,49,48,52,49,49,47,47,46,45,42,42,38,38,35,37,34,0,0,0,0,0,0,0,43,44,44,45,48,48,51,51,52,53,55,56,56,56,56,52,55,55,53,55,54,57,55,55,58,59,59,56
20260804_015555_897cb2,1785805621936521,1351610888,2,2,0,-52,128,0,16,16,16,16,16,16,15,14,15,15,15,13,13,13,14,14,13,13,13,13,13,12,12,11,11,10,0,0,0,0,0,0,0,0,0,0,0,10,10,11,11,11,13,13,13,13,13,14,14,14,14,14,15,15,15,15,16,16,15,16,16,16,16,0,61,58,60,58,59,57,55,55,55,55,55,53,52,52,51,53,50,52,50,48,48,45,43,42,40,41,37,35,0,0,0,0,0,0,0,35,36,38,40,40,43,44,47,49,50,50,52,54,54,53,54,54,54,56,54,57,57,57,57,57,60,61,60
20260804_015555_897cb2,1785805622035696,1351711006,2,2,0,-51,128,0,15,16,15,15,14,15,14,14,14,15,15,15,14,15,15,15,15,15,15,14,14,14,14,13,13,12,0,0,0,0,0,0,0,0,0,0,0,10,10,11,11,12,11,12,14,14,14,14,14,14,14,14,14,14,15,14,15,14,16,15,15,15,15,0,57,58,57,58,56,56,55,55,55,55,55,54,53,55,55,55,55,54,54,54,52,50,50,47,47,46,43,44,0,0,0,0,0,0,0,34,36,37,39,41,42,44,45,47,49,50,50,51,52,52,52,51,53,53,53,53,54,55,56,57,57,58,58
20260804_015555_897cb2,1785805622139727,1351811054,2,2,0,-49,128,0,16,16,16,16,16,16,14,14,14,15,15,14,14,14,15,15,15,15,15,14,14,14,13,12,12,12,0,0,0,0,0,0,0,0,0,0,0,10,11,11,12,12,13,13,13,14,15,15,14,15,15,15,15,15,15,15,16,16,16,16,16,16,16,0,59,59,58,57,56,56,54,54,55,53,54,51,54,54,53,54,52,54,55,52,51,50,48,45,47,45,41,42,0,0,0,0,0,0,0,34,35,38,40,41,43,45,47,49,50,53,52,52,54,52,53,54,54,56,54,55,55,56,60,57,55,59,59
20260804_015555_897cb2,1785805622236665,1351910613,2,2,0,-51,128,0,15,16,15,15,15,15,15,15,15,14,15,15,15,15,15,16,16,16,16,16,15,15,14,13,13,13,0,0,0,0,0,0,0,0,0,0,0,7,8,8,8,9,9,9,11,11,11,11,11,11,12,12,13,13,13,13,13,14,14,14,15,15,15,0,59,61,58,59,57,57,57,57,57,59,58,58,58,59,59,59,60,59,59,59,57,57,54,52,50,51,49,48,0,0,0,0,0,0,0,26,27,28,30,32,32,34,35,37,39,41,42,43,44,45,47,47,47,48,50,50,51,53,55,56,56,56,58
20260804_015555_897cb2,1785805622335684,1352011653,2,2,0,-49,128,0,17,17,17,17,16,15,15,15,15,16,16,16,16,16,16,16,16,16,16,16,16,15,15,14,14,13,0,0,0,0,0,0,0,0,0,0,0,8,9,9,10,11,11,11,11,11,12,13,13,13,13,13,13,13,14,14,14,14,15,15,15,17,15,0,57,60,59,59,56,58,57,56,55,56,57,56,57,55,57,57,58,59,59,57,55,55,52,52,50,48,48,47,0,0,0,0,0,0,0,27,28,27,29,33,35,37,36,40,43,42,46,46,47,48,49,48,50,51,51,52,54,55,55,55,57,57,58
20260804_015555_897cb2,1785805622439148,1352113033,2,2,0,-50,128,0,15,15,15,15,15,15,16,16,15,15,16,15,16,16,16,16,16,16,16,16,16,15,14,14,14,13,0,0,0,0,0,0,0,0,0,0,0,6,6,6,7,7,8,8,9,9,10,10,10,11,11,11,12,12,12,13,13,13,13,14,14,14,15,0,59,60,60,62,59,60,58,60,60,59,59,58,62,61,61,61,63,63,62,62,59,59,58,56,54,51,50,48,0,0,0,0,0,0,0,20,23,23,25,27,26,30,31,32,35,37,39,39,41,43,45,45,46,47,48,47,50,50,54,53,56,61,59
20260804_015555_897cb2,1785805622537606,1352210891,2,2,0,-52,128,0,14,14,14,14,14,14,14,14,14,14,14,14,14,15,15,15,15,15,15,15,16,15,15,14,14,14,0,0,0,0,0,0,0,0,0,0,0,4,4,5,5,6,6,6,7,8,9,9,9,9,9,10,10,11,11,11,13,12,13,13,13,14,14,0,58,59,60,60,60,60,59,59,58,61,61,61,61,61,62,64,64,65,65,64,63,62,60,59,57,56,56,55,0,0,0,0,0,0,0,18,18,18,19,22,23,25,25,28,30,32,35,36,38,39,40,41,44,44,46,47,50,53,51,54,54,56,56
20260804_015555_897cb2,1785805622638766,1352311426,2,2,0,-51,128,0,14,14,14,14,14,14,14,14,15,15,15,15,16,16,16,16,16,16,16,16,16,15,14,14,14,14,0,0,0,0,0,0,0,0,0,0,0,6,6,6,7,7,8,9,9,9,9,9,11,11,11,11,11,12,12,12,12,13,14,13,14,14,14,0,58,58,58,58,57,58,57,57,58,58,59,58,60,60,60,62,62,62,62,62,61,59,58,56,56,56,52,51,0,0,0,0,0,0,0,23,23,24,25,26,29,29,31,34,34,36,37,38,40,42,42,44,45,47,47,47,49,51,52,52,54,57,56
20260804_015555_897cb2,1785805622736673,1352411744,2,2,0,-52,128,0,15,16,15,16,15,15,16,15,15,15,15,15,16,16,17,17,17,17,17,17,16,16,16,16,15,15,0,0,0,0,0,0,0,0,0,0,0,4,4,5,5,6,6,6,8,8,8,9,9,9,10,11,11,11,12,12,13,13,13,14,13,14,14,0,59,59,59,60,58,60,59,59,60,61,61,59,61,60,64,64,65,64,65,64,64,61,62,58,57,55,56,54,0,0,0,0,0,0,0,14,15,17,18,20,19,22,25,27,29,31,34,35,36,39,39,39,43,42,46,47,49,50,50,54,54,55,56
20260804_015555_897cb2,1785805622836638,1352511631,2,2,0,-51,128,0,14,15,15,15,15,14,14,14,15,15,15,15,15,15,16,16,16,16,16,16,16,15,14,14,13,13,0,0,0,0,0,0,0,0,0,0,0,7,7,8,8,9,9,9,9,9,10,10,10,11,11,11,11,11,12,12,12,13,13,13,15,15,15,0,60,59,58,60,58,58,58,56,59,57,60,59,58,59,58,60,60,62,61,61,59,59,56,55,57,53,51,50,0,0,0,0,0,0,0,24,24,26,25,27,30,31,32,35,36,40,38,40,41,41,44,44,45,46,47,49,52,51,54,54,56,56,57
20260804_015555_897cb2,1785805622934610,1352611062,2,2,0,-51,128,0,15,15,15,15,15,15,15,15,15,15,16,16,16,16,16,16,16,16,17,16,16,16,15,16,15,15,0,0,0,0,0,0,0,0,0,0,0,7,7,7,8,8,9,9,9,9,10,10,10,11,11,11,11,12,12,12,12,13,13,13,14,14,15,0,29,30,29,30,29,29,29,29,30,31,30,31,31,31,33,32,34,33,33,32,32,31,31,31,30,29,28,28,0,0,0,0,0,0,0,12,13,13,14,14,15,16,16,17,18,18,19,19,20,20,21,21,22,23,24,23,25,25,26,27,27,28,29
20260804_015555_897cb2,1785805623032691,1352710615,2,2,0,-51,128,0,14,15,15,15,15,14,14,14,14,14,15,15,15,15,15,16,16,16,16,15,15,15,15,15,15,14,0,0,0,0,0,0,0,0,0,0,0,5,5,5,6,6,6,7,7,8,8,8,9,9,9,9,10,10,10,11,12,12,12,12,13,13,13,0,28,28,29,28,28,28,28,28,28,29,29,30,30,31,29,32,31,32,31,31,31,29,29,28,29,28,26,26,0,0,0,0,0,0,0,9,9,10,10,11,13,13,14,14,15,16,17,17,18,18,19,20,19,21,20,23,23,24,25,25,26,27,27
20260804_015555_897cb2,1785805623135863,1352811634,2,2,0,-53,128,0,14,14,14,14,14,15,15,15,15,15,15,15,16,16,16,16,16,16,16,16,16,16,16,15,15,15,0,0,0,0,0,0,0,0,0,0,0,2,2,3,3,4,4,4,5,6,6,7,7,8,8,9,9,9,10,10,11,11,12,12,13,13,13,0,59,59,62,59,62,62,62,61,61,62,63,63,63,65,65,69,66,69,70,68,66,65,63,63,63,61,58,59,0,0,0,0,0,0,0,9,9,11,13,13,15,17,19,21,24,27,28,29,33,34,37,39,39,41,41,46,49,47,50,51,53,57,58
20260804_015555_897cb2,1785805623234298,1352912156,2,2,0,-55,128,0,14,14,14,14,14,14,15,14,15,15,15,15,15,16,16,17,16,17,17,17,17,16,16,16,15,15,0,0,0,0,0,0,0,0,0,0,0,1,1,1,1,2,2,3,4,5,5,6,6,7,7,8,8,9,9,10,10,11,11,12,12,13,13,0,30,29,30,31,30,29,30,30,31,32,32,32,32,33,34,34,35,34,35,35,34,34,33,32,32,31,31,30,0,0,0,0,0,0,0,2,2,1,3,4,4,5,6,7,9,10,11,12,13,14,16,16,18,19,20,20,21,22,24,25,25,27,28
20260804_015555_897cb2,1785805623337281,1353011476,2,2,0,-55,128,0,17,16,16,16,16,17,17,17,17,17,17,17,18,17,19,19,19,19,19,19,19,19,19,18,17,17,0,0,0,0,0,0,0,0,0,0,0,4,5,5,5,6,6,6,8,8,8,9,8,8,10,10,11,11,11,11,12,13,13,14,14,15,15,0,27,29,30,29,31,31,29,31,31,30,33,30,30,30,34,34,32,33,34,34,35,33,32,32,32,30,30,30,0,0,0,0,0,0,0,7,7,8,8,9,10,10,11,12,13,13,16,16,16,17,17,18,19,18,21,22,22,22,23,25,26,26,27
20260804_015555_897cb2,1785805623435731,1353111442,2,2,0,-56,128,0,14,15,15,15,15,16,15,15,15,15,16,16,16,17,17,17,18,18,18,18,18,18,18,17,17,17,0,0,0,0,0,0,0,0,0,0,0,4,4,5,5,6,6,7,8,8,9,9,9,9,10,10,10,11,11,11,11,12,12,12,13,13,13,0,28,29,28,29,29,30,30,30,31,31,32,32,32,32,33,33,35,35,35,35,35,34,34,34,33,34,32,32,0,0,0,0,0,0,0,7,8,9,10,10,11,12,12,13,14,16,17,17,17,19,19,20,20,20,21,21,24,24,24,24,25,26,27
20260804_015555_897cb2,1785805623533644,1353210649,2,2,0,-57,128,0,11,12,11,11,10,10,9,9,9,10,10,10,10,10,11,11,11,12,12,12,13,12,12,13,13,14,0,0,0,0,0,0,0,0,0,0,0,16,16,17,17,18,19,19,20,20,20,20,19,19,18,18,18,17,16,16,15,16,14,14,13,13,13,0,20,21,19,18,17,18,17,18,16,18,18,18,18,19,20,20,21,22,22,22,22,22,22,23,24,23,22,23,0,0,0,0,0,0,0,26,28,28,30,30,33,34,35,34,36,36,36,36,36,34,32,32,30,30,29,28,29,26,25,25,24,24,23
20260804_015555_897cb2,1785805623632317,1353310996,2,2,0,-52,128,0,13,13,12,11,11,10,8,8,8,8,7,6,6,6,5,4,4,4,4,3,3,2,1,1,1,1,0,0,0,0,0,0,0,0,0,0,0,16,17,17,18,19,20,20,21,21,20,21,20,20,20,20,19,18,18,17,17,17,17,16,16,15,15,0,24,24,23,20,19,18,17,15,14,14,12,11,11,10,9,9,8,7,6,5,4,4,4,4,3,3,2,2,0,0,0,0,0,0,0,26,28,30,31,33,34,35,36,38,38,39,38,37,38,37,36,37,34,34,33,32,31,30,30,29,28,28,27
20260804_015555_897cb2,1785805623736558,1353411055,2,2,0,-50,128,0,13,13,11,11,11,10,9,9,8,7,7,7,6,5,6,5,5,4,4,4,3,3,2,2,2,2,0,0,0,0,0,0,0,0,0,0,0,15,16,16,18,18,19,19,20,19,19,20,19,19,19,18,18,18,17,16,16,16,16,16,16,15,15,0,25,24,22,23,20,19,17,16,16,14,14,13,12,12,12,10,9,9,8,8,6,6,5,5,4,3,3,2,0,0,0,0,0,0,0,26,28,29,29,32,33,33,35,36,37,37,37,37,37,36,35,33,34,32,32,31,31,31,31,29,29,28,27
20260804_015555_897cb2,1785805623834547,1353510714,2,2,0,-48,128,0,16,16,16,16,15,14,13,13,12,12,12,11,10,10,11,9,9,10,9,9,7,7,7,6,6,6,0,0,0,0,0,0,0,0,0,0,0,16,16,17,18,19,18,19,20,20,20,20,20,20,19,19,19,19,19,18,18,18,18,18,17,17,17,0,27,27,27,25,24,23,22,22,21,21,19,19,18,18,17,16,16,15,15,14,13,12,12,11,11,9,8,9,0,0,0,0,0,0,0,24,26,27,27,29,30,31,34,32,33,35,33,34,34,32,34,33,32,32,32,32,31,31,31,30,30,29,30
20260804_015555_897cb2,1785805623933228,1353610619,2,2,0,-47,128,0,16,15,15,14,13,14,13,12,12,12,11,10,10,11,10,10,10,9,9,9,8,8,7,7,7,7,0,0,0,0,0,0,0,0,0,0,0,16,16,17,18,19,19,19,20,20,20,20,20,20,20,19,19,19,18,18,18,17,18,17,17,17,17,0,27,25,25,24,24,22,21,20,20,19,19,18,17,17,17,17,16,16,15,14,14,13,13,12,12,11,10,10,0,0,0,0,0,0,0,25,26,28,28,29,31,32,33,34,34,35,35,35,35,34,34,33,33,33,31,32,31,31,30,30,29,29,29
20260804_015555_897cb2,1785805624038603,1353714227,2,2,0,-46,128,0,15,14,14,13,13,12,12,12,12,11,11,11,10,10,10,10,9,9,9,8,8,8,8,7,7,7,0,0,0,0,0,0,0,0,0,0,0,15,15,16,16,17,18,18,18,19,19,19,19,18,18,17,17,17,17,17,17,17,17,17,16,16,16,0,27,27,26,24,23,23,21,21,20,21,20,18,19,18,17,17,18,16,17,16,15,14,13,13,13,12,11,11,0,0,0,0,0,0,0,24,27,28,28,30,31,32,32,34,34,36,36,35,35,34,34,33,33,32,32,31,31,32,31,30,30,30,29
20260804_015555_897cb2,1785805624137637,1353810717,2,2,0,-46,128,0,13,13,12,12,11,11,10,10,9,9,9,9,9,8,8,8,9,7,7,7,6,6,6,6,5,5,0,0,0,0,0,0,0,0,0,0,0,14,14,15,15,16,16,17,17,18,18,17,17,17,16,16,16,16,16,15,15,15,15,15,14,14,14,0,25,25,24,23,22,21,20,20,19,19,18,17,17,17,17,16,15,14,14,13,14,12,13,11,11,10,9,9,0,0,0,0,0,0,0,25,26,27,28,30,30,31,32,33,34,35,34,33,33,33,33,32,32,31,30,30,30,30,30,29,29,28,27
20260804_015555_897cb2,1785805624236287,1353911415,2,2,0,-46,128,0,16,16,16,15,14,13,13,13,13,12,12,12,11,11,11,11,10,10,10,9,9,8,8,7,6,7,0,0,0,0,0,0,0,0,0,0,0,16,16,17,18,18,18,19,20,20,21,20,20,20,19,19,19,19,19,18,18,18,18,18,18,18,17,0,54,56,52,50,47,45,45,43,42,42,40,38,38,37,36,35,33,33,30,30,30,26,25,23,22,21,20,18,0,0,0,0,0,0,0,51,52,52,55,58,60,63,62,66,67,69,70,68,66,66,66,63,64,63,63,62,62,60,61,60,60,59,57
20260804_015555_897cb2,1785805624334403,1354011763,2,2,0,-46,128,0,16,15,15,14,13,13,13,12,11,11,11,10,10,10,10,10,9,9,9,8,8,8,7,7,7,6,0,0,0,0,0,0,0,0,0,0,0,15,16,16,17,18,18,20,19,19,19,20,20,19,19,19,19,18,18,17,18,17,17,17,17,17,17,0,26,26,25,24,23,22,21,20,20,20,18,17,18,18,17,17,16,16,15,15,14,14,13,12,11,11,10,9,0,0,0,0,0,0,0,24,26,26,28,29,30,31,32,34,34,35,34,33,33,34,33,33,32,31,31,31,30,30,30,29,29,27,29
20260804_015555_897cb2,1785805624438165,1354111213,2,2,0,-48,128,0,14,14,14,12,12,12,12,11,10,10,10,9,9,9,9,9,9,8,8,7,7,7,6,6,6,6,0,0,0,0,0,0,0,0,0,0,0,14,15,15,16,17,17,18,19,18,19,19,18,18,18,18,17,17,17,17,16,16,16,16,15,15,15,0,27,25,25,23,23,23,21,20,19,19,18,18,17,17,16,16,15,14,14,13,13,13,12,12,9,11,10,10,0,0,0,0,0,0,0,24,26,26,28,29,31,31,33,33,34,35,35,34,35,34,34,34,32,33,31,32,30,30,30,28,28,29,28
20260804_015555_897cb2,1785805624536112,1354211268,2,2,0,-49,128,0,15,14,13,13,12,11,11,11,10,10,9,8,8,8,8,8,7,7,6,6,5,5,5,5,4,4,0,0,0,0,0,0,0,0,0,0,0,16,16,18,18,19,19,19,20,20,21,20,20,20,19,19,18,18,18,17,17,17,17,17,16,16,15,0,26,25,23,23,21,21,20,19,17,18,16,15,14,14,14,13,13,11,11,10,10,9,9,8,8,7,6,6,0,0,0,0,0,0,0,25,27,28,29,31,31,34,33,35,36,36,36,34,35,34,34,33,33,31,32,30,30,30,30,30,28,28,27
20260804_015555_897cb2,1785805624642096,1354315390,2,2,0,-49,128,0,16,15,14,14,13,12,11,11,11,11,10,9,9,8,8,8,8,8,8,7,6,6,6,6,5,5,0,0,0,0,0,0,0,0,0,0,0,17,18,19,20,21,20,21,22,22,22,22,22,21,21,20,20,19,19,19,18,18,18,17,17,17,17,0,26,26,25,23,22,20,20,18,18,18,17,16,16,14,14,13,13,12,12,11,11,10,10,9,9,9,8,8,0,0,0,0,0,0,0,28,29,30,32,33,34,35,36,38,37,37,39,37,38,36,36,35,35,34,32,32,31,32,32,30,30,30,28
20260804_015555_897cb2,1785805624738791,1354413784,2,2,0,-48,128,0,15,15,13,14,13,12,12,11,10,10,10,9,9,9,9,9,9,9,9,9,8,8,8,7,7,7,0,0,0,0,0,0,0,0,0,0,0,17,18,19,19,20,21,21,21,21,22,22,21,21,21,20,20,18,19,18,18,18,18,17,17,17,16,0,25,24,24,24,22,21,20,19,18,17,17,16,15,16,16,15,15,15,15,15,14,13,12,12,13,13,12,12,0,0,0,0,0,0,0,27,28,29,29,32,33,33,34,36,35,35,36,36,35,34,34,33,33,32,31,31,31,30,30,29,30,28,27
20260804_015555_897cb2,1785805624835736,1354510996,2,2,0,-47,128,0,16,16,15,15,14,13,13,13,12,13,12,11,11,11,11,11,11,11,11,10,10,9,9,9,8,8,0,0,0,0,0,0,0,0,0,0,0,16,16,17,18,18,18,19,19,20,20,19,19,19,19,18,18,18,18,18,17,17,17,17,17,17,17,0,53,54,50,49,48,46,45,42,41,42,40,39,40,38,37,37,35,36,35,33,31,32,31,28,27,25,25,23,0,0,0,0,0,0,0,48,52,53,55,57,60,62,62,64,65,66,66,65,64,63,64,62,61,60,60,58,61,59,59,58,54,57,54
20260804_015555_897cb2,1785805624939636,1354611026,2,2,0,-46,128,0,16,16,16,15,15,14,14,13,13,12,12,12,13,12,12,12,11,11,11,10,10,9,9,9,8,8,0,0,0,0,0,0,0,0,0,0,0,14,15,14,15,16,17,17,18,18,17,17,17,17,17,17,17,17,16,16,16,17,16,16,17,17,17,0,29,28,28,26,26,25,24,24,23,22,22,22,21,22,21,21,21,20,19,18,18,17,17,16,16,15,14,13,0,0,0,0,0,0,0,22,24,25,26,26,28,29,29,31,32,32,32,31,31,31,32,31,30,31,30,31,30,31,31,30,29,30,29
20260804_015555_897cb2,1785805625033163,1354710648,2,2,0,-49,128,0,16,15,15,14,14,13,12,12,11,11,11,10,10,10,10,10,9,9,9,8,8,8,8,7,7,6,0,0,0,0,0,0,0,0,0,0,0,14,15,15,16,17,17,18,18,18,19,19,18,18,18,18,17,18,17,17,17,16,17,17,16,16,16,0,28,26,25,25,24,24,21,21,20,21,19,19,19,18,17,17,16,16,16,15,14,14,12,12,12,12,10,10,0,0,0,0,0,0,0,23,25,25,27,27,27,29,31,31,31,33,32,32,32,32,32,32,31,31,31,30,29,29,29,28,29,28,27
20260804_015555_897cb2,1785805625137355,1354810801,2,2,0,-49,128,0,17,16,16,16,15,13,14,12,13,13,11,11,11,11,11,11,10,9,9,10,9,8,8,7,7,7,0,0,0,0,0,0,0,0,0,0,0,17,17,17,18,19,20,20,21,21,21,21,21,20,20,20,19,19,19,18,18,18,18,17,17,17,17,0,28,27,26,25,24,24,23,22,21,21,19,19,19,18,18,17,16,17,15,15,15,13,12,12,12,11,10,9,0,0,0,0,0,0,0,27,27,28,30,31,32,33,34,34,35,35,35,35,35,36,34,33,33,33,31,32,31,32,31,30,30,29,30
20260804_015555_897cb2,1785805625236493,1354912023,2,2,0,-49,128,0,16,15,14,13,13,13,12,11,10,10,10,9,9,9,9,9,8,7,7,7,6,6,5,5,5,5,0,0,0,0,0,0,0,0,0,0,0,15,17,17,17,18,19,19,20,20,20,20,20,20,19,19,18,18,18,18,18,18,17,17,18,17,16,0,54,51,50,47,47,43,41,38,39,38,35,34,32,33,31,29,28,28,26,22,22,23,20,19,18,16,15,16,0,0,0,0,0,0,0,49,53,53,59,57,62,63,64,69,67,69,67,67,69,67,67,67,64,65,62,62,62,60,62,58,59,60,56
20260804_015555_897cb2,1785805625340599,1355013123,2,2,0,-49,128,0,15,15,14,14,13,13,13,11,11,11,10,10,10,10,10,9,9,9,8,8,8,7,7,6,6,6,0,0,0,0,0,0,0,0,0,0,0,16,16,16,17,17,18,19,20,20,20,19,19,19,19,18,18,17,17,17,17,17,17,17,17,16,17,0,27,27,26,25,24,23,21,21,19,20,19,18,18,17,17,16,17,15,15,15,14,13,12,12,10,10,10,8,0,0,0,0,0,0,0,26,26,27,29,31,31,33,32,34,35,35,35,34,35,34,34,32,33,31,32,30,31,31,30,30,29,28,28
20260804_015555_897cb2,1785805625460380,1355133959,2,2,0,-50,128,0,15,14,13,14,12,12,11,11,10,10,9,8,8,8,8,7,7,7,6,6,6,5,5,4,4,3,0,0,0,0,0,0,0,0,0,0,0,16,17,18,18,19,19,20,20,20,20,20,20,19,19,19,19,18,18,18,18,17,17,17,17,16,16,0,26,25,22,24,22,21,20,20,17,17,17,16,15,13,14,13,13,12,12,9,10,9,8,8,8,6,6,5,0,0,0,0,0,0,0,26,27,28,29,31,32,33,32,34,35,35,36,35,34,34,33,32,33,32,33,31,30,30,29,29,29,28,27
20260804_015555_897cb2,1785805625564945,1355241899,2,2,0,-50,128,0,13,13,12,12,11,10,10,9,9,8,7,7,6,6,6,6,6,4,4,3,3,3,2,1,1,1,0,0,0,0,0,0,0,0,0,0,0,16,16,17,18,18,19,19,19,19,19,19,19,19,18,18,17,17,16,16,16,16,16,15,15,15,15,0,26,25,23,22,21,20,19,17,16,15,14,13,13,11,11,10,10,8,8,7,6,6,4,4,2,2,2,1,0,0,0,0,0,0,0,26,28,30,30,31,33,34,34,36,36,37,37,36,34,34,35,33,35,32,32,31,31,31,30,29,27,28,27
20260804_015555_897cb2,1785805625633509,1355311014,2,2,0,-49,128,0,13,13,12,12,11,11,10,9,9,9,8,8,8,7,7,6,5,5,4,4,4,3,3,2,2,2,0,0,0,0,0,0,0,0,0,0,0,14,15,16,16,17,18,18,18,19,19,18,18,18,18,17,17,17,16,16,16,16,16,16,15,15,15,0,52,47,48,42,43,41,38,37,35,33,32,29,30,28,25,25,24,22,20,19,18,15,13,12,11,9,7,6,0,0,0,0,0,0,0,50,54,55,57,59,63,65,69,69,70,72,70,71,69,68,68,67,65,64,62,62,60,60,59,57,58,56,56
20260804_015555_897cb2,1785805625737582,1355412665,2,2,0,-49,128,0,15,14,13,13,12,11,11,10,10,9,9,9,8,8,8,7,6,6,6,5,4,4,4,4,3,2,0,0,0,0,0,0,0,0,0,0,0,16,17,17,18,19,19,19,20,20,21,20,20,20,20,19,19,18,17,17,17,17,16,16,16,16,16,0,26,25,24,22,21,20,19,18,17,17,17,14,14,14,14,13,12,12,11,9,9,9,7,5,5,4,4,3,0,0,0,0,0,0,0,26,26,27,29,31,31,33,34,35,36,37,36,35,35,35,34,32,34,31,30,30,30,29,30,29,28,28,27
20260804_015555_897cb2,1785805625837198,1355511483,2,2,0,-49,128,0,14,13,12,12,11,10,10,9,9,9,9,8,8,7,7,7,6,6,6,4,4,4,3,4,2,2,0,0,0,0,0,0,0,0,0,0,0,16,16,17,17,18,19,20,20,20,20,19,19,19,18,17,17,17,17,16,16,16,16,16,15,15,14,0,24,24,22,22,20,20,20,18,17,17,16,14,13,13,13,12,11,11,11,9,8,7,7,6,5,4,4,3,0,0,0,0,0,0,0,26,28,27,29,31,32,34,34,35,36,36,36,35,34,34,33,33,32,30,30,30,29,29,29,28,28,28,27
20260804_015555_897cb2,1785805625935711,1355613408,2,2,0,-48,128,0,16,16,14,13,13,13,12,12,11,11,10,10,9,9,9,8,9,8,7,7,6,6,6,5,5,4,0,0,0,0,0,0,0,0,0,0,0,15,16,16,17,18,18,19,18,20,19,19,19,19,19,18,18,18,18,17,17,17,17,16,17,17,16,0,57,52,50,50,48,46,41,42,38,40,38,35,34,34,31,30,31,30,27,24,25,24,19,18,18,17,14,13,0,0,0,0,0,0,0,48,50,54,57,58,59,64,65,66,67,69,68,68,68,67,67,64,66,65,63,61,60,62,61,58,59,59,57
20260804_015555_897cb2,1785805626040082,1355713169,2,2,0,-49,128,0,16,16,15,15,14,14,13,12,12,12,12,11,10,10,10,9,9,9,9,9,9,7,8,6,6,6,0,0,0,0,0,0,0,0,0,0,0,15,15,16,17,17,17,18,18,18,20,19,19,19,19,18,18,18,18,17,18,17,18,18,17,17,16,0,56,55,54,52,50,48,47,44,43,42,41,38,38,36,35,35,35,32,31,31,29,26,24,23,21,19,18,20,0,0,0,0,0,0,0,48,50,53,55,56,60,61,64,66,66,67,68,69,67,69,68,66,65,63,62,64,63,65,62,59,62,61,61
20260804_015555_897cb2,1785805626132495,1355811003,2,2,0,-50,128,0,14,15,14,13,12,12,12,11,10,10,10,9,9,8,8,8,7,7,7,6,6,6,6,5,5,4,0,0,0,0,0,0,0,0,0,0,0,16,16,18,18,18,18,20,20,21,21,20,20,20,19,19,19,18,18,18,18,17,17,16,16,16,16,0,26,25,24,23,22,21,19,18,17,18,17,16,17,14,14,13,13,13,12,12,11,11,9,9,8,7,9,9,0,0,0,0,0,0,0,26,26,28,28,30,31,32,33,33,35,36,36,35,35,35,33,33,33,33,32,31,31,31,29,30,29,29,28
20260804_015555_897cb2,1785805626233415,1355910832,2,2,0,-50,128,0,14,14,13,13,12,11,10,10,9,9,9,8,7,7,7,6,6,4,4,4,3,4,2,2,1,1,0,0,0,0,0,0,0,0,0,0,0,18,18,19,19,21,20,21,22,22,22,21,22,21,21,19,19,18,18,17,17,17,17,17,16,16,16,0,23,25,23,21,19,20,18,18,16,16,14,14,11,11,12,10,10,9,7,6,6,6,4,4,3,1,1,1,0,0,0,0,0,0,0,29,29,30,30,33,34,35,34,36,37,36,38,36,36,35,34,32,34,31,32,30,30,30,28,30,28,27,27
20260804_015555_897cb2,1785805626334632,1356010873,2,2,0,-50,128,0,14,14,13,12,11,11,10,10,9,9,8,8,7,7,7,6,6,5,5,4,4,3,3,2,2,1,0,0,0,0,0,0,0,0,0,0,0,15,15,16,17,17,17,17,18,19,19,19,18,18,18,18,17,17,17,17,16,16,16,15,16,15,15,0,26,26,25,23,22,20,21,18,18,17,16,16,15,14,12,12,11,11,9,8,9,6,6,5,4,4,3,2,0,0,0,0,0,0,0,25,26,27,29,29,31,33,33,34,34,36,35,35,36,35,36,35,34,32,31,32,31,31,32,31,30,30,30
20260804_015555_897cb2,1785805626436453,1356110983,2,2,0,-52,128,0,16,15,14,14,12,12,12,11,10,10,10,10,9,9,8,8,7,7,7,6,6,5,5,4,4,4,0,0,0,0,0,0,0,0,0,0,0,16,16,18,18,19,20,20,21,21,21,21,21,20,19,19,18,18,18,18,18,17,18,17,16,16,16,0,26,26,26,24,23,22,20,19,19,19,17,16,16,16,15,14,13,12,12,11,10,8,7,7,7,6,5,5,0,0,0,0,0,0,0,27,28,29,31,32,33,34,36,35,36,37,37,37,36,35,35,35,34,34,32,33,32,32,30,30,30,29,30
20260804_015555_897cb2,1785805626532796,1356211236,2,2,0,-50,128,0,16,15,14,13,12,12,11,11,11,9,9,9,9,9,8,8,7,7,7,6,5,5,4,4,3,4,0,0,0,0,0,0,0,0,0,0,0,16,17,18,18,19,20,21,20,21,21,21,20,21,21,19,19,18,18,18,18,18,18,17,17,17,16,0,25,26,25,23,22,21,20,19,19,18,17,16,16,15,13,13,12,12,11,9,9,9,8,7,6,5,6,6,0,0,0,0,0,0,0,26,26,29,30,30,34,33,35,35,35,36,36,36,36,36,34,34,34,33,31,32,30,32,30,30,29,29,30
20260804_015555_897cb2,1785805626634439,1356311773,2,2,0,-52,128,0,13,12,12,11,11,10,9,9,9,7,7,7,6,6,6,5,5,4,4,3,3,3,2,2,2,1,0,0,0,0,0,0,0,0,0,0,0,15,16,17,18,18,19,19,19,19,20,20,20,19,19,18,18,17,16,17,17,17,16,15,16,14,14,0,25,24,23,21,20,19,17,17,16,15,14,14,12,11,10,10,9,8,7,6,6,5,4,5,4,3,4,2,0,0,0,0,0,0,0,27,28,28,30,31,33,33,35,37,36,36,37,35,36,35,35,35,33,33,32,31,31,30,29,28,28,28,27
20260804_015555_897cb2,1785805626737453,1356410928,2,2,0,-51,128,0,14,13,13,13,12,11,10,10,10,9,9,8,8,8,7,7,7,7,6,6,6,5,5,4,4,4,0,0,0,0,0,0,0,0,0,0,0,14,16,16,17,17,18,19,19,18,18,19,18,18,18,18,18,17,16,17,17,16,16,15,16,15,15,0,54,50,50,49,46,45,41,41,37,36,32,34,29,28,27,28,25,25,23,21,19,18,16,14,14,12,12,10,0,0,0,0,0,0,0,50,55,55,58,60,65,68,69,71,71,74,71,70,70,70,70,68,65,66,65,63,63,63,63,62,57,58,60
20260804_015555_897cb2,1785805626834128,1356512287,2,2,0,-50,128,0,15,15,14,14,13,12,12,11,11,10,10,9,9,9,9,9,9,9,8,7,7,6,6,6,5,5,0,0,0,0,0,0,0,0,0,0,0,15,15,16,17,18,18,19,19,19,19,19,19,19,19,18,18,17,18,17,17,17,17,17,16,16,16,0,28,28,25,25,24,23,22,20,20,21,19,18,19,17,17,17,16,15,15,14,11,12,11,11,10,8,8,8,0,0,0,0,0,0,0,26,27,27,29,31,32,33,34,35,36,37,37,36,35,35,35,33,34,32,33,32,32,31,31,31,31,29,28
20260804_015555_897cb2,1785805626935984,1356612420,2,2,0,-50,128,0,15,15,14,13,13,12,11,11,10,10,9,9,8,8,7,7,6,6,6,5,5,4,4,3,3,3,0,0,0,0,0,0,0,0,0,0,0,15,16,16,18,18,19,19,20,21,21,21,20,20,20,19,19,20,18,18,18,18,17,17,17,17,16,0,26,26,24,24,22,20,19,19,17,17,17,15,14,13,14,12,11,11,11,9,8,8,6,6,5,4,4,3,0,0,0,0,0,0,0,24,26,25,28,29,29,31,32,32,35,35,34,35,35,34,34,33,34,32,32,33,30,30,30,30,29,27,28
20260804_015555_897cb2,1785805627034165,1356712695,2,2,0,-50,128,0,14,13,13,12,11,10,10,10,9,9,8,7,7,7,7,6,6,5,5,4,4,3,3,3,2,1,0,0,0,0,0,0,0,0,0,0,0,15,16,16,17,17,18,19,19,19,19,20,18,18,18,18,18,17,16,16,16,16,16,15,16,14,14,0,52,47,48,44,43,41,38,36,37,33,29,31,26,26,24,25,23,22,18,16,17,12,12,10,8,9,7,5,0,0,0,0,0,0,0,51,53,58,59,60,65,65,69,68,71,72,71,71,71,69,69,68,63,64,62,62,60,59,61,57,55,56,57
20260804_015555_897cb2,1785805627135117,1356810996,2,2,0,-48,128,0,16,14,14,13,12,12,11,10,10,9,9,9,9,8,8,7,7,7,6,6,4,5,5,4,4,4,0,0,0,0,0,0,0,0,0,0,0,17,18,19,19,21,21,21,21,22,21,21,21,21,21,20,20,20,19,19,18,18,17,18,16,17,16,0,24,25,23,21,21,19,19,18,16,17,16,15,13,13,12,12,12,12,11,9,9,8,8,7,7,6,6,5,0,0,0,0,0,0,0,26,28,29,30,32,33,34,34,36,36,37,37,36,36,35,35,34,33,32,32,31,31,30,29,28,29,28,26
20260804_015555_897cb2,1785805627232175,1356911854,2,2,0,-50,128,0,13,13,11,11,10,9,9,9,8,7,7,6,6,6,5,5,4,4,4,3,3,2,2,1,2,2,0,0,0,0,0,0,0,0,0,0,0,16,16,17,18,18,19,19,20,19,20,20,19,19,19,18,18,17,17,16,17,16,16,16,15,15,14,0,25,23,21,21,19,19,17,16,15,14,13,11,11,11,11,9,8,8,6,6,5,4,4,4,4,3,4,4,0,0,0,0,0,0,0,26,27,29,30,31,33,35,35,36,37,37,37,36,37,37,35,35,34,32,31,30,30,31,29,29,28,27,25
20260804_015555_897cb2,1785805627332568,1357010954,2,2,0,-49,128,0,15,14,13,12,12,11,10,10,9,9,9,9,7,7,7,7,6,6,6,6,4,4,4,4,4,2,0,0,0,0,0,0,0,0,0,0,0,14,15,16,17,18,18,18,19,19,19,19,19,19,18,18,18,17,17,17,16,16,16,16,15,16,14,0,26,25,24,23,22,21,19,18,17,16,15,15,15,14,13,12,12,11,10,10,9,8,8,6,6,6,4,4,0,0,0,0,0,0,0,24,25,27,28,29,32,32,33,35,34,35,35,35,35,35,34,33,33,32,32,31,31,30,29,30,29,29,27
20260804_015555_897cb2,1785805627433809,1357112651,2,2,0,-51,128,0,15,14,14,12,11,11,10,9,9,9,8,7,7,6,6,6,5,5,4,4,3,3,2,2,2,2,0,0,0,0,0,0,0,0,0,0,0,17,17,18,19,19,21,21,21,21,22,21,21,21,21,20,20,20,18,19,18,18,18,17,17,16,16,0,26,24,23,22,20,20,17,17,16,16,13,13,12,11,11,10,9,8,8,6,6,5,4,4,4,3,3,3,0,0,0,0,0,0,0,25,28,28,30,32,33,34,34,36,36,38,38,37,37,35,35,35,35,34,33,32,31,31,31,31,28,29,27
20260804_015555_897cb2,1785805627535053,1357212955,2,2,0,-50,128,0,15,14,13,13,12,11,11,10,10,9,9,8,8,7,7,7,6,6,6,5,5,4,4,3,4,4,0,0,0,0,0,0,0,0,0,0,0,16,17,17,19,19,20,20,21,21,21,21,21,21,20,20,20,19,18,18,18,17,17,17,17,17,16,0,28,25,24,22,21,21,20,17,18,15,16,15,14,14,13,13,11,12,10,9,8,7,8,6,6,5,5,4,0,0,0,0,0,0,0,27,28,29,29,31,33,34,35,36,37,37,37,37,37,36,35,34,35,33,31,32,30,30,30,30,28,28,27
20260804_015555_897cb2,1785805627642752,1357318336,2,2,0,-51,128,0,15,15,13,13,12,12,11,11,11,10,10,9,9,8,8,8,7,7,7,6,5,5,5,4,4,3,0,0,0,0,0,0,0,0,0,0,0,16,16,17,17,18,18,19,20,20,20,19,19,19,19,19,19,18,17,17,17,17,17,17,16,16,16,0,27,26,26,22,22,22,22,18,19,18,18,16,16,16,14,13,14,13,12,11,10,9,9,9,8,6,6,5,0,0,0,0,0,0,0,25,27,28,30,31,33,33,34,37,35,35,37,38,36,35,34,34,34,34,33,33,31,32,30,30,31,30,29
20260804_015555_897cb2,1785805627742396,1357420840,2,2,0,-47,128,0,13,13,12,12,11,11,10,9,9,8,8,8,8,8,7,7,6,6,6,6,4,4,4,4,4,3,0,0,0,0,0,0,0,0,0,0,0,13,14,14,15,16,17,17,17,17,17,17,17,17,16,16,16,16,15,15,15,15,15,14,14,14,13,0,26,26,26,23,22,21,20,19,19,18,17,17,16,15,14,14,13,12,12,11,11,9,9,8,7,7,6,6,0,0,0,0,0,0,0,26,26,26,29,29,32,32,32,34,35,35,36,34,36,34,34,34,33,33,32,31,30,31,31,30,30,29,27
20260804_015555_897cb2,1785805627833018,1357510562,2,2,0,-50,128,0,15,16,14,14,14,13,12,12,10,10,10,9,9,9,9,8,7,6,6,6,5,5,5,4,4,4,0,0,0,0,0,0,0,0,0,0,0,16,16,17,17,19,19,19,19,20,21,21,20,20,20,18,19,19,18,18,18,18,18,17,17,16,16,0,53,54,50,48,45,45,42,41,36,36,33,34,30,32,28,27,26,25,21,19,19,16,15,13,13,12,10,11,0,0,0,0,0,0,0,51,52,55,57,61,63,66,67,70,71,70,73,70,72,68,70,69,68,67,63,66,65,63,64,64,59,59,57
20260804_015555_897cb2,1785805627933956,1357612649,2,2,0,-49,128,0,15,14,13,13,12,11,11,10,10,9,9,8,8,8,7,7,6,6,6,5,5,4,4,3,3,3,0,0,0,0,0,0,0,0,0,0,0,16,17,18,19,19,20,21,21,22,21,21,21,20,20,20,19,19,18,19,18,18,17,16,16,16,16,0,26,25,23,23,20,20,18,17,17,16,15,14,15,13,12,12,12,11,10,9,9,8,7,7,5,5,4,4,0,0,0,0,0,0,0,25,27,28,29,30,31,33,34,35,34,36,36,36,35,34,35,35,32,32,31,31,31,29,29,28,27,28,26
20260804_015555_897cb2,1785805628069783,1357747584,2,2,0,-50,128,0,15,15,14,14,12,12,12,12,11,10,10,10,10,9,9,9,9,8,8,8,7,6,6,6,5,5,0,0,0,0,0,0,0,0,0,0,0,13,13,15,16,16,17,17,18,18,18,18,18,18,18,18,18,18,16,17,17,17,17,16,16,16,16,0,56,54,53,50,49,46,45,42,40,37,39,37,36,36,34,34,32,31,30,28,26,25,22,22,21,20,17,16,0,0,0,0,0,0,0,47,48,50,53,53,58,58,62,64,66,67,66,67,66,67,66,67,65,64,62,64,62,62,63,59,61,62,59
20260804_015555_897cb2,1785805628182496,1357858174,2,2,0,-50,128,0,14,14,13,13,12,11,11,10,10,9,9,9,9,9,8,8,7,6,6,6,5,5,4,4,4,3,0,0,0,0,0,0,0,0,0,0,0,16,15,16,17,18,18,18,19,19,20,19,19,19,18,18,18,18,18,17,17,17,16,16,16,16,16,0,50,49,45,47,44,41,41,38,34,36,32,32,32,30,29,29,24,25,22,21,20,18,18,16,15,13,12,12,0,0,0,0,0,0,0,51,53,52,56,59,60,64,65,68,68,68,71,69,67,65,67,64,64,62,61,61,61,59,60,59,58,58,54
20260804_015555_897cb2,1785805628239436,1357912535,2,2,0,-47,128,0,14,14,14,14,13,12,12,11,11,11,11,9,9,9,9,9,9,8,8,8,8,8,7,7,6,6,0,0,0,0,0,0,0,0,0,0,0,15,16,16,17,17,18,19,19,19,20,19,19,19,18,18,18,18,17,17,17,17,17,17,17,17,16,0,26,24,26,24,22,21,22,20,19,18,19,17,17,17,17,16,16,15,15,15,14,13,13,12,12,11,9,9,0,0,0,0,0,0,0,23,26,26,27,28,30,30,32,32,33,33,33,34,32,33,33,32,32,32,31,31,30,30,29,28,29,29,28
20260804_015555_897cb2,1785805628336757,1358010504,2,2,0,-47,128,0,15,13,13,13,13,11,11,11,11,10,9,9,9,9,9,9,9,9,8,8,7,6,6,6,5,5,0,0,0,0,0,0,0,0,0,0,0,14,16,16,16,17,18,18,19,19,19,18,19,18,18,18,18,17,17,16,16,16,16,16,16,16,16,0,25,25,25,23,24,21,21,21,19,18,17,17,17,17,16,15,15,15,15,14,13,13,11,11,10,9,8,9,0,0,0,0,0,0,0,24,26,26,28,28,30,32,33,33,34,33,34,34,34,33,33,32,31,31,32,32,31,30,30,28,28,28,28
20260804_015555_897cb2,1785805628438017,1358112439,2,2,0,-44,128,0,14,14,13,13,13,13,12,11,11,11,11,11,10,10,10,10,10,10,10,9,9,9,9,9,8,8,0,0,0,0,0,0,0,0,0,0,0,14,14,15,15,16,16,17,16,17,17,17,17,17,17,17,17,16,16,16,16,16,15,15,15,15,15,0,55,53,52,51,49,48,47,42,42,43,42,41,39,38,39,38,38,38,36,34,34,31,29,29,28,28,25,25,0,0,0,0,0,0,0,45,47,49,52,54,56,59,61,63,64,66,64,65,66,64,64,63,62,62,60,61,61,60,59,59,58,57,59
20260804_015555_897cb2,1785805628533944,1358212180,2,2,0,-46,128,0,14,13,13,12,12,12,12,11,11,10,10,9,9,9,9,9,8,8,8,7,7,7,6,6,6,6,0,0,0,0,0,0,0,0,0,0,0,14,16,16,16,17,18,18,19,18,18,18,18,18,18,18,17,17,16,17,16,16,16,15,15,15,15,0,25,25,25,25,22,22,21,20,19,18,19,18,17,17,16,16,16,16,14,13,13,13,11,12,11,11,10,9,0,0,0,0,0,0,0,24,25,27,27,29,30,31,32,34,33,34,35,33,34,33,34,32,32,31,31,31,30,30,30,29,29,29,27
20260804_015555_897cb2,1785805628635829,1358310343,2,2,0,-48,128,0,15,14,14,14,12,12,12,12,11,11,10,10,9,9,10,9,9,8,8,8,7,7,6,6,6,5,0,0,0,0,0,0,0,0,0,0,0,15,15,17,17,19,18,19,19,20,20,20,20,20,19,18,19,18,18,17,17,17,17,17,16,16,16,0,27,27,25,24,22,22,21,21,20,19,18,17,17,17,16,16,15,15,14,13,13,11,11,11,10,10,9,9,0,0,0,0,0,0,0,24,26,25,26,29,31,32,33,33,34,36,35,34,35,33,33,33,31,32,30,30,30,29,30,29,29,27,28
20260804_015555_897cb2,1785805628737847,1358410719,2,2,0,-47,128,0,16,16,16,15,15,14,14,13,13,13,13,12,12,12,12,12,12,11,11,10,10,9,9,9,8,7,0,0,0,0,0,0,0,0,0,0,0,14,15,16,16,17,18,18,19,19,19,19,19,19,19,18,18,18,18,17,18,18,18,16,18,17,16,0,58,58,56,54,52,51,50,47,47,46,44,44,42,42,42,41,40,39,38,36,36,32,31,29,27,27,23,22,0,0,0,0,0,0,0,45,49,52,54,57,59,62,64,66,67,68,70,68,69,68,67,66,65,65,64,64,64,63,63,61,62,61,60
20260804_015555_897cb2,1785805628840350,1358513160,2,2,0,-45,128,0,15,15,15,14,14,13,12,12,12,12,12,11,11,11,11,11,11,11,11,10,10,9,9,8,8,8,0,0,0,0,0,0,0,0,0,0,0,14,14,15,15,16,17,17,18,18,18,18,18,18,17,17,17,17,17,17,17,17,16,16,16,16,16,0,28,27,27,26,25,24,24,23,23,22,21,21,20,20,21,20,19,19,19,18,18,16,16,15,14,14,13,13,0,0,0,0,0,0,0,23,24,25,26,28,28,29,31,31,33,34,34,33,33,33,33,31,31,31,31,30,30,30,31,30,30,29,30
20260804_015555_897cb2,1785805628936904,1358612318,2,2,0,-45,128,0,15,14,13,13,13,12,12,11,11,11,11,10,10,10,10,9,9,9,9,9,9,8,7,7,6,6,0,0,0,0,0,0,0,0,0,0,0,12,12,14,14,15,16,16,16,17,17,16,16,17,17,17,16,16,16,16,15,16,16,15,15,15,15,0,56,55,53,51,50,49,47,46,42,43,42,41,38,39,39,39,37,37,35,32,31,30,30,27,26,25,24,22,0,0,0,0,0,0,0,42,45,44,48,51,55,57,59,61,62,62,65,66,64,64,62,63,62,62,61,62,61,62,59,60,60,62,59
20260804_015555_897cb2,1785805629044596,1358717084,2,2,0,-47,128,0,16,17,16,15,14,14,13,13,12,12,11,11,11,11,11,11,11,10,10,9,9,9,8,7,7,7,0,0,0,0,0,0,0,0,0,0,0,15,16,17,17,18,19,20,21,20,20,20,20,20,20,20,19,19,19,18,18,18,18,18,17,17,17,0,28,28,25,25,24,23,22,22,21,21,20,20,19,18,18,18,17,17,16,16,15,14,13,13,13,13,11,10,0,0,0,0,0,0,0,23,26,26,27,29,30,32,31,33,34,35,36,34,34,34,34,33,34,32,32,32,32,31,31,30,29,30,29
20260804_015555_897cb2,1785805629133907,1358810766,2,2,0,-49,128,0,17,16,16,13,13,13,12,11,11,11,10,9,9,9,9,9,8,8,7,6,6,5,5,5,4,4,0,0,0,0,0,0,0,0,0,0,0,14,15,16,17,17,19,19,20,20,20,20,20,19,19,19,19,19,18,18,18,18,18,17,18,18,16,0,29,27,27,25,24,23,22,21,19,19,18,17,17,16,15,15,15,13,12,12,11,10,9,7,8,7,6,5,0,0,0,0,0,0,0,23,24,27,27,28,29,31,32,33,34,35,35,35,34,34,34,34,33,33,32,32,32,31,30,30,30,30,30
20260804_015555_897cb2,1785805629235260,1358910907,2,2,0,-52,128,0,13,13,12,11,10,9,9,8,8,8,6,6,5,5,5,4,4,4,3,3,2,1,1,1,1,1,0,0,0,0,0,0,0,0,0,0,0,17,18,19,20,21,21,22,22,22,22,22,22,21,21,20,20,19,19,18,17,17,17,16,16,15,15,0,24,21,21,18,18,17,16,14,13,12,11,10,9,8,8,8,6,6,5,4,4,3,2,1,2,2,2,2,0,0,0,0,0,0,0,28,30,30,31,33,34,35,37,37,38,39,38,38,37,37,36,36,35,33,32,31,31,30,29,28,27,26,25
20260804_015555_897cb2,1785805629337393,1359010960,2,2,0,-51,128,0,15,14,14,13,12,12,11,11,10,9,9,9,8,8,7,7,7,7,6,6,5,4,4,4,4,3,0,0,0,0,0,0,0,0,0,0,0,15,16,17,18,18,19,20,21,20,21,21,21,21,21,20,19,19,18,18,18,18,18,17,17,17,16,0,54,49,49,46,45,42,39,37,36,34,32,30,30,28,26,25,24,22,21,21,17,17,15,14,13,12,10,10,0,0,0,0,0,0,0,48,52,55,57,58,63,65,68,70,72,75,73,72,73,72,72,72,68,68,66,65,64,63,62,59,59,57,57
20260804_015555_897cb2,1785805629432318,1359110501,2,2,0,-55,128,0,14,13,13,12,12,11,11,10,9,9,8,8,7,7,6,6,5,5,5,4,4,3,3,2,2,2,0,0,0,0,0,0,0,0,0,0,0,12,13,14,15,16,16,17,18,18,19,18,18,18,18,18,18,17,17,17,17,17,16,16,16,16,15,0,28,26,25,24,22,22,20,19,17,17,16,14,13,13,13,11,11,10,9,8,7,7,6,6,5,5,4,3,0,0,0,0,0,0,0,20,22,24,25,26,28,30,32,33,33,35,35,35,35,35,35,34,34,32,33,32,33,32,32,31,31,30,29
20260804_015555_897cb2,1785805629539764,1359212281,2,2,0,-56,128,0,15,15,15,15,15,14,14,14,14,14,14,13,13,13,13,13,13,13,13,13,12,12,11,11,11,10,0,0,0,0,0,0,0,0,0,0,0,9,10,11,11,13,13,14,14,15,15,15,16,16,16,16,16,15,16,16,15,16,16,16,16,16,16,0,60,55,59,55,55,52,52,53,51,50,52,49,50,48,46,50,47,50,47,46,44,43,43,42,41,40,38,38,0,0,0,0,0,0,0,30,33,35,39,40,43,46,48,51,52,54,56,57,57,58,59,59,56,60,59,59,59,59,59,57,60,60,61
20260804_015555_897cb2,1785805629640691,1359314123,2,2,0,-52,128,0,15,15,15,15,15,15,14,14,14,15,15,14,14,14,15,15,15,15,15,15,14,14,14,14,14,13,0,0,0,0,0,0,0,0,0,0,0,9,9,9,9,10,11,12,12,13,13,13,13,13,13,13,14,13,14,14,14,14,14,15,15,15,15,0,59,58,57,57,55,54,55,54,55,55,55,54,54,56,56,57,57,56,56,55,55,54,52,51,50,50,47,47,0,0,0,0,0,0,0,28,30,32,34,34,37,38,40,42,44,45,47,48,48,47,49,51,50,52,51,51,53,53,54,55,56,57,55
20260804_015555_897cb2,1785805629737499,1359410942,2,2,0,-51,128,0,16,16,16,16,16,16,16,15,15,16,16,16,16,17,16,17,16,16,16,16,15,15,15,14,15,13,0,0,0,0,0,0,0,0,0,0,0,6,7,7,7,8,8,9,9,10,10,11,11,12,12,12,13,13,13,13,14,14,15,15,15,16,16,0,30,29,29,29,28,28,29,28,28,29,29,30,27,30,29,31,27,29,31,29,28,28,26,25,27,26,24,25,0,0,0,0,0,0,0,10,10,11,12,13,13,14,15,16,17,17,19,20,20,21,21,22,23,22,23,25,25,25,26,27,27,28,28
20260804_015555_897cb2,1785805629834930,1359510901,2,2,0,-51,128,0,15,15,16,15,15,15,15,14,14,15,14,14,14,14,15,14,15,14,14,14,14,13,13,13,12,12,0,0,0,0,0,0,0,0,0,0,0,11,11,12,12,13,13,13,13,13,13,13,13,14,14,14,14,14,13,15,15,14,14,15,15,15,15,0,55,57,57,55,55,55,53,53,51,53,52,51,52,56,56,54,53,53,52,53,50,49,49,48,45,43,43,41,0,0,0,0,0,0,0,38,40,40,41,43,44,46,46,47,48,49,50,48,49,49,50,48,51,54,50,54,50,54,56,55,55,58,56
20260804_015555_897cb2,1785805629936598,1359610930,2,2,0,-54,128,0,15,15,15,16,16,15,15,15,15,15,15,15,15,15,15,15,15,15,15,15,15,13,13,13,12,12,0,0,0,0,0,0,0,0,0,0,0,4,4,5,5,5,6,6,7,8,9,9,9,9,9,10,11,12,12,12,12,13,13,14,14,15,15,0,64,62,62,62,61,62,61,60,61,61,61,61,62,62,62,62,62,62,62,59,58,58,55,54,53,52,49,48,0,0,0,0,0,0,0,16,18,17,19,21,22,24,25,29,30,33,35,38,39,40,42,43,46,47,48,51,51,54,54,55,57,60,61
20260804_015555_897cb2,1785805630038267,1359713958,2,2,0,-53,128,0,14,14,14,14,14,14,14,14,14,14,15,15,15,15,15,16,16,16,15,15,15,15,14,14,14,14,0,0,0,0,0,0,0,0,0,0,0,11,12,12,12,13,13,13,13,13,13,13,12,13,13,13,12,13,12,13,13,13,13,13,14,14,14,0,53,53,53,54,53,54,52,55,52,55,56,55,56,57,59,58,60,59,60,58,59,55,56,55,53,50,50,48,0,0,0,0,0,0,0,41,42,42,43,46,47,48,47,49,49,49,51,49,48,48,47,46,48,46,48,48,51,49,49,51,51,52,51
20260804_015555_897cb2,1785805630140169,1359811901,2,2,0,-54,128,0,14,15,15,15,15,15,15,15,15,15,16,15,15,16,16,16,16,16,16,16,16,15,15,14,14,14,0,0,0,0,0,0,0,0,0,0,0,11,12,12,12,13,13,13,13,13,13,13,14,14,13,13,14,14,14,14,13,13,15,14,14,15,15,0,56,55,56,55,55,57,54,53,54,54,57,55,56,54,56,60,59,61,59,61,58,55,55,53,52,52,48,50,0,0,0,0,0,0,0,39,41,42,43,44,45,46,48,47,49,49,48,51,50,48,47,48,48,48,50,48,49,52,52,53,53,52,55
20260804_015555_897cb2,1785805630235677,1359910877,2,2,0,-55,128,0,14,14,14,14,14,14,14,14,14,15,15,15,15,15,16,16,16,16,16,16,16,15,15,14,14,13,0,0,0,0,0,0,0,0,0,0,0,11,11,11,12,12,13,13,13,13,13,13,13,13,13,13,12,12,12,12,12,13,13,13,13,14,14,0,54,55,53,54,52,53,53,54,54,57,55,56,58,57,60,61,60,59,62,60,59,57,57,55,53,54,49,50,0,0,0,0,0,0,0,40,40,41,43,44,45,46,46,48,48,48,47,48,50,48,48,46,48,47,49,46,47,49,50,52,51,53,54
20260804_015555_897cb2,1785805630338761,1360011878,2,2,0,-56,128,0,13,14,14,15,15,15,15,15,15,15,15,15,16,17,17,17,17,17,17,17,17,17,16,16,15,15,0,0,0,0,0,0,0,0,0,0,0,9,9,9,10,10,10,10,10,10,10,10,10,10,10,10,11,11,11,11,11,12,12,12,12,13,13,0,52,54,54,54,55,56,57,58,56,58,60,60,63,65,64,68,67,71,68,66,67,66,64,64,62,62,57,58,0,0,0,0,0,0,0,32,33,34,36,35,37,38,38,37,38,40,39,39,39,40,41,40,41,40,41,43,45,46,46,47,50,50,51
20260804_015555_897cb2,1785805630434390,1360110847,2,2,0,-54,128,0,16,15,16,16,16,16,15,15,15,15,15,16,16,16,16,16,16,16,16,16,16,16,14,13,14,14,0,0,0,0,0,0,0,0,0,0,0,8,8,8,8,10,10,10,10,11,11,11,11,12,13,13,12,13,13,13,13,13,14,14,14,15,16,0,59,58,57,57,56,57,57,55,57,58,57,58,57,59,61,60,61,60,60,57,57,57,56,52,52,50,49,47,0,0,0,0,0,0,0,28,30,30,30,33,33,35,36,39,38,42,43,40,44,45,45,47,48,49,50,49,51,52,54,55,54,56,57
20260804_015555_897cb2,1785805630535113,1360211641,2,2,0,-52,128,0,16,15,15,15,15,15,14,14,14,14,14,14,14,14,14,14,14,14,14,14,14,14,13,13,12,12,0,0,0,0,0,0,0,0,0,0,0,8,9,9,9,9,10,11,12,12,12,12,13,13,12,13,13,14,13,14,14,14,14,15,15,15,15,0,57,57,55,58,55,56,54,55,54,56,55,54,56,55,56,55,57,56,56,55,54,52,50,50,47,45,45,43,0,0,0,0,0,0,0,31,31,33,34,36,36,39,41,42,44,46,46,46,47,48,48,48,51,49,52,51,51,53,52,56,56,57,55
20260804_015555_897cb2,1785805630635218,1360310660,2,2,0,-53,128,0,15,15,14,15,14,14,14,14,14,13,13,13,13,13,15,13,14,14,14,14,14,13,12,12,12,11,0,0,0,0,0,0,0,0,0,0,0,9,9,10,10,11,11,11,12,12,12,14,14,14,14,14,14,14,14,14,14,14,14,15,16,16,16,0,58,58,56,56,55,54,53,54,52,55,52,52,53,53,54,52,55,52,52,50,52,48,48,45,44,43,40,40,0,0,0,0,0,0,0,31,32,34,35,37,38,40,41,43,46,49,49,50,50,50,51,50,53,52,52,53,54,56,56,57,56,57,57
20260804_015555_897cb2,1785805630732696,1360410725,2,2,0,-56,128,0,14,14,14,15,14,15,14,14,15,15,15,15,15,15,16,16,16,16,16,16,16,16,16,15,15,15,0,0,0,0,0,0,0,0,0,0,0,6,7,7,7,8,8,8,9,9,9,9,10,10,10,10,11,11,12,11,12,12,13,13,14,14,14,0,28,27,27,28,29,28,28,28,28,28,28,28,29,28,30,30,30,31,32,31,31,29,29,29,28,27,26,26,0,0,0,0,0,0,0,11,12,13,12,13,13,15,15,16,17,17,18,19,20,19,20,21,22,22,23,24,23,24,24,26,26,26,26
20260804_015555_897cb2,1785805630833592,1360510755,2,2,0,-56,128,0,13,13,13,13,12,13,13,14,14,14,14,14,15,15,16,16,16,16,16,17,17,17,17,16,16,16,0,0,0,0,0,0,0,0,0,0,0,7,6,8,8,8,7,9,9,9,9,9,9,9,9,9,10,10,10,10,10,10,11,11,11,12,12,0,51,50,50,51,50,54,52,53,52,57,57,58,59,61,64,64,66,66,66,67,67,65,66,65,63,61,62,60,0,0,0,0,0,0,0,26,27,27,28,31,31,32,32,34,34,34,37,36,37,38,38,38,39,38,39,41,43,44,44,45,47,48,47
20260804_015555_897cb2,1785805630941557,1360615698,2,2,0,-56,128,0,15,16,16,15,15,15,15,15,15,15,15,16,16,16,16,16,16,17,17,16,16,16,15,15,14,14,0,0,0,0,0,0,0,0,0,0,0,9,9,9,9,11,11,11,11,12,13,13,13,13,13,13,14,14,13,14,14,15,15,15,15,15,15,0,57,56,57,54,57,56,54,56,55,55,57,56,56,58,59,59,60,63,60,60,60,57,56,54,55,53,50,52,0,0,0,0,0,0,0,27,28,28,31,35,35,37,38,40,42,44,46,46,48,48,49,49,51,49,50,53,54,53,56,56,56,56,56
20260804_015555_897cb2,1785805631037907,1360710591,2,2,0,-55,128,0,15,16,15,15,15,15,15,15,15,15,15,15,16,16,17,17,17,16,17,17,17,17,17,16,16,16,0,0,0,0,0,0,0,0,0,0,0,8,8,9,9,9,9,9,10,10,10,11,11,11,11,11,12,11,13,13,13,14,14,14,15,15,15,0,55,56,57,55,56,58,57,57,55,55,58,59,59,60,59,61,63,65,65,63,60,59,60,59,57,56,53,53,0,0,0,0,0,0,0,27,29,29,31,31,32,32,35,36,36,36,39,40,40,41,42,43,43,44,46,49,49,49,51,51,52,53,55
20260804_015555_897cb2,1785805631133994,1360810960,2,2,0,-53,128,0,15,15,15,15,15,16,15,15,15,16,16,16,15,16,16,16,17,17,17,17,17,16,16,16,15,15,0,0,0,0,0,0,0,0,0,0,0,9,10,10,10,11,11,12,12,13,13,13,13,13,13,13,14,14,14,14,14,14,14,14,15,15,15,0,56,55,56,54,55,54,54,53,55,54,55,55,57,58,58,60,60,61,61,61,60,60,58,57,57,55,53,50,0,0,0,0,0,0,0,32,34,35,37,38,38,41,42,45,46,47,47,46,48,49,49,49,50,50,50,50,51,52,53,55,53,55,56
20260804_015555_897cb2,1785805631234917,1360911899,2,2,0,-51,128,0,14,15,15,15,15,15,15,15,15,15,15,15,15,16,16,16,17,17,17,16,16,16,16,15,15,15,0,0,0,0,0,0,0,0,0,0,0,10,10,10,11,11,11,12,12,12,13,13,13,13,13,13,12,12,14,13,13,13,14,14,14,14,14,0,27,28,27,27,28,28,27,28,27,28,28,28,29,29,29,29,31,30,30,30,30,30,29,29,28,27,27,26,0,0,0,0,0,0,0,17,17,17,18,19,20,21,22,23,23,23,23,23,23,23,24,24,24,23,24,25,25,25,25,25,26,27,26
20260804_015555_897cb2,1785805631338258,1361013645,2,2,0,-52,128,0,16,17,16,16,15,16,14,14,14,14,14,14,15,15,15,15,15,14,14,14,13,13,13,12,12,13,0,0,0,0,0,0,0,0,0,0,0,10,11,12,12,13,13,13,13,14,15,15,15,15,15,15,15,15,15,15,16,16,16,16,16,16,16,0,59,59,57,56,55,56,54,54,52,52,53,52,52,54,52,52,53,52,51,50,51,50,48,47,45,45,42,42,0,0,0,0,0,0,0,37,38,39,41,42,45,45,47,48,50,51,52,52,52,53,54,53,52,53,55,56,55,56,58,56,57,57,57
20260804_015555_897cb2,1785805631457741,1361134646,2,2,0,-58,128,0,14,14,14,14,15,14,14,15,15,16,16,16,16,16,18,18,18,18,18,18,18,18,18,18,17,17,0,0,0,0,0,0,0,0,0,0,0,9,9,8,8,9,8,9,9,9,9,9,9,9,9,10,10,10,10,11,11,11,11,12,13,13,13,0,50,51,52,53,52,55,55,55,56,59,61,61,62,62,64,68,69,70,70,71,70,67,69,66,66,65,64,63,0,0,0,0,0,0,0,29,31,31,31,34,34,34,34,34,34,34,35,35,36,36,37,38,38,39,40,40,42,43,43,46,46,46,47
20260804_015555_897cb2,1785805631576277,1361248551,2,2,0,-55,128,0,16,16,15,15,15,15,15,15,15,15,14,14,14,14,14,15,15,15,15,14,15,13,13,13,13,12,0,0,0,0,0,0,0,0,0,0,0,11,12,12,12,13,13,13,14,14,14,14,14,15,15,14,16,15,16,16,15,16,16,16,16,16,16,0,56,56,55,54,53,54,53,53,52,52,52,52,52,53,52,53,52,52,53,52,51,51,48,46,46,46,42,42,0,0,0,0,0,0,0,38,39,40,40,44,43,46,46,48,50,52,52,52,51,54,52,53,54,52,53,53,54,54,57,56,57,56,57
20260804_015555_897cb2,1785805631633570,1361311294,2,2,0,-57,128,0,14,15,15,15,15,15,15,15,15,15,15,15,15,15,16,16,16,16,17,16,16,16,15,15,14,14,0,0,0,0,0,0,0,0,0,0,0,7,8,8,8,8,9,9,9,10,11,12,12,12,12,13,12,13,13,14,14,14,15,14,14,15,15,0,55,57,58,54,56,56,54,55,54,57,57,55,57,59,57,60,61,62,62,60,59,57,56,55,53,54,52,51,0,0,0,0,0,0,0,23,26,26,26,28,32,31,34,36,35,38,42,42,45,45,46,46,48,49,48,52,52,53,52,53,57,56,56
20260804_015555_897cb2,1785805631740673,1361413632,2,2,0,-55,128,0,15,16,15,15,15,15,15,15,14,14,14,14,14,14,14,14,14,14,14,14,13,13,13,12,12,11,0,0,0,0,0,0,0,0,0,0,0,8,9,9,9,9,9,11,11,12,12,12,12,13,13,13,14,13,14,14,15,15,15,15,15,15,15,0,59,59,60,58,58,59,57,55,55,55,55,55,55,54,55,55,56,54,55,53,52,52,49,49,45,46,43,43,0,0,0,0,0,0,0,32,33,32,34,36,38,40,42,43,43,47,48,48,50,51,51,52,54,53,55,56,57,56,58,60,59,62,61
20260804_015555_897cb2,1785805631836087,1361510583,2,2,0,-53,128,0,13,13,14,13,13,13,13,13,13,13,13,14,14,14,14,15,15,15,15,14,13,13,13,13,12,12,0,0,0,0,0,0,0,0,0,0,0,9,9,9,10,10,10,11,11,11,11,11,11,12,12,12,12,12,12,12,12,12,13,13,13,13,14,0,55,56,55,55,54,56,55,54,53,55,54,55,56,55,57,57,59,57,59,57,57,54,54,52,49,49,48,47,0,0,0,0,0,0,0,34,36,36,37,39,41,42,42,43,44,46,46,46,47,47,48,47,49,47,48,50,51,52,52,55,56,56,55
20260804_015555_897cb2,1785805631935738,1361610952,2,2,0,-51,128,0,16,16,16,15,15,15,15,14,15,16,15,15,15,15,15,15,15,15,14,14,14,14,13,13,13,13,0,0,0,0,0,0,0,0,0,0,0,10,10,11,11,12,12,13,13,13,14,14,14,14,14,14,15,15,15,15,15,15,15,15,15,17,16,0,57,60,58,57,56,56,55,55,54,55,53,54,54,54,54,55,56,53,54,52,50,50,49,47,45,45,43,41,0,0,0,0,0,0,0,33,34,35,37,38,39,42,44,45,47,50,51,51,53,51,53,52,54,53,54,55,56,57,58,59,57,58,60
20260804_015555_897cb2,1785805632036660,1361710794,2,2,0,-56,128,0,14,14,14,14,14,14,15,14,14,15,15,15,15,16,16,16,16,16,17,16,16,15,15,15,14,14,0,0,0,0,0,0,0,0,0,0,0,7,7,9,9,9,9,9,9,9,9,9,9,10,10,10,10,11,11,11,12,12,12,12,13,13,13,0,28,28,28,28,29,29,29,28,28,29,29,30,31,31,30,31,32,32,34,32,31,31,29,30,28,29,27,26,0,0,0,0,0,0,0,15,16,16,16,17,17,17,18,19,19,19,19,19,19,21,20,21,20,20,20,23,21,24,24,25,26,26,26
20260804_015555_897cb2,1785805632137909,1361810826,2,2,0,-53,128,0,14,14,13,14,13,13,13,14,14,14,14,14,14,14,14,14,15,14,14,14,14,14,14,13,12,12,0,0,0,0,0,0,0,0,0,0,0,10,10,11,11,12,11,12,11,11,12,11,11,12,12,12,12,12,12,12,12,13,13,13,13,13,13,0,52,53,53,53,53,55,54,53,52,54,55,55,55,55,57,57,58,58,58,55,56,53,53,52,50,50,47,47,0,0,0,0,0,0,0,38,39,39,39,42,44,45,45,45,45,46,46,47,46,46,46,45,47,46,47,48,48,48,48,51,52,53,52
20260804_015555_897cb2,1785805632238622,1361910887,2,2,0,-51,128,0,15,15,15,14,14,14,14,14,14,14,14,14,14,13,14,14,13,14,14,14,13,13,12,12,12,11,0,0,0,0,0,0,0,0,0,0,0,10,10,11,11,12,12,13,13,13,13,14,14,14,14,13,14,14,14,14,15,14,15,15,15,15,15,0,59,57,55,56,55,54,52,53,53,54,53,51,51,52,53,53,53,53,52,52,51,48,46,46,45,42,42,40,0,0,0,0,0,0,0,34,36,37,39,40,43,44,47,48,50,51,53,52,54,52,53,54,54,54,54,54,54,57,57,57,55,58,57
20260804_015555_897cb2,1785805632338348,1362010820,2,2,0,-50,128,0,17,17,17,16,16,15,15,15,15,15,15,15,16,15,16,15,15,15,15,15,15,14,13,13,13,13,0,0,0,0,0,0,0,0,0,0,0,10,10,11,11,13,12,13,13,13,13,14,14,14,14,14,14,15,14,15,15,15,16,16,15,15,16,0,59,59,58,58,56,58,58,56,56,56,57,55,56,55,55,54,54,56,56,54,52,51,51,47,46,44,46,42,0,0,0,0,0,0,0,34,33,37,37,38,40,40,42,45,44,47,49,48,49,50,52,51,50,51,54,54,54,54,58,56,56,59,58
20260804_015555_897cb2,1785805632438826,1362112354,2,2,0,-49,128,0,16,16,16,16,15,15,15,15,15,15,15,15,15,15,15,15,15,15,15,15,15,14,14,13,13,13,0,0,0,0,0,0,0,0,0,0,0,9,9,9,10,10,11,11,11,12,13,12,13,13,13,13,13,14,14,14,14,15,15,15,16,15,16,0,60,60,60,60,56,60,58,56,56,57,57,56,55,56,58,57,58,58,59,57,55,54,52,50,49,47,48,44,0,0,0,0,0,0,0,29,30,31,32,35,37,40,40,43,45,48,47,49,50,51,52,53,54,53,56,54,57,57,55,60,57,60,58
20260804_015555_897cb2,1785805632540214,1362213878,2,2,0,-51,128,0,15,14,14,14,14,14,14,14,14,14,14,13,13,14,14,14,14,15,14,14,13,13,13,12,12,11,0,0,0,0,0,0,0,0,0,0,0,7,8,8,9,9,9,10,9,11,12,11,11,11,12,12,12,12,12,13,13,14,14,14,14,14,14,0,58,60,59,59,57,59,56,57,54,56,56,56,56,55,58,56,59,57,58,57,55,53,53,52,49,47,46,46,0,0,0,0,0,0,0,28,29,30,30,33,35,37,37,39,42,42,45,45,44,47,46,48,49,49,51,52,52,55,54,57,58,58,57
20260804_015555_897cb2,1785805632634283,1362310520,2,2,0,-53,128,0,15,15,15,15,15,15,15,14,15,14,14,14,14,14,14,14,14,14,14,14,14,13,13,12,12,12,0,0,0,0,0,0,0,0,0,0,0,7,7,8,8,9,10,10,11,12,12,12,13,13,13,13,14,14,14,14,15,14,15,15,15,15,15,0,62,59,58,60,57,58,57,57,56,57,56,56,55,56,56,56,57,57,54,55,53,52,51,49,46,45,43,42,0,0,0,0,0,0,0,25,26,28,29,32,35,36,36,40,42,45,46,47,49,50,51,50,53,53,53,55,54,56,57,55,59,58,58
20260804_015555_897cb2,1785805632736342,1362410842,2,2,0,-50,128,0,16,16,16,16,15,16,16,15,15,15,15,15,15,15,15,16,15,15,15,15,15,14,14,13,13,13,0,0,0,0,0,0,0,0,0,0,0,7,7,8,8,9,9,10,11,11,12,12,13,13,13,13,14,14,14,14,15,15,15,15,15,16,16,0,62,60,61,61,59,60,60,57,59,58,58,58,58,59,57,57,58,57,58,56,56,54,53,50,51,48,46,45,0,0,0,0,0,0,0,23,24,27,27,27,29,33,36,38,40,43,43,44,45,46,50,50,50,51,51,52,56,56,58,58,60,60,61
20260804_015555_897cb2,1785805632838149,1362510992,2,2,0,-53,128,0,17,16,17,17,16,16,16,16,16,17,17,17,17,17,17,17,17,17,17,17,16,16,15,15,14,14,0,0,0,0,0,0,0,0,0,0,0,8,8,8,8,9,9,10,10,11,11,11,12,12,12,12,13,13,14,14,14,14,15,15,16,16,16,0,29,30,30,30,30,30,29,29,31,30,30,29,31,31,31,31,31,31,32,30,30,29,28,27,27,27,25,25,0,0,0,0,0,0,0,13,13,13,14,14,16,16,17,18,18,19,20,20,21,21,22,22,23,23,25,25,26,26,27,28,28,29,29
20260804_015555_897cb2,1785805632936334,1362611630,2,2,0,-51,128,0,16,16,16,16,15,15,15,15,15,15,15,14,14,14,14,14,14,14,14,14,13,13,13,12,12,11,0,0,0,0,0,0,0,0,0,0,0,10,10,11,11,12,12,13,13,14,14,14,15,15,15,15,15,15,15,15,15,15,16,16,16,16,16,0,60,60,58,59,57,56,56,54,55,55,54,52,53,54,55,52,53,51,51,51,49,47,46,44,43,42,39,38,0,0,0,0,0,0,0,34,35,36,38,40,43,43,44,47,49,52,52,52,53,53,54,55,56,55,56,55,57,56,59,59,59,59,60
20260804_015555_897cb2,1785805633041536,1362714898,2,2,0,-51,128,0,15,16,16,15,15,15,14,14,14,14,13,13,13,14,13,13,13,13,13,13,13,12,11,11,11,11,0,0,0,0,0,0,0,0,0,0,0,8,8,9,9,10,11,11,12,11,12,12,13,13,13,13,13,13,14,14,14,15,15,15,16,16,16,0,59,58,60,57,58,57,56,55,53,54,54,53,53,53,53,52,52,52,51,49,48,46,45,43,41,40,38,37,0,0,0,0,0,0,0,29,31,29,33,36,38,39,40,43,45,47,48,49,50,52,51,51,52,53,54,55,55,57,57,58,60,60,59
20260804_015555_897cb2,1785805633138490,1362814842,2,2,0,-50,128,0,14,14,14,14,14,14,13,13,13,13,13,12,12,12,12,12,12,13,12,12,11,11,10,10,10,9,0,0,0,0,0,0,0,0,0,0,0,11,11,13,13,13,13,14,14,15,15,16,16,16,14,15,16,15,16,16,15,15,16,15,16,16,16,0,58,57,58,56,53,52,51,53,49,50,50,47,48,47,47,47,48,45,48,45,44,41,40,40,37,34,35,32,0,0,0,0,0,0,0,37,38,42,43,44,49,49,53,51,55,58,57,57,58,58,59,59,57,57,57,58,54,57,58,57,55,60,57
20260804_015555_897cb2,1785805633236900,1362913292,2,2,0,-52,128,0,15,15,15,15,15,15,15,15,15,15,15,14,14,15,15,15,16,16,15,15,14,14,13,13,13,13,0,0,0,0,0,0,0,0,0,0,0,7,7,8,8,8,9,9,10,11,11,11,11,11,11,12,12,12,12,13,13,13,14,14,14,14,14,0,57,59,58,58,56,58,57,56,57,56,55,56,56,56,57,57,60,58,59,57,56,56,53,52,51,49,47,47,0,0,0,0,0,0,0,26,27,28,28,31,32,35,35,37,38,40,42,43,44,46,45,45,47,46,47,50,52,52,52,54,55,56,57
20260804_015555_897cb2,1785805633334185,1363010838,2,2,0,-50,128,0,16,16,16,16,16,16,15,14,14,14,14,15,14,14,14,14,14,13,13,13,13,13,13,12,12,11,0,0,0,0,0,0,0,0,0,0,0,11,11,13,13,14,14,14,15,15,16,16,16,16,16,16,16,16,16,16,16,16,16,16,16,17,16,0,60,61,59,56,55,55,54,54,52,53,52,51,50,54,51,51,52,52,48,49,48,48,43,44,43,42,39,37,0,0,0,0,0,0,0,37,38,40,41,45,47,49,51,51,53,55,56,57,56,57,58,59,58,59,57,58,57,57,60,60,59,60,60
20260804_015555_897cb2,1785805633438605,1363110445,2,2,0,-51,128,0,15,15,15,15,15,15,15,15,15,15,14,14,14,14,14,14,14,14,14,14,14,14,13,13,12,12,0,0,0,0,0,0,0,0,0,0,0,11,12,12,13,13,13,13,14,14,15,14,15,15,14,14,15,15,15,15,14,14,15,15,15,15,15,0,58,59,59,57,56,58,54,55,53,54,53,53,55,54,54,53,54,53,53,53,51,51,49,47,47,45,43,42,0,0,0,0,0,0,0,38,39,40,42,46,46,48,49,50,53,53,55,54,56,56,56,54,54,56,55,56,56,57,56,57,58,59,58
20260804_015555_897cb2,1785805633536780,1363210951,2,2,0,-55,128,0,16,16,16,16,15,15,15,14,15,14,14,14,14,14,14,14,14,14,14,14,13,12,12,12,12,11,0,0,0,0,0,0,0,0,0,0,0,10,11,11,12,12,12,13,13,14,14,14,14,14,14,14,14,14,14,14,13,15,16,16,15,16,16,0,58,53,56,53,54,54,51,52,52,52,52,49,49,51,49,51,53,50,49,50,47,46,43,44,44,44,39,40,0,0,0,0,0,0,0,36,38,38,40,42,43,45,47,47,49,50,51,53,51,50,51,50,54,51,53,53,55,51,53,53,54,55,56
20260804_015555_897cb2,1785805633634970,1363310842,2,2,0,-55,128,0,15,16,16,15,15,15,14,14,14,14,14,14,14,14,14,14,14,14,14,14,14,13,13,13,12,12,0,0,0,0,0,0,0,0,0,0,0,10,11,12,12,12,13,13,13,14,14,14,14,14,14,14,15,14,14,15,15,15,15,15,16,16,15,0,58,58,57,56,54,54,54,54,52,53,52,51,52,52,53,52,53,51,52,51,50,49,47,46,46,45,42,42,0,0,0,0,0,0,0,36,38,39,40,42,43,46,46,47,48,51,51,52,53,51,54,53,53,53,53,56,55,56,57,56,56,57,57
20260804_015555_897cb2,1785805633738318,1363411860,2,2,0,-57,128,0,14,14,14,14,13,13,13,13,12,12,12,12,12,12,12,11,11,11,11,11,11,11,11,10,10,9,0,0,0,0,0,0,0,0,0,0,0,14,15,15,15,16,16,16,16,17,17,17,17,16,16,15,16,15,15,15,15,15,15,15,15,14,15,0,55,55,52,52,50,48,49,47,47,49,45,44,46,43,45,43,43,43,43,42,41,39,39,37,36,34,35,35,0,0,0,0,0,0,0,52,55,54,54,57,57,60,60,61,62,64,64,61,62,60,61,58,60,58,58,57,57,57,57,57,57,54,55
20260804_015555_897cb2,1785805633836741,1363513477,2,2,0,-58,128,0,13,13,13,12,12,11,11,10,9,9,9,9,9,8,8,7,7,7,7,7,7,7,7,6,6,6,0,0,0,0,0,0,0,0,0,0,0,15,15,16,17,17,17,18,18,18,18,18,18,18,17,16,16,15,15,15,15,14,15,14,14,14,14,0,26,26,26,24,23,23,22,21,20,18,18,18,18,17,15,15,16,15,14,14,14,13,12,12,12,12,12,12,0,0,0,0,0,0,0,29,30,30,31,33,34,34,34,36,36,36,36,36,35,34,33,33,31,32,30,31,30,30,29,29,29,29,27
20260804_015555_897cb2,1785805633940860,1363614614,2,2,0,-56,128,0,13,13,12,12,11,10,10,9,8,8,7,7,6,5,5,4,4,3,2,2,1,1,1,1,0,1,0,0,0,0,0,0,0,0,0,0,0,16,17,17,18,18,18,19,19,19,20,20,19,19,19,18,17,17,16,17,16,16,16,16,16,15,15,0,25,24,24,22,21,19,18,16,15,15,14,12,11,11,9,9,7,6,5,4,3,3,1,1,1,2,2,2,0,0,0,0,0,0,0,29,29,30,31,32,34,34,34,36,36,37,36,35,35,35,35,34,32,32,32,32,31,30,30,28,29,29,27
20260804_015555_897cb2,1785805634041479,1363715909,2,2,0,-57,128,0,15,14,13,13,13,11,10,10,9,8,7,7,6,6,5,4,4,4,3,3,3,3,3,3,3,3,0,0,0,0,0,0,0,0,0,0,0,15,15,16,17,17,18,18,19,19,20,20,20,20,20,18,19,19,17,19,18,18,17,17,17,16,16,0,28,27,25,24,22,21,18,17,16,15,14,13,11,11,9,9,8,8,6,6,6,5,5,5,5,5,5,4,0,0,0,0,0,0,0,25,26,26,28,30,31,33,32,34,36,37,38,36,38,36,35,35,36,35,34,34,34,33,33,32,31,30,30
20260804_015555_897cb2,1785805634133328,1363810997,2,2,0,-57,128,0,14,13,12,11,11,10,9,9,8,7,6,6,5,5,4,4,4,2,2,2,2,2,2,3,2,2,0,0,0,0,0,0,0,0,0,0,0,15,16,16,17,18,18,20,20,20,21,21,20,21,20,18,18,19,18,18,18,18,17,16,16,15,15,0,26,24,23,22,20,18,16,16,14,13,12,10,10,9,7,7,6,6,5,4,4,4,4,4,5,4,5,6,0,0,0,0,0,0,0,26,27,27,29,31,33,34,34,35,36,38,38,37,38,36,36,36,35,35,33,32,31,31,32,30,30,28,28
20260804_015555_897cb2,1785805634236848,1363911398,2,2,0,-56,128,0,16,16,15,14,13,13,13,12,11,11,11,10,10,10,10,9,9,9,8,8,8,8,8,8,7,7,0,0,0,0,0,0,0,0,0,0,0,12,13,14,16,17,17,17,18,19,19,19,20,20,19,19,19,19,18,18,18,17,17,17,17,17,17,0,29,27,26,25,24,23,22,22,21,19,19,19,18,17,17,17,16,16,16,15,14,14,13,13,13,13,14,13,0,0,0,0,0,0,0,22,22,23,24,27,28,28,31,31,34,35,34,35,36,35,35,35,34,34,33,34,33,33,33,32,30,31,29
20260804_015555_897cb2,1785805634364179,1364040778,2,2,0,-55,128,0,15,15,13,13,13,12,12,12,11,11,11,11,10,10,9,9,10,9,9,9,9,9,8,8,7,7,0,0,0,0,0,0,0,0,0,0,0,10,11,11,13,14,14,14,16,16,16,16,17,17,17,16,16,16,16,16,16,16,16,16,16,16,15,0,59,58,54,49,50,48,46,45,43,43,40,38,39,37,38,38,37,36,38,34,34,33,32,31,29,30,28,27,0,0,0,0,0,0,0,35,39,40,43,46,50,52,54,57,58,61,63,63,64,64,62,61,64,64,62,62,62,62,60,59,60,61,61
20260804_015555_897cb2,1785805634433896,1364112857,2,2,0,-54,128,0,14,14,13,13,12,12,11,11,10,9,9,8,7,6,6,6,6,5,5,4,4,3,3,3,2,2,0,0,0,0,0,0,0,0,0,0,0,12,13,13,13,14,15,15,16,17,17,17,18,18,17,17,17,17,17,16,17,17,17,17,16,16,16,0,28,28,26,25,23,23,21,20,18,18,17,17,17,14,14,13,12,10,9,9,8,7,7,6,5,4,4,4,0,0,0,0,0,0,0,20,21,22,23,25,27,29,29,31,33,34,34,34,35,34,35,34,36,34,34,33,34,33,32,33,32,32,30
20260804_015555_897cb2,1785805634536908,1364212964,2,2,0,-54,128,0,15,14,13,13,13,12,10,9,9,9,9,7,6,6,6,5,5,4,4,3,2,2,1,1,0,0,0,0,0,0,0,0,0,0,0,0,0,13,14,14,15,16,17,17,18,18,19,19,19,19,19,17,18,18,18,17,17,17,17,17,17,16,16,0,28,27,25,25,23,22,21,19,17,17,15,14,13,13,11,10,9,8,8,6,5,4,4,2,1,1,0,1,0,0,0,0,0,0,0,22,23,25,25,27,28,30,30,32,32,34,35,34,34,34,34,34,34,33,34,33,33,33,33,31,31,31,30
20260804_015555_897cb2,1785805634634600,1364312121,2,2,0,-51,128,0,16,15,14,14,13,12,12,11,11,11,9,9,8,8,8,8,6,6,6,5,5,4,4,4,3,2,0,0,0,0,0,0,0,0,0,0,0,13,13,14,16,16,17,18,19,19,20,19,20,20,19,19,19,19,18,18,18,18,18,17,17,18,17,0,30,27,26,26,23,23,22,19,19,19,18,16,15,14,15,13,13,12,11,10,9,8,6,5,7,5,4,4,0,0,0,0,0,0,0,21,23,24,26,27,28,30,30,32,34,34,36,35,35,35,35,34,34,34,34,33,33,32,33,32,31,31,31
20260804_015555_897cb2,1785805634733118,1364411885,2,2,0,-53,128,0,15,14,14,13,13,12,11,10,10,9,9,8,8,7,7,6,6,5,5,5,4,4,3,3,3,1,0,0,0,0,0,0,0,0,0,0,0,14,15,15,16,17,18,18,19,19,19,19,19,19,19,19,18,18,18,17,17,17,17,16,17,17,16,0,28,27,26,25,23,22,21,19,18,17,17,15,14,14,13,12,11,9,9,8,7,6,5,4,4,4,3,2,0,0,0,0,0,0,0,24,26,26,28,30,32,32,33,35,36,37,37,36,36,36,36,36,35,35,35,35,34,34,33,32,32,31,31
20260804_015555_897cb2,1785805634838091,1364511699,2,2,0,-53,128,0,15,15,14,13,12,12,11,10,10,9,9,8,8,8,8,6,7,6,6,5,5,4,4,4,4,3,0,0,0,0,0,0,0,0,0,0,0,13,14,14,15,17,17,17,18,19,19,19,20,20,20,18,18,18,17,18,18,18,18,17,17,17,16,0,27,27,26,24,23,21,21,20,19,17,17,16,16,14,14,13,12,11,11,10,9,9,7,7,6,5,5,5,0,0,0,0,0,0,0,21,22,23,24,27,28,28,30,31,33,34,34,34,34,35,35,34,34,32,33,32,33,32,32,31,30,30,29
20260804_015555_897cb2,1785805634935326,1364610152,2,2,0,-53,128,0,16,15,14,14,13,13,12,12,11,11,10,9,9,9,9,9,9,7,7,6,6,5,5,4,4,4,0,0,0,0,0,0,0,0,0,0,0,11,12,13,13,15,15,15,16,17,17,18,18,18,18,17,18,18,18,18,18,18,18,17,17,17,17,0,60,59,57,54,52,50,46,46,42,41,38,38,35,36,34,32,30,28,26,25,24,22,19,18,17,15,13,13,0,0,0,0,0,0,0,38,40,42,45,49,51,53,57,60,63,66,67,68,68,68,69,69,69,69,67,67,69,68,66,66,66,66,64
20260804_015555_897cb2,1785805635034036,1364711524,2,2,0,-54,128,0,16,16,16,14,13,12,12,11,10,10,10,9,8,8,7,7,7,6,6,5,5,4,4,3,3,3,0,0,0,0,0,0,0,0,0,0,0,13,13,14,15,16,17,18,18,19,20,20,20,20,19,19,19,19,19,19,19,19,19,18,18,18,16,0,30,30,27,26,25,24,22,21,19,19,18,17,16,15,13,13,13,11,10,10,8,7,7,6,5,4,3,4,0,0,0,0,0,0,0,21,22,24,25,27,28,31,32,33,34,35,36,36,36,37,37,37,36,35,35,36,34,36,34,34,32,32,31
20260804_015555_897cb2,1785805635138073,1364812205,2,2,0,-51,128,0,17,16,16,15,14,14,14,13,12,11,11,11,10,10,9,9,9,8,8,7,6,6,6,5,5,4,0,0,0,0,0,0,0,0,0,0,0,12,13,15,16,16,17,17,18,18,20,19,20,19,19,19,19,19,19,19,19,19,19,18,18,18,17,0,31,29,29,26,26,26,24,23,21,21,21,19,18,18,17,16,16,14,14,12,11,10,9,9,8,7,6,6,0,0,0,0,0,0,0,19,21,22,23,25,27,28,30,32,32,34,34,35,34,36,34,35,35,34,33,35,35,34,34,32,33,32,32
20260804_015555_897cb2,1785805635235445,1364911635,2,2,0,-50,128,0,16,15,13,14,13,12,12,12,11,11,11,10,10,10,10,9,9,9,9,9,9,8,8,7,7,7,0,0,0,0,0,0,0,0,0,0,0,13,13,14,14,16,16,17,17,18,18,18,18,18,18,17,18,17,17,17,18,17,17,17,17,16,16,0,27,27,27,26,24,24,22,21,21,21,19,19,18,19,18,16,17,17,17,16,15,14,13,14,14,12,12,12,0,0,0,0,0,0,0,20,22,22,24,26,26,28,30,32,33,33,34,33,34,34,34,32,34,32,32,32,33,33,32,31,31,30,29
20260804_015555_897cb2,1785805635332755,1365011587,2,2,0,-54,128,0,14,14,13,13,12,11,11,10,10,10,9,8,8,8,7,7,7,6,6,6,5,4,4,4,4,4,0,0,0,0,0,0,0,0,0,0,0,12,13,13,14,15,16,16,18,18,18,18,18,18,18,18,18,18,18,17,16,17,16,16,16,15,15,0,29,27,26,25,24,22,20,20,20,19,18,17,16,15,15,14,13,12,12,11,10,8,9,8,7,6,6,5,0,0,0,0,0,0,0,21,22,23,24,26,28,29,30,32,33,34,35,35,35,35,35,34,34,33,34,33,32,32,31,31,32,30,30
20260804_015555_897cb2,1785805635437388,1365113051,2,2,0,-54,128,0,15,14,14,13,12,11,11,10,10,9,8,8,7,7,6,6,5,4,4,3,2,2,2,1,1,1,0,0,0,0,0,0,0,0,0,0,0,14,15,16,17,17,18,19,20,20,21,21,20,20,20,19,19,19,19,19,18,19,19,17,18,17,17,0,29,27,27,24,24,22,20,19,18,16,15,14,13,12,11,9,9,9,6,5,4,4,3,2,2,1,0,1,0,0,0,0,0,0,0,24,25,27,28,29,31,32,34,35,38,38,38,38,38,38,37,37,36,35,35,34,34,34,34,33,33,32,30
20260804_015555_897cb2,1785805635534710,1365212224,2,2,0,-56,128,0,15,15,14,14,13,12,11,11,10,9,9,8,8,8,8,7,7,6,6,5,5,4,4,4,4,4,0,0,0,0,0,0,0,0,0,0,0,12,12,13,14,15,16,17,17,18,18,18,18,18,18,18,18,18,18,18,18,18,17,17,17,17,16,0,29,28,27,26,24,23,21,21,20,20,18,17,16,14,15,14,12,12,11,10,10,8,7,8,7,6,6,6,0,0,0,0,0,0,0,20,21,22,23,25,27,28,29,30,32,33,34,34,34,33,34,34,34,34,33,33,32,32,32,32,32,32,31
20260804_015555_897cb2,1785805635639531,1365311798,2,2,0,-52,128,0,16,15,15,15,14,13,13,12,12,12,11,11,10,10,10,9,9,9,9,8,8,8,7,7,6,6,0,0,0,0,0,0,0,0,0,0,0,12,13,13,13,14,15,16,16,17,18,17,17,17,17,17,17,16,17,16,16,16,16,16,16,17,16,0,29,28,27,27,25,25,23,23,22,21,21,20,19,19,18,18,18,17,17,15,16,14,13,13,12,11,9,10,0,0,0,0,0,0,0,19,20,21,22,24,25,26,27,29,29,31,31,32,32,32,32,32,31,31,31,31,31,30,32,30,31,31,29
20260804_015555_897cb2,1785805635737311,1365411601,2,2,0,-53,128,0,14,14,14,14,13,13,13,12,12,12,11,11,11,11,11,11,11,10,10,10,9,9,9,8,8,7,0,0,0,0,0,0,0,0,0,0,0,10,10,11,12,12,13,13,13,14,15,14,15,15,15,15,15,14,14,14,15,15,15,15,15,15,14,0,58,57,57,54,55,54,51,48,48,47,48,47,46,47,45,44,44,43,42,41,39,38,36,34,32,30,29,28,0,0,0,0,0,0,0,36,38,41,42,45,48,50,53,56,56,58,59,60,62,61,61,60,60,60,59,61,61,60,60,60,61,61,60
20260804_015555_897cb2,1785805635834862,1365511778,2,2,0,-55,128,0,14,13,13,13,12,11,11,10,10,9,9,9,9,9,8,8,8,7,7,7,7,6,6,6,5,5,0,0,0,0,0,0,0,0,0,0,0,12,13,14,15,15,15,17,17,17,18,17,17,17,17,17,17,16,16,16,16,16,16,16,15,15,15,0,27,26,26,24,24,23,22,20,19,19,18,18,17,17,16,16,16,14,15,14,13,13,12,11,10,11,9,9,0,0,0,0,0,0,0,21,23,24,25,26,29,30,31,33,33,34,35,34,34,34,34,33,32,32,31,32,31,31,30,30,30,29,28
20260804_015555_897cb2,1785805635940279,1365612926,2,2,0,-57,128,0,15,15,15,15,15,14,14,13,14,13,13,13,13,13,13,13,13,14,14,13,13,12,12,12,12,11,0,0,0,0,0,0,0,0,0,0,0,11,13,13,14,13,15,15,16,16,16,16,17,17,17,17,17,17,17,16,16,16,16,16,16,16,16,0,55,57,54,52,50,51,50,50,50,50,48,46,47,47,48,48,48,47,47,46,45,45,44,41,41,42,37,39,0,0,0,0,0,0,0,38,39,42,44,47,49,49,51,55,56,58,60,61,62,60,61,61,60,61,60,58,58,59,61,60,59,60,60
20260804_015555_897cb2,1785805636040023,1365712886,2,2,0,-55,128,0,14,14,14,14,14,13,13,12,12,12,12,12,12,13,12,13,12,13,13,12,12,12,11,11,11,10,0,0,0,0,0,0,0,0,0,0,0,12,13,13,14,14,15,16,16,16,16,16,16,16,16,16,16,16,16,15,15,15,15,15,15,15,14,0,54,50,52,51,50,49,46,46,45,46,46,45,46,44,44,46,44,46,48,46,45,44,41,42,39,40,38,38,0,0,0,0,0,0,0,41,44,46,47,49,54,55,57,59,61,60,60,61,62,60,59,59,58,59,57,58,57,55,55,57,55,54,55
20260804_015555_897cb2,1785805636136754,1365811669,2,2,0,-52,128,0,15,15,15,15,15,14,14,14,14,14,14,13,13,14,14,14,14,14,13,13,13,13,12,12,12,11,0,0,0,0,0,0,0,0,0,0,0,8,9,9,10,11,12,12,13,13,13,14,14,14,14,15,14,14,15,14,15,15,15,15,15,15,15,0,57,56,55,57,54,54,52,51,52,52,53,51,50,51,53,51,52,53,52,50,50,48,47,46,44,42,41,40,0,0,0,0,0,0,0,28,30,32,33,36,38,41,43,45,48,49,50,52,53,52,52,54,56,53,55,54,54,56,56,56,57,58,57
20260804_015555_897cb2,1785805636237995,1365910532,2,2,0,-53,128,0,14,14,14,14,14,14,14,14,14,14,14,15,14,14,14,14,14,14,14,14,13,13,13,13,12,12,0,0,0,0,0,0,0,0,0,0,0,6,6,7,7,8,8,9,9,9,11,11,11,12,12,12,12,12,12,12,13,13,14,13,14,14,14,0,58,60,59,58,58,59,57,57,56,57,57,57,57,58,59,59,60,59,59,57,56,55,55,52,51,49,47,46,0,0,0,0,0,0,0,23,25,25,26,29,32,35,35,38,39,42,44,44,46,48,50,48,50,49,51,53,54,54,55,56,58,59,57
20260804_015555_897cb2,1785805636335690,1366010842,2,2,0,-53,128,0,15,16,15,15,15,16,15,15,15,14,15,15,15,15,15,16,16,16,16,15,15,15,14,15,15,14,0,0,0,0,0,0,0,0,0,0,0,8,8,9,9,10,10,12,12,12,13,12,13,13,13,13,13,13,13,14,14,14,14,14,15,15,15,0,56,59,59,56,57,58,55,56,56,57,56,58,58,59,60,61,61,61,60,60,59,57,57,55,54,52,51,51,0,0,0,0,0,0,0,27,28,29,29,34,37,37,40,41,43,45,47,47,47,48,49,50,51,51,50,51,53,55,53,54,56,56,55
20260804_015555_897cb2,1785805636434035,1366110302,2,2,0,-50,128,0,15,15,15,15,14,13,14,14,13,13,13,13,14,14,14,14,14,14,14,13,13,13,12,12,12,11,0,0,0,0,0,0,0,0,0,0,0,8,8,10,10,11,11,11,11,12,13,12,13,13,14,13,14,14,14,14,14,14,14,14,15,15,15,0,57,57,57,54,55,54,55,52,53,53,52,50,52,54,52,53,53,51,53,51,50,49,46,43,47,45,42,40,0,0,0,0,0,0,0,29,31,33,36,38,39,40,41,44,47,50,50,49,48,51,53,52,52,52,53,52,54,53,58,56,55,59,57
20260804_015555_897cb2,1785805636538058,1366210634,2,2,0,-48,128,0,15,15,15,14,14,14,14,14,14,13,14,13,13,13,13,14,13,13,13,13,13,13,12,12,11,11,0,0,0,0,0,0,0,0,0,0,0,10,11,11,12,12,13,13,14,14,14,14,14,14,14,14,14,14,14,14,14,15,15,15,15,15,15,0,57,54,55,55,52,53,53,52,50,51,51,51,50,51,50,52,50,51,51,50,48,47,45,45,41,44,40,39,0,0,0,0,0,0,0,34,37,37,40,42,44,47,48,48,51,53,52,54,55,53,52,56,54,54,54,55,55,55,55,55,56,57,59
20260804_015555_897cb2,1785805636646035,1366321982,2,2,0,-50,128,0,15,15,15,14,15,13,13,13,13,13,13,12,13,12,12,13,13,12,12,12,12,11,11,10,10,10,0,0,0,0,0,0,0,0,0,0,0,11,12,12,13,13,14,15,15,15,15,16,15,15,15,15,15,15,15,15,15,15,15,15,15,16,16,0,58,54,55,55,52,52,49,48,49,48,50,48,48,48,48,48,46,48,47,47,44,41,42,39,40,38,37,35,0,0,0,0,0,0,0,36,38,42,43,46,48,49,53,54,54,58,57,58,58,59,58,57,56,56,55,56,56,58,58,59,57,58,55
20260804_015555_897cb2,1785805636739262,1366412706,2,2,0,-52,128,0,16,16,16,16,15,15,14,14,14,14,14,13,13,13,13,13,13,13,12,12,12,11,11,11,10,10,0,0,0,0,0,0,0,0,0,0,0,12,12,13,14,15,15,16,16,17,17,17,17,17,17,17,17,17,17,17,17,17,17,17,17,17,17,0,28,28,28,27,27,27,25,25,24,24,24,22,22,22,23,23,22,22,22,21,21,20,19,19,18,18,17,16,0,0,0,0,0,0,0,18,20,20,22,23,24,25,27,28,29,30,30,31,30,30,30,30,30,30,29,30,30,29,29,29,29,29,29
20260804_015555_897cb2,1785805636837284,1366510360,2,2,0,-54,128,0,14,14,13,12,12,12,11,11,10,9,9,9,9,9,9,9,9,9,9,9,9,8,8,7,8,8,0,0,0,0,0,0,0,0,0,0,0,14,14,16,16,17,17,17,18,18,18,18,18,18,17,17,17,17,17,16,16,16,16,15,15,15,14,0,27,26,25,25,22,22,21,21,19,19,19,17,17,17,17,17,17,17,17,17,16,15,16,15,16,14,15,14,0,0,0,0,0,0,0,24,25,27,28,29,30,32,33,34,34,35,35,35,34,34,34,32,33,33,31,31,30,30,30,30,29,30,27
20260804_015555_897cb2,1785805636933464,1366610060,2,2,0,-51,128,0,15,14,13,13,12,11,11,10,9,9,9,8,8,7,7,7,6,6,5,5,4,4,3,3,2,2,0,0,0,0,0,0,0,0,0,0,0,16,16,17,18,19,19,19,20,20,21,21,21,20,19,19,18,18,18,18,17,17,17,16,16,16,16,0,26,27,26,23,22,21,19,18,17,17,16,15,13,13,11,11,11,9,9,7,8,7,5,4,4,3,3,3,0,0,0,0,0,0,0,26,28,28,29,32,32,34,35,35,36,37,36,38,36,36,35,34,34,32,33,33,32,31,31,30,30,30,28
20260804_015555_897cb2,1785805637031250,1366710197,2,2,0,-49,128,0,15,14,14,14,13,13,11,10,11,10,9,9,9,9,9,7,8,6,6,5,5,5,4,4,4,3,0,0,0,0,0,0,0,0,0,0,0,16,16,18,19,19,19,20,20,21,21,21,21,20,20,20,19,18,19,18,18,18,18,16,17,17,16,0,26,25,25,23,22,21,20,19,18,17,16,17,15,15,14,14,13,11,10,10,9,9,8,7,6,6,6,4,0,0,0,0,0,0,0,26,27,28,28,31,31,33,34,34,36,36,36,36,36,35,35,33,34,32,33,31,31,31,30,30,28,29,27
20260804_015555_897cb2,1785805637132689,1366810131,2,2,0,-52,128,0,14,13,12,12,11,11,10,10,9,9,8,8,8,7,6,6,6,6,6,5,5,4,4,3,3,3,0,0,0,0,0,0,0,0,0,0,0,14,14,15,16,17,17,19,19,19,19,18,18,18,18,17,17,17,17,17,16,16,16,16,15,15,14,0,53,51,48,46,45,43,38,37,37,36,33,30,30,27,27,26,24,23,21,19,17,16,14,14,12,12,9,9,0,0,0,0,0,0,0,48,50,52,54,58,61,65,66,69,71,72,73,72,72,68,68,67,68,65,65,64,62,60,59,59,59,57,55
20260804_015555_897cb2,1785805637235028,1366910319,2,2,0,-55,128,0,16,14,14,13,13,12,11,11,10,10,9,8,8,8,7,7,6,6,5,4,4,3,3,2,2,2,0,0,0,0,0,0,0,0,0,0,0,17,18,18,19,20,21,22,21,21,21,22,21,22,21,21,20,20,19,20,19,19,19,18,17,17,17,0,27,25,25,22,22,21,19,18,17,16,15,15,13,12,11,11,9,9,9,7,7,5,4,4,3,4,4,4,0,0,0,0,0,0,0,27,28,29,31,31,34,33,35,36,37,38,37,37,36,36,35,36,34,35,31,33,31,33,31,30,30,29,28
20260804_015555_897cb2,1785805637335694,1367011434,2,2,0,-49,128,0,16,15,14,14,13,13,13,11,11,11,11,10,10,10,9,9,9,9,8,8,7,7,7,6,6,5,0,0,0,0,0,0,0,0,0,0,0,15,16,16,17,19,19,20,20,20,21,21,21,20,20,20,19,18,18,18,18,18,18,18,17,17,17,0,28,26,26,25,23,23,21,20,20,20,18,18,18,17,16,16,16,15,15,14,13,11,11,10,10,9,9,9,0,0,0,0,0,0,0,24,26,27,27,30,30,33,33,34,35,36,36,36,35,35,36,33,34,33,32,32,33,32,31,31,30,30,29
20260804_015555_897cb2,1785805637436407,1367112114,2,2,0,-49,128,0,12,13,12,12,11,11,10,10,9,9,9,9,8,8,8,8,7,7,7,6,6,6,5,5,4,4,0,0,0,0,0,0,0,0,0,0,0,13,13,14,15,16,16,16,16,17,17,16,16,16,16,16,15,15,15,15,15,14,14,14,14,14,13,0,25,25,26,23,22,20,21,21,19,18,18,17,17,16,17,16,15,14,14,13,14,12,11,11,9,9,9,8,0,0,0,0,0,0,0,25,26,27,27,30,30,32,31,33,34,33,34,33,33,33,32,31,32,30,30,30,28,29,29,28,29,28,28
20260804_015555_897cb2,1785805637533413,1367211202,2,2,0,-49,128,0,15,15,14,14,14,13,13,12,12,11,11,11,11,11,11,10,10,10,9,9,9,8,7,6,6,6,0,0,0,0,0,0,0,0,0,0,0,13,14,15,16,16,17,17,18,18,18,19,19,18,18,17,17,17,17,17,17,17,17,16,16,16,16,0,27,26,25,25,22,23,21,22,21,21,20,19,19,18,18,18,17,16,16,16,14,14,14,12,11,11,10,10,0,0,0,0,0,0,0,23,23,24,25,26,28,29,29,31,31,32,34,32,33,32,31,30,31,31,30,29,30,30,29,30,29,28,28
20260804_015555_897cb2,1785805637636789,1367310346,2,2,0,-49,128,0,15,14,14,13,13,12,12,11,12,11,11,10,10,10,10,10,9,9,9,9,8,8,8,7,7,6,0,0,0,0,0,0,0,0,0,0,0,15,15,16,17,17,18,18,18,20,19,19,19,19,19,19,18,18,17,17,16,16,16,16,16,16,16,0,27,25,25,23,22,22,21,20,21,20,19,19,18,18,18,18,17,17,16,16,15,14,14,12,12,12,10,10,0,0,0,0,0,0,0,24,24,26,27,28,29,30,31,32,33,34,34,33,33,33,33,33,32,31,30,30,30,30,29,28,29,29,28
20260804_015555_897cb2,1785805637733259,1367411825,2,2,0,-51,128,0,14,14,13,13,12,12,11,11,10,10,10,9,8,9,9,8,8,7,7,6,6,5,5,5,5,4,0,0,0,0,0,0,0,0,0,0,0,16,17,18,18,19,20,21,20,20,20,20,20,20,20,19,18,18,17,17,17,17,17,16,16,16,16,0,27,25,26,23,22,22,21,20,19,18,18,17,16,15,15,14,14,14,12,13,11,10,10,9,7,7,6,6,0,0,0,0,0,0,0,27,30,30,32,33,36,35,36,38,39,38,38,38,38,37,36,35,34,34,32,31,32,32,31,29,29,29,27
20260804_015555_897cb2,1785805637837583,1367510902,2,2,0,-48,128,0,16,16,15,15,14,13,13,12,12,12,11,11,11,11,11,10,10,9,9,9,8,8,7,7,7,7,0,0,0,0,0,0,0,0,0,0,0,16,17,18,19,20,20,20,21,21,21,21,21,20,20,19,19,19,19,18,18,18,18,18,17,17,17,0,27,27,25,24,23,21,21,20,20,19,18,17,18,17,17,16,16,15,15,14,13,12,13,11,10,10,9,9,0,0,0,0,0,0,0,25,27,26,28,31,31,33,33,34,35,36,35,34,35,34,33,33,33,32,32,31,30,31,29,30,28,28,28
20260804_015555_897cb2,1785805637935427,1367610609,2,2,0,-48,128,0,14,12,12,12,11,11,11,10,10,9,9,8,8,8,8,8,7,8,6,6,6,6,5,4,4,4,0,0,0,0,0,0,0,0,0,0,0,16,16,17,17,18,18,18,19,20,19,19,18,18,18,18,17,17,17,17,16,15,16,15,15,15,14,0,25,25,22,24,21,21,20,19,18,18,17,16,15,15,15,14,14,13,13,12,11,11,10,9,9,8,7,7,0,0,0,0,0,0,0,27,28,29,29,32,32,35,35,35,35,37,37,36,35,34,34,33,34,30,31,30,31,30,29,29,28,28,28
20260804_015555_897cb2,1785805638035334,1367711043,2,2,0,-48,128,0,15,14,14,13,13,12,11,11,10,9,10,9,8,8,8,9,8,8,8,7,7,6,6,6,6,5,0,0,0,0,0,0,0,0,0,0,0,16,17,17,18,19,20,20,20,20,20,20,20,20,19,19,19,18,17,18,17,16,17,16,16,16,16,0,24,24,23,22,22,21,19,18,17,17,16,16,16,16,14,15,13,14,13,13,12,11,11,10,9,9,8,8,0,0,0,0,0,0,0,25,26,28,30,29,32,33,34,34,35,35,35,35,34,34,33,33,32,30,30,30,30,28,29,28,28,28,26
20260804_015555_897cb2,1785805638138462,1367813616,2,2,0,-48,128,0,15,15,14,14,14,14,13,12,12,11,11,11,11,10,10,10,10,9,9,9,9,8,8,7,7,7,0,0,0,0,0,0,0,0,0,0,0,15,15,16,17,18,18,18,19,19,19,19,18,18,18,17,17,17,17,17,17,17,17,17,17,17,16,0,28,28,27,25,25,24,23,23,21,21,20,20,19,19,19,18,19,17,17,16,16,14,13,13,13,12,11,11,0,0,0,0,0,0,0,25,27,26,28,29,32,32,31,34,34,35,35,34,34,34,33,34,32,32,31,32,31,31,30,30,30,30,29
20260804_015555_897cb2,1785805638236024,1367912213,2,2,0,-45,128,0,14,14,13,13,12,12,11,11,10,10,10,11,10,10,9,9,9,9,8,8,8,8,8,7,7,6,0,0,0,0,0,0,0,0,0,0,0,13,13,14,15,15,15,16,16,17,17,17,17,17,16,16,16,16,15,15,16,15,16,15,15,15,14,0,27,26,26,24,24,23,23,22,20,21,20,19,20,19,18,18,18,17,16,15,15,14,15,13,13,13,11,11,0,0,0,0,0,0,0,21,22,23,25,26,28,28,29,30,31,32,32,32,32,31,31,31,31,30,30,30,30,29,29,28,29,29,28
20260804_015555_897cb2,1785805638334206,1368012005,2,2,0,-47,128,0,14,14,14,13,13,12,12,11,11,10,11,11,10,9,9,9,10,9,9,8,8,8,8,6,6,6,0,0,0,0,0,0,0,0,0,0,0,13,13,14,15,15,16,16,16,16,17,17,17,17,17,16,16,16,16,15,15,15,15,15,15,16,15,0,25,26,26,26,24,24,23,21,20,20,20,20,20,17,18,18,18,18,15,14,14,14,15,12,11,11,10,10,0,0,0,0,0,0,0,22,24,24,24,27,27,30,29,30,31,32,33,32,32,32,32,31,31,30,30,30,29,29,29,29,28,29,27
20260804_015555_897cb2,1785805638433581,1368110832,2,2,0,-50,128,0,16,14,14,13,13,12,12,11,10,9,9,9,9,8,8,8,7,7,6,5,5,4,4,4,3,4,0,0,0,0,0,0,0,0,0,0,0,16,17,17,19,19,19,21,21,21,21,21,21,21,21,21,21,20,19,18,18,18,18,18,18,17,17,0,27,25,23,23,21,20,19,19,17,17,16,16,14,13,13,13,13,12,10,10,9,9,8,7,6,6,5,5,0,0,0,0,0,0,0,24,26,27,29,29,31,33,33,35,36,36,36,36,36,36,36,35,34,33,32,33,32,31,30,30,29,30,28
20260804_015555_897cb2,1785805638537520,1368212604,2,2,0,-50,128,0,16,16,15,14,14,13,13,12,11,11,11,10,10,9,9,9,8,8,7,7,6,5,5,4,4,4,0,0,0,0,0,0,0,0,0,0,0,16,17,18,18,19,20,21,21,21,21,21,22,21,21,21,20,19,19,19,19,19,19,18,18,18,17,0,27,26,25,23,24,23,21,20,20,18,18,17,16,15,16,15,13,14,12,11,11,9,7,7,7,7,4,5,0,0,0,0,0,0,0,25,27,27,28,29,31,32,33,35,36,36,36,35,36,36,34,35,34,33,32,32,32,32,31,30,30,29,29
20260804_015555_897cb2,1785805638635822,1368311833,2,2,0,-49,128,0,15,15,14,14,13,13,12,11,11,11,10,10,9,9,8,8,8,7,7,6,6,5,5,4,4,3,0,0,0,0,0,0,0,0,0,0,0,15,16,17,17,18,18,19,20,20,20,20,20,20,19,18,19,18,19,18,18,17,17,17,17,16,16,0,28,27,26,25,23,23,21,21,19,19,18,17,16,16,15,15,14,13,14,12,10,11,9,9,7,6,6,5,0,0,0,0,0,0,0,26,27,28,29,30,31,32,34,35,36,36,36,37,36,36,35,34,35,34,33,33,32,32,32,32,30,32,29
20260804_015555_897cb2,1785805638737246,1368411054,2,2,0,-50,128,0,16,16,15,14,13,12,13,11,11,10,10,9,9,9,8,8,8,7,7,6,6,4,4,4,3,3,0,0,0,0,0,0,0,0,0,0,0,16,18,18,19,20,21,21,21,22,22,21,21,21,21,21,20,20,19,19,18,18,18,18,18,17,16,0,26,25,25,24,23,21,20,18,18,18,17,16,14,14,14,13,13,12,10,11,10,9,7,7,5,5,4,4,0,0,0,0,0,0,0,26,28,28,30,31,33,33,35,35,37,37,37,37,37,37,36,35,35,34,33,33,32,32,32,30,31,29,29
20260804_015555_897cb2,1785805638833432,1368511208,2,2,0,-51,128,0,15,15,14,13,12,12,11,11,11,11,11,10,9,9,8,9,8,8,8,7,6,6,6,6,4,4,0,0,0,0,0,0,0,0,0,0,0,14,16,17,17,17,18,19,19,19,19,19,19,19,19,18,18,17,17,17,17,17,17,17,16,16,16,0,27,26,26,23,22,22,21,20,19,18,18,18,16,16,16,16,15,12,13,13,12,11,11,9,8,8,7,7,0,0,0,0,0,0,0,24,25,26,27,29,30,32,30,34,33,35,35,34,34,34,33,32,33,31,31,31,31,30,30,30,31,29,29
20260804_015555_897cb2,1785805638937601,1368611149,2,2,0,-51,128,0,15,15,14,13,12,12,12,11,10,10,9,9,9,8,8,8,7,7,7,5,5,5,4,4,3,3,0,0,0,0,0,0,0,0,0,0,0,14,15,16,16,18,18,18,19,20,20,19,20,19,18,18,19,17,18,17,17,17,17,17,16,16,15,0,27,27,26,25,23,22,20,22,20,19,18,17,15,15,15,13,14,13,11,11,9,9,8,6,6,5,5,5,0,0,0,0,0,0,0,25,27,27,28,30,31,33,33,34,35,36,36,36,35,35,35,33,34,34,32,33,32,31,32,31,30,31,29
20260804_015555_897cb2,1785805639031861,1368710513,2,2,0,-52,128,0,16,16,15,14,14,13,12,11,11,11,10,10,9,9,9,9,8,7,6,6,6,6,5,4,4,4,0,0,0,0,0,0,0,0,0,0,0,18,17,18,19,20,21,22,23,23,23,22,22,22,21,21,20,20,20,19,19,18,18,17,18,18,18,0,26,26,25,24,22,22,20,19,18,18,17,16,15,14,14,14,12,11,11,9,9,8,7,6,6,6,5,5,0,0,0,0,0,0,0,26,27,28,29,31,33,34,34,35,36,37,37,36,36,36,36,35,34,33,32,31,31,31,31,30,29,28,28
20260804_015555_897cb2,1785805639174650,1368852891,2,2,0,-52,128,0,13,13,12,11,11,10,9,9,8,8,8,7,6,6,6,5,5,5,4,4,4,3,3,3,2,2,0,0,0,0,0,0,0,0,0,0,0,17,17,18,19,20,20,21,21,21,21,21,21,20,19,19,19,18,17,16,17,16,16,15,15,14,14,0,24,24,22,21,20,19,18,17,16,15,14,14,12,11,11,10,9,8,8,7,6,6,5,4,4,4,4,4,0,0,0,0,0,0,0,28,30,31,33,35,36,37,37,40,40,40,40,39,39,38,37,36,34,34,32,32,31,30,30,28,28,28,26
20260804_015555_897cb2,1785805639232456,1368911105,2,2,0,-51,128,0,13,13,12,12,11,10,10,9,9,9,9,8,8,8,7,7,7,6,6,5,5,4,4,3,3,3,0,0,0,0,0,0,0,0,0,0,0,15,15,16,17,17,18,18,19,19,19,19,19,18,18,17,17,17,16,16,16,16,16,15,15,15,15,0,26,25,23,22,21,20,20,18,17,17,16,16,16,15,13,13,12,11,10,9,8,9,7,6,5,6,5,4,0,0,0,0,0,0,0,25,27,29,30,30,32,32,36,35,35,37,35,35,36,35,34,34,31,31,31,31,30,30,30,29,28,28,26
20260804_015555_897cb2,1785805639336473,1369011653,2,2,0,-50,128,0,15,14,13,12,12,11,11,10,10,10,9,8,8,8,8,7,6,6,6,6,5,4,4,4,4,3,0,0,0,0,0,0,0,0,0,0,0,16,16,17,18,19,19,20,21,21,21,21,21,20,20,19,19,19,18,18,17,17,17,16,16,16,16,0,26,25,23,23,22,21,19,18,16,17,15,15,13,13,14,13,12,11,11,10,10,8,7,7,6,5,5,4,0,0,0,0,0,0,0,25,26,27,28,31,32,33,34,35,35,36,37,36,36,35,33,33,33,31,31,31,30,30,29,28,27,28,26
20260804_015555_897cb2,1785805639435115,1369112633,2,2,0,-52,128,0,13,13,12,11,11,10,10,9,9,8,8,8,8,7,6,6,5,5,4,4,4,3,3,3,2,2,0,0,0,0,0,0,0,0,0,0,0,16,17,18,19,19,20,20,20,20,21,20,20,20,19,18,19,17,17,17,16,16,16,16,15,15,14,0,25,24,23,21,20,20,18,17,17,16,15,14,14,13,12,10,10,9,9,9,6,6,5,5,4,4,3,2,0,0,0,0,0,0,0,29,30,32,33,33,35,36,38,38,39,39,38,37,37,37,36,35,34,34,32,31,31,31,30,29,28,28,27
20260804_015555_897cb2,1785805639532276,1369210542,2,2,0,-51,128,0,13,13,12,12,11,11,10,9,9,8,8,8,7,7,6,6,6,5,5,5,4,4,3,3,3,2,0,0,0,0,0,0,0,0,0,0,0,16,16,17,18,19,19,20,20,21,21,21,20,20,20,19,19,18,17,17,17,17,17,16,16,16,15,0,25,25,24,22,21,20,19,18,17,16,15,14,13,12,12,10,11,9,9,8,8,8,6,5,4,4,4,4,0,0,0,0,0,0,0,27,28,30,31,33,33,36,35,37,37,38,38,38,37,37,37,35,35,33,33,32,32,31,31,30,28,28,26
20260804_015555_897cb2,1785805639642623,1369320900,2,2,0,-50,128,0,14,13,13,13,11,11,11,10,10,9,9,9,8,9,7,7,8,7,6,6,6,5,5,4,4,3,0,0,0,0,0,0,0,0,0,0,0,15,15,16,17,18,19,19,19,19,19,19,19,20,18,18,18,17,17,17,17,17,17,17,16,16,16,0,27,25,24,23,24,20,20,19,19,18,19,16,16,14,14,14,13,12,13,11,10,11,9,9,8,6,6,6,0,0,0,0,0,0,0,24,27,27,29,30,33,32,34,34,35,37,36,36,36,35,36,34,34,33,32,32,31,31,30,29,29,29,28
20260804_015555_897cb2,1785805639734998,1369412864,2,2,0,-50,128,0,15,15,13,13,13,12,11,11,10,10,10,9,9,8,8,7,7,7,6,6,6,5,5,5,4,4,0,0,0,0,0,0,0,0,0,0,0,15,16,17,17,18,18,19,19,20,21,20,20,20,19,19,19,19,17,17,17,17,17,16,16,16,16,0,27,26,24,24,23,22,20,20,18,18,17,16,16,15,14,14,13,11,12,11,10,10,9,8,8,7,6,6,0,0,0,0,0,0,0,25,28,28,29,31,32,34,34,36,36,36,36,37,37,37,36,35,34,34,33,32,33,31,32,30,30,29,29
20260804_015555_897cb2,1785805639835385,1369510529,2,2,0,-52,128,0,13,13,13,12,11,11,10,10,9,9,9,8,7,7,7,6,6,6,5,5,4,4,4,4,4,4,0,0,0,0,0,0,0,0,0,0,0,16,15,16,17,18,18,19,19,19,20,19,19,19,18,18,18,18,17,18,17,17,17,16,16,15,15,0,52,52,47,45,41,41,40,36,34,34,31,29,27,26,24,22,23,20,19,17,16,15,14,11,11,10,9,10,0,0,0,0,0,0,0,52,54,55,57,63,63,68,67,70,72,72,75,73,72,72,70,69,71,67,68,64,64,63,62,61,59,59,55
20260804_015555_897cb2,1785805639933421,1369611001,2,2,0,-50,128,0,15,15,14,13,13,12,12,11,10,10,10,9,9,9,8,8,8,7,7,7,6,5,5,5,5,4,0,0,0,0,0,0,0,0,0,0,0,15,16,17,18,18,19,20,20,21,21,21,20,21,20,20,20,19,19,19,18,17,18,18,17,17,16,0,27,26,25,24,22,22,21,21,19,19,17,16,17,16,15,14,14,13,12,11,11,10,10,8,8,8,6,5,0,0,0,0,0,0,0,23,25,26,27,30,31,34,34,34,36,35,37,36,36,36,35,36,34,33,34,33,33,31,31,30,30,29,29
20260804_015555_897cb2,1785805640033886,1369710383,2,2,0,-50,128,0,15,15,14,13,12,12,12,10,11,10,10,9,9,9,8,8,7,7,7,6,6,5,5,5,4,4,0,0,0,0,0,0,0,0,0,0,0,15,15,17,17,17,19,19,20,20,20,20,19,20,20,19,18,18,18,18,18,18,17,17,17,16,16,0,55,52,50,49,46,45,41,40,35,36,34,32,33,30,28,27,26,25,24,21,21,17,16,15,15,14,11,11,0,0,0,0,0,0,0,47,50,53,56,58,61,64,64,68,69,72,72,71,72,71,68,69,68,69,65,64,65,64,63,61,60,59,57
20260804_015555_897cb2,1785805640137305,1369811840,2,2,0,-48,128,0,15,15,14,14,13,13,12,12,11,11,10,11,10,10,9,9,9,9,8,8,7,6,6,6,5,5,0,0,0,0,0,0,0,0,0,0,0,14,15,15,16,16,17,18,18,19,19,19,19,19,19,18,18,18,18,18,17,17,17,17,17,16,16,0,28,28,26,25,25,24,22,21,19,21,19,19,18,17,17,16,16,15,15,14,13,13,12,10,10,9,9,9,0,0,0,0,0,0,0,22,23,24,24,28,28,31,32,33,33,34,35,35,35,34,33,32,34,32,32,32,31,31,31,31,30,29,28
20260804_015555_897cb2,1785805640240915,1369914419,2,2,0,-48,128,0,16,16,16,16,14,14,13,13,13,13,13,12,12,11,11,11,11,11,10,9,9,9,9,8,8,7,0,0,0,0,0,0,0,0,0,0,0,13,13,15,15,16,17,18,18,18,19,19,19,19,18,18,19,18,18,19,19,18,18,18,18,18,17,0,59,57,55,53,52,51,48,45,46,45,43,41,42,40,40,39,36,36,36,33,32,31,28,28,25,25,22,21,0,0,0,0,0,0,0,42,42,45,47,50,54,56,60,61,62,64,65,66,64,65,65,64,65,65,63,64,65,63,62,63,63,60,60
20260804_015555_897cb2,1785805640333870,1370010459,2,2,0,-47,128,0,16,15,14,13,13,13,13,12,12,11,11,11,10,10,10,10,10,10,9,9,9,9,8,8,8,7,0,0,0,0,0,0,0,0,0,0,0,13,14,14,15,16,16,17,18,18,18,18,19,19,19,18,18,18,18,17,17,17,17,16,17,16,16,0,56,53,53,47,46,48,44,43,41,40,40,40,38,37,37,36,36,35,33,33,30,30,29,28,26,24,24,21,0,0,0,0,0,0,0,40,43,45,49,52,54,56,60,62,63,64,65,67,67,65,63,64,62,62,61,62,61,61,59,58,61,57,56
20260804_015555_897cb2,1785805640438420,1370110666,2,2,0,-48,128,0,16,16,15,15,14,13,13,12,12,11,11,11,10,11,10,10,10,10,9,9,9,8,8,7,7,7,0,0,0,0,0,0,0,0,0,0,0,15,16,16,18,18,19,19,20,20,20,20,20,19,19,19,19,19,18,18,18,18,18,17,17,17,17,0,27,26,26,25,24,22,21,21,20,20,19,18,18,18,18,18,16,16,15,15,14,13,13,12,13,11,10,10,0,0,0,0,0,0,0,24,25,25,27,28,31,30,32,34,34,35,34,34,34,34,34,34,32,33,32,32,31,31,30,30,30,29,29
20260804_015555_897cb2,1785805640536471,1370211471,2,2,0,-46,128,0,16,16,15,15,14,13,13,12,12,12,11,11,10,10,10,10,10,9,9,8,8,8,7,7,6,6,0,0,0,0,0,0,0,0,0,0,0,14,15,15,16,17,17,18,18,19,19,20,20,20,19,19,18,18,18,17,18,18,18,17,17,17,16,0,28,29,27,26,25,25,24,23,21,21,21,20,19,19,18,18,17,17,16,15,15,14,14,12,12,11,10,11,0,0,0,0,0,0,0,23,24,25,26,28,29,31,31,33,34,34,35,34,34,35,34,34,33,33,31,32,32,32,32,31,32,31,29
20260804_015555_897cb2,1785805640635173,1370310520,2,2,0,-47,128,0,15,15,14,14,13,13,13,12,12,12,11,10,10,10,10,10,9,9,9,8,8,8,7,6,6,6,0,0,0,0,0,0,0,0,0,0,0,13,13,14,15,15,16,17,18,18,18,18,18,18,18,18,18,18,17,18,17,17,17,17,17,16,16,0,29,28,25,26,24,23,23,22,22,20,20,20,18,18,18,18,18,17,16,16,16,13,13,13,12,12,11,9,0,0,0,0,0,0,0,21,22,23,24,25,27,28,29,30,32,33,33,33,33,32,33,33,32,32,32,31,31,30,31,30,30,29,28
20260804_015555_897cb2,1785805640734063,1370410832,2,2,0,-50,128,0,16,15,15,14,13,13,13,11,11,10,10,10,9,9,9,9,8,8,7,7,7,6,6,6,6,6,0,0,0,0,0,0,0,0,0,0,0,16,17,17,18,19,19,20,20,22,21,21,21,21,20,20,20,20,19,19,19,19,19,17,17,17,17,0,27,25,25,24,22,22,21,20,19,18,17,17,16,15,16,15,14,13,11,11,10,11,10,9,8,8,8,7,0,0,0,0,0,0,0,25,26,27,28,29,31,32,34,34,36,36,35,37,36,36,35,35,35,33,33,32,32,32,31,31,30,29,29
20260804_015555_897cb2,1785805640838481,1370512832,2,2,0,-50,128,0,16,15,15,13,13,12,11,11,10,10,9,9,8,8,8,7,7,6,5,5,5,5,4,4,4,3,0,0,0,0,0,0,0,0,0,0,0,16,17,18,18,19,20,21,21,21,22,21,21,21,21,20,20,19,19,18,19,19,18,17,18,18,16,0,26,26,25,23,22,21,19,18,17,17,16,16,14,13,13,12,12,11,9,9,9,8,7,7,6,6,6,5,0,0,0,0,0,0,0,26,26,28,29,31,33,33,34,36,35,37,38,36,37,35,33,34,35,33,32,32,32,32,31,30,30,30,28
20260804_015555_897cb2,1785805640936622,1370610944,2,2,0,-48,128,0,16,15,15,14,14,14,13,13,12,11,11,10,11,10,9,9,9,9,8,8,7,7,6,6,6,6,0,0,0,0,0,0,0,0,0,0,0,16,16,16,19,19,19,20,21,21,20,21,21,21,20,20,20,19,19,19,18,18,18,17,17,17,17,0,28,27,26,26,24,23,22,21,20,21,20,18,18,16,16,17,16,14,14,13,13,12,12,10,10,9,9,9,0,0,0,0,0,0,0,25,25,26,28,30,30,32,32,33,34,35,36,36,35,35,35,34,34,33,32,32,32,32,31,31,30,30,28
20260804_015555_897cb2,1785805641035299,1370710780,2,2,0,-47,128,0,13,13,12,12,11,11,10,10,9,10,9,9,9,8,8,8,8,7,7,7,6,6,6,6,5,5,0,0,0,0,0,0,0,0,0,0,0,14,15,16,16,16,17,17,18,18,18,18,18,18,17,17,17,16,16,16,16,16,15,15,15,15,14,0,26,26,25,24,24,22,22,21,19,19,18,17,17,17,16,15,16,16,14,14,12,13,11,11,11,9,9,9,0,0,0,0,0,0,0,25,27,28,29,30,33,32,33,34,35,35,35,35,35,34,35,34,33,33,31,32,31,31,30,29,29,28,27
20260804_015555_897cb2,1785805641133814,1370810883,2,2,0,-47,128,0,16,15,15,14,14,13,13,12,12,12,11,11,11,11,10,10,10,10,10,9,9,8,8,8,7,7,0,0,0,0,0,0,0,0,0,0,0,15,17,17,18,18,19,19,19,20,20,21,19,20,19,19,18,18,18,18,18,18,18,17,17,17,17,0,54,55,52,50,49,47,45,43,41,40,40,38,38,36,35,36,34,33,32,31,30,29,28,26,25,26,24,23,0,0,0,0,0,0,0,49,52,54,55,58,62,64,65,67,69,69,69,69,69,69,67,68,65,65,64,62,62,60,62,60,58,59,56
20260804_015555_897cb2,1785805641238179,1370911608,2,2,0,-49,128,0,16,15,15,14,13,13,13,12,12,12,11,11,11,11,10,10,10,9,9,9,9,8,8,8,8,8,0,0,0,0,0,0,0,0,0,0,0,17,17,18,19,20,20,21,21,22,22,22,21,21,20,20,19,19,19,18,18,19,18,18,17,17,17,0,25,26,25,24,23,22,21,20,19,19,18,18,17,16,16,16,16,16,16,15,15,13,13,11,12,12,11,11,0,0,0,0,0,0,0,25,27,27,28,30,31,34,34,35,35,35,36,36,35,34,33,33,33,32,31,31,31,30,30,30,28,27,27
20260804_015555_897cb2,1785805641336190,1371011678,2,2,0,-46,128,0,16,15,16,14,13,14,13,12,12,11,11,11,11,11,10,11,11,10,10,9,9,9,9,8,8,8,0,0,0,0,0,0,0,0,0,0,0,13,14,16,16,16,18,17,18,19,19,19,19,19,19,19,18,18,18,18,18,17,17,17,17,17,17,0,28,26,25,25,25,24,22,21,22,20,20,19,19,19,18,18,18,17,17,16,16,16,15,14,14,14,13,13,0,0,0,0,0,0,0,21,23,24,25,26,28,28,31,31,33,33,33,33,33,34,34,33,32,32,31,32,31,31,30,29,29,30,28
20260804_015555_897cb2,1785805641436622,1371110464,2,2,0,-46,128,0,16,16,14,14,14,14,13,13,12,12,12,11,11,11,11,11,11,10,10,10,10,9,9,9,8,8,0,0,0,0,0,0,0,0,0,0,0,14,16,16,17,17,18,19,19,19,20,20,19,19,19,19,18,18,18,18,17,17,17,17,16,17,16,0,55,54,52,50,47,48,44,42,42,41,39,38,39,38,38,37,38,36,35,34,33,33,30,29,27,28,25,26,0,0,0,0,0,0,0,47,49,51,52,58,57,61,63,65,66,66,68,67,68,67,67,64,65,63,61,62,62,60,61,59,59,58,57
20260804_015555_897cb2,1785805641535557,1371211839,2,2,0,-45,128,0,15,15,14,14,13,13,13,13,13,12,12,12,12,12,11,11,11,10,10,10,10,9,9,8,8,8,0,0,0,0,0,0,0,0,0,0,0,13,13,14,15,16,16,17,17,17,17,17,17,17,17,17,16,16,16,16,16,16,16,16,16,16,16,0,56,54,54,52,52,50,48,45,45,45,44,43,41,42,41,42,39,40,39,37,36,33,32,32,30,30,28,28,0,0,0,0,0,0,0,43,45,48,49,50,56,57,60,62,63,64,64,64,65,64,63,64,61,65,61,62,61,61,60,59,59,59,58
20260804_015555_897cb2,1785805641639285,1371313841,2,2,0,-47,128,0,16,16,15,15,14,13,13,13,13,12,12,11,11,11,11,11,11,11,11,11,10,9,9,9,9,9,0,0,0,0,0,0,0,0,0,0,0,16,16,17,18,19,18,19,20,21,21,21,21,20,19,19,19,19,18,18,18,17,17,17,18,17,17,0,27,26,25,25,23,23,22,22,21,20,20,18,18,18,18,19,18,18,17,17,17,16,15,14,14,14,13,13,0,0,0,0,0,0,0,25,26,26,27,29,31,32,31,33,34,35,35,34,34,34,34,33,33,33,32,31,30,30,31,30,30,29,29
20260804_015555_897cb2,1785805641737683,1371412783,2,2,0,-45,128,0,14,13,13,13,12,11,11,11,11,10,10,10,10,10,10,10,10,10,9,9,9,9,8,8,8,8,0,0,0,0,0,0,0,0,0,0,0,12,13,13,15,15,15,16,16,16,17,16,16,16,16,16,16,16,15,15,16,14,14,14,14,15,14,0,50,51,50,49,47,45,43,42,40,41,40,39,41,39,37,38,38,37,38,36,35,34,34,31,30,30,29,28,0,0,0,0,0,0,0,43,46,46,49,53,54,58,59,61,62,63,65,64,62,63,62,60,60,58,59,58,58,58,57,56,55,56,54
20260804_015555_897cb2,1785805641846684,1371520880,2,2,0,-47,128,0,15,16,15,15,14,14,13,13,13,13,12,13,12,12,13,12,12,12,12,11,11,11,10,10,10,10,0,0,0,0,0,0,0,0,0,0,0,14,15,14,15,16,17,17,18,18,18,18,18,18,18,17,17,17,17,17,17,17,17,17,16,17,16,0,27,29,27,28,25,26,24,24,25,24,23,22,22,21,23,21,22,21,21,20,20,19,18,18,18,17,17,16,0,0,0,0,0,0,0,22,23,25,26,27,27,30,29,31,32,32,34,32,33,32,32,31,32,29,30,29,29,30,30,30,30,30,30
20260804_015555_897cb2,1785805641938162,1371610878,2,2,0,-46,128,0,15,14,14,13,13,13,12,12,11,11,11,11,10,10,10,11,10,10,10,10,9,9,9,9,8,8,0,0,0,0,0,0,0,0,0,0,0,13,14,15,16,16,17,17,18,18,18,17,18,17,17,17,17,17,16,17,17,17,16,16,16,16,15,0,27,26,26,25,25,23,23,22,21,21,21,19,20,20,19,19,19,19,19,17,17,15,15,15,15,14,14,14,0,0,0,0,0,0,0,22,23,23,25,27,28,29,29,31,31,32,33,33,32,32,32,30,31,30,30,30,29,29,29,30,29,29,28
20260804_015555_897cb2,1785805642037094,1371710915,2,2,0,-47,128,0,15,14,14,13,13,12,12,11,11,11,10,10,10,9,9,10,9,9,9,9,8,8,8,7,7,7,0,0,0,0,0,0,0,0,0,0,0,14,15,16,17,17,18,18,19,19,19,19,18,19,18,18,18,17,16,16,16,16,16,16,16,16,15,0,26,25,24,23,23,22,20,20,19,19,18,18,18,18,17,17,16,17,17,16,15,14,14,13,13,13,12,12,0,0,0,0,0,0,0,23,25,25,26,27,29,30,31,32,33,33,33,34,33,32,32,31,32,31,30,30,28,28,28,28,27,28,27
20260804_015555_897cb2,1785805642134152,1371811495,2,2,0,-46,128,0,15,14,14,13,13,13,12,12,11,11,11,10,10,10,10,10,9,9,9,9,9,9,9,8,8,8,0,0,0,0,0,0,0,0,0,0,0,13,14,14,16,16,17,17,17,17,17,18,17,17,17,17,16,16,16,16,16,16,16,15,15,15,15,0,26,26,26,24,24,23,22,21,21,21,21,20,19,18,19,19,19,18,18,18,17,16,15,15,14,13,13,12,0,0,0,0,0,0,0,22,24,24,25,27,29,29,30,31,32,32,33,34,33,32,32,32,30,30,29,30,30,30,29,29,30,30,29
20260804_015555_897cb2,1785805642237681,1371910726,2,2,0,-46,128,0,15,15,15,14,14,13,13,12,12,11,11,11,11,11,11,10,10,10,10,9,9,9,9,8,8,8,0,0,0,0,0,0,0,0,0,0,0,13,13,14,15,16,17,17,18,17,17,17,17,18,17,17,17,16,16,16,16,16,16,15,16,16,16,0,27,27,27,25,25,25,23,23,21,21,22,21,20,20,19,19,20,20,18,18,17,16,16,16,15,15,13,13,0,0,0,0,0,0,0,22,23,25,26,26,29,29,32,31,32,33,33,33,33,32,33,32,30,31,29,31,31,30,30,29,29,29,28
20260804_015555_897cb2,1785805642334650,1372012192,2,2,0,-45,128,0,15,15,15,14,13,13,13,12,12,12,11,11,10,11,11,11,11,10,10,10,9,9,9,8,8,8,0,0,0,0,0,0,0,0,0,0,0,13,14,15,16,16,17,17,18,18,18,18,18,18,17,17,17,17,17,16,16,16,16,16,16,16,16,0,28,27,27,26,25,25,23,23,22,21,22,21,19,20,19,19,19,19,19,18,17,16,15,15,14,14,13,13,0,0,0,0,0,0,0,22,24,25,26,27,29,30,31,33,33,33,34,34,33,33,32,32,32,32,31,32,31,30,30,30,30,29,29
20260804_015555_897cb2,1785805642440179,1372115029,2,2,0,-46,128,0,15,14,14,14,13,12,12,11,11,11,10,9,9,9,9,9,9,9,8,8,8,7,7,7,7,6,0,0,0,0,0,0,0,0,0,0,0,14,15,16,17,18,18,19,19,20,20,19,19,19,19,18,18,18,17,17,17,17,17,17,16,16,16,0,27,25,25,23,24,22,21,20,19,18,19,17,17,17,16,17,16,16,15,16,14,13,12,13,12,13,10,11,0,0,0,0,0,0,0,24,24,26,27,27,31,30,33,33,34,34,34,34,34,33,33,33,31,33,30,32,31,30,29,28,30,28,29
20260804_015555_897cb2,1785805642538890,1372212648,2,2,0,-47,128,0,16,15,15,14,14,13,11,11,10,10,10,9,9,8,9,8,8,7,7,7,6,6,5,5,5,4,0,0,0,0,0,0,0,0,0,0,0,15,16,17,18,19,19,20,21,21,21,20,21,21,20,21,19,19,19,19,19,18,17,17,17,17,16,0,27,26,25,24,22,21,21,20,18,17,17,16,17,16,14,13,13,13,13,11,11,9,9,8,7,8,7,7,0,0,0,0,0,0,0,24,25,27,28,29,30,32,33,33,35,35,36,34,36,34,34,33,34,32,32,32,31,31,31,30,29,29,28
20260804_015555_897cb2,1785805642637260,1372311780,2,2,0,-45,128,0,13,13,13,12,12,11,11,11,10,10,10,10,10,9,9,9,9,8,8,8,8,7,7,7,6,6,0,0,0,0,0,0,0,0,0,0,0,13,14,15,15,16,16,16,18,18,18,17,17,17,17,17,16,16,16,16,16,15,16,15,15,15,15,0,26,25,25,24,23,23,21,20,20,19,19,19,19,18,17,17,17,16,16,15,15,15,14,13,12,12,11,11,0,0,0,0,0,0,0,24,25,26,26,28,30,30,32,33,33,33,33,34,34,34,32,33,31,30,30,30,30,29,30,30,29,29,28
20260804_015555_897cb2,1785805642734931,1372411098,2,2,0,-47,128,0,15,15,14,14,13,13,13,11,11,11,10,9,9,9,9,9,9,8,8,8,7,7,7,6,6,6,0,0,0,0,0,0,0,0,0,0,0,15,16,17,17,18,19,20,21,20,20,21,21,20,20,20,18,18,18,18,18,18,17,17,16,16,16,0,26,25,25,23,22,22,21,19,19,19,19,18,16,17,16,16,15,15,15,14,13,12,12,11,10,10,9,10,0,0,0,0,0,0,0,24,26,26,27,29,31,32,33,34,35,35,36,35,35,34,33,33,33,32,32,31,30,30,29,29,29,28,27
20260804_015555_897cb2,1785805642838239,1372514299,2,2,0,-47,128,0,16,15,15,14,14,13,13,12,11,11,11,10,10,11,10,10,9,9,9,8,8,8,7,7,7,6,0,0,0,0,0,0,0,0,0,0,0,15,15,16,17,18,18,19,20,20,20,20,20,20,20,19,19,19,18,18,18,18,18,17,17,17,17,0,28,26,26,24,23,23,22,21,21,20,19,18,19,19,18,17,16,16,16,15,14,14,13,13,12,11,10,11,0,0,0,0,0,0,0,23,25,26,27,29,30,30,32,33,34,34,35,34,35,34,33,33,33,33,31,32,31,30,30,29,30,29,28
20260804_015555_897cb2,1785805642935706,1372612276,2,2,0,-47,128,0,14,15,15,13,13,13,13,11,11,11,11,10,10,10,10,9,9,10,9,8,9,8,8,7,7,6,0,0,0,0,0,0,0,0,0,0,0,15,16,16,16,18,18,18,18,19,19,18,18,18,18,18,18,18,17,17,17,16,16,16,16,16,16,0,54,53,51,49,49,45,46,43,42,42,39,39,39,37,36,35,36,33,32,31,29,27,25,24,23,22,19,17,0,0,0,0,0,0,0,51,54,55,57,61,62,64,65,69,70,70,71,70,70,68,68,66,65,63,61,63,63,60,59,59,58,56,55
20260804_015555_897cb2,1785805643034492,1372711458,2,2,0,-47,128,0,16,15,15,13,13,13,13,12,12,11,11,10,10,10,10,9,9,9,9,9,8,8,7,7,7,5,0,0,0,0,0,0,0,0,0,0,0,15,16,16,17,18,19,20,20,21,20,21,21,20,19,19,19,19,18,18,18,18,18,18,17,17,17,0,53,51,49,48,46,44,42,40,40,38,37,34,37,33,33,32,32,31,30,28,28,27,23,22,22,19,19,18,0,0,0,0,0,0,0,47,50,50,53,57,58,62,63,65,67,69,69,67,67,66,65,65,65,62,62,60,60,59,59,57,59,58,54
20260804_015555_897cb2,1785805643137958,1372810871,2,2,0,-50,128,0,15,15,13,13,13,13,12,11,11,11,10,10,9,10,9,9,9,9,8,8,7,7,7,6,6,6,0,0,0,0,0,0,0,0,0,0,0,12,13,14,15,16,16,17,17,18,19,18,19,18,19,17,18,17,17,16,17,16,17,16,16,16,16,0,56,51,52,50,50,45,42,41,42,40,38,36,37,37,35,36,34,34,32,31,31,28,27,25,23,23,18,21,0,0,0,0,0,0,0,41,43,44,48,51,56,57,60,63,63,65,65,66,67,67,68,67,65,64,63,65,60,61,62,60,60,59,57
20260804_015555_897cb2,1785805643236690,1372911567,2,2,0,-53,128,0,13,12,11,11,10,9,9,9,8,8,7,6,6,6,5,4,4,4,4,3,2,2,2,2,1,1,0,0,0,0,0,0,0,0,0,0,0,16,17,17,18,19,19,20,20,20,21,21,20,20,20,19,19,19,18,17,17,16,16,16,15,15,14,0,23,23,21,21,18,18,16,16,14,15,13,12,10,9,9,9,8,6,6,5,4,4,3,3,2,2,2,3,0,0,0,0,0,0,0,27,28,29,31,33,34,36,36,37,38,39,39,39,38,37,36,36,36,34,34,32,31,31,30,29,29,27,26
20260804_015555_897cb2,1785805643334968,1373010743,2,2,0,-51,128,0,16,15,15,14,13,12,12,11,10,10,10,9,9,9,9,9,8,8,8,7,6,6,5,5,5,5,0,0,0,0,0,0,0,0,0,0,0,14,15,16,17,18,18,19,19,19,19,19,19,19,19,19,18,18,18,18,18,17,17,16,16,16,16,0,25,26,23,24,22,21,20,19,19,19,18,17,17,16,15,14,14,13,13,12,11,9,9,9,8,7,7,7,0,0,0,0,0,0,0,24,24,25,24,28,28,31,30,32,33,33,35,34,34,31,32,31,33,30,31,30,30,29,28,30,28,28,27
20260804_015555_897cb2,1785805643432472,1373110784,2,2,0,-57,128,0,13,13,12,11,11,10,9,9,8,8,7,7,7,6,6,7,6,6,6,6,6,6,6,7,6,6,0,0,0,0,0,0,0,0,0,0,0,17,17,19,19,20,20,21,21,21,21,21,21,21,19,19,19,19,18,18,17,16,16,15,15,15,14,0,24,24,22,20,19,18,17,16,15,15,14,13,12,12,11,11,11,10,11,11,10,11,11,11,11,12,12,12,0,0,0,0,0,0,0,28,30,31,32,33,34,36,36,38,38,37,38,38,38,37,36,34,35,34,33,33,32,30,30,29,28,27,26
20260804_015555_897cb2,1785805643530383,1373210466,2,2,0,-53,128,0,12,11,10,9,9,9,8,7,7,6,5,5,4,4,3,3,2,2,1,1,1,1,1,1,1,1,0,0,0,0,0,0,0,0,0,0,0,15,15,16,16,17,18,18,19,19,19,19,19,19,18,18,17,17,16,16,15,15,15,14,13,13,12,0,24,22,21,19,18,16,16,13,13,12,11,10,8,8,7,7,7,4,4,3,2,2,1,2,2,3,3,4,0,0,0,0,0,0,0,26,28,29,31,32,34,35,36,37,38,39,38,38,38,38,37,36,35,34,33,32,31,30,30,28,27,28,27
20260804_015555_897cb2,1785805643634915,1373310756,2,2,0,-52,128,0,16,16,15,15,14,13,13,12,12,12,11,11,10,10,10,10,9,9,9,8,8,7,7,6,6,6,0,0,0,0,0,0,0,0,0,0,0,14,15,16,16,17,17,18,19,19,20,19,20,19,19,19,19,18,18,18,18,18,18,18,17,17,17,0,29,28,27,26,25,23,23,22,22,21,20,19,19,18,17,17,16,16,16,14,14,13,12,11,10,10,9,8,0,0,0,0,0,0,0,21,23,24,26,27,29,30,31,32,33,34,33,34,34,35,34,33,33,33,32,32,32,32,31,32,30,30,30
20260804_015555_897cb2,1785805643739010,1373413808,2,2,0,-52,128,0,15,15,13,13,12,12,11,11,10,9,9,8,8,8,8,6,6,5,5,4,4,3,3,3,2,2,0,0,0,0,0,0,0,0,0,0,0,16,16,17,17,18,19,20,20,21,20,21,20,20,20,19,19,19,18,18,18,18,17,17,17,16,16,0,57,53,49,47,46,43,41,38,37,35,34,30,30,29,26,26,22,22,20,18,16,14,12,11,9,9,8,8,0,0,0,0,0,0,0,52,54,56,59,59,64,66,69,70,72,74,72,73,73,71,71,71,68,68,65,65,65,62,64,61,61,59,59
20260804_015555_897cb2,1785805643835092,1373510561,2,2,0,-56,128,0,14,14,14,14,13,13,12,12,11,11,11,11,10,11,10,10,10,10,10,9,9,9,9,8,8,8,0,0,0,0,0,0,0,0,0,0,0,11,12,13,14,14,14,15,16,16,16,17,17,17,17,16,16,16,16,16,15,15,15,15,15,15,14,0,54,53,52,50,49,48,45,46,45,44,42,42,42,39,40,39,40,37,37,36,35,35,34,31,30,30,29,28,0,0,0,0,0,0,0,40,43,44,45,49,50,54,56,57,59,61,63,62,64,62,62,61,61,60,60,57,58,60,58,58,57,57,56
20260804_015555_897cb2,1785805643932550,1373611427,2,2,0,-51,128,0,15,14,14,13,12,12,11,10,10,9,9,9,8,8,8,8,7,7,6,5,4,4,4,3,3,3,0,0,0,0,0,0,0,0,0,0,0,19,20,20,21,22,22,23,23,23,22,22,22,21,21,20,20,20,19,19,18,17,17,17,17,16,16,0,25,24,23,21,20,19,18,17,17,16,15,14,14,13,12,12,10,9,9,8,7,6,5,4,4,4,3,2,0,0,0,0,0,0,0,29,31,31,33,35,35,36,37,37,39,39,39,37,36,36,35,34,34,33,32,31,30,29,29,29,27,26,27
20260804_015555_897cb2,1785805644037584,1373711894,2,2,0,-51,128,0,15,15,15,14,14,13,13,12,12,12,11,10,10,10,10,9,9,8,8,7,7,7,6,6,5,5,0,0,0,0,0,0,0,0,0,0,0,16,16,16,16,18,18,18,19,19,20,18,19,18,18,18,18,17,17,17,17,17,17,16,16,16,16,0,53,53,52,50,47,47,45,43,41,41,41,38,37,35,34,32,33,30,29,26,25,23,20,20,18,16,14,13,0,0,0,0,0,0,0,53,55,56,56,60,61,64,64,68,68,69,69,69,68,68,68,66,66,63,63,62,62,61,61,58,60,58,56
20260804_015555_897cb2,1785805644133749,1373811548,2,2,0,-57,128,0,10,10,9,9,8,6,5,5,4,4,3,2,2,2,2,2,3,4,4,4,5,5,6,7,7,7,0,0,0,0,0,0,0,0,0,0,0,19,19,20,21,22,22,22,22,22,22,22,21,21,20,19,19,18,17,16,16,15,15,13,13,13,12,0,19,17,17,14,13,12,11,9,7,6,6,4,3,4,3,4,6,7,9,9,9,11,11,13,13,14,14,14,0,0,0,0,0,0,0,32,34,34,37,35,39,38,40,39,39,41,39,40,38,36,36,36,34,33,30,30,29,28,26,24,24,24,22
20260804_015555_897cb2,1785805644236679,1373910827,2,2,0,-54,128,0,15,16,15,14,14,14,14,14,14,14,14,13,13,13,13,13,13,13,13,13,13,12,12,11,11,11,0,0,0,0,0,0,0,0,0,0,0,11,11,11,12,12,13,14,14,14,15,15,15,16,16,16,16,16,15,16,16,16,16,15,15,16,16,0,59,58,54,57,54,54,53,51,52,52,53,50,49,51,49,49,50,50,48,48,45,46,42,41,41,40,38,35,0,0,0,0,0,0,0,34,37,38,41,41,43,46,49,52,53,55,54,56,57,59,57,57,58,57,58,57,57,57,59,58,58,57,61
20260804_015555_897cb2,1785805644333652,1374010837,2,2,0,-51,128,0,15,16,16,15,15,15,15,15,15,15,15,15,15,15,16,15,15,15,15,15,15,15,14,14,14,13,0,0,0,0,0,0,0,0,0,0,0,7,8,8,9,9,9,10,10,11,11,11,12,12,12,12,12,12,12,13,14,14,14,15,15,15,15,0,59,58,58,57,58,58,56,56,56,56,58,57,57,59,59,59,59,60,59,57,58,54,53,53,51,49,47,46,0,0,0,0,0,0,0,27,28,29,30,31,34,36,38,39,40,41,42,43,45,47,47,48,48,49,48,51,51,52,53,53,55,56,55
20260804_015555_897cb2,1785805644437869,1374112124,2,2,0,-53,128,0,14,14,14,13,13,13,13,12,12,12,11,11,11,11,11,11,11,10,10,10,10,9,9,8,8,8,0,0,0,0,0,0,0,0,0,0,0,9,10,10,11,12,12,13,13,13,14,14,14,14,14,14,14,14,14,15,15,15,15,14,15,15,15,0,58,56,55,54,54,52,50,50,48,48,47,46,46,45,46,44,45,44,43,40,39,38,36,35,34,33,32,30,0,0,0,0,0,0,0,33,35,36,38,42,44,46,49,51,53,55,56,57,59,58,57,60,59,57,59,59,59,58,59,58,59,60,58
20260804_015555_897cb2,1785805644564523,1374241352,2,2,0,-54,128,0,15,15,15,14,13,13,12,12,12,11,11,11,10,10,10,9,9,9,8,8,8,7,7,6,7,7,0,0,0,0,0,0,0,0,0,0,0,13,13,14,15,16,16,17,18,19,19,19,19,19,19,19,19,19,18,17,17,17,17,17,17,17,16,0,29,28,27,25,25,23,22,22,21,21,19,18,18,17,17,17,16,16,16,15,14,13,13,13,13,12,11,11,0,0,0,0,0,0,0,21,22,23,24,26,28,29,30,31,33,34,34,34,34,34,34,34,34,34,33,32,32,32,32,32,31,31,30
20260804_015555_897cb2,1785805644674145,1374347116,2,2,0,-52,128,0,15,14,14,13,13,12,12,11,11,10,10,9,9,9,8,8,8,8,7,7,7,6,6,6,5,5,0,0,0,0,0,0,0,0,0,0,0,12,13,14,16,15,16,17,17,17,18,18,18,18,18,18,18,18,17,18,17,17,17,16,16,16,16,0,29,27,26,25,25,23,22,21,21,20,18,18,17,17,16,16,15,15,13,13,12,11,11,10,9,9,9,9,0,0,0,0,0,0,0,22,23,23,25,26,28,29,31,31,32,34,34,34,35,35,35,34,33,34,32,33,32,32,32,30,31,30,29
20260804_015555_897cb2,1785805644732706,1374410853,2,2,0,-51,128,0,16,16,15,14,13,13,12,12,12,12,11,11,9,9,9,9,9,9,9,8,8,7,7,6,6,6,0,0,0,0,0,0,0,0,0,0,0,12,13,13,14,16,16,17,17,17,19,18,18,18,18,18,18,18,17,17,17,17,17,17,17,17,17,0,30,27,27,25,26,25,23,22,22,20,20,19,19,18,17,17,16,16,16,15,14,13,12,11,11,10,9,9,0,0,0,0,0,0,0,19,21,22,24,24,27,28,29,31,32,32,33,33,33,33,34,34,33,34,32,33,32,32,32,30,31,31,31
20260804_015555_897cb2,1785805644836672,1374510984,2,2,0,-51,128,0,15,14,14,13,13,13,12,11,11,10,10,9,9,8,8,8,7,7,6,6,6,5,4,4,4,4,0,0,0,0,0,0,0,0,0,0,0,13,14,15,16,16,17,17,17,18,18,18,18,18,18,18,17,17,17,17,17,17,17,17,17,17,16,0,27,27,26,25,24,23,22,20,18,18,17,17,17,14,15,13,13,12,13,11,10,9,8,8,7,5,4,4,0,0,0,0,0,0,0,23,24,26,27,28,29,29,30,32,33,35,35,34,35,35,35,34,34,33,32,33,32,31,31,31,31,32,30
20260804_015555_897cb2,1785805644934807,1374610899,2,2,0,-54,128,0,15,14,14,13,12,12,11,11,10,9,9,9,8,8,8,8,7,6,6,5,5,5,5,5,4,4,0,0,0,0,0,0,0,0,0,0,0,14,16,16,18,18,18,19,20,20,20,20,20,20,20,20,19,19,18,19,18,18,18,17,17,16,16,0,28,27,26,24,23,23,20,19,18,18,16,16,15,14,13,13,13,11,11,10,9,9,9,8,8,7,6,6,0,0,0,0,0,0,0,24,25,27,28,30,31,34,33,35,36,37,38,36,37,37,36,36,37,34,35,34,33,32,33,31,31,30,30
20260804_015555_897cb2,1785805645034505,1374710657,2,2,0,-50,128,0,15,14,14,13,13,12,11,11,10,10,9,8,8,8,8,8,7,6,6,6,5,4,4,4,3,3,0,0,0,0,0,0,0,0,0,0,0,14,15,16,16,17,18,18,18,19,19,19,19,19,19,18,18,17,18,17,17,17,17,17,17,16,16,0,28,28,25,25,24,22,21,20,19,19,18,16,16,15,15,13,13,11,11,11,9,7,7,6,6,4,4,3,0,0,0,0,0,0,0,26,27,27,28,29,32,33,34,34,36,37,37,36,36,36,35,35,35,33,34,32,33,33,33,32,32,32,30
20260804_015555_897cb2,1785805645131863,1374810883,2,2,0,-54,128,0,13,12,11,11,10,9,8,7,7,6,6,4,4,4,3,3,2,2,1,1,1,1,1,1,1,3,0,0,0,0,0,0,0,0,0,0,0,15,16,17,18,18,19,19,20,20,20,20,20,20,20,19,18,19,18,18,17,17,16,16,16,15,14,0,24,23,22,20,18,17,16,14,14,12,10,9,9,7,7,5,4,4,2,2,1,2,2,3,3,5,4,4,0,0,0,0,0,0,0,26,27,28,29,31,32,34,35,36,37,38,38,37,37,37,36,35,35,34,33,32,32,31,31,30,29,27,27
20260804_015555_897cb2,1785805645235484,1374911870,2,2,0,-54,128,0,14,14,13,11,11,11,10,9,8,8,7,7,6,6,5,5,4,4,3,4,3,4,4,3,3,4,0,0,0,0,0,0,0,0,0,0,0,16,17,18,18,19,20,20,21,21,21,21,21,21,20,20,19,19,18,18,18,18,17,17,16,16,15,0,25,24,22,21,19,19,18,16,14,14,13,12,11,10,9,8,8,7,6,6,6,6,6,5,5,6,6,7,0,0,0,0,0,0,0,26,28,29,30,32,33,35,35,36,37,38,39,38,37,37,36,35,35,34,33,33,33,32,31,30,29,29,27
20260804_015555_897cb2,1785805645333003,1375011414,2,2,0,-52,128,0,15,14,13,13,13,12,11,11,10,9,9,8,8,8,6,6,6,6,4,4,4,3,3,2,1,1,0,0,0,0,0,0,0,0,0,0,0,14,14,16,16,16,17,18,19,19,19,18,19,19,18,18,18,17,17,17,17,17,17,16,16,16,16,0,28,27,25,24,23,22,21,20,18,18,16,16,14,14,13,12,13,11,8,8,8,6,6,4,4,3,2,2,0,0,0,0,0,0,0,24,24,26,26,28,29,30,31,33,34,34,35,34,35,34,34,32,33,32,32,31,31,31,31,31,30,29,28
20260804_015555_897cb2,1785805645431445,1375110562,2,2,0,-53,128,0,14,13,13,12,11,10,10,9,9,8,8,7,7,6,6,5,5,4,4,3,3,2,1,1,1,2,0,0,0,0,0,0,0,0,0,0,0,15,15,16,17,17,17,18,18,18,19,19,19,18,18,18,17,17,17,16,16,16,16,15,15,15,15,0,27,25,24,23,21,20,19,18,17,16,15,14,13,12,11,10,9,9,8,6,6,4,4,4,3,2,3,3,0,0,0,0,0,0,0,25,27,28,29,30,32,33,34,34,35,36,36,35,36,35,34,33,33,33,32,32,32,31,31,30,29,30,28
20260804_015555_897cb2,1785805645535506,1375211405,2,2,0,-53,128,0,15,15,15,14,13,13,12,11,11,10,10,10,10,8,8,7,7,7,7,7,6,6,5,4,4,4,0,0,0,0,0,0,0,0,0,0,0,15,15,16,16,17,17,18,18,18,19,18,19,18,18,18,18,18,17,17,17,17,17,17,17,17,16,0,28,27,26,24,25,24,22,21,19,19,19,17,17,15,14,15,13,15,13,11,12,11,8,7,7,8,6,4,0,0,0,0,0,0,0,25,26,26,28,29,30,31,32,33,35,34,35,35,34,34,34,34,33,33,33,33,32,32,31,31,31,31,29
20260804_015555_897cb2,1785805645633519,1375310739,2,2,0,-51,128,0,17,16,16,15,15,14,13,13,12,12,12,11,10,11,10,10,9,9,8,7,7,6,6,5,5,4,0,0,0,0,0,0,0,0,0,0,0,14,15,15,16,17,17,18,19,19,19,19,19,19,19,19,19,19,19,19,19,19,19,18,18,18,18,0,30,28,28,26,26,25,23,23,22,22,20,19,18,18,18,17,15,16,14,13,12,10,10,10,8,7,6,5,0,0,0,0,0,0,0,23,23,24,26,27,29,30,32,33,33,34,34,35,34,34,34,34,34,34,33,34,34,33,33,33,33,32,32
20260804_015555_897cb2,1785805645737461,1375411965,2,2,0,-54,128,0,14,14,13,13,12,11,10,9,9,8,8,7,6,6,5,5,4,4,4,3,3,1,1,1,1,1,0,0,0,0,0,0,0,0,0,0,0,16,16,17,18,19,19,20,21,21,21,20,20,20,20,20,20,18,18,18,18,17,17,17,17,16,16,0,26,25,25,22,21,20,18,17,16,16,15,12,11,10,9,9,8,7,6,5,4,3,3,4,3,4,4,4,0,0,0,0,0,0,0,27,28,29,30,31,33,34,34,36,37,37,37,37,37,36,36,36,35,34,34,32,32,32,31,31,30,29,28
20260804_015555_897cb2,1785805645840750,1375514098,2,2,0,-52,128,0,15,15,14,13,13,12,12,11,11,10,9,9,9,8,8,7,7,6,6,6,5,5,4,4,3,3,0,0,0,0,0,0,0,0,0,0,0,15,16,16,17,18,18,19,20,20,20,20,20,20,20,19,19,18,18,18,18,18,18,17,17,17,16,0,27,27,26,24,23,22,21,20,19,18,18,16,16,15,13,13,13,11,11,10,9,9,7,7,6,5,4,4,0,0,0,0,0,0,0,25,26,28,29,29,31,33,34,34,35,36,37,37,36,36,36,35,35,34,32,32,32,32,31,31,30,31,29
20260804_015555_897cb2,1785805645939275,1375613683,2,2,0,-51,128,0,14,13,13,12,11,11,10,9,9,8,8,7,7,7,6,6,6,5,4,4,3,3,3,2,2,1,0,0,0,0,0,0,0,0,0,0,0,16,15,17,17,18,18,19,20,20,20,19,19,19,18,18,17,17,17,17,17,17,17,16,16,15,15,0,25,24,24,22,21,20,20,18,16,15,15,15,13,12,12,11,10,9,8,7,7,5,4,5,4,3,3,2,0,0,0,0,0,0,0,26,28,29,29,30,33,34,35,35,36,36,37,37,36,36,35,34,34,33,32,32,32,32,32,31,30,29,27
20260804_015555_897cb2,1785805646037417,1375713740,2,2,0,-53,128,0,15,14,14,14,12,11,11,10,10,10,9,8,8,7,7,7,6,6,6,5,5,4,4,4,4,4,0,0,0,0,0,0,0,0,0,0,0,15,15,16,16,17,17,17,19,19,19,19,19,19,18,18,18,17,17,17,17,16,17,16,16,16,16,0,27,26,25,24,23,23,21,19,18,17,17,16,15,14,14,13,11,11,11,10,9,8,8,7,6,6,6,5,0,0,0,0,0,0,0,25,26,26,28,28,31,31,32,34,35,34,34,36,34,35,34,34,33,33,33,33,32,32,31,31,30,30,29
20260804_015555_897cb2,1785805646135957,1375810927,2,2,0,-51,128,0,16,15,14,14,13,12,12,11,10,10,9,9,8,8,8,7,6,6,5,5,4,4,3,3,3,2,0,0,0,0,0,0,0,0,0,0,0,16,16,17,18,18,18,20,21,21,21,21,21,21,21,19,20,19,20,18,19,18,18,18,17,17,17,0,53,51,50,46,45,43,39,38,36,34,32,29,27,26,25,25,21,21,19,16,15,13,11,10,9,7,6,5,0,0,0,0,0,0,0,48,50,52,55,57,63,63,67,69,69,70,71,72,72,70,69,69,68,67,65,66,64,63,62,60,62,59,58
20260804_015555_897cb2,1785805646234032,1375911635,2,2,0,-51,128,0,15,14,14,13,12,11,10,10,9,8,8,7,6,6,6,5,4,4,3,3,2,2,1,1,0,0,0,0,0,0,0,0,0,0,0,0,0,16,17,17,18,19,20,20,20,21,21,21,21,20,20,20,19,19,18,18,18,18,17,17,17,17,16,0,26,25,23,22,21,20,18,17,16,16,14,13,12,12,11,9,8,8,8,6,5,4,3,2,1,1,0,1,0,0,0,0,0,0,0,25,26,28,29,31,31,33,34,36,36,37,37,36,36,36,35,34,34,33,33,32,32,31,30,30,29,29,28
20260804_015555_897cb2,1785805646338095,1376010873,2,2,0,-50,128,0,16,15,15,14,14,13,12,11,11,11,11,10,10,10,8,8,8,8,7,6,6,6,6,5,4,4,0,0,0,0,0,0,0,0,0,0,0,13,14,14,16,16,17,18,18,18,18,18,18,18,18,18,17,17,17,17,18,17,18,17,17,17,17,0,28,29,28,26,24,25,22,22,21,20,19,18,18,17,16,14,15,14,13,12,12,12,11,10,9,7,7,6,0,0,0,0,0,0,0,22,22,24,26,27,28,30,30,32,33,33,34,33,34,34,34,33,34,31,32,32,32,32,32,31,31,31,30
20260804_015555_897cb2,1785805646437018,1376111061,2,2,0,-55,128,0,14,14,14,12,12,12,11,11,10,9,9,9,9,8,8,9,9,9,8,8,8,8,8,7,7,7,0,0,0,0,0,0,0,0,0,0,0,13,13,14,15,16,16,17,17,17,17,17,17,17,17,17,17,17,16,16,17,16,16,16,16,16,15,0,27,25,25,23,23,22,21,19,18,19,18,17,16,16,17,16,15,15,16,16,15,14,14,14,13,14,14,15,0,0,0,0,0,0,0,21,23,23,25,26,27,28,30,31,32,32,33,33,32,33,32,32,32,31,31,31,31,31,29,30,30,30,28
20260804_015555_897cb2,1785805646535178,1376210823,2,2,0,-52,128,0,16,15,15,15,13,13,13,12,13,12,12,11,11,11,11,11,10,10,10,9,8,8,8,7,7,6,0,0,0,0,0,0,0,0,0,0,0,13,13,13,15,16,16,16,17,17,18,18,18,18,17,17,17,17,16,17,17,16,16,16,16,16,16,0,57,54,53,52,52,50,47,45,44,44,44,41,41,40,39,39,36,38,35,34,33,30,28,27,26,24,21,23,0,0,0,0,0,0,0,42,44,48,50,52,56,57,60,61,63,65,64,66,66,65,66,65,63,63,61,61,61,60,59,60,62,59,59
20260804_015555_897cb2,1785805646633112,1376311796,2,2,0,-51,128,0,15,14,14,13,12,12,11,11,10,9,9,9,8,8,7,7,6,6,5,5,4,4,3,3,2,2,0,0,0,0,0,0,0,0,0,0,0,15,16,16,18,18,19,19,19,20,20,20,20,20,20,20,19,19,18,19,18,17,17,16,17,16,16,0,28,27,26,24,23,23,21,20,19,17,16,15,15,14,13,12,11,11,10,9,8,7,7,6,4,4,3,4,0,0,0,0,0,0,0,26,27,28,29,32,32,34,34,36,37,37,38,38,36,38,36,35,36,33,33,33,34,33,32,32,31,30,29
20260804_015555_897cb2,1785805646737869,1376410434,2,2,0,-52,128,0,16,16,15,15,14,14,14,11,11,11,10,10,9,9,9,9,8,7,7,7,6,6,6,4,4,5,0,0,0,0,0,0,0,0,0,0,0,15,15,16,16,17,17,19,19,20,20,19,21,21,19,20,19,19,19,19,19,19,18,18,18,18,17,0,28,28,28,27,26,24,22,22,21,19,19,16,16,17,16,15,14,12,14,13,12,11,8,9,7,8,8,7,0,0,0,0,0,0,0,23,24,25,27,28,30,30,32,33,34,35,35,35,35,34,35,34,34,34,34,34,34,34,33,32,31,31,30
20260804_015555_897cb2,1785805646837011,1376510994,2,2,0,-51,128,0,16,15,14,14,13,13,11,11,11,9,9,8,8,8,8,7,7,7,6,5,5,4,4,4,3,3,0,0,0,0,0,0,0,0,0,0,0,17,17,18,18,19,20,21,21,21,22,21,21,21,21,20,20,20,19,19,19,19,19,18,17,17,17,0,28,26,24,23,22,21,19,18,18,17,17,15,14,13,13,12,11,11,10,9,8,7,6,6,5,5,3,3,0,0,0,0,0,0,0,26,27,29,30,31,33,33,35,36,36,38,36,38,37,36,35,35,35,34,33,33,32,31,32,30,30,30,30
20260804_015555_897cb2,1785805646935867,1376611080,2,2,0,-53,128,0,15,14,14,13,12,12,11,10,9,9,8,8,8,7,6,6,6,5,4,4,4,4,3,3,2,2,0,0,0,0,0,0,0,0,0,0,0,13,14,14,15,15,16,17,17,18,18,18,18,18,18,18,17,17,17,17,17,17,17,16,16,16,16,0,29,27,27,25,24,23,22,20,18,18,17,16,15,15,14,13,12,11,10,9,8,6,6,6,5,4,4,4,0,0,0,0,0,0,0,22,24,25,26,27,29,30,32,32,33,34,35,34,34,34,35,34,34,32,32,33,32,32,32,32,32,31,30
20260804_015555_897cb2,1785805647034865,1376711607,2,2,0,-58,128,0,12,11,11,9,8,7,7,5,5,4,3,2,1,0,1,1,2,2,3,4,4,5,5,6,6,7,0,0,0,0,0,0,0,0,0,0,0,14,15,16,17,18,18,19,19,20,21,20,20,20,19,19,19,19,18,18,18,17,17,16,16,15,14,0,24,22,20,19,17,15,12,11,9,8,6,5,2,1,0,2,4,4,6,8,8,10,11,12,11,13,14,14,0,0,0,0,0,0,0,25,27,28,29,31,32,34,35,36,37,39,38,38,38,37,38,37,36,35,35,34,34,33,32,31,30,29,27
20260804_015555_897cb2,1785805647132818,1376811308,2,2,0,-52,128,0,14,13,13,12,11,11,10,9,9,8,8,7,6,8,7,6,5,5,4,4,4,3,2,2,2,1,0,0,0,0,0,0,0,0,0,0,0,11,12,12,13,14,15,16,16,16,17,17,17,17,17,17,17,17,16,16,16,16,16,15,16,15,15,0,28,28,27,25,24,22,21,20,19,18,16,16,15,15,13,13,12,10,9,9,7,6,5,4,4,4,3,2,0,0,0,0,0,0,0,21,22,23,25,26,28,30,31,32,34,35,36,35,36,35,36,35,34,34,34,33,34,34,33,33,32,32,31
20260804_015555_897cb2,1785805647236807,1376913195,2,2,0,-52,128,0,15,14,14,13,12,12,11,10,10,9,9,8,8,9,7,7,6,6,5,4,4,4,4,3,3,3,0,0,0,0,0,0,0,0,0,0,0,13,14,15,16,16,17,18,18,19,18,19,19,18,18,18,17,18,17,18,17,17,17,16,17,16,16,0,28,27,26,24,23,22,20,19,19,18,17,16,14,14,13,12,11,11,10,9,8,7,6,6,5,5,5,4,0,0,0,0,0,0,0,22,24,25,27,29,30,30,33,34,35,36,36,37,36,35,35,35,35,35,34,34,32,34,32,32,31,30,31
20260804_015555_897cb2,1785805647335010,1377011758,2,2,0,-55,128,0,16,15,15,14,13,12,12,11,10,9,8,8,8,7,6,6,6,5,4,4,3,3,2,2,2,1,0,0,0,0,0,0,0,0,0,0,0,14,15,16,16,17,17,19,19,19,21,20,21,20,20,20,20,19,18,19,18,18,19,18,18,17,17,0,28,28,26,25,24,23,21,19,17,17,16,15,14,12,12,11,10,9,8,6,5,4,4,3,4,1,2,1,0,0,0,0,0,0,0,21,23,25,25,28,29,30,32,33,35,36,37,37,37,37,36,35,36,35,34,34,35,35,33,32,32,32,30
20260804_015555_897cb2,1785805647439287,1377114913,2,2,0,-54,128,0,16,15,14,13,13,11,11,10,9,9,8,7,6,6,6,5,4,4,4,2,2,1,1,1,0,0,0,0,0,0,0,0,0,0,0,0,0,13,15,16,16,17,18,19,19,20,20,21,20,20,20,20,19,19,19,19,18,18,18,18,18,17,16,0,57,53,50,49,45,40,38,37,33,32,29,27,24,22,21,19,18,14,12,9,9,6,4,2,3,1,2,2,0,0,0,0,0,0,0,44,48,50,53,57,59,63,66,70,71,73,74,76,73,75,73,72,73,70,70,68,69,67,66,65,63,62,60
20260804_015555_897cb2,1785805647544373,1377217139,2,2,0,-54,128,0,13,13,12,11,11,10,9,9,8,8,8,7,6,7,7,7,6,6,6,6,6,6,6,7,7,7,0,0,0,0,0,0,0,0,0,0,0,13,13,14,16,16,17,18,18,18,18,19,19,19,19,19,18,17,17,17,17,16,16,15,15,14,14,0,50,48,45,46,40,38,35,34,32,33,31,29,27,27,28,26,27,27,27,27,26,26,26,26,25,25,27,25,0,0,0,0,0,0,0,46,48,51,53,59,61,65,65,67,72,73,75,73,70,71,70,70,71,65,67,63,62,62,61,59,58,58,53
20260804_015555_897cb2,1785805647636111,1377311614,2,2,0,-56,128,0,15,15,13,12,12,11,10,10,9,8,8,7,7,6,5,4,4,3,3,2,1,1,1,1,1,2,0,0,0,0,0,0,0,0,0,0,0,12,13,14,15,15,17,17,18,19,19,20,20,20,20,20,19,19,18,18,18,18,17,17,17,17,16,0,29,26,26,24,22,21,19,19,17,16,15,14,12,11,10,8,7,6,5,4,3,1,2,1,2,2,3,3,0,0,0,0,0,0,0,20,22,23,24,26,28,30,31,33,34,35,36,36,36,37,36,36,35,36,35,34,34,34,33,33,33,33,30
20260804_015555_897cb2,1785805647733936,1377411571,2,2,0,-52,128,0,16,15,14,14,13,13,12,12,11,11,10,10,10,9,8,9,8,7,7,6,6,6,5,5,4,3,0,0,0,0,0,0,0,0,0,0,0,12,12,13,14,14,15,15,16,18,18,18,18,18,18,18,17,17,17,17,17,17,16,16,16,16,16,0,28,28,26,26,24,24,23,22,21,21,19,19,18,17,17,16,15,14,13,12,11,11,9,9,8,7,7,6,0,0,0,0,0,0,0,19,21,21,22,25,25,28,28,29,31,32,33,32,32,33,33,32,33,31,32,31,32,32,32,32,32,31,31
20260804_015555_897cb2,1785805647838143,1377511227,2,2,0,-54,128,0,16,15,16,14,14,14,14,12,12,11,11,10,11,11,9,9,10,10,10,9,8,8,8,8,7,5,0,0,0,0,0,0,0,0,0,0,0,11,12,12,14,14,14,15,16,17,17,17,17,18,17,17,17,17,17,17,17,17,17,17,17,17,17,0,62,59,56,52,51,52,49,48,46,45,41,43,38,41,38,38,37,35,34,28,29,28,23,25,25,27,22,20,0,0,0,0,0,0,0,37,38,41,48,48,51,52,56,57,61,62,64,65,65,63,64,64,64,65,62,64,63,64,61,62,63,62,63
20260804_015555_897cb2,1785805647936155,1377610827,2,2,0,-51,128,0,16,16,16,16,15,16,15,15,15,15,14,14,14,13,15,14,15,13,13,13,13,13,13,13,12,12,0,0,0,0,0,0,0,0,0,0,0,8,8,9,9,10,11,11,12,13,13,13,14,14,14,14,14,14,15,14,15,16,16,16,16,16,16,0,63,60,60,59,57,57,54,55,52,54,54,53,54,53,55,55,55,55,52,51,52,50,47,50,47,43,44,43,0,0,0,0,0,0,0,24,29,29,31,33,37,39,40,42,47,48,47,49,50,51,53,51,52,52,55,55,55,56,57,58,59,60,59
20260804_015555_897cb2,1785805648044619,1377716576,2,2,0,-51,128,0,16,16,16,16,16,15,16,14,14,15,15,15,15,14,15,15,15,15,15,14,14,14,13,13,13,12,0,0,0,0,0,0,0,0,0,0,0,10,10,11,11,12,12,12,13,13,14,14,14,14,15,14,15,15,15,16,15,16,16,16,16,16,16,0,58,61,60,58,57,55,55,53,54,54,57,54,52,55,53,55,55,57,55,55,53,51,50,49,47,47,45,43,0,0,0,0,0,0,0,33,35,35,36,39,42,43,46,47,49,49,51,54,52,52,52,52,54,53,54,58,57,57,57,57,59,58,57
20260804_015555_897cb2,1785805648135863,1377811789,2,2,0,-50,128,0,16,16,16,16,16,16,15,15,15,15,14,15,14,14,14,14,15,14,14,14,14,14,14,13,12,12,0,0,0,0,0,0,0,0,0,0,0,9,9,11,12,12,12,13,14,14,14,14,14,14,14,15,16,15,15,16,16,16,16,16,16,16,16,0,59,59,61,57,56,57,55,58,55,55,55,55,52,57,51,55,53,55,52,51,51,49,49,46,43,43,41,42,0,0,0,0,0,0,0,29,32,35,37,39,41,43,45,47,49,51,51,53,53,54,53,54,55,55,57,56,57,55,58,57,59,59,60
20260804_015555_897cb2,1785805648237632,1377912503,2,2,0,-50,128,0,16,16,16,16,16,16,15,15,15,14,14,14,14,14,15,15,15,15,14,14,14,13,13,13,13,12,0,0,0,0,0,0,0,0,0,0,0,9,9,10,9,11,11,12,13,13,14,14,14,15,14,14,14,14,15,15,16,16,16,16,16,16,16,0,60,60,60,58,59,58,56,55,55,55,54,55,55,54,55,55,56,55,55,53,53,52,50,49,45,44,44,43,0,0,0,0,0,0,0,28,30,32,33,36,37,40,42,44,45,48,51,52,51,54,51,53,54,54,55,55,57,58,58,59,60,60,59
20260804_015555_897cb2,1785805648340729,1378013376,2,2,0,-53,128,0,16,16,16,16,14,14,15,13,14,14,14,14,14,14,14,14,14,14,14,13,13,13,12,12,12,11,0,0,0,0,0,0,0,0,0,0,0,9,9,9,10,11,11,12,13,13,14,14,14,15,15,15,15,15,15,15,16,16,16,16,16,16,16,0,59,58,57,58,57,54,55,53,53,53,53,53,51,51,53,52,53,51,51,50,50,47,45,44,43,42,40,40,0,0,0,0,0,0,0,27,30,31,34,36,39,41,43,46,47,50,52,53,54,55,55,55,57,55,57,57,57,57,57,59,59,59,60
20260804_015555_897cb2,1785805648433851,1378110788,2,2,0,-53,128,0,15,14,13,13,12,12,11,11,10,10,9,9,8,8,8,8,7,7,7,5,5,5,4,4,4,4,0,0,0,0,0,0,0,0,0,0,0,12,13,14,15,16,16,16,17,17,18,18,18,18,17,17,17,16,16,16,16,16,16,16,16,16,15,0,28,25,25,25,24,22,21,19,19,18,17,17,16,16,15,15,13,14,13,12,12,11,10,8,8,8,7,7,0,0,0,0,0,0,0,21,22,23,25,26,28,29,32,32,33,34,33,34,34,34,33,33,32,32,31,32,31,31,30,29,30,29,28
20260804_015555_897cb2,1785805648533340,1378210357,2,2,0,-53,128,0,14,13,13,12,12,11,11,10,10,9,9,8,8,8,8,8,7,7,7,6,6,6,5,5,6,5,0,0,0,0,0,0,0,0,0,0,0,12,13,14,15,15,16,16,17,17,17,17,18,18,17,17,17,17,16,16,16,16,16,15,15,15,15,0,28,26,25,25,23,22,21,19,19,19,18,17,17,16,16,15,14,14,13,13,12,11,12,11,10,11,10,9,0,0,0,0,0,0,0,22,23,25,26,27,29,30,31,33,34,35,35,35,35,35,34,33,33,33,33,32,31,31,30,31,30,30,30
20260804_015555_897cb2,1785805648632371,1378311907,2,2,0,-55,128,0,15,15,14,13,12,11,11,10,9,9,9,7,7,7,6,5,4,4,4,3,2,2,1,1,1,0,0,0,0,0,0,0,0,0,0,0,0,15,15,16,17,18,19,19,20,21,21,20,21,21,20,20,20,19,19,19,19,18,18,18,17,17,16,0,27,26,25,23,21,20,19,18,16,16,14,14,12,12,9,10,8,7,5,5,4,2,2,1,1,0,1,1,0,0,0,0,0,0,0,23,24,26,28,28,32,32,34,35,36,37,37,37,37,37,37,37,35,35,34,34,34,33,33,31,31,30,30
20260804_015555_897cb2,1785805648736349,1378413998,2,2,0,-52,128,0,13,13,13,12,11,10,9,9,9,8,7,7,7,6,6,6,5,5,4,4,3,4,3,3,3,2,0,0,0,0,0,0,0,0,0,0,0,14,14,15,16,17,17,17,18,19,19,19,19,18,18,18,18,17,17,16,16,16,16,16,16,15,14,0,26,25,23,22,21,21,18,18,17,16,14,14,13,12,11,12,10,10,9,9,6,7,6,6,5,5,4,4,0,0,0,0,0,0,0,24,24,26,27,29,30,31,33,34,36,36,37,36,36,36,36,34,34,34,33,32,32,31,30,30,29,29,27
20260804_015555_897cb2,1785805648835930,1378512871,2,2,0,-50,128,0,14,14,14,13,12,12,11,11,10,10,10,9,9,8,8,8,7,7,6,6,6,5,5,4,4,4,0,0,0,0,0,0,0,0,0,0,0,13,14,14,15,16,16,17,17,18,18,18,18,18,18,17,17,17,16,16,16,16,17,16,16,16,15,0,27,26,26,25,24,23,22,21,19,19,17,17,16,16,16,15,14,14,13,12,10,10,9,9,7,7,6,6,0,0,0,0,0,0,0,22,23,24,26,27,29,30,31,31,32,33,33,33,33,34,34,32,32,32,32,31,30,31,30,29,30,30,28
20260804_015555_897cb2,1785805648934632,1378611660,2,2,0,-50,128,0,16,15,15,14,14,14,13,12,12,12,12,11,11,10,10,9,9,9,9,9,7,7,6,6,5,5,0,0,0,0,0,0,0,0,0,0,0,14,15,16,16,17,17,18,19,19,20,20,20,20,20,19,18,18,18,18,19,19,18,17,17,17,17,0,55,54,51,48,48,47,45,44,39,40,39,39,36,35,35,32,33,30,28,28,27,24,22,20,20,17,16,15,0,0,0,0,0,0,0,44,47,51,51,54,57,60,62,65,67,68,69,68,66,67,69,65,66,66,65,62,64,63,61,59,61,60,57
20260804_015555_897cb2,1785805649033918,1378711818,2,2,0,-54,128,0,14,13,13,12,12,10,10,9,8,8,7,7,6,6,5,4,4,3,3,2,2,1,1,0,0,1,0,0,0,0,0,0,0,0,0,0,0,13,14,15,16,17,17,18,19,20,20,20,20,20,19,19,19,18,18,18,17,17,17,16,16,16,15,0,26,26,25,23,21,21,19,18,16,15,14,13,12,10,10,8,8,7,5,4,3,3,2,1,0,1,1,2,0,0,0,0,0,0,0,21,23,25,27,28,30,31,32,34,34,37,36,36,36,37,36,36,34,34,33,33,33,32,32,31,30,30,28
20260804_015555_897cb2,1785805649137259,1378811697,2,2,0,-54,128,0,15,15,14,14,13,13,12,12,11,11,10,10,10,9,9,8,8,8,7,7,6,6,6,5,5,4,0,0,0,0,0,0,0,0,0,0,0,13,13,15,15,16,16,17,19,19,20,19,19,19,19,19,19,19,19,18,18,17,17,17,17,17,16,0,29,27,27,25,25,24,23,22,20,20,19,18,18,17,16,15,15,14,13,13,12,11,10,9,8,8,7,8,0,0,0,0,0,0,0,22,23,24,25,27,28,30,32,34,34,34,36,36,36,37,36,36,34,34,34,34,34,34,32,31,33,31,30
20260804_015555_897cb2,1785805649235200,1378911829,2,2,0,-53,128,0,13,12,12,11,10,10,9,8,8,7,7,6,5,5,5,4,4,4,4,3,3,2,2,2,2,1,0,0,0,0,0,0,0,0,0,0,0,15,16,17,17,19,19,19,20,20,20,20,20,20,20,18,18,18,17,17,17,17,16,16,16,15,14,0,25,24,22,21,19,18,16,15,15,14,13,12,10,10,9,9,7,6,6,5,4,4,3,3,3,3,2,3,0,0,0,0,0,0,0,27,29,30,31,32,34,34,37,38,38,38,38,38,38,37,37,34,35,34,33,34,32,32,30,29,29,28,28
20260804_015555_897cb2,1785805649332755,1379011751,2,2,0,-50,128,0,14,15,13,12,12,12,11,10,10,9,9,9,8,8,8,7,7,6,6,6,6,4,4,4,4,4,0,0,0,0,0,0,0,0,0,0,0,19,20,20,21,21,22,22,22,22,23,22,22,22,21,20,20,19,19,18,18,18,17,17,16,16,15,0,25,24,23,20,20,20,19,18,17,17,16,15,14,14,13,12,11,12,11,9,9,8,8,7,6,7,5,5,0,0,0,0,0,0,0,28,31,31,34,35,36,36,38,38,39,39,38,37,36,35,36,35,33,33,32,32,31,31,29,29,28,28,27
20260804_015555_897cb2,1785805649435801,1379112159,2,2,0,-49,128,0,14,14,13,13,12,11,10,10,10,9,9,8,9,8,7,7,7,7,6,5,5,4,4,4,4,4,0,0,0,0,0,0,0,0,0,0,0,17,17,19,19,20,21,21,21,21,21,21,21,21,20,19,20,19,19,18,18,17,17,17,17,16,16,0,24,23,22,22,21,21,19,17,16,16,15,14,14,14,13,12,11,11,11,9,9,9,9,7,7,6,6,5,0,0,0,0,0,0,0,26,28,29,29,31,33,35,35,36,36,36,36,37,36,35,35,33,34,32,31,31,31,30,30,29,28,27,27
20260804_015555_897cb2,1785805649538915,1379211595,2,2,0,-47,128,0,16,15,15,14,14,14,13,12,11,11,11,11,11,11,11,11,10,10,10,9,9,9,8,8,8,8,0,0,0,0,0,0,0,0,0,0,0,15,16,16,18,18,19,20,20,20,20,20,20,19,19,19,18,19,18,18,17,17,17,17,17,17,17,0,26,27,25,25,23,23,22,21,20,21,19,19,18,18,18,18,18,17,16,16,16,14,14,14,13,13,12,12,0,0,0,0,0,0,0,24,25,26,27,28,29,31,32,34,34,34,34,34,34,34,33,33,32,32,31,31,30,30,30,29,29,29,28
20260804_015555_897cb2,1785805649636934,1379312190,2,2,0,-47,128,0,14,13,13,12,11,11,11,10,10,9,9,9,9,8,8,7,7,7,7,6,6,6,5,4,4,4,0,0,0,0,0,0,0,0,0,0,0,14,14,15,16,17,16,17,18,18,17,17,17,17,17,17,16,16,16,16,16,16,16,15,15,15,14,0,28,24,25,23,22,21,20,19,19,18,18,16,17,16,16,15,14,15,14,13,12,11,9,9,9,9,7,7,0,0,0,0,0,0,0,24,26,27,28,28,31,31,33,33,35,35,34,34,34,33,34,33,33,33,31,30,30,30,30,29,29,29,28
20260804_015555_897cb2,1785805649735666,1379411931,2,2,0,-46,128,0,15,15,14,14,13,13,12,11,11,11,11,10,10,9,9,9,9,9,9,8,8,7,7,7,6,6,0,0,0,0,0,0,0,0,0,0,0,14,15,16,16,17,18,18,18,18,19,19,19,19,19,18,17,17,17,17,17,16,16,16,16,16,15,0,27,27,26,25,23,24,22,21,20,21,20,19,18,17,17,17,16,15,15,14,14,13,13,11,11,10,10,10,0,0,0,0,0,0,0,24,26,26,26,30,30,33,33,33,35,34,36,35,35,35,33,31,34,32,32,31,31,31,31,31,30,30,28
20260804_015555_897cb2,1785805649840264,1379512737,2,2,0,-47,128,0,15,14,14,13,13,12,12,11,11,11,10,11,11,10,10,10,10,9,9,9,9,9,9,9,7,7,0,0,0,0,0,0,0,0,0,0,0,15,15,16,16,17,17,18,18,18,19,18,18,18,18,18,17,17,16,16,16,16,16,16,16,16,16,0,26,26,25,24,23,23,22,21,20,21,19,19,18,19,17,18,18,17,17,17,16,15,14,14,14,13,13,12,0,0,0,0,0,0,0,23,25,26,26,28,29,30,32,32,33,33,34,33,32,32,32,32,31,30,29,30,30,29,29,29,28,29,27
20260804_015555_897cb2,1785805649939696,1379613770,2,2,0,-47,128,0,16,15,14,13,13,13,12,11,11,11,10,10,9,9,9,9,8,8,9,8,8,8,7,7,7,7,0,0,0,0,0,0,0,0,0,0,0,16,17,17,18,18,20,20,20,20,21,21,20,20,20,20,19,19,17,18,18,17,17,17,17,17,16,0,27,26,25,23,23,22,20,20,19,19,19,18,17,17,15,16,15,16,15,14,13,13,12,12,11,11,10,10,0,0,0,0,0,0,0,26,27,28,30,30,32,33,35,35,35,37,35,35,35,35,35,34,33,32,31,32,32,30,31,30,30,29,28
20260804_015555_897cb2,1785805650038166,1379711687,2,2,0,-46,128,0,16,15,15,14,14,13,12,11,11,12,10,10,9,10,10,9,9,9,8,8,8,7,6,6,6,6,0,0,0,0,0,0,0,0,0,0,0,14,15,16,17,17,18,19,19,20,19,19,19,19,18,18,18,18,17,17,17,16,16,16,16,16,16,0,27,24,24,24,23,22,21,19,20,19,19,18,16,17,16,16,15,16,15,14,14,12,11,11,11,11,9,9,0,0,0,0,0,0,0,23,24,25,27,28,29,30,32,32,33,33,32,34,33,33,33,33,31,31,30,30,29,29,29,28,28,28,28
20260804_015555_897cb2,1785805650135870,1379813379,2,2,0,-47,128,0,16,15,14,13,13,13,12,12,11,11,11,10,9,9,10,10,10,9,9,8,8,7,7,7,6,6,0,0,0,0,0,0,0,0,0,0,0,15,16,16,17,17,18,18,19,20,19,20,20,20,20,19,19,19,18,18,17,17,17,17,16,16,16,0,27,25,25,24,23,21,21,20,19,20,19,17,17,17,16,16,16,16,16,15,15,14,11,11,11,11,10,10,0,0,0,0,0,0,0,24,24,26,27,28,30,30,31,33,33,34,34,35,35,33,33,32,32,32,31,31,29,30,29,29,29,29,28
20260804_015555_897cb2,1785805650238880,1379912303,2,2,0,-45,128,0,15,14,14,13,13,13,13,12,11,11,11,11,11,11,11,11,10,10,10,10,9,9,8,8,8,7,0,0,0,0,0,0,0,0,0,0,0,13,14,15,16,16,17,17,18,18,17,17,17,18,17,17,17,17,16,16,16,16,16,16,16,16,16,0,56,54,51,50,51,49,46,44,44,43,42,40,40,38,38,38,36,38,37,35,34,31,30,29,27,27,26,24,0,0,0,0,0,0,0,44,48,49,52,54,56,57,60,63,65,65,66,66,65,66,64,64,64,62,61,62,63,60,60,60,59,59,59
20260804_015555_897cb2,1785805650337036,1380011094,2,2,0,-45,128,0,15,14,14,14,13,13,12,11,11,11,11,11,10,11,10,10,10,10,9,9,9,9,8,8,8,8,0,0,0,0,0,0,0,0,0,0,0,14,14,15,16,16,16,17,18,18,18,18,19,17,17,17,17,17,17,17,17,17,17,17,16,16,16,0,55,57,53,52,49,49,46,45,43,44,41,40,39,38,40,37,37,33,34,33,32,30,29,27,26,25,24,23,0,0,0,0,0,0,0,45,47,50,51,55,56,60,62,64,66,67,70,69,67,68,66,65,67,65,65,62,63,63,63,61,61,60,59
20260804_015555_897cb2,1785805650435171,1380111952,2,2,0,-45,128,0,14,14,14,14,13,12,12,12,11,11,11,11,10,10,10,10,9,9,9,9,9,8,8,8,7,7,0,0,0,0,0,0,0,0,0,0,0,14,14,15,15,16,17,18,17,18,18,18,18,18,18,17,17,17,17,17,17,17,17,16,16,16,16,0,29,27,26,25,25,24,23,22,21,21,20,19,20,19,19,19,17,19,18,17,16,15,15,14,14,13,13,12,0,0,0,0,0,0,0,23,24,25,26,27,30,30,32,32,33,34,34,34,34,33,33,33,33,33,31,31,31,31,30,30,30,30,30
20260804_015555_897cb2,1785805650534742,1380212186,2,2,0,-46,128,0,15,15,15,14,13,13,12,12,12,12,11,11,11,11,11,10,10,10,9,8,8,8,8,7,7,6,0,0,0,0,0,0,0,0,0,0,0,14,14,16,16,17,17,18,19,19,19,18,18,18,18,18,18,17,17,17,16,17,17,16,16,17,16,0,28,28,26,26,24,24,23,22,21,22,21,19,19,19,19,18,18,18,16,16,16,15,13,13,13,11,11,10,0,0,0,0,0,0,0,24,25,26,27,30,30,32,33,33,34,35,36,36,35,35,34,33,34,33,32,31,33,32,31,32,31,30,30
20260804_015555_897cb2,1785805650633965,1380311799,2,2,0,-47,128,0,16,15,15,14,14,13,12,12,11,11,11,10,10,9,9,9,9,8,8,8,7,7,6,5,5,5,0,0,0,0,0,0,0,0,0,0,0,16,16,17,18,18,19,20,20,21,21,21,21,21,20,19,20,19,18,18,19,19,18,18,18,17,16,0,27,26,25,24,23,22,21,20,20,18,18,18,17,17,15,16,15,14,13,13,12,12,11,10,9,9,8,8,0,0,0,0,0,0,0,24,25,26,28,29,30,31,32,34,34,35,34,35,35,34,34,34,33,33,31,32,31,31,31,29,30,29,27
20260804_015555_897cb2,1785805650737043,1380411895,2,2,0,-45,128,0,14,14,14,14,13,12,12,11,11,11,11,10,10,10,10,10,9,9,9,8,8,8,7,7,7,6,0,0,0,0,0,0,0,0,0,0,0,14,15,15,16,17,17,18,18,19,19,18,18,18,18,17,17,17,17,17,17,17,17,16,16,16,15,0,27,26,26,25,23,24,23,20,20,19,20,18,19,18,17,17,17,17,17,16,15,14,13,13,12,12,11,10,0,0,0,0,0,0,0,23,25,25,27,28,30,31,32,34,34,34,34,34,34,34,33,34,33,33,31,32,31,30,30,30,30,29,30
20260804_015555_897cb2,1785805650836137,1380512485,2,2,0,-46,128,0,14,13,13,13,12,11,11,11,10,9,9,9,9,9,8,8,8,8,8,7,7,7,6,6,6,5,0,0,0,0,0,0,0,0,0,0,0,15,16,16,16,17,18,19,19,19,19,19,19,18,18,18,18,17,17,16,16,16,16,16,16,15,15,0,51,51,49,47,44,44,41,38,37,36,35,34,31,30,31,28,28,29,28,25,25,23,22,21,19,18,17,16,0,0,0,0,0,0,0,48,52,55,57,59,62,64,67,69,71,70,71,71,69,69,68,67,66,64,63,62,62,60,60,57,58,57,56
20260804_015555_897cb2,1785805650940549,1380614266,2,2,0,-47,128,0,16,15,14,14,13,13,12,11,11,11,10,10,9,9,9,8,9,9,9,8,8,8,7,7,6,6,0,0,0,0,0,0,0,0,0,0,0,16,17,18,18,19,19,20,21,21,22,21,21,20,20,19,19,19,19,18,19,18,18,18,18,17,16,0,27,25,25,23,22,22,21,20,19,18,17,17,17,16,16,15,14,14,14,13,13,13,12,11,10,10,10,9,0,0,0,0,0,0,0,25,27,28,29,31,32,33,34,36,36,36,37,36,36,35,34,34,34,32,33,32,31,31,30,30,29,29,28
20260804_015555_897cb2,1785805651035074,1380711692,2,2,0,-50,128,0,15,15,14,14,13,12,12,11,11,11,10,9,10,9,9,9,8,9,9,8,8,7,7,6,7,6,0,0,0,0,0,0,0,0,0,0,0,17,18,19,19,21,21,22,22,22,22,22,22,21,21,20,20,20,20,19,18,18,17,17,17,17,17,0,25,25,24,23,21,21,19,19,19,16,18,17,18,14,15,13,13,16,14,11,14,11,11,10,11,11,9,9,0,0,0,0,0,0,0,27,28,28,30,31,33,35,34,37,37,37,37,36,36,35,34,33,33,32,30,30,30,29,29,28,27,28,26
20260804_015555_897cb2,1785805651133082,1380811735,2,2,0,-50,128,0,16,14,15,14,13,12,12,11,11,11,10,9,9,9,8,8,8,8,7,6,6,6,6,6,5,5,0,0,0,0,0,0,0,0,0,0,0,16,18,18,19,19,21,21,21,22,21,21,21,21,21,21,20,20,19,19,18,18,18,17,17,17,17,0,27,25,25,22,22,21,19,19,18,16,16,16,16,15,14,14,13,13,13,12,12,11,10,9,9,8,7,7,0,0,0,0,0,0,0,25,26,27,30,30,34,34,35,36,36,38,36,36,36,36,35,35,33,33,31,32,33,30,31,28,29,29,29
20260804_015555_897cb2,1785805651237251,1380911702,2,2,0,-50,128,0,17,15,16,14,14,14,13,13,12,11,11,11,10,11,10,9,9,9,9,8,8,7,7,7,6,6,0,0,0,0,0,0,0,0,0,0,0,14,15,16,17,18,18,19,19,20,20,20,20,21,20,20,19,19,18,18,18,18,18,17,18,17,17,0,29,29,26,25,23,23,22,22,20,20,20,18,19,18,18,17,18,16,15,14,14,14,12,12,10,10,9,9,0,0,0,0,0,0,0,21,23,24,25,27,28,31,31,33,34,34,36,36,34,34,34,34,34,33,33,33,31,31,31,31,30,30,27
20260804_015555_897cb2,1785805651340668,1381013869,2,2,0,-51,128,0,16,15,15,15,14,14,13,13,12,12,12,11,11,11,12,11,11,11,11,10,9,9,9,9,9,7,0,0,0,0,0,0,0,0,0,0,0,10,11,12,13,14,14,15,16,17,17,17,17,17,17,17,17,17,17,16,16,17,16,16,16,16,16,0,27,27,26,26,25,25,23,23,22,22,22,21,21,20,20,20,19,19,19,18,18,16,16,16,14,13,13,13,0,0,0,0,0,0,0,17,18,20,21,22,24,25,26,28,29,29,31,31,31,31,30,30,31,30,30,30,30,29,29,30,29,29,28
20260804_015555_897cb2,1785805651438869,1381111733,2,2,0,-50,128,0,16,17,16,16,16,16,16,16,15,16,15,16,15,16,15,16,16,16,16,15,15,14,14,14,13,13,0,0,0,0,0,0,0,0,0,0,0,8,9,10,10,11,11,11,12,12,13,13,14,15,15,15,15,15,15,16,16,16,16,16,16,16,16,0,30,29,31,29,29,29,29,28,27,29,29,27,26,28,28,29,28,29,27,28,26,27,26,25,24,24,22,22,0,0,0,0,0,0,0,13,14,15,15,17,18,18,21,21,22,23,23,24,24,25,25,26,26,28,26,28,28,28,29,29,29,30,30
20260804_015555_897cb2,1785805651536396,1381210854,2,2,0,-49,128,0,15,14,14,14,13,13,14,13,14,14,14,14,14,14,14,14,14,14,14,13,13,13,12,12,11,11,0,0,0,0,0,0,0,0,0,0,0,10,10,11,11,12,12,12,12,13,13,13,14,13,13,13,14,14,14,14,14,14,14,14,14,15,15,0,56,57,56,55,54,53,52,52,52,54,54,52,52,52,53,54,52,52,52,50,50,47,46,46,45,43,41,40,0,0,0,0,0,0,0,33,36,35,37,41,43,44,44,48,47,50,49,50,50,50,51,52,52,52,53,52,54,53,54,56,57,55,56
20260804_015555_897cb2,1785805651639458,1381312224,2,2,0,-55,128,0,14,15,15,15,15,15,15,15,15,16,16,16,16,17,17,17,18,18,18,18,18,17,16,16,15,15,0,0,0,0,0,0,0,0,0,0,0,8,8,8,9,9,9,9,9,9,9,9,9,9,9,9,10,10,10,10,11,11,11,12,13,13,14,0,28,28,29,29,29,30,30,30,30,31,32,32,32,33,34,34,34,35,35,34,34,34,33,32,31,31,29,29,0,0,0,0,0,0,0,16,16,17,16,17,17,17,17,18,17,17,18,18,18,17,18,18,19,19,20,21,22,22,22,23,24,24,26
20260804_015555_897cb2,1785805651737891,1381411658,2,2,0,-49,128,0,15,15,15,14,14,14,13,13,13,14,13,14,13,14,14,14,14,14,12,13,13,12,11,11,11,10,0,0,0,0,0,0,0,0,0,0,0,10,11,12,12,13,12,13,13,13,14,14,14,14,14,14,14,14,14,13,14,15,15,15,15,16,15,0,58,54,55,55,56,54,54,52,51,52,52,51,49,51,50,49,52,51,51,49,49,47,44,43,41,40,38,37,0,0,0,0,0,0,0,37,39,40,41,44,46,47,49,50,50,52,52,52,53,53,55,52,52,52,53,53,55,54,54,57,57,57,56
20260804_015555_897cb2,1785805651835909,1381511167,2,2,0,-49,128,0,15,15,15,15,14,15,14,14,15,15,15,15,15,15,15,16,15,16,16,15,15,14,14,13,13,13,0,0,0,0,0,0,0,0,0,0,0,11,11,12,12,12,13,13,13,13,13,14,14,14,14,13,14,14,14,14,14,14,15,14,15,15,15,0,56,55,55,55,53,54,53,53,53,55,54,53,53,56,56,57,57,56,55,55,57,53,49,50,49,48,44,44,0,0,0,0,0,0,0,40,38,41,41,44,44,44,47,48,49,50,50,50,51,50,50,51,52,52,50,52,51,54,54,55,57,57,54
20260804_015555_897cb2,1785805651934408,1381611860,2,2,0,-52,128,0,14,14,15,14,14,14,15,15,15,15,15,14,14,15,15,15,15,15,15,14,14,14,13,13,13,12,0,0,0,0,0,0,0,0,0,0,0,8,9,9,9,10,10,10,10,11,11,11,11,11,11,11,12,12,12,12,12,13,13,13,14,14,14,0,57,56,56,57,56,56,56,55,56,55,57,56,57,57,58,59,58,59,59,57,57,53,52,51,49,47,46,44,0,0,0,0,0,0,0,32,34,32,34,36,37,39,39,41,41,42,43,43,45,45,44,45,46,46,46,49,50,50,50,52,54,54,55
20260804_015555_897cb2,1785805652039900,1381712069,2,2,0,-50,128,0,15,15,15,15,14,14,15,13,14,14,14,14,14,14,14,14,15,15,15,13,14,14,13,13,12,12,0,0,0,0,0,0,0,0,0,0,0,11,12,12,13,13,14,13,13,13,14,14,14,14,14,14,14,14,13,14,14,14,15,14,14,15,15,0,56,55,56,53,53,55,53,51,52,52,53,53,52,54,52,56,52,54,53,52,52,50,48,47,46,44,43,42,0,0,0,0,0,0,0,39,42,43,42,44,46,47,48,51,50,52,51,51,48,51,50,51,51,49,50,51,52,51,52,54,54,55,55
20260804_015555_897cb2,1785805652137343,1381811448,2,2,0,-50,128,0,15,15,14,14,14,14,13,14,14,14,14,13,13,13,14,14,14,14,13,13,13,13,12,12,12,12,0,0,0,0,0,0,0,0,0,0,0,10,10,10,11,12,12,12,13,13,13,13,13,13,13,14,13,14,14,14,14,14,14,14,14,15,15,0,57,56,56,55,53,54,53,52,53,54,54,52,51,51,54,53,56,55,55,53,51,51,50,48,46,45,44,43,0,0,0,0,0,0,0,35,37,38,40,40,44,45,46,48,50,51,50,51,51,51,52,49,53,53,54,54,55,54,56,55,57,56,57
20260804_015555_897cb2,1785805652236501,1381913766,2,2,0,-50,128,0,14,14,16,14,14,14,15,14,14,14,15,15,15,16,16,16,16,16,16,16,16,16,14,14,15,14,0,0,0,0,0,0,0,0,0,0,0,7,7,8,8,8,9,9,9,9,9,9,11,10,11,11,11,12,12,13,13,13,13,13,13,14,14,0,56,55,57,57,58,57,56,55,56,57,57,57,57,60,63,60,62,63,62,62,62,60,58,55,52,54,51,51,0,0,0,0,0,0,0,26,27,29,29,32,31,32,33,35,35,38,40,41,40,39,43,42,41,44,44,46,46,48,50,51,53,54,54
20260804_015555_897cb2,1785805652339956,1382011876,2,2,0,-51,128,0,15,16,15,16,16,16,15,15,15,16,16,16,16,16,16,16,16,17,16,16,16,16,15,15,14,14,0,0,0,0,0,0,0,0,0,0,0,8,8,8,9,9,10,10,11,11,11,11,11,12,12,12,13,13,13,13,13,14,14,14,15,14,15,0,29,31,32,29,29,30,30,30,29,30,32,29,29,30,32,31,30,31,32,31,31,29,29,28,27,26,25,27,0,0,0,0,0,0,0,13,14,14,15,16,18,18,19,19,21,21,21,22,22,22,23,22,24,24,24,25,26,26,27,27,28,29,30
20260804_015555_897cb2,1785805652438371,1382111780,2,2,0,-49,128,0,15,15,15,15,14,14,14,14,14,14,14,13,14,14,15,15,15,15,14,15,13,13,13,13,13,12,0,0,0,0,0,0,0,0,0,0,0,8,8,9,9,10,10,11,11,11,12,12,12,12,12,13,12,14,13,14,14,14,14,14,15,15,14,0,59,58,56,58,57,57,55,54,54,54,55,53,55,55,57,57,57,58,57,55,57,54,52,52,51,48,48,47,0,0,0,0,0,0,0,29,30,31,33,35,37,40,41,42,45,45,48,48,47,49,48,49,51,50,52,52,51,52,55,56,58,56,56
20260804_015555_897cb2,1785805652542122,1382214191,2,2,0,-54,128,0,15,15,15,15,15,15,14,14,14,14,14,14,14,14,14,15,15,14,15,14,14,14,13,13,13,12,0,0,0,0,0,0,0,0,0,0,0,7,7,8,9,9,10,10,11,11,12,12,12,13,13,13,13,13,13,14,14,14,14,14,15,15,15,0,61,58,59,58,57,57,58,56,57,54,54,56,56,58,56,57,56,55,56,56,53,55,52,51,51,49,44,46,0,0,0,0,0,0,0,26,26,30,32,32,35,36,38,39,42,45,46,46,48,51,50,52,52,53,53,55,56,56,58,57,58,61,60
20260804_015555_897cb2,1785805652640206,1382313592,2,2,0,-53,128,0,15,15,15,14,14,14,14,14,14,14,14,13,14,14,14,14,14,14,14,14,13,13,13,12,12,12,0,0,0,0,0,0,0,0,0,0,0,8,9,9,10,11,11,12,12,12,13,13,13,13,13,14,14,14,14,14,14,14,15,15,15,15,15,0,60,57,57,57,56,57,54,53,53,53,54,52,54,54,53,55,54,54,54,53,50,50,49,50,47,48,44,44,0,0,0,0,0,0,0,29,32,34,35,37,40,40,44,46,47,49,49,50,54,53,53,55,53,54,54,56,57,57,58,57,58,59,60
20260804_015555_897cb2,1785805652738339,1382411710,2,2,0,-55,128,0,15,15,14,14,13,13,13,13,13,12,12,11,11,11,12,11,11,11,11,11,10,10,9,10,9,10,0,0,0,0,0,0,0,0,0,0,0,11,11,13,13,14,15,15,15,17,17,17,17,17,17,17,17,17,17,17,16,16,16,16,16,16,15,0,56,52,51,51,50,49,46,45,45,47,44,41,43,41,43,42,41,42,42,41,40,38,37,37,36,36,33,34,0,0,0,0,0,0,0,37,39,40,43,45,48,51,55,56,59,60,61,62,62,61,62,61,61,61,61,59,59,58,58,59,59,58,56
20260804_015555_897cb2,1785805652836556,1382510629,2,2,0,-56,128,0,15,15,15,14,14,13,12,12,12,12,12,11,12,11,11,11,11,11,11,9,9,9,9,9,9,9,0,0,0,0,0,0,0,0,0,0,0,12,13,13,14,14,15,15,16,17,17,17,17,17,17,16,17,17,16,17,16,16,16,16,16,16,16,0,57,56,54,54,51,49,46,46,45,44,43,41,41,41,39,40,38,38,40,37,36,35,33,33,33,33,30,29,0,0,0,0,0,0,0,39,42,42,45,48,50,54,57,58,59,62,63,63,63,64,63,62,63,64,61,63,60,62,59,60,59,58,58
20260804_015555_897cb2,1785805652968926,1382645169,2,2,0,-54,128,0,16,15,15,14,13,12,12,11,11,10,10,9,9,9,8,8,7,7,7,6,5,5,4,4,4,4,0,0,0,0,0,0,0,0,0,0,0,15,16,17,18,19,19,20,20,21,21,21,21,21,21,20,20,20,19,19,19,19,19,18,18,18,17,0,28,28,26,25,23,22,20,19,19,18,16,17,15,15,13,13,11,11,10,9,9,9,6,6,6,5,4,4,0,0,0,0,0,0,0,25,25,27,28,30,31,33,35,35,36,37,37,38,37,37,36,35,35,34,34,33,34,33,32,32,31,31,30
20260804_015555_897cb2,1785805653056521,1382734040,2,2,0,-50,128,0,15,15,14,15,12,13,12,11,11,10,10,10,10,10,9,9,9,9,9,8,8,7,7,7,6,6,0,0,0,0,0,0,0,0,0,0,0,13,13,14,15,15,16,16,18,18,18,18,18,18,17,18,18,17,17,17,17,17,17,16,17,16,16,0,29,29,27,26,25,25,23,23,22,20,21,20,20,18,17,17,16,15,16,16,15,14,13,12,12,11,12,10,0,0,0,0,0,0,0,22,24,24,25,26,28,30,31,32,33,34,35,33,35,35,34,34,32,32,32,32,33,33,33,30,32,30,30
20260804_015555_897cb2,1785805653138713,1382813831,2,2,0,-48,128,0,16,14,14,14,13,12,12,11,11,11,10,9,9,9,9,9,9,9,8,8,7,7,6,6,5,4,0,0,0,0,0,0,0,0,0,0,0,14,15,16,16,17,18,19,19,19,19,19,19,19,18,18,18,18,17,17,17,17,17,17,16,16,16,0,27,26,25,25,23,23,20,21,19,18,18,16,17,17,16,16,15,15,13,13,12,11,11,9,9,9,8,8,0,0,0,0,0,0,0,23,24,24,26,27,29,31,32,33,34,34,34,34,35,33,32,33,32,32,30,31,30,31,30,30,30,29,28
20260804_015555_897cb2,1785805653237077,1382911831,2,2,0,-51,128,0,16,16,16,14,14,14,13,13,12,11,11,11,11,11,9,9,9,9,9,8,7,7,7,6,5,5,0,0,0,0,0,0,0,0,0,0,0,13,13,15,16,16,17,17,18,19,19,19,19,19,19,19,18,18,18,18,18,18,18,18,18,17,17,0,58,55,55,53,50,49,46,45,42,40,40,37,36,35,33,36,32,31,31,29,25,25,22,22,21,20,17,17,0,0,0,0,0,0,0,43,44,46,48,53,57,58,60,64,66,66,66,67,67,69,69,66,66,66,64,65,64,64,63,60,62,60,62
20260804_015555_897cb2,1785805653334795,1383011722,2,2,0,-48,128,0,15,15,14,14,12,13,11,11,11,10,9,9,9,9,8,8,8,7,6,6,6,6,5,4,4,4,0,0,0,0,0,0,0,0,0,0,0,14,16,16,16,18,17,18,19,19,20,20,20,20,18,19,18,19,18,17,17,17,17,17,16,17,17,0,28,26,26,24,23,22,21,20,19,19,17,17,16,16,15,14,14,14,11,12,11,11,9,9,7,7,7,6,0,0,0,0,0,0,0,23,25,27,27,29,30,32,33,34,34,36,35,35,34,35,34,34,33,33,32,32,31,31,32,31,31,30,28
20260804_015555_897cb2,1785805653433480,1383112025,2,2,0,-48,128,0,15,15,14,14,13,13,11,11,10,10,10,9,9,9,9,8,8,8,7,7,6,6,5,5,5,4,0,0,0,0,0,0,0,0,0,0,0,14,15,16,17,17,18,19,18,20,20,19,19,19,19,19,19,18,18,18,18,18,18,17,17,16,16,0,28,28,26,25,23,23,22,20,20,19,18,17,17,15,15,14,14,13,13,12,11,10,10,8,8,8,8,6,0,0,0,0,0,0,0,24,24,25,26,29,30,31,33,34,35,35,35,35,36,36,36,34,35,33,33,32,32,32,31,31,31,29,29
20260804_015555_897cb2,1785805653534439,1383211997,2,2,0,-47,128,0,16,16,15,15,15,14,13,13,13,12,12,12,11,11,11,10,11,11,10,9,9,9,9,7,8,6,0,0,0,0,0,0,0,0,0,0,0,14,15,16,17,18,18,19,19,20,20,20,20,19,19,19,19,18,19,18,18,18,18,18,18,18,17,0,29,27,27,26,25,25,23,22,22,21,22,20,19,19,19,17,17,17,17,16,15,15,13,13,12,11,9,9,0,0,0,0,0,0,0,23,25,25,26,28,29,29,32,33,33,34,34,34,34,34,32,33,32,32,31,32,32,30,30,30,30,30,29
20260804_015555_897cb2,1785805653675598,1383350118,2,2,0,-48,128,0,15,15,14,14,13,13,12,11,11,11,10,10,9,10,9,9,9,9,8,8,7,7,7,7,6,6,0,0,0,0,0,0,0,0,0,0,0,15,15,16,17,18,18,20,19,19,20,20,19,21,19,19,19,19,18,19,18,17,17,17,17,17,16,0,27,26,25,23,23,22,22,20,19,19,18,18,17,17,17,17,15,15,14,14,13,12,12,11,11,10,10,9,0,0,0,0,0,0,0,24,26,27,28,30,31,32,33,34,35,35,37,35,35,35,34,34,34,33,32,32,32,31,30,29,29,30,28
20260804_015555_897cb2,1785805653771743,1383447267,2,2,0,-51,128,0,12,12,12,11,11,11,10,9,8,8,8,8,9,6,7,6,6,6,6,6,5,5,5,4,4,5,0,0,0,0,0,0,0,0,0,0,0,14,14,15,16,16,18,17,18,19,18,18,18,17,17,17,17,17,16,16,16,14,14,14,14,14,13,0,24,25,21,20,18,19,16,18,16,15,17,13,14,16,9,10,13,10,11,9,10,6,10,11,6,7,8,6,0,0,0,0,0,0,0,24,26,28,28,30,31,33,34,35,37,37,36,37,34,34,34,34,32,31,32,31,29,31,29,27,28,27,27
20260804_015555_897cb2,1785805653839824,1383514387,2,2,0,-56,128,0,12,12,11,11,10,9,8,8,7,7,6,6,6,5,5,5,5,5,5,6,6,6,6,7,7,7,0,0,0,0,0,0,0,0,0,0,0,16,16,18,18,19,19,20,20,21,21,21,21,20,20,18,19,18,18,17,16,16,16,16,15,14,14,0,47,44,41,38,34,32,30,29,27,26,24,21,19,20,18,18,19,19,20,19,19,21,24,23,22,23,25,25,0,0,0,0,0,0,0,54,57,58,61,62,66,69,69,74,76,76,76,76,74,74,73,71,69,67,64,62,63,60,59,58,54,52,51
20260804_015555_897cb2,1785805653936690,1383611685,2,2,0,-52,128,0,15,15,14,13,13,13,12,12,11,11,10,9,9,9,8,8,8,8,6,6,6,5,5,4,4,4,0,0,0,0,0,0,0,0,0,0,0,12,13,14,14,15,16,17,17,17,17,18,18,18,18,17,17,17,17,17,17,17,17,17,17,17,16,0,28,28,26,25,24,23,24,21,21,19,19,17,16,17,16,16,14,14,13,12,11,10,9,8,6,6,7,6,0,0,0,0,0,0,0,21,22,23,26,26,29,28,31,32,32,33,33,33,34,34,34,33,33,32,33,32,33,33,31,31,31,30,30
20260804_015555_897cb2,1785805654041880,1383720136,2,2,0,-52,128,0,15,14,14,13,12,12,11,10,10,10,9,9,9,9,9,8,8,7,7,6,6,6,5,5,5,4,0,0,0,0,0,0,0,0,0,0,0,14,15,15,16,17,18,18,19,19,19,19,19,19,19,18,18,18,18,17,17,17,17,16,16,16,16,0,27,25,25,24,22,22,21,19,19,18,17,17,16,15,16,15,14,14,13,12,11,11,10,9,9,8,7,7,0,0,0,0,0,0,0,23,24,26,26,27,29,30,32,33,34,34,34,35,34,34,34,33,33,33,32,31,31,30,30,30,29,29,28
20260804_015555_897cb2,1785805654152387,1383824426,2,2,0,-53,128,0,16,15,15,14,14,13,13,13,12,12,11,11,11,11,11,10,10,10,9,9,9,9,8,8,8,8,0,0,0,0,0,0,0,0,0,0,0,11,12,13,14,15,15,16,16,17,17,17,17,17,17,17,16,16,16,17,17,17,17,16,16,16,16,0,30,29,27,26,25,25,24,24,22,23,22,22,21,21,20,20,19,19,19,17,17,17,16,15,14,14,14,12,0,0,0,0,0,0,0,19,20,21,24,25,25,26,27,30,31,31,32,32,31,32,32,32,32,31,32,31,31,30,31,30,30,30,30
20260804_015555_897cb2,1785805654235492,1383913060,2,2,0,-57,128,0,14,13,13,13,12,12,11,11,11,11,11,9,11,10,9,9,10,9,10,10,9,10,9,9,9,9,0,0,0,0,0,0,0,0,0,0,0,13,14,15,16,16,18,18,19,18,18,18,18,18,18,18,18,17,18,17,16,16,16,16,16,16,14,0,50,50,48,46,43,43,41,39,34,37,37,36,38,34,37,35,35,32,33,35,34,35,32,31,35,33,32,31,0,0,0,0,0,0,0,46,47,49,50,53,55,59,60,62,64,68,67,64,68,67,66,65,65,62,60,59,60,58,59,57,58,55,55
20260804_015555_897cb2,1785805654333221,1384011681,2,2,0,-54,128,0,14,14,13,13,12,11,11,10,9,9,9,8,7,7,7,6,5,6,5,5,4,4,3,3,3,2,0,0,0,0,0,0,0,0,0,0,0,17,18,18,20,20,21,21,21,21,22,21,21,21,20,20,19,19,18,18,18,17,17,17,16,16,16,0,25,24,24,22,21,20,19,17,17,16,15,14,13,12,11,11,10,10,8,8,7,6,5,5,4,4,4,3,0,0,0,0,0,0,0,28,29,29,31,32,34,35,35,38,37,37,37,37,37,37,35,36,34,34,32,33,32,31,30,29,29,28,28
20260804_015555_897cb2,1785805654436583,1384113609,2,2,0,-52,128,0,16,15,14,14,13,12,12,11,10,10,9,10,9,9,9,8,8,7,6,6,6,5,5,4,4,4,0,0,0,0,0,0,0,0,0,0,0,16,17,18,18,19,20,21,21,22,22,22,22,22,20,20,20,19,19,20,19,19,19,18,17,17,17,0,28,28,26,25,24,22,21,20,19,19,17,17,15,16,15,14,13,13,12,11,11,9,9,7,7,6,6,4,0,0,0,0,0,0,0,25,26,30,30,32,34,35,36,38,38,39,39,39,39,39,38,37,37,35,35,34,34,33,33,32,32,32,30
20260804_015555_897cb2,1785805654543188,1384218674,2,2,0,-54,128,0,14,14,13,12,12,11,10,10,9,9,7,7,7,7,6,6,4,4,4,4,3,3,1,1,1,1,0,0,0,0,0,0,0,0,0,0,0,15,15,16,17,18,18,19,19,20,20,20,20,19,19,19,18,18,18,17,18,18,17,16,16,16,15,0,53,52,51,46,43,42,38,35,32,31,29,26,25,23,20,18,17,15,12,11,10,7,7,5,3,4,3,3,0,0,0,0,0,0,0,51,54,56,59,61,65,67,69,72,74,76,76,74,75,74,74,72,69,70,66,67,67,65,64,62,61,61,58
20260804_015555_897cb2,1785805654634834,1384311957,2,2,0,-56,128,0,15,15,14,14,12,12,11,10,9,9,8,8,7,7,6,6,6,5,4,4,4,4,4,4,3,3,0,0,0,0,0,0,0,0,0,0,0,14,15,16,17,18,18,19,20,21,21,21,21,21,21,21,20,20,19,18,18,18,18,17,18,16,16,0,55,55,50,48,44,44,40,38,35,33,32,29,26,24,23,22,19,17,17,15,13,13,12,10,11,10,10,11,0,0,0,0,0,0,0,48,52,52,54,59,63,67,68,71,73,76,77,77,76,76,75,73,74,71,71,69,69,68,66,65,62,62,58
20260804_015555_897cb2,1785805654738847,1384411993,2,2,0,-53,128,0,13,13,13,11,11,10,10,9,9,8,7,7,7,6,6,5,5,5,4,4,4,3,3,2,2,2,0,0,0,0,0,0,0,0,0,0,0,12,12,13,14,15,16,16,17,17,17,17,17,17,16,16,16,16,16,16,16,16,15,14,15,15,14,0,54,51,49,47,45,43,40,38,34,35,32,30,28,28,27,25,23,22,19,19,16,15,13,13,10,10,8,8,0,0,0,0,0,0,0,43,45,48,51,54,57,60,64,68,67,71,70,72,69,71,70,69,68,66,65,64,66,65,63,60,62,60,57
20260804_015555_897cb2,1785805654837431,1384512036,2,2,0,-54,128,0,14,14,13,13,12,12,12,11,11,11,10,9,9,9,8,8,9,7,8,8,7,7,6,6,5,5,0,0,0,0,0,0,0,0,0,0,0,12,12,13,14,15,15,16,17,18,17,17,18,18,18,17,17,16,16,16,16,16,16,15,16,15,15,0,56,52,51,49,48,47,43,43,40,39,39,38,35,35,34,32,32,31,30,28,27,24,24,22,22,20,19,18,0,0,0,0,0,0,0,41,43,44,47,51,54,55,60,63,63,65,66,67,66,66,66,65,64,63,61,64,62,62,61,59,61,59,58
20260804_015555_897cb2,1785805654935424,1384611799,2,2,0,-55,128,0,13,13,13,12,13,12,11,12,11,10,11,11,11,10,11,10,10,9,9,9,9,9,9,9,9,8,0,0,0,0,0,0,0,0,0,0,0,12,13,13,13,14,15,15,15,17,17,17,17,17,16,16,16,16,15,15,15,15,15,15,15,15,14,0,55,55,50,51,49,46,48,46,43,43,43,41,40,39,40,41,38,39,38,40,40,37,36,35,36,34,31,33,0,0,0,0,0,0,0,44,46,46,50,51,53,57,57,59,61,63,66,63,65,63,64,62,62,60,60,59,59,59,59,59,58,58,54
20260804_015555_897cb2,1785805655038926,1384711886,2,2,0,-57,128,0,16,17,16,16,14,13,13,12,12,12,11,11,10,10,10,9,9,8,8,8,7,7,7,6,6,6,0,0,0,0,0,0,0,0,0,0,0,11,11,13,13,15,15,17,17,17,18,18,19,19,19,18,19,17,19,18,18,17,17,17,18,17,17,0,60,61,59,56,52,51,48,47,44,43,40,40,37,35,36,34,33,30,30,27,27,25,24,23,21,20,20,18,0,0,0,0,0,0,0,32,34,38,41,46,49,53,55,59,62,65,68,67,69,68,69,67,69,66,67,66,67,66,65,64,65,64,63
20260804_015555_897cb2,1785805655137896,1384813393,2,2,0,-53,128,0,16,14,13,13,13,13,11,11,11,11,11,10,10,9,9,9,9,9,8,8,8,7,6,6,6,6,0,0,0,0,0,0,0,0,0,0,0,11,12,13,14,14,15,16,16,17,17,17,17,18,17,17,17,17,17,16,16,16,16,16,16,16,16,0,58,55,54,53,50,49,46,45,43,42,40,39,37,37,36,36,35,34,33,31,30,28,28,25,24,24,24,22,0,0,0,0,0,0,0,39,42,44,47,51,52,55,59,62,64,66,66,67,67,67,66,66,66,65,64,64,64,64,62,63,62,61,61
20260804_015555_897cb2,1785805655241104,1384916544,2,2,0,-52,128,0,16,16,16,15,15,14,14,13,13,12,12,12,12,11,11,11,11,11,10,10,10,9,9,8,8,9,0,0,0,0,0,0,0,0,0,0,0,11,12,13,14,14,16,16,16,17,18,18,18,18,18,18,18,18,17,17,17,18,18,17,17,17,16,0,29,30,29,28,27,26,25,25,23,23,22,23,22,21,20,20,20,20,19,18,18,17,17,16,15,15,14,14,0,0,0,0,0,0,0,19,21,22,23,24,26,28,29,30,31,32,33,33,34,33,33,34,32,32,32,33,32,32,33,31,31,32,30
20260804_015555_897cb2,1785805655338595,1385011370,2,2,0,-54,128,0,14,15,14,13,13,13,14,12,13,13,13,11,13,12,13,13,13,13,12,13,11,13,11,11,12,11,0,0,0,0,0,0,0,0,0,0,0,9,10,11,11,13,13,13,14,14,15,15,16,16,16,16,15,15,16,15,15,15,16,16,15,16,16,0,56,56,52,55,52,49,49,48,47,45,48,50,46,50,50,51,50,52,52,48,48,47,49,47,39,41,44,42,0,0,0,0,0,0,0,30,33,35,38,40,43,46,48,52,53,57,57,58,60,60,58,60,59,59,59,60,58,59,58,58,57,58,56
20260804_015555_897cb2,1785805655436657,1385111509,2,2,0,-50,128,0,16,16,16,16,16,16,15,14,15,15,15,14,14,14,14,14,15,14,14,14,13,13,13,13,12,12,0,0,0,0,0,0,0,0,0,0,0,9,9,10,10,11,12,12,13,13,14,14,14,15,15,15,15,15,15,16,16,15,16,16,16,16,17,0,31,30,30,30,29,29,28,27,28,28,28,27,27,27,27,27,27,27,27,27,25,25,24,23,23,22,21,21,0,0,0,0,0,0,0,15,16,16,17,18,19,21,23,23,24,25,26,27,27,27,28,27,28,28,28,29,29,29,30,31,30,30,31
20260804_015555_897cb2,1785805655539576,1385212382,2,2,0,-50,128,0,16,16,16,16,16,16,16,15,14,14,14,14,14,15,14,15,14,15,14,14,13,13,12,12,12,12,0,0,0,0,0,0,0,0,0,0,0,9,10,10,11,11,12,12,13,13,13,14,14,14,14,15,14,14,15,16,16,16,15,15,16,16,16,0,59,60,59,59,59,58,57,56,55,55,55,54,54,54,53,56,53,55,54,51,51,49,48,48,45,45,42,42,0,0,0,0,0,0,0,32,33,35,36,38,40,42,46,47,48,48,50,53,53,52,53,54,56,56,56,58,59,58,59,58,61,60,61
20260804_015555_897cb2,1785805655667835,1385343306,2,2,0,-50,128,0,16,15,15,15,15,14,14,14,14,14,14,14,14,14,14,14,14,14,14,14,13,13,13,12,12,11,0,0,0,0,0,0,0,0,0,0,0,8,8,9,9,10,10,11,11,12,12,12,13,14,14,14,14,14,15,15,15,14,15,15,16,16,16,0,30,29,30,29,29,28,27,27,26,27,27,26,27,27,27,27,26,27,27,26,25,24,23,23,22,22,20,20,0,0,0,0,0,0,0,12,13,14,15,16,18,18,20,21,22,22,24,25,25,26,26,26,26,27,26,28,28,28,29,29,30,30,31
20260804_015555_897cb2,1785805655742203,1385414553,2,2,0,-50,128,0,15,16,16,15,15,16,15,15,15,15,14,15,15,16,16,15,16,15,15,14,15,14,13,14,12,12,0,0,0,0,0,0,0,0,0,0,0,8,8,9,10,10,10,11,11,12,12,12,12,13,14,13,14,14,13,14,15,14,15,14,15,15,16,0,59,61,62,61,59,61,57,58,57,59,56,57,55,58,58,56,59,58,58,54,55,50,51,50,47,45,49,42,0,0,0,0,0,0,0,25,28,30,31,34,35,37,39,41,43,45,47,48,49,49,50,49,51,51,51,55,56,55,57,57,59,60,58
20260804_015555_897cb2,1785805655835731,1385511134,2,2,0,-49,128,0,16,16,16,16,16,15,16,15,14,15,15,15,15,15,15,15,15,15,14,14,14,14,13,13,12,12,0,0,0,0,0,0,0,0,0,0,0,9,9,10,10,12,12,12,13,14,14,14,14,14,15,15,16,16,16,16,16,16,16,16,16,16,16,0,62,61,60,60,57,58,58,55,56,56,55,55,53,55,54,54,54,53,54,52,51,50,47,46,45,44,40,40,0,0,0,0,0,0,0,28,30,32,34,36,38,40,43,46,48,51,52,52,53,55,55,56,56,57,57,58,58,60,61,60,62,61,61
20260804_015555_897cb2,1785805655934605,1385611765,2,2,0,-49,128,0,16,15,15,15,15,14,14,13,13,13,14,14,14,14,14,14,14,14,13,14,13,12,12,12,11,11,0,0,0,0,0,0,0,0,0,0,0,9,9,9,9,9,11,11,12,12,13,13,13,14,13,14,13,14,14,14,14,15,15,15,15,16,16,0,60,58,59,57,56,56,55,53,54,54,53,53,52,52,52,53,53,54,53,52,50,49,48,46,45,43,42,41,0,0,0,0,0,0,0,26,29,32,32,33,36,38,41,44,45,46,48,51,52,51,53,52,54,54,54,55,56,57,58,59,59,59,58
20260804_015555_897cb2,1785805656034010,1385711365,2,2,0,-49,128,0,15,15,14,14,14,14,14,14,14,14,14,14,14,13,14,14,14,14,14,14,14,13,13,12,12,12,0,0,0,0,0,0,0,0,0,0,0,6,7,7,8,9,9,10,11,11,12,12,13,12,12,13,13,13,13,13,13,14,14,14,15,14,15,0,59,58,57,58,57,58,56,55,55,55,56,54,53,55,56,56,57,55,55,55,54,51,51,48,47,47,44,44,0,0,0,0,0,0,0,24,26,26,30,32,34,36,39,41,42,45,46,48,48,48,50,50,51,51,52,52,55,54,55,56,57,58,59
20260804_015555_897cb2,1785805656136706,1385811375,2,2,0,-49,128,0,16,15,15,15,15,15,14,14,14,14,14,13,13,14,14,14,14,14,14,13,13,13,13,12,12,11,0,0,0,0,0,0,0,0,0,0,0,7,7,8,9,9,10,11,11,12,12,12,13,13,13,13,13,13,14,14,14,14,15,15,15,15,15,0,29,29,28,29,27,28,27,27,27,27,27,26,26,26,27,26,27,26,26,26,25,24,24,23,23,21,21,20,0,0,0,0,0,0,0,11,12,13,14,16,16,18,19,21,21,23,23,24,24,25,25,25,26,25,26,27,27,27,28,28,29,29,30
20260804_015555_897cb2,1785805656240154,1385911600,2,2,0,-50,128,0,16,16,16,15,16,16,16,16,16,16,16,16,16,16,15,16,16,16,16,16,16,15,15,14,14,13,0,0,0,0,0,0,0,0,0,0,0,8,8,9,9,9,10,11,11,11,12,12,12,13,13,13,13,14,14,14,14,14,15,14,16,16,16,0,61,61,60,59,60,59,59,59,58,58,59,59,59,60,59,60,61,59,59,59,59,57,54,52,51,49,50,47,0,0,0,0,0,0,0,23,27,29,30,32,34,36,38,41,42,44,45,46,48,49,49,50,50,51,52,54,54,56,58,57,58,60,59
20260804_015555_897cb2,1785805656338536,1386011737,2,2,0,-50,128,0,16,16,16,16,16,15,16,15,15,15,16,15,15,16,16,16,15,15,15,15,15,14,14,13,13,13,0,0,0,0,0,0,0,0,0,0,0,8,9,9,10,10,11,11,12,12,13,13,14,14,14,13,14,14,14,15,15,15,15,15,16,16,17,0,60,60,59,59,59,58,58,57,57,56,57,56,57,57,58,58,57,56,57,55,56,53,51,49,49,47,45,44,0,0,0,0,0,0,0,27,28,30,32,34,36,39,40,41,44,45,49,47,50,50,50,51,52,51,53,53,54,56,57,58,59,59,60
20260804_015555_897cb2,1785805656437304,1386112155,2,2,0,-49,128,0,16,16,16,16,16,15,16,15,15,15,15,15,15,16,15,16,16,16,16,15,15,15,15,14,13,14,0,0,0,0,0,0,0,0,0,0,0,7,7,8,9,9,10,10,11,11,12,12,12,13,13,13,13,14,13,14,14,14,15,15,15,16,16,0,61,62,61,60,59,59,59,57,56,57,57,57,58,59,58,59,60,59,59,57,58,56,55,52,52,51,48,46,0,0,0,0,0,0,0,22,24,26,28,30,32,35,36,37,41,43,45,46,48,49,49,50,51,52,51,53,54,56,57,57,58,60,59
20260804_015555_897cb2,1785805656534941,1386211933,2,2,0,-50,128,0,15,15,15,15,15,14,14,14,14,14,14,14,15,15,13,14,14,13,14,14,14,13,13,13,12,12,0,0,0,0,0,0,0,0,0,0,0,5,6,7,8,8,8,9,9,10,11,11,11,12,12,12,12,14,14,14,14,14,14,14,15,16,16,0,58,59,59,58,59,57,56,57,55,55,55,56,55,57,54,57,55,56,56,56,54,51,50,49,48,48,44,47,0,0,0,0,0,0,0,20,22,22,25,27,29,32,33,36,37,40,42,44,44,46,48,50,48,53,51,53,54,54,57,56,58,60,60
20260804_015555_897cb2,1785805656633889,1386311471,2,2,0,-52,128,0,17,17,17,16,16,16,16,15,15,15,15,15,14,16,15,16,15,15,14,14,14,13,12,12,12,12,0,0,0,0,0,0,0,0,0,0,0,7,8,8,9,9,10,11,11,12,13,13,13,14,14,15,14,15,15,15,15,16,16,16,16,17,16,0,31,31,32,30,30,30,29,28,28,29,27,28,28,28,28,28,28,27,27,25,26,25,23,22,22,21,21,21,0,0,0,0,0,0,0,12,13,13,14,15,16,18,19,19,21,22,24,24,25,26,26,26,27,28,27,28,28,29,30,30,31,31,30
20260804_015555_897cb2,1785805656737285,1386412620,2,2,0,-54,128,0,16,16,16,16,15,16,14,14,14,14,14,14,14,14,14,14,14,14,14,14,13,12,12,11,11,11,0,0,0,0,0,0,0,0,0,0,0,10,10,11,12,13,13,14,15,15,15,16,16,16,16,16,16,16,16,16,17,17,16,16,16,16,16,0,60,61,60,57,56,56,54,53,53,53,51,51,51,50,50,50,51,50,50,47,47,46,45,44,42,41,40,39,0,0,0,0,0,0,0,31,33,34,37,41,44,46,48,51,53,54,57,57,58,59,60,59,60,59,59,61,60,61,61,60,61,61,60
20260804_015555_897cb2,1785805656835837,1386512177,2,2,0,-51,128,0,15,15,15,13,14,13,12,13,12,12,12,12,12,12,11,11,12,11,11,11,10,10,10,9,9,9,0,0,0,0,0,0,0,0,0,0,0,10,10,11,12,12,13,13,14,15,15,15,15,15,16,15,15,15,15,16,16,15,16,15,16,16,15,0,55,58,54,54,56,52,50,49,46,48,48,45,47,46,43,45,43,45,42,40,40,40,37,36,38,34,34,31,0,0,0,0,0,0,0,33,36,36,39,43,47,48,49,54,54,57,57,57,58,58,60,61,57,60,59,62,60,58,59,57,59,59,58
20260804_015555_897cb2,1785805656939911,1386611392,2,2,0,-53,128,0,16,16,15,15,14,14,14,13,13,14,13,13,13,13,13,13,13,13,13,13,13,13,12,12,11,11,0,0,0,0,0,0,0,0,0,0,0,9,9,11,11,12,13,13,13,14,14,15,15,15,15,15,15,15,15,15,15,15,16,16,16,16,16,0,60,58,56,55,55,55,52,53,52,52,52,50,49,51,51,52,50,50,51,50,50,47,45,46,43,44,42,42,0,0,0,0,0,0,0,30,31,35,37,38,43,43,47,50,52,53,54,55,56,56,56,56,56,57,56,57,57,56,58,57,58,59,59
20260804_015555_897cb2,1785805657039799,1386711778,2,2,0,-51,128,0,16,16,16,16,15,14,14,14,14,14,14,14,13,13,13,13,13,13,13,13,13,12,12,12,11,11,0,0,0,0,0,0,0,0,0,0,0,8,9,9,10,10,11,13,13,13,14,14,15,15,15,15,15,15,15,15,16,16,16,16,16,17,16,0,61,60,59,58,57,56,55,54,54,53,52,51,51,51,52,51,50,50,49,48,48,46,45,42,41,41,37,37,0,0,0,0,0,0,0,25,27,31,32,34,39,40,44,46,49,51,53,54,56,55,56,57,58,59,59,58,58,61,61,61,61,63,61
20260804_015555_897cb2,1785805657138078,1386811684,2,2,0,-52,128,0,16,16,16,15,15,15,15,14,14,14,14,14,14,14,14,14,14,14,14,13,13,13,12,12,11,11,0,0,0,0,0,0,0,0,0,0,0,6,7,7,8,8,9,10,11,11,12,12,13,13,13,13,13,14,14,14,14,14,15,15,15,16,16,0,31,30,30,30,29,29,28,28,28,28,27,27,27,27,27,27,26,27,26,26,25,25,23,23,22,21,20,20,0,0,0,0,0,0,0,10,12,12,14,14,16,17,19,19,21,22,23,24,24,25,25,26,26,27,27,27,28,28,29,29,30,30,30
20260804_015555_897cb2,1785805657235847,1386913020,2,2,0,-52,128,0,16,15,15,15,15,14,14,14,14,14,14,14,13,13,14,14,14,13,13,13,13,12,12,11,11,10,0,0,0,0,0,0,0,0,0,0,0,7,7,8,8,9,10,10,11,12,12,12,13,13,13,13,13,14,14,14,14,14,15,15,15,15,15,0,30,29,30,29,29,28,27,27,27,27,27,26,26,26,26,26,26,26,26,25,24,23,23,22,21,20,19,18,0,0,0,0,0,0,0,11,12,13,14,15,16,17,19,20,21,23,23,24,24,25,25,26,26,27,26,27,27,28,28,28,29,29,30
20260804_015555_897cb2,1785805657339823,1387012403,2,2,0,-51,128,0,16,15,15,15,14,14,14,14,14,14,14,14,13,13,13,13,13,13,13,13,12,12,11,11,10,10,0,0,0,0,0,0,0,0,0,0,0,8,9,9,10,11,11,12,12,13,13,14,14,14,14,14,14,14,14,14,15,15,15,15,15,15,16,0,30,29,29,29,28,28,27,27,26,27,27,26,26,26,26,26,25,26,25,24,24,23,22,21,20,19,19,18,0,0,0,0,0,0,0,14,15,16,17,18,19,21,22,23,24,25,25,26,26,26,26,27,27,28,28,27,28,28,29,29,29,30,30
20260804_015555_897cb2,1785805657438611,1387111861,2,2,0,-50,128,0,17,16,16,16,16,16,15,15,14,14,14,14,14,14,13,13,13,14,13,13,12,12,11,11,10,10,0,0,0,0,0,0,0,0,0,0,0,10,10,11,12,12,13,14,14,15,15,16,16,16,16,16,16,16,16,17,17,17,17,16,17,17,17,0,32,30,31,30,29,29,28,28,27,27,26,26,26,27,26,26,26,26,25,25,24,24,21,21,20,19,18,18,0,0,0,0,0,0,0,17,17,19,19,21,23,23,25,26,27,28,29,29,30,30,30,29,30,30,30,31,31,31,31,31,32,32,31
20260804_015555_897cb2,1785805657536316,1387211490,2,2,0,-53,128,0,14,14,14,13,13,13,13,13,12,13,12,12,12,13,13,13,13,13,12,11,11,11,11,10,10,10,0,0,0,0,0,0,0,0,0,0,0,9,9,9,10,10,11,11,12,12,13,13,13,13,13,13,14,13,14,14,14,14,14,14,14,15,14,0,57,56,57,54,54,54,53,52,50,51,50,50,49,51,50,51,49,49,49,48,46,45,43,42,40,39,39,37,0,0,0,0,0,0,0,31,34,35,36,38,41,42,45,47,48,50,51,52,53,54,53,54,54,55,54,55,56,56,57,56,58,59,58
20260804_015555_897cb2,1785805657634327,1387311334,2,2,0,-53,128,0,14,15,14,14,13,13,13,12,12,12,11,11,11,11,11,10,10,10,10,9,9,8,8,8,7,7,0,0,0,0,0,0,0,0,0,0,0,8,9,10,10,11,11,12,13,13,14,13,14,14,14,14,15,15,14,14,15,15,15,15,15,15,15,0,58,59,57,56,54,53,51,50,48,48,46,45,45,44,43,42,41,40,39,37,36,34,33,33,30,28,28,26,0,0,0,0,0,0,0,29,30,32,34,38,40,44,46,48,51,53,57,56,57,58,58,58,59,58,59,58,60,60,61,60,61,62,60
20260804_015555_897cb2,1785805657738778,1387411731,2,2,0,-51,128,0,15,15,15,15,15,14,14,14,12,12,12,12,12,12,12,12,12,12,11,11,10,10,10,9,9,8,0,0,0,0,0,0,0,0,0,0,0,9,10,10,11,12,12,14,14,15,15,15,15,15,15,15,15,15,15,15,16,16,16,15,16,16,16,0,58,59,57,56,56,53,52,51,49,49,49,48,47,48,47,47,47,45,45,44,42,40,38,37,35,34,33,31,0,0,0,0,0,0,0,31,34,36,38,41,45,47,49,51,52,55,57,57,57,59,59,58,59,58,59,59,60,59,61,59,61,61,60
20260804_015555_897cb2,1785805657837161,1387511814,2,2,0,-52,128,0,16,16,16,15,14,14,14,13,13,13,13,13,12,12,12,12,11,11,11,10,9,9,9,8,8,7,0,0,0,0,0,0,0,0,0,0,0,11,11,11,13,13,14,14,15,16,16,16,17,17,17,17,17,17,17,17,17,17,17,17,17,17,16,0,31,30,30,29,28,28,27,26,25,24,24,23,22,22,22,22,20,21,20,19,19,18,17,16,16,15,14,13,0,0,0,0,0,0,0,17,17,19,21,22,24,25,27,28,29,29,30,31,31,31,32,32,31,32,31,32,32,32,32,31,33,33,32
20260804_015555_897cb2,1785805657936791,1387611702,2,2,0,-54,128,0,16,16,16,16,16,15,15,14,14,13,13,12,13,12,12,11,11,10,10,11,9,8,9,8,7,8,0,0,0,0,0,0,0,0,0,0,0,10,11,12,12,14,14,15,16,16,16,17,17,17,17,17,17,17,17,17,17,17,17,17,17,17,17,0,31,31,30,29,27,27,26,26,25,23,23,22,21,22,22,21,19,22,17,21,20,16,17,12,14,14,14,12,0,0,0,0,0,0,0,15,17,18,20,21,23,24,26,27,29,30,30,31,32,32,32,32,32,32,33,33,32,32,34,32,33,33,32
20260804_015555_897cb2,1785805658036598,1387711621,2,2,0,-52,128,0,17,16,15,14,14,13,13,12,13,11,11,10,10,10,9,9,9,8,8,8,8,6,6,6,5,5,0,0,0,0,0,0,0,0,0,0,0,12,13,13,14,15,16,17,17,17,18,18,18,18,18,18,18,18,18,18,18,17,18,17,17,17,17,0,30,29,29,27,25,25,23,22,21,21,20,20,19,18,17,17,15,14,16,13,12,12,11,10,10,9,8,8,0,0,0,0,0,0,0,18,20,21,21,24,25,27,28,30,30,32,32,33,33,33,33,33,33,33,32,33,33,33,32,32,31,31,31
20260804_015555_897cb2,1785805658134676,1387811670,2,2,0,-52,128,0,16,16,14,14,13,12,12,11,10,11,10,9,9,8,8,8,7,7,7,5,5,4,4,4,3,3,0,0,0,0,0,0,0,0,0,0,0,12,13,14,14,16,16,17,17,18,18,18,18,18,18,18,18,17,18,17,18,17,17,17,16,16,16,0,56,55,52,50,50,47,44,42,39,40,37,34,32,31,29,29,26,25,23,21,18,17,13,13,11,9,8,7,0,0,0,0,0,0,0,42,44,46,49,52,54,57,60,62,65,68,68,69,67,68,67,67,67,66,66,65,66,64,63,63,63,61,61
20260804_015555_897cb2,1785805658233146,1387911625,2,2,0,-53,128,0,15,15,15,13,13,13,12,12,11,10,10,9,9,8,8,7,7,7,7,6,6,6,5,5,5,5,0,0,0,0,0,0,0,0,0,0,0,13,14,15,16,16,17,18,18,19,19,19,19,20,20,19,19,19,18,18,18,18,17,17,17,17,16,0,30,29,28,26,25,24,22,21,20,19,18,17,16,15,14,14,14,13,12,11,11,10,10,9,9,8,9,8,0,0,0,0,0,0,0,22,24,24,26,28,29,31,32,33,34,36,37,36,36,35,35,35,35,35,34,34,34,34,32,32,32,32,31
20260804_015555_897cb2,1785805658337237,1388011490,2,2,0,-51,128,0,16,16,15,13,13,13,11,11,11,11,10,9,9,9,8,7,7,7,6,6,5,5,4,4,4,3,0,0,0,0,0,0,0,0,0,0,0,14,15,16,16,17,18,19,20,20,21,21,21,20,20,20,20,20,19,19,19,18,18,18,18,18,17,0,59,57,55,51,50,47,44,40,40,37,36,34,32,31,29,28,25,25,22,21,19,17,15,13,12,10,9,9,0,0,0,0,0,0,0,43,47,52,55,57,61,63,66,69,71,73,74,74,75,73,73,74,72,72,69,70,68,68,67,65,65,64,62
20260804_015555_897cb2,1785805658436112,1388112119,2,2,0,-52,128,0,16,15,15,14,14,13,13,11,11,11,10,10,9,9,8,8,8,7,7,6,6,6,5,5,5,5,0,0,0,0,0,0,0,0,0,0,0,14,15,15,17,17,18,18,19,20,20,19,20,20,20,20,19,19,19,19,19,18,18,17,18,17,17,0,28,29,26,25,25,24,22,21,20,19,18,19,17,16,15,14,14,13,12,12,11,10,9,10,8,8,7,7,0,0,0,0,0,0,0,24,24,25,27,29,30,32,32,34,34,36,36,36,36,36,35,34,35,34,34,34,33,32,33,31,31,31,30
20260804_015555_897cb2,1785805658533971,1388212426,2,2,0,-52,128,0,16,15,14,14,13,13,11,11,11,10,10,9,8,8,7,7,7,6,6,5,4,4,4,4,2,2,0,0,0,0,0,0,0,0,0,0,0,13,13,14,15,16,17,18,18,19,19,19,19,19,19,19,18,17,17,18,18,18,17,17,17,17,16,0,28,27,25,25,23,22,21,21,19,18,18,17,16,14,14,13,13,12,11,9,9,9,8,7,5,4,4,4,0,0,0,0,0,0,0,21,22,24,26,26,28,29,31,32,33,33,33,34,33,34,33,33,33,33,33,32,32,33,31,31,30,30,30
20260804_015555_897cb2,1785805658638457,1388312950,2,2,0,-52,128,0,15,14,14,13,13,12,12,11,11,10,10,9,9,8,8,8,8,7,7,6,6,5,4,4,4,4,0,0,0,0,0,0,0,0,0,0,0,13,13,14,15,16,17,18,18,18,18,18,19,19,19,18,18,18,17,18,17,17,17,17,17,16,16,0,57,55,54,51,49,47,44,43,40,39,38,36,35,33,31,31,30,28,26,24,22,20,19,17,14,14,11,11,0,0,0,0,0,0,0,43,45,48,51,55,58,61,64,67,67,70,71,70,71,72,69,69,68,67,66,66,67,65,65,63,64,62,60
20260804_015555_897cb2,1785805658736822,1388412050,2,2,0,-54,128,0,16,15,15,14,13,12,12,11,10,10,9,8,8,7,7,6,6,5,4,4,3,3,2,1,1,1,0,0,0,0,0,0,0,0,0,0,0,15,15,17,17,18,19,20,20,21,21,21,21,20,20,20,20,19,19,19,19,19,19,18,18,18,17,0,28,26,25,24,23,23,20,19,17,17,16,16,13,12,12,11,9,8,8,6,6,4,3,3,3,1,2,2,0,0,0,0,0,0,0,23,25,26,27,29,30,31,33,35,35,36,36,37,37,36,36,35,35,35,35,34,34,33,32,33,32,31,30
20260804_015555_897cb2,1785805658836036,1388514212,2,2,0,-54,128,0,13,13,13,12,11,11,9,9,9,8,7,6,6,6,6,5,5,4,4,4,3,3,3,3,3,3,0,0,0,0,0,0,0,0,0,0,0,15,15,16,16,17,18,19,19,19,20,20,20,20,19,18,18,17,17,17,17,17,17,17,16,16,15,0,27,25,24,23,21,20,18,18,16,16,15,14,12,11,11,10,9,9,8,7,7,7,6,6,5,5,4,5,0,0,0,0,0,0,0,25,26,26,28,30,30,33,34,34,36,36,37,37,36,35,35,34,34,34,34,32,32,32,31,31,31,29,28
20260804_015555_897cb2,1785805658939212,1388611750,2,2,0,-51,128,0,16,14,14,14,13,12,12,11,11,10,9,9,9,9,9,8,7,6,6,6,5,5,4,4,3,3,0,0,0,0,0,0,0,0,0,0,0,12,12,13,14,15,15,16,17,17,18,17,18,18,18,18,17,18,17,17,17,17,17,17,16,16,16,0,57,54,53,50,50,47,44,42,42,39,37,36,35,34,32,30,30,27,26,22,21,21,19,17,16,13,12,11,0,0,0,0,0,0,0,39,42,44,48,50,54,56,58,61,63,65,64,64,65,66,66,64,64,65,63,64,63,64,62,62,62,62,61
20260804_015555_897cb2,1785805659037153,1388715746,2,2,0,-52,128,0,14,14,13,13,12,12,11,11,10,10,9,9,8,8,8,8,8,7,7,5,5,5,5,4,4,4,0,0,0,0,0,0,0,0,0,0,0,13,13,14,14,16,15,16,17,17,18,18,17,18,18,17,18,17,17,17,16,16,16,16,16,16,15,0,29,27,27,26,24,24,22,21,20,20,19,18,17,16,16,15,14,13,13,12,11,10,10,8,8,8,7,6,0,0,0,0,0,0,0,21,24,23,25,26,29,29,31,32,32,34,34,33,34,33,34,33,33,32,32,32,32,32,32,31,32,31,30
20260804_015555_897cb2,1785805659135306,1388812187,2,2,0,-53,128,0,13,13,12,12,11,11,11,9,9,9,8,8,7,6,6,6,6,5,4,4,4,4,3,2,2,2,0,0,0,0,0,0,0,0,0,0,0,13,13,14,15,15,16,16,16,16,17,17,17,17,16,16,16,16,16,16,16,15,16,15,15,15,14,0,54,54,50,49,46,44,41,39,37,35,33,31,28,27,27,24,23,21,18,18,15,14,12,12,11,10,10,9,0,0,0,0,0,0,0,49,50,52,54,57,59,62,63,65,67,69,70,68,68,68,67,66,66,64,63,63,62,62,62,60,60,59,58
20260804_015555_897cb2,1785805659233070,1388910603,2,2,0,-51,128,0,16,15,15,14,14,13,12,12,11,11,11,11,9,9,9,9,8,8,7,7,7,6,6,5,5,4,0,0,0,0,0,0,0,0,0,0,0,15,16,17,18,18,19,20,20,21,21,20,20,20,19,19,19,19,18,19,19,18,18,18,17,17,17,0,29,28,27,26,25,24,23,21,21,20,19,18,18,17,16,16,14,14,13,12,12,10,9,9,9,8,7,7,0,0,0,0,0,0,0,24,25,28,29,31,33,33,34,35,36,38,37,37,36,37,36,35,35,35,34,34,34,34,33,33,32,31,31
20260804_015555_897cb2,1785805659337543,1389011321,2,2,0,-54,128,0,16,15,15,13,13,13,12,12,11,11,11,9,9,9,9,9,8,8,8,8,7,6,6,7,6,5,0,0,0,0,0,0,0,0,0,0,0,13,14,14,16,16,16,16,17,18,18,18,18,18,18,18,18,18,18,17,17,17,17,16,16,16,16,0,58,54,52,52,50,47,44,41,42,40,39,37,35,35,33,33,30,30,29,29,27,25,24,23,23,23,21,23,0,0,0,0,0,0,0,45,48,48,52,54,57,60,62,64,65,68,68,68,68,68,66,66,65,65,65,64,64,63,64,61,62,60,60
20260804_015555_897cb2,1785805659440836,1389114441,2,2,0,-52,128,0,16,16,15,15,13,13,13,12,12,12,11,11,11,11,11,11,11,11,10,10,9,9,9,9,8,8,0,0,0,0,0,0,0,0,0,0,0,13,13,14,14,15,16,16,17,17,17,18,18,18,17,17,17,17,18,16,16,17,17,17,17,16,16,0,59,57,57,54,52,51,48,47,46,45,44,42,42,41,40,40,39,38,37,36,35,33,32,31,31,29,27,27,0,0,0,0,0,0,0,43,44,47,50,52,55,56,58,62,63,64,65,66,66,65,64,64,63,65,64,63,62,63,63,62,63,62,60
20260804_015555_897cb2,1785805659539384,1389214121,2,2,0,-51,128,0,16,15,15,15,14,13,13,12,12,12,11,11,10,9,9,9,9,9,9,8,6,6,5,5,4,4,0,0,0,0,0,0,0,0,0,0,0,15,15,15,17,17,18,19,19,19,19,19,19,19,18,18,19,19,18,18,18,18,18,18,17,17,17,0,55,55,55,50,51,45,47,42,40,40,36,36,34,34,31,32,30,28,26,25,22,20,18,17,15,14,12,13,0,0,0,0,0,0,0,47,48,50,53,55,58,60,64,65,67,67,66,67,66,66,65,66,63,65,64,65,64,64,62,59,61,61,62
20260804_015555_897cb2,1785805659637776,1389315302,2,2,0,-53,128,0,15,14,15,14,13,12,12,10,11,10,9,9,8,8,8,6,6,5,4,5,4,4,3,4,3,3,0,0,0,0,0,0,0,0,0,0,0,14,15,15,16,17,18,19,19,20,20,19,20,20,19,19,18,18,18,18,18,18,17,17,17,16,16,0,28,27,26,26,24,22,21,19,19,17,17,17,17,13,15,12,12,9,8,7,8,6,4,4,6,3,5,3,0,0,0,0,0,0,0,24,25,26,27,30,31,32,32,34,34,36,37,36,35,36,35,35,35,34,34,34,33,32,32,32,31,31,30
20260804_015555_897cb2,1785805659736282,1389412153,2,2,0,-54,128,0,15,15,14,13,13,12,12,10,10,9,9,8,8,7,7,6,6,5,5,4,4,4,4,4,4,4,0,0,0,0,0,0,0,0,0,0,0,14,15,16,17,18,18,19,19,20,20,20,20,20,20,20,19,19,19,18,18,18,18,17,17,17,16,0,28,27,26,24,23,22,21,19,17,17,16,14,14,13,12,11,10,9,9,9,7,7,7,6,7,6,7,7,0,0,0,0,0,0,0,24,26,26,27,29,30,33,33,35,35,36,37,37,36,37,36,34,36,34,34,34,34,33,33,32,31,31,30
20260804_015555_897cb2,1785805659833909,1389513591,2,2,0,-54,128,0,14,14,14,12,12,11,10,9,8,8,7,6,6,5,4,4,3,3,2,1,1,1,0,0,1,1,0,0,0,0,0,0,0,0,0,0,0,15,15,16,17,18,18,19,20,20,21,20,20,20,20,20,19,19,18,18,18,18,18,17,17,16,15,0,28,26,25,23,22,20,19,17,16,16,14,13,12,11,9,8,6,5,4,2,2,1,1,1,2,2,3,3,0,0,0,0,0,0,0,25,28,28,30,32,32,33,35,36,38,38,38,38,38,38,38,36,36,35,35,35,34,34,32,32,31,31,29
20260804_015555_897cb2,1785805659938654,1389613149,2,2,0,-56,128,0,15,14,13,11,11,10,9,8,7,7,6,5,4,4,3,3,2,1,1,1,1,1,2,2,3,3,0,0,0,0,0,0,0,0,0,0,0,13,14,14,16,16,18,18,19,19,20,20,20,20,19,19,19,19,18,18,18,18,18,17,17,16,16,0,28,25,24,22,22,20,16,16,15,13,11,10,9,8,6,5,4,3,3,1,1,2,4,4,4,6,6,6,0,0,0,0,0,0,0,23,23,25,26,26,31,31,33,34,35,37,36,36,37,37,36,36,35,36,34,35,34,34,33,33,32,31,30
20260804_015555_897cb2,1785805660037225,1389713561,2,2,0,-60,128,0,14,14,13,13,11,11,10,9,8,8,7,6,5,4,4,4,3,4,2,2,3,4,3,4,5,5,0,0,0,0,0,0,0,0,0,0,0,14,14,15,15,16,17,17,18,18,18,19,19,18,19,19,19,19,18,18,17,17,17,17,17,16,16,0,29,28,24,24,23,21,20,18,19,17,14,13,9,9,9,5,5,5,4,6,7,6,8,8,9,11,11,12,0,0,0,0,0,0,0,24,25,27,28,29,31,32,33,34,35,36,38,37,37,38,36,36,37,35,36,36,33,35,35,35,32,32,31
20260804_015555_897cb2,1785805660145719,1389822863,2,2,0,-54,128,0,14,14,14,13,12,12,11,11,10,10,10,9,8,8,8,8,7,7,6,6,5,5,4,5,5,4,0,0,0,0,0,0,0,0,0,0,0,14,14,15,16,16,17,17,18,19,19,19,18,19,18,18,17,17,17,17,17,17,17,16,16,16,16,0,28,27,26,25,23,22,21,20,19,19,18,16,16,15,15,14,13,13,13,12,11,10,9,9,8,8,7,7,0,0,0,0,0,0,0,24,26,27,28,29,30,31,33,34,35,36,35,35,37,35,35,35,34,34,34,34,33,32,33,31,31,31,30
20260804_015555_897cb2,1785805660254317,1389927744,2,2,0,-60,128,0,15,14,14,14,13,13,13,13,12,13,12,12,13,11,12,13,12,11,15,11,12,11,11,10,12,12,0,0,0,0,0,0,0,0,0,0,0,13,13,14,14,15,15,15,16,16,16,16,16,16,16,16,16,15,16,15,16,16,15,15,15,16,15,0,29,28,26,26,26,26,25,26,23,24,24,23,24,24,21,23,23,19,27,22,25,19,22,23,20,20,19,15,0,0,0,0,0,0,0,23,24,25,25,26,27,28,28,29,29,30,32,30,30,31,30,30,30,30,29,29,30,29,29,29,29,29,29
20260804_015555_897cb2,1785805660334572,1390011568,2,2,0,-57,128,0,15,15,15,15,14,14,14,14,14,13,13,13,13,13,13,13,13,13,13,13,13,12,12,12,11,11,0,0,0,0,0,0,0,0,0,0,0,13,13,14,14,14,15,15,15,16,16,16,16,16,16,15,16,15,16,16,16,16,16,15,15,15,16,0,57,56,56,54,54,52,51,51,50,50,50,50,48,49,49,48,48,49,48,47,45,43,42,41,41,40,36,36,0,0,0,0,0,0,0,43,44,47,49,50,52,53,55,55,57,58,59,59,60,59,59,58,58,57,57,57,58,56,57,57,58,58,57
20260804_015555_897cb2,1785805660439254,1390111773,2,2,0,-55,128,0,14,15,15,15,15,14,14,14,14,14,14,13,13,13,14,14,14,14,14,13,13,13,12,11,11,11,0,0,0,0,0,0,0,0,0,0,0,10,10,10,11,11,11,12,12,13,13,13,13,13,13,13,13,13,13,13,14,14,14,14,15,15,15,0,55,56,54,56,54,54,53,52,52,53,53,51,51,51,53,52,52,52,52,50,49,49,48,45,45,43,41,40,0,0,0,0,0,0,0,36,38,38,39,41,42,45,44,46,48,49,50,51,52,52,52,51,52,51,52,52,54,53,54,55,56,57,55
20260804_015555_897cb2,1785805660537292,1390211472,2,2,0,-52,128,0,15,16,16,15,15,15,15,15,15,15,15,15,15,15,15,15,16,16,16,15,15,15,15,14,14,13,0,0,0,0,0,0,0,0,0,0,0,9,10,10,11,11,11,12,12,13,13,13,13,13,14,13,14,13,13,14,14,14,14,14,15,15,15,0,56,57,56,57,57,57,58,57,57,58,58,57,58,58,57,58,59,60,59,58,57,54,54,52,51,49,47,47,0,0,0,0,0,0,0,33,35,35,35,38,39,41,43,45,45,46,47,48,48,50,49,48,49,50,50,52,52,52,53,52,55,55,55
20260804_015555_897cb2,1785805660636279,1390311576,2,2,0,-52,128,0,16,16,15,16,15,15,15,15,15,14,14,14,14,14,15,14,14,14,14,15,14,13,13,13,12,12,0,0,0,0,0,0,0,0,0,0,0,8,9,9,9,10,10,12,12,12,13,13,13,13,13,13,13,13,13,13,14,14,15,15,15,15,15,0,60,57,58,58,56,57,55,55,55,56,56,54,55,55,56,56,55,56,56,54,53,51,49,47,47,47,44,42,0,0,0,0,0,0,0,30,32,34,36,37,39,39,41,43,44,45,47,48,48,51,48,51,51,51,50,50,53,53,53,55,55,57,57
20260804_015555_897cb2,1785805660734952,1390411868,2,2,0,-51,128,0,16,16,16,16,15,16,16,15,15,16,16,14,14,14,15,15,15,14,14,15,15,14,14,13,13,12,0,0,0,0,0,0,0,0,0,0,0,9,9,9,10,10,11,12,12,13,13,13,13,14,14,13,14,14,14,14,15,15,15,15,16,16,16,0,59,60,59,59,58,57,57,56,55,57,56,55,55,55,57,56,56,56,55,54,53,50,49,47,46,44,42,42,0,0,0,0,0,0,0,29,30,33,33,35,38,39,41,44,46,48,49,49,51,49,50,51,53,53,53,54,55,57,55,58,58,59,59
20260804_015555_897cb2,1785805660835912,1390511701,2,2,0,-53,128,0,15,16,16,15,15,15,15,15,15,14,15,15,15,15,15,15,14,14,14,14,14,13,13,12,12,12,0,0,0,0,0,0,0,0,0,0,0,11,11,12,12,12,12,12,13,13,13,13,13,13,13,14,13,14,13,14,14,14,15,14,15,15,15,0,57,61,59,58,58,58,57,57,54,56,56,55,54,55,56,54,55,55,55,53,52,50,49,46,46,43,43,41,0,0,0,0,0,0,0,39,40,40,41,43,45,47,47,48,49,49,51,50,49,50,51,51,52,52,51,53,54,56,55,57,56,57,57
20260804_015555_897cb2,1785805660940101,1390611407,2,2,0,-51,128,0,16,16,16,16,16,16,15,15,15,15,15,15,15,15,15,15,15,15,15,14,14,13,13,12,12,11,0,0,0,0,0,0,0,0,0,0,0,9,10,10,10,11,11,12,13,13,13,13,14,14,14,14,15,15,15,15,15,15,16,16,16,16,16,0,60,60,59,60,58,58,57,56,56,57,56,54,55,55,55,57,54,54,53,52,52,50,49,46,44,43,42,39,0,0,0,0,0,0,0,31,32,33,35,37,38,41,42,44,45,48,50,50,51,51,51,51,54,55,56,55,55,56,58,60,59,61,61
20260804_015555_897cb2,1785805661039587,1390713596,2,2,0,-52,128,0,15,16,16,16,16,16,16,16,15,16,15,15,15,16,16,16,16,16,16,16,16,15,15,14,14,13,0,0,0,0,0,0,0,0,0,0,0,9,9,10,11,11,11,12,12,12,12,13,13,13,13,13,13,13,13,14,14,14,15,15,15,15,15,0,57,59,58,57,59,57,56,58,55,57,57,58,58,59,57,58,59,60,59,57,58,55,53,52,50,49,45,46,0,0,0,0,0,0,0,32,33,33,35,36,37,39,40,42,42,44,45,45,46,47,48,49,48,50,49,52,54,53,54,53,55,56,57
20260804_015555_897cb2,1785805661136735,1390813129,2,2,0,-54,128,0,15,15,15,15,15,15,15,14,14,15,15,15,15,14,15,16,15,16,15,15,15,14,14,13,13,13,0,0,0,0,0,0,0,0,0,0,0,8,8,8,8,9,9,10,11,11,11,11,12,12,12,12,12,13,13,13,13,13,14,14,15,15,15,0,59,60,60,57,58,59,57,58,58,57,58,57,58,58,59,59,60,58,59,58,57,56,53,52,52,52,48,48,0,0,0,0,0,0,0,28,28,32,31,33,35,36,38,39,41,42,42,45,46,47,47,49,49,51,50,52,52,53,55,55,55,57,57
20260804_015555_897cb2,1785805661235941,1390911286,2,2,0,-52,128,0,16,18,16,16,16,16,16,16,16,16,16,16,16,16,16,16,17,16,16,16,16,15,15,14,14,13,0,0,0,0,0,0,0,0,0,0,0,6,6,7,8,9,9,10,11,11,12,12,13,13,13,13,14,14,15,15,16,16,16,16,16,17,16,0,62,62,62,60,61,60,58,59,58,57,57,57,57,58,57,57,57,58,58,57,55,54,52,52,50,50,47,47,0,0,0,0,0,0,0,20,21,21,23,26,28,30,32,33,36,39,41,43,44,47,47,49,50,50,52,54,56,57,59,57,59,59,61
20260804_015555_897cb2,1785805661333890,1391011266,2,2,0,-54,128,0,16,16,16,16,16,16,16,16,15,15,15,15,15,15,15,15,15,15,15,15,14,14,13,13,12,12,0,0,0,0,0,0,0,0,0,0,0,7,8,8,9,9,10,11,11,12,12,12,12,13,13,14,14,15,15,14,15,15,16,16,16,16,16,0,60,60,60,61,58,58,57,58,56,57,56,55,55,57,57,56,56,56,56,55,53,51,49,48,47,46,42,42,0,0,0,0,0,0,0,23,25,27,28,30,34,34,38,39,41,45,45,47,47,50,50,51,52,53,52,53,54,55,57,59,58,59,60
20260804_015555_897cb2,1785805661437844,1391111385,2,2,0,-51,128,0,16,15,15,15,14,14,14,13,13,13,13,13,12,12,12,12,12,11,11,11,11,10,10,9,9,9,0,0,0,0,0,0,0,0,0,0,0,12,12,13,13,15,15,16,16,16,17,17,17,17,16,16,17,16,16,16,17,16,16,17,16,16,16,0,55,57,53,53,53,51,49,47,47,47,46,43,43,42,42,42,41,41,39,38,38,35,34,34,31,30,29,28,0,0,0,0,0,0,0,37,40,43,44,47,50,52,55,57,57,61,61,62,62,62,60,59,62,60,62,60,60,61,59,60,60,59,59
20260804_015555_897cb2,1785805661541971,1391213822,2,2,0,-55,128,0,15,15,15,14,14,13,13,12,12,12,11,11,11,11,10,10,10,9,10,9,9,9,8,8,8,8,0,0,0,0,0,0,0,0,0,0,0,12,13,13,14,15,16,16,17,17,17,18,17,18,18,18,18,17,17,17,17,16,17,16,16,16,16,0,29,29,27,27,26,25,24,23,23,23,22,22,21,21,20,19,19,19,19,17,17,16,15,14,13,14,13,13,0,0,0,0,0,0,0,20,22,23,25,25,26,28,29,30,31,33,33,33,34,33,33,33,33,32,32,31,32,32,31,31,30,30,29
20260804_015555_897cb2,1785805661641165,1391313356,2,2,0,-56,128,0,16,16,16,15,15,15,15,14,14,14,14,14,13,13,13,13,13,13,13,12,12,12,12,12,11,11,0,0,0,0,0,0,0,0,0,0,0,10,11,11,12,13,13,14,14,16,16,17,16,16,16,16,16,17,17,17,17,16,17,16,18,17,16,0,60,59,59,57,56,55,54,51,51,51,51,50,50,49,49,48,49,46,47,45,43,44,42,41,40,39,38,36,0,0,0,0,0,0,0,33,34,36,37,40,45,47,49,49,55,57,59,59,61,62,61,62,62,61,60,62,62,62,64,62,61,62,59
20260804_015555_897cb2,1785805661738684,1391411827,2,2,0,-53,128,0,15,14,14,14,14,14,14,15,13,14,14,13,13,14,14,14,14,15,14,14,13,13,13,13,13,12,0,0,0,0,0,0,0,0,0,0,0,6,7,7,8,8,9,10,10,11,11,11,11,12,13,12,13,13,13,13,13,14,14,14,14,15,15,0,58,58,58,57,59,57,55,55,56,55,57,55,55,55,56,58,57,57,57,55,56,53,52,52,50,48,47,46,0,0,0,0,0,0,0,23,26,26,28,31,33,35,38,38,40,42,44,45,48,48,48,50,51,50,51,54,54,54,55,55,57,58,58
20260804_015555_897cb2,1785805661838462,1391511564,2,2,0,-52,128,0,15,15,14,15,14,14,14,14,14,14,14,14,13,14,15,15,15,15,15,14,13,13,13,12,12,11,0,0,0,0,0,0,0,0,0,0,0,8,8,9,9,9,10,11,11,11,11,12,12,13,13,13,13,13,13,13,14,14,14,14,14,14,15,0,58,56,59,57,56,56,55,54,55,54,55,55,55,57,55,56,56,57,56,55,55,51,50,48,48,48,42,43,0,0,0,0,0,0,0,28,30,31,32,34,38,37,40,42,43,45,45,47,47,50,50,50,50,51,50,53,51,54,55,54,57,57,56
20260804_015555_897cb2,1785805661937095,1391611853,2,2,0,-50,128,0,14,14,14,14,14,14,14,14,14,14,13,15,15,15,15,15,15,16,15,14,15,14,14,14,13,12,0,0,0,0,0,0,0,0,0,0,0,8,9,9,9,9,9,10,10,10,10,10,11,11,11,11,11,12,12,13,13,13,13,14,13,14,14,0,57,55,59,59,55,56,56,55,57,56,58,56,58,56,60,61,61,59,60,60,58,56,57,51,54,50,47,47,0,0,0,0,0,0,0,30,31,31,33,35,38,38,39,40,41,43,42,45,45,47,46,47,48,48,47,49,49,52,53,54,55,57,54
20260804_015555_897cb2,1785805662036012,1391711356,2,2,0,-51,128,0,14,14,14,14,14,14,14,15,15,15,14,14,15,15,15,16,16,16,16,16,16,16,15,15,14,14,0,0,0,0,0,0,0,0,0,0,0,8,8,9,9,9,9,9,9,10,10,10,10,10,10,10,11,11,11,11,12,12,12,13,13,14,14,0,28,27,28,28,28,28,28,27,28,29,29,30,30,31,31,32,32,32,32,32,31,32,30,29,29,29,27,26,0,0,0,0,0,0,0,14,15,15,17,16,17,18,18,19,20,21,20,21,21,21,21,21,22,22,23,23,23,24,25,25,26,26,26
20260804_015555_897cb2,1785805662133954,1391810912,2,2,0,-52,128,0,13,13,14,13,14,14,14,14,14,14,14,14,14,15,15,15,15,16,16,16,16,16,15,15,14,14,0,0,0,0,0,0,0,0,0,0,0,7,7,8,8,8,8,8,8,8,10,10,10,10,10,10,10,11,11,12,12,12,12,12,13,13,13,0,55,53,56,55,56,55,54,55,54,55,56,57,59,62,60,62,61,63,63,62,63,61,59,59,57,58,53,53,0,0,0,0,0,0,0,28,28,29,30,30,34,33,35,35,36,38,39,40,40,42,41,42,43,44,45,46,47,48,49,49,51,52,53
20260804_015555_897cb2,1785805662238269,1391911609,2,2,0,-52,128,0,15,15,15,15,15,15,16,16,16,16,16,16,16,17,17,17,17,17,17,17,17,17,16,16,15,15,0,0,0,0,0,0,0,0,0,0,0,8,8,9,9,9,9,10,10,11,11,10,12,12,12,12,12,13,13,13,13,13,14,14,14,14,15,0,56,56,57,56,56,56,56,57,58,59,60,59,60,63,62,64,65,65,65,64,63,61,60,59,58,57,54,54,0,0,0,0,0,0,0,27,27,27,29,31,32,33,35,36,36,39,40,40,41,43,43,45,44,46,47,46,50,50,53,53,53,55,56
20260804_015555_897cb2,1785805662341953,1392014616,2,2,0,-52,128,0,14,14,14,14,14,14,14,14,14,15,15,15,15,16,16,16,16,16,16,16,16,15,15,14,14,14,0,0,0,0,0,0,0,0,0,0,0,6,6,6,7,7,8,9,9,9,9,10,10,10,10,10,11,11,11,11,12,12,12,13,14,14,14,0,57,57,57,59,57,57,56,58,58,61,60,60,60,61,63,64,64,66,64,64,64,62,62,59,59,56,56,54,0,0,0,0,0,0,0,21,22,24,25,27,28,29,31,32,35,36,38,39,40,41,42,42,45,45,46,47,48,49,52,52,54,56,55
20260804_015555_897cb2,1785805662434468,1392111414,2,2,0,-51,128,0,14,14,14,14,14,14,14,14,15,15,15,15,15,16,16,16,16,16,16,16,16,15,14,14,14,14,0,0,0,0,0,0,0,0,0,0,0,8,9,9,9,9,10,10,11,11,11,11,11,11,11,12,11,11,11,13,13,13,14,13,14,14,14,0,53,55,56,55,56,54,55,54,55,56,57,57,58,59,61,61,61,63,62,60,60,58,56,56,54,54,50,50,0,0,0,0,0,0,0,28,29,31,31,32,34,35,37,37,40,41,41,42,42,42,43,45,45,47,46,49,48,50,50,50,52,55,53
20260804_015555_897cb2,1785805662538664,1392211645,2,2,0,-51,128,0,14,14,15,14,14,15,14,14,14,16,16,15,16,16,16,16,17,17,17,17,16,16,16,16,16,16,0,0,0,0,0,0,0,0,0,0,0,9,9,9,9,10,10,11,10,11,11,11,11,11,12,11,11,12,12,12,13,13,13,13,14,14,14,0,55,56,55,56,55,55,55,55,57,58,58,60,60,60,63,62,65,64,65,64,64,63,64,61,60,56,56,57,0,0,0,0,0,0,0,32,32,34,34,37,35,40,38,40,41,42,44,41,42,44,44,44,45,45,45,47,47,49,51,51,50,51,53
20260804_015555_897cb2,1785805662636385,1392311469,2,2,0,-51,128,0,15,15,15,15,16,15,16,15,16,16,16,16,16,17,17,17,17,17,17,16,16,16,15,15,14,14,0,0,0,0,0,0,0,0,0,0,0,8,9,9,9,9,10,10,10,11,10,11,11,11,11,12,12,12,12,13,13,13,14,14,14,15,15,0,29,29,30,30,29,30,29,30,30,30,31,30,30,32,32,33,31,32,32,31,31,30,29,29,27,27,26,25,0,0,0,0,0,0,0,15,16,16,17,17,18,18,19,19,20,20,21,21,21,22,22,22,24,25,25,24,25,25,26,26,27,28,29
20260804_015555_897cb2,1785805662737269,1392411773,2,2,0,-51,128,0,15,16,16,15,15,15,15,15,15,14,15,14,15,15,15,15,15,15,15,15,15,15,14,13,12,12,0,0,0,0,0,0,0,0,0,0,0,9,9,9,9,10,10,10,11,11,12,12,12,12,12,13,13,13,13,13,14,14,15,15,15,15,15,0,59,58,60,58,58,57,56,57,56,56,56,56,57,59,55,58,58,58,57,56,56,52,51,51,50,48,44,45,0,0,0,0,0,0,0,29,30,31,33,33,36,37,39,40,43,44,45,45,47,48,48,50,49,50,49,53,53,53,55,54,57,56,57
20260804_015555_897cb2,1785805662834689,1392512188,2,2,0,-52,128,0,16,16,16,15,15,15,15,15,15,15,15,15,15,16,15,16,15,16,15,15,14,14,14,14,13,12,0,0,0,0,0,0,0,0,0,0,0,7,8,8,9,9,11,11,11,11,12,12,12,13,13,13,14,14,14,14,14,15,15,15,15,15,16,0,61,59,59,58,59,58,57,56,57,57,57,55,57,58,56,58,57,57,57,55,55,52,51,49,48,48,45,45,0,0,0,0,0,0,0,24,26,28,30,30,35,36,38,40,41,43,45,47,49,48,49,50,50,51,52,53,54,55,57,57,56,59,58
20260804_015555_897cb2,1785805662938950,1392613824,2,2,0,-52,128,0,16,16,16,16,16,15,16,15,15,15,16,15,16,16,16,16,16,16,16,15,15,15,14,14,14,13,0,0,0,0,0,0,0,0,0,0,0,7,7,8,8,9,9,10,10,11,11,12,12,13,13,13,13,13,13,13,14,14,15,15,15,16,16,0,58,60,58,60,58,57,57,56,58,59,57,58,59,58,59,59,60,59,59,59,58,56,55,52,53,49,49,47,0,0,0,0,0,0,0,22,23,26,26,29,30,33,35,37,40,41,43,43,45,45,47,47,50,49,51,50,52,54,55,56,56,58,58
20260804_015555_897cb2,1785805663037586,1392712756,2,2,0,-60,128,0,14,15,15,14,14,15,14,14,14,15,15,15,15,16,16,16,17,16,17,17,16,16,16,16,15,15,0,0,0,0,0,0,0,0,0,0,0,10,10,11,11,12,12,12,12,13,14,13,13,13,13,13,13,13,13,13,13,14,13,14,14,15,14,0,25,27,27,27,25,27,28,26,26,27,28,28,28,29,29,30,31,31,30,31,31,29,29,29,29,28,27,27,0,0,0,0,0,0,0,17,18,19,19,20,20,21,22,23,23,24,25,25,24,25,24,26,25,24,24,24,25,25,25,25,25,26,25
20260804_015555_897cb2,1785805663135158,1392811715,2,2,0,-56,128,0,15,14,13,13,12,11,11,10,10,9,8,8,7,7,7,7,6,6,6,5,5,5,5,4,4,4,0,0,0,0,0,0,0,0,0,0,0,16,17,18,19,19,20,20,21,21,21,22,21,21,20,20,20,19,19,18,18,18,18,17,17,16,16,0,25,25,23,22,20,19,18,17,16,16,15,14,13,12,11,11,10,10,10,9,8,8,8,7,8,8,8,8,0,0,0,0,0,0,0,26,27,28,29,31,32,34,35,36,36,36,38,38,37,36,36,35,35,34,33,32,32,32,31,30,29,28,28
20260804_015555_897cb2,1785805663232424,1392911775,2,2,0,-52,128,0,14,13,13,13,12,12,11,10,10,9,8,8,7,7,7,6,6,6,6,5,4,4,4,4,4,2,0,0,0,0,0,0,0,0,0,0,0,14,15,16,17,17,17,18,19,19,20,20,20,20,19,19,19,18,18,17,17,17,17,16,16,17,15,0,26,26,26,23,22,22,19,19,18,17,16,14,14,13,12,12,11,11,9,9,8,7,7,6,6,4,5,4,0,0,0,0,0,0,0,23,25,26,27,30,30,32,33,34,35,36,35,37,36,36,35,34,35,33,33,33,33,31,31,31,30,30,28
20260804_015555_897cb2,1785805663334669,1393011722,2,2,0,-50,128,0,15,15,14,14,14,12,12,11,11,11,10,9,9,9,9,8,7,7,6,6,6,6,4,4,4,4,0,0,0,0,0,0,0,0,0,0,0,13,13,15,16,16,17,18,19,19,19,19,19,19,19,18,18,18,18,18,17,17,17,17,17,17,17,0,27,26,25,24,23,21,21,20,20,18,17,17,16,16,14,14,14,13,11,12,10,10,9,8,7,7,5,6,0,0,0,0,0,0,0,21,22,23,25,26,27,29,29,31,32,32,32,33,34,34,33,33,33,31,31,31,30,32,31,30,30,29,28
20260804_015555_897cb2,1785805663436281,1393111768,2,2,0,-49,128,0,16,16,16,16,15,14,14,13,13,12,12,11,10,10,10,10,9,9,8,8,7,7,7,6,6,6,0,0,0,0,0,0,0,0,0,0,0,15,15,16,17,18,19,18,19,20,20,20,20,20,20,20,20,19,19,19,18,18,18,18,18,17,18,0,28,27,28,26,24,24,23,22,20,22,19,17,18,17,17,17,15,14,14,13,14,12,11,10,9,9,7,7,0,0,0,0,0,0,0,23,24,25,26,28,29,31,31,33,33,35,35,34,35,34,35,33,33,32,32,32,31,31,32,31,30,30,29
20260804_015555_897cb2,1785805663538955,1393211597,2,2,0,-48,128,0,16,15,15,15,13,13,12,12,12,11,11,10,10,10,10,10,9,9,9,8,8,7,7,6,6,6,0,0,0,0,0,0,0,0,0,0,0,12,14,14,15,16,16,17,18,18,18,18,18,18,18,18,17,17,17,17,17,17,17,17,17,17,16,0,28,26,27,25,25,23,23,22,21,20,21,18,18,18,18,18,18,16,16,16,15,13,12,12,12,11,10,10,0,0,0,0,0,0,0,20,22,24,25,26,27,28,30,31,31,34,34,34,33,33,33,32,32,31,31,32,32,31,31,29,31,30,30
20260804_015555_897cb2,1785805663635109,1393312565,2,2,0,-48,128,0,16,15,14,14,14,12,12,12,11,11,11,10,10,9,9,9,8,8,8,7,7,7,6,6,5,5,0,0,0,0,0,0,0,0,0,0,0,14,15,16,16,17,18,19,19,19,20,19,19,19,18,18,18,18,18,17,18,17,17,17,17,17,16,0,56,54,52,50,46,46,45,43,41,40,40,38,36,35,34,33,32,32,29,28,26,25,24,21,20,18,18,16,0,0,0,0,0,0,0,47,49,51,54,56,60,62,64,68,68,67,69,69,69,66,66,66,65,65,62,63,62,59,61,59,60,58,58
20260804_015555_897cb2,1785805663738262,1393414871,2,2,0,-48,128,0,16,15,16,14,13,13,12,12,12,11,11,10,10,10,9,10,9,9,8,8,8,7,6,6,6,6,0,0,0,0,0,0,0,0,0,0,0,17,18,17,20,20,21,21,21,22,22,21,21,21,21,21,20,20,19,19,18,18,18,17,17,17,17,0,27,25,25,24,22,21,20,20,20,19,18,17,17,16,15,14,14,15,13,13,12,12,12,10,10,10,9,9,0,0,0,0,0,0,0,27,28,27,30,31,32,34,34,35,35,36,37,35,36,35,34,34,33,32,31,31,32,31,30,30,29,30,28
20260804_015555_897cb2,1785805663837449,1393511565,2,2,0,-46,128,0,15,15,15,13,13,13,12,12,11,11,11,11,11,11,10,10,10,10,10,9,9,9,9,8,8,8,0,0,0,0,0,0,0,0,0,0,0,14,14,15,16,16,16,17,18,18,18,17,17,18,17,17,17,17,17,16,16,16,16,15,16,15,15,0,27,28,27,25,26,25,22,23,22,23,22,20,21,20,20,20,19,18,19,17,19,17,17,16,15,14,14,14,0,0,0,0,0,0,0,24,26,26,26,30,31,31,32,34,34,34,34,34,34,33,33,33,33,31,31,31,30,30,29,30,30,29,29
20260804_015555_897cb2,1785805663933918,1393611618,2,2,0,-46,128,0,15,14,14,14,13,13,12,11,11,12,11,11,11,11,10,11,9,9,9,9,9,8,8,8,7,7,0,0,0,0,0,0,0,0,0,0,0,14,14,15,16,16,16,17,17,17,18,18,17,17,17,17,17,17,16,17,17,16,16,16,16,16,15,0,57,54,51,51,48,47,45,45,43,41,41,39,40,40,39,37,38,37,36,34,33,31,29,27,27,27,26,24,0,0,0,0,0,0,0,45,48,50,51,54,57,59,61,63,65,65,65,63,64,65,66,63,62,62,61,59,58,60,60,58,57,58,56
20260804_015555_897cb2,1785805664054871,1393729155,2,2,0,-52,128,0,14,13,13,12,12,11,11,10,10,10,9,9,9,8,8,8,7,7,7,6,6,5,5,5,4,4,0,0,0,0,0,0,0,0,0,0,0,16,16,16,17,18,19,19,19,19,19,18,18,19,17,17,17,17,16,17,16,16,16,16,16,15,15,0,27,26,25,25,23,21,20,20,19,19,18,17,17,16,15,15,13,13,13,12,10,9,9,9,9,7,7,7,0,0,0,0,0,0,0,28,29,31,31,32,33,34,35,36,37,38,37,36,36,35,35,34,34,33,33,32,31,30,30,30,28,28,28
20260804_015555_897cb2,1785805664140880,1393817129,2,2,0,-49,128,0,14,14,13,12,12,11,11,10,9,9,9,9,9,8,9,8,8,8,7,6,6,6,6,5,5,5,0,0,0,0,0,0,0,0,0,0,0,14,15,16,16,17,18,18,18,19,19,18,18,18,18,17,17,17,17,16,16,16,16,15,15,15,15,0,26,25,24,23,22,21,21,19,19,18,17,16,16,15,15,14,14,13,13,13,11,11,11,11,10,9,9,9,0,0,0,0,0,0,0,26,27,28,28,29,31,33,33,34,34,35,35,33,34,34,34,32,32,31,31,30,31,29,30,30,29,28,28
20260804_015555_897cb2,1785805664237028,1393912075,2,2,0,-46,128,0,15,15,15,14,13,13,13,12,12,13,11,11,11,11,11,11,11,11,11,10,10,10,9,9,9,8,0,0,0,0,0,0,0,0,0,0,0,16,16,16,17,17,18,18,18,19,19,19,19,19,19,18,17,17,17,17,17,17,17,17,17,16,16,0,54,53,53,48,50,45,46,44,43,42,41,40,41,41,37,39,38,39,38,35,34,34,32,32,30,29,27,26,0,0,0,0,0,0,0,49,52,53,57,57,59,60,65,66,64,67,66,68,66,65,63,65,62,61,59,61,59,58,58,58,58,57,58
20260804_015555_897cb2,1785805664333420,1394011354,2,2,0,-48,128,0,15,15,15,14,14,13,12,12,11,11,11,11,10,10,10,10,9,9,8,8,8,7,7,7,7,6,0,0,0,0,0,0,0,0,0,0,0,14,15,15,16,17,17,17,18,18,18,18,18,18,18,18,17,17,17,17,17,17,17,17,17,16,16,0,28,25,25,24,24,22,21,21,21,20,19,18,19,18,17,16,16,17,16,14,14,14,12,12,11,11,9,9,0,0,0,0,0,0,0,23,24,25,27,26,28,29,31,30,31,32,32,33,31,32,31,32,31,30,29,29,29,29,30,29,29,29,29
20260804_015555_897cb2,1785805664436620,1394111584,2,2,0,-49,128,0,15,15,15,14,14,13,13,12,11,11,11,11,9,9,9,9,9,9,8,8,7,7,6,6,5,5,0,0,0,0,0,0,0,0,0,0,0,16,17,17,19,19,19,19,21,21,21,20,21,20,20,20,19,19,19,19,18,18,17,17,17,17,17,0,28,27,27,26,23,22,22,21,20,19,18,17,16,16,16,16,15,14,13,14,12,11,10,9,9,9,7,8,0,0,0,0,0,0,0,25,27,27,29,31,32,34,34,35,35,36,36,37,35,35,34,34,35,32,32,31,33,33,31,32,30,29,29
20260804_015555_897cb2,1785805664534575,1394211743,2,2,0,-49,128,0,16,15,14,14,13,12,12,11,12,10,11,10,10,10,9,10,8,8,8,8,7,7,6,6,6,4,0,0,0,0,0,0,0,0,0,0,0,13,14,14,15,16,16,17,17,18,18,18,18,18,18,18,18,18,17,17,17,17,17,17,17,17,16,0,28,27,26,26,25,23,22,22,21,19,20,17,18,18,18,16,15,16,14,14,13,12,11,10,11,9,9,9,0,0,0,0,0,0,0,22,22,24,25,25,27,28,30,31,31,33,32,33,33,33,32,33,32,32,32,32,31,31,31,31,30,30,28
20260804_015555_897cb2,1785805664638320,1394315904,2,2,0,-50,128,0,14,14,13,13,11,11,11,10,9,9,9,8,8,8,7,6,6,5,5,5,4,4,3,3,2,2,0,0,0,0,0,0,0,0,0,0,0,14,15,16,16,17,18,18,18,18,19,18,18,18,18,17,17,17,16,17,16,16,16,16,15,15,15,0,53,50,52,48,47,42,40,38,38,36,32,33,31,30,27,26,25,25,22,21,17,18,15,12,11,10,8,9,0,0,0,0,0,0,0,51,53,55,58,61,63,64,66,69,69,70,71,71,69,71,68,67,67,65,64,64,62,62,60,59,59,58,58
20260804_015555_897cb2,1785805664737286,1394411627,2,2,0,-49,128,0,14,14,13,13,12,12,10,10,10,10,9,9,8,8,8,7,8,7,6,6,5,5,5,4,4,3,0,0,0,0,0,0,0,0,0,0,0,14,15,16,15,17,17,17,18,18,20,19,18,18,18,17,17,17,17,16,17,16,17,16,16,16,15,0,27,25,26,24,22,22,21,20,18,18,18,17,16,16,15,15,13,13,12,12,10,11,9,8,7,8,7,6,0,0,0,0,0,0,0,22,25,26,27,28,30,30,31,32,34,35,34,34,34,33,33,33,33,32,31,31,30,30,30,30,29,30,28
20260804_015555_897cb2,1785805664835144,1394511353,2,2,0,-50,128,0,17,17,16,15,14,14,13,12,12,11,11,11,10,10,10,10,9,9,8,8,7,6,6,6,5,5,0,0,0,0,0,0,0,0,0,0,0,16,17,17,17,18,19,20,21,20,21,21,21,21,21,20,20,20,19,19,19,19,19,18,18,17,17,0,29,28,27,25,25,23,22,21,20,19,19,18,16,16,16,15,14,14,13,13,13,11,10,9,10,9,9,7,0,0,0,0,0,0,0,24,26,27,27,28,30,32,32,35,35,36,35,36,36,35,35,35,33,35,32,33,33,32,33,31,31,31,30
20260804_015555_897cb2,1785805664938940,1394613329,2,2,0,-51,128,0,16,15,14,13,13,11,11,10,9,9,8,7,7,6,6,6,5,4,4,4,3,3,2,2,2,2,0,0,0,0,0,0,0,0,0,0,0,17,18,18,20,20,21,22,22,22,22,22,22,22,21,21,20,20,19,20,19,19,18,18,17,17,16,0,27,25,25,23,21,20,18,18,17,15,14,12,11,11,9,9,8,8,6,5,5,5,3,3,3,4,4,4,0,0,0,0,0,0,0,26,28,29,31,32,34,36,37,37,37,39,39,38,38,37,37,37,36,36,35,35,33,32,31,32,30,30,29
20260804_015555_897cb2,1785805665036857,1394713797,2,2,0,-51,128,0,16,15,15,15,14,13,13,12,12,12,12,11,10,10,10,9,9,8,8,8,7,7,6,6,5,5,0,0,0,0,0,0,0,0,0,0,0,14,14,15,16,17,17,19,19,19,19,19,19,19,19,19,19,18,18,18,18,18,18,18,17,17,17,0,30,28,28,26,24,24,23,22,22,20,20,19,18,18,17,16,15,15,15,14,13,13,11,11,9,9,8,8,0,0,0,0,0,0,0,22,24,25,27,27,29,30,31,32,34,34,35,35,34,33,34,34,34,34,33,33,32,33,32,32,30,30,30
20260804_015555_897cb2,1785805665132720,1394811386,2,2,0,-53,128,0,13,13,12,12,10,9,9,8,8,7,7,6,5,4,4,4,4,4,3,2,2,2,1,1,1,1,0,0,0,0,0,0,0,0,0,0,0,15,15,16,16,17,18,19,19,19,20,19,19,19,18,18,18,18,18,17,16,16,16,16,15,14,14,0,26,25,23,22,19,19,17,17,15,15,13,12,9,9,9,9,8,6,6,4,3,2,2,2,2,4,4,4,0,0,0,0,0,0,0,26,26,28,29,31,31,34,34,36,36,37,38,38,38,36,36,35,36,33,34,32,32,31,31,31,29,29,27
20260804_015555_897cb2,1785805665234219,1394911971,2,2,0,-51,128,0,16,15,14,14,14,12,12,11,11,11,10,10,9,8,8,8,7,7,6,6,6,5,4,4,4,3,0,0,0,0,0,0,0,0,0,0,0,15,16,17,18,18,19,19,20,20,21,21,21,20,19,20,19,19,18,18,18,18,17,17,17,17,17,0,28,27,26,24,23,23,21,20,19,19,18,16,16,15,14,14,13,13,12,11,10,9,8,8,6,5,5,5,0,0,0,0,0,0,0,25,25,27,28,29,30,32,33,34,35,36,36,36,35,35,35,34,33,33,32,32,31,31,31,31,30,30,29
20260804_015555_897cb2,1785805665333013,1395012433,2,2,0,-52,128,0,15,15,14,14,13,11,11,10,10,9,9,8,8,7,7,6,5,5,5,4,3,3,2,2,1,1,0,0,0,0,0,0,0,0,0,0,0,17,17,18,18,20,20,20,21,21,22,22,21,21,21,20,21,20,20,19,19,18,19,18,17,17,17,0,26,26,23,23,21,20,19,16,16,16,15,14,12,11,12,11,9,8,7,7,5,4,4,3,2,1,1,0,0,0,0,0,0,0,0,26,27,28,29,31,32,34,34,36,37,37,38,38,37,36,36,35,35,34,34,33,33,32,31,31,30,30,28
20260804_015555_897cb2,1785805665437250,1395114036,2,2,0,-51,128,0,16,15,13,13,13,12,12,11,11,9,9,9,8,8,8,8,7,7,6,6,5,5,4,4,4,4,0,0,0,0,0,0,0,0,0,0,0,16,17,17,19,19,20,20,20,21,21,21,21,20,20,20,19,19,19,18,18,17,17,17,17,17,16,0,26,25,23,23,22,21,20,18,18,18,17,16,14,14,14,13,12,12,11,10,9,8,7,7,5,5,5,5,0,0,0,0,0,0,0,25,27,27,29,30,32,33,34,36,36,36,36,36,36,35,33,33,34,32,32,32,31,31,30,30,29,29,28
20260804_015555_897cb2,1785805665535976,1395211791,2,2,0,-50,128,0,13,13,13,12,12,11,11,10,9,9,9,9,9,8,8,8,7,7,7,6,6,4,4,4,4,4,0,0,0,0,0,0,0,0,0,0,0,14,15,15,17,17,18,18,18,19,19,19,19,18,18,18,17,17,16,17,16,16,16,15,15,15,15,0,26,24,24,23,22,21,20,19,17,17,18,16,16,15,15,14,14,12,12,11,10,9,9,7,6,6,4,4,0,0,0,0,0,0,0,24,25,26,27,29,30,32,32,33,33,35,35,34,34,34,34,33,32,31,29,29,29,29,29,29,28,28,26
20260804_015555_897cb2,1785805665637248,1395310940,2,2,0,-51,128,0,16,15,14,14,13,13,13,12,12,11,11,10,10,9,10,9,9,8,8,7,7,6,6,5,5,5,0,0,0,0,0,0,0,0,0,0,0,14,14,15,16,16,17,18,19,19,19,19,19,19,19,18,19,18,18,17,17,17,17,17,17,16,16,0,27,26,25,25,23,23,22,21,21,21,19,18,17,17,17,16,16,15,14,13,13,12,11,10,9,8,8,8,0,0,0,0,0,0,0,21,23,24,24,27,27,29,29,31,32,32,34,33,33,33,32,32,33,31,32,30,30,30,29,30,29,29,28
20260804_015555_897cb2,1785805665735151,1395412479,2,2,0,-52,128,0,14,13,13,12,11,10,10,9,9,9,9,8,8,7,6,6,5,5,4,4,4,4,3,3,3,2,0,0,0,0,0,0,0,0,0,0,0,14,15,16,16,17,18,18,18,18,19,19,18,18,18,18,17,17,17,16,16,16,16,15,15,15,15,0,52,49,49,45,43,42,39,36,36,34,32,30,27,27,25,23,21,21,18,16,14,13,11,11,9,9,7,7,0,0,0,0,0,0,0,52,54,56,58,60,64,66,69,69,72,72,72,72,71,70,70,67,68,66,63,64,62,62,61,59,57,57,56
20260804_015555_897cb2,1785805665839343,1395511980,2,2,0,-50,128,0,15,15,15,14,13,13,13,11,12,10,11,11,10,10,9,9,9,9,7,7,7,7,6,6,5,5,0,0,0,0,0,0,0,0,0,0,0,13,14,15,16,16,17,17,18,18,19,19,19,19,19,19,18,18,17,18,17,17,17,17,17,16,16,0,29,27,26,25,25,24,23,22,22,20,19,18,18,18,17,16,16,14,15,13,13,13,11,11,10,9,9,8,0,0,0,0,0,0,0,22,23,25,26,27,29,30,30,31,32,35,34,34,34,33,34,34,33,31,32,32,32,31,31,30,30,30,29
20260804_015555_897cb2,1785805665938155,1395615088,2,2,0,-52,128,0,13,12,11,11,10,9,8,8,7,7,6,5,5,5,4,3,3,2,2,1,1,1,1,1,1,2,0,0,0,0,0,0,0,0,0,0,0,16,17,17,18,19,20,19,20,20,21,21,21,20,19,18,18,18,18,17,17,16,16,15,15,15,14,0,50,48,43,41,39,36,34,31,29,26,25,23,21,20,17,15,12,10,8,7,5,4,3,3,4,4,7,6,0,0,0,0,0,0,0,56,58,60,62,66,68,71,69,74,76,78,78,76,74,73,73,69,71,66,67,63,62,62,61,58,57,57,52
20260804_015555_897cb2,1785805666037620,1395711636,2,2,0,-51,128,0,14,14,13,12,12,11,11,11,10,9,9,9,9,9,8,8,8,7,7,6,6,6,5,4,4,3,0,0,0,0,0,0,0,0,0,0,0,14,16,16,17,18,18,18,18,19,19,19,19,19,19,19,18,18,17,17,17,17,16,16,16,16,16,0,49,53,48,48,45,45,41,39,39,37,37,34,32,30,29,30,29,27,27,25,23,20,19,18,18,16,12,12,0,0,0,0,0,0,0,50,52,53,54,59,62,66,64,70,69,68,70,72,69,70,67,66,67,63,64,60,61,60,57,59,58,58,55
20260804_015555_897cb2,1785805666136853,1395811090,2,2,0,-50,128,0,14,13,13,13,11,11,10,10,10,9,9,9,8,8,8,7,7,6,6,6,5,4,4,4,4,3,0,0,0,0,0,0,0,0,0,0,0,15,15,17,17,18,18,19,19,19,19,19,18,18,18,17,17,17,17,16,16,16,16,16,16,15,15,0,27,25,24,23,22,21,21,19,17,18,18,17,15,15,14,13,13,12,11,10,9,9,8,8,7,4,5,5,0,0,0,0,0,0,0,26,27,27,28,30,32,33,34,35,34,35,36,36,36,36,33,34,33,31,31,30,31,30,30,29,29,28,27
20260804_015555_897cb2,1785805666233846,1395911798,2,2,0,-50,128,0,15,15,14,13,13,12,12,12,11,11,10,9,9,9,8,8,8,7,7,7,6,6,5,5,4,4,0,0,0,0,0,0,0,0,0,0,0,15,16,17,18,18,18,19,19,20,21,20,20,20,19,19,19,19,17,17,17,17,17,17,16,16,16,0,26,26,26,24,24,21,21,21,20,18,19,18,16,16,15,14,14,13,12,11,12,11,10,9,8,8,7,6,0,0,0,0,0,0,0,25,27,28,29,30,32,32,34,35,35,36,36,35,35,35,34,34,33,33,32,31,31,31,30,29,29,29,29
20260804_015555_897cb2,1785805666337145,1396011535,2,2,0,-51,128,0,15,16,15,14,13,13,13,12,12,12,10,10,10,10,9,9,9,8,8,7,7,7,6,6,5,5,0,0,0,0,0,0,0,0,0,0,0,15,15,16,17,18,18,20,19,20,20,20,20,20,20,19,18,18,18,18,18,18,18,17,17,17,16,0,56,52,51,50,46,47,44,43,38,40,36,37,36,35,34,31,32,28,29,25,26,24,25,21,18,19,17,17,0,0,0,0,0,0,0,45,48,51,53,57,58,63,64,65,68,70,70,70,69,68,66,65,68,63,64,62,61,60,60,60,57,58,56
20260804_015555_897cb2,1785805666434822,1396111719,2,2,0,-52,128,0,14,13,13,12,11,11,10,9,9,9,8,7,7,6,6,6,5,5,4,3,3,2,3,2,2,2,0,0,0,0,0,0,0,0,0,0,0,15,16,17,18,18,20,20,21,21,21,21,20,20,20,19,19,19,18,18,18,18,17,16,16,16,15,0,25,24,23,23,20,19,18,17,16,16,15,13,12,12,11,10,10,9,8,7,6,5,4,4,4,4,4,4,0,0,0,0,0,0,0,25,27,29,29,31,32,34,35,35,37,37,37,38,37,36,35,36,34,34,33,32,32,31,30,30,29,28,27
20260804_015555_897cb2,1785805666538292,1396212358,2,2,0,-52,128,0,15,13,14,11,12,11,10,10,9,9,8,7,7,7,6,6,6,6,5,4,4,4,4,3,2,2,0,0,0,0,0,0,0,0,0,0,0,16,17,18,19,19,21,20,20,21,21,21,21,20,20,19,19,19,18,18,17,17,16,16,16,16,16,0,26,23,22,21,21,20,18,17,16,17,15,14,13,12,12,11,11,10,9,8,7,7,6,6,4,4,3,2,0,0,0,0,0,0,0,26,27,28,29,31,32,34,35,36,36,37,37,37,37,36,35,34,33,33,32,31,30,30,29,29,28,27,26
20260804_015555_897cb2,1785805666636269,1396314454,2,2,0,-52,128,0,14,14,13,13,12,12,11,10,10,10,9,8,8,7,7,7,6,6,5,5,5,4,4,3,3,3,0,0,0,0,0,0,0,0,0,0,0,17,18,19,19,20,20,21,22,22,22,22,22,21,21,20,20,20,19,19,18,17,18,17,17,16,16,0,25,24,23,22,20,20,18,17,17,16,15,14,13,12,12,11,11,10,9,9,9,8,6,5,5,4,3,3,0,0,0,0,0,0,0,27,28,29,31,32,33,34,35,36,36,38,38,37,37,36,35,35,35,34,33,32,31,30,30,29,27,27,27
20260804_015555_897cb2,1785805666750829,1396425409,2,2,0,-50,128,0,14,14,12,13,11,11,11,10,10,8,8,8,8,7,7,7,6,5,6,5,5,4,4,3,3,3,0,0,0,0,0,0,0,0,0,0,0,16,16,17,17,19,18,19,20,21,20,20,20,20,19,19,19,17,17,17,17,16,17,16,16,15,15,0,26,23,23,22,21,20,18,18,16,15,16,14,14,13,11,12,12,11,10,9,9,6,7,6,6,5,4,3,0,0,0,0,0,0,0,25,26,26,28,30,31,31,33,34,34,36,36,36,35,34,34,34,33,32,31,32,30,30,28,28,28,28,27
20260804_015555_897cb2,1785805666836723,1396513014,2,2,0,-52,128,0,15,14,13,13,12,11,11,10,10,9,9,8,8,7,7,6,6,6,4,4,4,4,3,3,3,2,0,0,0,0,0,0,0,0,0,0,0,16,16,17,18,19,18,20,21,21,21,21,21,21,21,20,19,19,19,18,18,18,18,17,17,16,16,0,51,51,47,45,42,41,38,36,32,32,30,27,25,24,22,20,19,17,16,14,12,10,10,8,8,6,5,5,0,0,0,0,0,0,0,49,53,55,56,61,64,67,68,72,72,74,76,75,73,72,71,70,70,66,67,65,64,63,63,62,59,57,54
20260804_015555_897cb2,1785805666933770,1396611787,2,2,0,-52,128,0,16,16,15,14,13,13,12,12,11,11,10,9,9,9,8,8,8,6,6,6,6,5,4,4,4,3,0,0,0,0,0,0,0,0,0,0,0,16,16,17,18,19,20,21,22,22,22,22,21,22,21,21,21,19,20,19,19,18,19,17,18,18,17,0,28,26,26,23,23,22,21,20,19,18,17,16,16,15,13,13,13,12,10,10,9,9,8,7,7,6,5,5,0,0,0,0,0,0,0,25,26,27,29,30,31,33,33,35,36,36,36,37,37,36,36,36,35,34,34,33,33,32,31,31,30,30,28
20260804_015555_897cb2,1785805667038086,1396711678,2,2,0,-51,128,0,14,13,13,12,12,12,11,10,10,10,9,9,8,8,8,7,7,7,6,6,6,5,5,4,4,4,0,0,0,0,0,0,0,0,0,0,0,13,14,15,16,17,17,17,18,18,18,18,18,18,18,17,16,16,16,16,16,16,15,15,15,15,15,0,54,51,50,46,46,44,42,41,38,37,35,35,33,34,30,30,28,27,25,23,22,20,18,17,17,15,13,12,0,0,0,0,0,0,0,47,50,52,55,57,60,61,64,65,67,68,69,69,68,67,66,66,63,64,61,63,59,60,60,57,58,57,56
20260804_015555_897cb2,1785805667136293,1396811782,2,2,0,-51,128,0,15,14,14,14,14,12,12,11,11,11,11,10,9,8,8,8,8,7,7,6,6,5,5,5,4,4,0,0,0,0,0,0,0,0,0,0,0,18,17,18,20,20,20,21,21,22,22,21,21,20,20,20,19,19,18,19,18,18,18,17,17,17,16,0,25,25,24,23,22,22,21,20,18,18,18,16,16,15,15,13,13,11,11,11,9,9,8,7,7,7,5,5,0,0,0,0,0,0,0,27,29,29,31,32,33,34,35,36,36,36,36,35,36,35,35,35,33,32,32,31,31,30,30,29,29,28,28
20260804_015555_897cb2,1785805667263970,1396941329,2,2,0,-52,128,0,12,12,11,11,10,9,9,9,9,8,7,7,7,6,6,5,4,4,4,4,2,2,1,1,1,0,0,0,0,0,0,0,0,0,0,0,0,16,17,17,18,19,19,20,20,20,20,20,20,19,18,18,17,17,17,16,16,15,15,15,14,14,13,0,23,23,21,21,18,19,17,17,15,15,13,13,12,11,11,9,9,8,7,6,4,4,3,2,2,1,0,0,0,0,0,0,0,0,0,29,30,30,30,33,34,36,36,37,37,38,38,37,36,35,34,33,34,31,31,30,30,29,28,28,27,26,25
20260804_015555_897cb2,1785805667339496,1397013702,2,2,0,-51,128,0,15,14,13,13,12,12,11,11,10,10,9,9,8,8,8,8,7,7,6,6,6,5,4,4,4,3,0,0,0,0,0,0,0,0,0,0,0,16,16,17,18,18,19,19,20,20,20,20,20,19,19,18,18,18,17,17,17,16,16,16,16,16,16,0,25,23,24,23,21,21,19,19,18,19,16,16,14,15,13,13,13,11,12,11,9,8,8,7,7,7,5,5,0,0,0,0,0,0,0,24,26,26,27,29,30,32,32,33,34,35,35,35,34,33,33,32,32,32,31,31,30,29,28,29,27,28,27
20260804_015555_897cb2,1785805667432231,1397111958,2,2,0,-51,128,0,14,13,13,12,12,11,10,9,9,9,8,7,7,7,6,6,5,5,5,4,4,4,3,3,2,2,0,0,0,0,0,0,0,0,0,0,0,16,17,18,19,19,19,20,21,21,21,21,21,20,20,20,19,19,18,18,17,17,17,16,16,16,15,0,24,22,22,20,19,18,16,17,16,16,14,14,13,12,12,11,10,9,9,8,7,6,6,5,4,4,4,2,0,0,0,0,0,0,0,27,27,28,30,31,32,34,34,36,35,36,37,37,35,35,35,33,33,33,32,32,30,30,29,29,28,27,26
20260804_015555_897cb2,1785805667533270,1397211694,2,2,0,-50,128,0,13,13,12,11,11,10,10,9,9,9,8,8,7,7,7,6,6,6,5,5,5,4,4,3,3,3,0,0,0,0,0,0,0,0,0,0,0,14,15,16,16,17,18,19,19,19,19,19,18,18,18,18,17,17,16,16,16,16,15,15,14,14,14,0,50,48,48,45,42,40,37,37,34,36,33,29,30,27,27,26,23,23,23,22,18,16,16,13,14,12,10,9,0,0,0,0,0,0,0,52,55,56,59,63,66,67,69,71,73,73,72,73,71,71,70,67,69,64,66,63,62,60,60,57,57,57,55
20260804_015555_897cb2,1785805667658307,1397335449,2,2,0,-52,128,0,14,13,13,12,11,10,10,9,8,8,7,7,6,6,6,6,4,4,4,3,3,2,1,1,1,1,0,0,0,0,0,0,0,0,0,0,0,15,16,16,17,18,18,18,19,19,19,19,19,19,18,18,18,17,17,17,16,16,16,16,16,16,15,0,26,25,24,22,21,20,19,18,17,16,15,14,13,12,11,10,9,8,8,6,5,4,3,2,2,1,1,1,0,0,0,0,0,0,0,26,28,28,29,31,32,34,35,35,36,37,37,36,36,36,35,34,34,34,32,32,31,31,30,30,29,29,28
20260804_015555_897cb2,1785805667739336,1397417317,2,2,0,-50,128,0,13,11,11,11,10,10,9,9,7,7,6,6,6,5,5,5,4,4,3,2,2,2,1,1,1,1,0,0,0,0,0,0,0,0,0,0,0,14,14,14,16,16,16,16,17,18,18,17,17,17,17,16,17,16,16,16,15,15,15,15,15,13,13,0,52,49,47,44,44,41,36,35,33,31,28,25,26,22,22,21,19,15,14,13,12,9,7,7,4,3,3,1,0,0,0,0,0,0,0,49,54,56,60,60,64,65,67,70,73,72,72,74,72,72,72,72,67,68,62,63,62,63,61,59,59,56,58
20260804_015555_897cb2,1785805667838400,1397513830,2,2,0,-51,128,0,13,12,12,11,10,10,9,8,7,7,6,6,6,5,5,4,4,3,3,2,1,1,1,0,0,1,0,0,0,0,0,0,0,0,0,0,0,15,15,17,17,18,18,18,19,20,19,19,19,19,19,18,18,17,17,17,16,16,16,15,16,15,14,0,25,24,22,21,20,20,17,15,15,14,14,11,11,10,9,8,7,6,5,3,3,3,2,2,1,1,1,1,0,0,0,0,0,0,0,26,28,28,30,31,33,34,35,37,37,37,37,37,37,37,34,36,34,32,32,32,33,31,30,31,30,28,27
20260804_015555_897cb2,1785805667937354,1397613620,2,2,0,-51,128,0,15,14,14,13,12,12,11,10,10,9,9,8,8,7,8,6,6,6,5,5,5,4,4,4,3,3,0,0,0,0,0,0,0,0,0,0,0,15,15,16,17,18,18,19,19,20,20,20,20,20,20,19,19,19,18,18,18,17,17,17,17,17,16,0,27,27,24,24,23,21,21,18,18,18,16,15,15,14,13,12,12,11,9,8,8,8,7,6,6,4,5,4,0,0,0,0,0,0,0,24,25,27,28,30,30,32,32,34,34,36,36,36,35,36,35,34,34,33,33,32,32,31,31,31,31,30,29
20260804_015555_897cb2,1785805668035087,1397713627,2,2,0,-49,128,0,14,14,14,13,13,12,11,11,10,10,9,10,9,9,9,8,8,8,7,7,6,6,5,5,4,4,0,0,0,0,0,0,0,0,0,0,0,14,14,15,16,17,17,18,18,18,19,19,18,19,18,18,18,18,17,17,17,17,17,16,17,16,16,0,27,27,26,25,24,23,21,21,19,20,19,18,17,16,15,15,15,14,13,13,12,11,10,10,9,8,8,6,0,0,0,0,0,0,0,23,24,25,27,28,30,31,32,33,34,35,35,35,34,34,34,34,33,33,32,32,32,32,32,30,31,30,29
20260804_015555_897cb2,1785805668134468,1397811847,2,2,0,-49,128,0,16,15,13,13,13,11,12,11,11,11,10,9,9,9,8,8,9,7,7,6,6,6,6,6,5,5,0,0,0,0,0,0,0,0,0,0,0,16,16,16,17,18,18,19,19,20,19,19,20,20,19,19,19,19,18,18,18,17,18,17,17,17,16,0,29,28,27,25,24,23,22,21,20,19,19,17,17,17,16,15,15,13,14,12,12,11,11,9,9,9,9,8,0,0,0,0,0,0,0,25,27,28,30,30,33,34,35,36,36,38,37,37,37,36,36,36,36,35,35,34,34,32,33,32,32,31,31
20260804_015555_897cb2,1785805668237553,1397911941,2,2,0,-50,128,0,16,15,15,13,14,12,12,11,11,11,11,10,10,10,9,9,9,8,8,8,7,7,7,5,5,5,0,0,0,0,0,0,0,0,0,0,0,14,15,15,16,17,17,17,18,18,18,18,19,19,18,18,17,17,17,17,16,17,17,16,16,16,16,0,29,27,27,26,24,23,22,21,20,20,19,18,19,18,17,17,16,16,16,14,13,13,12,11,10,9,8,7,0,0,0,0,0,0,0,24,24,27,28,29,30,32,32,33,34,34,34,34,34,34,34,32,32,32,32,31,30,31,30,31,31,30,28
20260804_015555_897cb2,1785805668336212,1398013110,2,2,0,-49,128,0,15,15,16,14,14,14,13,12,12,12,11,11,11,10,10,10,10,9,9,9,9,7,7,7,6,6,0,0,0,0,0,0,0,0,0,0,0,16,16,17,18,19,19,20,20,19,20,20,20,20,19,19,19,19,18,18,18,18,17,17,17,17,17,0,28,28,27,25,25,24,22,21,21,21,20,18,18,18,17,18,16,16,16,14,14,14,12,13,11,11,9,9,0,0,0,0,0,0,0,26,27,28,28,31,31,33,33,35,35,35,36,36,35,35,34,34,34,32,33,32,32,31,31,32,31,30,30
20260804_015555_897cb2,1785805668439986,1398115150,2,2,0,-50,128,0,15,15,15,14,13,13,13,12,11,11,10,10,9,9,9,9,9,9,8,8,7,6,6,6,5,5,0,0,0,0,0,0,0,0,0,0,0,15,14,16,16,17,17,18,18,19,19,19,18,19,18,18,18,18,17,17,17,17,17,17,16,17,16,0,28,27,28,25,26,24,23,22,20,20,21,19,19,18,17,17,15,16,13,14,14,12,11,10,10,9,9,9,0,0,0,0,0,0,0,24,25,26,28,27,30,31,32,33,33,34,33,34,33,34,33,33,32,32,31,33,31,31,32,30,31,30,29
20260804_015555_897cb2,1785805668537337,1398213000,2,2,0,-48,128,0,13,13,13,12,11,10,10,9,10,9,9,9,9,9,9,8,8,7,7,7,7,6,6,6,6,5,0,0,0,0,0,0,0,0,0,0,0,14,15,16,16,16,17,17,18,18,18,18,18,18,17,17,17,17,16,16,16,16,16,15,15,15,14,0,26,24,24,22,22,22,20,19,18,18,17,17,15,17,15,15,15,15,13,13,11,12,11,10,9,9,8,8,0,0,0,0,0,0,0,25,26,26,28,29,31,31,32,33,34,35,34,34,34,33,33,33,32,32,31,31,31,30,30,28,29,29,28
20260804_015555_897cb2,1785805668634801,1398312854,2,2,0,-47,128,0,14,13,13,13,12,12,12,12,10,10,10,10,9,9,9,9,9,9,9,8,8,7,7,7,6,6,0,0,0,0,0,0,0,0,0,0,0,15,16,16,17,18,18,18,18,19,19,19,19,19,18,18,17,17,16,16,16,16,16,16,16,16,16,0,53,51,50,50,46,45,44,42,42,41,40,37,36,36,37,35,35,34,33,33,31,29,28,27,25,24,22,20,0,0,0,0,0,0,0,51,52,57,59,62,62,67,67,69,70,72,73,71,69,70,67,66,66,63,63,61,61,60,59,59,58,57,57
20260804_015555_897cb2,1785805668739077,1398412069,2,2,0,-47,128,0,15,14,14,13,13,13,12,12,11,11,11,11,10,10,9,9,9,9,9,9,7,7,7,7,6,6,0,0,0,0,0,0,0,0,0,0,0,15,17,17,18,18,19,19,19,19,20,20,20,20,19,19,19,18,18,18,17,17,17,16,16,17,15,0,27,25,26,23,23,22,22,20,19,19,19,18,18,18,16,16,16,16,15,14,14,14,12,12,11,10,11,10,0,0,0,0,0,0,0,25,26,27,28,29,32,32,33,35,34,34,34,35,35,34,34,33,33,32,31,31,31,31,29,28,29,29,28
20260804_015555_897cb2,1785805668837140,1398511867,2,2,0,-49,128,0,14,14,13,13,12,12,11,11,11,11,10,9,10,9,9,9,9,9,9,9,8,8,8,8,8,7,0,0,0,0,0,0,0,0,0,0,0,15,16,17,17,18,17,18,19,20,20,19,19,20,19,18,17,17,16,17,16,16,16,16,15,15,14,0,25,24,23,22,21,19,19,19,19,18,18,17,17,17,17,17,16,17,15,15,15,14,13,13,13,11,11,11,0,0,0,0,0,0,0,24,24,26,28,29,30,32,33,34,34,35,34,34,33,32,32,31,31,30,29,28,28,28,28,28,27,26,25
20260804_015555_897cb2,1785805668936166,1398613036,2,2,0,-51,128,0,15,14,14,13,11,11,11,10,9,9,9,8,7,7,7,6,6,6,5,5,4,4,3,3,3,2,0,0,0,0,0,0,0,0,0,0,0,16,17,18,19,20,20,21,22,22,22,22,22,22,22,21,21,20,20,19,19,18,18,17,17,17,15,0,27,25,24,23,21,21,19,18,17,16,16,14,14,13,12,12,12,10,10,9,9,7,6,6,6,5,4,4,0,0,0,0,0,0,0,25,26,30,31,33,34,36,38,39,40,39,41,41,39,39,38,37,37,36,35,34,34,33,33,32,31,31,28
20260804_015555_897cb2,1785805669034483,1398711400,2,2,0,-51,128,0,15,13,13,13,12,11,11,11,10,10,9,9,9,9,8,8,7,7,7,6,6,6,5,5,5,4,0,0,0,0,0,0,0,0,0,0,0,14,14,15,16,17,17,18,18,18,19,18,18,18,18,18,18,18,17,17,17,16,17,16,16,16,16,0,54,52,48,45,44,45,40,41,39,36,36,35,31,31,31,29,28,29,25,26,24,22,18,19,17,17,15,15,0,0,0,0,0,0,0,48,51,50,52,57,59,62,63,68,66,68,70,69,69,71,67,64,65,63,63,63,64,63,61,60,61,59,55
20260804_015555_897cb2,1785805669138393,1398811679,2,2,0,-50,128,0,16,16,16,15,15,14,13,13,12,12,12,11,10,11,10,9,9,9,8,8,7,6,6,6,5,5,0,0,0,0,0,0,0,0,0,0,0,14,15,15,16,17,18,18,19,19,20,20,19,19,19,19,19,19,19,19,19,18,18,18,18,18,18,0,59,60,55,56,51,51,48,46,45,43,41,39,37,37,36,33,31,31,30,27,26,22,21,19,17,17,14,12,0,0,0,0,0,0,0,44,47,49,52,56,57,62,64,67,68,70,72,71,70,70,70,69,70,67,67,67,69,66,66,65,65,64,63
20260804_015555_897cb2,1785805669236490,1398912688,2,2,0,-52,128,0,16,15,14,13,13,12,11,11,11,10,9,9,9,8,8,8,7,7,7,5,5,5,4,4,4,3,0,0,0,0,0,0,0,0,0,0,0,15,16,16,17,18,19,20,20,20,21,21,21,20,20,20,19,19,19,18,19,18,18,17,18,17,16,0,28,27,26,24,24,22,21,20,19,18,17,16,15,15,13,13,12,12,12,11,9,9,8,8,7,6,5,5,0,0,0,0,0,0,0,23,24,27,28,30,32,33,34,35,36,37,37,38,37,37,37,36,35,35,34,34,33,34,33,31,32,31,30
20260804_015555_897cb2,1785805669334042,1399011638,2,2,0,-57,128,0,14,13,12,12,11,10,9,8,8,7,6,6,5,4,4,3,3,1,1,1,1,1,1,2,2,2,0,0,0,0,0,0,0,0,0,0,0,14,15,16,16,17,17,18,19,20,20,20,19,19,19,19,19,18,18,17,17,17,17,16,16,16,14,0,26,25,24,23,20,20,18,17,15,12,12,11,10,9,8,7,6,4,3,3,3,3,4,5,6,6,7,8,0,0,0,0,0,0,0,25,25,26,28,30,32,33,35,37,37,38,39,39,38,38,38,38,37,36,35,35,34,33,34,32,31,30,28
20260804_015555_897cb2,1785805669438218,1399111051,2,2,0,-58,128,0,14,14,14,14,13,12,12,12,12,11,12,11,11,12,12,13,12,13,13,12,12,12,12,12,12,11,0,0,0,0,0,0,0,0,0,0,0,13,13,14,16,16,17,17,17,18,18,18,17,19,17,18,17,18,16,17,16,16,16,15,16,15,15,0,26,25,24,24,24,23,22,21,21,22,21,20,21,20,21,21,21,21,21,21,22,21,22,20,20,21,21,21,0,0,0,0,0,0,0,22,23,24,24,26,27,28,29,30,32,33,33,33,34,33,32,32,31,31,30,30,29,28,29,29,28,27,27
20260804_015555_897cb2,1785805669537534,1399213096,2,2,0,-54,128,0,14,14,14,14,14,14,14,14,14,14,13,13,13,13,13,13,14,13,14,13,13,13,13,13,12,12,0,0,0,0,0,0,0,0,0,0,0,7,7,8,8,9,9,10,11,11,11,12,13,13,13,13,13,13,13,13,13,13,13,13,14,14,14,0,56,56,55,55,54,55,53,54,53,54,55,53,54,55,55,56,56,56,56,55,54,52,51,50,50,49,47,47,0,0,0,0,0,0,0,26,27,27,29,32,35,36,39,41,43,45,46,48,49,50,49,50,50,51,50,52,52,53,54,54,55,55,57
20260804_015555_897cb2,1785805669635253,1399312637,2,2,0,-52,128,0,15,15,15,15,15,14,14,14,14,14,15,14,14,15,15,15,15,15,15,15,15,14,14,14,13,13,0,0,0,0,0,0,0,0,0,0,0,6,6,7,8,8,9,9,10,10,11,11,11,12,12,12,12,13,12,13,13,13,14,14,14,15,15,0,60,58,60,58,59,57,57,57,58,57,58,56,57,58,58,60,58,60,59,59,58,56,55,53,54,52,49,50,0,0,0,0,0,0,0,21,24,24,26,28,31,31,35,36,39,41,42,44,46,46,47,49,49,51,50,52,52,54,54,56,56,58,59
20260804_015555_897cb2,1785805669739804,1399411803,2,2,0,-50,128,0,15,14,15,14,14,14,14,14,14,14,14,14,13,13,13,13,14,14,14,14,14,14,12,12,12,12,0,0,0,0,0,0,0,0,0,0,0,7,8,8,8,9,10,11,11,12,12,12,12,13,13,13,13,14,13,13,14,14,14,14,14,14,15,0,59,58,57,58,57,56,55,55,53,54,55,54,52,54,55,56,54,56,55,54,53,52,50,49,48,48,43,46,0,0,0,0,0,0,0,27,29,30,33,34,36,38,39,41,43,45,46,48,48,50,49,50,52,53,51,54,54,55,56,57,58,58,60
20260804_015555_897cb2,1785805669837582,1399511767,2,2,0,-48,128,0,15,15,15,15,14,14,14,14,14,13,13,13,13,13,13,13,13,13,13,13,13,12,12,12,11,11,0,0,0,0,0,0,0,0,0,0,0,8,9,9,10,10,11,12,12,12,13,13,13,14,14,14,14,14,14,14,14,15,15,15,15,15,15,0,59,58,59,57,56,55,55,54,52,52,53,51,51,52,52,52,52,51,51,51,49,48,47,46,44,43,40,40,0,0,0,0,0,0,0,29,30,33,34,36,39,41,42,45,46,49,50,51,51,52,54,54,54,54,54,56,56,57,58,56,59,60,59
20260804_015555_897cb2,1785805669940516,1399611989,2,2,0,-50,128,0,17,17,16,16,15,15,15,15,16,15,15,15,15,14,15,15,14,14,14,14,14,14,13,13,13,13,0,0,0,0,0,0,0,0,0,0,0,9,9,10,11,12,12,13,13,13,14,14,14,15,15,15,15,15,15,16,16,15,16,16,17,17,17,0,62,61,61,59,59,59,57,55,56,55,55,54,55,55,55,55,55,54,55,52,52,50,49,48,47,44,43,41,0,0,0,0,0,0,0,28,30,32,34,37,39,41,45,47,47,50,53,54,55,54,54,54,56,56,58,59,59,58,60,60,61,62,63
20260804_015555_897cb2,1785805670040082,1399713780,2,2,0,-52,128,0,16,16,16,16,15,15,15,15,15,14,15,14,15,15,15,15,15,14,14,14,14,13,13,13,12,12,0,0,0,0,0,0,0,0,0,0,0,8,9,9,10,10,11,12,12,13,13,14,14,14,15,15,15,15,15,15,15,15,16,16,16,16,16,0,59,60,59,59,57,56,55,54,55,55,55,54,54,54,55,55,55,53,55,54,52,50,50,48,46,45,43,42,0,0,0,0,0,0,0,26,28,30,32,35,37,40,41,44,46,49,50,51,53,53,53,54,55,55,55,56,57,57,59,59,60,59,60
20260804_015555_897cb2,1785805670145164,1399819656,2,2,0,-55,128,0,14,14,14,12,12,12,11,11,9,9,9,9,8,8,8,8,7,6,6,6,5,5,4,4,4,4,0,0,0,0,0,0,0,0,0,0,0,12,14,15,16,16,18,18,18,18,19,19,19,19,19,18,18,18,17,18,18,17,17,16,17,16,16,0,55,55,50,49,46,44,42,39,37,38,34,33,29,29,29,27,25,25,23,22,20,18,18,17,16,16,16,15,0,0,0,0,0,0,0,43,47,49,51,57,57,63,66,68,71,71,72,73,73,72,71,68,70,67,67,66,66,65,64,63,62,61,60
20260804_015555_897cb2,1785805670259852,1399939315,2,2,0,-53,128,0,14,14,13,12,11,11,10,9,9,8,7,7,6,6,5,4,4,4,3,2,2,2,2,1,1,2,0,0,0,0,0,0,0,0,0,0,0,16,16,17,18,18,19,20,21,21,21,20,20,20,20,19,19,19,18,18,17,18,17,16,17,16,16,0,27,26,23,22,21,20,18,17,16,14,13,12,11,10,8,8,7,6,5,4,4,3,2,3,3,2,3,3,0,0,0,0,0,0,0,25,26,28,29,31,33,33,35,36,37,37,37,38,37,36,37,36,35,34,34,33,32,32,31,31,31,29,28
20260804_015555_897cb2,1785805670334872,1400011744,2,2,0,-51,128,0,14,14,13,12,12,11,10,9,9,8,8,8,6,6,7,6,5,5,5,4,4,4,4,3,3,3,0,0,0,0,0,0,0,0,0,0,0,14,15,16,17,17,18,18,19,19,20,19,19,19,19,18,18,17,17,17,17,17,17,16,16,16,15,0,26,25,24,23,21,20,19,18,16,16,15,13,13,11,12,11,10,9,9,8,8,7,6,6,5,5,5,5,0,0,0,0,0,0,0,25,27,27,29,30,31,33,34,35,36,36,36,36,36,35,35,34,35,33,33,33,33,31,31,30,30,29,28
20260804_015555_897cb2,1785805670432564,1400111665,2,2,0,-52,128,0,16,16,15,15,14,13,12,11,11,11,10,9,9,8,8,7,6,6,5,5,4,4,3,3,2,2,0,0,0,0,0,0,0,0,0,0,0,16,17,17,19,19,20,21,21,22,22,22,22,22,21,21,21,20,19,19,19,19,19,18,18,18,18,0,30,28,27,26,25,23,22,21,20,19,18,16,16,14,14,13,12,11,10,8,7,6,5,4,3,3,1,1,0,0,0,0,0,0,0,25,27,29,30,31,34,34,36,37,39,39,39,39,39,39,38,38,37,36,36,36,36,35,34,33,33,32,32
20260804_015555_897cb2,1785805670538473,1400212015,2,2,0,-50,128,0,16,15,14,14,12,12,11,11,11,10,9,9,8,8,8,7,6,6,6,5,5,4,4,4,4,4,0,0,0,0,0,0,0,0,0,0,0,15,15,16,17,18,18,19,19,20,21,20,21,20,20,20,20,19,19,19,18,17,18,17,17,17,17,0,29,26,25,24,22,22,20,19,19,18,17,15,14,15,14,13,11,11,11,11,9,9,7,7,6,5,5,4,0,0,0,0,0,0,0,23,24,25,26,28,30,30,32,33,34,34,36,35,35,34,35,34,34,33,34,33,33,32,32,32,31,30,30
20260804_015555_897cb2,1785805670637657,1400311803,2,2,0,-53,128,0,13,12,12,11,11,10,9,9,8,8,7,6,6,6,5,5,5,4,4,4,2,2,2,1,1,0,0,0,0,0,0,0,0,0,0,0,0,13,13,14,15,15,16,17,17,17,18,17,17,17,16,16,17,16,16,16,16,15,15,15,15,14,14,0,26,24,24,23,21,20,19,18,16,15,14,14,12,11,11,10,10,9,7,6,5,4,4,2,2,1,1,0,0,0,0,0,0,0,0,23,25,25,26,27,29,30,32,33,34,34,34,34,34,34,33,33,32,32,32,31,31,31,30,30,29,29,28
20260804_015555_897cb2,1785805670735357,1400411109,2,2,0,-53,128,0,16,16,15,15,13,12,12,11,11,11,10,9,9,8,8,8,7,7,6,6,5,4,4,3,3,2,0,0,0,0,0,0,0,0,0,0,0,15,16,16,18,18,18,19,19,20,20,20,20,20,20,18,19,18,18,18,18,18,18,18,18,18,17,0,27,27,25,26,23,22,22,21,20,19,18,16,16,14,14,13,13,11,11,10,8,7,6,6,4,4,3,2,0,0,0,0,0,0,0,25,27,27,28,29,30,32,32,34,34,35,35,35,34,34,34,34,34,33,34,32,31,32,32,32,31,30,29
20260804_015555_897cb2,1785805670836907,1400512026,2,2,0,-53,128,0,14,14,14,13,13,11,11,11,10,10,9,9,9,8,8,7,6,6,6,5,4,4,4,4,2,2,0,0,0,0,0,0,0,0,0,0,0,13,13,13,15,15,16,16,16,16,17,17,17,17,17,17,16,16,16,17,16,16,16,16,16,16,16,0,56,52,52,50,48,45,43,41,39,38,36,33,32,30,29,28,25,24,22,19,18,16,14,13,11,10,10,9,0,0,0,0,0,0,0,47,49,50,52,54,57,60,62,64,64,66,67,68,67,68,66,65,65,65,64,64,63,62,62,62,62,61,60
20260804_015555_897cb2,1785805670934962,1400612092,2,2,0,-54,128,0,15,15,14,13,13,12,11,11,10,10,9,9,8,8,7,7,7,6,5,5,4,4,4,3,3,2,0,0,0,0,0,0,0,0,0,0,0,15,16,16,17,17,18,18,19,19,19,19,19,19,19,19,18,18,17,18,18,18,18,17,17,17,16,0,28,27,26,24,24,23,21,20,18,18,16,16,15,14,13,12,12,11,10,9,8,7,6,6,4,4,4,3,0,0,0,0,0,0,0,26,28,29,29,31,32,33,34,35,35,36,36,36,36,37,36,34,35,34,34,34,33,33,32,31,32,31,30
20260804_015555_897cb2,1785805671034785,1400712014,2,2,0,-52,128,0,15,14,14,13,13,12,12,11,11,10,9,9,8,9,8,8,7,6,6,6,5,5,5,4,4,3,0,0,0,0,0,0,0,0,0,0,0,13,13,14,14,16,16,16,17,16,17,17,17,17,17,17,17,17,16,16,16,16,16,16,16,16,16,0,58,55,55,51,50,49,46,43,40,40,38,36,35,33,32,31,29,28,26,24,23,20,19,17,16,14,13,11,0,0,0,0,0,0,0,45,48,50,52,55,57,59,62,63,66,66,66,68,67,67,67,65,65,65,62,65,63,63,63,62,63,61,60
20260804_015555_897cb2,1785805671133506,1400812168,2,2,0,-55,128,0,15,15,14,13,13,12,11,10,10,9,9,8,7,7,7,7,4,4,4,4,3,3,2,2,1,1,0,0,0,0,0,0,0,0,0,0,0,15,16,16,17,17,19,19,19,19,20,20,20,20,20,20,19,19,19,19,18,18,17,17,17,17,16,0,29,27,26,25,23,23,21,19,19,17,17,15,13,12,12,11,10,9,8,6,6,5,4,3,2,2,2,2,0,0,0,0,0,0,0,25,26,27,29,30,32,33,34,35,37,37,36,38,38,38,36,36,36,36,34,34,34,34,33,32,33,32,31
20260804_015555_897cb2,1785805671236929,1400911865,2,2,0,-53,128,0,13,13,13,12,11,10,10,9,9,9,8,8,6,6,6,5,5,5,4,4,3,3,2,2,1,1,0,0,0,0,0,0,0,0,0,0,0,13,13,13,14,15,15,16,16,16,17,17,17,17,17,17,17,17,17,16,16,15,16,15,15,15,15,0,54,52,50,48,46,43,41,38,36,34,32,31,28,27,25,23,22,21,19,16,14,11,11,9,7,6,5,4,0,0,0,0,0,0,0,45,47,48,51,53,57,60,61,64,65,67,68,69,69,68,68,67,66,65,64,64,65,63,63,62,61,61,58
20260804_015555_897cb2,1785805671335912,1401011938,2,2,0,-53,128,0,16,16,14,14,13,12,12,11,10,10,9,8,8,7,7,6,5,5,4,4,3,2,2,1,1,1,0,0,0,0,0,0,0,0,0,0,0,15,16,17,18,19,19,20,21,21,22,21,21,21,21,20,21,20,20,19,19,19,19,18,18,18,17,0,27,26,25,25,22,21,20,18,18,17,15,14,13,11,11,10,9,7,6,6,5,4,3,2,1,1,1,1,0,0,0,0,0,0,0,24,25,27,28,29,30,32,32,34,35,36,36,36,36,37,36,36,35,34,34,33,33,32,33,33,30,30,30
20260804_015555_897cb2,1785805671433731,1401112866,2,2,0,-57,128,0,13,12,11,10,9,8,7,7,6,5,4,3,2,1,1,1,1,3,3,4,5,5,6,6,7,7,0,0,0,0,0,0,0,0,0,0,0,15,16,16,17,18,18,19,20,20,20,20,20,20,19,19,19,18,18,18,17,16,17,16,15,15,14,0,25,23,22,20,18,17,15,13,10,9,8,6,4,4,1,1,2,4,5,7,8,9,10,11,11,12,13,13,0,0,0,0,0,0,0,25,27,28,30,31,32,33,35,36,37,38,37,37,38,38,36,36,36,35,34,33,32,32,32,31,30,30,28
20260804_015555_897cb2,1785805671538590,1401212270,2,2,0,-60,128,0,14,13,12,11,11,10,9,8,7,6,5,6,5,4,5,6,5,6,6,7,8,8,9,9,9,9,0,0,0,0,0,0,0,0,0,0,0,16,16,17,18,19,20,20,21,21,22,21,21,21,21,20,20,19,19,19,19,18,17,17,16,15,15,0,25,23,22,21,19,17,16,13,13,11,11,10,9,9,9,10,10,11,13,14,15,16,16,16,18,18,18,18,0,0,0,0,0,0,0,27,28,29,31,33,34,35,36,37,39,39,40,40,39,40,38,37,37,36,35,34,34,34,32,31,31,29,28
20260804_015555_897cb2,1785805671636856,1401314674,2,2,0,-55,128,0,14,14,14,13,12,12,12,11,11,10,10,9,9,9,9,9,9,8,8,8,8,7,7,7,6,7,0,0,0,0,0,0,0,0,0,0,0,12,13,14,14,15,15,16,16,16,17,18,16,18,17,16,17,16,16,16,16,16,16,16,16,16,16,0,55,53,51,52,48,47,45,43,40,39,40,36,36,35,34,33,33,31,32,32,29,28,28,27,23,25,23,21,0,0,0,0,0,0,0,43,47,47,48,51,54,56,56,61,62,64,66,65,65,63,65,63,65,62,62,62,62,61,62,60,60,60,58
20260804_015555_897cb2,1785805671734919,1401412197,2,2,0,-54,128,0,16,15,14,14,13,13,13,12,12,11,11,11,9,9,9,9,9,9,8,8,7,7,7,5,5,5,0,0,0,0,0,0,0,0,0,0,0,13,13,14,14,15,15,16,17,17,18,16,17,16,17,17,16,17,16,16,16,16,17,16,15,16,16,0,28,28,27,26,25,25,24,22,21,21,20,20,18,18,17,17,17,17,16,14,14,13,12,12,11,10,10,9,0,0,0,0,0,0,0,22,23,24,26,27,28,29,30,30,32,33,33,33,33,32,32,32,31,31,31,30,31,30,30,31,30,30,29
20260804_015555_897cb2,1785805671839154,1401511622,2,2,0,-58,128,0,14,13,13,13,12,12,11,11,11,10,11,9,10,9,9,8,8,8,8,8,7,7,7,7,7,7,0,0,0,0,0,0,0,0,0,0,0,13,14,14,15,15,16,16,17,17,17,17,18,17,16,16,16,16,16,16,16,16,16,15,16,16,15,0,55,52,52,48,50,48,44,43,42,41,40,39,37,38,36,37,33,36,34,35,32,29,26,27,26,27,24,25,0,0,0,0,0,0,0,46,49,50,53,54,60,57,64,64,65,66,64,69,67,67,67,65,62,65,57,63,60,59,59,59,58,59,57
20260804_015555_897cb2,1785805671937657,1401611770,2,2,0,-56,128,0,15,14,14,14,14,14,14,13,14,14,14,14,14,14,14,14,14,14,13,14,13,13,13,12,11,11,0,0,0,0,0,0,0,0,0,0,0,9,9,9,10,10,10,11,11,11,12,12,12,13,13,13,13,13,13,14,14,13,14,14,14,14,14,0,57,56,57,56,56,56,54,54,54,54,54,53,52,54,54,55,54,54,54,53,51,50,49,47,44,44,42,41,0,0,0,0,0,0,0,33,34,34,36,37,39,40,42,43,45,46,48,48,49,49,51,49,50,51,51,52,52,53,54,55,56,56,56
