session_id,host_unix_us,timestamp_us,label,esp_label,settling,rssi,num_subcarriers,amp_0,amp_1,amp_2,amp_3,amp_4,amp_5,amp_6,amp_7,amp_8,amp_9,amp_10,amp_11,amp_12,amp_13,amp_14,amp_15,amp_16,amp_17,amp_18,amp_19,amp_20,amp_21,amp_22,amp_23,amp_24,amp_25,amp_26,amp_27,amp_28,amp_29,amp_30,amp_31,amp_32,amp_33,amp_34,amp_35,amp_36,amp_37,amp_38,amp_39,amp_40,amp_41,amp_42,amp_43,amp_44,amp_45,amp_46,amp_47,amp_48,amp_49,amp_50,amp_51,amp_52,amp_53,amp_54,amp_55,amp_56,amp_57,amp_58,amp_59,amp_60,amp_61,amp_62,amp_63,amp_64,amp_65,amp_66,amp_67,amp_68,amp_69,amp_70,amp_71,amp_72,amp_73,amp_74,amp_75,amp_76,amp_77,amp_78,amp_79,amp_80,amp_81,amp_82,amp_83,amp_84,amp_85,amp_86,amp_87,amp_88,amp_89,amp_90,amp_91,amp_92,amp_93,amp_94,amp_95,amp_96,amp_97,amp_98,amp_99,amp_100,amp_101,amp_102,amp_103,amp_104,amp_105,amp_106,amp_107,amp_108,amp_109,amp_110,amp_111,amp_112,amp_113,amp_114,amp_115,amp_116,amp_117,amp_118,amp_119,amp_120,amp_121,amp_122,amp_123,amp_124,amp_125,amp_126,amp_127
20260729_152303_3a4d7f,1785334983335996,1618511158,0,0,1,-52,128,0,15,15,15,15,14,14,14,13,13,13,13,12,12,12,12,12,12,12,11,11,11,10,10,9,9,9,0,0,0,0,0,0,0,0,0,0,0,9,10,11,11,12,13,14,14,14,15,15,15,15,15,15,15,15,15,16,16,16,16,16,16,16,16,0,29,30,29,28,27,26,25,25,24,24,24,24,23,23,23,22,23,21,22,21,20,19,19,18,17,16,16,15,0,0,0,0,0,0,0,16,17,17,18,20,21,23,24,25,26,26,28,28,29,30,29,29,30,29,29,30,31,31,30,31,31,31,30
20260729_152303_3a4d7f,1785334983435787,1618613221,0,0,1,-52,128,0,16,15,14,14,14,14,13,13,13,13,12,12,12,12,12,12,12,11,11,11,10,10,10,9,9,8,0,0,0,0,0,0,0,0,0,0,0,9,10,10,11,12,12,13,14,14,15,15,15,15,15,14,15,14,16,16,17,16,16,16,17,16,16,0,58,58,57,55,55,53,52,51,49,50,48,47,47,47,46,45,45,44,44,41,42,40,38,36,34,33,32,30,0,0,0,0,0,0,0,32,33,36,39,42,45,46,49,51,53,55,57,57,57,58,58,59,61,60,60,61,61,61,59,61,62,63,61
20260729_152303_3a4d7f,1785334983532479,1618711419,0,0,1,-52,128,0,16,16,16,16,16,15,15,14,14,13,13,13,13,14,13,13,13,13,13,12,12,12,10,10,10,9,0,0,0,0,0,0,0,0,0,0,0,11,11,12,13,13,14,14,15,16,16,16,16,17,17,17,16,17,17,17,17,17,17,17,17,18,17,0,62,60,57,58,52,54,52,51,49,50,49,48,47,45,48,46,46,44,45,43,41,40,38,37,36,34,32,30,0,0,0,0,0,0,0,34,36,38,39,44,46,49,50,53,54,56,57,58,60,59,60,59,60,60,61,59,62,61,63,64,61,60,61
20260729_152303_3a4d7f,1785334983628925,1618811627,0,0,1,-51,128,0,17,16,16,16,15,15,14,14,14,14,14,13,13,13,13,13,13,13,13,12,12,12,11,10,10,9,0,0,0,0,0,0,0,0,0,0,0,10,12,12,13,13,14,15,15,16,16,16,16,17,17,17,17,17,17,17,17,17,18,17,17,18,17,0,60,61,58,57,56,56,53,52,51,51,50,49,49,47,48,47,48,46,45,43,44,41,41,38,37,35,34,31,0,0,0,0,0,0,0,34,36,38,41,43,46,49,51,54,55,56,59,60,60,61,61,60,61,61,62,63,63,62,62,62,63,62,62
20260729_152303_3a4d7f,1785334983731169,1618911661,0,0,1,-52,128,0,16,16,16,16,15,14,14,13,13,13,13,13,13,12,12,12,12,12,12,12,11,11,11,9,9,9,0,0,0,0,0,0,0,0,0,0,0,10,10,11,12,12,13,14,15,15,16,16,16,16,16,16,16,16,16,16,16,16,16,17,17,17,16,0,61,57,57,56,55,53,52,52,49,50,49,48,47,47,46,46,45,45,45,43,41,39,37,37,36,35,31,31,0,0,0,0,0,0,0,30,34,36,38,40,44,45,50,50,52,54,55,57,58,58,58,59,59,60,58,62,60,60,62,59,60,61,60
20260729_152303_3a4d7f,1785334983828024,1619011532,0,0,1,-52,128,0,16,17,16,16,16,15,15,14,14,14,14,14,13,13,13,13,13,13,12,12,12,12,11,11,9,9,0,0,0,0,0,0,0,0,0,0,0,11,12,12,13,14,14,14,16,16,16,16,17,17,17,17,16,17,17,18,17,17,18,18,18,18,17,0,60,59,58,55,55,55,53,51,49,48,48,48,47,47,45,46,44,44,42,43,41,39,37,35,34,34,31,30,0,0,0,0,0,0,0,33,35,39,40,42,47,48,50,53,54,56,58,59,59,59,61,60,60,60,59,62,62,62,62,61,61,62,62
20260729_152303_3a4d7f,1785334983930807,1619111868,0,0,1,-52,128,0,15,15,15,15,14,13,13,13,13,13,13,12,12,12,12,11,11,11,11,11,11,9,9,9,8,8,0,0,0,0,0,0,0,0,0,0,0,10,11,11,12,14,13,14,15,15,15,15,15,16,16,16,16,16,16,16,16,16,16,16,16,16,16,0,59,57,57,55,54,52,51,49,48,48,47,46,45,46,44,44,44,42,42,41,38,37,35,33,32,30,28,28,0,0,0,0,0,0,0,33,36,38,41,43,46,47,51,55,54,58,57,58,60,59,62,61,59,60,60,61,62,60,62,60,61,61,60
20260729_152303_3a4d7f,1785334984028888,1619211623,0,0,1,-52,128,0,16,16,15,15,14,15,15,14,14,13,13,12,12,13,12,12,12,11,11,11,11,10,10,10,8,8,0,0,0,0,0,0,0,0,0,0,0,11,11,11,12,13,14,15,15,16,16,16,16,17,16,17,17,17,17,17,17,17,17,17,17,17,16,0,62,58,58,55,57,54,53,51,51,49,48,47,47,48,45,46,43,44,43,41,40,38,37,35,34,33,30,29,0,0,0,0,0,0,0,32,36,40,42,43,46,48,54,54,56,59,58,61,61,60,61,63,61,62,61,64,63,63,64,61,63,63,63
20260729_152303_3a4d7f,1785334984128947,1619311700,0,0,1,-51,128,0,16,16,16,16,14,14,14,14,14,14,14,13,12,12,12,12,12,12,12,11,11,10,10,10,9,9,0,0,0,0,0,0,0,0,0,0,0,9,10,11,11,12,13,14,14,15,15,16,16,16,16,16,16,16,16,16,16,16,17,17,17,17,17,0,59,58,56,55,54,53,51,51,50,50,49,46,46,45,46,46,44,45,43,42,41,40,38,36,34,33,31,30,0,0,0,0,0,0,0,31,33,35,38,40,43,45,48,50,53,55,56,57,57,58,57,59,58,59,59,59,60,59,59,62,60,62,60
20260729_152303_3a4d7f,1785334984228169,1619411064,0,0,1,-51,128,0,17,16,16,16,16,15,15,15,15,15,14,14,14,14,14,14,14,14,13,13,13,12,12,11,10,10,0,0,0,0,0,0,0,0,0,0,0,9,9,10,11,12,12,13,14,14,15,15,15,15,15,15,16,16,16,16,17,16,17,17,17,17,17,0,31,30,30,29,30,28,28,27,26,26,27,26,26,26,25,25,24,24,23,23,24,22,20,20,20,19,17,18,0,0,0,0,0,0,0,14,16,17,17,19,21,21,23,24,25,26,26,27,27,28,28,28,29,30,29,30,31,31,31,31,31,31,31
20260729_152303_3a4d7f,1785334984330724,1619513172,0,0,1,-52,128,0,15,15,15,15,14,14,14,14,13,13,13,13,13,13,13,12,13,12,12,12,11,11,11,10,9,9,0,0,0,0,0,0,0,0,0,0,0,9,9,10,10,11,12,12,13,13,14,14,14,14,14,14,15,15,15,15,15,15,16,15,16,16,16,0,28,29,28,28,27,27,26,26,25,25,25,24,25,25,25,24,24,23,23,23,22,21,20,19,18,18,16,16,0,0,0,0,0,0,0,14,15,16,17,19,20,21,22,23,24,25,26,26,26,27,27,27,28,28,28,29,29,29,29,29,30,30,29
20260729_152303_3a4d7f,1785334984429396,1619612188,0,0,1,-51,128,0,16,15,15,15,14,14,14,13,13,13,13,13,12,12,12,13,12,11,11,11,11,11,10,10,9,9,0,0,0,0,0,0,0,0,0,0,0,11,11,12,13,13,14,14,15,15,15,15,15,16,16,16,16,16,16,16,16,16,17,16,16,16,16,0,28,28,28,27,26,26,25,25,24,24,23,23,22,22,23,21,22,21,21,20,21,19,19,18,17,17,15,15,0,0,0,0,0,0,0,16,17,19,19,21,22,24,25,26,26,27,28,28,28,28,29,29,29,28,29,30,30,30,29,29,29,29,29
20260729_152303_3a4d7f,1785334984532649,1619711632,0,0,1,-51,128,0,16,16,15,16,14,14,14,13,13,13,13,12,12,12,13,13,13,11,11,11,11,10,10,9,9,9,0,0,0,0,0,0,0,0,0,0,0,10,11,12,13,14,14,14,15,16,16,16,16,16,16,16,17,16,17,16,16,17,17,17,16,16,16,0,61,57,57,55,54,53,52,50,49,48,47,47,46,46,44,45,43,44,43,42,41,38,36,35,34,33,30,30,0,0,0,0,0,0,0,34,36,39,41,42,45,47,52,53,55,57,56,59,59,60,60,61,60,61,61,62,62,61,61,60,62,59,61
20260729_152303_3a4d7f,1785334984628681,1619811444,0,0,1,-51,128,0,16,15,15,15,14,14,13,13,13,13,13,12,11,11,12,11,12,11,11,11,10,9,9,9,9,8,0,0,0,0,0,0,0,0,0,0,0,9,10,11,11,13,13,14,15,15,16,15,15,16,16,16,16,16,16,16,16,16,17,17,16,16,16,0,59,57,56,55,54,53,50,48,48,50,47,46,46,45,46,44,43,43,42,40,39,37,37,33,31,31,29,28,0,0,0,0,0,0,0,33,36,37,39,43,45,47,49,51,53,55,58,58,59,59,58,58,59,59,58,61,61,60,61,60,61,60,60
20260729_152303_3a4d7f,1785334984738436,1619916335,0,0,1,-50,128,0,16,16,16,15,15,15,14,13,13,13,13,13,13,14,13,12,12,12,12,12,11,11,10,9,9,9,0,0,0,0,0,0,0,0,0,0,0,10,10,11,11,13,13,13,15,15,15,16,16,16,16,16,16,17,16,17,16,16,16,16,16,17,16,0,61,59,57,55,55,54,52,50,51,53,50,48,46,47,47,47,46,44,43,44,42,35,37,33,32,32,32,31,0,0,0,0,0,0,0,32,33,36,39,42,43,46,46,50,52,55,56,57,58,57,58,59,59,59,59,61,62,62,61,62,62,62,61
20260729_152303_3a4d7f,1785334984829862,1620011462,0,0,1,-49,128,0,18,18,16,16,16,16,15,15,15,14,14,14,14,14,13,13,13,13,13,13,13,12,11,11,10,10,0,0,0,0,0,0,0,0,0,0,0,11,11,12,13,14,13,14,15,16,16,16,16,16,16,17,18,16,17,18,18,18,18,18,18,18,18,0,61,63,60,59,56,55,54,54,50,52,51,50,50,50,50,48,49,47,48,44,45,42,40,39,36,37,34,34,0,0,0,0,0,0,0,32,34,36,39,43,43,47,49,51,53,53,58,57,57,59,59,59,60,60,60,60,63,62,63,63,61,63,63
20260729_152303_3a4d7f,1785334984931990,1620111632,0,0,1,-50,128,0,16,17,16,16,15,15,15,14,14,14,14,13,13,13,13,13,13,13,13,12,12,12,11,11,11,11,0,0,0,0,0,0,0,0,0,0,0,9,10,11,11,13,13,13,14,15,16,16,16,16,16,16,16,16,16,17,17,17,17,17,16,17,16,0,60,60,58,59,56,57,54,54,50,51,52,50,48,50,49,48,48,46,47,46,44,44,41,40,36,38,34,35,0,0,0,0,0,0,0,28,32,33,36,39,43,45,49,49,50,53,55,56,57,56,58,58,59,59,59,60,60,61,62,60,62,64,60
20260729_152303_3a4d7f,1785334985035393,1620213546,0,0,1,-50,128,0,17,17,17,16,16,16,16,14,14,15,14,14,14,14,14,14,14,14,14,13,13,12,12,12,11,11,0,0,0,0,0,0,0,0,0,0,0,9,10,11,11,12,12,13,14,14,16,16,16,16,16,16,16,16,16,17,17,17,17,17,18,18,17,0,30,31,30,29,29,29,28,28,26,27,27,25,25,26,25,26,25,24,25,24,23,22,22,21,20,19,18,17,0,0,0,0,0,0,0,13,15,16,17,19,21,21,22,24,25,25,27,27,27,28,28,28,28,28,28,30,30,30,30,31,31,32,30
20260729_152303_3a4d7f,1785334985131821,1620312656,0,0,1,-49,128,0,17,17,16,16,16,15,16,15,15,15,15,14,14,13,13,13,14,13,13,13,13,13,12,12,11,11,0,0,0,0,0,0,0,0,0,0,0,9,9,11,11,12,12,13,14,14,15,16,16,16,16,15,16,16,16,16,16,16,16,17,17,17,17,0,60,60,58,57,54,57,56,54,52,54,52,53,51,49,50,51,50,49,49,48,47,45,43,41,40,38,37,37,0,0,0,0,0,0,0,29,30,33,34,39,40,44,46,48,50,50,54,54,56,55,55,55,59,59,58,60,62,61,62,62,64,62,61
20260729_152303_3a4d7f,1785334985229304,1620411879,0,0,1,-49,128,0,15,16,16,16,15,15,13,14,14,13,14,12,13,12,13,12,13,13,12,11,11,11,11,11,9,9,0,0,0,0,0,0,0,0,0,0,0,8,8,10,10,11,11,12,13,13,13,13,13,13,14,14,14,14,14,14,15,15,15,16,16,16,16,0,60,60,58,60,55,55,54,51,53,52,50,49,50,50,50,50,50,47,48,47,42,43,43,35,38,36,34,35,0,0,0,0,0,0,0,27,29,31,33,36,38,42,42,46,48,50,53,55,54,56,55,56,56,57,57,60,57,60,61,61,60,60,61
20260729_152303_3a4d7f,1785334985332341,1620511609,0,0,1,-49,128,0,17,17,17,17,17,16,15,15,15,15,15,15,13,13,14,13,13,14,13,13,13,12,12,11,11,10,0,0,0,0,0,0,0,0,0,0,0,9,10,11,11,12,13,14,14,14,15,15,16,16,16,16,16,16,16,17,17,17,17,17,17,18,17,0,61,61,60,57,58,56,55,53,53,53,53,51,49,50,50,49,50,49,49,48,46,46,43,42,40,40,37,35,0,0,0,0,0,0,0,29,31,33,36,37,41,41,47,48,50,51,53,55,53,55,56,57,56,58,58,59,61,61,61,60,61,63,62
20260729_152303_3a4d7f,1785334985447542,1620625932,0,0,1,-49,128,0,15,15,15,15,14,14,14,13,13,13,13,13,12,12,13,12,13,12,12,12,11,11,10,10,9,9,0,0,0,0,0,0,0,0,0,0,0,8,8,9,10,10,10,12,12,13,13,13,14,14,14,14,15,14,15,15,15,15,15,15,16,16,16,0,60,60,58,56,58,56,54,52,53,53,52,52,50,50,49,50,48,48,47,45,45,44,41,38,40,39,36,35,0,0,0,0,0,0,0,27,28,33,33,37,41,41,42,44,48,51,51,52,53,54,55,56,56,56,56,57,57,60,59,60,61,63,61
20260729_152303_3a4d7f,1785334985531991,1620711642,0,0,1,-49,128,0,16,16,15,15,14,14,14,14,13,13,13,13,13,13,13,13,13,13,12,12,11,11,11,10,10,9,0,0,0,0,0,0,0,0,0,0,0,8,9,9,10,11,11,13,12,13,13,14,14,14,14,14,15,14,15,15,16,16,16,16,16,16,16,0,62,61,60,58,57,57,54,53,52,53,51,50,51,51,48,49,48,50,48,47,44,42,42,39,39,38,34,33,0,0,0,0,0,0,0,28,28,31,35,35,38,43,43,47,48,50,51,52,53,54,56,57,56,57,56,58,58,61,60,59,62,62,63
20260729_152303_3a4d7f,1785334985631165,1620811523,0,0,1,-49,128,0,18,18,16,16,16,15,15,14,15,14,14,14,14,14,14,14,14,13,13,13,13,12,12,11,11,11,0,0,0,0,0,0,0,0,0,0,0,9,10,11,11,12,12,13,13,14,14,15,16,16,16,16,16,16,16,16,16,17,17,18,18,18,18,0,30,31,29,30,28,29,28,28,25,27,25,25,25,24,26,23,25,24,22,23,22,23,21,21,19,18,18,18,0,0,0,0,0,0,0,15,15,17,17,20,18,23,22,24,25,26,27,27,27,28,27,27,28,28,30,28,30,31,30,31,31,31,30
20260729_152303_3a4d7f,1785334985732110,1620911732,0,0,1,-49,128,0,16,16,16,15,15,14,14,14,13,13,14,14,13,13,13,13,12,13,12,12,11,11,11,10,10,10,0,0,0,0,0,0,0,0,0,0,0,9,9,11,12,12,13,13,14,14,14,15,15,15,15,15,15,15,16,16,16,16,16,16,16,17,17,0,30,28,29,28,28,27,25,25,25,25,25,24,24,24,23,23,22,24,22,22,22,21,20,19,18,17,18,17,0,0,0,0,0,0,0,15,15,17,18,19,21,22,24,24,25,27,27,27,27,29,29,28,28,29,29,30,30,31,29,30,31,31,30
20260729_152303_3a4d7f,1785334985833049,1621011615,0,0,1,-51,128,0,17,17,16,16,16,16,16,15,14,14,15,15,13,14,14,13,14,13,13,13,12,12,12,11,11,10,0,0,0,0,0,0,0,0,0,0,0,8,9,10,11,12,12,13,13,14,15,15,15,16,16,16,16,16,16,17,17,17,17,17,18,17,18,0,63,64,62,60,58,58,56,55,54,54,53,52,51,50,50,49,49,48,47,46,46,43,42,39,39,36,35,33,0,0,0,0,0,0,0,27,30,31,32,36,38,42,43,46,48,51,54,54,56,55,58,57,59,59,60,60,62,63,64,65,65,65,63
20260729_152303_3a4d7f,1785334985928354,1621111134,0,0,1,-51,128,0,16,17,16,16,16,16,15,15,14,14,14,14,14,14,14,14,14,13,13,12,12,12,12,12,10,10,0,0,0,0,0,0,0,0,0,0,0,10,10,12,12,14,13,14,15,16,16,16,17,16,16,16,18,17,17,17,18,18,18,19,18,18,17,0,60,62,59,57,55,56,53,52,50,52,50,49,48,48,48,47,47,45,46,44,44,41,41,39,37,36,35,34,0,0,0,0,0,0,0,30,32,34,36,41,42,46,48,50,52,55,57,58,58,59,59,60,61,60,62,61,62,64,63,64,63,64,63
20260729_152303_3a4d7f,1785334986031700,1621211216,0,0,1,-51,128,0,16,16,15,14,14,14,14,13,13,13,13,12,12,12,12,12,12,12,12,11,11,10,9,9,9,10,0,0,0,0,0,0,0,0,0,0,0,9,9,10,11,11,12,12,13,14,15,15,15,15,15,16,15,16,16,16,16,16,17,16,16,17,16,0,61,60,58,57,56,55,55,52,51,52,48,47,46,47,48,45,48,44,44,43,41,40,37,38,36,36,35,32,0,0,0,0,0,0,0,29,31,33,36,39,42,46,46,51,52,55,56,56,56,59,60,60,60,60,61,61,62,62,62,62,63,63,61
20260729_152303_3a4d7f,1785334986129067,1621311715,0,0,1,-51,128,0,16,16,15,15,15,15,14,14,14,14,14,14,14,14,14,14,14,13,13,13,13,12,12,12,11,11,0,0,0,0,0,0,0,0,0,0,0,8,8,9,10,11,11,12,12,12,13,13,14,14,14,14,14,15,15,15,16,16,16,16,16,16,16,0,30,29,30,29,29,28,27,27,27,27,27,26,26,27,27,26,26,25,25,25,24,23,23,22,22,22,20,19,0,0,0,0,0,0,0,12,14,15,17,17,19,21,22,23,24,25,25,25,26,27,27,28,28,28,28,29,30,30,30,30,31,31,31
20260729_152303_3a4d7f,1785334986231644,1621412711,0,0,1,-51,128,0,16,17,17,16,16,15,15,15,15,14,14,14,14,14,15,15,15,15,15,14,13,13,12,11,11,11,0,0,0,0,0,0,0,0,0,0,0,8,9,9,9,10,11,12,12,13,13,14,14,14,14,15,15,15,15,16,16,16,16,16,17,17,17,0,31,31,30,30,30,29,28,28,27,27,27,27,27,28,27,26,26,26,26,25,24,24,23,23,22,22,20,19,0,0,0,0,0,0,0,12,13,14,16,17,19,20,21,22,23,24,25,25,26,27,27,27,28,28,28,29,30,30,30,30,31,31,31
20260729_152303_3a4d7f,1785334986328553,1621511985,0,0,1,-51,128,0,16,16,16,16,15,14,14,14,14,14,14,14,14,14,14,14,14,14,14,14,13,13,12,12,12,12,0,0,0,0,0,0,0,0,0,0,0,7,8,8,9,10,11,11,11,12,12,13,13,13,13,13,13,14,15,15,16,15,16,16,16,16,16,0,60,60,60,58,58,59,56,53,53,54,53,53,53,54,53,53,54,53,54,51,51,49,48,47,45,44,43,43,0,0,0,0,0,0,0,25,26,28,29,33,36,38,40,43,45,47,49,49,49,51,51,53,53,54,54,57,58,57,57,59,61,60,60
20260729_152303_3a4d7f,1785334986431253,1621611744,0,0,1,-51,128,0,15,15,15,14,13,14,13,13,12,13,13,12,12,12,12,13,13,12,11,11,11,11,11,10,10,10,0,0,0,0,0,0,0,0,0,0,0,9,10,10,11,12,12,12,13,13,14,14,14,14,15,15,14,16,14,16,15,16,16,16,16,16,16,0,59,57,58,55,56,54,53,50,50,49,49,50,47,48,47,49,47,48,45,45,44,44,41,40,38,38,36,37,0,0,0,0,0,0,0,30,33,34,38,39,43,45,47,50,50,53,53,55,56,56,56,58,56,57,58,59,59,59,61,59,60,62,61
20260729_152303_3a4d7f,1785334986563256,1621746692,0,0,1,-49,128,0,16,15,15,15,14,14,14,14,13,13,13,12,12,13,13,13,12,12,12,11,11,11,11,11,10,9,0,0,0,0,0,0,0,0,0,0,0,9,10,11,12,12,12,13,14,14,15,15,15,15,15,15,15,15,15,15,16,16,15,16,16,16,16,0,59,59,56,58,53,53,52,51,50,51,48,48,48,45,47,46,47,45,46,45,45,40,42,40,40,37,37,35,0,0,0,0,0,0,0,31,33,35,38,42,44,45,46,50,50,54,55,56,55,56,57,56,60,57,60,58,57,59,58,59,60,61,59
20260729_152303_3a4d7f,1785334986660023,1621839219,0,0,1,-48,128,0,15,15,15,15,14,14,13,14,13,13,12,12,12,12,12,12,12,12,12,11,11,11,11,11,10,10,0,0,0,0,0,0,0,0,0,0,0,10,10,11,11,12,12,13,13,15,15,15,15,15,15,15,15,15,15,15,15,15,16,15,16,16,15,0,61,59,61,57,55,54,54,52,48,49,50,50,47,47,47,48,46,47,46,45,42,46,42,40,40,36,37,36,0,0,0,0,0,0,0,35,36,36,39,42,47,47,49,51,53,55,55,59,57,59,59,59,59,60,58,60,60,62,61,62,61,62,63
20260729_152303_3a4d7f,1785334986732288,1621912311,0,0,1,-48,128,0,15,15,15,15,14,14,14,13,13,13,13,13,12,12,12,12,12,12,12,11,11,11,11,10,9,9,0,0,0,0,0,0,0,0,0,0,0,9,10,10,11,12,13,14,14,14,15,15,15,15,16,15,15,15,15,16,16,16,16,16,16,17,16,0,29,29,27,28,26,26,25,25,23,24,24,23,24,23,23,23,22,21,22,22,21,19,20,19,18,17,18,17,0,0,0,0,0,0,0,16,18,18,19,20,22,23,24,25,26,26,27,28,27,29,27,27,28,28,30,29,30,29,29,30,29,30,31
20260729_152303_3a4d7f,1785334986830560,1622012423,0,0,1,-48,128,0,17,16,16,16,16,15,15,15,14,14,14,13,14,14,14,14,14,14,14,13,13,12,12,12,11,12,0,0,0,0,0,0,0,0,0,0,0,10,11,12,13,13,13,14,15,15,15,16,16,16,16,16,16,17,17,17,17,17,17,17,17,17,17,0,30,30,30,29,28,28,27,25,26,26,26,25,25,24,25,24,24,24,25,23,23,22,22,20,21,19,18,18,0,0,0,0,0,0,0,16,18,19,19,21,23,23,25,26,26,26,28,28,28,28,29,29,29,30,29,30,30,30,30,30,32,31,32
20260729_152303_3a4d7f,1785334986933126,1622114606,0,0,1,-49,128,0,17,17,16,16,15,15,15,14,14,14,13,13,13,14,14,14,14,13,13,13,13,12,12,12,11,10,0,0,0,0,0,0,0,0,0,0,0,10,11,11,12,13,13,14,15,15,16,16,16,16,16,16,16,16,16,17,17,17,17,17,17,17,17,0,30,31,30,28,28,28,26,26,26,25,25,25,24,25,24,24,25,23,23,24,23,22,22,20,19,19,19,19,0,0,0,0,0,0,0,17,17,18,20,21,23,24,25,26,26,27,28,29,29,30,29,29,29,29,29,31,30,31,30,32,32,32,32
20260729_152303_3a4d7f,1785334987029743,1622212107,0,0,1,-49,128,0,16,17,17,16,16,15,15,14,14,14,14,14,14,14,13,13,14,13,13,13,13,12,12,11,11,11,0,0,0,0,0,0,0,0,0,0,0,11,12,12,13,13,14,14,16,16,16,16,16,16,16,16,16,16,16,17,17,17,17,17,17,17,17,0,59,58,57,57,52,54,52,51,50,50,50,50,47,48,49,47,49,47,47,44,46,44,43,42,39,38,37,36,0,0,0,0,0,0,0,34,36,39,41,44,46,49,50,54,53,56,56,55,56,57,58,58,59,56,60,60,61,61,61,58,60,61,61
20260729_152303_3a4d7f,1785334987132131,1622311166,0,0,1,-49,128,0,16,17,16,16,15,15,14,14,14,14,14,13,14,13,14,13,14,13,13,13,13,12,12,11,11,11,0,0,0,0,0,0,0,0,0,0,0,11,11,12,13,14,14,14,15,15,16,16,16,16,16,16,16,16,16,16,16,16,17,17,16,17,16,0,58,57,57,56,56,55,52,53,53,50,51,49,49,50,52,50,49,49,49,47,48,46,45,40,44,40,37,38,0,0,0,0,0,0,0,35,38,40,41,43,47,50,51,54,54,56,56,58,58,57,58,58,60,60,58,60,62,60,62,62,59,61,61
20260729_152303_3a4d7f,1785334987228779,1622412241,0,0,1,-51,128,0,15,15,15,15,14,14,14,13,13,13,13,13,13,13,13,13,13,12,12,12,12,11,11,11,10,10,0,0,0,0,0,0,0,0,0,0,0,9,10,11,11,12,12,13,13,14,14,14,14,14,14,14,15,14,15,15,15,15,16,15,16,16,15,0,29,28,28,27,27,27,25,25,24,25,24,24,24,25,24,24,24,23,23,22,22,22,21,20,20,19,18,19,0,0,0,0,0,0,0,16,17,18,19,21,22,22,23,24,25,26,27,27,27,27,27,28,28,28,28,28,29,29,29,29,29,30,29
20260729_152303_3a4d7f,1785334987331979,1622511770,0,0,1,-51,128,0,16,17,17,16,16,16,15,15,15,14,14,14,14,14,14,14,14,14,14,13,13,13,13,13,12,12,0,0,0,0,0,0,0,0,0,0,0,10,10,11,12,13,13,14,14,14,15,15,16,16,16,16,16,16,16,17,17,17,17,17,17,17,17,0,59,60,59,57,56,57,54,52,52,53,51,50,50,50,50,49,50,48,48,48,47,45,44,43,41,40,39,38,0,0,0,0,0,0,0,30,33,33,37,39,42,43,45,48,50,51,53,52,54,55,55,55,57,57,58,57,59,60,60,62,62,61,60
20260729_152303_3a4d7f,1785334987430767,1622612018,0,0,1,-51,128,0,16,15,16,15,14,14,14,13,13,13,14,13,13,13,13,13,13,13,13,12,12,11,11,11,10,10,0,0,0,0,0,0,0,0,0,0,0,8,8,9,10,11,11,12,12,13,13,13,13,13,14,13,14,14,14,14,15,15,15,16,15,15,15,0,60,57,58,57,58,55,53,52,52,53,52,50,49,50,50,50,49,51,48,47,46,44,43,43,41,40,37,38,0,0,0,0,0,0,0,27,29,31,34,36,39,41,44,46,48,49,49,52,52,52,52,55,55,57,56,58,58,58,58,59,59,60,61
20260729_152303_3a4d7f,1785334987530976,1622712176,0,0,1,-50,128,0,16,15,16,15,14,15,14,14,14,13,13,13,13,13,13,13,13,13,13,13,13,12,11,11,11,10,0,0,0,0,0,0,0,0,0,0,0,8,8,9,9,10,11,12,12,12,13,14,13,14,14,14,14,14,14,14,14,16,15,15,16,16,16,0,59,61,59,59,56,56,53,53,52,53,52,51,49,49,48,51,52,51,50,48,48,46,47,44,43,42,39,41,0,0,0,0,0,0,0,26,31,30,34,37,39,42,44,45,45,49,51,51,50,50,52,52,55,56,55,57,57,58,59,60,60,61,61
20260729_152303_3a4d7f,1785334987630723,1622812235,0,0,1,-51,128,0,16,16,16,16,16,15,14,14,14,14,14,14,14,14,14,14,14,14,14,14,13,13,13,12,12,12,0,0,0,0,0,0,0,0,0,0,0,9,10,11,11,12,12,13,13,14,14,15,15,15,15,15,16,16,16,16,16,16,16,16,17,16,17,0,61,60,62,59,57,57,55,54,54,54,54,52,52,53,51,54,52,52,53,52,48,49,46,45,45,43,40,42,0,0,0,0,0,0,0,29,32,36,38,37,43,43,45,48,50,53,51,52,53,54,55,54,56,57,56,60,58,60,60,58,62,64,63
20260729_152303_3a4d7f,1785334987734298,1622914008,0,0,1,-50,128,0,16,16,16,16,15,14,15,14,14,14,13,13,13,13,13,13,14,13,13,13,13,13,13,11,11,11,0,0,0,0,0,0,0,0,0,0,0,9,9,9,11,11,11,12,14,14,14,14,15,14,14,14,15,16,15,14,15,15,16,16,16,16,16,0,59,61,60,59,58,57,55,53,52,53,52,52,52,50,52,50,52,50,50,50,50,45,46,46,43,42,39,41,0,0,0,0,0,0,0,28,31,32,36,38,40,44,45,50,48,50,54,53,53,54,53,55,56,56,59,58,59,61,61,61,62,63,60
20260729_152303_3a4d7f,1785334987834513,1623012267,0,0,1,-49,128,0,16,16,16,16,16,15,15,15,14,14,14,14,14,14,13,14,14,14,13,13,13,13,12,12,12,11,0,0,0,0,0,0,0,0,0,0,0,10,10,11,12,12,13,13,14,14,14,15,15,16,15,16,16,16,16,16,16,16,16,16,16,16,16,0,61,61,59,58,57,56,54,55,50,54,53,52,48,51,50,50,50,51,52,49,48,48,46,45,42,43,39,38,0,0,0,0,0,0,0,31,33,36,38,40,41,46,48,51,51,53,53,54,55,55,58,56,58,57,58,59,60,59,61,59,61,63,60
20260729_152303_3a4d7f,1785334987930466,1623112424,0,0,1,-49,128,0,15,15,15,14,14,14,13,13,13,13,13,12,13,13,12,13,13,13,12,12,12,11,11,11,11,10,0,0,0,0,0,0,0,0,0,0,0,9,9,11,11,12,13,12,13,13,14,14,15,15,14,14,14,15,15,15,16,15,15,15,16,16,17,0,57,57,56,55,53,52,51,51,49,50,50,47,50,49,50,48,47,49,49,48,45,44,43,40,40,38,37,38,0,0,0,0,0,0,0,30,33,35,38,40,44,45,46,48,49,52,53,54,54,53,55,55,54,58,57,57,57,59,58,60,58,59,59
20260729_152303_3a4d7f,1785334988032457,1623211582,0,0,1,-49,128,0,15,15,15,15,14,14,14,13,13,13,13,12,13,13,13,13,13,13,13,12,12,12,11,11,10,11,0,0,0,0,0,0,0,0,0,0,0,9,10,10,11,12,13,13,13,13,14,14,14,15,14,15,15,15,15,15,16,15,16,15,16,15,16,0,28,29,28,28,27,26,25,25,23,24,23,24,24,23,23,23,23,22,22,22,22,22,21,20,19,18,18,18,0,0,0,0,0,0,0,16,17,18,19,20,21,22,24,24,25,25,26,26,27,27,27,27,27,28,27,29,29,29,29,29,30,30,29
20260729_152303_3a4d7f,1785334988129409,1623311642,0,0,1,-50,128,0,17,17,16,16,16,15,15,15,14,14,14,14,14,13,13,14,13,13,13,13,13,13,13,11,12,11,0,0,0,0,0,0,0,0,0,0,0,11,11,12,13,14,14,14,15,16,16,16,16,17,17,17,17,16,17,17,17,17,17,17,17,17,17,0,60,59,58,58,53,55,51,52,51,51,51,48,50,49,49,49,46,49,48,47,45,43,45,42,42,41,38,37,0,0,0,0,0,0,0,35,36,38,39,45,47,50,50,52,53,56,57,57,59,58,57,57,59,60,59,61,61,61,62,64,60,60,60
20260729_152303_3a4d7f,1785334988233280,1623411734,0,0,1,-50,128,0,16,16,16,16,16,15,15,14,14,14,14,13,14,14,14,14,13,13,13,13,13,12,11,12,11,11,0,0,0,0,0,0,0,0,0,0,0,11,11,12,13,13,14,14,15,15,16,16,16,17,16,16,16,16,16,16,16,16,17,16,16,17,16,0,30,30,28,28,28,27,26,26,25,25,26,24,24,24,24,24,24,25,24,24,24,21,21,21,20,20,19,18,0,0,0,0,0,0,0,18,18,20,21,22,23,25,26,27,28,28,28,29,29,30,29,29,30,31,29,31,30,31,30,30,32,31,31
20260729_152303_3a4d7f,1785334988330761,1623512591,0,0,1,-50,128,0,16,16,16,15,15,15,14,14,14,14,14,13,13,13,13,13,13,13,13,12,12,12,11,11,10,11,0,0,0,0,0,0,0,0,0,0,0,11,11,12,13,13,14,15,15,15,15,16,15,16,16,16,16,16,16,16,16,16,17,16,17,17,16,0,30,30,30,28,27,27,26,26,25,24,25,25,24,24,23,23,24,23,22,23,22,21,21,20,20,20,18,18,0,0,0,0,0,0,0,17,18,19,21,23,22,24,24,26,27,28,28,27,29,29,29,29,29,29,30,30,30,31,31,30,30,30,30
20260729_152303_3a4d7f,1785334988429985,1623611958,0,0,1,-50,128,0,15,16,16,15,14,14,14,13,14,13,13,12,12,12,13,13,13,13,11,11,11,11,10,10,10,9,0,0,0,0,0,0,0,0,0,0,0,9,11,12,12,13,13,14,14,15,15,16,16,16,16,16,16,16,16,16,16,16,16,16,16,16,16,0,61,60,57,57,54,54,53,51,49,52,49,48,46,48,47,46,48,47,45,47,44,43,42,40,38,38,36,36,0,0,0,0,0,0,0,33,39,39,41,45,46,50,49,53,53,55,59,58,57,58,57,59,62,59,59,61,60,59,62,61,61,61,61
20260729_152303_3a4d7f,1785334988532959,1623712671,0,0,1,-50,128,0,16,15,15,15,14,14,13,13,13,13,12,12,12,12,13,13,13,12,12,11,11,11,10,10,9,9,0,0,0,0,0,0,0,0,0,0,0,10,10,12,12,12,13,14,14,14,15,15,15,15,15,16,16,16,16,16,16,16,16,16,16,16,16,0,59,59,55,57,54,54,51,51,47,49,50,49,44,47,47,49,48,47,45,45,45,41,41,42,37,37,35,34,0,0,0,0,0,0,0,34,37,37,40,42,46,47,49,51,53,53,57,57,56,58,58,57,58,58,58,60,59,60,60,60,60,61,60
20260729_152303_3a4d7f,1785334988636216,1623814567,0,0,1,-50,128,0,16,16,16,15,14,15,13,13,13,13,13,13,13,14,13,13,13,13,12,12,12,12,11,10,10,10,0,0,0,0,0,0,0,0,0,0,0,10,12,12,12,13,14,13,14,15,15,15,16,15,16,16,16,16,15,16,16,16,16,16,16,16,16,0,58,61,57,55,53,54,50,51,48,52,47,48,49,46,47,49,48,46,45,44,44,43,43,39,39,38,35,35,0,0,0,0,0,0,0,34,37,39,42,43,45,48,50,51,53,55,56,55,56,58,56,58,59,58,58,59,60,59,58,59,61,61,61
20260729_152303_3a4d7f,1785334988729540,1623913276,0,0,1,-50,128,0,15,15,15,14,14,14,13,13,12,13,13,12,12,12,12,12,12,12,12,11,11,11,10,10,10,9,0,0,0,0,0,0,0,0,0,0,0,10,10,11,12,12,13,13,14,14,15,15,15,15,15,15,15,15,15,15,15,15,16,15,16,15,15,0,29,27,27,26,26,26,25,24,23,23,24,23,23,23,23,23,22,22,22,21,22,20,19,18,18,18,17,17,0,0,0,0,0,0,0,17,18,19,20,21,23,24,24,25,26,26,27,27,27,27,27,27,28,29,28,29,28,29,28,29,28,29,28
20260729_152303_3a4d7f,1785334988830921,1624012559,0,0,1,-50,128,0,16,16,16,15,14,14,14,14,14,14,13,13,13,13,13,13,13,13,13,13,12,12,12,12,11,11,0,0,0,0,0,0,0,0,0,0,0,10,12,12,13,13,14,14,14,15,16,16,16,16,16,16,16,16,16,16,16,16,16,16,16,16,17,0,58,57,56,55,55,54,51,51,50,49,50,47,45,48,46,47,48,48,46,44,44,41,40,40,38,37,36,36,0,0,0,0,0,0,0,34,36,38,40,44,47,48,52,52,53,54,57,57,56,57,57,56,59,59,58,59,59,61,58,59,59,59,59
20260729_152303_3a4d7f,1785334988933794,1624112088,0,0,1,-50,128,0,16,16,16,15,15,14,14,13,13,13,14,12,12,13,13,13,13,12,12,12,12,11,11,10,10,10,0,0,0,0,0,0,0,0,0,0,0,10,12,11,12,13,13,15,14,16,15,16,16,16,16,16,16,16,16,16,16,16,17,16,17,16,16,0,60,58,57,57,54,55,52,50,49,48,49,49,46,46,47,45,46,45,45,44,43,41,40,40,38,36,36,35,0,0,0,0,0,0,0,34,35,38,40,42,45,48,51,51,54,54,55,57,57,58,58,59,59,59,59,59,60,59,60,59,59,62,59
20260729_152303_3a4d7f,1785334989030987,1624211627,0,0,1,-50,128,0,18,17,17,16,16,15,15,15,14,14,14,14,14,14,14,14,13,13,13,13,13,13,12,11,11,11,0,0,0,0,0,0,0,0,0,0,0,12,13,13,14,14,15,15,16,16,17,17,17,16,16,16,18,18,17,18,18,18,18,17,18,18,18,0,58,60,59,55,55,55,52,51,50,49,49,46,48,48,47,48,47,47,47,46,46,41,40,41,38,39,35,38,0,0,0,0,0,0,0,35,37,38,41,43,47,48,50,54,55,55,56,59,57,59,59,58,57,58,59,59,62,62,59,59,60,60,60
20260729_152303_3a4d7f,1785334989132941,1624310922,0,0,1,-50,128,0,17,17,15,15,14,14,14,14,13,13,13,13,13,13,13,13,12,12,13,12,12,11,11,11,10,10,0,0,0,0,0,0,0,0,0,0,0,11,12,13,13,13,14,16,16,16,16,16,17,16,17,17,17,17,17,17,17,17,17,17,17,17,17,0,59,59,56,55,53,52,51,49,50,51,47,46,45,45,46,44,45,45,43,44,40,42,39,39,37,36,35,34,0,0,0,0,0,0,0,37,38,41,42,45,47,50,52,55,56,56,61,60,60,61,62,58,60,61,61,60,60,61,63,63,59,61,58
20260729_152303_3a4d7f,1785334989228187,1624411952,0,0,1,-50,128,0,17,16,15,15,15,14,13,13,13,13,13,12,11,12,12,12,11,11,11,11,11,10,10,9,9,9,0,0,0,0,0,0,0,0,0,0,0,11,13,13,14,15,16,17,16,17,17,18,17,17,17,18,17,17,17,18,18,17,17,17,17,17,17,0,29,28,29,26,26,26,25,25,22,22,23,22,21,21,21,21,21,21,21,20,18,19,18,17,16,16,16,15,0,0,0,0,0,0,0,17,21,21,23,23,26,25,28,30,30,29,30,30,31,31,31,31,30,31,30,32,32,32,31,31,31,30,31
20260729_152303_3a4d7f,1785334989331888,1624512424,0,0,1,-50,128,0,14,15,15,13,13,13,13,12,12,12,12,11,11,11,11,11,11,11,11,11,10,10,10,10,9,9,0,0,0,0,0,0,0,0,0,0,0,11,11,13,13,14,14,14,16,15,16,16,16,16,16,16,16,16,16,16,16,16,16,16,16,16,16,0,61,54,55,53,52,49,50,47,47,47,47,45,43,43,45,44,43,43,43,41,39,39,39,36,38,34,34,33,0,0,0,0,0,0,0,33,38,38,42,46,49,50,52,53,56,59,59,57,60,58,59,58,59,60,59,59,60,60,59,62,60,61,60
20260729_152303_3a4d7f,1785334989432317,1624614840,0,0,1,-50,128,0,16,16,16,15,15,14,14,14,13,13,13,13,12,12,13,13,13,13,13,12,12,12,12,11,11,11,0,0,0,0,0,0,0,0,0,0,0,11,12,13,13,14,15,15,16,16,16,16,16,16,16,16,16,16,16,16,16,16,16,16,17,16,16,0,29,28,28,28,27,26,26,24,25,25,24,24,23,23,23,24,25,24,24,23,22,23,23,21,20,20,19,18,0,0,0,0,0,0,0,18,20,20,21,23,24,26,27,28,28,30,30,29,31,31,31,30,30,30,30,30,31,31,31,30,30,28,28
20260729_152303_3a4d7f,1785334989532387,1624711603,0,0,1,-49,128,0,15,15,16,16,15,15,14,14,14,13,13,13,13,13,13,13,12,12,13,12,13,12,11,11,10,11,0,0,0,0,0,0,0,0,0,0,0,12,13,13,14,15,15,16,16,16,16,16,16,16,16,16,17,16,16,16,16,16,16,16,16,16,16,0,29,29,28,29,26,26,24,24,25,25,25,24,23,22,23,22,24,24,23,21,22,20,19,21,19,20,19,18,0,0,0,0,0,0,0,21,22,22,23,25,25,27,27,28,29,31,30,30,30,30,30,28,30,29,30,29,29,29,30,31,31,30,29
20260729_152303_3a4d7f,1785334989632830,1624811805,0,0,1,-50,128,0,16,16,16,15,15,15,15,14,14,13,13,14,13,14,14,14,13,13,13,13,13,13,12,12,12,12,0,0,0,0,0,0,0,0,0,0,0,10,10,11,12,11,13,13,14,14,14,14,15,15,15,15,16,16,15,16,16,16,16,16,16,16,16,0,59,60,58,57,55,56,54,53,52,52,51,47,51,51,50,51,48,49,49,47,48,45,44,44,41,42,39,39,0,0,0,0,0,0,0,30,32,36,37,39,40,45,47,49,51,51,52,53,52,54,54,56,57,57,54,57,60,59,59,57,62,63,59
20260729_152303_3a4d7f,1785334989728218,1624912139,0,0,1,-50,128,0,17,17,17,15,15,15,15,15,14,14,14,14,14,14,14,14,14,14,14,14,12,12,12,12,11,11,0,0,0,0,0,0,0,0,0,0,0,10,10,11,12,13,13,14,14,15,15,15,15,15,15,15,16,15,16,16,17,17,17,17,17,17,17,0,59,61,57,57,52,55,52,53,51,50,49,48,49,48,50,48,50,49,47,46,47,45,45,43,43,41,39,38,0,0,0,0,0,0,0,32,34,38,37,41,43,46,47,47,51,52,54,56,56,56,57,57,60,57,59,58,58,59,61,60,61,62,59
20260729_152303_3a4d7f,1785334989833488,1625011723,0,0,1,-50,128,0,16,15,15,15,14,14,13,13,13,13,12,12,12,12,12,12,12,12,12,12,12,11,11,11,11,10,0,0,0,0,0,0,0,0,0,0,0,11,11,12,13,13,13,14,15,14,16,16,16,16,16,15,16,16,16,16,16,16,16,16,16,16,16,0,56,55,57,54,52,51,51,48,50,47,48,46,45,46,46,47,46,45,47,45,45,43,39,40,41,40,38,38,0,0,0,0,0,0,0,36,39,43,43,46,47,48,50,54,55,57,57,59,59,58,58,58,58,59,58,59,58,59,60,59,57,59,58
20260729_152303_3a4d7f,1785334989928279,1625111643,0,0,1,-49,128,0,16,16,16,16,16,14,14,14,14,14,13,13,13,13,13,13,13,13,12,12,12,12,12,11,11,11,0,0,0,0,0,0,0,0,0,0,0,13,13,14,15,15,16,16,16,17,17,17,18,17,17,17,18,17,17,17,18,18,18,17,17,18,18,0,56,57,57,53,52,52,49,49,47,47,46,44,46,43,45,45,45,43,43,43,43,39,38,37,36,34,34,34,0,0,0,0,0,0,0,40,40,43,47,49,50,52,54,56,57,58,59,60,60,61,62,61,60,61,59,62,61,62,61,60,61,60,62
20260729_152303_3a4d7f,1785334990029639,1625211565,0,0,1,-48,128,0,17,16,16,16,15,14,14,14,13,14,13,12,12,12,12,12,12,12,12,11,11,10,10,10,9,9,0,0,0,0,0,0,0,0,0,0,0,11,11,12,12,13,14,15,15,16,16,17,17,17,16,16,17,17,16,17,17,17,17,17,17,17,17,0,60,60,57,56,53,52,51,51,49,50,48,47,45,46,47,46,45,41,43,42,41,40,39,36,35,34,31,30,0,0,0,0,0,0,0,35,37,39,41,44,46,50,51,53,57,58,59,60,60,59,60,60,61,59,62,60,62,61,62,63,60,62,60
20260729_152303_3a4d7f,1785334990131368,1625311871,0,0,1,-49,128,0,16,16,16,15,15,14,14,13,14,13,13,12,12,12,12,12,12,12,12,11,11,11,10,10,10,9,0,0,0,0,0,0,0,0,0,0,0,12,12,13,14,15,16,16,16,17,17,17,17,17,17,17,17,17,17,17,17,16,17,17,17,17,17,0,59,57,57,52,52,53,51,49,49,47,46,45,46,46,43,44,43,42,41,39,38,37,36,34,34,33,32,32,0,0,0,0,0,0,0,38,40,42,45,46,50,51,54,57,59,60,61,61,63,61,61,61,62,63,61,62,61,64,63,61,61,63,62
20260729_152303_3a4d7f,1785334990229052,1625411905,0,0,1,-51,128,0,16,16,16,15,14,14,13,13,12,12,12,12,11,11,10,10,11,9,9,9,8,8,8,8,8,8,0,0,0,0,0,0,0,0,0,0,0,11,11,12,14,14,14,15,16,16,16,16,17,17,17,17,17,17,17,17,17,17,17,17,17,17,16,0,60,58,56,53,52,50,48,47,45,45,44,43,41,41,40,40,37,38,36,35,33,32,31,29,30,27,26,26,0,0,0,0,0,0,0,36,39,42,44,46,49,50,54,56,59,60,60,62,62,62,62,63,62,63,63,64,63,63,64,62,62,63,59
20260729_152303_3a4d7f,1785334990332558,1625511904,0,0,1,-51,128,0,16,16,16,15,14,13,13,13,13,12,11,12,11,11,11,11,10,10,9,9,9,8,8,8,7,7,0,0,0,0,0,0,0,0,0,0,0,10,11,12,13,13,13,14,15,15,16,16,16,16,16,16,16,16,16,16,16,17,17,17,17,17,16,0,60,58,59,55,55,53,50,49,47,46,45,44,42,42,40,40,39,38,36,35,34,32,32,29,28,28,26,26,0,0,0,0,0,0,0,35,37,40,43,44,48,50,51,53,56,57,57,59,59,60,61,62,60,62,61,63,63,63,62,62,61,63,62
20260729_152303_3a4d7f,1785334990431552,1625612049,0,0,1,-51,128,0,16,16,16,16,15,14,15,14,14,14,13,13,13,13,14,14,14,14,13,12,12,12,11,11,11,10,0,0,0,0,0,0,0,0,0,0,0,10,11,12,12,12,13,14,13,14,15,15,15,15,15,14,16,15,16,16,16,16,16,16,16,16,16,0,60,57,59,56,56,55,53,51,52,50,51,49,48,50,48,50,48,48,47,46,45,43,41,40,40,37,35,35,0,0,0,0,0,0,0,33,35,38,41,41,45,45,49,51,51,53,52,54,54,54,55,57,55,56,55,57,58,57,59,58,59,59,61
20260729_152303_3a4d7f,1785334990534940,1625713983,0,0,1,-51,128,0,16,18,17,17,16,16,15,15,14,14,14,14,14,14,14,13,13,13,13,13,12,12,11,11,10,10,0,0,0,0,0,0,0,0,0,0,0,10,10,11,12,13,13,14,14,14,15,15,15,16,16,16,16,16,16,16,16,16,18,16,17,17,16,0,31,31,30,30,30,29,28,28,26,26,26,26,25,25,25,24,25,24,24,23,22,22,21,20,19,19,18,18,0,0,0,0,0,0,0,15,17,18,19,21,22,23,24,25,25,26,28,27,28,29,29,29,29,30,30,31,31,31,31,31,32,32,31
20260729_152303_3a4d7f,1785334990632377,1625812941,0,0,1,-52,128,0,16,16,16,16,15,15,15,14,14,14,14,13,13,13,14,14,14,13,13,13,13,13,13,11,11,10,0,0,0,0,0,0,0,0,0,0,0,8,9,9,10,11,11,12,13,13,13,13,13,14,14,14,14,14,15,15,15,16,16,16,16,16,16,0,61,63,59,61,57,59,56,55,53,55,55,54,52,52,52,51,55,51,51,49,47,47,47,44,42,40,40,38,0,0,0,0,0,0,0,28,30,32,33,36,38,40,42,45,47,47,50,51,52,52,53,52,56,54,57,58,59,59,59,61,62,62,61
20260729_152303_3a4d7f,1785334990731610,1625911835,0,0,1,-52,128,0,16,16,16,16,15,15,15,14,14,14,14,13,13,13,13,13,13,13,13,13,12,12,11,10,11,9,0,0,0,0,0,0,0,0,0,0,0,8,9,10,10,11,10,11,12,12,13,13,14,14,14,14,15,14,15,15,15,15,16,16,16,16,17,0,30,30,29,29,30,28,28,26,26,26,26,26,24,25,25,25,24,25,25,23,22,20,20,20,19,20,17,17,0,0,0,0,0,0,0,15,16,16,16,18,19,20,22,22,24,24,25,25,25,26,25,26,27,28,27,29,29,30,30,30,31,31,31
20260729_152303_3a4d7f,1785334990833252,1626012060,0,0,1,-51,128,0,17,17,17,17,17,17,16,16,15,15,15,15,15,15,15,15,15,15,14,14,14,13,12,12,11,11,0,0,0,0,0,0,0,0,0,0,0,8,9,9,10,10,12,12,13,13,14,14,14,15,15,15,15,16,16,16,17,17,17,17,18,18,17,0,64,63,64,60,62,61,58,56,55,55,57,55,52,54,52,52,53,53,52,49,48,45,43,44,40,39,37,36,0,0,0,0,0,0,0,26,29,29,32,35,38,41,42,44,46,48,49,52,52,53,55,55,56,57,57,61,63,62,63,62,65,64,64
20260729_152303_3a4d7f,1785334990932015,1626111946,0,0,1,-51,128,0,16,15,15,15,14,14,14,14,13,13,14,13,13,13,13,13,13,13,12,12,12,12,11,11,10,10,0,0,0,0,0,0,0,0,0,0,0,9,9,10,11,11,11,13,13,13,14,14,13,15,15,15,15,15,15,15,16,16,16,15,16,16,16,0,59,58,56,56,54,54,52,51,51,50,49,49,49,48,49,49,49,47,48,47,46,44,42,41,39,39,38,36,0,0,0,0,0,0,0,30,32,33,35,38,41,43,44,46,49,50,52,52,53,55,54,55,55,55,56,56,56,58,58,60,59,60,60
20260729_152303_3a4d7f,1785334991030502,1626213777,0,0,1,-51,128,0,16,16,16,16,16,16,15,14,14,14,14,14,14,14,13,13,13,13,13,12,12,12,11,11,11,9,0,0,0,0,0,0,0,0,0,0,0,8,8,9,9,10,11,12,12,13,13,14,14,14,15,15,15,15,16,16,16,16,17,17,17,17,17,0,64,63,60,62,58,58,56,55,55,55,54,52,52,51,51,49,50,50,50,47,46,44,43,41,40,38,37,36,0,0,0,0,0,0,0,26,27,30,31,36,36,40,41,45,46,48,49,52,54,55,55,55,57,57,59,59,62,60,63,65,63,65,63
20260729_152303_3a4d7f,1785334991133500,1626313152,0,0,1,-51,128,0,17,17,17,15,16,16,15,15,15,14,15,14,14,14,14,14,13,13,13,13,13,12,12,12,11,11,0,0,0,0,0,0,0,0,0,0,0,9,10,10,11,11,12,13,13,13,14,14,15,15,15,16,15,16,16,16,16,17,17,17,17,17,17,0,63,63,61,59,59,59,55,57,54,55,54,53,52,52,52,52,52,50,50,48,48,48,46,43,42,40,40,39,0,0,0,0,0,0,0,29,30,32,34,38,40,43,43,47,49,51,54,54,56,55,56,57,60,60,60,61,62,63,64,64,65,65,65
20260729_152303_3a4d7f,1785334991231610,1626411753,0,0,1,-51,128,0,16,16,15,16,15,15,15,14,14,14,14,13,13,13,14,14,14,13,13,13,12,11,11,11,10,10,0,0,0,0,0,0,0,0,0,0,0,7,8,8,8,9,10,11,11,11,12,13,13,13,13,14,14,14,15,15,15,16,16,16,17,17,17,0,61,63,61,60,60,59,57,55,55,55,54,53,52,51,53,53,52,51,51,48,47,44,44,42,40,39,37,37,0,0,0,0,0,0,0,22,24,27,28,30,33,36,38,41,43,45,47,49,49,51,52,53,56,55,57,59,60,60,62,62,63,63,64
20260729_152303_3a4d7f,1785334991329561,1626511813,0,0,1,-50,128,0,16,16,16,16,16,15,15,15,14,14,14,13,13,13,13,14,14,13,13,13,12,12,12,12,10,9,0,0,0,0,0,0,0,0,0,0,0,8,9,10,9,11,12,12,12,13,14,14,14,15,15,15,15,16,15,16,16,16,17,17,17,16,16,0,31,30,30,28,29,28,28,27,26,26,27,26,25,25,26,25,25,25,25,23,22,22,22,19,20,19,19,17,0,0,0,0,0,0,0,13,16,15,18,17,19,20,22,23,24,25,26,26,27,28,27,28,28,28,28,30,31,30,30,31,31,31,31
20260729_152303_3a4d7f,1785334991429408,1626611583,0,0,1,-50,128,0,15,16,16,16,14,14,15,14,14,14,13,13,13,12,13,13,13,13,13,13,12,11,10,10,10,9,0,0,0,0,0,0,0,0,0,0,0,8,8,9,10,11,11,11,12,12,13,13,14,14,14,14,15,15,15,15,16,16,16,16,16,16,16,0,31,31,30,31,29,29,27,28,26,27,28,26,26,25,26,25,24,24,24,24,25,21,21,23,19,18,17,18,0,0,0,0,0,0,0,13,14,16,16,17,18,21,20,22,23,24,27,26,25,26,27,27,30,28,30,29,30,30,30,31,32,31,31
20260729_152303_3a4d7f,1785334991530029,1626711735,0,0,1,-51,128,0,16,16,16,16,16,15,15,14,14,14,14,13,13,13,13,13,12,13,12,12,12,11,11,10,9,9,0,0,0,0,0,0,0,0,0,0,0,7,9,9,10,11,11,13,13,13,13,14,14,15,15,15,16,15,16,16,16,16,16,16,17,17,17,0,63,63,61,62,58,60,56,54,54,55,53,50,51,50,52,49,49,48,48,46,44,41,40,39,37,36,34,32,0,0,0,0,0,0,0,26,27,30,31,35,37,40,44,47,48,50,52,54,54,56,55,55,59,57,60,60,61,62,63,64,65,63,64
20260729_152303_3a4d7f,1785334991631287,1626811861,0,0,1,-52,128,0,17,18,17,17,17,17,16,16,15,15,15,15,15,15,15,15,15,14,13,13,13,12,12,11,11,11,0,0,0,0,0,0,0,0,0,0,0,8,8,9,10,10,11,12,13,13,13,13,14,14,14,15,15,15,16,17,17,17,17,18,18,18,17,0,64,65,62,62,59,59,58,57,54,57,55,53,54,52,53,50,53,48,50,48,47,45,45,42,41,39,38,36,0,0,0,0,0,0,0,25,28,28,31,34,36,40,39,42,45,47,50,48,51,52,53,52,57,56,58,59,60,62,63,64,63,64,63
20260729_152303_3a4d7f,1785334991729193,1626911786,0,0,1,-51,128,0,16,16,15,15,15,15,14,14,14,13,14,13,13,13,13,13,12,12,12,11,11,10,10,9,9,9,0,0,0,0,0,0,0,0,0,0,0,7,8,9,9,10,11,11,12,12,13,13,13,14,14,14,15,14,15,15,15,15,16,16,16,16,16,0,31,30,30,30,28,28,27,27,26,26,26,25,25,24,25,23,24,23,23,22,21,20,19,18,18,17,16,15,0,0,0,0,0,0,0,12,14,14,15,17,18,20,20,22,23,24,24,26,25,26,27,27,28,28,28,29,30,30,30,30,31,31,31
20260729_152303_3a4d7f,1785334991828801,1627011751,0,0,1,-51,128,0,16,16,15,16,15,14,14,14,14,15,14,14,14,13,14,13,13,13,13,12,12,12,11,10,10,10,0,0,0,0,0,0,0,0,0,0,0,8,8,9,9,10,10,11,12,13,13,13,14,14,14,14,15,15,16,15,16,16,16,16,16,16,16,0,31,31,30,29,29,28,27,27,26,27,26,25,25,25,26,25,25,25,25,24,22,22,21,20,18,18,17,17,0,0,0,0,0,0,0,12,14,14,15,16,18,19,20,22,22,23,25,24,26,27,28,27,28,29,28,29,29,30,31,30,31,32,31
20260729_152303_3a4d7f,1785334991928805,1627112598,0,0,1,-52,128,0,17,17,16,16,15,15,15,15,14,14,14,13,13,13,13,13,13,13,12,12,12,11,11,10,10,9,0,0,0,0,0,0,0,0,0,0,0,8,8,9,9,9,10,11,12,12,13,13,14,14,14,14,15,15,15,15,16,16,17,17,17,17,17,0,32,30,30,29,29,29,28,27,27,26,26,26,26,26,25,25,24,25,24,23,22,21,20,19,19,18,17,16,0,0,0,0,0,0,0,12,13,13,15,16,17,18,20,21,22,23,23,25,25,26,27,26,27,28,28,29,30,30,31,30,30,32,31
20260729_152303_3a4d7f,1785334992028407,1627211757,0,0,1,-51,128,0,16,17,16,16,15,15,15,14,14,14,14,14,13,13,13,13,13,13,13,12,12,11,11,11,10,10,0,0,0,0,0,0,0,0,0,0,0,9,9,9,11,11,11,12,13,13,14,14,14,14,14,15,15,16,16,15,17,16,16,17,17,17,17,0,64,61,62,58,58,57,55,54,55,54,52,51,49,51,49,52,48,49,48,46,45,42,40,39,38,37,35,35,0,0,0,0,0,0,0,27,29,32,34,36,39,40,44,45,49,50,51,53,54,54,56,57,57,58,58,60,62,62,63,62,64,63,64
20260729_152303_3a4d7f,1785334992134236,1627313521,0,0,1,-51,128,0,17,17,16,16,15,15,15,15,15,14,14,13,14,13,14,14,13,13,13,13,12,12,11,10,9,9,0,0,0,0,0,0,0,0,0,0,0,7,8,8,9,9,10,12,12,12,13,13,13,15,15,15,15,15,15,15,16,16,17,17,17,17,17,0,61,63,60,61,56,58,59,53,52,52,51,50,52,50,50,49,50,48,45,45,44,42,43,39,38,37,33,33,0,0,0,0,0,0,0,25,27,27,30,34,34,39,39,42,43,49,50,49,50,52,54,55,55,55,57,55,60,61,60,64,62,63,60
20260729_152303_3a4d7f,1785334992232786,1627412112,0,0,1,-52,128,0,17,17,17,17,16,16,16,15,14,15,15,14,14,14,15,14,15,14,14,12,12,11,11,10,10,10,0,0,0,0,0,0,0,0,0,0,0,8,9,10,10,12,12,13,13,14,15,15,15,15,16,16,16,16,17,17,17,17,17,17,17,17,17,0,64,64,63,60,60,59,56,55,55,54,54,52,52,53,50,50,50,48,49,46,45,43,40,39,37,36,33,33,0,0,0,0,0,0,0,26,27,30,32,36,38,41,45,46,49,51,53,53,55,56,57,58,60,59,59,63,62,65,65,64,65,66,64
20260729_152303_3a4d7f,1785334992332406,1627512668,0,0,1,-51,128,0,16,16,16,15,16,15,15,14,14,13,13,13,13,13,13,14,13,13,13,12,12,11,10,10,9,9,0,0,0,0,0,0,0,0,0,0,0,8,8,9,10,10,11,12,12,12,13,13,14,14,14,15,14,15,15,16,16,16,16,16,16,16,16,0,32,31,30,28,30,28,29,28,28,27,26,26,26,27,26,25,25,24,24,23,22,22,20,19,19,19,17,17,0,0,0,0,0,0,0,13,14,14,16,17,18,20,21,22,23,24,25,25,25,27,27,28,29,29,27,29,30,30,31,30,31,32,31
20260729_152303_3a4d7f,1785334992430532,1627612000,0,0,1,-52,128,0,16,16,16,16,15,15,15,14,14,14,14,13,13,13,14,13,13,13,13,13,12,12,11,10,10,10,0,0,0,0,0,0,0,0,0,0,0,8,8,9,10,10,11,12,12,13,13,14,14,14,15,15,15,15,16,15,16,16,16,16,17,17,16,0,31,31,29,29,28,28,28,27,27,26,26,26,25,24,25,25,25,24,23,22,22,22,21,20,19,17,16,16,0,0,0,0,0,0,0,12,13,14,16,17,18,20,20,22,22,24,25,26,27,27,28,28,28,28,28,29,30,30,30,30,31,32,31
20260729_152303_3a4d7f,1785334992533614,1627716050,0,0,1,-52,128,0,16,16,16,16,16,15,15,14,15,14,15,14,14,14,14,14,14,14,14,13,13,12,12,11,11,10,0,0,0,0,0,0,0,0,0,0,0,9,9,10,11,11,12,12,13,13,14,14,14,14,14,15,15,15,15,16,16,16,16,16,16,16,16,0,63,60,60,60,60,58,56,55,54,54,54,52,52,52,51,53,50,51,49,49,47,45,43,41,39,39,36,36,0,0,0,0,0,0,0,27,30,32,35,36,40,41,45,47,49,49,51,54,53,54,53,56,56,59,57,60,58,61,61,62,64,61,62
20260729_152303_3a4d7f,1785334992633043,1627811946,0,0,1,-52,128,0,16,16,16,16,16,16,15,14,15,14,14,14,14,14,14,14,13,13,13,13,13,13,11,11,11,10,0,0,0,0,0,0,0,0,0,0,0,9,9,10,10,12,12,12,13,14,14,14,14,14,14,15,15,15,15,15,15,16,16,16,16,16,16,0,62,60,62,59,57,57,56,54,56,53,53,52,52,53,51,52,51,51,49,49,47,46,43,41,40,39,36,35,0,0,0,0,0,0,0,27,30,31,35,36,39,42,44,47,47,50,50,52,52,54,53,55,56,57,56,57,59,59,61,61,61,62,63
20260729_152303_3a4d7f,1785334992732421,1627912024,0,0,1,-51,128,0,16,17,16,16,16,15,15,15,14,14,14,13,14,14,13,13,13,13,13,13,12,12,12,11,11,10,0,0,0,0,0,0,0,0,0,0,0,9,9,9,11,11,11,12,13,13,14,14,14,14,14,14,15,15,16,15,16,16,16,16,16,17,16,0,62,62,59,61,58,58,57,56,54,56,54,52,53,52,52,51,53,49,49,49,48,45,45,42,40,39,38,36,0,0,0,0,0,0,0,27,30,33,34,37,38,42,43,46,49,50,52,51,53,53,53,53,55,55,57,57,59,59,61,61,62,62,60
20260729_152303_3a4d7f,1785334992834016,1628012865,0,0,1,-51,128,0,16,17,17,17,16,16,16,15,15,15,15,14,15,15,15,14,14,14,14,14,13,13,13,11,11,11,0,0,0,0,0,0,0,0,0,0,0,9,9,11,11,11,12,12,13,14,14,14,14,14,15,14,15,15,15,15,16,17,17,17,17,17,17,0,61,62,60,60,57,58,56,56,54,57,55,54,53,52,53,51,52,50,52,50,49,46,46,43,41,40,39,37,0,0,0,0,0,0,0,29,31,31,34,38,38,43,43,45,47,50,51,51,52,52,53,54,57,55,58,57,60,61,61,62,62,62,63
20260729_152303_3a4d7f,1785334992934039,1628112166,0,0,1,-51,128,0,16,16,16,16,16,15,15,14,15,14,14,14,14,14,14,14,14,14,13,13,13,13,12,12,11,11,0,0,0,0,0,0,0,0,0,0,0,8,9,10,10,11,11,12,12,13,13,14,14,14,14,14,14,16,15,16,16,16,16,16,16,17,17,0,62,63,61,60,59,57,56,56,55,55,55,53,53,52,53,52,53,51,51,49,48,45,44,43,41,38,38,38,0,0,0,0,0,0,0,27,29,32,34,36,38,41,42,45,46,49,50,51,51,51,52,54,55,54,57,57,59,58,60,62,62,62,62
20260729_152303_3a4d7f,1785334993034670,1628213735,0,0,1,-52,128,0,16,16,15,15,15,14,15,13,13,13,14,13,13,13,13,13,13,13,13,13,12,11,11,11,11,9,0,0,0,0,0,0,0,0,0,0,0,8,8,9,9,9,10,11,11,12,12,13,13,13,13,13,13,13,14,15,15,15,15,16,16,16,16,0,62,59,60,59,58,57,56,54,54,53,53,52,52,52,50,52,50,51,49,47,46,45,42,41,40,39,35,35,0,0,0,0,0,0,0,26,28,28,31,34,36,38,41,44,45,47,46,49,51,52,52,53,53,53,55,58,59,59,60,59,61,62,62
20260729_152303_3a4d7f,1785334993128728,1628312324,0,0,1,-52,128,0,17,16,17,16,16,14,15,15,14,14,14,14,14,14,14,14,13,14,13,13,13,12,11,11,11,11,0,0,0,0,0,0,0,0,0,0,0,8,9,8,10,10,11,11,12,12,12,13,13,14,14,14,14,15,15,16,16,16,16,16,16,17,17,0,62,62,61,59,59,57,55,55,53,54,54,53,52,54,52,52,52,52,50,49,48,46,44,42,40,39,37,36,0,0,0,0,0,0,0,24,27,29,30,33,36,39,41,43,45,47,48,49,51,51,52,53,54,56,55,59,59,60,60,60,62,63,62
20260729_152303_3a4d7f,1785334993227731,1628411874,0,0,0,-52,128,0,17,17,16,16,16,15,14,14,14,14,14,14,14,13,14,13,13,13,12,12,12,11,11,10,10,10,0,0,0,0,0,0,0,0,0,0,0,7,8,8,9,10,10,11,11,12,13,13,14,14,14,14,14,14,15,15,15,15,15,16,17,16,16,0,63,62,60,61,57,57,56,55,54,55,55,52,52,52,52,51,51,50,49,48,48,45,44,42,42,39,37,36,0,0,0,0,0,0,0,25,26,29,31,33,35,39,40,42,45,48,48,50,52,51,53,53,56,56,57,56,57,58,60,63,61,63,61
20260729_152303_3a4d7f,1785334993328468,1628512083,0,0,0,-52,128,0,17,17,17,17,16,16,16,15,15,15,15,14,15,15,15,15,15,14,14,14,13,13,13,12,12,11,0,0,0,0,0,0,0,0,0,0,0,8,9,10,10,11,12,13,13,13,14,14,14,15,15,15,15,16,16,16,16,17,17,17,17,18,18,0,32,32,32,31,31,30,29,28,28,28,27,28,27,27,26,27,27,26,26,25,25,24,22,22,21,21,19,19,0,0,0,0,0,0,0,13,15,16,17,18,19,21,22,23,24,24,25,25,26,27,27,27,29,30,29,30,31,31,31,31,32,32,33
20260729_152303_3a4d7f,1785334993428932,1628611748,0,0,0,-52,128,0,17,17,17,17,16,16,15,15,15,15,14,14,15,14,14,14,14,14,13,13,13,13,12,12,12,11,0,0,0,0,0,0,0,0,0,0,0,8,9,10,10,11,12,13,13,13,14,14,14,15,15,15,15,15,16,16,16,16,17,17,17,17,18,0,32,31,31,31,30,29,28,28,27,28,27,26,26,26,26,26,27,25,25,24,24,23,22,21,21,19,19,19,0,0,0,0,0,0,0,13,15,16,17,18,19,20,22,22,23,24,25,26,27,27,27,27,28,29,29,29,30,30,31,31,32,32,33
20260729_152303_3a4d7f,1785334993529841,1628713276,0,0,0,-52,128,0,15,15,15,15,15,14,14,13,14,14,14,13,13,13,13,13,12,13,13,12,11,11,11,10,10,10,0,0,0,0,0,0,0,0,0,0,0,8,9,9,9,10,11,11,12,13,13,13,14,13,13,14,14,14,14,15,15,15,15,15,16,16,16,0,30,30,30,28,28,28,28,27,26,26,26,27,25,25,25,26,25,25,25,23,22,22,22,21,20,19,18,18,0,0,0,0,0,0,0,13,14,16,17,17,19,20,21,22,24,25,24,25,26,27,27,27,27,28,28,29,30,30,31,30,31,32,31
20260729_152303_3a4d7f,1785334993630373,1628811873,0,0,0,-52,128,0,16,16,16,16,15,15,15,15,14,13,13,14,13,13,13,13,13,13,13,12,12,12,11,11,10,10,0,0,0,0,0,0,0,0,0,0,0,8,8,9,10,10,11,11,12,12,13,13,14,14,14,15,15,15,15,16,16,16,16,16,16,17,16,0,31,29,30,30,27,27,27,25,26,26,25,25,25,25,24,25,24,23,23,23,22,22,21,20,20,19,18,18,0,0,0,0,0,0,0,12,14,15,16,17,18,20,20,21,22,24,24,24,25,26,27,27,27,28,27,28,29,31,30,29,30,31,30
20260729_152303_3a4d7f,1785334993729299,1628911888,0,0,0,-51,128,0,17,17,17,16,16,16,16,16,15,15,15,14,14,14,14,14,14,13,14,12,13,13,13,12,12,11,0,0,0,0,0,0,0,0,0,0,0,9,9,10,11,12,12,13,13,13,14,14,14,15,15,15,16,16,16,16,16,16,17,17,18,18,17,0,62,64,60,62,57,58,56,57,54,57,52,52,53,50,53,51,50,51,47,51,50,47,43,46,40,39,40,37,0,0,0,0,0,0,0,28,30,32,33,37,39,44,42,46,48,49,52,52,53,55,55,54,57,56,59,58,61,62,63,63,64,64,62
20260729_152303_3a4d7f,1785334993827877,1629011468,0,0,0,-51,128,0,16,16,16,16,16,15,15,14,14,14,14,13,13,13,13,13,13,13,12,11,13,11,11,10,10,10,0,0,0,0,0,0,0,0,0,0,0,7,8,9,10,10,11,12,12,12,13,13,14,14,14,14,14,15,15,15,15,16,16,17,17,17,17,0,32,31,29,30,29,28,28,27,27,27,28,25,25,25,25,25,24,25,23,24,24,21,21,19,19,18,16,17,0,0,0,0,0,0,0,13,13,14,16,18,19,20,21,21,23,24,25,26,26,26,26,27,28,28,28,29,29,29,31,31,30,31,31
20260729_152303_3a4d7f,1785334993933433,1629112084,0,0,0,-52,128,0,16,16,15,15,15,14,14,14,13,14,14,14,13,13,13,13,13,13,12,12,12,11,11,11,10,10,0,0,0,0,0,0,0,0,0,0,0,8,9,9,10,11,11,12,12,13,12,13,13,13,14,14,14,14,14,15,15,15,16,15,16,16,16,0,30,30,30,29,29,28,27,27,26,27,26,26,25,25,26,26,25,25,24,23,23,22,21,19,19,19,17,17,0,0,0,0,0,0,0,13,14,15,17,17,19,21,22,22,23,25,25,24,26,26,26,27,26,28,27,29,29,29,30,30,31,32,31
20260729_152303_3a4d7f,1785334994032236,1629211776,0,0,0,-52,128,0,16,16,16,16,15,14,14,14,14,14,13,13,14,14,13,13,13,13,13,12,12,11,11,10,10,10,0,0,0,0,0,0,0,0,0,0,0,8,8,9,10,10,11,11,12,12,13,13,13,14,14,14,14,14,14,14,16,16,16,16,16,16,16,0,30,30,30,29,30,29,28,27,27,26,26,26,26,25,25,25,25,25,25,23,23,22,21,20,20,19,18,18,0,0,0,0,0,0,0,13,13,15,16,17,19,20,21,22,23,23,25,25,26,26,27,27,27,28,29,29,29,30,30,30,31,31,31
20260729_152303_3a4d7f,1785334994131802,1629311513,0,0,0,-52,128,0,16,16,16,15,15,15,14,14,14,14,13,13,13,13,13,13,13,12,12,12,11,11,11,10,10,9,0,0,0,0,0,0,0,0,0,0,0,7,8,9,9,10,11,11,12,12,13,13,13,13,14,14,14,14,15,15,15,15,16,16,16,16,16,0,31,30,30,29,29,29,29,27,25,26,26,26,25,25,25,25,24,25,24,23,23,21,20,20,19,19,17,17,0,0,0,0,0,0,0,12,14,14,16,17,19,19,21,22,23,23,24,25,26,27,27,27,27,29,28,30,30,30,30,30,31,32,32
20260729_152303_3a4d7f,1785334994228200,1629411376,0,0,0,-52,128,0,15,15,15,16,15,15,15,14,14,14,13,13,13,13,13,13,13,13,13,13,12,12,12,10,10,9,0,0,0,0,0,0,0,0,0,0,0,8,8,9,10,11,11,11,12,13,13,13,14,14,14,15,15,15,15,15,16,16,16,16,16,16,16,0,31,29,29,29,28,28,27,27,26,26,25,24,25,25,25,25,25,24,24,23,23,21,21,20,19,19,17,17,0,0,0,0,0,0,0,13,14,16,16,17,19,20,21,22,22,24,25,25,25,26,26,28,28,28,27,29,30,30,31,31,30,31,31
20260729_152303_3a4d7f,1785334994332177,1629511631,0,0,0,-51,128,0,16,16,15,15,15,15,15,15,14,13,13,13,13,13,13,13,13,13,13,12,12,11,11,10,10,10,0,0,0,0,0,0,0,0,0,0,0,8,8,9,9,10,11,11,12,12,12,13,14,14,14,14,15,14,15,15,16,16,16,16,16,16,16,0,62,62,61,60,57,59,56,55,52,54,53,52,52,51,50,50,50,49,48,47,46,43,42,41,40,38,37,35,0,0,0,0,0,0,0,26,28,29,32,35,37,39,41,44,47,48,50,50,52,53,53,54,55,55,56,59,60,60,60,61,64,63,62
20260729_152303_3a4d7f,1785334994431267,1629611483,0,0,0,-52,128,0,17,17,16,16,14,15,14,14,14,14,14,14,14,13,13,13,13,12,12,12,11,11,11,10,10,9,0,0,0,0,0,0,0,0,0,0,0,8,8,9,9,10,10,11,12,13,13,14,14,14,14,14,15,14,16,15,16,16,17,17,17,17,17,0,62,61,61,60,58,58,55,54,53,53,54,52,50,49,51,49,49,49,47,47,46,43,42,40,38,37,35,34,0,0,0,0,0,0,0,26,28,30,32,36,38,39,43,45,47,50,51,53,53,54,53,54,55,56,59,59,60,60,61,63,63,64,63
20260729_152303_3a4d7f,1785334994529715,1629711645,0,0,0,-51,128,0,17,17,17,16,16,16,16,15,15,14,14,14,14,14,14,14,13,13,13,13,13,12,11,11,11,10,0,0,0,0,0,0,0,0,0,0,0,8,9,9,11,11,11,12,13,13,14,14,14,15,15,14,15,16,16,16,16,17,17,17,17,17,17,0,64,63,62,59,59,57,56,55,55,54,54,53,53,53,52,52,51,50,49,48,46,45,43,42,40,39,35,36,0,0,0,0,0,0,0,27,29,29,35,34,39,42,44,45,47,50,50,52,53,55,56,56,56,57,58,60,61,61,64,63,63,64,64
20260729_152303_3a4d7f,1785334994629274,1629811810,0,0,0,-51,128,0,17,17,16,16,16,15,15,15,14,14,14,14,14,13,13,13,13,13,13,13,12,12,11,11,11,10,0,0,0,0,0,0,0,0,0,0,0,9,9,9,10,10,11,12,12,12,13,14,14,14,14,14,15,15,15,16,16,16,16,16,17,17,17,0,63,61,62,60,60,58,57,54,54,53,53,53,52,52,50,51,50,50,49,48,47,45,43,42,40,40,37,36,0,0,0,0,0,0,0,27,29,31,34,35,38,40,44,45,47,49,50,51,52,54,54,55,56,57,56,60,61,61,61,61,63,64,64
20260729_152303_3a4d7f,1785334994732879,1629911744,0,0,0,-51,128,0,17,18,17,17,16,16,16,16,15,15,15,15,15,15,15,14,15,14,14,12,12,12,13,11,11,10,0,0,0,0,0,0,0,0,0,0,0,9,9,10,10,11,12,12,13,14,14,14,14,15,15,15,15,15,17,17,17,17,17,18,18,18,17,0,62,64,62,60,59,59,56,56,55,56,52,53,54,53,51,52,52,48,49,51,49,48,43,42,39,39,38,35,0,0,0,0,0,0,0,27,30,31,32,36,37,41,43,44,48,49,50,52,52,55,56,57,57,56,57,58,60,61,62,64,64,65,63
20260729_152303_3a4d7f,1785334994831846,1630012174,0,0,0,-51,128,0,16,15,15,15,15,14,14,13,13,13,13,13,13,13,13,13,12,12,12,12,12,11,11,10,9,9,0,0,0,0,0,0,0,0,0,0,0,8,9,8,9,9,10,11,11,12,12,13,13,13,13,13,14,14,14,15,15,15,15,16,16,16,16,0,29,29,28,28,27,27,25,26,25,25,25,24,24,23,24,24,23,22,23,20,21,20,21,18,19,18,15,16,0,0,0,0,0,0,0,9,12,14,15,16,17,19,20,19,23,21,25,25,25,25,26,25,25,26,27,27,27,28,29,29,28,29,28
20260729_152303_3a4d7f,1785334994934369,1630113911,0,0,0,-51,128,0,16,16,16,16,15,15,15,14,14,15,14,14,13,13,14,13,14,13,13,13,13,11,11,11,11,10,0,0,0,0,0,0,0,0,0,0,0,8,9,10,9,11,11,12,12,13,14,14,14,14,14,14,15,14,15,15,15,16,17,17,17,16,17,0,61,64,60,61,59,59,57,56,54,54,54,52,51,51,52,50,52,50,50,48,47,45,44,42,40,37,38,37,0,0,0,0,0,0,0,25,29,30,32,35,37,40,42,46,47,47,50,52,51,53,54,52,57,56,57,57,61,61,61,62,64,63,63
20260729_152303_3a4d7f,1785334995030146,1630212965,0,0,0,-52,128,0,16,16,16,16,15,15,15,14,14,14,13,13,13,13,13,13,13,13,13,12,12,12,11,10,10,10,0,0,0,0,0,0,0,0,0,0,0,8,8,9,9,10,11,12,12,13,12,13,13,14,14,14,14,14,15,15,15,15,16,16,16,16,17,0,31,31,30,29,28,28,28,28,27,27,26,27,26,26,26,26,26,25,25,24,23,22,22,21,20,19,18,19,0,0,0,0,0,0,0,13,13,15,16,17,19,19,20,22,22,24,24,25,26,27,27,27,27,28,29,28,30,30,31,31,31,31,32
20260729_152303_3a4d7f,1785334995129112,1630311789,0,0,0,-51,128,0,18,18,17,17,16,16,16,15,15,15,15,14,15,15,14,15,14,14,14,13,13,13,12,12,12,11,0,0,0,0,0,0,0,0,0,0,0,8,9,10,11,12,12,13,13,13,14,14,14,15,15,15,16,16,16,16,16,17,17,17,17,18,18,0,32,32,31,31,30,30,29,28,28,28,28,27,26,26,27,26,26,26,26,25,23,23,22,21,21,21,19,19,0,0,0,0,0,0,0,14,15,16,17,18,19,20,22,23,24,24,25,26,27,27,27,28,29,30,29,30,30,30,31,31,32,32,33
20260729_152303_3a4d7f,1785334995230641,1630412482,0,0,0,-51,128,0,16,17,16,16,16,15,15,15,15,15,15,14,14,14,14,14,14,14,14,13,13,12,12,11,11,11,0,0,0,0,0,0,0,0,0,0,0,9,9,10,10,11,12,12,13,13,14,14,14,14,14,15,15,15,15,15,16,16,16,17,17,17,17,0,33,32,31,31,29,30,28,28,28,28,27,26,26,27,27,26,26,26,25,25,24,23,23,21,21,20,19,18,0,0,0,0,0,0,0,14,14,15,17,18,19,21,22,23,24,25,25,26,26,27,27,28,29,29,29,30,30,31,31,32,31,32,33
20260729_152303_3a4d7f,1785334995335215,1630515952,0,0,0,-52,128,0,16,16,16,15,15,15,14,14,13,14,14,13,13,13,13,13,13,12,12,12,11,11,11,10,10,10,0,0,0,0,0,0,0,0,0,0,0,7,8,9,9,11,11,11,12,12,13,12,13,13,14,14,14,14,14,15,15,15,15,16,16,16,16,0,62,60,60,60,59,56,56,54,54,52,52,51,51,51,50,50,50,47,48,46,46,43,42,40,40,39,35,35,0,0,0,0,0,0,0,26,28,30,33,35,38,40,41,45,46,49,49,49,50,53,53,55,56,56,58,59,60,60,61,61,62,63,62
20260729_152303_3a4d7f,1785334995430942,1630614101,0,0,0,-52,128,0,16,16,15,15,15,14,14,14,14,14,14,13,13,13,13,13,13,13,12,12,11,11,11,10,10,9,0,0,0,0,0,0,0,0,0,0,0,7,8,9,9,10,10,11,11,13,12,13,13,13,14,14,14,14,15,14,15,15,15,16,16,16,16,0,60,61,59,59,57,59,55,54,53,55,52,51,50,50,50,49,49,48,48,47,45,43,43,40,38,38,36,35,0,0,0,0,0,0,0,26,28,28,32,34,37,40,42,44,45,47,50,50,51,52,53,53,55,54,57,57,58,60,60,62,62,62,62
20260729_152303_3a4d7f,1785334995530726,1630711877,0,0,0,-52,128,0,16,15,15,15,15,15,14,14,14,14,14,13,13,13,13,13,13,12,12,12,11,11,11,10,10,9,0,0,0,0,0,0,0,0,0,0,0,7,8,8,9,10,11,11,11,12,12,13,13,14,14,14,14,14,15,15,15,15,16,16,16,16,16,0,62,62,61,59,59,58,56,55,53,52,51,52,51,51,50,51,49,48,47,46,45,43,41,39,39,37,35,34,0,0,0,0,0,0,0,26,28,29,32,35,37,40,41,43,46,48,50,50,51,52,53,54,54,56,56,59,59,61,61,61,62,63,63
20260729_152303_3a4d7f,1785334995630019,1630811368,0,0,0,-52,128,0,17,17,17,16,16,16,15,15,15,15,15,14,14,14,14,14,14,13,13,13,13,12,12,11,11,11,0,0,0,0,0,0,0,0,0,0,0,9,9,9,10,11,11,12,13,13,13,14,14,15,14,15,15,15,16,16,16,16,17,17,17,17,17,0,31,31,30,31,29,29,28,28,28,28,27,27,26,26,26,26,26,25,25,25,23,23,22,21,21,19,19,18,0,0,0,0,0,0,0,13,15,16,16,17,19,21,21,23,24,24,25,26,26,27,27,27,29,28,29,29,30,30,31,32,32,32,32
20260729_152303_3a4d7f,1785334995729592,1630911589,0,0,0,-52,128,0,16,16,16,16,16,15,15,14,14,14,13,13,13,13,13,13,13,13,12,12,12,12,11,11,10,10,0,0,0,0,0,0,0,0,0,0,0,8,8,9,10,10,11,12,13,12,13,13,13,14,14,14,14,14,15,15,16,16,16,16,16,17,17,0,31,31,31,30,30,30,28,27,28,27,27,26,25,26,26,26,25,25,25,23,23,23,21,21,20,20,17,18,0,0,0,0,0,0,0,13,14,15,16,17,19,20,21,23,23,24,25,26,26,27,27,27,28,28,28,30,30,30,30,31,31,32,32
20260729_152303_3a4d7f,1785334995829170,1631011651,0,0,0,-52,128,0,17,17,17,16,16,16,16,16,15,16,15,15,14,14,14,14,14,14,14,14,14,12,12,11,11,11,0,0,0,0,0,0,0,0,0,0,0,9,9,10,11,11,11,13,13,13,14,14,15,15,15,15,16,16,16,16,16,17,17,17,17,17,17,0,63,64,63,59,59,58,57,56,55,54,53,53,52,53,50,51,51,51,49,48,47,45,42,42,40,41,36,36,0,0,0,0,0,0,0,28,30,32,34,36,39,41,44,45,47,50,50,52,52,55,56,56,56,58,58,60,61,62,63,61,64,63,63
20260729_152303_3a4d7f,1785334995930369,1631111785,0,0,0,-51,128,0,17,17,17,17,16,16,16,16,16,15,15,14,14,15,14,14,14,14,13,13,13,13,12,11,11,11,0,0,0,0,0,0,0,0,0,0,0,9,9,10,11,11,12,12,13,13,14,14,14,16,15,15,16,16,16,16,16,16,18,17,18,18,17,0,64,64,62,60,59,59,57,56,55,56,54,54,52,52,52,52,51,50,50,48,47,45,44,43,41,39,38,36,0,0,0,0,0,0,0,26,30,31,33,37,39,41,44,45,47,50,51,53,53,54,56,56,57,58,59,60,61,62,64,62,64,65,64
20260729_152303_3a4d7f,1785334996032432,1631212010,0,0,0,-52,128,0,16,16,16,15,14,14,14,14,14,13,13,13,13,13,13,13,13,12,12,12,11,11,11,10,10,9,0,0,0,0,0,0,0,0,0,0,0,7,8,9,9,10,11,11,11,12,12,13,13,14,14,14,14,14,14,14,15,15,16,16,16,16,16,0,62,60,59,58,57,57,55,54,53,52,53,51,51,50,49,49,49,49,47,47,45,44,42,40,39,37,35,35,0,0,0,0,0,0,0,26,28,28,31,34,38,39,42,45,46,47,49,51,51,52,54,55,54,57,56,58,60,61,61,61,62,63,62
20260729_152303_3a4d7f,1785334996128015,1631311452,0,0,0,-52,128,0,17,17,17,16,16,16,15,15,15,14,14,13,13,14,13,13,13,13,13,13,13,11,11,11,10,10,0,0,0,0,0,0,0,0,0,0,0,8,8,9,9,11,11,12,13,13,13,14,14,14,14,14,15,15,15,16,16,16,16,16,17,17,17,0,62,60,61,59,59,57,56,55,54,54,53,51,49,50,52,51,49,49,49,47,46,44,43,42,40,39,36,35,0,0,0,0,0,0,0,25,28,29,32,35,36,40,41,45,46,48,49,51,51,53,53,54,55,57,57,57,60,59,62,61,62,63,64
20260729_152303_3a4d7f,1785334996234168,1631413620,0,0,0,-51,128,0,17,17,17,16,16,16,16,15,14,14,14,14,14,14,14,14,13,13,13,13,13,11,11,11,11,10,0,0,0,0,0,0,0,0,0,0,0,8,9,9,10,11,11,12,12,13,13,14,14,15,15,15,15,15,15,16,16,17,17,17,17,17,17,0,64,62,62,60,59,57,56,57,55,55,54,52,53,51,51,52,50,50,49,47,47,44,43,42,39,38,37,36,0,0,0,0,0,0,0,26,28,31,33,35,38,39,43,45,47,49,50,51,52,53,53,55,55,57,56,59,59,62,62,62,62,64,63
20260729_152303_3a4d7f,1785334996328217,1631511860,0,0,0,-52,128,0,17,17,17,17,16,16,15,15,15,14,14,14,15,14,14,14,13,13,13,13,13,13,12,11,11,11,0,0,0,0,0,0,0,0,0,0,0,9,9,10,11,11,12,13,13,13,14,14,14,15,15,15,15,16,16,16,16,17,17,17,17,17,18,0,64,63,63,61,58,59,56,56,55,54,55,54,52,52,53,50,50,50,49,47,47,45,44,41,40,40,38,36,0,0,0,0,0,0,0,27,29,31,33,36,39,43,44,46,47,50,52,52,52,52,54,54,58,56,58,60,59,60,61,64,61,64,64
20260729_152303_3a4d7f,1785334996428988,1631611829,0,0,0,-52,128,0,17,16,16,16,16,15,15,15,15,15,15,14,14,14,14,14,14,14,13,13,13,12,12,11,11,11,0,0,0,0,0,0,0,0,0,0,0,8,9,10,11,11,12,12,13,13,14,14,14,14,14,15,15,16,15,16,16,16,16,16,17,17,17,0,32,32,31,32,30,29,28,28,28,28,28,26,26,26,27,26,26,25,25,24,24,23,22,21,20,20,19,18,0,0,0,0,0,0,0,14,15,16,17,18,19,21,22,23,24,25,25,26,27,27,27,27,28,28,29,29,30,30,31,32,33,32,33
20260729_152303_3a4d7f,1785334996527634,1631711776,0,0,0,-52,128,0,16,16,16,16,15,15,14,14,14,14,13,13,13,13,13,13,13,13,13,13,12,12,11,11,11,10,0,0,0,0,0,0,0,0,0,0,0,7,8,8,9,11,11,11,13,13,13,13,14,14,14,14,14,14,15,15,16,16,16,17,17,17,16,0,63,61,59,59,56,58,55,54,54,55,55,51,52,49,52,51,51,48,48,47,46,44,42,42,40,38,37,35,0,0,0,0,0,0,0,25,27,30,31,35,36,40,40,44,46,47,48,51,51,52,53,51,56,56,57,59,59,59,61,62,62,62,62
20260729_152303_3a4d7f,1785334996632777,1631812062,0,0,0,-52,128,0,16,16,15,15,14,14,14,14,14,14,13,13,13,13,13,13,13,13,12,12,11,11,11,11,9,10,0,0,0,0,0,0,0,0,0,0,0,7,8,9,9,10,10,11,11,12,13,12,13,14,14,14,14,14,14,14,15,15,17,16,16,17,17,0,62,61,61,61,59,57,57,53,53,54,52,52,52,49,51,50,50,49,48,45,45,43,43,43,38,38,36,35,0,0,0,0,0,0,0,25,28,29,31,35,37,39,41,43,45,47,49,50,51,51,53,54,55,57,55,59,59,59,61,62,61,62,61
20260729_152303_3a4d7f,1785334996732686,1631911398,0,0,0,-52,128,0,16,16,16,15,15,14,14,14,13,14,13,13,13,13,13,13,13,13,12,12,12,11,11,10,10,10,0,0,0,0,0,0,0,0,0,0,0,8,9,9,9,10,11,11,12,12,13,13,13,14,14,14,14,14,15,15,15,16,16,16,16,16,16,0,29,30,29,30,28,28,28,27,26,27,26,26,25,25,26,24,25,24,24,23,23,21,21,20,19,18,18,17,0,0,0,0,0,0,0,13,14,15,16,17,18,20,20,22,23,23,25,25,26,26,26,25,28,27,28,28,29,30,30,31,31,32,31
20260729_152303_3a4d7f,1785334996850339,1632033389,0,0,0,-52,128,0,17,16,16,16,15,14,14,14,14,14,13,13,13,13,13,13,13,13,13,12,12,12,11,11,10,10,0,0,0,0,0,0,0,0,0,0,0,8,8,9,9,10,10,12,12,12,13,13,13,14,14,14,15,15,15,15,15,15,15,17,17,17,17,0,61,61,60,59,57,58,54,52,52,53,52,51,50,50,50,51,50,49,48,47,46,44,43,41,39,37,36,36,0,0,0,0,0,0,0,25,27,30,32,35,36,40,42,45,45,48,49,51,51,51,53,52,55,56,56,58,59,61,60,62,62,62,61
20260729_152303_3a4d7f,1785334996933107,1632111918,0,0,0,-52,128,0,17,17,17,16,17,16,16,16,16,15,15,15,15,15,15,15,15,15,13,13,14,12,13,12,10,10,0,0,0,0,0,0,0,0,0,0,0,9,10,10,11,11,13,13,13,13,14,14,15,15,16,16,16,16,16,16,17,17,17,17,17,17,17,0,62,62,61,60,58,57,57,53,54,55,56,53,53,53,51,50,51,50,48,51,50,43,46,41,41,39,35,36,0,0,0,0,0,0,0,27,29,31,33,36,39,41,42,46,47,48,51,51,52,54,55,55,56,57,57,59,60,62,61,61,63,63,62
20260729_152303_3a4d7f,1785334997034027,1632213136,0,0,0,-52,128,0,17,17,17,16,16,16,16,16,15,15,15,14,14,15,13,13,14,14,13,13,13,12,12,11,11,11,0,0,0,0,0,0,0,0,0,0,0,9,9,9,11,11,11,12,13,13,13,15,14,15,15,16,16,16,16,16,16,16,17,16,17,18,17,0,62,63,60,59,59,59,56,56,54,54,54,53,52,52,51,52,51,50,49,47,47,45,44,42,40,39,36,36,0,0,0,0,0,0,0,27,29,31,32,36,40,42,42,46,47,49,51,52,52,53,54,55,55,57,59,59,60,60,63,62,63,64,62
20260729_152303_3a4d7f,1785334997135528,1632314168,0,0,0,-52,128,0,16,17,17,16,16,16,16,15,15,15,15,15,14,14,14,14,14,13,13,13,13,12,12,11,11,10,0,0,0,0,0,0,0,0,0,0,0,9,9,10,10,11,11,12,12,14,14,14,15,15,15,15,15,15,16,16,16,17,17,17,17,17,17,0,63,63,63,59,61,59,57,56,53,54,54,53,52,52,50,52,49,50,49,47,46,44,44,41,40,39,37,36,0,0,0,0,0,0,0,26,29,30,33,36,40,41,43,46,47,49,50,52,53,55,54,57,55,57,57,59,60,61,62,60,63,64,61
20260729_152303_3a4d7f,1785334997230513,1632412223,0,0,0,-52,128,0,17,17,17,16,16,16,15,15,15,15,14,14,14,14,14,14,13,13,13,13,12,12,12,11,11,11,0,0,0,0,0,0,0,0,0,0,0,9,9,9,10,11,12,12,13,13,14,14,14,15,15,15,15,15,16,16,16,16,17,17,17,17,17,0,31,31,31,29,30,29,28,28,27,27,27,27,26,26,25,26,25,25,25,23,24,22,21,21,20,20,18,19,0,0,0,0,0,0,0,13,15,16,17,18,20,21,22,23,24,24,25,25,26,27,27,28,27,29,28,30,30,31,31,30,31,31,31
20260729_152303_3a4d7f,1785334997330239,1632514621,0,0,0,-52,128,0,16,16,15,15,14,14,14,14,13,13,13,13,12,13,13,13,13,13,13,12,12,11,10,10,9,9,0,0,0,0,0,0,0,0,0,0,0,7,8,9,9,10,11,12,12,12,13,13,13,14,13,14,14,14,15,15,15,15,16,16,16,17,16,0,31,30,30,30,28,28,27,27,26,26,26,25,25,25,25,25,24,24,23,23,22,22,21,20,19,19,17,17,0,0,0,0,0,0,0,13,14,14,16,17,18,19,21,22,24,25,24,25,26,26,27,26,27,28,28,29,29,29,30,31,31,31,31
20260729_152303_3a4d7f,1785334997429306,1632611539,0,0,0,-52,128,0,17,18,17,17,16,16,15,15,15,15,14,14,14,14,14,14,14,14,13,13,13,12,12,12,11,11,0,0,0,0,0,0,0,0,0,0,0,8,9,10,11,11,12,12,13,13,14,14,14,15,15,16,16,16,16,16,16,16,17,16,18,18,17,0,32,32,31,30,30,29,29,29,27,27,27,27,27,26,26,26,26,25,25,24,24,23,22,21,21,19,19,18,0,0,0,0,0,0,0,13,15,15,17,18,19,20,21,23,24,25,25,26,27,27,28,28,29,29,29,30,31,31,31,31,32,32,32
20260729_152303_3a4d7f,1785334997530508,1632711844,0,0,0,-51,128,0,16,16,16,15,15,14,14,14,14,13,13,13,13,13,13,13,13,13,12,12,12,11,11,11,10,10,0,0,0,0,0,0,0,0,0,0,0,7,8,9,9,10,11,11,12,13,13,13,13,14,14,14,14,14,15,15,15,15,16,16,16,16,16,0,63,61,60,59,59,57,56,54,53,52,54,51,52,51,50,50,50,51,48,47,45,44,42,41,39,38,37,36,0,0,0,0,0,0,0,25,27,30,33,35,38,39,42,43,47,47,49,50,51,53,54,55,53,57,55,59,59,58,61,60,63,63,62
20260729_152303_3a4d7f,1785334997653947,1632835253,0,0,0,-52,128,0,16,16,16,15,15,15,15,14,15,14,14,14,14,14,13,13,13,13,13,12,12,12,11,11,11,10,0,0,0,0,0,0,0,0,0,0,0,8,9,9,10,11,11,12,13,13,14,13,13,14,14,14,14,15,15,15,15,16,16,16,16,17,16,0,32,31,31,30,30,29,29,28,27,27,27,27,26,26,25,25,25,24,24,24,23,22,21,21,20,20,18,18,0,0,0,0,0,0,0,13,14,16,17,17,19,21,22,23,23,25,26,26,27,27,28,28,28,28,29,30,31,31,32,31,32,32,32
20260729_152303_3a4d7f,1785334997759201,1632942065,0,0,0,-52,128,0,17,17,17,16,16,16,16,16,15,15,15,14,14,15,13,15,14,14,13,13,13,13,12,12,11,11,0,0,0,0,0,0,0,0,0,0,0,9,9,10,11,11,11,13,13,13,13,14,14,14,15,16,16,16,16,16,16,16,17,16,18,18,17,0,63,63,61,59,59,60,57,56,54,54,54,52,53,52,52,53,51,50,49,48,47,45,44,43,41,39,38,35,0,0,0,0,0,0,0,27,30,31,34,36,39,41,43,46,48,50,50,52,52,54,54,55,56,58,58,60,60,61,62,62,64,61,64
20260729_152303_3a4d7f,1785334997828109,1633011559,0,0,0,-51,128,0,17,17,17,16,16,16,16,16,16,16,15,15,15,14,14,14,15,14,14,14,14,13,13,11,11,11,0,0,0,0,0,0,0,0,0,0,0,9,9,10,11,11,11,13,13,13,14,14,15,15,15,15,15,16,16,16,16,16,17,17,17,17,17,0,64,65,61,60,58,59,57,54,56,56,53,53,55,53,52,51,52,50,48,49,47,48,45,42,39,41,37,35,0,0,0,0,0,0,0,27,30,31,33,37,38,41,41,45,47,50,50,51,53,54,55,55,58,55,58,59,59,61,62,63,62,63,64
20260729_152303_3a4d7f,1785334997928441,1633112179,0,0,0,-52,128,0,17,17,16,16,16,16,16,15,15,15,15,15,15,14,14,14,14,13,13,13,12,12,12,11,11,11,0,0,0,0,0,0,0,0,0,0,0,9,9,10,10,11,11,12,13,13,14,14,15,15,15,15,16,16,16,16,17,17,17,16,17,17,17,0,63,64,63,60,60,60,57,56,54,55,54,53,53,54,51,51,53,51,54,49,47,48,44,43,41,39,37,36,0,0,0,0,0,0,0,27,29,29,32,35,38,40,43,45,45,49,51,50,52,54,55,56,56,58,57,60,61,62,62,61,64,65,62
20260729_152303_3a4d7f,1785334998029129,1633211586,0,0,0,-51,128,0,18,16,16,16,16,16,15,15,15,14,15,14,14,14,14,14,14,14,14,13,13,12,12,11,11,11,0,0,0,0,0,0,0,0,0,0,0,8,9,10,11,11,12,12,13,13,13,14,14,14,15,15,15,16,16,16,16,16,16,16,16,17,18,0,31,31,31,30,29,29,29,28,27,28,28,25,26,26,26,26,25,26,26,25,24,22,24,22,19,18,18,19,0,0,0,0,0,0,0,14,15,15,17,18,19,21,22,23,23,24,26,26,26,27,27,28,29,29,29,30,30,30,30,32,32,31,33
20260729_152303_3a4d7f,1785334998129475,1633312018,0,0,0,-52,128,0,17,17,16,16,16,16,16,16,15,15,15,14,14,14,14,14,14,13,13,13,13,13,12,11,11,11,0,0,0,0,0,0,0,0,0,0,0,9,9,10,10,11,12,12,13,14,14,15,15,15,15,15,16,16,16,16,16,16,16,17,17,17,17,0,31,31,32,31,31,30,28,28,27,28,28,27,26,26,26,26,26,26,25,24,24,23,22,22,21,21,19,19,0,0,0,0,0,0,0,14,15,15,17,18,20,21,22,23,24,24,25,26,26,27,27,28,28,29,29,31,30,31,31,31,33,32,33
20260729_152303_3a4d7f,1785334998229071,1633411696,0,0,0,-52,128,0,16,16,16,16,15,15,15,14,14,14,14,14,13,13,13,13,13,13,13,12,12,12,11,11,11,10,0,0,0,0,0,0,0,0,0,0,0,7,9,9,10,10,11,11,13,13,13,13,14,14,14,14,14,15,15,15,16,16,16,16,16,16,16,0,63,62,60,60,58,57,56,55,54,54,53,52,51,51,51,50,50,50,48,48,46,44,42,41,40,38,36,35,0,0,0,0,0,0,0,25,27,31,33,35,36,39,42,44,47,48,49,52,52,52,54,54,56,57,58,59,60,61,62,61,63,61,61
20260729_152303_3a4d7f,1785334998329695,1633511609,0,0,0,-52,128,0,16,16,16,16,15,15,14,14,13,13,13,13,13,13,13,13,13,12,12,12,12,11,11,10,10,9,0,0,0,0,0,0,0,0,0,0,0,7,8,9,9,10,11,11,12,12,13,13,13,13,13,14,14,14,14,15,15,16,16,16,16,16,16,0,31,31,30,30,29,28,28,27,26,26,26,25,25,25,26,25,25,24,24,23,22,21,21,21,19,18,18,17,0,0,0,0,0,0,0,13,14,16,15,17,19,20,20,22,22,24,24,25,25,25,26,26,27,27,28,29,29,30,31,31,32,32,31
20260729_152303_3a4d7f,1785334998429849,1633612242,0,0,0,-52,128,0,17,16,16,16,15,15,15,14,14,14,13,13,13,13,13,13,13,13,12,12,12,11,11,10,10,10,0,0,0,0,0,0,0,0,0,0,0,7,8,9,9,10,10,11,12,12,13,13,13,13,13,13,14,15,15,16,16,16,16,16,16,16,16,0,32,30,30,29,29,28,27,27,27,28,26,25,25,25,25,25,24,25,24,23,23,22,20,20,20,18,18,17,0,0,0,0,0,0,0,12,13,15,16,16,19,19,21,21,23,24,25,25,26,26,27,27,27,28,28,29,28,29,30,30,31,31,32
20260729_152303_3a4d7f,1785334998530754,1633711493,0,0,0,-52,128,0,17,17,16,16,16,16,16,16,15,15,15,14,14,14,14,14,14,13,13,13,13,12,12,12,11,11,0,0,0,0,0,0,0,0,0,0,0,9,9,10,11,12,11,12,13,14,14,14,15,15,15,15,16,16,16,16,16,16,16,16,18,18,17,0,32,31,32,29,30,29,29,28,28,27,28,27,27,27,26,26,25,25,25,24,23,23,22,21,21,20,19,19,0,0,0,0,0,0,0,13,15,16,17,18,19,20,22,22,23,24,25,26,27,27,28,28,28,30,29,30,30,31,31,31,32,32,34
20260729_152303_3a4d7f,1785334998630621,1633811771,0,0,0,-52,128,0,16,16,16,16,15,15,14,14,14,14,14,13,13,13,13,13,12,12,12,12,11,11,10,10,10,9,0,0,0,0,0,0,0,0,0,0,0,8,9,9,9,10,10,11,12,12,13,13,13,13,14,14,14,15,15,15,15,15,16,16,16,16,17,0,32,30,29,30,28,28,28,27,27,26,26,25,25,25,25,25,25,24,24,23,22,22,21,20,19,18,17,17,0,0,0,0,0,0,0,13,13,14,16,17,18,20,21,22,23,24,24,25,25,26,27,26,27,28,28,29,29,30,30,31,31,31,31
20260729_152303_3a4d7f,1785334998729076,1633911707,0,0,0,-52,128,0,18,18,18,17,17,17,16,15,15,15,15,15,15,15,15,14,14,14,13,13,13,12,12,12,11,11,0,0,0,0,0,0,0,0,0,0,0,9,9,10,11,11,12,12,14,14,14,15,15,15,15,15,15,16,17,17,17,17,17,17,18,18,18,0,64,64,62,61,59,59,56,56,53,54,54,52,53,52,52,51,51,50,50,47,47,45,45,42,40,38,37,36,0,0,0,0,0,0,0,27,28,30,32,36,38,40,43,45,47,48,53,51,51,55,54,56,56,56,58,59,60,61,62,63,65,64,63
20260729_152303_3a4d7f,1785334998828711,1634011257,0,0,0,-52,128,0,16,17,16,16,16,15,15,15,14,14,15,13,14,14,14,14,14,14,14,12,12,12,12,11,11,9,0,0,0,0,0,0,0,0,0,0,0,8,9,9,10,11,11,12,13,13,13,14,14,14,14,15,15,15,15,16,16,16,16,17,17,17,17,0,64,61,61,60,60,58,57,54,53,54,54,52,52,52,50,51,50,51,49,48,45,44,42,42,40,38,36,36,0,0,0,0,0,0,0,26,28,30,33,34,38,39,44,44,46,48,50,51,53,53,53,54,55,57,58,59,59,62,62,61,62,63,62
20260729_152303_3a4d7f,1785334998928004,1634111063,0,0,0,-52,128,0,17,17,17,16,16,16,15,15,15,15,14,14,14,14,14,14,14,13,13,13,13,12,12,11,11,10,0,0,0,0,0,0,0,0,0,0,0,9,9,9,10,11,11,12,12,13,14,14,14,15,15,15,15,15,15,16,16,16,17,17,17,17,17,0,32,32,31,30,30,30,29,28,27,27,27,27,26,25,27,25,26,25,25,24,24,23,21,21,20,20,20,18,0,0,0,0,0,0,0,13,15,15,16,18,19,21,21,23,23,24,26,26,26,28,27,28,28,28,29,30,30,31,31,32,32,32,32
20260729_152303_3a4d7f,1785334999032380,1634213369,0,0,0,-52,128,0,17,18,17,17,16,16,16,16,15,15,15,14,14,14,14,14,14,14,14,13,13,13,12,12,12,11,0,0,0,0,0,0,0,0,0,0,0,8,9,10,11,11,12,13,13,14,14,14,15,15,15,16,16,16,16,17,17,17,17,17,17,18,18,0,64,64,64,59,59,59,57,57,55,53,55,52,54,54,51,51,51,51,49,49,47,45,42,43,41,41,37,36,0,0,0,0,0,0,0,27,29,30,34,35,38,40,43,45,47,49,50,51,52,55,54,57,55,58,57,60,61,61,63,62,63,64,63
20260729_152303_3a4d7f,1785334999132499,1634312412,0,0,0,-52,128,0,17,17,17,17,16,16,16,15,15,14,14,15,15,15,14,14,14,13,13,13,13,12,12,12,11,11,0,0,0,0,0,0,0,0,0,0,0,9,9,10,11,11,12,13,13,14,14,14,15,15,15,16,15,16,16,16,16,16,17,17,17,18,17,0,62,63,62,60,60,61,57,57,54,55,54,53,52,53,51,52,51,51,50,49,47,44,44,43,40,40,36,37,0,0,0,0,0,0,0,27,29,31,33,34,39,40,44,45,47,49,50,52,51,54,54,56,55,58,57,61,61,61,62,62,65,64,64
20260729_152303_3a4d7f,1785334999234394,1634412017,0,0,0,-52,128,0,17,16,16,16,15,15,15,15,15,15,15,14,14,14,14,14,14,14,13,13,13,12,12,11,11,11,0,0,0,0,0,0,0,0,0,0,0,9,9,10,10,11,11,12,13,13,14,14,14,14,14,15,15,15,15,15,16,16,16,17,16,16,17,0,31,30,31,30,29,28,28,28,28,27,27,26,26,26,26,27,25,26,25,24,24,23,22,21,21,20,19,18,0,0,0,0,0,0,0,14,14,15,17,18,19,20,22,23,24,24,25,25,26,27,27,28,28,29,29,29,30,30,31,31,31,32,32
20260729_152303_3a4d7f,1785334999331450,1634512228,0,0,0,-52,128,0,17,17,17,16,16,16,16,15,15,15,15,14,14,14,14,14,14,13,13,13,13,12,12,11,11,11,0,0,0,0,0,0,0,0,0,0,0,8,9,10,10,11,11,12,13,13,14,14,14,15,15,15,15,15,16,16,16,17,17,17,17,18,17,0,31,32,31,31,29,30,29,29,27,28,28,27,27,26,27,25,26,25,25,24,24,23,23,21,20,19,20,18,0,0,0,0,0,0,0,13,15,16,16,18,18,21,21,23,24,25,26,26,27,27,28,26,29,28,30,29,31,31,31,31,32,32,31
20260729_152303_3a4d7f,1785334999430810,1634611962,0,0,0,-51,128,0,16,16,16,15,15,14,14,14,14,14,14,13,13,13,13,13,13,13,13,12,11,11,11,10,10,10,0,0,0,0,0,0,0,0,0,0,0,7,8,9,10,10,10,11,12,12,12,13,13,13,14,14,14,14,14,16,16,16,16,16,16,16,16,0,62,64,60,59,59,57,55,55,54,54,53,52,51,51,50,51,51,49,48,46,45,43,43,41,38,39,36,35,0,0,0,0,0,0,0,27,27,29,31,34,37,39,42,43,45,48,50,50,51,52,54,53,55,55,57,60,59,59,60,62,62,64,62
20260729_152303_3a4d7f,1785334999530952,1634713133,0,0,0,-51,128,0,17,17,17,17,17,16,16,16,15,15,15,14,14,15,14,14,14,14,14,14,13,12,12,11,11,11,0,0,0,0,0,0,0,0,0,0,0,9,9,10,11,11,11,13,13,14,14,14,14,15,15,15,16,16,16,16,16,17,18,17,17,18,17,0,65,63,62,60,59,59,57,55,55,54,55,53,54,54,52,52,53,51,50,49,47,47,43,42,40,41,37,36,0,0,0,0,0,0,0,26,29,30,33,36,38,41,42,45,47,49,50,51,54,54,55,55,56,58,58,61,60,61,63,61,62,64,65
20260729_152303_3a4d7f,1785334999629841,1634812651,0,0,0,-51,128,0,17,17,17,17,16,16,16,15,16,16,14,14,14,14,14,14,14,14,13,13,13,12,12,11,11,11,0,0,0,0,0,0,0,0,0,0,0,9,9,10,10,11,12,12,12,13,13,15,15,15,15,15,16,16,16,16,16,16,17,17,17,17,18,0,32,32,30,31,29,29,28,28,28,28,27,26,27,26,27,26,26,25,25,24,24,23,22,21,20,20,19,18,0,0,0,0,0,0,0,15,15,16,17,18,19,20,21,23,25,25,26,26,27,27,28,28,29,29,29,29,30,30,32,32,32,31,33
20260729_152303_3a4d7f,1785334999732934,1634911931,0,0,0,-52,128,0,16,16,15,15,15,15,14,14,14,14,14,13,13,13,13,13,13,13,12,12,12,11,11,10,10,10,0,0,0,0,0,0,0,0,0,0,0,8,8,9,9,10,11,11,12,13,13,13,13,14,14,14,14,14,14,15,15,15,16,15,16,16,16,0,30,30,31,29,30,29,28,27,27,26,26,26,25,26,25,25,25,25,24,23,23,22,21,20,19,18,17,18,0,0,0,0,0,0,0,13,14,15,17,17,18,19,20,22,23,24,24,26,25,26,26,27,27,28,28,30,30,30,30,30,31,32,31
20260729_152303_3a4d7f,1785334999829569,1635011994,0,0,0,-51,128,0,16,16,16,15,15,15,14,14,13,13,14,13,13,13,13,13,13,13,13,12,12,11,11,11,10,10,0,0,0,0,0,0,0,0,0,0,0,7,8,8,9,9,11,11,11,13,13,13,13,14,14,14,14,14,15,15,16,16,16,16,16,16,16,0,63,61,61,59,59,58,56,56,54,54,53,53,51,51,51,51,50,50,48,47,46,44,43,41,39,39,36,35,0,0,0,0,0,0,0,25,29,29,32,35,37,38,41,44,47,47,49,51,51,53,53,55,55,57,56,58,60,60,61,62,62,62,63
20260729_152303_3a4d7f,1785334999927990,1635111581,0,0,0,-51,128,0,17,17,17,17,16,16,16,15,15,15,15,15,15,14,14,14,14,14,14,13,13,12,12,12,11,11,0,0,0,0,0,0,0,0,0,0,0,8,9,11,11,11,12,13,13,13,14,14,14,15,15,15,16,15,16,16,16,16,17,17,17,17,18,0,32,32,32,31,30,30,29,29,28,28,28,27,26,26,27,27,26,26,26,25,24,24,23,21,21,20,20,18,0,0,0,0,0,0,0,14,16,16,17,18,20,21,22,23,24,25,25,26,27,28,27,28,29,29,30,31,31,30,31,32,32,32,33
20260729_152303_3a4d7f,1785335000031681,1635211941,0,0,0,-52,128,0,17,17,17,17,16,16,16,15,15,15,15,15,14,14,14,14,14,13,14,13,13,13,12,12,11,11,0,0,0,0,0,0,0,0,0,0,0,8,9,10,11,12,12,13,13,13,14,14,14,15,15,15,15,16,16,16,17,17,17,17,17,17,17,0,64,64,62,61,60,60,57,55,56,55,54,53,54,54,51,52,52,51,50,50,47,46,43,42,42,40,37,35,0,0,0,0,0,0,0,26,29,31,34,36,37,40,43,45,46,49,50,51,52,54,55,57,55,56,57,60,61,60,63,61,62,64,64
20260729_152303_3a4d7f,1785335000130128,1635311914,0,0,0,-51,128,0,17,17,16,16,16,15,15,15,15,15,14,14,14,14,14,14,14,14,14,13,13,12,12,11,11,11,0,0,0,0,0,0,0,0,0,0,0,8,9,10,11,11,12,12,13,13,14,15,15,15,15,15,15,16,15,16,16,16,17,17,17,17,17,0,63,61,61,59,59,59,56,53,55,55,54,53,53,52,52,52,51,51,52,50,47,45,44,42,41,39,36,36,0,0,0,0,0,0,0,27,28,30,32,35,38,40,42,45,48,50,50,52,53,52,53,54,56,56,58,59,60,59,62,63,64,63,65
20260729_152303_3a4d7f,1785335000228605,1635411497,0,0,0,-51,128,0,17,17,17,17,16,15,15,15,15,15,15,14,14,14,14,14,14,14,13,13,13,12,12,11,11,11,0,0,0,0,0,0,0,0,0,0,0,8,9,10,10,11,12,12,13,14,14,14,15,15,15,15,15,15,16,16,16,16,17,17,17,17,17,0,33,32,30,31,30,30,29,27,28,27,27,27,26,27,26,26,26,25,26,24,24,23,22,21,21,20,19,18,0,0,0,0,0,0,0,14,15,16,17,18,19,21,22,23,24,25,25,26,27,27,27,28,29,29,30,30,31,31,32,32,32,32,33
20260729_152303_3a4d7f,1785335000333269,1635512250,0,0,0,-51,128,0,17,17,17,17,16,16,16,16,16,16,15,14,14,14,15,14,14,14,14,14,13,12,12,12,11,11,0,0,0,0,0,0,0,0,0,0,0,9,9,10,11,11,11,12,13,13,14,14,15,15,15,15,16,16,16,16,16,16,17,17,18,18,17,0,63,63,62,60,60,59,57,56,55,54,55,54,52,53,52,52,52,51,49,48,48,45,43,42,41,41,38,37,0,0,0,0,0,0,0,27,30,31,33,36,38,40,43,45,46,49,49,52,53,54,55,57,57,58,59,59,62,59,62,63,63,64,63
20260729_152303_3a4d7f,1785335000432644,1635612276,0,0,0,-52,128,0,17,17,17,16,16,16,15,15,15,15,15,14,14,14,14,14,14,13,13,13,13,12,12,11,11,11,0,0,0,0,0,0,0,0,0,0,0,9,9,9,10,11,12,12,13,13,14,14,14,15,15,15,15,16,15,16,16,16,17,17,17,17,17,0,31,32,32,30,30,29,28,28,27,28,28,27,26,26,26,26,26,25,25,25,24,23,22,21,20,20,19,19,0,0,0,0,0,0,0,14,14,15,17,18,19,21,22,23,23,24,25,26,26,27,27,27,27,28,29,30,30,32,32,32,32,33,32
20260729_152303_3a4d7f,1785335000532441,1635714116,0,0,0,-51,128,0,16,16,16,16,15,15,14,14,14,14,14,13,13,13,13,13,12,13,12,12,11,11,10,10,9,9,0,0,0,0,0,0,0,0,0,0,0,8,8,9,9,9,10,11,12,12,13,13,13,13,14,14,14,15,15,15,15,16,16,16,16,16,16,0,31,30,30,30,29,28,27,28,26,27,26,25,25,25,26,25,24,24,23,23,23,21,21,20,19,18,18,18,0,0,0,0,0,0,0,12,14,14,15,17,18,20,20,22,23,23,25,25,25,26,26,27,27,28,29,29,29,30,30,31,31,31,31
20260729_152303_3a4d7f,1785335000632252,1635811573,0,0,0,-51,128,0,17,17,17,17,16,16,16,16,16,16,16,15,15,14,15,15,15,13,14,13,13,13,13,12,11,11,0,0,0,0,0,0,0,0,0,0,0,9,9,11,11,11,12,13,14,13,15,14,14,15,16,15,16,16,16,16,16,17,18,17,18,17,18,0,61,61,64,58,60,62,57,57,54,55,55,54,50,51,54,50,52,52,48,49,49,44,44,43,43,41,37,36,0,0,0,0,0,0,0,25,30,30,33,36,39,40,42,44,48,49,50,51,55,52,51,54,55,57,58,61,59,62,62,63,62,64,65
20260729_152303_3a4d7f,1785335000731974,1635912516,0,0,0,-52,128,0,16,17,17,16,16,16,16,15,15,14,15,15,15,14,14,14,14,14,13,13,13,12,12,12,11,11,0,0,0,0,0,0,0,0,0,0,0,8,9,9,10,11,12,12,13,13,14,14,14,14,15,15,15,16,16,17,17,17,17,17,18,17,17,0,63,64,63,61,60,59,57,56,54,56,54,54,52,52,51,52,51,50,49,48,48,45,45,42,40,40,38,36,0,0,0,0,0,0,0,27,29,30,33,36,38,41,43,44,48,48,51,52,52,54,55,54,56,57,58,59,60,62,62,64,63,65,61
20260729_152303_3a4d7f,1785335000831271,1636011985,0,0,0,-52,128,0,17,17,17,16,16,16,16,16,16,15,15,14,14,15,14,14,14,14,14,14,12,12,12,11,11,11,0,0,0,0,0,0,0,0,0,0,0,9,9,10,10,12,12,12,13,13,13,14,14,15,14,15,16,16,16,16,16,17,17,16,17,18,18,0,64,63,62,59,59,60,57,56,54,54,55,53,52,52,52,51,52,50,50,49,47,45,45,42,40,40,37,36,0,0,0,0,0,0,0,27,29,30,32,35,38,40,43,45,45,48,49,51,53,53,53,56,55,57,57,60,60,62,62,61,64,64,64
20260729_152303_3a4d7f,1785335000932560,1636111539,0,0,0,-52,128,0,17,17,16,16,16,15,15,14,15,14,15,13,13,14,14,14,13,13,13,13,13,12,11,11,11,10,0,0,0,0,0,0,0,0,0,0,0,8,8,9,10,11,11,12,12,13,13,14,14,14,14,14,14,16,16,16,16,17,17,17,17,17,17,0,63,62,61,59,58,58,56,54,54,54,53,52,51,51,50,51,50,50,49,48,46,44,41,41,39,38,37,35,0,0,0,0,0,0,0,25,27,30,33,33,37,38,43,43,46,49,48,52,51,53,54,54,55,56,59,58,59,61,61,63,61,62,63
20260729_152303_3a4d7f,1785335001032868,1636211849,0,0,0,-52,128,0,17,17,16,17,16,16,15,15,15,15,14,14,14,14,14,14,14,14,14,13,13,13,12,12,10,11,0,0,0,0,0,0,0,0,0,0,0,9,9,10,10,11,12,13,13,13,13,14,15,15,14,15,15,15,15,16,17,17,17,17,17,17,17,0,64,62,63,60,59,57,56,54,55,54,54,52,51,53,52,52,51,50,50,48,47,44,43,42,39,40,36,35,0,0,0,0,0,0,0,26,28,32,34,35,38,38,43,45,47,49,49,50,51,53,54,55,54,58,57,59,59,60,62,61,63,64,63
20260729_152303_3a4d7f,1785335001131175,1636311711,0,0,0,-52,128,0,15,15,15,15,15,14,14,14,14,14,14,13,13,13,13,13,13,13,13,11,11,11,11,10,10,10,0,0,0,0,0,0,0,0,0,0,0,7,8,9,9,10,10,11,11,11,13,12,13,13,14,13,14,14,14,15,15,15,15,15,15,17,16,0,63,60,61,58,59,57,55,54,52,52,52,51,50,51,50,50,49,52,47,47,45,43,42,40,40,38,35,35,0,0,0,0,0,0,0,25,28,29,31,33,37,39,42,44,46,47,47,49,52,52,52,54,54,58,55,58,57,60,60,61,63,64,62
20260729_152303_3a4d7f,1785335001230918,1636411628,0,0,0,-52,128,0,17,18,17,17,17,16,16,16,15,15,15,14,14,15,15,14,14,14,14,13,13,13,13,12,11,11,0,0,0,0,0,0,0,0,0,0,0,9,10,10,11,11,12,12,13,14,14,14,15,16,16,16,16,16,17,17,17,17,17,17,18,18,17,0,64,62,60,60,59,58,57,56,53,55,53,52,51,51,52,52,50,49,50,48,48,45,42,41,40,39,37,36,0,0,0,0,0,0,0,27,29,31,33,35,39,40,43,45,48,47,51,52,51,54,53,55,57,57,59,58,59,61,61,62,63,64,64
20260729_152303_3a4d7f,1785335001330877,1636512498,0,0,0,-52,128,0,16,15,15,15,15,14,14,14,13,13,13,13,13,13,13,13,13,13,12,12,12,11,11,10,10,10,0,0,0,0,0,0,0,0,0,0,0,8,8,8,10,10,11,11,12,12,13,13,13,13,14,14,14,14,14,15,15,15,16,15,16,16,16,0,30,31,29,29,28,29,27,28,25,26,26,26,25,24,25,25,25,24,24,23,23,21,21,20,19,18,18,17,0,0,0,0,0,0,0,13,14,14,15,17,18,20,20,22,22,23,24,25,25,25,25,26,27,28,28,29,29,30,30,31,31,32,30
20260729_152303_3a4d7f,1785335001436079,1636615226,0,0,0,-52,128,0,16,16,16,16,16,15,15,14,14,14,14,14,13,14,14,14,14,13,13,13,13,12,11,11,10,10,0,0,0,0,0,0,0,0,0,0,0,8,9,9,10,10,11,12,12,12,14,14,14,14,14,13,14,15,15,15,16,16,16,16,16,16,16,0,63,62,60,60,57,57,56,55,54,53,52,53,51,52,52,50,50,49,49,47,46,45,42,42,40,39,36,36,0,0,0,0,0,0,0,26,28,30,33,35,36,40,42,44,46,48,50,50,51,52,53,54,56,55,57,58,59,60,62,62,63,63,62
20260729_152303_3a4d7f,1785335001529799,1636713154,0,0,0,-52,128,0,16,16,16,15,15,15,14,14,14,13,13,13,13,13,13,13,12,12,12,12,11,11,10,10,10,9,0,0,0,0,0,0,0,0,0,0,0,8,9,9,9,10,10,11,12,12,13,13,13,14,14,14,14,14,14,15,15,15,16,16,16,16,16,0,30,30,30,30,29,28,28,27,27,26,25,25,25,25,26,24,25,24,25,23,23,22,21,20,19,19,17,17,0,0,0,0,0,0,0,13,14,14,16,18,18,20,20,22,22,23,24,25,25,26,27,27,27,27,28,29,29,30,31,30,31,31,31
20260729_152303_3a4d7f,1785335001630765,1636813011,0,0,0,-52,128,0,16,16,16,16,16,15,15,15,14,14,14,14,13,13,13,13,13,13,13,12,12,12,11,11,10,10,0,0,0,0,0,0,0,0,0,0,0,7,9,9,10,10,11,12,12,13,14,14,14,14,14,14,15,15,15,15,15,16,16,16,16,16,16,0,63,63,61,59,58,57,56,55,54,56,54,52,51,51,51,51,50,48,49,48,46,44,43,40,39,38,37,36,0,0,0,0,0,0,0,25,27,30,32,34,36,39,42,44,46,48,49,51,53,52,53,54,56,56,57,57,59,60,60,63,62,63,63
20260729_152303_3a4d7f,1785335001761919,1636944728,0,0,0,-52,128,0,16,16,16,15,15,14,14,14,14,14,14,13,13,13,13,13,13,13,13,12,12,12,11,11,10,10,0,0,0,0,0,0,0,0,0,0,0,8,8,9,9,10,11,11,12,13,13,13,13,14,14,14,14,14,14,14,16,16,16,16,16,16,16,0,62,59,62,57,60,56,56,54,52,52,52,51,52,52,48,51,48,50,48,47,46,43,41,42,39,38,35,36,0,0,0,0,0,0,0,25,27,30,32,33,36,37,41,43,46,46,48,48,50,53,54,54,52,56,54,60,59,60,59,58,62,63,62
20260729_152303_3a4d7f,1785335001831534,1637014559,0,0,0,-52,128,0,18,17,17,17,17,17,16,15,15,15,15,15,14,15,14,14,13,14,14,13,13,12,12,12,11,11,0,0,0,0,0,0,0,0,0,0,0,9,10,11,11,11,13,12,13,14,14,15,15,15,15,16,16,16,16,17,17,17,17,17,18,18,18,0,64,61,64,59,60,57,57,57,54,54,55,55,52,55,50,49,52,52,49,49,49,43,43,43,45,39,36,38,0,0,0,0,0,0,0,28,30,32,33,36,39,40,44,46,46,49,49,51,51,53,56,56,56,58,57,59,60,61,63,62,63,63,65
20260729_152303_3a4d7f,1785335001930745,1637111043,0,0,0,-52,128,0,16,16,16,16,15,15,14,15,15,14,14,13,13,13,14,14,14,13,13,12,13,11,11,11,11,10,0,0,0,0,0,0,0,0,0,0,0,9,9,9,9,11,11,11,13,13,13,14,14,13,14,14,15,15,16,16,16,16,16,16,16,17,16,0,62,62,61,60,58,58,56,55,54,55,54,52,50,52,52,52,50,52,48,48,47,44,43,40,40,38,37,35,0,0,0,0,0,0,0,27,27,30,31,35,38,39,43,45,46,48,50,52,52,53,53,51,55,57,56,58,59,59,61,62,62,63,64
20260729_152303_3a4d7f,1785335002029688,1637212430,0,0,0,-52,128,0,16,16,16,16,16,15,15,15,14,14,14,13,13,13,13,13,13,13,13,13,12,12,11,10,10,10,0,0,0,0,0,0,0,0,0,0,0,8,8,9,10,11,11,12,12,12,13,13,14,14,14,14,14,15,15,16,16,16,16,16,17,17,16,0,31,30,30,29,29,28,28,28,27,26,27,25,25,26,26,26,25,25,25,24,23,22,21,21,20,19,18,18,0,0,0,0,0,0,0,13,14,15,16,17,18,20,21,22,23,23,25,25,25,26,26,27,28,27,28,29,31,30,30,30,31,32,31
20260729_152303_3a4d7f,1785335002131319,1637310531,0,0,0,-52,128,0,17,17,16,16,16,16,15,15,14,15,15,15,14,14,14,14,14,14,14,13,13,12,12,12,11,11,0,0,0,0,0,0,0,0,0,0,0,9,9,10,11,12,12,13,12,13,13,14,14,14,15,15,15,15,16,16,16,16,17,17,17,17,17,0,33,33,31,30,31,29,29,29,27,28,28,26,26,26,26,27,26,25,26,24,23,23,22,20,21,20,18,19,0,0,0,0,0,0,0,14,15,16,17,19,20,21,22,23,24,26,25,26,27,27,27,28,28,29,29,30,30,30,31,31,32,32,32
20260729_152303_3a4d7f,1785335002236903,1637420023,0,0,0,-52,128,0,16,16,16,16,15,15,15,14,14,14,13,13,13,13,13,14,14,13,13,13,12,12,11,10,10,9,0,0,0,0,0,0,0,0,0,0,0,8,8,9,10,10,10,11,11,12,13,13,14,14,14,14,15,15,15,15,15,16,16,16,16,17,17,0,31,29,30,30,29,28,27,26,26,26,26,25,25,25,25,24,24,24,24,24,22,22,21,20,19,19,17,17,0,0,0,0,0,0,0,12,13,13,15,17,18,19,20,22,22,23,24,25,25,26,26,26,27,27,28,28,29,29,29,29,31,30,31
20260729_152303_3a4d7f,1785335002328531,1637511522,0,0,0,-51,128,0,17,17,17,16,16,15,15,14,14,14,14,13,13,13,13,13,13,13,13,12,11,11,12,11,10,10,0,0,0,0,0,0,0,0,0,0,0,8,9,9,9,11,11,11,12,13,13,14,14,14,14,14,15,15,15,16,16,16,16,17,17,17,17,0,63,63,60,60,58,57,56,55,55,53,54,53,52,52,52,51,50,46,48,46,44,44,39,42,40,41,37,34,0,0,0,0,0,0,0,25,27,31,33,35,38,38,43,45,46,50,49,50,51,53,54,54,56,56,57,58,59,59,62,60,61,63,63
20260729_152303_3a4d7f,1785335002432264,1637611013,0,0,0,-52,128,0,17,17,16,16,16,15,15,15,15,15,15,14,14,14,14,14,14,13,13,13,13,12,12,11,11,11,0,0,0,0,0,0,0,0,0,0,0,9,9,9,10,11,12,12,13,13,14,14,14,14,15,14,15,15,16,15,16,16,17,17,17,17,17,0,31,31,32,30,29,29,28,28,28,28,28,26,26,27,26,26,25,26,25,24,24,22,22,21,20,20,18,19,0,0,0,0,0,0,0,13,15,16,16,18,19,20,21,22,24,25,25,26,26,26,27,27,28,28,28,29,30,30,30,31,32,31,32
20260729_152303_3a4d7f,1785335002531448,1637711601,0,0,0,-51,128,0,17,17,17,17,17,16,16,15,15,15,14,14,14,14,14,14,14,14,14,13,13,13,12,12,11,11,0,0,0,0,0,0,0,0,0,0,0,8,9,10,10,11,12,13,13,13,14,14,14,15,15,15,15,15,16,16,16,17,16,17,17,17,17,0,63,63,64,60,60,60,56,57,54,54,54,53,53,53,51,53,51,51,50,48,47,45,44,41,41,40,36,36,0,0,0,0,0,0,0,26,29,31,33,36,39,39,43,45,46,49,50,52,52,54,54,55,55,58,56,60,61,61,63,62,63,65,63
20260729_152303_3a4d7f,1785335002630427,1637811436,0,0,0,-51,128,0,17,17,16,16,16,15,15,16,16,15,15,15,14,14,14,14,14,14,13,13,13,12,12,11,11,11,0,0,0,0,0,0,0,0,0,0,0,9,9,9,10,11,12,12,13,14,14,14,15,14,15,15,16,15,16,16,16,16,17,17,17,17,17,0,32,31,31,30,30,28,28,28,27,28,28,27,26,27,26,27,25,26,25,25,24,23,22,21,21,21,19,18,0,0,0,0,0,0,0,13,15,16,17,18,20,21,21,22,24,25,25,25,26,26,27,28,28,29,29,29,30,30,31,31,31,31,32
20260729_152303_3a4d7f,1785335002728602,1637911532,0,0,0,-51,128,0,17,16,17,16,16,16,15,14,15,14,14,14,14,14,14,14,14,14,14,13,13,12,12,11,11,11,0,0,0,0,0,0,0,0,0,0,0,8,9,10,11,11,12,12,13,13,13,13,14,15,15,15,15,16,16,16,16,16,16,16,17,17,18,0,31,31,30,31,29,29,28,28,27,28,27,26,26,26,27,26,26,25,25,24,24,23,22,21,20,20,19,18,0,0,0,0,0,0,0,13,15,16,17,18,19,20,21,23,23,24,25,27,26,26,27,27,28,29,29,29,30,30,31,31,31,32,32
20260729_152303_3a4d7f,1785335002827887,1638011642,0,0,0,-52,128,0,17,17,17,16,16,16,16,15,15,15,15,14,14,14,14,14,14,13,13,13,12,12,12,11,11,11,0,0,0,0,0,0,0,0,0,0,0,8,9,10,10,11,12,12,13,13,14,14,14,15,15,15,15,15,16,16,16,16,17,17,17,17,17,0,31,32,31,31,29,30,29,28,27,28,27,27,26,25,26,25,25,25,25,24,24,21,22,21,19,19,18,18,0,0,0,0,0,0,0,13,14,15,16,19,19,20,21,22,23,24,26,26,26,27,27,27,29,28,29,29,30,31,31,32,32,32,31
20260729_152303_3a4d7f,1785335002931926,1638111690,0,0,0,-52,128,0,16,16,16,16,15,14,14,14,14,14,13,13,14,14,14,13,14,13,13,12,12,12,11,11,10,10,0,0,0,0,0,0,0,0,0,0,0,8,8,9,10,10,10,11,11,12,13,13,13,14,14,14,14,14,14,15,15,15,16,16,16,16,16,0,31,31,30,30,28,28,28,27,27,26,26,25,25,25,26,25,25,24,24,24,23,22,22,20,20,19,19,17,0,0,0,0,0,0,0,13,13,15,17,17,18,20,21,20,22,23,25,25,25,26,26,27,28,27,29,28,29,30,30,31,31,32,32
20260729_152303_3a4d7f,1785335003032393,1638211595,0,0,0,-52,128,0,15,15,14,13,13,13,13,13,13,12,13,12,13,13,12,12,11,11,12,11,11,10,10,10,10,9,0,0,0,0,0,0,0,0,0,0,0,7,7,8,8,10,11,10,11,11,12,12,12,13,13,13,13,14,13,14,14,15,14,15,15,15,16,0,60,59,62,59,58,55,55,52,51,54,51,50,52,52,50,54,51,48,47,41,44,40,44,40,38,34,31,39,0,0,0,0,0,0,0,24,28,29,31,34,37,39,41,40,46,48,47,49,50,51,52,51,55,57,57,58,57,60,55,59,62,61,61
20260729_152303_3a4d7f,1785335003133399,1638311738,0,0,0,-52,128,0,16,16,16,16,14,15,14,14,14,14,14,13,13,13,13,13,13,13,12,12,12,11,11,10,10,10,0,0,0,0,0,0,0,0,0,0,0,7,8,9,9,10,10,11,12,12,13,13,13,13,14,14,14,14,14,14,15,15,15,16,16,16,16,0,32,30,30,30,29,28,27,27,27,26,26,25,25,25,25,25,25,25,24,23,23,22,21,20,19,19,18,17,0,0,0,0,0,0,0,13,13,14,16,17,18,19,20,22,22,24,24,25,26,27,27,27,28,29,28,29,29,30,30,30,31,31,32
20260729_152303_3a4d7f,1785335003227904,1638411555,0,0,0,-52,128,0,16,15,15,15,15,15,14,14,14,14,14,13,13,13,13,13,13,13,13,12,11,11,11,11,10,10,0,0,0,0,0,0,0,0,0,0,0,7,9,9,9,10,10,11,11,13,13,13,13,14,14,14,14,14,14,15,16,15,16,16,17,17,17,0,63,60,60,59,58,56,56,55,54,52,51,50,52,52,50,50,49,50,47,47,45,44,42,40,39,39,36,35,0,0,0,0,0,0,0,26,28,30,32,34,36,39,41,43,44,47,48,49,51,51,53,55,55,56,55,58,59,60,61,61,61,62,61
20260729_152303_3a4d7f,1785335003333690,1638513762,0,0,0,-51,128,0,16,15,15,15,14,14,13,13,13,13,14,13,13,14,12,13,13,13,13,11,11,11,10,10,10,9,0,0,0,0,0,0,0,0,0,0,0,7,8,8,10,9,10,11,12,12,13,13,13,13,13,13,13,14,14,14,15,16,16,15,16,17,16,0,63,60,60,58,59,56,56,55,54,52,53,51,50,52,49,51,49,50,48,47,46,44,41,41,40,38,36,35,0,0,0,0,0,0,0,25,27,28,31,34,36,39,41,43,46,48,48,49,51,52,52,55,54,56,56,59,59,60,60,60,62,62,64
20260729_152303_3a4d7f,1785335003429166,1638613414,0,0,0,-52,128,0,17,16,16,16,15,15,15,14,14,14,14,14,14,13,13,13,13,13,12,12,12,11,11,10,10,10,0,0,0,0,0,0,0,0,0,0,0,8,9,9,9,10,11,12,12,13,13,13,14,14,14,14,15,15,15,16,16,16,17,16,17,17,17,0,31,30,30,29,29,29,27,27,26,26,26,26,25,25,25,25,25,25,24,24,23,22,21,19,18,19,17,17,0,0,0,0,0,0,0,13,13,15,16,17,19,19,20,22,23,24,24,24,25,26,27,27,27,27,28,29,30,30,30,30,31,31,31
20260729_152303_3a4d7f,1785335003532595,1638711617,0,0,0,-52,128,0,17,17,17,17,17,16,16,15,15,15,15,14,14,14,15,14,14,14,14,13,13,13,12,11,11,11,0,0,0,0,0,0,0,0,0,0,0,9,9,10,11,11,12,13,12,14,14,14,14,15,15,15,15,16,16,16,17,17,17,17,17,17,17,0,62,63,60,60,57,57,56,56,54,54,54,52,53,52,53,51,51,50,48,47,46,45,43,41,40,39,35,35,0,0,0,0,0,0,0,26,29,30,33,35,38,41,43,44,46,49,51,52,51,53,53,54,57,56,57,58,60,60,62,62,64,63,64
20260729_152303_3a4d7f,1785335003629638,1638811731,0,0,0,-52,128,0,16,15,15,15,14,14,14,14,14,14,14,13,13,13,13,12,13,13,12,12,11,11,11,10,10,9,0,0,0,0,0,0,0,0,0,0,0,7,8,8,9,10,10,11,12,12,13,12,13,13,13,13,14,14,14,14,16,15,16,16,16,16,16,0,32,30,30,30,30,29,28,27,26,25,25,26,25,25,24,25,24,25,23,23,22,21,20,20,19,19,18,17,0,0,0,0,0,0,0,12,13,14,15,17,18,19,21,22,22,24,24,25,26,26,26,27,27,28,28,29,30,30,30,30,31,31,32
20260729_152303_3a4d7f,1785335003727217,1638911208,0,0,0,-52,128,0,16,16,16,15,15,15,14,14,14,13,13,13,13,13,13,13,13,13,13,12,12,11,11,11,9,9,0,0,0,0,0,0,0,0,0,0,0,8,8,9,9,10,11,12,12,13,13,13,13,13,13,14,14,14,14,15,15,15,16,15,16,16,16,0,62,62,61,60,58,58,56,54,54,55,54,52,51,52,52,51,50,49,48,47,46,44,42,40,40,38,36,35,0,0,0,0,0,0,0,26,28,30,34,35,37,40,42,43,47,49,49,48,50,53,54,54,55,55,57,58,59,60,61,62,63,65,63
20260729_152303_3a4d7f,1785335003833011,1639014044,0,0,0,-52,128,0,16,16,16,16,15,15,15,14,14,14,14,13,13,13,13,14,13,13,13,12,12,12,11,11,11,10,0,0,0,0,0,0,0,0,0,0,0,8,8,9,10,11,11,12,13,13,13,13,14,14,14,14,14,15,15,15,16,16,16,16,17,17,17,0,30,32,30,30,29,29,28,27,26,27,26,26,25,25,26,25,26,25,25,23,23,22,22,21,20,18,18,17,0,0,0,0,0,0,0,13,14,16,16,18,18,19,21,22,23,25,25,26,26,26,26,26,28,28,29,29,29,30,30,31,31,32,31
20260729_152303_3a4d7f,1785335003933316,1639113584,0,0,0,-52,128,0,15,16,15,15,14,15,14,14,14,13,14,13,13,13,13,13,13,13,12,12,12,11,11,10,10,10,0,0,0,0,0,0,0,0,0,0,0,8,9,9,9,10,10,11,12,12,13,13,13,13,14,14,14,14,14,15,15,15,16,16,16,16,16,0,31,31,30,29,28,28,27,27,26,26,26,26,25,25,25,25,25,24,24,23,23,22,22,20,19,19,18,17,0,0,0,0,0,0,0,13,14,15,16,17,18,19,20,21,22,23,24,25,25,25,26,27,27,27,27,28,29,29,30,31,30,31,31
20260729_152303_3a4d7f,1785335004032091,1639211778,0,0,0,-52,128,0,16,16,16,16,15,15,15,14,14,14,13,13,13,13,13,13,13,13,12,12,12,11,11,10,10,10,0,0,0,0,0,0,0,0,0,0,0,8,8,9,9,10,10,11,12,12,12,14,14,14,14,14,15,15,15,15,16,16,16,16,16,17,16,0,31,30,30,30,29,28,27,27,27,27,27,25,25,25,25,25,25,24,24,23,23,22,21,20,19,19,18,17,0,0,0,0,0,0,0,12,13,14,15,17,18,19,20,21,23,24,24,25,26,26,26,26,27,28,28,29,28,30,30,31,31,31,32
20260729_152303_3a4d7f,1785335004131913,1639311546,0,0,0,-52,128,0,17,17,17,16,16,15,16,16,16,15,15,15,14,14,14,14,14,14,13,13,13,12,12,11,11,11,0,0,0,0,0,0,0,0,0,0,0,9,9,9,10,11,12,12,13,14,14,15,15,14,15,15,16,15,15,16,16,16,17,17,17,17,17,0,32,32,32,31,30,30,29,28,28,28,28,27,26,26,26,26,25,26,25,25,25,23,22,21,21,20,19,18,0,0,0,0,0,0,0,13,15,15,17,18,19,20,22,22,25,25,26,26,27,27,28,28,28,29,30,29,31,31,32,32,32,32,32
20260729_152303_3a4d7f,1785335004231380,1639411640,0,0,0,-52,128,0,16,16,16,15,15,15,15,15,14,14,14,14,13,13,13,13,13,13,13,13,13,11,11,11,10,10,0,0,0,0,0,0,0,0,0,0,0,8,8,9,9,10,11,11,12,12,13,13,14,14,14,15,15,15,15,16,16,16,16,16,16,16,16,0,30,31,29,30,29,29,28,26,26,27,27,26,25,25,26,24,25,25,26,23,22,22,22,20,19,19,19,18,0,0,0,0,0,0,0,13,14,15,15,17,18,20,21,22,23,24,25,26,25,26,26,26,27,26,28,28,30,30,30,31,32,31,31
20260729_152303_3a4d7f,1785335004331086,1639511244,0,0,0,-52,128,0,16,16,16,16,15,15,14,14,14,14,15,13,13,14,13,14,13,14,13,13,12,12,12,12,11,11,0,0,0,0,0,0,0,0,0,0,0,8,9,9,10,11,11,12,13,13,13,13,14,14,14,14,14,15,15,16,16,16,16,16,16,17,17,0,62,61,62,60,59,58,55,54,54,53,54,51,51,53,51,52,50,50,50,49,46,45,43,42,40,40,36,36,0,0,0,0,0,0,0,25,28,30,34,34,39,40,43,44,45,49,48,51,51,52,54,55,54,57,55,59,59,60,61,61,62,62,66
20260729_152303_3a4d7f,1785335004433241,1639612749,0,0,0,-52,128,0,16,16,15,15,15,15,14,15,14,14,14,14,14,13,13,13,13,13,13,13,13,11,11,11,10,10,0,0,0,0,0,0,0,0,0,0,0,8,9,9,9,10,11,12,12,13,13,13,14,13,14,14,14,14,14,15,15,15,16,16,16,16,16,0,31,32,30,29,28,30,28,28,27,27,27,25,26,25,25,25,25,25,24,23,22,22,21,21,19,19,19,17,0,0,0,0,0,0,0,13,14,15,16,17,19,20,21,22,22,24,25,25,26,27,27,27,28,28,29,29,30,30,31,32,31,32,31
20260729_152303_3a4d7f,1785335004527685,1639711703,0,0,0,-52,128,0,17,17,17,16,16,16,16,16,15,15,14,14,14,14,14,14,14,14,13,13,13,12,12,11,11,11,0,0,0,0,0,0,0,0,0,0,0,9,9,10,10,11,11,12,12,13,14,14,15,15,15,15,16,16,16,16,16,17,17,17,17,18,17,0,32,32,31,30,29,29,29,29,28,28,27,26,26,26,26,26,26,25,25,24,24,23,22,21,20,20,19,19,0,0,0,0,0,0,0,13,14,15,16,18,19,20,21,22,24,25,26,26,26,27,28,28,28,29,30,30,31,31,32,31,32,32,32
20260729_152303_3a4d7f,1785335004632297,1639811797,0,0,0,-52,128,0,17,17,17,16,16,16,15,15,15,14,14,15,15,15,14,15,14,14,14,13,13,13,12,12,11,11,0,0,0,0,0,0,0,0,0,0,0,9,9,10,11,11,11,12,12,13,13,14,14,14,15,15,15,15,16,16,16,16,17,16,17,17,17,0,32,31,32,30,30,29,28,27,28,27,26,26,27,28,26,27,25,25,24,24,23,23,22,21,21,21,19,18,0,0,0,0,0,0,0,13,15,16,17,17,19,20,22,22,23,25,24,25,26,26,27,29,27,30,29,29,30,30,32,31,31,32,33
20260729_152303_3a4d7f,1785335004732095,1639912647,0,0,0,-52,128,0,16,16,16,16,15,15,15,14,15,14,14,13,13,13,13,13,13,13,12,12,12,11,11,10,10,10,0,0,0,0,0,0,0,0,0,0,0,8,8,9,10,10,11,11,12,12,13,13,14,14,14,14,15,15,15,15,16,16,16,17,17,17,17,0,31,30,30,30,29,29,27,27,26,27,27,25,25,25,25,26,25,25,24,23,23,21,21,20,19,18,17,18,0,0,0,0,0,0,0,13,13,14,15,17,19,19,21,22,23,24,25,25,26,26,26,27,27,28,28,28,28,30,30,31,31,32,31
20260729_152303_3a4d7f,1785335004832147,1640011405,0,0,0,-52,128,0,17,17,17,17,16,16,16,15,15,15,15,14,14,15,15,15,15,14,14,14,13,13,12,11,11,10,0,0,0,0,0,0,0,0,0,0,0,9,9,9,10,11,11,12,13,13,14,14,15,15,15,15,15,16,16,16,17,17,17,17,17,18,17,0,31,32,31,29,29,29,29,28,28,27,26,27,25,27,26,26,25,25,24,24,24,23,22,21,21,20,19,19,0,0,0,0,0,0,0,13,15,16,16,17,19,20,22,22,23,24,25,25,26,27,28,28,27,28,29,30,30,30,32,31,31,33,33
20260729_152303_3a4d7f,1785335004932461,1640111676,0,0,0,-52,128,0,17,17,16,17,16,15,15,15,15,15,15,14,14,14,14,14,14,13,13,13,13,12,12,11,11,11,0,0,0,0,0,0,0,0,0,0,0,9,9,10,11,11,11,12,13,13,14,14,14,14,15,15,15,15,16,15,16,16,17,17,17,18,17,0,31,31,31,31,30,29,28,28,28,28,27,26,25,25,26,26,26,26,26,24,24,23,23,22,20,20,19,18,0,0,0,0,0,0,0,14,15,15,16,18,19,21,21,22,23,24,25,26,27,27,27,26,29,29,29,29,30,30,30,32,32,32,32
20260729_152303_3a4d7f,1785335005032076,1640211606,0,0,0,-52,128,0,17,18,17,16,16,16,16,16,15,15,15,15,14,14,14,14,14,14,14,13,13,13,12,11,11,11,0,0,0,0,0,0,0,0,0,0,0,9,9,9,11,11,11,12,13,13,14,14,15,15,15,15,16,16,16,16,17,17,17,17,17,18,18,0,63,63,63,60,60,61,57,56,55,54,55,53,52,52,52,52,51,51,50,48,47,45,43,43,40,39,38,37,0,0,0,0,0,0,0,28,30,29,34,36,38,40,43,45,47,47,50,51,52,52,54,55,56,58,58,60,61,62,62,61,64,63,64
20260729_152303_3a4d7f,1785335005133073,1640311820,0,0,0,-52,128,0,17,17,16,16,16,15,15,15,14,15,15,14,14,14,14,13,13,13,13,13,13,12,12,11,11,11,0,0,0,0,0,0,0,0,0,0,0,9,9,10,11,11,11,12,13,13,14,14,14,14,14,14,15,16,16,16,17,17,17,17,17,17,17,0,62,61,60,60,59,58,56,56,53,54,55,53,52,51,52,51,50,50,48,46,46,44,43,41,39,39,37,35,0,0,0,0,0,0,0,25,27,31,32,35,36,40,43,45,45,47,48,51,52,52,53,53,56,56,58,58,59,62,61,62,64,64,62
20260729_152303_3a4d7f,1785335005228140,1640411607,0,0,0,-52,128,0,16,16,16,16,15,15,15,14,15,15,14,14,14,13,13,13,13,13,13,12,12,11,11,11,10,10,0,0,0,0,0,0,0,0,0,0,0,8,8,9,10,11,11,12,13,13,13,13,13,14,14,14,14,14,15,15,15,16,16,16,16,17,16,0,31,32,31,30,30,30,29,28,28,27,27,27,26,26,25,26,25,25,24,24,24,22,21,20,20,20,18,18,0,0,0,0,0,0,0,12,14,15,17,17,19,20,21,22,23,24,25,25,27,27,28,27,28,29,29,30,31,31,32,31,32,33,32
20260729_152303_3a4d7f,1785335005332258,1640511072,0,0,0,-52,128,0,16,16,16,16,16,15,16,15,15,15,15,14,13,13,14,14,14,13,14,13,13,11,11,11,11,10,0,0,0,0,0,0,0,0,0,0,0,9,9,10,10,11,11,13,13,13,14,14,14,14,14,14,15,15,16,16,16,16,17,17,17,17,16,0,62,62,60,60,56,58,55,53,55,54,52,52,52,50,52,50,51,48,50,48,46,43,43,41,38,38,36,35,0,0,0,0,0,0,0,27,28,31,32,34,37,40,41,45,46,48,50,50,53,53,53,53,56,55,57,57,60,61,61,61,63,62,64
20260729_152303_3a4d7f,1785335005432362,1640611502,0,0,0,-52,128,0,17,17,17,17,16,16,15,15,15,15,14,15,15,14,14,14,14,14,14,14,12,12,12,12,11,11,0,0,0,0,0,0,0,0,0,0,0,9,9,10,11,12,11,13,13,13,14,14,14,15,15,15,16,16,16,16,16,16,17,17,17,17,18,0,32,33,31,31,28,30,29,28,28,27,28,26,27,26,26,26,26,25,26,24,24,23,22,22,21,19,19,17,0,0,0,0,0,0,0,13,15,16,16,18,19,20,22,22,23,25,25,26,27,27,27,28,29,29,29,29,30,31,31,32,32,32,32
20260729_152303_3a4d7f,1785335005532338,1640711562,0,0,0,-52,128,0,17,17,17,17,16,16,15,15,15,15,15,14,14,14,14,14,14,14,14,13,13,12,12,11,11,11,0,0,0,0,0,0,0,0,0,0,0,9,9,10,11,11,12,12,13,13,14,14,15,15,15,15,15,16,16,16,16,17,17,17,17,17,17,0,64,62,60,60,57,57,56,55,54,55,54,52,52,51,52,52,50,48,49,48,46,45,44,42,40,39,37,35,0,0,0,0,0,0,0,26,27,30,33,35,37,40,40,45,46,50,48,50,51,52,52,54,57,56,57,57,58,59,61,61,61,62,63
20260729_152303_3a4d7f,1785335005633005,1640813475,0,0,0,-52,128,0,16,16,16,16,16,15,15,15,13,14,14,14,14,13,13,13,13,13,13,12,12,11,11,10,10,10,0,0,0,0,0,0,0,0,0,0,0,7,8,9,10,10,11,11,11,13,13,13,13,13,13,14,14,14,14,15,16,16,16,16,17,16,16,0,62,60,61,58,58,57,55,53,53,52,53,50,50,51,49,50,49,49,48,47,45,43,41,40,38,39,35,37,0,0,0,0,0,0,0,25,27,29,31,34,36,38,41,43,45,46,48,49,50,51,53,53,54,55,54,58,57,59,60,60,62,62,61
20260729_152303_3a4d7f,1785335005731877,1640913684,0,0,0,-52,128,0,16,17,16,16,15,15,15,15,14,15,15,14,14,14,14,13,13,13,13,12,13,12,12,11,11,10,0,0,0,0,0,0,0,0,0,0,0,8,8,8,10,11,11,12,12,13,14,14,14,14,14,14,15,15,16,15,16,17,17,17,17,17,17,0,64,62,63,59,58,57,57,55,55,55,53,52,52,52,49,51,50,50,49,48,46,44,43,41,41,40,36,36,0,0,0,0,0,0,0,25,28,30,34,34,39,40,44,43,47,48,48,51,52,54,54,55,54,57,55,60,59,61,64,59,62,63,62
20260729_152303_3a4d7f,1785335005836864,1641018853,0,0,0,-52,128,0,17,16,17,16,16,15,15,15,14,14,14,13,13,14,13,13,13,13,13,13,12,12,12,11,11,11,0,0,0,0,0,0,0,0,0,0,0,8,9,9,10,11,12,12,12,13,13,14,14,14,14,14,15,15,15,16,16,16,17,16,17,17,17,0,62,63,60,59,57,58,56,55,54,54,54,52,51,51,52,51,52,50,50,48,47,45,45,41,40,37,38,35,0,0,0,0,0,0,0,26,27,29,32,35,37,41,43,45,46,48,50,51,51,53,53,54,57,58,58,59,59,61,60,62,64,63,63
20260729_152303_3a4d7f,1785335005929955,1641114077,0,0,0,-52,128,0,16,16,16,15,15,15,14,13,13,13,14,14,13,12,12,13,12,12,12,11,12,11,11,11,10,9,0,0,0,0,0,0,0,0,0,0,0,7,8,9,9,10,10,11,12,12,13,13,13,13,13,13,13,14,14,15,15,16,16,16,16,16,16,0,60,60,61,59,59,59,55,56,51,52,54,52,49,48,50,51,48,51,46,50,51,42,43,39,38,37,34,35,0,0,0,0,0,0,0,25,28,29,30,34,36,39,41,43,46,47,49,50,51,51,52,52,54,55,55,58,59,61,60,60,62,64,61
20260729_152303_3a4d7f,1785335006028348,1641211182,0,0,0,-52,128,0,16,16,16,15,15,15,14,14,14,14,13,13,13,13,14,13,13,12,12,12,11,11,10,10,10,9,0,0,0,0,0,0,0,0,0,0,0,7,8,9,10,9,10,11,11,12,13,13,13,13,14,14,14,14,15,15,15,15,16,16,16,16,16,0,31,31,29,29,29,28,27,27,26,27,26,25,25,25,26,25,25,24,24,23,22,22,21,20,19,19,17,17,0,0,0,0,0,0,0,12,14,14,15,17,17,19,21,22,23,24,25,25,26,25,26,26,27,28,28,29,29,30,30,31,31,31,31
20260729_152303_3a4d7f,1785335006128115,1641311969,0,0,0,-52,128,0,17,17,17,17,16,16,16,15,15,15,15,15,14,14,14,14,14,14,13,13,13,13,13,12,12,11,0,0,0,0,0,0,0,0,0,0,0,9,9,10,10,12,12,12,13,13,14,13,15,15,16,16,16,16,16,16,16,17,17,17,17,18,18,0,62,63,61,60,59,59,57,55,55,55,54,54,52,51,52,51,52,51,49,48,45,45,45,42,42,39,36,37,0,0,0,0,0,0,0,26,28,30,32,36,37,41,42,44,47,48,50,51,52,54,56,54,56,55,57,58,61,61,63,63,62,62,64
20260729_152303_3a4d7f,1785335006228683,1641411478,0,0,0,-52,128,0,17,17,16,16,16,15,15,14,14,14,13,13,13,14,14,14,14,13,12,12,12,12,11,11,11,10,0,0,0,0,0,0,0,0,0,0,0,8,8,9,10,10,11,11,12,13,13,13,14,13,13,15,15,15,15,16,16,16,16,16,17,17,17,0,64,62,60,60,59,57,56,55,54,54,54,52,52,52,51,52,50,50,49,48,48,43,42,42,40,39,35,36,0,0,0,0,0,0,0,25,27,30,32,33,37,39,42,44,46,47,49,52,52,52,53,55,55,57,58,59,59,60,62,62,62,64,62
20260729_152303_3a4d7f,1785335006329026,1641511496,0,0,0,-52,128,0,16,16,16,15,15,15,14,14,13,13,14,13,13,13,13,14,12,12,12,12,11,11,11,10,10,10,0,0,0,0,0,0,0,0,0,0,0,8,8,8,9,10,11,11,12,13,13,13,13,13,14,14,14,14,14,15,15,15,16,16,16,16,16,0,62,63,62,60,59,59,57,55,53,55,53,52,51,51,52,51,51,50,48,47,47,44,44,41,39,38,37,36,0,0,0,0,0,0,0,26,28,30,31,35,38,40,42,45,47,48,50,51,51,53,53,53,56,56,57,59,60,61,61,62,63,63,63
20260729_152303_3a4d7f,1785335006434304,1641613933,0,0,0,-52,128,0,17,17,16,16,16,14,15,14,14,14,14,14,14,13,13,13,13,13,12,12,12,11,11,10,10,10,0,0,0,0,0,0,0,0,0,0,0,8,8,9,9,10,10,11,13,13,13,13,13,13,14,14,14,14,15,15,15,16,17,17,17,17,17,0,66,61,61,60,58,56,56,54,55,54,53,52,52,52,50,52,50,50,48,49,47,45,43,41,41,39,36,35,0,0,0,0,0,0,0,25,27,30,32,34,37,39,41,44,46,48,49,51,52,53,54,54,55,56,57,58,58,60,62,62,62,64,64
20260729_152303_3a4d7f,1785335006529537,1641711429,0,0,0,-52,128,0,16,16,16,16,16,15,15,14,14,14,15,14,14,14,14,14,13,13,12,13,12,12,11,11,11,11,0,0,0,0,0,0,0,0,0,0,0,8,9,9,10,11,12,11,12,12,13,13,14,14,14,14,14,15,15,15,16,16,16,16,16,17,17,0,32,31,31,30,30,30,30,28,28,28,28,27,26,27,26,26,25,25,27,24,25,24,22,21,19,21,19,18,0,0,0,0,0,0,0,13,14,15,16,17,19,20,22,23,24,24,25,27,26,27,27,27,27,28,28,30,30,30,31,30,33,33,32
20260729_152303_3a4d7f,1785335006629148,1641811228,0,0,0,-51,128,0,16,16,16,15,15,15,14,14,14,14,14,13,13,13,13,13,13,13,12,12,12,11,11,10,10,10,0,0,0,0,0,0,0,0,0,0,0,7,8,8,9,10,11,11,12,12,13,13,13,14,14,14,14,15,15,15,15,15,16,16,16,16,17,0,32,30,30,29,29,29,28,27,27,27,26,26,25,26,25,25,25,24,24,24,22,22,20,20,19,19,18,17,0,0,0,0,0,0,0,12,14,14,16,16,18,19,21,22,23,24,25,25,26,26,26,27,27,28,28,29,29,30,30,30,31,30,31
20260729_152303_3a4d7f,1785335006728216,1641911770,0,0,0,-51,128,0,17,17,17,16,16,16,15,14,15,14,15,14,14,15,15,15,13,13,13,12,12,12,11,11,11,10,0,0,0,0,0,0,0,0,0,0,0,9,9,10,10,11,11,12,12,14,14,14,14,14,14,14,15,15,15,16,17,17,17,17,17,17,17,0,64,60,63,60,60,57,57,56,55,54,55,51,53,54,51,53,50,51,50,49,46,46,42,41,40,40,36,36,0,0,0,0,0,0,0,26,28,31,34,34,39,40,44,45,48,50,49,50,52,53,54,56,55,57,57,57,61,60,62,60,62,63,65
20260729_152303_3a4d7f,1785335006833108,1642011698,0,0,0,-52,128,0,16,16,15,16,15,15,14,14,14,14,14,13,13,13,14,13,13,13,13,12,12,12,11,10,10,10,0,0,0,0,0,0,0,0,0,0,0,8,8,8,9,10,10,11,12,12,13,13,13,14,14,14,15,14,15,15,15,16,16,16,16,16,16,0,31,30,30,30,29,28,28,27,27,27,27,26,25,25,26,25,25,25,24,23,22,22,21,20,19,19,18,17,0,0,0,0,0,0,0,13,13,14,16,17,18,19,20,22,22,23,25,25,26,26,27,26,28,28,29,28,29,29,30,31,31,31,31
20260729_152303_3a4d7f,1785335006927659,1642111566,0,0,0,-52,128,0,16,16,16,16,14,14,14,14,14,14,13,13,13,13,13,13,13,12,13,13,11,11,11,10,10,9,0,0,0,0,0,0,0,0,0,0,0,7,8,9,9,9,11,11,11,13,13,13,13,14,14,14,14,14,15,15,15,15,16,16,16,16,16,0,63,61,62,59,58,57,56,55,54,54,52,52,52,52,52,51,51,50,48,48,47,46,43,41,40,39,37,36,0,0,0,0,0,0,0,26,28,28,32,34,38,39,42,43,46,47,49,50,51,52,54,55,55,57,57,58,59,61,62,62,62,65,62
20260729_152303_3a4d7f,1785335007028137,1642211532,0,0,0,-51,128,0,16,16,16,15,15,15,14,14,14,14,14,13,13,13,13,13,13,13,12,12,12,11,11,10,10,10,0,0,0,0,0,0,0,0,0,0,0,7,8,9,9,10,11,11,12,12,13,13,13,14,14,14,14,15,15,15,15,15,16,16,16,16,16,0,32,30,31,30,30,29,27,27,26,27,27,26,26,25,25,25,25,25,24,23,23,22,21,21,19,19,18,18,0,0,0,0,0,0,0,13,13,14,16,17,18,19,21,22,23,23,24,25,26,26,26,27,28,27,28,30,29,30,30,31,31,31,31
20260729_152303_3a4d7f,1785335007128135,1642311532,0,0,0,-51,128,0,16,16,16,15,15,14,14,14,14,14,13,13,13,13,13,13,13,13,12,12,11,11,11,10,10,10,0,0,0,0,0,0,0,0,0,0,0,7,8,9,10,10,10,11,12,12,12,13,13,13,14,14,14,14,14,16,16,16,16,16,16,16,16,0,63,60,62,57,59,58,55,55,53,52,53,50,51,52,50,51,48,51,48,47,46,44,42,41,39,40,36,36,0,0,0,0,0,0,0,26,28,29,33,34,37,39,44,44,45,48,47,50,51,52,52,54,54,55,54,60,59,59,62,59,62,64,63
20260729_152303_3a4d7f,1785335007228724,1642411684,0,0,0,-52,128,0,17,17,17,17,16,16,16,16,15,15,15,14,15,15,14,14,14,14,13,14,13,13,12,12,11,11,0,0,0,0,0,0,0,0,0,0,0,9,9,10,11,11,11,12,13,14,14,14,14,15,15,15,16,16,16,16,16,16,18,18,18,18,17,0,63,64,62,59,59,59,56,57,55,56,53,54,53,52,52,52,51,51,51,48,47,45,44,42,41,39,38,36,0,0,0,0,0,0,0,26,30,30,33,35,39,41,42,44,46,48,50,51,52,53,55,55,57,57,58,59,61,62,62,63,63,64,63
20260729_152303_3a4d7f,1785335007327937,1642511643,0,0,0,-51,128,0,17,17,17,17,16,15,15,15,15,15,15,15,15,15,15,14,14,14,14,13,13,13,12,12,11,11,0,0,0,0,0,0,0,0,0,0,0,9,9,10,11,12,12,13,14,13,14,14,14,15,15,15,15,15,16,16,16,16,17,17,17,17,17,0,32,31,31,31,30,29,28,28,28,28,28,27,26,27,27,26,26,27,26,25,24,24,23,22,20,21,18,18,0,0,0,0,0,0,0,13,15,16,17,18,20,21,22,23,24,25,26,26,27,26,28,27,28,29,29,29,30,31,31,32,31,32,32
20260729_152303_3a4d7f,1785335007433425,1642611666,0,0,0,-51,128,0,17,17,16,16,15,15,15,15,14,14,14,13,14,14,14,14,14,13,13,13,13,13,12,11,10,10,0,0,0,0,0,0,0,0,0,0,0,8,9,9,10,11,11,12,12,13,13,13,14,14,14,14,15,15,15,15,16,16,16,16,17,17,17,0,32,32,31,31,30,30,28,28,28,27,27,27,26,27,27,26,25,26,26,24,23,23,22,22,19,20,19,19,0,0,0,0,0,0,0,13,14,15,16,17,19,20,22,22,23,25,25,25,27,26,27,28,28,29,28,29,30,31,32,30,32,31,32
20260729_152303_3a4d7f,1785335007532448,1642712147,0,0,0,-51,128,0,17,16,16,16,16,15,14,14,14,14,14,14,13,14,13,13,13,13,12,12,11,11,10,10,10,10,0,0,0,0,0,0,0,0,0,0,0,7,8,8,9,10,11,12,12,13,13,13,13,13,14,15,14,15,15,15,16,16,16,16,16,17,17,0,64,62,61,61,59,58,57,55,53,54,55,52,51,50,51,51,49,51,49,48,46,45,42,44,39,37,33,36,0,0,0,0,0,0,0,25,28,29,32,34,37,40,42,44,46,48,50,51,53,51,53,53,55,57,58,60,61,60,60,62,62,62,63
20260729_152303_3a4d7f,1785335007632023,1642811640,0,0,0,-51,128,0,17,17,17,16,17,16,16,15,15,14,14,14,14,15,14,15,14,14,13,13,13,12,12,11,11,11,0,0,0,0,0,0,0,0,0,0,0,9,10,10,11,11,12,12,13,14,14,14,14,16,16,16,16,16,16,17,16,17,17,17,17,18,18,0,62,65,62,62,60,59,57,57,54,56,55,54,52,52,53,52,51,50,49,49,47,45,43,42,41,38,38,37,0,0,0,0,0,0,0,27,28,32,33,37,38,41,43,44,47,49,51,51,54,54,53,55,58,58,58,60,60,61,63,62,64,64,63
20260729_152303_3a4d7f,1785335007729318,1642911819,0,0,0,-51,128,0,17,17,17,17,17,15,15,15,15,15,15,14,15,14,14,14,14,13,13,13,12,12,12,11,11,10,0,0,0,0,0,0,0,0,0,0,0,8,9,10,10,11,12,12,12,13,14,14,14,15,15,15,15,15,16,16,16,16,16,16,17,17,17,0,62,62,61,61,60,60,57,56,54,55,54,53,51,50,52,51,51,50,51,49,47,45,44,42,41,40,38,36,0,0,0,0,0,0,0,26,28,31,33,35,38,40,43,46,48,49,50,53,53,53,55,54,56,57,58,58,61,60,61,63,64,63,64
20260729_152303_3a4d7f,1785335007828064,1643012087,0,0,0,-51,128,0,16,15,15,15,15,14,14,14,14,14,14,13,13,14,13,13,13,13,13,12,11,11,11,10,10,10,0,0,0,0,0,0,0,0,0,0,0,7,8,8,9,10,10,11,12,12,13,13,13,13,13,14,14,14,14,14,16,16,16,15,17,17,16,0,64,62,61,60,59,57,56,54,55,53,53,52,52,53,51,51,50,48,48,47,47,45,43,41,39,38,38,34,0,0,0,0,0,0,0,26,29,29,31,35,37,40,41,44,47,48,49,50,51,54,55,54,55,56,57,57,59,59,60,63,62,63,64
20260729_152303_3a4d7f,1785335007944590,1643127528,0,0,0,-51,128,0,16,16,16,16,15,16,15,15,14,14,14,13,13,13,13,14,13,13,13,13,12,12,11,11,11,10,0,0,0,0,0,0,0,0,0,0,0,8,9,9,9,10,11,11,12,12,13,14,14,14,14,15,15,16,16,16,15,16,16,16,17,16,16,0,32,31,30,29,29,30,28,26,28,28,26,25,26,26,25,26,25,24,24,23,24,23,22,20,21,19,18,18,0,0,0,0,0,0,0,13,14,16,14,18,19,20,20,23,24,24,24,25,24,25,27,26,27,27,27,28,31,30,31,29,33,33,32
20260729_152303_3a4d7f,1785335008031307,1643212961,0,0,0,-51,128,0,17,16,16,16,14,14,15,14,14,14,13,14,14,13,13,13,13,13,13,12,11,11,11,11,10,9,0,0,0,0,0,0,0,0,0,0,0,7,8,8,9,10,10,11,12,12,13,13,13,13,13,13,14,14,14,15,16,16,16,16,16,17,17,0,63,60,60,59,58,57,56,56,54,54,53,52,52,51,50,51,50,49,48,46,46,45,43,40,39,38,37,35,0,0,0,0,0,0,0,25,27,28,31,34,36,40,41,43,46,47,50,50,52,53,53,55,54,55,58,59,59,60,62,61,63,63,63
20260729_152303_3a4d7f,1785335008132316,1643312151,0,0,0,-52,128,0,17,17,16,16,15,15,15,14,14,14,14,14,14,13,14,13,13,12,12,12,11,11,11,10,10,10,0,0,0,0,0,0,0,0,0,0,0,8,8,9,9,10,10,11,12,13,13,13,13,13,13,13,14,14,15,15,16,16,16,17,17,17,17,0,63,62,61,61,59,57,55,55,55,55,54,52,51,51,52,51,50,50,49,48,45,44,43,41,39,39,36,36,0,0,0,0,0,0,0,25,27,30,31,35,36,40,41,44,46,49,50,51,52,52,53,54,56,57,57,58,59,59,61,62,62,63,64
20260729_152303_3a4d7f,1785335008232674,1643414568,0,0,0,-51,128,0,17,17,17,17,16,16,16,16,15,15,15,15,14,15,15,14,15,14,14,14,12,12,12,11,11,10,0,0,0,0,0,0,0,0,0,0,0,9,9,10,10,11,11,13,13,14,14,14,14,15,15,15,16,16,16,17,17,17,17,17,17,18,17,0,63,64,62,62,60,60,58,57,54,56,55,55,53,51,52,52,52,51,51,48,48,45,44,43,40,39,38,36,0,0,0,0,0,0,0,27,29,30,32,35,38,41,43,46,49,48,51,52,52,54,55,56,57,57,58,61,61,61,64,63,65,66,64
20260729_152303_3a4d7f,1785335008333247,1643511896,0,0,0,-51,128,0,15,16,16,16,15,15,14,14,14,14,14,13,13,13,13,13,13,13,12,12,12,11,11,11,10,10,0,0,0,0,0,0,0,0,0,0,0,7,8,9,9,10,10,11,12,12,13,13,13,13,14,14,14,14,15,15,15,15,16,16,16,16,16,0,30,30,30,29,28,29,28,28,27,26,26,26,26,26,25,24,25,24,24,23,22,22,21,20,19,19,18,17,0,0,0,0,0,0,0,13,14,15,16,17,18,19,20,22,22,23,24,24,25,26,26,27,27,27,28,29,30,30,31,30,31,32,31
20260729_152303_3a4d7f,1785335008430867,1643612224,0,0,0,-52,128,0,17,17,16,16,16,16,15,15,15,16,15,15,15,14,14,14,14,14,14,13,13,13,12,12,12,11,0,0,0,0,0,0,0,0,0,0,0,9,9,10,10,11,12,13,13,14,14,15,14,14,14,14,15,15,16,16,16,16,17,17,17,17,17,0,32,32,31,31,30,30,29,28,28,27,28,27,27,27,27,25,26,25,25,24,24,23,22,21,21,20,19,19,0,0,0,0,0,0,0,13,15,16,17,17,19,21,21,23,24,25,25,26,27,27,28,28,29,28,29,30,31,31,32,32,32,32,33
20260729_152303_3a4d7f,1785335008528950,1643712550,0,0,0,-51,128,0,16,16,16,16,15,15,15,14,14,14,14,13,13,13,14,14,13,13,13,13,12,12,11,10,10,9,0,0,0,0,0,0,0,0,0,0,0,8,8,9,10,10,10,11,12,12,13,13,13,14,14,14,14,14,15,15,15,16,16,16,16,17,16,0,31,30,30,29,29,28,27,27,26,27,26,26,25,26,26,26,26,25,25,23,24,22,22,21,19,19,18,17,0,0,0,0,0,0,0,13,14,16,16,17,19,20,20,22,23,24,25,25,25,26,26,26,27,28,27,29,29,30,30,30,31,31,31
20260729_152303_3a4d7f,1785335008632279,1643811803,0,0,0,-52,128,0,17,18,16,16,16,16,16,16,15,15,15,14,14,14,14,14,14,14,13,13,13,13,12,12,11,11,0,0,0,0,0,0,0,0,0,0,0,9,9,10,11,11,11,13,13,13,14,14,14,15,15,15,16,15,16,16,16,17,18,17,18,18,17,0,63,63,62,59,59,59,57,56,55,55,54,53,53,53,52,51,52,50,49,48,47,46,45,42,40,39,37,36,0,0,0,0,0,0,0,27,29,31,34,35,38,41,42,45,46,49,51,51,53,54,54,55,57,57,58,59,59,62,62,62,63,64,64
20260729_152303_3a4d7f,1785335008733395,1643915970,0,0,0,-52,128,0,17,17,17,16,16,16,15,14,14,14,14,13,14,14,13,14,13,13,13,13,12,12,12,11,11,10,0,0,0,0,0,0,0,0,0,0,0,8,8,9,10,10,12,12,12,13,13,14,13,14,14,14,14,14,15,16,16,17,15,17,17,17,17,0,60,63,62,60,57,56,58,54,51,54,53,50,55,51,53,51,50,49,49,46,45,43,41,41,38,39,35,35,0,0,0,0,0,0,0,25,28,28,31,34,37,39,40,44,43,47,47,51,49,53,52,56,51,57,60,57,57,64,62,61,60,65,61
20260729_152303_3a4d7f,1785335008838622,1644017726,0,0,0,-51,128,0,18,17,18,16,17,16,16,15,14,15,14,14,14,15,14,14,14,14,14,13,13,13,12,12,10,11,0,0,0,0,0,0,0,0,0,0,0,9,9,10,10,11,12,12,12,14,14,14,15,15,15,15,15,16,16,16,16,16,17,17,18,18,17,0,64,63,57,61,60,60,56,57,53,59,55,49,51,51,51,50,54,51,47,43,46,44,46,44,36,39,38,38,0,0,0,0,0,0,0,27,29,30,34,35,38,42,42,45,48,49,51,50,51,54,55,55,57,57,57,60,60,60,64,60,63,62,62
20260729_152303_3a4d7f,1785335008931591,1644111647,0,0,0,-52,128,0,17,17,17,16,16,16,16,15,15,14,14,14,14,14,14,14,14,14,14,13,13,12,12,11,11,11,0,0,0,0,0,0,0,0,0,0,0,8,9,10,10,11,12,12,13,13,13,13,15,15,15,15,15,16,16,16,16,16,17,17,17,17,17,0,64,61,61,60,59,58,56,55,56,55,54,51,51,52,51,51,49,50,49,48,47,45,43,42,41,39,37,35,0,0,0,0,0,0,0,26,28,30,33,35,38,41,42,45,47,49,49,51,52,52,53,55,57,56,58,59,60,61,62,62,62,64,63
20260729_152303_3a4d7f,1785335009032735,1644213969,0,0,0,-52,128,0,16,15,16,15,15,14,14,14,14,13,13,13,13,13,13,13,13,13,12,12,12,12,10,10,9,9,0,0,0,0,0,0,0,0,0,0,0,7,8,8,9,10,10,11,12,12,12,12,13,13,13,14,14,14,14,15,15,15,15,15,16,16,17,0,62,60,61,57,59,58,56,53,52,51,52,51,51,52,49,51,49,49,48,46,46,43,41,40,39,38,35,35,0,0,0,0,0,0,0,25,27,28,32,33,38,38,42,43,45,47,49,50,50,52,54,54,53,55,55,59,60,60,61,61,62,63,63
20260729_152303_3a4d7f,1785335009127604,1644311879,0,0,0,-52,128,0,17,17,17,17,16,16,16,15,15,15,15,14,14,15,15,14,13,14,13,13,13,12,11,11,11,11,0,0,0,0,0,0,0,0,0,0,0,9,9,9,11,11,11,12,13,14,13,14,14,14,14,14,15,15,16,16,16,17,17,17,17,17,17,0,61,64,60,60,55,58,55,56,54,56,54,51,52,51,52,52,50,50,49,48,46,44,44,42,40,39,37,36,0,0,0,0,0,0,0,26,28,31,32,35,37,40,42,45,47,49,49,51,53,53,54,53,57,57,59,57,60,60,62,62,62,63,64
20260729_152303_3a4d7f,1785335009233579,1644412013,0,0,0,-52,128,0,16,16,16,16,16,15,15,15,14,14,15,13,14,14,14,14,14,14,14,12,12,12,11,11,11,10,0,0,0,0,0,0,0,0,0,0,0,9,9,9,10,10,11,12,13,13,13,13,14,14,14,15,14,15,15,16,16,16,16,16,16,17,17,0,62,62,60,60,58,59,56,55,54,55,54,52,51,50,51,51,51,51,50,48,46,43,44,42,40,37,38,36,0,0,0,0,0,0,0,26,28,30,32,36,38,41,42,45,47,48,50,51,52,52,52,54,57,57,57,58,59,62,61,63,64,64,63
20260729_152303_3a4d7f,1785335009331936,1644511258,0,0,0,-52,128,0,18,18,16,16,16,16,16,15,15,15,15,15,15,15,14,14,14,13,13,13,13,13,12,12,11,11,0,0,0,0,0,0,0,0,0,0,0,9,9,10,10,11,11,12,13,13,14,14,14,15,15,15,16,16,16,16,16,16,17,17,17,17,17,0,62,62,62,60,60,59,56,56,55,56,54,53,54,52,51,50,50,51,50,48,48,45,43,42,41,39,38,38,0,0,0,0,0,0,0,27,29,31,33,35,39,40,43,45,47,47,50,52,52,52,54,55,56,57,57,59,60,61,62,62,64,64,64
20260729_152303_3a4d7f,1785335009431198,1644611650,0,0,0,-52,128,0,16,16,16,16,16,15,15,15,15,15,15,14,14,14,14,14,14,14,13,13,13,12,12,11,11,11,0,0,0,0,0,0,0,0,0,0,0,8,9,9,10,11,12,12,13,13,14,14,14,14,14,15,15,15,15,16,16,16,16,17,17,17,17,0,32,31,31,31,30,29,28,27,27,28,27,26,26,26,26,26,25,25,25,25,24,22,21,21,20,20,18,18,0,0,0,0,0,0,0,14,15,15,16,18,19,20,22,23,24,25,25,26,26,26,27,27,28,28,28,29,30,30,31,31,32,32,32
20260729_152303_3a4d7f,1785335009529120,1644711567,0,0,0,-51,128,0,17,17,16,16,16,15,15,14,14,14,14,14,13,14,14,14,14,13,13,13,13,13,11,11,11,10,0,0,0,0,0,0,0,0,0,0,0,9,9,10,10,10,12,12,12,13,13,14,14,13,14,15,15,15,15,16,16,16,16,16,17,17,17,0,64,61,62,59,60,57,56,55,55,54,53,52,51,52,52,51,49,51,49,48,46,44,43,41,40,39,36,35,0,0,0,0,0,0,0,26,29,30,33,34,38,40,43,45,45,49,48,53,52,54,54,55,56,56,56,59,59,60,61,61,63,64,64
20260729_152303_3a4d7f,1785335009628324,1644811652,0,0,0,-52,128,0,16,16,16,16,15,15,15,14,14,15,15,13,13,14,14,14,13,13,14,13,13,12,12,12,11,11,0,0,0,0,0,0,0,0,0,0,0,8,9,9,10,11,11,12,13,13,13,14,14,14,14,15,15,15,15,15,16,16,16,16,16,16,16,0,63,62,62,60,58,58,56,55,55,55,55,53,52,53,51,52,51,50,48,48,47,45,44,42,40,39,36,36,0,0,0,0,0,0,0,26,29,30,34,35,37,40,43,45,46,49,49,50,52,52,54,54,57,57,57,59,59,61,61,63,62,63,65
20260729_152303_3a4d7f,1785335009731950,1644911612,0,0,0,-52,128,0,16,16,15,15,14,14,14,14,13,13,13,14,14,14,13,13,13,13,12,12,12,12,11,11,10,10,0,0,0,0,0,0,0,0,0,0,0,8,9,9,9,10,10,11,12,12,12,12,13,13,13,14,14,14,14,14,15,15,16,15,15,16,16,0,31,31,29,30,28,28,28,27,26,28,26,26,26,25,26,25,26,24,25,23,22,22,22,21,19,18,18,18,0,0,0,0,0,0,0,13,14,15,16,17,19,19,20,21,22,24,25,25,25,26,26,26,28,27,28,28,29,29,30,30,31,32,30
20260729_152303_3a4d7f,1785335009831593,1645011718,0,0,0,-51,128,0,17,16,16,16,16,16,15,15,15,14,14,13,13,14,13,14,13,14,13,12,12,11,11,11,10,10,0,0,0,0,0,0,0,0,0,0,0,8,8,9,10,10,11,12,13,13,13,13,14,14,15,14,15,16,15,16,16,16,16,16,17,17,17,0,65,61,62,59,59,57,56,56,55,55,54,52,52,53,51,52,50,50,49,48,45,45,42,41,40,40,35,35,0,0,0,0,0,0,0,25,28,30,34,33,38,39,43,45,47,49,49,51,52,54,54,56,56,57,57,60,60,60,63,62,63,63,63
20260729_152303_3a4d7f,1785335009935532,1645114107,0,0,0,-51,128,0,16,16,16,16,16,15,15,14,14,15,14,13,14,14,14,14,14,14,14,12,12,12,11,11,11,10,0,0,0,0,0,0,0,0,0,0,0,8,9,9,9,11,11,12,12,13,13,13,13,14,14,14,15,16,16,16,16,16,16,16,17,17,17,0,64,61,60,59,59,59,56,55,53,55,55,51,51,52,52,51,50,50,49,48,46,44,43,42,39,38,37,37,0,0,0,0,0,0,0,25,28,30,33,34,38,40,43,45,48,48,50,52,52,53,54,56,57,57,58,59,60,59,62,62,63,63,63
20260729_152303_3a4d7f,1785335010031582,1645212606,0,0,0,-52,128,0,17,16,17,15,15,14,14,14,14,14,14,13,13,14,14,13,13,13,13,12,12,12,12,11,11,11,0,0,0,0,0,0,0,0,0,0,0,8,9,9,10,11,11,11,12,13,13,14,14,14,14,14,14,15,16,15,16,16,17,15,17,17,17,0,62,62,61,61,58,56,56,55,54,54,52,51,50,52,52,51,51,49,48,48,47,45,43,41,40,38,36,36,0,0,0,0,0,0,0,26,28,30,33,34,37,40,42,45,46,49,49,50,52,53,54,54,56,56,57,59,59,61,61,61,63,65,64
20260729_152303_3a4d7f,1785335010126783,1645310668,0,0,0,-51,128,0,17,16,16,16,15,15,14,14,15,15,14,14,14,13,14,14,13,13,13,12,12,11,11,11,11,10,0,0,0,0,0,0,0,0,0,0,0,8,8,9,9,10,11,11,12,13,13,13,13,13,14,14,14,14,15,15,16,16,17,17,17,17,17,0,63,62,62,60,60,59,56,55,55,55,54,53,51,53,50,53,51,52,50,49,47,45,42,42,40,39,37,36,0,0,0,0,0,0,0,26,27,30,33,35,38,40,43,46,47,49,51,52,53,52,55,56,56,58,58,60,60,61,62,61,64,64,63
20260729_152303_3a4d7f,1785335010227944,1645412130,0,0,0,-51,128,0,16,16,16,15,15,15,14,14,14,13,14,13,13,14,13,14,13,13,13,12,12,12,10,10,10,9,0,0,0,0,0,0,0,0,0,0,0,8,8,9,10,9,10,11,12,12,12,13,13,14,14,14,14,15,15,15,15,15,16,16,16,16,17,0,32,31,30,30,28,28,28,27,27,27,26,25,27,25,26,25,25,24,24,24,23,22,21,21,20,19,17,17,0,0,0,0,0,0,0,12,13,15,15,17,18,20,20,22,22,23,24,25,26,26,27,26,28,27,28,28,29,30,31,31,30,31,32
20260729_152303_3a4d7f,1785335010329290,1645511582,0,0,0,-51,128,0,17,16,16,16,16,15,15,14,15,14,14,13,14,14,13,13,13,13,13,12,12,12,11,11,10,10,0,0,0,0,0,0,0,0,0,0,0,8,9,9,10,10,11,12,12,12,14,14,14,14,14,14,14,15,15,16,16,16,16,16,17,17,17,0,65,62,61,61,59,57,55,55,54,56,55,52,52,51,52,51,51,49,49,47,48,44,44,41,40,39,38,36,0,0,0,0,0,0,0,24,27,29,32,35,37,39,42,44,46,49,49,52,51,51,53,55,57,56,58,59,59,60,62,63,63,63,62
20260729_152303_3a4d7f,1785335010433225,1645611682,0,0,0,-51,128,0,17,17,16,16,16,15,15,15,14,14,14,13,13,13,14,13,14,13,13,13,12,12,12,11,10,10,0,0,0,0,0,0,0,0,0,0,0,8,8,9,9,10,11,12,13,13,13,13,13,14,14,14,15,15,15,15,15,16,16,16,17,17,16,0,61,61,59,60,55,55,56,54,54,53,51,52,50,50,51,50,51,49,48,46,46,44,42,39,39,38,37,35,0,0,0,0,0,0,0,25,27,30,30,34,36,39,41,44,44,47,50,49,51,51,52,53,55,54,55,56,57,59,60,62,60,62,61
20260729_152303_3a4d7f,1785335010533446,1645711829,0,0,0,-51,128,0,17,17,16,16,16,16,15,15,15,15,15,14,14,14,14,14,14,14,14,13,13,13,12,11,11,11,0,0,0,0,0,0,0,0,0,0,0,9,9,10,10,11,12,12,13,13,14,14,15,15,15,15,15,15,16,16,16,16,17,17,17,17,17,0,31,31,31,30,30,29,28,29,28,28,27,26,26,26,27,27,26,25,25,25,24,23,23,21,21,20,19,18,0,0,0,0,0,0,0,14,15,16,16,18,19,20,21,23,24,25,25,26,26,27,28,28,29,29,29,29,30,31,31,31,31,32,33
20260729_152303_3a4d7f,1785335010628941,1645811496,0,0,0,-52,128,0,16,16,16,16,16,16,16,15,15,15,14,14,14,14,13,13,13,13,13,13,13,11,11,11,10,10,0,0,0,0,0,0,0,0,0,0,0,8,9,9,10,10,11,12,13,13,14,14,14,15,15,14,15,15,16,16,16,16,16,16,16,16,16,0,62,64,62,61,58,58,57,57,55,55,54,53,53,52,53,50,52,50,50,48,48,46,45,41,40,39,38,36,0,0,0,0,0,0,0,25,28,31,33,36,36,40,42,45,47,48,51,51,53,54,54,54,57,57,58,58,60,60,62,62,64,63,63
20260729_152303_3a4d7f,1785335010730108,1645912010,0,0,0,-51,128,0,16,16,16,15,15,15,14,14,14,14,13,13,13,13,13,13,13,14,13,11,12,11,12,10,10,10,0,0,0,0,0,0,0,0,0,0,0,8,8,9,9,10,10,11,12,12,13,13,13,14,14,14,14,14,14,15,15,16,16,16,16,16,17,0,31,30,30,29,29,29,28,28,26,26,26,27,25,26,25,25,25,26,28,25,23,19,22,21,20,19,17,17,0,0,0,0,0,0,0,13,13,14,16,18,18,19,20,21,23,23,24,24,25,26,27,27,27,28,28,29,30,30,30,30,31,32,32
20260729_152303_3a4d7f,1785335010830494,1646011387,0,0,0,-51,128,0,16,16,16,16,15,14,14,14,13,14,13,13,13,13,14,13,13,13,12,13,12,12,10,11,10,9,0,0,0,0,0,0,0,0,0,0,0,7,8,9,9,10,11,12,11,12,13,13,13,13,14,14,14,14,15,15,15,15,16,16,16,16,16,0,32,32,30,30,28,29,28,27,26,27,27,27,26,25,26,25,25,24,25,25,24,23,19,19,19,20,18,18,0,0,0,0,0,0,0,13,13,14,15,17,18,20,20,21,22,24,24,25,26,26,26,27,28,28,29,29,29,30,30,32,31,31,31
20260729_152303_3a4d7f,1785335010930688,1646111645,0,0,0,-52,128,0,15,17,15,15,15,15,14,14,14,14,14,13,13,13,13,13,13,12,12,12,11,11,11,10,10,10,0,0,0,0,0,0,0,0,0,0,0,8,8,9,9,10,10,11,11,12,13,13,13,14,14,14,14,14,15,15,15,15,16,16,17,16,16,0,61,61,62,58,59,57,56,55,54,53,53,52,51,51,50,51,50,51,49,47,46,44,42,42,39,39,36,35,0,0,0,0,0,0,0,26,28,29,32,34,37,39,41,43,46,47,48,50,51,52,53,54,53,57,56,59,59,60,60,61,63,63,62
20260729_152303_3a4d7f,1785335011031272,1646211580,0,0,0,-52,128,0,17,17,17,17,16,16,15,15,15,15,15,15,14,14,14,14,14,14,14,14,14,12,12,12,11,11,0,0,0,0,0,0,0,0,0,0,0,8,9,10,11,11,12,12,13,13,13,14,14,15,15,15,15,15,16,16,17,16,17,17,17,17,17,0,64,62,64,59,60,60,57,56,55,54,54,52,52,53,51,53,51,52,49,49,49,45,43,42,41,41,37,37,0,0,0,0,0,0,0,26,30,30,33,34,40,40,44,46,47,48,49,52,53,53,54,55,55,58,56,60,61,61,63,61,64,64,65
20260729_152303_3a4d7f,1785335011127523,1646311625,0,0,0,-51,128,0,17,17,17,17,16,16,16,15,15,15,15,15,15,14,14,14,14,13,13,13,13,12,12,11,11,11,0,0,0,0,0,0,0,0,0,0,0,9,9,10,11,11,12,13,13,13,14,14,15,15,15,16,15,16,16,16,16,17,17,17,17,17,17,0,65,64,63,60,59,59,57,55,54,55,54,53,52,54,52,52,51,50,49,48,46,46,44,42,42,40,36,36,0,0,0,0,0,0,0,27,29,31,33,35,38,40,43,45,47,49,50,52,53,53,56,57,56,58,57,60,60,60,63,62,62,65,64
20260729_152303_3a4d7f,1785335011233581,1646411725,0,0,0,-52,128,0,17,17,17,17,16,16,16,16,15,14,14,14,14,14,14,14,14,14,13,13,13,12,12,11,11,11,0,0,0,0,0,0,0,0,0,0,0,8,9,10,10,11,11,12,13,13,14,14,14,15,15,15,16,16,16,16,17,16,17,17,17,18,17,0,31,32,32,30,29,30,29,29,28,27,27,27,27,27,26,26,26,25,25,25,24,23,22,21,20,20,18,19,0,0,0,0,0,0,0,13,14,16,16,18,19,20,22,23,23,24,25,26,27,27,28,28,28,29,29,30,31,31,31,30,32,32,32
20260729_152303_3a4d7f,1785335011333598,1646511941,0,0,0,-52,128,0,17,17,17,16,16,16,16,16,14,15,15,14,15,15,14,14,14,14,14,13,12,12,12,11,11,10,0,0,0,0,0,0,0,0,0,0,0,8,9,10,10,11,11,12,13,14,14,14,14,14,16,16,16,16,16,16,17,17,17,17,18,17,17,0,63,64,63,60,59,59,57,57,53,56,54,53,52,52,52,52,49,50,50,48,47,44,44,42,40,38,36,37,0,0,0,0,0,0,0,26,28,30,33,35,40,40,42,45,47,49,51,51,51,54,54,55,54,57,56,60,61,61,62,62,64,64,61
20260729_152303_3a4d7f,1785335011432634,1646611576,0,0,0,-51,128,0,17,17,17,17,16,16,16,15,15,15,15,14,14,14,14,14,14,13,14,13,12,12,12,11,11,10,0,0,0,0,0,0,0,0,0,0,0,9,9,9,10,11,12,12,13,13,13,14,14,15,15,15,15,16,16,16,16,16,17,17,17,17,17,0,32,33,30,32,29,30,28,28,28,28,27,26,27,26,27,26,27,25,25,24,24,23,23,21,20,19,20,18,0,0,0,0,0,0,0,14,15,16,17,18,18,21,21,23,24,24,26,25,26,27,28,27,29,28,30,29,30,31,31,33,31,31,32
20260729_152303_3a4d7f,1785335011532345,1646712466,0,0,0,-52,128,0,16,16,16,16,16,15,15,14,14,15,14,13,13,14,14,14,14,14,13,13,12,11,10,10,10,10,0,0,0,0,0,0,0,0,0,0,0,8,8,9,9,11,11,11,12,13,13,13,14,14,14,14,15,15,16,15,16,16,16,16,16,16,16,0,62,62,62,59,59,57,55,55,55,55,57,52,52,54,51,51,50,50,49,45,42,46,43,37,38,38,37,36,0,0,0,0,0,0,0,25,28,30,33,33,37,40,42,44,46,48,49,52,52,54,54,54,55,56,56,59,59,61,60,62,63,62,62
20260729_152303_3a4d7f,1785335011627747,1646811427,0,0,0,-52,128,0,16,16,16,15,15,15,14,14,14,14,14,13,13,13,13,13,13,13,13,12,12,12,10,10,10,9,0,0,0,0,0,0,0,0,0,0,0,7,8,9,9,10,10,11,12,12,12,13,13,14,14,14,14,14,14,15,16,16,16,15,16,16,16,0,61,62,59,58,57,58,55,55,53,54,52,52,50,50,51,50,49,49,49,47,46,44,43,42,38,38,36,36,0,0,0,0,0,0,0,25,28,28,31,34,37,39,41,42,46,47,49,49,51,52,53,52,56,55,58,57,59,60,60,62,62,62,62
20260729_152303_3a4d7f,1785335011728658,1646910346,0,0,0,-51,128,0,17,16,16,16,15,15,14,14,15,14,13,13,13,13,13,13,13,13,12,13,12,12,11,10,11,10,0,0,0,0,0,0,0,0,0,0,0,7,8,9,9,10,11,12,12,12,13,13,14,14,14,14,14,15,15,15,15,15,17,17,17,17,17,0,64,61,63,58,58,58,57,54,55,55,54,52,51,53,51,50,50,50,49,47,46,47,43,41,41,38,36,34,0,0,0,0,0,0,0,25,28,31,33,34,38,40,43,45,46,49,49,50,52,52,55,55,55,58,56,59,59,60,62,61,63,63,64
20260729_152303_3a4d7f,1785335011828673,1647012675,0,0,0,-51,128,0,16,16,15,15,15,14,14,14,13,13,13,13,14,13,13,13,13,13,12,12,12,11,11,11,9,9,0,0,0,0,0,0,0,0,0,0,0,7,8,9,9,10,11,12,11,12,12,13,13,13,14,14,14,14,15,15,15,15,16,16,16,16,16,0,32,31,29,30,29,29,28,28,27,26,27,24,25,25,24,25,25,25,23,23,22,21,21,21,19,18,17,17,0,0,0,0,0,0,0,12,13,15,16,17,17,19,21,22,22,24,24,25,26,26,27,27,27,28,29,29,30,30,30,31,31,32,32
20260729_152303_3a4d7f,1785335011929650,1647112888,0,0,0,-52,128,0,17,17,17,17,16,16,16,15,15,15,15,15,14,15,14,14,14,14,13,13,13,13,12,12,12,11,0,0,0,0,0,0,0,0,0,0,0,8,9,10,11,11,12,12,13,13,13,14,14,15,15,15,15,16,16,16,16,16,17,17,17,18,18,0,32,31,31,31,29,29,28,29,28,28,27,27,27,26,26,26,26,26,25,24,24,23,23,21,21,20,20,18,0,0,0,0,0,0,0,13,15,15,17,18,19,21,21,22,23,25,26,27,28,28,28,28,28,28,30,29,31,30,32,32,32,33,32
20260729_152303_3a4d7f,1785335012030816,1647211723,0,0,0,-51,128,0,17,16,16,16,15,15,15,14,14,14,14,14,13,13,13,13,13,13,13,12,12,12,11,11,10,10,0,0,0,0,0,0,0,0,0,0,0,7,8,9,9,10,11,11,13,13,13,14,14,14,14,14,14,16,15,15,16,16,16,16,16,17,17,0,65,61,62,60,59,58,56,54,54,54,54,51,52,53,51,52,50,51,48,48,47,43,41,41,39,39,35,36,0,0,0,0,0,0,0,25,27,30,34,33,36,39,43,43,47,49,49,51,52,52,53,55,55,58,56,59,61,60,61,61,62,63,63
20260729_152303_3a4d7f,1785335012132181,1647311566,0,0,0,-51,128,0,16,16,16,15,15,15,15,15,14,13,13,13,13,13,13,13,13,13,13,12,12,11,11,10,10,10,0,0,0,0,0,0,0,0,0,0,0,8,8,9,10,10,10,11,11,12,12,12,13,14,14,14,14,15,14,15,16,16,16,16,16,17,16,0,31,30,31,30,30,28,28,27,26,26,26,26,27,26,25,25,25,25,24,23,23,22,21,21,20,20,17,18,0,0,0,0,0,0,0,13,13,15,16,17,18,19,20,21,22,24,24,24,25,26,27,27,26,27,27,29,30,29,31,30,30,32,31
20260729_152303_3a4d7f,1785335012227843,1647411888,0,0,0,-51,128,0,17,17,16,16,16,16,15,15,15,15,14,14,14,14,14,14,14,13,13,13,13,12,12,12,11,11,0,0,0,0,0,0,0,0,0,0,0,9,9,10,10,11,11,12,13,13,13,14,14,15,15,15,15,15,16,16,16,16,16,17,17,17,17,0,64,63,61,60,57,57,56,55,55,55,56,53,52,52,53,52,51,50,49,48,47,45,43,42,40,40,36,36,0,0,0,0,0,0,0,26,29,32,34,35,37,41,43,44,47,49,49,51,53,54,54,54,58,56,57,57,58,61,62,63,62,64,64
20260729_152303_3a4d7f,1785335012329723,1647513663,0,0,0,-51,128,0,17,17,16,16,16,15,15,15,14,14,14,13,13,14,14,13,13,13,13,13,12,12,12,11,10,10,0,0,0,0,0,0,0,0,0,0,0,8,8,9,10,10,11,12,12,13,13,13,13,14,14,14,14,14,15,15,16,16,16,16,16,17,16,0,63,63,60,60,59,59,57,56,55,55,52,53,52,52,51,51,50,51,49,49,47,45,44,42,41,40,37,36,0,0,0,0,0,0,0,25,27,30,33,35,38,39,41,45,46,49,49,52,52,53,55,56,55,56,58,59,60,61,62,61,64,63,63
20260729_152303_3a4d7f,1785335012429784,1647613102,0,0,0,-52,128,0,16,16,16,16,16,14,15,13,14,14,13,13,13,13,13,14,13,12,12,12,12,11,11,11,10,10,0,0,0,0,0,0,0,0,0,0,0,8,8,9,9,10,11,11,12,13,13,13,13,13,13,14,14,14,14,16,16,16,16,16,16,17,16,0,62,63,60,60,59,58,56,54,54,54,53,51,51,51,51,50,51,49,49,46,47,44,43,41,40,38,37,36,0,0,0,0,0,0,0,26,29,30,34,35,37,41,42,44,47,49,50,52,52,54,54,55,55,57,58,58,60,59,61,63,64,64,62
20260729_152303_3a4d7f,1785335012530293,1647711691,0,0,0,-51,128,0,16,16,16,15,15,15,15,14,14,14,13,13,13,13,13,13,13,13,12,12,12,11,11,10,10,10,0,0,0,0,0,0,0,0,0,0,0,8,9,9,9,10,10,11,11,12,13,13,13,14,14,14,14,14,15,15,15,16,16,16,16,17,16,0,30,30,30,29,29,29,28,27,26,26,26,25,25,25,25,25,25,25,25,24,23,22,22,21,20,19,17,17,0,0,0,0,0,0,0,13,14,14,15,17,19,20,20,22,22,24,25,25,25,26,27,26,27,28,28,29,30,30,30,30,31,31,31
20260729_152303_3a4d7f,1785335012630088,1647811668,0,0,0,-51,128,0,17,17,16,16,16,15,15,15,15,15,14,14,14,14,14,14,14,13,13,13,13,11,11,11,11,10,0,0,0,0,0,0,0,0,0,0,0,8,8,9,10,11,11,12,13,13,13,13,14,14,14,14,14,16,15,17,17,17,17,17,17,17,17,0,63,63,61,61,60,58,57,55,53,55,53,52,52,52,52,51,51,50,48,49,47,45,42,42,39,38,36,36,0,0,0,0,0,0,0,26,28,31,33,35,37,40,42,45,47,48,51,52,53,54,54,55,56,57,57,59,60,61,62,63,63,63,62
20260729_152303_3a4d7f,1785335012729782,1647911349,0,0,0,-51,128,0,17,16,16,15,15,15,14,14,14,14,14,13,13,13,13,13,12,13,12,12,12,11,11,10,10,10,0,0,0,0,0,0,0,0,0,0,0,8,8,9,9,10,11,11,12,12,13,13,13,14,14,14,14,15,15,15,15,16,16,16,16,16,16,0,31,31,29,31,29,28,27,27,27,27,26,25,25,25,26,25,25,24,24,23,23,22,21,20,20,19,17,17,0,0,0,0,0,0,0,13,13,14,16,17,18,19,21,22,23,24,25,25,26,26,26,27,28,28,28,29,29,30,30,31,30,31,31
20260729_152303_3a4d7f,1785335012865496,1648045087,0,0,0,-52,128,0,16,16,16,16,15,14,14,14,14,14,13,13,13,13,13,13,13,13,12,12,12,11,11,10,10,10,0,0,0,0,0,0,0,0,0,0,0,7,8,9,9,10,11,11,12,12,12,13,13,13,13,13,14,14,14,15,15,15,16,16,16,16,16,0,31,30,29,29,28,28,27,26,26,27,26,25,25,25,25,25,24,25,24,23,23,22,21,20,20,19,17,17,0,0,0,0,0,0,0,12,13,14,16,17,18,19,21,22,22,25,24,25,26,26,26,27,27,28,29,29,29,29,29,30,30,31,31
20260729_152303_3a4d7f,1785335012941390,1648125576,0,0,0,-51,128,0,17,16,16,16,15,15,15,15,15,13,14,13,13,13,13,13,13,13,13,12,12,11,11,11,10,10,0,0,0,0,0,0,0,0,0,0,0,7,8,9,9,10,11,11,12,12,12,13,14,14,14,14,15,15,15,15,16,16,16,16,17,17,17,0,32,31,30,30,29,29,28,27,26,27,27,25,25,25,26,25,25,25,25,23,23,22,21,20,19,19,18,18,0,0,0,0,0,0,0,12,14,15,15,17,18,20,21,22,23,24,25,26,26,27,26,27,28,29,28,29,30,30,31,31,31,31,31
20260729_152303_3a4d7f,1785335013033116,1648211437,0,0,0,-51,128,0,17,17,17,17,17,17,15,15,15,15,15,15,15,15,14,14,14,14,13,13,12,12,12,11,11,10,0,0,0,0,0,0,0,0,0,0,0,9,9,10,11,11,12,12,13,14,14,14,14,15,15,15,15,15,17,17,17,17,17,17,17,17,17,0,65,64,63,60,61,60,58,57,55,55,54,54,54,52,52,51,52,51,49,49,46,45,44,42,40,39,37,38,0,0,0,0,0,0,0,27,30,31,33,36,39,41,43,44,48,48,53,51,53,54,55,56,57,58,57,60,61,61,63,61,64,65,63
20260729_152303_3a4d7f,1785335013132732,1648311371,0,0,0,-52,128,0,16,16,16,15,15,15,15,15,15,14,14,14,14,14,13,13,13,13,13,12,12,12,11,11,11,10,0,0,0,0,0,0,0,0,0,0,0,9,9,9,10,10,11,12,13,13,14,14,14,14,14,14,14,15,15,15,15,16,16,16,16,17,16,0,32,32,31,30,30,30,28,28,28,28,27,26,26,25,26,26,26,25,25,24,23,23,22,21,20,19,18,18,0,0,0,0,0,0,0,13,14,15,17,18,18,20,21,23,24,25,25,25,26,27,27,28,28,28,29,30,30,31,31,32,32,32,32
20260729_152303_3a4d7f,1785335013231151,1648412338,0,0,0,-51,128,0,17,17,17,16,16,15,15,15,15,15,15,14,15,15,14,14,14,14,14,13,13,13,13,11,11,11,0,0,0,0,0,0,0,0,0,0,0,9,9,10,11,11,12,13,13,14,14,14,14,14,15,15,15,16,16,16,16,17,17,17,17,17,17,0,62,65,61,61,59,60,56,57,55,56,55,53,51,51,53,53,52,50,50,48,48,46,45,44,40,38,38,38,0,0,0,0,0,0,0,27,29,30,32,36,39,41,43,45,46,48,52,53,53,53,52,54,57,57,58,60,60,63,62,65,64,64,63
20260729_152303_3a4d7f,1785335013354347,1648537513,0,0,0,-51,128,0,17,17,17,17,16,15,15,14,15,15,15,14,14,15,14,14,13,13,13,12,12,12,11,11,11,10,0,0,0,0,0,0,0,0,0,0,0,9,9,10,10,11,11,12,12,14,14,14,14,14,15,15,15,15,15,15,16,17,17,17,17,17,17,0,63,62,61,60,58,58,55,55,55,55,54,52,51,52,52,52,51,50,49,47,49,44,42,41,40,39,36,36,0,0,0,0,0,0,0,27,29,31,32,35,38,40,43,46,46,50,50,51,54,54,55,54,56,57,58,60,59,59,61,63,64,64,64
20260729_152303_3a4d7f,1785335013446180,1648625912,0,0,0,-51,128,0,16,16,16,16,16,16,15,15,15,15,14,14,14,14,14,14,14,14,13,13,13,12,12,11,11,11,0,0,0,0,0,0,0,0,0,0,0,8,9,9,10,11,11,12,13,13,14,14,14,14,13,15,15,15,15,16,16,16,16,16,17,17,17,0,62,62,62,60,59,58,57,55,53,54,54,54,52,51,52,52,49,48,49,48,47,47,44,42,38,40,36,36,0,0,0,0,0,0,0,26,28,31,33,36,37,40,43,45,47,49,50,50,53,53,54,55,56,58,58,57,59,61,61,63,63,64,63
20260729_152303_3a4d7f,1785335013531307,1648711844,0,0,0,-52,128,0,17,17,17,16,16,16,16,15,15,15,15,14,14,14,14,14,14,13,13,13,12,12,12,11,11,10,0,0,0,0,0,0,0,0,0,0,0,9,9,9,10,11,11,12,12,13,14,14,14,15,15,15,15,15,15,16,16,17,17,17,17,17,17,0,32,32,32,31,30,29,29,28,27,28,27,27,27,26,25,25,26,26,25,25,24,23,23,21,20,20,19,18,0,0,0,0,0,0,0,13,14,15,17,18,18,19,21,22,23,25,26,25,27,27,28,28,28,29,29,29,31,31,32,31,32,32,31
20260729_152303_3a4d7f,1785335013629294,1648811385,0,0,0,-52,128,0,17,17,16,17,15,15,15,15,15,15,15,14,14,13,14,14,14,13,13,13,13,12,12,11,11,10,0,0,0,0,0,0,0,0,0,0,0,9,9,10,10,11,11,12,12,14,14,14,14,15,15,14,15,15,16,15,16,16,16,17,17,17,17,0,62,62,60,60,59,59,57,56,54,56,56,52,53,52,52,52,51,50,50,49,47,45,43,42,41,39,37,35,0,0,0,0,0,0,0,26,28,31,34,36,37,40,44,45,47,49,50,51,52,53,54,55,57,57,59,59,60,60,62,63,62,62,63
20260729_152303_3a4d7f,1785335013728540,1648912131,0,0,0,-52,128,0,16,16,16,15,15,15,15,14,14,14,14,13,13,13,13,13,12,13,12,12,12,11,11,10,10,9,0,0,0,0,0,0,0,0,0,0,0,8,9,9,9,10,11,11,12,12,13,13,13,14,14,14,14,15,14,15,15,16,16,16,16,17,17,0,31,31,28,29,29,27,27,27,26,27,26,26,25,25,25,24,25,24,24,24,22,21,20,19,19,19,18,17,0,0,0,0,0,0,0,13,14,15,16,17,18,19,20,22,23,24,25,25,25,26,26,27,28,27,27,28,30,30,30,30,32,31,31
20260729_152303_3a4d7f,1785335013828540,1649011033,0,0,0,-51,128,0,17,17,17,17,16,16,16,15,15,15,15,14,14,15,15,15,14,14,14,14,13,13,12,11,11,10,0,0,0,0,0,0,0,0,0,0,0,8,9,10,11,11,12,13,13,13,14,14,14,15,15,15,15,16,16,16,16,16,17,17,17,17,18,0,32,32,31,30,30,30,28,27,28,28,28,27,26,27,27,26,27,26,26,25,24,23,22,21,21,20,19,19,0,0,0,0,0,0,0,14,15,15,17,18,20,21,22,24,24,26,25,26,26,27,27,28,29,29,29,30,31,30,30,31,32,32,32
20260729_152303_3a4d7f,1785335013928460,1649111592,0,0,0,-52,128,0,17,17,17,16,16,15,15,15,14,14,14,13,13,14,14,13,13,13,13,12,12,12,11,11,11,10,0,0,0,0,0,0,0,0,0,0,0,8,9,9,9,10,11,12,12,13,13,13,14,14,14,15,15,15,15,15,16,16,17,16,17,17,17,0,65,63,61,60,59,58,58,56,55,54,54,53,52,52,51,51,52,49,49,48,47,45,44,42,40,39,36,34,0,0,0,0,0,0,0,26,28,30,33,35,37,40,42,45,47,49,50,50,52,53,55,54,56,57,56,59,60,60,62,62,63,65,63
20260729_152303_3a4d7f,1785335014027783,1649211659,0,0,0,-51,128,0,17,16,16,15,16,15,14,14,14,14,14,14,14,13,13,13,13,13,12,12,12,11,11,10,10,10,0,0,0,0,0,0,0,0,0,0,0,8,8,9,9,10,11,12,12,12,13,13,14,14,14,14,15,15,15,15,15,16,16,16,16,16,16,0,62,63,60,62,57,57,56,55,55,56,54,51,52,50,53,50,50,49,50,47,46,43,44,40,39,37,37,35,0,0,0,0,0,0,0,26,27,29,31,35,37,40,42,44,47,49,51,50,52,52,54,53,56,56,58,57,60,60,60,64,63,63,63
20260729_152303_3a4d7f,1785335014131346,1649312831,0,0,0,-52,128,0,16,16,15,15,15,14,14,14,13,13,14,14,14,13,13,13,13,13,12,12,12,11,11,11,10,10,0,0,0,0,0,0,0,0,0,0,0,7,8,8,9,10,11,12,11,13,12,13,13,13,13,14,14,14,14,14,15,15,15,16,16,16,16,0,31,31,30,29,29,28,28,27,27,27,26,26,25,26,25,25,25,24,23,23,22,22,21,20,20,20,17,17,0,0,0,0,0,0,0,12,13,15,16,17,18,19,20,22,22,24,24,24,26,26,27,27,27,28,28,29,29,30,31,31,31,31,32
20260729_152303_3a4d7f,1785335014228883,1649412064,0,0,0,-51,128,0,16,16,16,15,15,15,15,13,13,13,14,14,13,13,13,13,14,12,13,11,11,11,10,10,9,9,0,0,0,0,0,0,0,0,0,0,0,8,8,9,9,10,10,11,12,12,13,13,13,13,13,13,14,14,14,15,16,16,16,16,16,17,16,0,63,60,61,59,59,58,58,55,54,52,52,52,52,52,51,51,52,49,47,47,46,45,42,40,40,38,36,34,0,0,0,0,0,0,0,25,29,30,32,35,36,39,41,44,46,48,49,50,51,52,54,54,55,55,57,59,60,60,63,61,62,64,64
20260729_152303_3a4d7f,1785335014334765,1649513522,0,0,0,-51,128,0,18,17,17,16,16,15,16,15,15,15,15,13,13,14,14,14,14,14,14,13,12,12,11,11,10,10,0,0,0,0,0,0,0,0,0,0,0,9,9,9,10,11,12,12,13,13,13,13,14,14,14,15,16,16,16,16,16,16,17,17,18,18,18,0,62,62,60,61,58,59,55,55,55,55,54,52,51,52,52,51,50,49,49,47,46,44,44,41,40,38,39,35,0,0,0,0,0,0,0,27,28,30,33,34,37,40,42,45,46,49,50,52,53,53,54,54,57,56,58,58,60,61,61,62,64,64,64
20260729_152303_3a4d7f,1785335014428406,1649611943,0,0,0,-51,128,0,17,18,17,17,17,17,15,15,15,15,15,15,15,15,15,14,14,13,13,13,13,12,12,11,11,11,0,0,0,0,0,0,0,0,0,0,0,8,9,10,10,11,11,12,13,14,15,15,15,15,15,15,16,15,16,16,16,17,17,17,17,17,17,0,64,64,63,61,60,60,57,57,55,56,54,54,55,53,52,53,52,49,49,48,47,47,44,42,40,40,38,37,0,0,0,0,0,0,0,27,29,31,33,34,39,40,43,45,47,50,51,51,53,54,56,57,56,56,58,59,60,61,64,63,63,64,62
20260729_152303_3a4d7f,1785335014528789,1649711572,0,0,0,-51,128,0,17,16,16,16,14,15,15,14,14,14,13,14,12,13,13,13,13,13,13,12,12,11,11,11,9,9,0,0,0,0,0,0,0,0,0,0,0,7,8,9,9,10,11,11,11,12,13,13,13,14,14,14,15,13,15,15,15,16,16,16,16,17,16,0,63,63,60,59,57,56,55,54,54,55,53,52,52,52,52,50,52,49,48,47,46,45,42,41,40,38,35,35,0,0,0,0,0,0,0,26,27,30,32,35,36,40,40,43,45,48,49,51,52,52,54,54,56,55,58,57,59,60,63,63,62,64,63
20260729_152303_3a4d7f,1785335014627072,1649811177,0,0,0,-51,128,0,17,17,17,16,16,15,15,15,14,14,14,14,14,13,13,14,13,13,13,12,12,11,11,11,10,10,0,0,0,0,0,0,0,0,0,0,0,8,9,9,10,11,11,12,12,13,13,13,14,14,14,14,15,15,15,16,16,17,17,17,17,17,17,0,32,31,32,30,31,30,29,29,28,27,28,26,26,27,26,26,25,26,25,24,22,22,23,21,20,20,17,19,0,0,0,0,0,0,0,13,14,15,17,17,19,21,22,22,24,25,26,26,26,26,27,28,29,29,28,30,30,31,31,30,32,32,32
20260729_152303_3a4d7f,1785335014726834,1649910939,0,0,0,-51,128,0,17,17,17,16,16,16,15,15,15,14,14,13,13,14,13,14,13,13,13,13,12,12,11,11,11,10,0,0,0,0,0,0,0,0,0,0,0,8,9,9,11,11,11,12,12,13,13,14,14,14,14,14,14,16,15,16,16,16,17,17,17,17,17,0,62,63,61,60,59,59,57,56,54,55,53,53,51,52,52,52,52,50,49,47,47,45,43,41,40,39,38,37,0,0,0,0,0,0,0,26,27,30,33,35,38,41,43,45,47,48,50,52,53,53,54,53,57,57,59,61,61,62,62,62,63,64,64
20260729_152303_3a4d7f,1785335014831832,1650012099,0,0,0,-51,128,0,16,16,16,15,15,14,14,14,14,14,13,13,13,13,13,13,13,13,12,12,12,11,11,10,10,10,0,0,0,0,0,0,0,0,0,0,0,7,8,9,9,10,11,11,12,12,13,13,13,13,14,14,14,14,14,15,15,15,16,16,16,16,16,0,30,30,30,30,29,29,27,26,26,26,25,26,25,26,25,25,25,25,25,24,23,22,21,21,19,19,18,17,0,0,0,0,0,0,0,13,13,14,15,17,18,20,20,22,23,24,24,25,25,26,27,27,27,28,28,29,30,31,30,30,31,31,31
20260729_152303_3a4d7f,1785335014927308,1650111351,0,0,0,-51,128,0,17,17,17,17,16,16,16,16,16,15,15,15,14,14,14,14,15,14,14,13,12,13,11,11,11,11,0,0,0,0,0,0,0,0,0,0,0,8,9,10,10,12,12,13,13,13,14,14,15,15,15,15,15,15,17,16,17,17,17,17,17,17,17,0,66,64,64,60,60,60,57,56,55,55,56,54,54,52,51,51,49,52,48,49,45,47,42,44,40,40,36,36,0,0,0,0,0,0,0,26,29,31,34,36,39,41,43,45,47,49,51,52,53,54,55,56,56,58,58,61,61,62,66,61,65,64,65
20260729_152303_3a4d7f,1785335015032126,1650212300,0,0,0,-51,128,0,17,16,16,16,15,15,15,15,15,13,14,13,13,13,13,13,13,13,13,12,12,11,11,11,11,10,0,0,0,0,0,0,0,0,0,0,0,8,8,9,10,10,11,11,12,12,13,13,14,14,14,14,15,15,16,15,16,16,16,17,17,17,17,0,32,30,30,30,29,30,28,28,28,26,27,25,25,25,25,26,24,23,25,25,24,22,21,20,21,20,18,18,0,0,0,0,0,0,0,12,13,15,16,17,18,19,21,22,23,24,25,26,27,26,27,27,28,28,29,29,30,29,31,32,31,31,32
20260729_152303_3a4d7f,1785335015127618,1650311617,0,0,0,-51,128,0,16,17,16,16,15,15,15,15,14,14,14,14,14,13,14,14,14,14,13,12,11,10,11,10,10,9,0,0,0,0,0,0,0,0,0,0,0,8,8,9,9,10,10,12,12,13,13,13,13,14,14,14,15,15,15,15,16,16,16,16,16,17,16,0,64,63,62,61,59,56,58,56,55,54,56,53,49,51,52,52,51,50,45,49,46,49,44,42,44,36,36,36,0,0,0,0,0,0,0,26,28,31,31,35,38,39,43,45,46,47,50,51,52,52,53,55,57,58,58,59,59,60,60,64,61,63,63
20260729_152303_3a4d7f,1785335015232832,1650411618,0,0,0,-51,128,0,16,15,15,15,14,14,14,14,14,14,14,14,13,13,13,13,13,12,13,12,12,11,11,10,10,10,0,0,0,0,0,0,0,0,0,0,0,8,9,9,9,10,11,11,12,13,12,12,13,13,13,13,14,14,14,14,15,15,16,15,16,16,16,0,31,30,30,30,28,28,28,27,26,27,26,25,26,26,26,25,25,25,24,24,23,22,21,21,20,20,19,17,0,0,0,0,0,0,0,12,14,15,16,17,19,20,22,22,23,24,25,25,26,26,27,26,27,27,29,28,29,30,31,30,31,30,31
20260729_152303_3a4d7f,1785335015329449,1650511786,0,0,0,-51,128,0,16,16,16,15,15,15,14,14,14,14,14,13,13,13,13,13,13,13,12,12,12,11,11,11,10,10,0,0,0,0,0,0,0,0,0,0,0,7,8,9,9,10,11,11,12,12,13,13,13,13,14,14,14,14,14,15,15,15,16,16,16,16,16,0,31,31,31,28,30,28,28,27,27,27,26,25,25,26,25,26,24,25,24,23,23,22,21,20,19,19,18,17,0,0,0,0,0,0,0,12,14,15,16,17,18,19,21,22,22,24,25,25,26,26,26,27,27,28,27,29,29,30,31,30,31,31,32
20260729_152303_3a4d7f,1785335015428828,1650611770,0,0,0,-51,128,0,17,17,16,16,15,15,14,14,14,15,14,13,13,13,14,14,13,13,13,13,12,12,11,11,11,10,0,0,0,0,0,0,0,0,0,0,0,7,8,9,9,10,10,12,12,13,13,13,13,13,15,14,15,15,15,15,15,16,16,17,16,17,17,0,64,62,60,60,58,58,56,55,55,55,53,52,52,51,52,51,50,50,49,48,46,45,43,40,40,39,36,35,0,0,0,0,0,0,0,26,28,30,32,35,37,39,41,45,47,49,49,51,52,52,54,54,56,58,57,59,59,61,62,61,61,64,63
20260729_152303_3a4d7f,1785335015529319,1650711815,0,0,0,-52,128,0,16,16,15,15,15,14,14,14,14,14,14,13,13,13,13,13,12,12,12,12,11,11,11,10,10,10,0,0,0,0,0,0,0,0,0,0,0,7,8,9,9,10,11,11,11,12,12,13,13,13,13,14,14,14,14,15,15,15,15,16,16,16,16,0,31,30,30,29,29,28,28,27,27,26,26,25,26,25,25,24,25,25,24,23,23,22,21,20,20,19,17,17,0,0,0,0,0,0,0,12,14,14,15,17,19,19,20,22,23,23,24,25,26,25,25,26,27,27,28,28,29,29,30,30,31,31,31
20260729_152303_3a4d7f,1785335015629550,1650811693,0,0,0,-51,128,0,17,17,17,17,16,16,16,15,15,15,14,14,14,15,14,14,14,14,14,13,13,13,12,12,12,10,0,0,0,0,0,0,0,0,0,0,0,9,9,10,10,11,12,13,13,14,14,14,14,15,15,15,16,16,16,16,17,17,17,17,18,18,17,0,64,63,63,60,61,60,57,57,55,54,55,54,53,53,51,53,50,51,51,48,47,46,42,42,40,40,37,37,0,0,0,0,0,0,0,27,29,30,34,35,39,40,43,47,48,49,50,53,52,55,55,57,55,57,57,60,60,61,63,62,64,64,64
20260729_152303_3a4d7f,1785335015729825,1650911905,0,0,0,-52,128,0,16,16,17,16,16,16,15,15,15,14,14,14,14,14,14,14,13,13,13,13,13,12,12,12,11,10,0,0,0,0,0,0,0,0,0,0,0,8,9,9,10,11,12,12,12,13,13,14,14,13,14,15,15,15,15,16,16,16,16,16,16,17,17,0,62,62,62,60,59,58,56,57,54,54,53,53,52,52,52,52,51,51,50,48,46,44,43,41,40,39,37,36,0,0,0,0,0,0,0,27,28,30,32,34,38,39,43,44,47,48,50,51,53,53,53,56,55,57,58,60,59,60,62,62,62,64,64
20260729_152303_3a4d7f,1785335015828784,1651011366,0,0,0,-51,128,0,16,16,16,15,15,14,14,14,13,13,13,14,13,13,13,13,13,13,12,12,12,11,11,11,9,9,0,0,0,0,0,0,0,0,0,0,0,7,7,8,9,10,10,11,12,13,12,12,13,13,13,13,14,14,14,15,15,15,15,16,16,16,16,0,31,30,30,29,29,28,27,27,26,27,26,25,25,26,24,25,25,25,24,23,22,22,21,19,19,18,17,17,0,0,0,0,0,0,0,13,13,14,14,17,18,19,20,22,22,23,24,25,26,26,26,26,27,28,27,29,29,30,30,31,32,32,32
20260729_152303_3a4d7f,1785335015930035,1651111544,0,0,0,-51,128,0,17,17,17,17,17,16,16,15,15,15,15,14,14,14,14,14,14,14,14,13,13,13,12,11,11,11,0,0,0,0,0,0,0,0,0,0,0,9,9,10,11,11,11,12,13,13,14,14,15,15,15,15,16,16,16,16,16,17,17,17,18,18,17,0,62,64,63,61,58,58,55,56,56,55,54,53,52,52,54,51,50,50,50,47,48,45,44,42,39,39,37,36,0,0,0,0,0,0,0,28,29,30,33,37,39,41,42,46,47,49,51,52,53,53,54,55,57,56,59,59,60,60,64,63,64,65,63
20260729_152303_3a4d7f,1785335016029342,1651212420,0,0,0,-52,128,0,17,16,16,16,15,15,15,14,14,14,14,13,13,14,13,14,13,13,13,12,12,12,11,11,11,10,0,0,0,0,0,0,0,0,0,0,0,8,8,9,10,10,11,12,13,13,13,13,13,14,14,14,14,15,15,15,16,16,16,16,17,17,17,0,30,30,30,29,29,29,27,27,27,27,26,27,25,25,26,26,25,25,24,24,23,21,22,21,19,18,19,18,0,0,0,0,0,0,0,13,13,15,16,18,18,20,21,22,23,24,25,25,25,26,27,26,28,28,28,28,30,30,30,31,31,31,32
20260729_152303_3a4d7f,1785335016132860,1651311804,0,0,0,-52,128,0,16,16,16,16,15,15,15,14,14,14,13,13,13,13,13,13,13,13,12,12,12,11,11,11,10,10,0,0,0,0,0,0,0,0,0,0,0,7,8,9,9,10,11,11,12,12,12,13,13,14,14,14,15,15,15,15,16,16,16,16,17,17,16,0,31,31,30,30,29,28,28,27,27,27,27,25,25,25,25,25,25,24,24,23,23,22,21,19,20,19,18,17,0,0,0,0,0,0,0,12,13,14,15,16,18,19,20,22,23,25,24,25,25,25,26,28,28,28,28,28,28,29,29,31,31,32,31
20260729_152303_3a4d7f,1785335016231247,1651413859,0,0,0,-51,128,0,17,16,17,16,16,16,15,15,15,15,15,15,14,14,14,14,14,14,14,13,13,12,12,11,11,11,0,0,0,0,0,0,0,0,0,0,0,9,9,10,10,11,12,13,14,14,15,14,14,14,14,15,15,15,16,16,16,16,17,17,17,17,17,0,32,31,31,31,29,29,28,28,27,28,28,26,26,26,27,26,26,26,25,25,24,22,22,21,21,20,18,18,0,0,0,0,0,0,0,14,15,15,17,18,20,21,22,23,24,25,25,27,26,27,26,28,28,28,29,29,30,31,31,32,32,31,33
20260729_152303_3a4d7f,1785335016329118,1651511934,0,0,0,-52,128,0,17,17,17,16,17,16,16,15,15,15,15,15,15,15,15,14,13,13,13,13,13,12,12,11,11,11,0,0,0,0,0,0,0,0,0,0,0,8,9,9,11,11,11,12,13,14,14,14,14,14,15,15,15,16,16,17,17,17,17,17,17,18,18,0,62,64,62,60,59,59,56,56,54,56,54,53,53,53,51,51,51,49,49,49,47,46,45,42,40,39,37,35,0,0,0,0,0,0,0,27,30,31,32,36,38,41,41,45,46,49,51,52,53,54,54,54,57,56,58,58,60,62,63,64,64,64,63
20260729_152303_3a4d7f,1785335016428446,1651611887,0,0,0,-51,128,0,16,16,16,16,15,15,15,14,14,14,14,14,14,13,13,13,13,13,13,12,12,12,11,11,10,10,0,0,0,0,0,0,0,0,0,0,0,7,9,9,10,10,10,12,12,13,13,14,14,14,14,14,15,15,15,15,16,16,16,16,16,16,16,0,64,61,61,59,59,57,56,55,54,54,54,52,51,50,52,50,50,50,49,47,46,44,42,40,39,38,36,35,0,0,0,0,0,0,0,26,27,30,32,34,36,39,43,44,46,48,49,51,52,52,53,53,55,56,57,58,59,60,62,61,63,64,63
20260729_152303_3a4d7f,1785335016532060,1651711702,0,0,0,-51,128,0,17,16,17,16,16,16,16,16,16,15,15,15,14,14,14,14,14,14,13,13,13,12,12,12,11,11,0,0,0,0,0,0,0,0,0,0,0,9,9,9,11,11,12,12,13,14,14,14,15,15,15,16,16,16,16,16,16,16,16,17,17,17,17,0,32,31,31,31,30,29,29,29,28,28,28,27,27,27,26,27,25,26,25,25,24,23,22,22,21,21,18,18,0,0,0,0,0,0,0,14,15,16,17,18,20,21,21,23,24,26,26,26,26,26,26,27,28,29,29,30,30,31,31,31,31,32,32
20260729_152303_3a4d7f,1785335016635949,1651814756,0,0,0,-52,128,0,17,16,16,16,16,15,16,15,15,15,14,14,14,14,14,14,14,14,13,13,13,12,12,11,11,11,0,0,0,0,0,0,0,0,0,0,0,9,9,10,10,11,11,12,12,13,13,14,15,15,15,15,15,16,15,16,16,16,17,16,17,17,17,0,62,62,61,60,58,58,55,54,53,54,56,52,52,51,52,50,49,50,51,47,47,44,44,41,40,38,37,36,0,0,0,0,0,0,0,26,28,31,32,36,37,40,41,46,47,49,50,52,51,53,54,53,57,58,57,59,59,61,61,63,64,64,65
20260729_152303_3a4d7f,1785335016730862,1651914056,0,0,0,-52,128,0,15,16,15,15,15,15,14,14,14,14,14,13,13,13,13,13,13,13,12,12,12,11,11,11,10,10,0,0,0,0,0,0,0,0,0,0,0,8,8,9,9,10,11,11,12,12,13,13,13,13,14,14,14,14,15,15,15,15,16,16,16,16,16,0,29,32,29,29,28,28,27,27,26,27,26,26,25,25,26,25,25,24,24,23,22,21,21,20,19,18,18,17,0,0,0,0,0,0,0,13,14,15,16,16,18,19,20,21,23,23,25,24,25,26,26,26,28,27,28,28,29,30,30,31,30,31,30
20260729_152303_3a4d7f,1785335016829024,1652011382,0,0,0,-51,128,0,16,16,16,15,15,15,15,14,14,13,13,14,13,13,13,13,13,12,12,12,12,11,11,11,10,9,0,0,0,0,0,0,0,0,0,0,0,6,8,8,9,9,10,11,12,12,13,13,13,13,13,13,13,14,14,15,16,15,16,16,16,17,17,0,62,61,59,59,59,57,55,53,54,53,53,51,50,50,51,50,50,49,48,47,46,44,42,41,38,38,36,35,0,0,0,0,0,0,0,26,29,28,30,34,36,39,41,44,45,47,50,51,51,51,52,53,55,54,56,58,60,59,59,60,63,63,62
20260729_152303_3a4d7f,1785335016929859,1652111434,0,0,0,-52,128,0,17,17,17,16,16,16,16,15,15,15,15,15,15,14,14,14,14,14,14,13,13,13,12,12,11,11,0,0,0,0,0,0,0,0,0,0,0,8,9,9,11,12,12,13,13,14,14,14,14,15,15,15,16,16,16,16,17,17,17,17,17,17,17,0,62,63,62,60,60,59,57,57,55,55,54,53,52,53,51,52,51,51,50,48,46,45,44,42,39,39,38,37,0,0,0,0,0,0,0,26,30,30,34,35,38,41,43,46,46,49,51,53,53,55,54,55,56,57,58,59,61,63,62,62,63,65,64
20260729_152303_3a4d7f,1785335017030688,1652211627,0,0,0,-52,128,0,16,16,16,16,16,16,15,15,14,14,14,14,14,14,14,15,14,14,13,13,12,12,11,11,10,10,0,0,0,0,0,0,0,0,0,0,0,8,9,9,10,10,12,12,13,13,13,14,14,14,14,15,15,15,15,15,16,16,17,16,17,17,17,0,62,61,62,60,59,59,55,55,54,55,54,51,51,52,51,53,50,51,50,47,48,45,43,41,39,39,37,35,0,0,0,0,0,0,0,26,29,30,33,35,39,40,43,43,46,48,50,51,52,53,53,55,56,58,56,60,59,60,61,63,62,64,65
20260729_152303_3a4d7f,1785335017130233,1652311603,0,0,0,-52,128,0,16,18,16,16,16,16,15,15,15,15,15,14,14,14,14,14,14,14,13,13,13,12,12,11,11,11,0,0,0,0,0,0,0,0,0,0,0,8,9,10,10,11,11,12,13,13,14,14,14,14,14,15,15,15,16,16,16,16,17,17,17,17,16,0,32,31,33,29,30,29,28,28,27,27,27,27,27,27,25,27,26,26,25,24,24,23,21,21,20,20,18,19,0,0,0,0,0,0,0,13,15,16,17,18,20,20,22,23,23,25,25,26,26,26,28,28,27,29,27,30,30,30,32,30,31,32,31
20260729_152303_3a4d7f,1785335017232464,1652412542,0,0,0,-52,128,0,17,17,17,16,16,15,15,16,16,15,15,14,15,14,14,14,14,13,13,13,13,13,12,11,11,11,0,0,0,0,0,0,0,0,0,0,0,8,9,10,11,11,12,13,13,14,13,14,14,14,14,15,15,15,15,16,16,16,17,17,17,17,17,0,32,30,31,30,30,30,29,28,28,28,28,27,27,27,26,26,25,26,25,24,23,23,21,21,20,20,19,19,0,0,0,0,0,0,0,14,14,16,17,18,20,21,22,23,24,25,25,26,26,27,27,28,28,29,28,31,31,30,31,31,32,33,32
20260729_152303_3a4d7f,1785335017330743,1652512229,0,0,0,-52,128,0,16,16,16,15,15,15,14,14,14,13,13,13,13,13,13,13,13,12,12,12,12,11,11,11,9,9,0,0,0,0,0,0,0,0,0,0,0,7,8,9,9,9,11,11,11,12,13,13,13,14,14,14,14,14,14,15,15,15,16,16,16,16,16,0,61,60,60,58,58,57,56,54,53,53,52,52,52,50,49,50,50,47,48,46,45,43,43,41,39,38,35,35,0,0,0,0,0,0,0,25,27,28,31,34,36,38,41,43,45,47,49,49,52,52,53,54,53,56,57,59,58,59,61,60,62,62,62
20260729_152303_3a4d7f,1785335017432150,1652611966,0,0,0,-52,128,0,16,16,16,15,15,14,14,14,14,13,14,14,13,13,13,13,13,13,12,12,12,12,11,11,10,10,0,0,0,0,0,0,0,0,0,0,0,7,8,8,9,10,10,11,12,13,13,13,13,13,13,14,14,14,14,14,15,15,16,16,16,16,16,0,30,31,29,30,28,29,28,27,27,27,26,26,25,25,25,24,25,24,24,23,23,21,21,20,19,19,17,17,0,0,0,0,0,0,0,12,13,14,15,17,17,20,21,22,22,24,24,25,25,25,27,27,28,27,29,28,30,30,30,32,31,31,30
20260729_152303_3a4d7f,1785335017533036,1652714347,0,0,0,-52,128,0,16,16,15,15,15,15,15,14,14,14,14,13,13,13,13,13,13,12,12,12,12,11,11,11,10,10,0,0,0,0,0,0,0,0,0,0,0,8,8,9,9,10,10,11,12,12,13,13,13,14,14,14,14,14,14,15,15,16,16,16,16,16,16,0,31,30,30,30,29,28,28,27,26,26,26,26,26,25,24,25,25,24,24,23,22,21,21,20,19,19,18,17,0,0,0,0,0,0,0,13,14,15,16,16,18,19,20,22,23,23,25,25,26,26,26,27,27,27,28,29,30,30,30,30,31,32,31
20260729_152303_3a4d7f,1785335017631410,1652812966,0,0,0,-52,128,0,18,18,17,17,16,16,16,16,15,15,14,14,14,14,14,14,14,14,13,13,13,12,12,12,11,11,0,0,0,0,0,0,0,0,0,0,0,9,9,10,10,11,12,12,12,13,14,14,14,15,15,15,16,16,16,17,16,17,16,17,18,18,17,0,31,31,31,30,30,30,29,29,27,27,27,27,26,26,26,26,26,25,25,24,24,23,22,21,20,20,19,18,0,0,0,0,0,0,0,13,14,15,16,18,20,21,22,22,24,24,25,25,27,27,28,28,28,29,29,30,31,31,31,31,32,32,31
20260729_152303_3a4d7f,1785335017731937,1652911923,0,0,0,-52,128,0,17,17,16,16,15,15,15,15,15,15,15,14,14,14,14,14,14,13,13,13,13,12,12,11,11,11,0,0,0,0,0,0,0,0,0,0,0,8,9,10,10,11,12,12,13,13,14,14,14,14,14,14,15,15,15,16,16,16,16,17,16,17,17,0,32,32,31,31,30,30,28,27,27,28,28,26,27,25,27,26,25,25,25,24,24,23,22,21,20,19,19,18,0,0,0,0,0,0,0,14,15,15,16,18,19,20,22,23,24,25,25,25,26,27,28,26,30,29,29,29,30,31,31,32,32,32,32
20260729_152303_3a4d7f,1785335017831546,1653012020,0,0,0,-51,128,0,16,16,16,15,15,15,15,14,15,15,15,14,14,14,13,13,13,13,13,12,12,12,11,11,11,10,0,0,0,0,0,0,0,0,0,0,0,8,9,9,10,10,11,12,13,13,14,14,14,14,14,14,15,16,16,15,16,16,16,16,16,17,16,0,32,32,31,30,30,30,28,28,27,28,27,26,26,26,26,26,26,25,25,24,23,22,22,21,20,19,18,18,0,0,0,0,0,0,0,13,14,15,17,18,19,21,22,22,24,24,26,26,27,27,27,28,29,29,30,30,30,31,32,32,33,33,32
20260729_152303_3a4d7f,1785335017930189,1653111706,0,0,0,-51,128,0,16,16,16,15,15,14,14,14,13,13,13,14,13,13,13,13,13,13,12,12,12,11,11,10,10,10,0,0,0,0,0,0,0,0,0,0,0,8,8,9,9,10,11,12,12,13,12,13,13,14,14,14,14,14,14,15,15,15,16,16,16,16,16,0,64,62,61,59,60,59,56,54,55,53,52,51,52,53,51,51,50,51,48,49,47,44,41,41,40,39,36,37,0,0,0,0,0,0,0,25,28,30,33,34,37,39,42,45,46,48,48,50,51,53,54,55,55,56,57,59,59,61,62,60,63,64,64
20260729_152303_3a4d7f,1785335018028359,1653211613,0,0,0,-52,128,0,16,16,16,16,14,14,15,14,13,14,13,13,13,13,13,13,13,13,13,11,11,11,11,11,10,10,0,0,0,0,0,0,0,0,0,0,0,7,8,9,9,10,11,11,11,12,12,13,13,14,14,14,14,15,15,15,15,16,16,16,16,16,16,0,64,61,61,60,57,56,56,55,53,54,54,51,52,51,51,51,50,50,48,47,46,43,42,40,39,38,36,36,0,0,0,0,0,0,0,26,28,29,32,33,37,39,41,44,46,48,49,50,51,53,53,54,55,56,56,57,59,60,61,61,63,63,63
20260729_152303_3a4d7f,1785335018129017,1653311764,0,0,0,-52,128,0,16,16,16,15,15,14,14,14,14,13,13,13,13,13,13,13,12,12,12,12,11,11,11,10,10,9,0,0,0,0,0,0,0,0,0,0,0,7,8,9,10,9,10,11,12,12,12,13,13,13,14,14,14,15,15,15,15,15,16,16,16,16,17,0,31,30,30,30,29,28,27,27,26,27,27,25,25,25,25,25,25,25,25,22,23,21,22,20,19,18,18,18,0,0,0,0,0,0,0,12,14,14,15,17,18,19,20,22,23,24,25,25,25,26,25,26,28,28,28,29,28,29,29,31,31,31,31
20260729_152303_3a4d7f,1785335018228998,1653411606,0,0,0,-51,128,0,16,16,16,16,15,15,14,14,14,14,13,13,13,13,14,14,13,13,13,13,12,12,11,10,10,9,0,0,0,0,0,0,0,0,0,0,0,8,8,9,10,10,11,12,11,12,13,13,13,14,14,14,14,14,15,15,15,16,16,16,16,16,16,0,30,30,30,30,29,29,28,27,26,27,26,26,25,25,25,25,26,25,25,24,23,22,22,21,20,20,18,18,0,0,0,0,0,0,0,13,14,15,17,17,18,20,21,22,22,24,25,26,25,26,26,26,27,28,27,29,30,29,30,30,31,30,30
20260729_152303_3a4d7f,1785335018328217,1653511649,0,0,0,-51,128,0,16,16,16,16,15,15,15,14,14,14,13,13,13,13,13,13,13,12,12,12,12,11,11,11,9,9,0,0,0,0,0,0,0,0,0,0,0,8,8,8,9,10,11,11,11,12,13,13,13,14,13,14,14,15,15,15,15,16,16,16,16,17,16,0,62,62,59,61,58,58,55,54,55,54,54,51,52,50,51,49,51,49,48,47,45,44,44,41,39,37,36,36,0,0,0,0,0,0,0,26,27,29,32,35,35,39,39,43,45,48,50,50,52,51,54,54,56,55,58,57,59,61,61,62,63,64,62
20260729_152303_3a4d7f,1785335018433204,1653613972,0,0,0,-52,128,0,16,16,16,16,16,16,15,15,15,14,14,13,14,13,13,14,13,13,13,13,13,11,11,11,11,11,0,0,0,0,0,0,0,0,0,0,0,8,8,9,9,11,11,11,12,12,13,14,13,14,13,14,15,15,15,16,16,16,16,17,17,17,17,0,62,64,60,60,57,58,55,56,55,56,54,51,53,50,52,49,52,49,49,48,46,44,44,41,39,38,38,35,0,0,0,0,0,0,0,25,28,30,32,35,36,40,42,44,45,48,50,51,52,53,54,53,56,55,59,59,59,60,60,63,63,64,62
20260729_152303_3a4d7f,1785335018527954,1653712027,0,0,0,-51,128,0,16,16,16,16,15,15,15,14,13,14,14,14,13,13,13,13,13,13,13,12,12,11,10,10,10,9,0,0,0,0,0,0,0,0,0,0,0,7,9,9,9,10,10,11,12,12,13,13,13,13,13,13,14,13,15,15,15,15,16,16,16,16,16,0,62,62,58,60,57,56,55,55,54,54,53,52,51,51,51,49,51,48,48,47,45,44,43,40,40,38,36,35,0,0,0,0,0,0,0,25,30,31,31,35,36,41,41,42,46,49,51,49,52,52,54,53,56,55,58,58,59,60,61,61,62,62,61
20260729_152303_3a4d7f,1785335018633049,1653811895,0,0,0,-51,128,0,17,17,16,16,16,16,16,16,15,15,15,15,14,14,14,14,14,14,14,13,13,12,12,12,11,11,0,0,0,0,0,0,0,0,0,0,0,9,9,10,11,12,12,12,13,13,14,15,15,15,15,15,16,16,16,16,17,16,16,17,17,17,17,0,32,31,31,30,30,29,28,29,28,28,28,27,26,26,26,27,26,26,26,25,25,23,23,22,20,20,19,19,0,0,0,0,0,0,0,14,15,15,17,18,20,21,22,23,24,25,25,26,26,27,27,27,28,29,29,30,31,30,31,31,32,32,32
20260729_152303_3a4d7f,1785335018730224,1653911950,0,0,0,-52,128,0,16,16,16,15,15,15,14,13,13,13,13,13,13,13,12,13,12,12,12,12,11,11,11,11,9,10,0,0,0,0,0,0,0,0,0,0,0,8,8,9,9,10,11,11,12,12,13,13,13,13,13,13,13,14,14,15,15,16,16,16,16,16,16,0,62,60,61,58,59,57,55,54,54,54,52,51,51,51,48,51,50,49,48,47,47,44,42,41,39,38,36,35,0,0,0,0,0,0,0,25,28,29,30,33,37,40,42,42,45,47,49,49,51,52,53,53,54,56,56,58,59,59,61,60,62,62,64
20260729_152303_3a4d7f,1785335018835648,1654013981,0,0,0,-51,128,0,16,16,16,16,15,15,15,15,14,14,14,14,13,13,13,13,13,13,13,12,12,11,11,11,10,10,0,0,0,0,0,0,0,0,0,0,0,8,9,9,10,10,10,12,12,13,13,14,14,14,14,14,14,15,15,15,16,16,16,16,17,17,17,0,30,30,31,29,30,29,29,28,26,26,26,25,25,25,25,26,24,26,25,23,23,23,21,21,20,20,17,17,0,0,0,0,0,0,0,13,14,16,16,17,19,20,22,22,22,23,24,25,26,26,27,27,27,28,28,29,30,30,31,30,31,31,31
20260729_152303_3a4d7f,1785335018931328,1654111597,0,0,0,-51,128,0,16,16,16,16,15,15,14,14,13,14,13,14,14,13,13,13,13,13,12,12,12,12,11,10,10,9,0,0,0,0,0,0,0,0,0,0,0,7,9,9,10,10,10,11,12,12,13,13,13,13,13,13,13,15,15,15,15,16,16,16,16,16,16,0,63,61,61,59,59,59,56,56,54,53,53,52,52,52,51,51,49,50,48,47,47,45,43,41,39,38,37,36,0,0,0,0,0,0,0,27,28,30,32,35,37,40,41,43,46,48,49,50,52,53,54,55,54,57,57,59,60,60,62,61,62,64,62
20260729_152303_3a4d7f,1785335019030615,1654211583,0,0,0,-51,128,0,16,16,16,16,14,14,14,14,14,14,13,13,13,13,13,13,13,12,12,12,11,11,11,11,10,10,0,0,0,0,0,0,0,0,0,0,0,8,8,9,9,11,10,11,12,12,13,12,13,14,14,14,14,14,15,14,15,16,16,16,16,16,16,0,63,62,62,58,59,59,56,56,53,54,53,52,51,52,52,51,50,50,49,47,46,44,44,41,39,39,36,36,0,0,0,0,0,0,0,27,28,29,32,35,38,40,41,44,46,48,49,51,53,53,53,54,55,55,57,58,60,61,61,62,64,64,63
20260729_152303_3a4d7f,1785335019131101,1654311630,0,0,0,-51,128,0,16,16,16,16,16,16,15,15,15,14,14,14,14,14,13,13,13,13,13,13,12,12,11,11,10,10,0,0,0,0,0,0,0,0,0,0,0,8,9,9,10,11,11,11,13,13,13,13,14,14,14,15,14,16,16,16,16,16,16,16,17,17,17,0,63,62,61,61,59,57,55,55,55,55,54,51,51,51,51,50,50,49,49,48,47,44,43,41,38,38,36,36,0,0,0,0,0,0,0,27,28,30,33,36,38,39,42,44,48,48,50,50,52,53,54,54,57,57,57,59,59,61,62,62,62,62,63
20260729_152303_3a4d7f,1785335019230441,1654411554,0,0,0,-51,128,0,17,17,16,16,16,16,15,14,15,15,15,14,14,13,14,14,14,14,14,13,13,13,11,11,11,10,0,0,0,0,0,0,0,0,0,0,0,8,9,9,10,11,12,12,13,13,13,13,14,15,15,15,15,15,15,15,16,16,17,17,17,17,17,0,33,31,31,28,30,28,28,28,26,27,27,27,25,26,26,26,25,25,25,24,23,22,22,21,20,19,19,17,0,0,0,0,0,0,0,13,14,15,16,18,19,19,21,22,24,25,25,26,27,26,27,26,28,28,28,29,30,30,29,30,31,30,30
20260729_152303_3a4d7f,1785335019329611,1654511219,0,0,0,-51,128,0,17,17,17,16,16,16,15,15,15,14,14,14,14,14,14,14,14,14,14,12,13,11,12,12,12,10,0,0,0,0,0,0,0,0,0,0,0,8,9,10,10,10,11,12,13,13,14,14,14,15,15,15,15,15,16,16,16,17,17,17,17,17,17,0,31,31,32,30,30,30,28,28,27,27,27,27,27,28,26,26,26,27,25,27,26,22,21,22,20,20,18,19,0,0,0,0,0,0,0,13,14,15,17,18,20,21,21,23,23,24,25,26,27,27,27,29,29,29,29,31,31,31,31,31,32,32,33
20260729_152303_3a4d7f,1785335019432604,1654611731,0,0,0,-51,128,0,17,17,17,17,16,16,16,16,14,15,15,14,14,14,14,14,14,14,14,13,13,12,12,11,11,11,0,0,0,0,0,0,0,0,0,0,0,9,9,10,10,12,12,12,13,13,13,14,14,15,15,15,16,16,16,16,16,16,16,17,17,18,18,0,32,32,31,31,30,29,28,27,27,28,28,26,26,25,26,26,26,25,25,24,24,23,22,21,20,20,18,18,0,0,0,0,0,0,0,13,15,16,17,18,19,21,21,23,25,26,26,26,27,27,27,28,28,29,29,30,31,31,32,33,32,32,32
20260729_152303_3a4d7f,1785335019530161,1654711497,0,0,0,-51,128,0,16,16,16,15,15,15,15,14,14,13,13,13,13,13,13,13,13,12,12,12,11,11,11,11,10,10,0,0,0,0,0,0,0,0,0,0,0,7,8,9,10,10,11,11,11,12,12,13,13,14,14,14,14,14,14,15,16,16,16,16,16,16,16,0,63,61,62,59,60,59,56,55,54,54,53,52,51,52,50,51,50,50,49,47,46,44,41,41,40,38,37,35,0,0,0,0,0,0,0,26,29,29,32,34,38,40,41,44,47,47,49,52,52,53,54,54,56,56,55,60,60,61,62,61,64,62,64
20260729_152303_3a4d7f,1785335019629721,1654811690,0,0,0,-51,128,0,18,17,17,16,17,16,16,15,15,15,15,15,15,15,13,14,14,14,13,13,13,12,12,11,11,11,0,0,0,0,0,0,0,0,0,0,0,9,9,10,10,11,11,13,13,14,14,14,14,14,15,16,16,16,16,17,17,17,18,17,18,17,17,0,61,67,61,61,62,59,58,54,53,53,55,55,53,52,52,51,53,50,49,48,47,46,43,42,41,39,37,37,0,0,0,0,0,0,0,27,30,32,33,36,38,41,42,45,47,49,51,51,51,54,55,55,58,56,58,59,60,64,63,61,64,63,62
20260729_152303_3a4d7f,1785335019729972,1654910954,0,0,0,-51,128,0,17,17,17,17,16,16,16,15,15,15,15,14,15,15,14,14,14,14,14,13,13,13,12,12,12,12,0,0,0,0,0,0,0,0,0,0,0,8,9,10,11,11,12,12,13,13,14,14,14,15,15,15,15,16,16,16,16,17,17,17,17,18,17,0,32,31,31,30,31,30,28,28,28,27,28,27,27,27,26,26,26,26,25,24,24,23,22,22,21,20,18,18,0,0,0,0,0,0,0,13,16,16,17,18,20,20,22,23,24,25,26,27,27,27,28,28,28,29,29,31,32,31,31,31,32,33,33
20260729_152303_3a4d7f,1785335019828930,1655012848,0,0,0,-52,128,0,18,18,18,17,16,16,16,16,15,16,14,14,14,14,14,14,14,13,14,13,12,12,12,11,11,10,0,0,0,0,0,0,0,0,0,0,0,9,9,10,10,11,12,12,13,14,14,14,14,15,15,16,15,15,16,16,16,16,17,18,18,19,17,0,65,66,62,63,59,57,55,54,55,52,54,56,52,54,50,52,49,51,51,49,46,45,43,41,41,39,36,36,0,0,0,0,0,0,0,26,28,31,34,35,38,40,44,44,49,51,51,52,55,56,52,57,58,59,54,56,60,66,64,64,62,67,63
20260729_152303_3a4d7f,1785335019946119,1655130107,0,0,0,-51,128,0,17,18,17,17,16,16,16,16,16,15,16,16,15,15,14,14,14,14,14,13,13,13,12,12,11,11,0,0,0,0,0,0,0,0,0,0,0,9,9,10,11,11,12,12,13,14,15,15,15,15,16,16,16,16,16,17,17,17,17,17,18,18,18,0,32,32,31,30,30,30,29,29,28,27,28,28,27,27,26,27,26,26,25,25,24,24,23,22,21,20,19,19,0,0,0,0,0,0,0,14,15,15,17,18,19,21,22,22,24,25,25,26,27,28,28,29,28,29,29,30,30,32,32,31,33,33,32
20260729_152303_3a4d7f,1785335020028716,1655211455,0,0,0,-51,128,0,17,17,17,16,16,16,16,15,15,15,15,15,14,14,14,14,14,14,14,13,13,12,12,12,11,11,0,0,0,0,0,0,0,0,0,0,0,9,9,9,11,12,11,13,13,14,14,14,14,14,15,14,15,16,16,16,17,17,17,17,17,17,17,0,63,63,62,60,60,59,57,57,54,55,55,54,52,51,51,52,52,50,51,49,46,45,44,43,41,40,38,36,0,0,0,0,0,0,0,27,28,31,32,35,38,41,43,46,47,48,51,52,54,54,55,55,57,56,57,61,62,60,62,62,63,64,63
20260729_152303_3a4d7f,1785335020128993,1655311699,0,0,0,-51,128,0,17,17,17,17,17,17,16,15,15,15,14,14,14,14,15,14,14,14,14,14,13,13,12,12,11,10,0,0,0,0,0,0,0,0,0,0,0,9,9,10,11,12,12,13,13,13,14,14,14,15,15,15,15,15,16,17,17,17,17,17,18,18,17,0,64,62,62,60,60,60,58,56,54,55,54,54,54,53,51,53,51,51,49,49,46,44,43,41,40,40,37,36,0,0,0,0,0,0,0,27,29,30,33,35,38,41,42,46,47,48,52,52,55,55,54,55,56,58,58,60,62,63,62,62,63,64,64
20260729_152303_3a4d7f,1785335020232764,1655411929,0,0,0,-51,128,0,18,18,18,16,16,16,16,16,15,15,14,14,14,15,14,15,14,14,14,14,13,13,13,12,11,11,0,0,0,0,0,0,0,0,0,0,0,9,9,10,11,11,12,13,13,14,14,14,15,15,16,16,16,16,16,16,17,17,17,17,17,17,18,0,63,65,62,60,58,59,58,56,55,56,53,54,52,53,52,52,51,50,50,49,48,46,44,43,41,39,37,37,0,0,0,0,0,0,0,27,29,30,33,37,38,42,42,45,47,48,53,52,52,55,55,55,58,58,59,60,60,62,62,65,65,64,62
20260729_152303_3a4d7f,1785335020330721,1655513089,0,0,0,-51,128,0,16,15,15,15,15,14,14,15,14,14,14,13,13,13,13,13,13,13,13,12,12,11,11,11,10,10,0,0,0,0,0,0,0,0,0,0,0,7,8,9,9,10,11,11,11,12,12,13,13,14,14,14,14,14,14,15,15,16,16,16,17,16,17,0,63,61,61,60,59,57,56,55,55,54,52,52,52,51,50,50,50,50,48,47,43,45,41,44,40,38,35,35,0,0,0,0,0,0,0,25,28,29,32,34,37,40,41,43,46,48,49,49,52,52,53,55,55,57,57,57,59,60,61,62,61,63,63
20260729_152303_3a4d7f,1785335020430356,1655612384,0,0,0,-51,128,0,17,17,17,17,17,17,16,16,15,15,14,15,15,15,15,14,14,14,14,13,13,13,12,11,11,11,0,0,0,0,0,0,0,0,0,0,0,8,9,10,11,11,12,13,13,13,14,14,14,15,15,15,15,16,16,16,17,17,17,17,17,18,18,0,64,63,64,60,61,60,58,57,55,55,55,53,53,53,51,52,51,51,50,49,47,45,43,42,40,41,38,36,0,0,0,0,0,0,0,26,29,30,35,36,39,40,44,46,47,49,51,52,53,53,55,57,57,58,56,61,62,60,62,61,64,65,64
20260729_152303_3a4d7f,1785335020531587,1655711802,0,0,0,-52,128,0,18,17,18,16,16,16,16,16,16,15,14,14,15,15,14,15,15,13,14,13,13,13,13,12,11,11,0,0,0,0,0,0,0,0,0,0,0,9,9,10,11,11,12,13,13,14,14,14,15,15,15,16,16,16,16,16,17,17,17,17,18,18,18,0,63,63,62,60,60,59,58,56,55,55,55,53,53,52,51,52,52,50,50,48,48,46,44,42,40,39,38,36,0,0,0,0,0,0,0,26,29,30,34,35,39,40,43,46,46,50,50,52,53,54,55,56,57,58,57,60,61,60,63,62,65,65,64
20260729_152303_3a4d7f,1785335020628911,1655811701,0,0,0,-51,128,0,17,17,17,16,16,16,16,16,16,14,15,15,15,15,14,15,14,14,14,14,13,13,12,12,11,10,0,0,0,0,0,0,0,0,0,0,0,8,9,10,11,11,11,12,13,13,14,14,14,14,15,16,16,16,16,17,17,17,17,17,17,18,17,0,64,64,62,60,59,60,56,58,55,55,54,53,53,53,51,51,52,50,51,49,48,46,43,42,40,40,36,37,0,0,0,0,0,0,0,27,29,30,33,35,37,41,43,44,48,50,51,51,53,54,55,56,57,57,57,60,62,62,63,62,64,64,62
20260729_152303_3a4d7f,1785335020729282,1655911877,0,0,0,-51,128,0,17,17,17,16,16,16,16,15,15,14,15,15,15,15,14,14,14,14,14,13,13,12,12,12,11,11,0,0,0,0,0,0,0,0,0,0,0,8,9,10,11,11,12,13,13,13,13,14,14,15,15,16,15,16,16,16,17,17,17,17,17,17,18,0,31,31,31,30,30,31,28,29,29,28,28,27,27,27,26,26,26,26,26,25,24,24,22,22,20,20,19,19,0,0,0,0,0,0,0,13,15,16,17,19,19,21,22,23,24,25,26,27,27,28,28,28,29,30,29,31,32,30,32,32,33,32,33
20260729_152303_3a4d7f,1785335020829460,1656012929,0,0,0,-51,128,0,17,17,17,16,16,15,15,15,14,14,14,14,14,14,13,13,13,13,13,12,13,12,11,11,11,11,0,0,0,0,0,0,0,0,0,0,0,8,9,9,10,11,12,11,13,13,13,13,14,14,14,14,15,15,15,16,16,16,16,16,16,17,17,0,63,62,62,60,58,58,57,55,55,55,53,53,52,51,52,51,51,50,50,48,47,45,44,42,41,38,36,36,0,0,0,0,0,0,0,27,28,31,34,36,38,39,42,45,47,49,49,51,53,52,54,54,56,55,58,59,59,61,60,62,62,64,63
20260729_152303_3a4d7f,1785335020928661,1656112644,0,0,0,-52,128,0,16,17,16,16,16,16,15,15,14,14,14,14,13,13,13,13,13,13,13,12,12,11,11,11,10,10,0,0,0,0,0,0,0,0,0,0,0,9,9,9,10,10,11,12,12,13,14,14,14,14,14,14,15,15,15,16,16,16,16,16,17,17,17,0,32,32,31,31,30,31,29,28,27,28,27,27,26,26,25,26,25,26,25,25,24,23,22,22,21,19,18,18,0,0,0,0,0,0,0,13,15,15,17,18,18,20,21,23,23,25,25,26,26,27,28,28,28,28,29,30,31,31,31,30,32,32,32
20260729_152303_3a4d7f,1785335021027604,1656211665,0,0,0,-51,128,0,16,16,16,15,15,15,14,14,13,14,14,13,14,14,14,13,13,12,12,12,11,11,11,10,10,9,0,0,0,0,0,0,0,0,0,0,0,8,8,9,9,10,10,11,12,12,13,13,13,13,13,13,14,15,15,15,16,16,16,16,16,17,16,0,63,62,61,60,60,59,57,56,54,54,54,53,52,52,50,50,51,50,48,47,46,43,43,41,39,37,36,36,0,0,0,0,0,0,0,26,28,29,32,35,37,39,42,45,46,47,50,51,52,53,54,54,55,56,58,59,60,60,61,61,62,65,61
20260729_152303_3a4d7f,1785335021132603,1656311546,0,0,0,-52,128,0,17,17,16,17,15,15,15,15,15,15,14,14,13,14,14,14,14,14,13,13,13,12,12,11,11,9,0,0,0,0,0,0,0,0,0,0,0,8,8,9,9,10,11,12,12,13,13,14,14,14,14,14,15,15,15,15,16,16,16,17,17,17,17,0,63,60,61,60,59,59,56,55,55,55,54,52,51,50,51,51,51,49,50,48,46,44,43,41,40,39,36,36,0,0,0,0,0,0,0,26,27,31,31,34,38,39,42,45,46,48,50,50,53,53,53,53,56,56,57,58,60,60,60,63,62,62,62
20260729_152303_3a4d7f,1785335021227199,1656411561,0,0,0,-51,128,0,16,16,15,15,15,15,14,14,14,13,13,13,13,13,13,13,13,13,13,12,12,11,11,10,9,9,0,0,0,0,0,0,0,0,0,0,0,7,8,9,9,10,10,11,11,12,12,13,13,13,14,14,14,15,15,15,15,15,16,16,16,16,16,0,32,30,30,30,29,29,29,27,26,27,26,25,25,25,24,25,25,25,24,23,22,22,21,20,19,19,18,17,0,0,0,0,0,0,0,12,13,14,16,17,18,19,21,22,22,23,24,25,26,25,26,27,27,27,29,29,29,29,30,30,31,31,32
20260729_152303_3a4d7f,1785335021327909,1656510962,0,0,0,-52,128,0,17,17,18,17,16,17,16,15,15,15,15,15,14,14,14,14,14,14,14,13,13,13,12,12,11,11,0,0,0,0,0,0,0,0,0,0,0,8,9,10,10,11,12,12,13,13,14,14,15,15,15,15,15,15,15,17,16,17,17,17,17,17,17,0,63,64,62,60,60,58,57,57,54,54,54,52,53,53,52,52,52,52,50,48,48,45,44,42,40,40,36,37,0,0,0,0,0,0,0,26,28,30,33,36,38,40,42,45,47,49,50,52,52,54,55,55,57,58,57,61,59,60,62,60,65,63,63
20260729_152303_3a4d7f,1785335021432373,1656611847,0,0,0,-52,128,0,16,17,17,16,16,15,15,15,14,14,14,13,14,14,14,14,14,13,14,13,13,12,12,11,11,10,0,0,0,0,0,0,0,0,0,0,0,8,9,9,9,10,11,11,12,13,13,13,14,14,14,15,15,15,15,16,16,16,16,16,17,17,16,0,32,31,32,30,30,29,29,28,27,26,27,27,26,27,25,26,25,26,24,24,24,22,22,20,20,20,18,18,0,0,0,0,0,0,0,14,13,16,17,17,19,20,22,23,24,25,25,26,26,27,27,28,28,29,28,31,30,31,32,31,32,33,32
20260729_152303_3a4d7f,1785335021527441,1656711849,0,0,0,-52,128,0,17,17,17,16,17,16,16,15,15,15,15,14,14,15,14,15,14,14,14,13,13,13,12,12,11,11,0,0,0,0,0,0,0,0,0,0,0,8,9,9,10,11,12,12,13,13,14,14,14,15,15,15,15,16,16,17,17,17,17,17,17,17,18,0,64,64,63,60,59,59,57,56,56,55,53,52,54,55,52,51,52,50,48,47,46,46,44,41,40,40,36,36,0,0,0,0,0,0,0,26,28,30,34,36,38,40,41,44,47,50,51,51,52,54,55,56,58,56,57,58,60,62,62,61,62,64,64
20260729_152303_3a4d7f,1785335021632542,1656811706,0,0,0,-51,128,0,17,16,15,17,15,15,15,15,15,15,14,14,14,14,14,14,14,14,14,13,13,12,12,11,10,10,0,0,0,0,0,0,0,0,0,0,0,8,9,9,10,11,11,13,13,13,13,13,14,14,14,15,15,15,16,15,16,16,16,17,16,17,17,0,61,61,60,60,58,59,56,56,55,55,54,52,51,52,51,51,51,51,50,49,47,44,43,42,41,38,37,36,0,0,0,0,0,0,0,27,28,30,33,36,38,40,42,46,47,47,50,52,53,53,52,54,56,56,57,58,59,60,61,62,62,63,64
20260729_152303_3a4d7f,1785335021732421,1656912298,0,0,0,-51,128,0,17,17,16,16,15,15,14,14,14,14,15,13,13,13,13,13,13,13,13,12,12,12,11,11,10,10,0,0,0,0,0,0,0,0,0,0,0,7,8,9,9,10,10,12,12,12,13,13,14,14,14,14,15,15,15,15,15,16,16,17,17,17,17,0,63,61,60,60,58,57,56,55,54,55,53,52,51,51,51,51,50,50,49,48,47,43,42,41,39,38,37,36,0,0,0,0,0,0,0,25,27,29,31,33,37,39,43,44,47,48,49,52,52,52,53,54,56,57,56,58,60,61,61,61,62,63,63
20260729_152303_3a4d7f,1785335021827806,1657011516,0,0,0,-52,128,0,16,16,16,16,15,15,15,15,14,14,14,13,14,14,14,13,14,13,13,13,12,12,12,11,11,10,0,0,0,0,0,0,0,0,0,0,0,8,8,9,10,11,11,12,12,12,13,13,13,14,14,14,15,15,15,15,16,16,16,16,16,17,16,0,30,31,30,29,29,29,28,27,26,26,26,26,26,26,25,25,25,25,24,24,23,22,21,20,20,19,18,18,0,0,0,0,0,0,0,12,14,15,16,17,18,20,20,22,22,23,25,24,25,26,26,26,27,27,29,29,30,30,30,31,31,32,31
20260729_152303_3a4d7f,1785335021934558,1657113913,0,0,0,-52,128,0,17,16,16,15,15,15,15,14,15,14,13,13,13,13,13,13,13,13,13,13,12,12,11,11,11,10,0,0,0,0,0,0,0,0,0,0,0,8,8,8,9,10,10,12,12,13,13,13,13,13,14,14,15,15,15,15,16,16,16,16,16,16,17,0,63,61,61,61,57,58,55,55,54,55,53,51,51,51,51,50,50,50,49,48,45,44,43,41,40,38,36,36,0,0,0,0,0,0,0,25,27,29,31,33,36,39,41,45,46,48,49,51,51,52,52,55,56,56,56,57,59,59,62,61,63,63,62
20260729_152303_3a4d7f,1785335022029614,1657211715,0,0,0,-52,128,0,17,17,17,17,16,16,16,15,15,15,15,15,15,15,14,14,14,14,14,13,13,13,12,11,11,11,0,0,0,0,0,0,0,0,0,0,0,8,9,10,10,11,12,13,13,13,14,14,14,15,15,15,16,15,16,16,16,17,17,17,17,17,17,0,63,63,61,61,59,59,56,56,54,56,54,53,53,52,52,52,52,50,50,47,47,46,45,42,40,40,37,36,0,0,0,0,0,0,0,28,29,30,32,36,39,41,42,45,47,49,51,52,53,54,54,55,56,59,57,60,60,61,63,63,64,63,63
20260729_152303_3a4d7f,1785335022127876,1657311695,0,0,0,-52,128,0,17,17,16,16,16,15,15,14,14,14,14,14,14,14,13,13,13,13,13,13,13,11,11,11,11,10,0,0,0,0,0,0,0,0,0,0,0,8,9,9,10,11,11,11,12,12,13,13,14,14,14,14,14,15,15,15,15,16,16,16,17,17,17,0,63,61,62,58,60,57,56,55,54,53,53,53,51,52,51,51,49,51,50,48,46,44,43,42,39,39,35,36,0,0,0,0,0,0,0,25,28,30,33,35,37,39,42,45,46,49,49,49,51,53,54,56,54,57,55,60,60,60,61,60,63,63,65
20260729_152303_3a4d7f,1785335022232916,1657411898,0,0,0,-52,128,0,16,16,16,16,14,14,14,14,13,14,14,14,14,13,13,13,13,12,12,12,11,11,11,10,10,9,0,0,0,0,0,0,0,0,0,0,0,7,8,9,9,10,10,11,11,13,13,13,13,13,13,13,14,14,14,14,15,15,15,16,16,17,16,0,61,62,60,59,57,56,56,54,52,53,53,52,51,51,50,49,51,49,49,47,46,45,43,40,39,38,36,35,0,0,0,0,0,0,0,26,28,29,31,35,36,39,41,43,45,48,49,50,52,52,53,53,53,55,57,57,59,59,61,61,64,63,63
20260729_152303_3a4d7f,1785335022331543,1657511568,0,0,0,-52,128,0,16,16,16,16,14,14,14,14,14,14,13,13,13,14,13,13,13,13,13,12,11,11,10,10,10,9,0,0,0,0,0,0,0,0,0,0,0,7,8,8,9,9,11,11,12,13,12,13,13,14,14,14,14,14,14,15,15,15,16,16,16,16,16,0,61,62,61,60,58,58,56,54,52,54,52,51,51,51,50,50,51,49,49,48,46,43,42,41,38,38,35,35,0,0,0,0,0,0,0,26,28,30,31,35,38,40,41,43,45,47,50,50,52,51,54,54,56,55,56,57,59,61,61,61,62,63,63
20260729_152303_3a4d7f,1785335022432390,1657611692,0,0,0,-52,128,0,17,17,17,16,16,16,15,15,14,15,15,14,14,14,13,13,13,13,13,13,13,12,12,11,11,11,0,0,0,0,0,0,0,0,0,0,0,8,9,9,10,11,11,12,13,13,14,14,14,15,15,14,15,15,16,16,16,16,16,17,17,17,17,0,63,61,60,60,59,57,56,54,54,53,53,52,52,52,50,51,50,49,50,48,47,43,42,41,40,40,36,36,0,0,0,0,0,0,0,25,27,30,32,34,37,39,43,44,46,48,48,51,52,52,53,55,54,57,56,59,58,60,62,61,63,63,62
20260729_152303_3a4d7f,1785335022527988,1657711088,0,0,0,-52,128,0,17,15,15,15,15,14,15,13,13,13,13,13,13,13,12,13,13,13,13,12,11,11,11,10,9,10,0,0,0,0,0,0,0,0,0,0,0,7,8,8,10,9,11,11,11,12,12,13,13,13,13,13,14,14,14,15,15,16,16,16,17,17,17,0,61,61,60,60,57,56,55,54,54,54,53,51,51,50,50,49,50,48,47,47,45,44,43,40,38,37,36,33,0,0,0,0,0,0,0,26,27,29,31,34,35,41,40,42,46,47,49,50,51,53,53,54,55,54,57,58,59,60,60,61,62,62,61
20260729_152303_3a4d7f,1785335022628165,1657811768,0,0,0,-52,128,0,17,17,17,17,16,15,15,15,15,15,15,14,14,14,14,14,13,13,13,13,12,12,11,11,11,10,0,0,0,0,0,0,0,0,0,0,0,9,9,10,10,11,11,12,13,14,13,14,14,14,14,14,15,15,15,15,16,17,16,17,17,17,17,0,63,63,61,60,58,59,57,56,54,55,54,52,49,51,52,52,51,51,50,48,46,44,44,41,39,38,36,36,0,0,0,0,0,0,0,27,29,30,34,35,38,41,43,45,49,49,50,52,53,52,54,53,55,56,57,59,60,61,61,63,63,63,63
20260729_152303_3a4d7f,1785335022730736,1657914567,0,0,0,-52,128,0,16,16,16,16,15,15,15,14,14,14,14,13,13,13,13,13,13,13,12,12,12,11,11,10,10,10,0,0,0,0,0,0,0,0,0,0,0,7,8,8,9,10,11,11,12,12,12,13,14,14,14,14,15,15,15,15,16,16,16,16,16,16,16,0,64,61,59,60,58,57,55,54,54,54,53,51,50,51,51,51,50,49,48,48,46,44,43,41,40,38,35,35,0,0,0,0,0,0,0,25,28,29,31,35,36,40,41,44,45,49,49,51,53,53,54,54,55,56,57,57,60,58,61,62,62,63,63
20260729_152303_3a4d7f,1785335022831804,1658012945,0,0,0,-52,128,0,17,17,17,17,17,16,16,15,16,15,15,14,14,14,15,14,15,14,14,14,13,13,13,12,12,11,0,0,0,0,0,0,0,0,0,0,0,9,9,10,10,11,12,13,13,13,14,15,15,15,15,15,16,16,16,16,17,17,17,17,17,18,17,0,63,64,61,60,60,58,56,55,54,55,53,52,53,51,51,50,51,50,50,49,47,46,43,41,39,38,38,35,0,0,0,0,0,0,0,26,29,30,32,35,39,40,41,44,46,48,50,51,52,54,53,55,55,56,57,60,61,61,62,62,64,64,62
20260729_152303_3a4d7f,1785335022927199,1658110927,0,0,0,-52,128,0,17,17,16,16,15,15,14,14,14,14,14,14,14,14,13,13,13,12,12,12,12,11,11,10,10,9,0,0,0,0,0,0,0,0,0,0,0,8,8,9,9,10,11,11,13,13,13,13,14,14,14,14,15,14,15,15,15,16,17,17,17,17,17,0,64,61,60,60,58,57,56,55,54,55,53,52,52,51,51,50,49,49,49,47,46,44,42,40,39,38,35,35,0,0,0,0,0,0,0,24,28,29,32,34,36,39,43,44,46,49,50,51,51,52,53,55,55,57,57,58,59,61,61,63,63,64,64
20260729_152303_3a4d7f,1785335023032393,1658212309,0,0,0,-52,128,0,16,16,16,16,15,15,15,14,14,15,14,14,14,14,14,13,13,13,13,13,12,11,11,11,10,10,0,0,0,0,0,0,0,0,0,0,0,8,9,9,9,10,10,11,12,12,13,13,14,14,14,14,15,15,15,15,16,16,16,16,17,17,16,0,32,31,31,30,30,29,28,28,28,27,27,27,26,27,26,26,25,26,24,24,23,23,22,21,21,20,18,18,0,0,0,0,0,0,0,13,13,15,17,17,18,20,21,23,24,25,24,25,26,27,28,28,28,28,29,30,30,31,32,31,31,32,31
20260729_152303_3a4d7f,1785335023132404,1658311827,0,0,0,-52,128,0,17,16,16,16,16,15,15,14,14,14,14,14,14,14,14,15,14,14,14,13,12,12,11,11,10,10,0,0,0,0,0,0,0,0,0,0,0,8,9,9,10,10,11,12,13,13,13,14,14,14,14,14,14,16,15,16,16,16,17,17,17,17,17,0,62,62,62,61,58,57,54,54,55,55,55,52,51,52,53,52,51,50,50,48,46,44,43,41,40,39,37,36,0,0,0,0,0,0,0,26,29,30,33,35,37,40,42,44,46,48,51,50,52,52,53,53,57,55,58,58,58,59,61,62,62,63,63
20260729_152303_3a4d7f,1785335023232848,1658411474,0,0,0,-52,128,0,17,17,17,16,16,16,15,15,15,15,14,14,14,15,15,15,14,14,14,14,13,13,12,12,11,10,0,0,0,0,0,0,0,0,0,0,0,8,9,10,11,10,12,12,12,13,13,14,14,14,14,15,15,15,16,16,16,16,17,17,17,17,17,0,31,31,31,30,29,29,28,28,28,28,27,26,26,26,26,26,26,25,25,24,24,23,22,21,20,20,18,18,0,0,0,0,0,0,0,14,14,15,17,18,19,20,21,22,24,24,25,26,26,26,27,27,29,29,29,29,30,30,31,32,32,32,32
20260729_152303_3a4d7f,1785335023333272,1658512316,0,0,0,-52,128,0,16,16,16,16,15,15,15,14,14,14,15,14,13,13,13,13,13,13,13,13,12,12,11,11,11,11,0,0,0,0,0,0,0,0,0,0,0,9,9,9,9,11,11,11,12,13,13,13,13,14,14,14,15,14,15,16,16,16,16,16,16,16,16,0,62,61,61,59,59,58,56,54,55,54,53,52,52,52,52,50,50,50,49,48,46,45,44,43,41,40,37,34,0,0,0,0,0,0,0,26,28,31,33,35,36,40,42,45,45,49,50,50,51,52,54,54,57,56,58,59,59,60,62,62,62,64,64
20260729_152303_3a4d7f,1785335023426751,1658610949,0,0,0,-52,128,0,16,16,15,15,16,15,15,15,14,14,14,14,13,13,13,13,13,13,13,12,12,11,11,10,10,9,0,0,0,0,0,0,0,0,0,0,0,8,8,9,10,10,11,11,11,12,12,13,14,14,14,14,14,15,14,16,16,16,16,16,16,16,17,0,63,64,62,60,61,57,57,56,54,54,54,56,53,53,51,51,52,50,48,49,46,48,44,42,41,38,37,38,0,0,0,0,0,0,0,27,28,30,33,35,39,39,43,44,47,47,51,50,52,53,53,54,55,57,56,60,60,61,62,60,63,63,64
20260729_152303_3a4d7f,1785335023529012,1658711872,0,0,0,-51,128,0,17,17,17,16,16,15,15,14,14,14,14,14,14,14,14,13,13,13,13,12,12,12,12,10,10,10,0,0,0,0,0,0,0,0,0,0,0,9,9,9,10,10,11,12,12,13,14,14,14,14,14,14,14,15,15,15,16,16,17,17,17,17,17,0,63,61,60,61,57,58,56,56,54,54,53,53,51,50,51,49,51,48,52,45,48,43,45,38,40,39,34,37,0,0,0,0,0,0,0,24,27,30,33,34,37,40,42,43,45,48,49,49,51,52,53,55,55,55,58,59,59,59,61,62,62,64,63
20260729_152303_3a4d7f,1785335023632200,1658811926,0,0,0,-52,128,0,17,17,17,16,16,15,15,15,15,14,14,14,14,15,15,15,14,14,14,13,13,12,12,12,11,10,0,0,0,0,0,0,0,0,0,0,0,8,9,10,11,11,12,13,13,13,13,14,14,14,14,15,15,15,15,16,16,16,17,17,17,17,17,0,32,31,32,31,30,29,28,28,27,29,27,27,26,27,27,26,25,24,25,26,24,24,22,21,21,21,19,19,0,0,0,0,0,0,0,14,14,15,17,18,19,20,22,23,24,25,24,26,26,27,27,28,28,29,29,29,30,31,31,31,32,32,32
20260729_152303_3a4d7f,1785335023732987,1658911894,0,0,0,-52,128,0,17,16,16,16,16,15,15,15,15,15,15,14,14,14,14,14,14,14,13,13,13,12,12,11,11,11,0,0,0,0,0,0,0,0,0,0,0,8,9,10,10,11,12,12,13,13,13,14,14,14,14,15,15,15,15,16,16,16,17,16,17,17,17,0,31,31,30,30,29,29,28,27,27,28,27,26,27,27,26,26,26,26,25,24,24,23,22,21,21,20,19,18,0,0,0,0,0,0,0,14,15,16,16,17,19,20,22,23,24,25,25,26,26,27,27,27,28,29,28,29,30,30,31,31,31,31,33
20260729_152303_3a4d7f,1785335023831379,1659011443,0,0,0,-52,128,0,17,17,16,17,15,15,15,14,15,14,14,14,13,13,14,13,13,13,13,13,12,12,11,11,11,10,0,0,0,0,0,0,0,0,0,0,0,8,9,9,9,10,11,12,13,13,14,14,14,14,14,14,14,14,15,15,16,16,17,17,17,17,17,0,62,62,61,59,60,59,55,55,54,55,54,51,51,52,51,52,49,51,50,47,47,44,42,42,38,39,37,36,0,0,0,0,0,0,0,25,28,29,31,34,36,38,42,45,46,47,49,50,51,52,53,54,56,56,57,59,60,60,61,62,62,62,63
20260729_152303_3a4d7f,1785335023963945,1659147803,0,0,0,-52,128,0,17,17,17,16,16,16,15,15,15,14,14,14,14,13,13,13,13,13,13,13,13,12,11,11,10,10,0,0,0,0,0,0,0,0,0,0,0,8,9,9,9,10,11,13,12,13,14,14,14,15,15,15,15,15,16,16,16,16,17,17,17,17,17,0,63,63,60,61,58,58,55,56,54,55,53,52,51,51,51,51,50,47,49,47,46,45,42,41,39,37,36,35,0,0,0,0,0,0,0,26,28,30,33,34,37,40,41,43,47,49,49,51,52,54,53,53,56,55,58,58,60,61,62,62,62,63,62
20260729_152303_3a4d7f,1785335024029219,1659211453,0,0,0,-52,128,0,17,16,16,16,16,16,16,14,15,14,14,14,13,14,14,14,13,13,13,13,13,12,11,11,10,10,0,0,0,0,0,0,0,0,0,0,0,7,9,9,10,10,11,12,12,13,13,14,14,14,14,15,15,16,16,16,16,16,17,17,17,17,17,0,64,62,60,60,59,58,55,54,54,55,53,52,51,51,51,49,50,49,48,47,47,44,42,41,39,39,35,35,0,0,0,0,0,0,0,25,27,31,32,34,37,40,41,45,46,49,50,51,52,52,53,54,55,55,57,56,58,60,61,62,62,64,62
20260729_152303_3a4d7f,1785335024129758,1659311538,0,0,0,-52,128,0,17,17,17,16,16,16,15,15,15,14,14,14,14,14,14,14,14,14,14,13,13,13,12,12,10,10,0,0,0,0,0,0,0,0,0,0,0,8,9,10,10,11,11,12,12,13,13,14,14,14,15,15,15,15,15,16,16,16,17,17,17,17,17,0,32,31,32,29,30,29,28,28,27,28,27,27,27,27,25,25,25,26,24,23,23,23,21,21,20,20,19,19,0,0,0,0,0,0,0,12,14,15,17,17,19,20,21,22,24,25,25,25,26,27,28,28,28,28,29,30,30,30,31,30,31,32,31
20260729_152303_3a4d7f,1785335024231155,1659411456,0,0,0,-52,128,0,17,16,16,16,15,15,14,14,14,14,14,13,14,14,14,13,13,12,12,12,12,11,11,10,10,9,0,0,0,0,0,0,0,0,0,0,0,8,8,9,9,10,10,11,12,13,13,14,14,13,14,14,14,14,15,15,15,16,17,17,17,17,17,0,63,61,61,61,58,57,55,55,54,55,52,52,51,51,50,50,50,49,48,47,46,44,42,39,39,37,35,36,0,0,0,0,0,0,0,25,28,30,32,34,38,39,43,44,47,48,50,51,53,52,54,54,56,57,58,58,58,59,60,62,61,63,63
20260729_152303_3a4d7f,1785335024328895,1659511909,0,0,0,-52,128,0,16,16,15,16,14,14,14,14,13,14,13,13,13,13,14,12,14,12,12,12,11,11,11,10,10,9,0,0,0,0,0,0,0,0,0,0,0,7,8,8,9,10,10,11,12,13,13,13,13,13,13,13,14,14,15,14,15,15,15,16,16,16,16,0,63,61,59,60,57,57,55,54,54,52,52,51,51,52,52,51,49,49,48,46,46,44,43,41,40,39,36,34,0,0,0,0,0,0,0,25,27,29,32,35,37,39,41,43,47,47,50,49,51,52,52,53,55,56,56,57,58,60,60,62,62,63,61
20260729_152303_3a4d7f,1785335024513229,1659692507,0,0,0,-52,128,0,17,17,18,16,17,16,16,16,15,14,14,14,14,14,14,14,14,14,14,13,13,12,12,11,11,11,0,0,0,0,0,0,0,0,0,0,0,8,9,10,11,11,12,12,13,13,14,14,15,15,15,16,16,16,16,16,16,16,17,17,18,18,18,0,31,33,31,30,30,30,30,28,27,27,28,27,26,26,26,26,26,25,24,24,23,23,22,21,20,20,19,18,0,0,0,0,0,0,0,13,15,16,17,18,19,21,22,24,24,25,25,27,26,28,28,28,28,29,29,30,31,31,32,31,32,32,31
20260729_152303_3a4d7f,1785335024546393,1659710317,0,0,0,-52,128,0,17,17,17,16,16,16,16,15,15,14,15,14,14,13,14,14,13,14,13,13,13,12,12,12,11,11,0,0,0,0,0,0,0,0,0,0,0,8,9,9,10,10,11,12,12,13,13,14,14,14,15,15,15,15,16,16,16,16,17,17,17,18,18,0,63,62,60,59,59,58,56,55,54,54,54,52,52,51,51,50,49,52,49,46,47,44,45,41,38,39,37,34,0,0,0,0,0,0,0,26,29,31,33,34,37,39,44,45,47,48,51,52,52,52,53,54,55,57,57,59,59,59,60,62,62,62,62
20260729_152303_3a4d7f,1785335024629683,1659813664,0,0,0,-52,128,0,16,16,16,16,16,16,15,14,14,14,14,14,14,14,14,14,13,13,13,13,12,12,12,12,11,10,0,0,0,0,0,0,0,0,0,0,0,8,9,9,10,11,11,12,12,13,14,14,14,13,14,15,14,16,16,15,16,16,16,16,16,17,17,0,64,62,62,59,60,57,56,55,54,53,53,52,51,52,51,53,50,51,50,48,47,43,43,41,39,39,36,36,0,0,0,0,0,0,0,26,29,31,32,34,38,39,43,44,47,50,49,50,52,52,53,55,55,57,56,59,58,60,62,62,63,63,64
20260729_152303_3a4d7f,1785335024731862,1659913363,0,0,0,-51,128,0,17,17,17,17,16,16,16,14,15,15,15,14,14,14,14,14,14,14,13,13,13,12,12,11,11,11,0,0,0,0,0,0,0,0,0,0,0,8,9,10,10,11,12,12,13,13,13,13,15,15,15,15,15,16,16,16,16,16,17,17,17,17,17,0,63,60,61,59,59,59,56,55,54,54,56,52,51,51,51,51,50,51,50,49,47,44,42,43,40,39,36,36,0,0,0,0,0,0,0,26,29,30,33,35,38,39,44,46,47,47,48,52,53,53,52,55,54,58,56,58,60,60,59,61,64,62,64
20260729_152303_3a4d7f,1785335024831641,1660011645,0,0,0,-51,128,0,16,17,16,16,16,16,16,16,14,15,15,15,15,14,14,14,14,13,13,13,13,12,12,11,11,11,0,0,0,0,0,0,0,0,0,0,0,8,9,9,10,12,12,12,13,13,14,14,14,14,14,14,15,16,16,16,17,17,17,17,17,17,17,0,64,63,63,60,60,59,58,56,55,55,54,53,53,53,51,52,50,50,50,49,46,45,42,41,41,39,35,36,0,0,0,0,0,0,0,26,29,30,34,34,39,40,42,44,47,48,49,51,51,54,55,56,55,57,55,59,60,60,62,60,62,63,63
20260729_152303_3a4d7f,1785335024931653,1660111832,0,0,0,-52,128,0,16,15,15,15,14,14,14,14,14,13,13,13,13,13,13,13,13,13,13,12,12,11,11,10,9,9,0,0,0,0,0,0,0,0,0,0,0,8,8,9,9,10,10,11,12,12,13,13,13,13,14,14,14,14,14,15,15,15,16,15,16,16,16,0,62,61,60,59,59,57,55,55,52,54,53,51,51,50,49,50,49,49,48,47,46,44,43,41,40,38,35,35,0,0,0,0,0,0,0,26,27,29,32,36,37,40,41,44,46,47,50,50,50,52,52,53,55,55,57,59,59,61,60,62,63,63,62
20260729_152303_3a4d7f,1785335025031005,1660212569,0,0,0,-51,128,0,17,16,16,16,16,16,15,14,15,14,14,14,14,13,13,13,13,13,13,13,12,12,12,10,10,9,0,0,0,0,0,0,0,0,0,0,0,8,8,9,10,10,11,11,12,13,13,13,13,13,13,14,15,15,15,16,16,16,16,16,16,16,16,0,64,61,62,59,60,57,56,54,55,54,53,53,52,53,50,52,50,51,50,48,47,45,41,42,40,40,36,35,0,0,0,0,0,0,0,25,27,29,33,33,37,39,42,44,46,49,49,51,52,52,54,56,54,57,57,58,58,60,62,61,61,64,63
20260729_152303_3a4d7f,1785335025136043,1660314937,0,0,0,-52,128,0,17,17,16,16,16,16,15,15,15,15,14,15,14,15,15,14,14,14,14,14,13,13,12,12,12,11,0,0,0,0,0,0,0,0,0,0,0,9,9,10,11,11,11,12,13,13,14,14,14,14,14,15,15,15,16,16,16,16,17,17,17,17,17,0,31,31,30,30,29,29,28,27,27,28,27,27,27,27,26,27,26,26,26,25,24,23,22,21,21,20,18,18,0,0,0,0,0,0,0,13,14,16,17,18,20,20,21,22,24,25,25,25,25,26,27,26,29,28,29,29,30,30,31,31,31,32,31
20260729_152303_3a4d7f,1785335025234405,1660413569,0,0,0,-52,128,0,17,17,16,16,16,16,15,14,14,15,15,14,14,14,15,13,13,13,13,12,12,12,11,11,11,10,0,0,0,0,0,0,0,0,0,0,0,9,9,10,10,11,11,12,13,13,14,14,14,14,14,14,15,15,16,16,17,16,17,17,17,17,17,0,64,63,62,59,59,58,55,56,54,55,53,53,52,51,51,51,49,50,49,46,47,44,43,40,40,39,36,36,0,0,0,0,0,0,0,27,29,31,33,35,39,40,43,45,48,49,48,51,51,53,54,54,57,58,57,60,60,62,64,63,64,64,64
20260729_152303_3a4d7f,1785335025327734,1660512140,0,0,0,-52,128,0,16,16,16,16,16,15,15,14,14,14,14,13,13,13,13,13,13,13,13,12,12,12,11,11,11,10,0,0,0,0,0,0,0,0,0,0,0,9,9,9,10,11,11,11,12,13,13,13,13,14,14,14,14,14,15,15,16,16,16,16,16,17,17,0,63,63,61,60,59,57,57,56,53,54,54,52,51,52,50,50,52,50,49,47,47,45,43,41,39,40,38,35,0,0,0,0,0,0,0,28,29,31,32,35,37,39,43,44,47,48,49,51,51,52,53,54,56,55,56,59,60,60,60,62,64,62,63
20260729_152303_3a4d7f,1785335025431586,1660611690,0,0,0,-52,128,0,16,16,16,15,14,14,14,14,14,14,13,13,13,13,13,13,12,12,12,12,11,11,11,10,10,9,0,0,0,0,0,0,0,0,0,0,0,7,8,9,10,10,10,11,12,12,12,12,13,13,14,14,14,14,14,15,16,16,16,16,16,16,16,0,62,60,60,59,59,58,56,54,53,53,51,51,52,52,49,52,50,49,48,47,46,44,42,40,39,39,35,36,0,0,0,0,0,0,0,25,28,30,32,34,37,38,41,44,44,47,50,50,51,52,53,54,54,57,56,59,58,59,62,61,63,63,63
20260729_152303_3a4d7f,1785335025528630,1660711902,0,0,0,-52,128,0,17,17,17,17,16,16,16,16,15,15,15,14,14,14,14,14,14,14,14,13,13,13,12,11,11,11,0,0,0,0,0,0,0,0,0,0,0,9,9,10,11,12,11,13,14,13,14,14,14,15,15,15,16,16,16,16,16,17,17,17,18,18,17,0,64,64,62,60,59,58,57,56,55,55,54,53,52,51,52,50,50,50,48,48,47,44,42,42,40,40,36,36,0,0,0,0,0,0,0,26,29,30,33,37,38,40,43,44,46,49,51,51,52,54,55,55,57,58,57,60,59,60,64,61,63,63,64
20260729_152303_3a4d7f,1785335025627663,1660811717,0,0,0,-51,128,0,17,17,17,16,16,16,16,15,15,15,15,15,15,14,14,14,14,14,14,13,13,13,12,12,11,11,0,0,0,0,0,0,0,0,0,0,0,8,9,10,10,11,12,12,13,13,14,14,14,15,15,16,15,16,16,17,17,17,17,17,17,18,17,0,62,62,63,60,60,60,56,57,55,54,54,53,51,51,51,52,51,51,51,47,47,44,43,42,40,39,36,37,0,0,0,0,0,0,0,27,28,30,32,35,38,40,42,45,47,47,50,52,52,54,54,55,56,57,56,60,61,62,62,61,65,64,62
20260729_152303_3a4d7f,1785335025732764,1660911825,0,0,0,-52,128,0,16,16,16,15,15,15,15,14,14,13,14,14,14,13,13,14,13,13,13,12,12,12,11,11,11,10,0,0,0,0,0,0,0,0,0,0,0,9,9,9,10,11,11,11,12,13,13,13,14,13,13,14,14,14,14,15,15,15,17,16,16,17,16,0,62,62,62,59,58,56,55,55,53,54,53,52,51,51,52,52,50,50,49,47,46,44,43,41,40,39,36,36,0,0,0,0,0,0,0,27,28,30,33,34,38,40,42,44,45,48,49,51,51,52,52,54,55,57,56,58,59,60,62,62,61,64,63
20260729_152303_3a4d7f,1785335025831059,1661011568,0,0,0,-52,128,0,17,17,17,17,17,16,15,15,15,15,15,15,15,15,15,14,13,13,13,13,12,12,11,11,11,10,0,0,0,0,0,0,0,0,0,0,0,8,9,10,11,11,11,12,13,14,14,14,14,15,15,15,15,15,16,17,17,17,17,17,17,17,18,0,63,63,64,59,59,60,57,57,54,55,53,53,52,52,51,51,51,50,49,48,46,44,43,42,40,39,37,36,0,0,0,0,0,0,0,26,29,30,33,35,39,39,42,44,46,49,51,51,52,54,54,55,56,57,58,60,61,61,64,61,63,65,63
20260729_152303_3a4d7f,1785335025930440,1661111796,0,0,0,-52,128,0,17,17,17,16,16,16,16,16,16,15,15,14,14,14,14,14,14,14,14,14,14,12,12,11,11,11,0,0,0,0,0,0,0,0,0,0,0,9,9,10,10,11,12,12,13,13,13,14,14,14,15,16,16,16,16,16,16,16,18,16,18,18,17,0,63,62,63,59,61,60,57,56,54,54,54,53,53,53,51,51,51,51,49,49,47,44,44,43,41,40,37,37,0,0,0,0,0,0,0,26,30,30,32,36,38,40,43,45,47,48,49,52,53,54,55,56,55,57,57,60,61,62,62,60,64,63,63
20260729_152303_3a4d7f,1785335026029935,1661213860,0,0,0,-52,128,0,17,17,17,16,16,16,15,15,15,15,14,14,14,14,14,13,13,13,14,12,12,12,11,11,10,10,0,0,0,0,0,0,0,0,0,0,0,8,9,10,10,10,11,12,12,13,14,13,14,14,14,15,15,15,15,16,16,16,17,17,17,17,17,0,32,31,31,31,30,29,28,28,27,26,26,26,27,26,26,25,26,25,24,24,23,22,22,21,20,20,19,17,0,0,0,0,0,0,0,13,14,15,17,17,18,20,22,23,23,24,25,25,25,27,27,27,28,28,28,29,30,31,31,31,31,31,31
20260729_152303_3a4d7f,1785335026128123,1661312467,0,0,0,-51,128,0,16,16,15,15,15,15,14,14,13,13,14,14,13,13,13,13,13,12,12,12,12,11,11,10,10,10,0,0,0,0,0,0,0,0,0,0,0,7,8,9,9,10,10,11,11,12,12,13,13,13,13,14,14,15,14,15,15,15,15,16,16,16,16,0,32,29,29,30,28,29,28,28,27,26,26,26,26,25,25,25,24,24,23,22,23,21,20,20,19,19,17,17,0,0,0,0,0,0,0,12,14,14,15,17,18,20,21,22,23,24,24,25,25,26,26,26,27,27,28,29,29,30,30,32,31,32,30
20260729_152303_3a4d7f,1785335026227559,1661411804,0,0,0,-52,128,0,16,16,15,15,15,14,14,13,13,13,13,13,13,13,13,12,13,12,12,12,12,11,11,11,9,9,0,0,0,0,0,0,0,0,0,0,0,7,8,9,9,10,10,11,11,12,13,13,13,13,13,14,14,14,14,14,15,16,16,16,16,17,16,0,62,62,60,58,59,58,55,54,54,54,52,51,50,51,50,50,49,49,48,47,47,43,42,40,39,37,36,35,0,0,0,0,0,0,0,26,28,29,31,34,37,38,40,44,45,48,50,50,50,52,52,54,54,55,55,57,58,60,61,62,62,63,62
20260729_152303_3a4d7f,1785335026332766,1661512351,0,0,0,-52,128,0,17,17,17,17,16,16,15,15,15,14,14,14,13,14,14,13,13,13,13,13,13,12,12,11,11,11,0,0,0,0,0,0,0,0,0,0,0,8,9,9,10,11,11,12,13,13,14,14,14,14,14,14,16,16,16,16,16,17,17,17,18,17,17,0,64,62,61,60,60,59,56,54,54,54,52,52,52,52,51,51,50,50,50,48,46,44,42,41,40,39,35,36,0,0,0,0,0,0,0,25,28,30,31,34,37,39,42,45,45,48,49,51,51,52,55,54,56,56,58,58,60,60,62,61,62,63,63
20260729_152303_3a4d7f,1785335026431791,1661611904,0,0,0,-52,128,0,17,17,16,16,16,16,15,15,15,14,14,14,13,14,14,14,14,13,13,13,13,12,12,11,10,10,0,0,0,0,0,0,0,0,0,0,0,8,8,9,10,11,11,12,12,13,13,13,14,14,14,14,15,15,15,15,16,16,16,17,17,17,17,0,62,62,60,60,58,59,56,56,55,56,53,53,52,49,52,50,52,49,49,49,47,44,44,41,38,38,37,36,0,0,0,0,0,0,0,26,27,29,31,35,35,39,41,44,45,48,50,52,52,53,53,55,56,55,58,57,60,61,61,62,63,64,62
20260729_152303_3a4d7f,1785335026529381,1661711969,0,0,0,-52,128,0,16,17,17,16,16,16,15,15,15,14,15,14,14,14,14,14,14,14,14,13,13,12,12,11,11,11,0,0,0,0,0,0,0,0,0,0,0,8,9,10,10,11,11,12,13,13,14,14,14,14,14,15,15,15,15,16,16,16,16,16,17,17,17,0,33,32,32,30,29,29,28,28,27,28,27,26,26,26,26,26,26,25,24,24,23,23,22,21,20,20,19,18,0,0,0,0,0,0,0,13,14,15,16,17,19,21,21,23,23,24,26,26,26,26,27,28,27,28,28,29,30,30,31,32,32,33,33
20260729_152303_3a4d7f,1785335026628892,1661812460,0,0,0,-52,128,0,15,15,15,15,15,15,15,13,13,13,13,13,13,14,14,12,12,12,12,11,11,11,10,10,10,9,0,0,0,0,0,0,0,0,0,0,0,7,8,8,9,10,10,10,12,12,12,12,13,13,13,14,13,14,14,15,15,15,16,15,16,16,16,0,62,60,61,57,59,57,56,54,53,52,52,51,51,50,49,50,50,49,49,46,46,44,41,40,39,38,36,34,0,0,0,0,0,0,0,26,27,28,31,35,37,38,41,43,44,48,48,49,51,51,54,55,54,54,56,57,60,60,61,61,62,63,63
20260729_152303_3a4d7f,1785335026727734,1661912069,0,0,0,-52,128,0,17,16,16,16,16,15,15,14,15,15,14,14,14,13,14,14,14,14,13,13,13,12,11,11,11,10,0,0,0,0,0,0,0,0,0,0,0,8,9,9,10,11,11,12,13,13,13,13,14,14,14,15,15,15,15,15,16,16,16,16,16,17,17,0,63,62,62,59,58,58,56,54,55,54,52,52,52,52,51,51,50,50,50,47,46,45,43,40,40,39,38,36,0,0,0,0,0,0,0,25,28,30,32,35,37,40,42,44,46,46,49,49,50,52,53,54,55,56,56,57,58,61,61,61,62,63,63
20260729_152303_3a4d7f,1785335026833238,1662011824,0,0,0,-52,128,0,16,16,16,15,15,15,14,14,15,15,14,14,14,14,13,13,13,13,13,12,12,12,11,11,10,10,0,0,0,0,0,0,0,0,0,0,0,8,8,9,10,10,11,12,13,13,13,14,14,14,14,14,14,14,14,15,15,16,16,16,16,16,16,0,63,62,61,60,59,58,57,55,54,55,54,53,53,51,51,51,51,50,48,47,47,45,43,40,41,38,36,35,0,0,0,0,0,0,0,26,27,30,32,34,38,41,42,44,47,48,50,50,52,53,54,55,55,56,57,58,59,61,62,61,61,63,62
20260729_152303_3a4d7f,1785335026932167,1662113397,0,0,0,-52,128,0,17,17,17,16,16,15,15,15,14,15,15,15,15,15,14,14,14,14,14,13,13,13,12,12,11,11,0,0,0,0,0,0,0,0,0,0,0,9,9,10,10,11,12,13,13,14,14,14,14,14,14,15,15,15,15,16,16,16,17,16,17,17,17,0,31,30,30,30,29,30,29,28,27,27,28,27,27,26,26,25,25,25,25,24,24,22,22,21,20,20,18,17,0,0,0,0,0,0,0,13,15,15,17,18,19,21,22,22,23,24,25,26,27,26,27,27,29,28,30,30,30,31,31,31,32,32,32
20260729_152303_3a4d7f,1785335027032588,1662212176,0,0,0,-52,128,0,17,17,16,16,16,15,15,15,15,15,14,14,14,15,15,15,14,14,14,14,13,13,12,11,10,10,0,0,0,0,0,0,0,0,0,0,0,8,9,10,10,11,12,12,12,13,13,14,14,14,15,15,15,15,16,16,16,16,17,17,17,17,17,0,31,31,31,29,29,29,29,28,28,27,27,27,27,27,26,26,25,26,25,24,24,23,21,21,21,21,19,18,0,0,0,0,0,0,0,14,14,15,17,17,19,20,22,22,23,25,25,26,27,26,27,28,28,29,28,30,30,30,31,31,32,31,32
20260729_152303_3a4d7f,1785335027127228,1662311612,0,0,0,-52,128,0,17,17,17,17,16,16,15,15,15,15,14,14,14,14,14,14,13,13,13,13,12,11,11,11,11,10,0,0,0,0,0,0,0,0,0,0,0,8,8,9,9,11,11,12,12,13,14,14,14,14,14,14,15,15,16,16,16,17,17,17,17,17,17,0,64,63,60,61,58,59,57,56,54,55,53,53,51,50,52,51,51,48,48,47,46,45,42,41,39,38,37,36,0,0,0,0,0,0,0,26,28,30,32,35,36,41,43,45,46,49,51,52,51,53,55,53,56,56,58,58,59,60,61,63,63,64,63
20260729_152303_3a4d7f,1785335027233342,1662412313,0,0,0,-52,128,0,17,17,17,16,16,16,16,15,15,15,14,14,14,14,14,14,13,13,13,13,12,12,12,11,10,10,0,0,0,0,0,0,0,0,0,0,0,9,9,9,10,11,11,12,13,13,13,14,14,14,15,15,15,15,15,16,16,17,17,17,17,17,17,0,31,32,31,31,30,30,28,28,27,27,27,27,27,26,26,25,26,25,25,24,23,22,22,21,20,20,19,19,0,0,0,0,0,0,0,13,14,15,16,18,19,21,22,23,23,24,25,25,26,27,27,28,28,28,29,30,30,30,31,31,32,31,32
20260729_152303_3a4d7f,1785335027333778,1662512142,0,0,0,-52,128,0,16,16,16,16,16,16,16,15,15,15,15,14,14,14,15,14,14,14,13,13,13,13,12,12,12,11,0,0,0,0,0,0,0,0,0,0,0,9,9,10,11,12,11,12,13,13,14,14,14,15,15,15,16,16,16,16,16,17,17,17,17,18,16,0,32,32,31,31,29,29,28,28,28,28,27,26,26,26,27,26,26,26,25,24,23,22,22,22,20,21,19,18,0,0,0,0,0,0,0,13,15,16,16,18,19,20,21,22,24,25,25,26,28,26,28,27,29,28,29,29,29,30,31,32,31,33,32
20260729_152303_3a4d7f,1785335027431836,1662611710,0,0,0,-52,128,0,17,17,17,16,16,15,16,15,14,15,15,14,14,14,14,15,14,13,13,13,13,12,12,11,11,11,0,0,0,0,0,0,0,0,0,0,0,9,9,10,11,11,11,12,13,13,14,14,14,15,14,16,16,16,16,17,17,17,17,17,17,18,17,0,63,61,62,60,60,59,57,56,56,54,55,54,53,52,51,52,50,50,49,49,47,45,43,43,40,39,36,36,0,0,0,0,0,0,0,26,30,31,34,35,38,41,43,45,47,49,48,51,53,54,54,54,55,58,57,59,61,59,63,61,63,64,64
20260729_152303_3a4d7f,1785335027529196,1662711756,0,0,0,-52,128,0,16,16,16,16,16,15,15,15,14,15,14,14,13,13,13,13,13,13,13,13,12,12,12,11,11,10,0,0,0,0,0,0,0,0,0,0,0,8,8,9,10,11,11,12,13,13,13,13,13,14,14,14,15,15,15,15,16,16,16,16,16,16,16,0,61,62,60,61,57,57,56,55,54,55,53,52,53,50,52,51,52,49,50,47,47,45,43,41,41,39,37,35,0,0,0,0,0,0,0,25,28,30,32,35,37,40,40,45,45,49,49,50,52,52,52,53,56,56,58,56,59,61,61,63,63,63,63
20260729_152303_3a4d7f,1785335027634894,1662813553,0,0,0,-52,128,0,17,17,17,17,16,17,16,15,15,15,15,14,14,14,14,14,14,14,14,13,13,13,12,12,11,11,0,0,0,0,0,0,0,0,0,0,0,8,9,9,10,12,12,12,13,13,14,14,14,14,15,15,15,15,16,17,17,17,17,17,17,17,17,0,62,65,60,61,58,60,58,56,55,55,54,53,53,52,52,52,52,49,50,47,48,45,45,43,39,40,37,36,0,0,0,0,0,0,0,27,29,29,33,36,37,41,42,45,46,47,51,52,52,53,53,55,56,55,58,59,60,61,61,63,64,64,64
20260729_152303_3a4d7f,1785335027733179,1662911881,0,0,0,-52,128,0,17,17,17,17,16,15,15,15,15,15,14,15,14,14,14,13,14,13,13,13,12,12,12,11,10,10,0,0,0,0,0,0,0,0,0,0,0,9,9,9,10,11,11,12,13,13,14,14,14,15,15,15,15,16,15,16,17,17,17,17,18,17,17,0,32,30,32,29,30,30,29,28,27,28,27,26,25,27,26,26,26,25,24,23,24,23,21,21,21,20,19,18,0,0,0,0,0,0,0,13,14,15,17,17,19,20,21,22,24,24,25,26,26,27,27,28,28,29,29,29,30,31,32,31,31,33,32
20260729_152303_3a4d7f,1785335027827462,1663011685,0,0,0,-51,128,0,16,16,16,16,15,15,14,14,14,15,14,14,13,13,14,14,14,13,13,13,12,12,11,11,11,9,0,0,0,0,0,0,0,0,0,0,0,9,9,9,10,11,11,11,12,13,13,13,13,13,13,14,15,15,16,16,16,16,16,16,16,16,16,0,62,62,60,58,59,59,57,55,54,53,52,52,49,50,52,52,49,49,49,47,48,48,44,42,36,39,36,35,0,0,0,0,0,0,0,26,30,30,31,34,37,39,43,45,47,47,49,50,52,52,51,54,56,56,57,58,60,61,61,63,62,62,63
20260729_152303_3a4d7f,1785335027930975,1663111722,0,0,0,-52,128,0,17,17,17,16,16,16,15,15,15,15,15,14,13,14,14,14,14,14,13,12,14,12,12,12,11,10,0,0,0,0,0,0,0,0,0,0,0,8,9,9,10,10,11,12,13,13,13,13,14,14,14,14,16,16,16,16,16,16,16,17,17,17,17,0,64,61,63,59,59,59,54,55,54,55,54,51,50,53,50,52,50,52,47,48,43,45,45,39,39,36,37,35,0,0,0,0,0,0,0,24,27,30,33,34,37,39,42,44,45,48,47,51,52,53,54,54,55,57,56,59,59,61,62,60,63,64,63
20260729_152303_3a4d7f,1785335028032111,1663211802,0,0,0,-52,128,0,16,16,16,15,15,15,14,14,14,14,13,13,13,13,13,13,13,13,12,12,12,11,11,10,9,9,0,0,0,0,0,0,0,0,0,0,0,7,8,9,9,9,10,10,11,12,13,13,13,14,14,14,14,14,15,15,15,16,16,16,16,16,16,0,63,62,59,60,58,58,56,55,54,53,52,51,51,51,51,49,50,49,48,47,46,44,44,42,39,38,35,35,0,0,0,0,0,0,0,25,27,30,31,33,36,39,41,43,45,47,48,49,51,53,53,53,55,55,57,57,59,59,61,62,62,63,62
20260729_152303_3a4d7f,1785335028133250,1663311713,0,0,0,-52,128,0,16,16,16,15,15,15,15,14,14,14,14,13,13,14,14,14,13,13,13,13,12,12,11,10,10,9,0,0,0,0,0,0,0,0,0,0,0,8,9,9,10,10,11,12,12,12,12,13,13,14,14,14,14,14,14,15,15,16,16,16,16,16,16,0,30,31,30,30,29,29,28,27,26,26,26,25,25,25,26,24,26,24,24,23,23,22,22,20,20,18,18,17,0,0,0,0,0,0,0,13,13,15,16,17,17,20,20,22,23,23,25,24,25,25,26,26,28,27,29,29,30,29,30,31,32,31,31
20260729_152303_3a4d7f,1785335028232389,1663411779,0,0,0,-52,128,0,17,17,17,17,17,16,16,16,15,15,15,14,14,15,14,14,14,14,14,13,13,13,13,11,11,11,0,0,0,0,0,0,0,0,0,0,0,9,9,10,11,11,11,12,13,13,14,14,14,14,14,15,15,16,16,17,17,17,17,17,17,18,17,0,62,62,62,59,59,59,57,56,55,54,54,53,52,52,51,52,52,50,49,48,46,45,44,42,40,40,37,35,0,0,0,0,0,0,0,26,30,30,33,36,38,40,43,45,45,50,48,51,53,52,54,55,55,57,57,60,60,60,62,62,62,64,64
20260729_152303_3a4d7f,1785335028333612,1663512132,0,0,0,-52,128,0,17,17,16,16,16,15,15,15,15,15,15,14,14,14,14,14,14,13,13,13,12,12,11,11,11,10,0,0,0,0,0,0,0,0,0,0,0,9,9,9,10,11,11,12,13,13,14,14,14,14,14,15,15,16,16,16,16,16,17,17,17,17,17,0,32,31,31,30,30,29,29,28,28,27,27,26,26,26,26,26,26,26,26,25,24,23,22,21,21,21,18,18,0,0,0,0,0,0,0,13,14,16,17,18,19,19,21,22,23,24,25,26,26,26,27,27,28,29,29,29,30,31,31,31,32,32,32
20260729_152303_3a4d7f,1785335028432944,1663611642,0,0,0,-52,128,0,17,17,16,17,16,15,15,15,15,15,15,14,14,14,14,14,14,13,13,13,13,12,12,11,11,11,0,0,0,0,0,0,0,0,0,0,0,9,9,9,10,11,11,12,13,13,14,14,14,14,15,15,15,15,16,16,16,16,17,17,17,17,17,0,32,31,31,30,29,30,28,28,28,27,27,27,26,26,26,26,25,25,25,24,23,23,22,21,20,20,18,18,0,0,0,0,0,0,0,13,15,16,16,19,18,20,21,22,24,25,25,26,26,26,27,27,28,29,29,29,30,30,31,31,32,32,32
20260729_152303_3a4d7f,1785335028532643,1663711728,0,0,0,-52,128,0,17,17,17,17,16,16,16,15,15,15,14,14,14,14,14,14,14,13,13,13,12,12,12,11,11,11,0,0,0,0,0,0,0,0,0,0,0,8,8,9,10,11,11,12,12,13,14,14,14,15,15,15,15,16,16,16,16,17,17,17,17,18,17,0,64,63,60,60,59,59,57,56,55,56,54,52,52,51,51,51,51,48,49,47,47,44,43,42,40,38,37,35,0,0,0,0,0,0,0,26,27,29,32,34,35,41,41,45,46,48,51,51,51,53,52,53,57,57,58,57,59,60,63,63,63,63,62
20260729_152303_3a4d7f,1785335028629760,1663811840,0,0,0,-52,128,0,17,17,16,16,16,16,15,15,15,15,15,14,14,14,14,14,14,14,13,13,13,12,12,11,11,11,0,0,0,0,0,0,0,0,0,0,0,8,9,10,10,11,11,12,12,13,14,14,14,14,15,14,15,15,16,16,16,17,17,17,17,17,17,0,30,31,30,30,29,29,28,28,27,27,28,27,27,26,26,25,26,25,25,24,24,22,22,21,20,19,18,18,0,0,0,0,0,0,0,14,15,16,16,18,19,20,21,22,24,24,25,26,26,26,27,27,28,28,29,30,30,31,31,32,32,31,32
20260729_152303_3a4d7f,1785335028728046,1663911934,0,0,0,-52,128,0,16,16,16,16,16,16,14,14,14,15,14,14,14,14,14,14,13,13,13,13,13,12,11,11,11,10,0,0,0,0,0,0,0,0,0,0,0,8,9,9,10,11,11,13,13,13,14,14,14,14,14,14,15,15,16,16,16,16,16,17,17,17,17,0,62,63,61,61,58,59,56,55,54,55,55,52,51,51,53,51,51,49,51,48,47,43,44,43,39,38,38,35,0,0,0,0,0,0,0,26,27,30,32,35,37,42,42,46,48,49,51,52,53,53,52,53,57,56,58,58,60,62,61,63,63,62,64
20260729_152303_3a4d7f,1785335028828905,1664012135,0,0,0,-51,128,0,17,17,17,16,16,15,15,15,15,15,15,14,14,14,14,14,14,13,13,13,12,12,12,11,11,11,0,0,0,0,0,0,0,0,0,0,0,8,9,9,10,11,12,12,13,14,13,13,14,14,14,14,15,15,15,16,16,16,16,16,17,17,17,0,32,31,32,30,30,30,29,28,27,27,28,27,26,27,26,26,25,25,25,24,23,22,22,22,20,20,18,18,0,0,0,0,0,0,0,13,14,15,17,17,19,20,22,22,23,24,25,26,27,26,26,28,28,29,28,31,31,31,31,32,31,31,32
20260729_152303_3a4d7f,1785335028927441,1664111896,0,0,0,-52,128,0,16,16,16,15,15,15,14,14,13,14,14,13,13,13,13,13,13,13,12,12,11,11,11,11,10,9,0,0,0,0,0,0,0,0,0,0,0,7,8,8,9,10,11,11,11,12,12,13,13,13,14,14,14,14,15,15,15,15,15,16,16,16,16,0,63,60,60,59,58,57,54,55,54,52,52,52,52,52,50,51,49,49,48,47,47,45,42,40,40,38,35,35,0,0,0,0,0,0,0,25,28,29,31,33,38,39,40,43,46,48,49,49,50,51,53,53,54,56,57,57,59,59,60,61,62,62,62
20260729_152303_3a4d7f,1785335029031719,1664211662,0,0,0,-52,128,0,18,17,18,16,16,16,16,16,15,15,14,14,14,15,14,15,14,13,13,13,13,13,12,11,11,11,0,0,0,0,0,0,0,0,0,0,0,9,9,10,11,11,12,12,13,14,14,14,14,15,16,16,16,16,16,17,17,17,17,17,17,18,18,0,63,64,63,60,60,59,57,57,55,54,55,54,52,53,51,52,51,50,50,48,47,45,43,42,40,39,36,37,0,0,0,0,0,0,0,27,29,30,33,35,39,40,42,45,48,48,50,51,52,54,55,56,57,59,58,60,61,60,64,62,64,64,64
20260729_152303_3a4d7f,1785335029130427,1664311506,0,0,0,-51,128,0,16,17,16,16,16,16,15,15,14,14,14,14,14,13,14,13,13,13,13,12,12,12,11,11,10,10,0,0,0,0,0,0,0,0,0,0,0,8,8,9,9,10,11,11,12,12,13,13,13,13,14,14,14,14,15,15,16,16,16,16,17,17,17,0,31,31,31,29,29,28,27,27,26,27,25,25,25,25,25,25,24,25,24,23,22,21,21,20,19,19,17,17,0,0,0,0,0,0,0,12,14,14,16,17,19,19,20,21,22,23,24,25,25,26,26,27,27,27,27,29,29,30,30,29,31,31,32
20260729_152303_3a4d7f,1785335029229887,1664411567,0,0,0,-52,128,0,17,16,16,16,16,15,15,15,14,14,14,13,13,14,14,14,13,13,13,13,12,12,11,11,10,10,0,0,0,0,0,0,0,0,0,0,0,8,8,9,10,10,11,12,12,13,13,13,13,14,14,14,14,15,15,15,16,16,16,16,16,17,17,0,31,31,30,30,28,29,28,27,27,27,26,26,25,25,26,25,25,24,25,24,23,22,22,21,20,18,18,17,0,0,0,0,0,0,0,12,13,14,16,17,18,20,21,22,23,24,25,26,25,26,26,26,28,28,28,28,29,30,30,31,31,31,31
20260729_152303_3a4d7f,1785335029329506,1664513161,0,0,0,-52,128,0,17,16,17,16,15,15,15,15,15,15,15,14,14,14,13,14,13,13,13,13,12,12,12,11,11,11,0,0,0,0,0,0,0,0,0,0,0,8,9,9,10,10,11,12,13,13,14,14,15,15,14,15,15,16,15,16,16,16,16,16,16,17,16,0,32,31,31,30,29,29,28,28,27,27,27,26,26,26,25,25,25,25,25,24,24,22,21,21,21,19,18,17,0,0,0,0,0,0,0,13,13,15,17,17,19,20,21,22,24,23,25,25,26,27,27,27,28,29,29,29,30,30,32,31,31,31,32
20260729_152303_3a4d7f,1785335029429915,1664612140,0,0,0,-52,128,0,16,16,15,16,14,14,14,14,14,14,14,13,13,13,13,13,13,12,12,12,12,11,11,11,10,10,0,0,0,0,0,0,0,0,0,0,0,8,7,9,9,10,10,11,12,12,13,13,13,13,13,13,14,14,14,14,15,15,15,16,16,16,16,0,31,30,30,29,29,29,27,26,27,26,26,25,26,25,25,25,24,25,24,23,23,22,20,20,19,19,18,17,0,0,0,0,0,0,0,13,14,13,15,17,18,19,21,22,23,23,24,25,25,26,26,28,27,27,28,29,29,29,29,29,31,31,31
20260729_152303_3a4d7f,1785335029533086,1664714515,0,0,0,-52,128,0,17,16,16,16,16,15,15,15,14,14,14,14,14,14,13,13,13,13,12,12,12,12,11,10,10,10,0,0,0,0,0,0,0,0,0,0,0,8,9,9,9,10,10,11,12,12,13,13,13,14,14,15,14,15,15,15,16,16,17,16,16,17,17,0,31,30,30,29,29,28,28,27,27,26,26,26,26,25,25,25,25,24,23,24,23,21,21,20,19,19,17,17,0,0,0,0,0,0,0,13,13,15,16,17,19,19,20,21,22,24,24,24,25,26,26,27,27,27,27,29,29,30,31,30,31,31,31
20260729_152303_3a4d7f,1785335029632638,1664812145,0,0,0,-52,128,0,16,16,16,15,15,15,14,14,14,14,14,13,13,13,13,13,13,13,12,12,12,11,11,10,10,10,0,0,0,0,0,0,0,0,0,0,0,8,8,9,9,10,10,11,12,12,12,13,13,13,13,14,14,15,14,15,15,15,16,16,16,16,16,0,31,29,29,29,29,28,27,26,26,27,27,25,25,25,25,25,24,25,24,24,23,21,21,20,19,19,17,17,0,0,0,0,0,0,0,12,13,14,16,16,18,19,21,22,23,23,24,25,25,25,26,26,27,28,28,29,29,29,29,30,30,30,31
20260729_152303_3a4d7f,1785335029730952,1664912140,0,0,0,-52,128,0,17,16,17,16,16,15,15,14,15,15,14,14,14,14,14,14,14,14,14,12,12,12,11,11,11,10,0,0,0,0,0,0,0,0,0,0,0,8,8,9,11,10,11,12,13,13,13,14,14,14,14,14,15,16,14,16,16,17,17,17,17,17,17,0,62,63,60,61,59,58,57,55,54,54,54,53,51,51,51,50,50,49,50,48,45,44,43,40,40,38,37,36,0,0,0,0,0,0,0,26,27,29,33,35,36,41,42,44,47,48,49,51,52,52,53,54,56,56,56,58,59,60,61,62,62,62,62
20260729_152303_3a4d7f,1785335029830363,1665012065,0,0,0,-52,128,0,17,17,17,17,16,16,16,15,15,15,14,14,14,13,13,14,14,13,14,13,13,13,12,11,10,10,0,0,0,0,0,0,0,0,0,0,0,8,9,9,9,11,11,12,12,13,14,14,14,15,15,15,15,15,16,16,16,17,17,17,17,17,17,0,62,64,63,60,59,59,56,55,54,54,54,53,51,52,51,50,51,51,50,48,48,45,43,42,41,39,36,36,0,0,0,0,0,0,0,25,28,29,33,33,38,39,42,43,46,48,50,49,52,52,53,54,56,57,57,60,60,62,61,61,63,62,63
20260729_152303_3a4d7f,1785335029928489,1665111859,0,0,0,-52,128,0,16,17,17,16,17,16,16,16,15,15,15,14,14,14,14,14,14,14,13,13,13,12,12,11,11,11,0,0,0,0,0,0,0,0,0,0,0,8,9,10,10,11,12,12,12,13,14,14,15,15,15,16,15,16,15,16,17,17,17,17,17,17,17,0,64,64,64,60,58,57,56,55,57,58,54,55,54,53,51,50,51,50,49,48,47,45,43,42,41,38,38,36,0,0,0,0,0,0,0,25,28,30,33,35,37,41,42,43,46,49,50,51,53,53,54,54,55,56,56,58,61,61,63,61,65,63,61
20260729_152303_3a4d7f,1785335030029590,1665211801,0,0,0,-52,128,0,17,17,17,16,16,16,15,15,15,15,15,14,14,14,14,14,13,14,13,13,13,12,11,11,11,11,0,0,0,0,0,0,0,0,0,0,0,9,9,9,10,11,11,12,13,14,14,14,14,14,15,15,15,16,16,16,16,16,17,17,17,17,18,0,32,32,31,31,29,29,28,28,28,28,27,26,27,26,26,26,26,25,25,24,24,23,22,21,20,20,19,18,0,0,0,0,0,0,0,13,15,16,16,18,18,20,21,23,23,25,25,25,26,27,27,27,28,28,29,29,31,30,31,31,31,31,32
20260729_152303_3a4d7f,1785335030129853,1665311855,0,0,0,-52,128,0,17,17,17,17,16,16,15,15,15,15,15,14,13,14,14,13,13,13,13,13,13,12,12,11,11,11,0,0,0,0,0,0,0,0,0,0,0,8,9,10,10,11,11,12,13,13,13,14,14,14,14,14,15,15,16,16,16,16,17,17,17,17,17,0,62,62,62,59,59,58,57,54,55,55,53,52,51,51,52,52,50,50,50,48,47,44,43,42,40,38,37,36,0,0,0,0,0,0,0,26,27,30,32,34,36,40,41,42,46,49,50,50,52,52,54,54,54,56,57,58,59,61,60,61,64,63,63
20260729_152303_3a4d7f,1785335030231055,1665411957,0,0,0,-52,128,0,17,17,17,17,16,16,16,15,15,15,15,15,14,14,15,14,14,14,14,13,13,13,12,11,11,11,0,0,0,0,0,0,0,0,0,0,0,9,9,10,10,11,12,12,13,13,14,14,14,15,15,15,15,16,16,16,16,16,17,17,17,17,17,0,32,32,31,31,30,29,29,29,28,28,28,27,27,26,27,27,26,26,25,25,24,23,22,21,20,20,19,18,0,0,0,0,0,0,0,14,15,16,17,18,20,20,21,23,24,25,26,27,27,27,27,28,29,29,30,30,31,30,31,32,32,33,33
20260729_152303_3a4d7f,1785335030332517,1665513649,0,0,0,-51,128,0,16,16,16,14,15,14,14,14,14,13,13,13,13,13,13,13,12,13,12,12,12,11,11,11,10,9,0,0,0,0,0,0,0,0,0,0,0,7,8,9,9,10,11,11,11,12,12,13,13,14,14,14,14,14,14,15,15,15,16,16,16,16,16,0,62,61,60,60,59,59,55,55,52,54,53,52,51,52,51,50,50,49,48,46,46,44,42,41,39,38,36,35,0,0,0,0,0,0,0,26,28,29,32,35,37,39,42,43,45,47,49,51,50,52,52,55,55,55,55,59,59,60,60,60,63,63,63
20260729_152303_3a4d7f,1785335030432856,1665612032,0,0,0,-52,128,0,16,16,16,16,16,15,14,14,14,14,14,13,14,13,13,14,13,13,13,12,12,12,11,11,10,10,0,0,0,0,0,0,0,0,0,0,0,7,8,9,9,10,11,12,12,13,13,13,14,14,14,14,15,15,15,15,15,16,16,16,16,16,16,0,32,29,30,29,28,28,27,27,27,26,27,25,25,25,25,25,24,24,25,24,22,22,20,20,19,19,17,17,0,0,0,0,0,0,0,13,13,15,16,17,19,18,20,21,23,24,24,25,26,26,26,27,27,28,27,29,29,29,29,30,31,32,31
20260729_152303_3a4d7f,1785335030528018,1665712055,0,0,0,-52,128,0,17,16,16,16,16,15,15,14,15,15,15,14,14,14,14,14,13,13,13,13,13,12,12,11,11,11,0,0,0,0,0,0,0,0,0,0,0,8,9,9,10,10,11,12,13,13,14,14,15,15,15,14,15,15,15,16,16,16,16,16,16,17,16,0,31,32,31,30,29,29,29,28,28,28,27,26,26,27,26,25,26,25,25,24,24,23,22,21,21,20,19,18,0,0,0,0,0,0,0,13,14,15,16,18,19,21,22,22,23,24,25,26,26,26,26,27,29,28,28,29,31,30,32,32,32,32,31
20260729_152303_3a4d7f,1785335030628952,1665812232,0,0,0,-51,128,0,17,17,16,16,15,15,15,14,15,14,14,13,13,13,14,14,13,13,13,13,13,11,11,11,11,10,0,0,0,0,0,0,0,0,0,0,0,9,9,9,10,10,11,12,13,13,14,14,14,14,14,14,14,16,16,16,16,17,17,17,17,17,17,0,63,64,61,62,59,58,56,56,55,54,54,52,52,52,52,51,50,50,49,48,45,45,41,41,40,38,36,35,0,0,0,0,0,0,0,25,29,30,33,35,37,40,43,46,47,48,50,51,52,52,54,55,56,56,57,59,60,61,62,62,63,63,64
20260729_152303_3a4d7f,1785335030729165,1665912686,0,0,0,-51,128,0,16,16,15,15,15,15,15,14,14,14,14,13,13,13,13,13,13,13,13,12,12,11,11,10,10,10,0,0,0,0,0,0,0,0,0,0,0,7,8,9,9,10,10,11,12,12,13,13,13,14,14,14,14,14,15,15,15,15,16,16,16,16,16,0,31,30,30,30,29,29,28,27,27,27,27,25,25,24,25,25,25,25,24,23,23,22,21,21,19,18,18,17,0,0,0,0,0,0,0,13,14,14,15,16,18,19,21,22,22,23,25,25,25,26,26,26,27,28,28,29,29,30,29,31,31,31,31
20260729_152303_3a4d7f,1785335030829460,1666011568,0,0,0,-52,128,0,16,17,16,16,16,15,15,15,15,15,14,14,14,13,13,14,13,13,13,13,13,11,11,11,11,11,0,0,0,0,0,0,0,0,0,0,0,7,9,9,10,11,11,11,12,13,13,14,14,14,14,14,15,15,15,16,16,16,16,16,16,17,17,0,62,62,60,61,59,58,56,55,54,56,54,52,51,51,52,52,50,50,50,48,48,45,44,42,40,38,37,35,0,0,0,0,0,0,0,26,28,30,32,35,37,39,42,45,46,47,50,52,52,52,54,53,56,57,57,59,59,60,62,62,62,63,63
20260729_152303_3a4d7f,1785335030927240,1666111425,0,0,0,-52,128,0,16,16,15,15,15,14,14,13,13,13,13,13,13,13,12,13,13,12,13,12,12,11,11,11,10,9,0,0,0,0,0,0,0,0,0,0,0,7,8,9,10,10,10,11,11,12,13,13,13,13,13,13,13,14,14,15,15,16,15,16,16,16,16,0,62,62,60,59,57,58,55,55,53,53,52,52,52,50,50,50,50,48,48,48,45,44,42,41,38,37,36,35,0,0,0,0,0,0,0,25,27,30,31,34,36,39,40,43,44,47,49,50,50,51,53,53,55,55,57,57,59,59,61,61,62,62,62
20260729_152303_3a4d7f,1785335031031879,1666214168,0,0,0,-51,128,0,18,17,17,16,16,16,16,15,16,15,14,15,14,14,14,14,14,14,14,14,12,13,13,11,11,11,0,0,0,0,0,0,0,0,0,0,0,9,9,9,11,11,11,12,13,13,14,14,15,15,15,16,15,16,16,16,17,17,17,17,17,18,17,0,63,63,62,59,59,60,55,57,55,54,54,54,54,53,51,51,49,52,52,49,50,47,44,40,43,42,38,35,0,0,0,0,0,0,0,27,29,30,34,36,37,40,42,45,47,49,50,52,52,55,55,56,55,57,57,60,61,61,63,62,64,64,65
20260729_152303_3a4d7f,1785335031131405,1666312007,0,0,0,-52,128,0,16,16,16,16,15,15,15,14,14,14,14,13,13,13,13,13,13,13,13,12,12,11,11,10,10,10,0,0,0,0,0,0,0,0,0,0,0,7,8,8,9,11,11,11,13,13,13,13,14,14,14,14,14,14,15,16,16,16,16,16,16,17,16,0,63,61,61,60,59,57,57,54,54,54,52,53,51,51,50,51,49,50,48,48,46,44,42,41,40,39,35,35,0,0,0,0,0,0,0,25,28,30,31,33,38,39,43,45,46,48,49,52,52,51,53,54,55,57,56,59,59,60,60,62,61,62,63
20260729_152303_3a4d7f,1785335031231622,1666413857,0,0,0,-52,128,0,17,16,16,16,15,15,15,14,14,14,14,14,13,13,14,13,13,13,13,12,12,12,11,11,10,10,0,0,0,0,0,0,0,0,0,0,0,7,8,9,9,10,11,12,12,13,13,13,14,14,14,14,15,15,15,15,16,16,16,16,17,17,16,0,30,30,29,30,28,28,27,27,27,28,27,25,25,25,25,25,25,24,24,23,23,22,21,19,19,19,18,17,0,0,0,0,0,0,0,12,14,14,15,16,18,20,20,22,23,24,25,25,25,26,26,26,28,27,29,28,29,30,29,31,30,31,31
20260729_152303_3a4d7f,1785335031331559,1666512377,0,0,0,-52,128,0,17,16,16,15,14,14,15,13,13,14,13,14,12,13,13,13,13,13,12,11,11,11,11,11,10,10,0,0,0,0,0,0,0,0,0,0,0,7,8,9,9,10,11,11,11,12,12,13,13,14,14,14,14,15,15,15,15,15,16,16,16,16,16,0,62,60,60,60,58,56,56,53,53,53,53,51,51,50,50,50,50,49,48,48,45,43,42,41,39,38,36,36,0,0,0,0,0,0,0,26,28,29,30,35,36,39,41,44,45,46,49,50,50,51,53,53,55,56,56,58,58,60,60,59,62,62,62
20260729_152303_3a4d7f,1785335031429890,1666612271,0,0,0,-51,128,0,17,17,17,16,16,16,16,16,15,15,15,14,14,14,14,14,14,14,14,13,13,12,12,11,11,11,0,0,0,0,0,0,0,0,0,0,0,8,9,10,10,11,11,12,13,14,14,14,15,15,15,15,15,15,15,16,17,17,17,17,17,17,17,0,64,63,63,60,60,59,59,56,54,54,54,53,51,53,52,52,52,51,50,49,47,46,43,42,41,40,37,37,0,0,0,0,0,0,0,26,28,30,33,35,38,40,42,45,47,49,51,51,53,54,55,55,55,56,58,60,60,62,63,62,64,64,63
20260729_152303_3a4d7f,1785335031529776,1666711906,0,0,0,-52,128,0,17,17,17,17,16,16,15,15,15,15,15,15,15,14,14,14,14,14,14,13,13,13,12,12,11,11,0,0,0,0,0,0,0,0,0,0,0,8,9,10,11,11,11,12,13,13,14,14,15,14,15,15,16,15,17,16,17,17,17,17,17,17,17,0,64,63,63,60,59,59,58,56,55,54,55,53,54,53,52,51,51,50,50,48,48,46,43,42,40,40,37,37,0,0,0,0,0,0,0,27,28,30,33,34,38,39,43,45,48,49,49,51,52,53,55,55,55,59,57,59,61,61,62,63,62,64,64
20260729_152303_3a4d7f,1785335031630488,1666811881,0,0,0,-52,128,0,16,16,16,15,15,15,15,14,14,14,14,13,13,13,13,13,13,13,12,12,12,11,11,10,10,10,0,0,0,0,0,0,0,0,0,0,0,8,8,8,9,10,10,11,12,12,13,13,13,14,14,14,14,14,15,15,15,15,16,16,16,16,16,0,31,31,30,30,29,29,27,27,26,27,26,26,26,25,25,25,25,25,25,24,24,22,22,20,19,18,18,17,0,0,0,0,0,0,0,13,13,14,16,16,18,19,20,21,23,23,25,25,25,26,26,27,28,28,28,29,29,30,31,30,31,31,31
20260729_152303_3a4d7f,1785335031732882,1666911787,0,0,0,-52,128,0,17,17,16,16,16,15,15,15,14,15,15,14,14,14,14,14,14,14,13,13,13,12,12,12,10,10,0,0,0,0,0,0,0,0,0,0,0,8,9,9,10,11,11,12,12,13,14,14,14,14,14,14,16,15,16,15,15,16,16,16,16,17,16,0,63,62,62,59,59,59,56,56,55,55,53,53,52,51,52,53,50,50,50,48,48,45,43,43,40,39,37,35,0,0,0,0,0,0,0,26,28,30,33,35,38,39,42,45,46,48,50,50,52,52,53,54,57,57,57,59,59,61,60,63,63,63,62
20260729_152303_3a4d7f,1785335031831892,1667011837,0,0,0,-52,128,0,16,16,16,15,15,15,15,15,13,13,14,13,13,14,14,13,13,12,12,12,11,11,10,10,10,9,0,0,0,0,0,0,0,0,0,0,0,7,8,8,9,10,10,12,12,12,13,13,13,13,13,14,14,14,15,15,15,16,16,15,16,16,16,0,63,61,61,59,58,57,56,55,55,53,52,52,51,52,50,51,49,50,50,48,47,44,42,41,39,38,34,35,0,0,0,0,0,0,0,24,28,29,31,34,38,38,40,43,45,46,48,49,51,51,54,56,53,56,54,58,58,60,62,60,63,63,62
20260729_152303_3a4d7f,1785335031931877,1667111925,0,0,0,-51,128,0,17,17,17,17,15,15,15,15,15,15,14,14,14,14,14,14,14,14,14,13,13,13,12,12,10,11,0,0,0,0,0,0,0,0,0,0,0,9,9,10,10,11,11,13,13,13,13,13,14,15,15,15,16,15,15,16,16,16,16,17,17,17,17,0,63,62,61,60,58,59,57,55,55,55,55,52,52,52,52,52,51,51,50,48,47,45,43,41,41,40,36,36,0,0,0,0,0,0,0,26,27,30,34,35,37,40,42,45,47,49,51,51,52,53,54,54,55,57,58,61,60,61,61,63,64,64,65
20260729_152303_3a4d7f,1785335032032184,1667212083,0,0,0,-52,128,0,16,16,16,16,16,15,15,14,15,14,15,13,13,14,14,14,13,14,14,13,13,12,12,12,11,11,0,0,0,0,0,0,0,0,0,0,0,8,9,9,11,11,11,13,13,13,13,14,14,14,14,15,15,15,15,16,16,16,16,16,16,17,17,0,64,65,59,61,59,59,55,56,55,58,55,51,54,51,52,52,52,49,50,48,48,47,44,40,40,38,37,36,0,0,0,0,0,0,0,26,28,31,33,35,37,40,41,45,46,50,51,51,52,53,54,54,57,57,57,58,59,63,62,62,61,64,62
20260729_152303_3a4d7f,1785335032130383,1667311853,0,0,0,-52,128,0,16,16,16,15,15,14,14,14,13,14,14,13,13,13,13,13,13,13,12,12,12,12,11,11,10,10,0,0,0,0,0,0,0,0,0,0,0,7,8,8,9,9,11,11,11,11,13,13,13,13,13,14,13,14,14,15,16,16,16,15,16,16,16,0,62,61,61,58,59,57,56,55,54,51,52,53,50,53,51,50,53,52,50,48,47,42,45,43,40,40,37,33,0,0,0,0,0,0,0,25,28,29,32,34,37,40,41,45,45,48,49,50,51,53,53,54,54,55,56,58,60,60,62,60,62,64,62
20260729_152303_3a4d7f,1785335032231093,1667412205,0,0,0,-51,128,0,16,16,16,16,15,14,14,14,14,14,14,13,13,13,13,13,13,12,12,12,11,11,11,10,10,10,0,0,0,0,0,0,0,0,0,0,0,7,9,9,10,10,10,12,12,12,13,13,13,13,14,14,14,14,14,15,16,16,16,16,16,17,16,0,62,62,62,59,58,57,56,55,54,54,52,52,51,52,51,51,50,49,48,46,47,45,43,40,39,38,36,34,0,0,0,0,0,0,0,26,28,29,32,35,39,40,41,44,46,49,50,51,53,52,53,55,56,57,57,58,59,62,61,62,62,65,63
20260729_152303_3a4d7f,1785335032330266,1667511271,0,0,0,-51,128,0,16,16,15,15,15,15,14,14,14,14,14,13,13,13,13,13,13,13,12,12,12,11,11,10,10,10,0,0,0,0,0,0,0,0,0,0,0,7,8,8,9,10,10,11,12,12,13,13,13,14,13,14,14,14,15,15,15,15,16,16,16,16,16,0,31,30,30,29,29,28,28,27,27,27,26,25,25,25,25,25,24,25,24,23,22,21,21,20,19,18,18,18,0,0,0,0,0,0,0,13,13,14,15,16,17,19,20,21,22,24,24,25,26,26,26,26,28,28,29,29,29,30,30,31,31,31,31
20260729_152303_3a4d7f,1785335032431772,1667611820,0,0,0,-51,128,0,17,17,16,16,16,15,15,15,15,15,15,14,14,14,14,14,14,14,14,13,13,12,12,11,11,11,0,0,0,0,0,0,0,0,0,0,0,9,9,10,10,11,12,12,13,13,14,14,14,14,15,15,15,15,16,16,16,16,17,17,17,17,17,0,31,31,30,31,29,30,28,28,28,28,27,27,26,26,26,25,26,25,25,25,23,24,22,21,20,19,18,18,0,0,0,0,0,0,0,13,15,16,16,19,19,20,21,23,23,24,26,26,26,26,27,26,29,28,29,29,30,31,31,31,32,32,32
20260729_152303_3a4d7f,1785335032531126,1667711215,0,0,0,-51,128,0,17,17,17,17,17,16,16,15,15,15,15,14,14,14,15,14,14,14,14,13,13,13,12,11,11,11,0,0,0,0,0,0,0,0,0,0,0,8,9,10,11,11,11,12,13,13,14,14,15,15,15,15,16,16,16,16,17,17,17,17,18,18,17,0,64,64,62,60,59,59,58,57,55,56,56,53,53,54,52,52,52,51,50,49,47,47,44,42,42,39,37,36,0,0,0,0,0,0,0,27,29,30,32,35,38,40,42,45,47,49,52,53,52,54,55,54,57,56,57,59,61,61,63,62,63,64,66
20260729_152303_3a4d7f,1785335032632134,1667811715,0,0,0,-51,128,0,16,15,15,15,15,14,14,14,13,14,14,13,13,13,14,14,13,12,12,12,12,11,11,11,10,10,0,0,0,0,0,0,0,0,0,0,0,8,8,9,9,10,11,11,12,13,13,13,13,13,14,14,14,14,15,15,15,15,15,16,16,16,16,0,64,60,61,58,62,60,55,57,55,55,54,50,52,52,51,53,49,51,50,49,48,43,43,42,41,40,36,36,0,0,0,0,0,0,0,26,28,30,33,34,38,39,43,45,46,48,50,51,53,53,54,55,55,57,56,61,60,60,62,59,63,64,62
20260729_152303_3a4d7f,1785335032731726,1667911603,0,0,0,-51,128,0,16,16,16,15,15,15,14,14,14,14,14,13,13,13,13,13,13,12,12,12,12,11,11,10,10,10,0,0,0,0,0,0,0,0,0,0,0,8,9,9,9,10,10,11,12,12,13,13,13,14,14,14,14,14,15,15,15,16,16,16,16,17,16,0,30,31,30,30,29,29,28,28,27,27,26,26,26,25,26,25,25,25,25,24,23,22,22,22,20,18,18,17,0,0,0,0,0,0,0,13,13,15,16,17,18,19,20,21,23,23,25,25,25,26,26,26,28,27,28,29,30,30,30,31,31,31,31
20260729_152303_3a4d7f,1785335032832513,1668011539,0,0,0,-51,128,0,17,17,17,16,16,16,16,16,15,14,15,15,15,15,15,14,15,14,14,14,14,13,12,12,12,11,0,0,0,0,0,0,0,0,0,0,0,8,9,10,10,11,12,13,13,13,14,14,15,15,16,15,16,16,16,16,17,17,17,17,17,17,17,0,65,64,63,60,59,59,57,56,55,55,54,54,53,54,51,52,52,51,49,49,47,45,44,42,41,40,36,36,0,0,0,0,0,0,0,27,29,30,33,35,38,41,43,44,48,49,50,51,52,54,55,56,55,57,56,59,61,61,63,61,63,64,63
20260729_152303_3a4d7f,1785335032932046,1668111646,0,0,0,-51,128,0,17,17,17,16,17,16,16,16,15,15,15,14,14,15,14,15,15,14,14,14,13,13,12,12,12,11,0,0,0,0,0,0,0,0,0,0,0,8,9,10,10,11,12,13,13,13,14,14,15,15,15,15,16,16,16,16,16,17,17,17,17,17,17,0,64,65,63,60,60,59,57,56,56,56,54,53,54,53,51,52,52,51,51,50,48,47,44,42,41,40,38,36,0,0,0,0,0,0,0,27,29,31,33,35,39,41,42,45,48,50,51,51,53,54,55,57,57,57,58,60,61,62,65,62,65,65,64
20260729_152303_3a4d7f,1785335033032119,1668211747,0,0,0,-51,128,0,16,16,15,16,15,15,15,14,14,14,14,14,13,13,14,12,13,12,12,12,11,11,11,10,10,9,0,0,0,0,0,0,0,0,0,0,0,7,8,9,9,10,10,11,11,13,13,13,13,13,14,13,14,14,14,14,16,16,16,16,17,17,16,0,61,62,61,59,60,59,56,54,54,53,52,52,52,51,49,51,51,50,49,48,46,44,43,42,39,38,35,35,0,0,0,0,0,0,0,26,28,29,31,35,37,40,42,43,46,47,49,51,51,53,54,54,55,55,58,60,59,60,62,62,64,65,63
20260729_152303_3a4d7f,1785335033131122,1668313040,0,0,0,-52,128,0,17,16,16,16,15,15,15,14,14,14,13,13,14,14,13,13,13,13,13,11,11,11,11,10,10,10,0,0,0,0,0,0,0,0,0,0,0,7,8,8,9,10,11,11,11,12,12,13,13,14,14,14,14,15,15,15,15,16,16,16,16,16,16,0,63,61,61,60,58,58,56,54,53,53,53,52,51,51,50,51,50,50,49,46,46,44,41,41,40,40,35,35,0,0,0,0,0,0,0,25,27,29,32,34,37,38,43,44,46,47,49,51,51,52,53,54,55,56,56,58,59,60,60,60,62,63,64
20260729_152303_3a4d7f,1785335033233702,1668412838,0,0,0,-51,128,0,17,17,17,17,16,16,16,15,15,14,14,15,15,14,14,14,14,14,13,13,13,12,12,12,11,11,0,0,0,0,0,0,0,0,0,0,0,9,9,10,11,11,12,13,14,14,14,14,14,15,15,15,16,16,16,16,16,17,17,17,17,17,18,0,63,64,62,63,59,60,59,56,55,57,56,55,53,52,53,50,53,51,50,49,47,47,45,42,42,39,38,37,0,0,0,0,0,0,0,27,30,31,33,36,38,41,43,46,47,50,52,52,52,53,54,55,57,56,59,58,61,62,64,63,64,64,65
20260729_152303_3a4d7f,1785335033328603,1668511959,0,0,0,-52,128,0,16,16,16,15,15,15,15,14,14,14,14,13,13,13,13,13,13,13,12,12,12,11,11,11,10,10,0,0,0,0,0,0,0,0,0,0,0,8,9,9,9,10,11,11,12,12,13,13,13,14,14,14,14,14,14,15,15,15,16,16,16,16,16,0,30,30,30,29,29,29,28,27,27,27,26,26,26,26,25,25,25,25,24,23,22,22,21,20,19,19,18,17,0,0,0,0,0,0,0,12,14,15,16,16,18,20,20,22,23,24,24,25,25,25,26,27,27,28,28,29,29,30,30,30,31,31,31
20260729_152303_3a4d7f,1785335033430010,1668610994,0,0,0,-52,128,0,16,16,16,15,16,14,14,14,14,14,13,13,13,13,13,13,13,13,12,12,11,11,11,10,10,10,0,0,0,0,0,0,0,0,0,0,0,7,8,9,9,10,10,11,12,12,13,12,14,14,14,14,14,14,14,15,15,15,16,16,16,16,16,0,62,61,60,59,58,58,56,55,53,54,52,53,51,52,51,50,49,49,48,47,47,45,42,41,39,37,36,36,0,0,0,0,0,0,0,26,29,29,30,35,37,40,41,43,45,46,50,50,51,53,53,53,55,56,57,58,59,61,60,61,64,63,63
20260729_152303_3a4d7f,1785335033529708,1668711493,0,0,0,-51,128,0,16,15,16,15,15,14,14,14,14,14,14,13,14,14,13,13,13,13,13,13,11,11,11,11,11,10,0,0,0,0,0,0,0,0,0,0,0,8,8,8,10,10,11,11,12,12,13,13,13,13,13,14,14,14,14,15,15,15,15,15,17,17,17,0,61,63,61,61,59,59,55,56,54,54,53,52,52,52,52,52,50,50,50,47,46,45,43,41,40,38,37,36,0,0,0,0,0,0,0,27,29,30,33,34,39,40,42,46,47,49,51,52,51,53,53,54,56,56,57,59,60,61,61,63,63,64,63
20260729_152303_3a4d7f,1785335033630489,1668813387,0,0,0,-51,128,0,17,17,16,16,16,16,15,15,15,14,14,14,14,13,14,14,13,13,13,12,13,12,12,11,10,10,0,0,0,0,0,0,0,0,0,0,0,8,9,9,10,10,11,12,12,13,14,14,14,14,14,15,15,15,15,15,16,16,16,16,16,17,16,0,63,61,61,61,59,59,56,55,54,55,53,52,51,52,51,51,50,51,49,48,47,45,43,40,40,39,37,36,0,0,0,0,0,0,0,26,28,30,32,35,37,40,43,45,46,48,50,52,52,52,52,54,55,56,57,59,60,60,62,62,62,64,64
20260729_152303_3a4d7f,1785335033728996,1668913049,0,0,0,-51,128,0,16,16,16,16,16,16,15,15,14,14,14,13,13,13,14,14,13,14,14,12,12,11,11,11,11,10,0,0,0,0,0,0,0,0,0,0,0,8,8,9,9,10,11,12,12,13,13,13,13,14,14,14,15,15,15,16,16,16,16,17,17,17,17,0,64,61,62,60,60,58,56,54,54,54,54,52,52,51,52,51,50,51,49,48,46,44,43,41,41,39,37,36,0,0,0,0,0,0,0,26,27,31,31,34,37,39,42,44,47,49,48,50,52,53,53,54,57,57,57,59,59,61,62,62,63,64,63
20260729_152303_3a4d7f,1785335033829743,1669011616,0,0,0,-51,128,0,17,17,16,16,16,15,15,15,15,15,14,14,14,14,14,14,14,14,14,13,13,13,11,11,11,10,0,0,0,0,0,0,0,0,0,0,0,9,9,9,10,10,12,12,13,13,14,14,14,14,14,14,15,15,16,16,16,16,17,17,17,17,17,0,63,62,63,61,59,58,57,56,55,55,55,53,53,53,51,53,50,51,49,48,48,44,43,43,40,40,36,37,0,0,0,0,0,0,0,26,29,31,34,35,39,40,42,46,47,50,51,52,54,53,53,55,57,58,58,60,61,61,62,63,62,65,64
20260729_152303_3a4d7f,1785335033929150,1669111992,0,0,0,-51,128,0,17,17,16,16,16,16,15,15,14,14,14,14,14,14,14,14,14,14,13,13,13,12,12,12,11,10,0,0,0,0,0,0,0,0,0,0,0,8,9,9,10,11,11,12,12,13,14,14,14,14,14,14,14,16,16,16,16,16,16,16,16,17,17,0,63,62,62,59,59,59,57,56,56,54,56,52,52,52,52,52,51,51,49,48,46,44,44,42,41,39,37,36,0,0,0,0,0,0,0,26,28,32,34,35,38,40,42,45,47,49,50,51,51,52,54,54,55,57,57,59,62,62,62,61,62,62,65
20260729_152303_3a4d7f,1785335034029344,1669211902,0,0,0,-51,128,0,17,16,16,16,15,16,14,14,15,14,14,14,13,14,14,13,13,13,13,13,12,11,11,10,10,10,0,0,0,0,0,0,0,0,0,0,0,8,9,9,10,10,12,12,12,12,13,14,14,14,14,14,14,16,15,16,16,16,16,16,17,17,17,0,64,62,61,61,59,59,55,55,55,56,54,51,52,51,52,50,51,50,50,48,47,45,43,42,39,38,37,36,0,0,0,0,0,0,0,25,28,29,31,35,38,39,43,44,47,49,48,51,53,53,54,54,57,55,57,60,60,60,62,62,63,63,63
20260729_152303_3a4d7f,1785335034127112,1669310952,0,0,0,-51,128,0,17,17,17,16,16,16,16,15,16,15,15,15,14,14,14,14,14,14,14,14,13,12,12,11,11,11,0,0,0,0,0,0,0,0,0,0,0,8,9,10,11,11,12,13,13,13,14,14,14,14,16,15,15,16,16,16,17,17,17,17,17,17,17,0,65,63,62,61,59,58,57,56,57,56,54,53,53,55,51,52,51,51,50,48,47,47,43,42,41,40,37,36,0,0,0,0,0,0,0,27,30,30,33,37,38,41,44,45,48,51,51,51,53,55,56,56,57,60,59,60,60,61,62,63,63,65,66
20260729_152303_3a4d7f,1785335034229810,1669411924,0,0,0,-51,128,0,17,16,16,16,16,15,15,14,14,14,14,14,14,14,13,13,13,13,13,13,13,12,12,11,11,11,0,0,0,0,0,0,0,0,0,0,0,8,9,9,10,11,11,12,12,13,13,14,14,14,14,14,14,15,15,15,15,16,16,16,16,17,17,0,63,61,62,59,60,59,57,56,55,54,54,53,52,52,52,52,50,51,51,47,46,45,42,42,40,40,38,37,0,0,0,0,0,0,0,25,29,31,33,34,38,40,43,45,47,49,49,51,52,53,54,55,54,59,57,58,60,61,61,61,62,63,63
20260729_152303_3a4d7f,1785335034332527,1669512173,0,0,0,-52,128,0,17,16,16,15,15,15,15,14,15,14,14,14,13,13,13,14,13,13,13,13,13,11,11,11,11,10,0,0,0,0,0,0,0,0,0,0,0,8,9,9,10,10,11,12,13,13,14,14,14,14,14,14,14,15,15,15,16,16,17,17,17,17,17,0,64,63,61,60,60,58,56,55,53,56,54,53,51,52,52,51,51,51,50,49,48,44,42,42,40,38,37,37,0,0,0,0,0,0,0,26,28,30,33,34,38,39,43,45,46,48,49,52,52,52,53,55,55,56,57,58,61,61,61,61,64,63,64
20260729_152303_3a4d7f,1785335034430475,1669612087,0,0,0,-51,128,0,16,16,16,15,15,15,14,14,14,14,13,13,13,14,14,14,13,13,13,13,12,12,11,11,10,9,0,0,0,0,0,0,0,0,0,0,0,8,9,9,9,10,11,12,12,12,12,13,13,13,14,14,14,14,15,15,15,15,16,16,16,16,16,0,31,30,31,29,29,28,27,27,26,26,26,26,25,25,25,25,25,24,24,24,23,21,21,20,19,19,18,18,0,0,0,0,0,0,0,13,14,14,16,17,19,19,20,22,23,24,25,25,25,26,26,27,27,27,28,29,30,30,30,30,31,32,31
20260729_152303_3a4d7f,1785335034540415,1669724326,0,0,0,-51,128,0,17,17,16,16,15,15,15,15,14,14,14,14,14,13,14,13,13,13,13,13,12,12,11,11,10,11,0,0,0,0,0,0,0,0,0,0,0,8,8,9,10,11,11,11,12,13,13,14,14,13,14,14,15,15,16,15,16,16,16,17,17,17,17,0,63,61,60,61,57,57,57,54,54,51,53,53,51,52,51,53,50,49,51,48,47,41,45,43,37,40,38,36,0,0,0,0,0,0,0,25,27,30,31,36,36,38,43,43,47,45,48,50,49,52,53,53,53,54,57,57,59,61,62,60,63,63,63
20260729_152303_3a4d7f,1785335034627828,1669811968,0,0,0,-51,128,0,17,16,16,16,16,16,15,15,15,14,15,14,14,14,14,15,14,14,14,13,13,12,12,11,11,11,0,0,0,0,0,0,0,0,0,0,0,8,9,9,11,11,12,12,13,13,13,13,14,14,14,16,14,15,16,16,16,16,16,16,17,17,18,0,32,31,31,31,29,29,29,28,29,27,28,26,26,25,26,26,26,26,25,24,24,23,21,22,20,20,19,18,0,0,0,0,0,0,0,13,15,16,16,18,19,20,22,22,22,25,25,26,26,27,27,27,27,28,28,30,30,30,31,32,32,31,32
20260729_152303_3a4d7f,1785335034731755,1669914373,0,0,0,-51,128,0,16,16,16,16,15,15,14,14,14,14,14,13,14,13,13,13,13,13,13,13,12,12,11,11,11,10,0,0,0,0,0,0,0,0,0,0,0,8,9,9,10,11,11,12,12,13,13,13,14,14,14,14,14,14,15,16,16,16,17,17,17,17,17,0,64,60,61,59,59,57,56,56,51,54,51,51,51,50,51,51,50,49,49,47,45,44,43,41,39,40,37,36,0,0,0,0,0,0,0,25,26,29,33,33,38,38,42,42,47,48,47,48,51,51,52,54,54,56,53,57,60,59,61,59,61,61,62
20260729_152303_3a4d7f,1785335034831075,1670011376,0,0,0,-51,128,0,16,16,16,16,16,15,15,14,14,14,15,14,13,13,14,14,14,14,13,13,13,12,12,11,11,11,0,0,0,0,0,0,0,0,0,0,0,8,9,9,10,11,12,12,13,13,14,14,14,14,14,14,15,15,16,16,16,16,16,16,17,17,17,0,64,64,61,60,59,58,56,55,55,56,55,52,53,52,51,52,51,49,50,50,47,45,43,42,41,39,37,36,0,0,0,0,0,0,0,26,29,31,33,35,38,41,43,45,47,49,50,51,52,53,54,54,56,56,58,57,59,60,63,62,63,65,64
20260729_152303_3a4d7f,1785335034927963,1670111686,0,0,0,-51,128,0,18,17,17,16,16,16,16,16,15,15,14,15,15,15,14,14,14,13,14,13,13,13,13,12,11,11,0,0,0,0,0,0,0,0,0,0,0,9,9,10,11,11,12,12,13,14,14,14,14,14,16,16,16,16,16,16,16,17,17,17,17,18,18,0,64,63,62,59,59,60,57,56,56,54,53,53,53,53,51,52,51,50,50,49,48,46,43,42,42,40,38,36,0,0,0,0,0,0,0,26,29,30,33,36,40,40,43,44,47,49,51,51,53,54,54,56,56,58,57,59,59,61,62,62,63,64,64
20260729_152303_3a4d7f,1785335035052194,1670234737,0,0,0,-51,128,0,18,17,16,17,16,16,16,15,15,14,15,14,14,14,14,14,14,14,14,13,13,12,12,11,11,11,0,0,0,0,0,0,0,0,0,0,0,9,9,10,10,11,12,12,12,13,13,14,13,14,15,15,15,15,15,16,16,16,18,17,16,18,17,0,65,59,63,56,57,57,56,55,56,53,52,48,52,52,52,52,49,50,51,48,46,45,43,42,41,39,37,35,0,0,0,0,0,0,0,26,28,30,33,34,39,39,43,45,48,48,47,50,51,53,57,55,57,59,55,56,58,54,62,63,67,65,63
20260729_152303_3a4d7f,1785335035135292,1670317006,0,0,0,-52,128,0,16,16,16,15,15,14,14,14,14,14,14,13,13,12,13,13,13,13,13,11,11,11,11,10,10,10,0,0,0,0,0,0,0,0,0,0,0,7,8,9,9,10,11,11,11,12,12,13,13,14,14,14,14,14,14,14,15,15,16,16,16,16,16,0,63,61,59,60,57,57,57,55,52,54,53,51,50,48,51,51,49,50,47,46,42,47,42,41,40,37,38,35,0,0,0,0,0,0,0,26,27,29,31,35,37,40,41,43,45,47,49,51,52,52,52,52,55,56,58,58,58,60,61,63,64,63,63
20260729_152303_3a4d7f,1785335035230778,1670411236,0,0,0,-51,128,0,16,16,16,15,15,15,14,14,14,14,13,12,12,14,13,13,13,13,12,13,12,12,11,11,10,9,0,0,0,0,0,0,0,0,0,0,0,7,8,8,9,10,11,11,11,12,12,13,13,13,13,14,14,14,14,15,15,15,15,16,16,16,16,0,31,30,29,29,28,28,26,26,27,27,27,25,26,26,25,25,25,24,24,22,23,21,22,20,18,18,17,17,0,0,0,0,0,0,0,12,14,14,15,17,18,19,20,21,23,24,24,24,25,26,26,26,27,27,28,28,28,30,30,30,30,31,30
20260729_152303_3a4d7f,1785335035332487,1670511935,0,0,0,-52,128,0,17,17,16,16,16,15,15,14,14,14,14,13,13,14,13,13,13,13,13,12,12,12,11,11,11,10,0,0,0,0,0,0,0,0,0,0,0,8,9,9,9,10,11,12,12,12,13,14,14,14,14,14,15,15,15,15,16,16,16,16,17,17,17,0,63,63,61,60,59,57,57,56,55,55,55,52,53,52,52,52,51,51,48,48,47,45,42,42,39,39,37,37,0,0,0,0,0,0,0,26,28,31,33,34,37,39,42,44,47,49,50,52,53,52,55,55,56,57,57,59,59,60,62,61,63,63,62
20260729_152303_3a4d7f,1785335035432894,1670612716,0,0,0,-51,128,0,17,17,17,16,16,16,15,15,15,15,15,14,14,14,14,14,15,13,13,13,12,12,12,11,11,10,0,0,0,0,0,0,0,0,0,0,0,9,9,10,11,12,12,13,13,13,14,14,14,15,15,15,15,16,16,16,16,16,17,17,17,17,18,0,32,32,31,31,29,30,28,27,28,28,29,27,27,26,26,26,26,25,25,25,24,23,22,21,20,20,19,18,0,0,0,0,0,0,0,15,14,16,17,19,19,21,21,24,24,25,25,26,27,27,27,28,29,29,30,29,31,30,32,32,32,31,32
20260729_152303_3a4d7f,1785335035563298,1670743291,0,0,0,-52,128,0,16,16,16,15,15,14,14,14,13,13,13,13,13,13,13,13,13,13,13,13,11,11,10,10,10,9,0,0,0,0,0,0,0,0,0,0,0,7,8,8,9,9,11,11,11,12,13,13,13,13,13,14,13,14,14,14,15,15,15,16,16,16,16,0,61,61,60,58,58,58,55,54,54,53,52,52,50,51,51,50,49,48,47,46,45,43,42,42,40,37,36,34,0,0,0,0,0,0,0,25,28,28,31,35,37,39,43,43,46,47,49,50,51,53,52,53,55,56,55,58,59,59,60,60,62,64,60
20260729_152303_3a4d7f,1785335035657643,1670841518,0,0,0,-52,128,0,17,16,16,16,15,15,14,14,14,13,15,13,14,13,13,13,12,14,12,13,12,11,11,10,11,9,0,0,0,0,0,0,0,0,0,0,0,7,8,9,9,10,11,12,12,13,13,13,13,14,14,14,14,14,15,15,15,15,16,16,16,16,16,0,31,30,29,30,29,27,27,27,25,25,26,24,26,26,25,24,25,24,26,23,23,22,22,20,20,18,17,17,0,0,0,0,0,0,0,12,13,14,16,18,18,20,21,22,22,23,25,24,25,25,26,26,27,28,28,29,28,29,30,30,30,31,31
20260729_152303_3a4d7f,1785335035739884,1670922809,0,0,0,-51,128,0,17,17,17,16,16,16,15,15,14,14,14,14,14,14,14,14,13,14,13,13,13,12,11,11,10,10,0,0,0,0,0,0,0,0,0,0,0,8,9,9,10,11,12,12,13,13,13,14,14,14,14,15,15,16,15,16,16,16,16,16,17,17,17,0,63,63,65,60,60,59,55,56,55,55,56,54,50,51,51,52,51,50,46,47,46,44,43,42,40,40,36,37,0,0,0,0,0,0,0,25,28,30,33,34,37,39,44,45,47,49,51,53,52,54,54,55,55,58,56,60,63,61,62,60,64,64,63
20260729_152303_3a4d7f,1785335035828138,1671011592,0,0,0,-51,128,0,16,15,16,15,15,15,14,14,14,14,14,13,13,13,13,13,12,13,12,12,12,11,11,10,10,10,0,0,0,0,0,0,0,0,0,0,0,8,8,8,9,10,11,11,12,12,12,13,13,14,14,14,14,15,14,15,15,16,16,16,16,17,16,0,31,30,30,30,29,28,27,28,27,27,26,25,25,25,25,25,25,25,25,23,22,21,21,19,19,19,18,18,0,0,0,0,0,0,0,13,13,15,16,18,18,19,20,21,23,23,24,25,25,26,26,27,28,28,28,29,28,29,30,31,30,31,30
20260729_152303_3a4d7f,1785335035928785,1671111859,0,0,0,-52,128,0,17,17,17,16,16,16,16,16,15,15,15,15,14,15,15,15,15,15,13,13,12,12,12,11,11,10,0,0,0,0,0,0,0,0,0,0,0,8,9,10,10,11,12,13,13,13,14,14,14,15,15,16,16,16,16,16,17,17,17,17,17,18,17,0,64,63,62,59,59,59,58,57,55,55,54,54,52,52,53,53,51,51,49,47,46,45,44,42,41,39,37,36,0,0,0,0,0,0,0,27,29,30,32,36,38,41,43,44,47,48,51,52,53,54,55,55,57,57,57,59,62,62,62,61,62,64,64
20260729_152303_3a4d7f,1785335036030079,1671211619,0,0,0,-52,128,0,17,17,17,16,16,16,15,15,15,15,14,15,15,15,15,15,14,14,14,14,13,13,12,12,11,11,0,0,0,0,0,0,0,0,0,0,0,8,9,10,11,11,12,13,13,13,13,14,14,14,15,15,15,16,15,16,16,16,17,17,17,17,17,0,32,31,31,31,30,29,28,28,27,28,27,27,26,26,27,26,26,26,25,25,24,23,23,22,21,21,20,18,0,0,0,0,0,0,0,14,15,16,17,18,19,20,22,24,23,24,25,26,27,27,27,27,29,29,29,29,30,30,31,31,31,32,33
20260729_152303_3a4d7f,1785335036129028,1671311809,0,0,0,-51,128,0,16,16,15,16,15,15,14,14,14,13,13,13,13,13,13,13,13,12,12,12,12,12,11,11,10,9,0,0,0,0,0,0,0,0,0,0,0,8,8,9,9,10,10,11,12,13,13,13,13,13,14,14,14,14,15,15,15,15,16,16,16,17,16,0,31,31,30,31,29,28,28,27,26,27,27,26,26,26,26,25,25,25,25,23,23,22,22,20,20,19,18,17,0,0,0,0,0,0,0,13,13,16,16,18,19,19,20,22,23,24,25,25,26,27,27,27,28,28,29,29,30,31,31,31,32,32,32
20260729_152303_3a4d7f,1785335036234216,1671417931,0,0,0,-52,128,0,17,16,17,16,16,16,15,15,15,14,14,14,14,14,13,14,13,13,13,12,12,12,11,11,11,10,0,0,0,0,0,0,0,0,0,0,0,8,9,10,10,11,12,12,12,13,13,14,14,14,15,15,15,16,15,16,16,16,17,16,17,17,17,0,31,31,31,30,29,29,28,28,27,28,26,26,26,26,26,26,25,25,25,24,24,23,22,21,20,20,18,18,0,0,0,0,0,0,0,13,14,15,17,17,19,20,21,23,23,24,25,25,26,26,27,27,28,28,29,30,30,31,31,31,31,32,32
20260729_152303_3a4d7f,1785335036327653,1671511616,0,0,0,-51,128,0,16,17,16,16,15,15,15,15,14,14,14,14,13,13,13,13,13,13,13,13,12,11,11,11,11,10,0,0,0,0,0,0,0,0,0,0,0,7,9,9,9,10,11,11,13,13,13,14,14,14,14,14,15,15,15,15,15,15,16,16,16,16,16,0,63,62,60,61,59,57,56,55,54,53,53,52,50,51,51,51,52,51,51,51,44,42,40,40,41,36,38,36,0,0,0,0,0,0,0,25,27,30,32,34,37,39,42,44,46,48,50,50,52,51,54,54,55,57,57,58,58,59,61,60,62,64,62
20260729_152303_3a4d7f,1785335036433747,1671611323,0,0,0,-51,128,0,16,16,16,16,15,15,15,14,14,14,14,13,13,13,13,13,12,12,12,11,12,11,11,11,9,9,0,0,0,0,0,0,0,0,0,0,0,8,8,9,9,10,10,11,12,12,13,13,13,13,14,14,14,14,15,15,16,15,16,16,16,17,16,0,30,32,30,29,29,29,28,28,26,26,27,25,26,26,25,25,26,25,23,23,21,21,23,20,19,17,18,17,0,0,0,0,0,0,0,13,14,15,16,17,18,19,21,22,23,24,24,25,25,26,26,27,28,27,28,29,29,30,31,31,31,32,32
20260729_152303_3a4d7f,1785335036527091,1671711553,0,0,0,-52,128,0,17,16,16,16,15,15,14,14,14,14,14,13,13,13,13,13,13,13,13,12,12,11,11,10,10,10,0,0,0,0,0,0,0,0,0,0,0,7,8,9,9,10,11,11,12,12,12,13,14,14,14,14,15,15,15,15,16,16,16,17,17,17,16,0,31,31,29,30,27,28,28,27,26,27,27,25,25,25,26,25,25,24,24,23,23,21,21,21,19,18,18,17,0,0,0,0,0,0,0,12,14,14,14,17,17,19,20,22,23,23,25,25,25,26,26,25,28,27,29,27,29,30,29,31,31,31,30
20260729_152303_3a4d7f,1785335036631734,1671811417,0,0,0,-51,128,0,17,17,17,17,16,16,16,16,15,14,14,14,14,14,14,14,14,14,14,13,13,12,12,11,11,11,0,0,0,0,0,0,0,0,0,0,0,8,9,10,10,11,12,12,13,13,14,14,14,14,15,16,15,16,16,16,16,16,17,17,17,18,17,0,31,32,31,30,31,30,28,29,28,27,27,27,26,26,26,26,26,25,25,24,24,23,22,22,20,19,19,18,0,0,0,0,0,0,0,13,14,15,16,18,19,20,21,22,24,24,25,27,27,27,27,27,28,29,29,30,31,31,31,31,32,32,32
20260729_152303_3a4d7f,1785335036731198,1671911493,0,0,0,-51,128,0,17,16,16,16,15,15,15,14,14,13,14,13,13,13,13,13,13,13,12,12,12,11,11,11,10,9,0,0,0,0,0,0,0,0,0,0,0,7,8,8,10,10,11,11,12,12,13,13,13,14,14,14,14,15,15,15,15,16,16,16,16,16,16,0,64,63,60,59,57,57,56,54,55,55,54,52,51,52,50,49,50,49,48,47,44,44,43,41,39,39,36,34,0,0,0,0,0,0,0,27,28,30,32,36,38,39,41,44,46,48,49,50,52,53,54,55,56,54,57,59,59,61,63,61,62,63,64
20260729_152303_3a4d7f,1785335036831126,1672011709,0,0,0,-51,128,0,17,16,16,16,16,15,15,14,14,14,14,14,14,13,14,14,13,13,13,13,13,12,12,10,10,10,0,0,0,0,0,0,0,0,0,0,0,8,8,9,10,10,11,12,12,12,13,14,13,14,15,15,15,15,15,15,16,16,16,16,17,17,16,0,64,61,60,61,58,58,55,56,54,54,54,52,51,50,53,51,51,50,50,48,46,44,42,41,40,38,38,35,0,0,0,0,0,0,0,25,26,30,30,34,37,40,42,45,47,48,49,51,52,52,53,54,56,56,57,58,59,59,61,62,63,63,62
20260729_152303_3a4d7f,1785335036942404,1672122119,0,0,0,-52,128,0,17,17,17,17,16,15,16,15,15,15,15,15,15,15,14,14,14,13,13,13,13,12,12,11,11,10,0,0,0,0,0,0,0,0,0,0,0,8,9,10,10,11,11,12,12,13,14,14,15,15,15,15,15,16,16,16,16,16,17,17,17,17,17,0,61,63,63,60,59,59,57,56,54,55,54,54,53,52,51,50,51,50,50,48,46,44,43,42,40,39,37,37,0,0,0,0,0,0,0,27,28,30,32,36,37,39,42,45,48,47,52,53,52,52,54,54,55,56,58,59,62,61,62,63,65,64,62
20260729_152303_3a4d7f,1785335037030664,1672211266,0,0,0,-51,128,0,16,16,16,16,15,16,16,14,15,14,14,14,13,13,14,14,14,13,14,13,12,11,11,11,11,10,0,0,0,0,0,0,0,0,0,0,0,9,9,9,10,11,11,12,12,13,13,13,13,14,14,14,15,15,16,16,16,16,16,16,16,16,17,0,62,63,61,61,59,58,55,56,54,55,55,52,52,51,52,52,50,50,50,48,46,45,43,42,40,39,36,37,0,0,0,0,0,0,0,26,27,31,32,34,37,40,42,45,47,50,50,51,52,52,54,55,56,58,57,59,59,61,62,62,64,63,63
20260729_152303_3a4d7f,1785335037129862,1672311265,0,0,0,-51,128,0,17,17,17,16,16,16,16,15,15,14,14,15,14,15,15,14,14,13,13,13,13,12,12,11,11,11,0,0,0,0,0,0,0,0,0,0,0,9,9,10,11,11,12,12,13,14,14,14,14,14,16,15,16,16,16,16,17,17,17,17,17,18,17,0,61,63,62,60,61,59,57,56,53,55,56,53,52,52,51,52,51,51,51,48,48,44,44,43,40,39,39,38,0,0,0,0,0,0,0,26,29,29,32,37,39,40,43,46,46,49,50,52,52,53,53,55,56,58,58,62,61,63,61,63,64,65,62
20260729_152303_3a4d7f,1785335037229623,1672412099,0,0,0,-51,128,0,17,17,17,16,17,16,16,16,15,15,15,14,14,14,14,14,14,14,14,14,14,12,12,12,11,11,0,0,0,0,0,0,0,0,0,0,0,9,9,10,11,11,11,13,13,13,14,14,15,15,15,16,16,16,16,16,17,17,17,17,17,18,17,0,62,63,62,61,59,60,57,56,55,56,56,53,52,52,53,52,51,50,50,49,48,46,44,42,40,39,38,36,0,0,0,0,0,0,0,27,29,30,33,35,38,42,42,45,46,49,50,51,52,54,53,55,57,57,59,57,60,61,62,62,64,64,63
20260729_152303_3a4d7f,1785335037327207,1672511192,0,0,0,-51,128,0,16,16,15,15,15,14,14,14,14,14,14,13,13,13,13,13,12,13,12,12,12,11,11,11,10,9,0,0,0,0,0,0,0,0,0,0,0,7,8,9,10,10,10,11,12,12,13,13,14,14,14,14,14,14,14,15,16,16,16,16,16,17,17,0,62,62,60,60,59,57,56,55,53,55,53,52,52,50,52,50,49,47,50,50,47,45,41,40,40,38,35,34,0,0,0,0,0,0,0,26,29,29,31,36,37,40,42,45,45,47,51,51,52,52,54,53,56,55,57,57,60,59,62,61,63,63,62
20260729_152303_3a4d7f,1785335037427431,1672611790,0,0,0,-52,128,0,17,18,17,17,16,16,16,15,15,15,15,15,15,14,14,14,14,14,14,13,13,12,13,12,11,11,0,0,0,0,0,0,0,0,0,0,0,8,9,10,11,11,12,13,13,13,14,14,14,15,15,15,15,16,16,16,17,17,17,17,18,18,17,0,32,33,31,30,30,30,29,28,27,28,27,27,27,26,25,26,26,26,24,23,23,23,21,21,21,21,18,19,0,0,0,0,0,0,0,13,15,15,16,18,19,21,21,23,23,25,26,26,26,27,28,28,28,28,29,29,30,30,31,31,32,32,31
20260729_152303_3a4d7f,1785335037531890,1672713821,0,0,0,-52,128,0,17,17,17,16,16,16,15,15,15,15,14,14,14,14,14,14,13,13,13,13,13,12,12,11,11,10,0,0,0,0,0,0,0,0,0,0,0,9,9,9,10,11,11,12,12,13,14,14,14,15,15,15,15,15,16,16,16,17,17,17,17,17,17,0,32,33,31,30,29,29,29,28,28,28,27,27,26,26,27,27,26,25,25,24,24,23,23,22,19,19,18,18,0,0,0,0,0,0,0,14,14,15,16,18,18,21,20,23,24,24,25,25,26,27,28,27,28,28,29,30,31,30,31,32,32,32,31
20260729_152303_3a4d7f,1785335037631832,1672811751,0,0,0,-51,128,0,17,17,17,16,16,16,16,15,15,15,15,14,14,14,14,14,14,13,14,13,13,12,12,11,11,10,0,0,0,0,0,0,0,0,0,0,0,9,9,9,10,11,11,12,13,13,14,14,14,15,15,15,15,15,16,16,16,17,17,17,17,17,17,0,32,32,31,31,30,29,29,28,28,27,28,26,26,26,25,25,25,25,25,25,24,23,22,21,21,21,18,18,0,0,0,0,0,0,0,13,14,15,16,19,18,20,21,23,24,24,26,26,27,27,27,28,29,28,29,30,31,30,32,31,32,32,32
20260729_152303_3a4d7f,1785335037727718,1672911828,0,0,0,-51,128,0,17,17,17,17,17,16,16,15,15,15,14,15,15,14,14,14,14,13,13,13,13,13,12,12,11,11,0,0,0,0,0,0,0,0,0,0,0,8,10,10,11,11,11,12,13,13,14,15,15,15,15,15,16,16,16,17,17,17,17,17,18,18,18,0,62,64,63,61,60,58,57,57,55,57,55,53,52,52,52,51,50,51,49,48,47,46,44,43,41,39,38,36,0,0,0,0,0,0,0,27,29,30,33,36,38,40,43,45,48,50,51,52,54,54,54,54,56,58,59,59,60,61,62,63,64,64,64
20260729_152303_3a4d7f,1785335037828272,1673012255,0,0,0,-52,128,0,17,17,16,16,16,16,16,15,15,15,15,14,14,15,14,15,13,13,13,13,12,12,12,11,11,10,0,0,0,0,0,0,0,0,0,0,0,9,9,9,10,11,11,12,13,13,13,14,14,14,14,14,15,16,16,16,16,16,17,17,17,17,17,0,61,62,60,60,59,58,56,55,55,55,54,53,51,52,51,52,51,50,51,49,47,45,44,41,40,40,37,37,0,0,0,0,0,0,0,26,29,30,32,35,38,40,42,45,48,48,50,52,52,53,53,53,57,57,57,58,60,60,62,63,62,63,64
20260729_152303_3a4d7f,1785335037933661,1673114522,0,0,0,-52,128,0,17,17,17,17,15,15,15,15,15,14,14,14,14,14,14,14,14,14,14,13,13,12,11,11,11,10,0,0,0,0,0,0,0,0,0,0,0,8,9,9,10,10,12,12,12,13,13,13,14,14,14,14,15,15,15,15,16,16,17,17,17,17,17,0,62,62,62,61,59,57,55,55,55,56,53,53,52,52,52,53,52,51,49,48,47,45,44,41,40,39,36,36,0,0,0,0,0,0,0,26,28,31,32,35,38,40,43,46,47,49,50,50,52,53,54,55,57,57,57,57,58,61,62,63,62,65,63
20260729_152303_3a4d7f,1785335038033486,1673214039,0,0,0,-52,128,0,16,15,16,15,15,15,14,14,14,13,14,13,13,13,13,13,12,13,12,12,12,11,11,10,10,10,0,0,0,0,0,0,0,0,0,0,0,7,8,8,9,9,11,12,12,12,13,13,13,13,14,14,14,14,14,15,15,16,16,16,16,16,16,0,62,62,59,59,57,58,56,55,54,55,53,52,51,50,52,50,51,47,49,46,45,44,44,41,39,37,37,35,0,0,0,0,0,0,0,26,27,29,31,35,37,40,39,45,45,48,50,50,52,52,52,54,56,55,57,57,59,60,61,64,62,64,62
20260729_152303_3a4d7f,1785335038132726,1673311587,0,0,0,-51,128,0,17,18,16,16,16,16,16,16,15,15,15,15,14,14,14,14,14,14,14,13,13,12,12,12,11,11,0,0,0,0,0,0,0,0,0,0,0,9,9,10,10,12,12,12,13,13,14,14,15,15,15,15,16,16,16,16,17,17,17,17,17,17,18,0,63,63,63,59,60,60,58,56,55,55,54,54,53,54,50,52,52,51,50,48,48,45,43,43,41,39,37,37,0,0,0,0,0,0,0,27,28,31,33,35,38,40,43,44,47,49,50,51,52,54,55,56,55,57,57,59,61,62,63,61,63,64,64
20260729_152303_3a4d7f,1785335038227501,1673411814,0,0,0,-51,128,0,17,16,16,16,16,15,15,15,15,14,14,14,14,14,13,13,13,13,13,13,12,11,11,11,10,10,0,0,0,0,0,0,0,0,0,0,0,7,9,9,10,10,10,12,12,13,13,14,14,14,14,14,15,15,16,15,16,16,16,16,16,17,16,0,65,61,60,61,60,58,56,55,56,55,55,52,51,51,53,51,49,51,49,48,48,44,42,40,41,39,36,36,0,0,0,0,0,0,0,24,28,30,32,34,37,41,42,44,47,50,50,51,52,52,54,54,55,56,57,59,59,59,62,63,62,63,62
20260729_152303_3a4d7f,1785335038327958,1673511708,0,0,0,-52,128,0,17,17,17,17,17,16,16,15,15,15,14,14,14,14,14,14,14,14,14,13,13,13,12,12,11,11,0,0,0,0,0,0,0,0,0,0,0,8,9,10,10,12,12,12,13,13,13,14,15,15,15,15,15,15,15,16,17,17,17,17,17,17,17,0,65,64,62,61,60,59,59,56,55,55,55,54,52,52,52,50,53,50,50,49,48,45,43,41,41,40,36,36,0,0,0,0,0,0,0,27,29,30,34,37,39,41,42,44,46,49,50,51,53,53,56,55,56,57,58,60,61,62,63,62,64,64,64
20260729_152303_3a4d7f,1785335038427955,1673611714,0,0,0,-52,128,0,16,16,16,15,15,15,14,14,14,13,13,13,13,13,13,13,13,13,13,12,12,12,11,10,10,10,0,0,0,0,0,0,0,0,0,0,0,8,8,8,9,10,11,11,12,12,13,13,13,13,13,14,14,14,14,15,15,15,16,15,16,16,16,0,62,61,62,59,59,57,55,54,53,53,55,51,52,51,51,51,49,51,50,48,47,44,43,42,38,38,37,37,0,0,0,0,0,0,0,26,28,30,31,34,38,39,42,44,46,48,48,50,52,52,52,54,54,57,56,59,61,60,61,60,65,64,64
20260729_152303_3a4d7f,1785335038531559,1673711866,0,0,0,-52,128,0,17,17,16,16,16,15,15,15,15,15,15,14,14,14,14,14,14,14,14,13,13,12,12,11,11,11,0,0,0,0,0,0,0,0,0,0,0,9,9,9,10,11,12,12,13,13,14,14,14,15,15,15,15,15,16,16,16,16,17,17,17,17,17,0,31,31,30,30,29,29,28,28,28,28,28,27,26,26,27,26,26,25,25,25,24,23,23,21,20,20,19,18,0,0,0,0,0,0,0,13,15,16,17,18,19,20,21,23,24,25,25,26,26,26,27,27,28,29,29,29,30,30,31,32,31,32,32
20260729_152303_3a4d7f,1785335038629990,1673812801,0,0,0,-51,128,0,17,16,16,16,15,15,15,15,14,14,14,13,13,13,13,13,13,13,12,12,12,11,11,10,10,9,0,0,0,0,0,0,0,0,0,0,0,7,8,9,9,10,11,11,12,12,13,13,13,13,15,15,14,15,15,16,16,16,16,17,17,17,17,0,31,31,30,30,29,29,28,26,27,27,26,25,25,25,25,25,25,25,24,23,23,21,21,20,19,18,18,18,0,0,0,0,0,0,0,12,13,14,15,17,18,19,21,22,22,24,24,25,25,26,26,27,28,28,29,29,30,30,31,31,31,31,32
20260729_152303_3a4d7f,1785335038739925,1673923386,0,0,0,-52,128,0,16,16,16,16,16,16,15,15,15,14,14,14,14,14,13,13,13,13,13,13,12,12,12,11,11,10,0,0,0,0,0,0,0,0,0,0,0,8,9,9,10,11,11,12,13,13,13,13,14,14,14,14,15,15,15,16,16,16,16,16,16,17,17,0,62,62,59,60,57,59,57,54,53,55,53,51,51,50,52,51,50,49,51,48,46,44,43,42,39,38,37,36,0,0,0,0,0,0,0,27,28,30,32,35,37,40,41,44,46,48,50,52,52,52,52,54,57,56,57,57,59,61,60,63,62,63,63
20260729_152303_3a4d7f,1785335038830372,1674013637,0,0,0,-52,128,0,16,16,16,15,15,15,14,14,14,13,13,13,13,13,13,13,13,12,12,11,11,11,11,10,10,10,0,0,0,0,0,0,0,0,0,0,0,7,8,9,9,10,10,11,12,11,13,13,13,13,13,13,14,14,14,15,15,16,16,16,16,17,16,0,61,63,59,61,58,57,56,55,54,56,52,51,52,50,52,50,51,48,48,47,46,44,43,42,39,38,38,35,0,0,0,0,0,0,0,26,28,28,31,35,37,40,41,43,45,47,50,50,50,52,54,53,55,56,57,57,59,61,59,62,63,64,61
20260729_152303_3a4d7f,1785335038946566,1674127344,0,0,0,-52,128,0,16,16,16,15,15,15,15,14,14,14,13,13,13,13,13,13,13,12,12,12,11,11,11,10,10,9,0,0,0,0,0,0,0,0,0,0,0,8,8,9,10,10,10,11,12,12,13,13,13,14,14,14,14,15,15,15,15,16,16,16,16,17,16,0,30,30,30,29,29,29,27,27,26,26,26,25,25,25,25,25,25,25,24,24,24,22,21,20,20,19,17,17,0,0,0,0,0,0,0,13,13,15,16,17,19,20,21,21,23,24,24,25,25,26,26,28,26,28,28,29,29,31,30,30,32,31,31
20260729_152303_3a4d7f,1785335039029774,1674211772,0,0,0,-52,128,0,17,16,16,16,16,15,14,14,14,14,14,14,13,14,14,13,12,13,12,12,12,11,11,10,10,10,0,0,0,0,0,0,0,0,0,0,0,8,8,9,9,10,11,11,12,13,13,13,13,13,14,14,14,14,14,16,15,16,17,17,17,17,17,0,64,61,59,60,57,56,55,55,54,55,54,51,51,51,51,49,50,48,49,47,46,44,43,40,40,38,35,36,0,0,0,0,0,0,0,25,27,30,32,35,36,39,42,44,45,49,49,50,52,51,54,53,55,55,59,57,58,59,62,63,62,63,62
20260729_152303_3a4d7f,1785335039129252,1674312416,0,0,0,-52,128,0,16,16,16,15,15,15,14,14,14,15,14,14,13,14,14,14,14,13,13,13,12,11,11,11,10,10,0,0,0,0,0,0,0,0,0,0,0,8,8,9,9,11,11,11,12,13,13,13,13,14,14,14,14,14,15,15,15,15,17,16,16,16,16,0,61,63,61,61,59,58,56,56,53,54,54,52,52,51,51,50,51,49,50,47,46,44,44,42,39,37,37,36,0,0,0,0,0,0,0,26,28,31,31,35,36,39,41,45,46,49,49,51,52,53,53,52,56,55,56,59,60,61,61,61,63,64,64
20260729_152303_3a4d7f,1785335039230810,1674411927,0,0,0,-52,128,0,16,16,16,16,16,15,14,14,14,14,14,13,13,14,13,13,12,13,12,12,12,11,11,10,10,9,0,0,0,0,0,0,0,0,0,0,0,7,8,9,9,10,10,11,12,12,13,13,13,13,13,15,14,15,15,16,16,16,16,16,17,17,17,0,64,61,60,59,59,56,56,54,54,53,52,51,52,53,50,52,50,50,49,48,46,44,43,40,40,39,36,35,0,0,0,0,0,0,0,24,27,30,32,34,37,39,42,44,47,49,49,51,52,54,53,54,54,56,57,57,60,60,61,60,61,62,64
20260729_152303_3a4d7f,1785335039331943,1674511523,0,0,0,-52,128,0,17,17,17,17,16,15,15,15,15,15,15,14,15,13,14,14,14,13,13,13,13,12,12,11,11,10,0,0,0,0,0,0,0,0,0,0,0,8,9,10,10,11,11,12,13,13,14,14,14,14,14,14,15,15,15,16,17,16,17,17,17,17,17,0,64,63,62,60,58,56,56,55,55,56,53,52,51,52,52,51,51,49,50,49,47,46,42,41,41,39,36,37,0,0,0,0,0,0,0,26,29,31,34,35,38,40,42,44,46,50,49,50,53,52,54,55,56,57,58,58,60,60,61,63,62,64,65
20260729_152303_3a4d7f,1785335039438053,1674618494,0,0,0,-52,128,0,16,16,16,16,15,14,14,14,13,14,13,14,13,14,13,13,13,13,12,11,11,11,11,10,10,9,0,0,0,0,0,0,0,0,0,0,0,7,8,9,9,10,10,11,11,12,12,13,13,13,14,14,14,15,14,15,15,15,16,16,16,16,16,0,62,61,61,60,57,56,55,54,54,53,52,53,52,51,51,51,50,48,48,46,45,44,42,40,40,38,36,35,0,0,0,0,0,0,0,25,28,27,31,35,37,38,41,43,45,47,49,48,52,51,53,54,54,56,56,57,59,60,60,61,61,64,62
20260729_152303_3a4d7f,1785335039532269,1674712053,0,0,0,-52,128,0,16,16,15,16,15,15,14,14,14,14,13,13,13,12,14,13,13,13,13,12,11,10,10,10,10,9,0,0,0,0,0,0,0,0,0,0,0,7,8,9,9,9,10,11,11,12,13,13,13,13,14,14,14,14,15,15,15,15,16,16,16,16,16,0,31,30,30,30,28,29,28,27,27,27,26,25,25,25,25,25,25,25,24,24,23,22,21,20,18,19,17,17,0,0,0,0,0,0,0,12,13,14,15,17,18,19,20,21,22,23,24,25,25,26,26,27,28,27,28,28,28,30,30,31,31,31,31
20260729_152303_3a4d7f,1785335039632359,1674812883,0,0,0,-52,128,0,18,18,17,16,16,16,16,16,15,14,15,15,15,14,14,14,14,14,13,13,13,12,12,11,11,11,0,0,0,0,0,0,0,0,0,0,0,8,9,9,11,11,12,13,13,13,14,14,14,14,14,16,16,16,16,16,16,17,17,16,17,17,17,0,63,63,62,59,60,59,57,56,55,54,54,52,53,52,51,51,51,51,50,48,47,46,44,43,40,40,36,36,0,0,0,0,0,0,0,26,28,31,34,35,38,41,43,45,45,48,51,50,52,52,54,55,56,58,59,60,61,61,61,61,63,63,63
20260729_152303_3a4d7f,1785335039730709,1674913622,0,0,0,-52,128,0,16,16,16,16,15,15,15,14,14,13,13,14,14,13,13,14,14,14,12,12,12,11,11,11,10,10,0,0,0,0,0,0,0,0,0,0,0,8,8,9,10,10,11,12,13,12,13,13,13,14,14,14,14,15,15,15,15,16,16,16,16,17,17,0,31,30,31,30,29,29,28,27,26,27,26,26,25,26,25,25,25,25,25,24,23,22,21,21,20,19,18,18,0,0,0,0,0,0,0,12,14,15,16,17,18,19,21,22,22,23,24,25,25,27,26,27,27,28,29,29,30,30,30,30,31,31,32
20260729_152303_3a4d7f,1785335039827762,1675011793,0,0,0,-52,128,0,17,17,17,16,16,16,16,15,15,15,14,14,14,15,13,15,14,14,14,13,13,12,12,11,11,11,0,0,0,0,0,0,0,0,0,0,0,8,9,10,11,11,11,12,13,14,14,14,15,15,15,16,15,16,15,16,17,17,17,17,17,17,18,0,68,63,61,57,62,60,58,56,56,50,55,54,52,57,51,52,52,50,49,49,48,43,43,42,40,39,36,37,0,0,0,0,0,0,0,25,28,30,34,33,38,38,42,44,46,49,51,47,52,54,56,55,54,56,56,61,55,61,59,62,63,63,60
20260729_152303_3a4d7f,1785335039950387,1675130592,0,0,0,-52,128,0,16,17,16,16,15,15,15,15,14,14,14,14,13,13,14,13,13,13,13,12,12,11,11,11,10,10,0,0,0,0,0,0,0,0,0,0,0,8,9,9,9,10,11,11,12,12,13,13,14,14,14,14,15,15,15,15,16,16,16,16,17,17,17,0,31,30,30,29,30,29,28,27,26,26,26,25,25,26,25,25,25,24,24,24,23,21,21,21,19,19,18,18,0,0,0,0,0,0,0,13,13,15,16,17,19,20,20,23,22,24,25,25,26,26,27,27,27,28,28,29,29,30,30,30,31,32,31
20260729_152303_3a4d7f,1785335040048016,1675229044,0,0,0,-52,128,0,17,17,16,15,15,15,14,14,14,14,14,13,13,13,13,13,13,13,12,12,12,11,11,11,10,10,0,0,0,0,0,0,0,0,0,0,0,7,8,9,9,10,10,11,11,13,13,13,14,14,14,14,14,15,15,15,15,15,16,16,16,16,16,0,64,61,60,61,57,56,56,55,55,53,53,51,52,53,52,52,49,49,47,48,46,43,42,40,40,38,36,36,0,0,0,0,0,0,0,25,27,30,33,34,37,39,42,44,46,48,48,50,52,52,53,55,56,57,57,56,57,60,61,61,62,61,63
20260729_152303_3a4d7f,1785335040153221,1675332948,0,0,0,-52,128,0,17,17,17,16,16,16,16,16,15,15,14,14,14,14,14,14,14,14,14,13,13,12,12,11,11,11,0,0,0,0,0,0,0,0,0,0,0,8,9,10,10,11,12,12,13,13,13,15,15,15,15,15,15,16,16,16,17,17,17,17,17,18,17,0,32,32,31,30,30,30,29,28,27,27,27,27,26,27,26,26,26,25,25,24,24,23,22,21,21,20,18,18,0,0,0,0,0,0,0,13,14,16,17,18,19,20,21,23,24,25,25,26,27,27,28,28,28,29,29,30,30,31,32,31,32,32,32
20260729_152303_3a4d7f,1785335040229242,1675412958,0,0,0,-51,128,0,17,17,17,17,16,16,16,15,15,15,15,14,14,15,15,14,14,13,14,13,13,13,13,11,11,11,0,0,0,0,0,0,0,0,0,0,0,9,9,10,11,11,12,13,14,14,14,14,14,15,15,15,16,15,16,16,16,17,17,17,17,17,17,0,63,63,64,61,60,59,58,55,56,53,54,53,53,53,52,51,51,51,49,49,48,45,43,42,40,40,36,36,0,0,0,0,0,0,0,26,29,31,34,35,40,41,43,46,47,50,50,52,52,53,55,55,55,57,59,59,61,60,62,63,64,65,65
20260729_152303_3a4d7f,1785335040337822,1675517213,0,0,0,-52,128,0,17,17,17,17,16,15,15,14,15,15,14,13,13,14,14,14,13,14,13,13,12,12,12,11,11,10,0,0,0,0,0,0,0,0,0,0,0,8,8,9,9,10,11,12,13,13,13,14,14,14,14,14,15,15,15,15,16,16,17,17,17,17,17,0,64,61,61,59,59,56,55,54,54,53,53,51,52,51,51,52,49,49,49,47,47,44,42,40,39,39,35,35,0,0,0,0,0,0,0,26,28,30,32,33,36,39,42,44,47,49,49,50,52,53,52,55,55,57,58,58,58,59,61,61,63,63,62
20260729_152303_3a4d7f,1785335040429202,1675613849,0,0,0,-51,128,0,16,16,16,16,15,15,15,14,14,14,13,13,13,13,13,13,13,13,13,12,12,12,10,10,10,9,0,0,0,0,0,0,0,0,0,0,0,7,8,9,9,10,10,11,11,12,12,13,13,13,14,14,14,14,15,15,15,16,16,16,16,17,16,0,31,30,29,31,28,28,27,27,26,26,26,26,25,25,26,25,24,24,24,24,23,22,21,20,19,18,18,17,0,0,0,0,0,0,0,13,13,14,16,17,18,19,20,21,22,24,24,25,26,26,26,26,27,28,29,29,29,29,30,31,31,31,31
20260729_152303_3a4d7f,1785335040529198,1675711098,0,0,0,-52,128,0,16,17,16,16,15,15,14,15,14,14,13,13,13,13,13,13,13,13,13,13,12,11,11,11,10,10,0,0,0,0,0,0,0,0,0,0,0,7,8,9,9,10,10,11,11,12,13,13,13,14,14,14,14,14,14,15,15,16,16,16,16,16,17,0,29,31,30,30,29,29,27,28,26,27,26,25,24,25,26,24,24,25,23,24,21,23,20,20,19,19,18,17,0,0,0,0,0,0,0,12,14,15,16,17,18,19,20,22,22,23,25,25,26,26,26,27,27,28,28,28,29,29,30,32,32,31,32
20260729_152303_3a4d7f,1785335040627699,1675811700,0,0,0,-51,128,0,16,16,15,15,14,14,14,15,13,14,14,13,13,13,13,13,13,11,12,12,11,11,10,10,10,10,0,0,0,0,0,0,0,0,0,0,0,8,8,9,9,9,10,11,12,12,13,13,13,13,13,13,13,13,14,15,15,16,16,16,16,16,16,0,62,62,60,58,58,57,57,53,54,51,51,52,50,52,50,52,49,49,52,49,44,41,41,42,44,42,36,36,0,0,0,0,0,0,0,25,28,29,32,35,37,40,42,44,45,48,49,50,52,52,53,54,56,55,56,57,59,60,62,61,62,63,62
20260729_152303_3a4d7f,1785335040731069,1675911602,0,0,0,-52,128,0,17,17,17,16,16,16,16,14,14,14,15,14,14,14,13,13,13,13,12,12,12,12,11,10,10,10,0,0,0,0,0,0,0,0,0,0,0,8,8,9,10,10,11,12,13,13,13,13,14,13,14,15,14,16,15,16,16,16,17,17,17,18,17,0,31,30,30,30,29,29,28,28,27,27,27,26,25,25,26,25,25,25,25,24,23,22,21,20,19,18,18,17,0,0,0,0,0,0,0,12,14,14,15,17,18,20,21,22,23,24,25,25,26,27,26,27,27,28,29,29,29,30,30,31,31,31,31
20260729_152303_3a4d7f,1785335040829338,1676013338,0,0,0,-52,128,0,16,15,16,15,15,15,15,15,14,14,14,14,13,13,13,13,13,13,13,13,13,12,11,10,10,10,0,0,0,0,0,0,0,0,0,0,0,8,9,9,10,10,11,11,12,13,13,14,14,13,13,14,13,14,14,15,15,15,16,15,16,16,16,0,30,31,30,30,29,29,28,28,26,27,26,25,26,25,25,25,25,25,25,23,24,22,22,20,19,19,18,18,0,0,0,0,0,0,0,12,14,14,15,17,18,20,21,22,23,23,25,26,25,25,26,26,26,28,28,29,29,30,30,32,31,31,30
20260729_152303_3a4d7f,1785335040933178,1676111609,0,0,0,-52,128,0,17,17,17,16,16,16,16,15,15,15,15,14,14,14,14,14,14,14,13,13,13,12,12,11,11,11,0,0,0,0,0,0,0,0,0,0,0,9,9,9,10,11,12,12,13,13,14,14,14,15,15,15,15,16,15,16,16,16,17,17,17,17,17,0,32,31,31,30,30,29,28,28,27,26,27,26,26,26,26,27,25,26,25,24,24,22,22,21,20,20,18,19,0,0,0,0,0,0,0,14,15,15,17,17,20,20,22,23,23,24,24,26,26,26,26,28,27,30,29,31,30,31,31,31,32,32,32
20260729_152303_3a4d7f,1785335041051569,1676230754,0,0,0,-52,128,0,17,18,17,17,17,16,16,16,16,16,15,15,15,14,15,14,14,14,14,13,13,13,12,12,11,11,0,0,0,0,0,0,0,0,0,0,0,9,10,10,11,11,12,13,13,13,14,15,14,15,15,15,16,16,16,16,16,17,18,17,18,18,18,0,66,64,62,61,61,58,59,56,56,55,54,54,53,55,52,53,52,48,51,49,47,45,45,43,41,40,37,36,0,0,0,0,0,0,0,27,30,31,34,35,39,41,43,46,46,49,51,51,52,54,56,56,56,59,58,60,62,63,63,62,63,64,64
20260729_152303_3a4d7f,1785335041139273,1676323407,0,0,0,-52,128,0,16,16,16,16,14,14,14,14,14,14,13,13,13,13,13,13,12,13,12,12,12,11,11,11,10,10,0,0,0,0,0,0,0,0,0,0,0,7,8,9,9,10,10,11,11,12,13,13,13,13,14,14,14,14,14,15,15,15,15,16,16,17,17,0,61,60,61,58,59,57,56,55,53,53,51,52,51,55,50,49,51,49,49,46,43,46,40,45,39,39,33,35,0,0,0,0,0,0,0,26,28,30,30,34,37,39,41,43,46,47,48,49,50,53,54,54,55,56,56,58,58,59,61,60,63,62,63
20260729_152303_3a4d7f,1785335041267292,1676448193,0,0,0,-52,128,0,16,17,17,16,17,15,15,15,14,15,16,14,14,15,14,14,14,14,13,13,12,12,12,11,11,10,0,0,0,0,0,0,0,0,0,0,0,8,9,9,11,11,12,13,12,12,13,13,14,15,14,15,15,15,15,16,16,16,17,17,16,17,17,0,30,30,29,29,31,29,28,28,27,27,28,26,26,25,27,26,23,24,25,24,24,22,21,21,20,20,17,19,0,0,0,0,0,0,0,13,14,15,16,17,18,20,21,22,24,25,25,26,26,26,27,28,27,29,28,33,30,29,31,29,32,34,30
20260729_152303_3a4d7f,1785335041366610,1676550569,0,0,0,-52,128,0,16,16,16,16,16,14,14,14,13,13,14,13,13,13,13,13,13,13,13,12,12,12,11,11,10,10,0,0,0,0,0,0,0,0,0,0,0,8,8,9,10,10,11,11,12,12,13,13,13,13,14,14,14,14,15,15,16,16,16,16,16,16,16,0,30,31,30,29,29,28,27,26,26,26,26,25,25,25,25,25,24,24,23,23,23,21,21,20,19,19,18,17,0,0,0,0,0,0,0,13,14,15,15,17,18,19,20,21,22,23,25,24,25,25,26,26,27,26,27,28,29,29,30,30,31,31,30
20260729_152303_3a4d7f,1785335041436537,1676619307,0,0,0,-52,128,0,16,16,16,16,15,15,14,14,15,14,15,13,13,14,14,14,14,13,13,13,13,12,12,11,11,11,0,0,0,0,0,0,0,0,0,0,0,8,9,9,10,11,12,12,12,13,14,14,14,14,14,14,14,14,15,16,16,16,16,16,16,17,17,0,63,62,61,60,57,57,56,55,54,54,54,53,51,51,51,53,51,51,50,49,47,44,43,41,41,40,37,36,0,0,0,0,0,0,0,25,28,30,34,35,37,39,41,45,46,48,48,51,52,54,52,54,56,57,57,57,60,61,62,62,63,62,63
20260729_152303_3a4d7f,1785335041535302,1676719774,0,0,0,-52,128,0,16,16,16,15,15,15,15,14,14,14,15,14,14,14,14,14,13,13,13,13,12,12,12,11,11,9,0,0,0,0,0,0,0,0,0,0,0,8,8,9,10,11,11,12,13,12,13,13,14,14,14,14,14,15,15,15,16,16,16,16,16,17,16,0,31,31,31,30,30,29,28,27,27,27,27,26,27,27,27,26,25,25,25,24,24,22,22,21,21,21,18,18,0,0,0,0,0,0,0,14,14,15,16,17,19,20,22,23,24,24,25,26,25,27,27,28,28,28,28,30,30,30,31,30,31,32,31
20260729_152303_3a4d7f,1785335041634686,1676815709,0,0,0,-51,128,0,17,17,16,16,16,16,16,16,15,15,15,15,14,14,14,14,14,14,13,13,13,12,12,12,11,11,0,0,0,0,0,0,0,0,0,0,0,9,9,9,10,11,12,12,13,13,14,15,15,14,15,15,16,16,16,16,16,16,17,17,17,17,17,0,29,31,30,31,31,31,30,30,29,30,27,27,25,24,27,25,26,25,25,25,25,25,23,23,21,19,20,19,0,0,0,0,0,0,0,14,15,16,16,19,19,21,22,23,25,24,26,26,26,25,26,26,29,29,29,30,32,32,32,33,33,33,32
20260729_152303_3a4d7f,1785335041751153,1676933598,0,0,0,-52,128,0,18,17,17,17,16,16,15,15,15,15,15,15,14,14,14,14,14,14,14,13,13,12,12,12,11,11,0,0,0,0,0,0,0,0,0,0,0,8,9,10,10,11,12,13,13,13,14,14,14,15,15,15,15,16,16,16,16,16,17,17,17,17,17,0,32,32,32,31,29,30,29,28,28,27,28,28,27,26,26,27,26,26,25,24,24,23,22,21,21,20,18,18,0,0,0,0,0,0,0,13,16,16,17,18,19,20,21,22,24,25,25,26,27,27,28,28,29,29,29,30,30,30,31,31,32,33,33
20260729_152303_3a4d7f,1785335041832056,1677015397,0,0,0,-51,128,0,16,16,16,16,15,15,15,14,14,14,14,13,13,13,13,13,13,12,12,12,11,11,11,10,10,10,0,0,0,0,0,0,0,0,0,0,0,7,8,9,9,10,11,11,12,12,12,13,14,14,14,15,15,15,15,15,15,16,16,16,16,16,16,0,63,61,60,62,58,57,57,55,54,53,54,51,51,51,52,49,48,49,49,46,44,41,43,39,39,37,34,35,0,0,0,0,0,0,0,26,27,30,31,35,37,40,41,45,46,49,50,51,51,52,53,53,56,54,58,57,59,60,61,62,63,62,61
20260729_152303_3a4d7f,1785335041931405,1677113224,0,0,0,-52,128,0,17,18,17,16,16,16,16,15,14,14,15,15,15,15,14,15,14,14,13,13,13,13,12,12,11,11,0,0,0,0,0,0,0,0,0,0,0,8,9,9,10,12,12,12,13,13,14,14,14,15,15,15,15,16,16,17,16,17,17,17,17,18,17,0,63,63,62,60,60,59,57,56,55,54,54,53,53,54,52,51,52,50,50,47,48,45,43,42,40,40,37,37,0,0,0,0,0,0,0,27,28,31,34,36,37,41,43,45,46,49,50,51,52,53,55,55,55,57,57,59,61,62,63,61,63,64,65
20260729_152303_3a4d7f,1785335042050292,1677231190,0,0,0,-52,128,0,16,17,17,16,16,15,15,15,14,14,14,13,13,14,14,13,13,13,13,13,12,12,12,11,10,10,0,0,0,0,0,0,0,0,0,0,0,8,8,9,10,11,11,12,13,13,13,13,14,14,14,14,15,15,15,15,16,16,16,16,17,17,17,0,63,62,60,59,59,57,56,55,54,54,54,52,52,53,50,52,50,50,48,48,47,45,42,41,40,40,36,36,0,0,0,0,0,0,0,25,28,30,33,34,37,38,43,44,46,49,48,50,51,53,54,56,53,57,55,58,59,60,61,59,63,64,62
20260729_152303_3a4d7f,1785335042134958,1677313602,0,0,0,-52,128,0,16,16,16,16,16,16,15,15,15,14,14,14,14,14,14,14,13,13,14,13,13,11,12,12,11,10,0,0,0,0,0,0,0,0,0,0,0,9,9,10,10,10,11,12,12,13,13,13,14,14,14,14,15,15,16,16,16,16,16,16,16,16,17,0,63,61,60,61,59,58,56,56,54,54,53,53,49,50,53,51,51,50,54,47,47,42,43,40,37,41,36,34,0,0,0,0,0,0,0,26,27,30,32,36,36,40,43,45,47,48,50,52,52,52,55,53,57,56,59,58,59,60,61,64,63,63,64
20260729_152303_3a4d7f,1785335042229737,1677412592,0,0,0,-52,128,0,17,18,17,16,16,16,16,16,16,15,15,14,14,14,14,14,14,14,14,13,13,13,13,12,11,10,0,0,0,0,0,0,0,0,0,0,0,9,9,10,10,12,12,12,13,14,14,14,15,15,15,15,16,16,16,16,16,17,18,17,18,18,17,0,62,63,63,60,61,60,57,55,54,55,56,54,52,52,52,52,51,51,52,48,47,45,44,43,40,40,37,36,0,0,0,0,0,0,0,27,30,30,32,36,39,41,43,46,47,47,50,52,52,54,54,57,57,57,57,61,62,62,61,62,65,63,63
20260729_152303_3a4d7f,1785335042395438,1677578409,0,0,0,-52,128,0,17,17,17,16,15,15,15,15,15,14,14,14,14,14,14,14,14,14,14,13,13,12,11,11,10,10,0,0,0,0,0,0,0,0,0,0,0,8,9,9,10,10,12,12,13,13,13,13,14,14,14,14,15,15,15,15,16,16,16,17,17,17,17,0,62,62,60,60,58,58,56,55,55,55,54,52,51,53,52,51,51,50,50,49,48,44,44,42,40,39,35,36,0,0,0,0,0,0,0,27,28,32,32,35,37,39,42,45,46,49,50,51,53,53,53,54,57,56,57,57,59,60,61,61,63,63,65
20260729_152303_3a4d7f,1785335042436352,1677615430,0,0,0,-52,128,0,17,17,17,16,16,16,15,14,14,14,14,13,13,14,13,13,13,13,13,12,12,12,11,11,11,10,0,0,0,0,0,0,0,0,0,0,0,8,9,9,10,10,11,12,13,13,14,14,14,14,14,14,14,15,15,15,16,16,16,17,17,17,17,0,64,62,60,60,58,58,56,54,55,55,54,52,52,50,51,52,50,49,50,48,48,45,43,41,39,39,36,35,0,0,0,0,0,0,0,25,27,30,32,34,37,39,41,44,47,48,49,50,52,52,54,54,55,55,57,59,60,59,62,62,63,62,62
20260729_152303_3a4d7f,1785335042528027,1677712176,0,0,0,-52,128,0,16,16,16,15,15,14,14,14,14,14,14,13,13,13,13,13,13,13,12,12,12,11,11,10,10,10,0,0,0,0,0,0,0,0,0,0,0,7,8,8,9,10,11,11,12,12,13,13,13,13,13,14,14,15,14,15,15,15,16,16,16,16,16,0,31,30,30,30,29,28,27,27,27,27,26,25,25,25,25,25,25,25,24,23,23,21,21,19,19,18,18,17,0,0,0,0,0,0,0,12,14,14,16,16,18,19,21,22,22,23,24,25,25,25,26,26,27,28,28,29,29,29,30,30,31,31,31
20260729_152303_3a4d7f,1785335042707447,1677888064,0,0,0,-52,128,0,17,16,16,16,15,15,15,14,14,14,14,14,14,14,14,13,13,12,14,12,12,12,12,11,10,10,0,0,0,0,0,0,0,0,0,0,0,8,8,9,10,10,11,12,13,13,13,13,13,14,14,14,14,15,15,15,15,15,16,16,16,16,16,0,32,31,29,29,30,29,28,28,27,27,27,26,24,24,26,24,25,24,25,23,22,21,20,21,20,17,17,18,0,0,0,0,0,0,0,13,14,15,16,17,18,19,20,21,23,25,25,25,27,27,26,27,28,28,29,29,28,29,30,31,30,32,32
20260729_152303_3a4d7f,1785335042741783,1677925777,0,0,0,-52,128,0,17,17,16,17,16,15,15,15,14,14,14,13,13,13,14,13,13,13,13,13,12,12,11,11,10,10,0,0,0,0,0,0,0,0,0,0,0,8,8,9,10,10,11,12,12,12,13,14,14,15,14,14,15,15,15,16,16,16,17,17,17,17,17,0,32,30,30,29,28,28,28,27,27,26,26,25,25,25,25,25,24,24,24,23,23,22,21,20,19,19,17,17,0,0,0,0,0,0,0,12,13,14,16,16,19,19,20,21,22,23,24,25,26,26,26,27,27,28,28,28,29,29,30,30,30,31,31
20260729_152303_3a4d7f,1785335042835572,1678016439,0,0,0,-52,128,0,17,15,15,15,14,15,14,14,14,14,13,13,13,13,13,13,13,13,12,12,12,11,11,10,9,9,0,0,0,0,0,0,0,0,0,0,0,7,8,8,9,10,10,11,12,12,13,13,13,13,13,13,14,14,14,15,16,16,16,17,16,17,17,0,63,62,59,61,56,57,55,56,53,54,52,51,51,50,52,49,50,47,48,47,45,43,44,40,40,37,36,35,0,0,0,0,0,0,0,26,28,28,30,35,36,40,40,43,45,48,50,50,51,52,52,52,55,54,57,57,57,60,61,64,62,63,62
20260729_152303_3a4d7f,1785335042939713,1678121571,0,0,0,-52,128,0,17,17,16,16,16,16,16,15,15,15,15,14,14,14,14,14,14,14,14,13,13,12,12,11,11,11,0,0,0,0,0,0,0,0,0,0,0,8,9,10,10,11,12,12,13,13,14,14,14,14,15,15,15,15,16,16,16,16,17,17,17,17,17,0,33,31,31,30,30,30,29,29,28,27,27,27,27,27,26,25,25,25,25,24,23,23,22,21,20,20,18,18,0,0,0,0,0,0,0,13,14,15,16,18,19,21,21,22,23,25,25,26,26,27,28,28,28,29,28,30,30,31,32,30,31,32,32
20260729_152303_3a4d7f,1785335043034559,1678218289,0,0,0,-52,128,0,17,17,17,17,16,16,16,15,15,15,15,14,15,14,14,14,14,14,14,13,13,13,13,11,11,11,0,0,0,0,0,0,0,0,0,0,0,9,9,10,11,12,11,13,12,13,14,14,15,15,14,15,16,16,16,16,17,17,17,17,17,18,17,0,64,64,62,61,59,60,57,56,55,56,55,53,53,52,52,51,52,50,50,49,47,45,45,43,40,39,37,37,0,0,0,0,0,0,0,27,27,30,33,36,38,42,43,45,46,48,52,50,53,53,53,53,57,57,58,58,60,60,62,63,63,64,63
20260729_152303_3a4d7f,1785335043129254,1678313388,0,0,0,-52,128,0,16,16,16,16,15,15,15,14,14,13,13,13,13,13,13,13,13,12,12,12,12,11,11,10,10,10,0,0,0,0,0,0,0,0,0,0,0,8,8,9,9,10,10,11,11,12,12,12,13,14,14,14,15,14,15,15,16,16,16,16,16,17,16,0,30,31,29,29,28,29,28,27,26,26,26,26,25,24,25,24,24,24,24,23,23,21,21,20,19,19,18,17,0,0,0,0,0,0,0,13,14,14,15,17,18,20,20,22,22,22,25,25,26,25,25,26,27,26,28,28,29,29,30,31,32,31,31
20260729_152303_3a4d7f,1785335043316065,1678494190,0,0,0,-52,128,0,17,16,16,16,15,15,15,14,14,14,13,13,13,13,14,13,13,13,13,13,12,12,11,11,10,10,0,0,0,0,0,0,0,0,0,0,0,8,8,9,10,10,11,12,12,12,13,13,13,14,14,14,14,15,15,15,15,16,16,16,16,17,17,0,33,32,30,31,29,30,29,28,27,26,27,27,27,26,26,26,26,25,25,25,23,23,22,21,20,20,18,17,0,0,0,0,0,0,0,13,14,15,17,18,19,20,22,22,23,25,25,25,26,26,26,27,28,28,28,29,30,30,31,31,32,33,32
20260729_152303_3a4d7f,1785335043344741,1678526938,0,0,0,-51,128,0,17,17,17,16,15,15,15,15,15,15,13,13,13,13,14,13,13,13,13,13,12,12,12,11,11,10,0,0,0,0,0,0,0,0,0,0,0,8,8,9,9,10,10,11,12,13,13,13,13,14,14,14,15,15,15,15,15,16,16,16,16,17,16,0,62,62,61,61,58,58,56,55,55,55,54,52,51,52,51,52,50,51,48,47,47,44,44,41,40,38,36,35,0,0,0,0,0,0,0,25,28,29,32,35,36,40,42,45,45,48,49,51,52,53,53,54,56,57,57,59,59,60,61,61,63,63,63
20260729_152303_3a4d7f,1785335043432232,1678614095,0,0,0,-52,128,0,18,18,17,16,16,16,16,16,15,15,15,14,14,14,14,14,14,14,14,13,13,13,13,12,11,11,0,0,0,0,0,0,0,0,0,0,0,9,9,10,11,11,12,13,13,14,14,14,14,16,16,16,16,16,16,16,17,17,17,17,17,18,18,0,63,64,62,61,58,59,58,57,55,55,54,53,54,51,53,49,53,50,50,49,47,44,44,43,40,38,38,36,0,0,0,0,0,0,0,27,29,30,32,35,38,42,42,45,47,48,53,52,52,54,55,55,57,56,59,59,61,61,63,63,64,63,62
20260729_152303_3a4d7f,1785335043544313,1678727437,0,0,0,-52,128,0,18,18,17,16,17,16,16,15,15,15,15,14,14,14,14,15,14,14,14,14,13,12,11,11,11,11,0,0,0,0,0,0,0,0,0,0,0,9,9,9,10,11,12,12,13,13,14,14,15,15,15,16,15,16,16,16,17,17,17,17,18,18,18,0,32,32,31,31,30,29,29,28,27,27,26,26,26,27,26,26,26,25,25,24,23,22,22,21,20,20,19,19,0,0,0,0,0,0,0,14,13,15,16,17,19,20,21,23,23,24,25,26,26,27,27,27,28,28,29,29,31,31,31,31,32,33,32
20260729_152303_3a4d7f,1785335043627601,1678811760,0,0,0,-52,128,0,16,16,16,15,15,15,14,14,14,14,14,14,13,13,13,14,13,13,13,13,13,11,11,11,11,10,0,0,0,0,0,0,0,0,0,0,0,8,9,9,10,11,11,11,12,13,13,14,14,14,14,14,14,14,14,15,16,15,17,16,17,17,17,0,61,61,61,61,57,58,56,55,53,55,53,52,51,50,52,51,51,49,49,47,47,44,43,42,40,38,37,37,0,0,0,0,0,0,0,25,28,31,33,34,37,40,42,44,46,48,50,52,51,52,53,53,55,56,57,58,59,60,61,63,64,63,64
20260729_152303_3a4d7f,1785335043726867,1678910991,0,0,0,-52,128,0,17,17,17,16,16,16,15,15,15,15,15,15,15,15,15,14,14,14,14,14,13,13,12,12,11,11,0,0,0,0,0,0,0,0,0,0,0,8,9,10,11,11,12,13,13,13,14,14,14,14,14,15,15,15,16,16,16,16,17,17,17,17,17,0,32,32,30,31,29,29,29,28,28,28,27,27,27,26,27,26,26,25,26,25,24,23,22,21,21,20,19,19,0,0,0,0,0,0,0,13,15,16,17,18,19,20,21,22,24,25,25,25,26,27,27,27,29,28,30,29,30,30,32,32,32,32,32
20260729_152303_3a4d7f,1785335043837664,1679016610,0,0,0,-52,128,0,17,15,15,15,14,14,14,14,14,14,13,13,13,13,13,13,13,13,13,11,11,11,11,10,10,10,0,0,0,0,0,0,0,0,0,0,0,7,8,8,9,10,10,11,11,12,13,13,13,13,13,13,13,14,14,15,15,16,16,16,16,17,17,0,63,61,60,61,58,58,56,54,53,53,52,52,50,52,51,51,50,48,48,48,46,44,43,40,39,38,36,34,0,0,0,0,0,0,0,25,26,28,32,34,37,39,41,44,45,47,49,50,51,52,53,55,55,55,56,59,59,59,60,60,61,63,63
20260729_152303_3a4d7f,1785335043932022,1679113528,0,0,0,-52,128,0,16,16,16,16,15,15,14,14,14,14,14,13,13,13,13,13,13,12,12,12,11,11,10,10,10,9,0,0,0,0,0,0,0,0,0,0,0,7,8,9,9,10,10,11,12,12,13,12,13,13,13,13,13,14,14,15,15,16,16,16,16,16,16,0,61,62,61,59,57,58,55,55,53,53,53,52,51,50,52,50,51,48,48,46,46,45,43,40,39,37,37,35,0,0,0,0,0,0,0,25,27,28,31,34,36,39,40,43,44,47,50,51,51,53,52,53,55,54,57,58,59,59,61,62,63,63,62
20260729_152303_3a4d7f,1785335044036722,1679216144,0,0,0,-52,128,0,17,17,16,16,16,15,15,15,15,15,15,14,14,14,14,14,14,14,14,13,13,13,12,11,11,11,0,0,0,0,0,0,0,0,0,0,0,8,9,10,10,11,12,12,13,13,13,14,14,14,14,15,15,15,15,15,16,16,17,17,17,17,17,0,32,31,32,30,30,29,28,28,28,27,28,26,26,26,26,26,25,26,25,25,24,22,22,21,21,20,19,18,0,0,0,0,0,0,0,13,15,16,16,17,19,19,21,22,24,25,24,26,26,26,26,28,28,29,28,29,29,30,30,30,31,32,31
20260729_152303_3a4d7f,1785335044211309,1679388768,0,0,0,-51,128,0,18,18,17,16,16,16,16,16,15,15,15,14,14,14,15,14,14,13,13,13,13,13,13,12,11,11,0,0,0,0,0,0,0,0,0,0,0,9,9,10,10,11,12,13,13,14,14,14,14,15,15,15,16,16,16,16,17,17,17,17,17,18,18,0,63,64,63,62,59,59,57,57,54,56,54,53,53,52,52,51,51,50,51,48,47,46,43,43,40,39,37,37,0,0,0,0,0,0,0,27,29,30,32,36,38,40,42,45,47,48,51,51,52,54,54,54,56,58,58,60,61,62,62,63,64,63,64
20260729_152303_3a4d7f,1785335044240768,1679415120,0,0,0,-52,128,0,17,17,17,16,16,15,16,15,15,15,15,14,15,14,14,14,14,14,14,13,13,13,12,11,11,11,0,0,0,0,0,0,0,0,0,0,0,9,9,10,11,11,12,13,14,14,14,14,14,14,14,15,15,15,15,16,17,16,17,17,17,17,17,0,63,63,62,61,59,58,56,56,54,54,55,52,52,52,51,52,51,52,50,47,47,45,43,41,40,39,37,36,0,0,0,0,0,0,0,26,29,31,33,35,39,40,45,44,46,49,50,51,52,53,53,54,57,57,57,59,60,61,61,63,63,65,62
20260729_152303_3a4d7f,1785335044327693,1679512156,0,0,0,-52,128,0,17,16,16,16,15,15,15,14,14,14,13,13,13,13,13,13,13,13,12,12,12,12,11,11,9,9,0,0,0,0,0,0,0,0,0,0,0,7,8,9,9,9,10,11,12,12,13,13,13,14,14,14,14,15,15,15,15,16,16,16,16,16,16,0,31,30,30,30,29,28,28,27,26,27,27,25,25,25,25,25,25,25,24,24,23,21,21,20,18,19,18,17,0,0,0,0,0,0,0,13,13,14,15,17,17,19,20,21,23,23,23,25,25,26,25,27,27,27,28,29,29,29,30,30,32,31,32
20260729_152303_3a4d7f,1785335044448019,1679611903,0,0,0,-51,128,0,16,16,16,16,15,15,14,13,13,13,14,13,13,13,13,13,13,13,12,12,11,11,11,10,10,10,0,0,0,0,0,0,0,0,0,0,0,8,8,8,9,10,10,11,12,12,12,13,13,13,13,13,14,14,15,15,15,16,16,16,16,17,16,0,62,62,61,60,60,59,56,55,53,55,53,52,51,52,50,49,50,48,49,47,45,43,43,41,38,38,36,35,0,0,0,0,0,0,0,27,29,30,32,34,38,40,42,45,46,47,48,51,52,53,53,54,55,56,57,58,59,59,62,62,63,63,65
20260729_152303_3a4d7f,1785335044529715,1679712554,0,0,0,-51,128,0,17,17,17,16,16,16,15,15,16,15,15,14,14,15,14,15,14,14,13,13,13,13,12,11,11,11,0,0,0,0,0,0,0,0,0,0,0,9,9,10,11,11,12,12,13,14,14,14,14,14,14,15,15,15,15,17,17,17,17,17,17,17,17,0,63,63,62,60,58,58,57,56,55,57,56,53,52,52,53,52,53,51,49,49,47,46,44,42,40,38,37,36,0,0,0,0,0,0,0,27,28,31,33,37,38,42,42,45,47,49,51,52,53,53,54,54,58,57,58,58,61,61,63,64,63,63,63
20260729_152303_3a4d7f,1785335044637205,1679811907,0,0,0,-52,128,0,16,16,16,15,15,15,14,14,14,13,13,13,13,14,13,13,13,13,12,12,12,11,11,10,10,10,0,0,0,0,0,0,0,0,0,0,0,8,9,9,9,10,10,11,12,12,13,13,13,14,14,14,14,14,14,15,15,16,16,16,16,16,16,0,30,30,30,29,29,28,28,26,26,26,26,26,26,26,25,25,25,25,24,23,22,22,21,20,20,19,18,18,0,0,0,0,0,0,0,12,14,15,16,16,18,19,21,22,22,23,24,25,26,25,26,27,27,28,28,29,29,30,29,30,31,31,31
20260729_152303_3a4d7f,1785335044732757,1679912463,0,0,0,-51,128,0,16,16,16,16,15,15,14,14,14,14,14,13,13,13,13,12,13,12,12,12,11,11,11,10,10,9,0,0,0,0,0,0,0,0,0,0,0,8,8,9,9,10,10,11,12,12,13,13,13,14,14,14,15,14,15,15,15,15,16,16,16,17,16,0,31,30,30,30,29,29,27,27,27,27,26,25,25,24,25,26,25,25,25,23,23,22,21,20,19,18,18,17,0,0,0,0,0,0,0,13,13,14,15,17,19,19,20,21,22,24,25,25,26,26,26,27,28,28,28,29,30,30,30,31,31,31,31
20260729_152303_3a4d7f,1785335044832318,1680014868,0,0,0,-51,128,0,17,17,17,16,16,16,16,15,15,15,15,14,14,14,14,14,14,13,13,13,12,12,12,11,11,11,0,0,0,0,0,0,0,0,0,0,0,9,9,9,10,11,11,12,12,13,14,14,14,15,15,15,15,15,16,16,16,16,17,17,17,18,17,0,32,32,32,31,30,30,29,29,27,28,27,27,26,26,26,26,25,26,25,25,24,22,21,20,20,20,18,18,0,0,0,0,0,0,0,13,14,15,16,18,19,21,21,22,23,25,25,25,27,27,27,28,28,28,28,30,31,31,31,31,32,32,32
20260729_152303_3a4d7f,1785335044929804,1680112230,0,0,0,-52,128,0,16,16,16,16,16,16,15,15,15,15,15,14,14,14,14,14,14,14,13,13,12,14,11,11,11,10,0,0,0,0,0,0,0,0,0,0,0,8,9,9,10,11,11,11,13,13,13,14,14,14,14,15,15,16,15,16,16,16,17,17,17,17,17,0,62,62,60,62,59,58,55,55,55,54,55,53,51,53,53,52,52,51,48,45,51,47,42,40,43,40,35,36,0,0,0,0,0,0,0,25,28,30,34,34,38,40,43,44,46,49,48,51,52,53,54,54,55,58,57,60,59,60,62,62,61,63,63
20260729_152303_3a4d7f,1785335045066219,1680244639,0,0,0,-52,128,0,17,17,16,16,16,16,16,15,15,15,15,14,14,14,14,14,13,13,14,13,13,13,12,12,11,11,0,0,0,0,0,0,0,0,0,0,0,9,9,10,10,11,12,12,13,14,14,14,14,14,14,16,16,16,16,16,16,16,16,16,17,17,17,0,31,31,31,30,29,29,28,27,28,28,27,26,26,27,26,27,25,26,25,25,24,23,22,21,21,20,18,18,0,0,0,0,0,0,0,14,14,15,17,17,18,20,22,23,24,25,25,26,27,27,27,28,28,29,28,29,30,30,31,31,31,31,32
20260729_152303_3a4d7f,1785335045141177,1680321670,0,0,0,-52,128,0,16,16,16,16,15,15,15,15,14,14,14,14,14,13,13,13,13,13,13,12,12,12,11,11,10,10,0,0,0,0,0,0,0,0,0,0,0,7,8,8,9,11,11,11,13,13,13,13,13,14,14,14,14,15,15,15,16,16,16,16,16,17,17,0,64,61,61,61,58,58,56,55,54,54,54,53,51,52,51,51,49,51,50,48,47,44,43,41,40,40,36,36,0,0,0,0,0,0,0,25,27,31,32,34,37,39,42,46,46,48,49,51,50,53,55,54,54,57,56,59,59,59,61,63,61,63,62
20260729_152303_3a4d7f,1785335045230984,1680413203,0,0,0,-52,128,0,17,17,17,17,16,16,16,15,15,15,15,15,15,15,15,14,15,14,14,13,13,13,12,12,11,11,0,0,0,0,0,0,0,0,0,0,0,8,9,10,11,11,12,12,13,13,14,14,15,15,15,15,16,16,16,16,17,17,17,17,17,18,17,0,31,33,31,31,30,31,28,28,27,28,28,27,26,26,27,26,26,26,26,25,24,23,22,22,20,20,19,19,0,0,0,0,0,0,0,13,14,15,16,18,19,21,21,23,23,24,25,26,26,27,27,26,29,29,29,31,31,32,31,32,33,33,32
20260729_152303_3a4d7f,1785335045328014,1680510334,0,0,0,-51,128,0,17,17,17,16,16,15,15,15,14,14,14,13,13,13,14,14,13,13,13,13,12,12,11,11,10,10,0,0,0,0,0,0,0,0,0,0,0,8,8,9,10,11,12,12,13,13,13,13,14,14,14,14,14,15,15,16,16,16,16,16,17,17,17,0,63,63,62,60,58,59,58,57,55,55,53,53,52,52,52,51,51,50,48,48,48,45,44,41,40,39,37,35,0,0,0,0,0,0,0,26,29,30,33,35,38,40,44,44,47,49,51,51,53,54,54,55,55,57,58,59,60,62,62,63,64,65,64
20260729_152303_3a4d7f,1785335045431252,1680610938,0,0,0,-51,128,0,16,16,16,16,15,15,14,14,14,14,14,13,13,13,13,13,13,13,12,12,12,11,11,10,10,10,0,0,0,0,0,0,0,0,0,0,0,7,8,9,9,10,11,11,12,12,13,13,13,14,14,14,14,14,14,15,15,16,16,16,16,16,16,0,31,30,30,30,29,29,28,28,26,26,27,25,25,25,25,25,25,25,24,24,23,21,21,20,19,19,18,17,0,0,0,0,0,0,0,13,13,14,15,17,17,19,20,21,22,23,24,25,26,25,27,27,28,28,29,29,30,30,30,31,31,32,32
20260729_152303_3a4d7f,1785335045530699,1680714002,0,0,0,-52,128,0,16,16,16,16,16,15,16,14,15,15,14,14,14,14,14,13,14,13,14,14,12,14,12,11,10,11,0,0,0,0,0,0,0,0,0,0,0,8,9,9,10,11,11,12,12,13,14,14,13,14,14,15,15,15,15,15,16,16,17,17,17,17,17,0,65,61,63,59,59,59,56,54,54,55,54,52,52,54,51,53,51,48,50,52,49,48,38,43,38,38,36,36,0,0,0,0,0,0,0,25,28,30,34,33,38,39,43,45,46,50,48,50,52,52,54,56,54,57,56,59,59,60,62,60,62,63,65
20260729_152303_3a4d7f,1785335045628139,1680811175,0,0,0,-52,128,0,17,17,17,17,16,16,16,15,16,15,15,15,14,14,14,14,14,14,14,14,13,13,12,11,11,11,0,0,0,0,0,0,0,0,0,0,0,9,9,10,10,11,11,13,13,13,14,14,14,15,15,15,16,16,16,16,16,17,17,17,18,18,17,0,63,62,63,59,60,59,56,56,55,54,54,53,53,52,51,52,51,51,49,49,47,46,44,43,41,40,37,37,0,0,0,0,0,0,0,25,29,31,33,35,38,41,42,43,46,50,49,51,52,54,55,55,56,57,56,60,59,60,61,61,63,64,64
20260729_152303_3a4d7f,1785335045728878,1680912009,0,0,0,-52,128,0,16,16,15,15,15,14,14,14,14,14,14,13,13,13,13,13,13,13,12,12,11,11,11,10,10,9,0,0,0,0,0,0,0,0,0,0,0,7,8,9,9,10,11,11,11,12,13,13,13,14,14,14,14,14,14,15,15,15,16,16,16,17,17,0,62,61,60,59,59,58,57,55,54,53,53,53,51,52,50,51,49,49,48,47,46,44,42,40,39,38,35,35,0,0,0,0,0,0,0,26,27,28,32,34,39,40,42,43,45,48,49,51,51,53,54,54,54,57,57,59,57,60,62,63,62,64,63
20260729_152303_3a4d7f,1785335045830744,1681012154,0,0,0,-51,128,0,16,16,15,15,15,15,14,14,14,14,14,13,13,13,13,13,13,13,12,12,12,11,11,10,10,10,0,0,0,0,0,0,0,0,0,0,0,7,8,9,9,10,10,11,12,12,13,13,13,13,14,14,14,14,14,15,15,15,16,16,16,16,16,0,30,32,31,29,29,29,28,28,27,27,26,26,26,25,25,25,25,25,24,23,23,21,21,20,19,19,17,17,0,0,0,0,0,0,0,13,14,15,15,16,18,19,20,22,23,24,25,25,25,26,26,26,27,27,28,29,29,30,30,30,31,31,31
20260729_152303_3a4d7f,1785335045929694,1681114234,0,0,0,-51,128,0,17,16,16,16,15,15,15,14,14,14,14,14,14,13,14,14,14,13,13,12,12,11,11,11,10,10,0,0,0,0,0,0,0,0,0,0,0,8,8,9,9,10,11,12,13,13,13,13,13,14,14,14,14,15,15,15,16,16,16,16,16,17,16,0,30,31,30,30,29,30,28,27,27,28,27,26,26,25,26,26,26,24,24,23,23,21,22,21,20,18,18,18,0,0,0,0,0,0,0,13,14,16,16,18,18,21,20,22,23,24,25,26,25,27,27,26,29,28,29,30,30,31,30,31,32,32,32
20260729_152303_3a4d7f,1785335046028224,1681211728,0,0,0,-51,128,0,16,17,17,16,16,16,15,14,14,14,14,14,13,14,13,14,13,13,13,12,12,12,11,11,10,9,0,0,0,0,0,0,0,0,0,0,0,7,8,9,10,10,11,12,13,12,13,13,13,14,14,14,14,15,15,15,16,15,16,16,17,16,17,0,30,30,30,30,27,29,28,28,26,27,28,25,25,26,25,25,25,25,24,22,22,21,21,20,19,18,18,17,0,0,0,0,0,0,0,12,13,14,16,17,18,20,20,22,23,24,24,25,24,26,27,26,28,28,27,30,29,29,30,31,30,30,32
20260729_152303_3a4d7f,1785335046154698,1681337451,0,0,0,-51,128,0,17,17,16,16,16,15,15,15,15,15,15,14,14,14,14,14,14,14,14,14,12,12,12,11,11,10,0,0,0,0,0,0,0,0,0,0,0,8,9,10,10,11,12,12,13,13,14,14,14,15,16,15,16,16,16,16,17,17,16,18,18,17,17,0,33,29,33,31,29,29,29,29,27,28,27,28,25,25,27,25,25,24,25,24,24,23,22,21,19,19,19,17,0,0,0,0,0,0,0,13,13,16,16,18,19,21,21,23,25,25,25,28,27,27,26,27,28,30,29,31,30,32,30,30,34,32,31
20260729_152303_3a4d7f,1785335046241815,1681426144,0,0,0,-52,128,0,17,17,17,16,16,16,15,16,15,15,15,15,15,15,14,14,14,14,13,12,13,13,11,11,11,11,0,0,0,0,0,0,0,0,0,0,0,8,9,9,10,12,12,12,13,13,14,14,15,15,15,15,15,16,16,17,17,17,17,17,18,18,17,0,63,64,63,61,59,60,58,57,55,55,54,55,53,52,52,52,51,51,51,49,50,46,45,40,45,41,37,34,0,0,0,0,0,0,0,27,29,31,33,36,38,41,43,45,48,50,52,51,53,54,55,54,57,58,59,60,60,62,62,62,63,65,63
20260729_152303_3a4d7f,1785335046329647,1681511419,0,0,0,-52,128,0,16,16,16,15,15,15,14,14,14,14,14,13,13,13,13,13,13,13,13,12,12,11,11,10,10,10,0,0,0,0,0,0,0,0,0,0,0,7,8,8,9,10,11,11,12,12,13,13,13,14,14,14,14,14,14,15,15,15,16,16,16,16,16,0,31,31,31,30,30,29,28,27,27,27,26,26,25,25,25,25,25,24,24,23,23,22,21,20,20,18,17,17,0,0,0,0,0,0,0,12,13,15,16,17,18,19,20,22,22,23,25,25,25,26,26,27,27,27,28,29,30,29,31,31,32,32,31
20260729_152303_3a4d7f,1785335046432062,1681613775,0,0,0,-52,128,0,16,17,16,16,16,15,15,15,14,14,14,13,13,13,14,14,14,14,13,13,12,11,11,11,10,10,0,0,0,0,0,0,0,0,0,0,0,8,8,9,9,11,11,11,12,13,13,13,13,14,14,14,16,16,16,15,16,16,16,17,17,17,17,0,64,62,63,61,59,59,55,55,55,54,54,53,51,52,51,50,49,51,49,47,47,43,43,41,38,37,37,36,0,0,0,0,0,0,0,24,27,30,33,34,37,40,42,44,47,48,48,51,52,54,53,55,57,57,57,60,60,61,62,61,64,65,64
20260729_152303_3a4d7f,1785335046529005,1681713519,0,0,0,-51,128,0,16,16,16,16,15,15,14,14,14,14,14,13,13,13,13,13,13,13,12,12,11,11,10,10,10,9,0,0,0,0,0,0,0,0,0,0,0,7,8,9,9,10,10,11,11,12,12,13,13,13,14,14,14,14,14,15,15,16,16,16,16,16,17,0,31,30,29,30,29,28,28,27,27,27,26,25,25,25,25,24,24,23,24,23,22,21,20,19,19,19,17,17,0,0,0,0,0,0,0,13,14,14,15,17,18,20,20,21,23,24,25,25,26,25,26,27,27,27,28,28,28,29,30,31,30,32,31
20260729_152303_3a4d7f,1785335046669040,1681853650,0,0,0,-52,128,0,16,16,16,16,15,14,14,14,14,14,14,13,14,14,13,13,13,13,13,12,11,12,11,11,10,10,0,0,0,0,0,0,0,0,0,0,0,8,8,9,10,11,11,11,13,13,13,13,14,14,14,14,14,15,15,15,15,16,16,16,16,16,16,0,61,62,62,61,59,59,58,54,55,56,53,53,51,50,51,49,51,49,49,49,48,44,44,35,39,36,36,34,0,0,0,0,0,0,0,26,30,30,33,35,38,40,42,45,47,48,50,52,51,52,53,52,55,57,57,59,59,62,60,62,64,62,62
20260729_152303_3a4d7f,1785335046730350,1681911315,0,0,0,-51,128,0,17,17,17,17,16,16,15,15,15,15,15,14,14,14,14,14,14,14,13,13,13,12,12,11,11,10,0,0,0,0,0,0,0,0,0,0,0,9,9,10,10,11,12,12,13,13,14,14,15,15,15,15,15,15,16,16,16,16,17,17,17,17,17,0,32,31,31,30,30,30,28,28,28,28,28,26,26,27,27,27,25,27,25,25,24,23,21,21,20,20,18,18,0,0,0,0,0,0,0,14,15,16,16,17,19,20,22,23,24,25,25,26,27,27,27,28,28,29,29,30,30,31,31,31,32,32,33
20260729_152303_3a4d7f,1785335046829126,1682011856,0,0,0,-51,128,0,16,16,15,15,15,15,14,14,14,14,14,13,13,13,13,13,13,13,12,12,11,11,11,10,10,10,0,0,0,0,0,0,0,0,0,0,0,7,8,9,9,10,10,11,12,12,13,13,14,13,13,14,14,14,14,15,15,15,15,15,16,17,16,0,64,60,60,58,60,58,56,55,53,53,54,52,50,52,50,52,49,50,49,46,45,43,42,40,38,40,35,35,0,0,0,0,0,0,0,26,29,29,32,34,38,37,43,43,46,47,49,50,51,53,52,55,54,58,55,60,59,61,60,61,64,64,62
20260729_152303_3a4d7f,1785335046928573,1682111867,0,0,0,-51,128,0,15,17,16,15,15,14,14,13,14,14,14,13,13,14,13,13,13,13,13,12,12,11,11,11,11,10,0,0,0,0,0,0,0,0,0,0,0,8,8,8,10,11,11,11,12,12,13,13,13,13,13,13,14,14,14,16,16,16,16,16,17,17,17,0,63,62,61,59,59,59,57,55,55,54,54,52,51,53,50,51,50,50,48,48,47,44,42,42,40,39,36,35,0,0,0,0,0,0,0,26,28,30,33,34,38,40,41,44,45,49,49,50,52,53,54,55,55,56,56,59,60,60,63,62,62,63,65
20260729_152303_3a4d7f,1785335047028866,1682211866,0,0,0,-51,128,0,17,17,16,16,15,15,15,15,14,14,14,13,13,14,14,14,14,13,13,12,12,11,11,11,10,10,0,0,0,0,0,0,0,0,0,0,0,8,8,9,9,11,11,11,13,13,13,13,14,14,14,14,16,15,16,15,16,16,16,16,16,18,16,0,63,62,60,61,58,59,56,55,54,54,54,52,51,51,51,50,51,50,49,47,45,45,43,40,40,39,36,35,0,0,0,0,0,0,0,25,28,30,33,34,37,40,43,45,47,48,50,52,51,53,54,53,57,55,59,59,60,60,62,63,63,63,63
20260729_152303_3a4d7f,1785335047129239,1682311910,0,0,0,-52,128,0,16,16,16,15,15,15,14,14,14,14,14,13,13,13,13,13,12,13,12,12,12,11,11,10,10,10,0,0,0,0,0,0,0,0,0,0,0,8,9,9,10,10,11,11,12,12,13,13,13,14,14,14,14,15,14,16,15,16,16,16,16,17,17,0,31,31,30,30,29,29,28,27,26,27,26,25,26,25,25,25,25,24,25,23,23,21,21,20,18,18,17,17,0,0,0,0,0,0,0,13,14,15,16,17,18,19,20,22,22,24,24,24,25,26,26,27,27,28,28,29,30,30,30,30,31,31,31
20260729_152303_3a4d7f,1785335047227608,1682411516,0,0,0,-52,128,0,16,16,16,16,15,15,15,14,14,14,13,13,13,13,13,13,13,13,13,13,12,12,11,10,10,9,0,0,0,0,0,0,0,0,0,0,0,8,8,9,9,10,10,11,12,12,13,13,13,14,14,14,14,15,15,15,16,16,16,16,16,16,16,0,31,30,30,29,29,28,28,27,27,26,26,25,26,27,26,26,24,25,25,24,23,22,21,21,19,20,17,17,0,0,0,0,0,0,0,13,14,15,16,17,19,20,21,21,23,24,24,25,26,26,27,27,26,28,27,29,29,29,30,30,32,31,32
20260729_152303_3a4d7f,1785335047331570,1682513001,0,0,0,-51,128,0,16,16,16,16,14,15,14,14,14,14,14,13,13,13,13,13,13,13,12,12,12,11,11,10,10,10,0,0,0,0,0,0,0,0,0,0,0,7,8,9,9,10,11,11,12,12,13,13,13,13,14,13,14,14,15,15,15,15,15,16,16,16,16,0,32,31,29,31,28,28,28,27,27,27,27,26,25,25,26,25,25,25,24,23,23,21,21,20,19,19,18,17,0,0,0,0,0,0,0,12,13,14,16,17,18,20,20,22,23,24,25,25,25,26,26,26,28,27,28,28,29,29,29,32,32,32,31
20260729_152303_3a4d7f,1785335047432129,1682611955,0,0,0,-52,128,0,17,17,17,16,16,16,16,15,14,15,14,14,14,14,13,13,13,13,13,13,12,12,12,11,11,11,0,0,0,0,0,0,0,0,0,0,0,8,9,9,11,11,11,12,13,13,14,14,15,14,15,15,15,16,16,16,17,17,17,17,17,18,17,0,63,61,62,59,60,60,57,57,55,56,54,52,53,52,52,52,49,50,50,48,45,44,42,40,39,38,35,36,0,0,0,0,0,0,0,26,27,30,33,34,37,40,43,45,47,49,49,52,51,53,52,55,54,57,57,60,59,61,62,60,62,64,65
20260729_152303_3a4d7f,1785335047531359,1682711610,0,0,0,-51,128,0,16,16,15,15,15,14,14,13,13,14,14,13,13,13,13,13,13,13,12,12,12,11,11,10,10,10,0,0,0,0,0,0,0,0,0,0,0,7,8,8,9,10,11,11,12,13,12,12,13,13,13,14,14,14,14,15,15,15,15,16,16,16,16,0,31,31,29,30,28,28,28,27,27,27,25,25,25,24,26,24,25,25,24,22,22,22,21,20,19,19,17,17,0,0,0,0,0,0,0,12,14,14,16,17,18,19,21,21,22,24,25,26,26,26,26,27,28,27,28,28,29,30,31,31,31,31,30
20260729_152303_3a4d7f,1785335047629756,1682811259,0,0,0,-51,128,0,17,17,17,17,16,15,15,15,15,14,14,14,14,14,14,14,14,14,14,12,12,12,11,11,11,10,0,0,0,0,0,0,0,0,0,0,0,8,8,10,11,11,11,12,13,13,13,14,14,15,15,15,15,16,16,16,16,17,17,17,17,18,17,0,64,63,63,60,60,58,57,56,55,55,55,52,52,53,51,52,50,51,50,47,47,44,43,42,40,40,37,36,0,0,0,0,0,0,0,26,28,30,33,35,38,40,44,44,47,49,50,51,54,55,54,55,56,58,57,59,61,62,63,62,62,64,65
20260729_152303_3a4d7f,1785335047731917,1682911691,0,0,0,-51,128,0,16,16,16,16,16,16,14,14,14,14,14,13,13,13,13,13,13,13,12,12,12,11,11,11,10,10,0,0,0,0,0,0,0,0,0,0,0,7,8,9,9,10,11,11,12,12,13,13,13,14,13,14,14,14,14,15,15,15,16,16,16,16,16,0,32,32,29,30,28,29,28,27,27,28,27,25,25,24,26,25,25,24,24,24,23,22,21,20,19,19,18,17,0,0,0,0,0,0,0,12,13,14,15,17,18,20,20,21,23,24,25,26,26,26,26,26,28,28,29,29,29,29,30,31,31,31,31
20260729_152303_3a4d7f,1785335047831052,1683011821,0,0,0,-52,128,0,16,16,16,16,15,15,14,14,14,14,14,14,14,14,14,13,13,13,13,13,12,12,11,11,10,10,0,0,0,0,0,0,0,0,0,0,0,8,9,9,9,10,11,12,12,13,13,13,13,13,14,14,14,14,15,15,15,15,16,16,16,16,16,0,30,31,30,30,29,29,28,27,28,27,26,26,25,25,27,25,25,24,25,24,23,22,22,21,20,18,18,17,0,0,0,0,0,0,0,13,14,14,15,17,18,20,21,22,23,24,25,25,25,26,27,27,27,27,28,28,29,30,30,31,30,31,31
20260729_152303_3a4d7f,1785335047930901,1683111926,0,0,0,-51,128,0,17,17,17,16,16,16,16,15,15,15,15,14,14,14,14,14,14,14,13,13,13,12,12,11,11,11,0,0,0,0,0,0,0,0,0,0,0,8,9,9,10,11,11,12,13,13,14,14,14,15,15,15,15,16,15,16,16,17,17,17,17,17,17,0,32,31,32,30,30,29,28,29,27,27,28,27,27,26,25,26,25,26,25,24,23,22,22,21,20,19,18,18,0,0,0,0,0,0,0,13,15,15,17,17,19,20,22,23,24,25,25,26,26,27,27,28,28,29,29,31,31,31,31,31,32,32,31
20260729_152303_3a4d7f,1785335048030286,1683211470,0,0,0,-52,128,0,16,16,15,16,15,15,14,14,14,14,13,13,13,13,13,13,13,12,12,12,12,11,11,11,10,9,0,0,0,0,0,0,0,0,0,0,0,8,8,9,10,11,11,12,12,12,13,13,13,14,14,14,14,14,15,15,15,15,16,16,16,16,16,0,62,62,61,59,57,57,56,54,55,53,52,52,51,53,51,50,50,49,48,47,46,45,43,40,40,38,36,35,0,0,0,0,0,0,0,25,28,31,31,34,36,39,41,45,46,49,50,50,52,52,54,56,56,55,56,57,59,61,62,62,61,64,62
20260729_152303_3a4d7f,1785335048130895,1683311707,0,0,0,-52,128,0,16,16,16,16,15,15,14,14,14,14,14,13,13,13,13,13,13,13,13,12,12,12,11,11,10,10,0,0,0,0,0,0,0,0,0,0,0,8,8,9,9,10,11,12,12,13,13,14,14,14,14,14,15,14,15,14,15,16,16,17,17,17,17,0,63,62,61,61,57,58,55,54,55,55,55,52,50,51,51,51,50,48,48,46,47,44,42,41,39,38,36,35,0,0,0,0,0,0,0,26,27,30,30,36,36,39,42,46,48,49,50,51,51,52,52,54,56,56,57,58,58,60,61,63,63,63,63
20260729_152303_3a4d7f,1785335048229076,1683412808,0,0,0,-52,128,0,17,17,17,17,16,15,15,15,15,15,15,14,14,14,14,14,14,13,13,13,13,12,12,11,11,11,0,0,0,0,0,0,0,0,0,0,0,9,9,10,10,11,12,12,13,13,14,14,14,14,14,15,15,16,16,16,16,16,17,17,17,17,17,0,32,31,31,31,29,29,28,28,27,28,27,26,26,26,26,26,25,25,25,24,23,23,22,21,20,19,18,18,0,0,0,0,0,0,0,13,15,16,17,18,19,20,21,23,24,25,26,26,26,27,28,27,28,28,30,29,30,30,31,32,32,32,32
20260729_152303_3a4d7f,1785335048329871,1683512036,0,0,0,-52,128,0,17,17,16,16,16,16,15,15,15,15,15,14,14,14,14,14,14,14,13,13,13,12,12,11,11,11,0,0,0,0,0,0,0,0,0,0,0,9,9,9,10,11,12,12,13,13,14,14,14,14,15,15,15,15,15,16,16,16,17,17,17,17,17,0,31,32,31,31,29,29,29,28,28,27,27,27,26,27,27,26,26,25,25,24,23,22,22,20,20,20,19,18,0,0,0,0,0,0,0,14,15,16,16,18,19,20,21,23,24,25,25,26,27,26,27,27,29,28,29,29,30,31,30,31,31,32,31
20260729_152303_3a4d7f,1785335048432109,1683613665,0,0,0,-51,128,0,17,16,17,16,15,15,15,15,15,14,14,14,14,14,14,14,14,14,14,13,13,12,11,11,10,10,0,0,0,0,0,0,0,0,0,0,0,8,9,9,10,10,12,12,13,13,13,14,14,15,15,15,15,15,15,16,16,16,16,16,16,17,17,0,60,63,60,60,58,58,55,55,53,57,54,51,52,51,53,51,51,50,49,48,47,45,45,43,40,38,38,37,0,0,0,0,0,0,0,28,29,31,32,37,37,41,42,46,48,49,51,52,52,52,53,53,58,56,59,58,59,61,61,63,63,63,63
20260729_152303_3a4d7f,1785335048536638,1683713354,0,0,0,-52,128,0,16,16,16,16,15,15,14,14,14,14,14,13,13,13,13,13,12,12,12,12,11,11,11,10,10,9,0,0,0,0,0,0,0,0,0,0,0,7,8,9,9,9,10,11,11,12,13,13,14,13,14,14,14,14,15,15,15,15,16,16,16,16,16,0,31,30,30,29,28,29,28,27,27,27,26,26,25,25,25,25,25,24,24,23,22,22,20,20,19,19,18,17,0,0,0,0,0,0,0,13,13,15,16,17,18,19,21,23,23,23,24,25,26,25,26,26,28,27,28,28,29,29,30,31,31,31,31
20260729_152303_3a4d7f,1785335048627718,1683811705,0,0,0,-52,128,0,17,16,16,16,16,16,15,15,14,15,15,13,13,14,14,14,14,14,13,13,12,12,11,11,11,11,0,0,0,0,0,0,0,0,0,0,0,9,9,9,10,11,11,11,12,13,13,13,13,14,14,14,15,15,16,16,16,16,17,17,17,17,17,0,62,62,61,59,60,59,56,55,54,55,54,52,52,52,53,52,49,51,50,48,46,44,43,42,40,39,36,36,0,0,0,0,0,0,0,26,29,31,34,35,37,41,43,45,47,48,50,52,52,53,53,54,56,57,57,59,60,60,60,61,64,63,63
20260729_152303_3a4d7f,1785335048730239,1683913250,0,0,0,-51,128,0,17,17,17,16,16,15,15,16,15,15,15,14,14,14,14,14,14,13,13,13,12,12,12,11,11,11,0,0,0,0,0,0,0,0,0,0,0,9,9,9,10,11,11,12,13,13,14,14,15,15,15,16,16,16,16,16,16,16,16,17,17,17,17,0,33,32,31,30,30,30,29,28,27,28,28,27,26,26,25,25,25,25,25,25,24,22,21,21,20,20,18,19,0,0,0,0,0,0,0,13,14,15,16,19,20,21,21,23,24,24,25,26,26,28,27,28,28,28,29,30,30,31,31,31,32,32,31
20260729_152303_3a4d7f,1785335048828254,1684011854,0,0,0,-51,128,0,17,17,17,17,16,16,15,15,15,15,15,14,14,15,15,15,15,14,14,14,13,13,12,12,12,10,0,0,0,0,0,0,0,0,0,0,0,9,9,10,11,11,11,12,13,13,14,14,14,14,15,15,15,15,16,16,16,17,17,17,17,17,17,0,32,31,32,30,30,30,28,28,27,27,28,27,27,27,26,26,25,26,25,24,24,22,22,21,20,20,18,18,0,0,0,0,0,0,0,14,15,16,17,18,20,20,22,23,24,25,25,26,27,26,27,28,28,29,29,30,30,31,31,32,31,32,33
20260729_152303_3a4d7f,1785335048933420,1684113180,0,0,0,-51,128,0,16,16,16,16,15,15,14,14,14,14,13,13,13,13,13,13,13,13,13,13,11,11,11,10,10,10,0,0,0,0,0,0,0,0,0,0,0,7,8,9,9,10,11,11,12,13,13,13,13,14,14,14,14,14,15,15,15,15,16,16,16,16,16,0,62,62,61,59,59,58,57,55,53,54,55,52,51,51,51,51,50,50,49,47,45,43,41,41,39,38,34,36,0,0,0,0,0,0,0,26,28,29,33,35,37,39,42,44,45,47,50,51,51,52,53,54,55,57,55,60,60,59,62,61,63,63,63
20260729_152303_3a4d7f,1785335049031689,1684215129,0,0,0,-51,128,0,17,17,17,16,16,16,15,15,15,15,15,14,15,14,14,14,14,14,13,13,13,12,12,11,11,11,0,0,0,0,0,0,0,0,0,0,0,8,9,10,11,11,12,12,13,13,14,14,14,15,15,15,15,15,16,16,16,16,17,17,17,17,17,0,32,33,31,31,30,30,28,29,27,28,27,27,27,26,26,26,26,25,25,25,23,23,22,21,20,19,19,18,0,0,0,0,0,0,0,14,14,16,16,18,19,21,22,23,23,25,26,26,26,28,29,28,29,29,30,30,31,31,32,32,32,33,31
20260729_152303_3a4d7f,1785335049130265,1684311720,0,0,0,-51,128,0,16,16,16,16,16,15,15,14,14,14,14,13,13,13,13,13,12,13,13,11,10,11,10,9,9,9,0,0,0,0,0,0,0,0,0,0,0,7,8,9,9,10,11,11,12,12,13,13,13,14,14,14,14,15,15,15,15,16,16,16,16,17,16,0,32,30,30,30,28,28,28,26,27,27,27,25,27,25,25,25,25,25,21,24,21,25,21,20,18,20,17,17,0,0,0,0,0,0,0,12,14,15,16,17,18,20,21,21,23,24,25,26,25,27,26,27,27,28,28,28,29,29,30,30,31,31,31
20260729_152303_3a4d7f,1785335049232422,1684411755,0,0,0,-52,128,0,17,17,17,17,16,16,16,15,16,16,15,14,14,14,15,14,14,13,14,14,14,13,11,12,11,11,0,0,0,0,0,0,0,0,0,0,0,9,9,10,10,11,12,13,13,13,14,14,15,15,15,15,16,16,16,16,16,17,17,17,17,17,17,0,63,62,61,61,58,58,56,54,56,54,53,54,50,52,53,52,52,50,49,45,51,47,47,43,38,35,36,37,0,0,0,0,0,0,0,27,29,32,34,36,37,41,44,46,48,49,49,52,53,53,54,53,58,57,59,58,60,60,61,63,62,63,64
20260729_152303_3a4d7f,1785335049330674,1684511656,0,0,0,-51,128,0,17,16,16,16,15,15,15,15,15,14,13,13,13,13,13,13,13,13,12,12,12,11,11,10,10,10,0,0,0,0,0,0,0,0,0,0,0,8,8,9,10,10,11,11,12,12,13,14,14,14,14,15,15,15,15,15,15,16,16,16,16,17,17,0,32,30,31,30,30,28,27,27,27,27,27,25,25,25,25,25,25,25,24,23,23,22,21,20,19,19,18,17,0,0,0,0,0,0,0,12,13,15,16,17,18,19,21,22,23,25,25,25,26,26,26,27,27,28,28,30,30,30,30,31,31,32,32
20260729_152303_3a4d7f,1785335049429968,1684611745,0,0,0,-51,128,0,17,17,18,16,16,16,16,16,15,15,15,14,14,14,14,14,14,14,14,13,13,13,12,12,11,10,0,0,0,0,0,0,0,0,0,0,0,9,9,10,11,12,12,12,13,13,14,14,15,15,15,16,15,16,16,17,17,17,17,17,18,18,17,0,64,64,63,61,59,59,58,57,55,55,53,53,54,53,52,51,52,50,48,49,47,45,44,42,40,40,37,37,0,0,0,0,0,0,0,27,31,30,33,37,38,40,42,46,48,50,51,52,53,54,54,55,57,56,58,59,61,62,62,63,64,63,63
20260729_152303_3a4d7f,1785335049530738,1684712153,0,0,0,-51,128,0,17,17,17,17,16,15,15,15,15,15,15,15,15,14,14,14,13,13,13,13,13,12,11,11,11,10,0,0,0,0,0,0,0,0,0,0,0,9,9,10,10,11,11,12,13,13,14,14,14,14,14,14,15,16,16,16,17,17,17,17,17,17,17,0,63,62,62,60,59,58,56,55,54,56,55,52,51,52,51,52,50,50,49,48,46,44,43,42,40,39,37,35,0,0,0,0,0,0,0,27,29,30,33,36,38,41,43,47,48,49,50,51,51,52,55,54,58,56,57,59,60,61,62,62,63,62,64
20260729_152303_3a4d7f,1785335049632201,1684811585,0,0,0,-52,128,0,17,17,17,16,16,16,15,15,15,14,14,14,14,15,14,14,14,14,13,13,13,13,12,11,10,10,0,0,0,0,0,0,0,0,0,0,0,9,9,9,10,11,11,12,13,13,14,14,14,15,15,15,15,15,15,16,16,16,17,17,17,18,17,0,32,32,31,30,30,30,29,28,27,27,27,26,26,27,26,25,25,26,25,24,23,22,22,21,20,19,19,18,0,0,0,0,0,0,0,13,15,15,16,18,19,20,21,22,24,25,25,26,26,27,27,28,28,28,29,30,30,31,32,31,32,32,32
20260729_152303_3a4d7f,1785335049727850,1684911618,0,0,0,-51,128,0,16,16,16,16,16,15,15,14,14,14,14,14,13,13,13,14,13,13,13,13,12,12,11,11,10,9,0,0,0,0,0,0,0,0,0,0,0,7,8,9,9,10,11,11,13,13,13,14,14,14,14,15,15,15,15,16,16,16,16,16,16,17,17,0,65,61,62,61,59,58,55,54,55,54,54,52,51,52,50,50,50,50,49,48,46,44,42,41,39,38,35,36,0,0,0,0,0,0,0,25,27,31,32,34,38,40,42,45,47,49,49,51,52,54,54,54,56,56,57,58,60,60,62,63,62,62,63
20260729_152303_3a4d7f,1785335049829461,1685011675,0,0,0,-51,128,0,16,16,16,16,16,16,15,15,15,14,14,13,13,14,14,14,13,14,13,13,12,12,11,11,11,10,0,0,0,0,0,0,0,0,0,0,0,9,9,9,11,11,11,12,12,13,13,13,13,14,14,14,15,15,16,16,16,16,16,16,16,16,17,0,63,62,61,61,59,59,56,55,53,55,54,52,51,52,52,52,51,50,50,48,47,43,43,41,39,37,37,36,0,0,0,0,0,0,0,27,28,31,33,36,38,40,42,45,47,49,50,51,52,53,52,53,57,57,58,60,60,60,61,62,63,64,62
20260729_152303_3a4d7f,1785335049927601,1685111730,0,0,0,-51,128,0,17,16,16,16,16,16,15,14,14,14,14,14,14,14,14,14,13,13,13,13,13,12,12,10,10,10,0,0,0,0,0,0,0,0,0,0,0,7,9,9,10,10,11,12,12,13,14,14,14,14,14,14,14,16,15,16,16,16,16,16,17,17,17,0,65,62,61,60,59,58,56,55,55,54,54,52,52,52,51,51,51,51,50,48,47,43,43,41,39,38,37,36,0,0,0,0,0,0,0,25,27,31,34,34,39,41,44,44,48,49,50,51,53,55,54,55,55,57,57,59,61,62,61,62,62,63,63
20260729_152303_3a4d7f,1785335050029057,1685211651,0,0,0,-51,128,0,17,17,17,17,16,16,15,15,15,15,15,14,14,14,14,15,14,13,13,13,13,12,12,11,11,11,0,0,0,0,0,0,0,0,0,0,0,9,10,10,11,11,11,12,13,14,14,14,15,14,14,15,16,15,17,17,17,17,17,17,18,17,17,0,63,63,63,61,60,60,58,55,55,55,54,54,52,54,51,52,51,51,50,48,47,45,42,43,41,40,36,36,0,0,0,0,0,0,0,27,31,31,33,35,39,40,44,45,48,49,49,52,52,55,55,57,56,58,56,60,60,62,63,62,64,65,63
20260729_152303_3a4d7f,1785335050131232,1685312345,0,0,0,-51,128,0,17,17,17,17,17,16,15,15,15,15,15,14,14,14,14,14,14,14,14,13,13,12,12,12,11,11,0,0,0,0,0,0,0,0,0,0,0,8,9,10,10,11,12,13,13,13,13,15,15,15,15,15,15,16,15,17,17,17,17,17,17,18,17,0,62,66,61,60,59,59,57,56,54,57,54,54,52,51,53,50,52,50,49,49,46,45,43,41,40,38,37,37,0,0,0,0,0,0,0,28,28,30,33,36,38,42,42,44,48,48,51,51,52,54,54,54,57,54,59,59,60,62,62,64,64,64,63
20260729_152303_3a4d7f,1785335050232221,1685411824,0,0,0,-51,128,0,16,16,16,15,16,14,14,14,13,13,13,13,14,14,13,13,13,12,12,12,12,12,11,10,9,9,0,0,0,0,0,0,0,0,0,0,0,7,9,9,10,10,11,11,11,13,13,13,13,13,14,14,14,14,14,15,16,16,16,16,16,17,16,0,64,61,61,59,59,57,57,55,55,52,53,52,52,52,50,51,50,50,47,48,45,43,40,40,40,37,35,35,0,0,0,0,0,0,0,26,27,30,32,35,37,39,42,44,45,47,49,50,51,53,54,55,53,56,56,59,59,59,61,59,61,64,63
20260729_152303_3a4d7f,1785335050328760,1685511735,0,0,0,-52,128,0,16,16,16,15,15,15,15,14,14,14,14,13,13,13,13,13,13,13,13,12,12,11,11,10,10,10,0,0,0,0,0,0,0,0,0,0,0,8,9,9,9,10,11,11,12,12,13,13,13,13,14,14,14,14,14,15,15,16,16,16,16,16,16,0,31,30,31,30,29,28,27,27,26,26,26,26,26,26,25,25,24,24,24,23,22,21,21,20,19,19,17,17,0,0,0,0,0,0,0,13,14,15,16,17,18,19,21,22,23,24,24,25,25,26,26,27,27,27,28,29,29,29,31,31,31,31,32
20260729_152303_3a4d7f,1785335050431119,1685611782,0,0,0,-52,128,0,17,16,16,15,16,15,15,14,14,13,13,14,12,13,13,13,13,13,13,12,11,11,11,11,10,9,0,0,0,0,0,0,0,0,0,0,0,7,8,8,10,10,11,11,12,12,13,13,13,13,14,14,14,15,15,15,15,16,16,16,16,16,17,0,62,60,60,59,58,58,56,54,54,53,54,51,51,51,51,50,50,50,49,47,46,45,43,41,39,38,36,35,0,0,0,0,0,0,0,26,28,28,32,35,38,39,41,44,46,47,49,51,51,53,52,54,56,56,56,58,59,59,60,62,63,63,63
20260729_152303_3a4d7f,1785335050532065,1685712676,0,0,0,-51,128,0,17,17,17,17,16,16,16,15,15,15,14,15,14,15,15,15,14,13,13,13,13,12,12,11,11,11,0,0,0,0,0,0,0,0,0,0,0,9,9,10,11,11,12,13,13,14,14,14,14,15,15,15,16,16,16,16,16,16,17,17,17,18,17,0,64,63,64,60,60,59,57,56,55,56,54,53,52,53,52,52,51,51,51,48,47,47,43,43,41,40,36,38,0,0,0,0,0,0,0,27,29,31,33,37,39,41,42,45,48,49,50,52,53,55,55,56,57,58,57,62,59,59,63,62,64,65,66
20260729_152303_3a4d7f,1785335050632193,1685812692,0,0,0,-51,128,0,16,16,16,16,16,16,14,14,14,13,14,13,13,13,13,13,13,13,13,12,12,11,11,10,10,10,0,0,0,0,0,0,0,0,0,0,0,7,8,9,10,10,11,11,12,12,12,13,13,13,13,14,14,14,15,16,16,16,16,16,16,16,16,0,31,30,31,28,29,29,28,27,27,26,26,25,26,25,25,25,24,25,24,23,22,22,20,21,19,19,17,17,0,0,0,0,0,0,0,12,13,15,16,17,18,19,21,22,22,24,25,25,25,26,26,27,27,28,28,29,29,30,30,30,32,32,32
20260729_152303_3a4d7f,1785335050730790,1685912074,0,0,0,-51,128,0,17,17,17,17,16,16,16,15,14,15,15,14,14,14,14,14,14,14,13,13,13,12,12,11,11,10,0,0,0,0,0,0,0,0,0,0,0,9,9,10,10,11,12,12,13,13,14,14,14,14,14,14,15,16,16,16,16,16,16,17,16,17,18,0,32,32,32,30,29,29,28,28,28,27,27,26,26,26,26,26,25,26,25,24,24,22,22,21,20,20,19,18,0,0,0,0,0,0,0,14,15,16,17,18,19,21,22,23,24,25,25,27,26,27,27,27,28,29,28,29,30,31,31,31,32,31,32
20260729_152303_3a4d7f,1785335050830986,1686014458,0,0,0,-51,128,0,16,16,16,16,16,15,15,14,15,15,14,14,14,14,14,14,14,13,13,13,13,13,12,11,10,10,0,0,0,0,0,0,0,0,0,0,0,8,9,9,10,11,11,13,13,13,14,14,14,14,14,15,14,16,15,16,16,16,16,16,16,17,18,0,62,63,61,59,57,59,55,54,55,55,54,51,51,52,52,52,51,50,48,47,47,44,43,41,40,39,36,36,0,0,0,0,0,0,0,26,30,32,34,36,38,40,43,45,47,48,50,50,52,52,53,54,56,58,57,59,59,61,62,64,63,63,62
20260729_152303_3a4d7f,1785335050930904,1686111808,0,0,0,-51,128,0,17,17,17,16,16,16,16,16,15,14,14,14,14,15,15,14,13,13,13,13,13,13,12,11,11,11,0,0,0,0,0,0,0,0,0,0,0,8,9,10,11,11,12,13,13,14,14,14,14,15,15,15,15,16,16,16,16,17,17,17,18,18,17,0,63,63,62,60,61,59,57,56,55,53,54,53,52,54,51,51,51,51,49,49,46,46,43,43,40,39,36,37,0,0,0,0,0,0,0,27,29,30,33,36,38,41,43,45,46,50,49,51,52,54,55,56,57,57,57,61,62,62,62,60,64,65,64
20260729_152303_3a4d7f,1785335051028879,1686211631,0,0,0,-52,128,0,16,16,16,15,15,14,14,14,14,13,13,14,13,13,13,13,13,13,12,12,12,11,11,10,10,9,0,0,0,0,0,0,0,0,0,0,0,7,8,9,9,10,11,11,11,12,12,13,13,13,13,14,14,14,15,14,15,15,15,16,16,17,16,0,31,30,29,30,28,28,27,26,26,27,27,25,24,24,25,25,25,24,23,23,22,22,21,19,18,18,18,17,0,0,0,0,0,0,0,13,14,14,16,17,17,19,20,22,23,24,25,25,25,26,26,26,28,27,29,28,29,29,29,30,31,31,30
20260729_152303_3a4d7f,1785335051128116,1686311809,0,0,0,-52,128,0,17,17,17,16,16,16,15,15,14,14,14,14,14,14,13,13,13,13,13,12,12,12,11,11,11,11,0,0,0,0,0,0,0,0,0,0,0,8,9,9,10,11,11,12,12,12,13,14,14,14,14,15,15,15,15,16,16,16,16,16,17,17,16,0,63,61,62,60,60,59,56,56,54,53,54,53,52,53,51,51,49,51,50,47,46,45,43,41,39,39,36,36,0,0,0,0,0,0,0,26,28,30,33,35,39,39,43,44,47,49,49,52,52,54,55,55,55,59,57,60,60,61,63,60,63,64,64
20260729_152303_3a4d7f,1785335051230758,1686411685,0,0,0,-52,128,0,17,17,16,16,15,16,15,14,14,14,14,13,13,14,13,14,13,13,13,13,12,12,11,11,11,10,0,0,0,0,0,0,0,0,0,0,0,8,9,9,10,11,11,12,13,13,13,13,14,14,14,15,14,15,15,16,16,16,16,16,17,17,17,0,64,61,61,59,60,58,56,56,55,53,53,52,50,51,50,52,50,50,50,47,47,45,42,42,40,39,36,36,0,0,0,0,0,0,0,26,29,32,34,34,38,40,43,45,47,49,49,50,54,53,53,55,55,57,56,60,58,61,62,61,63,63,64
20260729_152303_3a4d7f,1785335051329085,1686511527,0,0,0,-51,128,0,17,17,16,16,15,15,15,15,14,14,13,13,14,13,13,13,13,13,13,12,12,12,11,11,11,11,0,0,0,0,0,0,0,0,0,0,0,8,9,9,10,11,11,11,12,13,13,14,14,14,14,14,15,15,15,16,16,16,16,16,17,17,17,0,62,60,61,58,60,59,56,54,53,52,55,52,51,53,50,52,50,51,50,48,46,45,41,42,40,39,35,36,0,0,0,0,0,0,0,26,29,30,34,34,38,40,43,46,47,48,49,50,51,52,54,55,55,58,56,59,60,61,61,60,63,62,66
20260729_152303_3a4d7f,1785335051427795,1686612082,0,0,0,-51,128,0,16,17,16,16,15,15,15,14,14,15,14,13,13,13,13,13,13,13,12,12,12,11,11,11,10,9,0,0,0,0,0,0,0,0,0,0,0,8,8,9,10,10,10,11,12,12,14,14,14,14,14,14,15,15,15,15,15,15,16,16,16,16,16,0,61,62,60,62,58,57,55,55,54,56,54,52,51,49,52,51,50,49,49,47,46,43,43,41,39,37,37,35,0,0,0,0,0,0,0,27,27,29,32,36,36,40,42,45,47,48,51,52,53,53,52,53,57,56,59,58,59,60,61,64,64,64,62
20260729_152303_3a4d7f,1785335051530938,1686711608,0,0,0,-51,128,0,16,16,16,15,15,15,14,14,14,14,13,13,13,13,14,14,13,13,13,13,12,11,10,10,10,9,0,0,0,0,0,0,0,0,0,0,0,8,8,9,10,11,10,11,12,12,13,13,13,14,14,14,14,14,14,15,15,16,16,16,16,16,16,0,30,31,30,30,29,29,28,27,26,26,26,25,25,25,26,26,25,25,24,24,23,22,22,21,19,19,17,17,0,0,0,0,0,0,0,13,13,16,16,17,19,20,21,22,22,24,25,25,26,26,27,27,27,28,28,29,30,30,30,30,31,32,31
20260729_152303_3a4d7f,1785335051633917,1686813709,0,0,0,-51,128,0,17,17,17,17,16,16,16,16,15,15,15,14,14,15,14,14,14,14,13,13,13,13,13,12,11,11,0,0,0,0,0,0,0,0,0,0,0,9,9,10,11,12,12,13,13,13,14,15,15,15,15,15,15,16,16,16,16,17,17,17,17,17,17,0,62,65,62,61,59,59,57,55,56,56,54,52,54,51,52,51,52,50,50,47,48,45,44,42,40,39,37,36,0,0,0,0,0,0,0,28,30,31,33,36,39,41,43,45,47,49,52,52,53,55,53,54,57,57,60,59,60,62,62,64,64,64,63
20260729_152303_3a4d7f,1785335051727036,1686911412,0,0,0,-51,128,0,16,16,15,16,16,14,14,15,14,13,14,13,13,13,13,13,13,13,12,12,11,11,11,11,10,9,0,0,0,0,0,0,0,0,0,0,0,8,8,9,9,11,11,11,12,13,13,13,13,14,14,14,15,14,14,16,16,16,16,16,16,16,16,0,62,62,62,60,59,59,56,55,53,53,52,52,50,52,51,50,50,49,49,47,46,43,42,40,39,38,35,35,0,0,0,0,0,0,0,25,28,29,31,34,38,38,42,44,46,48,48,50,51,53,53,56,55,56,56,60,59,60,61,60,64,63,62
20260729_152303_3a4d7f,1785335051830830,1687011512,0,0,0,-52,128,0,16,16,16,15,14,14,14,13,13,13,13,13,13,13,13,13,13,12,12,11,11,11,11,10,10,9,0,0,0,0,0,0,0,0,0,0,0,8,8,9,9,10,10,11,12,12,13,13,13,13,14,13,14,14,14,15,15,16,16,16,16,16,16,0,62,62,61,59,58,57,55,55,55,55,53,52,50,50,52,50,49,48,47,46,46,43,43,41,39,36,35,35,0,0,0,0,0,0,0,25,28,30,31,35,37,39,43,44,46,48,50,51,52,51,53,53,55,56,57,57,59,61,61,62,63,63,63
20260729_152303_3a4d7f,1785335051930772,1687111841,0,0,0,-51,128,0,17,17,17,16,15,15,15,15,15,13,14,13,13,13,13,14,13,13,13,12,12,12,11,11,10,10,0,0,0,0,0,0,0,0,0,0,0,8,8,9,9,10,10,12,12,13,13,13,13,14,14,14,15,15,15,15,16,16,16,16,17,16,17,0,64,61,61,61,59,57,57,55,54,55,53,52,52,52,51,51,50,49,49,48,46,44,43,41,39,38,36,34,0,0,0,0,0,0,0,25,28,30,33,34,37,40,43,44,48,49,48,50,52,53,54,54,56,58,58,60,58,59,62,62,61,64,64
20260729_152303_3a4d7f,1785335052032455,1687211813,0,0,0,-52,128,0,17,17,17,16,16,16,15,15,15,14,15,14,14,14,14,14,14,14,14,13,13,12,12,11,11,11,0,0,0,0,0,0,0,0,0,0,0,8,9,11,11,11,12,13,13,13,14,14,14,14,15,15,15,16,15,16,16,17,17,17,17,17,17,0,63,64,64,61,59,58,57,56,55,56,54,53,53,53,51,52,51,50,49,48,47,45,44,42,41,40,36,36,0,0,0,0,0,0,0,27,30,32,33,35,38,41,44,45,48,50,50,51,52,54,55,56,56,57,57,59,60,61,63,63,63,65,64
20260729_152303_3a4d7f,1785335052130563,1687311925,0,0,0,-51,128,0,16,17,16,16,14,15,14,14,14,15,14,13,13,13,13,13,13,13,13,12,12,12,11,11,10,10,0,0,0,0,0,0,0,0,0,0,0,8,8,9,9,10,11,12,12,13,13,14,14,14,14,14,15,15,15,15,15,16,17,17,17,17,17,0,62,60,62,57,59,58,55,55,55,54,52,50,49,51,50,51,50,50,49,47,47,44,41,40,41,39,36,35,0,0,0,0,0,0,0,25,27,30,34,34,37,40,42,45,45,49,49,51,53,52,54,55,55,56,59,59,58,61,62,62,63,63,64
20260729_152303_3a4d7f,1785335052255930,1687435543,0,0,0,-52,128,0,17,18,17,17,16,16,16,16,15,16,14,14,14,14,14,14,14,14,14,13,13,12,12,11,11,11,0,0,0,0,0,0,0,0,0,0,0,9,9,10,11,11,12,13,13,13,15,15,15,15,16,15,16,16,16,16,17,17,17,17,18,18,17,0,31,31,31,30,29,30,28,28,26,26,26,26,26,26,25,25,25,24,25,24,23,22,22,21,20,19,18,18,0,0,0,0,0,0,0,13,14,15,16,18,20,21,21,23,23,24,25,25,26,27,27,27,28,28,29,30,30,30,31,31,32,32,31
20260729_152303_3a4d7f,1785335052327588,1687511828,0,0,0,-52,128,0,17,17,17,16,16,16,16,15,15,15,15,14,14,15,14,14,13,13,13,13,13,12,12,11,11,11,0,0,0,0,0,0,0,0,0,0,0,9,9,9,10,11,12,12,13,13,14,14,14,15,15,15,15,16,16,16,16,16,17,17,17,17,17,0,31,31,31,31,29,29,29,27,27,28,28,26,26,26,27,26,25,24,25,24,23,22,21,22,20,21,18,17,0,0,0,0,0,0,0,14,15,16,16,18,19,21,22,23,24,25,26,26,26,27,27,28,29,28,29,29,30,30,31,31,31,32,33
20260729_152303_3a4d7f,1785335052431680,1687612966,0,0,0,-52,128,0,16,15,16,15,15,14,14,14,13,13,13,13,13,13,13,13,13,13,13,11,11,11,10,10,9,9,0,0,0,0,0,0,0,0,0,0,0,7,8,9,9,10,11,11,12,13,13,13,13,14,14,14,14,14,14,15,15,15,15,15,15,17,15,0,61,60,60,59,58,57,56,54,51,52,52,51,50,51,51,51,50,49,47,46,45,43,42,40,39,38,35,35,0,0,0,0,0,0,0,26,28,30,32,34,38,40,41,45,46,48,49,49,52,51,53,54,54,54,57,57,60,59,60,60,62,63,62
20260729_152303_3a4d7f,1785335052530148,1687713644,0,0,0,-52,128,0,16,16,16,15,15,14,14,13,13,13,14,14,13,13,13,13,13,13,12,12,12,11,11,10,9,9,0,0,0,0,0,0,0,0,0,0,0,7,9,9,9,10,11,11,11,13,13,13,13,13,13,14,13,14,14,14,16,16,16,16,16,16,16,0,61,60,61,58,59,58,56,55,54,54,53,51,51,51,51,50,50,49,48,47,45,43,43,40,39,37,36,34,0,0,0,0,0,0,0,26,29,29,30,36,36,40,42,43,46,47,51,51,52,52,52,54,55,56,57,58,59,60,59,62,63,64,61
20260729_152303_3a4d7f,1785335052634089,1687813072,0,0,0,-52,128,0,17,16,17,16,15,15,15,15,14,14,14,14,14,14,14,14,14,14,14,13,13,11,11,10,10,10,0,0,0,0,0,0,0,0,0,0,0,9,9,9,10,11,11,13,13,13,13,14,14,15,15,15,15,15,16,16,16,16,16,16,17,16,17,0,64,62,61,60,57,57,56,54,55,55,54,51,52,52,51,52,51,48,50,47,46,44,43,40,40,39,37,35,0,0,0,0,0,0,0,27,28,31,34,35,39,41,42,45,47,50,50,51,52,52,55,55,57,57,57,57,58,60,62,63,62,64,64
20260729_152303_3a4d7f,1785335052733174,1687912175,0,0,0,-52,128,0,17,17,17,16,17,15,16,16,15,15,15,14,14,14,14,14,14,14,14,14,14,12,12,11,11,11,0,0,0,0,0,0,0,0,0,0,0,8,9,10,11,11,12,12,13,14,14,14,15,14,15,14,16,16,16,17,17,17,17,17,17,17,17,0,63,64,63,61,60,59,58,57,55,55,55,52,52,53,52,52,51,51,49,49,46,46,43,41,41,39,38,36,0,0,0,0,0,0,0,26,30,31,34,35,38,41,42,44,47,50,51,52,54,54,55,55,57,56,57,59,62,61,62,62,63,65,64
20260729_152303_3a4d7f,1785335052831333,1688011643,0,0,0,-51,128,0,17,17,17,16,16,16,15,15,16,16,15,15,14,14,14,14,14,14,14,14,13,12,12,11,11,11,0,0,0,0,0,0,0,0,0,0,0,8,9,10,11,11,12,13,13,13,14,14,14,15,15,15,15,15,16,16,16,16,17,17,17,17,17,0,63,63,62,61,59,60,57,57,54,56,55,53,52,52,52,52,52,50,50,48,47,44,43,42,40,39,37,36,0,0,0,0,0,0,0,26,30,31,33,36,39,42,43,45,47,49,50,51,54,53,54,54,55,58,58,60,61,61,63,61,63,64,65
20260729_152303_3a4d7f,1785335052931692,1688112509,0,0,0,-51,128,0,17,16,16,16,16,16,15,15,14,14,14,13,13,14,14,14,14,13,13,12,12,11,11,11,10,10,0,0,0,0,0,0,0,0,0,0,0,8,8,9,9,10,11,11,12,13,13,13,14,14,15,15,15,15,15,15,16,16,16,16,16,17,16,0,64,63,61,60,58,58,56,56,54,54,54,52,52,51,52,51,51,50,49,47,46,45,43,41,40,38,36,36,0,0,0,0,0,0,0,27,28,31,32,36,37,41,43,45,47,47,50,52,53,54,54,54,57,56,58,58,60,61,60,62,62,63,64
20260729_152303_3a4d7f,1785335053031167,1688211179,0,0,0,-51,128,0,16,17,16,16,16,15,15,15,15,15,15,14,14,14,14,14,14,14,14,13,13,12,12,11,11,11,0,0,0,0,0,0,0,0,0,0,0,9,9,10,10,11,12,12,13,13,13,14,14,14,15,14,15,15,15,16,16,16,17,17,17,17,17,0,32,32,30,31,30,30,28,28,28,28,27,27,26,26,27,26,26,25,26,24,23,23,22,21,21,20,19,18,0,0,0,0,0,0,0,14,16,16,17,18,19,21,22,23,24,25,25,26,26,26,28,27,29,29,30,30,30,31,31,32,33,32,32
20260729_152303_3a4d7f,1785335053128104,1688311730,0,0,0,-52,128,0,17,16,16,16,16,15,15,15,14,14,13,13,13,14,14,14,13,13,13,13,12,11,11,11,10,10,0,0,0,0,0,0,0,0,0,0,0,9,9,10,10,10,11,12,12,13,13,13,14,14,14,15,14,15,15,16,16,16,16,16,16,17,17,0,61,62,61,60,59,58,55,55,54,54,53,52,51,52,51,51,49,49,49,48,46,44,43,42,40,39,36,36,0,0,0,0,0,0,0,26,29,31,33,36,37,40,43,45,46,48,49,51,54,53,53,55,57,56,56,59,61,60,61,61,62,63,63
20260729_152303_3a4d7f,1785335179132703,1814312712,0,0,1,-52,128,0,18,17,17,16,16,16,16,16,16,15,16,16,15,15,16,15,15,16,15,14,14,14,13,13,13,12,0,0,0,0,0,0,0,0,0,0,0,5,6,6,8,8,8,9,10,10,11,11,12,12,13,13,13,14,14,15,15,16,16,16,17,17,17,0,63,62,63,61,60,61,59,59,58,59,55,57,57,56,54,57,54,60,55,55,49,54,48,49,47,47,43,43,0,0,0,0,0,0,0,16,18,20,21,22,27,27,31,33,36,39,40,42,45,46,47,50,50,53,54,55,57,58,60,60,63,62,64
20260729_152303_3a4d7f,1785335179337418,1814515799,0,0,1,-51,128,0,17,16,16,16,15,15,14,14,14,14,14,13,13,13,14,14,14,14,14,13,13,12,12,12,11,11,0,0,0,0,0,0,0,0,0,0,0,7,7,8,8,9,9,11,11,12,12,12,13,13,13,14,14,14,15,15,15,15,16,16,16,16,17,0,62,61,60,60,58,56,55,55,55,54,53,52,52,51,53,53,52,52,52,50,49,47,47,45,43,43,41,40,0,0,0,0,0,0,0,24,26,27,29,31,34,35,38,41,42,44,45,49,49,50,50,51,53,54,55,57,57,59,59,60,61,61,62
20260729_152303_3a4d7f,1785335179366118,1814525861,0,0,1,-51,128,0,17,17,17,16,16,16,16,15,15,15,15,14,14,14,14,14,14,14,14,13,13,13,13,12,12,11,0,0,0,0,0,0,0,0,0,0,0,7,8,8,9,10,11,11,12,12,13,13,14,14,14,15,15,15,15,16,16,16,17,16,17,17,17,0,31,30,31,28,31,30,29,27,26,27,25,25,25,25,26,25,26,26,26,26,25,23,24,23,22,20,19,19,0,0,0,0,0,0,0,12,14,14,16,16,17,18,18,20,21,21,23,23,23,25,26,25,28,27,26,28,29,30,29,31,32,31,30
20260729_152303_3a4d7f,1785335179433782,1814616342,0,0,1,-51,128,0,16,17,16,16,15,15,15,15,15,14,14,14,13,13,14,14,14,14,12,13,13,12,11,11,11,11,0,0,0,0,0,0,0,0,0,0,0,8,8,8,9,10,10,11,11,12,13,13,13,13,14,14,15,15,15,16,16,16,17,17,17,16,17,0,66,64,65,61,62,59,57,58,57,56,57,55,52,56,52,57,53,56,55,52,52,48,48,46,43,41,41,43,0,0,0,0,0,0,0,24,26,28,31,31,36,36,41,43,45,46,47,50,52,52,52,55,57,59,58,62,62,62,64,65,66,66,67
20260729_152303_3a4d7f,1785335179539916,1814724741,0,0,1,-52,128,0,17,18,17,17,16,16,16,16,16,15,15,15,15,15,15,15,15,15,14,14,14,14,13,13,12,12,0,0,0,0,0,0,0,0,0,0,0,7,8,8,8,9,9,10,10,11,11,12,12,13,13,13,14,14,14,15,15,16,16,16,16,17,16,0,33,33,32,32,31,31,30,29,29,30,28,29,28,28,28,28,29,28,27,27,27,26,26,25,24,24,22,22,0,0,0,0,0,0,0,11,13,13,14,15,16,17,18,19,20,21,21,22,23,24,25,25,27,27,28,28,30,29,32,32,32,33,33
20260729_152303_3a4d7f,1785335179675034,1814855413,0,0,1,-52,128,0,17,17,17,17,16,16,16,16,16,15,15,14,14,15,15,15,15,14,15,14,14,14,13,13,13,13,0,0,0,0,0,0,0,0,0,0,0,7,8,9,10,10,10,11,12,12,14,14,14,14,15,16,16,16,16,16,16,17,18,17,18,18,17,0,65,64,63,60,60,58,57,55,55,54,55,54,53,54,53,53,53,52,52,50,49,49,46,45,45,43,42,41,0,0,0,0,0,0,0,22,25,25,28,32,34,35,38,39,43,45,47,47,50,50,52,55,55,57,57,59,60,61,62,62,64,65,64
20260729_152303_3a4d7f,1785335179751328,1814934853,0,0,1,-53,128,0,17,16,17,16,16,15,15,14,14,14,14,14,13,13,13,13,13,13,13,12,12,12,11,11,11,11,0,0,0,0,0,0,0,0,0,0,0,8,9,9,10,10,11,12,13,13,14,14,14,15,15,16,16,16,16,17,17,17,17,17,17,17,18,0,32,32,31,30,29,29,26,26,26,26,25,24,24,25,24,24,23,23,23,22,23,23,20,21,21,21,19,19,0,0,0,0,0,0,0,12,14,16,16,16,18,19,20,22,23,25,25,26,27,26,29,28,29,30,30,30,30,32,33,33,32,34,33
20260729_152303_3a4d7f,1785335179833562,1815018639,0,0,1,-51,128,0,15,15,14,15,13,14,13,12,12,12,13,12,12,12,12,11,13,11,11,11,11,11,11,10,10,10,0,0,0,0,0,0,0,0,0,0,0,7,7,7,7,9,9,9,10,10,11,12,11,12,13,13,13,13,14,14,14,14,14,14,15,15,14,0,64,61,59,60,55,56,57,54,52,56,53,52,51,50,52,51,52,49,51,50,49,46,46,45,42,40,42,39,0,0,0,0,0,0,0,25,27,29,29,34,36,40,38,42,45,45,50,49,51,52,53,52,56,54,58,57,60,62,61,63,63,64,62
20260729_152303_3a4d7f,1785335179932776,1815112417,0,0,1,-51,128,0,17,17,17,16,16,16,15,15,15,14,14,14,14,14,15,15,14,15,14,14,14,14,13,13,13,12,0,0,0,0,0,0,0,0,0,0,0,8,9,10,11,10,12,12,12,13,13,13,14,14,14,15,15,15,15,16,16,17,17,17,17,17,17,0,32,31,31,30,29,29,28,28,27,27,27,26,26,27,26,26,26,25,25,25,25,24,23,23,23,22,22,21,0,0,0,0,0,0,0,13,14,15,17,17,19,20,21,22,23,23,25,25,26,26,26,28,28,28,29,30,30,31,31,32,33,33,31
20260729_152303_3a4d7f,1785335180057601,1815243142,0,0,1,-51,128,0,16,16,16,15,15,15,14,14,14,13,13,13,13,13,13,13,12,12,12,11,11,10,10,9,9,9,0,0,0,0,0,0,0,0,0,0,0,8,9,9,10,10,11,11,12,12,13,13,13,14,14,14,14,15,15,15,15,16,16,16,17,17,17,0,31,31,31,30,29,29,28,27,26,25,25,25,25,25,24,24,23,23,23,22,21,20,19,18,18,17,16,15,0,0,0,0,0,0,0,13,14,15,16,17,19,20,21,22,23,24,24,24,25,26,26,29,26,29,29,30,30,31,31,31,31,32,32
20260729_152303_3a4d7f,1785335180135540,1815316969,0,0,1,-52,128,0,16,16,16,16,16,15,15,14,13,14,14,13,13,13,13,13,12,12,12,11,10,10,10,9,9,9,0,0,0,0,0,0,0,0,0,0,0,7,8,8,9,10,10,11,12,12,13,13,13,13,15,15,15,15,15,16,16,16,16,16,17,17,17,0,31,31,31,29,29,29,28,27,27,25,25,24,25,25,25,25,23,23,21,21,22,22,20,20,19,17,16,16,0,0,0,0,0,0,0,13,13,14,16,17,18,19,21,22,22,23,24,25,26,27,27,28,28,29,28,30,31,30,31,30,32,32,32
20260729_152303_3a4d7f,1785335180228918,1815414023,0,0,1,-52,128,0,16,16,16,15,16,15,15,15,15,15,15,15,15,15,15,15,14,15,14,14,14,13,13,12,12,11,0,0,0,0,0,0,0,0,0,0,0,6,6,7,7,8,9,9,10,10,10,10,11,11,11,12,12,12,13,13,14,14,14,14,15,16,16,0,31,31,30,30,29,30,29,29,28,29,28,28,28,28,29,28,29,27,28,27,27,26,25,23,23,22,21,20,0,0,0,0,0,0,0,10,10,11,12,14,14,16,16,18,18,19,20,20,20,21,22,22,23,23,24,25,26,27,28,29,29,30,30
20260729_152303_3a4d7f,1785335180327732,1815514865,0,0,1,-56,128,0,17,18,16,18,17,17,16,16,16,16,15,15,16,14,16,15,16,14,14,15,14,14,13,12,11,11,0,0,0,0,0,0,0,0,0,0,0,3,3,3,4,4,5,5,6,6,7,8,8,9,9,10,10,11,13,12,13,15,16,15,16,17,16,0,35,36,37,36,32,35,34,33,33,31,36,31,34,31,32,30,30,32,32,30,26,25,26,24,24,25,23,20,0,0,0,0,0,0,0,2,3,3,4,6,7,8,9,10,11,14,13,17,14,17,18,19,21,22,25,28,28,29,29,30,33,34,34
20260729_152303_3a4d7f,1785335180432539,1815616467,0,0,1,-53,128,0,17,17,17,17,16,16,16,16,15,15,15,14,14,14,14,14,14,13,13,13,12,12,11,11,10,10,0,0,0,0,0,0,0,0,0,0,0,6,7,7,8,9,9,9,9,10,10,10,11,12,12,12,13,13,13,14,14,15,15,16,16,17,17,0,32,31,32,31,31,30,29,29,28,28,28,28,27,27,27,27,26,26,25,25,24,22,21,21,19,19,18,17,0,0,0,0,0,0,0,11,11,12,13,14,16,16,17,18,19,19,20,21,21,22,23,23,24,24,24,27,27,28,29,29,31,32,31
20260729_152303_3a4d7f,1785335180560392,1815744253,0,0,1,-53,128,0,18,18,18,18,17,17,17,16,16,16,15,15,14,14,14,14,14,13,13,12,13,12,11,11,10,10,0,0,0,0,0,0,0,0,0,0,0,8,9,8,9,9,10,11,11,12,12,13,13,13,13,14,14,15,15,16,16,16,17,17,18,18,18,0,33,34,32,33,31,32,31,29,29,29,28,27,28,26,27,26,26,25,25,23,23,22,21,22,19,19,18,19,0,0,0,0,0,0,0,12,13,13,14,17,17,18,18,20,21,22,23,24,24,25,25,25,27,27,28,29,30,31,32,33,34,34,33
20260729_152303_3a4d7f,1785335180628705,1815813383,0,0,1,-51,128,0,18,18,17,17,16,17,16,16,16,15,15,15,15,15,15,15,14,13,13,13,13,13,12,11,11,11,0,0,0,0,0,0,0,0,0,0,0,9,9,9,11,11,11,12,13,13,13,13,14,14,14,14,14,15,15,15,16,17,17,17,17,17,17,0,66,64,64,62,61,62,59,61,57,58,60,55,54,56,54,53,52,52,51,47,47,46,47,40,43,40,37,38,0,0,0,0,0,0,0,28,31,32,34,35,40,41,42,44,44,46,47,48,50,50,51,52,54,53,55,57,59,59,61,62,63,65,62
20260729_152303_3a4d7f,1785335180738657,1815921705,0,0,1,-51,128,0,15,15,15,15,14,15,14,14,14,15,15,14,14,14,15,14,14,14,14,13,12,12,11,11,11,10,0,0,0,0,0,0,0,0,0,0,0,9,9,10,10,10,11,11,12,12,12,12,12,12,12,12,12,13,13,13,13,13,14,14,15,16,16,0,60,60,59,59,56,58,56,55,56,56,56,55,55,54,55,55,54,54,54,51,51,48,46,44,43,42,39,36,0,0,0,0,0,0,0,31,33,35,35,37,40,41,43,45,46,46,47,47,48,48,48,48,49,49,50,51,52,54,55,57,57,59,58
20260729_152303_3a4d7f,1785335180848355,1816032375,0,0,1,-49,128,0,17,17,16,16,16,16,15,15,15,15,15,15,14,14,14,15,14,14,14,14,14,13,13,13,12,12,0,0,0,0,0,0,0,0,0,0,0,8,9,10,11,10,12,12,12,12,14,14,14,14,14,14,15,16,15,16,16,16,16,16,16,17,17,0,60,61,59,59,58,57,57,55,52,54,55,52,51,52,52,53,53,54,52,51,51,49,46,48,46,44,43,41,0,0,0,0,0,0,0,29,30,31,34,36,37,40,42,44,44,45,46,48,49,50,50,52,51,54,54,57,58,59,60,59,60,60,62
20260729_152303_3a4d7f,1785335180941493,1816126506,0,0,1,-54,128,0,17,17,17,17,17,15,16,16,16,15,15,15,15,15,14,14,14,14,14,14,14,14,13,13,13,12,0,0,0,0,0,0,0,0,0,0,0,8,9,9,9,10,10,10,11,11,12,11,12,12,12,12,13,13,13,13,14,15,15,16,16,16,17,0,64,65,62,64,62,61,61,59,59,61,58,57,57,55,57,57,58,54,54,54,52,51,48,48,47,45,44,42,0,0,0,0,0,0,0,26,28,30,33,35,35,38,37,39,42,44,43,45,45,45,47,47,50,50,51,53,52,56,57,61,60,63,62
20260729_152303_3a4d7f,1785335181029686,1816211680,0,0,1,-52,128,0,16,16,16,16,16,16,15,15,15,15,14,14,14,14,14,14,14,13,13,13,12,12,12,11,11,10,0,0,0,0,0,0,0,0,0,0,0,7,8,8,8,9,9,10,10,11,11,11,11,12,12,12,13,13,13,14,14,14,15,15,16,16,16,0,62,62,62,61,61,62,59,58,57,57,57,54,55,55,54,55,54,53,53,51,50,47,47,45,41,41,38,38,0,0,0,0,0,0,0,26,27,28,30,34,34,35,37,40,41,42,43,45,46,48,48,49,50,50,51,54,55,57,57,60,61,61,62
20260729_152303_3a4d7f,1785335181129167,1816311383,0,0,1,-52,128,0,16,16,16,16,16,16,15,15,14,15,14,14,14,13,13,13,13,13,12,12,11,11,10,10,10,9,0,0,0,0,0,0,0,0,0,0,0,9,9,10,11,11,12,13,13,14,14,14,15,15,15,15,15,16,16,16,16,16,17,16,17,17,17,0,31,31,31,31,29,29,28,26,26,26,25,25,26,24,24,24,24,23,22,22,20,20,19,18,18,17,15,16,0,0,0,0,0,0,0,14,16,16,17,19,19,21,23,24,24,25,26,26,28,28,28,28,29,29,29,30,30,30,32,32,32,32,33
20260729_152303_3a4d7f,1785335181228938,1816411794,0,0,1,-52,128,0,17,17,17,16,16,15,15,15,14,15,14,14,13,13,13,13,12,13,12,12,11,13,11,11,10,10,0,0,0,0,0,0,0,0,0,0,0,10,11,12,13,13,13,14,14,15,15,16,16,16,16,16,16,16,16,16,17,17,17,17,17,17,17,0,32,32,31,30,28,28,29,28,28,25,26,24,23,25,24,23,23,23,21,20,20,19,21,19,19,19,16,14,0,0,0,0,0,0,0,16,17,19,19,21,21,22,24,24,26,27,28,28,29,29,29,29,29,30,30,32,30,31,33,31,32,32,32
20260729_152303_3a4d7f,1785335181328554,1816511491,0,0,1,-54,128,0,16,16,16,15,15,14,14,14,13,12,12,12,12,12,13,12,12,12,11,10,10,9,9,8,9,9,0,0,0,0,0,0,0,0,0,0,0,10,10,11,12,12,13,14,13,14,14,14,14,14,15,15,15,15,15,16,16,16,16,16,16,16,16,0,29,30,29,29,28,27,28,25,25,23,24,25,22,24,22,22,22,23,22,21,19,18,18,17,16,14,15,15,0,0,0,0,0,0,0,17,18,19,19,21,22,24,25,25,25,26,27,27,28,27,28,28,29,29,29,30,30,30,31,30,31,32,30
20260729_152303_3a4d7f,1785335181427925,1816611542,0,0,1,-54,128,0,17,17,17,16,16,16,16,15,15,15,15,15,15,14,14,14,14,14,14,13,13,12,12,11,11,10,0,0,0,0,0,0,0,0,0,0,0,9,9,10,11,11,12,12,13,13,14,14,14,14,15,15,15,15,15,15,16,16,17,16,17,17,16,0,31,30,30,30,29,30,29,29,28,28,28,27,27,26,27,26,26,26,25,25,24,23,22,21,20,19,18,18,0,0,0,0,0,0,0,15,16,16,17,18,20,21,22,23,23,24,25,26,26,27,28,28,28,27,28,30,29,30,31,30,31,31,31
20260729_152303_3a4d7f,1785335181531820,1816714837,0,0,1,-56,128,0,15,15,15,14,14,14,14,13,13,13,12,12,11,11,12,11,11,11,11,11,10,9,9,9,8,8,0,0,0,0,0,0,0,0,0,0,0,9,11,11,11,12,13,14,13,14,15,14,16,15,15,15,16,16,17,16,17,17,17,16,17,17,16,0,61,58,58,57,55,55,52,51,49,48,48,45,47,45,45,42,43,43,42,41,38,38,35,33,31,32,28,27,0,0,0,0,0,0,0,34,36,37,40,43,46,45,50,51,53,54,55,57,54,59,58,59,60,59,58,63,62,63,62,60,62,61,60
20260729_152303_3a4d7f,1785335181630867,1816811673,0,0,1,-55,128,0,17,16,16,15,15,15,14,13,13,13,13,13,11,11,12,11,11,11,9,9,9,9,9,8,7,7,0,0,0,0,0,0,0,0,0,0,0,10,11,12,13,13,13,15,15,15,16,16,17,17,16,16,18,17,18,17,17,18,18,18,18,18,18,0,62,61,58,59,54,53,52,50,48,50,47,45,43,42,44,41,41,39,38,38,35,32,32,29,27,25,24,22,0,0,0,0,0,0,0,36,39,40,42,47,48,53,51,54,57,59,62,59,63,61,62,60,64,61,66,61,63,63,65,67,64,64,64
20260729_152303_3a4d7f,1785335181729098,1816911491,0,0,1,-55,128,0,16,16,16,15,15,13,14,13,13,12,12,11,12,12,11,11,11,11,11,10,10,9,8,8,8,7,0,0,0,0,0,0,0,0,0,0,0,11,12,13,13,14,15,15,16,16,16,17,17,17,17,17,17,17,17,17,17,17,17,17,17,17,17,0,61,57,56,53,52,52,50,47,47,47,45,43,43,44,40,42,40,40,39,38,35,34,33,32,30,30,26,25,0,0,0,0,0,0,0,39,42,45,46,47,51,52,54,56,59,59,61,60,61,60,61,62,60,62,61,63,63,60,62,61,62,61,61
20260729_152303_3a4d7f,1785335181827168,1817011304,0,0,1,-54,128,0,17,17,15,15,15,15,15,14,14,13,13,13,13,13,13,12,13,12,12,12,12,11,11,10,10,10,0,0,0,0,0,0,0,0,0,0,0,12,12,13,13,14,14,16,16,16,17,16,17,17,17,17,17,17,17,17,17,17,17,17,17,17,17,0,57,56,57,53,54,52,50,49,46,47,46,46,46,47,45,44,45,43,42,41,41,40,38,36,34,34,31,30,0,0,0,0,0,0,0,37,37,40,43,46,50,49,53,54,57,57,58,61,60,60,61,59,59,62,59,60,60,61,61,59,59,61,58
20260729_152303_3a4d7f,1785335181929593,1817111715,0,0,1,-55,128,0,16,16,16,15,15,15,14,14,13,13,13,13,13,12,13,12,12,12,12,11,11,11,11,9,9,9,0,0,0,0,0,0,0,0,0,0,0,10,11,12,12,13,13,14,14,15,16,15,16,16,16,16,16,16,17,16,17,16,17,17,17,17,16,0,60,59,59,56,54,53,51,50,49,50,48,47,47,46,46,45,45,43,43,41,39,39,36,36,35,32,31,30,0,0,0,0,0,0,0,34,36,38,41,43,46,50,50,52,54,56,56,58,56,58,59,58,58,59,60,59,61,60,63,61,61,62,60
20260729_152303_3a4d7f,1785335182029119,1817211535,0,0,1,-56,128,0,17,16,17,16,16,15,15,15,14,14,14,14,14,14,14,14,14,13,13,13,12,12,11,11,10,10,0,0,0,0,0,0,0,0,0,0,0,7,7,8,9,8,9,10,11,11,11,11,12,13,13,13,14,14,14,15,15,16,16,16,16,17,17,0,32,32,32,32,30,30,29,29,28,29,28,28,27,26,27,27,27,25,25,23,23,22,22,21,18,17,18,17,0,0,0,0,0,0,0,11,11,13,14,14,16,17,19,20,21,21,23,23,25,25,25,26,27,28,29,30,30,31,30,32,33,33,33
20260729_152303_3a4d7f,1785335182126994,1817311768,0,0,1,-56,128,0,17,17,17,16,16,16,15,15,16,15,15,14,14,14,14,13,13,13,13,12,11,11,10,10,9,9,0,0,0,0,0,0,0,0,0,0,0,6,6,6,7,8,8,9,10,11,11,12,12,13,14,14,15,15,16,15,15,16,16,16,17,17,17,0,34,33,33,32,32,31,30,29,29,28,28,28,27,27,27,26,25,26,25,23,22,21,20,19,19,18,16,16,0,0,0,0,0,0,0,9,11,11,12,13,15,16,17,19,21,21,22,23,24,25,27,26,28,28,29,30,31,32,32,32,33,34,33
20260729_152303_3a4d7f,1785335182234024,1817414563,0,0,1,-56,128,0,18,18,18,17,17,16,16,16,16,16,15,15,15,15,15,14,14,14,14,13,13,13,12,12,10,10,0,0,0,0,0,0,0,0,0,0,0,9,10,10,11,12,12,13,13,14,14,14,14,15,15,16,16,16,16,16,17,17,17,17,18,18,18,0,62,62,65,59,60,61,57,58,56,57,57,55,54,53,52,53,51,50,49,47,46,44,42,40,36,34,34,33,0,0,0,0,0,0,0,29,32,31,34,36,41,41,43,45,45,47,48,52,52,53,53,56,54,57,56,60,60,61,62,61,65,63,64
20260729_152303_3a4d7f,1785335182327036,1817512506,0,0,1,-56,128,0,16,17,16,16,15,15,15,14,14,14,13,13,13,13,13,12,12,11,11,11,11,9,10,8,8,9,0,0,0,0,0,0,0,0,0,0,0,11,12,12,13,14,14,15,15,15,16,16,16,16,16,16,17,17,17,17,17,17,17,17,17,17,17,0,29,30,29,29,27,27,26,25,25,25,24,24,23,22,23,22,21,20,17,19,19,16,16,15,15,15,15,15,0,0,0,0,0,0,0,18,19,21,21,22,23,25,24,25,26,28,29,28,29,30,30,29,30,30,31,30,30,30,32,31,30,32,29
20260729_152303_3a4d7f,1785335182426674,1817611995,0,0,1,-54,128,0,16,16,15,16,15,15,15,14,13,13,13,13,12,12,12,12,12,12,12,11,11,11,10,10,9,9,0,0,0,0,0,0,0,0,0,0,0,9,9,10,10,11,11,12,13,13,14,13,14,14,14,15,15,15,16,16,16,16,17,17,16,17,17,0,32,30,29,30,28,27,28,26,26,26,26,25,25,24,24,23,24,23,22,22,21,20,19,19,18,18,16,15,0,0,0,0,0,0,0,15,16,17,18,19,20,21,22,24,24,25,25,27,28,28,28,29,28,28,30,30,30,30,30,30,30,31,31
20260729_152303_3a4d7f,1785335182534423,1817714069,0,0,1,-54,128,0,17,16,16,16,16,15,14,14,14,14,15,13,13,14,13,14,13,14,13,13,13,12,11,11,10,10,0,0,0,0,0,0,0,0,0,0,0,9,9,9,11,11,12,13,13,14,14,14,14,14,15,16,15,16,16,16,16,16,16,17,16,17,17,0,61,60,58,59,57,57,55,53,52,53,52,51,49,51,51,50,50,49,49,46,47,42,42,41,39,38,35,35,0,0,0,0,0,0,0,28,31,34,35,36,39,42,43,46,49,49,51,52,54,52,54,54,58,58,59,59,59,60,61,62,62,62,62
20260729_152303_3a4d7f,1785335182626853,1817811474,0,0,1,-53,128,0,17,16,16,16,15,15,15,15,15,15,15,14,14,14,14,14,14,14,14,13,13,13,12,11,11,11,0,0,0,0,0,0,0,0,0,0,0,9,9,10,11,11,12,12,13,13,13,13,14,14,14,14,15,15,15,15,15,16,16,16,16,17,17,0,31,30,30,29,29,28,28,27,27,27,27,26,26,26,26,26,25,26,26,24,24,24,23,21,21,20,18,18,0,0,0,0,0,0,0,14,16,16,17,18,20,20,22,23,24,24,25,24,25,26,26,27,27,28,28,29,29,29,29,29,30,31,31
20260729_152303_3a4d7f,1785335182732417,1817913887,0,0,1,-53,128,0,16,16,16,15,15,16,15,15,14,14,14,14,14,14,14,14,13,14,13,13,13,12,12,11,11,11,0,0,0,0,0,0,0,0,0,0,0,8,9,9,9,10,11,11,11,12,12,13,13,13,13,14,14,14,14,15,16,15,16,16,16,16,16,0,64,62,62,59,60,57,57,56,55,54,55,53,53,55,53,54,51,52,52,49,48,46,44,44,42,42,38,37,0,0,0,0,0,0,0,26,28,31,34,34,37,38,42,43,45,46,46,50,51,51,52,53,55,57,54,57,57,59,62,60,60,62,62
20260729_152303_3a4d7f,1785335182827606,1818012723,0,0,1,-53,128,0,16,16,16,16,15,15,15,14,14,13,13,13,13,14,14,13,13,13,13,12,12,12,12,11,11,11,0,0,0,0,0,0,0,0,0,0,0,6,7,8,9,9,9,10,11,11,11,13,13,13,13,13,14,15,14,15,16,16,16,16,16,16,16,0,65,63,62,62,60,59,57,55,55,54,55,54,52,53,51,52,52,52,51,51,50,47,46,45,44,44,41,41,0,0,0,0,0,0,0,22,23,26,29,30,35,35,40,42,43,45,46,49,50,53,53,55,54,58,58,60,62,62,63,62,64,64,64
20260729_152303_3a4d7f,1785335182927368,1818111269,0,0,1,-53,128,0,16,16,16,15,15,15,14,14,14,14,13,13,13,13,13,14,13,13,13,13,13,12,12,12,10,10,0,0,0,0,0,0,0,0,0,0,0,8,9,9,10,10,12,12,12,12,13,13,14,14,14,14,14,15,14,15,15,16,16,16,16,16,16,0,62,61,59,59,56,56,54,53,53,54,53,51,51,50,51,49,50,48,49,48,47,45,45,42,41,40,40,39,0,0,0,0,0,0,0,27,30,31,33,37,38,41,42,45,47,48,51,50,50,51,54,54,56,56,57,58,59,59,61,61,61,62,62
20260729_152303_3a4d7f,1785335183027861,1818212726,0,0,1,-51,128,0,16,16,16,16,15,14,14,14,14,13,13,13,13,13,13,13,13,13,12,11,11,11,11,10,10,10,0,0,0,0,0,0,0,0,0,0,0,12,13,13,13,15,15,15,15,16,16,16,16,16,16,16,16,16,17,17,17,17,18,18,17,17,16,0,56,59,57,54,53,53,51,50,47,49,48,46,46,45,46,45,45,44,42,41,40,39,39,36,36,36,34,33,0,0,0,0,0,0,0,38,39,41,43,45,48,50,51,52,55,55,58,58,57,58,59,59,59,59,59,60,59,61,62,61,61,61,60
20260729_152303_3a4d7f,1785335183128656,1818311869,0,0,1,-52,128,0,16,16,16,15,16,15,15,15,14,14,15,15,15,15,14,15,14,14,14,13,13,13,13,11,11,11,0,0,0,0,0,0,0,0,0,0,0,8,9,9,10,9,11,12,11,12,12,12,13,13,13,13,13,14,14,14,15,15,15,15,16,16,16,0,63,64,62,61,60,60,58,58,56,55,57,54,54,54,54,53,54,53,52,51,50,47,47,46,43,42,41,41,0,0,0,0,0,0,0,27,29,31,33,36,36,39,41,42,43,46,48,48,49,49,50,50,54,53,54,58,58,60,59,61,61,63,63
20260729_152303_3a4d7f,1785335183228128,1818411548,0,0,1,-51,128,0,16,16,16,15,15,15,15,14,14,14,14,13,13,14,14,14,14,14,14,13,13,12,12,11,10,10,0,0,0,0,0,0,0,0,0,0,0,8,9,9,10,10,11,11,12,12,13,13,13,13,14,14,14,14,14,15,15,15,15,15,16,16,16,0,30,30,29,29,29,29,28,27,27,27,27,27,26,26,25,26,26,26,25,24,23,23,22,21,20,20,19,19,0,0,0,0,0,0,0,14,15,16,17,18,19,20,21,22,23,24,24,24,25,25,26,27,26,27,27,28,28,29,29,29,30,30,30
20260729_152303_3a4d7f,1785335183328319,1818512583,0,0,1,-50,128,0,16,15,15,15,15,14,14,14,14,13,13,13,13,12,13,13,12,13,13,13,11,12,11,10,10,10,0,0,0,0,0,0,0,0,0,0,0,9,10,9,10,10,11,12,12,13,13,13,14,14,14,14,14,14,14,15,15,15,15,15,16,16,16,0,30,30,30,29,28,27,27,26,25,26,25,25,24,25,25,25,25,24,23,23,23,22,22,20,20,20,19,18,0,0,0,0,0,0,0,15,15,16,18,19,19,21,22,23,24,25,25,26,26,27,26,27,27,28,27,29,29,30,30,30,31,31,30
20260729_152303_3a4d7f,1785335183428780,1818611091,0,0,1,-51,128,0,17,17,17,16,16,16,15,15,15,15,15,14,14,14,14,14,14,14,13,13,13,12,12,11,11,11,0,0,0,0,0,0,0,0,0,0,0,9,10,11,11,12,13,14,13,14,14,14,15,15,15,15,15,15,16,16,16,16,17,17,17,17,17,0,61,63,62,60,59,58,56,56,54,55,54,53,52,52,51,51,51,49,48,48,47,43,42,41,38,38,38,36,0,0,0,0,0,0,0,31,33,34,36,40,41,44,45,48,48,50,52,52,53,53,55,54,55,57,57,58,60,60,60,61,61,62,61
20260729_152303_3a4d7f,1785335183527715,1818711510,0,0,1,-51,128,0,17,17,17,16,16,15,15,15,14,13,14,13,13,13,12,12,12,12,11,11,10,10,9,9,9,9,0,0,0,0,0,0,0,0,0,0,0,11,12,13,14,14,15,15,16,16,16,17,17,17,17,17,17,17,17,18,17,18,18,17,18,18,18,0,32,31,31,29,29,28,27,26,25,24,24,24,24,23,22,23,23,22,21,20,19,19,18,17,16,16,15,14,0,0,0,0,0,0,0,17,20,21,23,23,25,25,27,28,29,30,30,30,30,30,32,31,30,31,31,32,32,32,33,31,32,32,32
20260729_152303_3a4d7f,1785335183628041,1818812287,0,0,1,-49,128,0,17,17,16,16,15,15,14,14,14,14,14,13,13,13,13,13,12,12,11,11,11,11,10,9,9,9,0,0,0,0,0,0,0,0,0,0,0,12,13,13,14,14,15,15,16,16,16,16,17,16,17,17,17,17,16,17,17,17,18,17,17,17,17,0,30,31,30,28,27,27,26,26,25,24,24,23,23,23,22,23,21,21,20,21,19,19,18,17,16,16,15,14,0,0,0,0,0,0,0,18,19,21,22,23,25,25,26,27,28,29,29,29,30,30,29,32,29,31,30,31,31,31,33,31,31,32,32
20260729_152303_3a4d7f,1785335183727110,1818911651,0,0,1,-50,128,0,16,16,14,15,14,14,13,13,13,13,13,13,12,12,13,13,12,12,12,12,11,11,11,11,10,10,0,0,0,0,0,0,0,0,0,0,0,9,9,10,10,12,11,12,12,13,13,13,14,13,14,13,15,15,15,15,15,15,15,16,16,16,16,0,62,61,58,58,57,55,54,52,53,52,51,51,49,49,48,50,49,49,47,47,45,42,40,42,40,40,38,35,0,0,0,0,0,0,0,32,35,36,38,40,43,44,47,47,48,51,52,52,53,53,55,55,54,57,55,58,58,59,61,60,61,65,60
20260729_152303_3a4d7f,1785335183827216,1819011484,0,0,1,-50,128,0,17,17,17,17,16,16,16,15,15,14,14,13,13,14,14,13,13,13,12,12,12,11,11,11,10,10,0,0,0,0,0,0,0,0,0,0,0,11,11,12,13,13,14,14,14,15,15,16,16,16,16,17,17,17,17,18,17,18,18,18,18,18,17,0,63,61,59,60,55,56,54,54,49,50,50,48,44,47,45,46,45,46,45,43,42,39,39,38,35,35,33,32,0,0,0,0,0,0,0,35,37,38,40,43,46,49,50,53,54,55,55,60,57,57,59,57,59,60,61,62,63,64,64,64,66,65,64
20260729_152303_3a4d7f,1785335183927016,1819111083,0,0,1,-49,128,0,16,16,15,14,14,13,13,13,13,12,12,12,11,11,11,11,11,11,11,10,10,9,9,8,8,8,0,0,0,0,0,0,0,0,0,0,0,10,10,10,11,12,13,13,14,14,14,14,14,15,15,14,16,16,16,16,16,16,16,16,16,16,16,0,60,58,57,56,56,54,51,48,49,49,48,46,43,44,43,43,41,41,40,40,39,36,34,34,32,31,29,30,0,0,0,0,0,0,0,32,34,36,37,41,43,45,49,49,51,55,55,57,55,57,58,57,57,60,58,60,60,60,59,59,62,60,60
20260729_152303_3a4d7f,1785335184027791,1819212307,0,0,1,-50,128,0,17,16,17,15,15,14,14,15,15,14,14,13,13,13,13,13,13,13,13,12,11,11,11,10,10,10,0,0,0,0,0,0,0,0,0,0,0,9,9,10,11,12,12,13,14,15,15,15,15,16,16,16,16,16,16,16,16,16,17,16,17,17,16,0,32,32,30,29,28,28,28,27,27,26,26,25,26,26,25,24,25,24,23,23,22,21,21,21,20,18,19,17,0,0,0,0,0,0,0,16,17,17,18,20,22,23,23,25,26,26,28,27,28,28,29,28,29,29,29,31,30,32,31,33,32,32,30
20260729_152303_3a4d7f,1785335184128554,1819313093,0,0,1,-48,128,0,17,16,16,16,15,15,15,15,14,14,14,14,13,14,13,13,13,13,12,13,12,11,11,11,10,10,0,0,0,0,0,0,0,0,0,0,0,11,12,12,13,13,14,15,15,16,16,16,16,16,16,16,17,17,17,17,17,17,17,17,17,17,17,0,31,31,30,29,28,27,27,27,25,26,25,24,24,24,24,25,23,23,23,21,22,21,20,20,20,18,17,17,0,0,0,0,0,0,0,18,19,20,21,22,24,25,25,26,28,28,29,28,29,29,29,31,31,32,31,32,31,32,31,30,33,32,32
20260729_152303_3a4d7f,1785335184229188,1819413217,0,0,1,-50,128,0,17,16,15,14,14,14,13,13,13,11,12,12,11,12,11,12,11,11,11,11,11,10,10,10,9,9,0,0,0,0,0,0,0,0,0,0,0,9,11,11,12,12,13,13,14,15,15,15,15,15,16,15,15,17,16,17,17,17,17,17,17,17,17,0,60,61,56,55,55,53,52,49,47,47,46,44,45,44,44,43,43,43,43,40,38,38,38,36,33,35,32,32,0,0,0,0,0,0,0,32,36,37,39,43,46,45,49,51,53,54,56,56,58,59,60,60,59,62,61,63,63,62,63,62,63,64,62
20260729_152303_3a4d7f,1785335184329246,1819511824,0,0,1,-49,128,0,17,17,16,16,15,14,14,14,14,14,13,13,13,12,13,12,13,12,12,12,11,11,11,11,10,9,0,0,0,0,0,0,0,0,0,0,0,10,11,11,11,13,13,14,14,15,16,16,15,16,15,15,16,16,16,16,16,16,17,17,17,17,17,0,61,60,59,57,55,56,53,50,51,49,50,49,47,47,46,46,45,45,43,42,43,40,39,36,35,35,32,33,0,0,0,0,0,0,0,34,37,39,39,43,45,47,51,51,53,53,54,55,56,56,57,56,58,58,59,61,61,60,61,61,62,62,63
20260729_152303_3a4d7f,1785335184427199,1819611462,0,0,1,-51,128,0,16,16,16,16,16,15,15,15,14,14,13,13,13,13,13,12,12,12,12,12,12,11,10,10,9,9,0,0,0,0,0,0,0,0,0,0,0,10,10,11,11,12,13,13,13,14,15,15,16,16,16,16,17,16,16,16,17,17,18,18,17,18,17,0,62,61,60,58,57,56,53,52,51,50,50,47,47,47,47,47,46,45,43,43,41,39,37,36,34,34,31,31,0,0,0,0,0,0,0,30,33,35,36,38,41,45,46,50,50,52,54,55,56,57,58,58,60,60,62,61,64,62,64,63,63,64,63
20260729_152303_3a4d7f,1785335184526292,1819711145,0,0,1,-49,128,0,15,15,15,15,14,14,14,13,13,13,13,13,13,12,12,13,13,12,13,12,11,11,10,10,10,9,0,0,0,0,0,0,0,0,0,0,0,8,9,10,11,10,11,12,12,13,13,14,14,15,15,15,15,15,15,16,16,16,16,16,16,16,16,0,30,31,31,29,28,28,27,27,26,26,25,26,24,25,25,25,24,24,23,22,22,22,20,20,20,19,19,17,0,0,0,0,0,0,0,15,15,16,18,18,21,21,22,23,25,26,26,26,27,28,28,27,28,28,29,31,31,30,33,30,31,33,32
20260729_152303_3a4d7f,1785335184632350,1819813665,0,0,1,-50,128,0,16,16,16,15,15,14,14,14,13,13,13,13,13,13,12,13,12,12,12,12,11,11,10,10,10,9,0,0,0,0,0,0,0,0,0,0,0,8,9,11,11,11,12,13,13,14,14,14,15,15,15,15,16,16,15,16,16,16,17,16,17,17,17,0,30,30,28,28,27,27,25,25,24,24,25,24,24,23,23,22,22,22,22,22,21,20,20,18,18,17,16,16,0,0,0,0,0,0,0,15,15,16,18,19,21,21,23,24,24,26,26,26,27,27,28,28,29,28,29,29,29,29,30,30,30,29,31
20260729_152303_3a4d7f,1785335184732295,1819912583,0,0,1,-50,128,0,16,16,16,16,15,15,14,14,14,14,13,13,13,13,13,13,13,13,12,12,12,11,11,11,10,10,0,0,0,0,0,0,0,0,0,0,0,8,9,9,10,11,11,12,12,13,13,13,14,14,14,14,14,14,16,14,15,15,16,16,16,16,16,0,31,30,29,30,29,29,28,28,27,27,27,25,25,25,25,25,24,23,24,24,23,22,21,20,20,19,19,18,0,0,0,0,0,0,0,14,15,16,16,18,19,20,21,23,24,25,25,25,26,26,28,28,29,28,28,28,29,31,31,30,32,31,30
20260729_152303_3a4d7f,1785335184831139,1820014189,0,0,1,-50,128,0,16,16,16,15,15,15,14,14,14,14,14,13,13,13,13,13,13,12,12,12,12,11,11,10,10,9,0,0,0,0,0,0,0,0,0,0,0,9,9,9,10,11,11,12,12,13,13,13,14,14,14,14,15,15,15,15,15,15,16,16,16,16,16,0,30,30,30,29,29,29,27,27,26,26,26,25,25,26,26,26,25,24,24,24,23,22,21,20,20,19,18,17,0,0,0,0,0,0,0,14,15,16,17,19,20,21,22,22,24,24,26,26,26,27,27,27,28,28,28,29,29,31,30,30,31,32,31
20260729_152303_3a4d7f,1785335184930473,1820111560,0,0,1,-52,128,0,16,16,16,16,15,15,14,14,14,14,13,13,13,13,13,12,13,12,12,12,11,11,10,10,9,9,0,0,0,0,0,0,0,0,0,0,0,9,9,9,9,11,11,12,12,13,14,14,14,14,14,14,15,15,15,15,16,16,16,16,17,17,17,0,30,31,29,29,28,28,27,27,26,26,25,25,24,23,25,24,24,23,23,23,21,21,20,19,18,18,18,16,0,0,0,0,0,0,0,13,14,16,16,19,19,20,20,23,23,24,25,25,26,27,27,26,29,27,29,29,30,31,30,31,31,31,30
20260729_152303_3a4d7f,1785335185029040,1820211692,0,0,1,-51,128,0,16,16,15,16,15,15,14,14,14,14,14,14,13,13,14,13,14,13,13,13,13,12,12,11,11,11,0,0,0,0,0,0,0,0,0,0,0,7,8,8,9,9,9,11,11,11,12,12,12,12,13,13,14,13,13,13,15,15,15,16,16,16,16,0,61,61,59,59,58,57,56,55,55,54,55,54,52,52,53,54,54,53,52,49,48,47,46,45,43,41,39,38,0,0,0,0,0,0,0,24,27,26,29,34,34,38,39,41,43,45,47,46,48,49,50,52,52,54,53,57,57,58,59,59,61,62,60
20260729_152303_3a4d7f,1785335185128583,1820311279,0,0,1,-51,128,0,17,17,16,16,16,15,15,14,14,14,14,14,13,13,13,13,13,13,13,13,13,12,11,11,11,10,0,0,0,0,0,0,0,0,0,0,0,8,8,9,10,11,11,11,13,13,13,13,14,14,14,15,15,15,15,16,16,16,16,17,17,17,17,0,63,60,62,59,57,56,55,54,54,53,53,50,52,51,51,51,50,51,49,48,47,45,42,42,41,40,36,38,0,0,0,0,0,0,0,24,28,30,33,33,38,38,42,44,46,48,49,51,52,52,55,55,56,56,58,59,59,60,63,60,62,63,63
20260729_152303_3a4d7f,1785335185239347,1820420198,0,0,1,-51,128,0,17,18,16,16,16,16,16,16,15,14,14,14,14,14,14,14,14,13,13,13,12,12,12,11,11,10,0,0,0,0,0,0,0,0,0,0,0,9,9,10,11,12,12,13,13,13,14,14,14,16,16,16,16,16,16,16,16,16,17,18,17,18,18,0,31,33,32,30,29,29,29,28,27,27,27,27,27,26,25,25,25,25,25,23,23,22,22,20,20,18,18,17,0,0,0,0,0,0,0,15,15,16,17,18,20,21,23,23,24,25,26,27,27,27,28,28,29,30,29,30,31,31,31,32,32,33,32
20260729_152303_3a4d7f,1785335185339099,1820521015,0,0,1,-51,128,0,17,18,17,17,16,16,16,15,16,16,15,15,14,14,14,14,14,14,14,13,13,12,12,11,11,10,0,0,0,0,0,0,0,0,0,0,0,8,9,9,10,11,11,12,13,13,13,13,14,14,14,15,16,15,16,16,17,17,17,17,17,18,17,0,32,32,31,30,30,29,28,29,27,27,27,27,25,26,26,26,26,24,24,24,22,22,21,21,19,19,18,17,0,0,0,0,0,0,0,12,13,14,15,16,18,19,20,21,22,23,24,24,25,26,27,28,28,28,29,30,30,30,31,31,32,32,32
20260729_152303_3a4d7f,1785335185429173,1820614558,0,0,1,-51,128,0,16,16,16,15,15,15,15,14,15,14,14,14,14,14,14,14,13,13,13,12,12,12,11,11,10,10,0,0,0,0,0,0,0,0,0,0,0,8,8,9,9,10,10,11,12,12,13,14,14,14,13,14,15,14,14,16,16,16,16,16,16,16,17,0,31,31,31,30,29,29,28,27,28,27,26,26,26,25,26,26,25,25,25,24,23,22,22,21,19,19,18,17,0,0,0,0,0,0,0,12,14,14,15,16,18,20,20,22,22,23,25,25,25,26,26,26,27,27,28,29,30,30,30,31,31,31,32
20260729_152303_3a4d7f,1785335185526558,1820711718,0,0,1,-52,128,0,17,18,17,17,17,16,16,16,15,15,15,14,15,15,15,15,15,14,14,14,14,13,12,12,11,11,0,0,0,0,0,0,0,0,0,0,0,9,9,11,11,11,12,12,13,13,14,14,14,14,14,14,15,15,16,16,16,16,17,17,17,17,17,0,64,64,62,60,60,59,57,56,59,56,55,53,56,54,54,54,51,53,55,49,48,43,42,42,42,37,38,34,0,0,0,0,0,0,0,28,30,31,33,35,38,40,42,43,46,48,48,50,51,52,53,53,55,55,56,58,59,59,61,61,63,63,64
20260729_152303_3a4d7f,1785335185631340,1820811704,0,0,1,-51,128,0,17,18,17,17,17,17,16,16,16,16,15,15,14,15,15,15,15,14,14,13,13,13,12,12,11,10,0,0,0,0,0,0,0,0,0,0,0,8,9,9,10,10,11,12,13,13,13,14,14,14,14,16,16,17,16,17,17,17,18,18,18,18,18,0,65,65,63,63,61,62,58,57,57,57,55,55,55,53,53,51,53,51,49,48,46,45,42,41,39,37,35,35,0,0,0,0,0,0,0,23,26,28,31,33,36,40,39,43,46,47,49,51,50,53,55,56,57,57,59,61,63,63,65,64,64,66,66
20260729_152303_3a4d7f,1785335185730925,1820911815,0,0,1,-51,128,0,16,16,16,15,15,15,14,14,14,14,14,13,13,13,13,13,13,13,13,12,12,11,11,10,10,10,0,0,0,0,0,0,0,0,0,0,0,6,7,8,8,8,10,11,11,11,12,12,13,13,13,13,14,14,14,15,15,15,16,16,16,16,16,0,64,61,61,60,61,59,56,55,53,54,54,53,52,53,51,52,50,51,49,49,47,45,43,41,40,39,36,35,0,0,0,0,0,0,0,21,24,26,29,31,34,35,40,41,42,44,47,48,50,50,52,54,54,57,56,59,59,59,60,61,62,63,64
20260729_152303_3a4d7f,1785335185854775,1821040117,0,0,1,-51,128,0,16,16,16,15,14,14,14,13,13,13,13,13,12,12,12,12,12,12,12,11,11,10,10,9,9,8,0,0,0,0,0,0,0,0,0,0,0,7,8,9,9,10,10,11,11,12,13,13,13,13,13,14,15,14,14,15,15,16,16,16,16,16,16,0,64,61,62,57,59,57,56,54,54,52,52,51,50,52,48,50,47,49,47,45,44,42,40,39,38,36,33,33,0,0,0,0,0,0,0,26,28,31,34,35,38,39,42,44,46,50,50,52,52,54,54,57,56,59,58,61,59,62,64,62,63,65,64
20260729_152303_3a4d7f,1785335185928080,1821111824,0,0,1,-51,128,0,17,18,18,16,16,16,16,16,16,16,15,15,15,14,14,14,15,14,14,14,13,13,13,12,11,11,0,0,0,0,0,0,0,0,0,0,0,8,9,9,10,11,11,11,12,13,13,13,13,14,15,15,15,16,16,16,16,17,17,17,17,17,18,0,64,65,62,62,60,61,59,57,55,57,55,54,54,53,54,52,54,50,51,50,48,47,46,43,40,39,38,36,0,0,0,0,0,0,0,27,27,29,30,34,35,38,39,42,44,46,49,48,49,51,53,52,55,55,57,59,61,62,63,64,64,64,64
20260729_152303_3a4d7f,1785335186028071,1821212399,0,0,1,-51,128,0,16,16,15,15,15,14,14,14,14,14,14,13,13,13,13,13,13,13,13,12,12,11,11,11,10,9,0,0,0,0,0,0,0,0,0,0,0,7,7,8,9,9,11,11,11,11,13,13,13,14,14,14,14,15,15,16,16,16,16,17,17,17,17,0,62,64,60,62,59,57,57,54,54,55,54,53,52,51,53,50,52,50,50,46,46,44,42,41,39,38,35,33,0,0,0,0,0,0,0,23,25,26,29,33,35,38,39,41,45,47,49,52,51,53,55,54,58,56,59,60,61,62,62,64,66,65,64
20260729_152303_3a4d7f,1785335186128870,1821311337,0,0,1,-52,128,0,17,18,17,17,16,16,16,16,16,16,15,15,14,14,14,14,14,14,14,13,13,13,12,12,11,10,0,0,0,0,0,0,0,0,0,0,0,8,9,9,10,10,11,12,12,12,14,13,14,14,14,15,15,15,16,16,16,16,18,16,17,18,17,0,63,64,62,61,59,59,59,57,56,56,55,53,53,53,52,53,52,50,49,49,47,44,42,42,40,37,36,34,0,0,0,0,0,0,0,23,27,27,29,33,34,37,40,41,44,46,48,49,50,52,53,54,54,56,57,57,59,60,62,62,64,63,64
20260729_152303_3a4d7f,1785335186231750,1821411788,0,0,1,-51,128,0,17,16,16,16,16,16,15,15,14,15,14,14,14,14,14,14,14,13,13,13,13,12,12,10,10,10,0,0,0,0,0,0,0,0,0,0,0,8,8,9,9,11,11,12,12,13,13,13,13,14,14,14,16,16,16,16,16,17,17,17,17,17,17,0,64,64,59,62,58,59,58,56,55,57,55,53,51,51,54,51,52,50,50,50,47,46,44,42,40,36,37,34,0,0,0,0,0,0,0,25,27,30,30,35,36,41,42,45,46,48,51,52,55,54,55,55,58,57,59,59,61,59,62,64,63,64,64
20260729_152303_3a4d7f,1785335186332402,1821513411,0,0,1,-52,128,0,16,17,16,16,16,16,15,15,15,14,15,15,15,15,15,14,14,14,14,14,13,13,12,11,12,10,0,0,0,0,0,0,0,0,0,0,0,8,9,9,10,11,11,11,12,12,13,13,13,14,13,14,14,14,15,15,15,16,16,16,16,17,16,0,32,32,32,31,31,30,29,29,28,28,28,27,28,27,27,28,27,26,26,25,25,24,23,22,21,21,19,20,0,0,0,0,0,0,0,13,14,15,16,17,19,20,21,22,23,23,25,25,26,26,27,27,27,28,29,29,30,30,31,31,31,32,31
20260729_152303_3a4d7f,1785335186431414,1821611586,0,0,1,-52,128,0,17,17,17,17,16,16,16,15,15,15,15,15,15,15,15,14,14,14,14,14,14,13,13,12,11,11,0,0,0,0,0,0,0,0,0,0,0,8,8,9,10,11,11,11,11,12,13,13,13,14,14,14,15,15,15,15,15,16,17,16,17,17,17,0,63,64,64,62,62,61,59,58,56,57,58,55,55,55,54,55,55,54,53,51,50,47,46,44,43,42,39,40,0,0,0,0,0,0,0,26,28,30,32,33,36,38,40,42,44,45,48,49,50,50,52,52,55,57,55,57,60,61,60,62,62,63,64
20260729_152303_3a4d7f,1785335186530751,1821714010,0,0,1,-52,128,0,16,16,16,16,16,15,15,14,14,14,14,13,13,13,14,14,14,14,14,12,12,11,11,11,10,10,0,0,0,0,0,0,0,0,0,0,0,7,8,9,9,10,11,11,11,11,12,12,13,13,13,13,14,14,14,15,15,15,16,16,16,16,16,0,31,31,30,30,29,29,28,27,27,27,26,26,26,26,26,26,26,25,25,24,23,23,22,21,20,20,18,18,0,0,0,0,0,0,0,13,13,14,16,17,17,18,19,21,22,23,23,24,25,26,26,26,27,27,28,28,29,30,31,30,30,32,31
20260729_152303_3a4d7f,1785335186629224,1821813516,0,0,1,-52,128,0,17,17,17,17,17,17,16,16,15,15,15,15,14,14,14,14,14,14,14,13,13,12,12,12,12,11,0,0,0,0,0,0,0,0,0,0,0,8,8,8,9,10,11,11,12,12,13,13,14,14,14,14,15,15,15,16,16,16,17,17,17,17,17,0,62,62,61,61,59,59,56,56,55,57,56,55,53,52,54,53,51,53,50,48,49,45,44,45,42,40,37,40,0,0,0,0,0,0,0,25,26,28,30,33,35,38,41,42,44,44,46,48,48,50,50,51,52,53,56,56,58,60,60,62,63,64,63
20260729_152303_3a4d7f,1785335186727390,1821911952,0,0,1,-52,128,0,17,17,17,17,17,17,17,15,15,15,15,15,15,15,15,15,15,15,14,14,13,13,13,12,12,11,0,0,0,0,0,0,0,0,0,0,0,8,8,9,9,11,11,12,12,13,13,14,13,14,14,14,15,15,15,17,16,17,17,17,17,17,17,0,65,65,64,62,60,61,59,58,56,58,56,55,55,54,55,55,55,53,53,52,50,48,47,45,43,41,41,39,0,0,0,0,0,0,0,25,27,29,30,34,35,38,40,42,43,46,48,48,51,50,51,52,55,55,57,57,60,61,60,62,64,64,64
20260729_152303_3a4d7f,1785335186832124,1822011953,0,0,1,-52,128,0,16,16,16,16,16,15,14,14,14,14,14,14,14,14,14,14,14,14,14,13,13,12,12,12,11,10,0,0,0,0,0,0,0,0,0,0,0,7,8,8,9,9,10,10,11,12,12,12,13,13,13,13,14,14,14,14,15,15,15,16,16,17,17,0,64,64,60,61,59,59,59,56,56,57,56,54,55,54,54,53,53,53,52,51,49,48,46,43,42,42,38,37,0,0,0,0,0,0,0,25,27,28,30,33,33,37,39,41,44,46,47,50,49,51,52,52,53,54,55,58,59,59,61,61,63,63,65
20260729_152303_3a4d7f,1785335186931357,1822111503,0,0,1,-52,128,0,17,18,17,17,17,17,17,16,15,15,15,15,15,15,15,15,16,15,15,15,14,14,14,12,12,11,0,0,0,0,0,0,0,0,0,0,0,8,8,9,9,10,11,12,12,13,13,13,13,14,14,14,15,15,16,16,17,17,17,17,18,18,17,0,64,65,64,62,61,61,59,59,56,57,56,55,56,55,55,55,56,54,53,52,51,49,48,46,44,43,41,40,0,0,0,0,0,0,0,26,27,28,31,33,35,38,39,42,43,45,48,48,50,51,52,54,55,55,56,59,59,60,62,62,64,64,64
20260729_152303_3a4d7f,1785335187029625,1822214227,0,0,1,-51,128,0,16,16,16,16,15,15,15,14,14,14,14,13,13,13,13,13,13,13,13,12,12,12,11,11,10,10,0,0,0,0,0,0,0,0,0,0,0,6,7,7,8,9,9,10,11,11,12,12,13,13,13,13,14,14,14,14,15,15,16,16,16,16,16,0,64,63,62,61,58,59,57,56,55,57,55,53,53,53,54,51,53,52,52,50,48,47,46,42,43,40,38,37,0,0,0,0,0,0,0,24,26,27,29,32,34,37,38,40,44,45,48,47,50,51,50,51,54,54,57,56,59,59,60,62,61,63,63
20260729_152303_3a4d7f,1785335187129138,1822313697,0,0,1,-51,128,0,16,16,15,15,14,14,14,14,13,13,13,14,13,13,14,13,13,13,13,12,12,11,11,10,9,9,0,0,0,0,0,0,0,0,0,0,0,7,7,8,9,10,9,11,10,11,12,12,12,13,13,13,13,13,14,14,14,14,15,15,16,16,16,0,32,30,30,30,29,29,29,27,27,28,27,26,26,26,26,26,27,25,25,24,24,23,22,20,20,19,18,18,0,0,0,0,0,0,0,12,13,14,15,17,17,19,20,22,22,24,24,23,24,25,26,25,27,27,27,27,29,29,30,31,30,32,31
20260729_152303_3a4d7f,1785335187234479,1822416205,0,0,1,-52,128,0,17,17,17,17,16,16,16,15,15,15,15,15,15,15,15,15,15,15,14,14,14,13,13,12,12,11,0,0,0,0,0,0,0,0,0,0,0,9,9,10,10,11,11,12,12,13,14,14,14,14,14,15,16,15,16,16,16,16,17,17,17,17,17,0,32,32,31,31,30,29,29,28,28,29,29,27,27,27,28,27,27,26,27,26,25,24,23,22,22,20,20,19,0,0,0,0,0,0,0,13,14,16,17,18,19,21,21,23,23,25,25,26,26,26,26,27,28,28,29,29,30,30,30,32,33,32,33
20260729_152303_3a4d7f,1785335187327204,1822511411,0,0,1,-52,128,0,17,16,15,15,15,14,14,14,14,14,14,13,13,13,13,13,13,13,13,12,11,11,11,10,10,10,0,0,0,0,0,0,0,0,0,0,0,7,7,9,9,9,10,11,11,11,12,13,13,13,13,14,14,14,14,14,15,16,16,16,16,17,17,0,62,63,60,61,59,58,57,56,54,56,52,52,51,50,52,50,52,50,49,48,47,43,44,42,40,38,38,35,0,0,0,0,0,0,0,25,26,28,29,34,35,38,39,42,44,45,49,50,49,51,52,52,55,55,58,57,59,60,61,63,63,64,63
20260729_152303_3a4d7f,1785335187431886,1822611908,0,0,1,-52,128,0,17,16,16,16,16,16,15,15,15,15,15,14,14,14,14,14,14,14,13,13,13,12,12,12,11,11,0,0,0,0,0,0,0,0,0,0,0,9,9,10,10,11,11,12,12,13,14,14,14,14,15,15,15,15,16,16,16,16,16,17,17,17,17,0,64,63,61,61,58,59,56,57,54,56,56,52,52,51,53,53,52,51,50,49,47,45,44,42,40,39,38,38,0,0,0,0,0,0,0,27,29,30,34,36,38,41,44,45,48,49,50,51,53,52,53,53,57,57,59,59,61,61,61,63,64,63,64
20260729_152303_3a4d7f,1785335187530804,1822712166,0,0,1,-52,128,0,17,17,17,16,16,15,15,15,15,15,15,14,14,14,14,14,14,14,13,13,13,12,12,12,11,11,0,0,0,0,0,0,0,0,0,0,0,8,8,9,10,10,11,12,13,13,13,13,13,14,14,14,14,15,15,16,16,17,17,17,17,17,17,0,65,63,62,62,60,58,57,57,55,56,54,53,51,52,53,51,51,51,50,48,48,46,45,41,42,40,38,38,0,0,0,0,0,0,0,25,28,29,31,35,37,40,40,44,45,47,49,51,51,52,52,54,55,55,58,59,60,61,62,64,63,64,62
20260729_152303_3a4d7f,1785335187630090,1822811658,0,0,1,-52,128,0,16,16,16,15,15,15,15,14,14,13,14,13,13,14,14,13,14,13,13,12,12,11,11,10,10,9,0,0,0,0,0,0,0,0,0,0,0,7,8,8,9,9,10,11,11,12,13,13,13,13,14,14,14,14,14,15,15,15,16,15,16,17,17,0,63,63,60,63,59,59,57,56,55,55,53,52,52,51,52,51,52,49,50,48,48,45,44,41,39,38,38,36,0,0,0,0,0,0,0,25,28,29,30,34,36,39,39,42,44,46,48,50,50,51,52,53,55,55,56,57,59,61,61,63,64,64,63
20260729_152303_3a4d7f,1785335187729999,1822911227,0,0,1,-52,128,0,16,17,17,16,16,16,15,15,15,15,15,15,15,15,15,15,15,14,14,14,13,13,13,12,12,10,0,0,0,0,0,0,0,0,0,0,0,8,8,9,10,11,11,12,12,12,12,13,13,13,13,14,14,14,15,15,16,16,16,16,17,17,17,0,33,33,32,31,30,31,30,29,29,29,28,27,28,28,27,27,27,27,26,25,25,24,23,22,22,21,19,19,0,0,0,0,0,0,0,13,14,15,16,17,19,20,21,22,23,24,24,25,25,25,27,28,28,29,29,30,31,31,32,32,33,33,33
20260729_152303_3a4d7f,1785335187829437,1823012301,0,0,1,-52,128,0,16,16,15,16,15,15,15,14,14,14,14,13,13,13,13,13,13,12,12,12,12,11,11,10,10,10,0,0,0,0,0,0,0,0,0,0,0,8,8,9,8,10,10,11,11,12,12,13,13,13,13,13,14,14,15,14,15,15,16,16,16,16,16,0,32,30,30,30,29,29,28,27,27,27,27,26,26,26,25,25,25,24,24,23,23,22,21,20,20,19,18,18,0,0,0,0,0,0,0,12,13,14,15,16,18,18,20,21,22,23,24,24,25,25,25,26,27,28,28,29,29,30,30,31,31,31,31
20260729_152303_3a4d7f,1785335187932268,1823113118,0,0,1,-52,128,0,17,17,17,17,17,16,16,15,15,15,15,15,15,15,14,14,14,14,13,13,13,12,12,11,11,11,0,0,0,0,0,0,0,0,0,0,0,8,9,10,10,11,11,12,13,13,14,14,14,14,15,15,15,15,15,16,16,17,17,17,17,17,17,0,64,63,63,59,59,59,57,56,53,55,54,54,53,53,53,52,52,51,51,49,47,46,44,43,40,40,37,37,0,0,0,0,0,0,0,27,28,31,32,34,38,39,42,44,46,48,50,50,51,53,54,55,55,55,57,58,60,60,62,61,64,64,64
20260729_152303_3a4d7f,1785335188027845,1823211757,0,0,1,-52,128,0,18,17,18,16,17,17,16,16,16,15,15,14,15,15,14,15,15,15,14,14,13,13,13,13,11,11,0,0,0,0,0,0,0,0,0,0,0,8,9,10,11,11,12,13,13,13,14,14,14,15,15,15,15,16,16,16,16,17,17,17,18,18,18,0,62,63,62,59,57,58,57,57,54,55,53,53,53,53,52,51,52,51,50,49,47,45,45,43,40,40,37,37,0,0,0,0,0,0,0,25,28,29,31,34,37,38,40,42,44,46,48,48,50,51,52,53,54,56,57,59,58,62,61,60,62,63,62
20260729_152303_3a4d7f,1785335188127677,1823312840,0,0,1,-52,128,0,17,17,17,16,16,16,15,15,15,14,14,14,13,14,14,14,14,14,13,13,13,12,12,12,11,11,0,0,0,0,0,0,0,0,0,0,0,8,8,9,10,11,11,12,13,13,13,13,13,14,14,14,15,15,15,16,16,16,17,16,17,17,17,0,32,31,32,29,29,29,28,28,27,27,27,26,26,26,25,26,25,26,24,24,24,21,21,21,21,21,18,17,0,0,0,0,0,0,0,13,13,16,16,17,18,19,21,21,22,24,24,24,25,25,25,27,26,28,27,29,29,29,29,29,31,33,31
20260729_152303_3a4d7f,1785335188231315,1823412542,0,0,1,-52,128,0,16,16,16,16,15,15,15,14,13,13,13,13,13,13,13,13,13,13,12,12,12,11,11,11,10,10,0,0,0,0,0,0,0,0,0,0,0,7,8,8,9,10,10,11,11,11,12,12,13,12,13,13,13,13,15,15,16,16,16,16,16,16,16,0,62,65,62,61,59,59,58,56,54,54,54,53,52,52,52,51,51,50,51,50,47,45,45,42,40,39,38,37,0,0,0,0,0,0,0,25,28,29,30,34,36,38,40,43,45,46,48,49,48,51,52,52,55,54,55,59,58,62,61,64,65,65,63
20260729_152303_3a4d7f,1785335188331690,1823511890,0,0,1,-52,128,0,16,16,16,16,16,16,15,15,14,14,14,14,14,14,13,13,13,13,13,12,12,12,11,11,10,10,0,0,0,0,0,0,0,0,0,0,0,7,9,9,9,10,10,11,12,13,12,13,14,14,14,14,14,15,15,15,15,16,16,16,16,16,16,0,64,62,60,60,58,58,56,56,54,55,54,52,51,52,51,51,51,51,50,50,48,45,45,42,42,41,38,37,0,0,0,0,0,0,0,24,26,29,32,33,36,38,41,43,45,46,48,49,50,51,52,52,55,56,57,58,58,62,60,62,62,62,62
20260729_152303_3a4d7f,1785335188431421,1823612171,0,0,1,-52,128,0,16,16,16,15,15,16,16,15,15,14,15,14,14,14,13,13,13,13,13,13,13,12,12,11,11,11,0,0,0,0,0,0,0,0,0,0,0,8,8,9,10,10,11,12,12,13,13,13,14,14,14,14,15,15,15,16,16,16,16,16,16,16,16,0,64,64,63,61,61,59,57,57,55,55,54,53,54,53,53,54,52,52,51,50,49,47,45,43,42,40,38,37,0,0,0,0,0,0,0,25,28,30,33,34,36,40,42,45,46,48,48,50,51,52,54,54,55,55,56,59,61,61,61,62,64,64,63
20260729_152303_3a4d7f,1785335188530851,1823711904,0,0,1,-52,128,0,17,17,17,16,16,16,16,16,16,15,15,15,15,15,15,15,15,14,14,14,13,13,13,12,12,11,0,0,0,0,0,0,0,0,0,0,0,8,9,9,10,11,11,12,13,13,14,14,14,14,14,14,15,15,16,16,17,17,17,17,18,18,17,0,65,65,62,61,59,59,58,57,55,55,54,54,54,53,53,51,54,50,50,50,48,46,44,42,42,40,37,38,0,0,0,0,0,0,0,26,28,29,32,35,37,41,41,44,46,48,49,49,51,51,54,54,55,55,57,59,60,62,62,64,64,63,63
20260729_152303_3a4d7f,1785335188626772,1823811721,0,0,1,-52,128,0,17,17,17,16,16,16,15,16,14,15,15,14,14,14,14,14,14,14,14,14,14,13,12,12,11,11,0,0,0,0,0,0,0,0,0,0,0,8,9,10,11,11,11,12,13,13,13,14,14,15,14,15,15,16,15,16,16,17,17,17,17,17,17,0,64,61,62,59,60,58,56,55,54,54,54,51,53,53,51,53,50,52,49,49,48,45,44,43,41,42,37,37,0,0,0,0,0,0,0,27,30,29,34,34,37,38,43,43,46,48,48,50,50,52,52,53,54,56,55,60,59,59,62,60,63,64,64
20260729_152303_3a4d7f,1785335188731140,1823912186,0,0,1,-52,128,0,17,17,17,16,16,15,15,15,14,14,14,13,13,13,14,14,13,13,13,13,13,11,12,11,11,10,0,0,0,0,0,0,0,0,0,0,0,8,9,9,9,10,11,11,12,12,13,14,14,14,14,14,15,15,15,16,16,16,16,16,17,17,17,0,65,61,60,61,57,58,57,56,54,55,54,53,52,52,52,51,50,50,49,49,48,45,44,43,41,40,38,37,0,0,0,0,0,0,0,25,27,29,31,34,36,40,40,43,45,47,49,49,51,52,52,53,55,55,57,58,59,59,62,63,62,63,64
20260729_152303_3a4d7f,1785335188830715,1824011852,0,0,1,-52,128,0,16,16,15,15,15,15,15,15,15,14,14,14,13,13,13,13,13,13,13,13,13,12,11,11,11,10,0,0,0,0,0,0,0,0,0,0,0,8,9,9,9,10,10,11,12,12,13,13,13,14,14,13,14,15,15,15,16,16,16,16,16,16,16,0,31,31,31,30,29,29,28,28,27,27,27,26,26,26,25,26,25,25,25,25,24,22,21,21,20,19,18,18,0,0,0,0,0,0,0,13,14,15,16,17,18,20,21,21,23,24,24,24,25,25,26,26,26,28,28,29,29,30,30,30,31,32,31
20260729_152303_3a4d7f,1785335188932472,1824114618,0,0,1,-52,128,0,17,17,16,17,16,16,15,14,15,15,15,14,14,14,15,15,15,14,13,14,14,12,12,11,11,10,0,0,0,0,0,0,0,0,0,0,0,8,9,10,10,11,11,12,13,13,13,14,14,14,14,14,15,15,15,15,16,16,17,17,17,17,17,0,63,62,62,60,60,58,57,55,57,56,55,53,52,53,52,54,51,52,52,49,48,46,44,44,41,41,38,39,0,0,0,0,0,0,0,26,29,30,32,36,37,39,42,44,46,48,49,51,51,51,53,54,55,57,56,58,59,60,60,62,64,63,64
20260729_152303_3a4d7f,1785335189032297,1824212726,0,0,1,-52,128,0,16,16,16,16,15,15,15,14,14,13,13,14,13,13,13,13,13,12,12,12,12,12,11,11,10,10,0,0,0,0,0,0,0,0,0,0,0,7,8,8,9,10,10,10,11,12,12,12,13,13,13,13,14,14,14,15,15,15,16,16,16,16,16,0,64,61,62,60,58,58,56,54,54,54,53,52,51,52,52,50,51,51,49,49,47,45,42,41,40,40,37,36,0,0,0,0,0,0,0,24,27,29,31,34,36,39,39,43,44,46,47,50,50,50,51,54,53,55,57,56,58,60,59,61,61,64,63
20260729_152303_3a4d7f,1785335189132336,1824312554,0,0,0,-52,128,0,17,17,17,16,16,15,15,15,14,14,14,14,14,14,14,14,13,13,13,13,13,12,12,11,11,11,0,0,0,0,0,0,0,0,0,0,0,8,9,9,10,10,11,11,13,12,14,14,14,14,14,14,14,15,15,15,15,16,16,17,17,17,16,0,62,61,61,60,60,57,57,54,54,56,53,53,52,53,51,52,52,49,49,48,47,46,44,43,42,41,37,38,0,0,0,0,0,0,0,26,27,28,32,34,35,38,42,44,45,46,47,49,50,51,53,54,54,56,55,57,59,59,62,61,62,63,62
20260729_152303_3a4d7f,1785335189227592,1824412150,0,0,0,-52,128,0,16,15,16,16,16,14,15,13,14,14,14,13,13,14,14,14,13,13,13,12,12,11,11,11,10,10,0,0,0,0,0,0,0,0,0,0,0,7,8,8,9,10,11,11,11,11,12,13,13,13,13,14,14,14,14,15,15,15,16,16,16,16,17,0,63,61,60,60,59,58,56,54,55,55,54,53,52,52,51,51,52,50,50,49,47,46,43,42,41,40,37,37,0,0,0,0,0,0,0,26,27,28,31,33,36,38,40,42,44,46,48,48,49,50,52,53,53,55,55,56,58,59,60,60,62,64,62
20260729_152303_3a4d7f,1785335189329640,1824513175,0,0,0,-52,128,0,16,16,16,16,15,15,15,14,14,14,14,13,13,14,14,14,14,13,13,13,13,12,12,11,11,9,0,0,0,0,0,0,0,0,0,0,0,8,8,9,10,10,11,12,11,12,12,13,13,13,14,14,14,14,15,15,15,16,16,16,17,17,16,0,31,31,31,30,30,29,28,27,27,27,26,26,27,26,25,26,26,25,24,24,23,23,22,20,20,20,18,18,0,0,0,0,0,0,0,12,14,16,16,17,18,19,20,22,23,24,25,24,25,26,27,26,27,27,28,28,30,30,31,30,31,32,32
20260729_152303_3a4d7f,1785335189425976,1824611637,0,0,0,-52,128,0,15,16,16,15,15,15,14,14,14,13,13,13,13,13,13,13,13,13,13,12,12,12,11,11,11,11,0,0,0,0,0,0,0,0,0,0,0,7,8,8,9,10,10,11,12,11,12,13,12,12,13,13,13,14,14,14,15,15,15,15,15,16,16,0,62,62,60,60,59,58,58,54,54,53,53,53,52,53,52,53,52,51,51,49,48,46,45,43,42,41,40,38,0,0,0,0,0,0,0,25,26,28,31,33,36,38,39,42,44,46,47,48,49,50,52,51,53,54,55,56,58,59,59,61,62,63,63
20260729_152303_3a4d7f,1785335189532651,1824712501,0,0,0,-52,128,0,17,17,17,17,16,16,16,16,15,15,14,15,15,15,15,15,15,14,14,14,14,13,13,13,11,12,0,0,0,0,0,0,0,0,0,0,0,8,9,9,10,10,12,12,12,13,13,13,14,15,15,15,15,15,15,16,16,16,17,17,17,17,17,0,64,62,63,59,62,59,56,57,55,54,55,54,53,54,51,54,50,52,52,49,49,47,45,43,43,42,38,39,0,0,0,0,0,0,0,26,28,29,32,34,37,38,41,43,44,47,49,50,50,52,53,55,55,55,55,60,59,61,62,60,63,64,63
20260729_152303_3a4d7f,1785335189627801,1824812959,0,0,0,-52,128,0,17,17,17,16,16,16,16,15,15,15,15,14,14,14,14,14,14,14,13,13,13,12,12,12,11,11,0,0,0,0,0,0,0,0,0,0,0,9,9,9,10,10,11,12,12,13,13,14,14,14,15,15,15,15,15,16,16,16,17,17,17,17,17,0,32,32,31,31,30,30,29,28,27,28,27,27,27,26,26,26,27,26,25,25,24,23,23,23,21,21,19,18,0,0,0,0,0,0,0,13,14,15,16,18,19,20,20,22,23,23,25,25,26,26,27,27,28,29,28,30,30,30,32,31,32,32,32
20260729_152303_3a4d7f,1785335189729135,1824911947,0,0,0,-52,128,0,17,17,16,16,16,15,15,14,15,15,15,14,14,14,14,14,14,14,14,14,13,13,12,12,11,11,0,0,0,0,0,0,0,0,0,0,0,8,9,9,10,11,11,12,13,13,13,13,14,14,14,14,15,15,15,15,16,16,17,16,17,17,17,0,63,63,62,62,60,59,57,56,53,59,55,54,51,52,54,51,52,53,50,47,48,42,48,45,42,42,40,36,0,0,0,0,0,0,0,26,28,30,32,36,38,40,41,43,46,47,48,52,51,53,53,54,56,56,57,57,60,62,62,63,65,64,64
20260729_152303_3a4d7f,1785335189830465,1825012275,0,0,0,-52,128,0,16,16,16,15,15,15,14,14,13,14,13,13,13,13,13,13,13,13,12,12,12,12,10,11,10,9,0,0,0,0,0,0,0,0,0,0,0,7,8,8,9,9,10,10,11,11,12,12,12,13,13,13,13,13,14,14,14,14,16,16,16,16,16,0,31,31,30,30,29,30,28,28,26,29,26,28,26,26,25,26,25,24,25,26,24,24,22,20,20,18,19,19,0,0,0,0,0,0,0,12,13,14,15,17,18,20,20,21,22,23,24,24,24,25,26,26,28,27,28,28,29,30,30,31,31,31,30
20260729_152303_3a4d7f,1785335189928117,1825112172,0,0,0,-52,128,0,17,17,17,16,16,16,16,16,15,15,15,15,15,15,14,14,14,14,14,14,13,13,13,11,11,11,0,0,0,0,0,0,0,0,0,0,0,9,9,10,11,11,11,11,12,13,13,13,14,14,15,14,15,15,15,16,16,16,17,16,18,18,17,0,63,62,61,61,59,59,57,57,55,56,54,54,52,52,53,52,52,50,51,48,47,45,46,44,41,40,39,38,0,0,0,0,0,0,0,25,29,29,30,35,36,39,41,44,45,47,48,49,51,51,52,54,55,55,57,58,59,61,61,62,62,63,63
20260729_152303_3a4d7f,1785335190031505,1825211744,0,0,0,-52,128,0,17,18,17,17,17,16,16,15,15,15,15,14,15,15,14,14,14,14,14,14,13,13,12,12,12,11,0,0,0,0,0,0,0,0,0,0,0,8,9,9,10,11,11,12,13,13,14,14,14,14,14,15,15,15,15,16,16,17,17,17,17,17,17,0,65,64,62,60,61,59,57,57,57,55,55,53,54,54,52,53,52,53,51,49,49,47,46,45,42,40,39,38,0,0,0,0,0,0,0,27,29,29,32,34,39,40,42,44,44,49,48,48,51,52,52,54,55,57,56,59,60,61,63,62,63,65,64
20260729_152303_3a4d7f,1785335190126490,1825311634,0,0,0,-52,128,0,16,16,16,16,15,15,14,14,14,14,14,13,13,13,13,13,12,12,13,12,11,11,11,10,10,10,0,0,0,0,0,0,0,0,0,0,0,7,8,9,9,9,10,11,11,12,12,13,13,13,13,14,14,15,14,15,15,15,16,16,16,17,17,0,32,30,30,30,29,28,28,27,27,26,26,25,25,26,26,25,25,24,24,24,23,22,22,20,20,20,18,17,0,0,0,0,0,0,0,11,14,13,15,17,18,19,21,21,22,23,24,24,25,25,26,26,28,28,28,29,29,30,31,30,31,32,32
20260729_152303_3a4d7f,1785335190226379,1825411940,0,0,0,-52,128,0,16,16,16,16,16,15,15,14,14,14,14,14,13,13,13,13,13,13,12,12,12,11,11,11,10,10,0,0,0,0,0,0,0,0,0,0,0,8,8,9,9,10,10,11,12,12,12,13,13,14,13,14,14,14,14,15,15,16,16,16,16,17,16,0,31,31,31,30,29,29,28,28,26,27,26,26,26,26,26,25,24,25,25,23,23,22,22,21,20,19,19,19,0,0,0,0,0,0,0,12,13,14,16,17,18,19,21,22,23,23,23,24,25,26,25,26,27,27,28,29,29,30,30,31,31,32,31
20260729_152303_3a4d7f,1785335190328330,1825511861,0,0,0,-52,128,0,17,17,17,17,16,16,16,15,16,16,15,14,14,14,14,14,14,14,14,13,13,13,12,12,11,11,0,0,0,0,0,0,0,0,0,0,0,8,9,10,10,11,11,12,12,13,13,13,13,14,15,15,16,16,16,16,16,17,17,17,17,18,18,0,32,32,31,31,30,30,29,29,28,28,28,27,27,27,26,27,26,26,25,25,24,23,22,22,22,21,19,19,0,0,0,0,0,0,0,13,15,15,16,18,19,20,20,21,23,25,24,25,26,26,26,27,28,28,29,30,30,30,31,31,31,33,32
20260729_152303_3a4d7f,1785335190463844,1825646345,0,0,0,-52,128,0,16,16,16,15,15,15,15,14,14,13,13,13,13,13,13,13,13,13,12,12,12,11,11,11,10,10,0,0,0,0,0,0,0,0,0,0,0,7,8,9,9,10,11,11,11,12,12,12,12,14,14,14,14,15,14,15,15,15,16,16,16,16,16,0,61,61,61,59,59,58,56,55,53,54,53,52,51,51,51,49,50,49,49,47,46,45,43,41,40,38,37,35,0,0,0,0,0,0,0,25,26,29,31,34,36,39,41,42,44,46,49,49,49,51,52,52,54,54,56,58,58,60,60,62,62,63,63
20260729_152303_3a4d7f,1785335190531422,1825714990,0,0,0,-52,128,0,16,16,16,16,15,15,14,14,14,15,14,13,13,13,14,13,13,13,13,13,12,12,11,11,10,10,0,0,0,0,0,0,0,0,0,0,0,7,8,8,9,10,10,11,11,12,12,13,13,13,13,13,14,14,15,15,15,15,16,16,16,16,16,0,31,31,29,30,28,30,28,27,26,26,27,26,25,25,25,26,25,25,24,24,24,19,21,20,22,18,19,19,0,0,0,0,0,0,0,13,13,14,15,16,18,19,19,20,22,23,23,24,25,25,25,26,27,28,28,28,29,29,30,31,31,32,31
20260729_152303_3a4d7f,1785335190627581,1825811243,0,0,0,-52,128,0,17,17,17,17,16,16,16,16,16,16,15,15,15,15,15,15,15,14,13,13,13,13,12,12,12,11,0,0,0,0,0,0,0,0,0,0,0,8,9,10,11,11,11,12,13,13,13,14,14,14,14,15,16,15,16,16,16,16,18,17,18,18,17,0,63,66,62,63,59,60,58,57,55,57,56,54,52,52,54,53,53,51,51,50,48,46,45,44,41,39,38,38,0,0,0,0,0,0,0,27,28,30,31,36,36,40,41,44,45,47,51,50,50,53,53,53,56,56,58,58,60,61,62,64,65,65,65
20260729_152303_3a4d7f,1785335190729664,1825913531,0,0,0,-52,128,0,15,16,15,15,15,14,14,14,13,13,13,13,13,13,13,12,12,12,12,12,12,11,11,11,10,10,0,0,0,0,0,0,0,0,0,0,0,7,8,9,9,9,9,11,11,11,12,12,12,12,13,13,13,13,14,15,15,15,15,16,16,16,16,0,63,62,60,61,59,58,57,56,54,55,54,53,53,51,53,51,52,50,49,48,47,46,45,42,40,40,38,37,0,0,0,0,0,0,0,25,26,29,30,34,36,39,40,41,44,46,48,48,49,50,52,52,55,54,56,57,58,59,60,63,63,63,62
20260729_152303_3a4d7f,1785335190830999,1826011986,0,0,0,-52,128,0,17,16,16,16,16,15,15,15,15,15,14,14,14,14,14,14,14,13,13,13,13,12,12,11,11,11,0,0,0,0,0,0,0,0,0,0,0,9,9,9,10,10,11,12,12,13,13,13,14,14,14,14,15,15,15,15,16,16,16,16,17,17,17,0,32,32,32,31,30,30,29,28,28,28,28,27,27,27,26,27,26,26,25,25,24,23,22,21,20,21,19,19,0,0,0,0,0,0,0,13,14,16,16,18,19,20,21,22,23,24,24,26,26,26,26,27,28,29,29,30,30,30,31,31,32,33,32
20260729_152303_3a4d7f,1785335190927951,1826111869,0,0,0,-52,128,0,16,16,16,15,15,15,14,14,13,14,13,13,13,13,13,13,13,13,13,12,12,11,11,10,10,10,0,0,0,0,0,0,0,0,0,0,0,8,8,8,9,9,10,11,11,12,12,13,13,13,13,13,13,14,15,15,15,16,16,16,16,16,16,0,63,62,61,61,59,58,57,55,54,54,54,52,52,53,51,50,51,50,49,48,46,44,43,42,40,40,38,37,0,0,0,0,0,0,0,25,27,29,31,34,35,38,39,42,44,45,48,49,50,51,52,52,53,56,56,58,59,59,61,61,63,64,65
20260729_152303_3a4d7f,1785335191031138,1826211748,0,0,0,-52,128,0,18,18,18,17,16,16,16,16,16,15,15,15,15,14,14,14,14,14,14,14,14,13,13,12,12,11,0,0,0,0,0,0,0,0,0,0,0,9,9,10,10,11,12,12,12,14,14,14,14,14,14,14,16,16,16,16,17,17,17,17,18,18,18,0,64,65,62,60,60,59,58,58,55,58,56,55,51,53,53,52,52,50,50,48,48,45,45,44,42,40,39,39,0,0,0,0,0,0,0,27,28,30,31,35,37,40,40,44,44,48,50,49,52,51,52,54,55,56,57,57,60,62,62,63,63,64,62
20260729_152303_3a4d7f,1785335191166572,1826351281,0,0,0,-52,128,0,17,17,17,16,16,16,16,15,15,15,14,14,14,14,14,14,14,13,13,13,13,12,12,11,11,11,0,0,0,0,0,0,0,0,0,0,0,9,9,9,10,10,11,12,12,13,13,13,14,14,14,15,15,15,15,16,16,16,17,17,17,18,17,0,32,32,32,30,30,29,29,28,28,28,27,27,26,27,27,27,27,26,25,25,24,23,22,22,21,20,18,18,0,0,0,0,0,0,0,13,15,14,16,17,19,20,21,21,23,24,25,24,26,26,27,27,27,28,28,29,30,31,31,30,31,32,31
20260729_152303_3a4d7f,1785335191233017,1826413728,0,0,0,-52,128,0,17,17,17,17,16,16,16,15,15,15,15,15,15,15,14,14,14,14,13,13,13,12,12,11,12,11,0,0,0,0,0,0,0,0,0,0,0,8,9,10,10,11,11,12,12,13,14,14,14,14,15,15,15,15,15,16,16,16,17,17,17,17,17,0,63,65,62,61,59,61,58,56,54,59,54,52,55,51,55,52,53,53,52,53,44,45,46,42,42,37,39,35,0,0,0,0,0,0,0,25,28,30,31,34,36,38,41,43,45,48,50,50,52,51,53,53,56,54,57,57,59,61,61,62,64,63,61
20260729_152303_3a4d7f,1785335191327064,1826512247,0,0,0,-52,128,0,17,16,16,16,16,15,15,15,14,14,14,14,14,13,13,13,13,13,13,12,12,12,11,11,10,10,0,0,0,0,0,0,0,0,0,0,0,8,8,9,9,10,11,11,12,13,13,13,13,14,14,14,14,14,15,15,16,16,16,16,17,17,17,0,62,64,61,61,59,59,57,56,55,56,55,53,51,51,53,52,52,51,51,48,47,44,45,43,41,39,38,37,0,0,0,0,0,0,0,26,28,29,31,34,36,40,41,44,45,47,49,50,50,51,52,52,57,55,58,59,59,59,60,64,63,63,64
20260729_152303_3a4d7f,1785335191444129,1826626408,0,0,0,-52,128,0,17,17,17,16,16,16,16,16,14,14,15,15,15,15,14,14,14,14,13,13,13,12,12,12,11,11,0,0,0,0,0,0,0,0,0,0,0,8,9,9,10,11,11,12,13,13,14,13,14,14,14,14,14,15,16,16,16,17,17,17,17,18,17,0,64,65,63,61,59,59,57,57,54,55,55,54,52,52,53,52,52,52,50,47,46,46,43,46,43,42,38,37,0,0,0,0,0,0,0,26,29,30,31,35,37,39,41,43,45,48,49,49,51,52,52,54,54,55,55,58,60,60,62,61,62,64,62
20260729_152303_3a4d7f,1785335191526626,1826711842,0,0,0,-52,128,0,17,17,17,16,17,16,16,15,14,14,16,15,14,14,14,14,15,14,14,14,14,13,12,12,12,11,0,0,0,0,0,0,0,0,0,0,0,8,9,9,10,11,11,12,13,13,13,13,13,14,14,15,15,16,16,16,16,16,17,17,18,17,17,0,64,63,63,59,61,59,57,57,55,55,52,54,53,57,53,52,54,48,53,46,44,49,43,49,42,42,41,38,0,0,0,0,0,0,0,26,29,29,32,34,38,40,42,44,45,47,48,50,51,51,53,54,54,56,56,58,60,60,62,63,64,64,63
20260729_152303_3a4d7f,1785335191627651,1826812571,0,0,0,-52,128,0,16,16,16,16,15,15,15,15,14,14,15,14,14,13,14,14,13,13,13,13,13,12,12,11,11,11,0,0,0,0,0,0,0,0,0,0,0,8,9,9,9,10,11,11,13,13,13,13,13,13,14,14,15,14,14,15,16,16,16,16,16,17,16,0,62,62,63,58,59,58,57,56,55,55,55,51,52,52,51,53,50,51,49,47,48,44,44,43,42,41,38,37,0,0,0,0,0,0,0,25,28,29,33,33,37,39,41,43,45,48,47,49,50,51,51,52,55,56,56,58,58,60,60,61,62,63,64
20260729_152303_3a4d7f,1785335191731657,1826911890,0,0,0,-52,128,0,16,16,16,16,15,14,14,14,14,14,14,13,13,13,13,13,13,12,13,12,12,11,11,11,10,10,0,0,0,0,0,0,0,0,0,0,0,7,8,9,9,10,10,11,12,12,12,12,12,13,14,14,14,14,14,15,15,15,16,16,16,16,16,0,63,61,61,60,58,58,55,55,55,52,52,54,52,52,51,51,53,53,50,47,49,48,41,40,42,36,36,36,0,0,0,0,0,0,0,25,27,30,31,33,37,38,39,43,44,45,48,49,48,51,52,52,54,55,55,57,59,60,60,61,62,62,63
20260729_152303_3a4d7f,1785335191832021,1827012384,0,0,0,-52,128,0,18,18,18,17,16,16,16,16,15,15,14,14,15,14,14,14,14,14,14,13,13,12,12,12,11,11,0,0,0,0,0,0,0,0,0,0,0,8,9,10,10,11,11,12,12,12,13,13,15,15,15,15,15,16,16,16,16,16,17,17,18,18,17,0,32,32,32,31,30,30,29,30,27,28,28,28,27,27,27,26,26,26,25,25,25,24,23,22,22,20,20,19,0,0,0,0,0,0,0,13,14,15,16,18,19,20,21,22,23,24,25,25,25,26,26,27,29,29,29,29,30,31,31,31,32,33,32
20260729_152303_3a4d7f,1785335191927657,1827111636,0,0,0,-52,128,0,17,17,17,17,16,16,15,14,15,15,15,15,15,14,14,14,14,13,13,13,13,12,12,11,11,11,0,0,0,0,0,0,0,0,0,0,0,8,9,10,10,11,11,12,13,13,13,14,14,14,14,14,15,15,15,15,16,16,17,17,17,17,17,0,64,62,63,62,59,59,57,56,55,55,54,53,53,51,52,52,51,53,50,50,48,46,44,43,42,40,38,37,0,0,0,0,0,0,0,26,29,30,32,35,37,40,43,44,46,48,48,50,50,52,54,53,55,58,58,59,60,60,62,63,63,64,64
20260729_152303_3a4d7f,1785335192027400,1827212019,0,0,0,-52,128,0,16,16,15,15,15,15,14,14,14,14,14,13,13,13,13,13,13,13,13,12,12,12,11,11,10,10,0,0,0,0,0,0,0,0,0,0,0,7,8,9,9,10,10,11,11,12,12,13,13,13,13,13,14,14,14,15,15,15,16,16,16,16,16,0,32,30,30,29,29,29,28,27,27,27,27,26,26,27,25,26,24,25,24,24,23,22,20,20,20,20,18,18,0,0,0,0,0,0,0,12,13,13,16,16,18,18,20,22,23,23,23,24,25,25,26,26,27,28,27,29,29,29,30,30,30,31,31
20260729_152303_3a4d7f,1785335192131930,1827316951,0,0,0,-52,128,0,17,17,17,17,16,16,15,15,15,15,15,14,14,14,14,14,14,13,14,13,13,13,12,11,10,11,0,0,0,0,0,0,0,0,0,0,0,8,9,9,10,10,12,12,12,12,13,14,14,14,14,14,15,16,16,16,16,16,17,17,17,17,17,0,65,61,62,59,60,59,57,56,56,55,55,53,51,51,51,51,52,47,50,50,49,45,42,43,40,40,38,37,0,0,0,0,0,0,0,24,27,29,32,33,36,37,42,43,45,47,47,49,49,52,53,52,53,55,55,57,58,59,61,62,62,63,63
20260729_152303_3a4d7f,1785335192232844,1827417084,0,0,0,-52,128,0,17,17,17,17,17,16,16,16,15,15,15,14,14,14,15,14,15,14,14,14,13,13,13,12,12,12,0,0,0,0,0,0,0,0,0,0,0,8,9,10,10,11,12,12,13,13,13,13,14,15,15,15,16,16,16,16,17,17,17,17,17,17,17,0,64,63,65,57,64,59,59,58,53,54,56,55,55,56,53,56,50,52,49,48,47,45,47,42,42,41,37,39,0,0,0,0,0,0,0,26,28,31,33,35,39,39,43,45,47,48,48,51,53,54,54,58,53,58,55,62,61,60,63,63,66,65,64
20260729_152303_3a4d7f,1785335192326324,1827511506,0,0,0,-52,128,0,18,17,18,17,16,16,16,16,16,15,15,15,15,15,14,15,14,14,14,13,13,13,13,12,11,11,0,0,0,0,0,0,0,0,0,0,0,8,9,10,11,11,12,12,13,14,14,14,14,14,15,15,16,16,16,17,17,18,17,17,18,18,17,0,64,62,64,60,60,61,59,56,54,55,55,53,54,53,51,51,52,52,51,50,47,46,44,43,42,41,37,38,0,0,0,0,0,0,0,26,28,30,32,34,37,40,41,43,45,48,49,49,50,52,53,55,55,55,56,58,59,60,63,61,62,64,64
20260729_152303_3a4d7f,1785335192431682,1827611467,0,0,0,-52,128,0,16,16,16,15,15,15,14,14,14,14,14,13,13,13,13,13,13,13,13,12,12,12,11,11,10,10,0,0,0,0,0,0,0,0,0,0,0,7,8,8,9,10,10,11,11,12,12,13,13,13,13,13,14,14,14,15,15,15,16,16,16,16,16,0,31,31,29,31,28,28,28,27,27,28,26,25,26,25,26,24,25,24,25,24,23,22,22,20,20,18,19,18,0,0,0,0,0,0,0,12,13,15,14,17,17,19,19,21,21,23,25,24,25,25,25,26,27,27,28,27,29,29,30,31,30,31,31
20260729_152303_3a4d7f,1785335192530748,1827711764,0,0,0,-52,128,0,16,16,16,16,16,16,15,14,15,14,15,14,13,14,14,14,14,14,14,13,13,12,12,12,11,11,0,0,0,0,0,0,0,0,0,0,0,8,8,9,10,10,11,12,12,13,13,13,13,14,14,14,14,15,14,16,16,16,16,16,17,17,17,0,63,63,62,60,60,60,58,56,54,55,55,53,53,53,52,52,51,52,51,50,48,46,44,44,41,41,38,38,0,0,0,0,0,0,0,25,27,29,32,35,36,38,42,43,44,47,48,49,49,52,53,52,56,56,56,58,61,61,60,61,63,62,65
20260729_152303_3a4d7f,1785335192631559,1827811828,0,0,0,-52,128,0,17,17,17,17,17,16,16,16,16,15,15,15,14,15,14,15,14,14,14,14,14,13,12,11,11,11,0,0,0,0,0,0,0,0,0,0,0,9,9,10,11,11,11,12,12,13,14,14,14,15,15,15,15,16,16,16,17,17,17,17,17,18,18,0,64,64,62,62,61,60,58,56,55,57,56,54,53,54,52,52,52,52,50,48,48,47,45,43,42,40,38,38,0,0,0,0,0,0,0,27,29,29,33,36,38,40,42,44,46,47,49,50,51,52,53,55,55,57,56,59,59,61,61,61,63,64,62
20260729_152303_3a4d7f,1785335192731052,1827911483,0,0,0,-52,128,0,15,16,15,15,15,14,14,14,14,14,14,13,14,13,13,13,13,13,13,12,12,11,11,11,10,10,0,0,0,0,0,0,0,0,0,0,0,8,8,9,9,9,10,11,11,12,13,13,13,13,14,14,14,14,14,15,16,16,16,16,16,16,16,0,31,32,30,30,29,28,28,28,28,27,27,26,26,25,26,25,25,25,24,24,24,23,21,21,20,19,18,18,0,0,0,0,0,0,0,13,13,15,16,17,19,19,21,21,22,24,25,25,25,26,27,26,28,28,27,28,30,30,31,30,31,32,32
20260729_152303_3a4d7f,1785335192828240,1828011846,0,0,0,-52,128,0,16,16,16,15,16,16,14,15,14,13,14,13,13,13,13,13,13,13,12,12,12,12,11,11,10,10,0,0,0,0,0,0,0,0,0,0,0,7,8,8,9,10,10,11,11,12,12,12,13,13,13,13,13,14,14,14,15,15,16,16,16,16,16,0,30,29,30,28,30,29,27,28,28,26,26,25,25,26,25,25,25,25,24,23,23,23,21,20,20,19,18,18,0,0,0,0,0,0,0,12,14,13,15,16,18,18,20,20,22,22,23,23,24,25,25,26,26,28,26,29,29,30,31,31,31,32,32
20260729_152303_3a4d7f,1785335192927060,1828111883,0,0,0,-52,128,0,16,16,16,16,15,15,14,14,14,14,13,13,13,14,14,14,13,13,13,12,12,12,11,11,10,9,0,0,0,0,0,0,0,0,0,0,0,7,8,9,9,10,10,10,11,12,12,12,13,13,13,13,14,14,14,14,15,15,15,16,16,16,16,0,31,30,30,30,29,28,27,26,26,27,27,25,25,25,25,25,25,25,25,23,23,22,21,20,20,20,18,18,0,0,0,0,0,0,0,12,14,14,15,17,18,18,20,21,22,23,24,25,25,25,25,25,26,27,27,29,28,29,29,30,31,32,31
20260729_152303_3a4d7f,1785335193032569,1828211856,0,0,0,-52,128,0,17,17,16,16,15,16,15,15,14,14,14,14,13,14,14,14,14,13,13,13,13,11,11,11,11,10,0,0,0,0,0,0,0,0,0,0,0,8,9,9,10,10,11,11,11,12,13,13,13,13,14,13,14,15,15,15,16,16,16,16,17,17,17,0,64,62,63,60,60,59,57,55,54,54,54,52,53,54,52,52,51,51,50,48,48,45,44,43,40,41,36,37,0,0,0,0,0,0,0,26,28,30,33,34,37,37,40,43,44,46,48,49,50,51,52,52,54,57,55,58,59,59,62,61,63,63,64
20260729_152303_3a4d7f,1785335193133262,1828313019,0,0,0,-52,128,0,18,17,17,16,16,16,16,16,15,15,15,14,14,15,15,15,14,14,14,14,14,13,13,12,12,12,0,0,0,0,0,0,0,0,0,0,0,8,9,10,10,11,12,12,12,13,14,14,14,14,15,15,15,16,16,16,16,17,17,17,17,18,18,0,31,31,31,31,30,30,29,28,28,28,27,28,27,27,26,26,26,26,25,25,25,23,22,21,21,21,20,19,0,0,0,0,0,0,0,13,15,15,17,18,19,20,21,22,23,24,25,24,26,26,27,28,28,28,28,30,30,31,31,31,32,33,32
20260729_152303_3a4d7f,1785335193228139,1828413328,0,0,0,-52,128,0,16,16,16,15,15,15,15,14,14,14,13,13,13,13,13,13,13,12,12,12,12,11,11,10,10,10,0,0,0,0,0,0,0,0,0,0,0,7,8,8,9,9,9,11,11,12,13,12,13,13,13,13,14,14,14,14,15,16,16,16,16,16,16,0,62,60,60,58,60,58,57,55,53,53,54,52,51,51,51,51,50,51,48,48,47,44,43,42,39,39,37,36,0,0,0,0,0,0,0,25,26,29,31,33,36,37,41,42,43,45,48,49,49,51,51,54,52,54,54,59,57,59,60,61,63,65,64
20260729_152303_3a4d7f,1785335193328779,1828514111,0,0,0,-52,128,0,17,17,17,17,15,15,15,15,15,15,14,14,13,13,14,13,13,13,13,13,12,12,11,11,10,10,0,0,0,0,0,0,0,0,0,0,0,7,8,9,9,10,10,11,12,13,13,13,14,14,14,14,15,15,15,15,15,15,16,17,16,16,17,0,63,61,59,60,59,59,57,55,54,55,54,51,52,52,51,51,51,50,49,49,47,45,44,40,39,39,37,37,0,0,0,0,0,0,0,26,26,29,32,33,34,38,42,43,44,47,48,49,50,51,53,52,53,56,56,56,59,59,59,62,62,62,61
20260729_152303_3a4d7f,1785335193429491,1828612397,0,0,0,-52,128,0,16,16,16,15,15,15,14,14,14,14,14,13,13,13,13,14,13,13,13,12,12,12,11,11,10,10,0,0,0,0,0,0,0,0,0,0,0,7,8,8,9,10,10,11,11,12,12,12,13,13,13,14,14,14,14,15,15,15,16,16,16,16,16,0,33,31,31,30,30,29,28,27,27,26,27,26,26,26,25,26,24,26,25,24,23,22,21,21,20,20,18,18,0,0,0,0,0,0,0,12,13,14,15,16,18,19,20,21,22,23,23,24,24,25,25,26,26,27,27,30,29,29,30,29,30,31,31
20260729_152303_3a4d7f,1785335193528438,1828712435,0,0,0,-52,128,0,17,16,16,15,15,15,15,14,14,14,14,13,13,13,13,13,13,13,12,12,12,11,11,10,10,10,0,0,0,0,0,0,0,0,0,0,0,7,8,9,9,10,10,11,11,11,13,13,13,13,14,14,14,14,14,15,15,15,16,16,16,17,16,0,31,31,31,30,29,29,28,28,27,27,26,26,26,25,25,25,25,24,24,23,23,22,21,21,19,19,18,17,0,0,0,0,0,0,0,12,14,14,15,17,18,19,19,21,22,23,24,24,25,25,26,26,28,27,28,29,30,30,30,31,32,32,31
20260729_152303_3a4d7f,1785335193627438,1828811753,0,0,0,-52,128,0,17,18,17,17,16,16,16,16,16,16,16,15,15,14,14,14,15,14,14,14,14,13,13,12,11,11,0,0,0,0,0,0,0,0,0,0,0,9,9,10,10,11,11,12,13,13,13,14,14,15,14,15,16,16,16,16,17,16,17,17,18,18,18,0,64,64,63,61,60,60,59,57,56,56,54,54,54,54,52,52,51,51,51,50,48,47,44,43,42,42,37,37,0,0,0,0,0,0,0,26,28,29,32,34,37,40,41,44,46,48,50,50,52,52,52,55,56,57,57,59,60,62,62,62,62,64,63
20260729_152303_3a4d7f,1785335193740496,1828920580,0,0,0,-52,128,0,16,17,16,16,16,16,15,15,14,14,14,14,14,13,14,13,14,14,13,12,12,12,11,11,11,10,0,0,0,0,0,0,0,0,0,0,0,8,9,9,9,10,10,11,12,12,13,13,13,14,14,14,14,14,15,15,16,16,16,16,17,17,17,0,32,32,31,31,30,30,29,28,28,28,27,27,27,26,26,25,26,25,25,25,23,23,22,21,20,20,20,18,0,0,0,0,0,0,0,12,14,15,15,17,18,19,21,22,23,23,24,25,26,26,27,27,28,27,29,29,30,31,31,32,32,32,32
20260729_152303_3a4d7f,1785335193829365,1829013533,0,0,0,-52,128,0,16,16,16,16,16,16,15,15,15,14,14,14,14,13,13,13,13,13,13,13,13,12,11,11,10,10,0,0,0,0,0,0,0,0,0,0,0,8,9,9,10,10,10,11,12,12,13,13,13,14,14,14,14,15,15,16,16,16,17,16,16,16,16,0,31,30,30,30,29,29,29,27,26,27,27,27,26,26,25,26,25,25,24,24,23,22,21,20,20,19,18,18,0,0,0,0,0,0,0,12,14,14,16,17,19,20,21,21,22,24,25,25,25,25,26,26,27,27,28,29,29,29,30,30,31,31,31
20260729_152303_3a4d7f,1785335193928545,1829111486,0,0,0,-52,128,0,17,16,17,17,15,16,15,14,14,14,15,14,14,14,14,14,13,13,13,12,12,11,11,11,10,10,0,0,0,0,0,0,0,0,0,0,0,7,8,9,9,10,11,11,11,11,13,13,13,14,14,14,14,15,15,15,15,15,15,17,16,17,17,0,32,30,31,31,29,30,29,27,29,28,27,27,26,26,26,25,26,25,26,25,24,23,22,22,22,19,18,17,0,0,0,0,0,0,0,12,13,14,16,16,18,19,21,22,22,23,24,25,25,26,26,27,28,27,29,29,30,31,31,31,31,31,32
20260729_152303_3a4d7f,1785335194026645,1829211318,0,0,0,-52,128,0,17,17,16,16,16,16,15,14,14,15,14,14,13,14,14,14,13,14,13,13,13,12,13,10,12,12,0,0,0,0,0,0,0,0,0,0,0,7,8,9,9,10,11,11,12,13,13,13,13,14,14,14,14,15,15,15,16,16,16,16,16,17,16,0,63,63,61,62,59,59,57,55,56,56,56,50,54,53,52,52,51,52,55,48,48,43,43,41,41,38,39,37,0,0,0,0,0,0,0,24,27,28,31,34,35,38,41,43,45,47,49,51,50,51,51,52,55,56,57,59,60,60,60,62,65,63,63
20260729_152303_3a4d7f,1785335194143589,1829328331,0,0,0,-52,128,0,17,16,17,15,16,14,15,15,14,14,14,13,14,14,13,13,13,13,13,12,11,11,11,11,10,10,0,0,0,0,0,0,0,0,0,0,0,7,8,8,10,9,10,11,11,12,12,13,13,13,13,13,13,15,15,15,15,16,16,16,16,17,17,0,65,61,62,59,59,58,57,55,55,55,53,53,52,54,51,52,50,49,48,48,47,46,43,42,41,39,35,37,0,0,0,0,0,0,0,25,27,29,32,33,37,37,40,42,44,47,48,49,51,51,53,55,55,57,55,58,59,60,62,61,61,64,63
20260729_152303_3a4d7f,1785335194256829,1829438336,0,0,0,-52,128,0,17,16,16,16,16,16,15,15,14,14,14,14,14,14,13,14,13,14,13,13,13,12,12,12,11,11,0,0,0,0,0,0,0,0,0,0,0,8,9,9,10,10,11,12,13,13,13,14,14,14,14,14,14,15,15,16,16,16,16,16,16,17,17,0,63,63,61,61,60,58,57,55,55,55,55,53,52,52,52,52,52,50,51,50,48,45,46,43,43,40,38,37,0,0,0,0,0,0,0,25,28,31,31,34,37,40,41,44,46,48,48,50,52,52,52,53,56,54,57,58,59,61,62,63,63,63,64
20260729_152303_3a4d7f,1785335194466970,1829642704,0,0,0,-52,128,0,16,16,16,16,15,15,15,14,14,14,14,14,14,14,14,14,14,14,13,13,13,11,11,11,11,11,0,0,0,0,0,0,0,0,0,0,0,8,8,9,9,11,11,12,12,13,13,13,13,13,13,14,14,14,14,15,15,15,17,16,17,17,17,0,31,30,30,30,29,28,28,28,28,27,27,27,27,26,26,26,26,25,24,24,24,22,21,22,21,20,19,17,0,0,0,0,0,0,0,13,13,15,16,17,18,19,21,21,23,24,24,24,25,26,27,28,27,28,28,29,29,30,31,30,32,33,32
20260729_152303_3a4d7f,1785335194497225,1829667084,0,0,0,-52,128,0,16,17,16,16,16,15,15,15,14,14,15,14,14,14,14,14,14,14,13,13,13,12,12,11,11,11,0,0,0,0,0,0,0,0,0,0,0,8,9,9,9,11,11,11,13,13,13,13,14,14,14,14,14,15,16,16,16,16,16,16,16,17,18,0,64,64,62,61,60,59,57,56,57,56,55,54,52,52,53,53,51,51,52,49,48,47,44,42,41,39,39,38,0,0,0,0,0,0,0,27,29,30,33,36,38,40,42,44,48,47,48,50,52,52,52,53,57,57,57,59,61,60,62,64,64,64,64
20260729_152303_3a4d7f,1785335194539467,1829719502,0,0,0,-52,128,0,16,16,16,16,15,15,15,14,14,14,14,13,13,13,13,13,13,12,12,12,12,11,11,11,10,10,0,0,0,0,0,0,0,0,0,0,0,7,8,9,9,9,10,11,11,12,12,12,13,13,13,13,14,14,14,14,15,15,16,16,16,16,16,0,32,31,30,30,29,29,28,27,27,27,27,26,26,26,25,26,26,25,24,25,24,23,22,21,20,20,18,18,0,0,0,0,0,0,0,13,13,14,16,17,18,20,20,21,22,23,24,24,25,25,26,26,27,27,28,28,29,29,30,31,30,32,32
20260729_152303_3a4d7f,1785335194628818,1829812946,0,0,0,-52,128,0,16,16,16,16,15,15,15,14,14,14,14,13,13,13,14,14,14,14,13,12,12,12,11,10,10,10,0,0,0,0,0,0,0,0,0,0,0,8,8,9,10,10,10,11,11,12,12,12,13,13,13,14,14,14,14,15,15,15,16,16,16,17,16,0,31,31,30,30,28,28,28,26,26,26,26,24,26,26,25,25,25,25,25,23,22,23,20,22,21,21,17,18,0,0,0,0,0,0,0,12,13,14,16,17,18,18,20,20,22,22,23,23,26,26,25,26,27,28,28,29,30,30,30,29,32,31,30
20260729_152303_3a4d7f,1785335194735246,1829916812,0,0,0,-52,128,0,16,16,16,15,15,15,14,14,14,14,14,14,13,13,13,13,13,13,12,12,12,12,11,11,10,10,0,0,0,0,0,0,0,0,0,0,0,7,8,8,9,9,10,11,11,11,13,13,13,13,13,14,14,14,14,14,15,16,16,16,16,17,16,0,62,61,62,60,60,58,57,56,53,54,53,54,52,53,52,52,51,51,49,47,47,45,43,42,42,40,37,38,0,0,0,0,0,0,0,25,27,29,31,34,36,37,41,42,43,47,47,49,51,51,52,53,53,56,56,58,59,61,61,61,62,64,63
20260729_152303_3a4d7f,1785335194848641,1830029599,0,0,0,-52,128,0,17,16,16,16,16,16,15,14,15,15,14,14,14,14,14,14,14,13,13,13,13,12,11,11,10,10,0,0,0,0,0,0,0,0,0,0,0,7,9,9,9,10,11,11,12,12,13,13,13,14,14,14,15,15,15,15,15,16,16,16,16,16,17,0,65,60,62,60,61,58,57,56,57,56,53,52,52,55,51,54,51,50,48,49,47,44,40,43,39,41,38,36,0,0,0,0,0,0,0,25,28,30,32,33,37,39,42,43,45,49,48,51,52,52,52,54,55,55,56,59,58,60,62,62,63,64,65
20260729_152303_3a4d7f,1785335194931212,1830111856,0,0,0,-52,128,0,17,18,17,17,16,16,16,16,15,15,15,14,14,14,15,14,14,14,14,13,13,13,13,12,11,11,0,0,0,0,0,0,0,0,0,0,0,9,9,10,10,11,11,12,12,13,13,13,14,14,14,14,15,15,16,16,16,16,16,16,16,17,18,0,31,31,31,31,29,30,28,25,28,26,26,28,26,26,26,24,26,26,25,25,23,23,22,21,21,20,19,18,0,0,0,0,0,0,0,13,14,15,16,18,18,19,20,22,23,24,23,26,25,26,27,25,28,28,29,27,30,29,31,31,31,31,32
20260729_152303_3a4d7f,1785335195038568,1830222462,0,0,0,-52,128,0,17,16,16,16,16,16,14,14,14,14,14,14,13,13,14,14,13,13,13,13,13,12,12,11,11,10,0,0,0,0,0,0,0,0,0,0,0,7,9,9,9,10,10,11,12,13,13,13,13,14,14,14,14,14,15,15,15,16,16,17,16,17,17,0,64,61,62,61,60,58,57,56,55,56,55,53,52,51,53,52,51,53,51,49,48,45,44,44,41,39,37,37,0,0,0,0,0,0,0,25,27,29,31,34,36,40,41,43,45,47,48,50,50,53,54,54,54,55,57,58,60,60,61,62,63,61,64
20260729_152303_3a4d7f,1785335195157045,1830342448,0,0,0,-52,128,0,17,16,16,16,16,16,16,14,15,15,14,14,14,13,14,14,14,13,13,13,13,12,12,11,11,10,0,0,0,0,0,0,0,0,0,0,0,7,8,9,9,10,11,11,12,12,13,13,14,14,14,14,14,15,15,15,15,16,16,16,16,16,17,0,65,63,62,62,57,58,57,56,56,56,55,53,53,52,52,51,51,50,50,49,48,46,44,41,41,39,39,36,0,0,0,0,0,0,0,26,28,29,31,35,37,39,42,43,46,49,49,51,50,52,53,54,57,55,57,58,60,61,62,62,62,64,62
20260729_152303_3a4d7f,1785335195233608,1830417660,0,0,0,-52,128,0,17,16,16,16,16,15,14,14,14,14,14,14,13,13,14,13,13,13,13,12,12,12,12,11,11,10,0,0,0,0,0,0,0,0,0,0,0,7,8,9,9,10,11,11,12,12,13,13,13,13,13,13,14,14,14,15,15,15,15,16,16,16,16,0,32,31,30,30,31,30,28,27,27,27,28,26,25,25,26,25,25,25,25,24,23,22,21,21,21,20,19,18,0,0,0,0,0,0,0,12,13,14,16,16,18,19,20,22,23,24,24,25,26,25,26,27,27,28,28,29,30,29,31,30,32,31,33
20260729_152303_3a4d7f,1785335195330390,1830514574,0,0,0,-52,128,0,17,16,16,16,16,15,15,14,15,15,15,14,14,14,14,14,14,13,13,13,13,12,12,11,11,11,0,0,0,0,0,0,0,0,0,0,0,8,8,9,10,10,11,12,12,13,13,14,14,13,14,14,15,15,15,16,16,16,16,16,16,16,16,0,32,32,32,31,31,31,29,29,27,27,28,27,27,26,26,26,26,26,26,25,24,23,23,22,21,20,19,19,0,0,0,0,0,0,0,12,14,15,16,17,18,19,21,22,23,24,24,25,25,26,27,27,28,28,28,30,30,31,32,31,32,32,32
20260729_152303_3a4d7f,1785335195430458,1830615418,0,0,0,-52,128,0,16,16,16,15,15,15,15,14,14,14,14,14,13,13,13,13,13,13,13,12,12,11,11,11,10,10,0,0,0,0,0,0,0,0,0,0,0,8,9,9,9,10,11,11,12,12,12,13,13,13,14,14,14,14,14,15,15,16,16,16,16,17,16,0,31,31,31,29,29,29,27,28,27,27,26,26,26,26,25,25,25,24,24,23,23,22,22,21,21,19,18,18,0,0,0,0,0,0,0,13,14,15,16,17,18,19,20,21,22,24,24,24,25,26,27,27,27,28,28,29,29,30,31,30,31,32,31
20260729_152303_3a4d7f,1785335195534880,1830717140,0,0,0,-52,128,0,17,17,16,17,15,15,15,15,15,15,14,14,14,14,14,14,14,13,13,13,13,12,12,11,11,11,0,0,0,0,0,0,0,0,0,0,0,9,9,9,10,10,11,12,12,13,13,13,14,14,14,14,15,15,15,15,16,16,16,17,17,17,17,0,32,32,32,31,30,30,28,29,28,28,28,27,27,27,26,27,25,26,25,25,25,24,22,21,21,21,19,19,0,0,0,0,0,0,0,13,14,16,17,18,20,19,21,22,23,24,24,26,26,26,27,27,28,29,29,30,30,31,32,31,32,33,33
20260729_152303_3a4d7f,1785335195626386,1830811311,0,0,0,-52,128,0,16,16,16,16,15,15,15,14,14,14,14,14,13,13,13,13,13,13,13,12,12,12,11,11,10,10,0,0,0,0,0,0,0,0,0,0,0,8,9,9,9,10,10,11,11,12,13,12,13,13,14,14,14,14,14,15,15,15,16,16,16,16,16,0,31,31,29,30,29,28,28,27,27,27,26,26,26,25,26,25,26,25,24,24,23,22,22,21,20,20,19,18,0,0,0,0,0,0,0,13,14,15,16,16,17,19,19,21,22,23,24,24,25,26,26,26,27,27,28,28,29,30,31,31,31,31,31
20260729_152303_3a4d7f,1785335195754915,1830939533,0,0,0,-52,128,0,17,16,17,16,16,16,15,15,14,14,14,14,14,14,14,14,13,13,13,13,12,12,11,11,11,11,0,0,0,0,0,0,0,0,0,0,0,8,9,9,10,11,11,12,12,13,13,14,14,14,14,14,14,14,15,15,15,16,17,17,17,17,17,0,63,64,62,61,60,58,58,56,56,55,53,53,52,52,52,52,51,50,51,48,47,46,44,42,41,40,38,36,0,0,0,0,0,0,0,26,29,30,32,34,37,39,41,43,45,48,48,49,52,52,53,54,55,56,58,58,59,60,62,64,64,64,65
20260729_152303_3a4d7f,1785335195831045,1831016123,0,0,0,-52,128,0,16,16,16,15,15,15,14,14,14,14,14,13,13,14,14,14,13,13,13,13,13,12,11,10,10,10,0,0,0,0,0,0,0,0,0,0,0,7,8,8,9,10,11,11,11,13,12,12,13,13,13,14,14,14,14,15,15,15,15,16,16,16,16,0,30,30,30,30,29,29,28,27,26,27,27,26,26,25,25,25,26,25,24,24,22,22,22,20,20,20,18,18,0,0,0,0,0,0,0,12,14,14,16,17,18,20,19,22,23,23,24,25,25,25,25,26,27,27,27,28,28,29,30,30,31,31,31
20260729_152303_3a4d7f,1785335195928112,1831111753,0,0,0,-52,128,0,16,16,16,15,16,15,15,14,14,14,15,14,14,14,14,15,13,14,15,13,13,13,13,12,11,10,0,0,0,0,0,0,0,0,0,0,0,8,9,9,10,10,12,12,12,13,12,14,14,14,14,14,14,15,15,16,16,16,15,16,16,16,16,0,63,66,64,60,59,55,55,55,53,53,57,53,50,54,54,53,52,49,50,51,46,41,44,46,40,40,37,41,0,0,0,0,0,0,0,25,29,30,33,34,37,38,41,43,44,50,47,49,49,50,51,57,56,56,55,62,60,59,63,61,63,62,67
20260729_152303_3a4d7f,1785335196028321,1831211908,0,0,0,-52,128,0,16,16,16,15,15,15,14,14,13,14,14,14,14,14,14,14,14,12,12,12,12,11,11,10,10,10,0,0,0,0,0,0,0,0,0,0,0,7,8,9,9,9,10,10,11,12,13,13,13,13,13,13,14,14,14,14,15,15,16,16,16,17,16,0,63,61,62,60,59,58,57,55,53,55,52,53,52,53,52,52,51,51,50,48,48,45,43,43,41,40,37,37,0,0,0,0,0,0,0,25,27,29,32,34,37,38,40,42,44,46,48,47,50,52,52,52,54,55,55,57,59,61,60,62,62,64,62
20260729_152303_3a4d7f,1785335196135330,1831316643,0,0,0,-52,128,0,18,18,17,17,16,16,16,15,15,15,15,14,15,15,15,15,14,14,14,14,13,13,13,12,12,12,0,0,0,0,0,0,0,0,0,0,0,8,9,10,10,11,12,13,13,13,13,14,14,15,14,15,15,15,16,16,16,17,17,17,17,18,17,0,33,33,32,32,31,30,30,28,29,29,26,28,27,26,29,26,26,26,25,24,25,22,24,21,21,19,21,19,0,0,0,0,0,0,0,14,15,16,16,18,18,20,22,22,23,23,24,26,26,27,28,28,29,28,28,29,30,32,30,33,34,31,33
20260729_152303_3a4d7f,1785335196246759,1831428603,0,0,0,-52,128,0,17,16,16,16,16,16,15,15,14,15,15,15,14,14,14,14,14,14,14,13,13,13,12,12,11,11,0,0,0,0,0,0,0,0,0,0,0,8,8,9,10,11,11,13,13,13,13,14,14,14,14,14,15,15,15,15,16,16,16,16,16,17,16,0,63,61,64,60,60,59,57,56,54,55,55,52,52,51,53,53,51,52,52,50,48,46,44,44,40,40,38,38,0,0,0,0,0,0,0,26,29,30,33,35,37,40,43,44,45,48,49,51,52,51,53,53,55,57,57,59,60,60,60,63,65,63,64
20260729_152303_3a4d7f,1785335196330360,1831515561,0,0,0,-52,128,0,16,15,15,15,14,14,15,13,14,14,14,13,13,13,13,12,13,12,12,12,11,11,11,10,10,10,0,0,0,0,0,0,0,0,0,0,0,7,7,8,9,9,10,11,11,12,11,12,12,12,13,13,13,14,13,14,15,16,16,15,16,16,16,0,31,30,31,31,29,28,28,27,27,27,26,27,26,26,25,25,26,25,24,23,24,23,21,20,20,19,18,18,0,0,0,0,0,0,0,13,13,14,15,17,17,19,20,21,22,23,24,25,25,26,26,26,27,27,28,29,28,30,30,31,31,32,32
20260729_152303_3a4d7f,1785335196428353,1831613536,0,0,0,-52,128,0,17,17,17,16,16,16,16,15,15,15,15,15,15,15,14,14,14,14,14,13,13,13,12,12,11,11,0,0,0,0,0,0,0,0,0,0,0,8,9,9,10,11,12,12,12,13,13,14,14,14,15,15,15,15,15,16,16,16,17,16,17,17,17,0,33,32,33,30,31,31,28,28,28,27,28,27,27,27,26,27,26,26,26,25,24,23,23,22,21,21,20,19,0,0,0,0,0,0,0,12,14,15,17,18,19,20,22,22,23,24,24,25,25,26,26,27,27,29,28,30,31,31,32,31,32,32,33
20260729_152303_3a4d7f,1785335196533912,1831715580,0,0,0,-52,128,0,16,16,16,15,15,15,15,14,14,14,14,14,13,14,13,13,13,13,13,12,12,12,11,11,10,10,0,0,0,0,0,0,0,0,0,0,0,7,8,8,9,10,10,11,11,12,12,12,13,13,13,13,14,14,14,15,15,15,16,16,16,16,16,0,31,31,31,30,29,30,28,27,27,27,26,26,26,26,25,26,25,24,24,24,23,23,22,20,20,20,18,18,0,0,0,0,0,0,0,12,14,15,16,16,18,19,20,21,21,23,23,24,24,25,25,26,27,28,27,28,28,30,31,31,31,32,32
20260729_152303_3a4d7f,1785335196651901,1831836553,0,0,0,-52,128,0,18,17,17,17,17,16,16,16,16,15,16,15,15,15,15,15,14,14,15,14,13,13,12,12,12,11,0,0,0,0,0,0,0,0,0,0,0,9,10,9,10,11,12,12,13,13,13,14,14,15,14,15,16,17,16,17,16,17,18,17,17,18,18,0,32,33,30,31,31,30,28,29,28,27,29,26,26,26,28,27,27,26,26,24,24,23,23,22,21,20,19,19,0,0,0,0,0,0,0,13,15,16,16,17,18,20,21,22,22,24,25,26,25,27,26,26,27,28,28,30,31,31,31,32,30,33,31
20260729_152303_3a4d7f,1785335196740150,1831923779,0,0,0,-52,128,0,16,16,16,16,15,15,15,14,14,14,14,13,13,13,14,13,14,13,13,12,12,11,11,10,10,10,0,0,0,0,0,0,0,0,0,0,0,7,8,9,9,10,10,10,11,12,12,13,13,13,13,13,14,14,15,15,15,15,16,16,16,16,16,0,32,31,30,30,29,29,28,27,27,27,27,25,25,25,26,25,26,25,25,24,23,23,22,22,20,20,18,18,0,0,0,0,0,0,0,12,14,14,15,16,17,20,20,21,22,23,24,24,25,26,26,26,28,27,28,29,29,30,30,31,31,31,32
20260729_152303_3a4d7f,1785335196853819,1832033993,0,0,0,-52,128,0,16,16,16,16,15,15,14,14,14,14,14,13,13,14,13,13,13,13,13,12,12,11,11,11,10,10,0,0,0,0,0,0,0,0,0,0,0,7,8,9,9,10,10,11,11,11,12,13,13,13,13,14,14,14,14,14,16,16,16,16,16,16,16,0,62,62,61,61,60,58,57,56,54,55,54,53,51,52,52,51,52,50,49,48,48,46,44,42,40,38,38,38,0,0,0,0,0,0,0,25,28,28,31,34,35,39,41,42,44,47,48,48,49,51,53,53,54,55,57,59,59,60,60,62,62,64,63
20260729_152303_3a4d7f,1785335196971137,1832151794,0,0,0,-52,128,0,17,17,17,16,16,16,16,15,15,15,15,14,14,14,14,14,14,14,14,13,13,12,12,12,11,11,0,0,0,0,0,0,0,0,0,0,0,9,9,10,10,10,11,12,12,13,13,14,14,14,14,15,15,15,16,16,16,16,17,17,17,17,17,0,32,32,32,30,30,30,29,28,28,28,27,27,27,26,27,27,26,27,26,25,25,24,24,22,22,22,20,19,0,0,0,0,0,0,0,13,15,15,16,17,19,20,21,22,23,24,25,25,26,26,27,27,28,28,29,29,30,31,31,32,31,32,32
20260729_152303_3a4d7f,1785335197048031,1832231678,0,0,0,-52,128,0,17,17,17,16,16,16,15,15,14,14,14,14,13,14,14,14,13,13,13,13,12,12,12,11,11,11,0,0,0,0,0,0,0,0,0,0,0,8,9,9,10,11,11,11,12,12,13,13,14,14,14,14,15,15,15,16,16,16,17,16,17,17,17,0,64,64,61,61,60,59,58,56,55,55,55,53,53,52,52,52,52,51,50,49,48,47,45,42,42,39,39,37,0,0,0,0,0,0,0,26,28,31,32,35,37,40,41,43,46,48,50,50,51,52,53,54,57,56,56,58,60,60,63,63,64,64,64
20260729_152303_3a4d7f,1785335197129195,1832311713,0,0,0,-52,128,0,17,17,17,16,16,16,16,16,15,15,15,14,14,14,14,14,14,14,14,14,13,13,12,11,11,11,0,0,0,0,0,0,0,0,0,0,0,8,8,9,10,11,11,12,13,13,13,13,13,14,14,14,15,15,16,16,16,17,17,16,17,17,17,0,64,64,62,61,60,60,58,57,56,55,56,54,54,53,53,52,52,52,51,50,49,45,44,45,42,40,40,38,0,0,0,0,0,0,0,27,29,29,33,35,38,41,42,42,46,47,50,51,51,51,52,54,57,57,59,59,61,60,61,64,64,64,63
20260729_152303_3a4d7f,1785335197239575,1832420112,0,0,0,-52,128,0,17,16,16,16,16,16,15,15,15,15,15,13,14,14,14,14,14,14,14,13,13,12,11,11,11,10,0,0,0,0,0,0,0,0,0,0,0,8,8,9,9,10,10,11,12,12,13,13,13,13,14,13,15,15,15,15,16,16,16,16,17,17,17,0,63,63,61,61,59,59,57,57,55,57,55,53,52,54,52,52,52,50,50,50,48,46,45,42,42,40,40,37,0,0,0,0,0,0,0,25,27,30,32,34,36,40,41,42,45,48,50,50,52,52,52,53,55,55,58,57,60,60,63,63,62,63,64
20260729_152303_3a4d7f,1785335197334299,1832517565,0,0,0,-52,128,0,16,17,17,16,16,16,15,15,15,14,14,14,13,14,14,14,14,13,13,13,13,12,12,12,12,10,0,0,0,0,0,0,0,0,0,0,0,8,8,9,10,10,11,12,13,13,13,13,13,14,14,14,14,15,15,15,16,17,17,17,17,17,16,0,65,64,61,62,59,60,57,55,54,56,54,53,52,52,53,51,51,50,51,49,47,46,45,42,41,39,38,37,0,0,0,0,0,0,0,26,27,30,30,35,36,39,41,45,45,48,48,49,52,51,52,53,56,55,57,59,60,60,62,62,63,63,62
20260729_152303_3a4d7f,1785335197428670,1832613746,0,0,0,-52,128,0,17,17,16,16,16,14,14,15,15,14,14,14,14,13,14,14,14,13,13,13,13,12,12,12,12,10,0,0,0,0,0,0,0,0,0,0,0,7,8,8,9,10,11,11,11,13,13,13,14,14,14,14,14,15,15,15,16,15,17,16,17,17,17,0,64,60,66,61,57,60,58,56,55,54,50,56,54,53,51,51,54,51,48,48,46,47,44,42,41,39,38,37,0,0,0,0,0,0,0,24,27,30,32,33,35,39,40,43,46,47,48,52,51,52,54,57,56,56,56,58,56,60,64,62,61,67,63
20260729_152303_3a4d7f,1785335197544079,1832726921,0,0,0,-52,128,0,16,18,17,17,16,16,16,16,15,15,15,14,14,14,15,14,14,14,14,14,13,13,13,12,11,11,0,0,0,0,0,0,0,0,0,0,0,8,9,10,10,11,11,12,12,13,13,13,14,14,14,15,15,16,16,16,16,16,17,17,17,17,17,0,33,32,31,32,31,31,28,29,28,28,27,28,27,26,27,27,26,26,26,25,24,23,23,22,21,21,20,20,0,0,0,0,0,0,0,14,14,15,16,17,19,20,21,22,23,23,25,25,26,26,27,27,28,28,30,30,31,31,32,32,33,33,33
20260729_152303_3a4d7f,1785335197629315,1832812012,0,0,0,-52,128,0,16,16,16,16,15,15,15,14,14,14,14,13,13,13,14,13,13,13,13,12,12,12,12,11,11,10,0,0,0,0,0,0,0,0,0,0,0,8,8,9,9,10,11,11,12,12,12,12,13,13,13,13,14,14,14,15,15,15,16,16,16,17,16,0,31,31,31,30,29,29,28,28,28,28,27,26,26,26,26,26,25,26,24,24,23,23,23,22,21,21,19,19,0,0,0,0,0,0,0,13,14,15,16,16,19,19,21,21,22,23,24,25,26,25,26,27,28,28,28,29,30,29,31,32,31,32,31
20260729_152303_3a4d7f,1785335197729996,1832911772,0,0,0,-52,128,0,16,16,15,15,15,15,14,14,14,14,14,13,13,13,13,13,13,12,12,12,12,11,11,10,10,10,0,0,0,0,0,0,0,0,0,0,0,7,7,8,9,9,10,11,11,11,12,12,13,13,13,13,14,14,14,14,15,15,15,16,16,16,16,0,32,30,31,31,30,29,28,27,27,27,26,26,26,25,25,25,25,26,25,24,24,22,22,22,20,19,18,18,0,0,0,0,0,0,0,13,13,14,16,16,19,18,20,21,22,23,24,25,25,25,26,26,27,28,28,29,29,30,30,31,31,31,31
20260729_152303_3a4d7f,1785335197842373,1833026231,0,0,0,-52,128,0,17,16,16,16,16,15,15,15,14,15,14,14,13,14,14,14,14,13,13,13,14,11,11,12,11,11,0,0,0,0,0,0,0,0,0,0,0,8,8,9,9,10,11,11,12,12,13,14,13,13,14,14,15,15,15,15,16,16,16,16,17,16,16,0,64,62,62,60,59,58,58,56,56,55,56,52,52,53,51,51,52,50,49,51,50,47,41,46,39,41,38,36,0,0,0,0,0,0,0,25,27,29,31,33,37,38,42,43,45,47,49,50,51,53,53,55,54,56,56,59,60,59,61,61,63,63,63
20260729_152303_3a4d7f,1785335197927271,1833111094,0,0,0,-52,128,0,16,16,16,15,15,15,14,15,13,13,14,13,13,14,14,14,14,13,13,13,12,11,11,11,10,10,0,0,0,0,0,0,0,0,0,0,0,8,8,8,9,9,10,11,11,12,12,13,13,13,13,13,13,14,14,15,15,16,16,16,16,17,17,0,63,61,61,59,59,59,57,56,54,54,55,53,53,53,52,51,51,50,50,49,48,47,43,43,40,39,37,36,0,0,0,0,0,0,0,26,27,29,31,34,37,38,41,43,45,46,47,48,51,52,54,53,54,56,57,59,59,60,61,61,63,64,63
20260729_152303_3a4d7f,1785335198053645,1833236047,0,0,0,-52,128,0,16,16,16,16,14,15,15,15,14,15,13,13,12,13,13,13,13,13,12,12,12,11,12,10,10,10,0,0,0,0,0,0,0,0,0,0,0,7,7,8,9,10,10,10,11,11,12,12,12,13,13,13,14,14,14,14,14,15,15,15,16,16,16,0,31,30,30,29,29,28,27,28,27,27,27,26,25,26,26,26,25,25,24,24,24,23,21,21,20,20,18,18,0,0,0,0,0,0,0,12,13,14,15,17,18,18,20,21,22,23,24,25,26,26,26,25,27,27,28,30,30,30,30,32,31,32,32
20260729_152303_3a4d7f,1785335198131136,1833312129,0,0,0,-52,128,0,17,16,16,16,16,15,15,15,14,14,14,14,14,14,14,14,14,14,14,13,13,11,11,10,10,10,0,0,0,0,0,0,0,0,0,0,0,8,8,9,9,10,10,11,12,13,13,13,13,13,13,13,14,14,14,16,15,16,17,17,17,17,17,0,64,61,61,62,58,59,57,56,55,56,54,53,52,54,53,52,52,52,51,48,48,46,44,42,41,40,38,36,0,0,0,0,0,0,0,26,28,29,31,34,35,39,41,43,44,47,48,48,51,51,52,53,56,56,57,57,59,60,62,63,63,64,64
20260729_152303_3a4d7f,1785335198226569,1833411921,0,0,0,-52,128,0,16,16,16,16,16,15,14,14,14,14,14,13,13,13,14,13,13,13,13,13,12,12,11,11,10,10,0,0,0,0,0,0,0,0,0,0,0,7,8,9,9,10,10,11,11,12,12,13,13,13,13,13,14,14,14,14,15,15,15,16,16,16,16,0,31,30,30,30,29,28,28,28,27,27,27,26,26,25,25,25,26,25,25,24,24,22,22,22,21,20,18,18,0,0,0,0,0,0,0,12,14,13,14,16,18,18,20,21,22,23,24,24,25,25,26,26,27,27,27,29,28,29,30,30,31,31,31
20260729_152303_3a4d7f,1785335198327397,1833512646,0,0,0,-52,128,0,16,17,16,16,15,15,14,14,14,14,14,14,14,14,13,13,13,13,13,13,13,11,11,11,11,10,0,0,0,0,0,0,0,0,0,0,0,8,9,9,9,10,11,11,11,12,12,12,13,13,14,14,14,14,14,15,15,15,16,16,16,16,16,0,62,63,63,60,57,57,59,56,57,52,55,51,50,53,53,52,51,54,50,45,47,43,45,44,41,41,38,35,0,0,0,0,0,0,0,25,28,30,32,35,36,40,41,42,45,47,48,49,50,51,52,54,55,55,54,58,58,61,62,62,63,65,64
20260729_152303_3a4d7f,1785335198468044,1833649957,0,0,0,-52,128,0,17,16,16,16,16,15,15,15,15,15,15,14,14,14,14,14,14,14,14,13,13,13,12,12,11,11,0,0,0,0,0,0,0,0,0,0,0,8,9,9,10,11,11,12,13,13,13,13,14,14,14,14,15,15,15,15,16,16,16,16,17,17,17,0,32,31,31,30,30,29,29,28,28,28,28,27,26,27,26,28,26,27,26,25,24,23,22,22,21,21,19,19,0,0,0,0,0,0,0,14,14,15,17,17,19,20,21,22,23,24,24,25,26,26,26,28,27,30,29,30,30,31,32,31,32,32,32
20260729_152303_3a4d7f,1785335198529417,1833711204,0,0,0,-52,128,0,17,17,18,17,17,16,16,16,15,15,15,15,14,15,14,15,14,15,14,14,14,14,12,12,11,11,0,0,0,0,0,0,0,0,0,0,0,9,9,9,11,11,12,12,13,14,14,14,14,14,14,15,15,16,15,16,16,16,17,17,17,18,18,0,64,65,62,62,59,61,57,56,55,57,56,54,54,52,54,52,53,51,51,49,48,46,45,43,41,40,40,38,0,0,0,0,0,0,0,26,29,30,31,35,37,40,41,44,45,48,51,49,52,52,53,54,56,55,58,59,61,61,63,64,64,63,64
20260729_152303_3a4d7f,1785335198628588,1833811724,0,0,0,-52,128,0,17,17,17,16,16,16,15,15,15,14,14,14,14,14,14,13,13,13,13,13,13,12,12,11,11,11,0,0,0,0,0,0,0,0,0,0,0,8,8,9,10,11,11,11,12,12,13,13,14,14,14,15,14,15,15,16,16,16,16,17,17,17,17,0,64,64,62,62,60,60,56,57,57,56,54,54,53,52,53,51,52,50,50,48,47,45,44,42,41,39,38,37,0,0,0,0,0,0,0,26,28,30,32,35,37,40,40,43,45,48,50,51,51,52,53,53,55,55,58,59,60,60,63,63,63,63,63
20260729_152303_3a4d7f,1785335198729863,1833911670,0,0,0,-52,128,0,16,16,16,16,15,15,14,14,14,14,13,13,13,13,13,13,14,13,12,12,11,11,11,10,10,10,0,0,0,0,0,0,0,0,0,0,0,7,8,9,9,10,9,10,11,12,12,12,13,13,13,13,14,14,14,14,15,15,15,16,16,16,16,0,32,30,30,30,29,28,28,27,27,26,26,26,26,26,25,25,25,25,24,24,23,22,21,20,20,20,19,18,0,0,0,0,0,0,0,12,13,15,15,17,17,19,20,21,22,24,24,24,24,25,25,26,27,27,28,28,29,30,29,30,30,30,31
20260729_152303_3a4d7f,1785335198827246,1834012439,0,0,0,-52,128,0,17,17,17,16,16,16,16,15,15,14,15,14,14,14,14,14,14,14,14,13,13,13,12,12,12,11,0,0,0,0,0,0,0,0,0,0,0,9,9,10,10,11,12,12,12,13,13,13,14,14,14,15,14,15,16,16,16,16,16,16,17,18,17,0,63,64,64,60,60,60,57,58,56,56,55,54,53,54,52,53,52,52,50,50,48,46,44,43,41,40,38,38,0,0,0,0,0,0,0,26,28,31,32,34,38,39,42,44,46,47,50,49,51,52,55,54,56,57,57,58,61,61,62,62,64,64,64
20260729_152303_3a4d7f,1785335198928259,1834111554,0,0,0,-52,128,0,17,17,15,15,15,15,15,15,13,13,13,13,13,13,14,13,13,13,13,13,12,11,10,11,10,9,0,0,0,0,0,0,0,0,0,0,0,7,8,8,9,10,10,10,12,12,12,12,13,13,13,13,13,14,15,15,15,16,16,16,16,16,16,0,63,62,62,60,59,58,57,56,56,54,54,52,53,54,50,52,52,51,49,48,48,46,44,40,41,40,37,37,0,0,0,0,0,0,0,26,27,30,32,34,37,39,40,43,44,47,48,50,51,51,53,54,53,56,55,59,60,60,63,62,64,66,63
20260729_152303_3a4d7f,1785335199026178,1834211516,0,0,0,-52,128,0,16,16,16,16,16,16,16,14,14,14,15,15,15,14,14,14,14,14,14,13,13,13,12,12,11,11,0,0,0,0,0,0,0,0,0,0,0,9,9,10,10,11,11,12,13,13,13,14,14,14,14,15,15,15,15,16,16,16,17,16,17,17,17,0,60,63,62,60,58,58,56,57,54,55,54,52,52,51,54,51,51,50,49,47,48,45,46,41,40,38,38,38,0,0,0,0,0,0,0,27,28,28,30,35,36,39,39,43,44,46,49,49,49,50,53,52,55,55,57,57,59,60,60,63,62,64,61
20260729_152303_3a4d7f,1785335199130020,1834312247,0,0,0,-52,128,0,16,16,16,16,16,16,16,14,15,15,15,14,14,14,14,14,14,14,14,13,13,13,12,12,12,11,0,0,0,0,0,0,0,0,0,0,0,8,9,9,9,11,11,12,13,13,13,13,14,14,14,14,14,14,14,16,16,16,17,16,17,17,17,0,63,62,62,61,59,60,57,55,56,55,55,53,53,54,53,54,51,53,51,49,48,47,45,44,43,40,38,37,0,0,0,0,0,0,0,26,28,31,32,34,38,39,42,44,46,47,48,49,50,52,52,53,55,55,57,59,60,61,61,62,64,64,65
20260729_152303_3a4d7f,1785335199231188,1834413159,0,0,0,-52,128,0,16,15,16,15,15,14,14,14,14,14,14,14,14,13,13,13,13,13,13,12,12,12,11,11,10,11,0,0,0,0,0,0,0,0,0,0,0,8,8,9,9,9,10,11,12,12,12,13,13,13,14,13,14,14,14,15,15,15,15,15,16,16,16,0,31,31,29,30,29,29,28,27,26,27,27,26,26,25,27,26,26,25,26,24,24,22,22,21,20,19,19,18,0,0,0,0,0,0,0,12,13,14,15,17,18,20,20,22,22,23,25,25,25,25,26,25,27,27,28,29,30,31,31,31,33,31,31
20260729_152303_3a4d7f,1785335199336834,1834516694,0,0,0,-52,128,0,16,16,16,16,16,16,16,15,15,15,14,14,14,14,14,14,14,14,14,13,13,12,12,11,11,11,0,0,0,0,0,0,0,0,0,0,0,9,9,10,10,10,12,12,12,13,13,13,13,13,14,14,15,15,15,16,16,16,17,17,17,17,18,0,64,62,63,61,61,59,58,56,55,55,55,54,52,53,51,53,52,52,49,50,48,46,44,43,42,41,37,37,0,0,0,0,0,0,0,25,28,31,33,34,38,38,43,44,45,48,49,49,51,51,52,55,54,57,56,58,59,60,63,63,62,64,66
20260729_152303_3a4d7f,1785335199458646,1834638739,0,0,0,-52,128,0,17,17,16,16,16,16,15,15,15,15,15,14,13,14,14,14,14,15,14,13,14,13,11,12,11,10,0,0,0,0,0,0,0,0,0,0,0,8,9,9,10,11,11,12,13,13,13,13,14,14,13,14,15,15,16,16,16,16,16,17,17,17,17,0,64,63,62,60,59,58,58,57,58,54,55,55,55,52,52,53,54,51,50,47,46,43,44,46,39,38,38,38,0,0,0,0,0,0,0,26,27,31,33,34,37,39,42,45,44,50,48,49,51,51,52,54,56,57,57,59,59,61,63,63,64,64,65
20260729_152303_3a4d7f,1785335199546135,1834727120,0,0,0,-52,128,0,16,15,16,15,15,15,15,15,13,13,14,14,13,14,13,14,13,14,13,13,11,11,10,10,10,10,0,0,0,0,0,0,0,0,0,0,0,7,8,8,9,9,10,10,12,12,12,12,13,13,13,13,13,15,14,15,15,16,16,15,16,16,16,0,63,62,62,60,59,57,59,56,54,54,54,53,52,54,51,52,52,51,50,49,47,46,44,41,41,40,36,36,0,0,0,0,0,0,0,25,26,30,31,33,36,39,40,43,45,46,48,48,51,51,52,53,53,56,55,58,60,60,61,60,62,63,64
20260729_152303_3a4d7f,1785335199633729,1834818992,0,0,0,-52,128,0,16,16,16,16,15,15,15,14,14,14,14,13,13,13,14,13,14,13,13,12,12,12,11,12,10,10,0,0,0,0,0,0,0,0,0,0,0,7,8,9,9,9,10,10,11,12,12,13,13,13,13,14,14,14,14,15,15,15,16,16,17,17,16,0,32,32,29,30,28,28,28,28,27,26,27,27,25,25,26,26,25,26,25,23,24,22,20,20,20,19,18,18,0,0,0,0,0,0,0,12,13,15,15,16,18,19,20,21,21,23,23,25,25,25,26,26,27,27,28,29,29,30,30,31,31,32,32
20260729_152303_3a4d7f,1785335199732561,1834917697,0,0,0,-52,128,0,16,15,16,15,15,15,14,14,14,13,13,13,13,14,12,14,13,13,13,12,12,11,10,10,10,10,0,0,0,0,0,0,0,0,0,0,0,7,8,9,9,9,10,10,11,11,12,12,13,13,13,13,13,14,14,15,15,15,15,15,16,16,16,0,32,30,31,30,30,29,28,28,27,27,27,26,25,25,26,26,26,26,25,24,24,23,21,21,20,20,18,18,0,0,0,0,0,0,0,12,13,14,15,17,18,19,19,21,22,23,24,24,25,25,26,26,27,28,28,29,29,30,30,31,31,32,31
20260729_152303_3a4d7f,1785335199854001,1835037214,0,0,0,-52,128,0,17,17,16,16,16,16,15,15,14,14,15,14,14,14,14,14,13,13,13,13,13,12,12,11,11,11,0,0,0,0,0,0,0,0,0,0,0,8,8,9,10,10,11,12,12,13,13,13,14,14,14,14,14,14,15,15,16,17,17,17,17,17,17,0,66,63,62,61,59,60,57,56,56,55,55,53,53,53,53,53,52,50,50,49,47,46,45,42,41,42,37,37,0,0,0,0,0,0,0,25,27,30,32,34,37,38,42,44,45,48,48,50,51,52,53,55,54,57,57,58,60,60,62,61,62,65,63
20260729_152303_3a4d7f,1785335199941307,1835125932,0,0,0,-52,128,0,16,16,16,16,15,15,15,14,14,14,13,13,13,13,14,14,14,12,12,12,12,11,11,11,10,10,0,0,0,0,0,0,0,0,0,0,0,8,8,9,9,10,10,11,11,12,12,13,13,13,13,13,14,14,14,14,16,16,16,16,16,16,16,0,62,60,61,58,59,57,57,54,54,53,52,52,51,52,49,51,49,49,48,47,43,45,43,40,39,39,37,36,0,0,0,0,0,0,0,24,26,29,30,32,35,38,39,43,44,45,46,49,50,51,52,52,54,55,54,57,58,59,59,59,61,62,64
20260729_152303_3a4d7f,1785335200030870,1835212066,0,0,0,-52,128,0,17,16,16,16,15,15,15,14,14,14,13,13,13,14,14,14,14,13,13,12,12,12,11,10,10,10,0,0,0,0,0,0,0,0,0,0,0,7,8,9,9,9,10,10,11,12,12,13,13,13,13,14,14,14,14,14,15,15,16,16,16,16,16,0,31,31,30,30,29,29,29,27,27,27,27,26,25,25,25,25,25,26,26,25,24,23,22,21,19,19,18,18,0,0,0,0,0,0,0,12,13,14,15,17,18,19,21,21,22,23,24,25,25,25,25,26,27,27,28,29,30,29,30,30,31,32,31
20260729_152303_3a4d7f,1785335200135281,1835319078,0,0,0,-52,128,0,17,17,16,17,16,15,15,15,15,15,14,15,14,14,14,14,14,14,14,13,13,12,12,12,11,11,0,0,0,0,0,0,0,0,0,0,0,8,9,10,10,11,12,12,12,13,13,14,14,14,14,14,15,15,16,15,16,16,16,17,17,17,17,0,64,64,63,61,61,59,58,58,56,55,56,54,54,55,52,54,53,52,51,50,49,47,45,44,43,41,39,38,0,0,0,0,0,0,0,27,29,30,33,35,37,40,42,44,47,47,49,51,53,52,53,54,54,57,58,60,60,61,62,64,63,65,65
20260729_152303_3a4d7f,1785335200252610,1835437363,0,0,0,-52,128,0,17,16,16,16,15,15,14,14,14,15,14,14,13,13,14,13,13,13,13,13,13,12,11,11,11,10,0,0,0,0,0,0,0,0,0,0,0,7,8,9,9,10,11,11,12,13,13,13,13,14,14,14,14,14,14,15,15,16,16,17,17,17,17,0,63,63,60,59,57,57,56,55,53,55,54,52,51,50,53,51,50,49,48,47,46,45,44,40,40,39,36,36,0,0,0,0,0,0,0,25,27,30,31,34,35,38,40,42,43,47,48,48,50,51,51,52,54,54,56,55,58,58,62,61,60,63,61
20260729_152303_3a4d7f,1785335200328844,1835512898,0,0,0,-52,128,0,17,17,17,16,16,16,16,15,15,15,15,15,15,15,14,14,14,14,14,13,13,13,12,12,11,11,0,0,0,0,0,0,0,0,0,0,0,8,9,9,10,11,11,12,12,13,13,14,14,14,15,15,15,15,15,16,17,17,17,17,17,18,17,0,33,33,33,30,30,31,29,29,28,29,28,27,27,27,26,27,27,26,26,25,24,23,24,22,21,20,20,19,0,0,0,0,0,0,0,13,14,15,16,18,19,20,21,22,23,24,25,25,26,26,26,27,28,29,29,30,30,32,31,32,32,32,33
20260729_152303_3a4d7f,1785335200429573,1835612968,0,0,0,-52,128,0,17,16,16,17,16,15,14,15,15,14,14,15,14,14,13,13,13,13,13,13,13,11,12,11,11,10,0,0,0,0,0,0,0,0,0,0,0,8,8,9,10,11,11,11,12,12,12,13,14,14,14,14,15,14,15,15,16,16,16,16,17,18,17,0,62,63,62,62,58,59,58,55,55,57,54,52,53,52,53,52,53,50,50,49,49,47,45,42,41,40,37,36,0,0,0,0,0,0,0,26,28,31,33,35,36,38,40,44,45,47,50,48,50,51,53,53,55,55,58,57,59,60,62,63,63,64,64
20260729_152303_3a4d7f,1785335200530576,1835715488,0,0,0,-52,128,0,17,17,17,16,16,16,15,15,15,15,15,14,14,14,14,14,14,13,13,13,13,12,11,11,11,11,0,0,0,0,0,0,0,0,0,0,0,8,9,9,10,10,11,12,12,13,13,13,14,14,14,14,15,15,15,16,16,16,16,16,17,17,17,0,32,32,31,31,29,30,29,29,28,28,27,28,27,27,26,26,26,25,25,25,25,24,23,23,21,21,19,19,0,0,0,0,0,0,0,14,15,16,17,18,19,20,21,22,23,24,25,25,26,27,27,28,28,28,29,29,30,31,31,32,31,33,32
20260729_152303_3a4d7f,1785335200643331,1835822951,0,0,0,-52,128,0,17,17,17,17,16,16,16,15,15,15,15,15,14,14,14,14,14,14,14,13,13,12,12,11,11,11,0,0,0,0,0,0,0,0,0,0,0,9,9,9,10,11,11,12,13,13,13,14,14,14,14,14,15,15,16,16,16,16,17,17,17,17,17,0,33,32,32,31,31,30,28,28,28,28,28,27,26,27,26,27,26,26,26,25,25,23,23,22,21,21,19,19,0,0,0,0,0,0,0,14,14,15,16,18,19,20,21,22,24,24,24,25,26,26,27,27,27,28,30,29,29,30,31,32,32,33,34
20260729_152303_3a4d7f,1785335200749629,1835933381,0,0,0,-52,128,0,17,16,16,16,16,15,15,15,15,15,14,14,14,14,14,14,14,14,14,13,13,12,12,11,11,11,0,0,0,0,0,0,0,0,0,0,0,9,9,9,9,10,11,11,12,12,13,13,13,14,14,14,14,15,15,16,16,16,16,16,16,16,17,0,63,62,62,61,60,59,57,55,55,55,54,53,53,53,52,53,51,53,51,49,46,45,44,43,41,40,38,36,0,0,0,0,0,0,0,26,27,31,32,34,37,39,42,43,44,47,47,50,51,51,52,54,55,55,56,59,58,60,60,61,63,63,65
20260729_152303_3a4d7f,1785335200827460,1836011556,0,0,0,-52,128,0,17,16,16,16,16,16,16,15,14,14,14,14,14,14,14,14,14,13,13,13,13,13,12,12,11,10,0,0,0,0,0,0,0,0,0,0,0,8,9,9,10,11,11,11,13,13,13,13,14,14,14,14,14,15,15,16,16,16,16,16,17,17,17,0,62,64,61,58,57,58,55,56,57,55,53,54,53,53,53,52,52,51,50,49,47,46,44,43,41,40,38,36,0,0,0,0,0,0,0,26,28,31,33,34,37,39,43,43,46,48,48,49,52,51,53,52,54,57,55,57,60,59,62,63,62,64,66
20260729_152303_3a4d7f,1785335200931962,1836111865,0,0,0,-52,128,0,17,17,16,16,16,16,15,15,15,15,15,14,14,14,14,14,14,14,13,13,13,12,12,11,11,11,0,0,0,0,0,0,0,0,0,0,0,8,9,10,10,11,11,12,12,12,13,13,14,15,15,15,16,15,16,16,16,16,17,17,17,17,17,0,64,63,61,61,59,59,56,57,56,55,55,53,53,51,54,52,52,51,50,49,48,46,45,42,40,39,40,38,0,0,0,0,0,0,0,26,28,30,32,35,37,39,41,45,45,47,49,49,51,52,52,53,56,56,56,57,59,60,61,64,62,63,64
20260729_152303_3a4d7f,1785335201030754,1836212015,0,0,0,-52,128,0,16,16,16,16,15,15,15,14,14,14,14,13,13,13,13,13,13,13,13,12,12,12,12,10,10,10,0,0,0,0,0,0,0,0,0,0,0,7,9,9,9,10,10,11,11,11,13,13,13,13,13,13,14,14,14,15,15,15,16,16,16,16,16,0,63,62,61,59,59,58,55,55,54,53,54,52,52,51,50,51,51,49,50,48,46,44,44,43,41,39,38,37,0,0,0,0,0,0,0,25,28,28,31,35,35,39,42,42,44,47,48,50,49,50,51,53,53,55,56,58,58,60,60,61,63,64,62
20260729_152303_3a4d7f,1785335201131732,1836311812,0,0,0,-52,128,0,17,16,16,15,15,15,14,14,14,14,14,13,13,14,13,13,13,13,13,12,12,12,11,11,10,10,0,0,0,0,0,0,0,0,0,0,0,7,8,8,9,9,11,11,11,12,12,13,13,13,13,14,14,15,14,15,15,15,16,16,16,16,17,0,31,30,30,30,29,29,28,28,28,27,27,26,25,26,26,25,25,25,24,24,23,22,21,21,20,19,19,18,0,0,0,0,0,0,0,12,14,13,15,16,18,19,20,21,22,23,23,24,25,25,25,26,27,27,28,29,29,30,30,31,31,32,31
20260729_152303_3a4d7f,1785335201228662,1836411712,0,0,0,-52,128,0,17,16,16,16,15,14,14,14,14,14,14,14,14,14,13,13,13,12,12,12,12,11,11,10,10,10,0,0,0,0,0,0,0,0,0,0,0,7,8,9,9,10,10,10,11,12,13,13,13,13,13,14,14,14,14,15,15,15,17,16,17,17,17,0,62,64,61,61,58,59,57,56,54,55,53,53,51,50,52,50,51,50,48,47,46,43,44,41,39,39,38,36,0,0,0,0,0,0,0,27,28,28,30,35,36,39,40,42,44,45,49,50,50,51,51,52,56,53,57,59,59,61,60,63,65,64,62
20260729_152303_3a4d7f,1785335201327325,1836512033,0,0,0,-52,128,0,16,16,16,16,15,15,15,14,14,14,14,14,13,13,13,13,13,13,12,12,12,11,11,11,10,9,0,0,0,0,0,0,0,0,0,0,0,7,8,8,8,10,11,11,11,11,12,12,13,13,13,14,14,14,14,15,15,15,15,16,16,16,16,0,64,63,60,61,57,57,57,57,54,55,52,51,52,51,52,52,51,50,48,47,47,45,44,41,41,39,38,37,0,0,0,0,0,0,0,25,26,29,32,34,35,38,38,41,44,47,47,48,49,50,51,51,53,54,56,56,57,60,61,62,62,63,63
20260729_152303_3a4d7f,1785335201431908,1836612028,0,0,0,-52,128,0,17,16,16,16,16,15,15,14,14,14,14,14,14,14,13,14,13,13,13,13,13,12,12,11,11,11,0,0,0,0,0,0,0,0,0,0,0,8,8,8,9,10,11,11,12,12,13,13,13,13,13,14,14,14,14,15,15,15,16,16,16,17,16,0,31,31,31,30,30,29,28,28,27,27,26,26,26,26,26,26,25,25,25,24,24,22,22,21,20,19,19,18,0,0,0,0,0,0,0,13,13,15,15,17,18,19,20,21,23,23,24,25,25,26,26,27,26,27,28,29,29,30,30,30,31,32,31
20260729_152303_3a4d7f,1785335201538600,1836723762,0,0,0,-52,128,0,16,16,16,15,16,15,15,14,14,13,14,14,14,13,13,13,13,12,12,12,12,12,11,10,10,9,0,0,0,0,0,0,0,0,0,0,0,8,9,9,9,10,10,11,11,12,13,13,13,13,13,14,14,14,15,14,16,15,16,16,16,16,17,0,31,31,31,30,30,28,29,26,26,27,26,28,27,25,25,26,25,25,25,24,23,22,21,20,20,19,18,17,0,0,0,0,0,0,0,13,14,15,17,16,17,18,20,21,22,23,22,26,23,25,25,26,25,26,26,29,29,30,30,30,30,32,31
20260729_152303_3a4d7f,1785335201632756,1836812450,0,0,0,-52,128,0,16,16,16,16,15,15,15,15,14,14,13,13,13,13,13,13,13,13,13,13,13,11,11,11,10,10,0,0,0,0,0,0,0,0,0,0,0,7,8,9,10,9,10,11,11,12,13,13,13,13,14,14,14,14,15,15,15,16,16,16,16,16,16,0,31,31,30,30,28,28,29,28,27,27,26,26,26,26,26,26,26,25,25,25,22,22,22,21,20,20,18,17,0,0,0,0,0,0,0,13,14,16,16,16,18,20,20,21,22,23,24,24,26,25,27,26,28,28,29,28,30,31,31,31,31,32,31
20260729_152303_3a4d7f,1785335201773608,1836953604,0,0,0,-52,128,0,17,16,17,17,16,16,15,15,15,16,16,15,15,14,15,15,14,14,14,13,14,13,12,12,12,11,0,0,0,0,0,0,0,0,0,0,0,9,9,9,10,11,12,12,13,13,14,14,14,13,14,14,15,15,15,16,16,16,17,17,17,17,17,0,33,33,31,30,29,29,29,29,29,28,28,27,27,28,27,27,26,26,26,25,24,24,23,22,22,20,19,19,0,0,0,0,0,0,0,13,14,16,17,18,20,20,21,22,23,24,24,25,26,27,27,28,29,28,29,29,31,30,31,32,32,32,32
20260729_152303_3a4d7f,1785335201833164,1837013062,0,0,0,-52,128,0,16,16,16,15,15,15,15,14,14,14,14,13,13,13,13,13,13,13,13,12,12,11,11,10,10,10,0,0,0,0,0,0,0,0,0,0,0,7,7,8,9,10,10,11,12,12,12,13,13,13,13,14,14,14,14,15,15,15,16,16,16,16,16,0,33,31,30,30,29,29,27,26,27,27,27,26,25,25,25,25,25,26,25,24,23,22,21,21,20,20,18,17,0,0,0,0,0,0,0,12,13,15,15,16,18,19,20,22,22,23,24,24,25,25,26,26,27,27,28,28,29,29,29,30,31,30,31
20260729_152303_3a4d7f,1785335201931364,1837112768,0,0,0,-52,128,0,17,16,16,16,16,15,15,14,15,15,14,14,14,14,14,14,14,14,14,12,12,12,11,11,11,11,0,0,0,0,0,0,0,0,0,0,0,8,8,9,10,10,11,11,12,13,13,13,13,13,14,14,14,14,15,15,15,15,17,17,17,17,17,0,64,63,63,61,61,59,58,57,56,56,55,54,54,54,53,53,53,51,51,50,49,46,44,44,41,41,39,37,0,0,0,0,0,0,0,25,27,30,30,34,38,40,41,43,45,48,48,51,51,53,53,54,54,56,57,59,59,59,61,63,64,62,63
20260729_152303_3a4d7f,1785335202028689,1837212659,0,0,0,-52,128,0,18,18,17,17,16,16,16,16,15,15,15,14,15,15,14,14,14,14,14,13,13,13,12,12,12,11,0,0,0,0,0,0,0,0,0,0,0,8,9,9,10,11,11,12,12,13,13,13,13,14,14,15,15,15,16,16,16,16,16,16,17,17,18,0,32,32,31,31,30,30,29,29,29,28,28,27,28,28,27,27,26,26,26,25,24,24,23,22,22,21,19,19,0,0,0,0,0,0,0,12,14,15,16,17,18,20,21,21,22,24,25,25,26,27,28,27,28,28,29,30,31,31,32,31,32,32,32
20260729_152303_3a4d7f,1785335202126622,1837311391,0,0,0,-52,128,0,17,17,17,17,16,15,15,15,15,15,15,15,15,14,14,14,14,14,14,13,13,12,12,11,11,11,0,0,0,0,0,0,0,0,0,0,0,9,9,10,10,11,11,12,12,14,14,14,14,14,14,15,15,15,15,16,16,16,16,16,17,17,17,0,64,62,63,61,59,59,57,57,56,56,56,53,53,53,53,53,53,51,50,49,48,46,45,43,42,41,39,38,0,0,0,0,0,0,0,27,28,31,32,35,37,40,42,45,47,48,49,50,51,51,54,54,56,56,56,57,60,60,62,64,63,65,64
20260729_152303_3a4d7f,1785335202244100,1837427077,0,0,0,-52,128,0,16,16,16,16,15,15,14,14,14,14,13,13,13,13,13,13,13,13,13,12,12,12,11,11,11,9,0,0,0,0,0,0,0,0,0,0,0,8,8,9,9,10,10,11,12,11,12,12,13,13,13,13,14,14,15,14,15,15,15,16,16,16,16,0,62,62,62,59,59,59,56,56,53,55,54,52,51,53,52,53,51,50,50,49,49,46,44,43,41,40,37,38,0,0,0,0,0,0,0,25,27,30,31,34,36,38,39,43,44,48,48,49,51,51,52,53,54,56,55,58,58,60,62,61,62,65,63
20260729_152303_3a4d7f,1785335202349768,1837533315,0,0,0,-52,128,0,17,17,17,17,16,16,16,16,15,15,15,15,15,14,14,14,14,14,13,13,13,14,13,12,11,11,0,0,0,0,0,0,0,0,0,0,0,8,9,9,10,11,11,11,12,12,14,14,14,14,14,15,15,15,15,16,16,17,17,17,17,17,17,0,63,63,62,60,61,58,59,57,57,55,53,54,52,54,52,51,53,53,50,50,51,48,49,45,42,44,36,36,0,0,0,0,0,0,0,25,28,29,31,34,37,38,40,44,45,46,49,49,51,51,52,54,53,56,55,59,59,60,61,63,62,63,63
20260729_152303_3a4d7f,1785335202433120,1837614825,0,0,0,-52,128,0,16,16,16,15,15,14,14,14,14,14,14,13,13,13,13,13,13,13,12,12,12,11,11,10,10,10,0,0,0,0,0,0,0,0,0,0,0,7,7,8,9,9,10,10,11,12,12,12,13,13,13,14,14,14,14,14,15,15,16,16,16,16,16,0,31,31,30,30,29,29,28,28,27,28,28,27,26,26,26,25,25,25,25,24,23,22,22,21,20,20,18,17,0,0,0,0,0,0,0,13,13,14,16,17,17,19,19,21,22,23,23,25,26,25,26,27,28,28,29,29,30,30,30,31,31,31,31
20260729_152303_3a4d7f,1785335202526970,1837712553,0,0,0,-52,128,0,17,17,17,17,15,16,15,15,15,15,15,14,15,15,14,15,15,14,15,14,13,12,13,11,11,10,0,0,0,0,0,0,0,0,0,0,0,8,8,9,10,10,11,12,12,12,13,13,13,14,14,14,15,15,15,15,16,16,16,17,17,17,17,0,62,65,60,63,58,61,56,56,57,51,56,51,56,51,53,54,53,48,50,51,47,49,42,42,41,44,37,39,0,0,0,0,0,0,0,23,26,28,30,32,37,36,39,43,43,46,43,50,47,50,50,52,54,55,57,58,58,58,61,55,63,62,65
20260729_152303_3a4d7f,1785335202627924,1837811772,0,0,0,-52,128,0,17,18,17,17,16,16,16,16,15,15,15,15,14,15,14,14,14,14,14,14,13,12,12,12,12,11,0,0,0,0,0,0,0,0,0,0,0,9,9,9,10,10,11,12,13,13,13,14,14,14,15,15,15,15,16,16,16,17,17,17,17,18,18,0,32,32,32,31,31,31,30,29,27,28,28,28,27,27,25,26,26,25,26,24,26,24,24,23,21,22,20,20,0,0,0,0,0,0,0,12,14,15,16,16,18,19,21,22,23,24,24,25,25,26,27,27,28,28,29,30,30,31,31,31,32,32,31
20260729_152303_3a4d7f,1785335202727453,1837912145,0,0,0,-52,128,0,16,16,16,16,16,15,15,14,14,13,14,14,14,13,13,13,13,13,13,12,12,12,11,11,10,10,0,0,0,0,0,0,0,0,0,0,0,7,8,9,9,10,10,11,11,11,13,13,13,13,13,13,13,13,15,15,15,15,16,16,16,16,16,0,64,62,62,59,60,58,57,55,55,54,53,52,53,52,52,52,50,49,49,48,47,46,43,43,40,40,36,36,0,0,0,0,0,0,0,25,28,28,32,34,37,38,40,43,45,47,47,49,50,53,53,54,54,55,57,59,60,60,62,61,63,64,63
20260729_152303_3a4d7f,1785335202829451,1838011812,0,0,0,-52,128,0,16,17,15,16,15,14,15,14,14,14,15,14,13,14,14,13,13,13,14,12,12,12,12,11,11,9,0,0,0,0,0,0,0,0,0,0,0,7,7,9,9,10,10,11,11,12,12,13,13,14,14,13,15,14,14,15,15,16,16,16,16,16,16,0,31,29,29,29,29,29,28,28,26,28,26,24,27,25,26,24,27,25,25,21,22,23,21,21,19,21,18,17,0,0,0,0,0,0,0,12,12,14,14,15,16,19,19,20,21,22,24,25,26,26,27,26,26,26,27,29,30,28,29,29,29,31,31
20260729_152303_3a4d7f,1785335202940074,1838124260,0,0,0,-52,128,0,16,16,17,16,16,15,15,14,14,14,14,14,14,14,13,13,13,14,13,13,13,12,11,12,11,11,0,0,0,0,0,0,0,0,0,0,0,8,9,9,9,10,11,11,12,13,12,12,14,13,14,14,14,14,14,15,15,15,16,16,17,17,16,0,64,64,63,57,62,58,57,57,54,56,53,53,52,52,51,53,53,52,51,49,48,45,44,45,42,41,38,38,0,0,0,0,0,0,0,24,27,30,33,33,35,39,41,43,45,47,46,49,50,51,51,53,54,56,57,57,59,59,58,61,62,62,64
20260729_152303_3a4d7f,1785335203032183,1838216700,0,0,0,-52,128,0,17,17,17,17,16,16,15,15,15,14,15,15,14,14,14,14,14,14,13,14,13,13,12,11,11,11,0,0,0,0,0,0,0,0,0,0,0,8,9,9,10,10,10,12,12,13,13,13,13,14,14,15,15,15,16,16,16,16,17,17,17,18,16,0,62,61,62,60,60,57,56,57,54,55,55,53,52,52,51,53,51,53,51,50,48,46,44,43,40,40,37,38,0,0,0,0,0,0,0,24,27,29,32,33,36,38,42,44,44,46,47,48,51,51,53,54,54,56,56,58,59,60,60,62,62,63,63
20260729_152303_3a4d7f,1785335203129486,1838311926,0,0,0,-52,128,0,17,17,17,17,17,16,16,15,15,15,15,15,15,15,15,15,14,14,14,13,13,13,12,12,12,12,0,0,0,0,0,0,0,0,0,0,0,8,9,10,11,11,12,13,13,13,13,14,14,14,15,15,15,16,16,16,16,17,17,17,17,18,18,0,33,32,32,31,30,30,29,28,28,28,28,27,27,26,26,27,27,26,25,25,25,23,24,22,21,21,20,20,0,0,0,0,0,0,0,14,15,15,17,19,19,21,22,22,23,24,24,25,26,26,27,27,28,29,29,30,31,31,32,32,32,32,32
20260729_152303_3a4d7f,1785335203245443,1838428051,0,0,0,-52,128,0,16,16,16,16,15,15,15,14,14,14,15,14,14,14,14,14,14,13,13,13,13,13,13,12,11,11,0,0,0,0,0,0,0,0,0,0,0,8,8,9,10,11,11,12,13,12,13,13,13,14,14,14,14,14,15,15,15,16,16,16,17,16,16,0,32,31,31,31,31,30,30,28,27,28,27,28,27,27,27,27,26,24,25,26,23,24,23,21,21,19,19,18,0,0,0,0,0,0,0,13,13,15,16,17,18,20,21,23,22,23,25,25,25,26,27,27,27,28,29,30,30,31,31,31,32,32,32
20260729_152303_3a4d7f,1785335203336829,1838521984,0,0,0,-52,128,0,16,16,16,16,16,15,14,14,14,14,14,13,13,14,14,14,14,14,14,13,13,13,12,11,11,11,0,0,0,0,0,0,0,0,0,0,0,8,9,9,9,10,10,11,12,13,13,13,13,13,13,14,13,14,15,15,16,16,16,16,16,16,17,0,61,61,60,59,58,58,57,55,55,56,54,53,52,52,52,52,51,51,50,49,46,46,44,44,42,40,38,38,0,0,0,0,0,0,0,25,28,29,31,33,37,37,40,43,43,46,47,47,49,51,50,53,54,55,55,56,59,58,60,59,61,62,63
20260729_152303_3a4d7f,1785335203442417,1838623163,0,0,0,-52,128,0,17,17,17,16,16,16,16,15,15,15,14,14,15,14,14,14,14,14,14,13,13,13,12,11,11,11,0,0,0,0,0,0,0,0,0,0,0,8,9,10,10,11,11,12,13,13,13,13,13,14,14,14,14,16,15,16,16,16,17,16,17,17,18,0,64,63,64,60,61,60,57,57,57,55,55,53,53,55,52,54,52,53,51,48,49,47,44,45,42,42,37,39,0,0,0,0,0,0,0,26,29,30,34,34,39,40,43,45,45,48,48,50,51,52,53,56,54,57,56,61,60,62,62,60,63,64,65
20260729_152303_3a4d7f,1785335203530771,1838713822,0,0,0,-52,128,0,17,17,16,16,16,15,15,14,15,15,15,13,13,13,14,14,13,13,13,13,12,12,12,11,11,10,0,0,0,0,0,0,0,0,0,0,0,8,8,9,9,10,11,12,12,12,13,13,13,14,14,14,15,15,15,15,15,16,16,17,17,17,17,0,64,62,60,61,60,58,57,55,55,56,55,53,53,53,52,52,52,52,49,48,47,45,44,43,42,41,38,38,0,0,0,0,0,0,0,25,27,30,30,34,36,39,42,43,45,48,47,51,51,52,52,55,55,56,57,59,60,60,61,62,64,65,64
20260729_152303_3a4d7f,1785335203689851,1838872116,0,0,0,-52,128,0,16,15,15,15,14,14,14,14,14,14,14,13,13,13,13,13,13,13,13,12,12,11,11,11,10,10,0,0,0,0,0,0,0,0,0,0,0,6,8,9,9,9,10,11,12,12,13,13,13,14,14,13,15,15,15,15,15,16,16,16,16,16,16,0,31,31,30,30,29,28,28,27,27,27,26,26,25,25,25,25,25,25,25,23,23,21,21,21,20,20,18,18,0,0,0,0,0,0,0,11,13,13,14,16,17,19,20,21,22,23,24,24,24,26,26,26,27,27,28,28,29,29,30,30,31,31,31
20260729_152303_3a4d7f,1785335203728846,1838911009,0,0,0,-52,128,0,17,17,17,16,16,16,16,15,15,15,15,14,14,14,14,14,14,14,14,13,13,13,12,12,11,11,0,0,0,0,0,0,0,0,0,0,0,8,8,9,10,11,11,12,13,13,13,13,14,14,14,14,15,15,15,16,16,16,17,16,17,17,17,0,33,33,32,31,30,30,29,29,28,29,28,27,27,26,27,26,27,26,26,25,24,24,23,22,21,20,19,19,0,0,0,0,0,0,0,12,14,15,16,18,18,20,21,22,23,24,25,25,25,26,27,27,27,27,29,29,30,30,31,32,32,33,31
20260729_152303_3a4d7f,1785335203837286,1839017277,0,0,0,-52,128,0,17,17,16,16,16,16,16,15,16,14,15,14,14,14,14,14,14,15,14,14,13,13,13,12,13,12,0,0,0,0,0,0,0,0,0,0,0,8,9,10,10,10,10,12,12,13,13,14,14,14,14,14,15,15,15,16,16,17,16,17,17,16,18,0,65,63,63,60,60,59,59,57,57,55,55,54,55,55,51,53,54,50,51,48,49,47,46,42,42,42,42,39,0,0,0,0,0,0,0,25,29,30,32,34,37,39,40,42,44,48,49,48,49,51,54,55,55,57,57,59,60,61,63,60,63,64,65
20260729_152303_3a4d7f,1785335203943330,1839129031,0,0,0,-52,128,0,16,16,16,16,15,15,15,14,14,14,14,13,13,14,14,14,14,13,13,13,13,12,12,10,10,10,0,0,0,0,0,0,0,0,0,0,0,7,8,9,9,10,11,11,11,11,12,12,12,13,13,13,14,14,14,14,15,15,16,16,16,16,16,0,31,30,31,30,29,29,28,27,26,26,26,27,26,26,26,26,25,26,25,24,23,22,21,21,20,20,19,19,0,0,0,0,0,0,0,13,14,14,16,17,19,19,20,22,22,23,24,23,24,25,25,26,26,27,27,29,29,29,30,30,31,32,31
20260729_152303_3a4d7f,1785335204038262,1839218568,0,0,0,-52,128,0,16,16,16,15,15,14,14,14,14,14,14,14,14,13,13,13,13,13,12,12,12,11,11,11,10,10,0,0,0,0,0,0,0,0,0,0,0,7,8,9,9,9,10,10,11,12,12,12,13,13,13,14,13,14,14,14,15,15,15,16,17,17,17,0,62,62,62,60,60,58,56,55,55,54,53,53,52,52,52,51,51,50,49,49,47,46,44,41,40,40,38,36,0,0,0,0,0,0,0,25,27,29,31,34,37,37,41,42,43,46,48,49,49,51,52,53,54,55,55,58,59,61,60,60,64,64,64
20260729_152303_3a4d7f,1785335204160369,1839341628,0,0,0,-52,128,0,17,16,16,16,16,16,14,14,14,14,14,14,13,14,13,13,13,13,13,13,13,12,11,11,10,10,0,0,0,0,0,0,0,0,0,0,0,8,8,9,9,10,10,12,12,12,12,13,14,14,14,14,15,14,15,15,16,16,16,16,16,16,17,0,63,63,60,61,58,58,55,56,54,55,55,53,50,51,52,52,52,49,49,47,48,45,45,42,40,39,39,38,0,0,0,0,0,0,0,25,27,28,30,34,37,38,40,43,46,46,49,51,49,50,51,53,55,54,58,58,57,60,60,63,62,64,61
20260729_152303_3a4d7f,1785335204232833,1839417592,0,0,0,-52,128,0,18,18,17,16,16,16,16,16,15,15,15,15,15,15,15,14,14,14,14,14,14,13,13,11,11,11,0,0,0,0,0,0,0,0,0,0,0,8,9,10,10,11,11,12,13,13,13,13,14,14,14,15,15,16,15,16,16,16,17,17,18,18,17,0,63,65,60,62,60,60,57,57,56,57,55,53,54,52,53,52,53,51,51,50,48,47,46,44,42,39,39,37,0,0,0,0,0,0,0,26,29,30,32,36,36,40,41,44,45,47,50,50,51,51,52,54,55,55,57,59,61,60,61,62,63,64,63
20260729_152303_3a4d7f,1785335204331973,1839517468,0,0,0,-52,128,0,17,17,17,17,15,15,15,14,15,15,14,13,13,13,14,14,14,13,13,13,12,12,12,11,11,10,0,0,0,0,0,0,0,0,0,0,0,7,8,8,9,9,11,11,12,12,13,13,13,14,14,14,15,15,15,15,15,15,16,17,17,17,17,0,66,62,63,60,59,59,57,56,55,55,55,53,52,52,52,52,50,51,51,49,47,45,43,42,41,40,37,37,0,0,0,0,0,0,0,24,27,29,31,32,36,39,40,44,44,47,47,49,50,53,53,53,55,56,57,59,59,60,60,62,64,64,63
20260729_152303_3a4d7f,1785335204427249,1839612190,0,0,0,-52,128,0,17,17,17,17,16,16,16,15,15,15,15,15,15,14,14,14,14,14,14,13,13,13,12,12,11,11,0,0,0,0,0,0,0,0,0,0,0,8,9,10,11,11,12,12,13,13,13,14,14,15,15,15,16,16,16,16,16,16,17,17,17,17,17,0,63,64,64,61,60,59,57,56,55,55,55,54,52,52,52,52,52,51,50,49,48,46,45,43,41,40,39,37,0,0,0,0,0,0,0,27,29,31,32,36,38,41,42,45,47,48,50,50,51,54,55,54,57,58,57,60,61,62,61,64,63,63,64
20260729_152303_3a4d7f,1785335204527731,1839712334,0,0,0,-52,128,0,15,15,15,15,15,14,14,13,13,13,13,13,13,13,13,13,13,13,13,11,11,11,11,10,10,9,0,0,0,0,0,0,0,0,0,0,0,7,8,8,9,10,10,11,11,11,12,12,13,13,13,13,13,14,14,14,15,15,16,15,16,16,16,0,64,62,62,60,59,59,56,56,54,53,54,52,53,53,52,51,52,50,50,47,46,45,43,42,40,40,38,36,0,0,0,0,0,0,0,24,28,28,31,34,37,40,40,42,45,48,48,48,51,52,53,55,54,56,56,59,59,60,61,61,63,65,63
20260729_152303_3a4d7f,1785335204634086,1839816740,0,0,0,-52,128,0,17,16,16,16,15,15,15,15,15,15,14,13,13,13,13,13,13,13,12,13,12,12,11,11,10,10,0,0,0,0,0,0,0,0,0,0,0,7,8,9,9,10,10,11,11,12,13,13,14,14,14,14,15,15,15,15,15,16,16,16,16,17,16,0,32,30,30,30,29,28,28,28,27,27,26,26,26,25,26,25,25,25,25,24,23,22,21,20,20,19,18,17,0,0,0,0,0,0,0,12,13,15,16,17,17,19,20,21,22,23,23,25,25,25,26,26,28,28,28,28,29,30,30,31,31,31,31
20260729_152303_3a4d7f,1785335204727821,1839911994,0,0,0,-52,128,0,17,16,16,16,16,16,15,15,14,14,14,14,14,13,13,13,13,14,13,13,13,12,12,11,10,10,0,0,0,0,0,0,0,0,0,0,0,8,9,9,9,10,11,11,12,12,13,13,14,14,14,14,14,15,15,15,16,16,16,16,17,17,17,0,65,63,63,61,60,60,58,58,56,55,55,53,52,53,51,52,51,51,50,49,48,45,44,43,41,40,37,37,0,0,0,0,0,0,0,24,28,31,32,35,37,39,43,43,46,49,49,49,51,53,54,54,54,56,56,58,59,61,63,61,63,64,63
20260729_152303_3a4d7f,1785335204832398,1840017381,0,0,0,-52,128,0,17,17,17,16,16,16,16,15,15,14,14,15,13,14,14,14,14,14,14,13,13,13,12,12,11,10,0,0,0,0,0,0,0,0,0,0,0,8,8,9,10,10,11,12,13,13,13,13,13,14,14,14,14,15,15,15,16,16,16,16,17,17,17,0,64,65,61,60,58,60,57,57,54,57,54,53,52,51,54,51,53,50,50,49,48,45,45,42,42,40,40,38,0,0,0,0,0,0,0,26,28,29,31,35,36,39,42,43,44,48,49,51,51,51,53,51,55,54,58,58,58,60,61,62,62,63,61
20260729_152303_3a4d7f,1785335204953036,1840137717,0,0,0,-52,128,0,16,16,16,15,15,15,15,14,14,14,14,14,14,13,13,13,13,13,13,12,12,12,11,11,10,10,0,0,0,0,0,0,0,0,0,0,0,8,9,9,9,10,10,11,11,12,13,13,13,13,14,14,14,14,14,15,15,15,16,16,16,16,16,0,30,30,29,30,29,29,28,27,27,27,26,26,26,26,26,25,25,25,24,24,23,23,22,21,20,20,18,18,0,0,0,0,0,0,0,13,13,15,16,17,17,19,20,22,22,24,24,25,24,26,26,27,27,27,28,28,29,30,30,30,31,32,32
20260729_152303_3a4d7f,1785335205057544,1840241415,0,0,0,-52,128,0,16,16,16,16,15,15,15,14,14,14,14,14,13,14,13,13,13,13,13,12,12,11,11,11,10,10,0,0,0,0,0,0,0,0,0,0,0,8,9,8,9,10,10,11,12,12,12,13,13,13,13,14,14,14,14,15,16,16,16,16,16,16,17,0,31,30,31,30,29,29,28,28,27,27,26,26,26,26,25,25,25,25,24,24,23,23,22,21,20,20,18,18,0,0,0,0,0,0,0,12,14,15,16,16,18,19,20,21,22,23,23,24,25,25,26,27,27,28,27,29,29,30,30,30,31,32,32
20260729_152303_3a4d7f,1785335205136564,1840316630,0,0,0,-52,128,0,16,16,16,16,16,14,14,14,14,14,14,14,14,14,13,13,13,13,12,12,12,12,11,11,10,10,0,0,0,0,0,0,0,0,0,0,0,7,8,9,9,10,10,11,11,12,12,12,13,13,13,14,14,14,14,15,15,15,15,16,16,17,16,0,62,64,60,61,58,57,55,56,54,55,54,53,53,51,53,52,52,49,51,49,48,46,47,44,41,40,39,37,0,0,0,0,0,0,0,25,27,29,30,35,36,39,40,42,44,46,48,50,50,53,51,51,55,53,58,57,59,61,60,63,64,63,60
20260729_152303_3a4d7f,1785335205229482,1840413178,0,0,0,-52,128,0,17,17,17,17,16,16,16,15,15,15,14,14,14,15,15,15,15,14,14,14,13,13,13,11,11,11,0,0,0,0,0,0,0,0,0,0,0,9,9,9,10,10,11,12,12,13,13,14,14,14,14,15,15,15,15,16,16,16,17,17,17,18,17,0,33,32,32,30,31,30,29,28,28,27,28,27,27,28,26,27,26,26,25,25,24,24,23,22,21,21,20,18,0,0,0,0,0,0,0,13,14,15,17,17,19,20,21,22,23,24,24,25,26,27,26,29,27,29,28,29,30,31,32,30,32,32,32
20260729_152303_3a4d7f,1785335205364358,1840547232,0,0,0,-52,128,0,17,17,16,16,16,16,15,15,15,15,14,14,14,14,14,14,14,14,13,13,13,12,12,12,11,11,0,0,0,0,0,0,0,0,0,0,0,9,9,10,10,10,12,12,12,12,13,13,13,13,13,14,15,15,15,15,16,16,16,17,17,17,17,0,64,62,63,60,60,59,57,57,56,55,54,53,53,54,52,54,52,52,50,49,48,45,45,42,41,40,39,38,0,0,0,0,0,0,0,26,28,30,34,34,37,39,41,43,45,48,48,50,51,52,54,54,54,57,57,59,59,61,61,62,63,64,66
20260729_152303_3a4d7f,1785335205428049,1840611665,0,0,0,-52,128,0,16,16,16,16,16,15,15,15,14,15,15,14,14,13,14,14,13,13,13,13,13,12,12,12,11,11,0,0,0,0,0,0,0,0,0,0,0,8,9,9,10,11,11,12,12,13,13,13,13,13,14,14,14,15,15,16,16,16,16,16,16,17,17,0,63,63,61,61,60,60,57,56,55,55,55,53,53,52,54,54,52,52,51,50,49,47,45,43,42,41,40,38,0,0,0,0,0,0,0,25,28,30,32,34,37,39,42,45,46,47,48,50,50,51,53,53,55,54,58,58,60,60,61,63,64,64,64
20260729_152303_3a4d7f,1785335205538409,1840719690,0,0,0,-52,128,0,17,17,17,17,16,16,16,15,15,15,15,14,14,14,14,14,14,14,14,14,13,13,13,12,11,11,0,0,0,0,0,0,0,0,0,0,0,8,9,9,10,11,12,12,13,13,13,13,14,14,14,15,15,15,15,16,16,16,16,17,17,17,17,0,63,63,62,62,59,59,57,55,55,56,55,53,53,53,53,53,54,52,52,50,48,46,46,44,42,41,38,38,0,0,0,0,0,0,0,26,30,30,32,36,37,40,42,44,47,47,50,51,51,52,53,53,55,58,57,59,61,61,62,63,65,64,65
20260729_152303_3a4d7f,1785335205631999,1840815035,0,0,0,-52,128,0,16,16,16,16,15,15,14,14,14,14,13,13,14,13,14,14,13,13,13,13,12,12,11,11,10,10,0,0,0,0,0,0,0,0,0,0,0,7,8,9,9,10,10,10,11,12,12,12,13,13,13,13,14,14,15,15,15,15,15,16,16,16,16,0,32,31,30,30,29,29,28,27,27,28,27,26,26,25,25,26,26,25,25,25,23,22,21,20,20,20,19,18,0,0,0,0,0,0,0,12,14,14,15,16,18,19,20,21,22,23,25,23,25,25,26,26,27,27,28,29,30,29,30,30,30,32,31
20260729_152303_3a4d7f,1785335205733121,1840913441,0,0,0,-52,128,0,16,16,15,15,15,14,14,14,14,14,14,14,13,13,13,13,13,13,13,12,12,11,11,11,11,10,0,0,0,0,0,0,0,0,0,0,0,7,7,8,9,10,10,11,12,12,12,12,13,13,13,13,14,14,14,14,15,15,16,16,16,16,16,0,32,30,31,30,29,29,28,27,27,27,27,26,26,26,25,25,25,25,25,24,23,22,21,20,20,20,17,18,0,0,0,0,0,0,0,12,13,14,16,17,17,19,20,21,22,23,24,24,25,26,26,26,26,27,28,29,29,30,31,31,31,32,32
20260729_152303_3a4d7f,1785335205837646,1841018694,0,0,0,-52,128,0,16,16,16,16,15,14,14,14,14,14,14,13,14,14,14,13,13,13,13,13,13,11,11,11,11,11,0,0,0,0,0,0,0,0,0,0,0,8,9,9,10,11,11,11,12,12,13,13,13,13,13,13,14,14,15,15,16,16,16,16,16,16,16,0,62,62,61,60,59,59,57,55,55,55,54,53,51,52,53,52,51,50,51,49,49,45,44,43,41,40,38,37,0,0,0,0,0,0,0,25,28,30,32,35,37,39,42,43,45,47,49,49,51,51,51,53,53,55,56,57,60,59,62,61,62,64,63
20260729_152303_3a4d7f,1785335205928075,1841113426,0,0,0,-52,128,0,15,16,15,15,14,14,14,14,14,14,14,14,13,13,13,13,13,12,13,12,12,12,11,11,10,10,0,0,0,0,0,0,0,0,0,0,0,8,8,9,9,10,10,11,12,12,12,12,13,13,14,14,14,14,15,15,16,16,16,16,16,16,16,0,31,31,31,29,30,28,28,27,26,27,28,26,26,26,26,26,26,25,25,24,24,23,22,22,20,20,19,19,0,0,0,0,0,0,0,13,14,15,15,16,19,19,21,22,23,23,25,25,25,25,25,26,26,27,27,29,29,30,30,30,31,32,31
20260729_152303_3a4d7f,1785335206028070,1841212491,0,0,0,-52,128,0,17,18,17,17,16,16,16,16,16,15,14,14,14,14,14,14,14,14,14,14,13,13,12,12,11,11,0,0,0,0,0,0,0,0,0,0,0,9,9,10,10,11,11,12,12,13,13,14,15,15,15,15,16,16,16,16,17,17,17,17,17,18,17,0,33,32,31,31,31,30,30,29,27,27,27,27,27,27,26,26,26,27,25,25,24,23,23,22,21,21,20,19,0,0,0,0,0,0,0,13,14,16,16,18,19,20,21,22,23,24,25,26,27,27,28,28,28,28,29,30,31,31,32,31,32,32,33
20260729_152303_3a4d7f,1785335206137712,1841322200,0,0,0,-52,128,0,17,17,17,16,16,16,15,15,15,14,15,15,14,14,14,14,14,14,13,13,13,13,12,12,11,11,0,0,0,0,0,0,0,0,0,0,0,8,9,9,10,11,12,12,13,13,13,14,14,14,14,15,15,15,15,16,16,16,16,16,16,17,17,0,64,64,62,62,60,59,57,57,57,56,56,55,52,52,53,52,53,49,51,50,48,47,45,44,42,41,39,38,0,0,0,0,0,0,0,26,29,30,34,35,38,40,43,44,47,47,49,50,52,54,54,54,57,57,59,59,61,61,63,62,65,65,64
20260729_152303_3a4d7f,1785335206246919,1841432355,0,0,0,-52,128,0,17,16,16,16,16,16,15,15,15,14,14,14,14,14,14,14,14,14,14,13,13,12,12,12,11,11,0,0,0,0,0,0,0,0,0,0,0,8,9,9,10,11,11,12,12,12,13,13,13,13,15,15,14,15,16,16,16,16,17,16,17,17,17,0,64,62,61,61,60,60,57,56,56,55,56,52,53,52,53,54,53,52,51,49,49,47,45,45,41,40,38,38,0,0,0,0,0,0,0,27,28,30,33,35,36,39,41,45,45,47,49,51,52,51,52,53,56,56,56,58,60,61,62,64,64,64,64
20260729_152303_3a4d7f,1785335206333808,1841516244,0,0,0,-52,128,0,17,17,17,17,16,16,16,15,15,15,14,14,14,14,14,14,14,14,14,13,13,13,12,11,11,11,0,0,0,0,0,0,0,0,0,0,0,9,9,9,10,11,11,12,12,12,13,13,14,14,14,15,15,15,16,16,16,16,17,17,17,17,17,0,63,64,62,58,60,58,57,56,54,55,54,52,52,53,52,52,50,50,50,48,48,45,43,43,41,41,38,38,0,0,0,0,0,0,0,26,28,29,33,34,37,38,42,43,44,47,48,48,50,51,52,53,53,57,56,58,59,60,61,61,63,64,64
20260729_152303_3a4d7f,1785335206445336,1841627342,0,0,0,-52,128,0,16,17,17,16,15,16,14,14,15,14,14,13,13,13,14,14,13,13,13,13,13,12,11,12,11,11,0,0,0,0,0,0,0,0,0,0,0,8,9,9,9,10,11,11,11,13,13,13,14,14,14,14,15,15,15,15,16,15,17,17,17,17,17,0,62,64,64,60,62,59,57,57,56,54,58,53,50,51,50,54,49,54,52,47,47,46,44,44,40,38,37,40,0,0,0,0,0,0,0,25,27,31,33,35,35,39,43,43,46,46,47,51,49,50,53,56,56,55,57,62,61,60,61,63,64,66,65
20260729_152303_3a4d7f,1785335206545682,1841731539,0,0,0,-52,128,0,17,16,17,16,16,15,14,14,14,14,14,14,14,14,13,13,13,13,13,12,12,11,11,11,10,10,0,0,0,0,0,0,0,0,0,0,0,7,8,9,9,10,10,11,12,13,13,13,13,13,13,14,14,15,15,15,15,16,15,17,17,17,17,0,64,62,60,60,58,56,56,56,55,54,55,52,53,53,52,52,51,51,49,49,47,46,44,41,40,40,37,36,0,0,0,0,0,0,0,25,27,30,33,33,36,39,39,44,46,48,48,50,51,52,52,53,56,56,55,57,59,60,61,61,61,63,63
20260729_152303_3a4d7f,1785335206630962,1841811453,0,0,0,-52,128,0,16,16,16,15,15,15,15,14,14,14,14,14,14,14,13,13,13,13,13,12,12,12,11,11,10,10,0,0,0,0,0,0,0,0,0,0,0,8,8,9,9,10,11,11,12,12,13,13,13,13,14,14,14,14,14,15,15,16,16,15,16,17,16,0,30,30,30,29,29,29,28,27,27,26,26,26,25,25,25,25,25,25,24,23,22,22,21,20,20,19,18,18,0,0,0,0,0,0,0,12,13,14,14,16,18,19,20,21,21,22,23,24,24,25,25,27,26,28,27,29,29,29,30,29,31,31,31
20260729_152303_3a4d7f,1785335206729849,1841913136,0,0,0,-52,128,0,17,17,17,16,16,16,15,15,15,14,14,14,14,15,14,14,13,13,13,13,13,12,12,12,11,11,0,0,0,0,0,0,0,0,0,0,0,8,9,9,9,11,11,12,13,13,13,14,14,14,14,14,15,15,15,15,16,16,16,16,16,17,17,0,63,63,62,59,60,59,57,57,55,56,57,55,53,53,54,54,50,50,52,50,47,47,43,41,43,40,37,39,0,0,0,0,0,0,0,25,28,30,33,34,36,40,42,43,46,48,49,50,52,52,52,54,54,56,57,58,59,62,61,61,63,64,65
20260729_152303_3a4d7f,1785335206829793,1842014135,0,0,0,-52,128,0,17,18,17,16,16,16,16,15,15,15,15,15,14,15,14,14,14,14,14,13,13,12,12,12,11,11,0,0,0,0,0,0,0,0,0,0,0,9,9,9,10,10,11,12,12,13,13,13,14,14,14,15,15,15,15,16,16,17,17,17,17,17,17,0,32,32,30,32,29,30,29,28,28,28,27,27,27,25,26,25,28,25,24,25,25,23,23,23,21,20,20,19,0,0,0,0,0,0,0,13,14,15,16,17,18,20,20,22,23,25,25,24,26,26,27,27,28,28,29,29,30,31,31,33,32,33,31
20260729_152303_3a4d7f,1785335206932532,1842115523,0,0,0,-52,128,0,17,16,16,15,15,15,15,14,14,13,14,15,14,14,14,14,14,13,13,14,12,11,12,10,11,11,0,0,0,0,0,0,0,0,0,0,0,8,9,9,10,9,10,11,11,12,12,13,13,13,14,14,14,15,14,15,15,16,16,16,16,17,17,0,31,30,30,30,29,29,29,28,28,26,27,25,25,27,25,25,25,27,25,22,22,22,24,20,21,20,18,18,0,0,0,0,0,0,0,13,14,15,15,17,18,20,21,21,22,23,24,24,25,26,27,26,27,28,28,29,29,30,31,31,32,32,32
20260729_152303_3a4d7f,1785335207054227,1842237865,0,0,0,-52,128,0,18,18,18,16,16,16,16,16,16,15,15,14,14,15,14,15,14,14,14,14,13,13,13,12,12,12,0,0,0,0,0,0,0,0,0,0,0,9,9,10,11,11,12,12,13,13,14,14,14,14,15,15,15,16,16,16,16,16,17,17,17,18,18,0,65,63,62,61,60,59,58,57,54,55,54,53,55,54,51,51,53,50,50,48,48,47,47,42,42,41,39,36,0,0,0,0,0,0,0,27,29,32,34,36,38,39,41,44,46,47,50,50,51,53,54,55,55,56,57,59,59,61,63,63,62,65,64
20260729_152303_3a4d7f,1785335207126963,1842311531,0,0,0,-52,128,0,16,16,16,15,15,15,14,14,14,14,14,14,13,13,13,13,13,13,13,12,12,12,11,11,10,10,0,0,0,0,0,0,0,0,0,0,0,7,8,9,9,10,10,11,11,12,12,13,13,13,14,13,14,14,14,15,15,15,16,15,16,16,16,0,31,31,31,29,30,29,28,28,27,26,26,26,26,26,25,26,25,26,24,24,23,23,21,21,20,20,18,18,0,0,0,0,0,0,0,12,14,15,15,16,18,19,20,21,22,23,23,24,24,25,26,26,26,27,27,30,30,30,30,30,32,32,31
20260729_152303_3a4d7f,1785335207267828,1842450534,0,0,0,-52,128,0,16,16,16,15,15,15,15,15,14,14,13,13,13,13,13,13,13,13,13,12,12,11,11,11,10,10,0,0,0,0,0,0,0,0,0,0,0,7,8,8,9,10,11,11,11,12,12,12,13,13,13,13,14,15,15,15,16,16,16,16,17,17,17,0,31,31,31,30,30,28,28,28,28,27,26,26,26,26,25,26,25,25,25,24,23,22,22,21,20,19,18,19,0,0,0,0,0,0,0,12,13,14,15,17,18,19,19,22,23,23,24,23,24,26,26,27,28,27,28,29,30,30,31,30,31,33,31
20260729_152303_3a4d7f,1785335207338533,1842520902,0,0,0,-52,128,0,16,15,16,15,15,15,14,14,14,13,13,13,13,13,13,13,13,13,12,12,12,11,11,10,10,9,0,0,0,0,0,0,0,0,0,0,0,7,8,8,9,9,10,10,11,11,12,12,13,13,13,14,13,14,14,14,15,15,15,15,16,16,16,0,63,61,61,60,59,57,57,55,55,54,54,53,53,51,52,51,51,49,49,49,48,46,43,42,40,40,38,37,0,0,0,0,0,0,0,25,27,28,30,34,36,38,39,43,46,47,48,49,50,52,53,53,55,55,56,58,59,60,62,62,63,63,62
20260729_152303_3a4d7f,1785335207433052,1842617998,0,0,0,-52,128,0,17,17,16,16,15,16,15,15,14,15,15,13,14,14,13,13,13,13,13,13,13,13,12,11,11,11,0,0,0,0,0,0,0,0,0,0,0,8,8,9,10,11,11,11,12,13,13,13,13,14,14,14,14,16,15,16,16,16,16,16,16,18,16,0,64,63,59,61,57,61,57,55,56,56,54,52,53,52,52,50,52,50,52,50,48,47,45,43,42,39,38,37,0,0,0,0,0,0,0,25,28,29,32,34,36,40,40,43,44,47,49,49,51,52,53,54,56,55,56,58,60,61,61,63,62,62,63
20260729_152303_3a4d7f,1785335207526630,1842711709,0,0,0,-52,128,0,17,18,17,17,16,16,16,15,16,16,16,15,15,14,14,14,15,14,14,14,13,13,13,11,11,11,0,0,0,0,0,0,0,0,0,0,0,9,9,10,10,11,12,12,13,13,13,13,14,14,14,15,16,16,16,16,17,17,17,18,18,18,17,0,64,63,63,60,59,60,57,57,56,54,56,53,53,54,53,52,52,53,50,50,48,47,45,44,42,42,38,38,0,0,0,0,0,0,0,26,29,30,33,35,37,39,42,44,45,48,49,50,52,52,53,54,54,57,56,59,60,60,63,61,64,64,64
20260729_152303_3a4d7f,1785335207648277,1842831407,0,0,0,-52,128,0,16,16,16,15,15,15,14,14,14,13,13,13,13,13,13,13,12,13,12,13,11,11,11,11,9,9,0,0,0,0,0,0,0,0,0,0,0,8,8,8,9,9,10,10,11,11,12,12,13,13,13,13,13,14,13,14,15,15,16,16,16,16,16,0,63,62,62,59,60,59,55,54,54,54,54,52,51,51,50,52,48,54,47,53,51,44,45,39,39,39,37,37,0,0,0,0,0,0,0,26,27,28,31,33,37,39,41,42,44,46,49,50,49,51,52,52,54,56,56,59,60,60,62,60,62,64,64
20260729_152303_3a4d7f,1785335207732849,1842913446,0,0,0,-52,128,0,16,16,16,16,15,15,15,14,14,14,14,13,13,14,14,14,14,13,13,13,13,12,12,11,10,10,0,0,0,0,0,0,0,0,0,0,0,7,8,9,9,10,11,11,11,12,12,12,13,13,14,14,14,14,14,15,15,15,16,16,16,16,16,0,32,31,31,30,30,29,28,27,27,26,26,26,26,26,26,26,26,25,25,24,24,23,22,21,21,20,19,18,0,0,0,0,0,0,0,13,14,15,16,16,18,19,21,21,23,23,24,24,25,25,26,27,27,28,27,29,29,30,30,30,31,32,32
20260729_152303_3a4d7f,1785335207830317,1843015698,0,0,0,-52,128,0,17,17,16,16,16,16,15,15,15,15,15,14,14,14,14,14,14,14,14,13,13,12,12,12,11,11,0,0,0,0,0,0,0,0,0,0,0,8,9,9,10,11,11,12,12,12,13,13,14,15,14,15,15,15,16,16,16,16,16,17,17,17,17,0,64,63,63,62,60,61,57,56,55,55,55,54,52,53,53,53,51,52,52,50,48,46,44,45,41,40,39,37,0,0,0,0,0,0,0,25,28,30,32,34,37,39,42,44,45,48,48,50,51,51,53,55,55,56,57,59,60,61,61,62,63,63,64
20260729_152303_3a4d7f,1785335207936379,1843118242,0,0,0,-52,128,0,16,16,16,16,15,15,15,14,14,14,14,14,14,13,13,13,13,13,13,12,12,11,11,11,10,10,0,0,0,0,0,0,0,0,0,0,0,8,9,9,9,10,10,11,11,12,12,13,13,13,14,14,14,14,14,15,15,16,16,16,16,17,16,0,31,31,30,30,29,29,29,27,27,27,27,26,26,26,25,25,25,25,24,24,23,22,21,20,20,20,18,18,0,0,0,0,0,0,0,13,14,15,16,16,18,19,20,22,22,23,24,25,25,26,25,26,27,27,27,29,29,30,30,30,31,32,32
20260729_152303_3a4d7f,1785335208063986,1843246181,0,0,0,-52,128,0,17,16,16,16,16,15,14,14,14,15,15,13,13,13,13,14,13,14,13,13,12,12,11,12,11,10,0,0,0,0,0,0,0,0,0,0,0,7,8,8,9,9,11,11,11,12,13,13,13,13,13,14,14,15,14,15,15,15,15,17,17,17,17,0,64,62,61,61,59,58,58,55,55,55,56,52,53,51,53,52,52,51,49,46,49,46,39,42,44,40,38,35,0,0,0,0,0,0,0,25,27,28,31,34,37,38,42,43,45,47,47,50,50,51,52,53,55,55,56,58,59,60,60,63,61,63,62
20260729_152303_3a4d7f,1785335208134310,1843316966,0,0,0,-52,128,0,16,16,17,16,16,15,16,16,15,15,15,15,13,15,15,14,14,14,14,14,14,13,13,11,11,11,0,0,0,0,0,0,0,0,0,0,0,9,9,9,9,11,11,11,12,13,13,13,15,14,14,14,15,16,16,16,16,16,16,17,16,18,17,0,63,61,59,59,58,62,57,55,57,57,56,54,52,54,51,56,51,51,52,49,48,45,44,43,41,40,38,37,0,0,0,0,0,0,0,26,28,30,31,35,37,39,41,45,46,46,47,52,52,51,55,55,55,54,57,58,57,59,62,59,67,64,65
20260729_152303_3a4d7f,1785335208233528,1843418628,0,0,0,-52,128,0,17,17,17,16,16,16,15,15,15,15,15,14,15,14,14,14,14,14,14,14,12,12,12,11,11,11,0,0,0,0,0,0,0,0,0,0,0,8,8,9,10,11,11,12,13,13,13,14,13,14,14,14,15,15,16,16,17,15,17,16,16,17,17,0,64,61,64,63,61,61,56,59,58,56,55,57,55,51,53,54,52,51,52,49,49,46,44,43,41,40,39,38,0,0,0,0,0,0,0,25,28,30,31,35,37,39,42,44,46,48,47,49,53,52,53,53,53,57,55,56,57,58,62,66,61,67,62
20260729_152303_3a4d7f,1785335208362904,1843542847,0,0,0,-52,128,0,17,18,17,17,16,16,16,16,15,16,15,15,15,15,15,14,15,14,14,13,13,13,13,12,11,11,0,0,0,0,0,0,0,0,0,0,0,9,9,10,10,11,12,12,12,13,14,14,14,14,14,15,16,15,16,16,16,16,18,17,18,18,17,0,63,63,62,59,60,60,58,56,53,54,53,52,53,53,51,51,52,51,51,50,47,45,43,44,41,39,38,37,0,0,0,0,0,0,0,25,28,29,32,35,37,38,41,43,46,47,47,50,49,51,53,52,54,55,55,59,60,59,60,60,63,62,62
20260729_152303_3a4d7f,1785335208461777,1843642611,0,0,0,-52,128,0,16,16,16,16,16,15,15,14,14,14,14,13,13,13,13,14,13,13,13,13,13,12,12,11,10,10,0,0,0,0,0,0,0,0,0,0,0,8,8,9,9,10,11,12,11,12,12,13,13,14,14,14,14,14,15,15,15,16,16,16,16,17,17,0,31,31,30,29,30,29,29,28,27,27,26,27,26,26,25,25,25,25,25,24,23,22,21,21,20,20,19,17,0,0,0,0,0,0,0,12,13,15,16,17,18,19,20,21,22,23,23,24,25,25,26,27,26,27,28,29,29,30,30,31,31,31,31
20260729_152303_3a4d7f,1785335208568437,1843748510,0,0,0,-52,128,0,17,17,17,16,16,16,15,15,15,15,15,15,15,15,14,14,14,14,14,13,13,13,12,12,11,11,0,0,0,0,0,0,0,0,0,0,0,8,9,9,10,11,12,12,13,13,13,14,14,14,14,15,15,15,15,16,16,17,17,17,17,17,17,0,33,32,33,30,31,30,30,29,28,28,27,27,27,28,26,27,26,26,26,25,25,23,22,22,21,20,18,19,0,0,0,0,0,0,0,13,14,15,17,17,19,19,22,22,23,23,25,26,26,27,27,28,28,29,29,31,31,31,32,31,32,32,32
20260729_152303_3a4d7f,1785335208628837,1843814449,0,0,0,-52,128,0,16,17,16,16,16,16,15,15,15,15,15,15,14,14,14,14,14,14,14,13,13,12,12,12,11,11,0,0,0,0,0,0,0,0,0,0,0,8,9,10,10,10,11,12,12,13,13,13,13,14,14,14,15,15,15,15,16,16,16,16,17,17,17,0,32,32,32,30,30,30,29,29,28,28,28,28,27,28,26,27,26,27,26,25,25,24,23,22,22,21,19,19,0,0,0,0,0,0,0,13,15,16,16,17,19,20,21,23,23,24,24,26,25,26,27,28,27,29,28,31,30,30,31,31,32,32,32
20260729_152303_3a4d7f,1785335208727820,1843911626,0,0,0,-52,128,0,17,18,17,17,16,16,16,15,15,15,15,14,14,14,14,14,14,14,14,13,13,12,12,11,11,11,0,0,0,0,0,0,0,0,0,0,0,9,9,9,10,11,11,12,12,13,13,13,14,14,14,15,15,15,15,16,16,16,17,17,17,17,17,0,32,33,32,31,30,30,29,29,28,28,28,27,27,27,27,26,26,26,25,25,25,23,22,22,21,20,19,19,0,0,0,0,0,0,0,13,15,15,16,17,18,20,20,22,23,24,25,25,26,26,27,28,28,28,29,30,31,31,31,30,33,32,32
20260729_152303_3a4d7f,1785335208827854,1844011951,0,0,0,-52,128,0,16,17,16,16,16,15,15,14,14,14,14,13,13,14,13,13,13,13,13,13,12,12,11,11,11,10,0,0,0,0,0,0,0,0,0,0,0,7,8,8,9,10,10,11,12,12,12,12,13,13,13,14,14,14,14,15,15,15,16,16,16,16,16,0,32,32,30,30,29,29,28,28,28,27,27,26,25,25,26,26,25,25,25,24,24,23,22,21,20,20,18,18,0,0,0,0,0,0,0,12,13,14,15,16,18,19,20,21,22,23,24,25,25,25,27,26,28,28,28,29,29,30,30,31,31,31,31
20260729_152303_3a4d7f,1785335208955219,1844136069,0,0,0,-52,128,0,16,16,16,16,15,15,14,14,13,14,13,13,14,13,13,13,13,12,13,12,12,12,11,10,10,10,0,0,0,0,0,0,0,0,0,0,0,7,7,8,9,10,10,11,11,12,12,12,12,12,13,13,13,13,13,14,14,16,16,16,15,16,16,0,31,33,31,28,31,30,28,27,27,28,29,25,23,26,25,27,25,28,25,24,21,22,21,20,21,20,18,17,0,0,0,0,0,0,0,12,13,14,15,16,17,18,20,21,22,22,22,24,25,26,26,26,26,27,27,29,29,31,31,28,33,32,33
20260729_152303_3a4d7f,1785335209043137,1844226753,0,0,0,-52,128,0,16,16,16,16,16,15,15,14,14,14,14,14,13,13,13,13,13,13,13,12,12,12,11,11,10,10,0,0,0,0,0,0,0,0,0,0,0,8,8,9,10,10,10,11,11,12,13,13,13,13,14,14,14,14,14,15,16,16,16,16,16,16,17,0,31,31,31,30,30,29,29,28,27,27,27,26,26,27,26,27,26,26,25,25,24,23,22,22,20,20,18,18,0,0,0,0,0,0,0,13,14,15,16,16,18,19,20,22,23,23,23,24,25,26,26,27,27,28,27,29,29,30,30,30,32,32,31
20260729_152303_3a4d7f,1785335209137346,1844321067,0,0,0,-52,128,0,17,17,17,17,16,16,16,14,15,14,14,14,14,14,14,14,13,13,13,13,13,12,11,11,11,11,0,0,0,0,0,0,0,0,0,0,0,8,9,9,9,11,11,11,12,12,13,13,14,14,14,14,15,15,15,15,15,16,16,17,17,17,17,0,66,65,62,63,60,59,55,60,54,54,54,49,50,50,53,51,52,52,50,48,45,44,41,44,43,38,37,37,0,0,0,0,0,0,0,23,26,29,30,32,35,38,38,43,45,47,47,50,51,51,54,50,55,52,57,58,54,58,62,57,64,59,62
20260729_152303_3a4d7f,1785335209247151,1844427357,0,0,0,-52,128,0,16,16,16,16,16,15,15,15,14,15,14,14,14,15,15,15,14,13,13,13,13,13,12,11,11,11,0,0,0,0,0,0,0,0,0,0,0,8,9,9,10,10,11,12,12,13,13,14,14,14,14,14,14,15,15,16,16,16,17,17,17,17,17,0,62,64,62,61,59,60,57,56,56,56,55,53,53,53,54,53,52,52,51,49,50,47,45,44,42,40,39,39,0,0,0,0,0,0,0,27,27,31,32,34,37,40,42,44,44,47,49,49,50,51,52,53,54,55,57,56,59,60,61,63,63,64,64
20260729_152303_3a4d7f,1785335209335395,1844520902,0,0,0,-52,128,0,17,16,16,16,16,15,15,15,15,15,14,13,13,14,13,14,13,13,13,13,12,12,11,11,11,10,0,0,0,0,0,0,0,0,0,0,0,7,8,8,9,10,10,11,11,12,12,13,14,14,14,14,15,15,15,15,15,16,16,16,16,17,17,0,31,30,30,30,29,30,28,28,26,27,27,26,25,25,26,26,25,26,25,25,24,23,22,21,20,19,19,18,0,0,0,0,0,0,0,12,13,14,15,16,18,19,21,22,22,22,24,26,25,25,26,26,28,28,28,29,30,30,30,31,31,31,32
20260729_152303_3a4d7f,1785335209439786,1844624134,0,0,0,-52,128,0,16,16,16,16,15,15,15,14,14,14,14,14,14,13,13,13,13,13,13,12,12,12,11,11,10,10,0,0,0,0,0,0,0,0,0,0,0,8,9,8,9,10,10,11,11,12,12,13,13,13,13,14,14,14,14,15,15,15,16,16,16,17,16,0,31,32,31,30,29,29,28,28,27,27,27,26,26,25,26,25,26,25,25,25,24,23,23,21,21,19,19,18,0,0,0,0,0,0,0,13,13,14,15,18,18,19,19,21,22,23,24,24,25,25,26,25,28,27,28,29,29,30,30,31,32,32,31
20260729_152303_3a4d7f,1785335209562171,1844746938,0,0,0,-52,128,0,17,17,17,17,16,16,15,15,15,16,16,15,14,14,15,14,15,14,14,13,13,13,13,12,12,11,0,0,0,0,0,0,0,0,0,0,0,9,9,11,11,11,11,12,13,13,14,14,14,14,14,14,16,16,16,17,16,17,16,18,17,18,17,0,64,65,59,62,60,61,59,57,54,56,56,55,51,52,54,51,53,52,51,50,50,48,45,44,41,40,39,38,0,0,0,0,0,0,0,26,29,29,31,35,37,39,42,44,46,48,52,49,50,51,55,55,55,52,57,58,61,61,63,61,69,68,67
20260729_152303_3a4d7f,1785335209643770,1844828928,0,0,0,-52,128,0,16,16,17,16,16,15,15,14,15,15,15,14,14,14,14,15,13,13,13,13,13,12,12,11,11,11,0,0,0,0,0,0,0,0,0,0,0,8,8,9,9,10,11,11,12,13,13,13,13,13,13,14,15,15,15,16,16,16,16,17,17,17,17,0,66,63,62,62,60,58,58,56,56,55,55,54,53,54,52,54,52,50,50,50,48,47,45,42,42,41,38,37,0,0,0,0,0,0,0,25,29,31,33,33,36,39,41,43,46,48,50,49,51,51,53,55,54,56,56,57,59,61,63,62,61,65,64
20260729_152303_3a4d7f,1785335209731337,1844912213,0,0,0,-52,128,0,17,17,17,15,15,15,15,14,15,14,14,14,14,13,13,13,13,13,13,12,12,12,11,11,10,10,0,0,0,0,0,0,0,0,0,0,0,7,8,9,9,10,10,11,11,12,12,13,14,14,14,14,14,15,15,15,15,15,16,16,16,16,16,0,65,63,61,61,58,59,56,56,56,55,55,53,53,53,52,52,51,50,49,50,46,45,45,42,41,40,37,37,0,0,0,0,0,0,0,25,28,29,32,34,35,40,41,41,44,48,47,49,49,51,53,52,54,56,57,56,59,58,62,61,63,64,62
20260729_152303_3a4d7f,1785335209830649,1845011516,0,0,0,-52,128,0,17,17,17,17,16,16,16,16,15,14,14,14,14,14,14,14,14,14,13,13,13,12,12,11,11,10,0,0,0,0,0,0,0,0,0,0,0,8,9,9,10,11,11,12,12,12,13,13,13,14,15,15,15,15,16,16,16,16,16,17,17,18,17,0,33,34,32,31,29,30,29,29,28,28,27,27,27,27,27,26,26,25,25,25,25,23,23,22,21,21,19,18,0,0,0,0,0,0,0,13,14,15,16,18,19,20,20,23,23,24,26,25,26,27,27,27,28,28,30,29,31,31,32,31,32,33,31
20260729_152303_3a4d7f,1785335209928669,1845113819,0,0,0,-52,128,0,16,16,16,16,16,15,15,15,14,15,14,14,14,14,13,14,13,14,13,13,13,12,11,11,11,11,0,0,0,0,0,0,0,0,0,0,0,8,9,9,10,10,11,12,12,13,13,13,13,14,14,14,14,14,16,15,16,16,16,16,16,16,16,0,62,62,61,61,58,59,57,55,53,55,54,54,52,51,53,52,52,51,51,50,48,45,44,43,40,39,39,38,0,0,0,0,0,0,0,27,28,30,32,34,37,39,43,45,45,47,48,50,50,51,51,52,55,55,58,58,59,60,61,61,64,62,63
20260729_152303_3a4d7f,1785335210027385,1845211666,0,0,0,-52,128,0,18,18,18,16,16,16,16,16,16,15,15,15,14,15,14,15,14,14,14,14,14,13,12,12,11,11,0,0,0,0,0,0,0,0,0,0,0,9,9,9,10,11,11,12,13,13,13,13,13,14,14,16,15,16,16,17,16,17,17,17,17,18,18,0,64,65,62,61,61,59,56,57,55,57,55,54,54,52,52,52,53,50,51,51,48,46,46,43,43,41,38,38,0,0,0,0,0,0,0,25,28,29,32,35,38,40,40,45,45,47,49,49,51,52,53,53,56,57,58,59,60,62,63,62,64,64,64
20260729_152303_3a4d7f,1785335210139931,1845321476,0,0,0,-52,128,0,17,16,16,16,16,16,14,14,14,14,14,14,14,14,14,14,13,14,13,12,12,11,11,10,10,10,0,0,0,0,0,0,0,0,0,0,0,7,8,8,9,10,10,11,12,13,13,13,13,13,13,14,14,14,14,16,15,15,17,17,17,17,17,0,65,61,61,62,60,59,56,56,55,56,54,53,52,51,53,53,52,50,51,48,47,46,44,42,40,38,38,37,0,0,0,0,0,0,0,25,27,30,30,34,36,39,42,45,47,48,48,50,50,51,53,51,54,54,57,57,59,61,61,63,64,63,64
20260729_152303_3a4d7f,1785335210237949,1845418899,0,0,0,-52,128,0,16,15,15,15,15,14,14,14,13,13,13,13,13,13,13,13,13,13,13,12,12,11,10,11,10,9,0,0,0,0,0,0,0,0,0,0,0,7,7,8,9,10,10,11,11,11,11,12,12,12,12,13,13,14,14,14,14,15,15,15,16,16,16,0,32,30,31,30,30,29,28,27,27,27,28,26,26,25,25,25,24,25,25,24,23,22,21,21,20,19,18,17,0,0,0,0,0,0,0,11,13,14,16,17,18,18,20,22,22,23,23,24,25,25,25,26,27,28,28,29,29,29,30,30,31,31,31
20260729_152303_3a4d7f,1785335210335898,1845518984,0,0,0,-52,128,0,17,17,17,16,16,16,16,16,16,15,15,14,14,15,15,14,14,14,14,13,13,13,12,12,11,11,0,0,0,0,0,0,0,0,0,0,0,9,9,10,11,11,11,12,12,13,13,14,14,14,14,15,15,15,15,16,16,16,16,17,17,17,17,0,64,64,64,60,59,59,57,56,55,56,54,54,54,54,52,54,52,51,50,50,47,46,45,43,43,42,38,37,0,0,0,0,0,0,0,26,30,29,34,35,38,39,42,44,46,48,48,49,52,52,53,54,54,58,56,58,60,61,63,62,62,64,65
20260729_152303_3a4d7f,1785335210440756,1845625459,0,0,0,-52,128,0,18,17,17,17,16,16,16,16,15,15,15,14,15,15,15,15,15,14,14,13,13,13,13,12,12,12,0,0,0,0,0,0,0,0,0,0,0,9,9,10,11,11,12,12,12,13,13,14,14,14,15,15,15,15,16,16,16,17,17,17,17,17,18,0,32,32,31,31,29,29,28,28,28,28,27,26,27,27,27,26,26,26,26,25,24,23,23,22,21,21,19,19,0,0,0,0,0,0,0,13,16,16,16,18,19,21,21,22,23,24,25,25,27,26,27,27,28,28,29,29,31,31,31,32,32,32,32
20260729_152303_3a4d7f,1785335210557214,1845738026,0,0,0,-52,128,0,17,17,17,16,16,16,15,15,15,14,14,14,14,14,14,14,14,14,13,13,13,12,12,12,11,11,0,0,0,0,0,0,0,0,0,0,0,8,9,9,9,10,11,12,12,12,13,13,14,14,14,14,15,15,15,16,16,16,16,17,17,17,17,0,63,64,62,61,59,58,58,57,56,55,55,54,53,52,52,53,53,50,51,50,48,45,45,43,42,41,38,38,0,0,0,0,0,0,0,25,28,28,32,34,37,40,42,44,47,47,49,50,50,52,53,52,56,56,58,57,59,61,61,62,64,62,63
20260729_152303_3a4d7f,1785335210650042,1845831849,0,0,0,-52,128,0,15,16,15,15,15,15,14,14,14,14,14,14,13,13,13,13,13,12,12,12,12,11,11,11,10,10,0,0,0,0,0,0,0,0,0,0,0,7,8,9,9,10,10,11,11,11,12,12,13,13,14,14,14,14,14,15,15,15,16,15,16,16,16,0,62,63,60,60,59,59,56,56,54,55,53,53,52,51,51,51,52,49,51,49,48,46,43,42,40,38,38,37,0,0,0,0,0,0,0,25,27,30,31,34,37,39,40,43,45,47,48,49,49,51,52,52,55,53,55,56,59,59,59,63,62,64,63
20260729_152303_3a4d7f,1785335210737928,1845922592,0,0,0,-52,128,0,16,17,16,16,16,16,16,15,15,15,14,14,14,14,14,13,13,13,13,13,13,13,12,11,11,11,0,0,0,0,0,0,0,0,0,0,0,9,9,9,9,10,11,12,12,13,14,14,14,14,15,15,15,15,16,16,16,16,16,16,17,18,16,0,33,31,31,30,30,29,28,28,28,27,27,26,27,26,26,26,26,26,25,25,23,22,22,21,20,21,18,18,0,0,0,0,0,0,0,12,14,15,16,16,18,19,21,22,22,23,23,24,26,27,26,27,27,28,28,29,30,30,31,29,32,31,32
20260729_152303_3a4d7f,1785335210830424,1846015506,0,0,0,-52,128,0,16,16,16,15,15,15,15,15,14,14,13,13,13,13,13,13,13,13,13,12,12,11,11,11,10,10,0,0,0,0,0,0,0,0,0,0,0,7,8,8,9,10,10,11,11,11,12,13,13,13,14,14,14,14,14,15,15,15,16,16,16,16,16,0,62,62,61,59,59,57,57,55,53,54,53,53,52,52,51,51,52,49,49,48,47,45,43,42,40,40,37,37,0,0,0,0,0,0,0,25,28,29,31,34,35,39,39,42,45,46,48,49,49,52,52,52,54,55,56,59,59,61,61,60,64,64,63
20260729_152303_3a4d7f,1785335210930937,1846111747,0,0,0,-52,128,0,16,16,16,15,15,15,15,14,14,13,13,13,13,14,13,14,13,13,13,12,12,12,12,11,10,10,0,0,0,0,0,0,0,0,0,0,0,8,8,8,9,10,11,11,12,12,13,13,13,13,13,13,13,14,14,14,15,15,15,15,16,16,16,0,63,61,62,59,60,59,56,53,54,55,55,53,52,53,53,52,52,49,51,47,45,47,43,42,42,39,38,37,0,0,0,0,0,0,0,25,28,30,32,33,36,38,40,42,45,47,48,48,51,51,52,53,55,55,55,57,58,60,61,61,61,64,63
20260729_152303_3a4d7f,1785335211034462,1846219187,0,0,0,-52,128,0,16,16,16,16,15,15,14,14,14,14,14,14,14,14,14,14,14,12,12,12,12,11,11,10,10,10,0,0,0,0,0,0,0,0,0,0,0,7,8,9,9,10,10,10,11,11,13,13,13,13,13,13,14,14,14,14,15,15,15,16,17,17,17,0,63,62,61,59,60,58,56,56,54,54,53,52,52,52,51,52,51,50,48,49,47,45,44,42,40,41,37,38,0,0,0,0,0,0,0,24,27,28,31,34,36,39,40,42,44,46,48,48,49,50,51,53,54,54,55,57,58,60,60,61,62,65,63
20260729_152303_3a4d7f,1785335211125993,1846311977,0,0,0,-52,128,0,16,16,15,15,15,15,14,15,14,13,13,13,13,14,13,14,13,13,13,13,12,9,10,11,11,9,0,0,0,0,0,0,0,0,0,0,0,7,8,8,9,9,10,11,11,12,12,12,13,13,13,14,13,14,14,15,15,15,16,15,16,16,17,0,64,62,62,60,59,61,57,57,52,53,53,56,50,51,51,51,52,51,51,49,46,47,45,43,42,37,37,37,0,0,0,0,0,0,0,25,27,29,31,33,36,38,41,43,44,46,47,49,51,53,53,53,54,55,55,59,60,59,61,61,64,64,63
20260729_152303_3a4d7f,1785335211229003,1846412882,0,0,0,-52,128,0,16,16,16,16,15,15,14,14,15,14,13,14,13,13,14,14,14,13,13,12,12,11,12,11,11,10,0,0,0,0,0,0,0,0,0,0,0,8,8,8,9,10,10,11,12,12,13,13,13,13,13,13,14,14,14,14,15,15,15,15,16,16,16,0,62,64,61,62,59,58,59,54,54,53,54,53,50,51,52,52,51,52,55,50,45,41,43,43,44,42,37,37,0,0,0,0,0,0,0,26,28,31,31,35,34,39,40,44,43,47,49,50,50,53,53,53,56,53,56,57,60,61,60,61,62,63,64
20260729_152303_3a4d7f,1785335211329151,1846511872,0,0,0,-52,128,0,17,16,16,16,15,15,15,15,15,14,14,14,14,14,14,14,14,14,13,13,13,12,12,12,11,11,0,0,0,0,0,0,0,0,0,0,0,7,8,9,9,10,10,11,12,12,12,13,13,13,13,14,14,14,15,15,16,16,16,16,17,17,17,0,64,63,62,61,58,58,58,56,55,57,54,53,52,53,52,53,51,51,50,49,48,45,44,43,42,40,38,36,0,0,0,0,0,0,0,25,26,29,32,34,36,38,42,42,45,48,47,49,51,50,51,55,53,56,56,58,59,60,61,62,62,64,64
20260729_152303_3a4d7f,1785335211440951,1846623392,0,0,0,-52,128,0,17,17,16,16,16,16,16,15,15,15,15,14,14,14,14,14,14,14,14,13,13,13,12,12,11,11,0,0,0,0,0,0,0,0,0,0,0,8,9,9,10,11,11,13,12,13,13,13,13,15,15,15,15,15,15,16,16,16,17,17,17,17,18,0,67,64,67,61,61,63,59,58,57,56,56,53,56,55,52,52,52,52,53,50,50,46,44,44,41,42,38,39,0,0,0,0,0,0,0,28,29,31,32,34,38,39,42,45,47,48,49,51,52,52,54,56,56,59,57,60,59,63,60,64,62,64,65
20260729_152303_3a4d7f,1785335211536599,1846719588,0,0,0,-52,128,0,17,17,17,16,16,16,16,15,15,15,15,15,14,14,15,15,14,14,14,13,13,13,12,12,12,11,0,0,0,0,0,0,0,0,0,0,0,8,9,9,10,11,12,12,13,13,13,14,14,14,14,15,15,15,15,16,16,16,17,17,17,17,17,0,32,32,31,31,30,30,30,28,28,29,28,27,27,27,27,27,27,27,26,25,24,24,23,22,21,21,20,19,0,0,0,0,0,0,0,13,15,16,16,17,19,20,21,22,23,24,25,25,26,26,26,26,27,28,29,29,29,30,31,32,32,33,32
20260729_152303_3a4d7f,1785335211637111,1846821704,0,0,0,-52,128,0,17,17,17,16,16,16,16,15,15,15,14,14,14,15,14,14,14,14,14,13,13,13,12,12,12,11,0,0,0,0,0,0,0,0,0,0,0,8,9,9,10,10,12,12,12,12,13,13,13,14,15,15,15,15,15,16,16,16,16,16,17,17,17,0,63,64,63,62,62,61,59,59,55,57,56,55,54,53,53,52,52,53,51,50,51,46,46,44,43,40,39,38,0,0,0,0,0,0,0,25,28,30,31,35,37,40,42,43,46,48,50,51,51,52,53,55,56,56,58,59,61,61,62,63,66,65,64
20260729_152303_3a4d7f,1785335211729408,1846914857,0,0,0,-52,128,0,17,17,17,16,17,16,16,15,15,15,15,14,14,14,14,15,14,14,14,14,13,13,12,12,12,11,0,0,0,0,0,0,0,0,0,0,0,8,9,9,9,11,11,12,12,13,13,14,14,14,14,14,15,15,15,15,16,16,17,17,17,17,17,0,65,65,64,60,61,60,59,57,56,56,55,55,55,56,53,53,52,51,52,51,49,47,45,43,42,42,39,38,0,0,0,0,0,0,0,25,29,30,33,35,37,40,42,44,45,48,49,49,51,53,54,56,55,57,56,58,60,62,64,62,64,65,64
20260729_152303_3a4d7f,1785335211826054,1847011721,0,0,0,-52,128,0,17,17,17,17,16,16,16,15,15,15,15,15,14,14,14,14,14,14,14,13,13,13,13,12,11,11,0,0,0,0,0,0,0,0,0,0,0,8,8,9,10,11,11,12,13,13,13,14,14,14,14,14,15,15,15,17,16,17,17,17,17,17,17,0,62,63,60,61,59,59,57,55,55,56,54,53,52,52,52,51,52,51,51,50,48,47,45,43,42,41,38,37,0,0,0,0,0,0,0,26,27,29,31,35,36,38,40,42,44,46,48,50,51,51,51,53,54,54,56,57,59,60,61,61,63,64,62
20260729_152303_3a4d7f,1785335211932138,1847114086,0,0,0,-52,128,0,16,16,16,16,15,15,15,15,15,14,14,13,13,13,13,13,13,13,13,12,12,12,11,11,10,10,0,0,0,0,0,0,0,0,0,0,0,7,8,8,9,9,10,11,11,11,12,12,12,13,13,13,13,14,14,14,14,16,16,16,16,16,16,0,31,31,31,30,29,29,28,28,28,28,28,26,26,26,26,26,26,25,24,24,24,23,22,21,21,20,19,18,0,0,0,0,0,0,0,11,12,14,16,16,18,18,19,20,22,23,24,24,25,25,26,27,28,27,28,28,29,30,31,31,31,31,33
20260729_152303_3a4d7f,1785335212031984,1847216716,0,0,0,-52,128,0,16,16,16,16,15,15,14,14,15,15,14,14,14,13,14,14,14,14,14,12,12,12,11,11,11,10,0,0,0,0,0,0,0,0,0,0,0,8,8,8,9,10,10,11,12,12,12,12,13,13,13,13,14,14,14,14,15,15,16,16,16,16,16,0,63,64,61,61,61,60,57,56,55,56,55,53,54,53,53,53,52,53,51,50,49,46,44,44,42,41,39,37,0,0,0,0,0,0,0,24,26,29,31,34,37,38,40,43,44,46,47,49,49,51,51,54,55,56,56,57,60,60,62,61,63,63,64
20260729_152303_3a4d7f,1785335212140549,1847324400,0,0,0,-52,128,0,15,16,16,16,15,14,14,14,14,14,13,13,12,13,13,13,13,13,13,12,12,11,11,11,10,10,0,0,0,0,0,0,0,0,0,0,0,7,7,8,8,9,10,11,11,12,12,12,13,13,13,13,13,13,14,15,15,15,15,16,16,16,16,0,63,61,61,61,59,59,57,56,54,55,55,53,52,50,53,52,52,52,50,50,47,45,45,43,40,39,38,36,0,0,0,0,0,0,0,24,27,28,30,33,35,38,40,42,44,45,47,50,49,50,50,52,54,55,56,58,60,60,61,63,63,62,64
20260729_152303_3a4d7f,1785335212231678,1847414363,0,0,0,-52,128,0,16,16,16,16,16,15,15,15,14,14,14,14,14,14,13,13,13,13,13,12,13,12,12,11,11,11,0,0,0,0,0,0,0,0,0,0,0,7,9,9,9,10,11,11,11,11,12,12,13,13,13,14,14,14,14,15,15,15,16,16,16,16,16,0,62,62,62,61,60,60,58,56,55,57,56,53,52,53,52,53,52,54,51,50,47,45,46,44,41,40,39,36,0,0,0,0,0,0,0,25,27,29,32,34,36,38,41,43,45,46,49,49,51,51,51,54,54,56,55,59,60,61,61,63,64,64,64
20260729_152303_3a4d7f,1785335212375131,1847557926,0,0,0,-52,128,0,17,17,16,16,16,16,15,15,15,15,14,14,14,14,14,14,14,14,13,13,13,12,12,11,11,11,0,0,0,0,0,0,0,0,0,0,0,8,9,9,10,10,11,12,12,13,13,13,13,14,13,14,15,15,15,16,16,16,16,16,17,17,17,0,62,62,61,61,58,59,56,55,54,55,54,51,51,52,50,49,50,52,50,48,47,45,43,42,40,39,37,37,0,0,0,0,0,0,0,24,27,29,31,34,36,38,40,43,44,45,49,50,50,51,50,51,55,55,56,57,59,60,61,61,62,62,64
20260729_152303_3a4d7f,1785335212425718,1847610187,0,0,0,-52,128,0,16,16,16,15,15,14,15,13,13,14,13,13,13,13,13,13,13,12,12,12,11,11,11,10,10,10,0,0,0,0,0,0,0,0,0,0,0,7,8,8,9,9,10,11,11,11,12,13,13,13,13,13,13,13,13,14,15,15,16,16,16,16,16,0,63,60,59,60,58,57,57,55,53,53,53,52,52,51,50,50,52,49,49,47,46,43,44,40,40,38,38,36,0,0,0,0,0,0,0,25,27,29,30,34,35,39,38,41,44,45,47,47,50,50,51,50,54,53,54,56,57,59,59,61,62,62,60
20260729_152303_3a4d7f,1785335212534057,1847718620,0,0,0,-52,128,0,16,16,16,16,16,15,15,14,14,14,14,14,14,14,14,14,13,14,13,13,13,12,12,11,11,10,0,0,0,0,0,0,0,0,0,0,0,7,8,9,9,10,11,11,12,13,13,13,13,14,14,14,14,15,15,15,15,16,17,16,17,17,16,0,64,63,61,61,60,60,58,56,55,55,54,53,53,54,53,52,51,52,51,49,48,48,45,43,43,40,38,37,0,0,0,0,0,0,0,26,27,31,33,34,37,39,42,44,47,47,48,51,52,53,54,55,55,57,56,59,60,61,63,61,63,64,64
20260729_152303_3a4d7f,1785335212628054,1847812201,0,0,0,-52,128,0,17,16,16,16,16,15,15,15,15,15,14,14,14,14,14,14,14,14,13,13,13,13,12,11,11,11,0,0,0,0,0,0,0,0,0,0,0,8,9,9,10,10,11,11,12,12,12,14,14,14,14,14,15,15,16,16,16,16,17,16,16,17,17,0,64,63,62,61,59,59,57,57,57,56,55,54,52,53,54,54,52,51,51,50,49,48,46,44,42,41,38,38,0,0,0,0,0,0,0,26,28,30,33,35,37,39,41,44,46,48,48,50,52,52,51,53,56,57,58,58,60,60,61,63,62,64,65
20260729_152303_3a4d7f,1785335212730992,1847912325,0,0,0,-52,128,0,17,17,16,16,16,16,16,15,14,14,14,14,14,14,14,15,14,14,13,14,13,12,11,11,10,10,0,0,0,0,0,0,0,0,0,0,0,8,8,9,9,10,11,12,12,13,13,13,13,14,13,15,15,16,16,16,16,16,17,17,17,17,17,0,67,65,63,62,60,56,57,53,56,54,56,52,53,53,51,52,49,50,49,49,47,45,43,42,41,41,36,36,0,0,0,0,0,0,0,24,26,30,33,33,36,38,41,44,46,48,47,48,50,51,53,52,52,56,56,60,60,56,59,58,61,65,64
20260729_152303_3a4d7f,1785335212836613,1848019661,0,0,0,-52,128,0,17,17,17,17,16,16,16,15,15,15,15,15,14,15,14,15,14,14,14,13,13,13,12,12,11,11,0,0,0,0,0,0,0,0,0,0,0,9,9,9,10,11,11,12,12,13,13,14,14,14,14,15,15,16,16,16,16,17,17,17,17,17,17,0,32,32,31,31,30,30,29,28,27,28,28,28,27,27,27,27,27,26,26,25,24,23,23,22,21,21,19,19,0,0,0,0,0,0,0,14,15,16,17,18,18,20,21,22,23,24,24,25,26,26,27,26,28,28,28,29,30,31,31,31,31,32,33
20260729_152303_3a4d7f,1785335212941720,1848123812,0,0,0,-52,128,0,17,17,17,16,16,16,16,15,15,15,15,15,14,15,14,14,14,14,14,13,13,13,12,12,11,11,0,0,0,0,0,0,0,0,0,0,0,8,9,9,10,11,11,12,12,13,13,14,14,14,14,15,15,15,15,16,16,16,17,17,17,18,17,0,33,32,31,31,30,29,29,29,28,27,28,28,27,27,26,27,26,26,25,25,24,23,23,22,21,21,19,19,0,0,0,0,0,0,0,13,15,16,17,17,18,20,21,22,24,24,25,25,26,26,27,28,28,29,28,30,30,31,31,31,32,32,32
20260729_152303_3a4d7f,1785335213034143,1848219213,0,0,0,-52,128,0,18,18,17,16,16,16,16,16,15,16,15,15,15,15,15,15,15,14,14,14,13,13,13,12,11,11,0,0,0,0,0,0,0,0,0,0,0,8,9,10,10,12,12,12,13,13,14,14,14,14,14,14,15,16,16,16,17,17,17,17,17,18,17,0,62,65,63,63,62,59,58,58,55,57,55,55,54,52,53,52,53,51,50,49,47,47,47,43,41,40,39,38,0,0,0,0,0,0,0,26,29,30,32,36,38,40,41,45,47,47,50,52,51,53,54,55,57,56,59,59,61,61,62,64,64,65,63
20260729_152303_3a4d7f,1785335213140511,1848324191,0,0,0,-52,128,0,16,16,16,16,16,15,15,15,14,14,15,15,14,14,14,14,13,13,14,13,13,12,12,12,11,11,0,0,0,0,0,0,0,0,0,0,0,8,9,9,10,11,11,12,13,13,13,14,14,14,14,14,14,14,16,16,16,16,16,17,17,17,17,0,63,62,63,61,60,60,57,55,57,55,55,53,53,53,54,52,51,52,51,50,48,46,44,43,41,40,38,38,0,0,0,0,0,0,0,26,28,31,33,35,37,39,43,44,46,48,48,49,52,52,53,54,55,57,57,60,59,62,60,63,65,62,65
20260729_152303_3a4d7f,1785335213274028,1848458691,0,0,0,-52,128,0,17,16,16,16,16,16,15,15,14,15,14,14,14,13,13,13,13,13,13,13,13,12,12,11,11,11,0,0,0,0,0,0,0,0,0,0,0,8,9,9,9,11,11,11,12,12,13,13,13,14,14,14,14,15,15,15,15,16,16,16,16,16,16,0,64,62,62,60,59,59,56,56,54,56,55,54,52,52,53,51,52,51,50,49,48,45,45,43,42,40,39,38,0,0,0,0,0,0,0,25,27,29,31,35,35,40,41,43,45,46,50,49,50,51,52,52,55,55,57,57,60,60,62,62,62,62,63
20260729_152303_3a4d7f,1785335213325633,1848510943,0,0,0,-52,128,0,16,16,16,15,16,15,14,15,13,13,13,14,14,14,13,13,13,13,13,12,12,12,11,11,11,10,0,0,0,0,0,0,0,0,0,0,0,7,8,9,9,9,10,11,11,11,11,12,12,13,13,13,13,14,14,15,15,15,16,16,16,17,16,0,62,62,62,60,59,59,57,55,54,54,53,51,52,52,50,52,51,50,49,48,47,45,42,43,40,40,38,37,0,0,0,0,0,0,0,25,27,28,31,33,36,38,39,43,44,46,47,50,49,52,52,52,54,54,56,57,59,59,62,61,62,63,62
20260729_152303_3a4d7f,1785335213440262,1848624477,0,0,0,-52,128,0,17,17,17,16,15,15,14,14,15,15,14,14,13,14,14,14,14,14,13,13,13,12,11,11,11,10,0,0,0,0,0,0,0,0,0,0,0,8,9,9,10,10,11,11,12,12,13,13,13,14,14,14,14,14,15,15,16,16,16,16,17,17,17,0,64,63,62,60,59,58,56,55,55,54,54,53,52,52,52,52,52,51,50,50,47,46,45,42,42,40,40,37,0,0,0,0,0,0,0,26,27,31,32,35,37,39,42,42,46,48,49,50,51,52,53,53,54,56,56,58,59,60,60,62,62,65,64
20260729_152303_3a4d7f,1785335213542311,1848725871,0,0,0,-52,128,0,17,17,17,16,16,16,15,15,14,14,15,14,14,14,14,14,14,14,14,13,13,13,12,12,11,10,0,0,0,0,0,0,0,0,0,0,0,9,9,9,10,10,12,12,12,12,13,13,13,13,13,14,14,15,15,16,16,16,16,16,17,17,17,0,63,62,62,61,59,59,56,57,55,56,54,54,51,52,52,53,52,51,51,49,49,45,45,43,42,39,39,37,0,0,0,0,0,0,0,25,27,30,33,35,37,40,42,43,45,46,48,50,52,52,51,52,56,55,57,57,59,61,62,64,64,64,63
20260729_152303_3a4d7f,1785335213629220,1848811693,0,0,0,-52,128,0,17,17,17,17,16,16,16,15,15,14,14,14,14,14,14,14,14,13,13,13,13,12,11,11,11,11,0,0,0,0,0,0,0,0,0,0,0,9,9,9,10,11,11,12,12,12,13,13,13,14,14,14,14,15,15,15,16,16,17,17,17,17,17,0,61,61,60,62,58,60,57,55,54,56,54,53,50,50,52,52,51,50,52,49,47,45,45,42,42,40,38,38,0,0,0,0,0,0,0,25,28,29,31,35,37,38,41,43,46,47,49,50,50,50,52,52,55,54,58,57,59,60,61,63,64,64,62
20260729_152303_3a4d7f,1785335213728759,1848912775,0,0,0,-52,128,0,16,16,16,16,16,15,15,15,14,14,14,14,13,14,14,14,14,14,14,13,13,12,12,12,11,10,0,0,0,0,0,0,0,0,0,0,0,8,9,9,10,11,10,11,12,12,13,13,13,14,14,14,14,14,15,15,16,16,17,17,17,17,17,0,32,30,30,28,29,29,29,27,26,26,26,25,25,26,26,26,25,25,24,24,24,23,22,22,21,20,18,18,0,0,0,0,0,0,0,12,13,14,17,17,18,19,20,21,22,23,23,24,24,25,26,26,26,27,28,29,30,30,31,31,31,32,31
20260729_152303_3a4d7f,1785335213855552,1849038710,0,0,0,-52,128,0,17,19,17,17,17,17,17,15,16,16,15,15,16,15,15,14,15,14,14,14,13,13,13,12,12,11,0,0,0,0,0,0,0,0,0,0,0,9,9,10,10,11,11,13,13,13,14,14,14,15,16,15,15,15,16,17,17,17,17,17,18,18,18,0,30,33,31,32,30,30,28,28,26,29,26,27,27,25,27,25,27,26,25,26,25,24,23,22,22,19,20,20,0,0,0,0,0,0,0,13,14,15,15,18,19,20,20,22,23,23,24,26,26,26,26,28,28,28,30,30,30,29,30,33,34,31,31
20260729_152303_3a4d7f,1785335213933729,1849114740,0,0,0,-52,128,0,17,17,17,16,16,16,16,15,15,15,15,14,14,14,14,14,14,14,14,13,13,13,13,12,12,11,0,0,0,0,0,0,0,0,0,0,0,8,9,9,10,11,11,12,13,13,14,14,14,14,14,14,15,15,16,16,17,17,17,17,17,18,17,0,65,63,62,60,61,59,58,58,55,55,54,55,54,53,53,52,52,51,50,49,48,47,44,43,41,40,38,38,0,0,0,0,0,0,0,26,27,29,33,35,38,39,40,43,44,48,49,50,51,52,53,55,56,57,56,58,59,61,63,61,64,64,63
20260729_152303_3a4d7f,1785335214054046,1849238243,0,0,0,-52,128,0,17,16,16,16,16,16,14,14,14,15,15,13,13,14,14,14,14,13,13,13,12,12,11,11,11,11,0,0,0,0,0,0,0,0,0,0,0,7,8,9,9,10,11,11,12,13,13,13,13,13,13,14,14,14,14,15,16,16,16,17,17,17,17,0,64,63,62,62,59,59,57,56,54,57,55,52,52,51,53,53,51,51,49,49,48,47,45,41,38,40,39,36,0,0,0,0,0,0,0,25,27,29,30,34,35,39,42,43,45,46,49,50,52,52,53,53,55,55,58,58,59,60,60,63,63,63,62
20260729_152303_3a4d7f,1785335214142547,1849324137,0,0,0,-52,128,0,16,16,16,15,15,14,14,14,13,13,14,14,13,14,13,13,13,12,12,12,12,11,11,10,10,10,0,0,0,0,0,0,0,0,0,0,0,7,8,9,9,9,10,10,11,12,12,12,13,13,13,13,13,14,14,14,15,15,16,16,17,16,16,0,64,60,61,58,60,58,57,57,55,52,53,53,51,53,50,52,50,50,50,49,47,46,43,41,40,40,37,38,0,0,0,0,0,0,0,24,28,28,31,34,36,37,41,43,44,45,48,49,50,51,52,55,54,56,56,59,59,60,60,60,64,63,63
20260729_152303_3a4d7f,1785335214234793,1849417375,0,0,0,-52,128,0,17,17,16,16,16,16,15,15,15,15,15,14,14,14,15,14,14,14,14,13,13,13,12,12,11,11,0,0,0,0,0,0,0,0,0,0,0,8,8,10,10,11,11,12,13,13,13,13,14,14,14,14,15,15,16,16,16,16,17,17,17,17,17,0,33,32,32,32,31,31,29,28,28,28,28,27,27,27,26,26,26,26,25,25,25,23,23,22,21,20,19,19,0,0,0,0,0,0,0,12,14,15,16,17,19,20,21,22,22,24,24,25,26,26,26,27,27,27,28,29,30,32,31,32,33,33,32
20260729_152303_3a4d7f,1785335214326520,1849511706,0,0,0,-52,128,0,17,16,16,16,16,15,15,14,14,14,14,14,14,14,14,14,13,13,13,13,13,12,12,11,10,10,0,0,0,0,0,0,0,0,0,0,0,8,9,9,9,10,10,12,12,12,12,14,14,14,14,14,14,15,15,15,16,16,16,17,17,17,17,0,65,62,62,62,59,59,56,55,55,55,54,53,52,52,51,52,51,51,51,48,47,44,43,42,40,40,37,37,0,0,0,0,0,0,0,26,27,30,31,35,36,38,41,43,47,48,49,50,50,52,53,55,55,57,57,59,59,61,62,63,63,64,64
20260729_152303_3a4d7f,1785335214436785,1849617340,0,0,0,-52,128,0,17,17,16,16,16,16,15,15,15,15,15,14,14,14,14,14,14,14,14,13,13,12,12,11,11,11,0,0,0,0,0,0,0,0,0,0,0,9,9,9,10,11,11,12,12,13,13,13,14,14,14,14,14,15,15,15,16,16,16,16,17,17,17,0,32,32,32,31,30,30,29,28,28,28,28,27,26,27,26,27,26,27,26,24,24,23,22,22,21,21,19,19,0,0,0,0,0,0,0,13,15,16,17,18,19,19,22,22,23,24,24,26,26,26,26,27,28,28,28,29,30,30,31,31,32,31,32
20260729_152303_3a4d7f,1785335214529491,1849713073,0,0,0,-52,128,0,17,17,17,16,16,16,15,15,15,15,15,15,14,14,14,15,14,14,14,13,13,13,12,12,11,11,0,0,0,0,0,0,0,0,0,0,0,8,9,9,10,11,12,12,13,13,13,14,14,14,14,15,15,15,15,16,16,17,16,17,17,17,17,0,32,32,32,31,30,29,29,28,28,27,27,27,27,26,26,26,26,26,25,25,24,23,23,22,21,21,19,19,0,0,0,0,0,0,0,13,14,15,16,17,19,20,22,22,23,24,24,25,26,26,27,28,28,28,28,30,30,30,31,30,32,32,33
20260729_152303_3a4d7f,1785335214639733,1849820617,0,0,0,-52,128,0,17,18,17,17,17,16,16,16,16,15,15,15,14,15,15,15,14,14,14,14,13,13,13,12,12,12,0,0,0,0,0,0,0,0,0,0,0,8,9,10,10,11,12,13,13,13,14,14,14,15,15,15,16,16,16,16,16,17,17,17,17,18,18,0,32,32,32,31,31,30,29,28,28,29,29,27,26,27,27,27,26,26,26,25,26,23,23,22,21,21,20,19,0,0,0,0,0,0,0,14,16,16,17,18,19,21,21,22,24,25,25,26,26,26,27,27,28,29,29,29,31,31,31,32,33,32,33
20260729_152303_3a4d7f,1785335214733450,1849917589,0,0,0,-52,128,0,16,16,16,16,15,15,15,14,14,14,13,13,13,13,14,13,13,13,13,13,12,12,12,11,11,10,0,0,0,0,0,0,0,0,0,0,0,8,8,9,9,10,11,11,12,12,12,12,13,13,13,14,14,14,14,14,15,15,16,16,16,16,16,0,62,62,62,59,59,59,57,55,55,54,52,54,52,54,51,54,51,52,50,50,48,46,43,43,42,41,37,38,0,0,0,0,0,0,0,24,27,30,34,33,37,39,41,42,45,48,47,49,51,51,53,54,53,55,54,58,59,60,63,60,62,64,64
20260729_152303_3a4d7f,1785335214842361,1850023135,0,0,0,-52,128,0,17,17,17,17,17,16,16,15,15,15,15,14,14,14,14,14,14,14,14,13,13,13,12,11,11,11,0,0,0,0,0,0,0,0,0,0,0,8,8,9,10,10,11,12,13,13,13,13,13,14,14,14,15,15,16,16,16,17,17,17,17,17,17,0,64,64,62,60,60,60,58,56,55,54,54,53,53,51,53,52,53,50,50,50,47,47,45,42,43,41,39,37,0,0,0,0,0,0,0,25,27,28,32,35,37,39,41,43,45,47,49,50,51,53,54,54,56,55,57,59,60,60,62,62,63,64,63
20260729_152303_3a4d7f,1785335214926463,1850111771,0,0,0,-52,128,0,16,16,16,16,15,15,15,15,14,14,14,14,13,14,13,13,13,13,13,12,12,12,11,11,10,10,0,0,0,0,0,0,0,0,0,0,0,8,9,9,9,10,10,11,11,12,12,12,13,13,14,14,14,14,14,15,15,16,16,16,16,16,17,0,30,30,30,28,29,28,28,26,26,26,25,26,25,26,25,24,24,24,24,24,23,22,21,20,20,19,18,17,0,0,0,0,0,0,0,12,13,15,16,16,17,18,19,21,21,23,22,23,24,25,26,26,26,27,27,28,29,29,30,29,31,31,31
20260729_152303_3a4d7f,1785335215026307,1850211890,0,0,0,-52,128,0,17,17,16,17,16,15,15,15,14,15,14,14,14,14,13,13,13,13,13,13,13,12,11,11,11,11,0,0,0,0,0,0,0,0,0,0,0,8,9,9,10,10,11,12,13,13,13,14,14,14,14,14,14,16,15,15,16,17,17,17,17,17,17,0,64,64,61,61,60,60,57,56,56,55,55,53,53,53,52,52,51,52,50,50,49,47,45,42,41,40,38,38,0,0,0,0,0,0,0,25,27,31,33,34,37,40,42,44,46,48,49,50,50,52,54,54,56,55,57,58,60,60,63,61,63,65,64
20260729_152303_3a4d7f,1785335215131530,1850314461,0,0,0,-52,128,0,17,17,17,17,17,16,16,16,16,15,15,15,14,15,15,15,15,14,14,14,14,13,13,12,12,12,0,0,0,0,0,0,0,0,0,0,0,9,9,10,11,11,11,12,13,13,14,14,14,15,14,15,16,16,16,16,16,17,17,17,18,18,17,0,65,63,62,61,60,60,58,58,55,56,55,55,53,52,53,54,54,53,52,50,50,47,46,44,42,42,39,40,0,0,0,0,0,0,0,26,29,30,33,35,38,40,42,45,46,48,49,51,52,53,53,54,55,59,57,60,60,62,64,63,65,64,64
20260729_152303_3a4d7f,1785335215228334,1850412567,0,0,0,-52,128,0,17,18,17,17,16,16,16,14,15,15,14,14,14,14,14,14,14,14,14,14,13,13,12,12,11,11,0,0,0,0,0,0,0,0,0,0,0,8,9,10,10,11,12,12,13,13,13,13,14,14,14,14,15,15,16,16,16,16,18,17,16,17,18,0,31,31,31,31,31,30,28,29,29,27,28,27,27,28,26,26,26,26,25,25,23,24,22,21,22,21,19,19,0,0,0,0,0,0,0,13,15,16,16,18,19,20,21,22,24,24,24,25,26,27,27,28,28,28,29,29,29,31,31,31,32,32,33
20260729_152303_3a4d7f,1785335215328588,1850513503,0,0,0,-52,128,0,16,16,16,16,15,15,15,14,14,14,14,13,13,13,13,13,13,13,13,12,12,12,12,11,11,10,0,0,0,0,0,0,0,0,0,0,0,7,8,8,9,10,10,11,11,12,12,13,13,13,13,13,14,14,15,15,14,16,16,16,16,16,16,0,32,29,30,30,29,29,27,27,26,27,27,26,26,25,26,26,25,24,25,25,24,23,21,20,20,20,19,18,0,0,0,0,0,0,0,11,13,14,15,17,18,18,19,21,21,22,23,25,25,25,25,25,28,27,28,29,29,30,31,30,29,31,30
20260729_152303_3a4d7f,1785335215432293,1850613532,0,0,0,-52,128,0,16,16,16,15,15,15,15,14,14,14,14,14,13,13,13,13,13,13,12,12,11,11,11,11,10,10,0,0,0,0,0,0,0,0,0,0,0,8,8,9,9,9,10,11,11,12,12,13,13,13,13,13,14,14,14,15,15,15,16,16,16,16,16,0,30,31,30,29,29,29,28,27,27,26,26,25,26,25,26,25,24,24,26,25,22,22,19,19,19,19,18,18,0,0,0,0,0,0,0,12,13,14,15,16,18,19,20,20,21,23,23,24,24,25,25,26,26,27,27,28,29,30,30,30,31,31,31
20260729_152303_3a4d7f,1785335215550747,1850732073,0,0,0,-52,128,0,17,16,17,16,16,16,14,14,14,14,14,14,14,14,14,14,14,14,13,12,12,11,11,10,10,10,0,0,0,0,0,0,0,0,0,0,0,7,8,8,9,10,10,11,12,13,13,13,14,14,13,14,14,15,14,15,15,16,16,17,17,17,17,0,64,61,63,60,58,58,57,55,55,55,54,53,53,54,52,52,51,51,50,49,48,46,44,41,41,41,37,38,0,0,0,0,0,0,0,25,28,30,32,34,38,38,40,43,45,48,48,50,51,51,54,55,55,57,56,59,59,60,63,63,62,64,62
20260729_152303_3a4d7f,1785335215631602,1850817435,0,0,0,-52,128,0,16,16,16,16,15,15,14,14,14,13,13,14,13,13,13,13,13,12,12,12,13,12,11,11,10,9,0,0,0,0,0,0,0,0,0,0,0,7,8,9,9,10,9,10,11,12,12,12,12,13,13,13,14,14,14,14,15,15,16,16,16,16,16,0,68,63,63,62,60,56,60,54,60,54,52,51,52,51,53,55,48,45,45,50,47,50,44,47,44,37,37,38,0,0,0,0,0,0,0,25,28,30,32,33,38,38,40,43,45,45,49,48,51,52,56,52,55,57,58,56,63,59,62,61,59,64,69
20260729_152303_3a4d7f,1785335215790937,1850972557,0,0,0,-52,128,0,16,16,16,16,15,15,16,15,15,15,15,14,14,14,14,14,13,13,13,13,13,12,12,11,11,11,0,0,0,0,0,0,0,0,0,0,0,8,9,9,10,10,11,12,12,13,13,14,14,14,14,15,15,15,15,16,16,16,16,16,16,17,16,0,32,33,32,31,30,30,29,29,27,28,28,27,27,27,26,26,25,25,25,25,23,24,23,22,20,20,19,19,0,0,0,0,0,0,0,13,14,15,17,18,18,20,21,22,23,23,25,25,25,26,27,27,27,28,29,30,30,31,31,31,32,32,32
20260729_152303_3a4d7f,1785335215834993,1851016849,0,0,0,-52,128,0,17,16,16,16,16,16,16,15,15,15,14,14,14,14,14,14,14,14,14,13,12,12,12,11,11,11,0,0,0,0,0,0,0,0,0,0,0,8,8,9,9,9,11,11,11,12,12,13,13,13,14,14,14,15,15,16,16,16,16,17,17,17,17,0,64,62,64,61,60,60,58,56,55,56,56,54,54,53,54,54,52,53,51,50,49,45,46,44,42,41,39,38,0,0,0,0,0,0,0,25,27,29,31,33,36,38,41,43,45,46,47,49,49,51,52,53,54,55,57,59,59,60,60,62,64,63,63
20260729_152303_3a4d7f,1785335215979014,1851164137,0,0,0,-52,128,0,16,16,15,15,15,15,14,14,14,14,14,13,13,13,13,13,13,13,13,13,12,12,11,11,10,10,0,0,0,0,0,0,0,0,0,0,0,7,8,9,9,10,10,11,12,12,12,13,13,13,13,13,14,14,14,14,15,15,16,16,16,16,16,0,32,31,30,30,29,29,29,26,26,27,26,25,26,25,25,26,25,26,24,24,23,22,21,21,20,19,18,18,0,0,0,0,0,0,0,12,14,15,16,17,19,19,21,21,22,23,24,25,25,26,26,27,27,28,28,29,29,30,30,30,31,31,31
20260729_152303_3a4d7f,1785335216028674,1851214223,0,0,0,-52,128,0,17,16,16,16,15,15,15,15,14,15,14,14,14,13,14,13,13,13,13,12,12,11,11,11,10,10,0,0,0,0,0,0,0,0,0,0,0,7,7,8,9,10,10,11,11,12,13,13,13,13,14,14,14,14,15,15,15,16,16,16,17,17,17,0,32,31,31,31,29,29,28,28,27,28,27,26,26,25,26,25,25,25,25,24,23,22,22,20,19,19,18,18,0,0,0,0,0,0,0,12,13,14,15,16,16,19,19,21,22,23,24,24,25,26,26,26,28,27,29,29,30,30,30,31,32,32,32
20260729_152303_3a4d7f,1785335216177019,1851362269,0,0,0,-52,128,0,18,17,18,16,16,16,16,16,15,15,15,15,15,15,14,14,14,14,14,13,13,13,12,12,11,11,0,0,0,0,0,0,0,0,0,0,0,9,9,9,11,11,11,12,13,13,13,14,14,15,15,15,15,15,15,16,16,16,17,16,17,17,17,0,63,63,63,61,59,60,57,57,56,54,55,54,55,54,52,54,52,52,51,50,48,47,45,45,42,41,38,38,0,0,0,0,0,0,0,26,28,29,33,35,36,39,41,44,45,46,49,49,51,52,53,53,54,56,56,58,60,61,61,61,63,64,64
20260729_152303_3a4d7f,1785335216235265,1851420253,0,0,0,-52,128,0,17,17,17,17,16,16,16,15,15,15,15,15,15,14,15,14,14,14,14,14,13,13,12,12,11,11,0,0,0,0,0,0,0,0,0,0,0,9,9,9,10,11,11,12,12,13,13,14,14,14,15,15,15,15,16,16,17,17,17,17,17,17,18,0,33,32,32,31,31,30,29,29,28,28,28,27,27,27,27,28,27,26,26,25,25,24,22,22,21,21,19,18,0,0,0,0,0,0,0,13,15,16,17,18,19,20,22,22,23,24,25,25,26,26,27,27,28,29,29,30,31,31,31,32,32,33,33
20260729_152303_3a4d7f,1785335216329382,1851514231,0,0,0,-52,128,0,16,16,16,16,15,15,14,14,14,14,14,13,13,13,13,13,13,13,13,13,12,12,11,11,10,10,0,0,0,0,0,0,0,0,0,0,0,7,8,9,9,10,10,11,12,12,13,12,13,13,13,13,14,14,14,15,15,15,16,16,16,16,16,0,30,31,29,30,29,29,28,27,27,27,26,26,25,26,26,25,25,25,24,24,23,22,22,21,20,19,19,18,0,0,0,0,0,0,0,13,13,14,15,17,17,19,19,21,22,23,25,23,25,26,26,26,27,27,29,28,29,30,30,30,31,31,31
20260729_152303_3a4d7f,1785335216454997,1851639584,0,0,0,-52,128,0,18,17,17,16,16,16,15,16,15,15,14,14,14,15,14,14,13,13,13,13,13,12,12,11,11,11,0,0,0,0,0,0,0,0,0,0,0,8,9,9,9,10,11,11,12,12,13,13,14,14,14,14,15,15,15,16,16,16,17,17,17,17,17,0,35,32,31,32,32,30,30,30,28,27,27,27,27,28,26,27,26,27,25,26,25,23,23,23,21,21,20,20,0,0,0,0,0,0,0,13,14,15,17,17,19,19,21,22,23,24,24,26,26,27,27,28,27,29,29,32,31,32,31,31,32,32,33
20260729_152303_3a4d7f,1785335216549091,1851733311,0,0,0,-52,128,0,17,17,17,16,16,16,15,15,15,14,14,14,14,14,14,14,14,13,13,13,13,13,12,11,10,10,0,0,0,0,0,0,0,0,0,0,0,7,9,9,10,10,11,11,12,12,13,13,13,14,14,14,14,15,15,15,15,16,16,16,16,16,16,0,66,61,63,62,59,59,57,54,55,55,54,53,55,53,53,52,52,52,50,51,47,47,42,44,42,42,37,37,0,0,0,0,0,0,0,25,27,31,32,34,35,38,40,42,44,48,48,48,51,51,53,54,55,55,56,58,59,59,63,62,62,64,64
20260729_152303_3a4d7f,1785335216633156,1851815030,0,0,0,-52,128,0,17,17,17,16,15,16,15,15,15,14,14,14,14,14,14,14,14,13,13,13,13,12,12,11,11,11,0,0,0,0,0,0,0,0,0,0,0,8,8,9,9,10,11,11,11,12,13,13,14,13,14,14,14,14,15,15,15,16,16,16,17,17,17,0,62,64,61,62,59,59,57,55,56,54,55,54,53,51,53,52,53,51,50,49,48,46,45,43,41,40,39,37,0,0,0,0,0,0,0,25,28,29,30,34,35,38,40,42,44,45,46,48,49,50,52,54,55,54,56,56,58,60,61,63,64,64,63
20260729_152303_3a4d7f,1785335216738250,1851921184,0,0,0,-52,128,0,17,17,17,16,16,16,15,15,14,14,14,14,15,15,15,14,14,14,14,14,13,13,11,12,11,10,0,0,0,0,0,0,0,0,0,0,0,7,8,9,10,10,11,12,11,12,12,13,13,14,14,14,14,15,15,15,16,16,16,16,17,17,17,0,31,31,31,31,30,29,29,28,27,27,26,27,26,26,26,26,26,26,25,24,24,24,22,21,21,19,20,17,0,0,0,0,0,0,0,13,14,14,16,17,17,20,20,21,22,23,24,25,25,26,26,27,28,27,28,29,29,30,31,30,31,32,31
20260729_152303_3a4d7f,1785335216894804,1852076194,0,0,0,-52,128,0,17,17,17,16,16,16,16,16,15,15,16,15,15,15,15,14,14,14,13,13,13,13,12,11,11,11,0,0,0,0,0,0,0,0,0,0,0,8,9,9,11,11,11,11,12,13,13,14,14,14,14,15,15,16,16,16,16,16,17,17,18,18,17,0,62,63,62,61,58,58,57,56,55,54,54,52,53,52,51,52,51,50,49,48,47,45,43,43,41,40,38,37,0,0,0,0,0,0,0,27,29,30,31,34,37,39,40,44,45,48,47,50,52,52,53,53,55,56,55,58,60,61,62,60,63,64,64
20260729_152303_3a4d7f,1785335216928203,1852112505,0,0,0,-52,128,0,17,17,17,16,16,16,15,15,14,14,14,13,13,13,13,14,13,14,14,13,13,12,12,12,10,10,0,0,0,0,0,0,0,0,0,0,0,8,9,9,9,10,11,11,12,12,13,13,13,14,14,14,15,15,15,16,16,16,16,16,17,17,17,0,64,65,60,62,59,60,58,57,55,56,55,53,53,51,53,52,53,51,50,48,47,47,44,43,42,39,38,38,0,0,0,0,0,0,0,26,27,31,32,35,36,40,41,44,45,47,50,51,50,52,53,53,56,55,59,59,59,60,61,63,64,63,62
20260729_152303_3a4d7f,1785335217065141,1852245580,0,0,0,-52,128,0,16,16,16,16,16,15,15,14,14,14,14,14,13,13,13,13,13,13,13,13,12,12,11,11,10,10,0,0,0,0,0,0,0,0,0,0,0,7,8,9,9,10,10,11,11,12,12,12,12,13,13,14,14,14,15,15,15,16,16,16,16,16,16,0,31,31,30,29,29,29,28,28,27,28,27,26,26,26,26,25,26,25,25,24,24,23,22,21,20,19,19,18,0,0,0,0,0,0,0,12,13,14,15,17,18,20,19,21,22,23,25,24,25,25,26,26,27,27,28,29,29,30,30,31,31,31,31
20260729_152303_3a4d7f,1785335217169862,1852352392,0,0,0,-52,128,0,16,16,16,16,15,15,15,14,14,14,13,14,14,14,14,14,14,13,14,12,13,10,12,11,11,10,0,0,0,0,0,0,0,0,0,0,0,8,9,9,9,10,10,11,12,12,13,12,13,13,13,13,14,14,14,15,15,15,16,16,16,17,16,0,31,31,31,29,30,29,28,27,27,28,27,27,24,25,27,26,25,25,23,25,23,24,22,22,22,18,18,18,0,0,0,0,0,0,0,12,14,14,15,17,19,18,20,22,22,23,25,25,25,25,26,26,26,27,28,28,30,30,30,30,31,32,31
20260729_152303_3a4d7f,1785335217236600,1852417187,0,0,0,-52,128,0,16,15,15,15,14,14,14,14,14,14,13,13,13,13,13,13,13,13,13,12,11,11,11,11,10,10,0,0,0,0,0,0,0,0,0,0,0,7,7,8,9,10,10,11,11,11,12,12,12,13,13,13,13,13,14,14,14,15,15,15,16,15,15,0,63,62,62,61,59,59,56,56,55,55,54,52,52,51,51,50,52,49,49,48,47,44,44,41,40,38,38,36,0,0,0,0,0,0,0,26,28,28,31,35,37,39,40,43,45,47,49,50,51,52,52,52,55,54,57,58,60,60,60,63,63,65,63
20260729_152303_3a4d7f,1785335217336675,1852522018,0,0,0,-52,128,0,16,17,16,16,16,16,15,14,14,14,14,14,14,14,14,14,14,13,13,12,12,11,11,11,10,10,0,0,0,0,0,0,0,0,0,0,0,8,8,9,9,10,11,12,12,12,13,13,13,13,14,13,15,15,15,15,16,16,16,17,17,17,17,0,66,63,60,63,59,59,57,56,56,57,55,53,52,53,54,52,52,50,50,50,48,46,45,42,42,39,39,36,0,0,0,0,0,0,0,25,28,30,32,35,37,39,41,44,45,48,49,49,52,52,52,55,57,55,57,57,58,60,61,64,64,64,62
20260729_152303_3a4d7f,1785335217435998,1852621375,0,0,0,-52,128,0,17,17,16,16,16,16,15,15,15,15,14,14,14,14,14,14,14,14,14,13,13,13,11,11,11,11,0,0,0,0,0,0,0,0,0,0,0,8,9,9,9,10,11,11,12,13,13,13,13,13,13,14,15,15,16,16,16,16,17,17,16,17,17,0,65,62,62,59,61,59,57,57,55,55,55,54,52,53,51,54,51,52,49,50,49,46,44,44,42,41,38,38,0,0,0,0,0,0,0,25,28,30,34,34,38,39,43,44,46,47,48,51,52,52,53,54,54,59,57,59,59,59,62,62,64,64,64
20260729_152303_3a4d7f,1785335217528755,1852711350,0,0,0,-52,128,0,17,17,17,16,17,16,16,16,15,15,14,15,15,15,14,14,14,14,14,13,13,13,12,11,11,11,0,0,0,0,0,0,0,0,0,0,0,9,9,10,11,11,11,12,13,13,13,14,14,14,15,15,15,15,15,16,16,16,17,17,17,17,17,0,63,63,61,61,58,58,56,55,56,55,54,53,53,53,52,51,52,52,50,50,47,46,44,44,42,40,38,38,0,0,0,0,0,0,0,27,29,30,33,35,38,40,40,43,46,49,48,49,50,52,52,52,56,56,57,57,61,60,62,62,62,63,64
20260729_152303_3a4d7f,1785335217633937,1852815169,0,0,0,-51,128,0,17,15,15,16,15,15,14,14,14,14,15,14,12,13,13,13,13,13,13,12,12,12,11,11,10,10,0,0,0,0,0,0,0,0,0,0,0,7,7,8,9,10,10,11,11,12,12,13,13,13,13,14,14,14,15,15,15,15,16,16,16,17,16,0,31,29,27,28,28,29,26,27,27,26,27,25,24,25,25,25,26,25,24,25,22,21,21,20,20,20,17,18,0,0,0,0,0,0,0,11,13,14,14,16,17,18,20,20,21,23,22,25,25,25,25,25,24,28,27,29,28,28,30,29,31,31,30
20260729_152303_3a4d7f,1785335217753942,1852937441,0,0,0,-52,128,0,17,17,17,17,16,16,16,15,15,16,15,15,14,15,14,15,14,14,14,13,13,13,13,12,12,12,0,0,0,0,0,0,0,0,0,0,0,9,9,10,11,11,11,12,13,13,13,14,14,15,15,15,15,16,16,16,16,17,17,17,17,17,17,0,64,62,64,60,61,61,57,55,55,55,55,53,52,53,52,52,52,53,50,50,48,47,43,44,42,41,39,39,0,0,0,0,0,0,0,26,29,30,33,35,37,41,42,43,47,48,50,50,52,52,54,55,55,58,58,60,62,61,62,61,63,63,63
20260729_152303_3a4d7f,1785335217848146,1853030188,0,0,0,-52,128,0,17,17,16,16,16,15,15,15,15,15,15,14,14,14,14,14,14,14,14,13,13,13,12,12,11,11,0,0,0,0,0,0,0,0,0,0,0,8,9,9,10,11,11,12,13,13,13,13,14,14,14,14,15,15,15,16,16,16,16,17,17,17,17,0,32,32,31,30,29,29,28,27,28,27,27,27,26,27,26,27,26,26,25,25,24,23,22,21,21,21,19,19,0,0,0,0,0,0,0,13,15,15,16,17,19,20,21,22,23,24,24,25,25,26,26,27,27,28,28,29,29,29,30,30,31,31,33
20260729_152303_3a4d7f,1785335217937142,1853122483,0,0,0,-52,128,0,17,17,17,16,16,16,16,15,15,15,15,15,15,15,15,14,14,14,14,13,13,13,13,12,12,11,0,0,0,0,0,0,0,0,0,0,0,8,9,9,10,11,11,12,13,13,14,14,14,15,15,15,15,15,16,16,17,17,17,17,17,18,17,0,32,33,31,31,29,30,29,28,27,28,27,27,27,26,26,25,27,25,25,25,24,23,23,21,20,20,20,19,0,0,0,0,0,0,0,13,14,15,15,17,18,20,20,21,22,24,25,25,25,26,27,26,28,27,29,29,31,31,32,32,33,32,32
20260729_152303_3a4d7f,1785335218085417,1853266891,0,0,0,-52,128,0,17,17,17,16,16,16,15,15,15,15,15,15,14,15,14,15,14,13,14,13,13,13,12,12,11,11,0,0,0,0,0,0,0,0,0,0,0,8,9,9,11,11,11,12,12,13,14,14,14,14,14,15,15,15,15,17,16,17,17,17,17,17,17,0,64,63,62,60,59,58,57,57,57,55,54,53,53,52,51,52,52,50,51,50,49,46,44,42,42,41,38,38,0,0,0,0,0,0,0,26,27,29,32,33,37,38,41,43,45,47,48,51,51,52,53,55,55,56,57,59,59,60,63,60,63,64,64
20260729_152303_3a4d7f,1785335218140704,1853324348,0,0,0,-52,128,0,17,17,17,16,16,16,15,15,15,15,14,14,14,14,14,14,14,14,14,14,12,12,12,11,11,10,0,0,0,0,0,0,0,0,0,0,0,8,8,9,9,10,11,12,12,13,13,13,14,14,14,15,15,15,15,15,16,16,16,16,16,18,17,0,62,61,61,59,60,57,56,55,53,56,55,52,52,52,51,51,51,51,50,48,47,44,43,42,40,39,38,37,0,0,0,0,0,0,0,24,26,28,31,33,37,38,41,41,45,46,47,50,50,50,52,52,54,56,55,59,59,60,60,61,62,62,62
20260729_152303_3a4d7f,1785335218245619,1853430846,0,0,0,-51,128,0,17,17,17,17,16,16,16,16,15,16,16,14,14,14,14,14,14,14,14,13,13,13,12,12,11,11,0,0,0,0,0,0,0,0,0,0,0,8,9,10,10,11,11,12,12,12,14,14,14,15,15,15,15,15,16,16,17,17,17,17,18,18,17,0,32,33,31,31,31,30,30,29,28,28,28,28,27,27,26,26,27,26,26,25,24,24,23,22,21,20,20,19,0,0,0,0,0,0,0,13,14,15,16,17,18,20,20,22,23,24,24,25,26,27,27,28,28,28,29,30,31,31,32,31,32,33,33
20260729_152303_3a4d7f,1785335218330361,1853513156,0,0,0,-52,128,0,17,16,16,16,16,15,15,15,15,15,15,15,14,14,14,14,14,14,14,13,13,12,12,11,11,11,0,0,0,0,0,0,0,0,0,0,0,8,8,9,10,10,11,12,12,12,13,13,13,14,14,15,15,15,16,16,16,16,17,17,17,17,17,0,63,64,62,59,61,57,56,54,54,54,54,51,51,52,51,54,50,51,51,49,48,47,44,42,41,41,37,38,0,0,0,0,0,0,0,25,28,30,32,32,37,38,41,43,44,46,47,49,50,52,52,53,56,56,56,58,59,61,60,61,63,64,65
20260729_152303_3a4d7f,1785335218440930,1853625882,0,0,0,-52,128,0,17,17,17,16,16,15,15,15,14,15,14,14,14,15,15,15,14,14,14,14,13,13,12,12,12,12,0,0,0,0,0,0,0,0,0,0,0,8,9,10,10,11,12,11,12,12,13,13,14,14,14,15,15,15,15,15,16,16,17,17,16,17,17,0,30,30,30,30,29,30,28,28,27,28,28,26,26,27,26,26,25,25,25,25,24,23,23,21,20,19,19,18,0,0,0,0,0,0,0,13,14,15,16,18,18,19,20,22,23,24,25,25,26,25,27,26,28,28,28,29,29,30,31,31,32,31,32
20260729_152303_3a4d7f,1785335218568262,1853753038,0,0,0,-52,128,0,17,17,16,16,16,16,15,14,15,15,15,14,14,13,14,14,13,13,14,13,13,12,12,12,11,11,0,0,0,0,0,0,0,0,0,0,0,7,9,9,10,10,11,11,11,13,13,13,13,13,14,14,15,16,15,16,16,16,17,17,17,17,17,0,65,61,60,62,61,60,59,59,53,57,54,54,54,53,51,52,52,50,51,49,47,47,44,43,41,41,39,39,0,0,0,0,0,0,0,23,27,28,32,33,36,39,41,43,44,47,48,51,50,52,52,54,55,57,57,59,61,60,62,62,63,65,65
20260729_152303_3a4d7f,1785335218650773,1853833330,0,0,0,-52,128,0,16,16,16,16,15,15,15,15,15,14,14,13,13,13,13,13,13,13,13,12,12,11,11,11,10,10,0,0,0,0,0,0,0,0,0,0,0,7,8,9,9,10,10,11,12,12,12,13,13,13,14,15,15,15,15,15,16,16,16,16,16,17,17,0,32,30,30,30,30,29,28,28,27,27,27,25,25,25,25,25,24,24,24,24,23,22,20,21,20,19,17,18,0,0,0,0,0,0,0,11,13,15,16,17,18,18,20,21,22,24,24,25,25,25,27,26,27,28,28,29,29,30,31,31,31,30,32
20260729_152303_3a4d7f,1785335218733378,1853919029,0,0,0,-52,128,0,16,17,16,16,16,16,15,15,15,14,14,15,15,15,14,15,14,13,14,13,13,13,13,12,11,11,0,0,0,0,0,0,0,0,0,0,0,8,8,9,9,11,11,12,13,13,13,14,14,14,14,14,14,15,15,16,16,16,16,16,17,17,17,0,65,65,62,60,59,60,57,58,56,56,55,55,55,52,53,53,53,51,51,49,49,47,46,43,43,41,40,39,0,0,0,0,0,0,0,26,29,30,33,35,37,40,41,44,44,48,49,50,50,52,54,55,56,55,58,60,60,62,62,63,65,65,62
20260729_152303_3a4d7f,1785335218827239,1854011916,0,0,0,-52,128,0,17,18,17,17,16,16,16,16,14,15,14,14,14,14,14,14,14,14,13,13,13,12,12,11,11,11,0,0,0,0,0,0,0,0,0,0,0,8,9,9,10,11,11,12,12,13,14,13,14,14,14,15,15,15,16,16,16,16,16,16,18,18,17,0,33,33,32,31,31,31,29,28,28,28,27,27,27,27,27,26,27,26,26,26,25,24,23,22,21,21,19,19,0,0,0,0,0,0,0,13,15,16,16,17,18,20,21,23,24,25,25,26,26,27,28,28,28,30,29,31,32,31,33,32,33,33,32
20260729_152303_3a4d7f,1785335218942345,1854127453,0,0,0,-51,128,0,17,16,16,16,15,15,15,14,15,15,15,14,14,14,14,14,13,13,13,13,12,12,12,11,11,11,0,0,0,0,0,0,0,0,0,0,0,8,8,9,10,11,11,12,13,13,13,13,14,14,14,15,15,15,15,16,16,16,16,16,17,17,17,0,31,30,30,28,29,28,27,26,26,26,26,27,25,26,25,26,25,25,24,23,23,23,21,21,21,21,18,18,0,0,0,0,0,0,0,13,13,15,16,17,18,19,21,21,23,24,25,25,26,26,27,28,26,28,27,29,29,29,31,29,30,31,31
20260729_152303_3a4d7f,1785335219046108,1854230576,0,0,0,-52,128,0,17,17,17,16,16,16,15,15,15,15,14,14,14,14,14,14,14,14,13,13,13,13,12,12,12,11,0,0,0,0,0,0,0,0,0,0,0,8,9,9,10,10,11,12,12,13,13,13,15,15,15,15,15,15,15,16,17,17,17,17,17,17,17,0,63,62,61,59,60,56,57,55,55,53,53,52,53,54,50,51,50,52,49,49,48,46,44,43,42,40,37,38,0,0,0,0,0,0,0,24,27,29,31,33,37,39,41,44,45,49,48,48,52,52,52,54,54,58,56,59,60,61,64,60,62,65,63
20260729_152303_3a4d7f,1785335219150364,1854334463,0,0,0,-52,128,0,16,16,16,16,15,15,15,14,14,14,14,13,13,13,13,13,13,13,13,12,12,11,10,10,10,9,0,0,0,0,0,0,0,0,0,0,0,8,8,9,10,10,11,12,12,12,13,13,13,14,14,14,14,15,15,15,15,16,16,16,16,16,16,0,31,31,30,29,29,28,28,26,27,26,26,25,25,26,25,25,25,24,23,23,22,21,21,20,19,19,17,17,0,0,0,0,0,0,0,13,14,15,16,17,19,20,21,22,23,25,24,25,26,26,27,28,27,28,28,30,30,31,30,31,32,32,31
20260729_152303_3a4d7f,1785335219256373,1854440165,0,0,0,-52,128,0,17,17,17,17,16,15,15,15,15,15,14,14,13,14,14,14,14,14,14,13,13,12,12,12,11,11,0,0,0,0,0,0,0,0,0,0,0,9,9,9,10,11,11,13,13,13,13,13,14,14,14,14,15,15,15,15,16,16,16,17,17,17,17,0,62,63,59,60,57,57,57,55,53,56,53,52,51,50,53,50,53,49,49,48,47,45,45,42,39,39,38,37,0,0,0,0,0,0,0,27,29,31,33,36,37,40,42,45,47,48,49,51,52,52,53,52,57,56,59,57,58,60,60,63,64,63,63
20260729_152303_3a4d7f,1785335219343145,1854527936,0,0,0,-52,128,0,16,16,16,16,15,16,14,14,15,14,14,14,14,13,13,13,13,13,13,13,12,12,11,11,11,10,0,0,0,0,0,0,0,0,0,0,0,8,9,9,9,10,11,12,12,13,14,14,14,14,14,14,15,15,15,16,16,16,16,16,16,16,16,0,62,62,61,60,59,58,57,55,53,55,52,52,51,50,51,51,50,51,50,49,48,44,43,43,41,38,37,38,0,0,0,0,0,0,0,25,27,31,33,35,37,41,43,45,47,48,51,52,51,52,53,53,55,56,56,59,59,61,60,61,62,63,62
20260729_152303_3a4d7f,1785335219452515,1854635788,0,0,0,-52,128,0,17,17,17,16,16,16,15,15,15,15,15,14,14,14,14,14,14,14,13,13,13,12,12,12,11,11,0,0,0,0,0,0,0,0,0,0,0,9,9,9,10,11,12,12,13,14,14,14,14,15,14,15,15,16,16,16,16,16,17,17,17,17,18,0,32,31,31,31,29,30,29,28,28,28,27,26,26,26,26,27,27,26,26,25,25,23,23,22,21,21,19,19,0,0,0,0,0,0,0,14,14,16,17,19,19,21,22,23,24,25,25,27,27,27,27,27,29,29,29,29,30,31,31,32,32,32,32
20260729_152303_3a4d7f,1785335219574224,1854755689,0,0,0,-52,128,0,17,17,16,16,15,14,14,14,14,14,14,13,13,14,14,13,13,13,13,13,12,12,11,11,11,11,0,0,0,0,0,0,0,0,0,0,0,8,9,10,10,11,11,11,12,13,13,13,14,14,14,14,14,14,15,15,16,16,17,17,17,17,17,0,60,63,60,60,59,59,56,55,54,55,54,52,50,52,52,51,50,51,50,48,47,45,45,41,42,38,38,37,0,0,0,0,0,0,0,25,28,29,32,35,38,40,42,45,46,49,50,49,52,52,52,53,56,57,56,57,61,61,61,63,63,63,63
20260729_152303_3a4d7f,1785335219632372,1854813780,0,0,0,-52,128,0,17,17,17,17,17,17,16,16,16,16,15,14,14,14,15,15,14,15,14,14,13,12,13,12,11,11,0,0,0,0,0,0,0,0,0,0,0,8,9,11,11,11,12,13,13,14,13,14,15,15,15,15,16,17,17,17,17,17,18,17,17,17,17,0,63,62,63,59,59,58,57,56,55,54,54,52,53,53,51,54,52,52,50,47,47,46,46,42,44,44,37,38,0,0,0,0,0,0,0,26,29,30,33,35,38,40,43,44,47,49,49,51,51,53,53,55,56,56,56,59,60,60,61,61,62,63,64
20260729_152303_3a4d7f,1785335219758788,1854944336,0,0,0,-52,128,0,17,17,17,16,16,16,15,15,15,15,15,15,14,14,14,14,14,14,13,13,13,12,12,11,11,11,0,0,0,0,0,0,0,0,0,0,0,9,9,10,11,11,12,12,12,14,14,14,15,15,15,15,16,16,16,16,16,16,17,17,17,17,17,0,62,61,60,61,60,58,55,54,55,54,55,51,51,52,51,52,49,50,50,47,45,44,44,41,40,39,36,36,0,0,0,0,0,0,0,25,29,31,33,35,37,39,43,44,46,50,49,51,52,53,53,55,56,57,57,58,59,61,61,63,61,64,65
20260729_152303_3a4d7f,1785335219830866,1855011604,0,0,0,-52,128,0,17,17,17,17,16,16,16,15,16,16,15,15,15,14,14,14,14,14,14,14,13,12,12,11,11,11,0,0,0,0,0,0,0,0,0,0,0,9,9,10,11,11,11,12,13,14,14,14,15,15,15,16,16,16,16,17,17,17,17,17,17,17,17,0,65,64,63,61,60,60,59,56,56,55,55,54,53,53,52,53,50,52,50,49,47,46,43,43,41,41,37,37,0,0,0,0,0,0,0,27,29,31,34,36,39,39,44,46,47,51,50,51,52,55,55,56,58,59,59,60,62,61,63,63,64,65,66
20260729_152303_3a4d7f,1785335219974429,1855155800,0,0,0,-52,128,0,16,16,16,15,15,15,14,14,14,13,14,13,13,13,13,13,13,13,12,12,12,12,11,11,10,10,0,0,0,0,0,0,0,0,0,0,0,8,9,9,9,10,11,11,12,13,13,13,13,14,14,14,14,14,15,15,16,16,16,16,16,16,16,0,31,30,30,29,28,29,28,27,26,26,26,26,25,26,25,24,24,24,24,24,22,22,21,21,19,20,18,18,0,0,0,0,0,0,0,12,13,15,16,17,18,19,20,22,23,24,24,24,25,26,27,27,27,28,28,28,30,30,31,30,31,31,31
20260729_152303_3a4d7f,1785335220029824,1855211303,0,0,0,-52,128,0,17,17,17,16,16,16,16,15,15,15,15,14,14,14,14,14,14,13,13,13,13,12,12,11,11,11,0,0,0,0,0,0,0,0,0,0,0,9,9,9,10,11,11,12,12,13,14,14,14,15,15,15,15,15,16,16,16,17,17,17,17,18,17,0,32,32,32,30,30,30,29,29,28,28,27,27,27,26,26,26,26,25,25,24,24,23,23,21,21,20,20,19,0,0,0,0,0,0,0,13,14,15,16,17,19,20,21,22,24,24,25,26,26,27,27,28,29,29,29,30,31,31,31,31,32,33,31
20260729_152303_3a4d7f,1785335220130397,1855313275,0,0,0,-52,128,0,17,17,16,16,16,15,15,14,14,14,14,13,13,14,14,14,14,13,13,12,12,12,11,11,11,10,0,0,0,0,0,0,0,0,0,0,0,8,8,9,9,10,11,11,13,13,13,13,14,14,14,15,15,15,15,15,16,16,16,16,16,17,16,0,64,62,62,59,59,58,56,55,54,54,54,51,52,52,52,50,50,50,49,49,47,44,43,41,39,38,38,37,0,0,0,0,0,0,0,24,26,30,33,34,37,40,42,44,46,49,49,51,52,52,54,55,55,57,58,59,61,62,62,63,62,64,62
20260729_152303_3a4d7f,1785335220228655,1855411896,0,0,0,-52,128,0,17,16,16,16,16,16,15,15,15,15,15,14,14,14,14,14,14,14,14,14,13,13,12,12,11,11,0,0,0,0,0,0,0,0,0,0,0,9,9,10,11,11,12,13,13,13,14,15,15,15,15,15,16,15,16,16,16,16,16,17,17,17,17,0,61,62,61,59,57,57,55,55,53,55,53,52,52,52,52,52,50,49,50,49,47,45,44,42,41,40,38,39,0,0,0,0,0,0,0,26,29,31,33,35,39,39,43,44,47,49,50,50,52,53,53,54,56,56,57,59,59,60,60,60,62,62,63
20260729_152303_3a4d7f,1785335220351329,1855535680,0,0,0,-51,128,0,16,17,16,16,16,15,15,15,14,14,14,13,13,13,14,14,14,14,13,13,13,11,11,11,11,10,0,0,0,0,0,0,0,0,0,0,0,8,8,9,9,10,11,12,11,13,13,13,13,13,13,14,15,14,16,16,16,16,16,17,17,17,17,0,62,62,60,61,59,58,56,55,53,55,54,53,51,50,52,51,50,51,50,48,47,45,44,42,40,40,37,37,0,0,0,0,0,0,0,24,26,29,31,33,35,38,41,44,45,47,48,51,50,52,52,53,55,55,57,59,59,60,61,62,62,62,62
20260729_152303_3a4d7f,1785335220437934,1855619293,0,0,0,-52,128,0,16,16,16,16,16,15,15,14,15,15,14,14,13,13,14,14,14,14,13,13,13,13,12,11,11,11,0,0,0,0,0,0,0,0,0,0,0,8,9,9,9,11,11,12,12,13,13,13,13,14,14,14,15,15,16,16,16,15,16,16,16,16,16,0,62,62,60,59,57,57,56,54,54,55,54,52,51,52,52,52,52,50,51,49,48,45,45,43,41,40,37,37,0,0,0,0,0,0,0,25,28,29,32,33,35,39,42,44,43,47,47,47,50,51,51,52,54,54,55,56,58,59,60,60,62,62,61
20260729_152303_3a4d7f,1785335220531588,1855712062,0,0,0,-52,128,0,16,16,16,16,16,16,15,15,15,15,14,14,14,14,14,14,14,14,14,13,12,12,12,11,11,11,0,0,0,0,0,0,0,0,0,0,0,8,9,9,10,10,11,11,12,13,13,13,13,14,14,14,15,15,16,16,16,16,17,17,16,16,17,0,64,62,63,61,60,60,57,57,55,55,55,53,53,53,52,54,50,53,52,49,49,47,44,43,41,40,37,38,0,0,0,0,0,0,0,25,26,29,33,33,37,38,42,45,46,48,49,50,52,53,53,54,54,56,56,59,60,60,63,62,64,64,66
20260729_152303_3a4d7f,1785335220626573,1855812153,0,0,0,-52,128,0,17,17,17,17,16,16,16,15,15,15,15,14,14,15,14,14,14,14,14,13,13,13,12,12,11,11,0,0,0,0,0,0,0,0,0,0,0,9,9,9,10,11,11,12,13,13,14,14,14,14,15,15,15,15,16,16,16,16,17,17,17,17,17,0,31,31,31,31,29,29,29,28,28,28,28,26,26,27,26,27,27,25,25,25,24,22,22,22,20,19,19,20,0,0,0,0,0,0,0,13,14,16,17,18,19,19,21,23,23,24,25,26,27,26,27,27,28,30,29,30,30,31,31,31,31,32,33
20260729_152303_3a4d7f,1785335220733078,1855913880,0,0,0,-52,128,0,17,18,16,16,16,16,16,16,15,15,15,14,15,14,14,14,14,14,14,13,13,12,12,12,11,11,0,0,0,0,0,0,0,0,0,0,0,8,9,9,10,11,11,11,12,13,13,13,14,14,14,15,16,16,15,16,16,17,17,16,17,17,18,0,63,64,61,61,60,60,57,57,55,56,57,56,54,54,53,54,53,52,51,50,51,48,45,46,45,40,39,38,0,0,0,0,0,0,0,27,28,30,32,36,37,41,42,45,47,47,50,50,51,53,53,54,57,57,57,59,62,62,63,62,64,64,64
20260729_152303_3a4d7f,1785335220827925,1856013128,0,0,0,-52,128,0,17,17,16,16,16,16,14,14,14,15,14,14,14,14,14,13,13,13,13,12,12,11,11,11,10,10,0,0,0,0,0,0,0,0,0,0,0,8,8,9,9,10,10,11,12,12,13,13,13,14,13,14,14,14,15,15,15,15,17,17,17,17,17,0,65,62,60,61,57,58,56,55,55,56,54,52,51,52,52,52,51,51,50,49,47,46,44,42,39,39,38,37,0,0,0,0,0,0,0,25,28,29,31,34,37,39,41,43,46,48,49,50,51,52,53,54,56,55,57,57,58,59,62,64,63,63,61
20260729_152303_3a4d7f,1785335220927315,1856111227,0,0,0,-52,128,0,17,17,17,17,16,16,16,15,15,16,15,14,14,15,15,15,15,14,13,13,13,13,13,12,11,11,0,0,0,0,0,0,0,0,0,0,0,9,9,10,11,11,12,13,12,14,14,14,14,14,15,15,15,15,16,16,17,16,17,17,17,17,17,0,64,63,64,61,59,59,57,57,55,56,56,54,53,53,54,52,52,52,49,49,48,46,45,42,42,40,39,38,0,0,0,0,0,0,0,26,28,30,33,35,37,40,42,43,46,49,50,50,51,53,53,55,56,57,59,59,60,62,63,64,65,63,65
20260729_152303_3a4d7f,1785335221026562,1856211985,0,0,0,-52,128,0,17,18,17,17,16,16,16,16,16,15,15,14,14,14,14,14,14,14,14,13,13,13,12,12,11,11,0,0,0,0,0,0,0,0,0,0,0,8,9,9,10,11,11,12,12,13,13,13,14,15,15,15,15,16,16,16,16,17,17,17,18,18,17,0,32,32,31,30,30,30,28,28,27,29,28,26,27,26,26,26,26,26,25,24,24,23,23,22,21,20,19,19,0,0,0,0,0,0,0,13,15,15,17,18,19,20,21,21,24,24,26,25,26,26,27,27,28,28,28,29,30,31,32,32,32,33,32
20260729_152303_3a4d7f,1785335221138018,1856323462,0,0,0,-52,128,0,18,18,18,16,16,16,16,16,15,14,15,15,15,15,15,15,15,14,13,13,13,12,12,12,11,12,0,0,0,0,0,0,0,0,0,0,0,8,9,9,10,11,12,12,13,13,14,14,14,14,14,15,16,16,16,17,17,17,17,17,17,17,17,0,63,64,63,58,61,60,58,57,56,55,54,52,52,55,52,53,51,54,51,48,48,46,44,44,41,42,38,36,0,0,0,0,0,0,0,26,29,28,32,34,38,40,42,43,45,49,50,50,52,53,54,56,56,57,57,61,62,60,62,62,64,65,65
20260729_152303_3a4d7f,1785335221231989,1856414206,0,0,0,-52,128,0,17,17,16,17,15,15,15,15,14,14,14,14,14,14,14,14,14,14,14,13,13,11,11,11,10,10,0,0,0,0,0,0,0,0,0,0,0,8,8,9,9,10,10,12,12,12,13,13,13,13,13,14,15,15,15,15,16,16,16,17,17,17,17,0,63,61,61,60,59,58,56,54,54,55,54,51,51,51,52,52,51,52,49,48,47,45,43,41,40,39,37,37,0,0,0,0,0,0,0,25,26,28,32,34,36,39,40,43,44,46,48,50,50,51,51,53,53,56,56,58,59,59,60,62,61,61,62
20260729_152303_3a4d7f,1785335221331349,1856516741,0,0,0,-51,128,0,17,16,17,16,16,16,16,16,16,14,15,14,14,14,14,14,14,14,14,14,13,13,12,11,11,11,0,0,0,0,0,0,0,0,0,0,0,9,9,9,10,11,11,11,12,13,13,13,14,14,14,14,15,15,16,16,16,16,17,16,17,17,17,0,63,65,63,61,60,60,57,57,57,57,54,54,55,54,53,53,54,51,51,50,48,46,46,44,42,41,39,38,0,0,0,0,0,0,0,25,29,29,33,36,37,39,41,43,45,47,48,49,51,54,54,55,56,56,57,57,60,61,62,62,64,65,64
20260729_152303_3a4d7f,1785335221475686,1856655875,0,0,0,-52,128,0,17,17,17,16,16,16,14,14,14,15,14,14,13,14,14,14,13,13,13,13,12,12,11,12,10,10,0,0,0,0,0,0,0,0,0,0,0,8,8,9,9,10,10,12,12,12,12,13,13,14,14,14,15,15,15,15,16,15,17,16,17,17,17,0,63,60,61,59,57,58,55,53,53,54,56,52,52,52,51,52,49,50,51,45,43,46,41,46,40,40,38,36,0,0,0,0,0,0,0,24,26,30,31,33,36,37,40,41,43,46,47,49,51,50,53,52,53,55,56,58,59,59,61,60,61,63,62
20260729_152303_3a4d7f,1785335221535030,1856716849,0,0,0,-52,128,0,17,16,16,16,16,15,14,14,15,15,15,14,14,14,14,14,14,14,14,13,13,13,12,12,11,11,0,0,0,0,0,0,0,0,0,0,0,8,8,9,9,10,11,11,12,13,13,13,14,14,14,14,14,14,15,15,15,16,17,17,17,17,17,0,63,62,61,61,58,59,57,56,54,55,54,52,52,52,52,52,51,51,51,50,47,45,44,42,42,41,37,37,0,0,0,0,0,0,0,24,27,30,31,33,36,38,41,43,45,46,47,49,50,51,52,52,54,55,57,57,58,61,61,61,61,63,64
20260729_152303_3a4d7f,1785335221640302,1856825928,0,0,0,-52,128,0,18,18,18,18,17,17,16,16,15,15,15,14,15,14,14,14,14,14,14,13,13,13,12,12,11,11,0,0,0,0,0,0,0,0,0,0,0,9,9,9,10,11,11,12,13,13,14,14,15,15,15,15,15,16,16,16,16,18,17,18,19,18,18,0,33,31,31,30,29,30,28,29,28,28,26,27,26,26,26,26,25,25,25,25,24,22,21,21,21,20,18,19,0,0,0,0,0,0,0,12,13,15,17,17,18,19,21,22,23,24,24,25,25,27,26,27,29,28,29,30,32,32,30,29,34,31,31
20260729_152303_3a4d7f,1785335221731735,1856914463,0,0,0,-52,128,0,17,16,17,16,16,15,15,15,14,15,15,14,14,14,14,14,13,13,13,13,13,12,12,11,11,10,0,0,0,0,0,0,0,0,0,0,0,8,9,9,10,11,11,11,12,13,13,13,13,14,14,14,15,14,16,16,16,16,16,16,17,18,16,0,66,63,60,62,61,60,57,57,57,57,55,54,53,54,53,53,52,53,50,49,48,47,45,44,41,40,39,36,0,0,0,0,0,0,0,26,28,31,31,34,37,39,43,43,47,47,50,51,51,52,52,55,55,55,57,60,59,61,62,63,63,64,63
20260729_152303_3a4d7f,1785335221829543,1857013943,0,0,0,-52,128,0,17,16,16,16,15,16,15,15,15,15,15,14,14,14,14,14,14,14,14,13,14,13,12,12,11,11,0,0,0,0,0,0,0,0,0,0,0,8,9,10,10,11,11,12,13,13,13,13,14,14,14,15,15,15,15,15,16,16,17,16,17,17,17,0,30,34,30,31,30,29,30,27,27,28,26,26,27,27,25,25,27,25,25,24,24,22,22,21,21,20,22,18,0,0,0,0,0,0,0,14,14,16,16,18,19,20,20,22,22,24,25,24,26,26,26,27,28,27,31,27,29,32,33,32,33,32,34
20260729_152303_3a4d7f,1785335221941178,1857120768,0,0,0,-52,128,0,16,16,16,16,16,15,15,14,14,14,14,14,14,14,13,14,13,13,13,13,12,12,11,11,11,11,0,0,0,0,0,0,0,0,0,0,0,8,9,9,10,10,11,11,12,13,13,14,14,14,14,14,14,14,14,15,15,15,16,16,16,16,17,0,63,62,63,61,60,58,58,56,54,55,55,53,51,52,52,52,51,50,50,49,49,46,45,43,41,40,38,36,0,0,0,0,0,0,0,26,27,31,32,34,38,38,42,43,46,48,49,49,50,51,53,54,56,56,57,57,58,60,62,62,63,64,64
20260729_152303_3a4d7f,1785335222041449,1857225380,0,0,0,-52,128,0,18,18,17,17,17,16,16,16,16,14,14,14,14,14,14,14,14,14,14,13,13,13,12,12,11,11,0,0,0,0,0,0,0,0,0,0,0,8,9,10,10,11,11,12,13,13,13,13,14,14,14,15,15,15,15,16,16,16,17,16,17,17,18,0,32,32,31,31,30,30,29,29,28,28,27,27,26,27,27,26,26,26,25,25,25,23,22,21,21,20,19,19,0,0,0,0,0,0,0,13,14,15,16,17,19,20,21,22,23,24,25,25,26,27,28,28,29,28,29,30,31,31,32,32,33,33,32
20260729_152303_3a4d7f,1785335222141300,1857326407,0,0,0,-52,128,0,16,16,16,16,15,15,14,14,14,14,14,13,13,13,13,13,13,13,13,12,12,11,11,11,10,10,0,0,0,0,0,0,0,0,0,0,0,7,7,9,9,10,10,11,11,12,12,12,13,14,14,14,14,14,14,14,15,16,16,16,16,16,16,0,62,63,61,62,59,60,56,55,55,55,55,53,51,52,52,51,52,49,49,48,47,46,43,43,40,38,38,36,0,0,0,0,0,0,0,25,28,28,30,34,36,37,40,43,44,46,49,49,50,51,53,53,55,55,56,57,58,60,62,62,62,65,62
20260729_152303_3a4d7f,1785335222229610,1857412222,0,0,0,-52,128,0,17,16,17,16,16,16,15,15,14,14,15,14,14,14,14,14,14,14,14,13,13,12,12,11,11,11,0,0,0,0,0,0,0,0,0,0,0,8,9,10,11,11,12,12,13,13,13,14,14,14,14,15,15,15,15,16,16,16,17,16,17,17,17,0,31,31,31,30,30,30,29,29,28,28,27,26,26,26,26,26,26,25,25,24,23,23,22,21,21,20,19,18,0,0,0,0,0,0,0,13,14,15,17,18,19,21,21,22,23,24,25,26,26,27,27,28,28,28,29,29,31,31,31,31,32,32,31
20260729_152303_3a4d7f,1785335222336246,1857522003,0,0,0,-52,128,0,17,17,17,17,16,16,16,15,15,15,15,14,14,14,14,14,14,14,14,13,13,12,12,11,11,11,0,0,0,0,0,0,0,0,0,0,0,9,9,9,10,11,11,12,12,13,14,14,14,14,15,15,15,15,15,16,16,16,17,17,17,17,18,0,32,32,31,32,30,30,29,28,29,29,28,27,27,26,27,26,26,26,25,25,25,24,23,21,21,21,19,19,0,0,0,0,0,0,0,13,15,16,17,18,19,20,20,23,23,24,25,25,26,26,27,27,28,27,29,29,30,30,32,32,31,32,32
20260729_152303_3a4d7f,1785335222428180,1857612249,0,0,0,-52,128,0,18,17,18,17,17,16,16,16,16,15,15,15,14,15,14,14,14,14,14,13,13,13,12,12,11,11,0,0,0,0,0,0,0,0,0,0,0,8,9,10,10,11,12,12,12,13,14,14,14,15,15,15,15,16,16,16,17,17,17,17,18,18,17,0,32,32,33,31,31,30,30,29,28,28,28,28,27,28,27,26,26,26,26,25,25,23,22,21,21,20,19,20,0,0,0,0,0,0,0,13,14,15,17,18,19,19,22,22,23,24,25,26,26,27,27,29,28,29,28,31,30,31,32,31,32,34,32
20260729_152303_3a4d7f,1785335222586648,1857771773,0,0,0,-52,128,0,17,17,17,17,16,15,15,15,15,15,15,15,14,15,15,14,13,14,13,13,13,12,12,11,11,11,0,0,0,0,0,0,0,0,0,0,0,8,9,9,10,11,11,11,12,13,13,14,14,14,14,14,15,15,15,15,16,16,16,17,17,17,17,0,63,62,62,62,59,58,57,56,55,55,54,51,52,52,52,52,52,51,50,49,48,45,44,42,41,40,37,36,0,0,0,0,0,0,0,25,27,29,32,34,35,38,40,43,46,48,49,50,51,51,51,54,54,57,56,58,59,59,61,61,61,63,63
20260729_152303_3a4d7f,1785335222629437,1857810940,0,0,0,-52,128,0,16,16,16,16,15,15,15,14,14,14,14,13,13,13,14,14,14,13,13,13,13,12,12,10,10,10,0,0,0,0,0,0,0,0,0,0,0,8,9,9,9,9,10,11,12,12,12,13,13,13,14,14,14,14,15,15,15,15,16,16,16,16,16,0,31,32,31,30,30,29,28,27,26,27,27,26,25,25,26,26,26,25,25,25,24,23,22,21,20,20,18,17,0,0,0,0,0,0,0,13,13,15,15,17,18,20,20,21,22,23,24,24,25,25,26,26,27,27,28,28,30,30,30,31,31,32,31
20260729_152303_3a4d7f,1785335222741681,1857921835,0,0,0,-52,128,0,17,17,17,17,16,15,16,15,15,15,15,14,14,15,15,15,15,14,14,13,13,13,12,12,11,10,0,0,0,0,0,0,0,0,0,0,0,8,9,10,10,11,12,13,12,13,13,13,14,14,14,14,15,15,16,15,16,16,17,17,17,17,17,0,32,31,31,31,29,29,29,27,27,27,27,26,27,27,27,26,26,26,26,25,24,23,23,22,21,21,19,18,0,0,0,0,0,0,0,14,15,16,16,18,19,20,21,22,23,24,25,25,26,26,27,27,28,28,29,29,30,30,31,31,32,32,32
20260729_152303_3a4d7f,1785335222842770,1858022833,0,0,0,-52,128,0,16,16,16,16,15,15,14,14,14,14,14,13,13,13,13,13,13,13,13,12,12,11,11,10,10,10,0,0,0,0,0,0,0,0,0,0,0,7,8,9,9,10,10,11,11,12,12,12,13,14,13,14,14,14,15,15,16,16,16,16,16,16,16,0,32,30,31,31,30,29,27,28,27,27,27,26,26,26,27,26,26,25,25,24,24,22,22,21,20,20,19,19,0,0,0,0,0,0,0,12,13,14,16,17,19,19,20,21,23,23,24,25,26,27,26,27,27,28,28,30,30,30,31,32,31,32,32
20260729_152303_3a4d7f,1785335222941616,1858126175,0,0,0,-52,128,0,17,16,17,16,15,16,15,15,15,14,14,14,14,14,14,14,14,14,13,13,13,12,11,11,11,10,0,0,0,0,0,0,0,0,0,0,0,8,9,9,10,10,11,11,11,12,13,13,13,13,14,14,14,15,15,16,16,16,16,17,17,17,17,0,63,62,62,61,60,59,57,55,55,55,55,54,51,51,52,52,52,52,51,48,48,46,44,43,40,39,38,38,0,0,0,0,0,0,0,25,28,29,31,33,36,38,41,43,45,47,47,51,50,51,51,52,55,55,56,59,59,61,61,63,64,64,63
20260729_152303_3a4d7f,1785335223037769,1858218300,0,0,0,-52,128,0,17,18,17,17,17,16,16,16,16,15,15,15,15,15,14,14,14,14,14,13,13,13,13,12,11,11,0,0,0,0,0,0,0,0,0,0,0,8,9,10,10,11,11,12,12,13,13,13,14,14,15,15,16,16,16,16,16,16,18,16,17,17,18,0,32,32,32,31,30,31,29,28,28,27,28,27,26,27,26,26,26,26,25,25,24,24,22,22,21,21,19,19,0,0,0,0,0,0,0,13,14,15,17,17,18,19,21,22,23,24,24,26,25,26,28,28,27,28,28,29,30,31,32,31,33,33,33
20260729_152303_3a4d7f,1785335223130011,1858312853,0,0,0,-52,128,0,17,16,17,16,16,15,15,14,14,14,14,14,14,14,13,13,13,13,13,13,13,12,11,11,11,11,0,0,0,0,0,0,0,0,0,0,0,9,9,9,10,10,11,12,12,12,13,13,14,14,14,14,14,14,15,15,15,16,16,16,17,17,17,0,64,61,63,59,59,58,59,54,54,53,55,52,53,53,52,52,50,51,50,49,48,46,43,42,42,39,38,38,0,0,0,0,0,0,0,26,29,31,33,35,37,39,42,45,46,47,48,50,51,52,53,53,54,57,56,59,59,61,61,61,63,63,64
20260729_152303_3a4d7f,1785335223227303,1858412685,0,0,0,-52,128,0,17,17,16,16,16,15,15,15,15,15,15,14,14,15,14,14,14,14,13,13,13,13,13,11,11,11,0,0,0,0,0,0,0,0,0,0,0,9,9,9,10,11,11,12,12,14,14,14,14,14,14,15,14,15,15,15,16,16,17,17,17,17,17,0,64,64,61,61,61,59,58,58,56,56,55,55,53,53,53,52,53,52,52,50,48,46,46,43,42,42,39,38,0,0,0,0,0,0,0,28,29,31,34,35,38,42,43,44,47,50,49,50,52,54,55,55,57,56,59,59,60,61,61,63,63,64,64
20260729_152303_3a4d7f,1785335223345857,1858529696,0,0,0,-52,128,0,16,16,16,16,15,15,15,14,14,13,13,13,13,13,13,13,13,13,13,12,12,11,11,11,10,10,0,0,0,0,0,0,0,0,0,0,0,7,7,9,9,10,10,11,11,12,12,13,13,14,13,14,14,14,14,15,15,15,16,16,16,16,16,0,64,60,63,58,60,59,56,55,54,53,54,52,52,53,50,53,50,51,50,47,47,45,42,42,40,40,35,37,0,0,0,0,0,0,0,25,28,29,31,34,36,38,42,42,44,46,46,49,51,51,53,55,53,57,54,60,58,60,62,59,63,63,65
20260729_152303_3a4d7f,1785335223449106,1858633601,0,0,0,-52,128,0,16,16,16,16,14,15,14,14,14,13,13,13,12,13,13,13,13,12,12,11,12,11,10,10,10,10,0,0,0,0,0,0,0,0,0,0,0,8,8,9,9,9,10,11,12,12,12,13,13,13,13,14,14,14,15,15,15,15,15,16,16,17,16,0,30,31,29,30,28,28,26,26,26,28,26,25,25,25,25,24,24,25,25,24,21,22,21,20,19,20,17,19,0,0,0,0,0,0,0,12,14,15,15,16,18,18,21,20,23,23,22,25,25,25,27,26,27,27,28,30,29,29,30,30,30,30,30
20260729_152303_3a4d7f,1785335223555462,1858735379,0,0,0,-52,128,0,17,16,17,16,16,16,15,15,15,15,15,14,14,15,14,15,14,14,14,13,13,13,12,12,11,11,0,0,0,0,0,0,0,0,0,0,0,8,9,10,10,11,12,12,13,13,13,13,14,14,14,14,15,15,15,16,16,16,16,17,17,17,17,0,31,33,31,31,28,30,29,29,28,29,28,27,26,26,27,27,26,25,25,24,25,23,23,21,21,20,20,18,0,0,0,0,0,0,0,14,14,15,17,18,19,21,21,22,23,24,25,25,27,27,27,27,29,29,30,29,30,31,31,33,32,33,31
20260729_152303_3a4d7f,1785335223637050,1858820318,0,0,0,-52,128,0,18,17,17,16,17,16,16,16,15,14,15,15,14,14,14,14,14,14,13,13,13,13,12,12,11,11,0,0,0,0,0,0,0,0,0,0,0,9,9,10,10,11,12,12,13,13,14,14,14,14,15,15,15,16,16,16,17,17,17,16,17,17,18,0,62,64,62,60,58,59,58,55,55,55,54,52,53,52,51,51,52,50,50,49,46,45,44,43,41,39,38,37,0,0,0,0,0,0,0,26,29,29,32,35,37,40,41,43,46,47,49,50,50,52,53,52,57,56,57,58,60,60,62,62,63,63,64
20260729_152303_3a4d7f,1785335223752518,1858935156,0,0,0,-52,128,0,16,16,16,15,14,14,14,13,13,13,13,13,12,13,13,13,13,12,12,12,12,11,11,10,9,9,0,0,0,0,0,0,0,0,0,0,0,7,8,9,9,9,10,11,11,11,12,12,13,13,13,13,13,14,14,14,15,15,16,16,16,16,16,0,61,64,59,61,59,59,56,55,52,55,53,52,51,50,52,50,50,49,50,47,47,43,45,42,40,37,38,36,0,0,0,0,0,0,0,26,28,29,32,35,37,40,42,45,46,48,51,51,50,50,52,53,55,54,57,59,60,60,62,64,64,64,62
20260729_152303_3a4d7f,1785335223844806,1859025040,0,0,0,-52,128,0,16,16,16,16,16,15,15,14,14,14,14,14,13,13,13,13,13,13,13,13,11,11,11,10,10,10,0,0,0,0,0,0,0,0,0,0,0,7,8,8,9,9,11,11,11,12,13,13,13,13,13,14,14,14,14,15,15,15,16,16,16,16,16,0,64,61,62,59,60,58,57,56,53,54,53,52,51,52,50,52,51,50,48,48,46,44,43,41,40,40,37,36,0,0,0,0,0,0,0,25,28,29,32,33,37,38,42,42,46,47,48,50,51,50,53,54,53,55,55,59,59,60,62,61,62,64,64
20260729_152303_3a4d7f,1785335223927110,1859111206,0,0,0,-52,128,0,17,17,17,17,16,16,15,15,15,15,15,14,14,14,15,14,13,13,13,13,13,12,11,11,11,11,0,0,0,0,0,0,0,0,0,0,0,8,9,10,10,11,11,12,13,13,14,14,14,14,14,14,15,15,15,16,16,17,17,17,17,17,18,0,64,64,64,62,60,58,58,55,58,58,56,52,55,52,52,53,51,51,53,48,49,38,44,42,41,40,37,37,0,0,0,0,0,0,0,26,29,30,33,36,39,40,43,45,46,48,51,51,52,51,54,54,56,57,57,59,60,60,62,64,65,65,64
20260729_152303_3a4d7f,1785335224086642,1859267300,0,0,0,-52,128,0,15,15,16,15,15,14,14,15,14,14,14,14,13,13,13,13,13,13,13,12,13,11,11,11,10,10,0,0,0,0,0,0,0,0,0,0,0,8,9,9,9,10,11,11,12,12,12,12,13,13,13,13,14,14,14,15,16,15,16,15,16,16,16,0,31,31,30,29,29,29,29,28,27,27,27,26,27,26,26,26,25,25,25,25,23,23,22,21,21,20,18,19,0,0,0,0,0,0,0,13,14,15,15,17,19,20,21,22,23,23,25,25,25,25,26,26,28,28,28,29,30,31,30,31,32,32,32
20260729_152303_3a4d7f,1785335224134115,1859319212,0,0,0,-52,128,0,17,17,17,16,16,16,15,15,15,15,15,15,15,15,14,15,14,14,14,13,13,12,12,12,12,11,0,0,0,0,0,0,0,0,0,0,0,9,9,9,10,11,12,12,13,13,13,14,14,14,15,15,15,16,15,16,16,16,17,16,17,17,18,0,32,33,31,32,30,30,29,28,27,28,28,28,25,26,28,26,26,25,26,24,25,25,23,22,21,20,19,20,0,0,0,0,0,0,0,14,15,16,16,18,19,20,22,23,23,24,25,25,26,26,27,26,29,28,29,28,30,31,32,33,33,33,33
20260729_152303_3a4d7f,1785335224262889,1859442970,0,0,0,-52,128,0,17,17,17,16,16,16,15,15,15,15,15,14,15,15,15,15,14,14,14,14,13,13,12,12,12,11,0,0,0,0,0,0,0,0,0,0,0,9,9,10,11,11,12,13,12,13,13,14,14,14,14,15,15,15,15,16,16,16,17,16,17,17,17,0,32,32,31,31,29,29,28,28,28,29,28,27,27,27,27,26,27,26,25,24,24,23,22,21,20,20,19,19,0,0,0,0,0,0,0,14,14,15,17,18,19,20,21,23,23,25,25,25,25,26,26,27,28,28,28,29,29,30,31,32,31,32,32
20260729_152303_3a4d7f,1785335224343771,1859528921,0,0,0,-52,128,0,17,17,17,17,16,16,16,15,15,15,15,14,14,14,14,14,14,15,14,13,13,12,12,11,11,11,0,0,0,0,0,0,0,0,0,0,0,9,10,10,11,11,11,12,12,13,13,14,14,14,15,15,15,15,16,16,16,16,17,17,17,17,18,0,32,31,31,31,30,30,29,28,28,28,28,27,27,27,27,27,26,26,25,25,25,23,22,22,21,21,19,20,0,0,0,0,0,0,0,14,14,16,17,18,19,20,21,22,23,24,25,25,26,27,27,28,28,29,29,30,31,30,32,32,32,33,33
20260729_152303_3a4d7f,1785335224448755,1859629614,0,0,0,-52,128,0,16,16,16,15,14,14,14,14,14,14,13,13,13,13,13,13,13,13,13,12,12,12,11,11,9,9,0,0,0,0,0,0,0,0,0,0,0,7,8,9,9,9,11,11,11,12,13,13,13,14,14,14,14,14,14,15,15,15,15,15,17,16,17,0,62,61,62,58,61,59,58,54,53,53,53,54,51,53,51,51,50,50,49,47,46,45,43,41,40,40,37,37,0,0,0,0,0,0,0,25,27,29,32,33,37,38,40,43,45,48,48,48,50,51,52,54,53,56,56,59,59,59,61,61,62,64,63
20260729_152303_3a4d7f,1785335224555561,1859738832,0,0,0,-52,128,0,16,16,16,16,15,15,15,14,14,14,14,14,14,13,13,13,13,13,13,12,12,12,11,11,11,11,0,0,0,0,0,0,0,0,0,0,0,8,8,9,10,10,11,11,12,12,13,13,14,13,14,13,14,14,14,14,15,15,15,16,16,17,16,0,62,63,62,61,59,58,55,56,54,57,54,53,51,51,53,53,51,50,50,49,48,46,45,43,41,38,39,37,0,0,0,0,0,0,0,25,28,30,32,35,35,39,40,44,47,47,49,50,51,52,53,53,55,56,58,57,58,60,62,64,62,64,63
20260729_152303_3a4d7f,1785335224627824,1859811732,0,0,0,-52,128,0,17,16,16,16,16,16,14,14,14,14,14,13,13,13,13,14,13,13,13,13,12,12,12,11,11,10,0,0,0,0,0,0,0,0,0,0,0,8,8,8,9,10,11,11,12,13,13,13,14,14,13,14,14,14,14,15,15,16,17,17,17,17,17,0,64,61,63,60,61,59,57,56,55,54,56,53,54,54,52,53,50,53,52,49,48,46,43,43,40,42,36,38,0,0,0,0,0,0,0,25,27,30,33,34,36,39,42,44,46,47,48,51,51,51,54,54,54,57,57,60,58,60,61,61,62,64,64
20260729_152303_3a4d7f,1785335224727228,1859912367,0,0,0,-52,128,0,16,16,16,16,15,15,15,14,14,14,14,14,14,13,13,13,13,13,13,13,12,12,12,11,10,9,0,0,0,0,0,0,0,0,0,0,0,7,8,9,9,10,10,11,11,11,13,12,13,13,13,13,14,13,15,14,15,15,16,16,16,16,16,0,62,62,60,60,59,59,56,55,55,56,54,52,52,51,52,51,52,50,51,48,47,44,45,43,41,40,38,37,0,0,0,0,0,0,0,26,27,29,31,34,37,40,41,43,44,47,49,50,50,51,52,52,55,53,56,57,58,60,60,62,64,63,63
20260729_152303_3a4d7f,1785335224838831,1860019594,0,0,0,-52,128,0,16,15,16,16,16,15,14,15,14,14,14,14,13,13,13,13,13,13,13,12,12,11,11,11,10,10,0,0,0,0,0,0,0,0,0,0,0,7,8,9,9,9,10,11,11,12,13,13,13,13,14,14,14,15,15,15,16,16,16,16,16,16,16,0,30,31,30,30,29,29,28,28,27,28,27,27,26,25,27,26,26,25,26,25,24,22,22,22,21,19,19,18,0,0,0,0,0,0,0,12,14,14,15,17,18,20,21,22,22,23,25,25,25,25,25,25,28,28,27,28,30,30,29,31,32,31,31
20260729_152303_3a4d7f,1785335224939616,1860120840,0,0,0,-52,128,0,16,16,16,16,15,15,14,14,14,14,14,13,13,13,13,13,13,13,13,13,12,12,11,11,10,10,0,0,0,0,0,0,0,0,0,0,0,7,8,9,9,10,10,11,12,12,12,13,13,13,13,14,14,14,14,15,15,15,16,16,16,16,16,0,31,31,30,32,30,29,28,29,26,27,27,27,25,25,25,25,25,25,24,22,23,22,22,19,20,19,19,18,0,0,0,0,0,0,0,12,13,14,15,17,18,19,20,21,22,23,22,27,26,26,25,29,27,27,29,27,30,30,30,28,31,31,31
20260729_152303_3a4d7f,1785335225039844,1860223642,0,0,0,-52,128,0,17,17,16,16,16,16,15,15,15,15,14,14,14,13,14,14,13,13,13,13,13,13,12,11,11,11,0,0,0,0,0,0,0,0,0,0,0,8,9,9,10,11,11,11,12,13,13,13,14,14,14,14,14,15,15,15,16,16,16,16,17,17,17,0,62,63,63,61,60,60,57,57,55,55,55,52,52,52,53,53,52,52,52,49,47,46,45,43,41,39,38,37,0,0,0,0,0,0,0,27,27,31,33,35,37,40,41,45,46,48,50,51,52,52,53,55,55,57,57,59,60,62,61,63,63,64,65
20260729_152303_3a4d7f,1785335225135112,1860317767,0,0,0,-52,128,0,17,16,17,16,16,15,15,15,15,15,15,15,14,14,14,14,14,14,14,14,13,13,12,12,11,11,0,0,0,0,0,0,0,0,0,0,0,8,9,9,10,11,12,12,13,13,13,14,14,14,14,15,15,15,15,16,16,16,16,16,17,17,17,0,32,32,31,30,30,29,29,28,28,28,27,27,27,27,26,26,27,25,25,26,25,23,22,23,21,21,20,19,0,0,0,0,0,0,0,14,15,16,17,18,19,20,22,22,24,25,25,25,26,27,28,28,28,29,29,29,30,30,31,31,31,32,32
20260729_152303_3a4d7f,1785335225235584,1860417344,0,0,0,-52,128,0,17,16,16,16,15,15,15,14,14,14,14,13,13,13,13,13,13,13,12,12,12,11,11,10,10,10,0,0,0,0,0,0,0,0,0,0,0,7,8,9,9,9,10,11,12,12,12,13,13,13,13,14,14,14,14,15,15,15,16,16,16,16,17,0,30,29,29,29,28,28,27,27,26,27,27,26,25,25,25,25,25,24,25,23,23,22,21,20,19,18,18,18,0,0,0,0,0,0,0,12,13,14,15,16,18,18,20,21,22,23,23,24,24,26,25,26,27,27,27,28,29,29,29,30,30,30,31
20260729_152303_3a4d7f,1785335225341482,1860522082,0,0,0,-52,128,0,16,16,16,16,16,16,16,14,14,14,14,14,13,13,14,14,14,14,14,13,13,11,11,11,11,11,0,0,0,0,0,0,0,0,0,0,0,8,9,9,9,11,11,12,12,13,13,13,13,14,14,14,15,15,15,16,16,16,16,16,16,16,17,0,63,62,62,60,59,59,58,55,57,54,55,54,52,55,52,54,50,53,51,47,46,45,44,45,43,42,38,36,0,0,0,0,0,0,0,26,28,31,33,34,37,39,41,45,45,49,48,50,50,51,53,56,56,57,57,58,59,61,63,61,62,64,65
20260729_152303_3a4d7f,1785335225430068,1860613078,0,0,0,-52,128,0,18,18,18,17,17,17,16,16,15,15,16,15,16,15,15,16,15,14,15,13,13,13,13,13,12,12,0,0,0,0,0,0,0,0,0,0,0,9,9,10,11,12,12,13,13,13,14,14,15,15,16,15,15,15,17,16,16,17,18,18,17,18,18,0,66,64,62,60,62,60,56,56,58,53,54,57,54,57,52,52,51,52,51,50,49,47,45,43,43,42,37,38,0,0,0,0,0,0,0,28,29,31,34,34,38,41,42,44,48,50,50,52,51,51,56,54,59,56,58,61,64,56,63,60,61,64,67
20260729_152303_3a4d7f,1785335225534802,1860717958,0,0,0,-52,128,0,16,16,16,16,16,15,15,15,13,14,14,14,14,13,13,13,13,13,13,12,12,12,12,11,10,9,0,0,0,0,0,0,0,0,0,0,0,7,8,9,10,10,10,11,11,12,12,13,13,13,13,13,14,14,15,15,16,16,16,16,16,16,16,0,64,64,59,61,59,59,57,57,55,56,53,54,52,52,52,51,51,49,49,48,47,44,44,41,41,39,38,36,0,0,0,0,0,0,0,26,29,29,32,35,36,39,39,44,46,47,49,48,52,52,53,54,55,55,57,58,59,60,60,62,62,64,64
20260729_152303_3a4d7f,1785335225626019,1860811570,0,0,0,-52,128,0,16,16,16,16,16,15,14,14,14,14,14,14,13,14,13,13,13,13,13,13,12,11,11,10,10,10,0,0,0,0,0,0,0,0,0,0,0,7,8,8,9,10,11,11,11,12,12,13,13,13,14,14,14,14,14,15,15,16,16,16,16,16,16,0,61,63,62,60,57,59,57,55,54,56,54,51,51,52,53,51,51,51,50,47,47,45,45,42,39,39,38,36,0,0,0,0,0,0,0,26,28,29,32,35,37,39,40,43,45,45,49,50,51,52,52,51,55,53,57,59,60,60,61,62,63,64,62
20260729_152303_3a4d7f,1785335225726214,1860911875,0,0,0,-52,128,0,17,17,17,17,16,16,16,15,15,15,15,15,15,15,15,15,15,15,14,14,14,13,13,12,12,11,0,0,0,0,0,0,0,0,0,0,0,9,9,10,10,11,12,13,12,13,13,14,14,14,14,15,15,15,16,16,16,17,17,17,17,17,18,0,31,31,31,30,29,29,28,28,27,27,27,25,27,26,27,27,26,25,26,25,24,23,22,22,21,20,19,19,0,0,0,0,0,0,0,13,15,15,16,17,19,19,21,22,23,23,23,25,26,26,26,26,27,28,28,29,30,30,30,31,31,32,32
20260729_152303_3a4d7f,1785335225831124,1861013353,0,0,0,-52,128,0,17,17,17,16,16,16,16,15,15,15,15,15,14,15,14,15,14,14,14,13,13,13,12,12,11,11,0,0,0,0,0,0,0,0,0,0,0,8,9,10,10,11,11,12,13,13,14,14,14,14,15,15,15,15,15,16,16,17,17,17,17,17,17,0,32,33,31,31,30,30,30,29,28,27,27,28,28,28,26,27,26,26,25,25,24,24,23,22,21,21,19,19,0,0,0,0,0,0,0,13,14,16,17,18,19,20,21,23,23,24,25,25,25,28,27,28,28,29,29,31,31,31,32,31,32,32,32
20260729_152303_3a4d7f,1785335225930258,1861111656,0,0,0,-52,128,0,17,17,16,17,15,16,16,16,15,15,15,14,14,14,14,14,14,14,14,14,14,12,12,12,11,11,0,0,0,0,0,0,0,0,0,0,0,8,8,10,10,11,11,12,12,13,14,13,14,14,14,14,16,15,16,16,16,17,17,17,17,17,17,0,64,63,63,61,61,60,57,56,56,55,55,54,54,53,52,54,52,52,51,50,48,48,45,43,43,42,38,39,0,0,0,0,0,0,0,27,29,31,33,35,38,40,42,44,47,48,49,51,52,53,54,55,55,57,57,59,61,62,62,62,64,64,64
20260729_152303_3a4d7f,1785335226030648,1861211872,0,0,0,-52,128,0,16,16,17,15,15,15,14,14,14,14,14,14,13,14,13,14,13,13,13,13,13,12,11,11,11,11,0,0,0,0,0,0,0,0,0,0,0,7,9,9,9,11,10,11,12,12,13,13,14,14,14,14,14,14,14,15,16,16,16,16,17,17,17,0,64,63,61,62,58,56,59,56,55,54,53,53,53,54,52,52,52,52,50,48,48,46,42,41,41,41,38,37,0,0,0,0,0,0,0,25,27,29,30,34,37,38,41,43,45,45,47,49,50,51,52,54,54,56,58,58,57,61,60,63,64,64,60
20260729_152303_3a4d7f,1785335226130277,1861311668,0,0,0,-52,128,0,17,17,16,16,16,16,16,15,15,15,15,14,14,14,14,14,14,14,14,13,13,13,13,12,11,11,0,0,0,0,0,0,0,0,0,0,0,8,9,9,10,10,11,12,12,13,13,14,14,14,14,14,15,15,15,16,16,16,17,17,17,17,17,0,63,64,60,61,59,60,57,56,55,56,55,53,53,52,54,54,52,53,51,48,49,46,46,43,42,40,39,38,0,0,0,0,0,0,0,26,28,30,32,35,37,39,41,44,45,47,49,51,51,52,52,53,57,56,58,58,59,61,61,63,63,63,64
20260729_152303_3a4d7f,1785335226229974,1861412718,0,0,0,-52,128,0,16,16,16,15,15,15,15,15,14,14,14,13,13,13,13,14,13,13,13,13,12,11,11,10,10,10,0,0,0,0,0,0,0,0,0,0,0,8,8,9,10,11,10,11,11,12,12,13,13,13,14,14,14,14,15,15,15,16,16,16,16,17,17,0,31,31,31,30,30,29,29,28,27,27,27,26,25,26,26,26,25,26,25,24,23,23,22,21,21,20,18,17,0,0,0,0,0,0,0,12,14,14,15,17,18,20,21,21,22,23,24,25,25,25,27,27,26,27,28,29,29,30,31,30,31,32,32
20260729_152303_3a4d7f,1785335226329238,1861511712,0,0,0,-52,128,0,16,16,16,16,15,15,15,14,14,14,14,13,13,13,13,13,13,13,13,12,12,11,11,10,10,10,0,0,0,0,0,0,0,0,0,0,0,7,8,8,9,10,10,11,12,12,13,13,13,13,14,14,14,14,15,15,15,15,16,16,16,17,16,0,31,30,30,30,29,28,28,28,27,27,27,26,25,25,25,25,25,25,25,25,24,23,21,20,20,19,18,18,0,0,0,0,0,0,0,12,13,15,16,16,18,19,20,21,23,23,23,25,25,25,26,27,27,28,27,28,29,29,30,31,31,31,31
20260729_152303_3a4d7f,1785335226428437,1861611755,0,0,0,-52,128,0,16,17,16,16,16,16,15,15,14,14,14,14,14,14,14,13,13,14,13,13,13,12,12,12,11,11,0,0,0,0,0,0,0,0,0,0,0,8,9,9,9,10,10,12,12,13,13,13,13,13,13,13,14,15,15,15,16,16,16,16,16,16,16,0,62,62,64,60,59,56,55,56,54,56,54,53,52,51,52,51,51,51,50,49,48,45,45,42,42,39,38,38,0,0,0,0,0,0,0,25,27,29,31,33,36,38,40,42,45,47,48,50,50,52,52,53,55,54,58,58,58,60,60,61,62,62,62
20260729_152303_3a4d7f,1785335226528742,1861711834,0,0,0,-52,128,0,16,16,15,16,15,15,14,14,14,14,14,13,13,13,13,13,13,13,13,13,12,11,11,11,10,10,0,0,0,0,0,0,0,0,0,0,0,7,8,9,9,10,10,11,11,12,13,13,13,13,13,13,14,13,15,14,15,15,16,16,16,16,16,0,62,63,60,59,58,57,57,55,54,54,52,53,52,52,51,52,51,51,50,47,47,47,44,42,41,40,38,37,0,0,0,0,0,0,0,25,27,29,31,34,36,38,39,43,44,46,48,48,50,50,52,54,54,55,55,56,58,60,61,62,62,63,62
20260729_152303_3a4d7f,1785335226629473,1861811802,0,0,0,-52,128,0,17,17,17,16,16,16,16,16,16,15,15,14,14,14,14,14,14,14,14,13,13,13,12,12,11,11,0,0,0,0,0,0,0,0,0,0,0,8,9,9,10,11,11,12,12,13,13,13,14,15,15,15,15,16,16,16,17,17,17,17,18,18,17,0,31,32,32,30,30,30,29,29,28,29,28,27,27,27,26,27,26,26,26,25,24,23,22,22,21,21,20,19,0,0,0,0,0,0,0,13,15,16,16,17,19,20,21,22,23,24,25,26,26,27,27,27,28,29,28,30,31,31,31,31,33,33,32
20260729_152303_3a4d7f,1785335226728730,1861911833,0,0,0,-52,128,0,18,18,16,16,16,16,16,16,16,15,15,15,14,14,14,14,14,13,14,13,13,13,13,12,11,11,0,0,0,0,0,0,0,0,0,0,0,8,9,10,11,11,12,13,12,13,14,14,14,15,15,15,15,16,16,16,16,17,17,17,17,18,18,0,33,32,31,30,31,31,29,29,28,28,28,28,28,27,27,27,26,26,26,25,25,24,23,22,21,21,19,19,0,0,0,0,0,0,0,13,15,15,17,17,19,20,22,22,23,24,25,26,26,27,27,27,28,29,29,30,31,31,31,32,32,33,33
20260729_152303_3a4d7f,1785335226829167,1862011619,0,0,0,-52,128,0,16,16,16,16,15,15,15,14,15,14,15,13,13,13,13,13,13,13,13,12,12,11,11,11,10,10,0,0,0,0,0,0,0,0,0,0,0,7,8,8,9,10,11,11,11,12,12,12,14,14,14,14,15,15,15,15,16,16,16,16,17,17,17,0,33,31,30,30,29,28,28,27,27,27,26,25,26,25,26,26,25,25,25,24,23,23,21,21,20,20,19,18,0,0,0,0,0,0,0,12,13,14,16,16,18,19,20,21,22,24,24,25,26,25,26,26,27,28,28,29,29,30,30,31,30,31,32
20260729_152303_3a4d7f,1785335226929664,1862111571,0,0,0,-52,128,0,16,16,16,16,15,15,15,15,15,14,14,14,14,14,14,14,14,13,13,13,13,12,12,10,10,11,0,0,0,0,0,0,0,0,0,0,0,7,8,9,9,10,10,10,12,12,13,13,13,13,13,13,14,14,15,15,16,16,16,17,17,17,17,0,63,61,61,60,59,58,56,54,53,55,55,52,51,52,52,52,50,51,50,48,47,46,43,44,41,40,38,37,0,0,0,0,0,0,0,24,27,29,31,33,35,38,41,43,44,47,48,49,51,50,51,53,54,56,55,59,58,59,60,63,61,62,63
20260729_152303_3a4d7f,1785335227030618,1862211870,0,0,0,-52,128,0,17,17,17,17,16,16,15,15,15,15,14,15,15,14,14,14,14,14,13,13,13,13,12,12,11,11,0,0,0,0,0,0,0,0,0,0,0,8,9,10,11,11,11,11,12,13,13,14,14,14,14,15,15,15,16,16,16,16,17,17,17,17,17,0,64,63,62,61,59,60,58,57,55,56,55,54,54,53,52,54,52,51,51,49,49,46,45,43,42,42,38,37,0,0,0,0,0,0,0,26,28,31,32,35,37,40,41,43,46,47,49,50,51,52,53,54,55,56,56,58,59,61,62,62,63,64,64
20260729_152303_3a4d7f,1785335227131537,1862311868,0,0,0,-52,128,0,17,17,17,17,17,16,16,16,16,16,15,15,15,14,14,14,14,14,14,14,13,13,13,12,11,11,0,0,0,0,0,0,0,0,0,0,0,9,9,9,11,11,11,11,13,13,13,14,14,15,15,15,15,15,16,16,16,16,18,17,18,18,17,0,63,65,63,61,60,60,58,57,55,56,54,55,55,53,53,51,53,50,51,49,49,47,45,44,42,40,39,38,0,0,0,0,0,0,0,28,30,30,33,36,37,40,41,43,47,48,50,51,52,51,55,54,54,57,57,59,60,61,62,63,63,65,64
20260729_152303_3a4d7f,1785335227228591,1862413126,0,0,0,-52,128,0,16,16,16,16,15,15,15,14,14,14,14,13,13,14,14,14,14,13,13,13,12,12,12,11,11,9,0,0,0,0,0,0,0,0,0,0,0,7,8,9,10,10,11,11,11,12,12,12,13,13,13,14,14,14,14,15,15,16,16,16,16,16,17,0,31,31,31,30,29,29,29,27,27,27,26,26,27,26,25,26,25,26,24,24,23,23,21,21,20,19,19,18,0,0,0,0,0,0,0,12,14,15,16,17,19,19,21,22,22,23,24,24,24,25,26,26,27,27,28,29,30,30,30,30,31,31,32
20260729_152303_3a4d7f,1785335227328240,1862513327,0,0,0,-52,128,0,17,17,17,15,17,15,15,15,15,15,14,14,14,14,14,15,14,14,14,13,13,12,12,12,11,11,0,0,0,0,0,0,0,0,0,0,0,8,9,9,10,10,11,12,12,13,13,13,13,14,15,15,15,16,15,16,16,16,16,16,17,17,17,0,64,62,62,60,59,60,58,57,55,56,54,52,52,53,52,52,52,51,50,48,47,45,43,42,41,41,39,37,0,0,0,0,0,0,0,25,28,30,33,35,36,39,41,44,46,48,49,51,51,51,52,52,55,56,57,56,59,61,61,63,63,63,64
20260729_152303_3a4d7f,1785335227433415,1862613773,0,0,0,-52,128,0,17,17,17,16,16,16,15,15,15,15,15,14,14,15,15,15,14,14,14,14,13,13,13,12,12,12,0,0,0,0,0,0,0,0,0,0,0,8,9,10,11,11,12,13,13,13,13,14,14,14,14,15,15,15,15,16,16,16,17,17,17,17,17,0,32,32,31,30,30,30,29,28,28,28,28,27,27,26,27,26,26,26,26,25,24,23,22,22,21,20,20,19,0,0,0,0,0,0,0,14,15,17,16,18,18,21,22,23,23,24,25,26,26,27,26,27,29,29,29,29,30,30,30,32,32,32,32
20260729_152303_3a4d7f,1785335227527082,1862710847,0,0,0,-52,128,0,17,17,17,17,16,16,16,15,15,15,15,15,14,14,14,14,14,14,14,13,13,12,12,12,11,11,0,0,0,0,0,0,0,0,0,0,0,9,9,10,10,11,11,12,13,13,14,14,14,14,14,15,15,15,16,16,16,16,17,17,17,17,18,0,32,31,31,31,30,30,28,29,28,28,28,26,27,26,27,26,26,26,26,24,24,23,23,22,20,20,20,19,0,0,0,0,0,0,0,13,15,16,16,18,19,20,22,23,23,24,25,26,26,25,26,27,28,29,29,29,31,31,31,31,32,32,32
20260729_152303_3a4d7f,1785335227630976,1862811418,0,0,0,-52,128,0,17,16,16,15,16,15,15,14,14,14,14,13,13,13,13,13,13,14,13,13,12,11,11,10,10,10,0,0,0,0,0,0,0,0,0,0,0,8,8,9,9,9,10,11,11,12,12,13,13,13,13,14,14,15,14,15,15,15,16,16,17,17,17,0,30,30,30,30,28,28,27,27,26,27,26,25,24,25,25,25,25,25,24,24,23,22,22,20,19,19,18,17,0,0,0,0,0,0,0,13,13,14,15,17,18,18,19,21,21,23,23,24,25,25,25,26,27,27,28,28,29,29,30,30,30,31,31
20260729_152303_3a4d7f,1785335227730701,1862911809,0,0,0,-52,128,0,16,16,16,16,15,15,15,14,15,15,14,14,13,13,14,13,14,14,13,13,13,13,12,11,11,11,0,0,0,0,0,0,0,0,0,0,0,8,9,9,9,11,11,12,12,13,13,13,13,14,14,14,15,15,16,16,16,16,16,16,16,16,16,0,62,63,62,60,60,59,57,56,55,54,55,53,52,53,53,53,51,52,51,49,48,44,43,44,41,41,38,37,0,0,0,0,0,0,0,27,28,31,33,35,38,39,42,45,45,48,49,50,51,52,53,54,55,57,56,59,61,61,61,63,64,65,63
20260729_152303_3a4d7f,1785335227830875,1863011934,0,0,0,-52,128,0,17,17,17,16,16,16,15,15,15,14,14,13,13,14,14,14,13,13,13,13,13,12,12,12,11,10,0,0,0,0,0,0,0,0,0,0,0,8,9,9,10,11,11,12,13,13,13,13,13,14,14,14,14,15,15,15,16,16,16,16,16,17,17,0,66,62,62,61,60,59,58,56,55,55,54,54,53,52,51,52,52,52,50,49,47,46,44,43,41,40,37,37,0,0,0,0,0,0,0,24,29,31,33,34,37,40,42,44,46,48,50,50,51,53,53,54,55,55,56,60,61,61,63,62,64,64,64
20260729_152303_3a4d7f,1785335227928526,1863113718,0,0,0,-52,128,0,16,16,16,16,15,15,15,14,14,14,14,13,13,13,13,13,13,12,12,12,12,11,11,10,10,10,0,0,0,0,0,0,0,0,0,0,0,7,8,8,9,10,10,11,12,12,13,13,13,13,14,14,15,14,15,15,15,15,16,16,16,17,17,0,32,31,30,30,29,29,28,27,27,27,27,26,26,26,26,25,25,25,24,23,24,22,21,20,19,19,18,18,0,0,0,0,0,0,0,13,14,15,16,16,18,19,21,21,23,23,24,25,26,25,26,26,28,28,28,28,29,30,30,30,31,31,32
20260729_152303_3a4d7f,1785335228027030,1863211713,0,0,0,-52,128,0,16,17,16,17,15,16,16,14,15,16,15,14,14,14,14,14,14,14,13,13,13,12,12,12,12,11,0,0,0,0,0,0,0,0,0,0,0,9,9,10,10,11,12,13,13,13,13,13,13,14,14,14,15,15,15,15,16,16,16,17,16,17,17,0,32,32,31,31,30,31,29,27,29,28,28,27,27,28,27,27,26,25,25,25,24,23,23,21,22,21,20,18,0,0,0,0,0,0,0,14,15,16,17,17,19,21,22,23,23,25,24,26,27,27,27,28,28,30,29,30,31,31,31,32,33,32,33
20260729_152303_3a4d7f,1785335228125954,1863311682,0,0,0,-52,128,0,17,17,17,16,16,16,16,16,15,15,15,15,15,15,14,14,14,13,13,13,13,13,11,11,11,11,0,0,0,0,0,0,0,0,0,0,0,9,9,9,10,11,12,12,13,13,14,14,14,14,15,15,15,16,15,16,16,17,17,17,17,18,17,0,31,31,31,29,30,29,29,27,28,27,27,26,27,27,25,26,26,25,22,25,23,26,22,21,21,20,19,19,0,0,0,0,0,0,0,13,15,16,16,17,19,20,21,22,23,24,24,25,25,26,26,27,27,28,28,30,29,30,30,29,32,31,31
20260729_152303_3a4d7f,1785335228229748,1863411708,0,0,0,-52,128,0,17,16,16,16,16,15,15,14,14,15,14,14,14,13,14,14,13,14,13,13,13,12,12,11,11,11,0,0,0,0,0,0,0,0,0,0,0,7,9,9,10,10,11,12,12,13,14,14,14,14,14,14,15,15,15,16,16,16,16,17,17,17,17,0,64,65,61,63,58,59,56,56,55,57,55,52,51,51,53,52,52,50,50,49,47,45,45,42,42,39,38,36,0,0,0,0,0,0,0,27,28,30,32,35,36,40,42,43,47,48,50,51,52,51,53,53,56,54,58,57,59,59,61,64,64,64,62
20260729_152303_3a4d7f,1785335228330847,1863512153,0,0,0,-52,128,0,17,16,16,16,16,15,15,15,14,14,14,13,14,14,14,14,13,13,13,13,12,12,12,11,11,11,0,0,0,0,0,0,0,0,0,0,0,8,8,9,10,11,11,12,12,13,13,13,13,14,14,14,14,15,15,15,15,16,16,16,17,17,17,0,31,31,30,31,29,29,28,28,27,28,27,26,25,25,27,25,26,25,26,24,23,22,22,21,21,18,19,18,0,0,0,0,0,0,0,13,14,15,16,17,18,20,21,22,22,23,25,25,25,26,26,26,28,27,28,28,29,30,30,31,32,32,31
20260729_152303_3a4d7f,1785335228429080,1863611596,0,0,0,-52,128,0,17,17,16,16,16,16,15,15,15,14,14,14,14,13,14,14,14,14,14,12,12,12,11,11,10,10,0,0,0,0,0,0,0,0,0,0,0,8,9,9,10,11,10,11,12,12,13,13,14,14,14,14,15,15,15,15,16,16,16,16,17,17,17,0,32,31,32,31,30,30,29,28,28,28,28,27,27,27,26,27,26,27,26,25,24,23,22,22,21,20,19,19,0,0,0,0,0,0,0,13,14,16,17,17,19,20,21,23,23,24,25,25,26,27,27,28,27,28,28,30,30,31,31,31,31,33,32
20260729_152303_3a4d7f,1785335228529740,1863711219,0,0,0,-52,128,0,17,17,17,16,15,15,15,15,15,15,14,13,13,13,13,13,13,13,13,12,12,12,11,10,10,10,0,0,0,0,0,0,0,0,0,0,0,8,8,9,9,10,10,11,11,13,13,13,14,14,14,14,15,15,15,15,15,15,16,16,16,17,17,0,32,31,30,31,29,29,28,28,27,27,28,27,25,25,26,25,25,25,24,24,23,22,22,21,20,19,19,17,0,0,0,0,0,0,0,12,13,15,15,17,18,19,20,22,23,24,24,25,26,26,26,27,28,28,29,29,30,30,30,32,31,32,32
20260729_152303_3a4d7f,1785335228625428,1863810909,0,0,0,-52,128,0,18,18,17,17,16,16,16,16,15,15,15,15,15,15,15,14,14,14,14,14,13,13,12,12,12,11,0,0,0,0,0,0,0,0,0,0,0,9,9,10,11,11,11,12,13,13,13,14,14,15,15,15,16,16,16,16,16,17,17,18,18,18,18,0,66,64,64,61,61,60,57,57,56,56,55,54,54,56,52,54,51,52,51,50,48,48,45,42,42,42,38,38,0,0,0,0,0,0,0,26,30,31,33,36,38,41,42,44,48,48,48,50,52,53,55,57,56,57,57,61,59,62,64,62,64,66,65
20260729_152303_3a4d7f,1785335228726359,1863911886,0,0,0,-52,128,0,17,16,16,16,14,14,14,14,14,14,14,13,14,14,13,13,13,13,12,12,12,11,11,10,10,9,0,0,0,0,0,0,0,0,0,0,0,7,8,9,9,10,10,10,11,12,12,13,13,13,13,13,14,14,14,14,15,15,16,15,16,17,17,0,64,62,63,61,61,59,57,55,55,55,55,52,54,52,53,53,51,52,51,49,48,46,44,43,41,40,39,37,0,0,0,0,0,0,0,25,28,29,32,34,36,38,42,45,47,47,48,51,50,52,50,52,55,56,56,59,60,61,61,61,63,63,62
20260729_152303_3a4d7f,1785335228825795,1864011303,0,0,0,-52,128,0,18,17,17,17,17,16,16,15,15,15,15,15,14,15,14,14,14,14,13,13,13,12,12,12,11,11,0,0,0,0,0,0,0,0,0,0,0,9,9,9,10,10,11,12,12,13,13,14,14,14,14,15,15,15,15,16,16,17,17,17,17,17,17,0,31,31,31,30,30,29,28,27,27,27,27,27,26,26,25,26,25,25,25,25,24,22,21,21,20,20,19,18,0,0,0,0,0,0,0,12,14,15,16,17,19,19,20,22,23,24,24,25,25,26,26,26,27,28,28,29,30,30,31,31,32,32,32
20260729_152303_3a4d7f,1785335228926319,1864111760,0,0,0,-52,128,0,16,16,16,16,15,15,15,14,14,14,14,13,13,13,13,13,13,13,13,12,12,12,11,11,10,10,0,0,0,0,0,0,0,0,0,0,0,7,8,8,9,10,10,11,12,12,13,13,13,13,14,14,14,14,15,15,15,15,16,16,16,17,17,0,32,31,30,31,28,29,29,27,28,28,27,26,26,25,26,25,25,24,24,23,23,23,22,20,20,19,19,17,0,0,0,0,0,0,0,13,14,14,16,17,18,19,20,21,23,24,25,25,26,25,26,26,28,27,28,28,28,30,31,31,31,32,31
20260729_152303_3a4d7f,1785335229032118,1864214820,0,0,0,-52,128,0,17,17,17,16,16,16,16,16,15,15,15,15,15,15,14,14,14,14,14,13,13,13,12,12,11,11,0,0,0,0,0,0,0,0,0,0,0,8,9,9,11,12,12,12,13,13,14,14,14,14,14,14,15,15,16,17,17,17,17,17,17,18,17,0,64,64,63,61,60,59,58,57,55,57,54,55,54,54,53,53,52,50,50,49,48,47,46,43,42,41,38,37,0,0,0,0,0,0,0,27,28,30,34,36,37,41,42,44,47,48,50,50,52,52,53,54,55,57,57,59,61,61,62,63,63,64,63
20260729_152303_3a4d7f,1785335229147294,1864332946,0,0,0,-52,128,0,17,17,16,16,16,16,15,15,15,15,14,14,14,14,14,14,14,14,13,13,13,12,12,12,11,11,0,0,0,0,0,0,0,0,0,0,0,9,9,10,10,10,12,12,12,13,13,13,13,14,14,14,15,15,16,16,16,16,17,17,17,17,17,0,63,62,64,60,60,59,56,57,56,55,55,53,53,52,53,52,51,52,51,50,48,46,45,43,42,41,37,38,0,0,0,0,0,0,0,27,28,30,34,35,38,39,42,44,45,49,50,50,52,52,52,54,55,57,57,59,59,62,62,63,63,64,64
20260729_152303_3a4d7f,1785335229229342,1864415168,0,0,0,-52,128,0,17,17,17,17,16,16,15,15,15,15,15,14,14,15,16,15,15,14,14,14,13,12,12,12,11,10,0,0,0,0,0,0,0,0,0,0,0,8,9,10,11,11,12,12,12,13,13,14,14,14,14,15,16,15,16,17,16,17,16,17,17,18,18,0,32,33,31,32,31,29,28,27,28,27,28,28,26,28,25,27,26,25,25,26,23,23,23,22,21,22,19,20,0,0,0,0,0,0,0,13,15,16,17,18,19,20,22,22,23,25,24,25,26,27,25,29,27,30,29,28,28,33,31,32,31,33,33
20260729_152303_3a4d7f,1785335229329591,1864511793,0,0,0,-52,128,0,16,16,16,16,16,15,14,14,14,14,14,14,14,14,13,13,12,13,12,12,12,11,11,10,10,10,0,0,0,0,0,0,0,0,0,0,0,7,8,9,9,10,10,11,11,12,13,13,13,13,13,14,13,14,14,15,15,15,15,16,17,17,17,0,64,62,62,59,62,60,57,55,55,53,54,53,53,53,50,52,50,51,51,50,47,45,43,42,41,40,36,37,0,0,0,0,0,0,0,25,27,29,32,33,39,38,42,44,45,47,48,49,51,52,52,54,53,56,55,60,61,59,61,60,64,64,64
20260729_152303_3a4d7f,1785335229430196,1864611841,0,0,0,-52,128,0,16,16,15,15,15,15,14,14,14,14,14,13,13,13,13,13,13,12,12,12,11,11,11,10,10,9,0,0,0,0,0,0,0,0,0,0,0,6,8,8,9,9,10,11,11,12,12,13,13,13,13,13,14,14,14,14,15,15,16,16,16,16,16,0,32,30,31,30,29,30,28,27,27,27,27,26,26,26,26,25,25,25,25,24,23,22,21,21,20,19,18,17,0,0,0,0,0,0,0,12,13,14,16,16,17,19,20,22,22,24,24,25,25,25,26,26,27,28,27,29,29,29,31,31,31,32,31
20260729_152303_3a4d7f,1785335229530228,1864712092,0,0,0,-52,128,0,17,17,17,16,16,16,16,16,15,15,15,14,14,15,15,15,13,14,13,13,12,12,12,11,11,11,0,0,0,0,0,0,0,0,0,0,0,9,9,9,10,10,11,12,13,13,13,14,14,14,14,14,15,15,15,15,16,17,17,17,17,17,17,0,64,63,62,61,59,59,58,55,56,55,55,53,53,53,52,52,51,52,51,49,47,46,45,44,41,41,37,37,0,0,0,0,0,0,0,26,29,30,33,34,38,39,42,44,46,48,50,51,51,52,53,54,55,57,57,58,59,60,62,62,63,64,64
20260729_152303_3a4d7f,1785335229630598,1864814151,0,0,0,-52,128,0,17,17,17,17,16,16,16,16,16,15,15,14,15,14,14,15,14,14,14,13,13,13,12,12,11,11,0,0,0,0,0,0,0,0,0,0,0,8,9,10,10,11,12,12,13,13,13,13,14,14,14,15,16,16,16,16,16,16,17,16,16,18,18,0,31,31,31,29,30,30,28,28,28,27,27,26,26,27,26,26,25,26,25,25,23,23,22,21,20,20,19,18,0,0,0,0,0,0,0,13,14,15,16,17,18,19,21,22,23,24,23,25,26,26,26,27,27,28,28,29,30,30,30,30,32,31,32
20260729_152303_3a4d7f,1785335229728374,1864913590,0,0,0,-52,128,0,16,16,16,15,15,15,14,14,14,14,14,14,14,13,13,13,13,13,13,12,12,12,11,11,10,9,0,0,0,0,0,0,0,0,0,0,0,7,8,9,9,10,10,10,12,12,12,12,13,14,13,14,14,14,14,14,15,16,16,16,16,16,16,0,62,61,62,58,59,58,56,55,54,54,53,52,52,52,51,50,50,50,50,49,47,46,43,42,40,39,37,37,0,0,0,0,0,0,0,25,28,29,31,34,36,39,40,42,45,45,49,49,50,50,52,53,54,54,56,57,60,60,61,62,63,63,62
20260729_152303_3a4d7f,1785335229828885,1865011847,0,0,0,-52,128,0,17,17,17,17,16,16,16,15,15,15,14,14,14,15,14,14,14,14,14,13,13,13,12,12,12,11,0,0,0,0,0,0,0,0,0,0,0,8,9,9,9,11,11,12,12,13,13,13,14,14,14,14,15,15,15,16,16,16,17,17,17,17,17,0,63,64,62,61,60,59,58,56,55,56,55,54,53,52,52,52,51,50,50,49,47,45,44,43,40,39,39,38,0,0,0,0,0,0,0,25,28,30,32,35,36,41,42,43,45,47,51,51,52,51,53,52,55,55,57,58,60,60,61,63,63,64,62
20260729_152303_3a4d7f,1785335229926576,1865112135,0,0,0,-52,128,0,16,15,15,15,15,14,14,13,13,13,13,13,13,13,13,13,13,12,12,12,12,11,11,11,10,10,0,0,0,0,0,0,0,0,0,0,0,7,8,8,9,9,10,11,11,11,11,12,12,13,13,13,13,13,14,14,15,15,16,16,16,16,16,0,62,61,62,59,58,58,57,56,54,54,54,54,52,53,52,52,51,52,50,48,47,45,44,43,40,40,38,37,0,0,0,0,0,0,0,25,28,29,31,33,38,39,40,43,44,46,48,50,50,51,52,54,53,55,55,58,59,60,60,61,63,63,63
20260729_152303_3a4d7f,1785335230026286,1865211793,0,0,0,-52,128,0,17,17,17,16,15,16,16,15,15,14,14,14,13,13,13,14,14,13,13,13,13,12,11,11,11,11,0,0,0,0,0,0,0,0,0,0,0,8,9,9,10,11,11,11,12,13,13,13,14,14,14,15,15,15,15,16,16,16,16,16,17,17,17,0,63,62,61,61,60,59,57,56,53,57,55,54,52,52,51,52,51,52,51,49,48,45,45,42,41,39,37,38,0,0,0,0,0,0,0,26,27,31,32,34,37,40,43,43,47,47,50,50,51,52,54,54,57,57,58,59,59,61,61,62,63,64,64
20260729_152303_3a4d7f,1785335230131226,1865312082,0,0,0,-52,128,0,17,16,16,16,15,15,14,14,14,14,14,14,13,13,14,14,14,13,13,13,13,12,11,11,11,11,0,0,0,0,0,0,0,0,0,0,0,8,9,9,10,11,11,11,12,13,13,14,14,14,14,14,15,15,15,16,16,16,16,17,17,17,17,0,64,63,62,61,59,59,57,55,54,54,53,52,52,52,52,53,49,51,50,48,47,45,43,41,41,40,38,37,0,0,0,0,0,0,0,26,29,30,33,35,38,40,41,45,47,48,49,50,51,52,53,55,55,57,57,60,59,61,62,62,63,64,64
20260729_152303_3a4d7f,1785335230229443,1865411981,0,0,0,-52,128,0,17,17,17,17,16,16,15,15,15,14,14,15,15,14,14,14,14,14,14,13,13,13,12,12,12,11,0,0,0,0,0,0,0,0,0,0,0,9,9,10,11,11,12,12,13,14,14,14,14,14,15,15,15,15,15,16,16,16,17,17,17,17,17,0,64,63,62,61,60,58,56,55,56,55,54,53,52,54,52,53,52,51,51,50,47,47,45,43,42,41,39,37,0,0,0,0,0,0,0,27,29,31,33,35,39,40,42,45,47,48,50,50,52,52,53,55,55,57,57,59,59,61,62,62,62,64,62
20260729_152303_3a4d7f,1785335230375493,1865559882,0,0,0,-52,128,0,16,17,15,16,16,15,15,15,15,14,14,14,14,14,14,14,13,13,13,13,12,12,11,11,11,10,0,0,0,0,0,0,0,0,0,0,0,8,9,9,9,10,11,11,12,13,13,14,14,14,13,14,14,13,14,16,15,16,16,16,17,17,17,0,31,30,31,30,28,30,28,28,26,26,26,26,25,25,24,25,25,25,24,24,23,22,22,21,20,19,18,18,0,0,0,0,0,0,0,13,14,15,16,16,18,19,20,22,22,23,23,24,25,25,26,27,28,28,25,31,30,28,28,29,30,33,29
20260729_152303_3a4d7f,1785335230428371,1865611397,0,0,0,-52,128,0,16,16,16,16,15,15,15,14,14,14,14,13,13,13,13,13,13,13,13,13,13,11,11,10,10,10,0,0,0,0,0,0,0,0,0,0,0,8,8,9,9,10,11,11,12,12,12,13,13,13,14,14,14,14,15,15,15,16,16,16,16,17,16,0,30,31,31,30,29,29,28,28,27,27,27,26,26,26,26,26,25,26,26,24,23,22,21,21,20,19,19,18,0,0,0,0,0,0,0,13,14,15,16,16,19,19,21,22,22,23,24,25,26,26,26,27,28,28,28,29,29,29,31,31,32,32,33
20260729_152303_3a4d7f,1785335230529596,1865713041,0,0,0,-52,128,0,17,17,16,16,16,16,16,15,14,14,15,14,14,15,14,14,14,14,14,14,13,13,11,11,11,11,0,0,0,0,0,0,0,0,0,0,0,8,9,10,10,11,11,12,13,13,13,13,14,14,14,14,15,15,16,16,16,16,17,17,17,17,17,0,63,63,62,61,60,59,57,56,55,55,55,52,54,53,53,53,51,51,51,49,49,46,44,44,42,41,38,37,0,0,0,0,0,0,0,27,29,31,33,36,37,40,41,43,47,50,49,51,52,52,53,54,56,56,56,58,59,61,62,62,62,63,64
20260729_152303_3a4d7f,1785335230644349,1865826819,0,0,0,-52,128,0,17,17,17,16,16,16,16,15,15,15,15,14,14,14,14,14,14,14,14,13,13,12,12,12,11,11,0,0,0,0,0,0,0,0,0,0,0,9,9,10,10,11,11,12,13,13,13,14,14,14,15,15,15,16,15,16,16,16,17,17,17,17,17,0,64,63,61,62,60,60,56,56,55,56,55,53,51,52,53,54,52,52,51,49,47,45,44,42,41,39,38,37,0,0,0,0,0,0,0,26,28,30,32,35,37,40,42,43,46,49,50,50,52,52,53,54,56,57,59,57,60,61,61,64,64,64,65
20260729_152303_3a4d7f,1785335230727443,1865911961,0,0,0,-52,128,0,17,17,16,15,15,15,15,14,15,14,14,14,13,13,13,13,13,13,13,12,12,11,11,11,10,10,0,0,0,0,0,0,0,0,0,0,0,7,8,8,9,10,10,11,11,12,13,13,14,14,14,14,15,15,15,15,15,15,16,16,16,17,16,0,32,31,31,30,30,28,28,28,28,27,27,26,26,25,26,25,25,24,25,25,23,22,22,21,20,19,18,18,0,0,0,0,0,0,0,12,13,15,15,17,17,20,20,22,23,24,25,25,25,25,25,27,28,27,29,28,29,30,30,32,31,31,31
20260729_152303_3a4d7f,1785335230830439,1866011561,0,0,0,-52,128,0,17,17,17,16,16,16,16,16,16,16,15,14,14,15,14,14,14,14,14,14,14,13,12,12,11,11,0,0,0,0,0,0,0,0,0,0,0,9,9,9,10,11,11,11,13,13,13,13,14,14,15,15,16,16,16,16,16,17,17,17,17,17,17,0,62,62,62,60,59,59,57,58,54,56,54,54,53,52,52,52,52,51,51,48,47,46,45,43,42,40,39,39,0,0,0,0,0,0,0,27,28,30,33,36,38,40,41,44,46,47,50,51,51,52,52,53,55,57,57,59,60,61,62,63,63,64,62
20260729_152303_3a4d7f,1785335230929919,1866111246,0,0,0,-52,128,0,17,17,16,16,16,16,15,15,14,14,14,14,13,13,13,13,13,13,13,13,13,12,11,11,11,10,0,0,0,0,0,0,0,0,0,0,0,8,8,9,10,11,11,12,12,13,13,13,13,14,14,14,14,15,15,15,16,16,16,16,17,17,17,0,64,62,61,60,58,59,57,56,55,56,55,54,53,52,51,51,51,51,50,49,47,45,44,42,41,39,38,38,0,0,0,0,0,0,0,26,28,31,32,35,37,39,42,43,45,48,48,50,52,53,53,52,55,57,56,58,60,60,62,61,63,63,63
20260729_152303_3a4d7f,1785335231029298,1866211907,0,0,0,-52,128,0,17,16,16,16,16,15,15,15,14,14,14,14,14,14,14,14,13,13,13,13,13,11,11,11,11,10,0,0,0,0,0,0,0,0,0,0,0,8,9,9,9,10,11,12,12,13,12,14,14,14,14,14,14,15,15,15,15,15,16,16,16,17,17,0,62,61,61,60,60,59,57,55,54,54,54,53,52,50,50,50,51,51,50,48,46,45,43,43,40,40,37,37,0,0,0,0,0,0,0,26,28,30,32,34,36,39,42,44,46,47,48,50,50,52,51,55,56,55,55,60,59,60,62,62,63,63,64
20260729_152303_3a4d7f,1785335231127340,1866312135,0,0,0,-52,128,0,17,18,18,16,17,16,16,15,15,15,15,15,15,14,14,14,14,14,14,13,13,13,12,12,12,11,0,0,0,0,0,0,0,0,0,0,0,9,9,10,10,11,12,12,13,14,14,14,14,14,14,14,15,16,16,17,17,17,17,16,17,17,18,0,63,64,62,62,60,61,58,56,54,55,56,55,53,53,53,52,53,51,50,50,48,46,46,44,42,39,38,38,0,0,0,0,0,0,0,27,30,30,32,36,38,40,42,44,46,47,50,50,51,53,53,53,56,57,57,58,59,62,62,62,65,64,64
20260729_152303_3a4d7f,1785335231230963,1866412348,0,0,0,-52,128,0,16,16,16,16,15,15,14,14,14,14,14,14,13,13,13,13,13,13,13,12,12,11,11,11,11,10,0,0,0,0,0,0,0,0,0,0,0,7,8,9,9,10,11,11,12,13,13,13,13,14,14,14,14,14,14,15,15,16,16,16,17,17,17,0,63,64,59,61,58,58,56,55,54,55,54,51,51,50,50,50,50,49,49,48,46,45,43,41,40,37,37,37,0,0,0,0,0,0,0,25,27,29,31,34,37,39,42,44,45,47,48,50,51,52,52,52,56,55,57,57,59,59,61,62,61,63,62
20260729_152303_3a4d7f,1785335231330029,1866511805,0,0,0,-52,128,0,16,16,16,16,15,14,14,14,14,13,13,13,13,13,13,13,13,13,13,12,12,12,12,10,10,9,0,0,0,0,0,0,0,0,0,0,0,7,8,8,9,9,10,11,11,12,13,13,13,13,13,14,14,14,14,14,15,16,16,16,16,17,16,0,62,63,61,60,58,59,56,56,53,54,52,52,52,51,51,51,51,49,49,47,46,45,43,41,40,38,37,36,0,0,0,0,0,0,0,25,28,29,32,34,37,39,40,43,47,46,48,48,51,53,53,53,55,56,56,58,59,61,61,61,64,63,63
20260729_152303_3a4d7f,1785335231429780,1866611744,0,0,0,-52,128,0,16,16,16,16,15,15,15,15,15,15,15,14,14,14,14,14,14,13,13,13,13,12,12,12,11,11,0,0,0,0,0,0,0,0,0,0,0,9,9,9,10,11,11,12,12,13,13,13,14,14,14,14,15,15,15,15,16,16,16,16,17,17,17,0,31,32,30,31,29,29,28,28,28,28,28,27,26,26,27,26,26,25,25,25,24,23,23,22,21,20,20,18,0,0,0,0,0,0,0,14,15,16,16,18,19,20,21,22,24,25,25,25,26,26,27,27,28,28,29,29,30,30,31,32,31,32,31
20260729_152303_3a4d7f,1785335231533458,1866713993,0,0,0,-52,128,0,17,17,16,17,16,16,15,15,15,15,15,14,14,14,14,14,14,14,14,13,13,12,12,12,11,11,0,0,0,0,0,0,0,0,0,0,0,9,9,10,10,11,12,12,13,13,14,14,14,15,14,14,15,15,16,16,16,16,17,17,17,17,17,0,32,31,32,31,30,29,29,28,28,28,28,27,26,26,26,26,26,26,26,25,25,24,23,22,22,20,19,18,0,0,0,0,0,0,0,13,15,16,17,18,19,20,21,23,24,24,25,25,26,26,27,27,29,29,29,30,30,31,31,32,32,32,33
20260729_152303_3a4d7f,1785335231631556,1866812288,0,0,0,-52,128,0,16,16,16,16,14,14,13,14,13,13,13,13,13,13,13,13,13,12,12,12,11,11,11,10,10,10,0,0,0,0,0,0,0,0,0,0,0,8,8,9,9,9,10,11,11,12,12,13,13,13,13,13,13,13,13,14,15,15,15,16,16,16,16,0,61,59,61,58,57,56,55,53,54,52,52,51,51,51,49,50,49,48,48,45,44,44,42,41,41,39,35,35,0,0,0,0,0,0,0,25,28,28,32,34,37,38,40,43,44,47,48,48,50,51,52,52,54,55,54,57,59,59,61,60,60,62,62
20260729_152303_3a4d7f,1785335231730461,1866912076,0,0,0,-52,128,0,17,17,16,16,16,16,16,15,15,15,15,15,13,13,14,14,14,13,14,13,13,12,12,12,11,11,0,0,0,0,0,0,0,0,0,0,0,8,9,9,10,10,12,12,13,12,13,13,14,14,14,14,15,15,15,16,16,17,16,17,17,17,17,0,64,62,60,60,59,57,55,55,56,54,55,52,52,52,52,51,50,51,50,48,47,45,43,41,40,40,36,36,0,0,0,0,0,0,0,25,28,31,32,34,36,38,41,43,44,46,48,49,51,50,52,53,55,56,56,56,58,59,60,62,61,64,64
20260729_152303_3a4d7f,1785335231827828,1867011940,0,0,0,-52,128,0,16,16,15,15,15,15,15,15,14,14,14,14,14,13,13,13,13,13,13,13,13,12,11,11,10,10,0,0,0,0,0,0,0,0,0,0,0,8,9,9,9,10,11,11,12,12,13,13,13,13,13,13,14,15,15,15,16,16,16,16,16,16,16,0,30,31,30,29,29,29,28,28,27,28,27,26,25,25,26,25,25,25,25,24,23,22,21,21,19,18,19,18,0,0,0,0,0,0,0,13,14,15,16,17,18,19,20,22,22,23,24,24,25,25,27,26,27,27,28,29,30,30,30,31,32,32,32
20260729_152303_3a4d7f,1785335231927335,1867111889,0,0,0,-52,128,0,16,15,15,15,15,14,14,14,13,13,14,14,13,13,13,13,13,13,13,12,12,12,11,11,10,9,0,0,0,0,0,0,0,0,0,0,0,7,7,9,9,9,10,11,12,12,12,12,12,12,13,13,13,14,14,14,15,15,16,15,16,16,16,0,32,31,29,30,28,28,28,27,27,27,26,26,25,25,25,24,25,23,25,24,23,22,22,20,20,20,18,17,0,0,0,0,0,0,0,12,13,14,16,17,17,19,19,21,22,22,24,24,25,25,25,26,27,27,27,28,28,29,30,31,30,31,31
20260729_152303_3a4d7f,1785335232031536,1867211767,0,0,0,-52,128,0,17,17,17,17,17,16,16,15,15,15,15,15,15,15,14,14,14,14,14,13,13,13,12,12,11,11,0,0,0,0,0,0,0,0,0,0,0,9,9,9,10,11,11,12,13,13,13,14,14,14,14,15,15,15,16,16,16,16,17,17,17,17,18,0,32,31,32,30,30,29,30,29,29,28,28,27,27,27,26,27,26,26,26,25,24,23,22,22,21,21,19,19,0,0,0,0,0,0,0,14,14,16,18,17,18,20,21,22,23,24,24,25,26,26,27,27,28,29,29,30,30,30,31,31,31,32,33
20260729_152303_3a4d7f,1785335232126782,1867311749,0,0,0,-52,128,0,16,16,16,15,16,15,15,14,14,14,14,13,13,13,13,13,13,13,12,12,12,12,11,11,10,10,0,0,0,0,0,0,0,0,0,0,0,8,9,9,9,9,10,11,11,12,12,12,13,13,13,14,14,14,14,15,15,15,16,15,16,17,17,0,32,31,31,29,30,29,28,28,27,26,27,25,25,26,25,25,25,25,25,25,24,22,22,21,19,19,18,18,0,0,0,0,0,0,0,13,13,15,15,17,19,18,20,21,22,23,24,24,25,25,25,27,26,28,27,29,29,30,30,30,31,32,31
20260729_152303_3a4d7f,1785335232231274,1867412271,0,0,0,-52,128,0,17,17,16,16,16,15,15,15,14,14,15,15,15,15,14,14,14,14,14,13,13,13,12,12,12,11,0,0,0,0,0,0,0,0,0,0,0,8,9,10,10,11,12,12,13,13,13,13,14,14,14,14,14,15,15,15,15,16,16,16,17,17,17,0,32,32,32,31,30,29,29,28,29,29,28,27,28,28,27,27,27,26,27,26,25,24,22,22,22,21,19,19,0,0,0,0,0,0,0,14,15,16,17,18,19,21,22,22,24,25,25,26,25,26,27,27,29,28,30,30,31,31,32,31,32,33,32
20260729_152303_3a4d7f,1785335232336365,1867516960,0,0,0,-52,128,0,17,18,17,16,16,16,16,15,15,15,15,15,14,15,15,14,14,14,14,13,13,13,12,12,12,11,0,0,0,0,0,0,0,0,0,0,0,8,9,9,10,11,12,12,13,13,14,14,14,15,15,15,15,15,16,16,16,17,17,17,17,18,17,0,32,31,31,30,30,30,28,28,27,27,28,27,26,26,26,26,25,25,25,24,24,23,22,22,20,20,19,18,0,0,0,0,0,0,0,13,15,15,16,17,18,20,21,22,23,24,25,25,26,26,27,27,27,27,28,30,30,30,31,31,31,32,31
20260729_152303_3a4d7f,1785335232426323,1867611526,0,0,0,-52,128,0,18,17,17,17,16,16,16,15,15,15,15,14,14,15,15,15,14,14,14,14,14,13,12,13,12,12,0,0,0,0,0,0,0,0,0,0,0,9,9,10,11,11,12,12,13,13,14,14,15,15,15,15,15,16,16,16,16,17,17,17,18,18,18,0,32,32,33,31,30,30,28,29,28,29,29,28,28,28,26,26,26,27,28,26,24,22,21,21,19,21,19,19,0,0,0,0,0,0,0,14,15,16,17,18,20,20,22,23,23,24,25,26,26,27,27,28,28,28,29,30,31,31,31,31,32,32,33
20260729_152303_3a4d7f,1785335232531646,1867711798,0,0,0,-52,128,0,17,17,17,17,16,16,16,15,15,15,15,14,14,14,14,14,14,14,14,13,13,13,12,11,11,11,0,0,0,0,0,0,0,0,0,0,0,8,9,10,11,11,11,12,12,13,14,14,14,15,15,15,15,15,16,16,16,16,17,17,17,17,17,0,64,64,62,61,58,60,58,57,56,56,55,54,54,53,53,52,53,51,51,49,49,47,46,42,42,41,38,37,0,0,0,0,0,0,0,28,30,31,33,35,39,41,42,45,47,49,50,50,52,51,54,55,56,57,58,58,60,60,64,62,62,66,63
20260729_152303_3a4d7f,1785335232626253,1867810997,0,0,0,-52,128,0,16,16,16,16,15,15,15,15,14,14,13,13,13,13,13,13,13,13,13,12,12,12,11,10,10,10,0,0,0,0,0,0,0,0,0,0,0,7,8,9,9,10,10,11,11,12,12,12,12,14,14,14,14,14,15,15,16,16,16,16,17,17,16,0,31,30,30,29,29,28,28,28,27,26,27,26,26,26,26,26,25,25,24,24,23,22,21,20,20,20,18,18,0,0,0,0,0,0,0,12,13,14,15,17,18,19,20,21,22,23,25,25,25,26,26,27,27,27,27,29,29,30,30,30,31,32,31
20260729_152303_3a4d7f,1785335232730630,1867911508,0,0,0,-52,128,0,17,17,16,16,16,15,15,15,14,15,15,14,14,14,14,14,14,13,13,13,13,12,12,11,11,11,0,0,0,0,0,0,0,0,0,0,0,8,9,9,10,11,11,12,12,12,13,13,13,14,14,14,14,14,15,15,16,16,16,16,16,17,16,0,33,32,31,32,30,30,29,29,28,28,27,27,27,27,27,27,27,26,25,25,24,24,23,22,21,20,19,19,0,0,0,0,0,0,0,13,14,15,16,18,19,21,21,21,23,24,25,26,27,26,26,28,28,29,29,30,30,31,32,32,32,34,32
20260729_152303_3a4d7f,1785335232827681,1868011330,0,0,0,-52,128,0,16,15,15,15,15,14,14,13,13,13,14,13,13,13,13,14,13,12,12,12,11,11,11,10,10,10,0,0,0,0,0,0,0,0,0,0,0,7,7,8,9,10,10,11,12,12,13,13,13,13,13,13,13,14,14,14,14,15,15,15,16,17,17,0,61,61,59,60,57,58,56,54,52,54,53,51,51,51,51,50,50,50,49,48,45,44,43,41,39,39,35,35,0,0,0,0,0,0,0,26,28,29,30,34,36,37,40,43,44,46,47,49,50,50,52,53,54,53,54,56,58,58,61,60,61,62,63
20260729_152303_3a4d7f,1785335232926106,1868111662,0,0,0,-52,128,0,16,16,16,15,15,14,14,14,14,14,14,13,13,13,13,14,13,13,13,13,12,12,12,11,11,10,0,0,0,0,0,0,0,0,0,0,0,8,9,9,10,10,11,12,12,13,13,13,13,13,13,14,14,14,14,14,15,16,16,16,16,16,16,0,63,60,61,59,59,59,57,54,54,54,53,53,52,53,51,51,50,52,49,49,47,45,43,43,40,40,37,37,0,0,0,0,0,0,0,26,29,31,33,34,37,40,43,43,46,48,48,49,51,52,53,53,53,55,56,57,59,59,61,60,62,62,63
20260729_152303_3a4d7f,1785335233027341,1868211832,0,0,0,-52,128,0,16,16,16,16,16,16,15,15,13,14,14,14,14,14,14,13,13,13,13,12,12,12,11,11,10,9,0,0,0,0,0,0,0,0,0,0,0,7,8,9,10,10,10,12,12,12,13,13,13,13,13,13,14,13,15,15,16,15,16,16,16,16,16,0,62,60,60,58,59,57,56,54,52,53,52,52,50,51,50,50,49,50,48,48,45,44,42,42,39,38,36,34,0,0,0,0,0,0,0,25,29,30,31,34,37,39,40,43,44,46,47,49,50,52,52,53,53,55,55,57,58,59,60,59,62,63,62
20260729_152303_3a4d7f,1785335233128027,1868311600,0,0,0,-52,128,0,16,15,16,15,15,15,14,14,14,13,13,13,13,14,12,13,12,12,12,12,11,11,11,10,10,10,0,0,0,0,0,0,0,0,0,0,0,8,8,9,9,9,10,11,11,11,12,13,13,13,13,13,13,14,14,14,14,15,16,15,16,16,16,0,61,60,60,59,57,57,56,54,54,53,51,51,52,51,51,49,50,48,49,47,47,45,43,41,40,39,36,36,0,0,0,0,0,0,0,25,28,29,31,34,36,40,41,44,44,48,48,48,49,51,51,52,54,54,55,57,57,58,59,60,62,63,62
20260729_152303_3a4d7f,1785335233227038,1868412095,0,0,0,-52,128,0,17,18,17,17,16,16,16,16,16,16,15,15,14,15,15,15,15,14,14,14,14,13,12,12,11,11,0,0,0,0,0,0,0,0,0,0,0,9,9,10,11,12,11,13,13,13,13,14,14,15,16,15,16,16,16,16,17,17,17,17,18,18,18,0,64,65,62,62,60,60,57,57,56,54,55,55,54,54,52,53,53,51,52,50,49,47,45,45,42,42,39,37,0,0,0,0,0,0,0,28,30,31,33,36,38,41,43,46,47,49,49,52,52,53,55,54,55,58,58,59,61,62,64,62,63,63,65
20260729_152303_3a4d7f,1785335233327781,1868512753,0,0,0,-52,128,0,17,17,17,16,16,16,16,15,15,15,14,14,14,14,14,14,14,14,14,13,13,12,12,11,11,11,0,0,0,0,0,0,0,0,0,0,0,9,9,10,11,11,12,12,12,13,13,13,14,15,15,15,15,16,16,16,16,16,17,17,17,17,17,0,63,63,62,61,59,60,56,56,55,57,55,53,53,53,52,53,51,51,50,49,48,45,44,43,41,40,38,37,0,0,0,0,0,0,0,27,29,32,34,35,37,40,43,46,46,49,49,51,51,52,51,55,55,56,57,59,60,60,62,61,63,63,65
20260729_152303_3a4d7f,1785335233429613,1868612041,0,0,0,-52,128,0,17,17,18,17,17,16,16,16,15,15,15,14,14,15,14,15,14,14,14,14,13,13,12,12,11,11,0,0,0,0,0,0,0,0,0,0,0,9,9,10,11,12,12,13,13,13,14,14,14,15,15,15,15,16,16,16,16,17,17,17,17,17,18,0,63,63,64,59,60,59,58,57,54,55,54,53,53,53,54,54,51,51,50,50,48,49,44,46,44,39,39,39,0,0,0,0,0,0,0,28,31,30,34,37,40,41,43,46,47,49,51,51,52,51,53,54,55,57,56,60,59,60,62,63,65,64,64
20260729_152303_3a4d7f,1785335233527751,1868711470,0,0,0,-52,128,0,16,16,15,15,15,15,15,14,14,14,14,14,13,13,13,13,13,13,12,12,12,11,11,11,10,10,0,0,0,0,0,0,0,0,0,0,0,8,8,9,9,10,10,11,11,12,13,13,13,14,14,14,14,14,14,15,15,15,16,16,16,16,16,0,61,62,59,60,57,57,55,54,52,54,53,51,51,50,51,51,50,49,49,47,47,43,43,41,39,38,37,35,0,0,0,0,0,0,0,26,28,29,32,35,37,39,41,43,44,47,48,48,51,51,51,52,53,54,56,57,58,60,59,61,61,62,61
20260729_152303_3a4d7f,1785335233626881,1868811877,0,0,0,-52,128,0,16,16,16,16,16,16,15,15,14,14,14,14,14,13,14,13,13,13,13,13,13,12,12,11,11,11,0,0,0,0,0,0,0,0,0,0,0,8,9,9,10,11,11,12,13,12,14,14,14,14,14,14,14,14,16,15,16,16,16,16,16,17,17,0,63,61,62,59,59,58,57,55,54,54,54,52,52,52,51,52,51,51,50,48,48,46,45,42,40,39,37,37,0,0,0,0,0,0,0,28,29,30,32,35,38,39,43,45,46,48,48,50,52,52,53,53,54,56,56,57,59,59,60,60,62,62,64
20260729_152303_3a4d7f,1785335233730209,1868911775,0,0,0,-52,128,0,16,16,17,16,16,16,16,16,15,15,15,14,14,15,15,15,14,14,14,13,13,13,12,11,11,11,0,0,0,0,0,0,0,0,0,0,0,9,9,10,11,11,12,12,13,13,13,14,14,14,14,15,15,16,16,16,16,17,17,16,18,17,18,0,64,62,63,61,59,59,58,57,56,56,55,53,52,54,51,52,51,51,49,49,47,47,44,44,41,40,37,38,0,0,0,0,0,0,0,29,29,31,34,36,38,40,42,44,46,48,49,51,52,53,54,56,55,57,56,59,60,61,62,61,62,64,64
20260729_152303_3a4d7f,1785335233830223,1869012675,0,0,0,-52,128,0,16,16,16,15,15,14,15,13,13,13,13,13,13,13,13,13,13,13,13,12,12,12,11,11,10,9,0,0,0,0,0,0,0,0,0,0,0,8,8,9,9,9,10,11,11,12,12,13,13,13,13,13,14,14,14,14,15,16,16,16,16,16,16,0,62,62,59,59,57,57,56,55,53,54,53,51,52,52,52,50,51,50,48,49,47,44,43,42,39,38,37,35,0,0,0,0,0,0,0,26,28,29,32,35,37,38,42,43,44,48,48,49,50,50,53,55,53,54,55,56,57,59,61,59,61,61,62
20260729_152303_3a4d7f,1785335233929446,1869112317,0,0,0,-52,128,0,17,18,17,17,17,16,16,16,15,15,15,15,15,15,15,15,15,14,14,14,14,12,12,11,11,11,0,0,0,0,0,0,0,0,0,0,0,9,9,10,11,11,11,12,13,13,14,14,14,14,14,14,15,15,16,16,17,17,17,17,17,17,17,0,64,64,62,61,59,59,58,57,54,55,55,54,53,52,52,52,53,49,50,48,47,47,45,43,41,40,38,36,0,0,0,0,0,0,0,27,29,31,33,36,38,41,42,44,47,49,51,50,52,53,53,54,56,55,57,58,60,60,62,63,61,64,64
20260729_152303_3a4d7f,1785335234029198,1869214518,0,0,0,-52,128,0,17,18,17,17,16,16,16,15,15,15,15,14,14,15,15,14,14,14,14,14,13,13,13,12,12,12,0,0,0,0,0,0,0,0,0,0,0,9,9,10,10,11,12,12,13,13,14,14,14,15,15,15,16,15,16,16,16,17,17,17,17,17,17,0,31,31,31,30,29,30,29,28,28,28,29,27,27,26,26,27,27,26,26,25,24,23,23,22,22,20,19,18,0,0,0,0,0,0,0,14,16,16,17,18,19,21,21,22,23,25,24,25,26,26,27,28,28,28,29,28,29,31,32,32,31,32,31
20260729_152303_3a4d7f,1785335234130207,1869311898,0,0,0,-52,128,0,17,17,17,17,17,16,16,15,15,15,15,14,14,14,14,14,14,14,14,14,13,13,12,12,11,11,0,0,0,0,0,0,0,0,0,0,0,9,9,9,10,12,12,12,13,13,13,14,14,14,15,15,15,15,15,16,16,16,17,17,17,17,17,0,63,63,60,59,59,59,57,57,55,55,55,53,55,53,52,52,52,50,50,50,49,46,44,42,41,41,37,38,0,0,0,0,0,0,0,27,29,30,33,35,38,41,41,43,46,48,50,49,51,51,53,54,55,55,56,57,60,59,62,60,63,64,63
20260729_152303_3a4d7f,1785335234230084,1869412013,0,0,0,-52,128,0,17,17,17,17,16,16,15,15,15,15,15,14,14,14,14,14,14,13,13,13,13,12,12,11,11,10,0,0,0,0,0,0,0,0,0,0,0,9,9,9,10,11,11,12,12,13,13,14,14,14,14,15,15,15,15,15,16,16,16,17,17,17,17,0,32,31,32,30,30,29,28,28,28,27,27,27,26,28,26,28,26,27,26,25,24,23,22,22,21,21,18,19,0,0,0,0,0,0,0,13,14,16,17,18,19,19,21,22,23,24,24,25,25,26,26,28,27,29,28,29,29,30,31,31,31,32,32
20260729_152303_3a4d7f,1785335234331307,1869511795,0,0,0,-52,128,0,16,16,16,16,16,15,15,15,15,15,15,14,14,14,14,14,14,14,14,13,13,12,12,12,11,11,0,0,0,0,0,0,0,0,0,0,0,8,9,9,10,11,12,12,13,13,13,14,14,14,14,14,15,15,15,15,16,16,16,16,16,17,17,0,32,32,31,31,31,30,28,27,27,28,28,27,26,26,27,27,26,26,26,25,24,22,22,21,21,20,19,19,0,0,0,0,0,0,0,14,15,15,16,18,19,20,21,23,23,24,24,26,26,26,26,26,27,28,28,29,29,29,30,30,32,32,32
20260729_152303_3a4d7f,1785335234430434,1869611950,0,0,0,-52,128,0,17,17,17,17,17,16,16,15,15,15,15,15,15,15,14,14,14,14,14,13,13,13,12,12,12,12,0,0,0,0,0,0,0,0,0,0,0,8,9,10,11,11,12,13,13,13,14,14,14,14,15,15,15,16,16,16,16,17,17,17,17,17,18,0,32,32,32,31,31,30,29,28,28,28,28,27,27,26,27,26,26,26,25,25,25,24,22,22,21,20,19,19,0,0,0,0,0,0,0,14,15,16,17,18,20,20,22,22,23,25,25,26,26,27,27,28,28,29,29,29,30,31,30,31,32,32,33
20260729_152303_3a4d7f,1785335234529314,1869711953,0,0,0,-52,128,0,17,16,16,16,16,15,15,15,15,15,15,14,14,14,14,14,14,14,14,13,13,12,12,12,11,11,0,0,0,0,0,0,0,0,0,0,0,8,9,10,10,11,12,12,13,13,13,13,14,14,14,14,15,15,15,15,16,16,16,16,16,17,17,0,31,31,31,30,30,30,29,28,27,27,27,26,26,27,26,27,26,27,26,25,24,24,22,22,21,20,19,19,0,0,0,0,0,0,0,14,15,15,17,18,19,20,21,23,23,25,25,26,26,26,27,28,28,28,28,29,29,30,30,31,31,31,33
20260729_152303_3a4d7f,1785335234628323,1869812120,0,0,0,-52,128,0,17,17,17,17,15,15,15,15,15,15,14,14,14,14,14,14,14,14,14,13,13,13,12,12,10,10,0,0,0,0,0,0,0,0,0,0,0,8,9,10,10,10,11,12,13,13,13,13,13,14,14,14,15,15,15,15,16,16,16,16,16,16,17,0,62,62,62,59,61,58,55,55,53,54,54,53,52,54,51,54,51,52,50,48,48,44,43,43,41,40,37,37,0,0,0,0,0,0,0,26,28,31,34,34,38,38,43,45,45,48,48,51,51,51,51,54,55,57,56,58,59,59,60,60,62,62,64
20260729_152303_3a4d7f,1785335234725721,1869911312,0,0,0,-52,128,0,17,16,16,16,16,16,14,14,15,14,14,14,14,14,13,13,13,13,13,13,13,11,11,11,10,10,0,0,0,0,0,0,0,0,0,0,0,7,9,9,10,10,11,12,12,12,12,14,14,14,14,14,14,15,15,15,15,16,16,16,16,16,17,0,64,61,60,61,59,57,56,55,54,54,55,52,51,52,51,52,51,51,50,48,47,44,43,41,40,40,36,37,0,0,0,0,0,0,0,25,27,31,31,32,36,40,43,43,45,48,48,50,50,52,52,53,53,55,55,59,58,59,60,60,62,61,62
20260729_152303_3a4d7f,1785335234829725,1870014496,0,0,0,-52,128,0,17,17,17,17,16,16,15,15,15,15,15,15,15,14,14,14,13,14,13,13,13,12,12,11,11,11,0,0,0,0,0,0,0,0,0,0,0,9,9,9,10,11,12,12,12,13,13,14,14,14,14,14,15,15,15,15,16,16,17,17,17,17,17,0,62,61,62,60,59,60,56,55,55,54,55,53,52,52,52,53,51,52,51,49,48,46,44,43,41,41,37,37,0,0,0,0,0,0,0,26,29,30,34,35,38,39,42,45,47,48,47,51,51,52,53,54,54,57,56,59,59,61,61,61,63,61,65
20260729_152303_3a4d7f,1785335234929185,1870112052,0,0,0,-52,128,0,17,17,17,16,16,16,15,15,16,15,15,15,14,14,15,14,14,14,14,13,13,13,12,12,11,11,0,0,0,0,0,0,0,0,0,0,0,9,9,10,10,11,12,12,13,13,14,14,14,14,14,14,14,15,16,16,16,16,17,17,16,17,17,0,63,62,62,61,59,57,57,54,54,55,56,53,50,52,51,53,52,51,49,49,48,45,44,43,41,38,37,37,0,0,0,0,0,0,0,26,28,30,33,35,38,39,42,43,45,47,48,50,52,52,52,52,55,57,55,57,57,59,62,63,64,62,63
20260729_152303_3a4d7f,1785335235027797,1870212100,0,0,0,-52,128,0,17,17,16,16,16,15,15,15,15,15,15,14,14,14,14,14,14,14,14,13,13,13,12,12,11,11,0,0,0,0,0,0,0,0,0,0,0,9,9,9,10,11,12,12,13,13,13,14,14,14,14,14,15,15,15,15,16,16,16,16,17,17,17,0,31,31,31,30,29,29,28,28,28,27,27,27,26,27,27,26,26,26,26,25,24,23,22,21,21,20,19,19,0,0,0,0,0,0,0,14,15,15,16,17,19,20,21,23,23,24,24,25,25,26,26,27,27,28,28,29,30,30,30,30,30,32,32
20260729_152303_3a4d7f,1785335235130183,1870312008,0,0,0,-52,128,0,16,16,16,16,16,16,16,15,15,15,15,15,14,14,14,14,14,14,14,13,13,12,12,12,11,11,0,0,0,0,0,0,0,0,0,0,0,9,9,10,11,12,11,12,13,13,14,14,14,15,15,15,15,16,16,16,16,17,17,16,17,17,17,0,31,31,31,30,30,30,28,28,28,28,28,27,27,27,26,27,26,26,25,25,24,24,23,22,21,21,19,19,0,0,0,0,0,0,0,14,14,15,16,18,20,21,22,22,23,24,25,25,26,26,26,27,27,28,28,29,30,31,31,31,32,32,32
20260729_152303_3a4d7f,1785335235230095,1870411976,0,0,0,-52,128,0,17,17,16,16,16,16,16,15,15,15,14,14,14,14,14,14,14,14,14,13,13,12,12,12,11,11,0,0,0,0,0,0,0,0,0,0,0,9,9,10,10,10,12,12,12,13,13,13,13,13,14,14,15,15,16,16,16,16,17,17,17,17,17,0,62,60,60,58,58,58,56,54,55,54,54,52,53,53,52,52,50,50,49,49,48,44,44,42,41,40,37,37,0,0,0,0,0,0,0,26,28,30,33,34,36,38,42,44,44,48,49,49,52,51,52,53,54,55,57,59,57,58,60,62,62,64,63
20260729_152303_3a4d7f,1785335235329329,1870511778,0,0,0,-52,128,0,17,16,16,16,15,15,14,14,14,14,14,14,14,13,13,13,13,13,13,12,12,11,11,10,10,10,0,0,0,0,0,0,0,0,0,0,0,7,8,8,9,10,10,11,11,13,13,13,13,13,13,13,14,14,14,15,15,15,15,16,16,16,17,0,64,61,61,60,58,57,56,55,54,54,54,51,50,51,51,52,51,50,50,49,48,44,44,41,40,40,38,37,0,0,0,0,0,0,0,25,27,29,31,33,36,37,42,44,44,47,47,49,50,51,52,53,54,54,56,56,58,59,60,61,61,62,62
20260729_152303_3a4d7f,1785335235426473,1870611829,0,0,0,-52,128,0,16,16,16,15,15,15,15,14,14,13,14,13,13,13,13,13,13,13,12,12,12,11,11,10,10,10,0,0,0,0,0,0,0,0,0,0,0,8,9,9,9,10,10,11,11,12,12,13,13,13,14,14,14,14,14,15,15,15,16,16,16,16,16,0,30,30,30,29,29,29,28,27,26,26,26,26,25,26,25,25,25,25,25,24,23,22,21,20,19,19,18,17,0,0,0,0,0,0,0,13,13,15,15,17,19,18,20,22,22,23,23,24,24,25,25,26,26,27,27,29,29,29,30,30,31,31,31
20260729_152303_3a4d7f,1785335235526593,1870712282,0,0,0,-52,128,0,17,16,16,16,15,15,15,15,15,14,14,13,13,13,14,13,13,13,13,12,12,12,11,11,10,10,0,0,0,0,0,0,0,0,0,0,0,8,8,9,10,10,11,11,12,12,13,13,13,14,14,14,15,15,15,15,16,16,16,17,17,16,17,0,31,30,29,30,28,28,27,27,27,27,27,25,25,24,25,25,25,25,25,23,23,22,21,20,20,18,18,18,0,0,0,0,0,0,0,12,13,14,15,17,18,19,20,22,23,24,24,25,25,25,25,25,27,27,27,28,29,29,29,30,30,31,31
20260729_152303_3a4d7f,1785335235631179,1870815937,0,0,0,-52,128,0,16,16,16,15,16,15,15,14,14,14,14,14,14,13,14,14,13,13,13,12,12,12,11,11,10,10,0,0,0,0,0,0,0,0,0,0,0,7,8,9,10,10,10,12,12,12,12,13,13,14,13,13,14,14,14,15,16,16,16,16,16,16,16,0,64,63,62,62,60,59,57,55,54,56,55,52,54,53,51,53,52,50,49,49,45,45,43,45,38,37,37,39,0,0,0,0,0,0,0,26,28,30,31,34,38,39,41,44,45,47,50,49,51,52,53,53,55,55,56,58,59,60,62,63,63,64,63
20260729_152303_3a4d7f,1785335235730764,1870912463,0,0,0,-52,128,0,17,16,17,16,16,16,15,14,15,14,14,14,14,14,14,14,13,14,14,13,13,12,12,12,12,11,0,0,0,0,0,0,0,0,0,0,0,7,9,9,10,10,11,12,12,12,12,14,14,14,14,14,14,16,14,16,16,16,16,16,17,17,17,0,62,63,59,61,56,57,55,55,54,56,53,52,52,50,53,49,52,49,50,48,47,45,44,41,41,38,38,36,0,0,0,0,0,0,0,25,26,30,31,34,35,40,41,42,45,47,49,49,50,51,52,51,55,52,57,55,57,59,59,63,62,62,61
20260729_152303_3a4d7f,1785335235831781,1871012810,0,0,0,-52,128,0,16,16,16,16,16,16,16,15,15,15,15,15,15,15,14,15,14,14,14,13,13,13,13,12,11,11,0,0,0,0,0,0,0,0,0,0,0,9,9,10,10,11,12,12,13,13,13,14,14,14,14,14,15,15,15,16,16,16,16,16,17,17,17,0,32,32,32,31,30,30,28,28,28,29,28,27,26,26,27,27,26,26,25,25,25,24,22,22,21,20,20,19,0,0,0,0,0,0,0,14,15,16,17,18,19,20,22,23,24,25,25,26,27,26,27,27,29,29,29,29,30,31,31,32,31,33,33
20260729_152303_3a4d7f,1785335235927419,1871113202,0,0,0,-52,128,0,17,16,17,15,15,15,15,14,14,14,14,14,14,13,13,13,13,13,13,12,12,12,11,11,10,10,0,0,0,0,0,0,0,0,0,0,0,8,8,9,10,10,11,11,11,13,13,13,14,14,14,14,14,15,15,15,15,15,16,16,16,17,16,0,63,60,60,60,57,57,55,54,53,55,53,51,52,50,52,51,49,50,48,47,47,44,43,41,40,38,36,37,0,0,0,0,0,0,0,25,27,29,32,33,36,38,41,43,45,47,47,50,50,50,50,53,54,54,56,56,57,58,60,61,61,62,61
20260729_152303_3a4d7f,1785335236028779,1871212986,0,0,0,-52,128,0,16,16,16,16,15,15,15,15,15,14,15,14,14,14,14,14,14,14,14,13,13,12,12,12,11,11,0,0,0,0,0,0,0,0,0,0,0,8,9,10,10,11,11,12,12,13,13,13,14,14,14,14,14,15,15,15,16,16,16,16,16,16,17,0,31,31,31,29,29,29,28,28,28,28,27,26,26,26,26,26,26,26,25,25,24,23,22,21,21,20,19,19,0,0,0,0,0,0,0,14,14,15,16,17,19,20,20,22,22,24,24,25,26,26,26,27,27,28,28,28,30,29,30,30,31,31,31
20260729_152303_3a4d7f,1785335236129046,1871312654,0,0,0,-52,128,0,16,16,16,16,15,15,14,14,14,14,14,14,13,13,13,13,13,13,13,12,12,12,11,11,10,10,0,0,0,0,0,0,0,0,0,0,0,7,8,9,9,10,10,11,12,12,12,13,14,14,14,14,14,14,14,15,15,15,16,16,16,16,16,0,62,62,61,61,59,58,57,55,54,56,53,53,53,52,54,51,52,49,50,49,48,46,45,42,41,38,38,36,0,0,0,0,0,0,0,26,29,29,31,35,37,41,41,45,46,49,50,51,51,52,53,53,56,54,57,58,59,61,61,62,63,63,62
20260729_152303_3a4d7f,1785335236228755,1871411799,0,0,0,-52,128,0,16,16,15,15,15,15,14,14,14,15,14,14,14,13,14,14,14,14,14,12,12,12,11,11,11,11,0,0,0,0,0,0,0,0,0,0,0,8,8,9,10,11,11,11,12,13,13,13,13,13,13,13,13,14,14,14,15,15,16,15,16,16,16,0,61,61,61,60,57,57,55,56,55,55,54,53,52,52,51,52,51,50,48,47,47,46,44,42,42,40,38,36,0,0,0,0,0,0,0,26,27,31,33,34,36,39,41,43,44,47,49,49,51,51,51,52,54,55,55,56,57,59,60,61,60,63,62
20260729_152303_3a4d7f,1785335236326947,1871511789,0,0,0,-52,128,0,17,17,17,17,16,16,16,15,15,16,15,15,15,14,14,14,14,14,14,13,13,13,13,11,11,11,0,0,0,0,0,0,0,0,0,0,0,9,9,10,11,11,11,12,13,13,14,14,14,14,14,14,15,15,16,16,16,16,17,17,17,17,17,0,65,65,62,62,59,59,59,57,55,57,56,55,53,54,54,53,54,52,52,49,49,47,47,43,43,41,40,38,0,0,0,0,0,0,0,28,29,31,33,36,39,41,42,45,47,48,51,51,53,54,55,55,57,57,59,60,60,61,62,63,62,65,63
20260729_152303_3a4d7f,1785335236432691,1871612968,0,0,0,-51,128,0,16,16,16,15,16,14,14,14,14,14,14,14,14,13,13,13,13,12,12,12,11,11,11,10,10,9,0,0,0,0,0,0,0,0,0,0,0,8,8,9,9,10,10,11,11,11,13,13,13,13,13,13,14,14,14,15,15,15,15,16,17,17,16,0,62,62,61,60,58,57,55,55,52,53,53,52,52,52,52,50,49,49,47,46,46,44,42,41,40,38,36,35,0,0,0,0,0,0,0,26,29,30,31,34,37,39,41,45,44,47,48,49,51,51,53,53,53,55,55,58,58,60,60,60,63,62,63
20260729_152303_3a4d7f,1785335236530873,1871713070,0,0,0,-52,128,0,17,16,16,15,15,15,14,14,13,14,14,14,13,14,14,14,14,14,14,12,12,12,11,11,11,10,0,0,0,0,0,0,0,0,0,0,0,8,9,9,10,10,11,11,12,12,13,13,14,13,13,14,14,15,14,16,16,16,16,16,17,17,17,0,60,63,60,60,56,58,56,54,54,55,54,53,51,51,52,51,52,50,50,48,47,44,44,41,40,39,38,35,0,0,0,0,0,0,0,27,28,30,32,35,36,40,42,44,46,48,50,50,50,51,51,52,55,54,57,57,59,59,60,61,62,61,63
20260729_152303_3a4d7f,1785335236626792,1871811319,0,0,0,-52,128,0,17,16,16,16,16,16,16,15,15,15,15,14,14,14,15,15,13,14,13,13,13,12,12,13,11,11,0,0,0,0,0,0,0,0,0,0,0,9,9,10,10,11,12,12,12,13,13,14,14,14,14,14,14,16,16,16,16,16,16,16,16,18,17,0,62,62,60,62,57,57,56,54,54,56,52,52,51,49,52,51,51,49,51,47,44,46,43,36,40,39,35,37,0,0,0,0,0,0,0,26,28,32,33,35,38,40,41,44,46,48,49,50,50,50,52,53,56,56,57,57,58,60,60,62,62,62,63
20260729_152303_3a4d7f,1785335236725954,1871911749,0,0,0,-52,128,0,16,16,16,16,15,15,15,14,14,14,14,14,13,13,13,13,13,13,13,13,12,12,12,11,10,10,0,0,0,0,0,0,0,0,0,0,0,8,9,9,9,10,11,11,13,13,13,13,14,14,14,14,14,15,15,15,16,16,16,16,16,16,16,0,65,61,61,61,58,59,55,55,53,54,54,53,50,52,51,50,49,51,45,49,45,50,44,42,43,36,38,37,0,0,0,0,0,0,0,26,27,30,33,34,37,40,41,45,47,47,49,51,51,52,53,52,54,56,57,57,59,60,59,61,62,62,63
20260729_152303_3a4d7f,1785335236829176,1872011770,0,0,0,-52,128,0,17,17,17,16,16,16,15,15,15,15,15,14,14,14,14,14,14,14,13,13,13,12,12,11,11,11,0,0,0,0,0,0,0,0,0,0,0,9,9,9,10,11,11,12,13,13,13,14,14,14,14,15,15,15,15,16,16,16,17,17,17,17,17,0,32,31,31,30,30,30,28,27,27,28,27,26,27,27,27,26,26,26,26,25,24,23,22,22,21,21,19,18,0,0,0,0,0,0,0,14,15,16,17,18,19,20,23,23,23,24,25,25,26,26,27,27,28,28,28,29,30,30,31,31,31,32,33
20260729_152303_3a4d7f,1785335236926942,1872111794,0,0,0,-52,128,0,17,16,16,16,16,16,16,15,15,14,14,14,14,13,14,14,13,13,13,13,13,12,12,11,11,11,0,0,0,0,0,0,0,0,0,0,0,8,9,9,10,11,11,11,12,13,13,14,14,13,14,15,15,15,15,16,16,16,16,17,17,17,17,0,63,61,61,59,60,58,56,54,54,54,54,53,50,52,51,53,51,51,49,49,47,46,43,43,41,39,36,37,0,0,0,0,0,0,0,25,27,29,32,34,38,39,41,44,46,47,48,50,50,52,52,54,54,55,56,58,58,59,61,60,61,62,62
20260729_152303_3a4d7f,1785335237026337,1872211951,0,0,0,-52,128,0,17,17,17,16,16,16,16,15,15,16,15,15,14,14,14,14,14,14,14,13,13,13,12,11,11,11,0,0,0,0,0,0,0,0,0,0,0,9,9,9,11,11,11,12,13,13,14,13,13,15,15,15,16,15,16,16,16,17,17,17,17,17,17,0,63,63,61,60,59,58,57,57,54,56,55,53,52,52,52,51,51,50,50,48,47,46,45,43,41,40,38,36,0,0,0,0,0,0,0,28,30,31,33,37,38,42,42,45,47,47,50,50,52,52,52,55,55,56,57,59,60,60,62,63,62,63,61
20260729_152303_3a4d7f,1785335237131626,1872311796,0,0,0,-52,128,0,17,16,17,16,16,15,15,15,14,14,14,14,14,14,13,14,13,14,13,13,13,12,12,11,11,11,0,0,0,0,0,0,0,0,0,0,0,8,9,9,10,10,11,12,13,13,13,13,13,14,14,14,14,15,15,15,15,16,16,16,17,17,17,0,62,61,62,59,60,58,56,56,55,55,54,51,52,53,51,52,49,51,50,49,47,45,44,42,40,40,38,38,0,0,0,0,0,0,0,25,29,30,33,34,38,39,42,44,46,48,48,50,51,51,53,55,54,57,55,58,58,60,61,61,61,62,62
20260729_152303_3a4d7f,1785335237225497,1872411537,0,0,0,-52,128,0,16,15,15,15,14,15,14,14,13,13,13,13,13,13,13,13,13,13,13,13,12,12,10,10,10,9,0,0,0,0,0,0,0,0,0,0,0,7,8,9,9,9,10,11,12,12,13,13,13,13,13,14,14,14,14,14,15,15,15,15,15,16,16,0,62,61,60,59,57,58,56,53,53,53,52,52,52,52,51,51,50,50,48,47,46,44,44,42,40,39,36,36,0,0,0,0,0,0,0,25,29,29,31,35,37,39,41,42,44,47,49,49,50,51,51,52,52,55,54,57,57,60,60,60,61,62,61
20260729_152303_3a4d7f,1785335237330746,1872511949,0,0,0,-52,128,0,17,17,16,16,16,16,15,15,15,15,15,14,14,14,14,14,14,14,14,13,13,12,12,11,11,11,0,0,0,0,0,0,0,0,0,0,0,9,9,9,10,11,11,12,13,13,13,14,14,14,14,14,15,15,15,16,16,16,17,16,17,17,17,0,32,32,30,30,30,30,28,28,28,27,27,27,26,26,26,26,25,25,25,25,24,23,22,21,21,20,18,19,0,0,0,0,0,0,0,13,15,16,16,17,19,20,21,23,23,24,25,25,26,26,26,27,28,28,29,29,30,30,31,31,31,31,32
20260729_152303_3a4d7f,1785335237428599,1872611683,0,0,0,-52,128,0,17,17,17,16,16,16,15,15,14,15,14,14,14,14,14,14,14,14,13,13,13,12,12,11,11,11,0,0,0,0,0,0,0,0,0,0,0,7,9,10,10,10,11,12,12,12,14,14,14,14,14,14,15,15,16,16,16,16,16,17,17,17,17,0,63,60,62,61,59,59,56,55,55,55,55,53,50,52,50,52,50,51,50,49,47,44,43,41,40,39,37,36,0,0,0,0,0,0,0,25,28,30,33,34,37,39,41,45,45,48,48,50,51,52,53,54,54,57,56,57,59,59,59,62,62,63,62
20260729_152303_3a4d7f,1785335237528208,1872711845,0,0,0,-52,128,0,16,17,16,16,15,15,15,14,14,14,14,14,14,14,14,13,13,13,13,12,13,12,12,11,11,10,0,0,0,0,0,0,0,0,0,0,0,8,8,9,9,10,11,12,12,12,13,13,13,14,14,14,14,14,15,15,15,16,16,16,16,16,17,0,30,31,31,30,29,28,28,28,27,27,27,26,26,26,26,26,25,25,24,24,23,22,22,21,20,20,18,18,0,0,0,0,0,0,0,13,14,15,16,18,18,20,21,21,22,24,24,24,24,25,26,26,27,28,28,28,29,29,31,30,31,31,30
20260729_152303_3a4d7f,1785335237634180,1872814235,0,0,0,-52,128,0,16,16,17,16,16,16,15,15,14,14,14,14,14,14,13,13,13,13,13,13,13,12,11,11,11,10,0,0,0,0,0,0,0,0,0,0,0,7,9,9,10,10,11,11,12,12,12,13,14,14,14,14,14,15,15,15,16,16,16,16,16,16,16,0,63,62,61,62,59,58,57,55,55,55,55,52,51,54,52,52,50,52,50,48,48,45,43,42,40,40,37,36,0,0,0,0,0,0,0,25,26,30,32,34,35,39,41,43,45,47,48,49,50,52,52,54,54,56,54,57,59,57,62,61,61,63,63
20260729_152303_3a4d7f,1785335237731870,1872912923,0,0,0,-51,128,0,17,17,16,17,16,16,15,15,15,15,15,14,14,14,14,14,14,14,14,13,13,13,12,12,11,11,0,0,0,0,0,0,0,0,0,0,0,9,9,9,10,11,11,12,13,13,14,14,14,14,14,14,15,15,16,16,16,16,16,17,17,17,17,0,32,32,30,31,29,30,28,28,28,29,28,26,27,25,27,26,26,26,25,26,26,22,23,21,21,20,20,19,0,0,0,0,0,0,0,13,15,16,16,18,18,20,21,22,23,25,25,26,26,26,27,27,29,28,29,29,29,31,31,32,31,32,31
20260729_152303_3a4d7f,1785335237827865,1873011746,0,0,0,-52,128,0,16,17,16,16,16,16,16,15,16,15,15,14,14,14,14,14,14,13,13,13,13,12,12,11,11,11,0,0,0,0,0,0,0,0,0,0,0,9,9,9,10,11,11,12,13,13,14,14,14,15,15,15,15,16,16,16,16,16,16,16,16,17,17,0,32,31,32,31,30,30,29,28,28,27,28,27,26,27,26,26,26,25,25,24,24,23,22,21,21,20,19,18,0,0,0,0,0,0,0,13,14,15,17,17,19,20,21,22,23,24,24,25,26,26,27,27,27,29,29,29,30,31,31,32,31,32,33
20260729_152303_3a4d7f,1785335237931866,1873111723,0,0,0,-52,128,0,16,16,16,16,16,15,15,15,14,14,14,13,13,13,14,14,14,14,14,13,13,11,11,11,11,10,0,0,0,0,0,0,0,0,0,0,0,8,8,9,9,10,11,11,12,12,13,13,13,13,13,13,14,15,15,15,16,16,16,16,16,16,17,0,65,62,64,60,62,59,57,56,55,55,55,53,54,54,50,53,51,53,51,49,48,46,45,42,42,39,36,36,0,0,0,0,0,0,0,26,28,31,34,34,38,39,43,44,48,48,50,50,52,52,53,56,54,57,55,59,60,60,62,62,62,64,64
20260729_152303_3a4d7f,1785335238039774,1873211532,0,0,0,-52,128,0,17,16,16,16,16,16,15,15,15,14,14,14,14,15,14,15,13,13,13,13,13,13,12,11,11,11,0,0,0,0,0,0,0,0,0,0,0,8,9,9,10,11,12,12,13,13,13,13,14,14,14,14,14,16,15,15,16,16,16,16,16,16,18,0,64,63,61,62,58,60,57,56,56,56,55,53,53,54,54,52,53,50,51,49,49,45,45,43,41,41,39,37,0,0,0,0,0,0,0,28,28,31,34,36,38,40,42,45,46,49,48,50,50,52,54,53,56,57,57,57,58,62,62,64,64,64,64
20260729_152303_3a4d7f,1785335238132058,1873313588,0,0,0,-52,128,0,17,17,17,16,16,16,16,16,15,14,15,15,14,15,14,15,14,14,14,14,14,13,13,12,11,12,0,0,0,0,0,0,0,0,0,0,0,8,9,9,10,10,11,12,13,13,13,13,13,14,14,15,14,16,16,16,16,16,17,17,17,17,17,0,63,65,63,61,61,61,59,57,56,56,57,56,54,53,54,53,53,52,51,49,49,46,45,44,42,41,39,39,0,0,0,0,0,0,0,26,28,30,32,36,38,39,42,45,47,47,51,51,50,54,53,54,56,55,57,59,61,62,62,62,64,65,64
20260729_152303_3a4d7f,1785335238231745,1873413296,0,0,0,-52,128,0,17,17,17,17,16,16,16,15,15,15,15,15,15,14,15,14,15,14,14,14,13,13,12,12,12,11,0,0,0,0,0,0,0,0,0,0,0,9,9,10,10,11,11,12,13,13,14,14,14,14,14,15,16,15,16,16,16,16,17,17,17,17,17,0,32,32,30,31,29,30,29,28,28,28,27,26,27,26,27,26,26,25,25,24,24,23,23,21,20,20,19,18,0,0,0,0,0,0,0,13,14,16,16,18,18,20,20,22,23,24,25,25,25,26,26,26,28,28,29,28,29,30,31,32,32,32,32
20260729_152303_3a4d7f,1785335238329956,1873511906,0,0,0,-52,128,0,16,16,16,15,15,15,14,14,14,14,14,14,13,14,13,13,13,13,13,12,13,12,11,11,10,10,0,0,0,0,0,0,0,0,0,0,0,7,8,9,10,10,11,12,11,12,12,12,13,13,13,13,14,14,14,15,15,15,16,15,16,16,16,0,32,31,30,30,30,29,29,27,26,27,27,26,26,25,26,26,25,25,25,24,24,22,22,21,20,19,19,18,0,0,0,0,0,0,0,13,14,15,16,17,19,19,20,22,23,24,24,25,25,26,27,27,27,28,28,29,30,30,31,31,32,32,32
20260729_152303_3a4d7f,1785335238429555,1873611896,0,0,0,-52,128,0,16,15,15,15,15,14,14,14,13,13,13,13,13,13,12,12,13,12,12,12,12,11,11,10,10,9,0,0,0,0,0,0,0,0,0,0,0,7,8,9,9,9,10,11,11,11,12,12,13,13,13,13,13,13,14,14,15,15,16,15,16,16,16,0,63,62,62,60,59,57,57,56,54,55,54,51,52,52,52,50,50,49,49,48,47,45,44,42,40,40,37,37,0,0,0,0,0,0,0,26,27,29,32,34,37,39,41,44,45,46,47,50,51,51,52,54,53,56,55,57,58,60,63,62,62,64,64
20260729_152303_3a4d7f,1785335238528077,1873711675,0,0,0,-52,128,0,16,17,16,17,16,15,16,15,14,15,15,14,14,14,14,14,14,14,13,13,13,12,12,12,11,10,0,0,0,0,0,0,0,0,0,0,0,9,9,9,10,11,11,12,13,13,14,14,14,14,14,14,16,14,16,16,16,16,17,17,16,17,18,0,64,63,64,60,59,59,58,56,54,56,55,54,53,53,52,53,52,51,51,48,49,45,45,42,42,40,38,38,0,0,0,0,0,0,0,26,30,31,33,35,38,39,43,45,46,50,49,52,52,53,53,53,56,58,57,60,61,62,62,63,64,65,66
20260729_152303_3a4d7f,1785335238627511,1873812107,0,0,0,-52,128,0,16,16,16,15,15,15,15,14,14,14,14,14,13,14,13,13,13,13,13,12,12,12,11,11,10,10,0,0,0,0,0,0,0,0,0,0,0,8,9,8,9,10,10,11,12,12,12,13,13,13,14,14,14,14,14,15,15,16,16,15,16,16,16,0,30,30,30,30,29,29,28,27,27,27,26,26,26,26,26,25,25,25,25,24,23,22,22,21,20,19,18,18,0,0,0,0,0,0,0,13,13,14,15,17,18,20,20,21,22,23,24,25,25,26,27,27,27,27,28,29,30,30,31,30,32,32,31
20260729_152303_3a4d7f,1785335238727393,1873912089,0,0,0,-52,128,0,16,16,16,15,15,14,14,14,13,13,13,13,13,13,13,13,13,13,13,12,11,11,11,10,10,9,0,0,0,0,0,0,0,0,0,0,0,8,8,8,9,9,10,11,11,11,12,12,13,13,13,13,13,14,13,15,15,15,16,16,16,16,16,0,61,62,61,60,58,57,56,54,53,54,53,52,51,51,51,50,52,49,49,48,46,44,43,42,40,39,36,35,0,0,0,0,0,0,0,26,27,29,31,34,36,39,40,42,44,45,47,48,50,51,52,53,54,53,56,56,58,58,60,61,61,63,63
20260729_152303_3a4d7f,1785335238827670,1874011938,0,0,0,-52,128,0,16,16,16,15,16,15,14,14,14,14,14,13,13,13,13,13,13,13,12,12,12,12,11,11,10,10,0,0,0,0,0,0,0,0,0,0,0,7,8,8,9,10,10,11,12,12,12,12,13,13,13,14,14,14,14,15,15,15,16,15,16,16,16,0,32,31,31,29,29,28,28,27,27,27,25,25,26,26,25,25,25,25,24,24,23,22,21,20,20,20,18,18,0,0,0,0,0,0,0,13,13,15,16,16,18,19,20,21,22,23,24,24,25,26,27,27,26,27,27,29,28,30,30,30,31,31,31
20260729_152303_3a4d7f,1785335238928313,1874112013,0,0,0,-52,128,0,17,16,16,16,16,15,16,15,15,15,14,14,14,14,14,14,14,14,13,13,13,12,12,11,11,11,0,0,0,0,0,0,0,0,0,0,0,9,9,9,10,10,11,11,13,13,13,13,13,14,14,14,15,15,15,16,16,16,16,16,16,18,17,0,64,62,62,61,58,58,57,56,56,55,53,53,53,54,53,50,52,51,51,50,47,47,44,43,42,41,37,37,0,0,0,0,0,0,0,26,29,30,32,35,36,40,42,45,45,48,48,50,51,52,53,55,56,56,57,57,59,61,62,61,63,65,64
20260729_152303_3a4d7f,1785335239028472,1874212831,0,0,0,-52,128,0,17,17,16,16,16,16,15,14,15,15,15,14,14,15,15,14,14,13,13,13,12,12,12,11,11,11,0,0,0,0,0,0,0,0,0,0,0,8,9,9,10,10,11,11,13,13,13,13,14,14,14,14,15,15,16,16,17,17,17,17,17,17,17,0,63,61,61,61,60,59,57,55,55,55,53,53,52,52,52,54,52,52,50,49,48,44,44,43,42,41,38,37,0,0,0,0,0,0,0,26,28,30,33,34,38,39,43,45,46,48,48,51,51,52,51,54,54,57,56,59,60,61,61,61,63,64,65
20260729_152303_3a4d7f,1785335239128181,1874311711,0,0,0,-52,128,0,17,17,17,17,16,16,16,15,15,15,15,15,15,14,15,15,15,14,14,14,14,12,12,11,11,11,0,0,0,0,0,0,0,0,0,0,0,8,9,10,10,11,11,13,13,13,13,13,14,14,14,15,15,16,16,16,16,17,17,17,17,17,17,0,64,64,63,61,60,58,58,55,56,52,56,53,52,52,53,53,50,51,50,49,47,45,44,42,41,41,37,37,0,0,0,0,0,0,0,25,28,29,32,33,37,37,42,44,44,48,48,49,51,51,53,53,55,57,57,58,58,62,63,61,64,64,65
20260729_152303_3a4d7f,1785335239227984,1874412000,0,0,0,-52,128,0,17,17,17,17,17,16,16,15,15,15,15,14,14,15,15,14,14,14,14,14,13,13,13,11,11,11,0,0,0,0,0,0,0,0,0,0,0,8,9,10,11,11,11,12,12,13,13,14,14,15,15,15,15,16,16,16,16,17,17,17,17,18,18,0,62,63,63,60,60,60,58,57,55,56,54,54,53,52,52,51,53,53,52,49,48,45,45,43,41,40,38,37,0,0,0,0,0,0,0,26,28,30,32,35,38,39,42,44,46,47,48,50,51,52,53,53,55,57,56,59,60,61,60,62,65,64,64
20260729_152303_3a4d7f,1785335239326806,1874512090,0,0,0,-52,128,0,17,17,16,16,15,15,16,15,14,14,14,14,14,14,14,15,14,14,13,12,13,12,11,11,11,10,0,0,0,0,0,0,0,0,0,0,0,8,9,9,10,10,11,12,12,13,13,13,13,13,13,14,14,15,15,15,16,16,16,16,16,17,17,0,66,64,64,61,60,60,58,56,56,57,55,55,54,54,53,53,51,53,51,50,47,46,45,42,42,41,38,38,0,0,0,0,0,0,0,25,28,31,34,35,38,39,41,44,47,49,50,50,51,52,54,54,56,57,58,59,59,61,62,63,63,64,67
20260729_152303_3a4d7f,1785335239427226,1874611875,0,0,0,-52,128,0,17,17,17,16,16,16,16,15,15,15,15,15,14,15,15,14,14,14,14,13,13,13,12,12,11,11,0,0,0,0,0,0,0,0,0,0,0,8,9,9,10,11,11,12,12,13,13,14,14,14,14,15,15,15,15,16,16,16,17,17,17,17,17,0,32,33,31,31,30,31,29,29,28,28,28,27,27,27,28,26,27,25,26,25,24,23,23,22,21,20,19,19,0,0,0,0,0,0,0,13,14,16,16,17,18,20,20,22,23,24,25,25,26,26,27,27,28,28,29,30,31,31,31,31,32,32,31
20260729_152303_3a4d7f,1785335239528934,1874711942,0,0,0,-52,128,0,16,15,15,15,15,14,14,14,14,14,14,14,13,13,14,14,14,13,13,12,12,12,11,11,10,10,0,0,0,0,0,0,0,0,0,0,0,8,8,8,9,9,11,11,11,12,12,13,13,13,13,13,14,14,15,14,16,15,16,15,17,17,16,0,62,62,61,59,58,59,56,56,54,55,54,53,52,53,52,52,50,51,50,49,47,46,45,43,41,40,39,37,0,0,0,0,0,0,0,25,26,29,31,33,35,38,41,43,45,47,48,48,51,50,52,53,54,55,56,57,59,59,60,61,61,64,63
20260729_152303_3a4d7f,1785335239628664,1874811906,0,0,0,-52,128,0,16,16,16,16,16,16,14,14,14,13,14,14,13,14,13,13,13,13,13,12,12,12,11,11,10,10,0,0,0,0,0,0,0,0,0,0,0,7,8,8,9,10,10,11,11,12,12,12,13,13,13,14,13,14,14,15,15,15,15,15,16,16,16,0,31,30,31,30,29,29,28,28,27,27,26,26,26,26,25,25,25,25,24,23,23,22,21,20,20,19,18,17,0,0,0,0,0,0,0,12,13,14,15,16,18,19,20,22,21,23,23,25,25,26,26,27,27,28,28,28,30,30,30,30,31,31,31
20260729_152303_3a4d7f,1785335239728266,1874911916,0,0,0,-52,128,0,16,16,15,15,15,15,15,14,13,14,14,13,13,13,13,13,14,13,13,13,12,12,12,11,10,9,0,0,0,0,0,0,0,0,0,0,0,7,7,8,9,9,10,10,10,11,12,12,12,13,13,13,13,13,14,14,14,16,16,16,16,16,16,0,62,62,62,59,59,57,56,55,53,53,52,51,52,52,51,51,51,51,50,48,48,46,43,42,41,40,37,36,0,0,0,0,0,0,0,24,25,28,29,32,35,37,38,41,43,46,46,48,49,50,49,54,52,55,55,58,58,60,60,60,61,64,62
20260729_152303_3a4d7f,1785335239828194,1875011930,0,0,0,-52,128,0,17,16,16,16,15,15,15,15,14,13,13,13,13,13,13,13,13,13,13,12,12,11,11,11,10,10,0,0,0,0,0,0,0,0,0,0,0,7,8,8,9,9,10,11,11,11,12,12,13,14,14,14,14,15,15,15,15,16,16,16,16,17,16,0,32,31,30,31,30,29,29,28,27,28,27,27,27,25,26,26,25,25,25,24,23,23,22,21,20,20,19,18,0,0,0,0,0,0,0,12,13,15,16,17,17,20,19,21,22,24,24,24,25,26,27,26,28,28,30,29,30,30,30,31,32,31,32
20260729_152303_3a4d7f,1785335239928846,1875111400,0,0,0,-52,128,0,17,17,17,16,16,16,16,14,15,14,14,13,13,14,14,14,13,13,13,13,13,12,11,11,11,10,0,0,0,0,0,0,0,0,0,0,0,8,9,9,9,10,11,11,12,13,13,13,14,14,14,14,15,15,15,16,16,16,16,16,17,17,17,0,65,64,61,61,60,58,57,56,55,55,54,52,52,52,53,51,51,51,49,49,46,45,43,42,40,40,37,36,0,0,0,0,0,0,0,25,27,29,32,33,36,39,41,43,45,47,48,50,52,51,52,54,55,56,58,58,60,60,62,62,63,64,64
20260729_152303_3a4d7f,1785335240031223,1875213587,0,0,0,-52,128,0,17,17,17,17,16,16,16,16,15,15,15,15,14,14,15,14,14,14,14,14,13,13,12,12,11,11,0,0,0,0,0,0,0,0,0,0,0,8,9,10,10,11,11,12,12,13,13,13,14,14,14,15,14,15,16,16,16,16,16,16,17,18,18,0,33,32,32,31,30,30,29,28,28,28,28,27,27,27,27,27,26,26,26,25,25,23,22,22,22,21,19,19,0,0,0,0,0,0,0,13,14,15,17,17,19,20,21,22,24,24,25,25,26,26,26,27,28,28,29,29,30,30,31,32,32,32,32
20260729_152303_3a4d7f,1785335240131693,1875311716,0,0,0,-52,128,0,16,16,16,16,15,15,14,14,14,13,13,13,13,13,14,13,13,13,13,12,12,12,12,10,10,10,0,0,0,0,0,0,0,0,0,0,0,7,7,8,9,10,10,11,12,12,12,12,12,13,13,13,14,14,14,14,15,15,15,16,15,16,16,0,64,61,61,60,58,56,56,55,55,53,53,51,52,52,51,52,51,50,49,49,48,45,42,41,41,40,37,36,0,0,0,0,0,0,0,24,26,28,30,33,35,38,40,41,44,45,46,48,50,50,51,52,54,53,54,56,57,58,62,60,62,63,62
20260729_152303_3a4d7f,1785335240244846,1875426471,0,0,0,-51,128,0,16,16,16,16,15,15,14,14,14,14,15,14,14,12,13,14,14,13,12,12,12,11,11,10,10,10,0,0,0,0,0,0,0,0,0,0,0,7,8,9,9,10,10,11,11,12,13,13,13,13,14,14,15,15,15,15,16,15,14,17,16,18,17,0,31,29,29,30,31,28,27,26,27,28,28,24,25,25,25,25,24,25,24,22,24,22,22,21,20,19,19,18,0,0,0,0,0,0,0,11,13,14,15,17,17,18,19,21,22,23,24,25,26,26,25,26,28,26,30,30,28,30,29,31,31,29,29
20260729_152303_3a4d7f,1785335240327107,1875511864,0,0,0,-52,128,0,16,15,15,15,14,14,14,13,13,14,14,13,14,13,13,13,13,12,12,12,12,11,11,11,10,10,0,0,0,0,0,0,0,0,0,0,0,6,7,8,9,9,10,11,11,12,11,12,12,12,12,13,13,13,14,15,15,15,16,15,16,16,15,0,31,31,31,28,30,29,28,27,27,27,25,26,27,28,26,26,26,26,24,25,25,22,22,21,21,20,17,18,0,0,0,0,0,0,0,11,13,14,15,16,17,19,20,21,22,23,23,24,25,25,26,26,26,27,27,28,29,29,30,30,30,32,31
20260729_152303_3a4d7f,1785335240427410,1875610925,0,0,0,-52,128,0,17,16,16,16,15,15,15,14,15,14,14,13,13,13,13,13,13,13,13,12,12,12,11,11,10,10,0,0,0,0,0,0,0,0,0,0,0,7,8,8,9,10,10,11,11,12,13,13,13,14,14,14,14,15,15,15,15,16,16,16,16,16,16,0,32,30,29,30,29,29,27,27,26,27,27,26,25,26,26,25,25,25,25,24,24,22,22,20,20,20,18,18,0,0,0,0,0,0,0,12,13,14,15,16,18,19,20,22,22,23,23,25,26,25,26,26,26,28,28,29,30,29,30,30,31,32,31
20260729_152303_3a4d7f,1785335240528255,1875711239,0,0,0,-52,128,0,17,17,17,17,16,16,16,16,15,15,15,15,15,15,15,15,15,15,14,13,13,12,12,12,11,11,0,0,0,0,0,0,0,0,0,0,0,8,9,10,10,11,11,13,13,13,13,13,14,14,15,15,16,15,16,16,17,17,17,17,17,17,17,0,64,63,63,61,61,59,58,57,55,55,55,54,54,53,52,52,52,51,51,50,49,46,45,44,42,41,39,39,0,0,0,0,0,0,0,26,29,30,33,35,37,40,41,44,45,47,49,50,52,53,53,55,56,56,56,60,60,61,63,61,64,63,64
20260729_152303_3a4d7f,1785335240628403,1875811667,0,0,0,-52,128,0,17,17,17,17,16,16,15,15,15,15,15,14,14,14,14,14,14,14,13,13,13,13,12,11,11,11,0,0,0,0,0,0,0,0,0,0,0,9,9,9,10,11,11,12,12,13,13,14,14,14,14,15,15,15,15,16,16,16,17,17,17,17,17,0,32,32,31,31,30,30,29,28,28,27,27,26,26,26,26,26,26,25,26,26,25,24,23,22,22,22,19,19,0,0,0,0,0,0,0,13,14,16,17,17,19,19,21,22,23,25,24,25,26,26,27,27,28,28,28,29,29,30,31,30,31,32,32
20260729_152303_3a4d7f,1785335240727955,1875911869,0,0,0,-52,128,0,17,17,17,17,17,16,16,15,15,14,15,15,14,14,14,15,14,14,14,13,13,13,13,12,11,12,0,0,0,0,0,0,0,0,0,0,0,9,9,10,10,11,11,12,12,13,14,14,14,14,14,15,15,15,16,16,16,16,17,17,17,17,17,0,63,64,61,62,59,58,57,56,56,57,55,54,52,53,53,52,53,52,51,50,49,47,45,43,42,41,39,38,0,0,0,0,0,0,0,27,28,28,32,34,39,40,42,44,45,47,50,50,50,52,51,53,56,55,56,59,59,60,61,62,62,64,63
20260729_152303_3a4d7f,1785335240834042,1876014312,0,0,0,-52,128,0,18,17,18,17,17,17,17,16,17,16,16,16,16,15,15,16,16,15,14,14,13,14,13,13,13,13,0,0,0,0,0,0,0,0,0,0,0,9,10,11,11,12,13,13,13,14,14,15,14,15,16,16,16,17,17,17,17,18,18,17,18,19,18,0,61,64,62,60,59,59,58,54,55,55,56,53,52,55,53,51,52,50,52,48,51,44,47,45,41,38,38,37,0,0,0,0,0,0,0,27,29,30,33,35,37,39,41,44,46,47,49,50,50,52,53,52,54,54,57,58,60,61,61,62,63,62,63
20260729_152303_3a4d7f,1785335240926296,1876111817,0,0,0,-52,128,0,18,17,17,17,16,16,15,15,15,15,15,14,15,13,14,13,14,14,13,13,12,12,11,10,11,10,0,0,0,0,0,0,0,0,0,0,0,8,8,9,9,10,10,12,13,13,13,13,13,14,14,14,14,15,16,16,16,17,17,17,17,17,17,0,32,31,30,30,29,29,28,27,27,27,27,25,25,27,25,25,26,25,24,26,25,22,21,23,20,19,20,18,0,0,0,0,0,0,0,12,14,15,16,17,18,19,20,22,23,24,24,24,25,26,26,26,28,28,28,28,29,30,30,31,31,31,31
20260729_152303_3a4d7f,1785335241030784,1876211595,0,0,0,-52,128,0,16,15,15,16,15,16,15,15,14,14,14,14,13,13,13,13,13,13,13,13,12,11,11,11,10,10,0,0,0,0,0,0,0,0,0,0,0,8,9,9,9,10,10,11,12,12,13,13,12,13,13,13,14,14,15,15,16,16,16,16,16,16,16,0,32,31,30,30,29,29,29,29,27,27,26,26,27,26,26,26,26,25,25,24,24,23,22,21,21,20,19,18,0,0,0,0,0,0,0,13,14,14,17,17,18,20,21,22,22,23,24,25,25,26,27,26,28,28,28,29,29,30,31,32,32,32,32
20260729_152303_3a4d7f,1785335241128628,1876310961,0,0,0,-52,128,0,17,17,17,16,16,15,15,15,16,15,15,14,14,15,14,14,14,14,13,13,13,13,12,12,12,11,0,0,0,0,0,0,0,0,0,0,0,9,9,10,11,11,11,12,12,13,13,13,14,14,15,15,15,15,15,15,16,16,16,16,16,17,17,0,64,64,63,61,60,61,60,57,56,56,56,54,54,55,53,53,53,51,52,50,48,47,45,44,43,42,38,38,0,0,0,0,0,0,0,27,30,30,33,35,38,41,42,45,45,48,50,50,52,53,54,54,55,57,58,59,60,61,61,63,65,63,64
20260729_152303_3a4d7f,1785335241259406,1876443692,0,0,0,-52,128,0,17,16,17,16,16,16,15,15,14,14,14,14,14,14,13,13,13,13,13,13,13,12,12,11,11,10,0,0,0,0,0,0,0,0,0,0,0,7,9,9,10,10,11,12,12,12,14,14,14,14,14,14,15,15,15,15,16,16,16,16,16,16,16,0,64,62,62,59,58,58,54,55,54,55,54,52,51,52,51,51,51,51,50,48,47,45,43,42,40,40,37,38,0,0,0,0,0,0,0,24,28,28,32,33,36,39,41,43,45,47,47,50,49,51,51,53,54,56,55,58,58,59,60,61,62,62,63
20260729_152303_3a4d7f,1785335241329687,1876511777,0,0,0,-52,128,0,16,15,15,14,15,15,14,14,13,14,13,14,13,14,13,13,13,13,13,12,12,11,11,11,11,11,0,0,0,0,0,0,0,0,0,0,0,7,8,8,9,10,10,11,11,12,12,12,12,13,13,13,13,14,14,15,15,15,16,15,16,16,16,0,62,57,60,57,57,55,57,52,53,52,49,53,54,51,48,51,51,50,47,50,45,46,41,41,41,43,35,38,0,0,0,0,0,0,0,24,26,28,30,33,35,37,40,41,43,45,45,46,48,50,51,53,51,52,52,57,57,58,59,58,60,62,61
20260729_152303_3a4d7f,1785335241431054,1876611475,0,0,0,-52,128,0,17,17,16,16,16,15,15,15,14,15,15,13,14,14,14,13,13,13,13,13,13,12,12,11,11,11,0,0,0,0,0,0,0,0,0,0,0,8,9,9,9,10,11,11,12,13,13,13,13,13,14,14,14,14,15,15,16,16,16,16,16,16,16,0,64,63,62,60,60,59,57,55,55,54,54,53,52,54,52,52,52,52,49,49,49,46,44,44,42,40,37,37,0,0,0,0,0,0,0,25,27,29,32,34,36,38,41,42,45,47,47,48,50,50,51,54,54,56,56,58,58,60,61,60,62,63,63
20260729_152303_3a4d7f,1785335241525766,1876711474,0,0,0,-52,128,0,17,17,17,17,16,16,16,15,15,15,15,15,15,15,15,15,14,14,14,14,13,13,13,12,12,11,0,0,0,0,0,0,0,0,0,0,0,9,9,10,11,12,11,12,13,13,14,14,14,14,15,15,16,15,16,16,16,17,17,17,17,18,18,0,32,32,32,30,31,30,29,29,28,28,28,27,27,28,27,27,26,26,25,25,24,24,23,21,21,21,19,19,0,0,0,0,0,0,0,13,15,16,16,18,19,21,22,22,23,24,25,25,26,26,27,27,28,29,29,29,30,30,31,32,31,32,32
20260729_152303_3a4d7f,1785335241626106,1876811381,0,0,0,-52,128,0,17,17,17,16,15,15,15,14,14,14,15,14,14,13,13,13,13,13,13,12,12,11,11,11,10,10,0,0,0,0,0,0,0,0,0,0,0,7,8,8,9,10,10,11,11,12,12,14,14,14,14,14,15,14,15,15,15,16,16,16,16,16,16,0,64,61,62,61,58,58,56,55,55,54,54,52,53,54,51,55,51,51,51,49,48,47,44,42,42,41,37,37,0,0,0,0,0,0,0,25,28,29,32,33,37,38,41,43,45,47,46,50,51,51,53,54,53,57,55,58,58,61,61,62,62,63,65
20260729_152303_3a4d7f,1785335241734269,1876916823,0,0,0,-52,128,0,18,18,17,16,17,17,16,16,15,15,16,15,15,15,15,15,15,14,15,14,14,13,13,12,12,11,0,0,0,0,0,0,0,0,0,0,0,9,9,10,10,11,12,12,13,13,14,14,14,15,14,15,15,15,15,16,17,17,18,17,18,18,17,0,32,32,30,31,30,29,28,29,28,28,27,26,29,27,27,24,27,26,26,26,25,24,23,22,21,21,19,19,0,0,0,0,0,0,0,13,14,16,17,19,19,20,22,23,25,24,25,24,26,26,28,27,27,26,28,30,29,29,33,29,33,32,32
20260729_152303_3a4d7f,1785335241835016,1877015737,0,0,0,-52,128,0,16,16,16,16,15,16,15,14,14,14,14,14,14,13,14,13,13,13,13,13,12,12,11,11,10,10,0,0,0,0,0,0,0,0,0,0,0,7,8,9,9,10,10,11,11,12,12,13,13,13,13,14,14,14,14,14,15,15,16,16,16,16,16,0,31,30,30,30,29,29,28,28,28,26,27,25,25,25,25,26,25,26,25,23,24,23,20,21,20,21,19,19,0,0,0,0,0,0,0,12,13,15,15,17,18,20,21,21,22,24,24,25,26,25,27,26,27,27,28,29,30,30,30,31,31,31,31
20260729_152303_3a4d7f,1785335241929538,1877111584,0,0,0,-52,128,0,17,17,17,16,16,16,16,15,15,14,14,14,15,15,14,14,14,14,14,13,13,13,12,11,12,10,0,0,0,0,0,0,0,0,0,0,0,8,9,9,9,10,11,11,12,12,13,13,14,14,14,14,14,15,15,16,16,16,17,16,17,17,17,0,32,31,32,30,30,29,29,29,28,28,27,27,26,27,26,26,26,26,26,25,23,25,23,22,24,21,19,18,0,0,0,0,0,0,0,13,15,16,16,17,18,19,21,21,23,24,24,25,25,26,27,27,27,29,28,29,30,29,31,31,31,32,31
20260729_152303_3a4d7f,1785335242028299,1877213799,0,0,0,-52,128,0,17,16,17,15,15,15,15,14,15,14,14,14,14,14,14,14,13,14,13,13,13,13,12,11,11,11,0,0,0,0,0,0,0,0,0,0,0,9,9,9,11,10,11,12,12,13,13,14,14,14,14,14,14,15,14,15,16,16,17,17,17,17,17,0,63,64,61,62,59,59,58,56,57,57,54,54,51,53,52,52,52,50,52,52,46,45,45,45,43,41,38,36,0,0,0,0,0,0,0,27,28,32,33,35,37,40,41,45,46,48,50,50,50,52,53,53,57,56,57,58,60,60,64,62,63,63,64
20260729_152303_3a4d7f,1785335242128793,1877311460,0,0,0,-52,128,0,16,16,16,15,15,15,14,14,14,14,14,14,14,13,13,13,13,13,13,12,12,12,11,11,11,10,0,0,0,0,0,0,0,0,0,0,0,8,9,9,9,10,11,11,12,12,13,13,13,13,13,13,13,15,14,14,15,16,16,15,16,16,16,0,30,30,30,28,29,28,27,27,26,26,27,26,26,26,26,26,24,26,25,24,23,22,22,21,20,19,19,18,0,0,0,0,0,0,0,13,14,14,16,17,17,19,20,21,22,23,23,24,24,24,25,25,26,27,28,28,28,29,29,30,31,31,31
20260729_152303_3a4d7f,1785335242229477,1877411660,0,0,0,-52,128,0,17,17,17,16,16,16,16,15,15,15,14,14,14,14,14,14,14,14,14,13,13,12,12,12,11,11,0,0,0,0,0,0,0,0,0,0,0,8,9,9,10,11,11,12,12,13,13,13,14,15,15,15,15,15,15,16,17,17,17,17,17,18,17,0,31,32,31,30,30,30,29,29,27,28,28,27,27,27,26,27,26,25,25,25,24,24,23,23,20,20,20,19,0,0,0,0,0,0,0,13,15,15,16,18,19,19,21,22,23,23,24,25,26,26,27,27,27,28,28,29,30,30,30,30,31,32,31
20260729_152303_3a4d7f,1785335242328895,1877512233,0,0,0,-52,128,0,16,16,15,16,15,15,15,14,14,14,14,13,13,13,13,13,13,13,13,12,12,12,11,11,10,10,0,0,0,0,0,0,0,0,0,0,0,8,8,9,9,9,10,11,11,12,12,12,13,13,13,13,14,14,14,14,15,15,15,16,16,16,16,0,31,31,29,31,28,29,28,28,27,27,27,25,26,25,26,25,25,25,25,23,23,22,22,21,20,20,19,18,0,0,0,0,0,0,0,12,13,14,15,17,18,19,19,21,22,23,24,24,24,25,25,25,27,27,28,28,28,29,30,31,30,30,31
20260729_152303_3a4d7f,1785335242429026,1877614659,0,0,0,-52,128,0,16,15,15,15,15,14,14,14,13,13,14,14,14,13,13,13,13,13,12,12,12,11,11,11,10,10,0,0,0,0,0,0,0,0,0,0,0,7,8,9,9,10,11,11,11,11,12,13,13,13,13,13,14,14,14,14,14,15,15,15,16,16,16,0,62,62,59,62,57,57,57,55,54,56,54,52,52,52,54,52,53,51,49,49,47,45,45,42,40,39,39,36,0,0,0,0,0,0,0,28,29,31,33,36,38,41,41,43,46,48,51,50,51,52,53,53,55,54,57,57,57,60,60,62,62,64,61
20260729_152303_3a4d7f,1785335242533459,1877714032,0,0,0,-52,128,0,16,16,15,16,15,15,14,14,14,14,14,13,13,13,13,13,13,12,12,12,11,11,11,10,10,9,0,0,0,0,0,0,0,0,0,0,0,8,8,9,10,10,10,11,11,12,13,13,13,13,13,14,14,14,15,14,15,15,15,16,16,16,16,0,31,30,30,30,29,28,27,27,27,26,27,26,25,26,24,25,25,25,24,23,23,21,21,20,19,19,17,17,0,0,0,0,0,0,0,13,13,14,16,17,19,19,21,22,23,23,24,25,26,26,26,27,27,28,28,29,29,29,30,30,31,31,31
20260729_152303_3a4d7f,1785335242628687,1877811875,0,0,0,-52,128,0,17,17,17,17,16,15,15,15,15,15,15,15,14,14,14,14,14,13,13,13,13,12,12,11,11,10,0,0,0,0,0,0,0,0,0,0,0,8,9,9,10,11,11,12,12,14,14,14,14,14,14,15,15,15,17,16,17,17,17,17,17,17,17,0,62,62,61,59,60,59,57,55,55,55,56,53,52,52,53,54,51,51,52,49,48,43,41,43,40,39,37,35,0,0,0,0,0,0,0,25,27,29,32,35,37,39,42,45,47,48,50,52,52,55,54,55,56,58,57,59,61,60,61,63,64,61,66
20260729_152303_3a4d7f,1785335242730647,1877911728,0,0,0,-52,128,0,17,17,17,16,16,16,16,15,15,15,15,15,14,14,14,14,14,14,14,13,13,12,12,11,11,11,0,0,0,0,0,0,0,0,0,0,0,8,9,9,10,10,11,12,13,13,13,14,14,14,15,15,15,16,16,16,16,16,17,17,17,17,17,0,33,32,32,31,29,29,28,27,28,29,27,27,26,27,27,26,26,26,25,24,24,23,23,21,20,20,19,18,0,0,0,0,0,0,0,13,14,16,15,17,18,19,21,22,23,24,25,25,27,26,27,27,29,29,29,29,30,30,31,33,32,32,33
20260729_152303_3a4d7f,1785335242830189,1878011727,0,0,0,-51,128,0,17,17,17,16,16,16,15,15,16,15,15,15,14,14,14,14,14,14,14,13,13,12,12,11,11,11,0,0,0,0,0,0,0,0,0,0,0,9,9,9,10,11,11,12,13,13,14,14,15,15,15,15,15,16,16,16,16,16,17,17,17,17,17,0,32,32,32,30,30,30,29,28,28,28,28,27,26,27,26,27,26,27,25,24,24,23,22,22,20,20,18,18,0,0,0,0,0,0,0,13,14,15,16,17,19,20,21,22,23,24,25,26,26,26,27,28,28,29,29,30,30,31,31,31,32,32,33
20260729_152303_3a4d7f,1785335242925781,1878111603,0,0,0,-52,128,0,17,17,17,16,16,16,16,15,15,15,15,14,14,14,14,14,14,14,13,13,12,12,11,11,11,10,0,0,0,0,0,0,0,0,0,0,0,7,8,9,10,10,11,12,12,13,13,13,14,15,15,15,15,16,15,16,16,17,17,17,17,18,17,0,32,32,31,30,29,30,29,28,27,28,27,27,27,26,26,25,26,25,25,24,23,22,22,21,20,19,18,18,0,0,0,0,0,0,0,12,14,15,15,17,18,19,20,22,23,24,25,25,26,26,27,27,28,28,29,30,30,31,32,31,32,32,32
20260729_152303_3a4d7f,1785335243030599,1878211616,0,0,0,-52,128,0,17,16,17,16,16,16,15,15,14,15,15,14,14,13,14,14,14,14,13,13,13,12,12,11,11,11,0,0,0,0,0,0,0,0,0,0,0,8,8,9,9,11,11,12,13,13,13,14,14,14,14,15,16,16,16,16,16,16,16,16,18,18,18,0,63,62,61,60,59,58,56,55,55,54,54,53,51,51,51,52,51,49,49,47,46,45,43,41,39,38,35,34,0,0,0,0,0,0,0,25,25,28,32,33,36,38,40,43,46,48,49,50,50,51,53,54,56,58,58,58,59,61,62,63,63,63,63
20260729_152303_3a4d7f,1785335243130978,1878311587,0,0,0,-52,128,0,17,17,16,16,16,15,15,15,15,15,15,14,14,14,14,14,14,13,13,13,12,12,12,11,11,10,0,0,0,0,0,0,0,0,0,0,0,8,8,9,10,11,11,12,12,13,13,14,14,14,15,15,15,15,15,16,16,16,17,16,17,17,17,0,32,31,31,29,30,30,29,28,27,27,27,27,27,27,26,26,25,25,25,24,23,23,21,21,19,20,17,17,0,0,0,0,0,0,0,13,13,14,16,17,17,20,20,22,23,24,25,26,26,26,26,27,28,28,29,29,30,32,31,30,32,33,31
20260729_152303_3a4d7f,1785335243229712,1878412065,0,0,0,-52,128,0,17,16,16,16,15,15,14,14,14,14,13,13,14,13,13,13,13,13,13,11,11,11,11,11,10,9,0,0,0,0,0,0,0,0,0,0,0,7,8,8,9,10,11,11,11,12,13,13,13,13,13,13,14,14,14,15,15,15,16,16,16,16,16,0,61,59,60,60,58,59,56,54,54,53,53,53,51,51,50,51,50,49,50,47,45,44,42,42,40,38,35,36,0,0,0,0,0,0,0,25,28,28,30,34,37,39,42,44,46,47,49,50,51,52,52,55,55,56,57,59,58,59,60,61,62,61,62
20260729_152303_3a4d7f,1785335243327792,1878513642,0,0,0,-52,128,0,17,17,17,16,16,16,16,15,15,15,15,14,14,14,14,14,14,14,14,13,13,13,12,12,11,11,0,0,0,0,0,0,0,0,0,0,0,9,9,9,10,11,11,12,12,13,13,14,14,14,14,15,15,15,15,16,16,16,16,16,17,17,17,0,31,31,31,30,30,30,29,29,27,28,27,27,27,27,26,26,26,25,25,25,24,23,22,21,21,20,19,19,0,0,0,0,0,0,0,13,14,16,16,17,19,20,21,22,23,24,25,26,26,26,26,27,27,28,28,29,29,30,30,30,31,31,31
20260729_152303_3a4d7f,1785335243427385,1878613199,0,0,0,-51,128,0,17,16,17,17,16,16,15,14,15,15,14,14,14,15,15,15,13,14,14,13,13,12,12,12,11,11,0,0,0,0,0,0,0,0,0,0,0,8,8,8,10,10,11,11,12,13,13,14,14,13,14,14,14,14,14,15,16,16,17,17,17,17,17,0,65,63,62,62,59,59,59,55,57,56,55,55,55,54,53,54,53,52,52,51,49,47,46,44,43,41,39,38,0,0,0,0,0,0,0,25,27,30,31,34,35,39,41,43,45,48,47,47,51,52,53,54,55,56,58,56,59,59,63,62,62,64,63
20260729_152303_3a4d7f,1785335243525772,1878711481,0,0,0,-51,128,0,16,16,16,16,16,15,16,14,14,15,15,15,14,14,14,14,14,14,14,13,13,13,12,12,11,11,0,0,0,0,0,0,0,0,0,0,0,8,9,9,9,11,11,12,13,13,13,13,14,14,14,14,14,14,15,16,16,16,16,16,16,17,17,0,64,64,62,61,57,58,57,56,57,56,55,54,54,54,54,52,53,51,51,51,48,46,46,44,43,41,38,38,0,0,0,0,0,0,0,27,28,30,32,35,36,39,41,45,46,48,49,50,51,52,52,53,56,55,58,55,59,60,61,63,63,64,65
20260729_152303_3a4d7f,1785335243626447,1878811750,0,0,0,-52,128,0,16,16,16,16,15,15,15,14,14,14,14,13,13,13,13,13,13,13,13,12,12,11,11,10,10,10,0,0,0,0,0,0,0,0,0,0,0,8,9,9,9,10,10,11,11,12,13,13,13,13,13,14,14,14,14,15,15,16,16,16,16,16,17,0,31,31,30,29,29,29,28,27,26,26,26,26,26,26,25,25,25,25,24,23,23,22,21,21,20,19,18,18,0,0,0,0,0,0,0,13,14,15,16,17,19,19,20,22,23,24,24,25,25,25,26,26,26,27,28,29,29,30,30,30,31,31,31
20260729_152303_3a4d7f,1785335243725950,1878911627,0,0,0,-52,128,0,17,16,16,16,15,15,14,14,15,15,14,13,13,13,14,13,13,13,13,13,12,12,11,11,11,10,0,0,0,0,0,0,0,0,0,0,0,7,8,9,9,9,11,11,11,12,13,13,13,13,14,14,14,14,15,15,15,15,15,16,17,17,17,0,62,61,61,59,59,57,56,55,54,54,53,52,52,52,50,51,50,51,49,47,48,45,42,40,40,39,37,37,0,0,0,0,0,0,0,26,27,30,31,33,36,38,42,42,45,46,45,49,51,50,51,53,53,55,55,56,58,59,60,61,61,62,62
20260729_152303_3a4d7f,1785335243826046,1879011381,0,0,0,-52,128,0,16,16,16,15,14,15,14,13,13,14,14,13,13,13,13,13,13,13,13,12,12,11,11,11,9,9,0,0,0,0,0,0,0,0,0,0,0,6,7,8,8,9,9,10,10,11,11,12,12,13,13,13,13,13,13,14,14,15,16,15,16,16,15,0,62,64,60,60,58,59,57,56,54,56,54,53,53,53,53,52,52,50,49,48,47,46,44,42,41,39,39,37,0,0,0,0,0,0,0,25,25,27,29,33,33,37,37,40,41,43,47,48,48,50,51,51,54,53,56,57,57,59,61,60,62,63,62
20260729_152303_3a4d7f,1785335243931394,1879112480,0,0,0,-52,128,0,17,17,17,16,16,15,15,14,14,15,15,14,14,14,14,14,14,14,14,13,12,12,11,11,11,11,0,0,0,0,0,0,0,0,0,0,0,8,8,9,9,10,11,12,12,13,13,13,13,13,14,14,14,14,15,15,16,16,16,17,17,17,17,0,64,64,63,61,61,59,59,57,56,57,56,54,55,54,53,52,52,52,52,50,48,47,44,43,42,41,38,37,0,0,0,0,0,0,0,25,25,29,31,33,36,38,40,43,45,48,50,51,51,51,52,54,54,56,58,58,61,61,62,62,64,64,64
20260729_152303_3a4d7f,1785335244032139,1879211810,0,0,0,-52,128,0,17,17,17,17,16,15,15,15,15,15,14,14,14,14,14,14,14,14,14,13,13,13,12,11,11,10,0,0,0,0,0,0,0,0,0,0,0,8,9,9,10,11,11,12,12,13,13,13,14,14,14,14,15,15,15,15,15,15,16,17,17,17,17,0,63,62,62,59,58,58,56,55,55,55,55,52,52,53,52,53,51,52,51,49,47,45,44,43,41,40,37,37,0,0,0,0,0,0,0,25,29,29,32,35,38,38,42,44,44,47,48,50,50,50,51,53,54,55,55,58,59,60,61,60,62,63,64
20260729_152303_3a4d7f,1785335244126268,1879311456,0,0,0,-52,128,0,17,16,16,16,16,15,16,16,15,15,14,14,14,14,14,14,14,14,13,13,13,12,12,11,11,11,0,0,0,0,0,0,0,0,0,0,0,9,9,9,10,10,11,12,12,13,13,13,13,14,14,14,15,15,16,16,16,16,17,16,17,17,17,0,64,63,63,61,60,59,58,56,57,54,55,53,54,53,53,52,50,52,50,50,48,47,44,43,41,40,38,36,0,0,0,0,0,0,0,25,28,31,33,34,37,39,42,43,45,47,49,51,50,52,54,54,54,54,58,59,59,60,61,62,64,65,64
20260729_152303_3a4d7f,1785335244228752,1879412091,0,0,0,-52,128,0,16,16,16,15,15,15,15,14,14,14,14,13,13,13,13,13,13,13,13,12,12,11,11,11,10,10,0,0,0,0,0,0,0,0,0,0,0,6,7,9,9,9,10,10,11,12,12,13,13,13,13,14,14,14,14,15,15,15,16,16,16,16,16,0,32,30,31,30,29,28,28,27,27,26,26,26,26,25,25,25,24,25,24,23,23,22,21,21,20,19,17,17,0,0,0,0,0,0,0,11,13,14,14,15,17,18,20,21,21,22,23,24,25,25,25,26,26,27,27,28,28,29,30,30,30,31,32
20260729_152303_3a4d7f,1785335244333499,1879514742,0,0,0,-52,128,0,16,16,16,16,15,15,14,14,13,14,14,14,14,14,14,14,13,12,12,12,12,11,11,10,10,9,0,0,0,0,0,0,0,0,0,0,0,7,8,8,9,10,10,10,12,12,12,12,13,13,13,13,13,13,13,14,15,16,16,16,16,17,16,0,64,62,61,60,60,59,57,55,54,54,53,53,51,52,50,51,51,51,48,48,47,45,43,42,40,39,36,36,0,0,0,0,0,0,0,26,27,28,30,34,35,38,41,43,45,46,48,49,50,52,51,53,53,54,55,59,60,59,60,61,63,63,64
20260729_152303_3a4d7f,1785335244431257,1879612628,0,0,0,-52,128,0,16,16,16,15,15,15,14,14,14,13,13,13,13,13,13,13,13,12,12,12,12,11,11,11,10,9,0,0,0,0,0,0,0,0,0,0,0,7,8,9,9,9,10,10,11,12,12,13,13,13,13,13,14,14,14,14,15,15,15,16,16,16,16,0,62,62,57,61,56,57,56,55,55,55,54,51,52,50,53,49,51,49,49,47,46,46,44,42,40,38,37,36,0,0,0,0,0,0,0,26,28,29,30,35,35,40,39,43,46,47,49,50,51,51,52,51,56,54,57,56,58,60,60,62,61,63,63
20260729_152303_3a4d7f,1785335244526866,1879712472,0,0,0,-52,128,0,16,16,16,16,15,15,14,14,14,13,13,13,13,14,13,13,13,12,13,12,12,11,12,11,11,9,0,0,0,0,0,0,0,0,0,0,0,7,8,9,9,10,11,11,11,12,12,12,13,13,14,14,14,14,14,14,15,15,16,16,16,16,16,0,62,61,60,58,56,57,55,54,52,55,50,52,53,51,50,51,50,52,47,52,50,45,42,44,40,39,38,37,0,0,0,0,0,0,0,26,27,28,31,34,35,38,40,41,43,46,47,48,49,51,52,52,54,54,55,56,57,58,60,60,61,62,62
20260729_152303_3a4d7f,1785335244627389,1879812355,0,0,0,-52,128,0,17,17,17,16,16,15,15,14,14,14,14,14,14,15,14,14,13,14,13,13,13,12,11,11,11,11,0,0,0,0,0,0,0,0,0,0,0,8,9,9,10,10,11,11,11,12,12,13,13,14,14,14,14,15,15,16,16,16,16,16,16,17,17,0,64,63,63,59,60,58,58,56,56,56,54,54,54,54,52,54,52,53,52,50,49,47,44,43,42,42,38,39,0,0,0,0,0,0,0,25,28,31,33,35,37,37,42,43,46,47,47,49,50,52,53,54,54,57,56,58,60,60,61,61,63,64,64
20260729_152303_3a4d7f,1785335244725939,1879911385,0,0,0,-52,128,0,17,17,17,16,16,16,16,15,15,15,15,15,15,14,14,14,14,14,14,13,13,13,12,11,11,11,0,0,0,0,0,0,0,0,0,0,0,8,9,9,10,11,11,12,12,13,14,14,14,14,14,15,15,15,15,16,16,16,17,16,17,17,17,0,63,64,62,60,59,59,56,56,55,54,54,53,53,53,51,52,53,50,50,50,48,47,43,43,41,40,38,38,0,0,0,0,0,0,0,27,28,31,32,34,37,40,41,43,46,47,48,49,50,53,54,53,55,56,55,57,59,61,61,61,62,64,63
20260729_152303_3a4d7f,1785335244825900,1880011603,0,0,0,-52,128,0,16,16,16,15,15,14,14,14,14,14,14,13,13,13,13,13,13,13,13,12,12,12,11,11,10,10,0,0,0,0,0,0,0,0,0,0,0,7,8,8,9,9,9,11,11,11,12,13,13,13,13,13,13,14,14,14,15,15,15,16,16,17,16,0,61,62,59,59,58,57,56,55,55,54,54,53,51,53,52,49,51,50,48,49,47,46,44,42,41,39,37,35,0,0,0,0,0,0,0,25,27,29,31,33,35,38,40,42,43,46,47,47,49,50,52,53,52,54,55,57,58,60,62,60,62,63,62
20260729_152303_3a4d7f,1785335244930422,1880112146,0,0,0,-52,128,0,16,16,16,16,15,15,14,14,14,14,13,13,13,13,14,13,13,13,13,12,12,12,12,11,11,10,0,0,0,0,0,0,0,0,0,0,0,8,8,8,9,10,10,11,12,12,12,12,13,13,13,14,14,14,14,15,15,15,15,16,16,16,16,0,62,61,63,59,61,57,56,55,55,53,54,52,52,53,52,53,51,52,49,49,48,47,44,43,42,40,37,37,0,0,0,0,0,0,0,24,27,30,32,34,37,37,42,43,45,47,47,50,50,51,51,54,55,56,55,58,60,59,60,60,63,62,64
20260729_152303_3a4d7f,1785335245031911,1880212642,0,0,0,-52,128,0,17,18,17,17,17,16,16,16,16,16,15,15,15,14,14,14,14,14,14,14,13,13,13,11,11,11,0,0,0,0,0,0,0,0,0,0,0,9,9,10,11,11,11,12,13,13,14,14,14,15,15,15,15,15,16,16,16,17,18,17,17,18,18,0,64,66,62,62,59,60,58,57,56,56,55,53,54,53,53,52,54,50,51,49,48,46,45,44,42,40,39,36,0,0,0,0,0,0,0,27,29,31,32,37,38,41,41,44,46,48,50,51,52,52,54,53,56,56,57,59,60,62,62,64,63,64,64
20260729_152303_3a4d7f,1785335245126427,1880311633,0,0,0,-52,128,0,16,16,16,16,16,15,15,15,14,15,15,14,14,13,14,14,14,13,13,13,13,12,12,12,11,10,0,0,0,0,0,0,0,0,0,0,0,8,8,9,9,10,11,11,12,13,13,13,13,14,14,14,14,14,15,15,16,16,16,16,16,16,17,0,64,63,62,60,60,59,56,57,56,54,54,52,51,54,52,52,51,49,50,52,50,48,40,43,37,38,39,36,0,0,0,0,0,0,0,25,28,30,31,34,36,37,41,43,45,47,47,48,50,51,52,54,54,56,55,58,59,60,61,62,61,63,64
20260729_152303_3a4d7f,1785335245228974,1880412360,0,0,0,-52,128,0,17,16,16,16,16,15,15,14,14,15,14,14,13,13,13,14,13,14,13,12,12,13,12,11,10,10,0,0,0,0,0,0,0,0,0,0,0,7,8,8,9,9,11,11,12,13,13,13,14,13,14,14,14,15,15,15,16,16,16,17,17,17,17,0,64,62,63,61,59,59,55,55,55,57,55,53,52,53,53,52,52,48,49,53,48,48,43,40,44,42,37,39,0,0,0,0,0,0,0,24,27,29,31,32,35,37,41,43,44,46,47,49,51,51,53,54,54,56,57,57,59,59,61,61,62,64,64
20260729_152303_3a4d7f,1785335245330497,1880511821,0,0,0,-52,128,0,16,16,16,16,15,15,15,14,14,14,14,14,13,13,13,13,13,13,13,12,12,12,11,11,10,10,0,0,0,0,0,0,0,0,0,0,0,7,8,9,9,10,10,11,12,12,13,13,13,14,14,14,14,14,15,15,15,15,16,16,16,16,16,0,65,64,61,62,59,59,56,56,55,55,55,53,52,53,53,53,51,50,50,49,48,46,45,44,41,40,38,37,0,0,0,0,0,0,0,25,28,29,31,35,37,38,41,43,45,47,48,50,51,51,53,54,55,57,57,58,58,60,62,62,64,64,64
20260729_152303_3a4d7f,1785335245429556,1880611581,0,0,0,-52,128,0,17,17,16,16,16,16,16,15,15,15,15,14,14,14,14,14,14,14,14,14,13,13,12,12,12,11,0,0,0,0,0,0,0,0,0,0,0,8,9,9,10,10,11,12,12,13,13,13,13,13,14,14,14,15,16,16,16,16,17,16,16,17,18,0,62,61,62,61,60,58,57,55,55,54,54,52,51,51,52,52,51,51,51,49,47,45,44,43,40,39,37,36,0,0,0,0,0,0,0,25,27,29,32,34,36,38,40,43,44,46,47,48,50,52,50,53,54,55,54,58,59,59,59,60,62,62,62
20260729_152303_3a4d7f,1785335245529530,1880711534,0,0,0,-52,128,0,17,17,17,17,17,17,16,15,15,15,15,15,15,15,15,15,15,14,13,13,13,12,12,11,11,11,0,0,0,0,0,0,0,0,0,0,0,8,9,9,10,11,11,11,13,13,13,14,14,14,14,14,15,15,15,16,17,17,17,17,17,17,17,0,63,65,62,61,59,59,57,56,55,56,55,53,53,53,52,52,53,50,52,49,49,46,47,42,41,40,39,37,0,0,0,0,0,0,0,26,28,30,32,35,37,40,41,42,45,47,49,49,50,52,53,53,55,54,57,58,60,59,61,62,63,64,61
20260729_152303_3a4d7f,1785335245630778,1880811667,0,0,0,-52,128,0,17,15,15,15,15,14,15,13,13,14,14,13,13,14,13,13,13,13,13,12,11,11,11,10,10,10,0,0,0,0,0,0,0,0,0,0,0,6,8,8,8,9,10,11,11,11,12,13,13,13,13,13,13,13,14,15,15,15,16,16,16,16,17,0,62,61,61,59,58,57,56,55,54,54,53,51,53,53,51,51,51,49,49,48,46,46,42,41,40,39,37,36,0,0,0,0,0,0,0,24,27,28,30,32,35,37,39,41,43,44,47,48,49,51,52,53,53,55,55,56,58,59,60,60,61,63,62
20260729_152303_3a4d7f,1785335245729064,1880911757,0,0,0,-52,128,0,17,17,17,17,16,16,15,15,15,15,15,14,14,14,14,14,14,13,13,13,13,12,12,11,11,11,0,0,0,0,0,0,0,0,0,0,0,8,9,10,10,11,11,11,12,13,13,13,14,14,14,14,15,15,15,15,16,16,16,17,17,17,17,0,31,32,31,30,30,29,29,28,28,28,27,27,27,27,27,26,26,25,25,25,24,23,23,22,21,20,19,19,0,0,0,0,0,0,0,13,14,15,17,17,19,19,21,22,23,24,25,24,25,26,26,26,28,28,29,28,29,30,31,31,31,31,32
20260729_152303_3a4d7f,1785335245828873,1881011949,0,0,0,-52,128,0,16,17,16,16,15,15,15,15,14,14,14,14,14,14,14,14,14,14,12,12,12,11,11,10,10,10,0,0,0,0,0,0,0,0,0,0,0,7,8,8,9,9,10,11,11,12,12,13,13,13,13,14,13,14,15,15,15,15,16,16,16,16,16,0,63,61,61,57,61,58,56,54,54,53,52,52,52,52,49,51,49,51,50,46,47,45,42,42,39,39,36,37,0,0,0,0,0,0,0,24,26,28,31,32,36,37,40,42,43,45,45,48,49,49,51,53,52,55,54,58,58,59,58,58,62,62,63
20260729_152303_3a4d7f,1785335245928786,1881111613,0,0,0,-52,128,0,17,17,17,16,16,16,15,15,16,14,15,14,13,14,14,14,14,14,14,13,13,13,11,11,11,11,0,0,0,0,0,0,0,0,0,0,0,8,8,9,9,10,11,11,12,12,13,13,14,13,14,15,14,15,15,16,16,16,16,16,17,17,17,0,64,64,62,62,59,59,58,57,56,57,55,54,53,53,53,53,52,52,50,50,48,46,45,43,42,39,38,38,0,0,0,0,0,0,0,25,27,30,31,34,36,39,39,44,46,46,49,49,51,51,54,55,56,56,57,58,61,61,62,63,64,64,64
20260729_152303_3a4d7f,1785335246028060,1881212064,0,0,0,-52,128,0,17,17,17,17,15,15,15,15,15,15,15,15,15,14,14,14,14,13,13,13,13,12,12,11,11,11,0,0,0,0,0,0,0,0,0,0,0,8,9,9,10,10,11,11,13,13,13,13,14,13,14,14,15,15,15,15,15,16,16,17,17,17,17,0,63,63,60,61,59,58,56,56,56,55,54,53,52,51,53,52,52,51,50,49,47,45,44,43,42,40,38,36,0,0,0,0,0,0,0,26,28,30,32,35,36,39,41,44,45,47,48,49,51,51,52,52,55,55,56,56,59,59,60,63,63,64,64
20260729_152303_3a4d7f,1785335246129883,1881313630,0,0,0,-52,128,0,16,15,15,15,15,15,15,14,13,13,13,14,14,14,13,13,13,13,13,13,11,11,10,10,10,9,0,0,0,0,0,0,0,0,0,0,0,7,8,8,9,9,10,10,11,12,12,12,12,13,13,13,13,13,14,15,15,16,16,15,16,16,16,0,62,61,61,58,59,59,57,54,54,52,53,51,53,52,50,51,50,49,48,48,46,45,42,41,40,39,37,36,0,0,0,0,0,0,0,25,27,28,31,34,35,37,39,42,44,45,47,48,49,50,51,52,53,54,55,57,58,59,61,59,62,63,62
20260729_152303_3a4d7f,1785335246231058,1881412357,0,0,0,-52,128,0,16,17,16,16,15,15,15,15,15,15,15,14,14,14,14,14,14,14,14,13,13,13,12,11,12,11,0,0,0,0,0,0,0,0,0,0,0,8,9,9,10,11,11,12,12,13,13,13,14,14,14,14,15,15,15,15,16,16,16,17,16,17,17,0,31,32,30,30,30,30,29,27,28,28,27,26,26,26,26,27,27,25,26,25,25,21,23,21,22,21,18,19,0,0,0,0,0,0,0,13,14,15,16,17,18,19,21,22,22,24,24,25,26,26,26,26,28,27,28,28,29,30,31,32,31,32,32
20260729_152303_3a4d7f,1785335246330535,1881512170,0,0,0,-52,128,0,17,17,17,16,16,16,16,16,15,15,15,15,15,14,14,14,14,14,14,13,13,13,12,12,11,11,0,0,0,0,0,0,0,0,0,0,0,8,9,9,11,11,11,12,13,13,13,13,14,14,14,14,14,14,16,16,16,17,17,17,17,17,17,0,64,66,63,63,62,61,59,58,56,57,57,55,54,55,55,54,53,52,52,49,49,48,46,44,43,40,38,38,0,0,0,0,0,0,0,26,29,30,31,36,37,41,41,44,46,48,49,50,51,52,54,55,57,56,58,59,60,63,63,63,65,65,64
20260729_152303_3a4d7f,1785335246429013,1881611854,0,0,0,-52,128,0,16,16,16,16,16,16,15,15,14,14,14,14,14,14,14,14,14,13,13,13,13,13,12,12,11,11,0,0,0,0,0,0,0,0,0,0,0,8,8,9,9,10,11,11,13,13,13,13,14,14,14,14,14,14,15,15,16,16,16,16,17,17,16,0,64,63,62,61,58,59,57,56,55,56,55,54,53,53,54,53,52,52,51,49,49,46,46,43,43,40,39,38,0,0,0,0,0,0,0,25,26,30,31,34,36,39,41,43,46,47,48,50,51,51,51,53,55,56,56,59,58,61,61,63,63,65,64
20260729_152303_3a4d7f,1785335246528101,1881710836,0,0,0,-52,128,0,15,15,15,15,15,14,14,14,13,14,14,14,13,14,13,13,13,13,13,12,12,12,11,11,11,10,0,0,0,0,0,0,0,0,0,0,0,7,8,9,9,9,10,11,11,12,12,13,13,13,14,14,14,14,15,15,15,16,16,16,16,16,16,0,32,31,31,30,30,30,29,28,28,27,27,27,26,26,26,26,25,25,25,25,24,23,22,21,21,20,18,18,0,0,0,0,0,0,0,13,13,14,16,17,17,19,20,21,22,23,24,25,25,25,26,27,27,28,28,29,30,30,31,31,31,32,32
20260729_152303_3a4d7f,1785335246633186,1881815941,0,0,0,-52,128,0,16,16,15,16,15,15,14,14,14,15,14,14,14,13,13,13,13,13,12,12,12,11,11,11,10,10,0,0,0,0,0,0,0,0,0,0,0,7,8,8,9,10,10,11,12,11,13,12,13,13,13,13,14,14,15,14,16,15,16,16,16,16,16,0,31,30,29,30,28,28,27,27,27,27,26,25,25,25,25,24,25,25,24,23,23,22,21,19,19,19,18,17,0,0,0,0,0,0,0,12,14,13,15,17,17,19,20,22,22,22,24,24,25,25,25,26,27,27,27,27,28,29,29,30,30,31,31
20260729_152303_3a4d7f,1785335246732438,1881912571,0,0,0,-52,128,0,17,17,17,17,16,16,15,15,15,14,15,15,14,15,15,15,14,14,14,13,13,13,13,12,11,11,0,0,0,0,0,0,0,0,0,0,0,9,9,10,11,11,11,12,13,13,14,14,14,15,15,15,15,16,16,16,16,17,17,17,17,17,17,0,64,64,63,61,60,59,57,57,56,56,55,54,54,54,53,52,52,51,50,50,48,46,44,44,43,40,38,38,0,0,0,0,0,0,0,28,29,30,33,35,38,42,43,44,47,48,51,50,52,52,54,56,56,56,58,60,61,61,62,61,62,64,64
20260729_152303_3a4d7f,1785335246825690,1882011579,0,0,0,-52,128,0,16,16,16,15,15,15,14,14,14,13,14,13,13,14,13,14,13,14,13,13,13,12,10,10,10,10,0,0,0,0,0,0,0,0,0,0,0,7,8,9,9,9,10,11,11,12,12,13,13,13,13,14,14,14,14,15,15,15,16,16,16,16,16,0,31,30,29,30,28,28,27,27,26,27,28,26,26,25,26,25,25,25,24,24,23,22,22,21,20,20,19,19,0,0,0,0,0,0,0,13,13,14,16,17,18,19,20,22,22,24,24,24,25,25,25,26,27,27,28,28,28,29,29,31,31,31,31
20260729_152303_3a4d7f,1785335246928094,1882111760,0,0,0,-52,128,0,16,16,16,16,16,16,15,14,14,14,14,14,14,14,14,14,14,14,13,13,13,12,12,11,11,11,0,0,0,0,0,0,0,0,0,0,0,8,9,9,10,10,12,12,12,12,13,13,13,13,13,13,14,15,15,15,15,15,16,16,16,16,17,0,60,63,60,61,59,58,55,54,55,55,55,53,51,51,51,51,52,50,50,48,48,45,45,42,41,40,39,39,0,0,0,0,0,0,0,25,27,29,30,33,35,39,40,43,45,45,47,49,50,50,51,51,53,54,57,57,59,58,59,62,61,63,63
20260729_152303_3a4d7f,1785335247028967,1882211902,0,0,0,-52,128,0,16,15,15,15,14,14,14,14,14,14,14,13,13,13,13,13,13,13,12,12,12,11,11,11,10,10,0,0,0,0,0,0,0,0,0,0,0,7,7,9,9,9,10,11,11,12,12,13,12,12,13,13,14,14,15,15,15,15,16,16,16,16,16,0,31,30,30,30,29,28,28,27,27,26,27,26,26,26,26,26,25,26,25,24,25,22,22,21,20,20,19,18,0,0,0,0,0,0,0,13,13,14,16,17,19,19,21,21,22,23,24,25,25,26,26,27,28,28,28,29,29,29,30,31,32,32,32
20260729_152303_3a4d7f,1785335247125947,1882311561,0,0,0,-52,128,0,16,16,16,15,15,14,14,14,14,14,14,13,13,13,13,13,13,13,13,12,12,12,11,11,10,10,0,0,0,0,0,0,0,0,0,0,0,7,8,8,9,9,10,11,11,12,12,13,13,13,14,13,14,14,14,14,15,15,16,16,16,17,16,0,61,63,61,61,58,58,56,55,54,54,52,53,51,52,52,51,51,50,49,47,47,44,44,41,40,38,38,37,0,0,0,0,0,0,0,24,27,29,30,34,35,39,40,43,44,44,48,48,48,51,51,51,53,54,57,57,58,59,59,61,63,62,63
20260729_152303_3a4d7f,1785335247230277,1882411506,0,0,0,-52,128,0,17,17,17,17,16,16,16,15,15,15,15,15,15,15,14,14,14,14,14,14,13,13,13,12,12,12,0,0,0,0,0,0,0,0,0,0,0,8,9,10,10,11,12,12,12,13,13,14,14,14,14,15,15,15,16,16,16,16,17,17,17,17,18,0,33,32,31,31,30,29,28,28,28,28,28,27,26,27,26,26,25,27,25,25,25,24,22,21,21,21,19,18,0,0,0,0,0,0,0,13,15,16,17,17,18,20,21,22,23,24,24,25,26,26,26,27,28,29,29,29,30,30,32,30,31,32,33
20260729_152303_3a4d7f,1785335247334977,1882515573,0,0,0,-52,128,0,17,17,17,16,16,16,15,15,14,14,14,14,14,14,14,13,13,13,13,13,13,12,12,11,11,11,0,0,0,0,0,0,0,0,0,0,0,8,8,9,10,11,11,11,12,13,13,14,14,14,14,14,15,15,15,16,16,16,16,16,17,17,17,0,64,63,62,60,61,58,57,56,54,55,56,53,52,53,51,52,51,52,50,49,47,45,44,42,41,40,37,37,0,0,0,0,0,0,0,25,27,31,32,35,37,39,42,45,47,47,49,50,52,51,53,53,54,57,57,60,60,60,62,62,63,64,64
20260729_152303_3a4d7f,1785335247426288,1882611997,0,0,0,-52,128,0,16,16,16,16,15,15,15,14,14,14,13,13,13,13,14,14,14,13,14,13,12,11,11,10,10,10,0,0,0,0,0,0,0,0,0,0,0,8,8,9,10,10,10,11,11,12,12,12,13,13,13,14,14,14,15,15,15,16,16,16,16,17,16,0,31,31,31,29,30,29,28,28,27,27,27,26,26,26,25,26,25,25,24,24,23,22,21,20,20,20,18,18,0,0,0,0,0,0,0,13,13,14,16,16,18,18,20,21,22,23,24,24,25,25,26,27,26,28,27,28,29,30,30,30,31,32,32
20260729_152303_3a4d7f,1785335247530897,1882712530,0,0,0,-52,128,0,17,17,17,16,16,16,16,15,15,15,15,15,14,14,14,14,14,14,14,13,13,12,12,12,11,11,0,0,0,0,0,0,0,0,0,0,0,8,8,9,10,11,11,12,12,13,13,13,14,14,14,15,15,15,15,15,16,17,17,17,17,17,17,0,63,64,64,60,59,60,57,58,56,56,56,55,53,53,53,53,53,52,52,49,49,46,45,44,42,41,39,38,0,0,0,0,0,0,0,27,28,30,32,34,38,40,41,42,45,47,49,49,51,51,52,53,53,56,56,59,61,60,62,62,64,65,63
20260729_152303_3a4d7f,1785335247631856,1882811824,0,0,0,-52,128,0,17,16,16,15,15,15,14,14,14,13,13,13,13,13,13,13,13,13,13,12,12,12,11,11,10,10,0,0,0,0,0,0,0,0,0,0,0,7,8,8,9,9,10,10,11,11,12,13,13,13,13,13,14,14,14,14,15,15,15,16,16,16,16,0,31,30,29,29,30,29,27,28,27,26,26,26,25,25,26,26,25,25,25,22,23,22,21,20,20,19,18,18,0,0,0,0,0,0,0,13,13,14,15,16,18,19,20,21,22,23,23,24,24,25,25,26,26,27,28,28,28,30,29,30,31,31,31
20260729_152303_3a4d7f,1785335247730419,1882911362,0,0,0,-52,128,0,17,17,17,17,16,16,16,15,15,15,15,15,15,14,14,14,14,13,14,13,13,13,12,12,12,11,0,0,0,0,0,0,0,0,0,0,0,9,9,9,11,11,12,12,13,13,14,14,14,14,14,14,15,15,15,16,16,16,17,17,17,17,17,0,63,63,62,62,60,59,58,56,55,56,56,54,53,53,52,52,53,51,51,50,49,46,44,43,40,39,38,37,0,0,0,0,0,0,0,27,28,30,31,35,37,40,41,43,46,46,49,51,51,51,53,54,55,57,57,59,59,61,62,62,64,63,63
20260729_152303_3a4d7f,1785335247829564,1883011642,0,0,0,-52,128,0,16,16,16,16,15,15,14,14,14,14,14,14,14,13,13,13,13,13,12,12,12,11,11,10,10,10,0,0,0,0,0,0,0,0,0,0,0,7,8,8,9,10,10,10,11,11,13,13,13,13,13,13,14,14,14,14,15,15,15,16,16,17,17,0,63,62,60,60,59,58,56,56,54,54,53,53,51,53,51,52,51,50,50,49,48,46,44,41,41,39,38,37,0,0,0,0,0,0,0,25,26,28,30,33,37,37,40,42,43,45,47,48,50,50,51,52,52,55,55,58,59,60,62,62,62,64,62
20260729_152303_3a4d7f,1785335247927507,1883111554,0,0,0,-52,128,0,16,16,16,15,15,15,14,14,14,13,13,13,13,13,13,13,13,13,12,13,11,11,11,11,11,10,0,0,0,0,0,0,0,0,0,0,0,7,8,9,9,9,11,11,11,12,12,13,13,14,14,14,14,14,14,15,16,16,16,16,16,16,16,0,62,64,61,61,59,58,55,56,54,54,54,52,54,51,53,52,50,49,49,48,48,43,43,41,40,38,38,37,0,0,0,0,0,0,0,25,27,29,31,34,37,38,41,42,45,47,50,49,50,51,52,53,54,54,56,58,57,61,60,61,63,64,63
20260729_152303_3a4d7f,1785335248032989,1883212923,0,0,0,-52,128,0,17,17,17,17,17,16,16,16,16,15,14,14,14,14,14,14,14,14,14,13,13,13,12,12,11,11,0,0,0,0,0,0,0,0,0,0,0,8,9,10,10,11,11,12,12,13,13,14,15,15,15,15,15,15,16,16,17,17,17,17,17,18,17,0,32,32,31,31,30,30,30,29,28,28,28,28,26,26,27,26,26,26,25,24,24,23,23,21,21,20,19,19,0,0,0,0,0,0,0,13,14,15,16,18,19,20,21,22,23,24,25,25,27,27,27,27,28,28,29,29,30,31,31,31,32,32,31
20260729_152303_3a4d7f,1785335248125296,1883311095,0,0,0,-52,128,0,16,16,16,15,15,15,15,14,14,14,14,14,14,13,13,13,13,13,12,12,11,11,11,10,10,9,0,0,0,0,0,0,0,0,0,0,0,7,8,9,9,10,10,11,11,11,12,12,13,13,13,13,14,14,14,14,14,15,15,16,16,16,16,0,62,62,60,61,57,58,57,55,54,55,53,51,51,53,52,50,51,49,50,48,46,45,44,41,39,38,36,36,0,0,0,0,0,0,0,25,28,29,30,34,36,38,40,43,45,47,47,50,50,51,52,52,53,54,57,57,58,59,61,61,62,63,62
20260729_152303_3a4d7f,1785335248230452,1883411456,0,0,0,-52,128,0,17,16,16,16,15,15,15,15,15,14,13,13,13,13,13,13,13,13,13,12,12,11,11,11,10,10,0,0,0,0,0,0,0,0,0,0,0,7,8,9,9,10,10,11,11,12,12,12,13,14,14,14,15,15,15,15,16,16,16,17,16,17,17,0,31,30,30,30,29,29,28,28,27,27,27,26,25,26,25,26,25,25,24,24,23,22,21,20,20,19,18,18,0,0,0,0,0,0,0,12,13,14,16,17,17,19,20,22,23,24,24,24,25,26,25,27,28,28,28,29,29,30,30,31,31,31,31
20260729_152303_3a4d7f,1785335248330238,1883511801,0,0,0,-52,128,0,18,17,18,16,17,16,16,16,15,15,15,15,15,15,15,15,15,15,14,13,13,13,13,13,11,12,0,0,0,0,0,0,0,0,0,0,0,9,9,10,10,12,12,12,13,13,13,13,14,14,15,15,15,16,15,16,16,17,17,17,17,17,18,0,65,65,64,62,61,61,58,59,56,56,57,56,55,55,51,53,53,52,51,50,48,47,45,44,42,41,39,38,0,0,0,0,0,0,0,27,28,31,32,35,38,39,42,44,45,48,48,50,53,53,53,54,55,55,56,59,60,60,64,60,64,64,64
20260729_152303_3a4d7f,1785335248429865,1883611850,0,0,0,-52,128,0,17,16,16,16,16,16,15,15,15,14,14,13,13,13,14,14,14,13,14,13,13,11,11,11,11,11,0,0,0,0,0,0,0,0,0,0,0,7,8,9,9,10,11,11,11,13,13,13,13,13,13,14,14,14,16,15,16,16,16,16,16,17,16,0,65,64,62,61,59,59,56,55,56,56,55,54,54,53,52,53,52,53,51,50,48,47,45,43,43,41,39,38,0,0,0,0,0,0,0,24,27,29,33,33,36,39,42,43,45,47,48,49,51,51,54,55,54,56,56,58,59,61,63,61,63,64,65
20260729_152303_3a4d7f,1785335248531100,1883713490,0,0,0,-52,128,0,16,16,16,16,15,15,14,14,14,14,14,13,13,14,14,14,13,13,13,13,12,12,12,10,10,9,0,0,0,0,0,0,0,0,0,0,0,7,8,8,9,9,10,11,11,11,12,12,13,13,13,13,14,14,14,15,15,15,15,16,16,16,16,0,31,30,30,29,29,28,27,26,26,27,26,26,25,26,26,26,25,25,24,24,24,22,22,20,20,19,18,18,0,0,0,0,0,0,0,12,14,14,15,17,19,18,20,21,22,23,23,24,24,24,25,26,27,26,27,28,28,29,29,29,30,30,31
20260729_152303_3a4d7f,1785335248626314,1883811948,0,0,0,-52,128,0,17,17,17,16,16,15,15,15,15,15,15,15,14,14,14,14,14,14,14,13,13,13,12,12,11,11,0,0,0,0,0,0,0,0,0,0,0,8,9,10,10,11,11,12,13,13,13,14,14,14,14,15,15,15,15,15,16,16,16,16,17,17,17,0,31,31,31,30,30,30,29,29,27,27,27,26,26,26,26,26,26,26,25,25,24,24,23,21,21,21,20,19,0,0,0,0,0,0,0,13,14,15,17,17,19,20,21,22,23,25,25,25,25,27,28,27,28,28,28,30,30,30,31,31,32,32,31
20260729_152303_3a4d7f,1785335248732503,1883913554,0,0,0,-52,128,0,17,17,17,16,16,15,15,15,15,15,15,15,14,14,14,14,13,13,13,13,12,12,11,11,11,11,0,0,0,0,0,0,0,0,0,0,0,9,9,9,10,11,11,12,13,12,13,14,14,14,14,14,15,15,14,15,16,16,16,17,17,17,17,0,60,62,61,59,56,57,55,55,53,54,53,52,51,51,52,49,50,48,47,47,47,44,44,41,40,38,38,36,0,0,0,0,0,0,0,24,27,28,31,34,36,39,40,43,45,46,50,47,49,51,51,51,55,53,54,56,57,59,60,61,60,62,60
20260729_152303_3a4d7f,1785335248832242,1884012033,0,0,0,-52,128,0,17,18,18,16,16,16,16,16,16,15,15,14,14,15,15,15,15,14,13,13,13,13,13,13,11,11,0,0,0,0,0,0,0,0,0,0,0,9,9,10,10,11,11,12,13,13,13,13,13,14,15,15,15,15,15,16,16,16,17,16,17,17,17,0,63,63,62,59,60,60,58,56,54,54,55,54,53,54,52,52,53,51,51,50,49,47,45,44,42,41,38,38,0,0,0,0,0,0,0,26,28,29,32,35,38,40,41,43,45,46,49,48,50,52,52,53,53,56,56,59,60,60,61,61,64,63,62
20260729_152303_3a4d7f,1785335248925873,1884111345,0,0,0,-52,128,0,17,16,16,16,16,15,15,15,14,14,14,14,14,14,14,14,13,13,13,13,13,12,11,11,11,11,0,0,0,0,0,0,0,0,0,0,0,9,9,9,10,10,11,11,12,12,12,13,13,14,14,14,14,15,15,15,15,16,16,16,17,17,17,0,63,61,61,60,59,59,56,55,54,54,54,52,52,51,52,52,52,51,51,49,48,45,44,42,41,40,38,37,0,0,0,0,0,0,0,25,28,30,33,35,38,38,41,43,46,46,48,49,51,52,52,53,54,56,55,57,59,60,61,61,61,63,64
20260729_152303_3a4d7f,1785335249027256,1884211306,0,0,0,-52,128,0,17,17,17,17,17,17,15,15,15,15,14,14,14,14,14,14,14,14,14,13,13,13,12,12,12,11,0,0,0,0,0,0,0,0,0,0,0,8,9,9,10,11,12,12,12,13,13,13,14,14,15,15,15,15,15,16,16,17,17,17,17,17,17,0,62,65,60,62,58,59,57,55,55,56,54,53,55,51,53,49,53,48,49,48,47,46,46,43,41,39,39,36,0,0,0,0,0,0,0,26,28,30,30,36,36,41,40,42,44,48,50,49,50,53,54,53,56,53,58,57,59,59,61,63,62,63,62
20260729_152303_3a4d7f,1785335322026850,1957212086,0,0,1,-54,128,0,16,16,16,16,15,15,14,14,13,13,13,13,13,13,13,13,13,12,12,11,11,11,10,10,9,9,0,0,0,0,0,0,0,0,0,0,0,9,9,11,11,13,13,14,14,14,15,15,15,15,15,15,16,16,16,16,16,16,16,17,17,17,17,0,30,29,29,29,27,27,25,26,25,25,24,24,23,23,24,23,22,23,22,22,21,20,19,18,18,17,16,15,0,0,0,0,0,0,0,15,16,17,19,20,22,23,24,26,25,27,28,28,28,28,29,28,30,29,29,29,29,30,30,31,30,30,30
20260729_152303_3a4d7f,1785335322130373,1957311658,0,0,1,-54,128,0,16,16,16,14,14,14,14,14,13,13,13,13,12,13,12,12,13,13,12,12,12,12,10,10,9,9,0,0,0,0,0,0,0,0,0,0,0,9,9,10,12,12,13,13,13,14,14,15,14,16,15,16,15,16,15,16,16,16,16,16,16,16,16,0,58,58,58,56,55,55,54,51,50,51,49,48,48,48,47,48,47,47,46,44,43,41,41,38,37,36,34,33,0,0,0,0,0,0,0,29,33,34,38,40,43,47,49,50,52,55,55,56,55,57,55,58,56,59,58,60,59,61,60,59,62,62,61
20260729_152303_3a4d7f,1785335322228575,1957411888,0,0,1,-55,128,0,16,16,16,16,15,15,15,14,14,15,15,14,14,14,14,14,14,13,13,13,13,12,12,12,11,11,0,0,0,0,0,0,0,0,0,0,0,9,10,11,12,12,13,13,13,14,14,14,15,15,15,15,15,15,16,16,16,16,16,16,16,17,16,0,30,31,30,29,29,29,27,27,26,28,26,26,26,26,26,26,25,25,25,24,24,23,22,21,20,20,19,18,0,0,0,0,0,0,0,16,17,17,19,21,22,22,24,26,25,26,27,27,27,26,27,27,29,29,28,29,30,30,30,30,30,31,30
20260729_152303_3a4d7f,1785335322328337,1957511944,0,0,1,-56,128,0,15,14,14,13,13,13,11,11,11,11,11,11,10,10,10,10,9,9,9,8,8,8,7,7,7,7,0,0,0,0,0,0,0,0,0,0,0,12,12,13,14,14,16,16,16,16,16,17,17,17,17,17,17,17,16,17,16,17,17,15,16,15,16,0,55,52,52,50,48,47,44,43,43,40,40,39,38,39,35,39,36,36,33,33,31,30,29,28,27,28,25,24,0,0,0,0,0,0,0,38,43,43,47,48,54,54,57,59,60,62,62,63,64,64,62,64,61,62,61,63,62,60,60,58,60,59,57
20260729_152303_3a4d7f,1785335322428223,1957611320,0,0,1,-55,128,0,15,15,14,15,15,14,14,13,13,13,13,12,13,13,13,12,12,12,12,12,11,11,11,10,10,10,0,0,0,0,0,0,0,0,0,0,0,9,10,11,12,13,13,13,14,15,15,15,16,16,16,15,16,15,16,15,15,15,16,16,16,16,15,0,28,28,28,27,26,27,25,24,23,24,24,23,22,22,22,22,22,21,22,21,21,20,21,18,18,17,18,16,0,0,0,0,0,0,0,16,17,18,18,20,21,23,23,24,25,26,27,28,28,28,28,28,29,28,30,29,29,29,29,29,29,30,28
20260729_152303_3a4d7f,1785335322528593,1957711622,0,0,1,-55,128,0,17,16,16,14,15,14,14,13,13,13,13,11,11,11,11,11,10,10,10,10,9,9,8,8,8,7,0,0,0,0,0,0,0,0,0,0,0,10,11,12,12,13,14,15,15,16,16,17,17,17,17,17,17,17,17,17,17,17,17,17,17,18,17,0,30,30,29,27,27,26,26,24,23,23,23,22,22,22,20,21,20,21,19,18,17,16,16,15,14,15,12,13,0,0,0,0,0,0,0,17,19,19,22,22,25,25,27,27,29,29,30,30,30,31,32,32,31,32,31,32,32,32,31,30,32,32,32
20260729_152303_3a4d7f,1785335322629948,1957811398,0,0,1,-56,128,0,15,15,15,15,14,15,14,14,14,13,13,13,13,13,13,13,12,12,12,12,11,11,11,11,11,11,0,0,0,0,0,0,0,0,0,0,0,9,10,11,11,12,13,13,13,13,14,14,15,15,15,15,15,16,14,15,15,15,15,15,15,16,15,0,58,59,58,55,56,55,55,52,53,50,50,51,51,50,48,50,47,50,47,48,46,45,43,41,40,40,36,35,0,0,0,0,0,0,0,34,34,38,40,40,42,45,48,49,51,53,52,52,54,55,56,57,55,58,56,58,59,58,61,59,58,61,59
20260729_152303_3a4d7f,1785335322730483,1957911505,0,0,1,-56,128,0,17,16,16,15,15,15,14,14,14,14,14,14,14,14,14,14,13,14,13,14,13,13,13,11,11,11,0,0,0,0,0,0,0,0,0,0,0,8,9,9,9,10,10,11,11,12,12,13,14,14,14,14,14,14,14,15,15,16,16,16,16,16,16,0,61,58,59,58,58,57,55,56,54,55,54,53,53,54,53,53,53,54,52,50,51,49,47,45,42,44,39,39,0,0,0,0,0,0,0,24,27,28,32,32,36,37,41,43,42,45,46,49,48,50,52,54,55,56,54,55,57,59,61,60,62,60,58
20260729_152303_3a4d7f,1785335322830721,1958013307,0,0,1,-54,128,0,16,14,14,14,14,14,14,13,13,13,13,13,13,13,12,12,11,11,11,11,10,10,9,9,9,8,0,0,0,0,0,0,0,0,0,0,0,10,10,11,11,13,13,13,14,15,15,15,15,16,16,16,16,16,15,16,16,16,16,16,16,17,16,0,59,57,57,54,54,52,51,50,49,47,49,48,47,48,44,45,45,44,43,42,39,38,36,35,34,32,29,29,0,0,0,0,0,0,0,33,35,38,40,41,46,47,49,51,53,54,54,56,57,57,60,59,57,60,58,62,62,59,61,59,61,61,59
20260729_152303_3a4d7f,1785335322928069,1958112662,0,0,1,-56,128,0,16,16,16,15,15,15,14,14,14,14,14,14,14,14,13,14,14,14,14,13,13,12,12,12,11,11,0,0,0,0,0,0,0,0,0,0,0,7,8,8,9,9,9,10,10,11,12,12,12,12,12,12,13,14,14,14,14,15,15,16,16,16,16,0,60,60,59,58,59,58,56,56,56,56,55,54,53,55,53,52,55,56,53,50,52,50,50,45,45,41,39,42,0,0,0,0,0,0,0,25,27,27,29,32,36,36,39,41,41,44,46,47,45,48,47,50,50,51,54,55,55,54,56,57,60,60,62
20260729_152303_3a4d7f,1785335323025683,1958211519,0,0,1,-56,128,0,17,17,17,16,16,15,15,15,15,15,14,15,14,15,15,15,15,14,14,14,13,13,12,11,11,11,0,0,0,0,0,0,0,0,0,0,0,9,10,10,11,11,12,13,13,13,14,14,15,15,15,15,15,15,15,17,17,17,17,17,17,17,17,0,63,61,63,60,58,59,57,58,56,54,55,55,54,53,52,53,52,52,52,50,48,48,44,43,41,42,38,38,0,0,0,0,0,0,0,30,33,34,36,38,41,43,43,45,47,50,50,51,52,54,54,56,54,56,56,59,59,60,61,60,62,64,62
20260729_152303_3a4d7f,1785335323129499,1958311607,0,0,1,-55,128,0,16,16,15,15,14,14,14,13,13,13,13,12,12,12,13,12,13,12,12,11,11,11,10,10,10,9,0,0,0,0,0,0,0,0,0,0,0,9,9,9,10,11,11,11,12,12,13,13,13,14,14,14,14,15,15,15,15,16,16,16,16,16,16,0,31,31,30,30,29,28,27,27,26,27,25,25,25,24,24,24,24,23,22,22,21,20,19,19,18,18,17,16,0,0,0,0,0,0,0,15,15,16,17,18,20,22,22,23,24,25,26,26,26,27,28,28,29,29,30,29,30,31,31,31,32,32,32
20260729_152303_3a4d7f,1785335323225475,1958411819,0,0,1,-52,128,0,16,15,15,15,14,14,13,13,13,13,13,12,12,12,11,12,12,12,11,11,11,10,9,9,9,9,0,0,0,0,0,0,0,0,0,0,0,9,9,11,11,11,12,12,13,13,13,14,14,15,15,15,15,16,15,16,16,16,16,16,16,16,16,0,62,60,59,58,57,54,52,51,52,51,49,49,47,47,48,47,47,46,44,42,41,41,39,38,37,34,34,32,0,0,0,0,0,0,0,32,34,35,37,42,43,45,47,49,52,55,55,56,56,57,57,57,60,58,61,61,60,61,60,65,62,63,61
20260729_152303_3a4d7f,1785335323328182,1958513322,0,0,1,-51,128,0,16,17,17,16,16,16,15,15,14,15,15,15,15,15,14,13,14,13,13,13,13,12,12,12,11,11,0,0,0,0,0,0,0,0,0,0,0,9,10,11,11,12,12,14,14,14,14,14,14,16,16,15,16,16,16,16,17,17,17,17,17,17,17,0,61,59,59,58,59,57,54,54,53,53,53,52,51,52,51,51,51,50,49,48,48,45,44,43,41,40,37,38,0,0,0,0,0,0,0,29,32,33,36,38,42,44,47,47,50,51,52,54,55,55,55,57,57,58,57,60,60,61,62,60,63,61,62
20260729_152303_3a4d7f,1785335323426777,1958612890,0,0,1,-52,128,0,17,18,17,16,16,16,16,15,15,15,14,14,14,14,14,14,14,14,13,13,13,13,12,11,11,11,0,0,0,0,0,0,0,0,0,0,0,9,10,11,12,12,12,14,14,15,15,16,16,16,16,16,16,16,17,16,17,18,18,18,17,18,17,0,60,60,61,57,57,57,55,54,52,52,52,50,50,50,49,49,50,48,48,47,46,44,43,42,41,40,37,36,0,0,0,0,0,0,0,29,33,34,36,40,41,44,46,48,50,51,53,54,54,56,57,57,57,57,58,60,62,62,63,60,64,63,63
20260729_152303_3a4d7f,1785335323526504,1958711891,0,0,1,-54,128,0,16,16,15,15,15,15,15,14,14,14,14,14,14,14,15,14,14,14,14,14,14,14,13,13,13,12,0,0,0,0,0,0,0,0,0,0,0,7,7,7,9,9,8,10,11,11,11,11,12,12,13,13,13,13,14,14,15,15,15,16,16,16,16,0,62,62,59,59,59,59,55,56,54,55,54,54,53,54,54,55,56,54,55,54,54,53,52,50,50,48,47,47,0,0,0,0,0,0,0,19,23,24,25,29,30,33,34,37,38,40,43,45,46,47,49,50,52,52,54,57,56,59,57,59,61,62,60
20260729_152303_3a4d7f,1785335323639735,1958826204,0,0,1,-54,128,0,16,16,16,16,16,15,15,15,15,14,15,15,14,15,15,15,15,15,15,15,15,15,14,13,13,13,0,0,0,0,0,0,0,0,0,0,0,6,6,7,6,8,8,8,9,10,10,10,11,12,12,12,13,13,13,13,14,15,15,15,16,16,16,0,62,62,62,61,60,59,57,58,57,57,58,57,55,57,57,58,59,58,59,57,57,54,55,53,52,49,50,50,0,0,0,0,0,0,0,18,18,21,24,25,28,30,33,36,37,38,39,43,44,44,46,47,49,51,54,52,56,57,57,58,59,62,60
20260729_152303_3a4d7f,1785335323726462,1958912136,0,0,1,-54,128,0,16,16,16,16,16,15,15,15,15,15,14,14,15,14,15,15,15,15,15,14,14,15,14,14,12,12,0,0,0,0,0,0,0,0,0,0,0,6,6,7,7,9,9,9,9,10,11,11,11,11,13,13,13,13,13,14,14,15,16,16,16,16,16,0,62,62,60,62,59,59,55,57,56,57,55,56,54,58,51,54,55,54,57,55,54,53,50,49,51,48,45,47,0,0,0,0,0,0,0,20,23,22,24,27,29,33,34,37,37,40,42,42,44,45,47,47,49,50,52,55,55,56,58,58,59,62,59
20260729_152303_3a4d7f,1785335323827010,1959011999,0,0,1,-52,128,0,16,16,15,15,14,15,14,13,13,13,13,14,13,13,13,13,13,13,13,13,13,12,12,12,11,11,0,0,0,0,0,0,0,0,0,0,0,8,8,9,10,11,10,11,11,12,13,13,13,13,13,13,14,14,14,14,15,15,15,16,16,16,16,0,31,29,29,28,28,27,28,27,26,26,27,26,25,26,25,26,25,25,26,25,25,24,22,22,21,22,20,20,0,0,0,0,0,0,0,13,14,15,17,17,19,20,21,22,23,23,24,25,25,25,25,26,27,27,27,28,28,29,29,30,31,31,31
20260729_152303_3a4d7f,1785335323925856,1959112126,0,0,1,-53,128,0,16,16,16,16,16,15,14,14,14,14,14,14,14,14,14,14,14,14,14,13,13,13,13,12,12,12,0,0,0,0,0,0,0,0,0,0,0,8,9,10,10,11,12,12,13,13,13,13,13,14,15,15,14,14,14,16,15,16,16,16,16,16,16,0,61,60,60,59,57,57,56,54,54,53,53,53,53,51,51,52,52,52,52,51,50,49,48,47,45,45,43,41,0,0,0,0,0,0,0,28,30,33,35,38,39,42,44,47,47,49,49,50,50,53,54,55,55,53,56,57,58,59,60,60,61,62,60
