session_id,host_unix_us,timestamp_us,label,esp_label,settling,rssi,num_subcarriers,amp_0,amp_1,amp_2,amp_3,amp_4,amp_5,amp_6,amp_7,amp_8,amp_9,amp_10,amp_11,amp_12,amp_13,amp_14,amp_15,amp_16,amp_17,amp_18,amp_19,amp_20,amp_21,amp_22,amp_23,amp_24,amp_25,amp_26,amp_27,amp_28,amp_29,amp_30,amp_31,amp_32,amp_33,amp_34,amp_35,amp_36,amp_37,amp_38,amp_39,amp_40,amp_41,amp_42,amp_43,amp_44,amp_45,amp_46,amp_47,amp_48,amp_49,amp_50,amp_51,amp_52,amp_53,amp_54,amp_55,amp_56,amp_57,amp_58,amp_59,amp_60,amp_61,amp_62,amp_63,amp_64,amp_65,amp_66,amp_67,amp_68,amp_69,amp_70,amp_71,amp_72,amp_73,amp_74,amp_75,amp_76,amp_77,amp_78,amp_79,amp_80,amp_81,amp_82,amp_83,amp_84,amp_85,amp_86,amp_87,amp_88,amp_89,amp_90,amp_91,amp_92,amp_93,amp_94,amp_95,amp_96,amp_97,amp_98,amp_99,amp_100,amp_101,amp_102,amp_103,amp_104,amp_105,amp_106,amp_107,amp_108,amp_109,amp_110,amp_111,amp_112,amp_113,amp_114,amp_115,amp_116,amp_117,amp_118,amp_119,amp_120,amp_121,amp_122,amp_123,amp_124,amp_125,amp_126,amp_127
20260726_164847_905931,1785081001965302,300812734,2,2,0,-46,128,0,15,15,15,14,14,14,14,13,14,14,14,15,14,15,15,15,15,15,15,16,15,15,15,15,15,15,0,0,0,0,0,0,0,0,0,0,0,9,9,10,11,12,12,13,13,14,14,14,14,14,14,14,14,14,14,14,14,15,15,15,15,15,14,0,55,54,53,52,52,50,51,50,51,52,52,53,55,55,55,57,57,58,58,59,60,58,58,56,57,56,53,54,0,0,0,0,0,0,0,27,30,33,35,38,42,43,46,47,49,50,52,52,52,53,54,54,52,53,52,54,53,55,55,54,54,55,53
20260726_164847_905931,1785081002072420,300919270,2,2,0,-46,128,0,14,13,13,13,13,13,13,13,13,13,13,13,13,13,14,15,15,15,15,15,15,14,14,14,14,14,0,0,0,0,0,0,0,0,0,0,0,8,9,9,10,10,11,12,13,13,13,13,13,13,13,13,13,13,13,13,13,13,14,14,14,14,13,0,54,52,52,52,49,50,50,48,48,53,51,52,52,53,55,54,55,59,58,58,58,58,56,56,55,55,52,52,0,0,0,0,0,0,0,27,30,32,34,36,40,42,44,46,48,50,51,50,50,52,51,51,52,52,52,53,54,53,54,55,52,54,52
20260726_164847_905931,1785081002163637,301012522,2,2,0,-46,128,0,15,13,13,13,13,13,13,13,13,13,13,13,13,13,14,14,14,15,15,15,15,15,14,14,14,14,0,0,0,0,0,0,0,0,0,0,0,8,9,9,10,11,12,12,12,13,13,14,14,14,14,14,14,14,14,14,14,14,14,14,14,15,14,0,53,53,52,52,52,50,49,49,50,52,52,50,52,53,55,55,57,57,58,58,59,56,57,57,56,54,53,52,0,0,0,0,0,0,0,26,29,34,35,36,39,42,45,46,48,51,50,52,53,50,52,51,53,52,53,52,53,53,53,53,53,54,53
20260726_164847_905931,1785081002264980,301113967,2,2,0,-46,128,0,14,14,15,15,14,14,14,13,13,15,15,14,14,14,15,16,16,16,16,16,16,16,16,15,15,15,0,0,0,0,0,0,0,0,0,0,0,9,10,10,11,12,13,13,13,14,14,14,14,15,14,14,15,15,15,15,15,14,15,15,15,15,15,0,54,54,53,52,52,53,51,50,49,52,53,52,52,53,55,56,56,59,60,58,59,56,58,57,57,56,51,54,0,0,0,0,0,0,0,28,31,33,35,38,41,44,45,47,51,50,51,51,53,53,52,52,54,54,53,55,54,54,55,54,55,53,54
20260726_164847_905931,1785081002366982,301217050,2,2,0,-46,128,0,14,14,14,14,13,13,12,13,13,13,13,13,13,13,14,14,14,14,14,14,14,14,14,14,14,14,0,0,0,0,0,0,0,0,0,0,0,8,8,9,9,11,11,12,13,13,13,13,13,14,13,13,13,14,14,14,14,14,14,14,14,14,14,0,55,52,54,52,52,51,50,49,50,50,52,51,50,53,53,54,54,58,58,57,57,57,54,55,54,56,49,52,0,0,0,0,0,0,0,27,29,31,34,35,40,41,44,47,48,49,49,52,53,53,54,52,52,55,52,55,53,55,55,54,53,55,55
20260726_164847_905931,1785081002463281,301314136,2,2,0,-46,128,0,15,14,14,14,14,14,14,14,14,14,14,14,14,15,15,15,15,16,16,16,16,15,15,15,15,15,0,0,0,0,0,0,0,0,0,0,0,9,10,10,11,11,12,13,13,14,13,14,14,15,15,15,15,15,15,15,15,15,15,15,15,15,15,0,55,54,56,53,53,52,51,51,51,51,54,50,49,55,54,59,56,57,61,61,60,57,56,53,57,57,52,52,0,0,0,0,0,0,0,28,30,32,36,36,39,42,45,47,49,50,50,52,53,53,52,54,53,56,53,54,54,54,55,55,55,55,55
20260726_164847_905931,1785081002565481,301413402,2,2,0,-46,128,0,13,13,13,13,13,13,13,13,13,13,13,13,13,13,14,15,15,15,16,16,16,15,14,14,14,14,0,0,0,0,0,0,0,0,0,0,0,8,9,9,9,10,11,11,12,12,13,13,13,13,13,13,13,13,13,13,13,13,14,13,14,14,13,0,51,54,52,52,51,52,50,50,49,52,52,52,52,54,56,56,56,58,59,59,59,57,58,56,55,54,53,52,0,0,0,0,0,0,0,27,28,29,33,36,37,41,43,44,46,48,49,49,50,49,50,51,50,51,50,53,53,53,52,52,53,55,52
20260726_164847_905931,1785081002664104,301512837,2,2,0,-47,128,0,13,14,14,13,13,13,13,13,13,13,14,13,13,14,15,15,15,16,16,16,16,15,15,16,15,14,0,0,0,0,0,0,0,0,0,0,0,7,7,8,9,9,9,11,11,12,12,12,12,12,12,12,13,13,13,13,13,13,13,13,13,13,13,0,53,52,51,53,50,51,50,50,52,52,53,51,53,55,55,59,58,60,61,61,62,60,62,59,59,59,54,56,0,0,0,0,0,0,0,23,25,25,29,32,34,37,41,41,44,46,46,46,48,48,48,49,49,50,49,49,50,53,52,51,51,54,52
20260726_164847_905931,1785081002761369,301612105,2,2,0,-46,128,0,15,14,14,14,14,14,14,14,14,14,14,14,14,15,15,16,16,16,16,16,16,16,16,16,15,15,0,0,0,0,0,0,0,0,0,0,0,9,9,10,11,11,12,13,13,13,14,14,14,14,14,14,14,14,14,14,14,14,14,14,15,14,15,0,53,55,52,53,51,52,50,51,50,55,54,53,53,53,58,57,59,58,60,60,61,58,60,57,55,56,53,53,0,0,0,0,0,0,0,28,31,32,33,36,38,41,44,46,48,49,50,51,51,51,52,49,53,52,52,50,52,54,52,53,53,52,52
20260726_164847_905931,1785081002864090,301712356,2,2,0,-47,128,0,13,13,13,13,14,13,13,13,13,13,13,14,14,15,15,16,16,16,16,16,16,16,16,16,15,15,0,0,0,0,0,0,0,0,0,0,0,8,8,9,10,10,11,11,11,11,12,12,12,12,13,13,13,13,13,13,13,13,13,13,13,13,13,0,50,54,52,52,50,53,52,55,51,54,54,55,54,56,58,58,60,59,63,60,62,60,62,59,58,57,57,54,0,0,0,0,0,0,0,27,28,30,32,35,36,40,40,43,43,45,46,47,46,47,48,47,49,48,50,48,50,49,50,51,51,51,50
20260726_164847_905931,1785081002961123,301811831,2,2,0,-46,128,0,13,13,13,13,13,13,14,14,14,14,14,14,14,15,15,16,16,16,16,16,17,16,16,15,15,15,0,0,0,0,0,0,0,0,0,0,0,6,8,8,9,9,10,11,10,11,11,11,12,12,12,12,12,12,12,13,13,13,13,13,13,13,13,0,54,53,52,53,53,53,53,53,52,54,54,55,55,57,58,59,61,63,63,63,64,62,63,61,60,59,58,56,0,0,0,0,0,0,0,22,24,27,29,32,35,36,38,40,44,43,45,44,47,47,48,48,49,49,48,49,50,50,51,52,52,53,54
20260726_164847_905931,1785081003064708,301914473,2,2,0,-46,128,0,13,13,13,14,13,13,13,13,13,13,14,14,14,14,14,16,15,16,16,15,15,16,15,15,15,15,0,0,0,0,0,0,0,0,0,0,0,7,8,8,9,10,10,11,11,11,12,11,13,13,13,13,12,13,13,13,13,13,14,13,14,13,13,0,26,26,26,28,27,26,26,25,25,27,26,27,27,28,28,29,30,30,31,30,30,29,29,29,28,27,27,27,0,0,0,0,0,0,0,12,14,15,15,17,18,19,20,21,21,23,24,24,24,23,24,23,24,23,26,25,25,26,25,26,26,27,28
20260726_164847_905931,1785081003162809,302013046,2,2,0,-46,128,0,14,14,14,13,14,13,14,13,13,13,14,14,14,14,14,15,15,16,16,15,15,15,15,15,15,14,0,0,0,0,0,0,0,0,0,0,0,8,9,9,11,11,11,12,12,13,12,13,13,13,13,14,13,14,13,14,14,14,14,14,14,14,14,0,54,53,53,52,53,51,52,52,53,52,52,53,54,57,54,58,58,60,59,61,62,61,57,57,57,57,53,54,0,0,0,0,0,0,0,26,29,31,33,35,38,39,43,44,46,48,48,48,48,50,49,49,50,51,50,51,51,51,52,51,51,52,52
20260726_164847_905931,1785081003265486,302112148,2,2,0,-45,128,0,14,13,13,14,13,13,13,13,13,13,14,13,13,13,14,14,14,15,15,15,15,14,14,14,14,14,0,0,0,0,0,0,0,0,0,0,0,8,8,9,10,10,11,11,12,12,12,12,12,12,12,12,13,13,13,12,13,13,13,13,13,13,13,0,53,52,52,53,52,51,51,50,51,52,52,52,52,54,55,56,56,58,58,58,59,57,55,55,55,54,49,50,0,0,0,0,0,0,0,28,27,31,34,35,38,39,42,43,45,47,46,48,49,48,47,49,48,50,47,49,50,49,50,50,51,51,51
20260726_164847_905931,1785081003362008,302211960,2,2,0,-46,128,0,14,14,14,14,14,14,14,14,14,14,14,15,15,16,16,16,16,16,16,16,17,16,16,16,16,16,0,0,0,0,0,0,0,0,0,0,0,8,9,9,10,11,11,12,12,13,13,13,13,13,13,13,13,14,13,14,13,14,14,14,14,14,14,0,54,54,55,53,54,54,53,53,54,55,55,54,55,57,57,60,61,61,62,62,63,60,60,59,58,57,54,53,0,0,0,0,0,0,0,26,29,31,34,35,38,39,42,43,46,47,48,47,50,49,49,49,49,52,51,51,51,52,53,53,53,52,53
20260726_164847_905931,1785081003464192,302312306,2,2,0,-46,128,0,14,13,13,13,13,13,13,13,13,14,14,13,13,14,14,15,15,15,15,15,15,15,14,14,14,15,0,0,0,0,0,0,0,0,0,0,0,8,8,9,9,10,10,12,12,12,13,13,13,13,13,13,12,13,12,13,13,13,13,13,13,14,14,0,53,53,50,54,52,51,51,51,51,53,52,51,53,54,56,56,57,59,60,60,59,58,59,57,56,55,53,52,0,0,0,0,0,0,0,26,30,30,32,35,36,40,39,44,46,47,48,47,48,48,50,48,49,49,50,49,50,50,51,52,53,52,52
20260726_164847_905931,1785081003559812,302412078,2,2,0,-46,128,0,13,13,13,13,13,13,13,13,13,13,13,13,14,13,13,14,14,14,14,14,14,14,13,14,14,14,0,0,0,0,0,0,0,0,0,0,0,7,8,9,9,10,11,11,11,13,12,12,12,13,12,13,12,13,13,13,13,14,14,14,14,14,13,0,55,54,54,53,53,53,52,51,51,52,54,53,52,55,54,57,56,60,59,59,59,56,57,55,54,55,50,51,0,0,0,0,0,0,0,27,29,30,34,35,39,39,44,44,48,49,49,50,51,50,51,52,51,52,51,53,54,53,52,53,55,56,54
20260726_164847_905931,1785081003661661,302512088,2,2,0,-45,128,0,14,15,15,15,14,14,14,14,14,15,14,14,14,15,15,15,16,16,16,16,16,15,15,15,15,14,0,0,0,0,0,0,0,0,0,0,0,9,9,11,11,11,13,13,14,14,14,14,14,15,13,14,14,15,14,15,14,15,15,15,14,15,14,0,56,55,55,54,53,54,52,53,51,54,53,53,54,56,56,57,57,58,59,59,61,59,58,55,56,56,52,52,0,0,0,0,0,0,0,29,31,33,36,37,42,43,45,46,50,50,52,52,52,52,52,53,52,54,53,54,54,54,54,53,55,55,55
20260726_164847_905931,1785081003764494,302612194,2,2,0,-47,128,0,13,13,13,13,13,13,13,13,13,13,13,13,14,14,14,15,15,15,15,15,15,15,15,15,15,14,0,0,0,0,0,0,0,0,0,0,0,7,7,7,9,9,9,10,11,11,11,11,12,12,12,12,12,12,13,12,13,13,13,13,13,13,14,0,55,51,52,52,52,52,53,52,52,52,54,54,55,58,57,58,59,60,62,61,62,62,59,59,60,58,56,55,0,0,0,0,0,0,0,23,25,27,30,32,34,38,40,40,43,46,46,46,47,47,50,49,49,49,51,50,50,52,51,51,53,52,53
20260726_164847_905931,1785081003860873,302712395,2,2,0,-48,128,0,14,14,14,14,14,14,14,14,14,13,15,14,15,16,16,16,16,17,17,17,17,16,17,16,16,16,0,0,0,0,0,0,0,0,0,0,0,6,7,8,8,8,9,10,10,11,11,12,12,11,12,12,12,12,12,13,13,13,13,13,14,14,13,0,54,53,51,54,53,54,54,55,54,56,57,56,58,62,60,64,63,64,64,67,66,65,64,64,63,63,59,60,0,0,0,0,0,0,0,21,23,24,28,28,31,35,35,38,39,42,43,43,44,44,46,47,45,46,47,48,48,50,50,50,51,51,51
20260726_164847_905931,1785081003963609,302811909,2,2,0,-48,128,0,13,13,13,13,13,13,14,14,14,14,14,14,15,15,16,17,17,17,17,17,17,17,17,17,17,17,0,0,0,0,0,0,0,0,0,0,0,7,7,8,9,9,9,10,10,11,11,11,11,11,11,12,12,12,12,12,12,12,12,13,13,13,13,0,52,53,55,52,52,54,54,53,55,56,57,56,57,61,61,64,63,66,65,67,68,67,65,64,63,65,60,61,0,0,0,0,0,0,0,20,23,25,27,28,31,33,36,38,40,41,42,43,45,43,44,47,46,47,46,48,48,49,49,49,51,52,53
20260726_164847_905931,1785081004059918,302911967,2,2,0,-46,128,0,14,14,14,14,13,14,13,13,14,14,14,14,14,15,15,16,16,16,16,16,16,15,15,15,15,15,0,0,0,0,0,0,0,0,0,0,0,8,8,9,9,9,11,11,12,12,13,13,13,13,13,13,13,13,14,13,13,14,14,14,14,14,14,0,54,54,54,54,53,53,52,52,51,54,54,53,53,55,56,58,58,59,60,59,61,59,60,58,56,54,54,53,0,0,0,0,0,0,0,23,25,29,31,34,35,39,40,43,44,47,47,48,48,50,50,50,50,51,52,52,51,53,53,54,53,54,52
20260726_164847_905931,1785081004162333,303011327,2,2,0,-45,128,0,14,14,14,14,14,14,14,14,14,14,14,14,14,14,15,15,15,16,16,16,16,15,15,15,15,15,0,0,0,0,0,0,0,0,0,0,0,9,9,10,10,11,12,12,13,13,13,13,13,13,13,13,14,13,13,14,14,14,14,14,14,14,14,0,55,54,54,54,51,53,51,52,52,54,55,55,54,57,56,59,58,60,60,62,60,59,59,58,57,58,52,53,0,0,0,0,0,0,0,28,30,33,35,37,39,40,44,46,49,50,50,50,51,51,52,52,52,52,52,52,53,53,55,53,53,54,56
20260726_164847_905931,1785081004259817,303111861,2,2,0,-46,128,0,15,15,15,15,15,14,14,14,14,14,15,14,14,16,16,16,16,17,17,16,17,16,16,16,15,15,0,0,0,0,0,0,0,0,0,0,0,9,9,10,10,10,12,12,12,13,13,13,14,14,13,14,14,14,14,14,14,14,14,14,14,15,15,0,54,55,55,53,53,54,52,53,52,54,56,54,55,57,58,58,60,60,61,61,60,58,56,56,56,56,51,53,0,0,0,0,0,0,0,26,30,31,32,36,36,40,42,45,46,47,47,48,49,49,50,51,52,51,51,51,53,51,52,53,54,54,54
20260726_164847_905931,1785081004363019,303211887,2,2,0,-47,128,0,13,13,12,13,13,13,14,13,13,13,13,13,13,14,14,15,15,15,16,15,16,16,16,15,15,15,0,0,0,0,0,0,0,0,0,0,0,6,6,8,9,9,9,10,10,11,11,11,11,12,12,11,11,12,11,12,12,12,12,12,13,13,13,0,52,54,53,51,52,51,51,53,52,56,56,54,53,56,58,61,60,62,62,62,64,60,62,60,60,60,57,57,0,0,0,0,0,0,0,23,25,26,28,31,33,36,37,39,43,43,46,45,46,46,45,47,46,48,47,49,49,50,50,50,51,52,51
20260726_164847_905931,1785081004471528,303322814,2,2,0,-48,128,0,13,13,13,14,13,14,14,14,14,14,14,14,14,15,16,16,17,17,17,17,17,17,17,16,16,16,0,0,0,0,0,0,0,0,0,0,0,7,7,8,8,9,10,10,10,11,11,12,12,12,13,13,13,13,13,13,13,13,14,13,13,13,13,0,26,26,26,25,27,26,26,26,26,27,29,28,28,29,29,31,31,33,33,33,33,32,33,33,32,32,30,31,0,0,0,0,0,0,0,10,11,13,14,14,17,17,19,20,21,22,21,22,23,22,23,23,23,24,25,25,25,25,26,26,26,26,26
20260726_164847_905931,1785081004579199,303426993,2,2,0,-47,128,0,14,14,14,14,14,14,14,14,14,14,14,15,15,15,16,16,16,16,17,17,17,17,17,16,16,16,0,0,0,0,0,0,0,0,0,0,0,7,8,9,9,9,10,11,11,12,12,12,13,13,13,13,13,13,13,13,14,13,14,14,14,14,14,0,53,54,53,53,53,53,53,53,53,55,55,56,57,59,58,61,62,63,62,65,65,65,61,61,63,62,58,58,0,0,0,0,0,0,0,22,23,26,30,31,32,37,39,39,41,44,45,45,46,47,48,49,49,49,50,49,50,51,53,51,53,54,53
20260726_164847_905931,1785081004693166,303540166,2,2,0,-47,128,0,14,14,14,14,15,14,14,14,14,14,15,15,15,16,16,17,16,17,17,17,17,17,17,17,17,16,0,0,0,0,0,0,0,0,0,0,0,8,9,9,9,11,11,12,13,12,12,13,13,13,13,13,13,14,13,14,14,14,14,14,13,14,15,0,52,53,52,52,52,55,53,52,51,53,52,54,53,56,57,59,61,59,61,60,64,64,62,60,57,61,54,54,0,0,0,0,0,0,0,25,27,30,32,33,35,38,39,42,45,46,47,46,48,48,48,47,50,50,48,49,50,50,51,50,51,55,53
20260726_164847_905931,1785081004761779,303612766,2,2,0,-47,128,0,14,14,14,14,14,14,14,14,14,14,15,15,15,16,16,17,17,17,17,17,17,17,17,17,17,16,0,0,0,0,0,0,0,0,0,0,0,7,8,8,9,10,10,10,11,11,11,11,12,12,12,13,12,13,13,13,13,13,13,14,13,13,13,0,52,53,52,52,52,53,54,54,53,54,55,56,58,60,58,61,62,65,63,63,65,64,64,64,61,63,59,58,0,0,0,0,0,0,0,21,23,25,28,29,31,33,37,38,40,42,43,43,43,45,45,47,47,48,47,48,49,50,49,50,50,52,51
20260726_164847_905931,1785081004865204,303714289,2,2,0,-46,128,0,14,14,14,15,14,14,14,14,14,14,14,15,15,16,16,16,16,17,17,17,17,16,16,16,16,15,0,0,0,0,0,0,0,0,0,0,0,7,8,9,9,9,10,11,11,12,12,12,12,13,12,13,13,13,13,13,13,13,14,14,14,14,14,0,55,55,53,55,54,55,53,53,54,55,56,55,55,58,60,62,61,64,64,63,64,63,61,61,60,59,54,57,0,0,0,0,0,0,0,23,25,27,30,32,35,36,39,41,42,45,45,45,47,47,48,49,50,50,49,51,50,51,51,53,52,53,54
20260726_164847_905931,1785081004961830,303812234,2,2,0,-45,128,0,14,13,13,13,13,13,13,13,13,13,13,13,13,13,14,14,14,14,15,15,15,14,14,14,14,14,0,0,0,0,0,0,0,0,0,0,0,8,9,9,10,10,11,11,12,12,12,13,13,13,12,12,13,13,13,13,13,13,13,13,13,14,14,0,54,51,52,52,52,50,50,50,50,52,51,51,52,56,54,58,55,58,58,58,59,57,54,55,56,54,49,51,0,0,0,0,0,0,0,27,29,31,36,36,39,40,43,44,46,48,48,49,49,49,49,50,49,51,49,49,50,50,51,51,52,53,53
20260726_164847_905931,1785081005064935,303912415,2,2,0,-47,128,0,14,14,13,13,13,13,13,13,13,13,14,13,13,13,15,15,15,14,15,15,15,15,15,14,14,14,0,0,0,0,0,0,0,0,0,0,0,9,10,10,11,11,12,13,13,13,13,14,14,14,14,14,14,14,14,14,14,14,14,14,14,14,14,0,52,52,55,50,53,51,49,49,49,49,50,50,50,53,54,56,55,57,57,57,58,55,56,55,52,54,51,51,0,0,0,0,0,0,0,31,33,34,37,38,43,43,46,48,51,51,52,52,51,52,53,52,51,54,51,53,54,53,53,52,53,52,54
20260726_164847_905931,1785081005160309,304012162,2,2,0,-47,128,0,14,15,15,15,15,14,14,14,14,14,14,15,14,15,16,16,17,16,17,16,16,16,16,15,15,14,0,0,0,0,0,0,0,0,0,0,0,9,9,10,11,11,11,12,13,13,13,13,13,14,14,14,14,14,14,14,14,14,15,15,15,15,15,0,55,54,56,54,55,54,53,53,53,53,56,54,54,57,57,59,58,62,62,60,60,58,58,57,56,56,51,53,0,0,0,0,0,0,0,29,30,32,36,37,41,41,45,46,48,49,50,49,52,50,52,52,50,52,51,53,54,52,53,53,55,54,55
20260726_164847_905931,1785081005261838,304112260,2,2,0,-47,128,0,13,13,13,13,13,13,13,13,13,13,14,14,13,14,14,15,15,15,15,16,15,15,15,15,14,14,0,0,0,0,0,0,0,0,0,0,0,7,8,9,10,10,11,11,12,12,12,12,12,12,12,12,12,12,12,12,13,13,13,13,13,13,13,0,25,25,25,24,25,25,24,25,25,26,26,26,26,27,28,28,28,29,30,30,30,29,29,28,28,28,26,26,0,0,0,0,0,0,0,14,15,16,16,18,19,20,21,22,23,24,24,24,24,24,24,25,24,24,24,24,25,25,25,25,26,26,26
20260726_164847_905931,1785081005362829,304212302,2,2,0,-48,128,0,14,13,14,14,14,14,14,14,13,14,14,14,14,16,16,16,16,16,16,17,17,16,16,16,15,15,0,0,0,0,0,0,0,0,0,0,0,8,8,8,9,9,10,11,12,12,12,12,12,12,12,13,12,13,13,13,13,13,13,13,13,13,13,0,53,52,53,52,52,52,52,53,52,53,54,55,56,60,58,60,62,62,62,63,63,63,62,59,60,58,55,54,0,0,0,0,0,0,0,24,25,28,30,33,34,37,39,42,43,44,45,46,47,47,49,47,48,49,48,47,49,50,52,51,51,52,52
20260726_164847_905931,1785081005465752,304312400,2,2,0,-46,128,0,15,14,14,14,14,14,14,14,14,14,14,15,14,15,16,16,16,16,16,16,16,16,16,15,15,15,0,0,0,0,0,0,0,0,0,0,0,9,9,11,11,11,11,12,13,13,13,13,14,13,14,13,13,13,14,14,14,15,15,14,14,14,14,0,54,54,55,55,53,54,52,53,52,55,55,54,53,55,56,59,57,60,61,60,61,57,58,57,56,55,51,53,0,0,0,0,0,0,0,26,29,30,32,35,38,41,44,45,45,49,49,49,50,50,50,50,50,53,52,52,51,53,54,55,54,54,54
20260726_164847_905931,1785081005561027,304412311,2,2,0,-47,128,0,13,13,13,13,13,13,13,12,13,13,13,13,13,13,14,14,14,14,14,14,14,14,15,15,13,13,0,0,0,0,0,0,0,0,0,0,0,8,9,9,9,10,11,11,11,12,13,13,13,13,12,12,13,12,13,13,13,13,13,13,13,13,13,0,52,51,51,52,51,51,50,49,51,52,52,52,54,54,55,57,57,58,59,59,59,57,57,55,55,55,53,51,0,0,0,0,0,0,0,25,29,31,33,36,38,40,43,45,48,48,50,50,51,50,49,50,51,51,51,50,50,50,50,50,52,51,52
20260726_164847_905931,1785081005664062,304512258,2,2,0,-47,128,0,14,15,14,14,14,14,14,14,14,14,14,14,14,15,15,15,15,16,16,16,16,15,15,15,15,15,0,0,0,0,0,0,0,0,0,0,0,8,9,10,10,11,12,12,13,13,14,14,14,14,14,14,14,14,14,14,14,14,15,14,15,15,15,0,54,56,53,53,53,53,52,54,52,55,55,54,52,56,58,56,61,58,61,61,61,59,59,57,55,55,53,53,0,0,0,0,0,0,0,27,28,31,32,36,38,42,43,46,48,50,51,49,51,52,52,51,53,52,52,54,55,54,54,53,55,54,53
20260726_164847_905931,1785081005762183,304612855,2,2,0,-46,128,0,15,15,15,15,14,14,14,14,14,14,14,14,15,15,15,16,16,16,16,16,16,15,15,15,14,14,0,0,0,0,0,0,0,0,0,0,0,9,10,11,11,12,12,14,14,14,14,15,14,14,14,14,14,15,15,15,14,15,15,15,15,15,15,0,54,53,53,53,52,54,51,51,52,52,53,52,52,54,53,56,56,57,59,58,57,54,55,52,53,53,48,49,0,0,0,0,0,0,0,30,33,33,36,37,40,44,46,48,50,51,51,53,53,52,52,52,54,55,53,54,54,54,54,53,54,54,55
20260726_164847_905931,1785081005865526,304712468,2,2,0,-46,128,0,13,14,13,14,13,13,13,13,13,13,13,13,13,14,15,15,15,15,15,15,15,15,14,13,13,13,0,0,0,0,0,0,0,0,0,0,0,9,9,9,10,11,11,12,12,13,13,12,13,13,13,13,13,13,13,13,13,13,14,13,14,14,14,0,53,53,52,52,51,51,49,50,49,51,52,51,49,52,54,55,54,56,56,56,58,54,54,54,51,50,49,50,0,0,0,0,0,0,0,29,30,33,35,37,37,40,42,44,47,47,49,49,50,51,49,50,50,51,50,50,52,52,52,51,53,54,52
20260726_164847_905931,1785081005967207,304814841,2,2,0,-48,128,0,13,13,14,13,13,13,13,13,13,13,14,14,14,14,15,14,16,15,16,16,16,16,16,15,15,15,0,0,0,0,0,0,0,0,0,0,0,7,7,8,8,9,9,9,11,11,11,12,12,12,11,11,11,12,12,12,13,12,13,12,13,13,13,0,54,55,53,55,52,53,53,52,54,55,54,55,55,55,58,57,61,62,61,63,62,61,60,60,59,57,55,54,0,0,0,0,0,0,0,23,24,27,29,32,34,38,37,40,42,44,45,44,47,47,47,49,50,48,49,49,50,52,50,54,53,51,53
20260726_164847_905931,1785081006068971,304918640,2,2,0,-47,128,0,15,15,15,15,15,15,15,14,15,15,15,15,16,16,16,17,16,18,18,17,18,17,17,17,16,16,0,0,0,0,0,0,0,0,0,0,0,7,9,9,9,10,11,11,11,12,12,13,13,13,13,13,13,13,13,13,13,13,14,14,14,15,14,0,53,53,54,54,54,55,55,54,53,55,56,55,55,57,58,59,62,64,64,62,64,62,62,61,61,58,56,57,0,0,0,0,0,0,0,24,26,27,29,32,34,35,38,40,42,42,44,44,45,47,47,47,47,48,48,48,51,51,50,51,51,52,53
20260726_164847_905931,1785081006164906,305014270,2,2,0,-48,128,0,14,14,15,15,15,14,14,14,14,15,15,14,15,15,16,16,16,17,17,17,17,16,16,16,16,16,0,0,0,0,0,0,0,0,0,0,0,8,8,9,10,10,10,11,12,12,13,12,12,12,13,13,13,13,13,13,13,13,13,13,13,14,14,0,54,51,52,53,53,53,54,52,54,55,57,55,56,59,59,62,62,63,65,64,64,63,62,60,62,61,55,57,0,0,0,0,0,0,0,25,26,28,30,32,35,38,39,41,44,44,45,45,45,46,47,48,47,49,48,48,49,48,50,50,51,52,52
20260726_164847_905931,1785081006266402,305113356,2,2,0,-47,128,0,14,13,13,13,13,13,13,13,13,13,14,14,14,14,15,15,15,15,16,16,16,15,15,15,15,14,0,0,0,0,0,0,0,0,0,0,0,7,8,9,10,10,11,11,12,12,12,12,13,13,13,13,13,13,13,13,13,13,13,13,14,14,14,0,26,26,25,25,25,25,24,24,25,26,26,26,26,27,28,28,29,29,29,30,29,30,29,28,29,28,27,26,0,0,0,0,0,0,0,13,15,15,16,17,18,20,20,21,22,24,24,24,24,24,25,25,23,24,25,25,24,24,26,26,26,26,26
20260726_164847_905931,1785081006362060,305211729,2,2,0,-48,128,0,13,14,13,14,13,13,13,13,13,14,15,15,14,15,15,15,16,16,16,16,16,16,17,16,16,16,0,0,0,0,0,0,0,0,0,0,0,7,7,8,9,9,9,10,10,11,11,11,12,12,11,12,12,12,12,12,12,12,12,13,13,13,13,0,25,25,26,26,26,25,25,25,26,25,27,27,27,29,29,30,30,31,31,32,32,31,29,30,29,30,27,28,0,0,0,0,0,0,0,11,13,13,15,14,17,18,17,19,20,21,21,21,22,21,22,23,22,23,22,24,23,23,25,24,25,26,24
20260726_164847_905931,1785081006463707,305312181,2,2,0,-48,128,0,15,14,15,14,14,14,14,14,14,15,15,15,14,15,15,16,16,16,16,16,16,16,16,15,16,16,0,0,0,0,0,0,0,0,0,0,0,8,9,10,11,11,12,13,13,13,13,14,14,14,14,14,14,14,14,14,14,14,14,14,15,15,15,0,52,53,55,52,53,53,52,52,52,53,54,55,55,57,56,60,59,59,60,61,61,60,59,58,58,58,55,55,0,0,0,0,0,0,0,26,28,30,33,36,38,40,42,45,47,47,49,49,50,50,52,50,51,52,52,51,51,51,52,51,51,53,52
20260726_164847_905931,1785081006560175,305412393,2,2,0,-48,128,0,13,13,13,13,13,13,13,13,13,14,14,13,14,14,15,15,15,15,15,16,16,15,15,15,15,15,0,0,0,0,0,0,0,0,0,0,0,7,8,8,9,10,11,11,12,12,12,12,12,12,13,13,13,13,13,13,13,13,13,13,13,13,13,0,25,25,25,25,25,25,24,25,26,26,27,26,26,26,27,28,29,30,31,30,31,30,29,28,29,29,28,28,0,0,0,0,0,0,0,13,14,15,16,17,18,18,21,21,22,23,24,25,25,24,24,23,24,24,24,24,25,24,24,25,25,26,25
20260726_164847_905931,1785081006663860,305512819,2,2,0,-49,128,0,13,14,13,13,13,13,13,13,13,14,14,14,14,14,14,15,15,16,16,16,16,15,17,15,16,16,0,0,0,0,0,0,0,0,0,0,0,7,8,8,8,9,10,11,11,12,12,12,12,13,13,12,13,14,13,13,14,14,14,14,14,14,14,0,54,52,54,52,50,50,54,53,54,55,53,54,57,57,55,61,61,58,62,64,65,64,58,61,57,59,58,57,0,0,0,0,0,0,0,24,26,29,30,32,34,37,39,42,45,46,47,47,50,49,50,50,49,51,50,51,51,50,53,51,51,53,52
20260726_164847_905931,1785081006765679,305615009,2,2,0,-48,128,0,14,14,13,14,13,14,14,13,14,14,14,14,14,15,15,16,16,16,17,17,17,16,16,16,17,16,0,0,0,0,0,0,0,0,0,0,0,7,8,9,9,9,10,11,11,11,12,12,12,12,12,13,13,13,13,13,13,13,13,13,14,13,14,0,27,26,25,27,25,25,26,27,26,28,26,28,27,27,30,27,32,32,33,31,31,29,32,31,31,29,29,29,0,0,0,0,0,0,0,12,12,14,15,16,16,18,19,20,21,22,24,22,23,23,24,23,24,25,24,25,25,25,26,26,26,26,25
20260726_164847_905931,1785081006862075,305712259,2,2,0,-50,128,0,13,13,13,13,13,12,12,12,13,13,13,13,13,14,14,15,15,15,16,16,16,16,16,16,16,16,0,0,0,0,0,0,0,0,0,0,0,6,7,8,8,9,10,10,11,11,11,13,12,12,12,12,12,13,13,13,13,12,13,13,13,13,13,0,27,24,25,25,26,25,24,26,26,25,26,26,26,28,26,30,29,32,31,33,32,32,30,31,31,31,29,30,0,0,0,0,0,0,0,10,12,13,15,14,18,18,20,21,22,22,22,23,23,24,24,25,25,26,24,25,25,25,25,24,25,25,26
20260726_164847_905931,1785081006964114,305813803,2,2,0,-49,128,0,14,14,14,14,13,13,13,14,13,14,14,14,14,15,16,16,16,17,17,17,17,17,17,17,17,16,0,0,0,0,0,0,0,0,0,0,0,8,9,9,10,10,11,11,12,12,13,14,14,13,13,13,13,14,13,13,14,14,13,14,14,14,14,0,53,52,52,52,50,53,52,51,52,54,54,55,56,58,59,60,62,64,64,66,64,66,66,65,63,64,60,61,0,0,0,0,0,0,0,25,25,27,30,34,36,37,40,41,43,47,47,45,50,50,49,51,52,50,50,50,50,50,52,50,50,50,51
20260726_164847_905931,1785081007065654,305912358,2,2,0,-49,128,0,13,13,13,13,13,14,15,14,14,15,15,15,16,16,17,17,17,18,18,18,18,18,19,18,17,17,0,0,0,0,0,0,0,0,0,0,0,6,6,7,8,9,9,9,9,9,10,10,11,11,11,11,11,11,11,12,12,12,12,12,12,13,13,0,25,26,25,26,26,26,27,28,28,28,27,28,30,31,31,32,33,33,34,34,35,34,34,33,33,34,31,31,0,0,0,0,0,0,0,8,9,11,13,12,14,15,16,16,17,19,20,19,20,20,21,21,22,22,21,21,22,22,23,23,22,24,24
20260726_164847_905931,1785081007167452,306014290,2,2,0,-49,128,0,13,14,14,14,14,14,14,14,15,15,15,15,15,16,16,17,17,17,17,18,18,18,18,17,17,17,0,0,0,0,0,0,0,0,0,0,0,7,8,8,9,10,10,11,11,12,12,12,12,12,12,12,12,12,13,13,12,12,13,13,13,13,14,0,25,26,26,25,25,27,24,26,26,27,28,28,28,29,30,32,31,32,32,34,34,32,33,33,33,33,30,30,0,0,0,0,0,0,0,10,12,14,15,15,16,17,19,19,20,21,21,22,22,22,23,23,24,25,24,24,24,24,25,25,24,24,25
20260726_164847_905931,1785081007263551,306112303,2,2,0,-49,128,0,14,14,15,14,14,14,14,14,14,15,14,14,14,16,15,16,16,16,17,16,17,17,17,17,17,17,0,0,0,0,0,0,0,0,0,0,0,6,7,7,8,8,10,10,11,10,11,11,12,12,12,12,12,12,12,12,13,13,13,13,13,13,14,0,53,53,53,53,54,54,54,52,55,54,55,56,59,62,58,60,65,64,66,66,65,66,63,63,63,63,59,61,0,0,0,0,0,0,0,19,23,25,26,30,31,33,37,38,41,42,45,44,45,48,47,48,46,46,48,46,50,49,51,49,50,48,49
20260726_164847_905931,1785081007365478,306215455,2,2,0,-48,128,0,13,14,14,14,15,14,14,14,14,14,16,14,14,16,16,16,16,17,17,17,17,17,17,17,17,16,0,0,0,0,0,0,0,0,0,0,0,7,8,8,8,9,10,10,11,11,11,12,12,12,12,13,12,13,13,13,13,13,13,13,14,14,14,0,54,55,50,55,54,54,51,51,51,58,55,55,55,56,61,60,62,61,64,64,64,64,63,61,60,59,59,57,0,0,0,0,0,0,0,20,23,24,28,29,30,33,35,38,40,42,42,42,45,45,47,45,46,47,46,49,51,47,49,51,52,50,52
20260726_164847_905931,1785081007462125,306314028,2,2,0,-47,128,0,14,14,14,15,13,13,14,14,14,14,15,14,14,15,16,16,16,16,16,16,16,17,16,16,16,16,0,0,0,0,0,0,0,0,0,0,0,8,8,8,9,9,10,11,12,12,12,13,13,13,13,13,14,14,14,14,14,14,14,14,14,14,14,0,51,55,52,55,52,54,51,52,51,55,56,54,56,57,59,59,62,62,63,63,64,62,62,61,59,58,58,57,0,0,0,0,0,0,0,24,24,26,29,32,34,36,39,42,43,45,47,48,48,47,48,48,50,48,50,50,50,52,52,53,54,52,52
20260726_164847_905931,1785081007559620,306411501,2,2,0,-48,128,0,14,14,14,14,14,14,14,14,15,15,15,15,15,16,17,17,17,17,17,17,18,17,17,16,16,16,0,0,0,0,0,0,0,0,0,0,0,8,9,9,10,11,11,11,12,13,13,12,14,13,13,13,13,13,13,13,13,13,14,14,14,14,14,0,52,51,52,52,52,51,52,52,53,56,55,54,56,58,59,60,61,62,64,64,66,63,62,61,61,61,59,60,0,0,0,0,0,0,0,26,28,28,31,34,36,37,40,41,43,45,46,47,46,48,49,47,47,47,48,48,49,48,51,51,50,50,51
20260726_164847_905931,1785081007661521,306512455,2,2,0,-48,128,0,13,14,14,13,12,12,13,13,13,13,13,13,14,14,15,15,15,16,16,16,16,16,16,16,16,16,0,0,0,0,0,0,0,0,0,0,0,7,7,8,9,10,10,11,11,11,13,13,13,13,12,12,13,13,13,13,13,13,13,13,13,13,13,0,26,24,25,25,25,25,25,24,24,26,26,26,26,27,27,29,29,31,30,31,30,30,30,30,30,30,27,28,0,0,0,0,0,0,0,12,12,13,15,16,17,19,20,21,22,23,23,23,23,24,24,24,24,24,24,24,25,24,24,24,24,24,24
20260726_164847_905931,1785081007764186,306612981,2,2,0,-48,128,0,13,13,13,13,13,13,12,12,12,13,13,13,14,14,14,15,15,15,16,15,16,15,15,14,14,15,0,0,0,0,0,0,0,0,0,0,0,7,8,9,9,9,10,11,11,11,11,12,12,12,12,12,12,12,12,12,12,12,12,12,12,13,14,0,52,52,50,52,51,52,50,51,51,55,55,54,54,55,57,59,58,61,63,62,62,62,61,60,60,59,56,56,0,0,0,0,0,0,0,26,30,31,32,36,37,40,40,44,44,47,48,48,49,49,48,48,50,49,50,48,48,51,48,49,49,49,50
20260726_164847_905931,1785081007861008,306712342,2,2,0,-49,128,0,12,12,13,13,13,13,13,13,13,13,13,13,13,14,14,14,15,15,15,15,15,15,15,15,15,14,0,0,0,0,0,0,0,0,0,0,0,8,8,9,9,10,11,11,11,12,12,13,12,13,13,12,13,12,12,12,13,13,13,13,12,12,12,0,52,50,52,51,51,52,52,50,51,51,55,54,53,54,57,57,60,60,61,61,60,59,59,60,58,56,55,55,0,0,0,0,0,0,0,28,30,32,34,36,39,42,43,45,47,48,48,49,49,51,49,49,51,50,49,50,51,52,50,51,51,53,49
20260726_164847_905931,1785081007963287,306812236,2,2,0,-48,128,0,14,15,15,15,14,14,14,13,14,14,15,14,14,15,16,16,16,16,17,16,16,16,16,15,15,16,0,0,0,0,0,0,0,0,0,0,0,9,9,10,11,12,12,13,13,13,14,14,14,14,14,14,14,14,15,14,14,14,14,15,14,14,14,0,52,53,53,52,51,51,50,50,50,52,50,51,51,54,55,56,55,58,59,60,60,59,57,56,55,54,53,53,0,0,0,0,0,0,0,27,29,32,34,36,39,40,43,45,48,48,50,50,51,52,51,52,51,52,51,52,52,54,52,53,53,51,52
20260726_164847_905931,1785081008060335,306912041,2,2,0,-46,128,0,14,14,13,13,13,13,13,13,13,14,14,13,13,14,15,15,15,15,15,15,16,14,14,14,14,14,0,0,0,0,0,0,0,0,0,0,0,8,8,9,9,10,11,11,11,12,13,13,13,13,12,12,12,12,13,12,13,13,14,14,14,14,14,0,53,52,51,54,51,51,51,50,50,52,52,52,52,54,55,57,57,57,59,58,60,57,56,55,55,53,51,51,0,0,0,0,0,0,0,26,30,29,32,34,38,40,42,44,45,47,47,48,48,48,49,48,50,50,49,50,49,50,49,50,53,53,52
20260726_164847_905931,1785081008161949,307010672,2,2,0,-47,128,0,14,14,14,14,14,15,15,14,15,15,15,15,15,16,17,17,17,17,18,17,17,17,17,16,16,16,0,0,0,0,0,0,0,0,0,0,0,7,8,9,9,10,11,10,11,12,12,12,12,12,12,13,13,13,13,13,13,13,13,14,14,14,14,0,55,55,55,55,53,55,53,54,56,57,57,57,57,59,60,61,63,65,66,66,65,64,62,61,61,60,57,58,0,0,0,0,0,0,0,22,26,27,30,31,33,36,39,41,42,44,45,47,46,47,47,48,49,50,49,48,51,49,51,52,51,53,54
20260726_164847_905931,1785081008260031,307112327,2,2,0,-46,128,0,15,15,16,16,15,15,15,15,15,15,15,15,15,16,16,16,16,17,17,17,17,17,16,15,16,16,0,0,0,0,0,0,0,0,0,0,0,7,9,9,10,10,11,11,11,12,12,12,13,13,13,13,13,14,13,14,13,14,14,14,14,15,15,0,56,55,55,55,53,55,54,54,53,56,57,55,55,58,58,61,61,61,61,61,63,60,59,59,59,57,53,53,0,0,0,0,0,0,0,24,26,27,30,32,34,37,40,41,43,44,46,47,46,45,47,48,49,51,50,52,51,51,52,52,52,53,54
20260726_164847_905931,1785081008363376,307212521,2,2,0,-46,128,0,15,15,15,15,15,15,15,15,15,15,15,15,15,15,16,16,17,16,17,16,17,16,16,16,16,16,0,0,0,0,0,0,0,0,0,0,0,7,7,8,8,9,9,9,10,10,11,11,11,12,11,12,13,13,13,13,14,14,14,14,14,15,14,0,29,28,30,27,29,29,29,29,29,28,29,29,29,32,29,32,30,34,33,33,33,32,30,31,32,33,28,29,0,0,0,0,0,0,0,10,12,12,14,14,16,16,18,18,20,21,20,22,22,22,23,24,23,26,23,25,25,25,27,26,27,28,28
20260726_164847_905931,1785081008460491,307312451,2,2,0,-46,128,0,15,15,15,15,15,15,15,15,15,15,15,15,15,15,16,16,16,16,17,16,17,16,16,16,16,15,0,0,0,0,0,0,0,0,0,0,0,7,7,8,9,9,10,11,11,11,12,12,12,12,12,12,13,13,13,13,14,14,14,14,14,15,14,0,28,29,29,29,28,28,28,28,28,29,29,28,29,29,31,31,32,32,33,32,33,32,32,30,29,30,28,28,0,0,0,0,0,0,0,11,12,13,14,16,16,18,18,19,20,21,22,23,23,23,24,24,25,24,25,26,27,27,27,27,28,28,27
20260726_164847_905931,1785081008562451,307412338,2,2,0,-46,128,0,13,14,13,13,13,13,13,13,13,14,14,14,14,14,15,15,16,16,16,16,16,16,16,15,15,15,0,0,0,0,0,0,0,0,0,0,0,6,6,7,8,8,9,9,10,10,11,11,11,12,12,12,12,12,12,12,13,13,13,13,13,14,13,0,26,27,25,27,26,26,26,27,25,26,26,26,27,28,29,29,30,31,31,32,32,31,30,29,28,28,27,27,0,0,0,0,0,0,0,10,11,11,13,14,16,16,17,19,19,20,21,21,21,23,23,23,24,23,24,25,25,25,25,25,26,26,26
20260726_164847_905931,1785081008659729,307512231,2,2,0,-45,128,0,15,16,15,16,15,15,15,15,16,16,16,16,16,16,16,16,17,17,17,17,17,16,17,16,16,16,0,0,0,0,0,0,0,0,0,0,0,7,7,8,8,9,9,10,10,11,11,12,12,12,12,12,13,13,14,13,13,14,14,14,14,14,14,0,57,59,57,57,57,54,56,57,57,60,59,59,58,60,61,62,64,64,66,65,66,64,64,62,61,60,57,56,0,0,0,0,0,0,0,20,23,24,25,28,30,33,34,36,37,40,42,43,44,45,45,46,48,48,48,48,51,51,54,55,55,55,56
20260726_164847_905931,1785081008767428,307615473,2,2,0,-47,128,0,15,15,15,15,15,15,15,15,15,15,15,15,15,16,16,16,16,17,18,17,17,17,17,16,16,16,0,0,0,0,0,0,0,0,0,0,0,6,6,7,8,8,9,9,10,10,11,11,11,12,12,12,12,12,12,13,13,13,13,13,14,14,14,0,27,27,27,28,28,28,28,28,28,29,29,29,30,31,30,32,34,34,34,33,32,34,32,32,31,31,30,30,0,0,0,0,0,0,0,11,12,11,12,14,14,16,16,18,19,20,20,20,22,21,23,22,22,23,23,24,25,24,25,25,26,27,26
20260726_164847_905931,1785081008863949,307712148,2,2,0,-45,128,0,14,14,15,15,14,14,14,14,14,14,14,14,15,15,16,16,16,16,16,16,16,16,15,14,14,14,0,0,0,0,0,0,0,0,0,0,0,8,9,9,9,10,11,11,12,13,13,13,13,13,13,13,13,13,13,13,13,13,14,14,14,14,14,0,55,55,54,53,52,54,54,53,53,54,56,55,55,56,58,59,61,60,61,61,61,58,59,58,56,54,52,51,0,0,0,0,0,0,0,26,29,30,32,34,37,39,41,43,45,47,47,49,47,50,49,49,49,49,50,51,50,50,52,52,52,53,52
20260726_164847_905931,1785081008967147,307814400,2,2,0,-45,128,0,14,15,14,15,14,14,14,15,14,14,15,15,15,16,16,16,16,16,17,17,17,16,16,16,16,16,0,0,0,0,0,0,0,0,0,0,0,7,8,9,9,10,10,11,11,11,12,12,13,13,13,13,13,13,13,14,14,14,14,15,14,14,15,0,55,55,54,54,54,54,55,54,54,55,57,55,55,57,59,59,61,62,62,63,64,61,59,59,59,58,54,54,0,0,0,0,0,0,0,23,26,27,30,31,34,35,38,40,42,44,46,46,47,47,47,48,49,49,49,50,51,51,52,53,53,52,55
20260726_164847_905931,1785081009063748,307912840,2,2,0,-47,128,0,14,14,14,15,14,14,14,14,15,15,15,15,15,16,16,17,17,17,18,17,18,17,17,17,17,16,0,0,0,0,0,0,0,0,0,0,0,6,6,7,7,8,9,10,10,10,11,11,11,11,11,11,12,12,12,12,12,13,13,13,13,13,14,0,27,27,27,28,28,28,27,27,28,28,29,28,29,31,31,32,32,34,34,34,34,34,32,33,33,32,30,30,0,0,0,0,0,0,0,9,11,12,13,12,14,15,17,18,20,19,20,21,21,22,22,22,22,23,22,23,24,24,25,25,26,26,27
20260726_164847_905931,1785081009159920,308011803,2,2,0,-46,128,0,14,14,14,14,13,14,14,14,14,14,13,13,13,14,14,14,15,15,15,15,15,15,14,14,14,14,0,0,0,0,0,0,0,0,0,0,0,7,7,8,8,9,9,10,10,12,12,12,12,12,13,13,13,13,13,13,13,13,14,14,14,13,14,0,56,54,53,54,53,54,53,53,54,55,55,55,54,57,59,60,59,60,61,60,62,59,59,55,56,55,54,53,0,0,0,0,0,0,0,23,24,28,29,32,34,36,40,42,43,46,46,47,48,50,49,50,51,51,52,51,52,53,54,53,55,55,55
20260726_164847_905931,1785081009262623,308112871,2,2,0,-47,128,0,13,13,13,13,13,13,13,13,13,14,14,14,14,14,15,15,15,16,16,16,16,16,16,16,15,15,0,0,0,0,0,0,0,0,0,0,0,7,8,8,8,9,10,10,11,11,11,11,11,12,12,12,13,13,13,13,13,13,13,13,13,13,13,0,26,25,26,26,25,25,26,25,26,27,28,27,26,28,29,29,31,30,31,31,31,31,31,30,30,29,28,27,0,0,0,0,0,0,0,13,13,14,14,16,17,18,19,20,20,22,22,22,23,22,22,23,24,24,23,24,24,24,24,24,25,25,25
20260726_164847_905931,1785081009366042,308212801,2,2,0,-47,128,0,13,13,13,14,13,13,13,13,13,13,14,13,14,14,15,15,15,16,16,16,16,16,16,16,15,15,0,0,0,0,0,0,0,0,0,0,0,7,7,8,9,9,10,10,11,12,11,11,12,12,12,12,12,12,12,12,12,12,12,12,12,12,14,0,52,50,50,52,52,51,51,51,51,52,55,54,54,56,59,59,59,60,62,62,62,60,61,59,59,58,54,54,0,0,0,0,0,0,0,25,27,28,31,33,37,37,38,40,42,44,45,44,47,46,47,47,47,47,47,47,48,48,47,49,50,51,50
20260726_164847_905931,1785081009462760,308312299,2,2,0,-47,128,0,13,12,13,13,13,13,13,12,12,13,13,13,13,14,14,15,15,15,15,15,15,15,15,14,15,14,0,0,0,0,0,0,0,0,0,0,0,7,8,9,9,10,10,11,11,11,12,12,12,12,12,12,12,12,12,12,13,12,13,13,13,13,13,0,50,51,52,51,51,52,51,51,49,52,52,53,54,55,57,59,59,60,62,63,63,61,63,59,59,58,55,56,0,0,0,0,0,0,0,26,28,30,32,35,38,40,41,43,44,46,48,47,47,49,48,50,47,49,49,50,50,49,50,48,50,51,51
20260726_164847_905931,1785081009565456,308412323,2,2,0,-47,128,0,14,14,14,14,14,14,14,14,14,14,15,14,14,15,16,16,16,16,16,16,16,16,16,16,15,15,0,0,0,0,0,0,0,0,0,0,0,8,9,10,10,11,12,12,13,13,13,13,13,14,14,14,13,14,14,13,13,13,14,13,14,14,14,0,54,54,52,52,52,53,51,52,53,53,55,54,55,57,57,59,59,62,61,61,62,60,59,57,58,57,54,53,0,0,0,0,0,0,0,26,29,32,35,36,38,39,44,45,47,49,48,48,49,49,49,49,51,50,51,50,50,51,53,52,52,54,53
20260726_164847_905931,1785081009663531,308512366,2,2,0,-47,128,0,14,14,14,14,14,14,14,13,14,13,14,14,14,15,15,15,16,16,16,16,16,16,16,15,15,15,0,0,0,0,0,0,0,0,0,0,0,6,7,7,7,9,9,10,10,11,11,11,11,12,12,12,12,12,12,13,12,13,13,13,13,13,14,0,54,51,53,53,53,52,53,52,53,53,55,55,56,57,59,60,61,63,63,64,63,64,62,61,60,60,56,56,0,0,0,0,0,0,0,21,22,24,29,30,32,33,36,38,42,42,44,43,45,44,46,47,47,48,46,48,48,49,52,51,51,51,50
20260726_164847_905931,1785081009760390,308611335,2,2,0,-47,128,0,14,14,14,14,14,14,14,14,14,15,15,14,15,15,15,16,16,17,17,17,17,16,16,16,16,16,0,0,0,0,0,0,0,0,0,0,0,7,8,9,9,10,10,11,12,12,12,12,13,13,13,13,13,13,13,13,13,13,13,14,14,15,14,0,52,54,53,54,54,55,52,53,52,57,56,57,55,56,59,60,63,62,64,63,64,62,62,62,59,58,57,57,0,0,0,0,0,0,0,22,25,26,30,32,34,38,38,42,44,44,46,47,46,46,50,48,50,48,49,50,51,52,52,51,53,52,52
20260726_164847_905931,1785081009863320,308712672,2,2,0,-47,128,0,14,14,14,15,14,14,14,14,14,14,15,15,15,15,17,17,17,17,17,17,17,17,17,17,17,17,0,0,0,0,0,0,0,0,0,0,0,7,8,9,9,10,11,11,11,11,12,12,12,12,12,12,12,13,13,13,13,13,13,13,13,13,14,0,51,52,53,52,55,52,52,52,53,53,57,54,56,58,59,63,61,65,65,65,65,63,63,63,62,62,60,59,0,0,0,0,0,0,0,23,26,27,28,31,36,34,39,40,43,42,43,45,45,45,46,45,46,49,47,50,49,49,49,50,51,51,52
20260726_164847_905931,1785081009959819,308811231,2,2,0,-47,128,0,13,13,14,14,14,14,14,14,14,14,14,14,14,16,16,16,17,17,17,16,17,17,16,16,16,15,0,0,0,0,0,0,0,0,0,0,0,8,8,8,8,9,10,10,10,11,11,11,12,12,12,12,12,12,12,12,12,13,13,12,13,13,13,0,55,54,55,54,55,54,55,55,54,56,56,57,57,59,60,62,61,64,63,65,64,64,63,62,62,61,58,59,0,0,0,0,0,0,0,24,25,27,30,31,34,35,40,39,40,42,43,44,44,46,47,46,47,48,47,49,50,50,50,50,52,53,52
20260726_164847_905931,1785081010066176,308915841,2,2,0,-46,128,0,14,14,15,14,15,15,14,14,14,14,15,14,14,15,15,16,16,16,16,16,16,16,16,16,15,15,0,0,0,0,0,0,0,0,0,0,0,6,7,7,8,9,9,9,10,10,10,11,11,12,12,12,12,13,12,13,13,13,13,13,13,13,14,0,56,56,55,54,54,54,55,54,54,56,55,55,56,57,59,59,62,62,62,63,64,62,60,60,60,60,55,55,0,0,0,0,0,0,0,20,21,24,26,28,30,32,35,38,39,40,43,43,44,45,47,48,47,48,49,49,50,51,52,51,53,53,53
20260726_164847_905931,1785081010160929,309013041,2,2,0,-47,128,0,14,15,14,15,14,15,14,15,14,15,15,15,15,16,16,16,16,16,17,17,17,17,17,16,16,16,0,0,0,0,0,0,0,0,0,0,0,6,7,7,8,9,9,10,10,11,12,11,12,12,12,12,12,12,13,13,13,13,14,14,14,14,14,0,28,28,28,29,28,28,27,27,28,29,29,28,30,29,30,31,32,32,33,33,34,32,31,32,31,31,30,29,0,0,0,0,0,0,0,10,11,12,13,15,15,16,17,18,20,21,21,22,23,23,23,24,24,24,25,25,26,25,26,26,26,27,27
20260726_164847_905931,1785081010263735,309114090,2,2,0,-47,128,0,14,14,14,14,14,14,14,14,14,15,15,15,15,16,16,17,16,17,17,17,17,17,16,16,16,16,0,0,0,0,0,0,0,0,0,0,0,6,7,7,7,8,9,9,10,10,10,11,11,11,11,11,12,12,12,12,13,13,13,13,13,13,14,0,29,28,29,27,28,29,29,27,29,28,29,29,30,31,30,33,31,34,34,33,33,33,31,32,32,32,28,30,0,0,0,0,0,0,0,9,10,11,14,13,14,15,17,18,19,20,20,20,21,22,22,23,24,25,24,25,26,25,27,27,27,28,28
20260726_164847_905931,1785081010366437,309214283,2,2,0,-47,128,0,15,15,15,15,15,15,14,14,14,14,14,14,15,15,15,16,16,16,16,16,17,16,16,16,16,16,0,0,0,0,0,0,0,0,0,0,0,6,7,7,8,9,9,10,10,11,11,11,12,12,12,13,13,13,14,14,14,14,15,15,15,15,15,0,28,28,28,27,27,28,28,27,27,27,28,28,28,29,30,30,31,31,32,32,32,31,31,31,30,30,29,29,0,0,0,0,0,0,0,10,11,12,13,14,15,17,18,19,20,21,22,22,23,23,24,24,24,25,26,25,27,27,27,27,27,28,28
20260726_164847_905931,1785081010463996,309314711,2,2,0,-47,128,0,14,14,14,14,14,14,14,14,14,15,15,14,14,15,15,16,16,17,17,17,17,16,17,17,16,16,0,0,0,0,0,0,0,0,0,0,0,6,7,7,8,9,9,10,10,10,10,11,12,12,11,11,12,12,13,13,13,14,14,14,14,14,15,0,55,56,57,55,53,55,54,56,54,55,56,57,58,60,60,62,62,61,64,64,66,64,62,62,62,62,59,57,0,0,0,0,0,0,0,19,22,23,26,27,29,30,33,37,37,40,40,42,43,44,45,46,47,47,48,49,50,51,52,53,53,54,56
20260726_164847_905931,1785081010559954,309411959,2,2,0,-47,128,0,16,16,15,15,14,15,16,14,15,15,16,15,15,16,16,17,17,17,17,17,17,17,17,16,16,16,0,0,0,0,0,0,0,0,0,0,0,6,7,8,9,9,9,10,11,11,11,11,12,12,12,13,13,14,14,14,13,14,14,14,14,14,15,0,58,56,55,55,56,55,54,55,55,57,57,57,56,59,61,61,64,63,66,65,66,64,63,62,63,62,57,57,0,0,0,0,0,0,0,20,23,23,26,29,31,33,34,38,41,41,40,42,45,45,48,48,48,49,51,50,52,52,54,54,54,55,56
20260726_164847_905931,1785081010663205,309512183,2,2,0,-46,128,0,14,14,14,14,14,15,15,14,14,14,15,15,15,16,16,16,16,17,17,16,18,16,16,16,16,16,0,0,0,0,0,0,0,0,0,0,0,7,9,9,9,10,11,11,11,12,12,12,12,13,13,13,13,14,13,14,14,14,14,14,14,14,15,0,57,56,55,56,55,55,55,54,54,56,57,55,57,57,59,60,62,62,64,64,64,62,62,61,61,60,57,58,0,0,0,0,0,0,0,23,25,26,30,32,35,36,38,40,41,43,45,46,46,47,48,48,49,50,50,49,51,54,53,55,53,54,54
20260726_164847_905931,1785081010761032,309612120,2,2,0,-45,128,0,15,15,15,15,15,15,15,14,14,14,15,15,15,15,15,16,16,16,16,16,16,16,15,15,15,15,0,0,0,0,0,0,0,0,0,0,0,7,7,8,9,9,10,10,11,12,12,12,12,13,13,13,13,13,13,14,14,14,14,14,15,15,15,0,57,57,56,56,54,56,55,54,54,56,56,56,56,58,57,58,59,59,61,60,62,60,59,57,57,57,53,53,0,0,0,0,0,0,0,22,25,26,29,31,33,36,38,39,42,42,46,46,47,47,48,48,49,50,50,52,52,54,54,55,55,56,56
20260726_164847_905931,1785081010868956,309716647,2,2,0,-45,128,0,15,15,15,15,15,14,14,14,14,15,15,15,15,15,16,16,16,16,16,16,16,16,15,15,15,15,0,0,0,0,0,0,0,0,0,0,0,8,8,9,10,10,11,12,11,12,12,13,13,13,13,14,14,14,14,14,14,15,15,15,15,15,15,0,57,56,57,57,57,56,54,54,54,56,57,55,55,56,56,59,57,62,62,60,60,59,57,57,55,55,51,53,0,0,0,0,0,0,0,24,26,28,31,32,36,37,40,42,43,45,46,47,49,49,48,50,51,53,52,53,54,55,55,55,55,55,58
20260726_164847_905931,1785081010966241,309813535,2,2,0,-45,128,0,14,14,14,14,14,14,13,13,14,14,14,13,14,14,14,15,15,16,16,14,16,14,14,14,14,14,0,0,0,0,0,0,0,0,0,0,0,7,7,8,8,9,10,10,10,11,11,11,12,12,12,13,13,13,13,13,13,13,14,14,14,14,14,0,55,55,56,55,53,54,52,52,52,53,53,53,53,54,55,55,59,56,58,60,58,58,55,54,54,53,48,50,0,0,0,0,0,0,0,22,25,26,30,32,34,35,36,39,41,43,45,45,46,47,47,48,50,48,49,50,51,52,52,52,53,56,54
20260726_164847_905931,1785081011062221,309913035,2,2,0,-45,128,0,14,14,14,14,14,14,14,13,13,14,13,13,13,14,14,14,14,14,14,14,14,14,14,13,13,13,0,0,0,0,0,0,0,0,0,0,0,7,7,8,8,9,10,10,10,12,12,12,12,12,12,12,13,13,12,13,13,13,13,13,14,14,14,0,56,55,54,54,55,55,53,53,51,54,54,53,53,55,56,56,57,58,59,59,57,59,56,55,54,53,50,51,0,0,0,0,0,0,0,25,27,28,31,34,36,38,40,43,43,45,47,48,47,48,50,50,50,51,50,52,53,53,52,54,54,56,57
20260726_164847_905931,1785081011163835,310012328,2,2,0,-46,128,0,14,14,14,14,13,13,13,13,13,14,14,13,14,14,14,14,14,14,15,15,14,14,14,14,14,13,0,0,0,0,0,0,0,0,0,0,0,6,8,8,9,9,9,10,11,11,12,12,13,12,12,12,12,12,13,13,13,13,13,13,14,14,14,0,58,53,55,54,55,53,54,52,52,53,53,52,54,55,54,57,55,59,57,60,58,57,54,55,53,55,49,51,0,0,0,0,0,0,0,23,26,29,30,31,35,37,40,42,43,46,46,47,48,50,50,51,50,53,51,53,51,52,54,52,53,54,56
20260726_164847_905931,1785081011261416,310111977,2,2,0,-46,128,0,14,15,14,14,14,14,14,14,14,14,14,14,14,15,15,16,16,16,16,16,16,15,15,15,15,14,0,0,0,0,0,0,0,0,0,0,0,6,7,8,8,9,9,10,10,11,11,11,11,11,11,11,13,13,13,13,13,13,13,13,13,13,13,0,57,55,56,56,56,55,55,55,54,56,56,55,57,59,57,60,60,62,62,63,62,60,59,58,57,57,54,54,0,0,0,0,0,0,0,21,23,25,28,30,32,33,37,39,39,43,43,45,45,45,46,48,47,49,49,49,50,50,52,54,52,55,53
20260726_164847_905931,1785081011363931,310212738,2,2,0,-45,128,0,15,15,14,14,14,14,15,14,14,14,14,14,13,15,14,16,15,15,16,16,16,15,15,15,15,14,0,0,0,0,0,0,0,0,0,0,0,8,9,9,9,10,10,11,11,11,12,13,13,13,13,13,13,13,13,13,13,13,14,14,14,14,15,0,57,59,56,57,54,56,54,55,54,55,56,55,55,56,57,58,59,58,60,60,61,57,57,56,55,55,52,53,0,0,0,0,0,0,0,25,28,28,31,33,35,38,39,40,43,44,46,48,48,49,50,50,51,52,52,53,52,55,55,56,57,55,55
20260726_164847_905931,1785081011466515,310313394,2,2,0,-46,128,0,15,15,15,15,15,15,15,15,14,15,15,15,14,15,15,16,16,16,16,16,16,16,16,15,15,15,0,0,0,0,0,0,0,0,0,0,0,8,8,9,9,10,11,11,12,12,12,13,13,13,13,13,14,14,14,14,14,14,14,14,15,15,15,0,57,56,57,56,55,56,54,53,55,55,56,56,55,57,56,59,58,61,61,60,60,57,58,56,56,56,52,52,0,0,0,0,0,0,0,23,25,28,29,31,33,36,39,42,43,45,45,47,48,48,48,49,51,51,51,52,52,52,53,54,54,55,56
20260726_164847_905931,1785081011562936,310413493,2,2,0,-46,128,0,14,14,14,14,14,14,14,14,14,14,13,13,13,14,14,14,15,15,15,15,15,15,14,14,14,13,0,0,0,0,0,0,0,0,0,0,0,6,6,7,7,8,8,9,9,10,10,10,10,11,12,11,12,12,12,12,12,12,13,13,13,14,13,0,57,55,57,56,55,56,55,55,53,57,56,56,56,58,58,60,60,61,63,62,61,61,60,59,57,57,54,53,0,0,0,0,0,0,0,19,23,24,25,28,30,32,35,37,39,41,41,43,43,47,46,47,48,49,48,50,51,52,53,54,54,56,56
20260726_164847_905931,1785081011661144,310512580,2,2,0,-47,128,0,13,14,13,14,13,14,14,14,14,15,14,14,14,14,15,15,16,16,16,16,16,16,16,16,16,15,0,0,0,0,0,0,0,0,0,0,0,6,7,8,8,8,9,9,10,11,11,11,11,11,11,11,12,12,13,12,13,13,13,13,13,13,13,0,27,27,27,26,27,28,26,26,27,28,28,27,28,28,29,30,30,31,32,31,32,30,31,30,29,30,29,28,0,0,0,0,0,0,0,11,12,13,14,15,16,16,18,19,19,20,21,22,22,22,22,21,22,23,24,24,25,25,25,25,26,26,26
20260726_164847_905931,1785081011763625,310614989,2,2,0,-47,128,0,15,14,14,13,14,13,14,14,14,14,14,14,14,15,15,15,15,16,16,16,16,16,15,15,15,15,0,0,0,0,0,0,0,0,0,0,0,6,7,7,8,8,9,10,10,11,11,11,11,11,11,11,11,12,13,13,12,13,14,14,14,14,13,0,26,26,26,27,26,26,27,26,25,27,27,27,27,28,28,29,29,30,30,31,30,30,30,29,29,28,27,27,0,0,0,0,0,0,0,10,11,12,13,14,15,16,17,18,19,21,21,22,22,23,22,23,23,23,23,23,24,24,25,25,26,26,26
20260726_164847_905931,1785081011859692,310712151,2,2,0,-46,128,0,13,14,14,14,14,14,14,14,14,14,15,15,15,16,17,17,17,17,17,17,17,17,16,17,16,16,0,0,0,0,0,0,0,0,0,0,0,7,8,8,8,9,9,10,10,11,11,11,11,11,11,12,11,12,12,12,12,12,13,13,13,13,13,0,54,54,55,54,56,56,55,55,55,58,58,58,58,60,62,64,63,64,68,66,67,65,64,63,62,62,58,59,0,0,0,0,0,0,0,22,23,27,29,30,31,34,37,39,40,41,42,43,43,45,43,45,45,47,46,48,48,48,50,50,52,52,53
20260726_164847_905931,1785081011962454,310812179,2,2,0,-46,128,0,13,14,13,14,14,13,13,13,14,13,13,13,13,14,14,14,14,15,15,14,14,14,13,13,13,13,0,0,0,0,0,0,0,0,0,0,0,7,7,8,9,9,10,11,12,11,11,12,12,12,12,12,12,13,13,13,13,13,13,13,13,13,13,0,56,55,53,55,54,55,52,52,52,54,55,54,52,55,55,57,58,59,60,59,58,56,56,55,54,53,51,50,0,0,0,0,0,0,0,25,28,29,31,34,37,38,41,43,44,45,46,48,48,49,50,49,50,50,50,52,51,53,52,52,53,54,55
20260726_164847_905931,1785081012065124,310914034,2,2,0,-47,128,0,14,14,14,14,14,14,14,14,14,13,14,14,14,15,15,16,16,16,16,16,16,16,16,16,15,15,0,0,0,0,0,0,0,0,0,0,0,8,8,8,9,9,10,11,11,12,12,13,13,13,13,13,13,13,13,13,14,13,14,14,14,14,14,0,55,55,57,55,56,54,55,54,55,55,57,57,57,59,57,61,62,62,62,63,63,62,60,59,58,59,53,54,0,0,0,0,0,0,0,24,27,30,33,33,35,38,41,43,44,46,46,47,48,48,50,49,49,50,49,51,51,51,54,51,54,53,54
20260726_164847_905931,1785081012160952,311012053,2,2,0,-49,128,0,13,13,14,14,13,14,14,14,14,15,15,15,16,16,16,16,16,17,17,16,17,17,17,17,17,16,0,0,0,0,0,0,0,0,0,0,0,8,8,8,9,9,11,11,11,11,11,12,12,12,12,12,12,12,12,12,12,13,13,13,13,13,13,0,26,27,26,27,27,27,27,26,26,29,29,29,28,30,31,31,32,32,33,33,33,33,32,31,31,31,29,29,0,0,0,0,0,0,0,13,14,16,16,17,17,18,19,21,21,21,22,22,22,23,23,22,22,23,24,23,24,24,24,25,25,26,27
20260726_164847_905931,1785081012268217,311116933,2,2,0,-47,128,0,15,15,15,14,14,14,14,14,14,14,14,14,14,15,15,15,15,16,16,16,16,16,16,15,15,15,0,0,0,0,0,0,0,0,0,0,0,9,9,9,10,11,11,11,12,13,13,13,13,13,13,13,13,13,13,14,13,14,14,14,14,15,14,0,52,56,53,54,52,52,53,52,51,53,53,52,54,54,57,57,60,57,59,60,59,59,58,57,57,55,54,52,0,0,0,0,0,0,0,26,29,32,33,36,37,40,41,45,47,47,48,50,50,50,49,50,52,50,51,51,51,52,53,52,54,54,52
20260726_164847_905931,1785081012365225,311217567,2,2,0,-48,128,0,13,13,13,13,13,13,13,13,13,13,13,13,13,15,15,15,15,16,16,16,16,16,16,15,15,15,0,0,0,0,0,0,0,0,0,0,0,7,7,8,8,9,10,10,11,11,11,11,11,12,12,12,11,12,12,12,12,12,12,12,12,13,13,0,25,26,25,26,25,25,25,25,25,26,27,27,27,28,29,29,30,30,31,31,31,31,30,30,29,29,28,27,0,0,0,0,0,0,0,11,13,14,15,16,17,19,19,20,21,22,22,23,23,22,23,23,23,22,23,24,24,24,25,25,25,26,25
20260726_164847_905931,1785081012461840,311312190,2,2,0,-48,128,0,13,13,13,13,13,13,13,13,13,13,13,13,13,14,14,14,14,14,15,15,15,15,15,14,14,15,0,0,0,0,0,0,0,0,0,0,0,8,8,8,9,10,11,11,11,12,12,12,12,12,12,12,12,12,12,12,12,12,12,12,12,12,14,0,53,51,52,53,52,52,52,53,52,54,54,53,54,56,57,58,61,60,62,63,63,61,61,59,60,60,57,56,0,0,0,0,0,0,0,27,28,30,32,34,37,40,41,44,45,47,47,48,48,49,50,49,50,50,50,49,49,52,51,51,51,53,53
20260726_164847_905931,1785081012563762,311412170,2,2,0,-47,128,0,13,14,14,14,14,14,14,14,14,14,14,14,14,15,15,16,16,16,16,16,17,16,16,16,15,15,0,0,0,0,0,0,0,0,0,0,0,9,9,10,10,11,12,12,12,13,13,13,13,13,13,13,13,13,13,13,13,13,14,14,13,13,13,0,26,26,26,26,26,25,26,26,26,27,27,27,27,29,28,29,30,30,31,31,33,31,31,31,30,30,28,29,0,0,0,0,0,0,0,15,15,17,17,19,20,21,22,23,24,24,24,24,25,25,25,24,25,25,26,25,25,26,25,26,26,26,26
20260726_164847_905931,1785081012664861,311516258,2,2,0,-48,128,0,14,15,15,15,15,14,14,14,14,14,15,15,15,16,16,16,16,17,17,17,17,17,17,17,16,16,0,0,0,0,0,0,0,0,0,0,0,8,8,9,10,10,10,11,11,11,13,13,13,13,13,13,13,13,13,13,13,14,14,13,14,14,14,0,27,27,28,27,28,28,28,28,27,29,29,29,29,30,31,31,32,33,33,34,33,33,32,32,32,32,30,30,0,0,0,0,0,0,0,12,14,14,16,17,18,19,21,21,22,23,23,24,23,25,24,24,24,25,24,24,25,26,26,25,26,26,25
20260726_164847_905931,1785081012767201,311614701,2,2,0,-47,128,0,14,14,14,14,14,14,14,14,14,14,15,15,15,16,16,17,17,17,18,17,18,17,17,17,17,16,0,0,0,0,0,0,0,0,0,0,0,7,8,8,9,10,10,11,11,11,11,12,12,12,12,12,12,12,13,13,13,14,14,13,13,13,14,0,27,27,27,27,27,27,27,27,27,28,28,28,28,30,30,32,31,32,33,33,33,33,31,31,31,31,29,29,0,0,0,0,0,0,0,12,12,13,14,15,17,18,20,20,21,21,21,23,23,22,23,23,23,24,24,24,25,24,24,24,25,26,27
20260726_164847_905931,1785081012863664,311714766,2,2,0,-48,128,0,13,13,13,13,13,13,13,13,13,13,14,14,14,15,16,15,16,16,16,16,16,16,16,15,16,15,0,0,0,0,0,0,0,0,0,0,0,6,7,7,8,9,9,9,11,11,11,11,11,11,12,11,12,11,12,12,12,12,12,12,12,13,13,0,26,25,26,25,26,25,26,26,27,28,27,27,26,29,28,30,30,32,31,32,33,31,31,31,30,29,28,29,0,0,0,0,0,0,0,11,12,13,14,15,16,17,19,20,20,22,22,22,22,23,22,24,23,24,24,24,25,25,25,25,25,26,26
20260726_164847_905931,1785081012965524,311812499,2,2,0,-47,128,0,14,14,15,14,15,15,14,14,15,14,16,15,15,16,16,17,17,17,17,17,17,17,17,17,16,16,0,0,0,0,0,0,0,0,0,0,0,8,9,9,10,10,11,11,13,12,12,13,13,13,13,14,14,14,14,14,14,14,14,14,14,14,15,0,54,53,54,52,52,54,53,52,53,53,54,55,55,58,59,61,60,62,63,63,62,62,60,61,61,60,58,58,0,0,0,0,0,0,0,24,26,28,30,32,35,38,40,41,43,45,46,46,47,45,47,48,49,50,49,50,50,49,50,52,50,53,55
20260726_164847_905931,1785081013062324,311912139,2,2,0,-47,128,0,14,14,14,13,13,14,13,13,13,13,13,13,13,13,14,14,14,16,16,16,16,15,15,14,15,14,0,0,0,0,0,0,0,0,0,0,0,6,8,8,8,9,11,10,11,11,12,12,13,13,13,13,13,12,12,12,13,13,13,13,13,13,13,0,56,53,54,54,55,53,54,53,55,53,54,54,52,58,55,60,59,61,62,62,61,60,60,58,59,57,53,55,0,0,0,0,0,0,0,24,27,29,31,32,36,38,42,42,44,45,45,47,48,49,49,51,49,51,51,51,51,53,55,53,52,54,55
20260726_164847_905931,1785081013164929,312011812,2,2,0,-48,128,0,13,14,14,14,14,13,13,13,14,13,14,13,14,15,15,15,15,15,15,16,16,16,15,16,15,15,0,0,0,0,0,0,0,0,0,0,0,6,7,7,8,9,9,10,10,11,11,11,12,11,11,11,12,12,12,12,12,12,12,13,12,13,14,0,52,51,52,53,52,52,52,51,53,54,54,53,54,56,56,60,61,60,61,62,62,59,59,59,59,58,55,56,0,0,0,0,0,0,0,21,25,25,26,31,32,34,37,39,40,42,42,43,44,46,43,45,46,47,47,47,47,49,49,51,50,52,51
20260726_164847_905931,1785081013266336,312115355,2,2,0,-47,128,0,14,13,13,13,13,13,13,13,13,13,14,14,13,14,14,15,15,15,15,15,15,15,15,14,14,15,0,0,0,0,0,0,0,0,0,0,0,7,8,9,9,9,10,11,11,11,11,12,12,12,12,13,12,13,13,12,13,13,13,13,14,14,13,0,51,51,52,53,52,51,50,50,52,53,54,53,54,55,58,58,59,60,61,61,63,59,59,59,59,56,56,54,0,0,0,0,0,0,0,25,28,28,30,33,35,38,39,42,44,45,46,46,46,48,48,47,49,48,49,49,50,52,50,51,51,51,52
20260726_164847_905931,1785081013362907,312213779,2,2,0,-49,128,0,14,14,14,14,14,14,15,15,14,14,15,15,15,16,16,17,17,18,18,18,18,18,17,17,17,17,0,0,0,0,0,0,0,0,0,0,0,7,7,8,8,9,10,10,10,11,12,12,12,12,11,13,12,13,13,13,13,13,14,13,14,14,14,0,27,27,27,27,27,28,26,26,27,28,29,28,28,30,30,33,33,33,34,33,35,33,33,32,32,32,30,32,0,0,0,0,0,0,0,11,11,12,13,14,16,16,18,19,19,20,22,22,21,23,22,22,23,23,23,24,24,25,25,25,25,26,25
20260726_164847_905931,1785081013464443,312312342,2,2,0,-48,128,0,13,13,14,14,14,13,13,13,13,13,14,14,14,15,15,16,16,17,17,17,16,17,16,16,16,16,0,0,0,0,0,0,0,0,0,0,0,7,7,8,9,9,10,10,11,11,11,12,12,12,12,11,12,13,13,13,13,13,13,13,13,13,13,0,50,53,51,52,52,53,52,52,53,55,56,54,57,58,58,61,62,63,65,63,66,64,64,64,62,62,59,58,0,0,0,0,0,0,0,23,24,27,30,30,33,36,37,40,40,43,44,45,46,47,46,44,47,48,49,48,48,50,49,50,51,53,52
20260726_164847_905931,1785081013560783,312412244,2,2,0,-48,128,0,14,13,14,14,14,14,13,13,14,14,14,14,14,15,15,16,15,16,16,16,16,16,16,16,16,15,0,0,0,0,0,0,0,0,0,0,0,6,7,8,9,9,9,10,11,11,11,11,12,12,12,12,12,13,12,13,13,13,13,13,13,13,13,0,54,54,54,54,52,52,53,53,53,55,55,56,56,59,59,60,62,62,64,64,64,63,62,60,59,59,57,57,0,0,0,0,0,0,0,21,24,25,29,29,32,34,37,40,41,43,44,46,46,46,48,48,49,48,50,49,50,50,52,52,51,52,51
20260726_164847_905931,1785081013661846,312512192,2,2,0,-50,128,0,13,14,14,14,14,14,14,14,14,15,15,15,15,16,16,17,17,17,18,18,18,18,18,18,18,18,0,0,0,0,0,0,0,0,0,0,0,5,6,7,7,8,9,9,10,10,10,10,11,11,11,11,11,11,11,11,12,12,12,12,13,12,13,0,26,26,26,26,25,26,27,28,27,29,29,29,30,31,32,33,33,34,34,35,36,34,35,34,34,35,33,33,0,0,0,0,0,0,0,10,9,11,13,12,13,16,16,17,18,19,20,19,21,21,22,22,22,21,22,22,23,23,24,23,25,25,25
20260726_164847_905931,1785081013763810,312612508,2,2,0,-48,128,0,13,13,14,14,14,14,14,13,13,13,14,14,14,15,15,16,16,16,17,16,17,16,16,16,16,15,0,0,0,0,0,0,0,0,0,0,0,9,9,9,10,11,12,13,12,12,12,13,13,13,13,13,13,13,13,13,13,13,13,13,13,13,14,0,50,52,53,52,51,54,51,53,52,54,53,54,54,58,59,60,61,61,63,62,65,63,63,61,60,60,59,57,0,0,0,0,0,0,0,28,31,32,34,37,38,42,44,47,48,49,50,50,51,51,51,49,51,51,52,51,51,53,52,53,52,54,53
20260726_164847_905931,1785081013860837,312712180,2,2,0,-49,128,0,13,14,13,13,13,13,13,13,13,14,14,14,14,14,15,15,17,16,17,16,17,16,16,15,15,15,0,0,0,0,0,0,0,0,0,0,0,6,6,7,8,9,9,9,10,10,11,11,11,12,12,12,12,12,12,12,12,12,13,13,12,13,13,0,52,53,52,51,53,53,52,52,51,53,55,54,55,56,58,59,61,60,63,64,65,62,63,63,62,60,59,57,0,0,0,0,0,0,0,22,24,25,27,30,32,35,36,40,41,42,44,45,45,46,45,47,48,49,46,48,48,49,49,50,53,53,52
20260726_164847_905931,1785081013963429,312812148,2,2,0,-48,128,0,15,14,14,14,14,14,14,14,15,14,15,15,15,16,16,17,16,17,17,17,17,17,17,17,16,16,0,0,0,0,0,0,0,0,0,0,0,7,7,8,9,10,10,11,12,12,12,13,13,13,13,13,13,13,13,13,14,13,13,14,14,14,14,0,55,55,54,56,52,55,53,54,54,58,56,56,56,58,59,60,63,63,66,63,64,62,64,62,62,60,61,57,0,0,0,0,0,0,0,22,24,26,27,32,34,37,38,39,42,46,45,45,47,50,49,48,51,50,52,50,52,50,51,53,54,53,52
20260726_164847_905931,1785081014059633,312912320,2,2,0,-49,128,0,14,14,15,14,14,14,14,14,15,14,15,15,16,16,16,17,17,17,18,18,18,18,17,17,17,17,0,0,0,0,0,0,0,0,0,0,0,6,7,8,8,9,9,9,10,11,11,11,12,12,12,12,12,13,13,13,13,13,14,13,14,14,14,0,27,27,28,28,28,28,27,27,27,29,30,30,28,29,31,31,33,33,34,33,34,34,34,32,32,31,32,30,0,0,0,0,0,0,0,10,10,13,12,13,15,16,17,17,18,20,22,21,22,23,23,23,24,24,25,25,26,27,26,26,27,27,26
20260726_164847_905931,1785081014161902,313012179,2,2,0,-48,128,0,14,14,14,14,13,13,13,13,14,14,14,14,14,14,15,16,16,15,16,16,15,15,15,15,15,14,0,0,0,0,0,0,0,0,0,0,0,5,6,7,7,8,9,9,10,11,11,11,11,11,11,12,12,12,12,12,13,12,13,13,13,13,14,0,56,54,53,55,54,54,54,53,55,55,55,55,57,59,59,61,61,62,63,62,63,61,60,60,58,58,55,55,0,0,0,0,0,0,0,21,22,23,26,29,32,34,36,37,40,42,43,45,45,46,47,47,48,50,50,50,51,51,53,53,53,54,55
20260726_164847_905931,1785081014263751,313112355,2,2,0,-47,128,0,14,15,15,15,15,15,15,15,15,14,16,15,15,16,16,17,16,17,17,17,17,17,16,16,16,16,0,0,0,0,0,0,0,0,0,0,0,7,8,9,10,10,10,11,11,12,12,13,13,13,13,13,13,14,14,15,13,14,14,15,14,14,14,0,27,29,28,28,28,29,28,28,28,28,28,28,29,29,30,30,31,31,33,31,32,31,31,30,29,30,28,28,0,0,0,0,0,0,0,11,12,13,14,16,17,18,20,20,21,21,23,23,24,24,25,24,25,24,24,26,26,26,27,27,26,28,27
20260726_164847_905931,1785081014360365,313212451,2,2,0,-47,128,0,14,14,14,14,14,14,14,14,14,15,15,15,15,15,16,16,16,17,17,17,17,16,16,16,16,16,0,0,0,0,0,0,0,0,0,0,0,7,7,8,8,9,10,10,11,11,11,12,12,12,11,11,12,13,13,13,13,13,14,14,14,14,15,0,28,28,27,27,27,27,26,27,27,28,29,28,29,29,30,31,31,33,32,32,33,31,31,31,30,29,28,28,0,0,0,0,0,0,0,11,13,13,13,15,16,17,18,20,20,21,22,23,23,22,23,23,24,23,24,23,25,25,26,27,26,26,26
20260726_164847_905931,1785081014467772,313315465,2,2,0,-48,128,0,14,15,15,15,15,14,14,14,14,15,15,15,16,16,16,16,16,17,17,17,17,16,16,16,16,16,0,0,0,0,0,0,0,0,0,0,0,7,7,8,9,10,10,10,11,11,12,12,12,12,12,12,12,13,13,13,13,13,14,14,13,14,14,0,53,53,56,55,54,56,56,55,55,57,58,56,57,57,59,62,62,65,65,64,64,62,60,62,59,61,56,55,0,0,0,0,0,0,0,23,25,25,29,29,33,35,37,40,41,42,42,44,44,45,45,46,47,48,47,49,51,49,51,51,51,50,53
20260726_164847_905931,1785081014564367,313414543,2,2,0,-47,128,0,13,13,13,14,14,14,14,13,14,14,13,13,14,14,15,15,15,15,15,15,15,15,15,15,15,14,0,0,0,0,0,0,0,0,0,0,0,6,7,8,9,9,9,10,11,11,11,11,11,11,11,12,12,12,12,12,12,13,13,13,13,13,13,0,55,54,51,53,53,54,52,53,52,55,56,53,55,55,58,59,59,60,62,60,62,60,57,60,57,56,52,54,0,0,0,0,0,0,0,23,26,25,28,31,33,36,39,40,42,40,44,44,45,44,46,46,47,48,48,48,49,50,50,51,50,52,51
20260726_164847_905931,1785081014661345,313513446,2,2,0,-48,128,0,14,14,14,14,14,14,14,14,14,14,15,15,15,15,15,16,16,16,17,17,17,16,16,16,16,15,0,0,0,0,0,0,0,0,0,0,0,7,8,8,9,10,10,11,11,11,12,12,13,13,13,13,13,13,13,13,13,14,14,14,14,15,14,0,28,27,26,27,27,27,27,27,27,27,28,28,29,29,30,30,31,31,32,32,31,31,31,30,30,30,28,28,0,0,0,0,0,0,0,12,14,13,15,16,18,18,19,20,21,22,24,23,23,23,24,24,25,24,24,24,25,25,26,26,26,26,27
20260726_164847_905931,1785081014763301,313613117,2,2,0,-48,128,0,15,15,15,15,14,15,15,14,15,15,15,15,15,16,16,17,16,17,18,17,17,17,16,16,16,16,0,0,0,0,0,0,0,0,0,0,0,8,8,9,9,10,11,12,11,12,12,13,13,13,13,13,14,14,14,14,14,15,15,15,15,15,15,0,55,56,53,54,54,54,53,52,52,54,55,57,56,57,60,61,60,62,64,64,64,61,60,61,60,61,56,57,0,0,0,0,0,0,0,23,26,26,28,30,34,37,38,40,42,43,43,46,46,47,48,49,48,49,51,51,52,52,53,52,53,53,55
20260726_164847_905931,1785081014864812,313715462,2,2,0,-48,128,0,12,13,13,13,13,13,13,13,13,13,14,14,14,14,15,15,16,16,16,16,16,16,16,15,15,15,0,0,0,0,0,0,0,0,0,0,0,6,6,6,7,8,8,9,9,9,10,10,10,10,11,11,10,11,11,11,12,12,12,12,12,13,12,0,26,26,26,27,26,27,26,26,26,27,29,28,29,30,30,31,32,31,33,32,34,31,32,30,30,30,27,29,0,0,0,0,0,0,0,9,10,12,13,14,15,16,17,18,19,19,20,21,20,22,22,22,22,22,23,23,24,24,24,24,27,26,26
20260726_164847_905931,1785081014964722,313814095,2,2,0,-47,128,0,14,14,13,14,13,13,13,13,13,13,14,14,14,15,15,15,16,16,16,16,16,16,16,15,15,14,0,0,0,0,0,0,0,0,0,0,0,6,7,7,8,8,9,9,10,10,10,11,11,11,11,11,11,11,12,11,12,12,12,13,13,14,14,0,55,52,55,55,54,55,53,53,54,54,56,55,55,59,58,62,60,65,64,64,63,62,59,59,58,60,55,56,0,0,0,0,0,0,0,21,24,25,28,30,33,35,37,38,41,42,43,43,45,45,47,48,47,48,47,50,50,51,52,51,52,52,54
20260726_164847_905931,1785081015065526,313913229,2,2,0,-47,128,0,14,14,14,14,14,14,14,14,14,15,15,14,15,16,16,16,16,16,17,17,17,17,17,17,16,16,0,0,0,0,0,0,0,0,0,0,0,6,7,7,8,9,9,9,10,10,11,11,10,11,11,11,11,11,12,12,12,12,14,12,13,14,14,0,51,52,54,53,54,54,54,54,53,55,57,56,57,59,60,62,64,63,65,65,66,64,63,63,60,60,57,59,0,0,0,0,0,0,0,19,22,24,25,28,31,31,34,35,39,40,40,41,42,43,42,44,45,45,46,46,48,49,47,49,49,50,53
20260726_164847_905931,1785081015161502,314012225,2,2,0,-48,128,0,14,14,15,15,15,14,15,13,14,14,15,15,14,16,16,17,17,17,18,17,17,16,16,16,16,16,0,0,0,0,0,0,0,0,0,0,0,7,7,8,8,9,10,10,11,11,11,11,11,11,12,12,12,12,12,13,13,13,13,13,14,14,14,0,29,27,28,28,28,28,27,28,28,30,29,28,28,30,30,33,31,33,33,34,32,31,32,33,32,33,29,29,0,0,0,0,0,0,0,12,11,13,15,15,16,17,19,20,21,21,22,22,23,22,22,24,24,25,24,25,25,25,26,26,26,27,26
20260726_164847_905931,1785081015262330,314114537,2,2,0,-47,128,0,15,15,15,15,15,15,15,14,15,14,15,15,15,15,16,16,16,17,17,17,17,17,17,17,16,16,0,0,0,0,0,0,0,0,0,0,0,7,8,8,9,10,10,11,11,11,12,12,12,13,13,13,13,14,14,14,13,14,14,14,14,14,14,0,55,54,55,55,54,54,57,55,54,56,59,55,60,59,61,63,62,63,64,63,63,64,59,61,63,59,57,56,0,0,0,0,0,0,0,22,25,25,28,31,33,36,38,40,42,42,42,44,44,44,46,47,49,49,48,49,50,51,52,52,53,53,54
20260726_164847_905931,1785081015368600,314219708,2,2,0,-47,128,0,14,13,14,14,14,14,13,13,14,14,14,14,15,15,16,15,16,16,16,16,16,16,16,16,15,15,0,0,0,0,0,0,0,0,0,0,0,6,7,7,7,9,9,10,10,10,11,11,11,11,11,11,12,12,13,13,13,13,13,14,13,14,13,0,27,28,26,28,25,27,26,27,27,28,28,28,28,28,30,30,32,30,32,33,33,31,32,30,30,29,29,27,0,0,0,0,0,0,0,9,10,12,13,14,14,16,17,18,20,20,21,22,22,23,23,23,24,22,24,23,24,25,24,26,25,25,26
20260726_164847_905931,1785081015464940,314313291,2,2,0,-47,128,0,14,14,15,14,14,14,14,15,15,15,15,15,15,16,16,17,17,17,17,17,17,17,17,17,17,17,0,0,0,0,0,0,0,0,0,0,0,6,6,7,8,9,9,9,10,10,11,11,11,12,12,12,12,12,12,13,13,13,13,13,14,14,14,0,55,55,55,54,53,55,54,55,56,56,57,58,58,61,60,63,64,67,66,66,66,65,65,63,62,61,59,59,0,0,0,0,0,0,0,18,21,24,24,27,29,33,35,35,37,40,41,42,42,43,44,44,45,45,46,46,48,48,48,48,51,52,51
20260726_164847_905931,1785081015589125,314441805,2,2,0,-47,128,0,14,14,13,14,13,14,13,14,14,14,15,14,13,14,15,15,16,16,16,16,16,16,16,16,16,16,0,0,0,0,0,0,0,0,0,0,0,6,7,8,8,9,9,9,11,11,11,12,12,12,12,12,12,12,12,12,13,13,13,13,13,14,14,0,27,25,27,25,25,26,27,26,25,27,27,27,27,28,28,29,30,30,31,30,32,30,30,30,30,29,27,28,0,0,0,0,0,0,0,9,12,13,14,14,15,16,18,20,20,21,21,22,22,22,22,23,23,24,24,25,24,25,25,24,26,26,26
20260726_164847_905931,1785081015690197,314539005,2,2,0,-48,128,0,15,15,15,15,15,15,15,14,14,16,16,16,16,16,17,17,17,18,18,18,19,18,18,18,17,17,0,0,0,0,0,0,0,0,0,0,0,7,7,8,9,9,10,10,11,12,12,12,13,13,13,13,14,13,14,14,14,14,14,14,15,15,15,0,26,27,27,26,29,26,26,26,27,28,28,28,29,32,31,31,32,33,33,34,34,34,34,33,33,33,31,30,0,0,0,0,0,0,0,10,12,13,13,15,17,17,18,20,20,22,22,22,24,24,25,24,25,24,25,26,25,26,26,26,27,24,27
20260726_164847_905931,1785081015825306,314675188,2,2,0,-49,128,0,13,14,13,14,13,14,14,14,14,14,15,15,16,16,17,17,17,17,17,18,18,18,18,17,17,17,0,0,0,0,0,0,0,0,0,0,0,7,8,8,9,9,10,10,11,11,11,11,12,12,12,12,13,12,12,13,13,13,13,13,13,13,13,0,52,50,51,50,51,53,51,53,54,56,56,57,59,62,59,64,66,66,67,69,68,68,66,64,67,67,62,64,0,0,0,0,0,0,0,21,23,24,27,30,33,34,34,37,40,43,42,43,44,46,43,48,45,47,46,48,48,48,48,49,49,50,50
20260726_164847_905931,1785081015866251,314714836,2,2,0,-48,128,0,14,14,14,14,14,14,14,14,15,15,15,15,15,15,16,17,17,17,17,17,17,17,17,17,17,17,0,0,0,0,0,0,0,0,0,0,0,7,7,8,9,9,10,11,11,11,11,12,12,12,12,12,13,13,13,13,13,13,13,13,14,14,14,0,55,54,54,52,54,53,53,53,53,56,57,55,55,59,61,64,64,65,68,67,67,64,65,65,64,63,62,61,0,0,0,0,0,0,0,21,23,26,29,30,32,34,37,39,41,43,44,45,46,46,45,46,48,49,48,50,49,50,50,50,52,51,52
20260726_164847_905931,1785081015963357,314813549,2,2,0,-47,128,0,15,15,14,15,14,14,14,14,14,15,15,15,15,16,16,16,16,17,17,17,17,17,17,17,17,16,0,0,0,0,0,0,0,0,0,0,0,8,9,9,9,10,11,12,12,13,13,12,13,13,13,13,13,13,13,14,13,13,14,14,13,15,14,0,53,52,52,53,52,52,52,52,52,54,54,53,54,58,58,61,59,63,63,63,64,62,60,61,60,61,55,56,0,0,0,0,0,0,0,24,27,28,31,32,36,37,41,41,43,46,46,47,49,48,49,50,49,50,49,49,50,51,53,51,51,53,53
20260726_164847_905931,1785081016063897,314911955,2,2,0,-47,128,0,14,14,14,13,13,13,13,13,13,13,14,14,14,15,15,16,16,16,16,16,17,16,16,16,16,16,0,0,0,0,0,0,0,0,0,0,0,6,7,7,9,9,9,10,10,11,11,11,11,12,12,12,12,12,12,13,12,13,13,13,13,13,13,0,26,27,25,26,26,25,26,25,25,28,28,26,27,28,29,30,31,32,32,33,33,32,32,30,30,31,30,29,0,0,0,0,0,0,0,10,12,13,14,15,16,17,17,20,21,22,22,23,23,23,23,23,24,24,25,24,24,25,25,26,24,25,26
20260726_164847_905931,1785081016164281,315012762,2,2,0,-47,128,0,14,14,14,14,14,14,14,13,14,14,15,15,15,16,16,16,16,17,18,18,18,18,18,17,17,17,0,0,0,0,0,0,0,0,0,0,0,7,7,7,9,9,10,10,11,11,12,11,12,13,12,12,12,13,12,13,13,13,13,13,14,14,14,0,26,27,25,26,26,27,26,26,27,28,27,28,29,30,29,31,31,32,33,34,34,33,33,33,32,32,31,31,0,0,0,0,0,0,0,10,12,13,14,15,16,17,18,19,20,21,21,21,23,23,23,24,24,24,24,24,24,25,25,25,25,26,25
20260726_164847_905931,1785081016263292,315111441,2,2,0,-47,128,0,14,14,14,14,14,14,14,13,14,13,14,14,14,15,15,16,16,17,17,17,17,16,16,17,16,16,0,0,0,0,0,0,0,0,0,0,0,7,7,7,9,9,10,10,12,12,11,12,13,13,13,13,13,13,13,13,13,13,13,13,13,13,13,0,26,26,26,27,26,26,26,26,27,26,27,27,27,30,29,30,30,31,32,31,31,32,31,31,31,31,29,28,0,0,0,0,0,0,0,11,12,14,15,15,17,18,20,20,21,23,22,23,23,24,24,24,25,25,25,25,25,25,26,25,25,26,25
20260726_164847_905931,1785081016362883,315214479,2,2,0,-47,128,0,13,13,13,13,13,13,13,13,13,13,14,13,14,14,14,15,15,15,16,16,16,16,16,16,16,16,0,0,0,0,0,0,0,0,0,0,0,6,7,8,8,9,10,10,11,11,12,12,12,12,12,13,13,13,13,13,13,13,13,14,13,13,13,0,25,24,24,26,24,25,25,25,25,26,26,26,26,27,28,29,30,30,31,31,32,30,30,30,30,29,29,28,0,0,0,0,0,0,0,11,11,13,14,14,16,18,19,19,21,21,23,23,23,24,24,24,25,23,25,24,24,25,24,25,25,26,25
20260726_164847_905931,1785081016462123,315311146,2,2,0,-48,128,0,13,13,14,13,13,13,13,14,14,14,15,14,15,15,15,15,15,16,16,16,16,17,16,16,16,16,0,0,0,0,0,0,0,0,0,0,0,6,7,7,8,8,9,9,10,11,11,11,12,12,11,11,12,12,12,12,12,12,13,13,13,13,13,0,27,27,25,27,26,27,27,27,26,28,28,28,27,29,29,31,31,31,32,32,33,33,30,31,31,31,29,28,0,0,0,0,0,0,0,10,11,12,13,14,15,16,18,19,19,21,21,21,22,22,22,22,23,24,23,23,25,24,25,24,26,26,25
20260726_164847_905931,1785081016561774,315411928,2,2,0,-47,128,0,14,14,15,14,14,14,14,14,14,14,13,14,14,15,15,16,16,16,16,16,16,16,16,16,16,16,0,0,0,0,0,0,0,0,0,0,0,7,8,9,9,10,11,11,12,12,13,13,13,13,13,13,13,13,13,14,14,14,14,13,15,14,14,0,53,53,54,53,53,54,52,52,52,54,54,54,54,55,57,58,61,61,63,60,61,61,60,60,56,57,56,55,0,0,0,0,0,0,0,24,27,29,32,34,35,38,40,42,43,46,46,47,48,48,48,48,50,50,50,51,51,50,53,51,53,52,52
20260726_164847_905931,1785081016661620,315512014,2,2,0,-47,128,0,13,13,13,13,13,13,13,12,13,13,13,13,13,14,14,15,15,16,16,16,16,15,15,15,15,14,0,0,0,0,0,0,0,0,0,0,0,7,7,8,9,9,10,10,10,11,11,11,11,12,11,12,12,12,12,12,13,12,13,13,13,12,13,0,26,26,26,26,24,25,25,25,26,26,25,26,27,28,29,29,30,29,31,31,31,30,30,29,30,29,27,27,0,0,0,0,0,0,0,12,14,13,15,17,17,19,20,20,22,23,23,22,23,22,24,23,22,23,23,24,24,24,25,24,25,25,26
20260726_164847_905931,1785081016760164,315611670,2,2,0,-47,128,0,14,15,14,14,14,14,14,14,14,14,14,14,14,16,16,16,16,17,17,17,16,16,16,16,16,16,0,0,0,0,0,0,0,0,0,0,0,9,9,9,10,10,11,12,12,13,13,13,13,13,13,13,13,13,13,14,14,14,14,14,14,14,14,0,54,54,54,53,52,53,52,52,51,53,55,53,55,56,57,59,62,61,64,61,63,62,61,61,59,60,56,57,0,0,0,0,0,0,0,25,28,30,33,33,36,39,40,43,44,46,46,47,48,48,47,49,49,49,50,50,51,50,51,51,50,52,52
20260726_164847_905931,1785081016860585,315712085,2,2,0,-47,128,0,14,14,15,14,14,14,14,14,14,14,14,15,15,15,15,15,15,16,16,16,16,16,15,16,16,15,0,0,0,0,0,0,0,0,0,0,0,9,10,10,11,12,12,13,14,14,14,14,14,14,14,14,14,14,14,14,14,14,15,14,14,15,14,0,54,56,51,51,51,52,51,51,52,54,53,52,51,53,56,55,58,58,59,61,61,58,58,57,58,55,53,52,0,0,0,0,0,0,0,29,33,33,34,39,40,45,45,47,50,51,52,51,52,52,51,51,53,52,54,51,53,53,54,52,52,54,52
20260726_164847_905931,1785081016961692,315812103,2,2,0,-47,128,0,14,14,14,14,14,14,14,13,14,14,14,13,13,14,14,14,15,15,15,15,15,14,15,15,15,14,0,0,0,0,0,0,0,0,0,0,0,7,8,9,9,10,10,11,12,12,12,13,13,13,13,13,13,14,14,14,14,14,14,14,14,15,14,0,55,54,54,54,53,53,52,52,53,55,53,54,54,54,57,56,58,57,59,58,59,60,59,56,55,56,52,52,0,0,0,0,0,0,0,25,26,31,32,35,36,39,41,45,46,49,48,48,50,51,51,49,52,51,52,51,52,53,53,54,51,55,51
20260726_164847_905931,1785081017061334,315913532,2,2,0,-47,128,0,15,15,15,15,15,14,15,14,15,16,16,15,15,15,16,16,17,17,17,17,17,16,16,16,16,16,0,0,0,0,0,0,0,0,0,0,0,8,9,10,10,10,11,12,12,13,13,13,13,13,13,13,14,14,14,14,14,14,14,15,15,15,15,0,53,54,54,53,54,54,52,51,54,55,55,53,57,57,58,58,57,59,58,60,61,56,57,57,58,55,53,51,0,0,0,0,0,0,0,24,26,28,30,34,35,37,40,43,44,46,45,48,48,48,49,49,50,51,51,52,52,51,51,52,54,53,54
20260726_164847_905931,1785081017161506,316012264,2,2,0,-46,128,0,14,13,13,13,13,13,13,13,13,14,14,13,13,14,14,15,15,15,15,16,16,14,14,14,14,14,0,0,0,0,0,0,0,0,0,0,0,7,8,8,9,9,10,10,11,11,11,12,12,12,12,12,13,13,13,13,13,13,13,13,13,13,14,0,54,51,52,51,54,52,51,52,51,53,55,52,51,56,56,59,55,59,60,59,59,56,56,54,55,56,50,52,0,0,0,0,0,0,0,24,26,29,30,33,35,37,39,41,42,43,45,46,46,46,47,49,48,50,48,51,49,50,50,51,52,52,53
20260726_164847_905931,1785081017261520,316112205,2,2,0,-46,128,0,14,14,14,14,14,13,13,13,13,13,14,14,14,14,14,15,15,16,16,16,16,15,15,15,15,15,0,0,0,0,0,0,0,0,0,0,0,6,6,7,8,8,9,10,9,10,10,11,11,11,11,11,11,12,12,12,12,12,12,13,12,13,13,0,56,54,52,55,53,54,53,53,53,56,56,55,56,57,60,61,61,62,63,62,64,62,61,59,60,57,56,56,0,0,0,0,0,0,0,23,24,25,27,30,31,35,37,38,39,43,43,45,47,45,45,47,48,47,49,48,48,50,51,53,52,53,52
20260726_164847_905931,1785081017361142,316211250,2,2,0,-47,128,0,14,14,14,15,14,14,14,14,15,15,15,15,15,16,16,17,17,17,17,17,17,17,17,17,16,16,0,0,0,0,0,0,0,0,0,0,0,8,8,8,9,10,10,11,11,11,11,12,12,12,12,12,13,12,13,13,12,13,13,13,13,13,13,0,52,53,54,54,55,55,54,54,55,56,57,58,57,59,61,62,64,65,66,66,66,63,63,64,61,61,60,58,0,0,0,0,0,0,0,22,25,26,27,31,32,34,38,37,40,41,40,43,42,43,44,44,46,46,45,47,48,48,48,49,50,50,52
20260726_164847_905931,1785081017466044,316315389,2,2,0,-46,128,0,14,14,14,14,14,14,14,14,14,14,15,14,14,14,15,15,16,15,16,16,15,15,15,15,15,14,0,0,0,0,0,0,0,0,0,0,0,7,8,8,9,9,10,10,11,11,11,11,11,11,11,11,12,12,12,12,12,13,12,13,13,13,14,0,27,26,28,27,27,27,27,26,27,27,28,27,27,29,29,30,30,31,30,30,30,30,28,28,28,28,26,25,0,0,0,0,0,0,0,11,13,14,15,16,17,17,19,19,21,21,21,22,22,23,22,23,23,23,23,24,24,24,24,25,25,26,26
20260726_164847_905931,1785081017565944,316417198,2,2,0,-45,128,0,14,14,15,14,14,14,14,14,14,15,15,15,15,14,15,15,15,15,15,15,16,16,15,15,14,14,0,0,0,0,0,0,0,0,0,0,0,6,7,7,8,8,9,9,10,11,11,11,12,11,12,12,12,13,13,13,13,13,13,13,14,14,14,0,58,56,57,58,56,57,56,57,56,58,58,57,57,59,60,61,61,60,61,61,61,59,58,56,56,55,52,51,0,0,0,0,0,0,0,22,23,25,28,29,32,35,36,38,40,42,42,44,43,46,47,47,48,49,50,51,51,51,52,54,55,56,57
20260726_164847_905931,1785081017659725,316512328,2,2,0,-46,128,0,15,15,16,15,15,14,14,14,14,14,15,15,15,16,16,16,16,17,17,17,17,16,16,16,15,15,0,0,0,0,0,0,0,0,0,0,0,7,8,8,9,9,10,10,10,11,12,12,12,13,13,13,13,13,13,13,14,14,14,14,14,15,15,0,27,28,28,28,28,29,28,28,27,29,29,29,29,30,30,31,32,32,33,32,32,31,31,30,29,30,28,28,0,0,0,0,0,0,0,12,13,13,15,16,17,18,18,20,21,21,23,22,23,23,24,24,24,24,24,25,26,26,26,26,27,27,27
20260726_164847_905931,1785081017759347,316611568,2,2,0,-47,128,0,14,14,15,14,14,15,14,14,14,14,15,15,15,16,16,16,17,17,17,17,18,17,17,17,16,16,0,0,0,0,0,0,0,0,0,0,0,7,7,7,8,8,8,9,10,10,10,10,11,11,11,11,11,12,11,12,12,12,12,13,13,14,13,0,52,54,53,55,55,56,53,55,55,56,56,58,57,61,60,63,64,66,67,66,67,65,65,64,62,61,59,59,0,0,0,0,0,0,0,20,21,23,26,26,29,32,34,35,37,38,40,40,40,41,42,41,43,43,45,44,47,46,47,48,49,50,49
20260726_164847_905931,1785081017864778,316712186,2,2,0,-47,128,0,14,14,14,14,14,14,14,14,14,14,15,15,15,15,16,16,16,17,17,17,17,17,16,16,16,15,0,0,0,0,0,0,0,0,0,0,0,6,6,7,8,8,9,9,10,10,11,11,11,11,11,11,12,12,12,13,12,13,13,13,13,14,14,0,56,54,55,56,56,55,55,56,56,56,58,58,58,60,61,63,64,65,66,66,66,65,63,63,62,62,58,58,0,0,0,0,0,0,0,19,20,23,25,27,28,31,34,36,38,39,39,43,42,43,44,45,47,47,47,48,48,48,51,51,51,53,54
20260726_164847_905931,1785081017967659,316815142,2,2,0,-46,128,0,14,14,14,15,14,14,14,14,14,15,15,15,15,16,16,16,17,17,17,17,17,17,17,16,16,16,0,0,0,0,0,0,0,0,0,0,0,6,7,7,8,9,9,10,10,11,11,11,12,11,12,12,12,12,12,12,13,13,13,14,13,14,14,0,28,28,29,28,27,28,27,27,28,28,29,29,30,30,30,32,32,32,32,33,33,32,31,30,31,31,29,29,0,0,0,0,0,0,0,10,11,11,13,14,15,16,18,19,19,21,20,21,22,22,23,24,23,24,24,25,25,26,26,27,26,28,28
20260726_164847_905931,1785081018064888,316912331,2,2,0,-46,128,0,13,14,14,14,14,14,13,13,13,14,14,14,14,15,15,15,15,16,16,16,16,15,15,15,14,14,0,0,0,0,0,0,0,0,0,0,0,6,7,7,8,8,9,9,10,10,10,10,11,11,11,11,11,11,11,12,12,12,12,12,13,13,13,0,27,27,27,27,27,27,27,26,27,28,28,28,28,29,29,30,30,31,31,31,32,30,29,30,28,28,26,27,0,0,0,0,0,0,0,11,12,12,14,15,16,16,18,19,19,19,21,22,21,22,22,23,22,23,23,25,25,25,26,26,26,27,27
20260726_164847_905931,1785081018164048,317015294,2,2,0,-45,128,0,14,14,14,14,14,14,14,14,14,14,14,14,14,15,15,16,16,16,16,16,16,15,15,15,15,15,0,0,0,0,0,0,0,0,0,0,0,6,6,7,8,9,9,9,9,10,11,11,11,11,11,11,12,12,13,13,12,13,14,14,14,14,14,0,58,56,57,56,55,56,55,55,56,57,58,57,58,60,59,60,61,63,63,64,63,62,60,59,60,58,53,54,0,0,0,0,0,0,0,20,23,25,26,28,30,32,35,37,38,40,41,40,43,43,44,44,46,47,47,49,48,49,52,52,51,54,55
20260726_164847_905931,1785081018262799,317112356,2,2,0,-45,128,0,15,15,15,15,15,15,15,15,15,15,15,15,15,16,16,16,16,16,16,16,17,17,16,16,16,15,0,0,0,0,0,0,0,0,0,0,0,8,8,8,9,10,10,11,11,12,12,13,13,13,13,13,13,13,13,13,13,14,14,14,14,15,14,0,57,57,56,56,57,57,56,54,56,57,58,57,56,59,60,61,60,62,62,61,62,59,59,58,57,57,52,54,0,0,0,0,0,0,0,25,26,28,30,32,35,36,38,41,43,43,44,45,46,47,47,48,50,50,50,50,52,52,53,53,55,55,56
20260726_164847_905931,1785081018363983,317211681,2,2,0,-45,128,0,15,15,15,15,15,15,15,15,15,15,15,15,16,16,16,16,17,17,17,17,17,17,16,16,16,15,0,0,0,0,0,0,0,0,0,0,0,7,7,8,8,9,9,10,10,10,11,11,11,11,11,12,12,12,12,13,13,13,13,13,14,14,14,0,28,29,28,29,28,29,29,29,29,30,29,30,30,30,30,31,32,31,32,32,33,31,31,30,30,30,28,27,0,0,0,0,0,0,0,10,11,13,14,14,15,17,17,18,19,20,21,21,22,23,23,24,24,24,24,24,25,25,26,26,26,28,27
20260726_164847_905931,1785081018466149,317313829,2,2,0,-48,128,0,14,14,14,15,14,14,14,14,14,15,15,15,15,16,16,16,16,17,17,16,17,17,17,16,16,16,0,0,0,0,0,0,0,0,0,0,0,5,6,7,7,7,8,8,8,9,9,9,10,10,10,11,11,11,11,12,12,12,13,13,13,13,13,0,55,57,57,56,56,56,57,59,58,61,60,61,61,62,65,66,67,67,67,68,68,67,69,65,64,63,62,59,0,0,0,0,0,0,0,17,20,22,24,25,27,29,31,33,34,38,38,38,39,40,42,42,43,44,45,46,49,49,50,53,53,55,55
20260726_164847_905931,1785081018562668,317411809,2,2,0,-50,128,0,14,14,14,14,14,14,14,14,14,14,14,14,15,16,16,16,16,16,17,16,17,17,17,16,16,16,0,0,0,0,0,0,0,0,0,0,0,10,11,11,12,13,12,13,13,13,13,14,14,14,13,13,13,13,13,13,13,14,13,13,13,14,14,0,54,52,52,49,52,51,50,51,52,52,52,51,53,55,56,59,59,60,62,63,61,63,60,62,60,62,56,58,0,0,0,0,0,0,0,35,37,37,40,41,43,42,47,45,48,49,50,47,50,49,47,50,46,50,47,47,49,48,49,48,50,51,51
20260726_164847_905931,1785081018665127,317512125,2,2,0,-49,128,0,14,14,13,14,13,13,13,13,13,14,13,13,13,13,15,15,15,15,16,16,16,16,16,15,15,14,0,0,0,0,0,0,0,0,0,0,0,9,9,9,9,10,11,11,12,12,12,13,12,12,13,12,13,12,12,12,13,13,13,14,13,14,13,0,54,51,50,53,51,51,52,49,51,52,51,52,52,54,56,58,57,59,60,60,59,59,59,58,58,57,53,54,0,0,0,0,0,0,0,29,32,32,35,36,40,41,41,45,46,47,47,48,48,48,48,48,49,50,49,47,48,50,50,51,51,51,50
20260726_164847_905931,1785081018761450,317615724,2,2,0,-52,128,0,13,13,13,13,13,14,14,14,14,15,15,15,15,16,16,17,17,18,18,18,18,18,18,18,18,18,0,0,0,0,0,0,0,0,0,0,0,2,3,3,4,4,4,5,5,6,6,7,7,8,8,8,9,9,9,10,10,10,11,11,11,12,12,0,26,25,25,27,26,27,27,28,28,30,29,30,30,31,32,34,35,35,36,36,37,36,36,35,35,35,33,33,0,0,0,0,0,0,0,5,4,6,6,7,7,8,10,10,11,12,13,14,15,15,16,16,17,18,19,19,20,20,21,22,22,23,24
20260726_164847_905931,1785081018858784,317713901,2,2,0,-53,128,0,11,12,12,13,13,13,14,14,14,15,15,16,16,17,18,18,20,19,20,21,21,21,22,20,20,20,0,0,0,0,0,0,0,0,0,0,0,4,3,3,2,2,2,2,2,2,3,3,4,4,5,5,6,6,7,7,8,8,9,9,10,10,11,0,22,23,23,25,25,27,27,28,28,30,31,31,32,33,35,36,38,38,41,41,41,41,41,41,41,40,40,40,0,0,0,0,0,0,0,7,7,7,6,5,4,3,3,3,3,4,5,5,7,8,10,10,11,12,14,15,16,17,18,19,20,21,22
20260726_164847_905931,1785081018966927,317814569,2,2,0,-58,128,0,10,10,9,9,9,9,9,9,9,10,10,10,10,11,11,11,12,12,13,13,13,14,14,14,14,14,0,0,0,0,0,0,0,0,0,0,0,17,17,17,18,18,18,19,18,18,18,17,16,16,15,15,14,13,13,13,13,12,11,11,11,11,10,0,18,20,19,19,18,18,18,18,17,18,19,19,18,20,21,22,22,23,25,25,27,26,26,27,26,27,28,28,0,0,0,0,0,0,0,30,31,33,33,35,36,35,35,34,35,34,34,33,31,31,29,28,27,27,25,25,25,23,21,21,20,21,20
20260726_164847_905931,1785081019062408,317912105,2,2,0,-49,128,0,14,14,14,14,14,15,15,15,15,16,15,15,15,16,17,17,17,18,18,18,18,17,17,18,17,17,0,0,0,0,0,0,0,0,0,0,0,3,3,3,4,4,4,5,6,6,6,7,7,8,8,9,9,10,10,11,11,12,12,13,13,13,13,0,28,27,27,28,28,28,29,28,29,30,30,30,31,31,33,33,34,35,36,35,35,35,34,34,34,33,31,31,0,0,0,0,0,0,0,4,4,6,6,6,7,9,10,10,11,12,13,13,14,15,16,17,17,18,20,20,21,22,23,24,25,26,26
20260726_164847_905931,1785081019161849,318011881,2,2,0,-51,128,0,14,14,14,14,14,14,15,15,15,15,16,16,16,17,17,18,18,19,19,19,19,19,19,19,19,19,0,0,0,0,0,0,0,0,0,0,0,6,7,7,7,7,8,8,9,9,9,9,9,9,9,10,10,10,10,11,11,11,12,12,12,13,13,0,26,26,26,27,26,27,28,28,29,30,30,30,31,32,34,34,35,36,37,37,37,37,36,36,36,35,34,33,0,0,0,0,0,0,0,10,12,11,12,12,13,14,14,15,15,16,16,17,17,18,18,18,19,19,20,20,21,21,22,23,23,24,25
20260726_164847_905931,1785081019263370,318113697,2,2,0,-48,128,0,14,14,13,14,14,14,13,13,14,14,14,13,13,14,15,15,16,15,16,16,16,16,16,15,16,14,0,0,0,0,0,0,0,0,0,0,0,8,8,9,9,10,11,12,11,12,13,13,13,13,13,13,13,13,14,13,14,13,14,14,14,14,13,0,54,53,55,52,54,54,50,52,50,52,53,53,52,57,56,59,58,60,62,60,60,59,57,58,56,56,55,55,0,0,0,0,0,0,0,25,28,29,34,34,36,38,43,45,45,47,47,49,49,52,51,49,50,51,50,52,53,52,51,51,54,54,54
20260726_164847_905931,1785081019361161,318211927,2,2,0,-49,128,0,15,15,14,15,14,14,14,14,14,14,14,14,14,14,14,15,14,15,15,15,16,15,15,15,15,15,0,0,0,0,0,0,0,0,0,0,0,12,13,13,15,14,15,16,16,16,16,17,17,16,16,16,16,16,16,16,16,15,16,16,16,16,16,0,52,54,52,51,51,50,48,48,47,48,50,49,46,51,49,53,53,53,56,55,55,52,51,51,52,52,47,47,0,0,0,0,0,0,0,39,42,42,46,46,51,51,55,57,58,59,59,59,57,58,58,57,56,57,56,56,54,55,55,53,55,52,54
20260726_164847_905931,1785081019463043,318313830,2,2,0,-53,128,0,11,11,11,12,13,12,14,13,13,15,15,14,15,16,17,18,19,19,20,20,21,21,20,21,22,21,0,0,0,0,0,0,0,0,0,0,0,9,10,9,9,10,10,10,10,10,10,10,9,9,9,9,9,9,9,8,9,9,9,10,10,10,10,0,21,21,23,23,24,25,24,26,27,27,29,31,32,32,35,34,37,34,38,41,39,40,44,42,41,41,40,42,0,0,0,0,0,0,0,17,18,19,20,19,20,20,19,19,20,20,20,19,18,18,17,17,16,17,16,16,17,17,18,17,19,19,20
20260726_164847_905931,1785081019565493,318417326,2,2,0,-51,128,0,14,14,15,14,15,14,15,15,15,15,16,16,17,18,18,18,18,19,20,20,20,20,19,19,19,19,0,0,0,0,0,0,0,0,0,0,0,1,1,1,1,3,3,4,4,5,5,6,6,7,7,8,8,9,9,10,10,11,11,11,13,13,13,0,53,53,55,55,55,56,57,57,60,59,62,62,64,68,66,72,71,75,76,77,77,77,75,76,76,79,70,72,0,0,0,0,0,0,0,4,3,3,3,4,5,8,9,11,14,16,18,22,23,26,28,32,32,33,35,38,41,42,44,44,48,48,51
20260726_164847_905931,1785081019662553,318515008,2,2,0,-48,128,0,14,13,13,13,13,13,13,14,14,14,14,14,14,15,15,16,16,17,16,17,17,17,16,16,16,16,0,0,0,0,0,0,0,0,0,0,0,4,4,5,6,6,6,6,8,8,8,8,9,9,11,10,10,11,11,11,12,12,12,13,13,13,13,0,54,54,54,53,58,53,53,51,57,56,60,57,57,58,59,63,66,64,67,65,65,67,63,68,65,65,57,62,0,0,0,0,0,0,0,16,16,16,18,21,22,24,26,28,31,33,35,37,39,37,39,42,44,43,46,47,47,48,50,51,52,54,54
20260726_164847_905931,1785081019764992,318614242,2,2,0,-48,128,0,14,14,14,14,13,14,13,14,14,14,14,14,15,16,16,17,17,17,17,18,18,18,17,17,18,17,0,0,0,0,0,0,0,0,0,0,0,4,5,5,6,6,7,8,8,9,9,10,10,10,11,11,11,12,12,12,12,12,12,13,13,13,13,0,52,52,52,53,52,53,53,53,55,55,57,58,58,60,61,63,64,67,68,68,70,68,70,69,67,69,64,65,0,0,0,0,0,0,0,13,16,18,20,21,24,25,29,30,33,33,37,37,38,39,39,42,41,44,45,45,47,48,49,50,49,52,51
20260726_164847_905931,1785081019865642,318713439,2,2,0,-49,128,0,13,13,14,13,13,13,13,13,13,14,14,14,14,15,16,16,16,16,17,17,17,17,17,17,17,16,0,0,0,0,0,0,0,0,0,0,0,4,4,4,6,6,6,7,8,9,9,9,10,10,10,11,11,11,12,12,12,13,13,13,13,14,14,0,55,56,54,54,55,54,54,55,54,56,57,58,55,57,61,64,66,67,69,67,69,68,67,69,67,66,64,64,0,0,0,0,0,0,0,10,13,13,16,18,21,21,25,30,31,34,35,39,39,40,42,44,43,45,48,48,49,51,50,53,55,55,54
20260726_164847_905931,1785081019962706,318812145,2,2,0,-50,128,0,14,14,14,14,14,14,14,14,14,15,16,15,15,16,16,17,17,17,18,18,18,18,18,18,18,17,0,0,0,0,0,0,0,0,0,0,0,3,4,4,4,5,6,6,7,8,8,9,9,10,10,11,11,12,12,12,12,13,13,13,14,14,14,0,29,29,30,28,29,29,28,28,28,29,30,30,30,32,32,33,33,35,35,35,36,36,36,36,35,35,33,35,0,0,0,0,0,0,0,4,5,5,6,6,9,9,11,12,14,15,16,17,18,19,19,21,22,22,22,24,24,24,25,26,27,28,30
20260726_164847_905931,1785081020064798,318912705,2,2,0,-52,128,0,14,14,14,15,14,14,15,15,15,15,15,15,16,16,17,17,18,18,18,18,19,19,19,18,18,18,0,0,0,0,0,0,0,0,0,0,0,6,5,6,6,7,7,7,8,9,9,9,10,10,10,11,11,11,12,12,12,12,13,13,13,14,14,0,27,28,27,28,27,28,27,28,28,29,30,29,29,30,33,33,35,34,35,35,35,35,36,35,35,35,34,34,0,0,0,0,0,0,0,10,10,10,10,11,11,12,13,14,15,16,17,18,18,19,19,20,21,21,23,22,24,24,25,26,27,26,27
20260726_164847_905931,1785081020161107,319012054,2,2,0,-54,128,0,16,15,15,14,14,14,13,12,13,13,13,12,12,12,12,12,12,12,13,12,13,12,12,12,13,13,0,0,0,0,0,0,0,0,0,0,0,11,12,12,12,13,13,13,13,13,14,14,15,15,15,16,15,16,16,16,17,17,17,17,17,17,16,0,60,58,59,54,53,51,50,49,46,47,46,45,45,45,45,45,45,46,46,47,48,46,45,47,47,47,46,46,0,0,0,0,0,0,0,38,40,41,43,43,43,46,48,49,50,52,54,54,56,57,57,58,59,60,60,61,62,63,64,62,62,62,61
20260726_164847_905931,1785081020263668,319114474,2,2,0,-47,128,0,16,17,16,16,15,15,15,14,14,15,14,14,14,14,14,14,14,13,13,13,13,12,12,11,11,10,0,0,0,0,0,0,0,0,0,0,0,10,10,10,11,12,12,12,13,13,13,13,14,14,14,14,15,15,15,15,15,16,16,16,17,17,16,0,33,32,32,31,30,30,29,27,27,27,27,26,26,26,26,27,26,26,25,24,24,22,21,21,20,19,18,17,0,0,0,0,0,0,0,16,17,18,19,19,20,22,22,23,23,25,25,26,27,27,27,28,28,29,29,31,30,31,31,32,33,32,33
20260726_164847_905931,1785081020359834,319212046,2,2,0,-45,128,0,14,14,14,14,14,14,14,14,14,14,13,14,13,13,13,13,13,14,14,13,13,13,12,12,11,11,0,0,0,0,0,0,0,0,0,0,0,9,9,9,11,11,11,11,12,12,12,12,12,12,12,12,12,13,13,13,14,14,14,14,14,15,15,0,61,58,57,59,56,57,55,54,53,55,53,53,52,53,56,55,55,55,54,53,51,51,49,49,46,43,42,41,0,0,0,0,0,0,0,32,35,36,37,40,40,43,44,44,47,48,48,48,49,50,50,50,51,52,53,53,54,55,56,57,58,58,58
20260726_164847_905931,1785081020461924,319312124,2,2,0,-47,128,0,14,14,14,14,14,13,13,13,13,14,14,14,14,14,14,15,14,15,15,15,15,14,14,13,13,13,0,0,0,0,0,0,0,0,0,0,0,9,9,9,10,11,11,11,11,11,11,11,11,11,11,11,11,12,12,12,12,13,13,13,13,14,14,0,56,54,53,54,57,52,52,53,54,55,56,54,55,57,56,59,57,59,58,59,58,55,54,52,52,50,47,47,0,0,0,0,0,0,0,33,34,35,38,38,38,40,43,43,43,43,44,45,44,44,44,47,45,47,47,49,48,49,52,51,52,53,54
20260726_164847_905931,1785081020564356,319411738,2,2,0,-48,128,0,14,15,14,14,14,14,14,14,13,14,14,14,13,15,15,15,16,15,16,15,15,14,14,14,14,13,0,0,0,0,0,0,0,0,0,0,0,9,9,10,10,11,10,10,11,11,11,11,11,11,11,11,11,11,11,11,13,13,13,14,14,14,14,0,54,55,56,54,54,55,55,56,55,56,56,55,57,58,59,59,61,61,58,59,60,57,58,54,54,51,51,51,0,0,0,0,0,0,0,33,35,35,37,37,40,41,44,44,44,46,44,43,44,44,45,45,46,47,47,47,49,49,51,51,55,55,54
20260726_164847_905931,1785081020667128,319514792,2,2,0,-48,128,0,15,15,15,15,15,15,15,15,15,15,15,15,15,16,15,16,16,16,16,16,16,16,15,15,15,14,0,0,0,0,0,0,0,0,0,0,0,10,10,11,11,11,12,12,12,12,12,12,12,12,12,12,12,12,12,13,13,14,14,14,14,14,15,0,58,60,56,57,57,56,57,56,57,58,58,58,57,58,60,60,62,62,61,61,61,60,59,56,55,55,52,52,0,0,0,0,0,0,0,34,35,36,39,39,44,43,44,44,46,45,48,45,44,45,46,46,46,47,49,51,52,52,54,52,55,56,55
20260726_164847_905931,1785081020762321,319610753,2,2,0,-49,128,0,13,13,13,13,13,13,14,14,14,14,14,14,14,15,15,15,15,15,16,14,15,14,14,14,14,13,0,0,0,0,0,0,0,0,0,0,0,9,9,9,10,9,10,10,10,11,10,10,10,11,10,10,10,11,12,11,12,12,12,13,13,13,13,0,56,55,55,58,55,53,56,55,55,58,56,58,59,59,59,61,60,62,61,60,60,59,58,54,54,55,50,49,0,0,0,0,0,0,0,32,35,36,37,37,40,40,41,42,43,43,42,41,44,44,44,42,43,45,45,47,46,49,50,51,53,54,54
20260726_164847_905931,1785081020863675,319711705,2,2,0,-50,128,0,14,14,14,14,14,14,15,14,14,14,14,14,15,15,16,16,16,16,16,16,16,15,16,15,15,15,0,0,0,0,0,0,0,0,0,0,0,8,9,9,10,10,10,10,10,10,11,10,9,10,9,10,10,10,10,11,11,12,12,12,13,13,13,0,26,27,27,26,28,28,27,27,27,28,30,29,29,30,29,32,31,32,32,31,32,30,29,29,28,28,26,28,0,0,0,0,0,0,0,16,17,17,18,19,20,20,20,19,20,21,19,20,19,19,19,19,20,20,21,22,22,22,23,24,24,25,27
20260726_164847_905931,1785081020961243,319811339,2,2,0,-50,128,0,14,14,14,14,14,14,15,14,15,15,15,15,15,16,16,17,17,17,17,17,17,17,16,16,16,15,0,0,0,0,0,0,0,0,0,0,0,10,10,10,10,10,12,12,12,11,11,11,11,11,11,11,11,11,11,11,12,12,12,13,13,13,13,0,28,28,28,27,28,28,28,28,28,29,30,30,29,31,32,32,33,33,34,34,33,31,32,30,30,30,28,29,0,0,0,0,0,0,0,17,18,19,20,20,21,20,22,22,22,21,21,22,21,21,20,21,22,22,21,22,23,24,24,25,26,26,26
20260726_164847_905931,1785081021064383,319912709,2,2,0,-50,128,0,15,15,15,15,15,15,15,15,15,15,16,16,15,16,16,16,17,17,17,17,16,16,15,15,15,15,0,0,0,0,0,0,0,0,0,0,0,9,10,11,11,11,11,12,12,12,12,12,12,12,12,12,12,12,13,13,13,14,14,14,15,15,15,0,28,28,29,29,28,29,29,29,28,29,30,30,29,31,30,30,30,31,31,31,31,30,29,28,28,27,26,25,0,0,0,0,0,0,0,16,16,18,18,19,20,20,21,21,22,22,23,22,22,22,22,22,22,23,23,24,25,26,25,26,26,27,28
20260726_164847_905931,1785081021165622,320014812,2,2,0,-51,128,0,16,16,16,16,16,16,16,15,15,15,16,15,15,16,16,16,16,16,16,16,15,15,15,14,14,14,0,0,0,0,0,0,0,0,0,0,0,8,9,9,10,10,10,10,11,11,11,11,12,12,12,13,13,13,13,14,14,14,15,15,15,16,16,0,58,61,59,59,59,59,58,58,57,59,59,59,58,59,60,59,63,60,61,59,59,55,55,53,52,50,47,46,0,0,0,0,0,0,0,29,30,32,33,34,35,38,38,38,39,41,42,42,43,44,45,45,48,47,49,51,53,53,55,56,57,58,57
20260726_164847_905931,1785081021260997,320112495,2,2,0,-48,128,0,16,17,17,16,16,16,15,15,15,15,15,15,15,15,14,14,14,14,14,13,13,13,12,12,11,11,0,0,0,0,0,0,0,0,0,0,0,9,10,10,10,11,12,12,12,12,13,13,13,14,14,14,15,15,15,16,16,16,16,16,16,17,17,0,32,32,31,31,30,30,29,29,28,29,28,28,28,27,27,27,26,26,27,25,24,24,23,22,20,20,19,17,0,0,0,0,0,0,0,16,16,17,18,19,20,21,21,22,22,23,24,24,25,26,26,26,28,28,28,29,29,31,31,32,31,31,31
20260726_164847_905931,1785081021362060,320211800,2,2,0,-48,128,0,16,15,15,15,15,14,14,14,14,14,14,13,13,13,13,14,12,13,12,12,11,11,10,10,10,10,0,0,0,0,0,0,0,0,0,0,0,9,9,9,9,9,10,11,11,12,12,12,13,13,13,13,14,14,14,15,15,15,15,15,15,16,16,0,32,31,30,31,29,28,26,27,27,28,27,27,25,25,27,26,25,25,24,24,22,22,21,20,19,19,17,16,0,0,0,0,0,0,0,14,17,16,16,17,18,19,20,21,23,23,23,24,25,26,25,26,27,28,28,29,29,30,31,31,30,30,31
20260726_164847_905931,1785081021463386,320312347,2,2,0,-49,128,0,17,18,18,17,16,16,16,15,15,15,15,14,14,14,14,14,14,14,13,13,13,12,12,11,10,11,0,0,0,0,0,0,0,0,0,0,0,9,9,10,10,11,12,12,12,13,13,13,14,14,14,15,15,16,16,17,17,17,17,17,17,17,18,0,65,62,65,61,60,59,57,56,55,56,55,53,51,53,50,53,49,49,49,47,45,45,40,40,37,37,34,33,0,0,0,0,0,0,0,30,32,32,36,37,38,39,41,42,45,47,47,50,51,54,54,54,54,58,55,59,61,63,63,63,65,66,67
20260726_164847_905931,1785081021560505,320411400,2,2,0,-48,128,0,17,17,16,16,16,16,15,15,15,15,14,14,13,14,14,14,14,13,13,13,13,12,12,11,11,10,0,0,0,0,0,0,0,0,0,0,0,9,10,9,11,11,11,12,12,13,13,13,13,14,14,14,15,16,16,16,16,16,16,16,17,18,16,0,62,61,61,60,58,59,56,56,55,54,52,54,50,52,52,51,52,50,48,47,45,46,44,41,40,37,35,33,0,0,0,0,0,0,0,30,31,33,35,35,38,40,40,42,45,45,48,48,49,51,53,54,53,55,57,58,60,59,61,60,61,64,63
20260726_164847_905931,1785081021662053,320512403,2,2,0,-49,128,0,16,16,16,16,15,15,15,14,15,13,13,13,13,13,13,13,12,12,12,11,11,10,10,9,9,8,0,0,0,0,0,0,0,0,0,0,0,10,11,11,11,12,13,13,14,14,14,15,15,14,15,14,16,16,16,15,16,16,17,16,17,17,17,0,31,30,30,28,28,28,27,26,26,26,25,25,25,24,23,24,23,23,22,22,21,20,18,17,17,16,16,15,0,0,0,0,0,0,0,18,18,19,22,21,23,22,24,24,25,25,25,26,26,27,27,28,27,29,28,28,29,28,30,30,30,31,31
20260726_164847_905931,1785081021764779,320614128,2,2,0,-48,128,0,16,16,16,16,16,15,15,15,15,15,15,15,14,14,15,15,15,14,14,14,14,13,12,12,12,12,0,0,0,0,0,0,0,0,0,0,0,11,12,13,14,13,14,14,15,15,15,15,15,16,15,14,16,16,16,16,16,16,16,16,16,16,16,0,59,55,57,54,55,55,54,53,53,52,55,52,51,54,51,53,51,54,52,51,50,47,45,44,42,43,38,39,0,0,0,0,0,0,0,37,40,41,45,43,49,48,52,54,52,54,54,54,54,55,55,55,54,56,53,56,57,55,58,56,59,57,60
20260726_164847_905931,1785081021866511,320713199,2,2,0,-50,128,0,15,14,14,14,14,13,13,12,13,13,13,13,12,13,13,13,13,13,13,12,12,12,12,11,11,11,0,0,0,0,0,0,0,0,0,0,0,13,13,14,14,14,16,15,16,16,16,16,16,16,16,16,15,15,15,15,15,14,15,15,14,15,14,0,54,52,53,50,50,49,50,48,46,45,47,47,46,47,47,47,46,49,47,48,47,44,44,42,41,42,37,39,0,0,0,0,0,0,0,41,44,47,51,50,54,54,58,61,60,60,59,59,57,57,56,57,54,56,54,57,53,54,55,54,55,54,54
20260726_164847_905931,1785081021963145,320812187,2,2,0,-51,128,0,12,13,13,12,12,11,12,12,12,13,13,13,13,14,14,14,14,14,14,14,14,14,13,13,12,13,0,0,0,0,0,0,0,0,0,0,0,12,12,13,14,14,15,15,16,16,15,15,15,14,14,14,13,13,13,13,14,13,13,13,13,13,13,0,47,48,45,47,44,46,46,46,47,50,49,48,49,50,52,52,55,52,54,53,53,51,53,49,49,46,45,45,0,0,0,0,0,0,0,42,45,45,47,51,52,56,54,55,57,58,59,56,55,53,53,51,52,50,51,48,50,50,49,50,50,50,47
20260726_164847_905931,1785081022059903,320912188,2,2,0,-50,128,0,13,13,14,14,14,14,13,13,14,14,14,14,14,15,16,16,16,16,16,17,17,16,16,16,15,15,0,0,0,0,0,0,0,0,0,0,0,13,13,13,14,14,15,14,15,15,15,14,14,14,13,13,13,13,13,13,14,13,13,13,13,13,13,0,24,25,25,24,24,24,26,26,26,27,27,27,27,28,28,30,31,31,31,31,31,30,29,29,30,29,28,27,0,0,0,0,0,0,0,21,22,22,23,25,25,27,27,26,28,28,28,28,26,25,24,25,24,24,23,24,24,25,25,24,24,25,24
20260726_164847_905931,1785081022161933,321012232,2,2,0,-52,128,0,13,14,14,14,13,13,13,13,14,14,15,14,14,15,16,16,16,17,17,17,17,16,16,16,15,16,0,0,0,0,0,0,0,0,0,0,0,14,14,14,15,15,16,16,16,15,15,15,14,14,13,13,13,13,13,13,13,13,13,13,13,13,13,0,46,48,47,48,46,48,48,49,50,52,53,51,54,54,57,57,58,57,57,59,60,57,56,55,54,54,51,50,0,0,0,0,0,0,0,44,45,48,50,51,52,55,55,55,57,57,56,52,53,49,49,48,49,47,47,44,45,46,46,47,45,46,46
20260726_164847_905931,1785081022263504,321112275,2,2,0,-51,128,0,14,15,14,15,14,15,14,15,15,15,15,15,15,15,16,16,16,16,16,16,16,16,16,15,14,14,0,0,0,0,0,0,0,0,0,0,0,9,9,9,10,10,11,11,11,12,12,12,12,13,12,12,13,13,13,13,14,14,14,14,14,14,15,0,56,54,56,55,56,56,55,54,54,55,57,56,56,59,59,61,59,63,61,60,61,58,56,56,56,55,50,51,0,0,0,0,0,0,0,29,31,32,34,35,38,39,42,43,43,44,44,46,46,46,47,47,49,51,49,51,52,52,53,53,54,55,56
20260726_164847_905931,1785081022365527,321212867,2,2,0,-53,128,0,13,14,14,15,14,14,14,14,14,15,15,14,14,15,15,15,16,15,16,15,16,15,15,14,14,14,0,0,0,0,0,0,0,0,0,0,0,13,13,14,14,15,15,15,15,15,15,15,15,15,15,14,14,14,14,14,14,14,14,14,14,14,14,0,51,51,53,51,52,52,50,52,52,53,53,52,52,53,53,56,56,56,56,54,56,54,53,54,52,51,49,49,0,0,0,0,0,0,0,43,45,45,48,50,51,52,55,54,55,55,55,54,53,51,51,49,52,50,50,51,51,52,51,50,51,51,51
20260726_164847_905931,1785081022463175,321312538,2,2,0,-52,128,0,13,13,13,14,14,14,14,14,15,15,15,14,14,15,15,16,16,16,16,16,16,15,16,16,15,15,0,0,0,0,0,0,0,0,0,0,0,10,11,11,12,12,13,14,13,14,14,14,14,13,13,13,13,14,14,13,13,14,13,13,13,14,14,0,49,51,49,51,49,50,50,50,52,54,54,55,55,55,57,57,59,60,61,60,60,59,57,58,56,54,53,52,0,0,0,0,0,0,0,36,36,39,40,43,44,47,47,50,51,50,51,50,50,50,50,47,49,49,48,47,48,49,49,50,50,49,50
20260726_164847_905931,1785081022564258,321411304,2,2,0,-52,128,0,12,12,12,12,12,13,12,13,13,13,13,14,14,15,15,15,16,16,16,16,16,15,14,14,14,14,0,0,0,0,0,0,0,0,0,0,0,10,11,11,12,12,12,12,12,12,12,11,11,11,11,11,11,11,11,11,11,11,12,11,12,12,12,0,47,48,49,48,49,51,50,51,50,54,54,54,55,56,57,59,59,59,62,61,58,58,58,57,54,55,53,52,0,0,0,0,0,0,0,38,38,41,42,45,46,47,48,49,48,48,49,47,45,46,45,44,45,44,44,44,45,46,45,46,48,47,46
20260726_164847_905931,1785081022666640,321513564,2,2,0,-51,128,0,14,14,14,14,13,13,14,14,14,14,14,13,13,14,14,15,15,15,15,14,14,14,14,13,13,13,0,0,0,0,0,0,0,0,0,0,0,9,9,9,10,11,12,12,11,12,12,13,13,13,12,13,13,13,13,13,13,14,14,14,14,14,14,0,55,54,53,53,54,53,52,51,52,53,54,54,52,55,55,56,56,58,59,56,57,55,54,53,51,51,47,47,0,0,0,0,0,0,0,29,32,32,35,37,41,41,44,45,46,49,48,50,49,50,49,50,50,51,51,53,54,54,54,54,56,55,55
20260726_164847_905931,1785081022764210,321612239,2,2,0,-50,128,0,15,15,15,15,15,15,15,15,16,16,16,16,16,16,17,17,17,17,18,17,17,17,17,16,16,16,0,0,0,0,0,0,0,0,0,0,0,9,9,9,9,9,10,10,10,10,10,10,11,10,10,10,11,11,11,12,13,13,14,14,14,14,15,0,57,56,56,58,56,56,56,58,57,61,61,59,61,61,65,65,66,66,67,65,66,64,64,63,62,60,57,58,0,0,0,0,0,0,0,28,29,31,32,34,33,36,36,37,39,41,40,38,39,39,40,42,42,43,46,45,47,48,49,49,52,53,56
20260726_164847_905931,1785081022862682,321712371,2,2,0,-51,128,0,13,13,13,14,14,13,14,14,14,14,14,14,15,15,15,15,16,16,16,16,16,15,15,15,14,14,0,0,0,0,0,0,0,0,0,0,0,9,9,9,10,10,11,11,11,11,11,10,11,11,11,11,10,11,11,12,12,12,13,12,13,13,13,0,26,26,26,26,26,26,27,27,27,28,28,28,28,29,29,30,30,31,31,30,30,30,29,28,28,28,26,26,0,0,0,0,0,0,0,16,17,18,19,19,20,20,21,22,21,22,21,22,22,22,22,22,21,22,22,23,23,24,25,24,25,26,26
20260726_164847_905931,1785081022960094,321812459,2,2,0,-50,128,0,13,13,13,13,13,13,13,13,13,14,14,13,14,14,14,15,14,15,15,15,15,15,14,14,14,14,0,0,0,0,0,0,0,0,0,0,0,9,10,10,10,11,11,11,11,11,11,12,11,11,11,11,12,12,12,12,12,12,13,13,13,13,13,0,54,52,54,52,53,53,52,52,53,55,53,54,56,57,55,59,58,60,59,60,59,57,58,55,55,57,51,53,0,0,0,0,0,0,0,32,34,37,39,39,41,42,45,46,46,47,44,45,48,47,47,48,45,49,48,48,49,51,52,50,51,53,53
20260726_164847_905931,1785081023067890,321914720,2,2,0,-51,128,0,13,14,14,14,14,13,13,13,13,14,14,14,14,15,15,16,16,16,16,16,16,16,15,15,14,15,0,0,0,0,0,0,0,0,0,0,0,9,10,10,11,10,11,11,12,12,11,12,12,12,11,12,12,12,12,13,13,13,13,13,13,13,14,0,53,53,52,52,52,53,52,52,54,55,55,56,57,59,59,61,59,62,62,62,62,61,58,58,59,57,53,54,0,0,0,0,0,0,0,31,33,37,37,37,40,41,43,43,44,44,44,44,44,45,46,46,45,47,47,48,49,50,51,50,51,53,53
20260726_164847_905931,1785081023164165,322012975,2,2,0,-52,128,0,14,14,14,13,13,13,13,13,13,14,14,14,13,14,15,15,15,15,16,15,15,15,15,15,14,14,0,0,0,0,0,0,0,0,0,0,0,10,10,11,12,12,12,14,13,13,13,13,13,13,13,13,13,13,13,13,14,13,14,14,14,14,14,0,54,52,50,53,49,51,50,49,50,53,54,53,53,53,55,56,57,58,61,58,58,56,56,55,54,54,52,51,0,0,0,0,0,0,0,35,36,37,39,42,44,45,48,50,49,49,50,50,50,52,50,48,51,50,52,52,53,51,52,53,53,52,53
20260726_164847_905931,1785081023265759,322112536,2,2,0,-51,128,0,15,15,15,14,13,14,14,14,14,14,14,14,14,14,15,15,15,15,15,15,15,15,15,15,14,14,0,0,0,0,0,0,0,0,0,0,0,11,11,11,12,12,12,13,14,14,14,14,14,14,14,14,14,14,14,14,14,15,15,15,15,15,15,0,53,53,52,51,51,51,51,51,51,52,51,53,53,54,53,56,56,57,57,57,57,57,54,53,53,53,49,49,0,0,0,0,0,0,0,35,38,39,41,42,44,45,46,47,49,49,49,47,49,49,50,51,50,50,51,52,53,54,53,53,53,53,53
20260726_164847_905931,1785081023361741,322212455,2,2,0,-50,128,0,14,13,13,13,13,13,13,13,13,13,14,13,13,14,14,14,14,15,15,15,15,14,14,14,13,13,0,0,0,0,0,0,0,0,0,0,0,9,10,10,11,11,12,12,12,12,12,12,12,12,12,12,12,13,12,13,13,13,13,13,13,13,13,0,53,50,54,53,51,52,52,53,52,53,55,54,52,56,57,58,57,59,60,57,58,56,56,54,52,52,49,50,0,0,0,0,0,0,0,35,34,38,39,42,45,43,46,46,49,48,50,49,48,48,47,47,47,47,49,49,51,53,51,52,53,54,54
20260726_164847_905931,1785081023465466,322312481,2,2,0,-50,128,0,14,13,13,12,14,14,13,13,13,13,13,13,13,14,14,16,14,15,16,16,16,15,15,15,14,14,0,0,0,0,0,0,0,0,0,0,0,11,11,11,12,13,13,13,14,14,14,13,14,14,14,13,13,14,13,13,13,13,13,13,14,14,14,0,52,49,49,49,51,51,51,49,51,50,51,52,55,54,53,56,56,59,57,60,59,58,55,56,56,57,49,51,0,0,0,0,0,0,0,38,40,42,42,44,47,46,48,49,50,52,51,51,50,50,51,50,49,50,48,50,50,49,53,49,52,50,49
20260726_164847_905931,1785081023560362,322411925,2,2,0,-49,128,0,14,15,14,14,14,14,13,13,14,14,15,14,14,15,15,15,15,15,16,16,16,15,15,15,14,14,0,0,0,0,0,0,0,0,0,0,0,12,11,13,13,13,13,13,14,14,14,14,14,14,14,14,14,14,14,14,14,15,15,15,14,15,16,0,53,52,51,51,51,51,50,52,52,51,51,53,52,55,54,57,56,56,56,56,57,57,54,53,55,54,49,48,0,0,0,0,0,0,0,35,39,41,43,44,45,47,48,49,50,52,52,52,52,51,50,52,51,52,52,50,52,54,55,53,52,54,53
20260726_164847_905931,1785081023667274,322517176,2,2,0,-49,128,0,15,14,14,14,14,15,15,15,15,15,15,14,14,15,15,16,15,16,16,16,16,16,16,15,15,15,0,0,0,0,0,0,0,0,0,0,0,10,10,11,11,12,11,12,12,12,12,13,12,13,12,13,13,13,13,13,13,14,14,14,14,14,14,0,55,55,54,54,52,53,55,53,53,54,57,56,55,55,58,60,58,61,60,59,60,58,56,57,56,53,53,52,0,0,0,0,0,0,0,32,34,36,36,39,41,42,43,46,46,46,48,46,47,48,44,47,49,50,49,51,51,52,53,53,54,54,55
20260726_164847_905931,1785081023768872,322618395,2,2,0,-49,128,0,14,14,14,13,13,13,13,13,13,13,14,14,13,14,14,14,14,14,14,14,14,14,14,14,13,13,0,0,0,0,0,0,0,0,0,0,0,9,9,9,10,10,11,12,12,13,11,13,13,13,13,13,13,13,13,13,13,13,14,14,14,14,14,0,53,54,54,54,53,53,52,51,51,53,52,53,52,53,54,56,56,57,59,57,55,54,53,54,51,50,48,47,0,0,0,0,0,0,0,32,34,34,36,39,40,43,44,46,48,49,48,48,46,49,47,48,49,49,51,51,52,53,53,54,54,54,53
20260726_164847_905931,1785081023866874,322714270,2,2,0,-50,128,0,14,13,14,13,13,13,13,13,14,14,14,14,14,15,15,15,15,16,16,15,15,16,14,16,14,14,0,0,0,0,0,0,0,0,0,0,0,10,11,11,11,12,12,13,13,12,13,13,12,13,12,12,13,13,13,13,13,13,14,14,13,13,13,0,55,55,52,52,55,50,54,50,53,55,56,55,55,57,58,59,62,59,59,60,63,58,59,53,56,56,53,51,0,0,0,0,0,0,0,37,35,38,40,42,43,45,45,47,46,50,48,46,48,48,48,49,47,49,48,49,50,52,50,52,51,51,52
20260726_164847_905931,1785081023964584,322812968,2,2,0,-50,128,0,14,15,14,13,13,13,14,13,14,14,14,15,13,14,14,14,15,15,15,14,15,14,14,15,15,14,0,0,0,0,0,0,0,0,0,0,0,12,13,14,14,15,15,15,16,15,15,15,15,14,14,14,14,15,14,15,14,15,14,14,14,15,14,0,53,51,50,50,49,48,49,49,48,51,49,51,52,51,52,53,56,54,54,55,55,55,51,51,52,52,49,46,0,0,0,0,0,0,0,41,45,46,47,51,50,53,52,56,55,55,56,54,52,54,53,52,52,52,52,50,52,52,53,53,53,52,51
20260726_164847_905931,1785081024066634,322915575,2,2,0,-50,128,0,14,15,14,15,14,14,14,14,14,15,15,15,15,15,16,16,16,16,16,16,16,16,15,15,15,15,0,0,0,0,0,0,0,0,0,0,0,10,10,11,11,12,12,13,13,13,13,14,14,14,14,14,14,14,14,13,14,15,15,15,14,15,15,0,56,55,57,52,53,53,52,52,52,54,56,54,54,57,55,58,59,59,59,60,60,58,60,55,54,56,51,51,0,0,0,0,0,0,0,32,34,37,40,38,40,44,47,49,50,50,50,51,49,51,49,50,50,52,50,51,53,52,56,54,56,55,55
20260726_164847_905931,1785081024162603,323012239,2,2,0,-49,128,0,15,14,14,14,13,13,13,13,14,14,14,14,14,13,14,14,15,15,15,14,15,14,15,14,14,13,0,0,0,0,0,0,0,0,0,0,0,9,10,11,11,12,11,12,12,13,13,13,13,13,13,13,13,13,13,13,13,13,14,15,14,15,15,0,55,54,52,53,53,51,51,52,49,54,54,54,51,54,54,58,59,58,58,58,57,56,56,56,53,53,51,52,0,0,0,0,0,0,0,35,36,37,41,42,43,46,48,49,50,49,50,48,51,51,47,48,51,50,51,53,53,55,53,57,52,54,54
20260726_164847_905931,1785081024265783,323116902,2,2,0,-50,128,0,14,14,14,14,14,14,13,13,13,14,14,13,13,14,14,15,14,15,15,15,14,14,14,13,13,13,0,0,0,0,0,0,0,0,0,0,0,11,11,12,13,13,14,14,14,14,14,14,14,14,14,14,13,14,14,15,14,14,14,15,15,15,14,0,52,51,49,52,49,50,50,48,50,52,52,52,52,52,53,53,57,55,55,57,54,54,53,51,50,50,48,48,0,0,0,0,0,0,0,35,38,40,41,42,44,49,47,49,49,52,52,51,50,51,51,49,51,50,51,48,51,52,53,54,53,53,52
20260726_164847_905931,1785081024367155,323216011,2,2,0,-50,128,0,14,14,14,15,15,14,14,14,14,14,15,15,15,16,16,16,16,16,16,16,16,15,15,15,15,15,0,0,0,0,0,0,0,0,0,0,0,9,10,10,10,11,11,11,11,12,12,12,12,11,11,12,12,12,12,12,13,13,13,14,14,14,14,0,53,54,56,54,56,55,52,53,53,56,58,57,56,57,60,60,59,62,62,63,61,60,58,59,60,56,54,53,0,0,0,0,0,0,0,33,36,35,36,36,39,39,43,43,44,44,42,43,45,44,44,44,44,45,46,48,48,49,49,49,51,51,52
20260726_164847_905931,1785081024475349,323322262,2,2,0,-52,128,0,13,13,13,12,13,13,14,14,14,14,14,14,15,16,15,16,16,16,17,17,16,16,16,16,15,15,0,0,0,0,0,0,0,0,0,0,0,10,11,10,11,11,12,12,12,11,11,11,11,11,11,11,10,11,11,12,12,12,12,12,12,12,13,0,50,49,50,50,51,52,53,53,52,56,57,56,57,58,60,63,63,65,65,64,65,62,62,61,59,59,55,56,0,0,0,0,0,0,0,35,37,39,40,42,44,45,46,47,47,46,46,45,45,44,44,43,44,43,44,45,46,48,46,48,48,48,49
20260726_164847_905931,1785081024560703,323411986,2,2,0,-51,128,0,13,13,13,13,13,14,13,14,14,14,14,14,15,15,16,16,16,16,16,16,16,15,16,15,15,14,0,0,0,0,0,0,0,0,0,0,0,9,9,9,10,10,11,11,11,11,11,11,11,11,11,11,11,11,11,11,11,12,12,12,13,13,13,0,51,51,49,53,51,53,51,52,53,56,55,55,57,57,60,61,62,61,63,62,63,60,60,60,57,55,54,55,0,0,0,0,0,0,0,31,32,32,34,37,38,40,40,42,42,42,43,42,43,42,43,43,43,43,45,45,47,45,47,49,50,49,49
20260726_164847_905931,1785081024662156,323512057,2,2,0,-50,128,0,15,15,15,15,14,15,15,15,15,15,15,15,15,15,16,16,16,16,16,16,17,16,16,16,16,15,0,0,0,0,0,0,0,0,0,0,0,8,8,8,9,9,9,10,10,10,11,11,11,11,11,12,12,12,12,13,13,13,14,14,14,14,14,0,29,29,28,29,29,28,29,28,28,30,29,30,29,30,32,31,33,32,33,32,32,31,32,31,32,30,29,29,0,0,0,0,0,0,0,13,15,15,16,16,16,18,19,19,18,20,21,21,22,22,23,23,23,23,24,24,25,25,27,27,27,28,28
20260726_164847_905931,1785081024764940,323614535,2,2,0,-50,128,0,13,13,14,13,14,14,14,14,14,14,14,14,15,15,16,16,16,16,16,16,16,16,16,15,15,15,0,0,0,0,0,0,0,0,0,0,0,7,8,8,9,9,9,9,9,10,10,10,10,10,10,10,10,11,11,11,12,12,12,12,13,13,13,0,25,27,26,27,25,26,26,27,27,28,27,28,28,28,31,31,33,32,32,31,32,31,32,31,30,29,29,28,0,0,0,0,0,0,0,13,14,15,15,16,17,17,18,19,18,18,19,19,19,19,19,20,20,21,21,22,23,23,24,25,25,25,25
20260726_164847_905931,1785081024866882,323714708,2,2,0,-51,128,0,14,14,14,14,14,14,14,14,14,15,15,15,15,16,16,16,16,16,16,17,17,16,16,16,16,15,0,0,0,0,0,0,0,0,0,0,0,8,8,9,9,9,10,10,11,11,11,11,11,11,11,11,12,11,13,13,13,13,13,13,14,14,14,0,54,55,55,55,55,56,54,55,55,59,59,58,59,59,62,62,64,64,66,64,66,62,62,62,60,58,57,57,0,0,0,0,0,0,0,28,30,31,32,34,36,38,39,40,42,43,43,43,43,44,42,43,44,45,47,48,49,50,51,51,53,52,53
20260726_164847_905931,1785081024962999,323812171,2,2,0,-49,128,0,15,16,15,16,14,16,15,15,16,15,16,15,16,16,16,16,16,16,17,16,17,16,16,16,15,14,0,0,0,0,0,0,0,0,0,0,0,10,9,9,10,10,11,11,12,12,12,12,12,12,12,12,12,12,13,13,13,13,14,14,14,16,15,0,59,56,58,56,58,57,54,56,56,55,58,57,57,59,58,63,58,64,64,62,60,60,56,59,56,57,52,53,0,0,0,0,0,0,0,32,33,35,38,37,42,39,42,42,45,45,43,45,46,45,47,48,47,48,47,49,50,51,51,53,55,55,60
20260726_164847_905931,1785081025060056,323912208,2,2,0,-49,128,0,16,15,15,15,15,15,15,15,14,14,15,15,14,15,15,16,16,16,16,16,16,15,15,15,14,14,0,0,0,0,0,0,0,0,0,0,0,10,10,12,12,12,13,13,13,13,14,14,14,14,14,15,14,15,14,16,15,16,15,16,16,15,16,0,59,56,55,54,56,56,53,55,53,55,53,54,52,54,57,58,57,59,58,57,59,55,54,54,53,52,48,49,0,0,0,0,0,0,0,35,35,36,39,41,43,44,47,47,50,49,50,51,51,50,49,51,51,53,53,55,54,56,54,57,57,59,56
20260726_164847_905931,1785081025163660,324011200,2,2,0,-51,128,0,13,13,13,13,13,13,14,14,14,14,14,14,14,15,15,16,16,16,16,16,16,16,16,16,16,14,0,0,0,0,0,0,0,0,0,0,0,8,8,8,9,9,10,10,10,10,10,10,10,10,10,10,10,11,11,11,11,12,12,12,13,13,13,0,53,53,52,54,52,54,54,54,54,57,58,57,56,59,61,61,63,63,65,62,63,63,61,58,59,58,55,55,0,0,0,0,0,0,0,28,31,32,33,36,36,39,38,39,40,41,41,40,41,40,40,41,42,42,44,45,46,48,48,50,50,52,52
20260726_164847_905931,1785081025260341,324111600,2,2,0,-49,128,0,14,13,13,13,13,13,13,13,13,13,13,13,14,14,14,15,15,15,15,15,14,14,14,14,14,14,0,0,0,0,0,0,0,0,0,0,0,8,9,9,10,10,11,11,11,11,11,11,12,12,11,12,11,13,13,13,13,13,13,14,13,13,14,0,56,54,54,52,52,52,50,51,53,51,53,53,52,56,54,58,55,61,58,58,57,55,53,54,53,54,50,49,0,0,0,0,0,0,0,31,33,33,36,37,39,40,42,43,45,45,45,46,45,45,47,45,45,47,47,51,51,52,51,51,54,53,54
20260726_164847_905931,1785081025363557,324212439,2,2,0,-51,128,0,14,14,14,14,14,14,15,15,15,15,16,16,16,16,17,17,17,18,18,17,18,17,17,17,16,16,0,0,0,0,0,0,0,0,0,0,0,10,10,10,11,10,11,11,12,11,11,11,10,10,10,10,10,11,11,11,11,12,12,13,13,13,13,0,26,27,27,27,27,28,27,28,28,29,30,30,30,31,32,33,33,33,34,34,34,33,31,31,30,31,30,29,0,0,0,0,0,0,0,17,18,18,19,20,20,20,21,21,21,21,21,21,21,20,20,20,21,21,21,21,22,23,24,24,25,25,25
20260726_164847_905931,1785081025460137,324312431,2,2,0,-52,128,0,12,12,12,13,13,13,13,14,14,14,15,15,15,16,16,16,17,17,17,17,17,17,16,16,16,16,0,0,0,0,0,0,0,0,0,0,0,6,6,7,8,7,7,8,8,8,8,8,8,9,8,8,8,8,8,9,9,9,10,11,11,11,11,0,51,53,52,54,52,55,56,55,58,60,61,61,61,64,66,67,69,68,70,70,70,68,68,66,64,63,62,60,0,0,0,0,0,0,0,26,29,27,30,32,31,32,32,34,34,33,33,33,33,35,33,35,35,36,38,38,40,43,43,45,46,47,48
20260726_164847_905931,1785081025561803,324411958,2,2,0,-52,128,0,13,13,13,13,13,13,13,14,14,15,15,15,15,16,17,17,17,17,18,17,17,17,18,17,17,16,0,0,0,0,0,0,0,0,0,0,0,9,10,10,10,11,10,10,10,10,10,10,10,9,9,9,10,10,10,10,11,11,12,12,12,12,13,0,50,52,51,52,52,53,53,56,54,59,59,57,60,60,63,65,66,66,67,67,67,66,67,65,65,63,62,62,0,0,0,0,0,0,0,33,34,36,37,38,38,41,40,41,41,41,41,39,38,37,37,37,39,38,40,40,41,43,44,47,47,48,48
20260726_164847_905931,1785081025664657,324511868,2,2,0,-51,128,0,13,13,13,13,13,13,13,13,13,14,14,14,14,14,14,16,16,16,16,15,16,16,16,15,15,14,0,0,0,0,0,0,0,0,0,0,0,8,9,9,10,10,10,10,10,10,10,10,10,10,10,9,9,10,10,10,11,11,11,11,12,13,12,0,51,50,52,52,51,52,52,53,52,54,57,56,56,59,59,62,62,62,64,64,64,62,61,60,59,60,56,55,0,0,0,0,0,0,0,34,35,35,37,40,39,41,41,43,42,43,41,41,40,40,39,40,39,41,41,42,44,45,45,47,49,49,49
20260726_164847_905931,1785081025761679,324612277,2,2,0,-51,128,0,14,13,14,13,13,13,13,13,13,13,14,14,14,14,14,14,14,15,15,15,15,15,14,14,14,14,0,0,0,0,0,0,0,0,0,0,0,9,9,10,10,11,10,11,11,11,11,11,11,11,11,11,10,11,11,12,12,13,13,13,13,13,14,0,54,52,53,53,53,54,53,52,54,54,56,55,55,58,57,59,57,61,60,60,60,59,57,57,57,56,54,53,0,0,0,0,0,0,0,33,37,36,38,38,42,42,43,43,44,46,44,44,44,43,44,45,45,47,47,48,50,50,51,52,52,54,52
20260726_164847_905931,1785081025864027,324712276,2,2,0,-51,128,0,14,14,15,14,14,14,15,14,15,15,15,15,15,16,16,16,16,17,17,17,16,16,16,15,15,15,0,0,0,0,0,0,0,0,0,0,0,11,11,11,12,12,12,12,13,13,13,13,13,12,11,12,11,12,12,12,13,13,13,13,14,14,14,0,27,27,26,27,26,27,26,27,27,28,29,28,28,29,29,30,30,30,31,31,30,29,29,29,28,27,26,26,0,0,0,0,0,0,0,18,19,19,19,20,21,23,23,23,23,22,22,23,23,22,22,22,23,23,23,24,23,25,25,26,26,25,27
20260726_164847_905931,1785081025962823,324812661,2,2,0,-52,128,0,12,12,12,12,12,13,13,13,13,14,14,14,14,15,15,16,16,16,17,17,17,17,16,16,16,16,0,0,0,0,0,0,0,0,0,0,0,12,13,13,14,14,14,14,14,14,14,14,13,13,12,12,12,12,11,11,12,12,12,12,12,12,12,0,47,46,48,47,48,48,48,50,50,53,54,53,55,57,57,60,61,62,62,62,64,64,62,62,63,62,57,60,0,0,0,0,0,0,0,45,45,47,49,49,52,53,53,53,53,53,52,50,49,48,46,45,43,42,42,43,43,44,44,43,45,46,44
20260726_164847_905931,1785081026064557,324912474,2,2,0,-50,128,0,14,14,14,14,14,14,14,14,14,14,15,15,15,15,16,16,16,16,16,15,15,14,14,14,14,13,0,0,0,0,0,0,0,0,0,0,0,10,11,10,11,11,12,12,12,12,12,12,12,12,12,11,11,12,11,13,13,13,13,14,13,14,14,0,57,58,56,56,55,57,58,57,58,57,58,57,57,57,60,59,60,60,60,59,59,58,58,55,54,52,52,49,0,0,0,0,0,0,0,36,38,41,41,44,44,46,46,45,47,44,47,46,45,44,46,43,46,46,48,48,49,50,51,54,52,55,56
20260726_164847_905931,1785081026167517,325014144,2,2,0,-50,128,0,13,13,13,13,13,13,13,13,13,13,13,13,13,13,14,14,14,14,14,13,13,13,13,13,13,13,0,0,0,0,0,0,0,0,0,0,0,12,12,12,13,14,14,14,14,15,14,14,14,13,13,13,13,13,13,13,13,13,13,13,13,14,13,0,53,48,51,50,52,50,50,48,50,49,52,51,52,54,53,55,52,56,55,54,53,53,50,50,50,51,44,46,0,0,0,0,0,0,0,40,43,45,49,48,53,51,54,55,53,54,51,52,52,50,51,50,50,51,48,52,50,49,50,51,49,51,53
20260726_164847_905931,1785081026263936,325111514,2,2,0,-50,128,0,14,14,14,14,14,14,15,14,15,15,15,15,14,15,15,16,16,15,16,16,16,16,15,15,14,14,0,0,0,0,0,0,0,0,0,0,0,11,11,11,11,12,13,12,12,12,12,11,12,11,12,11,12,12,12,12,13,13,14,14,14,14,14,0,55,54,56,55,56,55,55,56,56,57,58,58,57,60,59,61,61,62,61,59,61,57,56,57,56,57,51,52,0,0,0,0,0,0,0,39,40,41,43,44,47,44,46,48,50,48,47,46,45,44,44,45,45,46,45,46,49,51,49,50,53,55,55
20260726_164847_905931,1785081026365626,325212309,2,2,0,-50,128,0,14,14,14,14,14,14,14,14,14,15,15,15,14,15,14,16,15,15,15,15,15,14,14,13,14,14,0,0,0,0,0,0,0,0,0,0,0,10,10,10,11,11,11,12,12,12,12,13,12,12,12,12,11,12,12,13,12,14,14,14,14,14,14,0,57,56,58,58,55,55,55,55,56,59,58,58,58,59,58,59,59,58,59,59,59,58,55,56,55,54,50,51,0,0,0,0,0,0,0,36,37,37,42,43,43,45,46,46,47,47,45,47,46,45,47,47,48,48,49,50,51,51,53,54,54,54,57
20260726_164847_905931,1785081026461470,325312041,2,2,0,-50,128,0,15,15,16,15,15,14,14,14,14,14,14,14,14,14,15,15,15,15,15,14,14,14,14,14,13,13,0,0,0,0,0,0,0,0,0,0,0,10,10,10,10,11,11,12,12,12,12,12,12,12,12,12,12,13,13,13,13,13,15,14,15,15,16,0,59,58,57,56,56,57,54,56,56,55,55,55,55,56,56,57,56,57,55,54,56,55,54,52,51,50,46,47,0,0,0,0,0,0,0,33,35,37,40,40,41,42,44,46,47,45,45,47,48,46,47,48,47,49,50,51,53,52,55,54,57,59,60
20260726_164847_905931,1785081026564575,325411419,2,2,0,-50,128,0,15,16,15,16,15,15,15,15,15,15,15,15,14,15,15,15,15,15,15,15,15,14,14,14,13,13,0,0,0,0,0,0,0,0,0,0,0,10,11,11,12,12,12,12,13,13,13,13,13,13,13,13,13,13,14,14,14,15,15,15,15,16,15,0,58,57,57,58,55,56,56,55,57,57,55,57,57,57,55,57,56,55,57,54,55,55,52,51,50,48,44,44,0,0,0,0,0,0,0,35,37,38,39,42,42,45,44,44,47,47,48,47,47,46,48,48,47,48,51,50,52,51,56,54,55,59,55
20260726_164847_905931,1785081026661927,325512143,2,2,0,-50,128,0,15,14,14,14,14,14,14,13,14,14,14,14,13,13,15,15,14,14,14,14,14,13,13,13,13,13,0,0,0,0,0,0,0,0,0,0,0,9,10,10,10,10,11,11,11,11,11,11,11,11,11,11,11,12,12,12,13,13,13,13,14,14,14,0,57,56,54,55,54,56,52,55,54,58,54,53,55,55,55,57,57,58,58,57,56,54,53,51,52,50,48,48,0,0,0,0,0,0,0,33,37,39,38,41,41,43,44,46,47,46,46,46,47,46,45,46,46,48,49,50,50,51,53,52,56,56,53
20260726_164847_905931,1785081026798012,325645381,2,2,0,-49,128,0,14,14,14,14,14,14,14,14,13,13,14,14,14,15,15,15,15,15,15,15,14,15,13,13,13,13,0,0,0,0,0,0,0,0,0,0,0,10,11,11,12,12,12,13,13,13,13,13,13,13,13,13,12,12,13,13,14,14,14,14,13,13,14,0,54,54,59,54,53,49,53,54,50,54,55,56,54,55,56,56,58,56,57,57,56,53,55,52,52,49,47,45,0,0,0,0,0,0,0,37,41,41,42,45,45,49,48,50,49,51,53,49,49,50,51,48,49,49,50,51,49,53,54,53,56,56,56
20260726_164847_905931,1785081026940135,325784162,2,2,0,-50,128,0,15,15,15,14,13,14,13,14,14,14,14,14,14,15,15,15,15,16,15,15,15,15,14,14,14,14,0,0,0,0,0,0,0,0,0,0,0,12,13,12,13,14,14,14,14,14,14,13,13,13,13,13,13,13,13,13,13,13,14,14,14,15,15,0,53,53,53,51,50,52,50,52,52,53,52,52,51,54,54,56,53,56,56,55,55,55,53,52,53,52,48,49,0,0,0,0,0,0,0,41,41,44,48,49,48,52,51,52,53,54,54,51,51,49,49,50,50,51,48,51,52,50,51,53,49,53,55
20260726_164847_905931,1785081026968963,325811653,2,2,0,-52,128,0,13,14,14,14,13,14,13,13,14,14,14,14,15,15,15,16,16,16,16,16,16,16,16,15,15,15,0,0,0,0,0,0,0,0,0,0,0,11,11,12,12,12,13,13,13,13,13,12,12,12,12,11,12,12,12,12,12,12,12,12,12,13,12,0,51,51,51,50,51,51,51,52,52,54,54,55,57,58,59,60,62,61,63,63,63,62,61,59,60,57,55,56,0,0,0,0,0,0,0,38,41,41,43,45,46,47,47,48,47,49,48,46,46,44,43,43,43,44,44,43,44,45,46,46,47,49,47
20260726_164847_905931,1785081027060400,325912251,2,2,0,-49,128,0,14,14,14,14,14,13,13,13,13,14,14,14,14,14,15,15,15,15,15,16,15,15,15,14,14,14,0,0,0,0,0,0,0,0,0,0,0,9,10,10,11,11,12,12,12,12,12,12,12,12,11,11,11,11,11,12,13,13,13,13,14,14,14,0,53,52,52,52,52,52,52,52,51,53,53,54,54,56,56,57,59,59,57,59,58,58,56,56,54,51,50,50,0,0,0,0,0,0,0,33,36,38,39,39,42,45,44,45,46,46,46,44,44,45,45,45,47,45,47,48,48,50,51,50,53,53,51
20260726_164847_905931,1785081027162108,326012274,2,2,0,-50,128,0,13,13,13,14,13,13,13,12,13,14,13,13,13,14,15,15,15,15,15,15,15,15,15,15,14,14,0,0,0,0,0,0,0,0,0,0,0,10,10,11,11,12,12,13,13,13,13,13,12,12,12,12,13,12,12,13,13,13,12,13,13,13,13,0,53,49,51,49,49,50,49,50,50,53,53,54,52,56,57,57,57,59,60,59,60,58,57,57,57,55,52,54,0,0,0,0,0,0,0,35,36,38,41,41,43,44,47,48,47,48,47,47,47,47,46,48,44,46,46,48,47,48,49,49,51,50,50
20260726_164847_905931,1785081027263099,326113588,2,2,0,-49,128,0,15,15,15,16,15,15,15,15,14,15,15,16,14,15,16,16,16,16,16,16,16,16,15,16,15,15,0,0,0,0,0,0,0,0,0,0,0,9,10,9,10,11,11,11,12,12,12,12,12,12,12,12,13,12,13,13,13,13,14,14,15,15,14,0,57,56,56,57,54,57,55,57,55,58,58,57,56,60,61,62,60,62,62,62,63,60,59,60,59,57,55,55,0,0,0,0,0,0,0,31,32,33,36,36,38,40,41,42,44,44,44,45,45,45,46,47,46,47,47,48,48,50,52,52,52,54,56
20260726_164847_905931,1785081027360157,326212548,2,2,0,-50,128,0,14,14,14,14,14,14,14,14,14,14,15,14,14,15,16,16,16,16,16,16,16,15,15,14,15,15,0,0,0,0,0,0,0,0,0,0,0,8,9,9,9,9,10,11,11,11,11,11,11,11,11,11,11,11,12,11,12,13,13,14,14,14,14,0,55,55,57,57,57,55,55,56,55,56,58,58,55,59,61,63,59,64,63,63,63,59,60,57,56,57,55,54,0,0,0,0,0,0,0,30,31,33,35,34,37,38,41,41,41,43,42,43,43,44,41,43,44,45,47,48,49,51,50,50,55,54,53
20260726_164847_905931,1785081027463872,326313608,2,2,0,-49,128,0,14,14,14,14,13,14,13,13,14,14,14,14,14,14,15,15,15,15,16,15,15,15,15,15,14,14,0,0,0,0,0,0,0,0,0,0,0,8,8,9,9,9,9,10,10,10,10,10,11,10,10,10,11,11,11,11,12,12,12,13,13,13,13,0,27,27,27,28,26,26,26,26,27,27,29,28,28,29,29,30,29,30,31,31,31,30,28,28,29,28,26,26,0,0,0,0,0,0,0,14,15,17,16,17,18,19,19,20,21,22,20,21,22,21,21,22,22,23,22,23,23,24,25,24,25,25,28
20260726_164847_905931,1785081027561806,326412236,2,2,0,-50,128,0,15,15,15,15,14,15,15,15,15,16,16,16,16,16,17,17,17,17,17,17,18,17,17,16,16,16,0,0,0,0,0,0,0,0,0,0,0,9,9,9,9,9,10,10,10,10,10,10,10,10,10,11,11,11,12,12,12,13,13,13,14,14,14,0,28,28,28,29,28,28,28,28,30,30,30,29,30,31,32,32,33,32,33,34,33,33,32,30,31,30,28,28,0,0,0,0,0,0,0,15,15,16,17,17,17,18,19,20,19,20,20,20,21,19,20,20,21,22,21,22,24,24,25,25,27,26,27
20260726_164847_905931,1785081027663445,326512514,2,2,0,-50,128,0,14,14,13,14,13,14,14,14,14,14,15,14,14,15,15,15,16,16,16,16,16,15,16,15,15,15,0,0,0,0,0,0,0,0,0,0,0,8,9,9,9,9,9,10,10,11,11,11,11,11,10,11,10,11,11,11,11,12,12,12,12,13,13,0,28,26,26,27,26,27,28,27,27,28,28,28,29,29,30,31,31,32,32,32,31,31,30,29,30,30,27,27,0,0,0,0,0,0,0,15,15,16,17,18,18,19,19,21,21,21,21,21,21,21,22,22,23,22,23,22,23,23,24,24,24,25,26
20260726_164847_905931,1785081027760100,326612231,2,2,0,-51,128,0,13,13,13,13,13,13,13,13,14,14,14,14,14,15,16,16,16,16,17,17,17,16,16,16,16,15,0,0,0,0,0,0,0,0,0,0,0,8,9,8,9,9,9,9,11,10,10,10,10,9,9,9,10,10,10,10,11,11,11,12,12,12,12,0,26,25,25,26,25,26,25,26,26,28,28,28,27,29,31,32,31,32,32,32,33,32,32,31,31,31,30,29,0,0,0,0,0,0,0,15,16,17,17,17,18,18,20,19,20,20,20,20,20,19,20,20,20,20,20,21,21,22,22,24,24,24,24
20260726_164847_905931,1785081027866779,326714640,2,2,0,-50,128,0,14,13,14,13,14,14,14,13,14,14,14,15,15,15,15,16,16,16,16,16,16,15,15,15,15,15,0,0,0,0,0,0,0,0,0,0,0,8,9,9,9,10,10,10,10,10,10,11,10,10,10,10,10,10,10,11,11,11,12,12,13,13,14,0,53,54,54,55,54,54,55,55,56,60,60,56,58,59,61,63,63,63,65,66,65,63,62,61,60,59,55,57,0,0,0,0,0,0,0,32,33,35,37,36,38,41,40,44,42,42,41,42,41,40,40,41,42,43,43,44,47,46,47,49,51,52,49
20260726_164847_905931,1785081027964439,326813302,2,2,0,-51,128,0,13,13,14,13,13,13,13,13,13,13,14,13,14,14,14,15,15,15,15,15,14,15,15,14,14,14,0,0,0,0,0,0,0,0,0,0,0,9,9,9,10,10,11,11,11,11,11,11,11,11,11,11,11,11,11,12,12,12,13,13,13,14,14,0,54,53,52,50,53,52,53,51,54,51,54,54,55,60,56,58,57,61,64,56,64,56,59,60,58,59,57,55,0,0,0,0,0,0,0,33,36,36,39,40,42,43,43,45,46,46,46,46,45,46,45,48,46,47,47,48,49,50,51,50,52,52,52
20260726_164847_905931,1785081028066253,326915067,2,2,0,-49,128,0,14,15,15,15,15,15,15,14,14,15,15,15,15,16,16,16,16,17,16,16,16,16,15,15,15,15,0,0,0,0,0,0,0,0,0,0,0,9,9,10,10,11,11,11,12,12,12,12,12,12,12,12,12,13,13,13,14,14,14,14,14,15,15,0,28,27,27,26,27,27,28,28,28,28,28,28,28,29,29,29,32,29,31,32,31,29,28,30,29,28,26,25,0,0,0,0,0,0,0,15,15,16,18,17,18,19,20,20,21,22,21,22,22,23,22,23,23,24,24,25,24,25,25,25,27,26,27
20260726_164847_905931,1785081028162538,327012058,2,2,0,-50,128,0,14,14,14,14,14,14,14,13,13,14,14,14,14,15,15,15,15,15,15,15,15,15,15,14,14,14,0,0,0,0,0,0,0,0,0,0,0,9,10,10,10,11,11,12,12,12,12,12,11,11,12,13,13,13,13,13,13,14,14,13,14,14,14,0,54,52,53,53,52,52,53,53,53,53,55,53,55,58,54,59,57,59,59,59,57,60,56,55,53,53,49,51,0,0,0,0,0,0,0,32,33,36,38,37,40,40,43,44,44,46,46,44,47,46,47,46,45,48,46,48,48,49,52,51,53,53,54
20260726_164847_905931,1785081028262792,327113748,2,2,0,-50,128,0,13,14,14,14,13,13,13,13,13,13,14,15,15,15,15,15,16,16,16,16,16,16,16,15,14,14,0,0,0,0,0,0,0,0,0,0,0,9,10,10,11,11,11,12,12,12,12,12,12,12,12,12,12,12,13,13,13,13,14,14,14,14,14,0,52,55,53,55,49,52,52,50,51,52,53,53,53,53,57,58,60,57,59,57,59,57,56,52,54,53,52,51,0,0,0,0,0,0,0,34,36,37,40,41,42,45,46,45,47,48,48,47,49,48,48,48,47,47,48,48,49,50,51,52,51,52,51
20260726_164847_905931,1785081028365380,327216406,2,2,0,-50,128,0,14,14,14,14,13,13,13,13,14,13,13,13,13,13,14,14,14,14,14,14,14,14,13,13,13,13,0,0,0,0,0,0,0,0,0,0,0,8,9,9,9,10,10,11,11,11,11,11,11,12,12,11,12,12,12,13,13,13,13,13,13,14,14,0,55,54,53,53,49,54,52,50,53,53,55,51,55,54,55,57,57,58,57,59,57,56,54,54,52,53,49,49,0,0,0,0,0,0,0,32,32,31,36,36,38,39,41,42,44,45,46,47,44,47,48,47,49,49,50,49,50,52,53,55,53,56,57
20260726_164847_905931,1785081028461151,327312152,2,2,0,-49,128,0,14,14,14,14,14,14,14,14,13,14,15,14,15,14,15,14,16,15,16,15,15,15,15,15,13,14,0,0,0,0,0,0,0,0,0,0,0,8,9,9,9,10,10,10,10,11,11,11,11,12,12,12,12,12,12,13,13,14,14,14,14,14,14,0,58,58,58,57,55,56,54,56,53,56,56,56,56,59,57,60,60,61,61,61,60,59,57,58,55,56,52,53,0,0,0,0,0,0,0,29,30,32,34,35,36,39,39,39,41,41,43,43,44,46,45,46,46,48,49,50,52,53,53,52,55,56,56
20260726_164847_905931,1785081028563628,327412378,2,2,0,-50,128,0,13,13,13,13,13,13,13,13,13,13,13,13,13,14,14,14,14,14,15,15,14,14,14,14,13,13,0,0,0,0,0,0,0,0,0,0,0,10,10,11,11,12,12,12,12,12,14,13,13,13,13,13,12,12,12,12,12,13,13,13,13,13,14,0,53,53,49,55,50,52,52,52,52,54,52,51,54,51,57,53,57,54,58,56,56,53,56,53,53,50,49,48,0,0,0,0,0,0,0,35,39,38,37,44,43,48,45,47,49,49,52,50,48,50,49,49,50,48,52,49,50,51,51,55,51,54,52
20260726_164847_905931,1785081028666826,327514579,2,2,0,-49,128,0,14,14,14,14,13,13,13,13,13,13,13,13,13,14,14,14,15,14,15,14,14,14,13,13,13,13,0,0,0,0,0,0,0,0,0,0,0,9,9,10,10,11,10,12,11,11,12,11,12,12,12,12,12,12,12,12,13,13,14,14,14,14,14,0,54,53,52,53,53,52,51,51,50,54,53,52,52,54,56,56,56,57,58,56,56,54,53,51,50,49,47,46,0,0,0,0,0,0,0,33,35,35,37,39,40,42,44,46,46,46,48,47,47,47,46,47,49,49,48,49,51,51,52,52,54,54,56
20260726_164847_905931,1785081028762723,327613975,2,2,0,-50,128,0,14,14,15,14,14,14,14,14,14,14,15,15,15,16,15,16,16,16,16,16,16,16,15,15,14,14,0,0,0,0,0,0,0,0,0,0,0,9,10,10,11,11,11,12,12,12,12,12,12,13,13,13,13,13,13,13,13,14,14,14,15,14,15,0,56,56,57,55,55,55,55,54,53,53,58,56,56,58,56,61,57,62,60,60,60,59,56,56,56,56,51,52,0,0,0,0,0,0,0,32,33,35,39,38,42,43,43,46,46,47,46,45,46,47,49,48,47,51,49,52,52,53,53,52,53,54,55
20260726_164847_905931,1785081028864031,327712036,2,2,0,-49,128,0,13,13,13,12,13,13,13,13,13,13,13,13,13,14,14,14,14,15,15,15,15,14,14,14,14,13,0,0,0,0,0,0,0,0,0,0,0,10,11,11,12,12,12,12,12,13,13,13,13,13,13,13,13,13,13,13,12,13,12,12,13,13,13,0,51,50,49,48,50,49,50,50,50,50,51,51,52,55,55,55,56,57,57,57,56,57,56,55,52,51,49,49,0,0,0,0,0,0,0,36,39,39,41,44,46,48,48,50,49,50,50,48,49,49,50,50,48,49,49,51,50,51,50,50,52,51,53
20260726_164847_905931,1785081028962394,327811551,2,2,0,-48,128,0,15,15,15,15,15,15,15,14,14,14,15,14,15,15,15,16,15,16,16,15,16,15,15,14,14,14,0,0,0,0,0,0,0,0,0,0,0,11,11,11,12,12,13,13,14,14,14,14,14,13,13,14,14,14,14,15,14,14,15,14,14,16,16,0,55,56,55,55,56,56,56,53,54,56,56,54,54,56,56,59,58,57,59,57,58,55,54,54,53,51,49,48,0,0,0,0,0,0,0,34,36,38,40,40,43,45,47,48,50,50,51,50,52,51,50,51,51,52,53,52,56,55,56,56,56,56,56
20260726_164847_905931,1785081029059552,327912021,2,2,0,-49,128,0,14,14,14,14,13,13,13,13,13,13,13,14,13,14,14,14,15,15,15,15,14,14,14,13,13,13,0,0,0,0,0,0,0,0,0,0,0,8,9,9,9,10,10,11,10,11,11,12,12,13,12,13,12,13,13,13,13,14,14,14,14,14,14,0,56,55,55,53,53,53,53,51,52,54,54,55,52,56,56,58,56,59,58,57,56,57,55,55,53,52,48,51,0,0,0,0,0,0,0,30,32,33,35,36,39,39,42,44,45,47,48,47,48,50,50,50,50,50,51,52,52,54,54,54,55,56,56
20260726_164847_905931,1785081029162019,328012098,2,2,0,-48,128,0,14,15,15,15,14,14,14,14,15,15,14,14,15,15,15,17,16,17,17,17,16,16,15,16,15,15,0,0,0,0,0,0,0,0,0,0,0,11,11,11,12,12,12,13,13,13,13,13,13,13,12,13,12,13,13,13,13,13,13,13,14,14,14,0,55,55,55,53,54,54,53,52,54,56,56,56,56,58,58,61,60,63,62,60,62,57,56,57,57,54,50,51,0,0,0,0,0,0,0,34,37,38,38,39,45,47,46,47,47,47,46,48,48,47,46,48,48,48,48,49,50,50,51,51,52,52,53
20260726_164847_905931,1785081029264214,328112229,2,2,0,-48,128,0,14,14,13,14,14,14,13,14,13,14,14,14,14,14,14,14,15,15,15,15,15,15,14,14,14,14,0,0,0,0,0,0,0,0,0,0,0,9,9,10,10,10,11,11,12,12,12,12,12,12,12,12,12,13,12,12,13,13,13,13,14,14,13,0,54,54,52,56,53,52,52,52,52,55,55,54,55,54,57,57,59,59,60,58,60,58,55,54,52,52,51,49,0,0,0,0,0,0,0,30,33,33,35,39,37,40,41,42,44,45,45,45,44,47,45,45,48,47,50,46,49,48,49,51,51,53,53
20260726_164847_905931,1785081029360154,328211644,2,2,0,-48,128,0,14,14,14,14,14,14,14,14,13,13,13,13,13,14,14,14,14,14,14,14,14,13,13,13,13,13,0,0,0,0,0,0,0,0,0,0,0,8,9,9,9,10,10,11,11,11,11,11,11,12,12,12,12,12,13,13,13,13,13,14,14,14,14,0,58,57,55,55,56,56,55,54,52,56,55,53,53,57,56,58,59,59,59,57,58,55,54,52,50,49,47,48,0,0,0,0,0,0,0,29,32,31,34,36,38,39,41,42,43,44,45,45,48,48,47,48,49,51,48,53,54,54,54,56,58,57,58
20260726_164847_905931,1785081029462154,328311918,2,2,0,-47,128,0,14,14,14,14,14,14,14,14,13,14,14,14,13,15,15,15,15,16,14,14,14,14,14,13,13,13,0,0,0,0,0,0,0,0,0,0,0,8,9,9,9,10,10,10,11,11,11,11,11,11,11,11,12,12,12,12,13,13,13,14,14,14,14,0,57,55,56,57,56,57,56,54,54,58,60,56,57,58,59,59,59,60,59,60,59,56,55,56,53,51,50,49,0,0,0,0,0,0,0,31,33,34,35,37,38,39,42,43,43,44,44,46,44,44,45,47,46,48,49,50,51,52,53,53,55,54,55
20260726_164847_905931,1785081029559683,328411951,2,2,0,-49,128,0,15,15,15,15,15,15,15,14,14,15,15,14,14,14,15,15,15,15,15,15,15,14,14,14,14,13,0,0,0,0,0,0,0,0,0,0,0,11,11,11,12,12,13,13,13,13,13,13,13,13,13,13,13,14,14,14,14,14,15,15,15,15,15,0,55,56,53,55,52,54,52,52,53,56,55,55,52,54,54,56,57,56,56,54,55,53,52,50,50,48,46,46,0,0,0,0,0,0,0,36,36,39,40,42,43,45,47,48,48,49,47,49,49,49,49,49,51,51,51,52,53,54,55,55,55,53,55
20260726_164847_905931,1785081029668054,328514512,2,2,0,-50,128,0,15,15,15,15,15,15,15,15,15,15,15,15,16,16,16,16,16,16,17,16,16,16,15,15,14,14,0,0,0,0,0,0,0,0,0,0,0,11,11,11,12,12,12,12,12,12,12,12,12,12,12,12,12,12,12,13,13,13,14,14,14,14,15,0,27,27,28,28,27,29,28,27,28,29,29,28,28,29,29,30,29,30,31,30,30,29,28,28,28,26,25,24,0,0,0,0,0,0,0,17,19,20,20,20,21,21,22,23,23,23,23,23,22,22,22,22,22,23,23,22,25,24,25,26,25,26,28
20260726_164847_905931,1785081029759697,328612076,2,2,0,-50,128,0,14,16,14,14,15,15,14,15,15,15,15,15,14,16,16,15,16,16,16,16,16,15,15,15,14,13,0,0,0,0,0,0,0,0,0,0,0,8,9,9,9,10,10,10,10,10,10,11,11,10,11,11,11,11,11,12,12,13,13,13,14,14,14,0,58,58,57,59,59,59,57,59,59,61,60,59,57,61,61,62,62,62,61,63,63,58,58,55,57,54,52,50,0,0,0,0,0,0,0,32,33,34,36,36,37,37,39,39,39,39,39,40,39,41,40,43,41,45,43,47,49,49,50,52,55,56,55
20260726_164847_905931,1785081029865087,328715548,2,2,0,-48,128,0,15,15,15,15,15,14,14,14,14,14,15,15,15,15,15,16,16,15,16,16,16,15,14,14,14,13,0,0,0,0,0,0,0,0,0,0,0,10,11,11,12,12,12,12,13,13,13,13,13,13,13,13,13,13,13,14,14,14,15,15,15,15,15,0,55,58,57,57,53,56,56,54,53,56,56,55,53,55,58,56,59,55,56,55,57,53,54,51,49,47,46,46,0,0,0,0,0,0,0,34,37,37,38,41,43,46,43,45,46,48,48,46,47,49,48,48,49,49,50,50,52,52,53,54,55,54,55
20260726_164847_905931,1785081029962892,328812057,2,2,0,-49,128,0,15,15,16,15,15,15,15,14,15,14,16,16,16,16,16,16,16,17,16,16,16,15,15,15,15,15,0,0,0,0,0,0,0,0,0,0,0,9,10,10,11,11,11,11,11,11,11,11,11,11,11,11,11,12,12,12,12,14,14,14,15,14,15,0,56,58,58,58,57,59,58,59,57,59,59,59,58,60,60,62,60,62,63,61,63,61,58,57,55,53,53,51,0,0,0,0,0,0,0,33,35,36,36,40,39,42,41,41,40,42,42,42,42,43,45,44,44,44,46,48,48,51,49,52,52,55,54
20260726_164847_905931,1785081030059945,328911673,2,2,0,-50,128,0,14,13,13,14,13,14,14,14,14,13,13,13,13,13,13,13,15,14,14,14,13,13,13,13,13,12,0,0,0,0,0,0,0,0,0,0,0,11,11,12,11,12,12,13,13,13,13,13,13,13,12,12,13,12,13,13,13,13,13,14,13,13,14,0,57,55,51,54,51,52,51,53,52,55,54,52,53,54,56,54,55,56,56,54,53,52,51,49,50,47,46,45,0,0,0,0,0,0,0,38,39,42,42,45,46,47,50,49,50,52,51,50,49,51,48,47,50,49,49,47,50,52,52,54,52,53,55
20260726_164847_905931,1785081030162452,329012063,2,2,0,-49,128,0,13,14,13,14,13,13,13,14,13,13,13,14,14,14,14,14,14,14,14,13,14,14,13,13,12,12,0,0,0,0,0,0,0,0,0,0,0,11,12,12,12,13,13,13,13,13,13,13,13,13,12,12,12,12,13,13,13,13,14,13,14,14,14,0,54,54,52,53,51,52,51,51,53,52,53,53,54,55,54,54,56,54,54,55,55,51,51,49,49,48,46,43,0,0,0,0,0,0,0,39,41,44,45,47,49,50,50,52,53,53,54,52,50,51,51,51,51,49,49,50,51,52,51,52,54,52,53
20260726_164847_905931,1785081030265430,329113648,2,2,0,-50,128,0,13,13,13,13,13,13,13,13,13,14,14,14,14,14,14,14,15,15,15,15,14,14,14,13,13,13,0,0,0,0,0,0,0,0,0,0,0,12,13,13,14,14,15,15,14,14,14,14,13,13,13,13,12,13,12,13,13,13,13,12,13,13,14,0,50,51,50,50,52,49,49,50,50,52,51,52,53,53,52,56,56,56,53,56,56,54,52,51,50,52,47,47,0,0,0,0,0,0,0,43,43,47,48,48,50,52,55,55,54,56,53,52,51,51,49,48,48,49,49,49,49,49,49,52,50,52,49
20260726_164847_905931,1785081030361200,329212687,2,2,0,-50,128,0,13,13,14,14,13,14,13,13,14,14,15,14,14,15,15,15,15,15,16,15,15,15,14,13,13,13,0,0,0,0,0,0,0,0,0,0,0,10,10,11,11,12,12,11,11,11,11,11,11,11,11,11,11,12,12,12,12,12,13,13,13,13,13,0,55,52,56,55,54,54,56,53,55,56,56,54,56,57,57,60,60,58,60,61,57,56,55,54,52,54,49,49,0,0,0,0,0,0,0,38,40,41,40,44,45,46,45,46,45,46,47,44,44,45,46,44,47,45,49,47,49,50,50,50,52,55,53
20260726_164847_905931,1785081030462978,329315052,2,2,0,-49,128,0,14,14,14,14,13,13,13,13,13,13,13,14,14,14,14,15,14,15,15,15,15,15,14,14,14,13,0,0,0,0,0,0,0,0,0,0,0,13,14,14,15,15,16,16,16,16,16,16,16,15,15,14,14,14,13,14,14,14,14,14,14,14,14,0,51,48,49,51,49,52,48,48,49,49,51,51,52,51,52,53,53,54,53,54,53,52,50,51,50,49,46,46,0,0,0,0,0,0,0,46,49,51,53,54,56,59,60,59,59,60,58,57,54,54,54,53,52,51,51,50,50,52,53,51,53,51,51
20260726_164847_905931,1785081030559673,329411433,2,2,0,-49,128,0,14,14,14,14,13,13,13,13,13,13,13,13,13,13,13,14,13,14,14,13,13,13,12,12,12,12,0,0,0,0,0,0,0,0,0,0,0,11,12,12,13,13,14,14,14,14,15,14,15,14,14,14,14,14,14,14,14,14,14,14,14,15,14,0,57,54,52,52,51,52,50,50,49,51,52,48,49,49,52,50,51,50,52,51,50,48,46,46,45,43,41,40,0,0,0,0,0,0,0,39,41,44,45,46,48,49,51,51,54,54,53,52,52,52,50,50,51,51,52,50,52,52,53,55,54,54,54
20260726_164847_905931,1785081030662886,329511506,2,2,0,-48,128,0,15,15,15,15,15,14,14,14,14,14,15,15,14,15,15,15,15,15,15,14,14,14,14,13,12,12,0,0,0,0,0,0,0,0,0,0,0,12,12,13,13,14,14,15,15,15,15,15,15,15,15,14,14,14,15,15,15,15,15,15,15,15,15,0,57,55,55,54,52,54,51,52,50,52,52,52,51,51,51,52,53,52,50,51,50,50,48,46,44,44,42,42,0,0,0,0,0,0,0,39,42,42,46,47,49,51,52,51,52,53,53,52,54,53,52,51,51,52,52,53,54,54,54,54,55,56,54
20260726_164847_905931,1785081030761075,329611497,2,2,0,-47,128,0,16,15,15,14,14,14,14,14,14,14,14,14,14,14,15,15,14,15,15,14,14,13,13,13,13,12,0,0,0,0,0,0,0,0,0,0,0,9,9,9,10,10,11,11,11,12,12,13,13,13,13,13,14,14,14,14,13,15,14,15,14,16,16,0,58,57,56,58,54,56,55,53,54,57,57,54,53,53,56,55,56,56,56,55,55,53,52,51,48,47,47,46,0,0,0,0,0,0,0,30,32,35,36,39,38,42,43,46,46,46,47,47,48,48,48,48,51,50,51,51,52,55,55,56,56,57,58
20260726_164847_905931,1785081030863701,329713148,2,2,0,-49,128,0,14,14,14,14,14,14,15,14,15,15,15,15,15,16,16,16,16,16,16,16,15,15,15,14,14,14,0,0,0,0,0,0,0,0,0,0,0,9,9,9,10,10,10,11,11,10,11,11,11,11,11,10,11,11,11,11,12,13,13,14,14,14,14,0,59,55,58,58,57,59,59,57,57,59,59,59,61,61,61,63,62,62,64,62,62,58,57,55,56,54,51,52,0,0,0,0,0,0,0,29,32,34,36,34,35,37,38,38,40,39,39,40,39,39,42,43,43,45,45,46,49,50,50,51,52,53,55
20260726_164847_905931,1785081030961704,329812170,2,2,0,-48,128,0,14,14,14,14,13,14,13,13,13,13,14,14,13,14,14,14,14,14,14,14,14,13,13,13,13,12,0,0,0,0,0,0,0,0,0,0,0,9,9,9,9,10,10,10,11,11,11,11,11,11,11,11,12,12,12,12,13,13,13,13,14,14,14,0,58,58,56,56,57,57,56,53,55,56,57,56,57,57,57,56,57,59,59,59,57,55,53,52,52,49,47,46,0,0,0,0,0,0,0,34,35,36,35,38,39,41,42,42,44,45,43,44,43,44,44,46,47,47,47,48,51,53,52,54,55,55,56
20260726_164847_905931,1785081031063588,329912084,2,2,0,-49,128,0,14,14,15,14,14,14,14,14,14,14,15,14,14,15,15,16,15,16,16,16,16,14,15,14,14,14,0,0,0,0,0,0,0,0,0,0,0,9,9,9,10,10,11,11,11,11,11,12,11,12,11,12,12,13,13,13,13,13,13,13,15,14,14,0,55,56,55,57,55,57,56,54,54,56,59,57,56,58,58,60,60,61,61,61,61,60,57,56,54,52,50,49,0,0,0,0,0,0,0,31,34,34,37,38,38,42,42,45,44,45,45,45,44,45,46,45,48,46,50,51,51,51,52,53,54,55,55
20260726_164847_905931,1785081031160351,330012031,2,2,0,-48,128,0,15,16,15,15,15,15,15,15,14,14,15,14,14,14,14,15,14,14,14,14,14,14,14,13,13,13,0,0,0,0,0,0,0,0,0,0,0,9,9,9,9,10,11,11,11,11,12,12,12,12,12,13,13,13,13,13,14,15,15,15,15,15,16,0,58,60,58,59,56,57,57,56,56,56,57,57,56,57,57,58,58,57,58,58,56,55,55,52,51,49,47,47,0,0,0,0,0,0,0,30,32,34,35,36,38,40,41,42,45,45,46,48,47,49,49,49,51,50,53,53,55,55,55,58,58,59,60
20260726_164847_905931,1785081031268566,330115416,2,2,0,-46,128,0,16,16,15,15,14,15,14,14,14,14,14,14,15,15,15,15,15,14,15,15,15,14,14,13,13,13,0,0,0,0,0,0,0,0,0,0,0,10,10,10,12,12,12,12,13,13,13,13,13,13,13,14,13,14,15,15,15,15,15,15,15,16,16,0,58,57,59,56,54,55,54,54,54,53,54,54,54,55,54,55,55,55,54,54,54,52,51,50,49,49,45,45,0,0,0,0,0,0,0,32,34,38,37,39,41,44,45,47,50,51,49,49,52,51,52,52,53,54,54,55,57,56,57,56,58,59,58
20260726_164847_905931,1785081031364311,330211949,2,2,0,-48,128,0,15,15,15,14,14,14,14,13,13,13,13,14,14,14,14,14,14,14,14,14,14,13,14,13,13,11,0,0,0,0,0,0,0,0,0,0,0,11,12,12,13,13,13,14,14,14,15,14,15,15,14,15,15,15,15,15,16,15,15,15,16,16,15,0,56,57,54,54,50,53,52,51,50,51,52,52,50,51,53,51,53,51,52,51,51,51,49,47,46,45,46,45,0,0,0,0,0,0,0,37,39,42,42,46,46,49,50,51,52,54,55,54,53,55,55,54,56,54,56,55,56,58,58,57,57,58,55
20260726_164847_905931,1785081031460097,330312211,2,2,0,-50,128,0,16,16,16,16,15,15,15,15,16,15,15,15,15,15,15,16,16,15,16,16,15,15,16,14,14,13,0,0,0,0,0,0,0,0,0,0,0,9,9,9,10,10,11,11,12,12,13,12,12,13,13,13,13,14,14,14,14,14,15,15,16,15,15,0,58,57,59,57,58,56,57,54,55,58,57,57,56,58,56,57,58,59,59,59,57,57,55,55,55,54,49,51,0,0,0,0,0,0,0,28,32,32,35,34,37,39,40,41,44,43,45,45,46,48,49,50,49,53,51,54,55,53,57,56,57,57,58
20260726_164847_905931,1785081031566447,330414739,2,2,0,-50,128,0,15,15,15,15,14,14,14,14,14,14,14,14,14,14,14,14,14,14,14,14,14,14,13,13,13,12,0,0,0,0,0,0,0,0,0,0,0,6,6,6,6,7,7,8,8,9,9,9,10,10,11,11,12,12,12,12,13,13,14,14,14,14,14,0,62,61,60,61,56,58,56,59,57,59,58,56,55,57,59,60,59,59,59,59,59,57,55,52,53,52,48,46,0,0,0,0,0,0,0,22,21,23,24,26,25,29,30,33,34,36,38,38,39,42,44,44,47,50,50,51,51,54,54,55,55,58,58
20260726_164847_905931,1785081031662959,330512101,2,2,0,-51,128,0,15,15,15,15,15,14,14,14,14,14,15,13,13,14,14,14,14,14,14,14,14,13,13,13,12,12,0,0,0,0,0,0,0,0,0,0,0,9,9,9,10,11,11,12,12,13,13,14,14,14,14,14,14,14,15,15,15,15,15,16,15,15,16,0,57,58,56,57,55,57,53,53,53,54,54,52,53,52,54,54,54,52,53,51,52,49,48,47,46,44,42,42,0,0,0,0,0,0,0,30,30,33,34,35,37,40,41,45,46,48,49,50,51,50,53,52,56,55,57,57,57,57,59,60,60,60,59
20260726_164847_905931,1785081031760583,330612049,2,2,0,-52,128,0,16,16,16,16,15,15,15,14,14,15,14,15,14,14,14,15,15,15,15,15,15,15,14,14,14,14,0,0,0,0,0,0,0,0,0,0,0,9,9,9,9,11,11,11,12,13,13,13,14,14,15,15,15,15,16,16,16,16,16,16,16,16,16,0,57,59,57,57,55,55,53,54,52,54,53,52,52,53,54,54,55,54,55,53,57,54,53,51,51,51,47,49,0,0,0,0,0,0,0,25,28,29,32,34,36,39,40,42,45,46,47,47,50,51,53,52,54,55,56,55,56,58,59,59,58,59,59
20260726_164847_905931,1785081031863301,330712139,2,2,0,-53,128,0,15,15,14,14,14,15,14,14,14,14,14,14,13,13,14,14,14,14,14,14,14,13,13,13,13,13,0,0,0,0,0,0,0,0,0,0,0,7,7,8,8,9,10,10,11,11,12,13,13,12,13,13,14,13,14,14,14,14,15,15,15,15,15,0,58,57,57,58,57,57,55,54,53,56,54,53,52,53,55,55,55,55,55,54,53,51,50,50,48,48,47,45,0,0,0,0,0,0,0,25,27,29,30,33,35,37,39,41,42,45,46,48,49,50,50,51,54,53,54,57,57,58,57,58,59,59,59
20260726_164847_905931,1785081031965089,330815490,2,2,0,-52,128,0,15,14,14,14,14,13,13,13,13,13,13,13,13,14,14,14,14,14,14,14,14,14,13,13,13,12,0,0,0,0,0,0,0,0,0,0,0,7,8,8,9,9,9,9,10,11,11,11,12,12,12,13,13,13,14,14,14,14,14,14,14,14,14,0,57,56,56,56,55,55,55,53,52,54,54,54,54,54,55,56,55,56,57,55,55,55,53,52,52,51,46,48,0,0,0,0,0,0,0,25,28,28,30,34,36,38,39,41,42,43,44,46,47,49,50,50,51,52,52,54,55,55,55,58,57,58,57
20260726_164847_905931,1785081032067132,330917554,2,2,0,-51,128,0,16,15,16,16,15,15,15,15,15,15,15,16,16,17,16,17,16,16,16,16,16,15,14,14,14,14,0,0,0,0,0,0,0,0,0,0,0,8,8,9,9,9,9,10,10,10,10,11,11,11,12,12,12,13,13,14,14,14,15,14,15,15,16,0,60,59,61,58,59,58,58,57,59,59,60,57,59,59,61,62,58,61,64,61,60,58,58,56,54,54,51,51,0,0,0,0,0,0,0,26,24,29,28,31,33,34,37,36,39,40,42,41,44,45,44,47,48,50,50,51,53,54,56,57,58,58,58
20260726_164847_905931,1785081032164519,331014831,2,2,0,-49,128,0,16,16,17,16,15,15,15,15,15,15,15,15,15,16,15,16,16,16,16,15,15,15,14,14,13,13,0,0,0,0,0,0,0,0,0,0,0,9,10,10,11,11,12,12,13,13,14,13,13,13,13,14,14,14,14,16,15,16,16,16,17,17,16,0,60,59,59,55,54,54,55,55,54,55,54,55,54,58,54,57,53,55,54,56,54,55,50,50,50,51,43,45,0,0,0,0,0,0,0,29,32,35,37,36,40,40,42,43,45,48,47,47,49,50,52,53,51,53,51,56,56,56,58,55,59,60,60
20260726_164847_905931,1785081032260892,331112077,2,2,0,-48,128,0,15,15,15,14,14,14,14,13,13,13,14,13,13,13,13,14,14,14,14,14,14,13,12,13,12,12,0,0,0,0,0,0,0,0,0,0,0,9,9,9,10,11,12,12,13,13,13,13,13,14,13,13,13,14,14,14,14,14,14,15,15,15,15,0,60,57,59,56,57,55,55,53,53,52,51,52,51,51,52,53,56,52,56,51,54,49,51,47,48,47,39,43,0,0,0,0,0,0,0,31,35,35,38,40,43,43,45,47,49,50,52,52,51,53,53,54,53,56,54,57,56,56,59,57,58,58,59
20260726_164847_905931,1785081032367841,331219114,2,2,0,-50,128,0,15,15,15,15,15,15,15,14,14,14,14,14,14,15,15,15,14,16,15,15,15,14,14,13,14,14,0,0,0,0,0,0,0,0,0,0,0,7,7,7,8,8,8,8,9,9,9,10,10,10,10,10,11,11,12,12,13,13,13,14,14,15,15,0,29,30,29,30,29,29,28,29,29,30,31,28,27,30,32,30,31,30,31,31,31,30,28,28,27,26,26,27,0,0,0,0,0,0,0,12,13,14,15,15,16,17,17,18,18,19,21,20,21,22,22,22,24,23,25,24,25,26,27,27,27,28,29
20260726_164847_905931,1785081032464585,331312727,2,2,0,-49,128,0,15,15,15,16,15,15,15,15,15,15,16,16,16,16,16,17,16,16,17,16,16,16,15,15,15,14,0,0,0,0,0,0,0,0,0,0,0,8,8,9,9,9,10,10,10,10,11,11,11,11,11,12,12,12,13,13,13,13,14,14,14,15,15,0,28,29,29,29,29,29,29,28,29,30,30,30,30,31,30,31,31,32,32,31,31,30,29,29,28,28,26,26,0,0,0,0,0,0,0,14,15,16,16,16,17,17,18,20,20,21,20,21,22,21,22,22,23,24,24,25,26,26,27,27,27,28,29
20260726_164847_905931,1785081032560214,331412252,2,2,0,-50,128,0,15,15,15,15,15,15,15,15,15,15,15,15,15,15,15,17,17,16,16,16,16,15,15,15,14,14,0,0,0,0,0,0,0,0,0,0,0,7,8,8,9,8,9,9,9,9,10,9,10,10,10,10,10,10,11,11,12,12,13,13,14,14,15,0,55,57,58,56,58,61,59,57,60,61,62,60,60,63,60,63,63,63,62,62,63,60,60,58,55,55,52,51,0,0,0,0,0,0,0,29,30,31,32,33,34,34,35,36,37,38,38,37,38,38,41,41,42,43,44,46,47,50,49,54,52,56,57
20260726_164847_905931,1785081032668127,331517135,2,2,0,-48,128,0,14,15,13,15,13,14,13,13,14,14,14,14,13,13,15,15,14,14,15,14,14,13,13,12,12,12,0,0,0,0,0,0,0,0,0,0,0,9,9,9,9,10,10,11,11,11,11,11,11,11,11,11,12,12,12,12,13,13,13,14,13,15,14,0,57,58,55,59,57,56,56,55,56,57,56,55,54,55,58,57,56,57,59,57,55,55,52,51,50,49,45,45,0,0,0,0,0,0,0,31,32,34,36,37,39,39,42,42,44,44,45,45,45,45,47,47,49,48,50,49,52,52,54,57,56,58,57
20260726_164847_905931,1785081032759646,331611997,2,2,0,-49,128,0,16,16,16,16,15,16,15,15,15,16,16,16,16,16,16,16,16,16,16,16,16,15,15,14,14,13,0,0,0,0,0,0,0,0,0,0,0,9,9,10,10,10,11,12,12,12,12,12,13,13,13,13,13,14,14,15,15,15,15,15,16,16,16,0,59,60,59,58,58,57,57,57,57,58,58,57,56,57,58,57,57,58,58,57,57,54,52,51,51,49,46,47,0,0,0,0,0,0,0,30,32,33,34,37,38,40,41,40,44,45,47,45,46,47,47,49,49,50,51,51,53,55,56,57,59,60,58
20260726_164847_905931,1785081032861521,331713759,2,2,0,-48,128,0,16,15,15,15,14,14,14,14,14,14,14,14,13,14,14,14,13,13,14,13,13,12,12,11,11,11,0,0,0,0,0,0,0,0,0,0,0,9,9,9,10,11,11,12,12,12,12,13,13,13,13,13,13,14,14,14,14,14,15,15,15,15,16,0,30,29,28,28,28,27,27,26,26,27,27,26,26,26,27,26,27,26,26,25,25,23,23,22,21,20,19,19,0,0,0,0,0,0,0,16,16,17,18,19,20,21,21,22,22,23,23,24,24,24,24,24,26,25,26,26,27,28,27,29,29,30,30
20260726_164847_905931,1785081032964043,331812517,2,2,0,-49,128,0,14,14,14,14,14,14,14,13,14,13,13,13,13,13,14,13,13,13,14,13,13,13,12,12,12,11,0,0,0,0,0,0,0,0,0,0,0,10,10,11,11,12,12,12,13,12,12,13,13,13,13,13,13,13,13,14,14,14,14,14,14,15,14,0,56,55,55,55,55,53,53,52,51,53,54,52,51,51,54,54,55,53,54,52,52,52,49,49,47,47,43,43,0,0,0,0,0,0,0,36,36,38,41,42,43,45,48,48,47,50,51,48,50,49,47,50,48,50,52,51,52,54,54,55,55,54,55
20260726_164847_905931,1785081033066961,331914912,2,2,0,-48,128,0,15,15,15,15,15,15,15,15,15,15,15,15,15,15,15,15,15,15,15,15,15,14,14,13,13,13,0,0,0,0,0,0,0,0,0,0,0,11,12,12,13,13,13,14,14,14,14,14,14,14,14,14,14,15,14,15,14,14,15,15,15,15,15,0,56,57,57,56,53,55,53,55,54,55,56,54,56,55,54,56,56,56,56,55,53,52,50,50,48,47,44,44,0,0,0,0,0,0,0,37,40,41,41,45,46,48,48,50,51,52,53,51,50,49,52,51,51,51,51,50,51,53,54,55,55,57,56
20260726_164847_905931,1785081033163329,332012102,2,2,0,-49,128,0,15,16,16,15,15,15,15,15,14,15,15,14,14,15,15,14,15,14,15,14,14,14,14,13,13,12,0,0,0,0,0,0,0,0,0,0,0,11,11,12,12,13,13,13,13,14,14,13,14,14,14,14,14,14,14,14,15,15,15,15,16,16,15,0,57,59,58,57,57,55,55,52,54,54,55,53,53,56,54,54,54,54,53,53,53,51,48,48,45,43,41,41,0,0,0,0,0,0,0,36,40,38,42,42,45,47,49,50,51,50,50,50,51,49,50,51,50,52,53,54,55,57,55,57,58,58,58
20260726_164847_905931,1785081033264649,332112054,2,2,0,-50,128,0,16,15,16,16,16,15,16,16,16,15,16,16,16,16,16,17,17,17,16,16,16,16,15,15,15,14,0,0,0,0,0,0,0,0,0,0,0,10,9,9,10,10,11,11,11,11,11,11,11,12,12,12,12,13,13,14,14,15,15,15,15,16,16,0,57,60,60,55,56,59,55,54,58,57,59,59,56,59,58,61,61,60,60,59,59,56,55,54,51,53,48,48,0,0,0,0,0,0,0,32,33,35,36,36,38,41,41,41,41,41,40,42,44,42,46,45,45,48,48,49,51,51,53,54,56,55,55
20260726_164847_905931,1785081033361701,332211719,2,2,0,-49,128,0,16,15,15,15,15,15,15,15,15,15,15,15,15,15,16,16,16,16,16,16,16,16,15,14,13,13,0,0,0,0,0,0,0,0,0,0,0,9,9,9,10,10,11,12,12,12,12,12,13,12,12,13,13,13,14,14,14,14,15,15,15,15,16,0,57,60,57,58,57,56,55,56,54,58,57,57,54,57,58,57,56,59,59,59,57,56,54,55,51,51,50,49,0,0,0,0,0,0,0,30,30,34,35,37,39,42,41,43,43,46,46,46,47,45,45,49,50,50,51,52,53,55,55,59,58,57,60
20260726_164847_905931,1785081033463296,332312224,2,2,0,-50,128,0,14,14,14,14,14,14,14,14,14,14,14,14,14,14,15,15,15,15,15,15,15,14,14,14,13,14,0,0,0,0,0,0,0,0,0,0,0,8,9,9,9,9,10,11,11,11,11,11,10,11,10,12,11,11,11,13,12,12,13,13,14,14,14,0,58,57,58,58,57,59,55,57,58,61,59,58,57,57,62,58,60,61,62,59,60,58,59,57,54,53,53,51,0,0,0,0,0,0,0,31,31,33,34,39,38,40,40,43,42,43,43,44,43,44,42,43,46,46,48,49,52,53,51,56,56,57,57
20260726_164847_905931,1785081033559528,332411976,2,2,0,-49,128,0,14,14,14,14,14,13,13,13,13,13,14,13,14,14,14,14,15,15,14,14,14,14,13,13,13,13,0,0,0,0,0,0,0,0,0,0,0,8,9,9,9,10,9,11,10,11,11,11,11,11,11,11,11,12,12,13,13,13,14,13,14,14,14,0,57,56,56,55,57,56,54,55,53,52,56,55,55,56,57,58,58,57,57,56,57,55,55,52,52,51,46,48,0,0,0,0,0,0,0,30,33,34,34,36,39,39,41,41,43,42,42,45,43,45,44,46,47,49,47,52,50,51,52,54,56,56,59
20260726_164847_905931,1785081033661234,332511400,2,2,0,-49,128,0,15,16,16,15,15,16,15,14,15,15,15,15,15,15,16,15,16,15,16,16,16,15,15,14,14,14,0,0,0,0,0,0,0,0,0,0,0,8,9,9,10,10,10,11,11,12,12,12,12,13,13,12,13,13,13,14,14,14,15,15,15,15,15,0,56,56,58,56,56,57,56,56,53,57,57,58,56,57,58,58,59,61,60,59,59,57,55,54,52,53,49,50,0,0,0,0,0,0,0,28,31,33,33,35,38,39,40,41,42,44,44,46,45,45,46,46,45,48,48,49,52,52,55,53,56,56,56
20260726_164847_905931,1785081033763421,332611959,2,2,0,-49,128,0,16,15,15,15,15,14,14,14,15,15,16,15,15,15,16,16,16,16,16,16,16,15,15,15,14,14,0,0,0,0,0,0,0,0,0,0,0,9,10,10,11,11,11,12,13,12,13,12,13,13,13,13,13,14,13,14,14,14,15,14,15,15,16,0,57,57,57,57,56,54,54,53,54,55,57,55,56,57,56,58,59,59,59,57,58,57,56,56,56,55,50,50,0,0,0,0,0,0,0,30,31,32,36,36,40,40,44,43,46,46,46,46,47,47,48,50,49,52,51,52,52,53,55,55,56,57,58
20260726_164847_905931,1785081033859751,332711917,2,2,0,-49,128,0,14,14,14,14,14,14,14,14,13,15,15,14,14,14,15,16,15,16,15,15,15,15,15,15,13,14,0,0,0,0,0,0,0,0,0,0,0,8,9,9,9,10,10,11,11,11,11,11,11,11,11,11,13,13,13,13,14,14,14,14,15,14,15,0,53,54,54,53,55,54,54,53,52,54,54,55,55,59,56,58,59,58,58,59,59,57,55,55,54,52,51,49,0,0,0,0,0,0,0,27,29,31,32,34,36,38,39,41,41,42,44,43,45,44,46,46,46,48,49,51,51,52,52,51,55,55,56
20260726_164847_905931,1785081033964322,332812138,2,2,0,-50,128,0,15,15,15,15,15,15,14,14,14,14,14,14,15,15,15,16,16,16,17,16,17,17,15,15,15,15,0,0,0,0,0,0,0,0,0,0,0,9,10,10,11,11,12,11,12,12,12,12,12,13,12,12,12,13,13,13,13,13,14,14,15,15,15,0,53,54,53,54,54,53,53,54,52,55,54,55,56,56,57,58,61,61,61,62,63,59,60,60,56,55,53,53,0,0,0,0,0,0,0,32,34,32,38,36,39,42,42,44,43,43,47,45,47,47,46,45,49,47,48,50,51,53,55,53,55,53,52
20260726_164847_905931,1785081034060127,332912132,2,2,0,-50,128,0,14,14,14,14,14,13,13,13,13,14,14,14,14,15,15,15,15,16,15,15,15,14,14,14,13,13,0,0,0,0,0,0,0,0,0,0,0,8,9,9,9,9,10,11,11,11,11,11,11,12,11,11,11,11,12,12,13,13,13,13,13,14,14,0,54,54,53,54,52,55,53,54,51,54,56,54,53,56,58,57,59,58,60,57,58,54,54,53,51,49,49,48,0,0,0,0,0,0,0,30,31,32,33,37,38,40,39,42,44,42,43,44,44,44,43,44,47,45,48,49,49,50,54,53,54,55,54
20260726_164847_905931,1785081034161880,333012244,2,2,0,-49,128,0,14,14,14,14,13,14,14,13,14,14,14,14,14,14,14,15,15,15,15,15,15,15,14,14,14,14,0,0,0,0,0,0,0,0,0,0,0,9,9,9,10,10,11,11,11,12,11,12,12,12,12,12,12,12,12,12,12,13,13,14,14,14,14,0,56,54,54,53,52,53,51,51,52,55,55,53,55,56,57,58,59,60,60,58,59,57,54,55,54,53,50,51,0,0,0,0,0,0,0,30,33,34,35,39,39,41,43,44,44,45,44,45,47,46,46,46,46,47,47,48,49,51,51,54,55,54,54
20260726_164847_905931,1785081034263962,333112058,2,2,0,-49,128,0,14,14,13,14,14,14,14,14,14,15,15,15,14,15,15,15,15,15,15,16,16,16,15,15,15,14,0,0,0,0,0,0,0,0,0,0,0,10,10,11,11,12,13,13,13,13,13,13,13,13,13,12,12,13,13,13,14,13,14,14,14,14,14,0,54,55,54,54,53,52,53,53,53,56,56,56,55,57,57,59,60,59,60,58,61,58,56,55,55,54,51,52,0,0,0,0,0,0,0,35,36,38,41,42,45,44,48,48,48,51,51,49,49,49,49,49,50,51,50,50,50,50,51,53,55,55,55
20260726_164847_905931,1785081034361103,333212155,2,2,0,-50,128,0,15,15,14,14,14,14,14,14,14,14,15,15,15,15,16,15,16,16,16,16,16,16,16,15,15,14,0,0,0,0,0,0,0,0,0,0,0,11,11,12,13,13,13,13,13,14,14,14,14,13,14,13,14,13,13,13,14,14,14,14,15,14,15,0,54,51,53,52,49,52,49,52,51,51,55,53,52,55,54,58,55,60,59,56,58,56,55,54,54,54,48,51,0,0,0,0,0,0,0,34,37,40,42,42,44,47,50,50,50,51,50,52,50,51,51,52,50,52,49,52,51,52,52,52,53,52,53
20260726_164847_905931,1785081034461787,333312942,2,2,0,-49,128,0,14,14,14,14,13,14,14,13,14,14,14,13,14,14,15,14,14,14,15,14,14,14,13,13,13,13,0,0,0,0,0,0,0,0,0,0,0,9,9,10,11,11,12,12,12,12,12,13,12,12,12,12,13,13,13,13,13,14,14,14,14,14,14,0,55,52,56,53,54,54,54,53,53,54,54,53,55,55,55,57,55,57,57,55,56,54,53,52,51,51,46,48,0,0,0,0,0,0,0,32,35,35,39,40,42,42,47,46,46,47,48,47,47,48,48,49,49,48,49,51,50,51,51,52,54,55,56
20260726_164847_905931,1785081034565368,333412272,2,2,0,-49,128,0,13,13,13,13,13,13,13,13,13,13,13,13,13,14,14,15,15,15,15,15,15,14,13,14,14,14,0,0,0,0,0,0,0,0,0,0,0,9,9,10,10,11,11,11,11,12,12,12,12,12,12,12,12,12,12,12,12,13,13,13,13,13,14,0,55,52,53,54,52,53,53,53,52,55,56,55,55,55,59,59,57,60,61,60,61,57,55,55,55,55,50,49,0,0,0,0,0,0,0,33,34,35,38,39,40,43,44,44,46,47,47,47,45,46,46,45,46,47,47,47,49,50,50,52,51,51,52
20260726_164847_905931,1785081034662253,333513598,2,2,0,-49,128,0,14,14,13,13,13,13,13,13,13,13,13,14,14,14,14,15,15,15,15,15,15,15,14,14,14,13,0,0,0,0,0,0,0,0,0,0,0,9,10,10,11,11,12,13,13,12,12,12,12,12,12,12,12,12,12,13,13,13,13,13,14,14,14,0,52,53,55,53,52,53,50,52,51,53,55,54,54,54,55,57,59,59,60,59,59,56,56,53,53,52,50,49,0,0,0,0,0,0,0,35,36,38,38,42,43,45,46,47,47,47,50,49,48,48,47,49,49,47,49,51,51,50,52,51,54,54,55
20260726_164847_905931,1785081034764325,333611470,2,2,0,-48,128,0,14,14,13,13,14,13,13,12,13,13,13,13,12,13,13,13,13,14,13,13,13,13,12,12,12,12,0,0,0,0,0,0,0,0,0,0,0,11,11,12,13,13,14,14,14,14,13,14,14,14,14,14,14,14,14,14,14,14,15,14,15,15,15,0,51,53,52,52,50,52,51,49,48,49,50,48,48,49,50,50,50,53,51,51,51,48,47,47,46,45,43,43,0,0,0,0,0,0,0,38,40,40,42,44,47,50,50,53,53,52,55,54,54,54,52,54,53,54,54,53,54,53,54,55,56,56,55
20260726_164847_905931,1785081034861170,333712276,2,2,0,-50,128,0,15,14,14,14,13,13,13,13,13,13,13,13,13,14,14,14,14,14,14,15,15,15,14,15,13,14,0,0,0,0,0,0,0,0,0,0,0,10,11,11,12,12,13,13,14,14,14,14,14,14,13,13,13,13,13,14,13,14,14,14,14,14,14,0,52,55,54,51,51,51,49,50,49,50,52,51,51,56,54,56,56,58,57,57,57,56,55,55,54,54,50,52,0,0,0,0,0,0,0,36,40,42,42,44,45,47,49,53,51,51,52,52,51,52,51,52,53,52,54,52,54,53,55,56,53,54,54
20260726_164847_905931,1785081034964235,333811107,2,2,0,-51,128,0,13,13,13,13,13,14,14,14,14,14,14,14,15,16,16,17,16,17,17,17,17,17,16,16,16,16,0,0,0,0,0,0,0,0,0,0,0,11,11,11,12,12,13,13,13,13,13,13,13,13,12,13,12,13,12,13,13,13,13,13,13,13,14,0,53,49,52,51,50,52,51,51,53,53,55,55,56,60,59,62,62,64,65,64,65,62,60,61,60,62,55,56,0,0,0,0,0,0,0,36,39,40,43,42,45,46,49,49,49,49,48,49,50,46,47,47,47,47,46,47,48,48,49,48,49,50,52
20260726_164847_905931,1785081035059949,333912457,2,2,0,-50,128,0,14,14,14,14,14,14,14,14,14,14,15,15,15,16,16,16,16,16,16,16,16,16,16,16,15,15,0,0,0,0,0,0,0,0,0,0,0,9,9,9,9,9,10,10,11,11,11,11,11,11,11,11,11,13,13,13,13,13,13,14,14,14,14,0,56,56,57,56,56,57,56,56,56,55,58,57,59,62,60,63,63,65,66,65,65,65,60,60,58,61,57,57,0,0,0,0,0,0,0,28,31,31,34,34,35,38,39,41,41,39,40,41,41,42,43,44,44,47,48,49,47,51,53,51,52,53,55
20260726_164847_905931,1785081035162157,334012107,2,2,0,-50,128,0,14,14,14,13,13,14,14,14,14,14,14,15,15,16,15,16,16,16,16,16,16,16,16,15,15,15,0,0,0,0,0,0,0,0,0,0,0,11,10,11,11,12,12,13,13,12,12,12,12,12,12,12,12,12,12,13,13,13,13,13,14,14,13,0,51,51,52,51,52,51,51,53,53,53,53,55,56,54,58,59,59,59,59,61,62,61,61,58,59,58,55,56,0,0,0,0,0,0,0,35,35,39,40,41,42,42,46,44,46,47,46,46,45,44,47,45,46,44,47,48,48,49,50,50,50,51,51
20260726_164847_905931,1785081035266780,334113606,2,2,0,-51,128,0,14,13,14,13,14,14,14,14,14,14,15,15,15,15,16,16,16,17,17,16,17,16,16,16,15,15,0,0,0,0,0,0,0,0,0,0,0,10,10,11,12,13,13,13,13,13,13,13,13,13,13,13,12,12,12,13,13,13,14,14,14,14,14,0,26,26,26,26,26,26,26,26,26,28,28,28,28,29,29,30,31,32,31,32,32,32,31,30,30,30,27,28,0,0,0,0,0,0,0,18,19,19,20,22,22,23,23,24,24,25,25,24,23,24,23,24,23,23,24,25,25,25,25,25,26,26,25
20260726_164847_905931,1785081035363958,334211590,2,2,0,-49,128,0,15,15,14,14,13,13,14,14,14,14,14,14,14,14,15,16,16,15,16,15,15,15,16,14,15,14,0,0,0,0,0,0,0,0,0,0,0,11,11,13,13,13,13,14,15,14,14,14,14,14,14,14,14,14,14,15,15,14,15,14,15,16,15,0,53,54,52,52,52,52,50,49,50,51,54,52,51,54,55,55,53,57,57,56,57,56,52,53,53,52,49,50,0,0,0,0,0,0,0,37,39,41,43,45,50,50,52,52,54,54,54,52,54,51,52,52,52,53,54,53,55,54,57,53,55,54,54
20260726_164847_905931,1785081035461544,334312329,2,2,0,-51,128,0,13,14,14,14,14,14,14,14,14,15,16,15,15,16,16,17,17,17,17,17,18,17,17,16,16,16,0,0,0,0,0,0,0,0,0,0,0,10,11,11,12,12,12,13,12,12,12,12,12,12,11,11,12,12,12,12,12,13,13,13,13,13,14,0,51,53,53,54,52,53,52,54,54,55,57,57,58,59,61,61,64,64,66,66,67,64,64,61,62,61,59,58,0,0,0,0,0,0,0,35,37,38,39,42,42,44,44,46,45,46,46,44,44,44,44,43,44,44,44,44,45,47,48,48,50,51,50
20260726_164847_905931,1785081035565259,334412301,2,2,0,-50,128,0,13,13,13,12,13,12,12,12,13,13,13,13,14,14,13,15,15,15,15,14,15,16,14,14,15,13,0,0,0,0,0,0,0,0,0,0,0,11,12,12,13,13,13,14,14,14,13,13,13,13,12,12,12,12,12,13,13,13,13,13,13,13,12,0,49,51,52,51,49,47,50,47,48,49,51,49,50,52,52,54,55,56,57,56,57,57,56,55,52,55,49,52,0,0,0,0,0,0,0,39,42,43,45,48,50,49,52,52,52,54,52,52,49,50,51,50,49,49,48,49,49,51,50,49,52,53,52
20260726_164847_905931,1785081035660533,334512203,2,2,0,-49,128,0,14,14,14,13,14,13,14,14,14,14,14,14,14,15,15,15,16,16,16,15,16,16,15,16,14,15,0,0,0,0,0,0,0,0,0,0,0,10,10,11,11,11,12,12,13,13,12,13,13,12,12,13,13,13,13,13,13,13,13,13,13,14,14,0,52,53,53,53,53,53,52,51,52,54,54,55,54,56,58,58,58,60,60,59,60,59,58,58,57,55,54,52,0,0,0,0,0,0,0,34,35,35,38,41,41,42,45,47,47,46,47,47,47,47,45,46,47,47,48,50,50,51,50,52,52,52,52
20260726_164847_905931,1785081035764256,334615389,2,2,0,-49,128,0,13,14,14,13,13,13,13,13,14,14,14,14,14,15,15,16,16,16,16,16,15,15,14,14,14,14,0,0,0,0,0,0,0,0,0,0,0,10,10,10,11,11,11,12,12,12,12,11,12,12,12,12,12,12,12,12,12,12,13,13,13,13,13,0,53,53,53,52,55,53,51,52,51,53,56,55,54,57,56,60,60,60,61,59,60,59,58,57,56,56,53,54,0,0,0,0,0,0,0,35,38,39,40,43,44,44,48,46,47,47,46,45,46,46,46,46,46,47,45,46,48,50,48,49,51,52,53
20260726_164847_905931,1785081035865893,334715159,2,2,0,-50,128,0,13,13,13,13,13,13,13,13,13,14,13,14,14,14,15,15,15,15,15,15,16,15,15,14,15,14,0,0,0,0,0,0,0,0,0,0,0,9,9,9,10,10,10,10,10,11,11,10,11,11,10,11,10,11,11,11,11,12,12,12,13,13,13,0,27,25,25,25,26,26,25,26,26,27,27,28,27,29,29,30,30,30,30,31,31,30,29,28,28,29,26,26,0,0,0,0,0,0,0,16,17,17,17,19,18,20,20,21,21,22,22,21,21,22,22,20,22,22,23,23,23,24,23,25,25,25,25
20260726_164847_905931,1785081035961768,334813023,2,2,0,-49,128,0,15,15,15,15,15,14,14,14,15,14,16,15,15,16,16,17,16,16,17,17,17,16,15,15,15,15,0,0,0,0,0,0,0,0,0,0,0,9,10,10,11,11,12,11,12,12,11,12,12,12,12,12,12,13,12,14,14,14,14,14,14,14,15,0,56,53,53,54,51,53,55,53,55,56,57,56,55,60,57,61,61,61,60,63,60,61,59,57,58,57,54,52,0,0,0,0,0,0,0,30,33,35,38,36,39,41,41,44,44,47,43,44,45,45,46,46,45,47,47,46,49,49,50,51,52,51,54
20260726_164847_905931,1785081036063770,334911598,2,2,0,-49,128,0,15,15,15,15,14,15,14,14,14,14,15,15,16,16,16,16,16,17,16,17,17,16,16,16,15,15,0,0,0,0,0,0,0,0,0,0,0,9,10,10,11,11,12,12,13,12,12,11,13,12,12,12,12,13,12,13,13,13,13,13,13,14,14,0,54,54,55,54,52,54,54,55,56,57,56,56,59,59,60,63,62,61,62,62,62,60,61,58,58,59,55,55,0,0,0,0,0,0,0,34,34,37,37,39,42,42,43,41,44,46,46,44,45,44,46,46,46,45,46,45,47,48,51,51,51,52,52
20260726_164847_905931,1785081036166012,335012921,2,2,0,-50,128,0,14,15,15,14,15,16,15,15,15,15,16,16,16,16,16,16,17,17,17,17,17,17,16,16,15,15,0,0,0,0,0,0,0,0,0,0,0,8,8,9,9,9,10,10,10,10,11,10,10,11,10,11,11,11,11,11,12,13,13,13,13,14,14,0,53,57,54,56,55,56,56,59,57,59,59,58,60,61,62,64,65,64,64,64,64,62,61,60,60,59,56,56,0,0,0,0,0,0,0,27,29,30,30,33,34,36,35,37,38,37,40,39,39,38,41,43,42,42,43,42,44,49,49,50,52,52,55
20260726_164847_905931,1785081036261774,335111719,2,2,0,-51,128,0,13,14,14,14,14,14,14,14,15,16,16,16,16,16,16,17,17,18,18,18,18,17,17,16,16,16,0,0,0,0,0,0,0,0,0,0,0,6,7,7,7,7,8,8,8,8,8,8,8,8,9,9,9,10,10,11,11,11,12,12,12,13,13,0,54,53,55,57,57,58,58,58,60,60,62,62,62,66,66,68,69,69,70,69,68,68,66,66,64,65,60,61,0,0,0,0,0,0,0,23,25,27,27,28,28,30,32,31,31,33,31,33,33,34,35,35,38,39,39,42,42,45,47,47,50,52,52
20260726_164847_905931,1785081036364278,335215392,2,2,0,-50,128,0,13,12,13,13,13,13,12,13,14,14,14,14,14,14,15,15,15,16,16,15,16,16,15,15,15,14,0,0,0,0,0,0,0,0,0,0,0,9,9,9,10,10,10,11,11,11,11,11,11,10,11,11,11,11,11,11,11,12,12,12,12,13,13,0,53,51,52,54,53,53,55,53,54,55,58,56,56,57,59,63,61,64,63,62,62,61,59,59,58,58,54,53,0,0,0,0,0,0,0,30,32,33,34,38,37,38,43,42,43,43,43,43,43,43,42,42,44,44,44,48,47,48,48,50,49,51,51
20260726_164847_905931,1785081036461481,335312674,2,2,0,-50,128,0,14,13,13,14,13,13,14,14,13,13,13,13,13,14,14,15,15,15,15,14,14,15,13,15,14,14,0,0,0,0,0,0,0,0,0,0,0,9,9,9,9,9,10,11,11,11,10,10,11,11,11,11,11,11,11,11,12,12,12,12,13,13,14,0,54,54,52,55,53,51,53,52,53,57,58,55,55,56,57,61,61,57,62,58,56,59,56,56,54,55,52,51,0,0,0,0,0,0,0,33,34,34,35,37,39,41,42,42,41,43,44,44,42,44,45,43,44,45,45,46,48,48,49,49,52,52,52
20260726_164847_905931,1785081036563940,335412562,2,2,0,-50,128,0,14,15,15,15,15,15,15,15,15,16,16,16,16,17,17,17,18,18,17,17,17,16,17,16,16,16,0,0,0,0,0,0,0,0,0,0,0,8,8,8,9,9,9,10,10,10,10,10,10,10,10,10,11,11,11,12,12,12,13,13,13,14,14,0,27,27,28,29,29,28,29,29,29,29,31,31,31,31,31,32,34,32,33,36,32,32,33,30,31,31,29,29,0,0,0,0,0,0,0,14,14,14,16,16,17,17,17,18,19,19,18,19,19,20,20,20,20,21,21,22,23,23,25,24,25,26,27
20260726_164847_905931,1785081036665641,335515028,2,2,0,-50,128,0,15,15,15,15,15,15,14,15,14,16,16,16,15,17,16,17,16,17,16,16,16,16,16,16,16,15,0,0,0,0,0,0,0,0,0,0,0,7,6,7,8,8,9,8,9,9,9,9,9,9,10,9,10,11,11,11,12,12,13,13,13,13,14,0,59,54,59,54,58,60,59,61,62,61,64,60,63,62,64,66,68,63,65,67,70,62,65,62,62,59,56,59,0,0,0,0,0,0,0,23,25,27,28,29,31,33,33,35,34,38,36,37,38,38,38,42,42,43,43,46,45,49,50,49,53,54,55
20260726_164847_905931,1785081036762922,335614123,2,2,0,-51,128,0,13,13,13,13,13,13,13,14,14,14,14,14,15,15,16,16,16,16,16,16,16,16,16,16,15,15,0,0,0,0,0,0,0,0,0,0,0,8,9,9,8,8,9,9,9,9,9,9,9,9,9,9,9,9,9,10,10,11,11,11,12,12,13,0,55,53,54,55,54,54,55,55,58,57,58,59,61,63,62,64,66,67,67,67,66,67,64,64,63,63,57,58,0,0,0,0,0,0,0,29,31,33,34,34,35,37,36,38,38,38,37,36,37,37,38,39,39,39,41,42,41,44,46,47,47,50,50
20260726_164847_905931,1785081036859648,335712438,2,2,0,-49,128,0,14,14,14,14,14,14,14,14,14,14,14,14,14,14,15,15,15,15,16,16,15,15,15,14,14,14,0,0,0,0,0,0,0,0,0,0,0,7,7,8,8,8,8,9,9,9,9,10,10,10,10,10,11,11,11,11,12,12,12,13,13,14,14,0,29,27,29,28,28,28,28,27,28,28,30,28,28,29,30,32,30,32,32,31,29,29,29,28,28,29,25,27,0,0,0,0,0,0,0,13,13,15,15,15,17,16,17,17,18,19,18,19,19,19,20,20,20,22,22,23,23,24,25,25,26,27,27
20260726_164847_905931,1785081036962560,335811278,2,2,0,-51,128,0,14,14,14,15,14,15,15,15,15,16,16,16,16,17,17,17,17,17,17,17,18,17,17,17,17,16,0,0,0,0,0,0,0,0,0,0,0,8,9,9,9,9,9,10,10,10,10,10,10,10,10,10,10,10,12,12,12,12,13,13,13,14,14,0,55,56,55,56,55,55,57,58,58,60,62,60,61,64,63,67,66,68,68,66,68,65,65,64,64,64,60,59,0,0,0,0,0,0,0,30,30,30,34,33,35,36,37,36,37,37,38,38,38,38,39,40,40,42,42,44,46,47,48,50,50,53,53
20260726_164847_905931,1785081037064459,335913716,2,2,0,-50,128,0,14,14,14,14,13,14,14,14,14,15,15,15,15,16,16,16,16,16,16,16,17,17,16,16,16,15,0,0,0,0,0,0,0,0,0,0,0,10,10,10,10,11,12,12,11,12,12,12,11,12,11,11,11,11,12,12,12,12,13,13,13,14,14,0,49,51,50,52,51,53,51,52,52,55,53,54,56,57,58,61,62,59,62,60,61,61,61,60,59,60,56,56,0,0,0,0,0,0,0,32,35,36,38,40,42,43,41,44,45,45,45,42,44,43,42,43,45,44,45,44,46,47,49,48,50,50,53
20260726_164847_905931,1785081037161661,336014104,2,2,0,-50,128,0,13,14,14,15,15,15,15,15,15,16,16,15,15,16,16,16,17,16,18,17,17,16,16,16,16,15,0,0,0,0,0,0,0,0,0,0,0,8,8,9,9,9,10,10,9,10,9,9,10,10,10,10,10,10,11,11,11,11,12,13,13,13,13,0,54,55,56,56,57,57,57,58,59,61,61,60,60,62,63,65,66,67,66,65,66,65,64,62,60,59,56,57,0,0,0,0,0,0,0,27,29,29,31,34,34,35,36,38,36,35,37,36,37,35,36,36,38,39,41,40,42,45,47,48,50,52,51
20260726_164847_905931,1785081037263054,336113489,2,2,0,-51,128,0,14,13,14,14,14,14,14,14,14,14,15,15,15,16,16,16,16,16,17,16,16,16,15,15,15,15,0,0,0,0,0,0,0,0,0,0,0,7,7,7,8,9,9,9,10,10,10,10,10,10,9,10,10,10,10,11,11,12,12,13,13,13,14,0,28,28,28,28,27,27,28,27,28,30,30,28,29,30,31,32,32,31,33,31,32,30,31,29,28,30,28,29,0,0,0,0,0,0,0,12,12,14,14,15,16,16,17,17,19,19,19,19,20,19,18,19,21,21,22,22,23,23,24,26,26,26,26
20260726_164847_905931,1785081037359679,336211749,2,2,0,-49,128,0,15,15,16,15,15,15,15,15,16,15,15,15,16,16,16,16,16,17,17,16,16,16,16,16,15,15,0,0,0,0,0,0,0,0,0,0,0,9,9,10,10,11,11,12,11,13,13,12,12,13,13,13,13,13,13,13,14,14,15,15,16,15,15,0,56,55,54,55,53,54,56,55,55,56,56,55,57,57,59,60,59,60,60,60,61,57,57,56,57,54,52,50,0,0,0,0,0,0,0,31,31,31,34,36,38,39,40,43,43,45,45,45,45,46,45,46,48,49,48,48,50,53,53,55,55,54,54
20260726_164847_905931,1785081037460390,336312230,2,2,0,-50,128,0,14,14,13,14,13,13,14,13,13,14,14,14,13,15,15,16,16,16,16,16,14,14,14,14,14,14,0,0,0,0,0,0,0,0,0,0,0,9,9,10,10,10,11,11,11,12,12,12,12,12,12,12,12,12,12,12,13,13,13,13,14,14,14,0,54,54,55,55,51,54,52,52,51,56,55,55,55,55,58,59,58,57,59,59,57,57,56,55,54,53,50,52,0,0,0,0,0,0,0,31,33,33,35,38,38,41,42,43,46,45,47,45,44,45,46,44,48,46,49,48,51,50,51,54,52,52,52
20260726_164847_905931,1785081037562796,336411939,2,2,0,-48,128,0,14,13,13,13,13,13,13,13,14,13,14,14,13,14,14,14,14,15,15,14,14,14,14,14,14,13,0,0,0,0,0,0,0,0,0,0,0,9,9,9,10,10,11,11,12,11,12,12,11,12,12,12,12,12,12,12,12,13,13,13,13,13,14,0,57,53,54,55,54,55,52,54,53,55,54,54,54,57,55,57,58,60,60,60,59,57,57,56,55,55,50,51,0,0,0,0,0,0,0,33,36,36,38,38,41,42,45,45,46,49,47,46,46,47,47,48,47,50,49,51,52,51,53,51,53,55,55
20260726_164847_905931,1785081037659314,336511650,2,2,0,-49,128,0,14,14,13,14,13,13,13,13,13,13,13,13,14,14,15,15,15,15,15,15,16,14,14,14,14,14,0,0,0,0,0,0,0,0,0,0,0,9,9,9,9,10,10,10,11,11,11,11,11,11,11,11,11,11,12,11,11,12,12,13,12,14,13,0,55,52,52,54,52,54,51,51,54,55,56,55,56,57,57,58,60,61,60,62,61,61,60,57,57,56,53,53,0,0,0,0,0,0,0,31,34,34,37,37,40,40,43,44,44,45,45,45,45,44,46,45,45,46,46,46,49,48,50,50,51,51,53
20260726_164847_905931,1785081037761173,336611549,2,2,0,-50,128,0,14,13,13,13,13,13,13,13,13,13,13,13,14,15,15,16,15,16,16,15,16,15,15,15,15,14,0,0,0,0,0,0,0,0,0,0,0,8,10,9,11,11,11,12,12,12,11,12,12,11,11,12,11,12,11,12,12,13,13,13,13,13,13,0,26,26,24,25,25,26,24,26,25,27,27,25,27,26,29,28,29,29,31,30,31,28,29,28,28,27,27,27,0,0,0,0,0,0,0,16,17,17,18,19,20,21,22,23,23,22,22,22,22,22,21,21,23,21,24,23,23,23,24,25,25,25,25
20260726_164847_905931,1785081037900279,336750571,2,2,0,-50,128,0,14,14,14,14,13,14,14,14,14,15,15,15,15,15,16,16,16,16,16,17,17,16,16,16,15,15,0,0,0,0,0,0,0,0,0,0,0,10,10,10,10,11,11,12,11,12,12,12,11,12,11,11,12,12,12,12,13,13,13,14,14,14,14,0,53,54,55,54,54,55,53,53,54,57,56,57,58,58,60,63,63,63,64,62,65,62,61,62,59,59,56,56,0,0,0,0,0,0,0,34,35,36,41,41,42,44,45,43,45,46,46,46,48,45,45,45,47,47,47,48,48,50,53,51,53,54,54
20260726_164847_905931,1785081037963696,336812277,2,2,0,-50,128,0,13,14,14,14,14,14,14,14,14,14,15,15,15,16,16,16,16,17,17,17,17,16,16,16,16,15,0,0,0,0,0,0,0,0,0,0,0,10,10,10,11,11,11,11,12,12,11,12,12,12,12,12,11,11,11,12,12,12,12,12,13,13,14,0,26,26,27,27,26,26,27,26,27,27,30,28,29,29,31,31,31,33,32,33,32,31,31,30,30,29,27,29,0,0,0,0,0,0,0,17,17,18,20,20,21,22,22,22,22,22,22,22,22,21,20,22,22,22,22,23,24,23,23,25,26,27,26
20260726_164847_905931,1785081038060363,336911677,2,2,0,-50,128,0,13,13,13,13,14,14,14,14,14,14,14,14,14,15,16,15,16,16,17,16,16,16,15,15,14,15,0,0,0,0,0,0,0,0,0,0,0,6,6,7,7,8,8,8,9,9,9,9,9,9,9,10,10,10,11,11,11,11,12,13,12,13,13,0,54,56,56,56,55,57,54,54,55,57,60,59,59,61,62,65,65,66,65,65,65,62,62,60,60,59,57,57,0,0,0,0,0,0,0,24,27,26,28,29,32,32,33,35,37,36,36,37,38,40,37,40,42,44,42,47,46,48,50,52,52,54,53
20260726_164847_905931,1785081038162760,337011918,2,2,0,-50,128,0,13,13,13,13,13,14,14,14,15,15,15,15,15,16,16,17,17,17,17,16,16,16,16,16,15,15,0,0,0,0,0,0,0,0,0,0,0,8,8,9,9,9,9,10,10,10,10,10,10,10,10,10,10,10,10,11,11,11,12,12,13,13,13,0,27,25,26,26,26,27,27,27,28,27,29,28,29,31,30,32,31,33,32,32,32,31,30,30,30,30,27,29,0,0,0,0,0,0,0,14,15,15,17,16,18,18,19,18,19,19,19,18,19,19,19,19,18,20,20,21,21,22,23,22,25,25,25
20260726_164847_905931,1785081038264195,337112115,2,2,0,-49,128,0,14,15,15,14,15,14,14,14,14,14,14,15,15,15,15,15,15,15,16,15,15,15,15,14,14,13,0,0,0,0,0,0,0,0,0,0,0,9,10,10,11,10,11,11,11,12,12,12,11,12,12,12,12,12,12,12,13,13,14,15,15,15,15,0,55,55,56,54,55,55,52,54,51,53,55,53,54,55,57,57,58,59,59,57,58,55,56,55,52,52,50,50,0,0,0,0,0,0,0,32,35,36,36,38,41,42,43,45,45,47,46,46,44,45,44,46,48,47,50,50,49,51,51,54,56,54,54
20260726_164847_905931,1785081038360902,337212194,2,2,0,-49,128,0,13,13,12,13,13,13,13,13,13,14,14,13,13,14,15,15,15,16,16,15,15,15,14,14,14,14,0,0,0,0,0,0,0,0,0,0,0,9,10,10,11,12,11,11,12,12,12,12,12,12,11,11,11,12,11,11,11,11,13,13,13,12,13,0,50,48,48,50,49,49,50,51,51,54,52,53,54,54,56,58,58,57,60,59,60,58,57,56,54,54,51,51,0,0,0,0,0,0,0,34,37,37,40,41,41,43,44,46,46,46,47,46,46,45,46,45,47,45,47,45,44,48,48,49,50,50,49
20260726_164847_905931,1785081038463513,337311797,2,2,0,-49,128,0,14,14,14,14,15,15,15,14,14,15,15,16,16,16,16,17,16,17,17,17,17,16,16,16,16,15,0,0,0,0,0,0,0,0,0,0,0,10,11,11,11,12,12,13,12,13,13,12,12,13,13,12,13,13,13,13,13,13,14,14,14,14,14,0,53,53,54,54,54,55,53,55,56,56,57,55,58,59,60,62,61,65,64,64,64,64,61,60,60,60,55,54,0,0,0,0,0,0,0,34,35,35,37,39,40,43,45,44,46,46,45,46,46,45,45,47,46,46,46,47,48,51,51,51,52,52,55
20260726_164847_905931,1785081038565679,337412360,2,2,0,-49,128,0,14,15,15,15,14,13,14,14,14,14,15,15,15,15,16,16,16,16,16,16,16,16,15,15,14,15,0,0,0,0,0,0,0,0,0,0,0,9,10,10,11,11,11,12,12,13,12,12,12,12,12,12,13,13,13,13,13,14,14,14,14,14,15,0,55,54,55,52,54,54,54,52,53,55,57,54,54,58,59,59,59,60,60,61,60,60,58,57,55,54,54,53,0,0,0,0,0,0,0,32,34,35,37,39,41,42,43,44,45,46,46,46,47,45,46,46,47,47,49,49,50,51,53,53,54,54,55
20260726_164847_905931,1785081038661961,337512043,2,2,0,-51,128,0,14,14,14,14,14,14,13,13,13,14,14,13,13,14,14,14,15,15,15,15,15,14,14,14,14,14,0,0,0,0,0,0,0,0,0,0,0,9,9,9,9,11,10,11,11,11,11,11,11,11,12,12,11,12,12,13,13,13,13,13,14,14,14,0,53,55,54,55,52,55,53,51,55,56,56,54,54,55,59,57,58,57,60,59,58,58,57,54,53,54,50,49,0,0,0,0,0,0,0,32,34,35,36,40,38,42,41,44,42,43,45,45,45,44,45,47,46,47,48,49,50,52,50,52,52,52,52
20260726_164847_905931,1785081038764155,337614637,2,2,0,-50,128,0,14,14,14,14,14,14,14,14,14,15,15,15,15,15,15,15,15,16,16,16,16,15,15,14,14,14,0,0,0,0,0,0,0,0,0,0,0,10,11,11,11,12,12,12,13,13,13,13,13,14,14,14,13,13,14,13,14,14,14,14,14,15,15,0,54,53,53,56,53,54,52,51,52,55,56,53,55,55,58,57,58,58,60,57,60,56,56,54,53,51,49,50,0,0,0,0,0,0,0,32,34,37,37,41,40,43,44,50,47,48,49,47,48,48,49,47,51,48,51,52,53,54,52,54,54,55,53
20260726_164847_905931,1785081038860732,337712138,2,2,0,-49,128,0,15,14,14,14,14,14,14,14,14,13,15,15,14,15,15,15,15,15,15,15,16,14,15,14,13,14,0,0,0,0,0,0,0,0,0,0,0,9,10,10,11,11,12,12,11,12,12,12,12,12,12,12,12,13,12,13,14,14,14,14,15,15,15,0,53,53,57,55,56,56,52,52,52,56,54,54,56,56,57,59,60,59,60,60,60,56,54,55,53,52,48,50,0,0,0,0,0,0,0,34,36,37,40,40,41,43,45,47,47,46,48,47,49,48,49,48,48,50,51,52,51,52,53,54,56,57,55
20260726_164847_905931,1785081038961968,337811834,2,2,0,-48,128,0,15,15,16,15,15,14,15,14,15,15,15,15,16,16,16,16,15,16,16,15,15,15,14,14,14,14,0,0,0,0,0,0,0,0,0,0,0,11,12,12,12,13,13,13,14,14,14,14,14,14,14,14,13,14,14,14,14,14,16,15,15,16,16,0,56,57,55,55,52,54,52,53,53,55,54,54,53,55,56,56,56,56,56,56,54,52,49,50,48,50,44,44,0,0,0,0,0,0,0,36,38,39,41,43,45,46,47,48,51,50,50,49,50,50,50,48,50,50,50,52,51,52,52,54,54,54,54
20260726_164847_905931,1785081039065276,337911990,2,2,0,-48,128,0,15,15,15,15,15,15,15,15,15,15,14,14,14,15,15,15,16,15,16,15,15,15,15,15,15,15,0,0,0,0,0,0,0,0,0,0,0,11,12,13,13,13,13,13,14,14,14,14,14,14,14,14,14,14,14,15,15,15,15,15,15,15,14,0,53,54,52,53,52,53,52,54,52,56,53,54,53,53,55,55,57,57,57,56,57,56,55,52,52,52,49,48,0,0,0,0,0,0,0,36,40,40,44,45,46,48,48,49,52,52,53,49,51,53,51,50,52,51,51,51,54,54,53,55,55,54,55
20260726_164847_905931,1785081039162113,338012146,2,2,0,-48,128,0,13,13,13,13,13,13,13,13,12,13,13,13,13,13,14,14,14,14,14,14,14,13,13,13,12,12,0,0,0,0,0,0,0,0,0,0,0,12,11,12,13,13,14,14,14,14,14,14,14,14,13,13,13,13,13,13,14,14,14,14,14,14,14,0,52,53,51,52,50,51,50,49,49,50,50,49,51,52,53,52,53,53,53,54,52,51,51,50,49,48,45,45,0,0,0,0,0,0,0,40,42,44,46,48,50,52,50,52,53,56,54,54,53,53,53,51,52,50,51,52,52,54,54,52,53,54,55
20260726_164847_905931,1785081039263270,338112221,2,2,0,-49,128,0,15,15,15,15,14,15,14,15,15,15,15,15,15,15,16,16,16,16,16,16,16,15,15,15,15,14,0,0,0,0,0,0,0,0,0,0,0,10,10,11,11,11,11,11,12,12,12,12,12,12,12,12,12,13,13,13,13,14,14,14,14,15,15,0,57,56,57,55,56,55,56,55,55,55,57,57,58,60,58,62,61,63,62,60,60,59,56,54,56,55,48,50,0,0,0,0,0,0,0,34,35,37,40,39,40,42,44,44,45,45,44,46,44,45,46,46,47,48,46,49,51,50,52,51,55,54,58
20260726_164847_905931,1785081039362627,338213697,2,2,0,-47,128,0,15,14,14,14,13,14,13,13,14,14,14,13,13,13,14,14,14,14,16,14,14,13,13,13,13,12,0,0,0,0,0,0,0,0,0,0,0,9,10,11,11,11,12,12,13,13,13,13,13,13,13,12,13,13,13,13,13,14,14,14,14,15,15,0,54,52,53,52,50,53,52,50,51,51,53,51,51,52,52,56,55,52,55,56,55,54,50,50,48,45,45,44,0,0,0,0,0,0,0,32,34,36,38,40,41,43,45,47,46,48,48,49,49,49,48,48,49,49,49,50,50,51,52,52,53,55,53
20260726_164847_905931,1785081039462157,338312071,2,2,0,-47,128,0,14,14,14,14,14,13,14,14,13,13,14,13,13,14,14,14,14,14,15,14,14,13,13,13,13,13,0,0,0,0,0,0,0,0,0,0,0,11,11,11,11,12,13,13,13,13,14,14,14,14,14,14,14,14,14,14,14,14,14,14,15,15,15,0,54,56,54,53,53,53,52,52,52,52,52,52,50,54,53,53,54,55,55,52,53,52,50,50,47,47,45,44,0,0,0,0,0,0,0,36,37,38,40,44,44,46,48,50,50,52,51,50,53,50,50,50,52,52,52,54,54,54,54,55,56,56,56
20260726_164847_905931,1785081039563642,338412051,2,2,0,-50,128,0,14,14,14,14,14,14,14,14,14,14,15,14,14,14,15,15,15,15,15,15,14,14,14,13,12,12,0,0,0,0,0,0,0,0,0,0,0,10,10,10,10,11,11,11,12,12,12,12,12,12,12,12,12,11,12,12,12,13,13,13,13,14,14,0,54,54,56,54,55,57,54,53,53,55,57,56,55,57,57,59,54,59,58,58,56,54,53,51,49,48,44,45,0,0,0,0,0,0,0,33,36,35,39,40,41,41,45,46,47,45,46,46,45,45,44,45,45,47,46,49,50,49,51,51,52,54,54
20260726_164847_905931,1785081039659745,338512219,2,2,0,-49,128,0,16,16,16,16,15,16,16,15,16,16,15,15,15,16,16,16,16,16,16,16,16,15,14,14,14,13,0,0,0,0,0,0,0,0,0,0,0,8,9,9,9,9,9,10,11,11,11,12,12,12,12,12,13,13,13,14,14,14,15,15,15,16,16,0,60,60,59,58,60,57,58,56,57,60,58,56,56,59,60,59,59,58,59,57,55,54,52,50,47,47,45,44,0,0,0,0,0,0,0,26,28,31,32,32,35,35,38,39,40,40,42,43,43,43,44,45,47,48,49,49,53,54,53,55,56,57,57
20260726_164847_905931,1785081039762400,338612072,2,2,0,-48,128,0,15,16,16,16,15,15,15,15,15,14,14,14,14,15,15,15,15,15,15,14,14,14,14,13,13,13,0,0,0,0,0,0,0,0,0,0,0,9,9,9,9,10,11,11,12,12,12,12,12,12,12,12,13,12,13,13,13,13,14,14,15,15,15,0,56,58,57,59,56,59,57,55,55,58,56,55,55,57,57,57,58,57,57,55,55,52,52,50,50,47,45,44,0,0,0,0,0,0,0,30,33,33,34,38,38,39,40,43,43,45,45,44,46,45,47,47,48,48,50,50,53,54,53,56,56,58,57
20260726_164847_905931,1785081039865059,338712005,2,2,0,-48,128,0,14,14,14,15,15,15,15,15,14,14,15,15,15,16,16,16,16,16,16,16,16,15,15,14,14,15,0,0,0,0,0,0,0,0,0,0,0,10,11,10,11,12,12,12,12,11,12,12,11,12,11,11,12,12,12,12,13,13,14,14,14,14,14,0,52,56,53,54,54,55,56,54,55,58,56,56,56,58,59,60,60,60,61,60,61,58,58,57,54,51,52,49,0,0,0,0,0,0,0,34,37,38,39,41,42,42,44,45,45,45,45,45,44,45,43,44,46,44,47,46,48,49,50,52,52,53,52
20260726_164847_905931,1785081039961139,338812587,2,2,0,-49,128,0,15,16,16,15,15,15,16,16,16,16,16,16,16,16,16,17,16,16,16,16,15,15,14,14,13,14,0,0,0,0,0,0,0,0,0,0,0,10,10,10,11,11,11,11,11,11,12,11,12,12,12,12,12,13,13,13,13,14,15,14,15,15,15,0,60,59,57,58,58,58,58,56,57,58,58,58,59,60,58,61,59,59,58,59,59,54,52,53,51,51,46,45,0,0,0,0,0,0,0,33,35,36,37,36,39,40,41,41,42,41,43,42,41,42,44,46,44,46,48,50,51,53,55,55,57,58,57
20260726_164847_905931,1785081040063180,338912917,2,2,0,-49,128,0,14,14,14,14,14,14,14,14,14,14,14,14,14,14,14,14,14,14,14,14,15,14,14,13,13,12,0,0,0,0,0,0,0,0,0,0,0,10,10,11,12,12,12,12,13,13,13,13,13,13,13,12,13,13,13,13,13,13,14,14,14,14,14,0,54,52,52,53,52,53,51,53,53,54,53,52,53,54,53,55,57,55,54,55,54,53,51,50,48,47,44,43,0,0,0,0,0,0,0,35,38,39,41,42,44,46,46,49,50,48,49,47,47,48,49,46,47,48,48,50,51,51,52,54,53,52,53
20260726_164847_905931,1785081040160113,339012653,2,2,0,-48,128,0,15,15,15,15,14,15,15,15,14,15,15,14,13,14,14,14,14,14,14,14,14,14,14,13,12,12,0,0,0,0,0,0,0,0,0,0,0,8,9,9,9,11,10,11,11,11,11,11,11,11,11,11,12,12,12,13,13,13,14,14,15,15,14,0,57,58,56,58,54,54,55,53,55,56,55,55,55,55,55,56,57,54,56,55,53,52,52,49,46,47,42,42,0,0,0,0,0,0,0,32,34,34,34,38,37,40,42,42,42,44,43,43,43,46,46,46,47,47,48,49,50,53,53,54,55,56,56
20260726_164847_905931,1785081040261963,339113954,2,2,0,-50,128,0,15,15,14,15,14,14,14,14,14,14,14,13,14,14,14,14,14,14,14,14,14,14,13,12,12,12,0,0,0,0,0,0,0,0,0,0,0,9,9,9,9,10,10,10,10,11,11,11,11,11,11,11,12,11,12,12,13,13,13,13,14,15,14,0,59,55,58,58,56,56,56,55,54,57,55,54,54,54,58,56,58,56,58,55,55,55,54,49,50,49,46,45,0,0,0,0,0,0,0,34,35,35,36,39,41,41,43,43,45,43,45,46,46,46,44,45,49,49,50,51,53,52,55,56,55,58,57
20260726_164847_905931,1785081040364900,339211929,2,2,0,-51,128,0,15,16,15,15,16,15,15,15,15,15,15,15,15,15,15,15,16,15,16,16,16,16,15,15,14,14,0,0,0,0,0,0,0,0,0,0,0,11,11,11,11,12,12,13,12,12,13,13,13,13,13,13,12,13,13,13,13,14,14,14,15,15,15,0,55,56,57,56,57,56,57,55,55,57,58,58,57,58,60,58,60,61,61,58,59,58,57,56,54,52,51,50,0,0,0,0,0,0,0,37,38,39,39,41,44,45,45,46,46,46,48,46,46,46,47,45,47,47,49,49,50,52,55,53,54,54,55
20260726_164847_905931,1785081040461342,339312027,2,2,0,-50,128,0,14,15,14,14,14,14,14,14,14,14,14,13,13,14,14,15,14,14,14,14,14,13,13,12,12,12,0,0,0,0,0,0,0,0,0,0,0,9,10,10,10,11,11,12,12,12,12,12,13,13,13,13,13,13,13,13,13,14,14,15,14,14,16,0,57,56,55,55,55,56,52,54,52,56,55,54,53,54,55,57,55,56,55,54,55,50,50,47,47,47,44,42,0,0,0,0,0,0,0,33,36,37,38,41,43,43,44,44,46,47,48,48,47,47,47,46,49,48,52,51,52,52,55,56,57,58,56
20260726_164847_905931,1785081040563636,339413734,2,2,0,-49,128,0,14,14,15,14,14,15,15,15,15,15,14,14,14,15,16,15,16,15,16,15,16,15,15,16,15,14,0,0,0,0,0,0,0,0,0,0,0,12,12,13,13,14,14,14,14,14,14,14,14,14,14,13,13,13,13,14,13,13,14,13,14,14,14,0,51,53,51,52,53,52,52,52,52,56,54,53,56,53,57,58,57,59,58,59,58,57,57,53,52,50,48,48,0,0,0,0,0,0,0,40,43,44,44,47,47,49,49,51,51,50,51,48,50,49,47,47,48,48,51,52,51,50,51,51,51,52,51
20260726_164847_905931,1785081040664893,339512128,2,2,0,-48,128,0,14,14,14,14,14,14,14,13,14,14,14,14,14,13,13,15,13,14,14,14,14,12,13,12,12,12,0,0,0,0,0,0,0,0,0,0,0,10,12,11,12,13,13,14,13,13,14,14,14,14,14,13,13,14,13,14,14,14,14,15,14,15,14,0,57,55,56,54,53,52,53,50,52,53,53,52,53,53,52,54,54,55,54,53,52,50,49,49,45,46,42,41,0,0,0,0,0,0,0,36,39,41,43,43,46,48,50,49,52,53,50,52,51,51,50,51,50,52,51,52,53,53,54,54,53,55,53
20260726_164847_905931,1785081040761870,339613007,2,2,0,-50,128,0,14,16,15,15,15,16,15,15,15,15,16,15,16,16,17,16,16,16,16,16,16,15,15,15,15,14,0,0,0,0,0,0,0,0,0,0,0,10,10,11,11,11,11,11,11,12,11,11,11,11,11,11,12,12,12,13,13,13,14,14,14,15,15,0,28,30,29,31,28,29,30,29,30,29,31,31,31,29,32,30,32,33,32,29,34,30,28,29,27,26,26,26,0,0,0,0,0,0,0,19,18,18,19,21,21,21,21,21,23,22,23,22,22,22,23,21,22,22,24,24,25,25,26,26,27,29,26
20260726_164847_905931,1785081040864390,339713227,2,2,0,-48,128,0,16,16,16,16,15,15,15,15,15,15,15,15,15,15,16,16,16,15,17,16,15,16,14,15,14,13,0,0,0,0,0,0,0,0,0,0,0,9,10,11,11,12,12,12,13,13,13,13,13,13,13,13,13,14,14,13,14,15,15,15,14,16,16,0,57,56,55,55,56,57,53,55,53,58,56,56,56,56,58,57,56,60,59,56,60,57,51,51,50,46,47,47,0,0,0,0,0,0,0,31,36,36,36,38,38,43,42,44,44,45,47,47,47,47,49,47,48,48,51,50,52,53,54,54,53,55,55
20260726_164847_905931,1785081040962028,339812307,2,2,0,-48,128,0,14,14,14,13,13,14,13,13,13,13,13,13,13,14,13,14,13,14,14,13,13,13,12,12,11,11,0,0,0,0,0,0,0,0,0,0,0,12,12,12,14,14,14,15,15,16,15,15,15,15,15,14,15,15,14,15,14,14,15,14,14,15,14,0,53,54,51,52,51,51,50,48,48,50,49,49,49,49,50,51,51,51,50,48,48,47,46,45,43,42,38,38,0,0,0,0,0,0,0,38,41,42,45,47,51,51,53,53,55,57,55,54,54,53,54,54,52,53,53,54,54,53,55,54,55,54,55
20260726_164847_905931,1785081041063740,339914241,2,2,0,-47,128,0,14,14,13,13,13,13,14,13,13,13,13,13,13,13,13,13,14,13,13,13,13,13,13,12,11,11,0,0,0,0,0,0,0,0,0,0,0,11,11,11,12,13,13,13,13,13,13,13,13,13,13,13,13,13,13,13,13,13,13,13,14,14,14,0,55,52,51,53,51,53,50,50,52,53,53,51,51,51,52,54,54,54,54,52,52,50,49,48,45,44,42,41,0,0,0,0,0,0,0,37,40,41,42,45,46,49,50,51,51,51,52,52,52,51,50,50,51,50,51,52,53,53,53,54,53,54,53
20260726_164847_905931,1785081041166420,340014226,2,2,0,-47,128,0,14,13,14,14,14,13,14,13,12,13,13,13,13,13,13,13,14,14,14,14,13,13,13,12,12,12,0,0,0,0,0,0,0,0,0,0,0,12,13,13,14,13,14,14,14,15,15,15,14,15,14,14,14,14,13,14,14,14,14,14,13,14,14,0,52,53,56,55,52,52,48,51,49,51,51,50,50,51,51,52,54,54,52,53,50,50,49,48,46,46,43,43,0,0,0,0,0,0,0,41,44,45,48,47,50,53,54,55,55,57,55,54,54,54,54,55,53,52,54,53,52,52,54,53,57,54,56
20260726_164847_905931,1785081041263238,340112624,2,2,0,-47,128,0,14,14,14,14,14,14,13,13,13,13,13,13,13,13,14,14,14,14,14,14,13,13,13,13,13,12,0,0,0,0,0,0,0,0,0,0,0,11,11,11,11,12,13,13,13,13,13,13,13,13,13,13,13,13,13,13,14,14,14,14,14,14,14,0,54,53,52,54,53,52,50,51,52,52,54,50,50,51,55,55,52,54,55,54,53,50,49,47,47,45,43,42,0,0,0,0,0,0,0,38,40,41,41,44,46,48,49,49,51,51,51,50,51,51,50,49,50,50,50,50,52,52,52,54,54,53,54
20260726_164847_905931,1785081041366048,340213342,2,2,0,-48,128,0,14,14,14,14,14,14,14,14,13,14,14,13,14,15,15,15,15,16,16,15,14,14,14,14,13,13,0,0,0,0,0,0,0,0,0,0,0,10,11,11,12,12,12,13,13,13,13,13,13,13,12,12,13,13,13,13,13,13,14,13,14,14,14,0,55,54,53,54,53,53,53,53,53,55,54,55,54,58,56,56,59,59,57,59,58,56,53,53,52,51,48,49,0,0,0,0,0,0,0,38,41,42,43,43,46,47,50,48,50,51,52,50,50,49,48,49,48,48,49,52,51,50,53,53,53,55,53
20260726_164847_905931,1785081041462023,340312677,2,2,0,-51,128,0,14,15,14,15,14,15,14,14,14,16,16,15,15,15,16,16,16,16,16,15,15,14,14,14,13,13,0,0,0,0,0,0,0,0,0,0,0,7,7,7,7,8,8,8,9,9,9,9,10,10,10,10,11,11,12,11,12,12,13,14,14,14,14,0,58,58,58,59,58,59,58,59,58,61,61,59,58,60,60,62,62,61,62,59,59,57,56,53,52,51,48,47,0,0,0,0,0,0,0,24,26,26,26,29,30,30,32,33,35,35,36,36,38,39,39,41,44,44,46,46,49,50,51,54,55,55,57
20260726_164847_905931,1785081041564029,340411382,2,2,0,-47,128,0,14,14,14,14,14,14,14,14,14,14,14,13,14,14,14,14,14,14,14,14,14,13,13,13,13,13,0,0,0,0,0,0,0,0,0,0,0,10,12,12,12,12,13,13,13,13,13,14,14,13,14,13,13,14,14,14,14,14,15,14,14,14,15,0,54,54,54,52,54,52,51,51,49,53,52,51,51,54,54,53,54,52,55,53,52,52,50,49,48,47,43,43,0,0,0,0,0,0,0,35,38,40,41,42,45,47,48,50,50,52,53,51,52,51,53,51,52,52,52,53,54,53,54,54,54,54,55
20260726_164847_905931,1785081041665476,340512227,2,2,0,-52,128,0,15,14,13,14,13,13,14,14,14,15,14,14,14,15,15,15,15,16,15,14,15,14,13,13,13,13,0,0,0,0,0,0,0,0,0,0,0,11,12,12,12,13,13,13,14,14,14,14,14,14,13,13,14,14,14,14,13,14,13,14,14,14,14,0,54,52,53,52,52,55,52,51,54,56,55,54,56,58,57,56,57,61,56,60,60,53,55,48,50,50,48,46,0,0,0,0,0,0,0,37,41,42,44,45,47,49,50,52,52,53,52,51,52,50,50,49,51,51,50,50,52,52,52,53,53,55,53
20260726_164847_905931,1785081041762087,340611585,2,2,0,-52,128,0,14,14,14,15,14,15,15,15,15,15,15,15,15,15,16,15,16,15,16,15,15,15,14,13,13,13,0,0,0,0,0,0,0,0,0,0,0,7,7,8,8,9,9,9,10,10,10,10,11,11,11,11,11,11,12,11,12,12,12,13,13,13,13,0,56,56,57,57,57,57,58,57,58,59,60,60,59,60,61,63,61,64,62,61,60,58,57,55,54,53,49,47,0,0,0,0,0,0,0,27,29,30,32,33,35,35,37,38,41,41,41,41,42,42,43,43,44,46,46,48,50,50,51,52,52,54,56
20260726_164847_905931,1785081041859146,340711808,2,2,0,-52,128,0,15,15,15,15,15,15,14,15,14,15,15,15,15,16,16,16,16,16,16,15,15,15,14,14,13,14,0,0,0,0,0,0,0,0,0,0,0,9,9,9,9,9,11,11,11,11,11,11,11,11,11,11,12,12,13,13,13,13,13,14,14,14,15,0,56,56,59,55,58,57,56,57,57,59,61,58,56,60,59,63,61,62,62,61,60,57,56,55,53,52,49,47,0,0,0,0,0,0,0,29,31,33,34,34,37,37,40,41,41,43,43,43,45,43,43,46,47,49,47,50,50,51,52,53,55,55,56
20260726_164847_905931,1785081041961493,340811839,2,2,0,-49,128,0,15,15,15,15,15,14,14,14,15,15,15,15,15,15,15,15,15,15,15,15,15,14,14,13,13,13,0,0,0,0,0,0,0,0,0,0,0,12,11,12,12,13,14,13,14,14,14,14,14,14,14,14,14,14,14,14,14,14,15,15,14,15,15,0,55,57,54,55,52,54,52,53,52,54,55,53,52,54,55,57,54,55,56,55,55,51,49,49,49,48,43,43,0,0,0,0,0,0,0,38,40,41,44,44,46,49,49,51,51,53,52,52,52,50,52,51,51,51,52,52,53,55,54,55,53,55,55
20260726_164847_905931,1785081042062625,340914032,2,2,0,-49,128,0,16,17,16,16,15,16,16,15,15,16,16,16,15,15,16,15,16,15,15,15,14,14,13,13,12,11,0,0,0,0,0,0,0,0,0,0,0,11,11,11,11,13,13,13,13,14,13,13,14,14,14,14,14,14,14,15,16,15,16,16,17,17,16,0,60,62,58,60,57,58,56,56,55,59,56,54,54,53,57,55,57,54,55,54,52,49,48,46,44,42,41,39,0,0,0,0,0,0,0,38,38,38,40,44,44,48,47,48,49,51,51,49,51,50,51,50,53,50,54,54,58,58,58,60,59,59,58
20260726_164847_905931,1785081042165119,341011967,2,2,0,-48,128,0,15,15,15,15,14,14,14,14,13,14,14,14,14,14,14,14,15,14,14,14,14,12,12,12,12,11,0,0,0,0,0,0,0,0,0,0,0,11,10,11,12,12,13,13,13,13,14,14,14,14,14,14,14,14,14,15,15,15,15,15,15,15,15,0,58,56,57,57,55,55,55,55,53,54,54,53,52,53,52,54,53,54,53,52,51,48,48,46,44,44,42,42,0,0,0,0,0,0,0,36,38,40,41,43,45,47,47,48,52,51,51,53,54,53,53,55,53,53,53,57,55,56,58,57,59,57,57
20260726_164847_905931,1785081042260826,341111942,2,2,0,-49,128,0,15,14,14,14,14,14,14,14,14,14,14,13,14,13,14,13,13,13,14,13,13,13,13,12,12,11,0,0,0,0,0,0,0,0,0,0,0,7,8,8,9,10,10,11,11,11,12,12,12,13,13,13,13,13,14,14,14,14,15,15,14,15,15,0,56,56,58,58,55,55,54,52,53,54,55,54,51,55,54,56,56,54,54,54,53,51,50,48,46,43,43,42,0,0,0,0,0,0,0,26,28,30,30,33,35,37,41,42,42,45,45,46,48,48,50,50,52,51,54,55,55,56,58,58,58,59,60
20260726_164847_905931,1785081042363852,341212202,2,2,0,-47,128,0,15,15,15,16,15,14,14,14,14,14,14,14,14,15,15,15,16,15,15,14,14,14,14,14,12,12,0,0,0,0,0,0,0,0,0,0,0,9,10,9,10,11,11,12,12,13,13,13,13,13,13,13,13,13,13,13,15,14,15,14,16,16,15,0,58,57,58,56,56,57,55,55,53,54,55,54,55,56,54,58,55,57,56,57,54,53,51,50,49,48,44,44,0,0,0,0,0,0,0,29,33,34,34,37,39,41,42,43,45,47,46,47,49,50,51,51,51,51,53,54,55,56,56,55,57,58,58
20260726_164847_905931,1785081042459883,341312040,2,2,0,-51,128,0,15,15,15,15,15,15,15,15,15,15,16,16,16,16,16,16,16,17,17,17,17,16,15,15,15,15,0,0,0,0,0,0,0,0,0,0,0,9,9,9,9,9,10,10,11,11,11,11,10,11,12,11,11,12,11,13,13,13,14,13,14,14,15,0,60,59,58,57,59,58,58,59,59,59,60,61,62,63,62,64,65,66,65,64,64,62,59,58,59,58,52,52,0,0,0,0,0,0,0,27,30,30,33,33,36,36,37,38,39,39,39,39,39,41,43,43,43,45,45,47,49,50,51,52,53,56,56
20260726_164847_905931,1785081042562449,341412179,2,2,0,-53,128,0,15,16,15,15,15,15,15,15,15,15,15,15,15,16,16,16,16,16,16,16,16,15,15,15,14,14,0,0,0,0,0,0,0,0,0,0,0,9,9,9,10,10,10,11,11,11,11,11,11,12,12,12,12,12,13,13,14,14,15,14,15,15,15,0,59,59,60,60,57,59,59,59,56,60,59,59,58,59,61,61,62,62,63,62,60,58,57,56,54,52,50,49,0,0,0,0,0,0,0,27,30,31,33,35,36,37,39,40,41,42,45,44,45,45,45,46,47,48,48,51,53,54,54,55,58,57,57
20260726_164847_905931,1785081042664168,341512241,2,2,0,-51,128,0,14,14,14,14,14,14,14,14,14,15,14,14,14,15,15,16,16,16,16,16,16,15,15,14,14,14,0,0,0,0,0,0,0,0,0,0,0,5,5,6,7,7,7,7,8,9,9,9,9,9,9,11,11,11,11,12,12,12,13,12,13,14,14,0,57,55,57,57,57,55,56,57,56,57,57,58,60,62,60,64,62,66,64,64,62,61,58,58,56,58,52,53,0,0,0,0,0,0,0,19,22,23,25,26,30,29,30,32,33,36,36,36,38,38,40,42,41,45,45,48,48,49,52,51,53,55,55
20260726_164847_905931,1785081042761329,341612065,2,2,0,-49,128,0,16,16,16,16,16,15,16,15,15,15,15,15,15,16,16,16,16,16,16,15,15,15,14,14,15,14,0,0,0,0,0,0,0,0,0,0,0,9,9,9,9,11,11,11,11,11,12,13,13,13,13,13,13,13,13,14,14,14,15,16,16,16,16,0,56,59,60,57,59,59,57,57,57,58,61,57,57,59,60,59,59,60,60,58,58,56,54,53,53,51,48,49,0,0,0,0,0,0,0,28,29,29,32,33,36,37,39,40,44,43,46,45,46,47,46,48,50,50,51,52,53,55,56,56,56,56,56
20260726_164847_905931,1785081042862994,341712195,2,2,0,-49,128,0,13,14,15,15,15,15,15,15,14,15,15,15,15,15,15,15,16,16,16,16,16,15,15,15,15,13,0,0,0,0,0,0,0,0,0,0,0,9,9,9,10,10,10,10,10,11,11,10,11,11,10,11,11,11,10,11,11,12,12,12,12,14,13,0,57,54,56,55,57,57,57,57,54,57,58,58,58,62,58,64,61,64,64,62,60,60,58,58,56,55,51,52,0,0,0,0,0,0,0,33,32,35,37,37,40,40,41,42,41,41,42,42,42,43,43,42,43,43,43,45,46,48,49,49,50,53,54
20260726_164847_905931,1785081042960243,341812232,2,2,0,-49,128,0,15,15,14,15,15,15,15,14,14,14,14,14,15,14,16,16,16,16,16,15,15,15,15,14,14,14,0,0,0,0,0,0,0,0,0,0,0,10,11,11,11,11,12,12,12,12,12,12,12,12,12,11,12,12,12,12,12,13,14,14,14,14,14,0,55,57,55,56,55,56,54,55,55,55,57,56,57,57,58,60,59,59,61,60,58,56,56,55,52,52,48,49,0,0,0,0,0,0,0,34,38,39,39,42,43,43,45,45,46,45,47,44,46,46,43,46,46,45,46,48,47,49,51,50,51,55,52
20260726_164847_905931,1785081043142495,341984454,2,2,0,-46,128,0,15,14,14,14,14,13,14,13,13,13,13,13,13,13,13,13,13,13,13,13,12,12,12,12,11,11,0,0,0,0,0,0,0,0,0,0,0,11,12,13,13,13,14,14,14,14,14,14,14,14,14,14,14,14,14,14,14,14,15,14,15,15,15,0,54,54,52,54,51,50,50,49,50,50,50,50,48,48,50,48,50,48,49,48,47,46,43,43,42,41,39,37,0,0,0,0,0,0,0,38,41,42,44,47,48,51,52,53,54,56,55,52,54,52,54,54,54,54,54,54,56,55,56,56,55,54,55
20260726_164847_905931,1785081043171054,342012083,2,2,0,-46,128,0,13,14,14,14,14,13,13,13,14,14,13,13,13,13,14,14,15,15,15,14,14,14,14,13,13,12,0,0,0,0,0,0,0,0,0,0,0,10,10,11,12,12,13,13,13,13,13,13,13,13,13,13,13,13,13,13,13,13,13,13,13,13,13,0,52,50,50,52,51,50,51,49,50,52,53,51,49,51,53,55,55,56,57,56,55,53,51,50,50,48,45,46,0,0,0,0,0,0,0,35,36,38,40,42,44,46,49,49,50,51,51,52,51,50,49,48,50,49,49,51,51,51,50,51,52,52,51
20260726_164847_905931,1785081043295628,342145655,2,2,0,-48,128,0,15,15,15,15,14,14,14,14,14,14,15,15,15,15,15,15,15,15,15,15,15,15,13,13,13,13,0,0,0,0,0,0,0,0,0,0,0,13,13,13,14,15,15,15,15,15,15,15,15,15,14,14,14,14,14,14,14,14,14,15,15,15,16,0,56,54,53,54,53,54,51,52,52,54,54,52,53,53,54,54,55,55,57,53,54,51,49,50,49,48,45,43,0,0,0,0,0,0,0,42,44,47,47,50,49,53,55,55,58,58,56,56,54,55,54,52,54,52,52,53,54,52,55,54,53,52,56
20260726_164847_905931,1785081043369700,342217863,2,2,0,-48,128,0,14,14,14,14,14,14,13,13,13,13,14,13,13,14,14,14,14,14,14,14,14,13,12,12,12,12,0,0,0,0,0,0,0,0,0,0,0,9,10,11,11,12,12,12,13,13,13,13,13,13,13,13,13,13,13,14,14,14,14,14,14,14,14,0,55,54,54,53,53,52,51,51,51,53,53,50,51,53,53,52,52,54,53,53,52,51,49,48,48,45,43,43,0,0,0,0,0,0,0,34,38,37,39,42,44,46,46,47,49,50,48,50,48,49,50,50,51,51,52,52,52,52,52,54,55,54,56
20260726_164847_905931,1785081043460618,342312208,2,2,0,-48,128,0,14,14,14,14,14,14,14,14,14,14,14,15,14,15,15,16,15,16,15,15,15,14,14,14,13,13,0,0,0,0,0,0,0,0,0,0,0,9,9,10,11,11,12,11,12,11,11,12,12,12,11,11,11,12,11,12,12,13,13,13,14,14,14,0,53,56,54,55,54,54,55,55,56,56,57,58,56,57,59,57,59,59,60,60,58,57,57,54,54,51,48,47,0,0,0,0,0,0,0,33,36,37,39,40,40,45,42,45,47,47,45,45,45,45,45,44,45,44,45,47,46,50,50,52,52,52,52
20260726_164847_905931,1785081043561959,342411709,2,2,0,-49,128,0,14,14,14,14,14,14,14,13,14,14,14,14,14,14,14,15,14,14,14,14,14,14,12,12,12,12,0,0,0,0,0,0,0,0,0,0,0,11,12,12,13,13,14,14,14,14,14,14,13,13,13,14,14,14,14,14,14,14,14,14,14,15,14,0,54,55,56,53,53,54,53,53,52,53,55,54,52,54,51,56,54,54,54,51,52,50,50,48,47,47,41,42,0,0,0,0,0,0,0,40,42,44,47,45,50,50,51,52,52,52,53,51,52,52,52,51,51,51,51,52,54,53,53,54,56,54,57
20260726_164847_905931,1785081043663870,342512470,2,2,0,-49,128,0,14,15,15,15,14,14,15,14,15,14,15,14,14,14,15,15,15,15,15,14,14,13,14,14,13,13,0,0,0,0,0,0,0,0,0,0,0,11,11,13,13,13,13,14,13,14,13,13,13,13,13,13,14,14,14,14,14,15,14,14,15,15,16,0,57,57,54,55,54,54,54,52,51,54,54,55,54,56,54,56,56,56,55,55,55,53,51,51,50,49,44,45,0,0,0,0,0,0,0,37,38,40,42,43,46,46,50,49,49,51,50,50,51,49,49,50,50,52,52,52,53,55,56,54,56,56,58
20260726_164847_905931,1785081043763165,342612221,2,2,0,-51,128,0,14,13,13,13,12,12,12,13,13,13,13,12,12,12,13,13,13,13,13,12,12,12,12,11,11,11,0,0,0,0,0,0,0,0,0,0,0,13,12,13,13,14,14,15,15,15,14,14,14,14,14,13,14,14,14,14,14,14,14,14,14,14,14,0,56,52,52,53,50,50,49,48,48,49,49,49,48,50,50,50,50,50,50,49,49,46,47,43,44,44,40,40,0,0,0,0,0,0,0,45,47,50,52,53,53,55,56,57,57,57,56,55,56,53,53,52,52,53,54,53,54,54,55,54,55,55,55
20260726_164847_905931,1785081043886171,342733945,2,2,0,-52,128,0,14,14,14,14,14,14,14,14,14,14,14,15,15,15,15,16,16,16,16,15,15,15,14,14,14,14,0,0,0,0,0,0,0,0,0,0,0,13,14,15,15,16,15,16,16,16,15,15,14,14,14,14,14,13,13,13,13,14,14,15,14,15,15,0,51,50,51,51,51,51,48,50,49,51,52,51,50,53,53,56,55,57,55,55,54,52,51,51,48,47,44,44,0,0,0,0,0,0,0,44,47,47,50,51,54,54,55,55,56,56,53,54,52,50,48,48,48,49,47,48,49,49,48,49,50,50,51
20260726_164847_905931,1785081043960120,342812446,2,2,0,-50,128,0,13,13,13,13,13,13,13,13,13,14,14,13,13,13,14,14,14,14,14,14,14,14,14,13,13,13,0,0,0,0,0,0,0,0,0,0,0,10,11,12,13,12,13,13,14,13,12,12,12,12,12,11,12,13,13,12,13,13,13,13,13,13,13,0,50,50,51,52,51,52,50,51,50,50,54,51,52,52,53,54,53,56,56,55,56,52,52,51,49,49,47,46,0,0,0,0,0,0,0,37,40,41,44,45,47,47,50,50,50,50,51,50,48,48,47,46,47,46,48,48,49,50,48,51,53,51,51
20260726_164847_905931,1785081044062780,342912105,2,2,0,-48,128,0,15,15,15,15,15,14,14,14,15,15,15,14,15,14,15,15,15,15,15,15,15,14,14,13,13,13,0,0,0,0,0,0,0,0,0,0,0,11,11,11,12,13,13,13,13,13,13,13,13,13,13,13,14,13,14,14,14,14,15,15,15,15,15,0,56,56,55,56,54,54,53,52,54,53,56,54,54,56,55,57,54,57,56,56,54,51,51,50,48,48,47,45,0,0,0,0,0,0,0,35,37,38,41,42,44,44,47,49,50,50,49,51,49,48,49,48,51,50,52,53,52,53,53,54,55,55,56
20260726_164847_905931,1785081044159887,343012289,2,2,0,-49,128,0,14,13,14,14,14,14,14,14,14,14,14,14,14,15,15,15,15,15,15,15,15,15,14,14,13,13,0,0,0,0,0,0,0,0,0,0,0,10,10,10,11,11,11,11,11,11,11,11,11,11,11,11,11,12,11,12,12,13,13,13,13,13,14,0,53,55,54,55,53,54,55,55,54,58,55,55,57,57,57,58,60,57,59,59,58,57,56,53,52,51,49,48,0,0,0,0,0,0,0,34,34,38,38,42,43,46,44,45,46,47,47,45,45,46,46,45,46,44,47,46,48,50,50,52,52,54,52
20260726_164847_905931,1785081044260934,343111826,2,2,0,-48,128,0,15,14,15,14,14,14,14,13,13,13,14,13,13,14,14,14,14,14,14,14,14,13,12,12,12,13,0,0,0,0,0,0,0,0,0,0,0,10,11,10,12,12,12,12,13,13,13,13,13,13,13,13,13,13,12,13,13,14,14,14,14,15,15,0,58,55,55,56,56,55,52,54,53,55,56,56,55,56,55,55,57,58,56,56,57,54,52,51,50,48,45,46,0,0,0,0,0,0,0,36,39,42,43,42,46,44,48,48,49,50,51,51,51,49,50,49,51,50,51,53,53,53,54,54,53,54,58
20260726_164847_905931,1785081044362841,343214585,2,2,0,-48,128,0,14,14,14,14,14,14,14,14,15,15,15,15,15,16,16,16,16,16,16,16,16,15,15,14,14,13,0,0,0,0,0,0,0,0,0,0,0,10,10,10,11,12,12,12,12,12,11,12,12,12,12,12,12,12,13,13,13,13,13,14,13,13,14,0,55,55,56,55,54,55,54,55,53,56,57,57,55,59,57,59,59,59,61,59,60,56,56,54,51,51,49,49,0,0,0,0,0,0,0,34,36,37,39,39,42,43,44,44,44,46,46,46,46,45,46,45,48,49,47,48,52,52,54,53,52,54,56
20260726_164847_905931,1785081044464826,343313379,2,2,0,-48,128,0,14,14,14,15,13,14,13,13,14,14,14,14,14,15,15,15,15,15,15,15,15,14,14,13,14,13,0,0,0,0,0,0,0,0,0,0,0,9,10,10,10,10,11,12,12,12,12,11,13,13,12,12,12,13,12,13,13,13,13,14,14,14,14,0,56,55,54,55,54,56,55,54,54,57,58,56,55,56,58,57,59,60,60,59,59,57,56,55,55,53,50,50,0,0,0,0,0,0,0,33,34,35,36,41,39,43,44,44,46,47,48,47,49,47,47,49,50,48,51,51,53,52,53,55,54,55,55
20260726_164847_905931,1785081044563043,343412292,2,2,0,-49,128,0,14,14,14,14,14,14,14,14,14,14,14,14,14,14,15,15,15,15,15,15,15,14,14,14,14,13,0,0,0,0,0,0,0,0,0,0,0,8,9,9,10,10,10,10,11,11,11,11,11,11,11,11,12,12,12,12,12,13,13,13,14,14,14,0,57,53,54,56,53,54,53,52,55,55,54,55,53,55,55,57,60,59,58,58,56,56,55,54,52,51,49,49,0,0,0,0,0,0,0,31,33,33,36,37,38,39,41,42,44,43,43,44,42,45,43,46,45,45,46,49,49,49,51,52,54,52,54
20260726_164847_905931,1785081044664721,343512636,2,2,0,-49,128,0,15,15,15,15,14,14,14,14,14,13,14,14,14,15,15,15,15,15,16,15,15,15,14,14,13,13,0,0,0,0,0,0,0,0,0,0,0,10,11,11,12,12,13,13,14,14,14,14,14,13,13,14,14,14,14,14,14,14,14,14,15,15,15,0,56,56,56,55,56,56,54,54,54,54,55,54,54,55,55,56,60,57,56,57,56,54,52,53,51,49,48,48,0,0,0,0,0,0,0,36,38,41,43,44,46,48,48,49,48,51,50,50,51,50,49,49,49,51,51,51,52,55,55,56,57,57,52
20260726_164847_905931,1785081044761731,343614029,2,2,0,-48,128,0,15,15,15,14,14,15,14,14,14,14,14,14,14,14,15,15,15,15,15,15,15,15,14,14,14,13,0,0,0,0,0,0,0,0,0,0,0,9,10,10,11,10,11,11,11,11,12,12,12,12,12,12,12,12,12,13,13,13,13,13,14,14,15,0,53,53,55,57,55,53,54,52,53,55,55,56,54,56,56,56,59,56,59,58,56,56,54,53,53,50,49,46,0,0,0,0,0,0,0,32,34,36,37,40,41,43,42,45,45,46,46,45,45,47,46,46,48,48,48,46,50,51,51,52,53,55,55
20260726_164847_905931,1785081044863494,343712866,2,2,0,-48,128,0,16,16,16,16,15,16,16,14,14,14,15,15,15,15,15,15,15,16,16,15,15,15,14,14,13,14,0,0,0,0,0,0,0,0,0,0,0,9,10,10,11,11,12,12,13,13,13,13,13,13,13,13,13,14,14,14,15,15,15,15,15,16,15,0,56,57,57,56,56,56,54,53,54,55,57,55,55,56,56,57,56,55,58,57,56,54,53,53,52,49,49,47,0,0,0,0,0,0,0,31,34,36,37,39,40,41,42,45,45,47,46,47,47,48,49,48,50,50,50,51,53,53,55,55,55,55,54
20260726_164847_905931,1785081044965642,343812855,2,2,0,-50,128,0,14,13,14,14,13,14,13,13,13,14,14,14,14,15,15,15,15,15,15,15,15,14,15,14,14,14,0,0,0,0,0,0,0,0,0,0,0,9,10,9,10,11,12,12,12,12,12,12,12,12,12,12,12,13,13,13,13,13,13,14,13,14,15,0,55,51,54,54,53,53,51,53,53,56,56,54,54,56,56,58,57,60,61,58,59,57,56,55,56,54,49,51,0,0,0,0,0,0,0,30,35,36,37,39,41,41,44,46,45,47,46,47,46,47,43,45,45,48,46,48,49,51,50,50,50,53,52
20260726_164847_905931,1785081045066269,343913473,2,2,0,-48,128,0,14,14,15,14,13,13,14,13,14,13,14,14,14,13,13,14,13,15,15,14,14,14,14,12,12,12,0,0,0,0,0,0,0,0,0,0,0,9,9,10,11,11,11,13,12,12,13,13,12,14,13,13,13,13,13,13,14,14,14,14,15,15,15,0,57,56,54,54,55,55,54,52,50,52,54,54,50,52,54,54,51,58,54,59,57,52,52,47,48,48,49,44,0,0,0,0,0,0,0,33,37,37,39,40,44,45,46,49,50,50,52,50,51,52,52,51,54,51,54,52,55,55,56,56,57,58,57
20260726_164847_905931,1785081045168637,344016325,2,2,0,-49,128,0,15,15,15,15,14,14,14,14,14,14,14,15,15,15,15,15,15,15,15,15,15,15,13,14,13,14,0,0,0,0,0,0,0,0,0,0,0,10,11,12,12,13,13,13,13,14,14,14,14,14,14,14,14,14,14,14,14,15,14,15,14,15,15,0,55,58,54,55,52,50,55,50,54,55,53,52,53,56,56,57,56,56,56,60,56,54,56,53,51,53,48,45,0,0,0,0,0,0,0,35,38,41,42,43,44,49,47,51,51,52,53,53,51,52,51,52,52,54,53,52,54,54,56,57,55,55,56
20260726_164847_905931,1785081045271088,344118725,2,2,0,-48,128,0,14,14,15,14,14,14,14,14,14,14,14,15,15,14,15,15,15,15,16,16,15,16,15,15,15,14,0,0,0,0,0,0,0,0,0,0,0,10,11,11,12,12,13,13,13,13,13,13,13,13,13,13,13,13,13,13,14,14,14,14,14,15,15,0,53,55,52,52,52,51,50,54,51,52,53,54,53,57,55,59,58,60,60,58,61,58,57,55,54,52,52,52,0,0,0,0,0,0,0,34,38,40,41,42,44,46,46,48,49,49,50,51,50,50,50,49,50,49,50,52,52,53,53,51,51,54,51
20260726_164847_905931,1785081045362698,344212487,2,2,0,-49,128,0,13,13,13,13,13,13,13,13,12,14,14,13,13,13,14,14,14,14,15,14,15,14,14,14,12,12,0,0,0,0,0,0,0,0,0,0,0,9,10,10,11,11,12,12,12,12,12,12,13,13,13,12,12,12,13,13,13,13,13,13,14,13,14,0,53,54,54,52,52,53,52,51,51,52,54,51,55,56,53,57,56,58,56,57,56,56,54,54,53,51,47,49,0,0,0,0,0,0,0,36,38,38,42,41,46,47,48,47,51,49,49,48,48,49,51,51,50,51,48,51,51,52,53,51,53,55,57
20260726_164847_905931,1785081045465585,344315164,2,2,0,-49,128,0,14,14,14,14,14,14,14,14,14,14,14,15,14,15,15,15,16,16,16,15,15,16,15,15,15,14,0,0,0,0,0,0,0,0,0,0,0,9,9,9,10,11,11,11,12,12,11,13,12,13,12,13,12,13,13,13,13,13,13,14,13,14,14,0,54,54,54,57,54,55,55,53,54,55,57,57,55,59,58,60,60,61,61,62,60,59,57,56,56,53,54,52,0,0,0,0,0,0,0,32,32,36,35,39,39,40,45,45,45,48,48,48,48,47,47,48,49,50,50,51,52,52,52,56,54,54,55
20260726_164847_905931,1785081045573052,344422231,2,2,0,-49,128,0,16,16,16,16,16,15,15,16,16,15,15,16,16,16,16,17,17,16,17,17,17,17,16,16,16,15,0,0,0,0,0,0,0,0,0,0,0,10,11,11,12,11,13,13,13,13,13,13,13,13,13,14,13,14,14,14,15,15,16,15,16,16,16,0,56,57,54,55,54,54,54,55,54,56,58,54,56,56,59,60,61,60,61,58,61,58,58,55,55,53,51,51,0,0,0,0,0,0,0,33,34,34,36,40,39,42,42,46,46,46,48,47,46,47,47,47,48,49,51,51,52,54,52,55,55,54,55
20260726_164847_905931,1785081045663983,344514080,2,2,0,-51,128,0,14,14,14,14,14,14,14,14,14,15,15,15,15,16,16,16,16,16,16,16,16,16,16,15,15,15,0,0,0,0,0,0,0,0,0,0,0,9,10,11,11,12,11,13,12,12,12,12,12,12,12,12,12,12,12,12,13,13,13,14,14,14,14,0,54,52,52,53,51,52,52,54,54,56,56,56,57,58,59,61,62,61,62,62,62,60,59,59,58,57,55,55,0,0,0,0,0,0,0,33,33,36,38,39,40,43,43,44,45,46,47,45,47,46,46,46,47,47,47,47,48,48,49,51,51,50,51
20260726_164847_905931,1785081045765720,344612979,2,2,0,-51,128,0,14,14,14,14,14,14,14,14,14,15,15,15,15,16,16,16,16,16,16,16,16,16,15,16,14,15,0,0,0,0,0,0,0,0,0,0,0,11,12,12,13,13,13,13,13,13,13,13,13,13,13,13,13,13,13,13,13,13,14,14,14,14,14,0,52,54,52,52,52,53,52,53,53,54,55,54,57,57,58,58,60,59,61,59,60,57,57,57,56,56,51,50,0,0,0,0,0,0,0,38,40,40,44,45,45,48,48,50,49,50,47,49,47,48,47,48,47,49,48,48,48,49,52,52,51,51,51
20260726_164847_905931,1785081045862334,344712094,2,2,0,-51,128,0,13,13,13,13,13,13,13,13,14,14,14,14,14,15,15,16,16,16,16,17,17,16,15,15,15,15,0,0,0,0,0,0,0,0,0,0,0,9,10,10,10,10,11,11,11,11,11,11,11,11,11,11,11,11,11,12,12,12,13,13,13,13,14,0,52,51,52,52,52,53,52,51,53,54,55,56,56,56,58,61,60,63,64,60,64,61,61,61,58,58,55,57,0,0,0,0,0,0,0,32,34,36,35,39,42,43,43,45,45,44,42,44,45,43,45,43,43,44,44,48,48,47,47,49,50,51,51
20260726_164847_905931,1785081045959796,344812139,2,2,0,-50,128,0,13,13,14,14,13,14,14,14,14,14,14,14,14,15,15,16,16,15,16,16,16,15,15,15,14,14,0,0,0,0,0,0,0,0,0,0,0,10,11,12,11,12,12,13,13,13,12,13,13,13,13,12,12,13,12,12,12,13,13,13,13,13,13,0,52,55,51,54,52,52,53,54,52,57,56,54,55,56,59,57,61,61,60,60,61,59,62,59,58,54,56,53,0,0,0,0,0,0,0,36,38,39,41,44,44,47,47,48,50,49,51,48,47,48,46,46,46,46,46,46,48,49,50,49,49,51,49
20260726_164847_905931,1785081046061526,344911144,2,2,0,-50,128,0,14,14,13,14,13,13,14,13,14,14,14,14,14,14,14,15,15,15,15,15,15,15,14,14,14,14,0,0,0,0,0,0,0,0,0,0,0,9,9,10,10,11,11,11,11,11,11,11,12,12,11,11,12,12,12,12,13,13,13,14,13,14,14,0,54,54,53,54,52,53,51,52,52,53,54,55,55,55,56,57,56,59,60,59,59,56,55,56,53,54,49,52,0,0,0,0,0,0,0,32,32,34,37,38,41,40,44,46,44,45,45,47,47,44,46,48,46,48,48,50,51,51,52,51,54,55,53
20260726_164847_905931,1785081046163064,345011703,2,2,0,-49,128,0,13,14,14,14,13,13,14,14,14,14,13,13,13,14,14,14,15,15,15,15,15,14,15,14,14,14,0,0,0,0,0,0,0,0,0,0,0,8,8,9,9,10,9,11,11,11,11,11,11,11,11,11,11,11,12,12,12,13,13,13,13,13,13,0,52,57,52,55,53,54,53,52,53,58,55,55,56,57,58,59,59,58,60,58,60,58,58,55,55,53,51,51,0,0,0,0,0,0,0,30,32,33,33,37,38,40,40,42,44,44,45,42,45,45,45,44,47,47,50,50,49,53,51,53,53,55,52
20260726_164847_905931,1785081046264668,345111816,2,2,0,-49,128,0,15,15,15,15,15,15,15,15,15,16,16,15,16,16,16,16,16,16,17,16,16,16,16,15,15,14,0,0,0,0,0,0,0,0,0,0,0,9,10,10,10,12,12,12,12,12,13,13,13,13,13,13,13,13,13,13,14,14,14,14,15,15,15,0,56,59,57,58,58,55,55,55,54,57,59,58,56,56,59,58,62,61,62,61,61,59,58,57,56,54,55,52,0,0,0,0,0,0,0,33,35,35,36,40,40,43,43,44,45,45,48,45,46,48,48,47,50,49,52,50,54,54,54,57,59,57,57
20260726_164847_905931,1785081046361748,345212010,2,2,0,-49,128,0,14,13,13,13,13,13,13,13,14,14,14,14,14,14,14,14,14,16,15,15,16,14,13,13,13,13,0,0,0,0,0,0,0,0,0,0,0,8,9,9,9,9,10,10,11,11,11,11,11,11,11,11,11,11,11,12,12,12,13,13,13,13,13,0,54,54,52,55,52,54,53,54,54,59,55,56,54,55,60,58,61,59,62,59,59,58,57,56,53,52,52,50,0,0,0,0,0,0,0,30,32,32,33,38,38,40,40,42,42,41,46,43,43,45,42,44,47,43,47,48,50,49,49,52,53,55,54
20260726_164847_905931,1785081046464115,345312319,2,2,0,-49,128,0,15,15,15,14,14,13,15,14,14,14,15,14,14,14,14,16,14,16,16,15,15,14,14,14,14,14,0,0,0,0,0,0,0,0,0,0,0,12,12,12,12,13,13,14,14,14,14,14,14,14,14,14,14,14,14,14,14,14,15,14,15,15,15,0,53,58,55,55,53,53,51,52,50,53,55,51,53,53,55,55,56,56,57,55,56,53,53,51,50,48,49,47,0,0,0,0,0,0,0,37,39,40,42,45,44,49,49,50,52,52,53,51,51,48,50,48,53,50,52,49,53,54,53,56,56,56,54
20260726_164847_905931,1785081046560048,345412148,2,2,0,-48,128,0,14,13,14,14,14,14,14,14,15,14,15,15,15,15,16,16,16,16,16,16,16,16,16,16,15,15,0,0,0,0,0,0,0,0,0,0,0,10,11,11,11,11,11,12,12,12,12,12,12,12,12,12,12,12,12,13,13,13,14,14,13,13,13,0,54,54,53,55,54,54,54,55,54,56,56,57,56,57,59,59,61,62,64,62,62,60,58,58,55,55,52,52,0,0,0,0,0,0,0,33,35,38,38,39,41,43,45,44,45,47,44,46,46,45,46,46,45,46,46,48,49,50,48,51,50,54,53
20260726_164847_905931,1785081046662406,345512351,2,2,0,-48,128,0,14,14,14,14,14,14,14,15,14,15,15,15,15,16,16,16,16,16,17,16,16,16,16,16,14,15,0,0,0,0,0,0,0,0,0,0,0,8,9,9,9,9,9,10,10,10,10,10,10,11,10,10,10,12,12,12,12,13,13,13,13,14,14,0,54,54,55,54,55,56,54,56,55,57,60,58,59,62,61,62,64,64,65,64,65,63,61,59,58,56,54,55,0,0,0,0,0,0,0,30,32,32,33,35,37,35,38,40,39,40,41,39,42,40,41,43,42,45,43,47,47,48,49,50,53,54,53
20260726_164847_905931,1785081046759631,345612267,2,2,0,-49,128,0,14,14,14,14,14,14,14,14,14,15,15,15,15,15,15,15,16,16,16,16,16,16,16,15,15,15,0,0,0,0,0,0,0,0,0,0,0,9,9,9,10,10,10,11,11,11,11,11,11,11,11,11,11,11,11,12,12,13,13,13,14,14,14,0,52,56,53,52,52,53,53,53,55,55,56,54,56,58,60,59,60,61,63,59,60,59,60,58,56,56,53,53,0,0,0,0,0,0,0,33,34,34,36,35,40,42,41,43,42,44,42,43,42,41,43,44,46,44,45,48,49,49,51,50,51,54,55
20260726_164847_905931,1785081046861940,345712102,2,2,0,-49,128,0,15,15,15,14,14,15,15,15,15,14,16,15,15,16,16,16,16,16,16,16,16,15,16,15,15,15,0,0,0,0,0,0,0,0,0,0,0,10,11,11,11,12,12,12,13,13,12,13,13,13,12,14,13,13,14,14,14,13,14,14,15,15,14,0,54,56,55,55,53,56,54,53,54,58,57,56,58,58,59,60,61,60,60,62,63,58,60,57,56,54,52,51,0,0,0,0,0,0,0,34,36,36,37,40,41,44,43,46,47,48,48,48,49,47,48,47,48,47,50,49,50,52,52,55,54,56,55
20260726_164847_905931,1785081046964300,345812269,2,2,0,-49,128,0,14,15,15,14,14,14,15,15,14,14,14,15,15,15,16,15,16,16,16,16,16,15,15,15,15,15,0,0,0,0,0,0,0,0,0,0,0,10,10,11,12,12,12,12,13,13,13,13,13,13,13,13,13,13,13,14,14,15,15,14,15,14,14,0,55,53,55,53,54,52,53,54,54,54,56,54,54,57,57,58,59,59,60,59,59,57,54,54,53,53,49,49,0,0,0,0,0,0,0,34,34,35,38,38,42,42,46,45,47,48,45,47,47,47,47,49,49,49,49,52,52,52,54,52,54,53,53
20260726_164847_905931,1785081047061535,345912033,2,2,0,-49,128,0,14,15,15,15,14,14,15,15,15,15,16,16,16,16,16,16,17,17,18,16,16,16,16,16,15,14,0,0,0,0,0,0,0,0,0,0,0,8,8,9,9,9,9,11,10,10,10,11,11,11,11,11,11,12,12,12,13,14,14,14,14,14,14,0,54,54,56,55,58,55,56,54,57,57,58,58,60,60,60,62,63,63,65,64,64,62,60,59,57,57,54,55,0,0,0,0,0,0,0,28,30,30,32,33,34,36,39,37,39,40,38,39,41,41,41,42,43,46,44,49,48,50,52,51,55,52,55
20260726_164847_905931,1785081047159197,346012190,2,2,0,-49,128,0,16,16,15,16,15,16,15,15,15,15,16,15,14,16,16,16,16,16,16,16,17,15,15,15,14,14,0,0,0,0,0,0,0,0,0,0,0,7,8,9,9,9,9,9,10,11,10,11,11,11,11,12,12,12,12,13,14,13,14,14,15,15,15,0,58,59,57,57,57,55,55,55,55,56,59,57,58,60,59,61,60,61,61,61,59,58,56,54,54,53,48,48,0,0,0,0,0,0,0,25,28,30,33,30,33,33,38,37,38,38,40,40,43,42,42,44,45,47,45,50,51,52,55,54,55,57,58
20260726_164847_905931,1785081047261972,346112426,2,2,0,-50,128,0,14,14,14,14,14,14,14,14,15,14,16,15,15,16,16,16,16,16,17,17,17,16,16,16,15,15,0,0,0,0,0,0,0,0,0,0,0,9,9,9,10,10,10,11,11,11,11,11,11,11,11,11,11,11,11,11,12,13,13,13,13,14,14,0,55,55,55,53,55,55,57,56,55,57,58,57,58,59,62,62,63,66,65,64,64,63,62,60,60,59,55,57,0,0,0,0,0,0,0,28,31,33,34,36,38,39,39,41,41,40,42,40,39,40,38,43,40,42,42,46,47,49,48,49,53,53,54
20260726_164847_905931,1785081047364315,346212338,2,2,0,-50,128,0,14,14,14,13,14,13,13,13,13,14,14,13,14,15,15,15,15,15,15,15,15,15,14,14,14,13,0,0,0,0,0,0,0,0,0,0,0,9,10,10,11,11,12,12,12,12,11,12,12,11,12,11,12,12,13,12,13,13,13,14,14,14,14,0,59,55,55,55,55,55,52,51,53,55,55,56,56,57,56,60,58,60,60,60,59,59,57,57,55,56,51,53,0,0,0,0,0,0,0,34,36,39,40,40,42,44,46,44,47,46,47,47,47,47,47,46,45,48,48,49,49,51,53,52,54,54,56
20260726_164847_905931,1785081047467125,346314754,2,2,0,-50,128,0,14,14,14,14,14,14,14,14,14,14,15,15,15,16,16,17,16,16,17,16,16,15,15,16,15,15,0,0,0,0,0,0,0,0,0,0,0,9,10,10,11,11,11,11,11,11,11,11,11,11,11,11,11,11,11,12,12,12,13,13,13,14,14,0,52,55,53,53,55,54,54,52,56,55,58,56,56,60,60,60,60,62,62,63,62,61,59,59,57,60,56,56,0,0,0,0,0,0,0,34,34,37,39,38,41,40,43,43,44,43,44,42,42,44,43,41,43,45,44,46,46,47,49,50,51,52,54
20260726_164847_905931,1785081047563506,346411908,2,2,0,-51,128,0,13,13,13,13,14,14,14,14,14,14,14,14,14,15,15,16,16,16,16,16,16,15,15,14,14,14,0,0,0,0,0,0,0,0,0,0,0,7,8,8,9,9,10,9,9,9,9,9,9,9,9,10,10,10,10,10,12,12,12,12,12,13,13,0,55,53,55,53,54,55,54,55,56,56,57,57,56,61,60,63,62,63,64,63,64,63,60,59,59,59,54,56,0,0,0,0,0,0,0,28,31,32,34,35,36,37,38,38,40,40,38,39,38,39,39,40,38,42,41,44,44,46,47,47,50,51,52
20260726_164847_905931,1785081047660700,346512685,2,2,0,-50,128,0,14,14,14,14,13,13,14,14,13,14,14,13,14,14,15,15,15,15,15,15,15,15,15,15,15,14,0,0,0,0,0,0,0,0,0,0,0,10,10,11,11,11,12,12,13,13,12,12,12,12,11,11,11,12,12,12,12,13,13,13,14,13,13,0,54,51,53,53,54,54,52,52,53,54,56,56,56,58,58,57,59,62,61,60,59,59,56,56,56,56,53,53,0,0,0,0,0,0,0,35,36,38,41,41,43,45,47,45,47,48,46,48,46,45,46,44,44,47,47,45,48,48,50,48,50,53,53
20260726_164847_905931,1785081047763313,346612484,2,2,0,-50,128,0,14,14,14,14,14,13,14,13,13,14,14,14,14,15,15,15,15,16,15,16,16,14,15,15,14,14,0,0,0,0,0,0,0,0,0,0,0,10,10,11,11,11,12,12,12,12,12,12,12,12,12,12,11,11,11,13,12,13,13,13,13,14,13,0,52,55,55,57,52,54,54,53,53,57,55,57,56,56,59,58,59,59,61,60,60,58,57,55,55,52,53,50,0,0,0,0,0,0,0,32,36,37,39,41,42,43,43,45,46,46,48,45,46,46,45,44,47,45,46,47,49,48,50,52,52,55,52
20260726_164847_905931,1785081047865522,346712747,2,2,0,-51,128,0,13,13,13,13,12,13,14,14,14,14,14,14,14,14,15,15,15,15,15,15,15,15,15,15,14,13,0,0,0,0,0,0,0,0,0,0,0,9,8,9,9,10,10,11,11,11,11,11,11,11,11,11,11,11,11,11,12,12,12,12,12,12,13,0,53,52,53,53,52,53,52,52,53,55,57,56,55,59,59,61,61,62,63,62,60,59,57,58,56,56,52,52,0,0,0,0,0,0,0,31,33,34,35,37,39,41,42,42,44,43,43,43,44,43,42,43,43,45,45,47,47,49,47,49,51,52,53
20260726_164847_905931,1785081047964055,346812347,2,2,0,-50,128,0,14,13,13,13,13,13,13,13,13,13,13,13,13,14,14,15,14,15,15,16,15,14,14,14,13,13,0,0,0,0,0,0,0,0,0,0,0,10,11,11,11,12,13,13,13,12,12,12,12,12,11,12,11,13,11,12,12,13,12,13,13,13,13,0,52,51,50,51,48,49,49,50,53,56,54,52,57,54,58,59,57,59,64,59,57,54,53,53,51,49,46,46,0,0,0,0,0,0,0,37,37,41,40,44,45,46,47,47,49,49,48,49,48,48,47,45,45,48,47,47,47,48,51,49,49,50,51
20260726_164847_905931,1785081048060889,346912619,2,2,0,-49,128,0,14,14,15,15,14,14,14,14,15,15,15,15,15,15,15,16,16,16,16,16,16,15,15,15,15,14,0,0,0,0,0,0,0,0,0,0,0,10,11,11,11,12,12,12,12,12,12,12,12,12,12,12,12,12,12,13,13,13,14,13,14,14,14,0,56,54,54,55,53,54,53,52,54,59,58,57,56,55,58,59,60,60,59,59,59,59,57,56,54,54,52,49,0,0,0,0,0,0,0,36,36,39,40,43,43,45,46,47,47,48,47,48,47,46,46,45,47,47,46,48,48,50,52,52,52,53,55
20260726_164847_905931,1785081048162373,347012091,2,2,0,-51,128,0,14,14,14,14,14,14,14,14,14,14,15,15,15,15,15,15,16,16,16,16,15,15,15,14,14,14,0,0,0,0,0,0,0,0,0,0,0,8,8,8,8,9,9,9,9,9,9,9,9,9,9,10,10,10,10,11,11,12,12,12,13,13,13,0,27,27,28,28,28,28,29,29,29,30,29,29,30,31,30,32,31,33,31,32,31,31,29,29,28,27,28,26,0,0,0,0,0,0,0,15,15,16,16,17,17,18,18,18,19,18,19,18,18,19,19,18,19,20,20,21,23,24,24,24,25,27,27
20260726_164847_905931,1785081048264013,347114047,2,2,0,-50,128,0,15,16,15,14,15,15,16,15,15,15,15,15,16,16,16,17,16,18,17,16,16,16,16,16,15,15,0,0,0,0,0,0,0,0,0,0,0,9,9,9,10,10,10,10,10,11,11,10,10,11,11,11,11,12,11,12,12,13,13,13,14,14,14,0,29,27,29,30,30,30,28,30,30,30,32,29,29,33,30,32,35,32,32,34,32,31,32,29,30,30,27,27,0,0,0,0,0,0,0,15,17,17,17,17,18,19,20,18,20,21,20,20,21,21,20,21,21,21,22,22,24,25,26,25,27,27,27
20260726_164847_905931,1785081048361518,347212247,2,2,0,-50,128,0,15,15,15,14,15,15,15,15,15,16,16,16,16,16,17,17,17,17,17,17,16,16,16,15,15,14,0,0,0,0,0,0,0,0,0,0,0,10,10,11,11,11,11,12,12,12,13,12,12,13,12,12,13,13,13,13,13,14,14,14,14,14,14,0,55,55,55,55,56,57,56,56,55,57,58,58,58,60,60,61,62,62,62,62,62,59,57,57,54,55,52,53,0,0,0,0,0,0,0,36,36,37,39,42,43,43,44,45,45,45,47,46,45,46,45,45,45,47,46,48,49,49,52,51,54,54,52
20260726_164847_905931,1785081048464747,347312334,2,2,0,-50,128,0,13,13,14,13,13,13,14,14,14,14,14,14,14,15,15,16,16,16,16,16,16,16,15,15,15,15,0,0,0,0,0,0,0,0,0,0,0,8,9,9,9,9,10,10,10,10,10,10,10,10,10,10,10,11,11,11,11,12,13,12,13,13,13,0,26,26,27,27,27,27,27,27,27,28,28,28,28,29,30,30,30,31,32,32,31,30,30,30,29,28,26,26,0,0,0,0,0,0,0,16,15,16,18,18,19,19,20,21,20,21,21,20,20,20,20,21,21,21,22,23,23,24,24,24,26,26,26
20260726_164847_905931,1785081048561022,347413046,2,2,0,-50,128,0,14,14,14,15,14,14,15,14,15,15,16,15,14,16,16,15,17,16,17,16,17,16,16,15,15,14,0,0,0,0,0,0,0,0,0,0,0,10,10,10,10,11,11,11,12,12,12,12,12,12,12,12,13,13,13,13,13,14,14,14,14,14,15,0,55,56,57,56,53,54,54,55,54,56,58,57,57,56,58,61,59,60,60,59,59,58,59,56,55,53,52,51,0,0,0,0,0,0,0,31,34,36,37,39,42,43,41,44,47,44,45,47,45,45,45,43,45,45,45,48,48,51,53,52,54,56,57
20260726_164847_905931,1785081048662239,347512972,2,2,0,-49,128,0,15,15,14,14,14,14,14,14,14,15,15,15,15,14,16,15,16,16,16,16,15,15,14,14,14,14,0,0,0,0,0,0,0,0,0,0,0,8,9,9,10,11,11,11,11,12,12,12,12,12,12,12,12,12,12,12,13,14,14,14,14,14,14,0,58,57,57,56,56,56,56,54,55,57,57,57,57,57,59,59,59,59,60,59,59,58,57,55,56,54,51,52,0,0,0,0,0,0,0,29,33,33,36,37,38,40,42,41,43,43,43,43,44,45,45,44,46,46,46,48,49,52,52,54,53,54,56
20260726_164847_905931,1785081048764846,347614382,2,2,0,-49,128,0,15,16,15,16,14,15,15,14,15,15,16,14,15,15,16,15,16,16,17,15,16,15,16,14,15,14,0,0,0,0,0,0,0,0,0,0,0,11,12,12,12,13,13,13,13,13,14,13,14,13,13,13,13,13,13,14,14,14,15,15,15,15,15,0,55,58,56,56,54,55,55,54,54,56,55,54,54,56,57,56,58,56,58,59,58,56,56,54,53,50,51,48,0,0,0,0,0,0,0,36,38,38,40,45,45,47,45,49,50,49,50,50,47,50,48,48,52,48,51,50,54,53,54,56,54,55,56
20260726_164847_905931,1785081048860748,347713097,2,2,0,-51,128,0,13,14,14,14,14,14,14,14,14,14,15,15,15,16,16,16,16,16,17,17,17,16,16,16,15,16,0,0,0,0,0,0,0,0,0,0,0,8,9,9,10,11,10,10,11,11,11,11,11,11,11,11,11,11,11,11,13,13,13,13,13,13,14,0,54,56,54,54,52,54,54,55,55,58,59,58,58,60,63,62,62,63,65,64,64,63,62,59,60,58,57,56,0,0,0,0,0,0,0,29,31,33,34,35,36,38,39,41,42,42,43,43,42,42,43,42,46,44,46,46,48,48,50,51,52,52,53
20260726_164847_905931,1785081048963526,347815373,2,2,0,-50,128,0,14,14,15,14,15,14,15,15,14,14,15,15,14,15,15,16,15,17,16,15,16,15,15,15,15,15,0,0,0,0,0,0,0,0,0,0,0,7,7,8,8,9,9,9,10,10,10,10,11,10,10,10,11,11,10,12,11,12,12,13,14,13,15,0,56,57,53,57,56,58,56,57,56,60,59,58,56,58,62,60,61,63,63,63,59,60,58,57,57,56,52,53,0,0,0,0,0,0,0,26,28,29,30,32,33,36,35,36,37,37,39,39,38,37,40,37,45,41,42,45,47,49,51,54,50,54,54
20260726_164847_905931,1785081049107418,347954238,2,2,0,-50,128,0,15,15,15,15,15,13,15,15,15,16,16,15,14,16,16,16,16,17,16,16,16,15,16,15,16,15,0,0,0,0,0,0,0,0,0,0,0,9,11,11,11,12,11,11,12,12,12,12,12,12,12,12,12,13,13,13,13,13,13,14,14,14,14,0,54,54,54,55,54,53,53,55,52,58,58,59,58,59,59,62,60,59,60,60,63,60,56,56,54,57,52,51,0,0,0,0,0,0,0,33,34,36,39,39,40,43,42,44,45,46,45,45,44,45,45,44,45,47,46,47,50,47,52,51,52,52,55
20260726_164847_905931,1785081049192232,348040768,2,2,0,-48,128,0,14,15,15,15,14,15,14,14,15,15,15,15,15,15,16,16,16,16,16,16,16,16,16,15,15,15,0,0,0,0,0,0,0,0,0,0,0,10,10,11,11,12,12,12,12,13,13,13,13,13,12,13,12,12,12,13,13,13,14,14,14,14,14,0,55,52,51,52,52,52,54,54,53,54,55,54,56,57,58,58,61,59,62,61,60,59,57,58,56,54,51,54,0,0,0,0,0,0,0,33,35,37,36,38,41,43,43,46,46,45,46,45,45,46,44,46,46,46,46,48,48,50,49,51,53,53,50
20260726_164847_905931,1785081049260916,348112291,2,2,0,-49,128,0,14,15,15,14,14,14,14,14,14,13,15,15,15,15,15,16,16,17,16,16,16,16,15,16,15,15,0,0,0,0,0,0,0,0,0,0,0,10,9,10,11,11,12,12,13,13,12,12,12,12,12,13,13,13,14,13,14,14,14,14,15,14,15,0,53,55,53,50,56,52,53,55,54,55,54,54,58,59,59,59,59,60,64,57,57,60,56,61,56,58,55,53,0,0,0,0,0,0,0,33,34,36,39,39,42,44,43,45,47,47,48,47,48,46,46,47,48,48,47,51,51,50,51,52,53,53,52
20260726_164847_905931,1785081049363318,348212862,2,2,0,-51,128,0,13,14,14,14,14,14,13,14,15,14,15,15,14,16,15,16,16,16,17,16,16,16,15,15,15,14,0,0,0,0,0,0,0,0,0,0,0,10,11,10,11,11,11,12,12,11,11,11,11,11,11,11,11,11,11,11,12,12,13,13,13,13,13,0,52,53,56,51,53,52,53,50,51,51,56,56,56,56,58,60,60,57,59,65,59,58,62,59,55,56,54,56,0,0,0,0,0,0,0,34,36,38,39,40,43,42,45,45,46,44,45,42,42,43,43,42,42,43,44,43,45,45,50,47,51,49,50
20260726_164847_905931,1785081049459841,348312267,2,2,0,-50,128,0,15,14,15,14,14,14,14,14,15,15,16,15,15,17,16,17,16,17,17,16,17,16,15,16,15,15,0,0,0,0,0,0,0,0,0,0,0,11,12,12,13,12,12,12,13,13,12,12,13,12,12,12,12,12,12,12,13,14,14,14,14,14,15,0,52,54,55,56,55,56,53,54,55,58,58,58,57,60,60,61,64,63,64,62,64,61,58,58,58,56,54,54,0,0,0,0,0,0,0,38,38,39,41,42,43,45,48,48,47,49,47,48,48,46,46,45,46,46,47,46,51,47,51,53,53,52,54
20260726_164847_905931,1785081049573024,348420299,2,2,0,-49,128,0,13,13,14,14,14,14,14,14,14,15,15,15,15,14,16,16,17,16,16,15,17,16,15,14,15,14,0,0,0,0,0,0,0,0,0,0,0,11,11,11,12,11,12,12,12,12,13,12,12,13,11,13,12,12,12,12,13,13,13,13,13,14,14,0,55,53,53,53,54,53,54,53,50,56,53,53,53,58,55,59,59,64,62,60,63,59,54,54,56,50,50,50,0,0,0,0,0,0,0,34,39,38,41,43,45,44,46,47,48,48,46,48,47,46,44,46,45,46,45,47,48,49,49,50,50,51,54
20260726_164847_905931,1785081049662414,348513577,2,2,0,-50,128,0,13,12,13,13,13,13,13,13,13,13,13,14,13,14,14,14,14,15,15,15,15,14,14,13,14,14,0,0,0,0,0,0,0,0,0,0,0,11,11,11,11,12,13,13,13,13,13,13,13,12,11,12,12,12,12,12,12,12,12,12,12,13,13,0,52,51,52,51,52,52,50,51,52,53,53,54,53,55,55,56,57,58,58,59,60,57,55,53,54,54,50,48,0,0,0,0,0,0,0,39,40,42,43,45,47,48,49,51,51,49,48,49,48,47,47,47,47,47,45,46,46,48,49,50,51,52,50
20260726_164847_905931,1785081049764865,348611969,2,2,0,-51,128,0,13,13,13,14,14,13,14,14,14,14,14,14,14,15,16,16,16,16,16,16,16,16,16,15,14,14,0,0,0,0,0,0,0,0,0,0,0,10,9,10,10,11,11,12,11,11,11,11,11,11,11,11,12,12,12,12,12,13,13,13,13,13,13,0,52,53,53,52,53,54,54,54,53,57,55,55,57,58,59,60,60,60,62,63,62,60,59,58,58,58,55,56,0,0,0,0,0,0,0,34,36,38,38,41,42,43,45,46,46,47,47,46,46,47,46,45,46,47,46,48,47,50,49,50,51,51,53
20260726_164847_905931,1785081049862844,348712994,2,2,0,-50,128,0,15,15,15,15,14,14,15,14,15,15,15,15,15,16,15,15,15,17,16,16,16,16,16,16,14,14,0,0,0,0,0,0,0,0,0,0,0,9,9,10,11,11,12,12,13,12,13,13,12,12,13,12,14,14,13,14,14,14,15,14,14,15,15,0,54,54,57,59,57,56,55,57,56,54,58,55,57,58,59,58,61,60,62,60,61,58,57,57,54,53,53,51,0,0,0,0,0,0,0,31,34,36,39,39,40,43,42,45,47,47,47,47,46,50,47,46,48,47,46,49,51,54,53,50,54,53,54
20260726_164847_905931,1785081049965196,348814671,2,2,0,-48,128,0,14,14,14,14,14,13,13,13,13,13,13,13,13,14,14,14,14,15,15,14,14,14,13,13,13,12,0,0,0,0,0,0,0,0,0,0,0,9,9,10,11,11,12,12,12,12,12,13,12,12,12,12,12,13,12,13,13,13,13,13,14,14,14,0,57,54,54,52,51,53,53,51,51,53,53,53,52,53,55,56,56,56,57,55,55,51,52,49,50,49,47,46,0,0,0,0,0,0,0,32,36,35,38,41,43,43,44,45,47,47,49,50,46,48,48,48,48,48,50,50,51,52,54,54,55,55,55
20260726_164847_905931,1785081050062696,348913949,2,2,0,-48,128,0,15,15,15,14,14,14,14,14,14,14,14,15,15,15,16,16,15,16,16,16,16,15,15,14,14,14,0,0,0,0,0,0,0,0,0,0,0,12,13,13,14,14,15,15,14,15,15,15,15,15,15,15,14,14,14,14,14,14,15,14,15,15,15,0,52,54,54,50,52,52,51,51,51,52,53,52,52,52,54,54,53,56,55,54,54,52,50,51,50,50,45,46,0,0,0,0,0,0,0,38,41,41,43,45,49,48,51,53,54,52,53,53,52,52,51,51,51,52,50,51,51,52,52,52,54,51,55
20260726_164847_905931,1785081050160356,349011963,2,2,0,-49,128,0,15,15,14,15,15,15,15,15,15,15,15,14,15,15,15,15,16,15,16,16,16,15,14,14,14,14,0,0,0,0,0,0,0,0,0,0,0,10,11,12,12,12,13,13,13,13,13,13,13,13,13,13,13,13,13,13,14,15,14,14,14,15,14,0,57,55,56,55,56,57,55,53,55,56,56,56,55,57,57,58,58,60,59,59,58,57,54,53,53,53,47,49,0,0,0,0,0,0,0,34,37,40,42,40,44,45,45,45,49,49,48,48,48,47,48,51,48,50,50,51,52,54,54,53,54,55,56
20260726_164847_905931,1785081050262917,349111320,2,2,0,-50,128,0,13,13,13,13,13,13,13,13,13,13,13,13,13,13,14,14,14,14,14,14,14,13,13,13,13,12,0,0,0,0,0,0,0,0,0,0,0,12,12,12,13,13,13,14,14,14,14,13,13,13,13,13,13,13,13,13,13,12,13,13,13,13,13,0,49,51,50,49,50,50,49,50,49,50,50,51,50,52,52,53,53,56,54,53,54,52,51,51,51,51,44,46,0,0,0,0,0,0,0,42,43,45,49,48,50,51,53,51,52,54,53,50,51,52,51,51,48,48,48,49,48,51,51,50,50,52,54
20260726_164847_905931,1785081050360564,349213053,2,2,0,-47,128,0,14,14,14,14,14,13,13,13,13,13,13,13,13,13,13,13,14,14,13,13,13,13,13,13,12,12,0,0,0,0,0,0,0,0,0,0,0,10,11,11,11,12,12,13,13,13,13,13,13,13,13,13,13,13,13,14,13,14,14,14,14,14,14,0,55,54,53,54,52,52,51,51,51,53,53,52,52,53,54,54,54,54,54,54,52,52,50,50,47,47,43,43,0,0,0,0,0,0,0,36,38,40,42,43,44,46,49,51,50,51,52,51,51,51,51,51,52,51,51,52,51,54,54,56,54,54,53
20260726_164847_905931,1785081050462885,349311515,2,2,0,-48,128,0,14,14,15,14,14,14,14,13,13,13,14,14,13,15,14,15,15,15,15,15,15,14,14,14,13,13,0,0,0,0,0,0,0,0,0,0,0,11,12,12,13,13,14,14,14,14,14,13,14,14,13,13,13,13,13,13,14,14,14,14,14,14,14,0,53,51,52,52,52,52,50,51,51,53,53,52,53,53,53,55,56,55,57,55,55,54,54,52,51,50,46,48,0,0,0,0,0,0,0,40,40,42,44,46,48,50,50,50,50,51,51,51,51,50,48,50,50,51,49,49,49,49,51,50,51,52,51
20260726_164847_905931,1785081050559327,349411704,2,2,0,-47,128,0,13,14,13,13,13,13,13,13,13,13,13,13,13,13,14,14,14,14,14,14,14,13,13,13,13,13,0,0,0,0,0,0,0,0,0,0,0,10,10,11,12,11,12,12,13,13,13,13,13,13,13,13,13,13,13,13,13,13,13,14,14,14,14,0,52,52,50,51,50,50,50,50,50,51,52,51,50,52,53,54,53,55,55,55,54,52,52,50,52,48,48,46,0,0,0,0,0,0,0,35,37,40,40,44,45,47,50,49,50,50,50,49,50,51,50,51,50,51,51,51,51,54,52,53,51,52,53
20260726_164847_905931,1785081050661785,349511404,2,2,0,-48,128,0,14,14,14,14,14,13,13,13,13,13,13,13,13,13,14,14,13,14,14,13,13,13,13,13,12,12,0,0,0,0,0,0,0,0,0,0,0,9,10,9,10,11,11,11,11,11,11,11,12,12,11,12,12,12,12,13,14,14,14,14,14,14,14,0,57,55,57,55,55,57,55,54,53,53,55,54,54,55,53,55,55,55,55,55,55,53,51,51,50,49,45,45,0,0,0,0,0,0,0,32,35,35,37,40,39,41,45,46,46,48,45,48,47,48,47,48,49,49,47,52,52,53,53,54,55,55,58
20260726_164847_905931,1785081050763340,349612124,2,2,0,-49,128,0,13,14,13,14,13,13,13,13,13,13,13,13,14,14,14,14,14,14,15,14,15,14,14,13,13,13,0,0,0,0,0,0,0,0,0,0,0,10,11,11,12,12,12,13,14,13,14,13,13,13,13,13,13,13,14,13,14,14,14,15,13,14,14,0,53,54,54,52,54,52,52,51,52,54,53,53,54,55,53,56,54,55,58,55,56,53,50,51,48,51,48,47,0,0,0,0,0,0,0,35,38,41,43,43,48,48,49,50,52,51,51,50,52,51,50,49,50,51,51,53,51,53,51,54,52,55,54
20260726_164847_905931,1785081050865002,349712252,2,2,0,-48,128,0,14,14,14,14,14,14,14,13,13,13,14,13,13,14,14,14,15,15,15,15,15,14,14,13,13,13,0,0,0,0,0,0,0,0,0,0,0,10,11,11,12,13,12,13,12,13,13,13,13,13,13,13,12,12,12,13,13,13,13,13,13,13,14,0,52,53,54,53,53,51,52,51,51,50,53,53,53,54,53,57,56,55,56,55,56,55,53,51,50,51,48,47,0,0,0,0,0,0,0,37,39,41,43,43,46,47,48,48,49,49,51,48,47,48,49,49,49,49,47,49,49,51,52,50,52,54,54
20260726_164847_905931,1785081050962618,349812273,2,2,0,-48,128,0,15,15,15,15,14,14,14,15,14,14,14,15,15,15,15,16,15,16,16,15,15,14,14,14,14,14,0,0,0,0,0,0,0,0,0,0,0,11,12,12,13,14,13,14,14,15,15,14,14,14,14,15,15,15,15,15,15,15,15,15,15,15,15,0,56,58,56,55,54,55,52,53,52,55,54,52,51,52,55,56,55,54,55,54,55,52,51,49,49,48,44,44,0,0,0,0,0,0,0,38,40,40,42,45,46,49,50,51,52,52,53,52,53,50,52,51,53,52,54,53,55,55,57,57,57,56,55
20260726_164847_905931,1785081051059572,349911361,2,2,0,-47,128,0,15,15,14,14,14,14,14,13,13,13,14,13,13,14,14,14,14,14,14,14,14,13,13,13,12,12,0,0,0,0,0,0,0,0,0,0,0,8,9,10,10,10,10,11,12,12,12,12,12,12,13,12,13,13,13,14,14,14,14,14,14,14,14,0,57,57,55,56,55,53,55,53,53,54,55,53,54,56,55,56,55,56,55,54,55,55,52,51,51,48,44,44,0,0,0,0,0,0,0,30,35,34,37,37,40,42,43,44,45,47,46,47,49,48,48,49,49,51,50,52,52,55,54,55,55,59,57
20260726_164847_905931,1785081051162161,350011559,2,2,0,-47,128,0,15,15,15,14,15,14,14,14,14,14,14,14,14,15,15,14,15,15,15,14,14,14,14,13,12,12,0,0,0,0,0,0,0,0,0,0,0,11,11,11,11,12,13,13,13,13,13,13,13,13,13,13,13,13,13,14,15,15,15,15,15,15,15,0,57,59,54,56,55,55,54,52,53,55,54,55,54,53,56,54,55,54,55,53,54,52,50,49,48,46,45,44,0,0,0,0,0,0,0,33,35,39,40,43,42,46,46,48,48,50,50,51,50,50,52,50,51,51,52,55,54,55,55,56,56,56,58
20260726_164847_905931,1785081051263579,350111922,2,2,0,-48,128,0,15,16,15,15,14,15,14,14,14,14,14,14,14,15,15,15,15,15,15,15,15,13,14,14,13,13,0,0,0,0,0,0,0,0,0,0,0,10,11,11,12,12,12,12,12,13,13,13,13,13,13,13,13,13,13,13,14,15,15,15,15,15,15,0,55,56,56,55,56,56,54,55,54,55,56,56,54,55,57,57,56,57,57,57,55,54,53,51,50,47,47,46,0,0,0,0,0,0,0,36,37,39,41,42,43,46,46,49,48,49,50,50,49,48,49,49,49,49,51,52,55,55,54,53,56,56,55
20260726_164847_905931,1785081051361385,350211942,2,2,0,-46,128,0,15,15,15,14,14,14,14,14,14,14,15,13,14,14,14,14,14,14,15,15,15,14,13,13,12,12,0,0,0,0,0,0,0,0,0,0,0,10,10,11,12,12,12,13,13,13,13,13,13,13,13,13,13,14,13,14,14,14,15,15,15,15,15,0,57,58,56,56,57,55,55,54,54,56,55,53,53,55,55,56,55,57,56,54,54,53,49,49,48,47,45,43,0,0,0,0,0,0,0,34,37,39,41,42,44,46,48,48,50,50,50,49,50,51,51,50,51,52,52,53,54,54,55,55,55,58,57
20260726_164847_905931,1785081051462991,350311942,2,2,0,-46,128,0,13,13,13,13,13,13,13,13,13,13,14,14,14,13,13,14,13,15,15,14,14,14,13,13,12,12,0,0,0,0,0,0,0,0,0,0,0,9,9,10,11,11,11,11,12,12,12,12,13,12,12,13,13,13,13,13,13,14,13,14,14,14,14,0,56,56,55,55,53,54,53,52,53,55,54,54,54,55,55,55,56,56,55,55,54,53,52,50,49,48,44,44,0,0,0,0,0,0,0,35,35,38,40,41,44,45,48,48,49,50,50,51,51,51,51,51,50,52,52,53,54,53,55,54,55,57,55
20260726_164847_905931,1785081051560961,350413054,2,2,0,-46,128,0,14,14,15,14,14,14,14,14,13,13,13,13,13,14,14,14,14,14,14,13,13,13,12,12,11,12,0,0,0,0,0,0,0,0,0,0,0,9,9,10,10,10,12,12,12,12,12,12,12,12,12,12,12,13,13,13,14,14,14,14,14,15,15,0,54,56,55,54,53,55,53,53,50,53,53,53,51,54,54,55,54,54,54,52,52,50,48,46,47,46,41,41,0,0,0,0,0,0,0,32,35,35,38,40,43,42,43,45,47,46,47,46,48,48,48,49,49,49,50,51,50,53,53,53,55,57,54
20260726_164847_905931,1785081051662176,350513965,2,2,0,-48,128,0,16,17,16,16,15,15,15,15,15,15,15,15,15,16,16,16,16,16,16,15,16,15,15,14,14,13,0,0,0,0,0,0,0,0,0,0,0,9,9,9,10,11,10,11,12,11,13,12,12,13,13,13,13,13,13,13,13,14,15,15,14,15,16,0,59,58,58,58,56,57,58,58,55,58,58,57,58,58,58,60,61,61,61,59,59,57,56,54,54,52,49,48,0,0,0,0,0,0,0,29,32,31,32,35,38,38,39,41,43,43,44,45,45,46,45,47,48,48,50,51,53,54,55,56,56,57,57
20260726_164847_905931,1785081051764750,350612139,2,2,0,-48,128,0,14,14,14,14,14,14,14,14,14,14,14,14,14,15,15,14,14,15,15,15,15,14,14,13,13,12,0,0,0,0,0,0,0,0,0,0,0,8,8,9,9,10,10,10,10,10,10,10,10,10,10,10,11,11,11,12,12,12,13,13,14,14,14,0,56,57,58,58,56,57,55,55,53,57,56,57,57,56,58,57,57,59,59,58,58,55,55,52,52,50,48,47,0,0,0,0,0,0,0,30,34,33,34,36,37,40,40,42,42,43,43,42,43,43,43,43,45,46,46,48,48,51,53,53,54,53,54
20260726_164847_905931,1785081051861353,350712096,2,2,0,-49,128,0,15,15,16,15,15,16,16,15,16,16,16,15,16,16,16,16,16,16,16,16,16,16,15,15,14,14,0,0,0,0,0,0,0,0,0,0,0,10,10,11,11,12,11,11,12,12,12,12,12,12,11,12,12,12,12,13,14,14,14,14,14,14,15,0,57,59,57,58,57,59,56,57,58,61,59,59,59,60,60,61,61,61,61,59,62,58,56,54,55,53,49,49,0,0,0,0,0,0,0,35,38,38,38,41,41,43,43,44,43,44,43,43,43,43,43,43,47,45,46,47,47,49,51,51,53,54,57
20260726_164847_905931,1785081051959344,350812081,2,2,0,-48,128,0,14,14,14,13,13,13,13,13,14,14,14,13,13,14,13,14,14,14,14,13,14,13,13,12,12,11,0,0,0,0,0,0,0,0,0,0,0,9,9,9,10,10,10,10,11,12,11,12,12,12,12,11,12,12,12,13,13,13,13,13,13,14,14,0,56,57,56,58,56,55,56,56,56,57,55,56,53,54,58,55,57,55,56,55,54,51,50,48,47,45,44,43,0,0,0,0,0,0,0,33,33,36,36,39,40,42,42,43,45,44,46,46,45,46,47,45,49,48,51,51,51,54,54,57,56,57,56
20260726_164847_905931,1785081052061951,350911302,2,2,0,-48,128,0,16,16,16,16,16,16,16,15,15,15,15,15,15,16,15,16,15,16,15,16,16,14,15,14,14,13,0,0,0,0,0,0,0,0,0,0,0,10,11,11,12,11,12,12,12,13,12,13,13,13,13,13,13,13,14,14,15,15,16,16,15,16,16,0,59,59,59,59,58,57,55,55,56,56,58,55,53,55,57,57,58,58,59,58,57,53,53,51,50,48,47,46,0,0,0,0,0,0,0,34,35,36,37,38,41,43,42,44,45,45,45,47,47,47,47,46,49,49,50,52,54,53,54,57,57,57,57
20260726_164847_905931,1785081052163470,351011870,2,2,0,-49,128,0,14,14,14,14,14,13,14,13,13,14,14,13,14,13,14,14,14,14,14,14,14,13,13,13,12,12,0,0,0,0,0,0,0,0,0,0,0,10,10,11,11,11,12,12,12,12,12,12,12,12,12,12,13,12,13,13,13,13,14,14,14,14,14,0,57,56,55,56,55,55,54,54,53,54,56,55,54,55,56,55,57,58,57,56,56,55,53,50,49,49,48,46,0,0,0,0,0,0,0,38,39,41,42,44,44,47,48,49,47,50,49,49,49,50,50,51,50,51,52,53,53,54,56,57,57,58,55
20260726_164847_905931,1785081052259584,351111832,2,2,0,-49,128,0,15,15,15,15,15,15,15,15,15,15,15,15,14,15,16,16,16,16,16,15,15,14,13,13,13,13,0,0,0,0,0,0,0,0,0,0,0,10,10,11,11,11,12,12,12,12,13,12,13,13,13,13,13,13,14,14,14,14,14,15,15,15,15,0,57,58,57,59,55,59,56,56,55,58,57,56,57,57,57,57,57,58,58,57,56,53,52,50,50,48,45,43,0,0,0,0,0,0,0,34,37,38,39,40,41,43,44,45,46,48,46,46,47,47,46,48,49,49,51,51,52,53,54,55,56,55,57
20260726_164847_905931,1785081052361951,351212515,2,2,0,-50,128,0,15,16,16,15,15,16,15,15,15,16,15,16,16,16,16,16,16,16,16,16,16,15,15,14,14,14,0,0,0,0,0,0,0,0,0,0,0,9,9,9,10,10,10,11,11,11,11,11,11,11,12,12,12,13,13,13,14,14,14,14,15,15,15,0,60,61,59,59,56,58,56,58,58,60,59,60,60,62,59,61,61,61,60,60,59,58,56,54,53,52,49,47,0,0,0,0,0,0,0,29,31,33,33,34,37,40,40,39,40,41,40,41,42,44,45,47,48,49,49,51,52,55,55,56,55,58,57
20260726_164847_905931,1785081052463945,351312199,2,2,0,-51,128,0,12,12,12,12,12,12,13,12,13,14,14,14,14,15,15,16,16,16,16,16,16,15,15,15,15,14,0,0,0,0,0,0,0,0,0,0,0,12,13,13,13,13,15,15,14,14,13,13,13,12,12,12,12,11,11,11,11,11,11,12,12,12,12,0,24,22,23,24,24,24,24,24,25,26,26,26,28,28,28,30,30,31,31,30,30,29,29,28,27,28,26,26,0,0,0,0,0,0,0,21,23,23,25,25,26,26,26,27,26,26,26,26,24,22,22,22,22,22,22,21,22,22,22,23,21,22,22
20260726_164847_905931,1785081052559624,351412342,2,2,0,-50,128,0,13,13,13,13,13,13,13,13,14,14,14,14,14,13,14,14,15,15,15,14,14,14,13,13,13,13,0,0,0,0,0,0,0,0,0,0,0,9,9,10,11,12,12,12,12,12,12,12,12,12,12,12,13,13,13,12,13,13,13,13,13,13,13,0,55,52,51,51,52,51,54,52,53,55,53,52,53,53,57,56,57,57,57,59,56,54,54,52,53,52,48,47,0,0,0,0,0,0,0,34,36,38,39,44,43,45,46,47,48,50,48,48,47,48,47,47,47,46,48,48,47,49,48,50,51,51,55
20260726_164847_905931,1785081052660946,351512199,2,2,0,-50,128,0,14,14,14,15,14,14,14,14,14,14,14,14,14,14,15,15,15,15,15,15,15,14,14,13,14,14,0,0,0,0,0,0,0,0,0,0,0,12,12,13,13,13,14,13,14,14,14,14,14,13,14,14,13,13,13,13,13,14,14,14,14,14,15,0,52,55,54,53,52,53,53,52,51,54,54,53,54,54,55,56,57,54,56,55,58,54,53,53,49,48,48,46,0,0,0,0,0,0,0,39,44,44,44,49,48,50,50,51,54,53,55,52,51,52,48,48,50,51,52,52,52,52,53,54,55,54,53
20260726_164847_905931,1785081052762530,351612007,2,2,0,-51,128,0,14,14,14,14,14,14,14,14,14,14,15,14,14,15,15,15,15,15,15,15,15,14,13,13,13,13,0,0,0,0,0,0,0,0,0,0,0,11,11,11,11,11,12,12,12,13,11,12,12,12,12,12,12,12,12,12,14,14,14,14,14,14,14,0,55,54,54,54,54,54,53,53,55,57,55,55,54,55,56,57,57,57,57,56,57,54,52,52,51,50,47,46,0,0,0,0,0,0,0,36,38,39,41,41,43,44,44,45,46,46,45,44,44,44,44,45,47,47,47,49,50,50,52,52,53,53,55
20260726_164847_905931,1785081052863711,351714717,2,2,0,-50,128,0,14,15,15,15,15,15,15,14,14,14,15,14,14,14,15,14,14,14,15,14,14,14,14,14,13,12,0,0,0,0,0,0,0,0,0,0,0,9,9,10,10,11,11,11,11,11,10,11,12,12,12,12,12,12,12,13,13,13,13,13,15,15,15,0,58,58,57,55,58,57,57,56,55,57,55,56,57,57,56,57,57,57,59,56,57,55,53,53,49,50,46,47,0,0,0,0,0,0,0,33,35,36,38,38,41,41,43,44,43,44,42,44,44,44,45,46,46,47,47,51,50,52,53,54,54,57,56
20260726_164847_905931,1785081052959631,351811884,2,2,0,-49,128,0,15,15,15,15,14,14,14,14,14,14,14,14,14,14,15,15,15,15,15,15,15,15,14,14,14,13,0,0,0,0,0,0,0,0,0,0,0,10,11,12,12,12,13,13,13,13,14,13,13,13,13,13,13,13,13,14,14,14,14,14,14,15,15,0,55,54,56,53,55,53,53,54,53,52,54,55,52,54,55,54,55,57,57,58,55,53,52,51,50,50,48,47,0,0,0,0,0,0,0,36,37,38,40,42,45,45,48,48,49,49,48,49,49,50,49,49,49,50,49,50,51,53,51,52,53,54,54
20260726_164847_905931,1785081053061245,351912061,2,2,0,-50,128,0,14,13,13,13,13,13,13,13,13,13,14,12,13,13,14,13,13,13,13,13,13,13,13,13,12,12,0,0,0,0,0,0,0,0,0,0,0,10,11,11,12,13,13,13,14,13,14,13,14,13,13,12,13,14,13,13,14,14,14,14,14,14,14,0,54,55,52,51,51,50,51,51,52,52,51,52,51,52,52,50,53,52,52,51,51,50,50,49,49,46,45,42,0,0,0,0,0,0,0,37,41,41,42,46,47,49,48,50,51,51,52,51,51,51,49,50,51,51,51,52,52,54,54,55,56,54,53
20260726_164847_905931,1785081053162144,352012022,2,2,0,-51,128,0,14,14,14,14,14,14,14,14,15,14,14,14,14,15,15,15,15,15,16,16,16,15,15,14,14,14,0,0,0,0,0,0,0,0,0,0,0,9,9,9,10,10,11,11,11,11,11,11,11,11,11,11,11,11,12,12,12,12,13,14,13,13,14,0,55,55,56,56,55,55,56,55,57,59,58,57,57,58,60,61,62,61,62,61,63,59,58,56,55,54,51,50,0,0,0,0,0,0,0,32,33,35,38,38,40,40,42,42,43,44,44,44,44,42,44,45,46,47,47,48,48,50,51,51,52,53,53
20260726_164847_905931,1785081053263073,352111939,2,2,0,-50,128,0,15,16,15,16,16,15,15,15,15,15,15,15,15,15,15,16,15,16,16,15,15,15,15,15,14,14,0,0,0,0,0,0,0,0,0,0,0,9,9,10,10,10,11,11,11,11,11,11,11,12,12,12,12,13,13,13,14,14,14,14,15,15,15,0,60,58,59,59,58,59,58,58,57,60,57,59,59,61,58,59,59,61,60,58,58,56,56,53,54,53,49,50,0,0,0,0,0,0,0,29,33,33,34,34,36,38,38,41,43,43,43,40,44,45,45,47,46,47,47,49,51,52,58,55,54,60,57
20260726_164847_905931,1785081053364618,352212924,2,2,0,-52,128,0,15,15,15,14,16,15,15,15,15,16,16,16,16,17,17,17,17,17,17,17,18,17,17,16,16,16,0,0,0,0,0,0,0,0,0,0,0,11,11,11,11,11,12,12,12,12,12,12,11,11,11,11,11,11,11,12,12,12,13,13,13,14,14,0,53,56,56,56,57,57,57,58,58,61,62,62,61,63,66,64,67,66,66,66,66,64,63,62,58,58,57,54,0,0,0,0,0,0,0,35,37,37,38,40,40,44,42,44,43,42,43,40,40,41,40,38,40,40,42,44,45,46,47,50,51,52,52
20260726_164847_905931,1785081053460927,352311790,2,2,0,-51,128,0,13,13,14,14,14,14,15,15,14,16,15,15,15,15,15,15,16,16,17,16,16,15,14,14,14,13,0,0,0,0,0,0,0,0,0,0,0,11,12,12,13,13,13,13,13,13,13,12,12,12,12,11,12,12,12,12,12,12,13,13,13,13,13,0,50,54,53,52,53,53,55,53,54,54,55,56,58,55,60,59,57,58,63,58,62,60,53,56,56,55,49,52,0,0,0,0,0,0,0,40,43,45,45,47,47,48,48,50,48,48,47,44,44,44,42,41,44,41,43,43,45,46,47,48,50,49,50
20260726_164847_905931,1785081053563127,352411820,2,2,0,-51,128,0,14,14,15,13,15,14,14,14,14,14,15,15,15,16,16,16,17,15,17,15,16,15,16,15,15,15,0,0,0,0,0,0,0,0,0,0,0,12,13,13,13,13,14,14,14,13,13,13,13,13,12,12,12,12,13,13,12,13,13,13,14,14,14,0,26,28,27,27,26,27,27,27,26,29,29,27,28,28,28,29,30,33,31,31,30,30,31,29,27,26,25,27,0,0,0,0,0,0,0,21,22,22,22,23,24,25,25,25,25,24,24,23,23,23,22,22,21,22,22,23,24,24,24,24,25,25,24
20260726_164847_905931,1785081053664869,352512819,2,2,0,-50,128,0,14,14,14,14,14,14,14,14,14,15,14,14,15,15,16,16,15,15,16,14,15,14,13,14,13,13,0,0,0,0,0,0,0,0,0,0,0,10,10,10,11,11,12,12,12,12,12,11,12,11,11,11,12,12,12,12,13,13,14,13,13,13,14,0,54,57,53,57,53,55,53,55,54,55,56,56,60,58,57,58,59,59,62,59,58,61,56,54,56,48,47,43,0,0,0,0,0,0,0,37,39,38,39,42,43,45,45,47,46,47,47,47,47,44,45,45,46,44,46,50,49,49,52,54,54,56,54
20260726_164847_905931,1785081053761655,352612265,2,2,0,-51,128,0,14,14,14,14,13,13,13,13,13,14,14,14,14,14,14,14,14,14,14,14,14,14,13,13,13,13,0,0,0,0,0,0,0,0,0,0,0,11,11,12,13,13,14,14,15,15,14,14,14,14,14,14,14,14,14,14,14,14,15,15,14,14,14,0,54,53,52,53,49,51,49,50,52,53,51,51,51,53,53,55,54,53,54,54,54,52,50,49,48,47,44,44,0,0,0,0,0,0,0,37,40,42,44,47,48,50,52,53,54,55,55,54,55,53,54,52,53,53,52,52,54,52,55,54,53,54,54
20260726_164847_905931,1785081053863144,352714659,2,2,0,-50,128,0,15,15,15,14,14,14,14,14,14,14,14,14,14,14,15,15,15,15,15,14,14,14,13,13,12,12,0,0,0,0,0,0,0,0,0,0,0,12,12,13,13,13,14,13,13,13,14,13,14,14,13,13,13,13,13,13,14,14,14,14,15,15,15,0,54,55,54,56,55,55,53,53,49,54,52,52,52,52,54,54,55,56,56,52,54,51,51,48,47,45,45,43,0,0,0,0,0,0,0,41,42,44,44,47,47,50,52,50,52,52,54,50,50,49,49,49,52,52,51,52,54,56,54,55,57,55,56
20260726_164847_905931,1785081053966668,352813874,2,2,0,-49,128,0,16,15,15,15,15,14,14,14,14,16,15,15,15,15,15,15,15,15,15,16,15,15,15,13,14,14,0,0,0,0,0,0,0,0,0,0,0,9,10,11,11,12,12,13,14,13,13,14,13,14,14,14,14,14,14,14,15,15,15,15,16,16,16,0,59,59,57,55,55,56,56,56,58,57,55,55,55,57,56,58,57,57,58,60,57,55,55,52,52,51,48,47,0,0,0,0,0,0,0,34,36,39,40,43,43,46,46,47,47,49,49,49,52,50,50,51,52,53,54,54,56,54,57,57,58,58,59
20260726_164847_905931,1785081054063441,352910925,2,2,0,-48,128,0,15,15,14,14,14,14,14,14,13,14,14,14,15,15,15,15,15,15,15,15,14,14,13,13,13,13,0,0,0,0,0,0,0,0,0,0,0,9,10,11,11,12,11,12,12,12,12,12,12,12,12,12,12,12,12,13,13,13,14,14,14,14,14,0,56,54,55,53,55,54,53,52,53,52,55,55,55,56,54,56,57,59,58,57,55,53,54,52,50,49,46,47,0,0,0,0,0,0,0,33,37,37,41,41,43,45,46,46,47,48,47,48,47,47,48,48,48,49,50,51,51,51,54,51,53,57,57
20260726_164847_905931,1785081054181720,353032429,2,2,0,-50,128,0,14,15,15,15,15,15,15,15,15,16,16,16,16,16,16,16,16,16,16,16,15,15,15,14,13,13,0,0,0,0,0,0,0,0,0,0,0,10,11,11,11,11,12,12,12,11,11,11,12,11,11,11,11,11,12,12,13,13,13,13,14,14,14,0,56,59,57,58,59,59,56,57,59,60,59,59,59,59,60,60,62,61,62,61,61,57,56,55,54,50,50,48,0,0,0,0,0,0,0,35,38,41,40,41,43,41,43,43,45,44,43,40,41,44,45,43,46,45,46,49,49,49,52,52,52,54,56
20260726_164847_905931,1785081054276712,353128708,2,2,0,-50,128,0,15,15,15,15,15,15,15,15,15,14,15,15,15,15,15,15,15,15,15,15,15,15,13,14,12,13,0,0,0,0,0,0,0,0,0,0,0,9,9,9,9,9,10,10,10,10,10,10,10,10,10,11,11,11,11,12,12,12,13,14,15,15,15,0,60,59,57,63,57,59,60,59,55,62,59,59,59,61,64,62,61,58,65,62,63,61,59,53,55,57,53,47,0,0,0,0,0,0,0,33,34,35,37,38,38,39,39,39,41,41,42,41,42,42,43,43,46,47,49,51,51,55,50,59,58,63,57
20260726_164847_905931,1785081054367921,353216377,2,2,0,-49,128,0,16,16,15,15,16,16,16,15,15,15,15,15,15,16,16,16,16,16,15,15,15,15,15,13,13,13,0,0,0,0,0,0,0,0,0,0,0,10,10,11,11,12,12,11,12,12,12,12,12,13,13,13,13,13,14,13,14,14,14,15,14,15,15,0,60,57,57,57,56,59,56,56,57,58,60,57,58,59,58,60,58,60,60,59,57,55,54,51,51,51,46,46,0,0,0,0,0,0,0,33,34,37,37,39,41,41,44,44,44,45,46,45,45,46,47,46,47,48,50,51,53,54,55,54,55,55,57
20260726_164847_905931,1785081054464414,353317295,2,2,0,-50,128,0,14,14,15,14,15,15,14,14,14,15,15,16,16,16,16,16,16,16,15,15,15,15,14,14,13,13,0,0,0,0,0,0,0,0,0,0,0,8,9,9,10,10,10,10,10,10,10,10,10,10,10,11,11,11,11,12,12,13,13,13,14,14,14,0,54,60,55,57,57,59,57,57,56,58,58,58,58,58,60,60,60,60,60,62,60,57,56,55,50,51,48,47,0,0,0,0,0,0,0,30,31,33,35,37,38,39,37,40,40,40,42,39,41,40,41,40,42,43,44,46,47,49,50,51,54,53,56
20260726_164847_905931,1785081054577346,353424258,2,2,0,-48,128,0,15,15,15,15,15,15,15,15,15,15,15,15,15,15,15,15,16,16,16,15,15,14,14,14,13,13,0,0,0,0,0,0,0,0,0,0,0,10,10,10,10,11,11,11,12,11,13,13,12,13,13,13,12,13,14,13,14,14,14,14,15,15,15,0,57,58,58,58,57,56,56,56,56,58,57,55,56,56,59,58,58,58,60,57,56,55,53,52,50,49,46,45,0,0,0,0,0,0,0,30,33,35,36,37,38,41,42,43,45,45,46,46,46,46,45,46,48,49,51,51,51,54,56,56,57,57,60
20260726_164847_905931,1785081054662785,353512181,2,2,0,-48,128,0,14,14,14,14,14,14,14,14,14,14,14,14,14,14,14,14,14,15,15,14,14,14,14,13,12,12,0,0,0,0,0,0,0,0,0,0,0,10,11,10,11,11,11,12,12,12,12,12,12,12,12,12,12,12,13,13,13,13,14,13,14,14,14,0,56,55,56,55,56,55,54,54,53,54,55,53,53,56,55,56,56,57,56,55,53,53,50,49,49,48,43,43,0,0,0,0,0,0,0,34,36,38,40,40,43,44,46,46,47,47,47,46,47,47,47,48,47,49,49,52,52,54,54,54,54,55,57
20260726_164847_905931,1785081054761166,353612162,2,2,0,-51,128,0,15,15,16,16,15,15,16,16,16,16,15,15,15,15,16,16,16,16,16,16,16,16,15,15,15,14,0,0,0,0,0,0,0,0,0,0,0,9,9,9,9,9,10,9,10,9,9,10,10,10,9,10,10,11,11,12,12,13,13,14,14,14,15,0,58,59,58,60,59,58,58,58,59,61,61,60,59,61,62,63,63,63,64,62,62,60,59,56,57,56,55,52,0,0,0,0,0,0,0,31,32,34,34,35,34,36,36,36,37,37,35,36,38,37,38,39,41,43,45,46,48,50,52,53,53,56,58
20260726_164847_905931,1785081054863205,353712398,2,2,0,-50,128,0,13,14,15,15,14,14,15,14,14,15,15,15,14,15,15,15,16,16,16,15,16,16,16,15,13,13,0,0,0,0,0,0,0,0,0,0,0,9,10,11,11,12,11,11,11,11,11,11,11,11,10,11,11,11,11,11,12,12,12,12,13,13,13,0,52,52,53,53,54,56,55,55,58,57,56,56,56,59,57,60,61,61,61,60,60,57,56,54,54,52,48,49,0,0,0,0,0,0,0,34,37,38,39,40,43,43,44,44,45,46,42,43,42,42,41,42,41,41,44,45,46,46,48,48,51,52,50
20260726_164847_905931,1785081054960732,353812437,2,2,0,-50,128,0,15,14,14,14,14,14,14,15,14,15,15,15,14,14,15,15,15,15,15,14,14,14,14,12,12,12,0,0,0,0,0,0,0,0,0,0,0,9,10,10,11,11,12,12,12,12,12,12,12,13,12,13,12,13,13,13,14,14,14,14,14,15,15,0,58,57,55,54,52,55,54,54,52,55,53,53,53,55,55,55,57,54,55,54,54,51,51,48,49,46,44,43,0,0,0,0,0,0,0,35,35,38,38,38,41,44,46,45,47,47,46,47,47,46,48,47,47,50,49,50,50,54,53,54,56,55,54
20260726_164847_905931,1785081055063566,353912509,2,2,0,-50,128,0,13,13,13,13,12,13,13,13,13,13,13,13,13,14,15,14,15,14,15,15,15,14,14,14,14,14,0,0,0,0,0,0,0,0,0,0,0,8,9,9,9,11,11,11,11,11,11,11,11,11,11,11,11,11,11,11,11,11,12,12,11,12,12,0,51,50,52,53,49,52,48,51,52,56,55,55,56,55,59,58,60,57,60,59,58,59,57,55,57,52,52,50,0,0,0,0,0,0,0,25,29,32,36,43,40,42,42,42,45,42,44,45,44,44,44,44,43,42,47,45,45,49,46,51,50,51,51
20260726_164847_905931,1785081055165685,354012377,2,2,0,-50,128,0,15,15,15,15,15,14,14,14,14,14,15,15,15,15,16,15,15,16,16,15,15,15,15,14,14,13,0,0,0,0,0,0,0,0,0,0,0,12,12,13,12,13,13,13,13,13,13,13,13,13,13,13,13,14,14,14,14,14,15,15,15,15,15,0,58,57,57,56,53,53,53,53,52,54,56,54,54,57,56,59,57,57,58,57,57,56,53,52,52,52,47,47,0,0,0,0,0,0,0,38,41,42,45,44,47,48,49,48,49,50,50,51,48,51,49,50,51,53,50,52,53,53,56,55,57,57,56
20260726_164847_905931,1785081055261133,354112294,2,2,0,-51,128,0,13,14,13,13,13,13,13,13,13,13,13,14,14,13,13,13,14,14,14,14,14,14,14,14,14,14,0,0,0,0,0,0,0,0,0,0,0,10,10,12,12,13,13,13,13,13,14,13,13,13,13,13,13,13,13,14,13,14,14,14,14,14,14,0,53,52,51,50,50,51,49,48,49,52,51,52,52,53,53,54,55,55,55,57,56,56,53,53,52,49,49,48,0,0,0,0,0,0,0,38,38,41,43,46,46,47,49,50,51,52,51,48,50,50,50,49,49,50,50,50,51,54,53,53,52,53,53
20260726_164847_905931,1785081055364396,354212232,2,2,0,-49,128,0,14,14,14,14,14,14,14,13,14,14,14,14,14,14,14,15,15,15,15,14,15,15,14,14,14,13,0,0,0,0,0,0,0,0,0,0,0,11,11,11,12,12,13,13,13,13,13,13,13,13,13,13,13,13,13,13,14,13,14,14,14,14,14,0,54,53,55,54,52,55,54,53,55,53,54,54,53,57,55,56,57,58,60,56,58,54,56,54,51,52,48,50,0,0,0,0,0,0,0,36,38,40,40,43,46,48,49,51,50,51,51,51,50,48,50,51,51,52,52,53,55,53,53,56,57,54,57
20260726_164847_905931,1785081055461182,354312347,2,2,0,-51,128,0,13,13,13,13,13,13,13,13,13,13,14,14,14,14,14,15,15,15,15,15,15,15,14,14,14,14,0,0,0,0,0,0,0,0,0,0,0,9,10,10,11,11,11,12,12,12,12,11,11,11,12,12,12,12,12,13,12,13,13,12,13,13,13,0,50,51,51,50,51,53,52,50,51,52,54,55,54,55,56,58,58,59,60,58,58,58,57,56,53,55,50,52,0,0,0,0,0,0,0,33,36,37,38,40,43,43,44,46,46,47,45,45,45,46,45,45,44,45,45,47,48,48,48,50,51,51,51
20260726_164847_905931,1785081055563282,354411847,2,2,0,-49,128,0,15,15,15,15,15,15,14,14,14,15,15,14,14,15,15,15,15,15,15,15,16,14,14,14,13,13,0,0,0,0,0,0,0,0,0,0,0,9,9,9,10,10,11,11,12,11,12,12,12,12,12,12,13,14,14,14,14,14,15,15,15,16,15,0,60,56,57,59,56,56,56,54,55,55,55,55,57,59,55,57,58,59,57,58,57,55,54,53,52,51,48,49,0,0,0,0,0,0,0,26,30,31,33,33,37,37,39,40,43,44,44,45,47,45,47,46,46,50,50,52,52,54,57,55,56,57,57
20260726_164847_905931,1785081055659869,354512108,2,2,0,-51,128,0,14,15,15,15,15,14,14,14,15,15,15,15,15,16,16,16,17,17,17,16,16,16,16,16,16,16,0,0,0,0,0,0,0,0,0,0,0,9,10,11,11,11,11,12,12,12,13,13,13,13,13,13,13,13,13,14,14,14,14,14,14,14,15,0,53,53,53,53,55,54,53,54,52,57,57,56,57,59,60,61,63,62,63,63,62,62,62,61,58,58,55,55,0,0,0,0,0,0,0,33,35,35,37,39,42,43,44,45,47,46,47,47,47,47,47,46,48,48,48,50,52,50,52,52,53,54,54
20260726_164847_905931,1785081055766882,354614335,2,2,0,-50,128,0,14,14,14,15,14,14,14,14,14,15,15,15,15,15,16,16,15,16,16,16,16,16,15,15,15,15,0,0,0,0,0,0,0,0,0,0,0,9,10,10,10,11,11,12,12,12,12,12,12,12,12,12,13,12,13,13,14,14,14,14,14,15,14,0,53,52,54,53,53,54,53,53,54,53,53,55,54,57,56,60,57,61,62,59,60,60,57,57,53,56,51,53,0,0,0,0,0,0,0,30,33,34,36,37,40,41,41,42,43,45,45,46,45,45,46,46,46,47,47,48,49,51,51,52,52,53,54
20260726_164847_905931,1785081055863883,354714145,2,2,0,-50,128,0,15,14,15,14,15,14,14,14,15,14,15,16,14,16,16,16,16,16,16,16,16,16,16,16,15,15,0,0,0,0,0,0,0,0,0,0,0,9,10,10,11,11,11,11,11,12,12,12,12,12,12,12,12,13,12,13,13,14,14,13,14,14,14,0,56,54,57,52,56,54,55,56,56,55,59,58,59,62,57,64,61,67,65,65,63,63,58,61,61,59,53,55,0,0,0,0,0,0,0,32,33,34,37,36,41,40,44,42,44,43,43,44,43,46,44,47,45,48,46,48,51,50,53,50,51,54,56
20260726_164847_905931,1785081055966197,354813447,2,2,0,-50,128,0,14,14,14,14,14,14,14,14,14,14,14,14,15,15,16,16,16,16,16,17,17,16,15,15,15,15,0,0,0,0,0,0,0,0,0,0,0,11,12,12,13,14,14,14,14,14,14,14,14,14,13,13,13,13,13,13,13,13,15,14,14,14,15,0,52,51,51,49,50,51,50,50,51,55,55,53,53,55,54,58,56,59,59,58,59,58,57,56,55,53,51,51,0,0,0,0,0,0,0,37,38,41,43,42,44,49,48,51,49,50,49,49,48,49,48,48,48,49,48,50,48,49,50,50,50,51,51
20260726_164847_905931,1785081056062536,354912288,2,2,0,-50,128,0,14,15,14,14,14,14,14,14,14,14,14,14,14,14,15,15,15,15,15,15,15,14,14,14,14,14,0,0,0,0,0,0,0,0,0,0,0,10,11,11,11,12,13,13,13,13,13,13,13,13,13,13,13,13,13,13,13,14,13,14,15,15,14,0,55,53,54,54,56,54,53,52,52,54,55,54,54,56,55,56,55,60,56,57,55,55,54,52,51,52,47,48,0,0,0,0,0,0,0,35,34,39,40,40,43,44,50,47,48,50,49,50,48,49,48,48,48,50,48,52,51,51,54,52,52,55,53
20260726_164847_905931,1785081056164916,355012116,2,2,0,-49,128,0,14,15,15,14,14,14,14,14,15,15,14,14,14,15,15,15,15,15,16,16,16,16,16,15,15,15,0,0,0,0,0,0,0,0,0,0,0,9,9,10,10,11,12,12,12,12,12,12,12,13,13,13,13,13,13,13,14,14,14,14,14,14,15,0,54,54,53,52,55,55,54,53,52,55,55,54,53,56,56,58,59,59,60,59,60,57,56,56,55,53,52,51,0,0,0,0,0,0,0,31,31,33,35,35,38,39,41,42,43,44,44,45,44,46,44,45,46,47,48,50,50,51,51,52,54,54,54
20260726_164847_905931,1785081056261062,355112105,2,2,0,-48,128,0,14,15,15,14,14,14,14,14,14,15,15,15,15,15,15,16,15,16,16,16,16,16,16,15,14,14,0,0,0,0,0,0,0,0,0,0,0,9,10,10,11,11,11,12,12,12,12,12,12,13,12,13,13,13,13,13,14,14,14,14,14,14,14,0,55,55,55,54,54,54,54,55,53,55,54,55,56,57,58,59,59,60,58,60,58,59,57,55,55,55,52,51,0,0,0,0,0,0,0,32,34,35,37,39,42,42,44,44,46,48,47,46,48,49,49,50,48,49,49,51,52,52,54,53,54,55,55
20260726_164847_905931,1785081056362520,355212233,2,2,0,-50,128,0,14,14,14,14,14,14,14,14,14,14,15,15,15,15,15,16,16,16,16,16,15,15,14,14,14,14,0,0,0,0,0,0,0,0,0,0,0,8,9,9,10,11,11,11,11,11,11,11,11,11,11,13,12,12,13,13,13,13,13,14,14,14,14,0,55,53,55,53,56,54,52,55,52,54,56,55,56,59,56,61,59,63,59,60,61,60,56,57,56,56,50,54,0,0,0,0,0,0,0,30,30,34,36,33,39,38,40,42,42,44,45,43,46,45,45,47,45,50,48,48,50,50,51,50,53,56,54
20260726_164847_905931,1785081056464275,355312024,2,2,0,-49,128,0,15,15,15,14,15,14,14,14,15,15,15,15,15,16,15,16,15,16,16,16,16,16,15,15,15,14,0,0,0,0,0,0,0,0,0,0,0,9,9,10,10,11,11,12,12,12,12,12,13,13,13,13,13,14,13,14,14,14,15,14,15,15,15,0,55,56,55,56,56,55,54,53,54,54,56,54,56,56,58,58,58,59,59,58,60,57,57,55,52,53,50,49,0,0,0,0,0,0,0,30,31,33,35,38,39,40,40,42,45,46,46,48,47,48,49,48,48,48,50,51,55,54,56,53,55,57,54
20260726_164847_905931,1785081056561736,355412373,2,2,0,-49,128,0,14,14,14,14,14,15,15,14,15,15,15,14,14,16,16,16,16,16,17,16,16,15,15,15,15,14,0,0,0,0,0,0,0,0,0,0,0,9,10,10,10,11,12,12,12,13,13,13,13,13,13,13,13,13,13,14,13,14,14,15,14,14,15,0,56,56,56,57,52,55,54,56,55,57,60,55,56,57,58,58,60,59,61,59,60,57,59,56,55,52,51,52,0,0,0,0,0,0,0,31,34,35,36,39,39,42,43,45,46,44,46,46,47,46,47,46,49,48,50,49,51,52,51,54,53,53,53
20260726_164847_905931,1785081056664455,355512042,2,2,0,-48,128,0,15,15,15,14,14,14,14,14,14,14,15,15,15,15,15,16,15,16,16,15,15,15,15,14,14,13,0,0,0,0,0,0,0,0,0,0,0,9,10,10,11,12,12,12,13,13,13,13,13,13,13,13,13,14,13,14,14,14,15,14,15,15,15,0,56,56,58,56,57,57,54,55,56,56,56,57,54,58,56,60,60,60,60,60,59,57,56,54,54,54,50,50,0,0,0,0,0,0,0,34,35,37,39,41,43,44,45,46,47,50,49,48,49,50,51,51,51,51,50,54,54,56,55,56,57,56,55
20260726_164847_905931,1785081056760977,355612004,2,2,0,-50,128,0,14,15,14,14,14,14,14,14,14,14,14,15,14,15,15,15,16,16,16,16,16,16,16,15,15,14,0,0,0,0,0,0,0,0,0,0,0,10,10,10,11,11,11,12,12,12,12,12,12,12,12,12,13,13,13,13,14,13,14,14,14,14,14,0,57,55,52,53,54,56,54,55,54,56,55,58,56,59,57,60,61,61,62,59,62,60,60,57,56,57,52,53,0,0,0,0,0,0,0,33,34,35,37,39,41,42,44,43,47,45,48,47,48,48,47,48,49,49,49,48,52,51,54,53,53,53,54
20260726_164847_905931,1785081056862763,355712368,2,2,0,-49,128,0,14,13,13,14,13,13,13,13,13,13,14,14,13,14,15,15,15,15,16,15,16,14,14,14,14,14,0,0,0,0,0,0,0,0,0,0,0,9,9,9,10,10,10,11,11,11,11,11,11,11,11,11,11,11,12,11,12,12,12,12,13,13,13,0,54,53,52,53,54,53,53,52,52,56,56,57,57,56,58,59,60,61,62,60,59,58,56,56,56,55,52,52,0,0,0,0,0,0,0,32,34,34,35,39,38,42,41,43,45,46,45,45,46,46,45,45,46,48,47,46,48,48,49,50,51,52,53
20260726_164847_905931,1785081056959802,355812124,2,2,0,-49,128,0,14,15,14,15,14,15,14,14,14,15,16,15,15,16,16,16,16,16,17,16,16,16,15,15,14,14,0,0,0,0,0,0,0,0,0,0,0,8,9,9,9,10,10,11,11,11,12,12,12,12,12,12,12,12,13,13,13,13,14,14,14,14,14,0,55,55,55,55,54,56,54,55,54,58,59,56,57,59,59,60,62,61,62,62,61,58,58,58,55,54,52,51,0,0,0,0,0,0,0,29,30,32,34,35,38,40,40,40,43,44,45,44,44,46,46,45,46,47,48,48,50,52,52,52,54,55,54
20260726_164847_905931,1785081057062607,355912596,2,2,0,-50,128,0,14,14,15,14,14,14,14,15,14,15,15,15,15,15,16,16,16,16,16,16,16,16,16,15,14,14,0,0,0,0,0,0,0,0,0,0,0,10,11,12,12,12,13,13,13,13,13,13,13,13,13,13,13,13,13,14,14,14,14,14,15,15,15,0,51,54,55,52,53,54,52,53,53,56,56,54,54,56,58,60,59,60,60,59,61,58,57,54,54,55,51,51,0,0,0,0,0,0,0,33,37,39,41,41,42,46,46,46,47,50,49,46,47,47,47,47,48,47,49,51,50,51,49,51,53,53,52
20260726_164847_905931,1785081057165263,356015255,2,2,0,-51,128,0,13,13,13,13,13,13,13,13,13,13,13,13,13,14,14,15,15,15,15,15,15,15,15,13,13,13,0,0,0,0,0,0,0,0,0,0,0,11,11,12,12,13,13,13,13,13,13,13,13,13,13,13,12,13,12,12,13,13,13,13,13,14,14,0,53,52,52,49,50,50,50,50,49,51,51,51,51,53,54,54,54,55,57,57,56,54,54,52,52,52,50,50,0,0,0,0,0,0,0,40,40,43,45,46,48,51,50,51,52,52,53,51,51,50,50,50,49,49,49,50,49,52,51,53,53,54,52
20260726_164847_905931,1785081057266537,356113497,2,2,0,-50,128,0,13,14,13,14,13,13,13,13,14,14,14,14,14,14,16,15,16,15,15,15,15,16,16,15,15,14,0,0,0,0,0,0,0,0,0,0,0,12,13,13,14,14,14,15,15,15,15,15,13,14,14,13,13,13,13,13,13,13,13,14,13,14,14,0,48,49,48,48,47,48,47,49,48,50,52,51,51,52,54,54,55,57,57,57,57,54,55,53,53,52,52,50,0,0,0,0,0,0,0,43,44,44,47,49,51,53,53,55,55,57,56,55,54,52,50,50,50,50,48,51,48,50,50,50,48,49,49
20260726_164847_905931,1785081057363680,356212693,2,2,0,-49,128,0,14,15,14,14,14,14,14,14,14,14,14,14,14,15,15,15,15,16,17,16,16,15,15,15,15,14,0,0,0,0,0,0,0,0,0,0,0,12,13,13,13,14,14,15,14,14,14,14,14,14,14,13,14,14,14,13,13,13,14,13,13,14,14,0,51,52,51,50,52,51,51,49,51,52,52,53,52,53,56,55,55,56,57,58,59,55,55,54,53,53,48,49,0,0,0,0,0,0,0,41,45,45,46,47,50,52,52,52,52,52,53,53,50,51,50,49,49,47,48,49,48,50,52,52,52,52,52
20260726_164847_905931,1785081057461462,356312591,2,2,0,-50,128,0,15,15,14,15,14,14,14,14,14,14,15,15,15,15,16,16,16,16,16,16,16,16,14,14,14,14,0,0,0,0,0,0,0,0,0,0,0,13,13,13,13,14,14,14,15,14,15,14,14,14,14,14,14,14,14,14,14,14,14,15,14,15,15,0,55,56,54,53,52,54,52,53,51,54,55,53,53,54,57,55,57,55,57,55,58,54,53,54,50,50,49,47,0,0,0,0,0,0,0,41,42,44,46,47,49,50,53,52,53,54,52,53,51,53,51,49,51,51,51,51,52,53,53,55,53,53,56
20260726_164847_905931,1785081057563811,356412452,2,2,0,-51,128,0,13,14,14,14,14,14,14,14,14,15,15,15,15,16,16,16,16,16,16,16,16,16,16,14,14,14,0,0,0,0,0,0,0,0,0,0,0,12,12,13,12,13,14,14,13,13,13,13,13,13,12,12,13,13,13,13,13,13,13,14,14,14,14,0,53,53,53,53,53,55,53,53,54,55,55,56,56,57,57,60,59,61,61,60,62,58,57,57,55,54,52,52,0,0,0,0,0,0,0,38,41,42,43,45,48,48,49,51,52,50,49,49,48,48,48,47,48,49,48,48,49,49,51,51,52,52,53
20260726_164847_905931,1785081057661040,356513278,2,2,0,-49,128,0,15,15,15,15,14,14,14,14,14,14,14,14,14,14,14,16,15,16,16,15,15,14,14,14,13,13,0,0,0,0,0,0,0,0,0,0,0,12,13,13,14,14,15,15,15,15,15,15,15,15,15,14,15,15,15,15,15,15,15,15,15,16,16,0,54,54,52,51,49,49,48,51,50,51,51,49,50,52,53,54,53,52,53,53,53,52,50,48,50,48,44,42,0,0,0,0,0,0,0,39,41,42,46,48,47,50,50,52,53,55,53,53,53,53,56,53,54,53,53,51,53,55,55,55,55,57,55
20260726_164847_905931,1785081057763088,356613562,2,2,0,-50,128,0,15,15,15,15,14,14,15,14,14,15,15,15,15,15,16,16,16,16,16,16,16,15,15,15,15,14,0,0,0,0,0,0,0,0,0,0,0,10,11,11,12,12,12,13,13,13,14,13,13,14,13,14,13,13,13,13,13,14,14,14,14,15,15,0,54,55,55,53,54,53,51,53,52,56,56,55,54,56,58,58,57,60,59,57,58,56,55,53,53,52,48,50,0,0,0,0,0,0,0,34,36,39,41,40,42,45,47,49,49,50,48,50,49,49,49,49,50,48,50,52,54,54,52,52,54,54,58
20260726_164847_905931,1785081057861835,356712262,2,2,0,-49,128,0,16,16,16,16,16,16,16,15,16,16,16,16,15,16,17,17,16,17,18,17,17,16,16,16,16,15,0,0,0,0,0,0,0,0,0,0,0,8,9,9,9,9,10,10,11,11,11,12,12,12,12,12,13,13,13,14,14,15,15,16,16,16,16,0,28,27,28,27,27,28,28,28,28,28,29,27,29,28,28,30,28,29,30,29,28,29,26,26,28,27,24,25,0,0,0,0,0,0,0,13,14,15,17,16,18,17,19,19,19,21,19,20,21,21,21,22,22,23,22,24,24,25,25,27,27,27,27
20260726_164847_905931,1785081057970267,356819557,2,2,0,-50,128,0,15,14,15,14,14,13,13,13,14,14,14,14,14,14,14,15,15,15,15,15,15,14,14,14,14,13,0,0,0,0,0,0,0,0,0,0,0,10,10,10,11,11,12,11,12,12,12,12,12,12,13,12,13,13,13,14,14,14,14,15,15,14,15,0,57,55,55,54,57,54,53,53,52,56,56,52,54,57,57,57,57,58,57,58,59,56,56,53,53,53,50,49,0,0,0,0,0,0,0,33,35,36,39,39,42,42,44,48,46,48,47,47,46,46,46,49,48,50,50,51,51,50,53,54,55,56,56
20260726_164847_905931,1785081058061824,356913254,2,2,0,-49,128,0,15,14,15,14,14,14,14,14,14,14,15,14,14,15,15,15,15,16,16,15,15,15,14,14,14,13,0,0,0,0,0,0,0,0,0,0,0,9,9,10,10,10,11,11,11,11,11,11,11,11,11,11,12,12,12,12,13,13,13,14,14,14,14,0,28,27,27,28,27,27,27,26,27,28,28,28,28,28,30,29,30,29,30,29,29,29,28,27,26,26,24,23,0,0,0,0,0,0,0,15,16,18,18,19,19,20,22,22,23,22,23,23,23,22,22,23,24,23,25,24,25,25,25,26,26,26,28
20260726_164847_905931,1785081058164924,357016187,2,2,0,-50,128,0,14,13,14,14,14,13,13,13,14,14,14,14,14,15,15,16,15,16,16,16,16,15,15,14,14,14,0,0,0,0,0,0,0,0,0,0,0,8,9,9,10,10,10,10,11,11,12,12,12,12,11,12,11,12,12,12,12,12,13,13,13,13,13,0,26,26,27,26,26,26,26,26,27,28,28,27,28,29,29,29,30,30,31,30,30,29,29,27,27,27,26,26,0,0,0,0,0,0,0,15,16,17,17,18,19,20,20,21,22,22,22,22,22,22,22,21,23,22,23,24,25,25,26,25,25,27,26
20260726_164847_905931,1785081058266394,357114848,2,2,0,-48,128,0,16,16,16,16,15,15,14,14,14,14,15,14,14,15,15,15,15,16,16,15,15,14,14,14,14,13,0,0,0,0,0,0,0,0,0,0,0,10,11,11,12,13,13,13,13,13,13,14,14,14,14,14,14,14,14,14,14,14,16,15,16,16,15,0,55,57,55,55,55,54,53,53,52,55,55,53,52,54,55,58,56,58,57,57,56,54,51,50,50,50,45,44,0,0,0,0,0,0,0,36,36,37,40,41,44,45,47,47,49,49,50,50,51,50,51,49,53,52,52,53,53,55,55,56,56,57,59
20260726_164847_905931,1785081058363122,357212156,2,2,0,-49,128,0,14,14,14,14,14,14,14,14,14,15,15,14,15,15,15,15,16,16,16,16,16,15,15,14,14,14,0,0,0,0,0,0,0,0,0,0,0,7,8,8,8,9,9,9,10,10,10,10,10,10,10,11,11,12,12,12,12,13,13,13,13,14,14,0,30,28,28,28,27,28,28,28,28,29,29,29,29,30,30,31,31,31,31,31,31,30,29,28,28,28,25,25,0,0,0,0,0,0,0,13,13,15,16,16,17,17,18,19,20,20,20,21,21,21,21,21,22,23,23,23,24,25,26,26,26,27,27
20260726_164847_905931,1785081058465734,357316103,2,2,0,-50,128,0,15,15,14,14,14,14,14,14,14,14,15,15,16,16,16,16,16,16,16,15,16,15,15,15,14,15,0,0,0,0,0,0,0,0,0,0,0,9,10,10,11,11,11,12,12,12,12,12,12,12,12,12,13,13,13,13,14,13,14,14,14,15,14,0,58,56,55,54,54,55,56,56,53,56,58,57,60,58,59,63,59,61,63,62,61,60,59,58,55,55,53,52,0,0,0,0,0,0,0,31,35,35,39,38,41,43,43,43,45,43,45,47,47,47,49,47,48,48,49,50,50,53,55,56,56,56,53
20260726_164847_905931,1785081058562818,357413439,2,2,0,-50,128,0,16,16,16,15,15,15,15,15,15,15,15,15,16,16,16,16,16,16,16,16,16,16,15,15,14,14,0,0,0,0,0,0,0,0,0,0,0,10,11,12,12,13,13,13,13,13,13,13,13,13,13,13,13,14,14,13,14,13,15,15,15,16,16,0,56,57,57,55,55,56,56,53,54,55,56,56,57,58,57,60,59,59,59,59,60,57,55,53,53,54,49,49,0,0,0,0,0,0,0,36,38,38,40,42,43,44,45,47,46,47,47,47,47,48,47,49,49,48,49,51,54,51,55,53,55,57,58
20260726_164847_905931,1785081058664566,357512269,2,2,0,-50,128,0,15,15,15,15,15,15,15,15,15,15,16,15,15,16,16,17,16,17,16,16,16,15,15,14,14,13,0,0,0,0,0,0,0,0,0,0,0,9,9,9,9,10,11,11,10,10,11,11,11,11,11,12,12,12,13,13,13,14,14,14,15,15,15,0,58,57,60,59,58,58,58,56,57,59,59,58,58,60,59,62,59,61,61,61,61,56,57,56,52,51,49,50,0,0,0,0,0,0,0,29,31,34,33,34,37,37,39,40,43,41,41,42,44,44,43,45,46,49,49,49,51,54,55,55,57,58,59
20260726_164847_905931,1785081058761034,357612177,2,2,0,-50,128,0,15,16,16,16,16,16,15,15,16,15,16,15,15,16,16,16,16,17,17,17,17,16,16,16,15,14,0,0,0,0,0,0,0,0,0,0,0,8,8,9,9,9,9,9,9,9,10,10,10,11,10,11,11,12,12,13,13,13,13,13,14,15,14,0,58,59,60,59,56,61,59,57,59,61,62,60,61,62,63,63,63,64,64,63,64,61,59,58,58,56,52,52,0,0,0,0,0,0,0,27,29,30,30,31,33,34,36,36,37,38,37,40,38,40,41,41,44,45,46,48,51,51,53,55,56,56,58
20260726_164847_905931,1785081058859344,357712143,2,2,0,-50,128,0,14,15,15,15,15,15,14,14,14,15,15,15,15,15,15,16,16,16,16,16,16,16,14,14,14,13,0,0,0,0,0,0,0,0,0,0,0,8,9,9,10,10,10,10,10,10,10,11,10,11,11,11,11,12,12,13,13,13,13,14,14,15,14,0,58,56,60,56,58,57,56,55,56,59,59,58,56,60,57,63,60,63,63,59,62,60,57,56,56,55,52,52,0,0,0,0,0,0,0,32,33,34,36,35,39,40,40,41,40,43,43,43,42,42,43,45,44,46,48,50,50,51,53,53,57,57,56
20260726_164847_905931,1785081058962266,357812294,2,2,0,-49,128,0,14,13,13,13,13,13,13,13,14,13,14,14,14,15,14,16,15,16,16,15,15,15,14,14,13,13,0,0,0,0,0,0,0,0,0,0,0,6,7,8,8,8,8,8,8,9,9,9,9,10,10,11,11,11,11,11,12,13,13,13,13,13,14,0,58,57,56,55,54,57,55,55,57,57,58,57,57,59,59,60,61,62,62,62,60,59,57,57,55,54,52,50,0,0,0,0,0,0,0,24,26,27,30,30,31,33,33,36,36,38,38,38,39,40,41,43,44,45,47,47,49,49,50,53,53,54,54
20260726_164847_905931,1785081059063575,357914947,2,2,0,-50,128,0,15,15,15,15,14,15,16,16,15,16,16,16,16,16,17,17,17,17,18,17,16,16,16,16,15,15,0,0,0,0,0,0,0,0,0,0,0,9,8,9,9,10,10,10,11,11,11,11,11,11,11,11,12,12,12,12,13,13,13,14,14,15,15,0,29,29,29,29,28,30,29,29,30,29,30,29,30,32,31,33,32,33,33,33,33,32,31,30,31,30,26,27,0,0,0,0,0,0,0,14,15,16,17,16,17,18,19,19,19,21,20,20,20,21,21,22,22,23,23,24,25,26,26,26,26,29,27
20260726_164847_905931,1785081059159928,358012091,2,2,0,-49,128,0,16,15,15,15,15,15,15,15,15,16,16,16,16,16,16,16,17,16,16,16,16,16,16,16,16,15,0,0,0,0,0,0,0,0,0,0,0,8,8,9,9,10,10,10,11,11,11,11,11,12,12,12,12,12,13,14,14,14,15,15,15,15,16,0,61,58,58,60,56,57,58,57,57,60,59,58,59,57,62,60,63,62,60,60,60,60,59,55,55,54,50,51,0,0,0,0,0,0,0,28,29,29,32,33,32,37,37,39,41,42,42,43,44,43,44,45,48,47,51,49,50,52,55,57,55,56,56
20260726_164847_905931,1785081059262062,358112035,2,2,0,-48,128,0,15,15,14,15,14,13,13,13,13,13,13,13,14,14,14,14,14,14,14,14,14,13,13,13,12,12,0,0,0,0,0,0,0,0,0,0,0,8,9,9,9,10,10,10,10,11,11,11,11,12,12,13,13,13,13,13,14,14,14,14,14,15,15,0,57,56,56,55,54,55,55,53,53,55,55,53,55,56,55,56,54,57,57,55,53,53,51,50,49,49,46,47,0,0,0,0,0,0,0,30,31,33,34,36,39,41,40,43,45,44,47,47,46,48,48,49,50,51,50,52,52,56,57,55,58,56,59
20260726_164847_905931,1785081059363330,358211757,2,2,0,-49,128,0,15,15,15,15,14,15,14,14,14,14,14,14,14,14,15,14,15,15,15,15,16,15,14,14,14,13,0,0,0,0,0,0,0,0,0,0,0,8,8,9,9,10,11,11,11,12,12,12,12,13,12,13,13,13,13,13,13,14,14,15,15,15,15,0,56,56,58,55,58,56,55,54,52,55,57,54,54,55,55,56,57,58,58,57,57,55,54,54,50,49,49,47,0,0,0,0,0,0,0,27,31,30,32,34,37,38,41,43,42,43,45,46,46,46,46,47,48,49,51,52,54,52,55,58,56,55,57
20260726_164847_905931,1785081059458966,358311409,2,2,0,-49,128,0,15,15,14,14,14,14,14,14,14,14,14,14,14,15,16,16,16,16,16,15,15,15,14,14,14,14,0,0,0,0,0,0,0,0,0,0,0,9,9,9,10,11,11,11,11,12,12,12,12,12,13,12,13,13,13,13,13,14,14,15,15,15,15,0,57,56,56,56,55,54,54,55,54,54,56,55,56,56,55,57,58,60,60,59,59,56,56,54,54,53,49,50,0,0,0,0,0,0,0,29,31,33,34,35,37,38,41,42,44,45,43,45,46,47,46,48,49,49,50,49,52,53,56,53,55,55,53
20260726_164847_905931,1785081059560244,358412315,2,2,0,-50,128,0,14,15,15,15,15,14,14,16,16,15,16,15,15,15,17,17,17,17,17,17,17,17,16,17,16,16,0,0,0,0,0,0,0,0,0,0,0,8,9,9,9,9,9,10,10,10,10,10,11,12,11,12,12,13,13,13,13,14,14,14,14,15,15,0,58,58,56,57,55,56,56,56,57,58,59,59,59,61,63,62,64,64,65,64,65,62,60,60,61,58,57,55,0,0,0,0,0,0,0,27,29,30,32,31,32,36,35,36,38,38,38,39,39,39,42,42,45,45,47,47,48,49,52,52,53,53,54
20260726_164847_905931,1785081059662382,358512214,2,2,0,-49,128,0,13,13,13,14,13,13,14,14,14,15,15,14,14,14,15,15,15,15,16,16,16,15,15,15,14,14,0,0,0,0,0,0,0,0,0,0,0,6,7,7,8,8,9,9,9,9,10,10,10,10,10,10,10,11,11,11,12,12,12,13,13,13,13,0,57,55,56,57,53,56,55,55,56,57,56,56,57,58,60,59,60,61,61,62,62,58,59,57,58,56,51,52,0,0,0,0,0,0,0,26,28,28,30,33,31,33,36,36,37,39,38,39,39,39,40,40,44,43,45,46,47,48,51,52,53,52,52
20260726_164847_905931,1785081059764979,358612346,2,2,0,-49,128,0,14,15,15,14,15,14,14,14,14,15,15,15,15,15,15,16,16,16,16,16,16,16,16,16,15,15,0,0,0,0,0,0,0,0,0,0,0,9,10,10,10,10,11,10,11,11,11,11,11,11,11,11,12,13,12,13,13,13,13,14,14,14,14,0,56,57,57,54,56,56,54,55,54,56,57,57,57,60,59,62,60,63,62,62,64,60,60,59,59,58,55,54,0,0,0,0,0,0,0,30,33,34,35,36,39,41,40,41,42,41,42,43,42,42,45,44,44,46,47,48,48,52,51,53,54,56,53
20260726_164847_905931,1785081059861469,358712089,2,2,0,-48,128,0,15,16,15,15,14,15,15,14,14,15,15,14,15,15,16,16,16,16,16,16,16,15,15,15,14,15,0,0,0,0,0,0,0,0,0,0,0,10,10,12,12,12,13,13,13,13,14,14,14,13,14,13,14,14,14,14,15,15,15,15,15,16,16,0,55,55,56,55,55,56,54,52,54,54,56,54,54,56,55,56,57,59,59,58,60,56,55,54,53,53,50,51,0,0,0,0,0,0,0,33,36,37,38,39,44,45,45,48,48,50,49,47,50,51,52,50,52,52,50,53,54,54,54,54,54,56,57
20260726_164847_905931,1785081059964493,358812088,2,2,0,-49,128,0,15,15,15,15,14,14,14,14,14,14,13,13,14,14,14,15,14,14,14,14,14,13,13,13,12,12,0,0,0,0,0,0,0,0,0,0,0,9,9,9,10,10,12,12,13,12,12,13,13,13,13,13,13,13,13,13,14,14,14,15,15,15,15,0,60,56,57,56,56,56,55,55,53,55,56,55,52,52,54,57,54,57,56,55,55,53,51,50,48,49,46,46,0,0,0,0,0,0,0,33,35,35,37,38,42,43,43,46,45,47,46,47,48,49,47,49,50,52,50,52,53,55,55,57,59,59,59
20260726_164847_905931,1785081060078165,358927385,2,2,0,-48,128,0,15,16,15,16,14,15,15,14,15,14,15,15,14,15,15,15,16,16,16,15,15,15,14,14,14,14,0,0,0,0,0,0,0,0,0,0,0,10,11,12,12,13,12,13,14,13,13,13,13,13,13,13,13,14,14,14,14,14,15,15,15,15,15,0,55,57,55,56,52,54,54,54,52,57,56,55,54,53,57,55,58,55,58,56,57,53,53,51,50,50,46,47,0,0,0,0,0,0,0,37,38,38,39,44,44,46,47,49,49,50,49,48,48,49,47,47,50,49,51,49,52,52,54,54,54,55,57
20260726_164847_905931,1785081060180196,359031553,2,2,0,-48,128,0,15,15,15,14,14,14,14,13,13,14,14,14,14,14,14,14,14,15,14,13,15,13,14,13,13,13,0,0,0,0,0,0,0,0,0,0,0,10,11,11,11,13,13,13,13,13,14,14,14,14,14,14,13,13,13,14,14,14,14,14,15,15,15,0,57,55,53,55,53,52,53,53,51,55,53,51,52,52,54,55,54,54,55,52,55,51,51,49,48,47,46,45,0,0,0,0,0,0,0,34,37,38,41,41,44,44,47,50,50,51,51,50,50,50,52,51,50,50,51,52,52,54,55,54,55,55,55
20260726_164847_905931,1785081060259572,359111995,2,2,0,-47,128,0,15,14,15,14,13,13,13,13,13,13,13,13,13,13,13,13,14,14,13,13,13,13,12,12,11,11,0,0,0,0,0,0,0,0,0,0,0,10,11,11,12,12,12,12,14,14,14,13,14,14,14,13,14,14,13,14,14,14,15,15,15,15,15,0,55,54,56,54,53,52,52,51,50,52,52,51,50,50,51,52,52,53,53,51,51,48,47,47,44,44,41,41,0,0,0,0,0,0,0,35,39,41,42,44,45,48,49,51,51,51,52,53,53,52,52,53,52,53,53,55,55,55,55,57,57,57,58
20260726_164847_905931,1785081060361641,359212144,2,2,0,-49,128,0,15,16,15,15,15,15,14,14,14,14,14,14,15,15,15,15,15,15,15,15,15,14,14,14,14,13,0,0,0,0,0,0,0,0,0,0,0,10,10,11,12,12,13,13,13,13,13,12,13,13,13,13,13,13,14,14,14,14,15,14,15,15,16,0,56,56,57,56,55,56,55,55,55,55,54,55,56,56,55,57,57,57,59,55,57,55,54,53,53,53,50,50,0,0,0,0,0,0,0,33,35,36,40,40,43,46,45,47,49,48,47,47,47,50,48,49,48,51,48,51,53,54,54,54,54,57,55
20260726_164847_905931,1785081060463730,359312255,2,2,0,-49,128,0,14,14,14,14,13,13,14,14,13,13,14,14,13,14,15,15,15,15,15,15,14,15,14,14,13,13,0,0,0,0,0,0,0,0,0,0,0,11,11,12,12,13,12,13,13,14,13,13,14,14,13,13,14,13,14,14,14,14,14,14,14,14,14,0,55,55,54,54,53,54,52,53,51,54,54,55,53,54,55,56,56,56,57,55,57,53,52,53,52,52,48,46,0,0,0,0,0,0,0,37,38,39,42,43,45,48,49,49,51,51,50,52,51,51,50,51,51,52,51,53,52,53,54,52,55,55,55
20260726_164847_905931,1785081060561753,359412196,2,2,0,-49,128,0,14,13,15,13,14,14,14,14,13,13,14,14,14,15,15,15,15,15,16,16,16,15,15,15,13,14,0,0,0,0,0,0,0,0,0,0,0,11,11,11,12,12,13,12,13,13,13,13,13,13,13,13,12,12,12,13,13,14,14,14,14,14,14,0,52,53,52,52,52,52,53,52,52,54,54,52,55,55,57,56,59,58,58,57,57,56,55,54,52,51,49,49,0,0,0,0,0,0,0,39,40,40,43,43,45,46,47,48,50,50,49,48,48,48,47,49,48,49,49,48,50,52,50,52,52,55,53
20260726_164847_905931,1785081060664997,359512235,2,2,0,-48,128,0,15,16,15,15,15,15,15,15,15,16,16,15,15,16,16,16,16,16,16,16,16,15,16,14,14,14,0,0,0,0,0,0,0,0,0,0,0,9,10,10,11,11,12,12,12,13,13,13,13,13,13,13,13,13,14,13,14,14,14,15,14,15,15,0,57,58,56,57,56,57,56,55,56,57,58,58,58,58,59,60,60,59,60,60,60,57,56,54,54,52,49,49,0,0,0,0,0,0,0,32,35,35,37,38,40,42,42,44,44,47,45,47,45,49,49,48,50,49,50,51,52,53,55,54,54,56,56
20260726_164847_905931,1785081060762453,359612452,2,2,0,-49,128,0,14,14,14,14,14,14,14,14,13,13,14,13,13,14,13,14,15,14,15,14,14,14,13,13,12,12,0,0,0,0,0,0,0,0,0,0,0,11,12,12,12,13,14,14,13,13,14,13,13,13,13,13,13,13,13,13,13,13,14,14,14,14,14,0,54,53,55,52,55,51,52,50,52,51,52,50,53,56,52,55,53,54,53,53,53,51,49,50,49,47,44,44,0,0,0,0,0,0,0,40,41,43,45,45,48,48,51,52,53,55,51,50,54,52,49,52,50,52,52,51,54,53,54,54,54,53,54
20260726_164847_905931,1785081060859938,359711951,2,2,0,-50,128,0,14,13,14,13,13,13,13,13,13,14,14,14,14,14,14,15,15,15,15,15,14,15,14,13,13,13,0,0,0,0,0,0,0,0,0,0,0,10,11,11,12,12,13,13,13,14,13,13,13,13,13,13,13,13,13,13,13,13,14,13,14,14,14,0,53,53,54,53,54,52,51,51,52,53,52,54,51,55,54,57,55,57,58,54,55,54,52,52,50,50,46,48,0,0,0,0,0,0,0,39,42,43,45,45,49,50,52,52,51,52,53,51,52,53,50,50,50,50,50,53,54,52,53,52,54,55,55
20260726_164847_905931,1785081060961707,359812045,2,2,0,-49,128,0,14,14,14,13,14,14,14,13,13,13,14,13,13,14,15,15,15,15,15,14,14,14,14,13,13,13,0,0,0,0,0,0,0,0,0,0,0,11,11,11,12,12,13,13,13,13,13,13,13,13,13,13,13,13,13,13,13,14,14,14,14,14,14,0,54,54,53,53,52,52,51,52,52,55,54,53,52,53,55,55,55,57,58,56,57,55,54,53,51,51,48,48,0,0,0,0,0,0,0,35,38,40,42,44,46,47,50,49,51,50,52,50,51,50,49,49,49,50,51,50,50,51,53,52,53,54,53
20260726_164847_905931,1785081061063165,359912151,2,2,0,-50,128,0,14,15,14,15,14,14,14,14,15,15,15,15,14,15,15,16,16,15,16,16,16,16,15,15,15,14,0,0,0,0,0,0,0,0,0,0,0,10,10,10,10,11,12,12,12,12,12,13,13,13,13,13,13,13,13,13,13,13,14,14,14,14,14,0,54,54,53,55,55,55,53,52,54,55,57,55,54,56,56,59,59,59,59,60,61,57,56,54,55,54,51,50,0,0,0,0,0,0,0,32,33,37,37,39,39,41,43,46,45,47,44,45,45,46,48,47,47,50,48,50,51,52,52,52,52,54,55
20260726_164847_905931,1785081061165275,360013669,2,2,0,-48,128,0,14,14,14,13,13,14,14,14,14,13,14,14,14,14,14,14,14,15,15,14,14,15,14,14,14,13,0,0,0,0,0,0,0,0,0,0,0,11,11,11,12,13,13,13,14,13,14,14,14,14,14,14,14,14,14,14,14,14,14,14,14,14,14,0,55,54,51,53,52,52,51,51,49,52,52,52,53,53,54,55,56,55,57,56,55,56,53,52,50,50,48,48,0,0,0,0,0,0,0,35,38,38,40,43,44,47,49,50,50,50,51,50,50,50,50,51,50,51,50,52,53,51,52,53,55,52,52
20260726_164847_905931,1785081061262626,360111933,2,2,0,-49,128,0,13,13,13,13,13,13,13,13,13,14,13,13,13,13,13,15,14,14,16,14,15,14,14,13,13,13,0,0,0,0,0,0,0,0,0,0,0,10,10,11,11,11,12,12,13,13,13,13,13,12,12,13,13,13,13,13,13,13,13,13,13,13,13,0,54,49,51,49,52,50,51,49,49,51,51,52,53,54,52,57,55,62,56,56,57,54,54,52,55,55,48,50,0,0,0,0,0,0,0,36,39,40,42,41,44,46,49,49,50,50,48,50,49,48,48,50,49,50,48,53,51,51,52,51,54,52,52
20260726_164847_905931,1785081061365513,360215916,2,2,0,-49,128,0,13,13,13,14,14,13,14,13,13,14,14,14,14,15,15,15,16,15,16,16,16,16,15,15,14,14,0,0,0,0,0,0,0,0,0,0,0,10,11,11,11,12,12,12,12,12,13,12,12,12,12,12,12,12,12,12,13,13,13,13,13,13,13,0,49,52,51,50,49,51,51,51,51,54,53,54,54,56,56,57,59,57,59,60,60,57,57,56,53,55,52,53,0,0,0,0,0,0,0,34,38,37,41,42,43,46,47,46,47,50,47,49,47,47,47,47,47,46,47,48,48,50,49,52,51,52,52
20260726_164847_905931,1785081061461894,360313440,2,2,0,-50,128,0,13,13,13,12,12,13,13,13,13,13,14,14,14,14,14,14,15,16,15,15,15,15,15,15,14,14,0,0,0,0,0,0,0,0,0,0,0,10,11,9,10,10,10,11,10,11,11,11,11,11,10,11,10,11,10,11,11,11,12,11,12,13,13,0,47,50,49,51,48,50,49,49,50,52,52,51,54,53,59,58,59,56,60,59,60,58,59,56,57,53,53,53,0,0,0,0,0,0,0,42,40,41,43,33,36,46,45,40,46,41,47,43,43,42,40,39,44,45,41,42,45,43,48,45,46,48,48
20260726_164847_905931,1785081061564409,360414204,2,2,0,-51,128,0,13,12,13,13,13,13,13,13,13,13,14,13,13,14,14,15,15,15,15,15,15,15,14,14,14,14,0,0,0,0,0,0,0,0,0,0,0,9,10,10,10,11,11,11,12,13,12,12,12,12,12,12,12,13,13,13,12,12,13,14,13,13,13,0,53,51,50,52,50,50,50,51,51,54,54,53,53,56,56,59,58,60,60,60,61,59,58,57,56,55,53,53,0,0,0,0,0,0,0,34,36,36,39,40,41,44,46,47,48,48,49,47,49,48,47,47,48,49,49,49,50,52,52,52,52,52,54
20260726_164847_905931,1785081061661650,360512202,2,2,0,-49,128,0,16,15,16,15,15,14,14,14,14,14,15,15,15,15,14,16,14,15,16,15,16,15,15,14,14,14,0,0,0,0,0,0,0,0,0,0,0,10,11,12,13,12,13,13,14,14,14,14,14,14,14,14,14,15,14,15,15,15,16,15,16,16,16,0,58,56,56,53,53,53,51,53,53,52,54,53,50,54,54,55,56,56,58,56,56,52,51,52,50,48,47,47,0,0,0,0,0,0,0,36,38,39,40,44,45,47,49,51,50,50,51,52,50,52,52,52,51,54,54,55,54,56,57,58,58,57,55
20260726_164847_905931,1785081061763757,360613490,2,2,0,-49,128,0,13,13,13,13,12,13,13,13,13,13,13,13,13,13,13,15,14,14,13,14,14,13,13,13,13,13,0,0,0,0,0,0,0,0,0,0,0,10,11,11,11,12,12,13,13,13,13,13,13,13,13,13,13,13,13,13,13,13,13,13,13,13,14,0,53,52,51,53,49,50,49,51,51,52,53,51,53,52,52,57,56,56,57,55,55,52,51,51,50,52,48,48,0,0,0,0,0,0,0,38,39,40,44,42,46,48,50,51,51,52,50,51,49,51,50,50,50,51,51,50,51,52,51,51,53,53,54
20260726_164847_905931,1785081061860286,360712447,2,2,0,-48,128,0,14,15,14,14,14,14,14,14,15,15,15,15,15,15,15,15,15,15,16,16,16,16,15,15,14,14,0,0,0,0,0,0,0,0,0,0,0,10,11,12,12,12,13,13,13,13,13,13,13,13,12,13,13,13,13,13,13,13,13,13,14,14,14,0,55,53,53,53,52,53,52,53,53,54,53,53,54,57,57,58,57,58,57,59,58,57,54,54,54,54,48,49,0,0,0,0,0,0,0,36,38,40,41,40,43,45,46,47,49,49,49,47,47,47,49,47,49,48,49,48,48,51,51,52,52,52,53
20260726_164847_905931,1785081205759234,504612011,2,0,0,-52,128,0,13,14,14,14,14,14,15,14,14,15,15,15,15,16,16,17,17,17,17,17,18,17,17,16,16,16,0,0,0,0,0,0,0,0,0,0,0,9,9,9,9,9,10,10,11,11,10,9,10,10,10,10,11,11,11,11,11,11,12,12,12,13,13,0,52,53,53,53,53,56,55,56,57,59,60,60,60,62,65,64,66,67,68,66,67,65,63,62,62,61,58,57,0,0,0,0,0,0,0,28,30,31,33,34,35,36,37,40,38,40,39,38,38,38,37,38,40,40,42,43,44,45,46,47,48,50,50
20260726_164847_905931,1785081205859640,504712638,2,2,0,-52,128,0,14,14,15,15,15,14,14,14,14,15,15,15,15,16,16,17,17,17,17,17,17,16,16,17,16,16,0,0,0,0,0,0,0,0,0,0,0,8,9,9,10,10,10,10,10,10,10,11,10,10,10,10,10,11,11,11,12,12,12,12,13,13,14,0,26,26,27,26,28,27,27,27,28,30,30,30,30,31,32,33,32,33,34,33,33,33,32,32,31,30,29,30,0,0,0,0,0,0,0,14,16,16,17,17,18,18,19,20,20,20,20,20,20,19,19,19,20,20,21,22,22,22,23,23,24,25,25
20260726_164847_905931,1785081205961301,504812036,2,2,0,-52,128,0,13,13,13,13,13,14,14,14,14,14,15,15,15,15,16,16,16,17,17,17,17,16,16,16,15,16,0,0,0,0,0,0,0,0,0,0,0,8,8,8,9,10,10,10,10,10,10,10,10,10,10,10,10,11,11,10,11,11,11,11,12,12,12,0,26,26,25,27,26,27,27,27,27,29,29,29,29,30,32,32,32,33,33,33,33,32,32,31,30,30,29,29,0,0,0,0,0,0,0,14,15,16,16,17,18,19,19,20,19,20,19,19,19,19,19,19,20,21,21,22,21,22,22,24,24,24,25
20260726_164847_905931,1785081206063772,504914070,2,2,0,-52,128,0,13,14,14,14,14,14,14,14,14,15,16,15,15,16,16,17,17,18,18,17,17,16,16,16,16,15,0,0,0,0,0,0,0,0,0,0,0,9,9,9,10,10,9,10,10,10,10,10,10,10,10,11,11,11,11,11,11,11,13,13,13,13,13,0,51,55,53,55,54,55,56,56,57,60,59,61,60,61,64,64,67,65,68,67,67,64,64,62,61,59,58,57,0,0,0,0,0,0,0,31,32,33,34,37,38,39,40,41,42,41,42,41,41,41,40,40,42,41,43,45,47,47,46,47,49,51,51
20260726_164847_905931,1785081206158837,505012179,2,2,0,-51,128,0,13,13,13,13,12,12,13,13,13,14,14,14,14,15,15,15,16,15,15,15,16,14,15,14,14,14,0,0,0,0,0,0,0,0,0,0,0,7,8,9,9,9,9,9,10,10,10,10,10,10,10,10,10,10,11,11,11,11,12,11,12,13,12,0,52,50,51,53,52,55,53,51,56,57,59,57,56,60,60,62,62,62,61,63,62,60,61,59,59,58,54,53,0,0,0,0,0,0,0,29,30,33,35,34,39,38,43,41,40,41,39,40,42,41,42,43,41,44,43,42,43,47,46,47,49,50,49
20260726_164847_905931,1785081206261451,505113377,2,2,0,-52,128,0,13,13,13,13,13,14,14,14,15,15,15,15,15,16,16,17,17,17,18,17,17,16,16,16,16,15,0,0,0,0,0,0,0,0,0,0,0,7,8,8,9,9,9,9,10,10,10,10,9,10,10,10,11,11,11,11,11,12,13,13,13,13,13,0,55,56,54,56,57,57,57,57,59,61,62,61,62,65,65,66,67,68,67,67,68,66,63,63,62,61,57,58,0,0,0,0,0,0,0,24,26,28,30,29,33,33,35,36,38,37,38,38,38,37,40,40,42,42,43,44,46,47,47,49,50,52,53
20260726_164847_905931,1785081206363144,505213263,2,2,0,-53,128,0,13,13,13,14,14,14,15,15,15,15,16,16,16,16,16,17,17,17,18,18,17,17,16,16,16,15,0,0,0,0,0,0,0,0,0,0,0,7,8,8,9,9,9,9,9,9,9,9,9,10,9,9,9,9,9,10,11,11,11,11,12,13,13,0,52,53,53,54,54,56,56,57,57,60,61,61,61,64,65,66,67,67,69,66,67,66,64,62,62,60,56,56,0,0,0,0,0,0,0,26,29,30,31,32,34,35,35,36,38,37,37,36,36,37,36,36,37,38,40,41,42,44,45,47,49,50,51
20260726_164847_905931,1785081206459540,505313747,2,2,0,-54,128,0,12,12,14,14,14,14,15,15,15,15,16,16,16,17,17,18,18,18,18,17,17,17,17,16,16,16,0,0,0,0,0,0,0,0,0,0,0,8,8,8,9,9,9,9,9,9,8,8,8,8,7,7,7,8,8,8,9,9,10,10,11,11,11,0,25,25,26,26,27,28,28,29,28,30,31,31,32,33,33,34,34,34,35,34,34,34,32,32,31,31,29,29,0,0,0,0,0,0,0,14,16,15,16,16,17,17,17,18,17,16,16,16,15,15,15,15,14,15,15,16,17,18,19,20,21,22,23
20260726_164847_905931,1785081206561537,505411687,2,2,0,-53,128,0,13,13,13,14,13,13,13,13,14,14,15,14,15,15,16,16,16,16,17,16,16,16,16,16,16,15,0,0,0,0,0,0,0,0,0,0,0,10,9,10,11,11,11,12,11,11,11,11,11,11,11,10,10,10,10,10,10,11,11,12,12,12,13,0,26,25,25,26,27,26,27,27,28,28,30,29,30,32,30,32,32,34,33,33,33,32,31,31,30,30,27,28,0,0,0,0,0,0,0,17,18,20,20,19,21,21,22,23,22,23,21,21,21,21,20,20,21,20,20,21,20,21,23,22,22,23,24
20260726_164847_905931,1785081206658647,505512095,2,2,0,-53,128,0,14,14,15,15,14,14,15,15,15,15,16,16,16,17,17,17,17,18,18,17,17,17,17,17,16,15,0,0,0,0,0,0,0,0,0,0,0,11,11,12,13,12,12,13,13,13,12,12,12,11,11,11,10,11,11,11,11,11,12,11,13,13,13,0,26,27,27,27,27,28,29,29,29,31,31,31,31,32,33,33,34,34,33,33,34,32,31,30,30,29,29,28,0,0,0,0,0,0,0,21,22,22,21,23,24,23,24,24,24,23,22,21,21,20,21,19,19,20,21,21,21,22,23,23,24,24,24
20260726_164847_905931,1785081206762054,505611640,2,2,0,-51,128,0,14,14,14,14,14,14,14,14,14,14,15,15,14,14,14,14,15,15,15,15,15,14,14,13,13,13,0,0,0,0,0,0,0,0,0,0,0,9,10,10,11,11,11,11,12,12,12,12,12,12,12,12,11,12,12,13,13,13,13,13,13,14,14,0,57,55,57,55,56,55,55,56,55,56,56,56,56,58,57,60,58,59,59,57,58,54,55,52,52,51,48,49,0,0,0,0,0,0,0,36,38,38,41,42,44,43,46,46,47,47,47,46,46,46,47,47,46,48,48,49,51,51,54,52,53,55,55
20260726_164847_905931,1785081206859157,505712048,2,2,0,-49,128,0,14,14,14,14,14,14,13,13,13,14,14,13,13,14,14,14,14,14,14,14,13,13,13,13,13,12,0,0,0,0,0,0,0,0,0,0,0,11,12,13,12,13,13,13,14,14,13,14,13,13,13,13,13,14,13,14,13,14,14,14,14,14,14,0,56,54,53,53,51,51,52,51,51,52,53,50,52,53,52,54,53,54,53,54,52,52,50,49,48,48,44,45,0,0,0,0,0,0,0,38,41,44,46,48,47,48,52,52,52,54,54,52,52,51,52,50,51,51,50,52,53,53,54,52,54,54,55
20260726_164847_905931,1785081206961445,505812816,2,2,0,-50,128,0,13,13,13,13,13,14,13,13,13,13,13,13,14,14,14,15,14,14,14,14,14,14,14,13,13,12,0,0,0,0,0,0,0,0,0,0,0,10,10,11,12,11,12,12,12,13,12,12,11,12,12,11,11,11,12,12,11,12,12,13,12,14,14,0,55,55,52,54,51,53,55,50,54,56,54,56,56,56,59,58,57,59,62,56,58,55,57,55,51,50,51,48,0,0,0,0,0,0,0,37,40,42,44,45,45,47,48,46,50,49,49,49,46,47,48,46,46,47,47,49,45,50,50,50,51,52,53
20260726_164847_905931,1785081207069370,505920756,2,2,0,-52,128,0,12,13,13,13,13,13,13,13,13,13,13,13,13,15,15,15,15,15,14,14,14,13,13,13,13,13,0,0,0,0,0,0,0,0,0,0,0,13,12,13,13,14,14,14,14,13,13,13,12,12,12,12,12,11,11,11,12,12,12,12,12,12,12,0,52,50,52,51,52,52,52,53,51,55,55,55,54,56,56,57,57,56,57,57,55,54,54,52,50,48,46,46,0,0,0,0,0,0,0,47,48,50,50,52,53,54,55,55,54,54,52,51,49,49,48,47,45,45,44,45,47,47,47,49,50,50,51
20260726_164847_905931,1785081207160113,506012961,2,2,0,-51,128,0,13,13,13,13,14,14,14,14,14,14,15,14,14,15,15,16,15,16,16,15,15,15,14,14,13,14,0,0,0,0,0,0,0,0,0,0,0,9,10,10,10,11,11,11,11,11,10,10,11,10,10,11,11,11,11,12,11,11,11,12,12,12,13,0,26,26,26,27,26,28,27,27,28,30,30,28,29,29,30,31,30,31,31,30,30,29,29,27,27,27,25,25,0,0,0,0,0,0,0,17,17,19,19,20,20,21,21,21,22,22,22,22,21,21,20,21,22,21,21,22,22,23,24,24,25,25,25
20260726_164847_905931,1785081207262005,506112283,2,2,0,-52,128,0,14,14,14,14,14,13,14,14,14,13,14,14,14,15,15,15,16,15,16,15,15,15,15,14,14,14,0,0,0,0,0,0,0,0,0,0,0,13,13,13,14,13,13,14,14,13,13,13,13,13,12,12,13,13,13,12,13,13,13,13,13,14,14,0,52,52,52,50,51,51,51,52,52,53,54,54,54,55,55,57,57,57,58,56,56,56,54,52,52,53,47,48,0,0,0,0,0,0,0,42,44,46,47,48,50,50,52,51,52,53,50,50,49,48,48,47,46,48,46,49,48,48,50,50,50,52,51
20260726_164847_905931,1785081207364121,506214730,2,2,0,-52,128,0,13,13,13,13,14,13,13,13,13,14,14,14,14,15,15,15,16,16,16,15,15,15,15,14,14,13,0,0,0,0,0,0,0,0,0,0,0,14,14,15,15,16,15,16,16,15,16,14,14,14,13,13,12,12,12,12,12,12,13,13,12,13,12,0,48,49,47,47,47,49,51,51,51,54,54,54,56,57,56,56,59,58,60,59,58,59,56,55,53,53,49,48,0,0,0,0,0,0,0,48,50,51,54,54,55,57,57,57,57,57,56,52,52,50,50,47,47,46,45,45,46,46,45,44,46,46,46
20260726_164847_905931,1785081207459191,506312406,2,2,0,-50,128,0,13,13,13,13,12,13,13,13,13,13,13,13,13,14,14,14,14,15,15,14,14,14,13,13,13,12,0,0,0,0,0,0,0,0,0,0,0,11,12,12,14,14,14,14,15,15,15,14,14,14,14,13,13,13,13,13,13,13,13,14,13,14,13,0,49,48,47,50,50,49,48,48,50,50,51,50,49,53,52,56,53,57,54,55,53,51,50,50,49,49,44,47,0,0,0,0,0,0,0,42,44,44,47,47,49,51,55,54,55,55,52,51,52,52,52,51,50,51,48,51,48,49,51,50,51,51,50
20260726_164847_905931,1785081207560659,506413852,2,2,0,-51,128,0,13,13,13,13,13,13,13,13,13,13,14,14,14,15,14,15,15,15,15,14,14,14,13,13,13,13,0,0,0,0,0,0,0,0,0,0,0,12,12,12,13,13,14,14,13,13,14,13,13,13,13,13,12,13,12,12,13,13,13,13,13,13,13,0,51,50,50,49,50,49,50,49,50,51,53,52,52,54,54,55,56,56,55,53,54,53,51,49,49,48,45,45,0,0,0,0,0,0,0,40,42,43,46,46,49,51,52,52,53,52,52,51,51,51,49,48,47,47,47,49,48,49,49,49,50,50,50
20260726_164847_905931,1785081207662866,506513189,2,2,0,-50,128,0,14,15,15,15,14,15,15,15,14,14,14,15,15,15,16,16,16,16,16,15,15,15,14,14,14,13,0,0,0,0,0,0,0,0,0,0,0,12,13,13,14,14,14,14,15,15,15,14,14,15,14,14,13,13,13,14,14,14,15,14,15,15,15,0,52,55,55,54,52,51,50,51,51,53,56,52,52,54,53,57,57,57,57,56,55,54,52,53,50,51,47,47,0,0,0,0,0,0,0,40,42,45,46,46,51,51,52,53,51,52,53,50,52,50,50,51,50,51,50,51,51,52,54,51,53,52,55
20260726_164847_905931,1785081207762447,506611301,2,2,0,-51,128,0,13,13,13,13,14,13,13,13,14,14,15,15,15,16,15,16,16,16,16,16,16,15,15,14,14,14,0,0,0,0,0,0,0,0,0,0,0,12,13,13,13,13,13,14,14,14,14,13,13,12,12,12,11,12,12,12,12,12,12,12,13,13,13,0,49,48,50,49,49,49,49,50,51,54,54,53,54,58,56,58,59,60,59,60,59,58,56,55,55,56,50,51,0,0,0,0,0,0,0,42,44,47,48,48,51,50,52,54,54,54,51,49,49,48,48,46,46,46,45,43,45,46,47,47,47,48,49
20260726_164847_905931,1785081207865238,506718010,2,2,0,-51,128,0,13,13,13,13,13,13,13,13,13,13,14,14,14,15,15,15,15,15,15,15,15,15,14,14,14,13,0,0,0,0,0,0,0,0,0,0,0,10,10,11,11,11,11,12,12,12,12,11,12,12,12,12,12,12,12,12,12,13,12,12,12,13,13,0,50,50,51,50,51,52,52,50,52,52,54,54,56,57,55,57,57,59,59,58,57,56,55,54,53,53,49,49,0,0,0,0,0,0,0,36,38,39,41,41,44,44,46,46,47,47,46,47,46,46,44,45,44,45,46,46,48,46,48,48,51,50,50
20260726_164847_905931,1785081207972455,506824128,2,2,0,-50,128,0,14,14,14,14,14,14,14,14,14,15,15,15,15,15,16,16,15,15,16,15,15,15,15,14,14,13,0,0,0,0,0,0,0,0,0,0,0,11,11,12,12,13,14,14,14,14,13,13,13,13,13,13,13,13,13,13,13,14,13,14,14,14,14,0,51,54,52,54,53,55,54,53,52,56,55,54,54,55,57,58,57,59,58,59,58,54,54,53,52,49,50,49,0,0,0,0,0,0,0,38,40,41,44,45,46,47,49,51,51,51,50,51,50,47,47,47,50,47,48,48,49,52,51,54,53,52,55
20260726_164847_905931,1785081208064586,506913446,2,2,0,-51,128,0,14,14,14,13,13,13,14,14,14,14,14,14,14,15,15,15,15,15,15,15,14,14,14,14,14,13,0,0,0,0,0,0,0,0,0,0,0,12,12,12,13,13,14,14,14,13,13,13,13,13,13,13,12,13,13,13,13,14,14,13,14,14,14,0,54,54,54,54,53,53,53,53,54,55,55,54,56,56,57,58,57,59,59,58,59,56,55,54,52,51,49,48,0,0,0,0,0,0,0,39,42,44,46,47,48,50,53,52,53,52,52,51,51,49,48,50,49,49,47,49,50,50,52,52,53,52,53
20260726_164847_905931,1785081208167230,507018487,2,2,0,-50,128,0,15,15,15,15,14,14,14,14,14,15,15,15,14,15,15,15,15,15,15,15,15,15,15,14,13,13,0,0,0,0,0,0,0,0,0,0,0,12,12,12,12,13,13,13,14,14,14,14,14,13,13,13,14,14,14,13,14,14,14,14,14,14,14,0,56,53,52,52,55,54,53,51,51,52,55,54,53,54,54,55,53,57,56,54,53,52,49,51,49,50,44,45,0,0,0,0,0,0,0,37,39,41,46,41,47,48,49,50,52,53,49,50,51,50,50,51,48,50,50,50,52,53,51,50,55,53,54
20260726_164847_905931,1785081208257914,507111699,2,2,0,-50,128,0,15,14,14,15,14,14,14,14,14,15,15,15,14,14,15,15,15,15,15,15,15,14,14,14,13,13,0,0,0,0,0,0,0,0,0,0,0,12,13,13,14,14,14,14,15,15,15,15,15,15,15,14,15,14,15,14,14,14,14,15,15,14,15,0,53,55,53,53,51,52,50,50,51,52,53,50,51,52,52,53,54,53,54,53,53,51,48,48,48,47,44,45,0,0,0,0,0,0,0,39,41,43,44,46,47,49,50,52,53,53,51,51,52,50,50,49,51,52,52,50,52,52,52,53,53,53,56
20260726_164847_905931,1785081208361286,507211374,2,2,0,-49,128,0,15,16,16,16,14,15,15,15,15,16,15,15,15,16,16,16,16,16,16,16,16,16,16,15,15,15,0,0,0,0,0,0,0,0,0,0,0,11,11,12,12,13,12,13,13,14,14,13,14,13,13,13,13,13,13,14,14,14,14,15,14,14,15,0,55,56,54,55,54,54,54,54,54,57,56,55,56,56,57,58,59,58,58,59,59,57,55,53,54,52,50,50,0,0,0,0,0,0,0,36,36,37,40,40,44,46,47,45,48,49,48,48,48,47,47,47,49,49,47,49,49,50,53,53,50,53,55
20260726_164847_905931,1785081208463027,507311244,2,2,0,-49,128,0,14,14,14,14,14,14,14,13,13,14,14,15,15,15,15,16,15,16,16,16,16,15,15,15,14,14,0,0,0,0,0,0,0,0,0,0,0,11,11,11,12,12,12,12,13,13,13,13,13,13,13,12,12,13,13,13,13,13,13,13,14,14,14,0,53,53,53,53,52,54,52,51,53,54,55,55,56,55,56,58,59,59,60,59,59,59,57,55,53,54,52,51,0,0,0,0,0,0,0,34,37,40,42,42,44,44,47,47,48,47,47,46,48,47,48,48,47,47,48,49,49,50,51,52,53,54,54
20260726_164847_905931,1785081208558763,507411758,2,2,0,-49,128,0,13,13,13,13,13,13,13,13,13,13,14,13,14,14,14,15,15,15,15,15,15,14,14,14,14,13,0,0,0,0,0,0,0,0,0,0,0,11,11,12,12,12,12,13,13,13,13,13,12,12,12,12,12,12,12,11,12,12,13,13,13,13,13,0,52,52,50,53,51,52,51,49,50,54,52,53,54,55,56,56,57,57,58,56,58,57,56,54,53,51,48,49,0,0,0,0,0,0,0,40,41,43,45,48,48,50,50,50,49,50,50,49,47,48,47,46,46,44,47,46,48,49,48,50,50,51,52
20260726_164847_905931,1785081208660897,507511831,2,2,0,-49,128,0,15,15,15,15,14,15,14,14,14,15,15,15,15,15,16,15,16,15,16,16,16,15,15,15,14,14,0,0,0,0,0,0,0,0,0,0,0,12,12,13,13,13,13,14,14,14,15,14,14,14,14,14,13,14,14,13,13,14,14,14,15,15,14,0,54,56,55,53,54,55,54,53,53,54,56,54,55,56,56,58,57,58,59,58,58,56,55,53,51,50,49,50,0,0,0,0,0,0,0,39,40,42,42,46,47,50,50,52,51,51,51,50,49,49,49,48,49,48,49,49,51,51,53,52,54,55,55
20260726_164847_905931,1785081208757405,507611454,2,2,0,-49,128,0,14,14,14,14,13,13,13,13,14,14,14,14,14,15,15,15,15,15,16,15,15,15,14,14,13,14,0,0,0,0,0,0,0,0,0,0,0,9,9,10,10,10,11,11,12,12,11,11,11,11,11,11,12,12,12,12,13,13,13,13,14,14,13,0,27,26,26,27,26,27,28,27,27,28,28,28,28,29,29,30,30,30,31,31,31,29,28,28,27,26,25,25,0,0,0,0,0,0,0,16,17,18,19,20,20,21,22,22,23,22,21,23,22,22,22,22,23,23,24,24,25,25,25,25,25,25,26
20260726_164847_905931,1785081208860140,507712088,2,2,0,-50,128,0,14,14,14,15,14,14,15,15,15,15,16,15,15,16,16,16,16,16,16,16,16,16,15,15,15,14,0,0,0,0,0,0,0,0,0,0,0,10,11,11,11,12,12,13,13,13,13,12,12,12,12,12,13,13,13,13,13,13,14,14,14,14,14,0,56,56,54,55,52,53,54,54,55,57,55,57,57,60,60,59,60,61,61,60,62,60,57,54,54,54,51,50,0,0,0,0,0,0,0,36,37,38,40,43,43,45,47,46,49,47,48,47,48,47,44,45,46,45,47,45,47,50,51,52,52,51,54
20260726_164847_905931,1785081208958133,507812058,2,2,0,-50,128,0,14,14,14,14,14,14,14,14,14,15,15,15,15,15,15,16,15,16,16,16,16,16,15,15,15,15,0,0,0,0,0,0,0,0,0,0,0,10,10,11,11,12,12,12,12,13,13,12,11,12,11,11,12,12,12,12,13,13,13,13,13,14,14,0,52,53,53,53,51,54,51,54,53,56,57,55,57,58,60,63,60,61,62,61,63,61,59,58,58,57,54,53,0,0,0,0,0,0,0,35,37,38,39,41,42,43,46,48,48,48,46,46,45,45,47,45,46,47,45,47,48,49,50,50,51,50,55
20260726_164847_905931,1785081209060916,507912039,2,2,0,-50,128,0,14,15,15,15,14,15,15,15,15,16,16,16,16,17,17,17,17,17,18,18,17,16,16,16,16,15,0,0,0,0,0,0,0,0,0,0,0,8,9,9,10,10,10,10,11,11,11,11,11,11,11,11,11,12,12,12,12,13,13,13,13,14,14,0,27,28,28,29,28,29,28,29,29,30,30,30,30,31,33,32,32,32,33,32,33,32,32,31,31,31,29,29,0,0,0,0,0,0,0,13,15,16,16,17,18,18,19,19,20,20,19,20,21,21,21,21,22,23,23,23,24,24,25,26,27,26,28
20260726_164847_905931,1785081209163495,508012985,2,2,0,-50,128,0,15,14,14,14,14,14,14,14,14,14,14,14,14,15,16,16,16,16,16,16,16,16,15,15,15,15,0,0,0,0,0,0,0,0,0,0,0,8,8,9,9,9,9,9,10,10,10,11,11,10,10,10,10,11,11,11,12,13,13,14,13,14,14,0,55,56,56,56,55,57,56,56,55,58,58,57,58,60,61,60,63,63,64,64,62,61,62,60,59,59,55,53,0,0,0,0,0,0,0,29,31,32,35,35,35,38,38,41,40,41,42,41,41,42,43,42,46,46,46,46,50,51,51,55,53,55,57
20260726_164847_905931,1785081209265492,508114894,2,2,0,-49,128,0,15,16,15,15,15,15,15,15,15,15,16,15,16,16,16,16,16,16,17,17,17,17,16,15,15,15,0,0,0,0,0,0,0,0,0,0,0,10,11,11,11,11,12,12,13,13,13,13,13,13,12,13,13,13,13,13,13,13,14,14,14,15,15,0,56,57,55,54,52,53,55,53,54,55,56,56,57,57,59,59,60,60,62,59,61,59,60,56,57,57,54,53,0,0,0,0,0,0,0,33,34,35,37,38,40,41,42,42,45,45,45,45,44,45,44,44,49,47,48,47,48,49,53,53,50,53,56
20260726_164847_905931,1785081209362376,508213276,2,2,0,-51,128,0,13,13,14,13,14,14,14,14,14,13,14,14,14,14,14,15,14,15,15,15,15,15,14,14,14,13,0,0,0,0,0,0,0,0,0,0,0,8,8,8,9,9,10,10,10,10,10,10,10,10,11,11,11,11,11,11,12,12,12,12,12,13,13,0,54,54,54,55,53,54,53,52,55,56,56,55,56,57,58,59,60,61,60,61,61,59,58,56,56,55,52,51,0,0,0,0,0,0,0,31,33,33,35,36,37,38,39,40,40,42,42,41,42,43,41,42,43,44,46,46,47,49,50,51,51,52,53
20260726_164847_905931,1785081209492047,508346135,2,2,0,-49,128,0,14,14,14,14,14,14,14,13,13,14,13,13,13,13,14,14,15,15,15,14,14,13,14,13,13,12,0,0,0,0,0,0,0,0,0,0,0,10,10,11,11,12,12,13,13,13,13,13,13,13,13,13,13,13,13,13,14,13,14,14,14,15,14,0,56,54,55,53,54,53,53,50,52,53,53,53,51,53,54,56,55,56,55,54,55,53,54,51,50,49,47,46,0,0,0,0,0,0,0,35,39,39,41,44,45,47,48,49,50,52,51,50,49,50,51,51,50,51,52,53,53,55,56,54,56,57,54
20260726_164847_905931,1785081209560191,508411916,2,2,0,-49,128,0,14,14,14,13,13,13,13,13,13,14,14,14,14,14,15,15,15,15,15,15,14,14,14,13,13,13,0,0,0,0,0,0,0,0,0,0,0,10,11,12,11,13,13,13,14,13,13,13,13,13,13,12,13,12,12,13,13,12,13,13,13,14,14,0,53,55,50,53,51,50,51,51,51,54,52,54,53,53,54,55,58,55,56,54,57,54,53,52,52,49,50,49,0,0,0,0,0,0,0,38,40,41,42,44,44,48,47,50,49,50,51,50,48,48,48,48,48,47,52,49,48,50,50,53,52,51,51
20260726_164847_905931,1785081209661763,508512061,2,2,0,-48,128,0,15,15,15,15,15,15,15,14,14,14,14,14,14,14,15,15,15,15,15,15,15,14,14,14,14,14,0,0,0,0,0,0,0,0,0,0,0,12,12,12,13,14,14,14,15,15,15,15,15,14,15,14,14,14,14,14,14,14,15,14,15,15,15,0,54,54,54,51,51,51,52,52,52,53,52,52,52,53,54,55,54,56,56,55,54,54,51,51,50,51,47,47,0,0,0,0,0,0,0,37,40,42,45,45,49,50,52,52,52,54,55,51,52,52,51,52,51,52,51,53,51,53,55,52,53,52,53
20260726_164847_905931,1785081209764429,508612328,2,2,0,-49,128,0,14,14,14,14,13,13,13,13,13,13,13,13,13,14,15,15,15,15,15,15,15,15,15,14,13,13,0,0,0,0,0,0,0,0,0,0,0,13,13,14,14,15,15,15,15,16,16,15,16,15,15,15,15,15,15,14,14,14,14,14,14,14,14,0,51,50,49,49,46,50,47,50,50,50,49,50,48,52,53,53,54,53,55,53,54,53,53,52,50,48,48,48,0,0,0,0,0,0,0,43,45,46,48,50,53,54,55,56,56,57,58,56,55,55,52,54,54,52,51,51,53,52,52,53,53,51,51
20260726_164847_905931,1785081209861418,508715377,2,2,0,-49,128,0,14,14,13,13,13,13,13,13,13,14,13,13,13,13,14,14,14,14,14,14,14,13,13,13,12,12,0,0,0,0,0,0,0,0,0,0,0,13,12,12,13,14,14,14,15,14,15,14,14,14,14,14,13,13,14,13,14,14,14,14,14,14,14,0,51,53,53,52,52,52,50,50,49,51,51,51,49,51,52,52,53,53,53,52,52,50,50,48,45,44,45,44,0,0,0,0,0,0,0,41,44,44,47,50,51,54,54,55,56,55,56,56,54,55,53,53,53,51,52,53,54,54,53,54,54,54,54
20260726_164847_905931,1785081209963499,508812297,2,2,0,-49,128,0,15,15,15,15,15,15,14,14,14,14,16,15,15,15,15,15,16,15,16,16,15,15,14,14,13,13,0,0,0,0,0,0,0,0,0,0,0,12,13,14,13,14,15,15,15,15,15,15,15,15,14,14,15,15,15,14,15,15,15,15,15,15,15,0,53,54,54,52,51,52,48,50,52,52,53,54,48,50,54,56,54,54,56,53,53,52,49,49,48,48,45,45,0,0,0,0,0,0,0,40,42,44,46,48,49,51,54,55,53,56,55,54,54,52,53,52,54,51,53,52,52,53,53,54,54,53,55
20260726_164847_905931,1785081210060290,508912445,2,2,0,-50,128,0,15,15,15,15,14,14,14,14,15,14,15,14,14,15,14,15,15,15,15,15,15,15,14,15,14,14,0,0,0,0,0,0,0,0,0,0,0,12,13,14,14,15,15,15,15,15,16,15,15,15,14,14,14,14,14,15,15,14,15,15,15,15,15,0,52,53,52,52,49,50,49,50,50,52,51,51,48,52,52,54,54,55,54,53,54,52,52,51,51,50,47,46,0,0,0,0,0,0,0,42,46,45,46,50,49,54,53,55,54,55,56,55,54,52,51,50,51,52,51,52,52,53,52,54,51,52,54
20260726_164847_905931,1785081210163586,509015450,2,2,0,-49,128,0,15,15,15,15,15,15,15,14,15,16,15,15,15,15,16,16,16,16,16,16,16,16,15,15,14,14,0,0,0,0,0,0,0,0,0,0,0,10,10,11,12,12,12,12,13,12,12,13,12,13,12,13,13,13,13,13,14,13,14,15,15,15,15,0,56,53,53,54,54,52,53,52,55,55,56,54,54,57,55,59,57,59,59,59,60,55,56,54,53,53,50,49,0,0,0,0,0,0,0,32,36,37,38,38,42,40,45,46,45,45,45,45,47,45,46,46,49,50,48,49,50,51,52,52,54,53,55
20260726_164847_905931,1785081210275713,509127590,2,2,0,-50,128,0,13,14,14,13,14,14,13,14,14,14,14,14,14,15,15,15,15,15,15,15,15,14,13,13,13,12,0,0,0,0,0,0,0,0,0,0,0,9,9,10,10,10,11,11,11,11,11,12,11,12,11,12,12,12,12,13,13,13,14,14,13,15,15,0,53,53,55,54,52,55,53,55,53,55,55,55,56,55,57,56,58,56,59,56,56,54,53,51,50,48,47,45,0,0,0,0,0,0,0,32,34,35,35,39,40,43,41,44,45,45,46,45,45,46,48,45,47,47,48,50,50,50,50,53,55,55,52
20260726_164847_905931,1785081210361377,509212473,2,2,0,-48,128,0,13,14,13,13,13,13,13,13,13,12,14,13,13,13,14,13,15,14,14,14,15,14,14,12,13,12,0,0,0,0,0,0,0,0,0,0,0,11,11,12,12,13,13,14,14,14,14,14,14,14,14,14,14,14,14,14,14,14,14,14,14,14,13,0,52,50,50,53,48,50,49,52,50,51,53,51,49,53,52,52,54,52,55,55,55,51,51,49,50,48,41,43,0,0,0,0,0,0,0,37,40,42,43,45,46,49,48,51,52,53,52,51,52,51,52,50,51,51,51,48,51,50,52,53,51,51,52
20260726_164847_905931,1785081210458449,509312390,2,2,0,-49,128,0,15,15,14,14,14,14,14,14,14,15,14,14,14,15,15,15,15,15,15,14,15,14,14,13,13,13,0,0,0,0,0,0,0,0,0,0,0,11,12,13,13,14,14,14,14,14,15,14,14,14,14,14,14,15,15,14,14,15,14,14,15,15,15,0,51,54,51,53,50,52,52,51,52,54,53,54,53,54,56,53,56,54,56,56,55,52,50,51,49,47,47,44,0,0,0,0,0,0,0,38,41,42,43,44,47,51,49,50,52,52,53,51,52,52,52,51,52,51,50,51,52,52,53,54,54,53,55
20260726_164847_905931,1785081210565863,509414455,2,2,0,-48,128,0,13,14,13,14,13,13,13,13,13,14,13,13,13,13,14,14,13,14,14,14,14,14,13,12,12,12,0,0,0,0,0,0,0,0,0,0,0,11,11,11,11,12,13,13,13,13,13,13,13,13,12,12,13,13,13,13,13,13,13,13,14,14,15,0,54,54,53,55,54,53,51,50,50,54,52,53,53,53,53,56,53,55,56,54,53,50,49,49,47,46,44,44,0,0,0,0,0,0,0,37,40,41,42,43,45,47,51,51,51,52,50,52,51,49,49,48,49,50,51,53,51,53,53,52,54,54,55
20260726_164847_905931,1785081210661194,509512263,2,2,0,-48,128,0,14,14,14,14,13,13,14,14,14,13,13,13,13,14,14,14,14,15,14,15,14,14,13,13,13,13,0,0,0,0,0,0,0,0,0,0,0,12,14,14,14,14,15,15,15,15,15,15,15,15,14,14,14,14,14,14,14,14,15,14,14,14,15,0,51,51,49,50,49,49,47,48,48,50,50,50,50,50,50,51,53,52,52,52,52,52,51,49,47,44,45,44,0,0,0,0,0,0,0,41,43,45,47,49,52,52,54,56,56,56,56,56,54,53,52,51,52,51,52,51,52,52,51,53,52,51,50
20260726_164847_905931,1785081210758094,509612108,2,2,0,-49,128,0,15,15,15,14,15,14,14,14,14,14,14,14,14,14,15,15,15,15,15,15,15,14,14,14,13,13,0,0,0,0,0,0,0,0,0,0,0,10,11,11,12,12,13,13,13,13,13,13,13,13,13,13,14,14,14,14,14,15,15,15,15,15,15,0,56,55,54,55,53,53,53,53,52,55,55,55,54,55,56,56,57,57,59,57,57,54,54,52,52,49,46,47,0,0,0,0,0,0,0,35,39,39,41,42,44,47,46,50,50,51,51,51,51,52,52,50,53,53,53,52,54,54,56,55,55,56,56
20260726_164847_905931,1785081210861692,509712239,2,2,0,-49,128,0,13,14,14,13,14,13,14,13,13,13,14,14,14,15,15,15,15,16,16,15,15,15,14,14,14,13,0,0,0,0,0,0,0,0,0,0,0,12,12,12,13,13,14,14,14,13,13,13,13,13,13,13,13,13,13,13,13,14,14,14,14,14,14,0,52,52,52,50,52,54,50,49,49,49,52,53,51,54,55,55,55,59,57,57,56,54,52,55,51,52,49,49,0,0,0,0,0,0,0,40,41,44,46,45,50,48,53,53,54,51,53,50,51,50,52,50,48,50,47,51,52,52,51,50,52,51,51
20260726_164847_905931,1785081210963713,509812234,2,2,0,-49,128,0,14,14,14,14,14,14,14,14,14,15,15,15,15,15,16,16,16,16,16,16,16,16,15,16,14,15,0,0,0,0,0,0,0,0,0,0,0,10,11,11,11,12,12,13,12,12,13,13,13,13,12,13,12,12,12,13,13,13,13,14,14,14,15,0,54,55,52,53,55,54,52,53,53,55,55,57,55,57,56,61,59,59,59,60,60,59,57,55,55,53,50,51,0,0,0,0,0,0,0,35,36,38,39,41,43,43,45,48,45,47,45,46,48,45,45,46,47,45,47,48,49,49,50,50,50,52,53
20260726_164847_905931,1785081211060361,509912104,2,2,0,-48,128,0,14,14,14,14,14,14,13,13,13,13,13,13,13,14,14,14,14,15,15,14,14,14,13,13,13,12,0,0,0,0,0,0,0,0,0,0,0,9,10,10,11,12,12,12,13,13,13,13,13,13,13,13,12,13,12,12,13,13,13,13,14,14,14,0,55,53,52,54,50,51,53,52,53,53,53,53,52,55,55,55,56,55,55,56,53,54,52,51,51,48,48,45,0,0,0,0,0,0,0,35,36,37,40,41,43,45,45,47,46,49,49,46,47,48,49,46,48,47,48,49,50,51,49,50,51,53,53
20260726_164847_905931,1785081211172843,510021484,2,2,0,-49,128,0,16,15,15,15,14,15,15,14,15,15,15,15,14,15,16,16,16,16,16,16,16,15,15,14,14,13,0,0,0,0,0,0,0,0,0,0,0,10,10,11,11,11,12,12,13,13,13,13,13,13,13,13,13,14,14,14,14,14,15,15,15,15,16,0,56,58,55,55,55,56,54,55,53,57,57,55,55,56,58,58,59,58,61,58,58,56,55,54,53,52,50,49,0,0,0,0,0,0,0,31,33,35,37,39,41,42,42,45,45,47,46,47,48,47,47,47,49,49,51,50,53,52,55,56,54,56,56
20260726_164847_905931,1785081211262616,510114169,2,2,0,-49,128,0,13,13,14,14,14,13,13,13,14,13,13,13,13,14,14,14,15,15,14,14,14,14,14,14,14,13,0,0,0,0,0,0,0,0,0,0,0,10,11,11,12,11,12,12,12,13,11,11,11,12,12,12,11,12,12,12,12,13,13,13,13,13,13,0,51,51,51,53,52,50,54,51,53,54,54,56,55,53,55,56,58,59,57,55,55,54,58,56,53,53,51,49,0,0,0,0,0,0,0,36,39,40,43,42,43,45,46,46,47,46,47,46,47,45,46,46,44,44,46,47,46,47,50,53,49,52,53
20260726_164847_905931,1785081211364309,510213122,2,2,0,-49,128,0,14,15,15,15,14,14,14,15,15,15,16,15,16,16,16,16,16,16,17,16,16,16,15,16,15,15,0,0,0,0,0,0,0,0,0,0,0,11,12,12,13,12,13,13,13,13,13,13,12,13,12,12,12,12,12,13,13,13,14,14,14,14,14,0,54,57,56,56,54,55,53,54,57,57,57,57,58,59,59,60,60,62,62,62,62,60,58,58,57,55,51,51,0,0,0,0,0,0,0,37,38,40,41,41,45,43,47,46,46,49,48,44,45,45,46,44,46,46,48,45,49,48,50,51,52,52,53
20260726_164847_905931,1785081211466537,510315525,2,2,0,-48,128,0,14,14,14,14,14,14,14,14,14,13,14,13,14,14,14,15,14,15,16,15,15,15,14,14,13,14,0,0,0,0,0,0,0,0,0,0,0,9,9,9,9,9,11,10,11,11,11,11,11,11,11,11,11,12,11,12,12,12,13,13,13,13,14,0,54,54,53,55,55,55,54,53,53,53,56,55,53,57,57,58,58,61,61,59,58,56,55,55,52,53,48,49,0,0,0,0,0,0,0,28,32,33,34,36,37,38,40,42,44,42,41,45,44,45,45,45,45,46,45,48,50,49,51,50,53,54,53
20260726_164847_905931,1785081211561881,510413257,2,2,0,-48,128,0,15,15,15,15,15,15,14,14,14,14,14,14,14,15,15,15,15,16,16,15,15,15,14,14,14,14,0,0,0,0,0,0,0,0,0,0,0,10,11,10,12,12,12,12,13,13,13,13,13,13,13,13,12,13,13,13,13,13,14,14,14,14,15,0,53,53,54,52,53,52,52,53,53,54,55,53,52,55,56,59,57,58,59,57,58,57,54,52,54,52,49,48,0,0,0,0,0,0,0,34,35,38,39,41,42,44,45,45,47,48,47,45,49,46,47,47,48,48,48,50,51,50,51,52,52,54,55
20260726_164847_905931,1785081211658394,510512017,2,2,0,-51,128,0,13,13,13,13,13,13,13,13,13,14,14,14,14,14,14,14,14,14,14,14,14,14,14,13,13,13,0,0,0,0,0,0,0,0,0,0,0,10,11,11,11,12,11,11,12,12,12,12,12,12,12,12,11,12,11,12,13,13,13,13,13,13,13,0,54,52,52,52,52,53,51,52,52,54,55,53,54,53,54,57,58,58,59,57,58,52,54,54,52,51,47,50,0,0,0,0,0,0,0,34,39,37,41,42,43,44,45,46,47,46,46,47,47,46,46,47,45,46,49,47,49,47,51,52,50,53,54
20260726_164847_905931,1785081211761798,510612010,2,2,0,-51,128,0,16,15,16,15,15,15,15,15,15,15,16,15,15,16,16,16,16,16,16,16,16,15,15,15,14,14,0,0,0,0,0,0,0,0,0,0,0,7,8,8,8,9,10,10,10,10,10,10,11,11,11,11,12,12,12,13,13,13,14,15,15,15,15,0,58,57,58,58,57,57,57,55,57,59,59,57,57,60,60,61,61,60,62,61,59,59,57,57,54,53,51,50,0,0,0,0,0,0,0,24,26,28,29,30,32,34,35,36,38,39,38,39,40,41,42,43,44,47,48,48,50,52,53,53,54,56,55
20260726_164847_905931,1785081211864751,510714880,2,2,0,-51,128,0,14,15,14,14,14,14,14,14,14,14,15,15,14,15,16,16,16,16,16,15,16,15,15,15,15,15,0,0,0,0,0,0,0,0,0,0,0,10,11,11,12,12,12,12,13,13,13,12,12,12,12,12,12,12,12,13,13,13,13,14,14,14,14,0,55,55,56,54,55,54,54,54,54,56,56,57,56,59,58,60,60,61,63,60,62,60,58,57,57,56,52,53,0,0,0,0,0,0,0,36,38,40,41,42,43,45,48,47,49,49,48,47,46,48,47,47,46,48,48,49,50,50,53,50,53,54,52
20260726_164847_905931,1785081211960951,510814159,2,2,0,-51,128,0,14,14,14,14,14,14,14,14,14,15,15,15,14,16,16,16,16,17,17,16,16,16,16,15,15,15,0,0,0,0,0,0,0,0,0,0,0,9,9,9,9,10,10,11,11,11,11,11,11,11,11,11,11,11,12,12,13,13,13,13,14,14,14,0,54,54,53,55,54,55,55,55,56,58,59,58,57,60,60,62,62,64,64,63,64,62,60,59,59,58,55,55,0,0,0,0,0,0,0,30,30,32,34,34,37,37,38,40,40,41,40,40,41,41,42,42,43,43,45,45,47,48,49,50,50,52,51
20260726_164847_905931,1785081212060144,510911993,2,2,0,-48,128,0,13,13,13,13,12,12,13,13,13,13,13,13,13,13,13,14,14,14,14,14,13,13,13,13,13,13,0,0,0,0,0,0,0,0,0,0,0,10,11,11,12,12,12,13,13,13,13,13,13,13,13,12,13,13,13,13,13,13,13,13,13,13,13,0,53,51,51,52,49,50,49,49,51,49,49,50,51,54,52,56,55,55,54,55,55,53,50,50,51,51,45,45,0,0,0,0,0,0,0,36,39,41,43,44,46,47,49,52,53,51,51,51,51,50,51,51,49,49,48,49,49,51,53,52,52,55,53
20260726_164847_905931,1785081212161936,511012319,2,2,0,-52,128,0,13,13,13,13,13,13,13,13,13,13,13,14,13,14,15,15,15,15,16,16,15,14,14,14,14,14,0,0,0,0,0,0,0,0,0,0,0,10,10,10,11,11,11,12,12,12,12,12,12,12,12,11,12,12,12,12,13,13,13,13,13,13,13,0,53,50,52,50,51,50,50,51,51,52,54,53,53,55,54,58,56,59,58,57,58,57,54,55,54,55,50,52,0,0,0,0,0,0,0,34,37,37,41,39,44,43,46,46,46,47,46,46,47,46,45,46,46,47,45,48,48,49,50,50,51,51,53
20260726_164847_905931,1785081212264135,511113189,2,2,0,-52,128,0,14,14,14,14,15,15,15,15,15,15,15,15,15,16,16,17,17,17,17,17,17,17,18,17,17,16,0,0,0,0,0,0,0,0,0,0,0,10,10,11,11,12,12,12,12,12,12,11,11,11,11,11,11,12,12,12,13,13,13,13,13,13,13,0,26,26,27,26,26,27,27,28,27,28,29,30,30,32,31,32,32,34,34,34,34,32,31,32,31,31,29,30,0,0,0,0,0,0,0,17,18,19,19,20,21,21,22,22,23,22,22,22,22,21,21,21,21,21,22,22,23,23,24,24,24,24,24
20260726_164847_905931,1785081212363788,511212445,2,2,0,-52,128,0,14,14,14,14,14,14,14,14,14,15,15,15,15,15,16,16,16,16,17,17,17,17,17,17,16,16,0,0,0,0,0,0,0,0,0,0,0,10,10,11,11,11,11,11,12,12,12,12,12,12,12,12,11,11,12,12,12,12,13,13,13,14,14,0,27,27,27,26,27,27,27,27,27,28,28,29,29,30,30,31,32,33,32,32,32,31,32,31,31,31,30,30,0,0,0,0,0,0,0,17,18,18,20,20,21,22,22,22,23,23,22,22,22,22,22,22,23,23,23,22,23,24,25,24,25,26,24
20260726_164847_905931,1785081212458940,511312051,2,2,0,-52,128,0,13,14,13,13,13,13,13,13,14,14,15,15,15,16,16,16,16,16,17,17,17,17,17,17,16,16,0,0,0,0,0,0,0,0,0,0,0,11,11,12,12,13,13,13,13,13,13,13,13,13,13,13,13,13,13,13,13,12,13,13,14,14,13,0,48,49,51,50,50,50,50,51,51,52,55,55,56,57,58,60,62,62,64,64,65,63,63,62,62,62,60,60,0,0,0,0,0,0,0,37,39,40,42,44,46,47,49,48,50,48,49,48,47,47,46,47,47,47,46,47,47,48,49,47,48,47,48
20260726_164847_905931,1785081212560229,511412385,2,2,0,-52,128,0,14,15,14,14,13,14,14,14,14,14,14,14,14,15,15,15,16,15,16,15,16,15,15,15,14,14,0,0,0,0,0,0,0,0,0,0,0,12,12,13,14,14,14,14,14,14,15,13,13,13,13,13,13,13,13,13,14,14,14,14,14,15,14,0,51,53,51,52,50,52,50,51,50,55,54,54,54,54,57,56,60,58,59,58,60,56,58,56,54,52,53,51,0,0,0,0,0,0,0,43,44,45,45,51,49,53,51,53,53,53,55,52,51,51,50,47,51,48,50,48,50,51,52,54,52,53,50
20260726_164847_905931,1785081212662155,511511773,2,2,0,-49,128,0,14,15,14,15,14,13,13,13,13,14,14,14,14,14,15,15,15,15,15,15,15,14,14,14,13,14,0,0,0,0,0,0,0,0,0,0,0,9,9,9,10,11,11,11,12,12,12,12,12,12,12,12,12,13,12,13,13,13,14,14,14,14,14,0,55,53,54,52,54,54,54,53,54,54,55,56,53,56,57,60,56,60,59,57,57,55,54,52,52,52,48,48,0,0,0,0,0,0,0,30,33,35,35,37,38,40,42,45,45,44,45,46,47,45,46,47,48,49,46,51,51,51,51,52,53,52,53
20260726_164847_905931,1785081212762292,511612692,2,2,0,-51,128,0,16,14,16,15,14,15,15,15,14,15,15,15,15,15,16,16,16,16,16,16,16,15,15,15,14,14,0,0,0,0,0,0,0,0,0,0,0,12,13,13,14,14,14,14,14,14,14,14,14,13,13,13,13,13,13,14,14,14,14,14,14,14,14,0,50,53,58,51,52,53,52,53,55,57,56,53,57,56,53,57,57,57,60,57,56,54,55,53,52,51,50,49,0,0,0,0,0,0,0,41,44,44,45,47,48,48,50,52,52,51,49,50,47,48,50,47,48,48,48,50,46,48,50,52,48,48,48
20260726_164847_905931,1785081212857290,511711610,2,2,0,-49,128,0,14,14,14,14,14,14,14,14,14,14,14,14,14,14,14,15,14,15,14,15,15,14,14,13,13,13,0,0,0,0,0,0,0,0,0,0,0,8,8,8,9,10,10,10,11,11,11,11,11,11,11,11,11,11,11,12,12,13,13,13,14,14,15,0,59,57,57,58,57,58,55,56,55,57,57,59,57,59,57,61,59,60,59,59,58,57,54,54,53,53,47,47,0,0,0,0,0,0,0,31,33,34,35,37,39,39,40,40,42,42,43,43,43,45,46,45,45,49,47,51,52,53,52,55,55,57,57
20260726_164847_905931,1785081212958851,511811910,2,2,0,-48,128,0,15,14,14,15,14,14,14,14,14,14,14,13,14,14,14,14,14,14,14,14,14,14,13,13,13,12,0,0,0,0,0,0,0,0,0,0,0,9,10,10,11,11,12,12,12,12,12,13,12,12,13,13,13,13,13,13,14,14,14,15,15,15,15,0,59,58,56,55,55,53,53,53,53,54,54,52,54,53,53,54,54,55,54,54,54,53,51,49,49,46,45,44,0,0,0,0,0,0,0,33,36,36,38,40,43,45,45,46,47,49,48,50,50,50,51,50,52,52,52,51,53,54,55,57,57,58,58
20260726_164847_905931,1785081213060648,511912183,2,2,0,-48,128,0,14,14,14,13,13,13,13,13,13,13,13,13,13,13,13,14,14,14,14,13,13,13,12,13,11,12,0,0,0,0,0,0,0,0,0,0,0,11,11,11,12,12,13,13,13,13,13,14,13,13,13,13,13,13,13,13,13,13,13,13,15,14,14,0,55,54,54,54,52,52,51,51,50,52,54,51,52,52,52,54,54,54,54,54,54,51,50,50,48,48,45,44,0,0,0,0,0,0,0,38,40,42,44,44,47,49,50,53,51,52,52,53,52,54,53,52,52,53,51,53,54,54,55,54,55,54,56
20260726_164847_905931,1785081213162982,512011963,2,2,0,-50,128,0,14,15,15,15,14,14,14,14,14,14,14,14,14,15,16,16,16,16,16,16,15,15,15,15,15,14,0,0,0,0,0,0,0,0,0,0,0,10,10,11,11,12,12,12,12,12,13,12,13,12,12,12,12,12,12,13,13,13,13,13,13,14,14,0,54,53,55,54,55,53,52,55,55,53,55,55,56,57,56,60,59,61,62,61,59,59,57,55,55,54,48,52,0,0,0,0,0,0,0,35,36,38,41,40,44,43,47,45,47,48,47,46,45,48,47,48,46,47,45,48,50,48,52,50,50,54,53
20260726_164847_905931,1785081213257315,512111666,2,2,0,-51,128,0,13,14,14,14,14,14,13,13,15,14,14,14,14,15,15,15,16,16,16,15,15,15,14,14,14,13,0,0,0,0,0,0,0,0,0,0,0,8,8,8,9,9,9,9,9,9,9,9,9,9,8,8,9,9,9,10,11,11,12,12,13,13,13,0,54,56,58,57,57,58,57,58,58,60,60,60,61,62,62,63,64,64,64,63,63,61,60,58,56,55,52,51,0,0,0,0,0,0,0,32,33,34,35,35,38,39,37,37,39,37,38,37,35,38,37,37,37,38,40,42,44,46,46,48,50,52,54
20260726_164847_905931,1785081213357840,512211913,2,2,0,-51,128,0,16,15,16,15,15,15,15,15,15,16,15,15,15,16,16,16,16,16,16,16,16,15,15,15,14,13,0,0,0,0,0,0,0,0,0,0,0,11,11,12,12,12,13,13,13,13,13,13,12,12,12,12,13,13,13,13,13,13,14,14,14,15,14,0,57,58,55,56,57,57,56,56,55,57,57,57,56,57,58,57,60,59,60,58,59,57,56,54,53,51,49,48,0,0,0,0,0,0,0,37,39,41,42,43,45,46,47,47,48,48,48,47,46,48,48,47,48,47,48,48,50,50,52,53,54,54,55
20260726_164847_905931,1785081213459172,512312321,2,2,0,-52,128,0,14,14,14,14,14,14,15,15,15,15,15,14,15,15,15,15,15,16,16,16,16,16,15,15,14,14,0,0,0,0,0,0,0,0,0,0,0,9,10,10,10,10,10,11,10,11,11,10,10,11,11,10,10,10,11,11,12,12,13,13,13,14,14,0,53,53,56,53,55,56,54,55,55,55,57,56,56,59,58,61,59,63,61,60,62,58,57,57,54,56,51,53,0,0,0,0,0,0,0,33,34,34,37,38,40,41,42,42,42,43,40,41,39,41,40,41,40,43,41,46,47,48,47,49,51,51,51
20260726_164847_905931,1785081213567736,512417846,2,2,0,-51,128,0,14,14,14,14,14,14,14,14,14,14,15,14,14,15,16,16,16,16,16,15,16,16,15,15,14,14,0,0,0,0,0,0,0,0,0,0,0,11,12,12,12,13,12,13,13,13,13,13,13,13,12,12,13,13,13,12,13,13,13,14,14,14,14,0,53,54,53,51,50,52,52,51,52,55,55,55,55,56,57,58,58,59,59,59,58,57,56,54,51,51,48,47,0,0,0,0,0,0,0,36,39,40,43,43,45,46,48,50,49,51,47,49,48,48,48,47,47,47,47,48,48,48,51,50,51,52,53
20260726_164847_905931,1785081213658712,512511074,2,2,0,-50,128,0,14,14,14,14,14,14,14,14,15,15,15,15,15,16,16,16,16,16,16,16,16,16,15,15,14,15,0,0,0,0,0,0,0,0,0,0,0,10,10,11,12,12,12,12,13,13,13,13,13,13,13,13,12,12,12,13,13,13,14,14,14,15,14,0,56,53,53,55,54,54,54,54,53,56,57,57,56,59,60,59,62,61,61,62,60,60,56,56,53,52,51,49,0,0,0,0,0,0,0,34,35,35,40,40,41,44,45,45,45,46,48,45,45,44,44,44,44,44,45,47,48,48,51,48,51,50,49
20260726_164847_905931,1785081213760356,512612433,2,2,0,-49,128,0,15,15,15,14,14,14,14,14,14,15,15,14,14,15,15,15,14,15,15,15,15,14,14,13,12,13,0,0,0,0,0,0,0,0,0,0,0,10,11,11,12,12,13,12,13,13,13,13,13,13,13,13,13,13,13,13,13,13,14,13,15,15,15,0,56,55,56,55,54,56,54,53,54,56,55,55,55,57,55,58,57,58,57,56,55,54,51,51,50,48,45,46,0,0,0,0,0,0,0,34,37,38,41,42,44,45,46,46,48,49,49,49,50,48,48,49,49,51,49,50,52,54,52,53,55,54,56
20260726_164847_905931,1785081213860981,512712231,2,2,0,-50,128,0,13,13,13,13,13,13,12,14,12,13,13,13,13,14,14,15,14,15,15,14,14,14,13,13,14,13,0,0,0,0,0,0,0,0,0,0,0,10,12,12,12,13,13,13,14,14,14,13,13,13,13,13,13,13,12,12,12,12,13,13,13,13,13,0,51,52,50,50,48,52,50,50,50,53,52,53,54,55,56,56,57,55,57,56,56,56,54,52,53,53,47,47,0,0,0,0,0,0,0,38,41,44,44,47,48,52,47,53,54,55,53,49,50,49,52,50,48,48,49,49,49,50,51,50,51,51,50
20260726_164847_905931,1785081213962805,512811852,2,2,0,-48,128,0,14,14,14,13,14,13,13,13,14,14,14,14,14,14,14,14,15,15,14,14,15,14,14,14,13,14,0,0,0,0,0,0,0,0,0,0,0,11,12,12,13,13,14,14,14,14,14,14,14,14,14,13,14,14,13,14,14,14,14,14,14,14,14,0,51,54,53,52,53,53,51,53,51,53,53,53,54,54,53,56,57,56,58,56,54,54,55,53,50,49,48,48,0,0,0,0,0,0,0,39,43,43,47,47,48,51,53,53,53,53,54,53,50,53,51,51,51,49,51,51,53,52,51,51,52,52,50
20260726_164847_905931,1785081214063980,512912743,2,2,0,-50,128,0,15,14,15,13,14,14,14,14,14,15,15,15,14,16,15,15,16,16,16,15,16,15,14,14,14,14,0,0,0,0,0,0,0,0,0,0,0,11,11,11,11,12,13,12,13,13,13,13,12,13,12,13,12,12,12,13,12,13,13,13,13,14,13,0,54,53,55,53,56,56,53,53,55,55,56,55,56,56,55,59,56,59,59,56,57,57,55,54,53,54,50,51,0,0,0,0,0,0,0,35,38,40,42,43,46,47,47,48,48,48,47,47,47,45,45,47,45,46,46,48,49,47,51,48,50,54,54
20260726_164847_905931,1785081214160793,513012271,2,2,0,-50,128,0,14,15,14,15,14,14,14,14,14,15,14,14,14,14,15,15,15,15,14,14,15,14,14,14,14,13,0,0,0,0,0,0,0,0,0,0,0,10,11,11,11,12,11,12,12,11,12,12,12,12,12,12,13,13,13,13,13,13,13,13,14,15,14,0,55,59,57,54,57,56,56,54,56,56,57,55,55,57,56,56,58,60,59,58,57,55,53,54,51,51,48,46,0,0,0,0,0,0,0,34,38,38,41,40,42,43,46,46,46,47,46,47,45,47,46,48,48,48,50,50,51,54,52,55,56,55,59
20260726_164847_905931,1785081214262284,513112330,2,2,0,-49,128,0,15,15,15,15,15,15,14,14,14,14,14,14,14,14,15,15,15,15,15,15,15,15,14,14,13,12,0,0,0,0,0,0,0,0,0,0,0,9,9,9,9,9,10,10,10,10,11,10,10,10,10,10,11,11,11,11,13,13,14,14,14,14,15,0,57,58,59,57,57,58,56,56,56,57,56,56,56,59,58,60,59,61,59,58,58,56,55,53,53,52,46,46,0,0,0,0,0,0,0,30,33,34,35,33,39,38,39,40,40,41,39,39,40,42,42,45,44,45,46,47,49,52,54,52,52,57,55
20260726_164847_905931,1785081214363597,513212403,2,2,0,-48,128,0,15,15,15,15,15,15,15,15,15,15,16,15,15,15,15,15,15,16,16,15,15,14,14,14,13,13,0,0,0,0,0,0,0,0,0,0,0,9,9,9,9,10,10,10,10,10,10,11,11,11,11,11,12,12,13,13,13,14,14,15,15,14,15,0,59,59,59,57,57,59,58,57,57,58,60,57,58,57,59,60,58,60,60,59,58,56,54,53,51,49,48,48,0,0,0,0,0,0,0,30,32,32,35,36,36,37,39,40,40,41,41,42,43,44,44,44,47,46,49,51,52,52,54,57,56,58,59
20260726_164847_905931,1785081214458687,513312252,2,2,0,-49,128,0,13,15,15,15,13,15,13,13,14,14,14,14,14,15,14,15,14,15,15,15,14,14,14,14,14,13,0,0,0,0,0,0,0,0,0,0,0,10,10,10,11,11,11,11,12,11,12,11,11,11,11,11,12,12,12,12,13,13,13,14,14,14,15,0,54,53,56,57,56,55,54,54,55,57,56,56,57,56,57,58,60,58,59,58,57,55,54,53,51,50,49,47,0,0,0,0,0,0,0,36,39,38,40,41,43,43,44,45,44,45,45,45,45,44,43,45,46,46,47,48,50,51,50,53,53,54,54
20260726_164847_905931,1785081214560160,513411957,2,2,0,-49,128,0,16,16,16,16,15,15,15,15,15,15,15,16,16,16,17,16,16,16,16,16,16,15,15,14,15,14,0,0,0,0,0,0,0,0,0,0,0,9,9,10,10,11,11,11,11,12,12,12,12,12,12,12,13,13,13,14,14,14,15,15,15,15,16,0,60,58,59,58,57,57,58,56,56,57,57,58,57,59,60,61,59,60,60,60,59,57,55,53,54,52,49,48,0,0,0,0,0,0,0,30,33,34,35,36,37,38,38,41,42,42,43,43,44,42,44,43,47,46,47,48,51,52,55,55,56,57,59
20260726_164847_905931,1785081214661291,513511550,2,2,0,-49,128,0,15,16,15,16,15,14,16,16,16,16,16,16,16,16,16,17,16,16,16,16,16,16,15,14,14,14,0,0,0,0,0,0,0,0,0,0,0,9,10,10,10,10,11,11,11,11,11,12,12,12,12,12,12,13,13,13,13,14,14,14,14,16,15,0,60,58,58,55,58,58,57,58,58,57,58,58,59,62,59,63,60,63,63,60,59,57,55,55,55,58,48,50,0,0,0,0,0,0,0,31,34,34,37,37,38,39,41,42,42,43,39,42,44,44,44,47,45,50,47,50,52,52,56,53,54,57,60
20260726_164847_905931,1785081214764675,513613269,2,2,0,-48,128,0,15,15,15,15,15,15,15,14,14,15,15,14,14,15,16,16,16,16,16,15,14,14,14,14,13,13,0,0,0,0,0,0,0,0,0,0,0,10,11,12,12,12,12,13,13,13,14,13,14,14,14,14,14,14,14,14,14,15,15,15,16,15,15,0,55,59,59,58,57,57,56,55,53,56,56,58,55,55,56,57,58,57,57,55,56,54,53,51,48,48,46,45,0,0,0,0,0,0,0,36,38,38,40,43,45,46,48,49,48,50,50,49,49,48,49,51,51,51,53,54,56,57,56,54,57,55,57
20260726_164847_905931,1785081214861542,513715627,2,2,0,-49,128,0,14,14,15,15,14,14,15,15,15,15,15,15,14,15,15,16,15,16,16,16,16,15,14,14,14,13,0,0,0,0,0,0,0,0,0,0,0,9,9,9,11,10,11,11,11,11,11,11,11,11,11,12,12,12,13,14,13,14,14,14,14,14,14,0,60,57,57,56,57,55,55,56,56,56,58,57,57,59,57,60,59,60,60,60,58,59,55,55,52,53,48,48,0,0,0,0,0,0,0,30,33,35,37,36,38,39,40,42,43,43,42,43,44,44,46,48,45,49,49,49,51,52,55,55,57,57,60
20260726_164847_905931,1785081214964039,513813160,2,2,0,-48,128,0,14,14,14,14,14,13,14,13,14,14,14,14,14,15,15,15,15,15,14,14,15,13,13,13,13,12,0,0,0,0,0,0,0,0,0,0,0,7,8,8,8,9,9,10,10,10,10,10,11,11,10,11,11,11,11,13,13,13,13,14,13,13,14,0,59,58,57,57,56,58,55,57,57,58,59,57,57,57,57,59,59,59,61,57,57,54,53,53,51,51,47,45,0,0,0,0,0,0,0,28,30,30,31,33,35,36,38,37,41,42,42,42,43,43,44,43,46,46,48,49,50,52,53,55,56,56,57
20260726_164847_905931,1785081215060793,513913016,2,2,0,-47,128,0,14,14,14,14,14,14,14,14,14,14,14,14,14,14,14,14,15,14,15,14,14,14,13,13,13,12,0,0,0,0,0,0,0,0,0,0,0,8,9,9,9,10,10,11,11,12,12,12,11,12,12,12,12,12,13,13,14,14,14,14,14,14,14,0,54,57,55,55,55,55,55,54,53,55,53,54,55,54,56,55,55,55,57,54,53,53,52,50,48,48,46,43,0,0,0,0,0,0,0,30,32,31,33,36,38,39,40,43,44,44,47,45,44,46,45,47,48,49,49,50,53,54,52,54,55,55,55
20260726_164847_905931,1785081215158634,514012558,2,2,0,-47,128,0,15,15,15,15,15,14,14,14,14,15,15,14,14,14,15,15,15,15,14,15,15,14,14,13,13,12,0,0,0,0,0,0,0,0,0,0,0,9,9,9,9,10,10,11,11,11,11,11,12,12,12,12,13,12,13,13,13,13,13,15,14,15,15,0,57,57,57,57,55,56,54,56,54,55,55,55,55,57,57,60,57,57,57,58,57,53,53,51,48,48,45,45,0,0,0,0,0,0,0,30,31,33,36,36,37,39,40,42,43,44,45,45,45,45,46,47,50,49,50,51,54,54,55,56,56,56,57
20260726_164847_905931,1785081215259847,514112960,2,2,0,-48,128,0,15,15,15,14,14,14,14,14,14,14,14,14,14,15,15,15,15,15,15,15,15,14,14,13,13,13,0,0,0,0,0,0,0,0,0,0,0,9,9,10,10,11,11,11,12,13,13,13,13,13,13,13,13,13,13,14,13,14,15,15,15,15,15,0,55,56,57,56,54,54,54,53,53,54,55,54,53,54,55,55,56,55,57,55,54,53,52,51,49,48,46,45,0,0,0,0,0,0,0,30,32,34,37,37,39,41,41,45,46,46,47,48,48,49,48,48,50,50,51,53,53,55,54,57,57,58,58
20260726_164847_905931,1785081215360655,514212185,2,2,0,-49,128,0,14,14,14,14,14,14,14,14,14,14,14,14,14,15,15,15,14,15,15,15,15,14,14,14,13,13,0,0,0,0,0,0,0,0,0,0,0,10,10,11,11,11,11,11,12,11,12,12,11,11,12,12,11,12,12,13,13,12,13,13,13,14,14,0,52,54,55,56,51,55,54,51,52,54,56,54,53,56,58,58,59,60,58,58,59,56,55,53,51,51,48,48,0,0,0,0,0,0,0,35,38,37,39,41,41,44,44,46,45,47,46,45,45,46,44,45,46,46,46,49,48,49,51,51,51,54,55
20260726_164847_905931,1785081215489721,514338640,2,2,0,-49,128,0,15,15,15,14,14,14,14,14,15,15,16,14,15,15,15,15,16,15,15,16,15,14,13,13,13,13,0,0,0,0,0,0,0,0,0,0,0,10,11,11,11,12,12,12,13,13,13,13,13,13,13,13,12,13,13,14,14,14,15,14,14,15,15,0,57,57,58,56,58,58,54,54,54,54,57,57,57,58,54,57,55,58,58,58,57,54,53,52,52,50,47,48,0,0,0,0,0,0,0,35,37,39,40,41,42,44,44,46,46,48,45,48,46,48,46,47,45,49,48,50,53,52,54,54,54,56,56
20260726_164847_905931,1785081215564590,514415903,2,2,0,-49,128,0,15,15,15,15,14,15,15,15,15,16,16,15,15,16,16,16,16,16,16,16,16,16,14,14,13,14,0,0,0,0,0,0,0,0,0,0,0,9,10,10,11,11,11,12,11,12,12,12,12,12,12,12,12,12,13,13,13,14,14,14,14,15,15,0,59,59,58,58,56,57,56,59,55,58,59,58,57,59,59,60,60,60,60,60,58,57,56,54,52,51,50,50,0,0,0,0,0,0,0,34,35,35,37,38,40,42,43,43,43,45,46,45,45,45,45,46,46,47,48,50,51,53,54,55,56,57,55
20260726_164847_905931,1785081215660289,514513638,2,2,0,-48,128,0,15,15,14,14,14,14,14,14,14,15,15,15,14,15,15,15,15,15,15,15,15,15,14,14,13,13,0,0,0,0,0,0,0,0,0,0,0,11,11,12,12,12,13,13,14,14,13,13,13,13,13,13,13,13,14,14,14,14,15,14,15,15,15,0,53,56,54,55,52,53,54,53,53,55,53,54,56,56,55,57,55,56,57,56,56,55,53,51,51,48,47,47,0,0,0,0,0,0,0,36,37,39,40,42,44,46,47,48,49,50,51,49,49,49,50,50,49,48,50,50,52,54,53,54,52,54,55
20260726_164847_905931,1785081215763690,514612034,2,2,0,-49,128,0,15,15,15,15,14,14,14,14,14,14,14,14,14,14,14,15,15,15,15,14,15,14,14,14,14,13,0,0,0,0,0,0,0,0,0,0,0,11,12,12,13,13,14,14,14,14,14,14,14,14,14,14,14,14,14,14,15,15,15,15,15,16,15,0,54,55,53,54,54,53,52,51,51,52,53,53,52,53,53,55,55,52,55,56,54,53,52,50,49,45,46,47,0,0,0,0,0,0,0,39,40,42,44,47,48,50,49,51,51,52,54,52,52,51,52,51,53,50,53,53,53,54,55,54,55,57,53
20260726_164847_905931,1785081215865774,514714310,2,2,0,-48,128,0,15,14,14,14,14,14,14,14,13,13,13,13,13,13,14,14,14,14,14,14,14,13,13,13,12,12,0,0,0,0,0,0,0,0,0,0,0,11,11,11,12,13,13,14,14,14,14,14,14,14,13,14,13,13,13,14,14,14,14,14,15,14,14,0,55,56,52,53,51,52,49,50,51,51,52,51,51,51,52,53,52,52,53,52,52,50,49,49,47,45,45,44,0,0,0,0,0,0,0,36,39,41,41,43,46,48,49,50,51,53,52,51,51,51,51,51,51,52,52,53,52,53,52,55,52,56,53
20260726_164847_905931,1785081215962600,514813128,2,2,0,-48,128,0,14,13,14,14,13,13,13,13,13,14,14,13,13,14,14,14,14,14,14,14,13,13,13,12,11,11,0,0,0,0,0,0,0,0,0,0,0,10,11,12,12,13,13,13,13,13,14,14,14,14,14,14,14,14,14,14,13,14,15,14,14,15,15,0,55,52,52,50,52,50,49,50,50,51,51,50,50,50,51,52,52,51,51,51,51,49,49,47,45,44,43,42,0,0,0,0,0,0,0,37,39,40,43,44,45,48,50,50,53,52,53,53,52,52,52,52,53,52,53,54,53,55,54,56,56,57,56
20260726_164847_905931,1785081216065686,514915643,2,2,0,-48,128,0,15,14,14,14,14,14,14,14,13,14,14,13,13,14,14,14,14,14,15,14,14,13,13,13,13,12,0,0,0,0,0,0,0,0,0,0,0,10,10,11,11,12,12,13,12,12,13,12,13,13,13,12,13,13,13,13,13,13,14,14,14,15,15,0,52,56,55,54,54,53,52,53,51,55,54,54,52,52,55,56,55,55,53,55,55,52,52,50,48,47,47,45,0,0,0,0,0,0,0,33,37,37,39,42,43,44,46,46,48,48,49,49,49,49,49,49,50,49,52,53,52,54,54,53,56,56,54
20260726_164847_905931,1785081216163217,515012719,2,2,0,-48,128,0,15,15,14,14,14,14,14,14,14,14,15,14,14,15,15,15,15,15,15,15,15,14,14,14,13,13,0,0,0,0,0,0,0,0,0,0,0,12,13,13,14,14,15,16,15,15,15,15,15,15,14,15,15,14,15,15,15,14,16,15,15,15,15,0,52,53,54,52,51,51,50,50,50,52,52,50,52,53,53,55,52,55,55,53,54,50,50,49,49,45,44,45,0,0,0,0,0,0,0,41,40,43,45,47,50,52,52,55,55,54,55,56,55,53,53,53,52,54,53,53,54,54,52,53,55,52,53
20260726_164847_905931,1785081216259399,515112187,2,2,0,-48,128,0,17,16,16,15,16,16,16,16,16,16,17,16,16,17,16,17,17,16,17,17,17,17,16,15,15,14,0,0,0,0,0,0,0,0,0,0,0,11,11,13,13,13,13,14,14,14,14,14,14,14,14,14,14,14,14,15,15,14,15,15,16,16,15,0,56,57,53,58,55,51,53,54,54,57,56,53,57,57,58,58,58,57,57,57,59,53,52,51,50,48,48,47,0,0,0,0,0,0,0,37,38,38,39,41,44,45,46,44,46,48,48,47,47,47,44,47,49,48,48,48,50,51,54,52,58,54,54
20260726_164847_905931,1785081216361873,515212213,2,2,0,-49,128,0,13,13,14,14,13,13,13,13,13,13,14,13,13,14,14,15,14,14,14,15,14,14,14,14,13,13,0,0,0,0,0,0,0,0,0,0,0,11,11,12,12,13,12,13,12,13,14,13,12,12,12,12,12,12,12,13,13,13,13,13,14,13,14,0,53,52,53,51,51,51,51,51,50,51,53,54,53,54,55,57,57,56,57,57,57,55,54,51,50,51,48,47,0,0,0,0,0,0,0,40,40,42,42,45,47,49,49,50,51,51,51,49,50,49,49,49,49,49,48,49,49,49,51,51,53,53,53
20260726_164847_905931,1785081216463267,515311823,2,2,0,-48,128,0,15,13,14,13,13,13,13,13,13,13,13,13,13,13,13,14,14,14,14,13,13,13,13,12,12,12,0,0,0,0,0,0,0,0,0,0,0,11,11,12,12,12,13,14,14,14,14,13,13,13,13,13,13,13,13,14,14,14,15,14,15,15,15,0,54,54,54,51,51,52,52,50,51,50,52,50,50,51,52,54,53,53,54,52,52,50,48,49,46,46,44,44,0,0,0,0,0,0,0,38,40,43,43,44,48,49,50,51,52,54,53,50,52,51,52,52,50,52,52,54,52,54,54,54,55,55,55
20260726_164847_905931,1785081216559670,515412715,2,2,0,-48,128,0,16,16,16,16,15,15,15,15,14,15,15,15,15,15,16,16,16,16,16,16,15,15,15,14,14,14,0,0,0,0,0,0,0,0,0,0,0,11,11,12,13,13,13,13,13,13,13,13,13,13,13,13,13,13,14,14,14,14,15,15,14,16,15,0,57,56,55,54,55,54,55,53,53,57,56,56,55,56,56,58,59,57,56,58,57,53,53,52,51,49,47,47,0,0,0,0,0,0,0,34,38,39,40,43,45,48,47,48,50,52,50,50,50,50,50,50,50,52,50,52,52,53,53,52,55,55,56
20260726_164847_905931,1785081216662005,515512103,2,2,0,-49,128,0,15,15,15,14,14,14,14,13,13,14,14,13,13,14,14,14,14,14,15,14,13,13,13,13,13,13,0,0,0,0,0,0,0,0,0,0,0,11,11,11,12,13,14,13,14,14,14,14,14,14,14,13,14,14,14,14,14,14,14,14,14,15,15,0,57,55,53,53,52,53,54,52,53,54,54,53,53,51,54,53,54,54,55,54,53,52,50,50,48,45,45,44,0,0,0,0,0,0,0,37,39,41,43,45,47,50,48,52,52,53,52,51,52,50,50,49,52,50,52,51,52,54,56,52,56,55,53
20260726_164847_905931,1785081216759551,515612235,2,2,0,-49,128,0,15,15,16,15,15,15,15,15,15,15,16,15,16,15,16,16,16,16,16,16,16,16,15,15,14,14,0,0,0,0,0,0,0,0,0,0,0,9,9,10,10,11,11,11,11,11,11,11,11,11,11,12,12,12,12,13,13,13,14,14,15,15,15,0,57,57,58,59,57,58,58,58,58,59,58,59,59,59,61,62,64,62,61,63,63,58,58,56,53,55,50,48,0,0,0,0,0,0,0,31,32,35,35,36,36,38,41,42,42,44,42,44,42,42,43,43,44,47,48,49,52,52,54,54,54,54,58
20260726_164847_905931,1785081216861249,515712236,2,2,0,-50,128,0,14,14,14,14,14,14,14,14,14,14,14,14,14,14,15,15,15,15,15,15,14,14,14,13,13,13,0,0,0,0,0,0,0,0,0,0,0,9,10,10,10,11,11,11,11,12,12,11,12,12,12,12,12,12,12,13,13,13,14,13,14,14,14,0,56,55,56,56,53,54,54,55,54,53,56,55,54,55,57,57,57,58,59,56,56,54,53,55,51,49,46,48,0,0,0,0,0,0,0,32,34,35,39,40,42,41,45,45,46,45,46,46,47,48,47,47,49,48,49,50,51,51,52,52,55,55,54
20260726_164847_905931,1785081216962531,515812144,2,2,0,-51,128,0,14,14,14,14,14,14,14,14,14,14,15,14,14,15,15,15,15,15,16,16,16,15,15,13,13,14,0,0,0,0,0,0,0,0,0,0,0,9,10,11,11,11,11,12,12,12,12,12,12,13,12,12,12,12,12,12,14,14,14,14,14,14,14,0,55,55,54,55,54,56,56,55,55,57,57,56,57,57,58,59,60,60,60,59,59,57,56,54,53,52,50,49,0,0,0,0,0,0,0,34,35,37,37,40,40,44,44,45,46,47,47,46,47,46,46,46,48,47,49,49,52,52,54,54,55,54,54
20260726_164847_905931,1785081217059790,515912111,2,2,0,-50,128,0,14,14,14,14,14,14,15,14,15,15,15,15,15,16,16,16,16,16,16,16,16,16,15,15,14,14,0,0,0,0,0,0,0,0,0,0,0,11,11,11,11,12,13,13,13,13,13,13,13,12,13,13,13,13,13,14,14,14,15,15,14,14,15,0,53,53,56,54,52,55,54,54,54,55,56,55,56,58,58,58,59,59,61,58,59,56,55,54,55,51,51,50,0,0,0,0,0,0,0,35,36,39,40,41,42,45,45,47,47,47,47,46,47,44,47,46,48,46,48,48,49,49,54,53,53,56,54
20260726_164847_905931,1785081217161607,516012140,2,2,0,-49,128,0,14,13,14,14,14,14,14,13,14,14,14,13,13,14,14,14,14,15,15,15,15,14,13,13,12,12,0,0,0,0,0,0,0,0,0,0,0,8,8,8,9,9,10,11,11,11,11,11,11,11,11,11,11,12,12,12,13,13,13,13,14,14,14,0,57,52,55,54,55,55,55,53,54,55,54,55,57,59,56,60,58,60,57,59,55,58,52,52,53,53,47,48,0,0,0,0,0,0,0,29,31,32,36,35,38,38,40,40,43,45,45,43,44,47,45,47,46,47,47,49,48,52,54,52,55,55,57
20260726_164847_905931,1785081217259287,516112334,2,2,0,-49,128,0,14,14,14,14,14,14,14,14,14,14,15,13,13,14,14,14,15,14,14,14,14,13,14,13,13,13,0,0,0,0,0,0,0,0,0,0,0,9,9,9,9,11,11,11,11,11,11,11,12,12,12,12,12,13,13,14,14,14,14,14,14,14,15,0,58,59,56,59,56,56,54,57,56,56,56,56,55,56,58,56,58,57,58,55,56,53,52,51,50,48,46,46,0,0,0,0,0,0,0,31,31,34,34,36,39,40,42,44,46,45,45,48,47,46,47,47,48,50,51,51,53,54,55,57,56,59,55
20260726_164847_905931,1785081217361865,516212255,2,2,0,-49,128,0,14,15,15,15,14,15,15,14,14,15,15,15,15,15,16,16,16,16,16,16,16,15,16,15,15,14,0,0,0,0,0,0,0,0,0,0,0,10,10,11,11,12,11,12,12,13,13,13,13,13,13,13,13,13,14,13,13,13,14,14,15,15,14,0,54,54,54,55,55,53,55,52,52,55,55,56,55,57,57,58,60,59,60,59,59,57,55,54,54,53,50,50,0,0,0,0,0,0,0,34,35,35,38,40,42,43,43,43,45,45,48,45,44,46,48,46,45,47,49,48,50,51,52,52,52,53,53
20260726_164847_905931,1785081217464118,516313614,2,2,0,-49,128,0,15,15,15,15,14,14,14,15,14,14,15,15,15,15,15,16,16,16,16,16,16,14,16,14,14,14,0,0,0,0,0,0,0,0,0,0,0,9,9,10,10,11,11,11,11,11,12,11,12,12,12,12,11,13,12,13,14,14,14,14,14,14,14,0,59,57,56,56,55,56,54,55,54,54,57,57,57,56,57,59,58,59,59,59,62,58,56,56,53,54,50,50,0,0,0,0,0,0,0,31,33,33,36,38,39,40,42,44,44,44,44,43,45,44,45,46,47,47,50,49,50,52,54,55,53,56,57
20260726_164847_905931,1785081217561546,516411848,2,2,0,-50,128,0,13,13,13,13,13,13,13,13,14,14,14,14,14,14,14,15,15,15,15,16,16,16,15,15,14,15,0,0,0,0,0,0,0,0,0,0,0,9,9,9,10,10,11,11,11,11,11,11,11,12,11,11,11,11,11,12,12,12,12,12,13,13,13,0,52,50,54,52,54,52,50,51,50,51,55,53,54,56,56,60,58,61,62,61,62,59,58,59,58,57,52,54,0,0,0,0,0,0,0,32,34,36,38,37,40,42,43,44,43,44,43,44,44,43,43,44,44,46,44,46,45,47,48,50,50,52,51
20260726_164847_905931,1785081217663372,516511884,2,2,0,-50,128,0,14,14,13,13,13,13,13,13,13,13,14,14,13,15,15,15,15,16,15,15,16,15,15,15,14,14,0,0,0,0,0,0,0,0,0,0,0,10,11,10,11,12,12,12,12,13,13,13,13,13,13,13,12,12,12,13,13,13,13,13,14,14,14,0,26,25,26,26,26,25,25,26,26,27,27,26,26,28,28,28,29,29,29,30,29,28,28,28,28,27,26,25,0,0,0,0,0,0,0,17,19,19,20,20,22,22,23,23,24,25,24,24,23,23,23,24,23,23,23,23,24,25,24,25,25,25,27
20260726_164847_905931,1785081217760139,516613178,2,2,0,-50,128,0,13,14,14,14,14,14,14,14,15,15,16,16,16,16,16,16,16,16,18,17,17,17,16,16,16,15,0,0,0,0,0,0,0,0,0,0,0,10,10,10,11,11,11,11,12,11,11,11,11,11,11,11,11,11,11,12,12,12,13,13,13,13,14,0,27,26,27,27,28,28,28,28,29,28,30,29,29,31,32,32,33,33,34,33,34,32,32,32,31,29,28,29,0,0,0,0,0,0,0,17,18,19,18,20,20,21,22,23,22,22,23,22,21,21,21,21,21,23,22,22,23,24,23,25,25,26,27
20260726_164847_905931,1785081217861616,516712826,2,2,0,-50,128,0,13,13,13,13,13,13,14,14,14,14,14,14,14,15,16,16,16,16,17,17,16,16,16,16,15,15,0,0,0,0,0,0,0,0,0,0,0,9,8,8,9,9,10,10,10,10,10,10,10,10,10,9,10,9,10,10,11,11,12,12,12,12,13,0,55,51,52,55,55,52,53,54,56,59,59,57,61,62,64,63,65,65,66,65,66,62,64,62,62,58,57,57,0,0,0,0,0,0,0,28,31,33,33,35,36,39,40,40,41,40,41,39,42,39,41,40,41,41,43,42,45,46,46,48,50,51,51
20260726_164847_905931,1785081217957997,516811988,2,2,0,-50,128,0,14,14,14,14,14,14,14,14,14,15,15,15,15,16,16,16,17,17,17,17,17,17,16,16,16,16,0,0,0,0,0,0,0,0,0,0,0,10,11,11,11,11,11,12,11,11,11,11,11,11,11,11,12,12,12,12,13,13,13,13,13,13,13,0,52,53,53,53,53,54,54,55,56,57,57,58,56,58,61,60,63,64,65,63,63,61,63,59,61,58,55,56,0,0,0,0,0,0,0,32,35,36,37,39,39,42,43,44,42,43,45,44,43,43,42,42,44,42,45,44,45,47,49,50,50,50,52
20260726_164847_905931,1785081218060287,516912096,2,2,0,-50,128,0,14,14,14,15,14,14,14,14,15,15,15,15,15,16,16,16,16,17,17,16,17,16,16,16,16,15,0,0,0,0,0,0,0,0,0,0,0,9,9,9,10,10,10,10,10,11,10,10,11,10,10,10,11,11,11,12,12,12,13,13,14,14,14,0,27,28,27,28,27,28,28,27,28,29,30,30,30,30,32,32,32,33,33,33,33,31,30,30,30,29,29,28,0,0,0,0,0,0,0,15,16,17,17,17,18,19,19,21,20,20,20,20,20,19,20,21,22,22,22,22,23,23,24,26,26,26,26
20260726_164847_905931,1785081218161789,517012082,2,2,0,-50,128,0,13,13,13,14,13,14,13,14,13,14,14,14,14,15,15,15,16,16,16,16,16,16,15,15,15,14,0,0,0,0,0,0,0,0,0,0,0,9,9,10,10,11,10,11,11,10,11,10,10,10,10,10,10,10,11,11,12,12,12,12,13,13,13,0,26,26,26,26,26,26,26,26,26,28,28,27,27,27,29,29,30,30,31,30,31,30,30,30,28,27,27,27,0,0,0,0,0,0,0,16,16,17,17,19,19,20,20,20,21,22,21,20,21,20,21,20,21,21,22,23,22,23,23,24,25,26,26
20260726_164847_905931,1785081218258408,517112496,2,2,0,-50,128,0,14,14,14,15,14,15,15,15,15,16,16,16,16,16,17,17,17,17,17,17,17,17,16,16,16,15,0,0,0,0,0,0,0,0,0,0,0,9,9,10,10,10,11,11,11,11,11,11,11,11,11,11,12,12,12,12,12,13,13,14,13,14,14,0,54,55,57,56,56,56,56,55,55,57,60,58,61,62,60,64,65,65,66,63,64,62,62,60,58,60,52,57,0,0,0,0,0,0,0,30,33,33,34,35,37,38,40,41,43,42,42,41,42,43,42,44,44,44,44,45,47,48,49,52,54,52,54
20260726_164847_905931,1785081218359914,517212588,2,2,0,-51,128,0,14,14,14,14,14,15,15,15,15,16,16,15,16,16,16,16,16,17,18,17,17,17,16,16,16,16,0,0,0,0,0,0,0,0,0,0,0,10,10,11,11,11,11,11,12,12,12,12,12,12,12,11,11,11,11,12,12,13,13,13,13,14,13,0,54,54,55,54,54,54,55,55,55,57,57,58,59,62,60,64,62,64,63,63,64,63,61,61,60,61,56,56,0,0,0,0,0,0,0,32,35,36,38,38,41,41,42,41,44,43,43,42,42,40,42,42,41,43,43,45,45,47,51,49,51,53,53
20260726_164847_905931,1785081218462154,517312143,2,2,0,-50,128,0,14,13,14,14,13,13,13,14,14,14,14,14,14,15,16,15,16,16,16,16,16,16,16,15,15,14,0,0,0,0,0,0,0,0,0,0,0,11,11,11,11,12,12,13,13,13,12,12,12,12,12,12,12,12,12,13,12,13,13,13,13,13,13,0,51,52,52,52,51,52,50,52,53,54,55,54,57,56,57,59,60,60,60,59,61,59,58,57,57,56,54,55,0,0,0,0,0,0,0,34,36,38,41,43,42,45,47,47,46,46,46,45,47,46,47,44,45,46,46,46,48,46,49,50,52,51,53
20260726_164847_905931,1785081218560184,517411822,2,2,0,-50,128,0,14,14,14,14,14,14,14,14,14,15,15,15,15,15,15,16,16,16,16,16,16,16,16,15,15,15,0,0,0,0,0,0,0,0,0,0,0,9,9,9,10,10,10,10,10,10,10,10,10,10,11,11,11,11,12,12,13,13,13,13,13,14,14,0,56,57,57,57,56,57,56,54,56,59,60,56,57,59,60,62,63,63,65,62,63,63,61,60,58,56,56,55,0,0,0,0,0,0,0,30,30,32,34,35,37,39,38,41,40,40,42,41,41,43,43,41,44,45,46,46,49,52,50,53,56,54,55
20260726_164847_905931,1785081218660469,517512031,2,2,0,-50,128,0,14,14,14,14,14,14,14,15,15,15,15,15,15,15,16,16,16,16,16,16,16,16,16,16,15,14,0,0,0,0,0,0,0,0,0,0,0,10,11,11,12,12,12,13,13,13,13,13,13,13,12,12,13,12,13,12,13,13,14,14,14,14,14,0,54,56,53,53,56,54,53,57,54,56,58,57,57,57,60,59,63,62,62,60,60,61,59,57,58,55,53,53,0,0,0,0,0,0,0,36,39,39,41,43,44,47,47,48,49,47,48,48,47,47,44,46,47,46,47,49,49,50,50,52,52,54,52
20260726_164847_905931,1785081218763551,517612148,2,2,0,-49,128,0,15,15,14,14,14,14,14,14,15,14,15,15,14,15,16,16,16,16,16,16,16,15,15,15,15,15,0,0,0,0,0,0,0,0,0,0,0,9,10,10,11,12,12,12,12,13,12,12,12,12,12,12,12,13,13,13,14,14,14,14,14,14,14,0,56,54,53,53,55,55,53,53,52,54,56,57,56,57,57,58,60,62,61,60,59,58,57,58,55,55,53,52,0,0,0,0,0,0,0,32,33,35,38,37,42,43,43,46,46,46,46,46,45,46,46,47,45,46,48,49,50,50,51,52,52,53,52
20260726_164847_905931,1785081218860651,517713276,2,2,0,-49,128,0,15,16,15,15,15,15,15,14,15,15,15,15,14,16,15,16,16,15,15,15,15,15,14,14,14,14,0,0,0,0,0,0,0,0,0,0,0,9,10,10,11,11,11,11,12,12,13,12,13,13,13,13,13,13,13,14,14,14,15,15,15,15,15,0,58,58,59,57,56,58,57,56,54,57,58,58,57,59,58,61,59,61,59,60,60,58,56,56,54,52,50,50,0,0,0,0,0,0,0,31,32,35,35,39,38,42,44,44,45,45,46,46,46,47,48,47,48,50,50,52,52,53,55,55,57,56,57
20260726_164847_905931,1785081218957490,517812005,2,2,0,-51,128,0,14,14,15,15,14,14,15,14,15,15,15,15,15,15,16,16,16,16,16,16,15,15,15,14,14,14,0,0,0,0,0,0,0,0,0,0,0,6,7,7,8,8,9,9,9,10,10,10,10,10,11,11,11,12,12,12,13,13,13,14,14,14,14,0,28,27,28,28,28,28,28,27,28,28,29,28,29,29,30,30,30,31,30,30,30,29,28,27,27,26,24,25,0,0,0,0,0,0,0,10,12,12,13,14,15,16,17,17,18,19,19,21,21,20,21,21,21,22,23,23,24,24,25,26,26,27,27
20260726_164847_905931,1785081219059606,517913832,2,2,0,-48,128,0,14,16,16,15,15,15,15,14,14,14,15,15,14,14,14,14,14,14,14,14,14,14,13,13,13,12,0,0,0,0,0,0,0,0,0,0,0,9,9,9,9,10,11,11,12,12,12,12,13,13,13,13,13,13,13,14,14,14,15,15,15,15,15,0,58,58,59,57,56,57,56,55,57,57,57,56,55,57,55,58,58,57,59,55,55,54,51,51,49,48,44,45,0,0,0,0,0,0,0,30,31,34,35,36,38,41,43,43,45,45,45,47,47,49,47,49,50,51,52,53,55,56,57,57,57,59,58
20260726_164847_905931,1785081219162012,518013703,2,2,0,-49,128,0,15,15,14,14,14,14,14,14,14,14,14,14,14,15,15,15,15,15,15,15,15,14,13,14,13,13,0,0,0,0,0,0,0,0,0,0,0,10,10,11,11,11,12,13,13,13,13,13,13,13,13,13,13,13,13,13,14,14,15,15,15,15,15,0,56,53,56,54,52,52,50,52,51,52,52,52,53,54,53,56,55,55,55,54,54,52,51,48,49,49,46,44,0,0,0,0,0,0,0,34,34,36,40,42,42,45,45,47,47,50,48,49,49,48,50,50,50,50,51,52,53,52,55,54,53,56,57
20260726_164847_905931,1785081219263719,518114097,2,2,0,-49,128,0,14,14,13,14,13,13,13,13,13,13,14,13,13,14,14,14,14,15,15,14,14,14,13,13,13,13,0,0,0,0,0,0,0,0,0,0,0,10,11,11,11,12,12,12,12,12,12,12,12,12,12,12,12,12,12,13,13,13,13,14,14,14,14,0,56,52,53,53,53,52,53,52,51,51,55,54,53,56,55,57,54,58,56,57,55,54,52,51,51,51,46,46,0,0,0,0,0,0,0,37,38,39,42,42,45,44,48,46,47,49,49,48,46,47,46,48,48,48,49,50,49,50,51,51,50,53,53
20260726_164847_905931,1785081219359565,518212480,2,2,0,-48,128,0,14,14,14,13,13,13,13,13,13,13,14,14,14,14,14,14,14,14,14,14,14,14,13,12,12,12,0,0,0,0,0,0,0,0,0,0,0,11,11,12,12,13,13,13,13,14,14,13,13,13,13,13,13,13,13,13,14,14,14,14,14,14,14,0,52,54,51,54,51,51,51,51,50,52,51,51,50,52,54,51,55,52,54,52,52,52,52,47,47,46,45,43,0,0,0,0,0,0,0,38,39,44,42,46,46,51,49,52,52,51,51,51,50,51,51,51,51,51,53,50,54,52,53,52,53,54,52
20260726_164847_905931,1785081219462617,518311790,2,2,0,-48,128,0,14,14,13,14,13,13,13,13,13,13,13,13,13,14,14,14,14,14,14,14,14,13,13,12,12,12,0,0,0,0,0,0,0,0,0,0,0,10,11,11,12,12,12,12,13,14,14,14,14,13,13,13,13,14,14,14,13,15,14,15,15,15,14,0,55,54,53,52,52,54,53,50,50,52,51,50,51,51,53,54,53,54,55,54,52,50,50,49,48,48,45,44,0,0,0,0,0,0,0,37,38,41,43,44,46,48,48,50,49,52,50,52,52,51,51,49,53,50,52,52,52,53,52,54,55,54,55
20260726_164847_905931,1785081219564727,518413701,2,2,0,-49,128,0,14,14,14,14,14,14,13,13,13,13,13,13,13,14,14,14,14,14,14,14,14,13,13,13,12,12,0,0,0,0,0,0,0,0,0,0,0,11,12,12,13,13,13,14,14,14,14,14,14,13,13,13,14,14,14,14,14,14,15,15,15,14,14,0,56,54,53,54,53,51,51,52,51,53,54,51,53,53,54,53,52,53,53,52,53,53,50,49,47,46,44,44,0,0,0,0,0,0,0,37,40,43,44,46,48,49,50,52,52,55,54,53,54,53,51,50,51,53,52,53,55,53,55,55,55,55,55
20260726_164847_905931,1785081219661157,518513213,2,2,0,-48,128,0,14,14,14,14,14,14,14,14,13,14,14,13,13,13,14,14,14,14,14,14,14,13,14,14,13,13,0,0,0,0,0,0,0,0,0,0,0,9,9,10,10,11,11,12,11,12,13,12,13,13,12,13,12,13,13,13,13,13,14,13,14,14,14,0,55,53,54,54,54,54,51,52,53,54,53,55,53,55,56,54,55,56,58,55,56,53,54,49,49,49,47,46,0,0,0,0,0,0,0,32,34,35,38,39,42,43,44,44,47,47,48,46,48,48,47,48,49,49,49,50,52,51,54,53,55,56,54
20260726_164847_905931,1785081219762428,518614237,2,2,0,-51,128,0,16,16,16,16,16,16,16,16,16,17,17,17,17,17,18,18,19,19,19,19,18,18,18,17,17,17,0,0,0,0,0,0,0,0,0,0,0,9,9,9,10,10,11,11,11,11,11,11,11,11,11,12,12,13,13,14,14,14,15,15,15,16,16,0,28,28,29,29,28,30,30,28,29,29,29,30,31,31,31,33,31,32,33,34,31,30,31,31,31,30,27,27,0,0,0,0,0,0,0,14,15,16,16,17,17,17,18,19,19,19,19,18,20,19,19,20,21,22,22,22,24,24,25,25,26,25,28
20260726_164847_905931,1785081219864602,518714166,2,2,0,-48,128,0,15,16,15,15,15,15,14,14,14,14,14,14,13,15,14,15,16,15,14,14,14,14,15,14,13,13,0,0,0,0,0,0,0,0,0,0,0,9,10,11,11,12,12,12,13,13,13,13,13,14,13,13,13,14,14,14,14,15,15,15,15,15,15,0,59,58,56,57,55,56,53,56,54,57,55,55,55,56,57,56,57,55,58,55,60,55,55,53,50,50,49,47,0,0,0,0,0,0,0,35,36,38,37,43,42,45,46,48,49,49,51,50,49,50,51,50,52,52,53,54,53,56,57,57,57,60,57
20260726_164847_905931,1785081219959380,518813441,2,2,0,-49,128,0,14,15,15,15,14,14,14,14,14,15,15,15,15,16,16,16,16,16,16,16,16,16,15,15,15,14,0,0,0,0,0,0,0,0,0,0,0,9,9,10,10,10,11,10,12,11,12,12,12,12,12,12,11,13,13,13,13,13,14,14,14,14,15,0,56,56,58,58,57,58,58,56,54,58,59,57,56,58,59,60,60,63,63,60,62,59,57,55,57,55,51,54,0,0,0,0,0,0,0,32,34,34,35,38,38,40,43,42,45,44,43,46,44,45,46,44,46,48,49,49,51,52,51,54,56,57,55
20260726_164847_905931,1785081220067129,518916519,2,2,0,-48,128,0,14,14,14,14,14,14,14,14,14,14,14,13,14,14,14,14,14,15,15,15,14,14,13,13,13,13,0,0,0,0,0,0,0,0,0,0,0,7,8,8,9,9,10,10,10,11,11,11,11,11,11,11,12,12,13,12,13,13,13,14,14,14,14,0,59,55,57,56,56,53,55,54,54,56,56,54,55,59,58,58,57,60,59,58,57,56,55,52,53,51,47,49,0,0,0,0,0,0,0,27,29,32,34,34,36,36,39,41,40,43,42,43,45,45,45,45,48,49,49,51,50,52,52,54,54,55,57
20260726_164847_905931,1785081220162167,519012400,2,2,0,-49,128,0,15,15,15,16,15,15,15,14,15,16,15,16,15,16,16,17,17,17,17,17,17,16,16,15,15,15,0,0,0,0,0,0,0,0,0,0,0,9,9,10,9,10,11,11,11,12,12,11,12,12,12,12,12,12,13,12,14,14,15,14,15,15,16,0,55,56,56,58,56,56,56,55,57,58,58,57,58,60,61,61,64,61,63,60,63,62,60,56,56,57,53,53,0,0,0,0,0,0,0,29,31,32,35,36,37,39,40,41,42,44,45,43,45,45,44,45,46,49,48,49,49,52,54,55,56,56,55
20260726_164847_905931,1785081220270224,519121224,2,2,0,-49,128,0,14,15,14,15,15,14,14,15,14,15,15,15,16,16,16,17,16,16,16,17,16,16,15,15,14,15,0,0,0,0,0,0,0,0,0,0,0,9,9,10,10,10,11,11,11,11,12,12,12,12,12,12,12,12,13,13,14,14,14,14,14,14,15,0,56,59,58,57,54,55,55,53,54,57,58,57,56,58,58,61,60,62,64,62,59,60,59,58,57,57,51,54,0,0,0,0,0,0,0,32,34,32,36,37,37,41,43,44,44,43,44,43,45,45,45,45,46,44,49,51,49,48,50,49,50,55,56
20260726_164847_905931,1785081220362011,519216364,2,2,0,-49,128,0,16,15,16,16,16,16,16,15,15,16,16,16,16,16,17,16,16,17,17,16,17,17,16,16,16,15,0,0,0,0,0,0,0,0,0,0,0,8,8,8,9,9,11,10,11,11,11,11,11,11,11,11,11,11,11,12,13,13,13,14,15,15,15,0,54,50,54,55,59,55,54,54,55,56,59,56,58,60,57,62,61,63,63,63,63,61,58,57,58,57,54,54,0,0,0,0,0,0,0,26,28,31,33,32,33,36,39,40,39,40,39,40,44,42,42,43,42,43,46,47,45,47,47,50,51,53,48
20260726_164847_905931,1785081220465111,519317395,2,2,0,-50,128,0,14,14,13,14,13,14,14,14,14,15,14,14,14,15,15,15,16,16,16,15,16,15,15,15,15,14,0,0,0,0,0,0,0,0,0,0,0,7,8,8,8,9,8,9,9,10,10,9,10,9,10,9,10,10,11,10,11,12,12,13,12,13,13,0,27,26,26,28,27,27,29,27,28,28,29,28,29,29,30,31,31,31,31,31,31,31,30,30,28,28,26,26,0,0,0,0,0,0,0,13,14,14,15,15,17,18,17,17,20,20,19,18,19,20,20,19,21,20,22,22,22,24,24,25,25,25,26
20260726_164847_905931,1785081220602381,519456824,2,2,0,-50,128,0,15,15,16,15,15,15,15,15,15,15,16,15,15,15,16,15,16,16,16,16,16,16,15,15,14,14,0,0,0,0,0,0,0,0,0,0,0,9,9,9,9,10,10,11,10,11,11,11,11,11,11,11,11,12,12,12,12,13,14,13,14,15,15,0,56,56,59,59,58,59,59,56,56,59,61,57,59,60,60,61,60,63,64,62,61,59,58,58,54,54,53,52,0,0,0,0,0,0,0,29,31,32,35,35,38,38,39,39,40,41,41,40,40,41,42,42,43,43,44,47,47,50,51,54,53,53,58
20260726_164847_905931,1785081220658866,519512160,2,2,0,-50,128,0,14,14,14,14,14,14,14,14,14,15,15,15,14,16,15,16,16,16,16,16,16,15,15,14,14,14,0,0,0,0,0,0,0,0,0,0,0,8,9,9,9,9,9,9,10,10,10,11,10,11,11,11,11,11,11,11,12,12,13,13,13,14,14,0,56,54,55,57,55,54,57,54,58,57,57,56,57,59,60,61,62,62,61,61,63,59,58,57,55,55,53,50,0,0,0,0,0,0,0,26,27,30,34,34,33,35,37,37,37,40,41,40,39,41,42,42,41,42,43,46,46,48,51,50,52,54,54
20260726_164847_905931,1785081220760377,519612140,2,2,0,-49,128,0,14,14,14,14,14,14,14,14,14,14,14,14,14,14,14,15,15,15,15,15,15,14,14,14,13,13,0,0,0,0,0,0,0,0,0,0,0,9,9,9,9,9,10,10,11,11,11,11,11,11,11,11,11,11,11,11,11,13,13,13,13,14,14,0,56,56,56,57,56,56,54,55,54,56,57,57,55,58,58,60,59,61,61,59,59,58,56,56,54,52,50,51,0,0,0,0,0,0,0,30,33,34,35,37,40,40,40,42,43,43,42,43,43,45,43,45,46,45,47,46,48,50,48,51,52,55,55
20260726_164847_905931,1785081220863377,519712476,2,2,0,-49,128,0,14,14,14,14,14,14,13,14,14,14,14,14,14,14,14,15,15,15,16,15,15,14,13,14,13,13,0,0,0,0,0,0,0,0,0,0,0,8,8,8,9,9,10,10,11,10,10,11,11,11,11,11,11,11,12,11,11,12,13,13,13,13,13,0,56,54,55,57,54,55,55,55,54,57,57,55,55,57,59,59,59,59,61,58,60,57,57,55,54,53,51,49,0,0,0,0,0,0,0,31,33,33,34,36,38,40,40,41,42,43,42,42,42,42,42,43,44,45,45,47,48,50,49,52,53,53,54
20260726_164847_905931,1785081220959704,519811799,2,2,0,-50,128,0,13,14,13,14,13,14,14,13,13,14,14,14,14,14,15,15,15,15,15,15,15,14,14,14,13,13,0,0,0,0,0,0,0,0,0,0,0,9,9,9,10,10,10,10,10,10,11,10,10,11,10,10,11,11,11,12,12,12,12,13,13,13,13,0,58,56,54,57,56,55,56,54,58,56,57,57,57,59,58,58,60,58,60,60,59,58,55,55,55,53,49,49,0,0,0,0,0,0,0,32,34,35,35,39,38,40,42,42,43,42,45,43,44,45,44,44,45,44,45,47,49,51,51,53,53,53,54
20260726_164847_905931,1785081221057667,519912016,2,2,0,-49,128,0,14,14,13,14,13,14,14,14,14,14,14,14,14,15,15,15,15,15,15,15,15,14,14,13,13,14,0,0,0,0,0,0,0,0,0,0,0,9,9,10,10,10,10,10,11,11,12,11,11,11,11,11,10,11,12,12,11,12,12,12,13,13,13,0,55,54,52,54,53,56,55,53,55,56,57,54,56,59,55,58,60,60,60,57,58,55,56,54,52,52,49,49,0,0,0,0,0,0,0,32,33,35,36,37,41,41,41,40,41,42,43,42,41,44,43,43,42,44,45,46,47,47,50,49,52,53,52
20260726_164847_905931,1785081221159968,520012148,2,2,0,-49,128,0,14,14,14,14,14,14,13,13,14,14,15,14,14,15,15,16,15,16,16,14,16,14,14,14,13,13,0,0,0,0,0,0,0,0,0,0,0,8,9,9,9,10,10,10,10,10,10,10,11,10,10,11,11,11,11,11,12,12,12,12,13,14,13,0,56,55,54,55,55,57,55,55,56,58,59,57,57,59,59,61,61,61,61,60,60,59,57,56,54,54,50,50,0,0,0,0,0,0,0,30,31,33,34,36,38,39,39,41,42,42,42,41,42,41,43,42,43,44,45,46,47,48,49,52,50,52,57
20260726_164847_905931,1785081221267398,520117503,2,2,0,-49,128,0,15,16,15,16,14,16,16,16,16,17,16,17,17,17,17,17,17,17,17,18,18,16,16,16,16,15,0,0,0,0,0,0,0,0,0,0,0,9,10,10,11,11,11,11,12,12,12,12,13,12,12,12,13,13,13,13,13,13,14,14,14,16,14,0,28,27,29,28,27,29,28,28,29,29,29,28,30,31,30,30,31,30,30,31,30,31,28,28,28,28,26,26,0,0,0,0,0,0,0,14,16,17,18,18,18,21,20,20,21,21,21,21,21,21,21,22,21,22,22,23,22,25,25,25,26,28,26
20260726_164847_905931,1785081221404841,520255193,2,2,0,-49,128,0,14,14,14,14,14,14,14,14,14,14,16,15,14,16,16,16,16,16,16,16,16,15,15,14,14,14,0,0,0,0,0,0,0,0,0,0,0,8,9,9,9,9,10,11,11,11,11,10,11,11,11,11,11,11,11,11,12,12,12,13,13,13,14,0,54,54,53,57,55,57,55,54,55,59,58,56,55,58,59,60,61,61,62,60,60,57,56,57,55,55,52,52,0,0,0,0,0,0,0,30,33,32,35,36,38,39,40,40,41,42,39,42,41,41,40,43,43,44,43,45,46,47,47,50,51,53,54
20260726_164847_905931,1785081221462312,520311514,2,2,0,-49,128,0,14,14,14,14,14,13,13,14,14,15,15,14,14,15,15,15,15,15,15,15,15,15,14,14,13,13,0,0,0,0,0,0,0,0,0,0,0,9,9,9,10,11,11,12,11,12,12,12,12,11,11,11,11,12,12,12,12,13,13,13,13,13,14,0,57,54,55,56,55,56,54,54,55,57,57,57,56,57,57,58,58,59,58,60,58,57,54,53,52,52,49,49,0,0,0,0,0,0,0,33,34,35,39,40,42,41,44,46,43,44,45,45,45,45,44,44,46,47,47,47,48,49,49,54,52,53,55
20260726_164847_905931,1785081221558240,520412068,2,2,0,-49,128,0,16,16,17,16,16,16,16,15,15,15,16,16,16,16,17,17,17,17,17,16,16,15,15,15,14,14,0,0,0,0,0,0,0,0,0,0,0,9,9,10,11,11,11,11,11,11,12,12,11,12,12,11,13,13,13,14,14,14,14,14,15,15,16,0,57,57,57,57,57,59,56,57,54,58,60,58,55,59,59,61,59,63,61,58,59,55,55,55,53,53,48,48,0,0,0,0,0,0,0,29,31,33,34,35,38,40,40,41,41,41,41,43,43,43,42,44,47,46,45,49,51,51,52,53,56,56,57
20260726_164847_905931,1785081221660483,520512103,2,2,0,-49,128,0,14,15,14,14,14,14,14,14,14,14,14,14,13,14,15,15,15,15,15,15,15,14,14,14,13,13,0,0,0,0,0,0,0,0,0,0,0,8,9,9,10,10,10,11,11,11,12,11,12,12,11,11,12,12,13,13,13,13,14,14,14,14,14,0,57,58,55,56,54,54,55,55,54,55,54,56,54,54,57,58,59,59,59,58,59,56,56,54,54,52,49,50,0,0,0,0,0,0,0,29,34,34,34,36,39,39,42,43,45,44,43,44,44,45,46,45,48,49,49,50,51,51,52,54,54,55,57
20260726_164847_905931,1785081221757126,520612069,2,2,0,-50,128,0,14,14,14,14,14,14,14,14,14,14,15,15,14,15,16,16,16,16,16,16,16,15,15,15,14,14,0,0,0,0,0,0,0,0,0,0,0,8,8,8,9,9,9,9,9,9,10,10,10,10,10,10,11,11,12,11,12,12,13,13,13,14,14,0,27,28,27,29,27,28,27,28,27,29,29,29,29,29,31,30,32,31,32,31,32,31,30,29,28,28,28,27,0,0,0,0,0,0,0,14,15,16,15,16,17,19,19,20,19,19,21,20,21,21,21,21,22,22,24,23,25,25,25,28,26,27,26
20260726_164847_905931,1785081221862061,520712213,2,2,0,-49,128,0,14,14,13,14,13,14,14,14,14,14,14,14,14,14,15,15,15,16,15,15,16,15,15,14,14,13,0,0,0,0,0,0,0,0,0,0,0,8,9,9,9,9,9,10,11,11,11,10,11,11,10,10,11,11,11,11,12,12,12,13,13,13,13,0,27,27,27,28,26,27,27,26,27,28,28,27,28,28,29,30,30,30,30,30,30,28,28,27,26,26,26,25,0,0,0,0,0,0,0,14,15,16,16,17,17,19,19,21,21,21,21,21,21,21,22,21,22,22,23,22,23,24,25,26,26,27,27
20260726_164847_905931,1785081221959226,520811972,2,2,0,-49,128,0,16,16,16,16,16,15,15,15,15,16,17,16,15,16,17,17,17,17,17,17,17,16,16,15,15,14,0,0,0,0,0,0,0,0,0,0,0,9,9,9,10,10,11,11,12,11,11,12,12,12,12,12,12,13,13,13,13,15,15,15,15,15,16,0,57,57,58,60,56,56,56,57,57,59,60,57,56,59,61,62,64,60,61,60,62,58,55,55,56,52,50,50,0,0,0,0,0,0,0,29,31,32,33,35,35,38,38,40,41,42,42,41,43,41,45,44,47,48,48,48,51,50,53,54,53,56,58
20260726_164847_905931,1785081222062855,520914454,2,2,0,-50,128,0,14,15,15,14,15,14,14,14,14,15,15,15,15,16,16,16,16,16,16,16,16,15,15,15,14,14,0,0,0,0,0,0,0,0,0,0,0,10,10,12,12,13,13,13,13,13,14,13,13,13,13,13,14,13,14,14,14,13,15,15,14,14,15,0,56,55,52,55,51,54,53,53,54,55,55,54,53,54,57,58,59,58,58,59,59,56,56,53,55,51,49,49,0,0,0,0,0,0,0,34,34,37,40,40,44,44,46,47,48,47,48,47,49,49,49,47,49,50,51,50,50,52,53,54,52,55,56
20260726_164847_905931,1785081222160153,521013644,2,2,0,-51,128,0,13,13,13,13,13,13,13,13,13,13,13,13,13,14,14,13,14,13,14,14,14,14,13,13,13,12,0,0,0,0,0,0,0,0,0,0,0,10,11,12,12,13,13,13,13,13,13,13,14,14,14,14,13,13,14,14,14,14,14,14,14,15,13,0,54,52,53,51,51,52,52,50,51,50,51,50,51,51,50,53,53,53,53,53,53,52,51,50,49,49,44,46,0,0,0,0,0,0,0,37,39,41,43,45,47,48,50,51,52,54,52,52,52,53,54,52,52,52,53,53,54,54,56,54,55,55,55
20260726_164847_905931,1785081222262391,521111946,2,2,0,-51,128,0,14,14,14,15,14,14,14,14,13,15,15,15,15,15,15,15,15,15,15,15,15,14,14,14,14,13,0,0,0,0,0,0,0,0,0,0,0,11,11,12,13,13,13,14,14,14,14,14,14,14,14,14,14,14,14,14,15,15,15,15,15,15,15,0,55,53,53,53,52,52,50,52,50,52,53,52,51,53,53,56,54,56,56,53,54,52,52,50,48,48,46,45,0,0,0,0,0,0,0,36,38,39,40,44,47,47,49,51,52,51,52,52,52,53,52,51,51,53,52,53,54,54,54,54,57,55,56
20260726_164847_905931,1785081222364679,521214166,2,2,0,-51,128,0,14,14,14,14,14,13,13,13,13,13,14,14,14,14,14,14,14,14,14,14,14,13,13,12,12,12,0,0,0,0,0,0,0,0,0,0,0,14,14,15,15,16,17,17,17,17,17,16,16,16,16,15,15,15,15,16,16,16,15,16,15,15,15,0,51,51,49,50,48,48,47,46,47,49,48,48,48,49,50,49,50,48,50,49,49,47,47,45,44,41,40,40,0,0,0,0,0,0,0,45,47,48,50,55,54,59,57,60,60,61,61,59,59,59,58,56,57,55,55,53,55,55,53,54,53,54,51
20260726_164847_905931,1785081222460972,521311877,2,2,0,-51,128,0,14,14,14,13,14,14,14,13,13,13,14,13,14,14,14,14,14,14,14,14,14,14,13,13,13,13,0,0,0,0,0,0,0,0,0,0,0,13,14,15,15,16,16,16,17,17,16,16,16,16,16,16,15,15,15,15,15,15,15,15,15,15,15,0,26,25,25,25,25,24,24,25,24,24,25,24,25,26,26,26,26,26,26,26,26,25,24,23,23,23,21,21,0,0,0,0,0,0,0,21,22,24,26,25,27,28,29,30,30,30,30,30,29,29,29,28,28,28,27,28,27,27,28,27,27,27,27
20260726_164847_905931,1785081222558498,521412100,2,2,0,-52,128,0,13,13,13,13,12,13,13,13,13,13,13,14,14,14,15,15,15,15,15,15,15,14,13,13,13,13,0,0,0,0,0,0,0,0,0,0,0,10,11,11,11,12,12,13,13,13,13,12,12,12,12,12,12,12,12,12,12,12,13,13,13,13,13,0,52,50,50,51,50,51,51,51,52,53,53,54,54,54,55,57,56,56,57,57,56,54,54,53,52,50,47,48,0,0,0,0,0,0,0,36,39,40,42,44,45,47,48,49,50,51,49,49,49,47,47,47,48,47,46,48,47,49,49,50,50,50,50
20260726_164847_905931,1785081222661132,521511917,2,2,0,-51,128,0,14,14,13,14,14,14,14,14,14,13,14,14,14,15,15,16,16,16,16,16,15,15,14,14,14,14,0,0,0,0,0,0,0,0,0,0,0,11,11,11,12,13,13,13,13,13,13,13,13,13,13,13,13,13,13,13,13,13,13,13,14,14,14,0,52,52,53,51,52,52,52,52,51,53,55,54,55,57,56,58,57,61,59,58,58,55,55,54,52,52,48,48,0,0,0,0,0,0,0,35,38,40,42,43,45,46,48,49,50,50,49,50,49,49,48,48,47,50,48,51,51,51,51,52,53,53,54
20260726_164847_905931,1785081222757992,521612245,2,2,0,-49,128,0,15,15,15,14,13,14,14,13,14,14,14,14,14,15,15,15,15,15,15,15,15,14,14,13,13,13,0,0,0,0,0,0,0,0,0,0,0,9,9,10,10,11,11,11,11,11,11,12,11,12,12,11,12,12,12,13,13,13,14,14,14,15,15,0,56,55,57,55,57,55,55,54,55,55,56,54,56,57,56,58,57,59,59,56,58,56,53,53,52,52,48,47,0,0,0,0,0,0,0,32,35,35,37,40,40,42,44,44,47,46,45,47,47,45,47,47,48,50,48,52,50,53,52,52,54,56,55
20260726_164847_905931,1785081222861086,521712183,2,2,0,-48,128,0,16,16,16,15,15,15,15,14,14,14,15,15,14,14,14,14,14,15,15,14,14,14,14,14,13,13,0,0,0,0,0,0,0,0,0,0,0,9,10,9,11,11,11,11,12,12,12,13,13,13,13,13,13,13,13,14,14,15,15,15,16,16,16,0,60,57,58,57,57,57,54,55,54,54,56,55,55,56,55,56,57,59,57,56,56,54,52,52,50,50,44,46,0,0,0,0,0,0,0,30,33,36,36,36,40,41,45,45,46,47,47,47,47,48,48,51,50,52,52,54,54,54,55,56,57,59,58
20260726_164847_905931,1785081222962782,521812262,2,2,0,-50,128,0,14,14,15,14,14,14,15,14,14,14,15,14,14,16,15,16,16,16,16,15,15,16,14,14,13,14,0,0,0,0,0,0,0,0,0,0,0,10,11,11,11,11,12,12,12,12,12,12,12,12,12,12,11,12,12,13,13,13,13,13,13,13,13,0,53,56,55,55,54,55,53,54,56,59,59,57,57,56,60,59,60,60,63,61,60,59,57,57,56,53,52,51,0,0,0,0,0,0,0,33,35,38,38,40,39,44,43,45,46,46,44,46,46,45,46,44,47,44,49,47,50,51,51,54,54,54,54
20260726_164847_905931,1785081223059498,521912181,2,2,0,-48,128,0,15,15,14,15,15,14,15,15,14,14,14,15,14,15,15,16,15,15,15,15,15,14,14,13,13,13,0,0,0,0,0,0,0,0,0,0,0,9,10,11,11,11,12,12,13,12,13,12,12,12,13,13,13,13,13,13,13,14,13,14,15,15,15,0,55,54,55,55,54,55,53,53,54,55,55,56,56,57,55,55,57,57,58,54,55,54,52,52,48,47,47,47,0,0,0,0,0,0,0,35,35,38,39,41,42,43,46,46,47,49,49,49,48,49,48,48,49,50,50,51,51,53,52,55,54,56,54
20260726_164847_905931,1785081223162056,522012275,2,2,0,-48,128,0,14,15,15,14,14,13,13,13,13,13,13,13,13,13,13,13,13,13,13,13,13,13,13,13,13,12,0,0,0,0,0,0,0,0,0,0,0,12,13,13,14,14,15,16,16,15,16,16,15,16,15,15,15,15,15,15,15,15,15,15,15,16,15,0,51,53,52,50,51,50,48,49,47,49,48,49,47,47,49,49,50,50,50,48,49,47,47,45,42,42,43,43,0,0,0,0,0,0,0,41,42,45,46,49,50,54,55,55,56,58,58,58,56,55,54,54,54,53,53,54,56,55,55,54,53,55,53
20260726_164847_905931,1785081223264027,522112747,2,2,0,-47,128,0,15,14,15,15,14,14,14,14,14,14,15,14,14,15,15,15,15,15,16,15,15,15,14,14,14,14,0,0,0,0,0,0,0,0,0,0,0,12,13,13,13,13,14,15,15,15,15,15,15,14,14,14,14,15,15,15,15,15,14,15,14,15,15,0,53,54,52,52,51,51,51,50,49,53,53,52,51,52,54,54,55,55,56,54,54,52,51,50,50,48,47,47,0,0,0,0,0,0,0,37,38,42,42,45,45,49,50,51,50,52,52,51,51,50,50,50,51,51,49,51,52,52,53,53,53,53,54
20260726_164847_905931,1785081223360666,522214871,2,2,0,-47,128,0,14,14,13,13,13,13,13,13,13,13,13,13,13,14,14,14,14,14,14,14,14,14,13,13,13,12,0,0,0,0,0,0,0,0,0,0,0,11,11,12,13,13,14,14,13,13,13,13,14,13,13,13,13,13,13,13,13,13,14,13,13,14,14,0,53,52,52,52,51,51,50,49,51,51,51,51,51,53,52,53,54,55,53,54,54,53,52,48,49,48,44,45,0,0,0,0,0,0,0,37,42,42,46,46,49,50,50,51,52,54,52,53,53,53,53,52,52,53,51,52,53,54,53,55,52,54,53
20260726_164847_905931,1785081223463738,522312712,2,2,0,-47,128,0,14,15,14,14,14,14,13,13,13,13,14,13,13,13,14,13,14,14,14,14,14,13,13,13,13,11,0,0,0,0,0,0,0,0,0,0,0,11,11,12,13,13,14,13,13,13,14,14,13,13,13,13,13,13,13,13,14,14,14,14,15,15,15,0,52,54,53,53,52,52,50,53,49,52,51,51,51,52,52,52,52,51,53,52,51,51,50,48,46,44,43,42,0,0,0,0,0,0,0,39,41,43,44,46,49,50,52,52,54,54,55,53,52,52,52,51,52,52,53,53,54,54,54,53,54,55,55
20260726_164847_905931,1785081223559876,522412467,2,2,0,-48,128,0,15,15,15,14,14,14,14,13,13,14,14,14,13,15,14,14,14,14,15,14,15,14,13,13,13,12,0,0,0,0,0,0,0,0,0,0,0,10,11,11,11,11,12,13,13,13,13,13,13,13,13,13,13,13,13,13,14,14,14,14,14,14,15,0,56,55,55,54,53,53,53,52,53,52,54,54,54,54,54,56,56,55,54,54,54,51,50,48,49,48,43,43,0,0,0,0,0,0,0,32,35,38,39,41,44,45,47,48,47,50,48,48,49,50,49,49,50,51,51,51,52,52,55,54,52,57,56
20260726_164847_905931,1785081223662065,522512587,2,2,0,-50,128,0,15,14,14,15,14,13,13,13,14,14,14,14,14,14,15,14,15,14,14,14,14,14,14,14,13,13,0,0,0,0,0,0,0,0,0,0,0,11,11,11,12,13,13,13,13,13,14,14,14,14,13,13,13,13,13,13,13,13,14,14,15,15,14,0,55,54,56,55,55,54,53,53,52,53,55,55,53,54,56,57,55,55,53,55,55,55,51,51,49,48,45,45,0,0,0,0,0,0,0,36,38,40,41,44,44,48,49,50,49,54,49,51,49,50,50,50,50,50,52,50,52,52,55,52,55,55,57
20260726_164847_905931,1785081223764203,522612613,2,2,0,-50,128,0,15,14,13,14,13,13,14,13,14,14,14,14,14,14,15,15,15,15,15,14,14,13,13,13,12,12,0,0,0,0,0,0,0,0,0,0,0,11,12,12,12,13,14,14,14,14,14,14,14,14,13,13,13,14,13,13,13,14,14,14,14,15,15,0,55,53,54,54,54,53,51,53,53,55,54,52,52,54,54,56,56,56,55,53,53,51,50,50,47,46,42,43,0,0,0,0,0,0,0,40,41,43,45,47,48,50,52,53,53,54,51,53,52,51,50,49,51,51,51,50,51,51,53,53,54,56,55
20260726_164847_905931,1785081223861040,522711871,2,2,0,-49,128,0,14,13,13,14,14,14,14,13,14,13,13,13,13,13,14,14,13,13,14,14,14,13,13,13,13,13,0,0,0,0,0,0,0,0,0,0,0,9,11,11,11,12,12,12,12,13,12,13,12,12,12,12,12,12,13,13,13,13,13,14,14,15,15,0,54,54,54,53,52,52,50,50,52,53,52,53,51,53,55,53,54,55,54,55,55,52,48,50,48,48,45,43,0,0,0,0,0,0,0,34,36,38,40,42,44,46,47,50,50,49,49,48,49,49,47,47,50,49,49,50,51,52,50,52,54,55,54
20260726_164847_905931,1785081223964188,522813721,2,2,0,-49,128,0,14,13,14,13,13,14,12,12,13,13,13,13,13,14,14,15,14,15,15,14,14,14,14,13,13,13,0,0,0,0,0,0,0,0,0,0,0,10,10,10,11,12,12,12,13,13,13,13,13,13,12,13,12,13,13,13,13,13,13,13,13,13,13,0,51,52,51,51,50,49,51,50,48,53,52,52,53,54,53,54,58,55,58,57,55,55,55,53,52,50,49,49,0,0,0,0,0,0,0,35,36,39,41,43,44,44,45,46,47,49,49,49,48,48,48,48,48,47,50,49,50,50,51,51,51,53,51
20260726_164847_905931,1785081224060654,522912138,2,2,0,-49,128,0,15,15,14,15,14,14,14,14,15,15,15,14,14,15,15,15,15,15,16,15,15,14,15,14,15,14,0,0,0,0,0,0,0,0,0,0,0,11,11,12,12,12,13,13,14,13,14,14,14,14,14,13,14,14,14,14,14,14,14,15,15,15,15,0,54,55,54,51,53,53,52,52,51,53,54,53,51,54,52,56,55,59,59,58,60,54,50,49,53,51,46,46,0,0,0,0,0,0,0,34,35,39,40,41,46,46,48,49,50,51,49,50,50,49,50,49,49,53,50,52,54,53,52,55,55,55,54
20260726_164847_905931,1785081224158225,523012231,2,2,0,-49,128,0,16,16,16,16,15,15,16,15,15,15,16,15,16,15,16,16,16,16,17,17,16,16,15,15,15,14,0,0,0,0,0,0,0,0,0,0,0,10,12,12,12,13,13,13,14,14,14,14,15,14,15,14,15,15,15,15,15,15,16,16,16,16,16,0,55,59,55,57,54,54,53,54,54,56,53,54,55,56,57,57,58,57,59,58,59,57,55,53,53,52,48,49,0,0,0,0,0,0,0,35,36,37,39,43,44,45,45,49,51,50,51,49,52,52,51,52,53,52,52,52,56,55,54,56,55,57,54
20260726_164847_905931,1785081224260451,523111658,2,2,0,-49,128,0,15,15,15,15,14,14,14,14,15,15,15,15,14,15,16,16,14,16,16,15,15,14,14,14,13,13,0,0,0,0,0,0,0,0,0,0,0,10,11,11,12,12,13,13,14,14,13,13,13,13,13,13,14,14,14,14,14,15,15,15,15,15,15,0,55,58,56,56,54,55,53,55,54,57,57,54,55,56,57,58,59,59,57,57,58,54,55,52,52,50,48,46,0,0,0,0,0,0,0,36,38,39,41,42,45,45,47,48,49,50,51,51,50,50,49,50,51,51,53,51,53,54,54,57,55,56,58
20260726_164847_905931,1785081224363196,523213992,2,2,0,-50,128,0,14,14,14,15,14,13,13,14,13,13,14,13,13,15,15,15,15,15,14,14,14,14,14,13,14,13,0,0,0,0,0,0,0,0,0,0,0,10,10,10,11,11,12,12,13,13,13,12,13,13,13,12,12,13,12,13,13,13,14,14,14,14,14,0,53,50,55,54,49,50,57,50,52,57,52,52,53,54,59,54,56,56,56,54,56,54,53,51,50,50,46,45,0,0,0,0,0,0,0,35,36,41,41,43,43,46,47,49,49,49,51,50,49,47,50,46,51,47,48,51,51,52,54,58,61,53,53
20260726_164847_905931,1785081224460389,523311526,2,2,0,-48,128,0,14,14,14,14,14,14,14,14,14,14,14,14,14,15,15,15,15,15,15,14,14,14,14,14,13,13,0,0,0,0,0,0,0,0,0,0,0,9,10,10,11,11,12,12,13,13,12,12,13,13,13,13,12,13,13,13,13,13,14,14,14,14,14,0,55,54,56,54,52,54,52,53,53,54,55,55,54,55,56,56,56,55,57,56,55,54,51,51,49,47,45,46,0,0,0,0,0,0,0,32,34,38,38,40,42,43,45,44,47,47,47,47,47,45,47,46,48,48,48,50,51,53,53,52,52,53,54
20260726_164847_905931,1785081224561298,523413233,2,2,0,-49,128,0,16,15,16,16,16,15,15,15,15,15,16,16,16,16,16,16,16,17,17,17,17,16,15,15,15,14,0,0,0,0,0,0,0,0,0,0,0,9,10,10,10,11,11,11,12,10,11,12,12,12,12,12,12,13,13,13,13,13,14,15,15,15,15,0,57,56,56,58,55,57,58,56,58,58,58,57,58,59,59,62,59,63,63,61,61,56,58,55,54,55,49,50,0,0,0,0,0,0,0,30,32,33,35,35,37,36,38,41,41,42,39,41,41,41,41,44,43,48,46,47,50,51,51,53,53,56,58
20260726_164847_905931,1785081224663389,523512233,2,2,0,-49,128,0,14,13,13,13,13,13,13,13,13,13,13,14,13,14,14,15,14,15,14,14,14,13,13,13,13,13,0,0,0,0,0,0,0,0,0,0,0,10,11,11,11,11,12,12,13,11,11,11,12,11,12,12,12,12,12,12,12,12,12,12,13,13,13,0,54,54,54,53,53,54,52,52,52,57,57,54,52,55,57,58,57,58,59,59,59,57,54,54,52,52,47,49,0,0,0,0,0,0,0,37,39,40,41,42,45,47,47,47,47,49,47,47,46,45,47,47,47,49,48,50,49,49,50,51,51,54,54
20260726_164847_905931,1785081224765985,523614604,2,2,0,-49,128,0,15,15,15,15,15,15,15,15,15,15,16,15,14,15,15,16,15,16,17,16,16,15,15,14,14,13,0,0,0,0,0,0,0,0,0,0,0,9,10,10,10,10,10,12,11,12,12,12,12,12,12,12,13,13,13,13,14,14,15,15,15,15,15,0,58,57,59,58,57,57,56,56,56,58,57,57,55,57,58,60,59,60,60,60,57,54,54,53,51,50,48,47,0,0,0,0,0,0,0,29,31,34,34,35,38,39,41,42,42,43,44,44,44,44,45,44,46,49,50,49,52,54,53,57,58,58,58
20260726_164847_905931,1785081224861165,523712050,2,2,0,-48,128,0,15,15,15,15,15,14,14,14,14,14,14,14,14,14,14,14,14,14,14,14,14,13,13,13,12,12,0,0,0,0,0,0,0,0,0,0,0,9,10,10,10,11,11,11,11,12,12,12,12,12,12,12,12,13,13,13,13,14,14,14,15,15,15,0,59,58,57,59,55,56,54,52,54,56,55,53,52,54,56,56,56,56,56,55,54,52,52,49,50,48,45,44,0,0,0,0,0,0,0,33,34,36,38,39,41,43,43,45,45,46,45,47,47,46,46,46,48,48,51,51,54,54,54,57,56,57,56
20260726_164847_905931,1785081224958451,523812011,2,2,0,-48,128,0,15,15,15,15,15,15,15,14,14,15,15,15,15,15,15,15,16,16,16,16,16,14,14,14,14,14,0,0,0,0,0,0,0,0,0,0,0,10,10,10,10,11,11,11,12,12,12,12,12,12,12,12,12,12,12,12,14,14,14,14,14,15,14,0,57,57,58,55,59,56,57,55,56,56,57,56,57,59,58,61,60,62,60,59,60,58,54,54,51,52,48,49,0,0,0,0,0,0,0,33,35,37,39,38,43,42,44,45,44,45,45,44,46,47,46,47,46,48,48,50,51,51,51,51,52,56,54
20260726_164847_905931,1785081225063617,523912850,2,2,0,-48,128,0,15,15,15,14,15,14,14,13,14,14,15,14,14,15,15,15,15,15,15,15,14,14,13,13,13,13,0,0,0,0,0,0,0,0,0,0,0,10,10,10,11,12,12,12,13,12,13,13,13,13,12,13,12,13,13,13,13,14,14,14,14,15,15,0,57,56,55,55,55,54,54,54,53,55,54,53,54,54,54,54,56,57,56,55,54,53,53,48,50,50,45,46,0,0,0,0,0,0,0,34,36,39,41,40,44,44,47,47,47,47,47,47,49,47,49,49,49,49,51,52,53,53,54,53,54,55,54
20260726_164847_905931,1785081225160083,524012138,2,2,0,-48,128,0,16,16,16,15,15,15,15,15,15,15,15,15,15,15,15,15,15,15,15,15,15,14,14,14,13,13,0,0,0,0,0,0,0,0,0,0,0,9,10,10,11,11,12,12,12,12,13,12,13,13,13,13,13,13,14,14,14,14,15,15,15,16,15,0,60,59,57,58,57,57,55,56,55,57,56,56,56,56,57,57,59,56,58,56,55,53,53,52,50,49,45,45,0,0,0,0,0,0,0,32,33,35,36,38,40,41,40,42,44,46,45,46,46,46,47,47,48,49,50,52,52,54,55,55,58,56,56
20260726_164847_905931,1785081225262374,524111794,2,2,0,-49,128,0,15,14,15,14,14,14,14,14,15,14,14,14,14,15,14,15,15,15,15,15,14,15,14,13,13,13,0,0,0,0,0,0,0,0,0,0,0,9,10,10,10,11,11,11,12,12,12,11,12,12,11,11,12,12,12,12,13,14,14,14,14,15,15,0,55,57,56,57,55,55,54,54,54,55,55,55,55,56,56,58,58,60,58,58,58,56,55,52,51,51,48,49,0,0,0,0,0,0,0,33,34,35,36,37,41,40,42,45,43,45,45,43,45,45,45,45,44,46,48,49,51,50,50,53,56,54,56
20260726_164847_905931,1785081225363095,524215254,2,2,0,-47,128,0,16,16,16,16,15,15,15,15,15,16,16,15,15,16,15,16,16,16,16,16,16,15,14,14,14,13,0,0,0,0,0,0,0,0,0,0,0,10,11,11,12,12,12,12,13,13,13,13,13,13,13,13,13,13,13,14,15,15,15,15,15,15,16,0,57,60,57,57,56,57,54,57,54,59,58,56,55,57,60,58,58,58,58,58,59,54,54,52,50,50,47,47,0,0,0,0,0,0,0,35,35,38,39,40,41,44,44,44,46,46,46,47,47,46,47,47,49,50,51,51,51,54,55,56,56,56,56
20260726_164847_905931,1785081225457900,524311705,2,2,0,-49,128,0,14,14,14,14,14,14,14,14,14,14,15,14,14,15,15,15,15,15,16,15,15,15,15,14,14,14,0,0,0,0,0,0,0,0,0,0,0,8,8,9,9,9,10,10,10,10,10,11,11,11,11,11,11,12,12,12,12,13,13,13,13,14,14,0,29,28,27,28,27,28,27,27,28,28,27,28,29,29,28,29,29,30,30,30,29,28,28,27,27,26,25,25,0,0,0,0,0,0,0,13,15,16,17,17,17,19,19,19,21,21,21,21,22,22,20,23,22,22,23,24,24,24,26,25,26,26,27
20260726_164847_905931,1785081225559722,524411662,2,2,0,-48,128,0,15,14,16,14,15,15,15,15,14,14,15,15,15,16,16,16,15,16,15,15,15,15,14,14,14,14,0,0,0,0,0,0,0,0,0,0,0,9,10,11,11,11,12,11,12,12,12,13,13,13,13,13,13,14,13,14,14,14,14,14,14,15,15,0,58,57,56,58,57,55,54,54,56,57,57,56,58,56,55,57,58,58,58,57,57,57,55,54,52,53,47,48,0,0,0,0,0,0,0,31,33,36,38,39,39,41,41,43,44,46,45,45,46,47,47,48,47,48,50,49,53,52,55,54,56,55,55
20260726_164847_905931,1785081225662013,524512010,2,2,0,-50,128,0,14,14,15,14,14,13,14,14,13,13,14,14,14,14,14,14,15,15,15,14,15,15,14,14,13,13,0,0,0,0,0,0,0,0,0,0,0,9,10,10,11,11,11,11,11,11,11,11,12,11,11,11,11,12,13,13,13,13,14,14,14,14,14,0,54,54,57,56,56,57,56,55,55,56,55,56,55,58,57,58,59,60,60,58,57,57,55,54,54,54,49,50,0,0,0,0,0,0,0,34,36,36,40,41,39,44,46,44,45,45,46,45,46,47,45,47,49,47,48,51,51,52,52,54,54,55,56
20260726_164847_905931,1785081225760125,524611861,2,2,0,-51,128,0,15,15,15,15,15,15,14,14,14,14,15,15,15,16,16,16,16,16,16,16,16,14,14,14,14,13,0,0,0,0,0,0,0,0,0,0,0,10,11,11,12,12,13,13,13,13,13,13,13,13,13,14,13,14,14,14,14,15,15,15,15,15,15,0,56,55,56,54,55,54,54,54,52,55,55,55,56,58,55,57,57,59,58,57,56,54,54,52,50,50,48,46,0,0,0,0,0,0,0,33,36,38,40,41,44,45,47,46,47,48,48,49,48,49,49,50,48,49,50,51,53,52,54,52,55,55,54
20260726_164847_905931,1785081225862662,524712148,2,2,0,-51,128,0,14,14,14,15,14,13,13,13,14,14,14,14,14,14,15,15,15,15,15,15,15,14,14,14,13,13,0,0,0,0,0,0,0,0,0,0,0,11,11,11,13,13,13,13,13,13,14,14,14,14,13,13,13,13,13,13,13,13,14,14,14,14,14,0,53,51,51,52,51,50,49,50,50,52,52,52,52,55,54,57,55,57,56,57,56,53,52,51,52,50,46,47,0,0,0,0,0,0,0,37,38,41,44,45,46,47,48,50,51,51,49,48,49,48,48,48,49,48,49,49,49,50,52,51,50,51,52
20260726_164847_905931,1785081225959591,524812266,2,2,0,-51,128,0,13,12,14,13,13,13,13,13,14,14,15,15,14,15,15,16,16,16,16,16,16,15,16,15,15,14,0,0,0,0,0,0,0,0,0,0,0,8,9,9,10,10,10,10,9,11,11,11,11,11,10,10,10,10,10,11,11,11,12,12,12,13,13,0,24,25,25,25,26,26,26,27,27,28,28,28,28,29,29,31,31,31,32,31,31,30,30,29,28,28,26,25,0,0,0,0,0,0,0,15,16,16,17,17,19,19,20,20,20,20,20,20,19,19,20,20,20,21,21,21,21,22,22,23,24,24,25
20260726_164847_905931,1785081226061098,524912235,2,2,0,-51,128,0,14,14,14,13,13,13,13,13,14,13,14,14,14,15,15,15,15,15,15,16,16,15,14,13,14,14,0,0,0,0,0,0,0,0,0,0,0,10,11,11,11,12,12,13,12,13,13,13,13,13,13,13,13,13,13,13,13,13,14,14,14,14,14,0,52,52,52,52,50,50,50,50,52,54,54,54,53,55,55,57,57,57,57,57,57,57,54,52,53,52,49,48,0,0,0,0,0,0,0,33,35,38,39,40,43,43,47,47,49,49,49,49,49,49,50,48,49,49,51,49,50,51,52,53,52,52,53
20260726_164847_905931,1785081226162609,525012083,2,2,0,-53,128,0,14,14,14,14,13,13,14,13,13,13,13,13,13,13,13,14,14,14,14,14,14,14,14,13,14,13,0,0,0,0,0,0,0,0,0,0,0,12,13,13,14,14,14,15,15,15,15,15,15,15,14,14,14,15,15,15,14,15,15,15,15,15,14,0,52,51,52,50,50,50,49,49,48,50,51,50,50,50,52,52,54,55,56,53,54,53,54,54,51,50,50,50,0,0,0,0,0,0,0,41,43,42,45,50,51,52,55,56,57,55,57,56,55,55,54,53,55,55,56,56,56,56,55,56,57,53,55
20260726_164847_905931,1785081226262472,525113139,2,2,0,-52,128,0,14,14,14,14,13,14,14,14,14,14,14,14,14,15,15,15,15,16,16,16,16,16,15,15,15,14,0,0,0,0,0,0,0,0,0,0,0,8,9,9,10,11,11,12,12,13,12,13,13,13,12,13,13,13,13,13,13,13,13,15,14,14,14,0,54,53,53,52,52,52,53,51,52,53,54,54,54,57,55,57,57,60,59,61,58,58,56,57,55,57,51,53,0,0,0,0,0,0,0,27,30,32,35,36,39,38,44,44,45,45,46,46,47,47,47,47,47,50,49,51,50,51,53,51,53,53,53
20260726_164847_905931,1785081226358931,525212565,2,2,0,-54,128,0,13,13,13,13,13,13,14,14,15,15,15,16,16,16,17,17,17,17,17,17,18,17,17,17,17,17,0,0,0,0,0,0,0,0,0,0,0,10,11,12,12,13,12,13,13,13,13,13,13,12,12,12,12,12,12,12,12,12,12,12,12,13,13,0,47,48,48,50,50,51,52,53,53,56,56,56,57,58,60,60,64,65,64,64,64,62,63,62,60,59,57,57,0,0,0,0,0,0,0,34,37,39,40,41,45,45,47,48,49,48,47,48,46,45,45,44,44,44,43,43,44,46,45,47,46,46,47
20260726_164847_905931,1785081226462291,525311941,2,2,0,-52,128,0,13,14,14,13,13,13,13,13,13,13,13,14,13,14,14,15,15,14,15,15,15,15,14,14,14,14,0,0,0,0,0,0,0,0,0,0,0,12,12,13,13,14,14,15,15,15,15,15,15,15,14,14,14,14,14,14,14,14,15,15,15,14,14,0,50,50,50,49,48,49,48,48,47,50,51,50,51,52,54,54,56,55,57,57,57,56,55,52,52,52,50,50,0,0,0,0,0,0,0,37,41,42,44,46,49,51,52,53,54,55,55,53,53,52,52,52,52,52,51,52,53,53,52,52,51,51,51
20260726_164847_905931,1785081226598008,525451303,2,2,0,-53,128,0,13,13,12,12,12,12,11,11,11,11,12,12,12,12,12,12,12,12,13,12,12,12,12,12,12,12,0,0,0,0,0,0,0,0,0,0,0,13,14,15,15,16,16,17,16,16,16,16,16,16,16,15,14,14,14,14,14,14,14,14,14,14,13,0,47,49,48,46,44,45,43,43,43,46,45,45,45,45,47,46,49,46,48,49,50,48,48,46,44,46,44,43,0,0,0,0,0,0,0,46,49,51,53,56,58,61,61,63,62,62,63,61,61,60,58,57,57,55,56,56,55,55,54,53,53,52,50
20260726_164847_905931,1785081226672621,525522557,2,2,0,-53,128,0,13,14,15,13,14,13,14,14,16,15,16,15,15,16,17,17,17,17,17,17,16,16,16,16,16,16,0,0,0,0,0,0,0,0,0,0,0,9,10,11,11,11,12,12,13,13,12,13,12,12,12,12,11,12,11,11,12,11,13,14,12,13,14,0,49,42,50,45,52,53,50,52,51,58,54,55,52,59,58,59,60,62,62,63,61,61,59,59,57,56,53,53,0,0,0,0,0,0,0,33,37,37,38,39,42,42,45,44,44,44,47,44,43,40,41,42,38,41,39,45,47,40,45,40,42,50,46
20260726_164847_905931,1785081226762787,525612804,2,2,0,-51,128,0,13,12,13,13,13,13,13,12,12,13,13,13,13,13,13,14,14,14,14,14,14,13,13,13,13,12,0,0,0,0,0,0,0,0,0,0,0,11,12,13,13,13,14,14,15,14,14,14,14,14,13,13,13,14,13,13,13,13,13,13,13,13,13,0,52,50,49,49,48,48,47,49,48,49,50,49,49,51,51,53,52,54,53,51,52,50,48,47,46,47,42,43,0,0,0,0,0,0,0,38,42,42,46,47,51,50,53,54,54,54,54,53,53,53,51,51,50,51,49,50,51,51,52,51,50,51,52
20260726_164847_905931,1785081226893789,525744520,2,2,0,-51,128,0,14,15,15,15,14,14,14,14,14,15,15,14,16,16,16,16,16,16,17,17,17,15,15,15,15,15,0,0,0,0,0,0,0,0,0,0,0,11,12,12,12,13,13,13,14,14,14,14,14,13,13,13,14,14,14,13,14,14,14,14,14,14,14,0,53,52,53,51,51,51,51,51,53,54,55,54,54,57,56,58,57,60,58,60,60,58,55,54,55,55,50,50,0,0,0,0,0,0,0,35,38,39,42,42,46,46,49,49,49,51,49,50,50,49,49,49,49,50,48,49,51,51,52,50,51,51,53
20260726_164847_905931,1785081226962299,525812332,2,2,0,-52,128,0,14,14,15,15,15,14,14,14,14,14,15,15,15,16,16,16,16,16,16,16,17,16,15,15,15,15,0,0,0,0,0,0,0,0,0,0,0,7,8,8,8,9,9,10,10,10,10,10,10,11,11,11,11,11,11,13,13,13,13,13,13,14,15,0,56,56,58,57,56,55,56,55,59,58,58,58,58,61,61,61,64,64,64,63,64,64,60,60,59,60,54,55,0,0,0,0,0,0,0,27,29,30,32,33,33,35,36,37,39,40,40,40,39,41,43,43,45,45,46,47,49,51,53,54,54,55,56
20260726_164847_905931,1785081227059848,525911475,2,2,0,-50,128,0,14,14,14,15,14,15,15,14,15,16,15,15,15,16,16,16,16,16,17,17,17,16,16,15,16,15,0,0,0,0,0,0,0,0,0,0,0,7,8,8,8,9,9,9,10,9,10,10,11,10,10,11,11,11,11,11,12,12,13,13,13,14,14,0,56,55,56,58,57,57,56,57,56,60,63,61,61,61,65,65,66,64,66,65,66,63,62,59,59,57,56,55,0,0,0,0,0,0,0,25,26,26,29,32,31,35,35,37,35,37,37,40,40,40,40,40,43,43,46,45,47,48,51,51,53,52,54
20260726_164847_905931,1785081227162689,526012915,2,2,0,-52,128,0,13,14,14,14,14,14,14,14,14,14,15,14,14,15,15,15,15,15,15,15,15,15,14,14,13,13,0,0,0,0,0,0,0,0,0,0,0,10,10,11,11,12,11,12,12,12,12,12,12,12,12,11,12,12,12,11,12,12,12,13,13,13,13,0,53,54,54,54,53,55,54,54,54,55,56,56,56,57,58,58,59,58,59,58,57,55,54,53,53,51,48,48,0,0,0,0,0,0,0,36,38,40,41,44,44,46,46,48,49,48,48,47,45,46,45,44,45,43,45,47,47,49,50,50,52,53,53
20260726_164847_905931,1785081227265303,526113853,2,2,0,-50,128,0,15,15,15,15,15,15,15,14,14,14,14,14,14,16,15,16,16,16,15,14,14,14,14,13,13,13,0,0,0,0,0,0,0,0,0,0,0,11,12,12,13,13,14,14,14,14,14,14,14,14,14,14,14,14,13,14,14,14,15,15,14,15,15,0,55,56,57,55,55,57,54,56,52,54,55,55,54,57,54,58,55,56,57,55,54,55,53,52,49,48,44,45,0,0,0,0,0,0,0,38,40,42,44,45,50,50,51,49,51,51,51,51,51,48,51,52,49,51,50,54,54,52,55,52,54,54,56
20260726_164847_905931,1785081227361546,526211910,2,2,0,-48,128,0,14,14,14,14,14,13,14,14,14,14,14,14,14,14,14,14,14,14,14,14,14,13,13,13,11,11,0,0,0,0,0,0,0,0,0,0,0,10,11,12,12,12,13,13,13,13,13,14,13,13,13,13,13,13,13,14,14,14,14,13,14,14,14,0,52,56,54,53,53,54,51,51,50,53,53,52,52,51,53,53,54,52,55,53,53,51,49,48,45,43,43,42,0,0,0,0,0,0,0,36,39,40,42,46,46,49,49,52,52,53,53,53,52,52,51,50,53,49,52,51,53,54,53,53,55,55,56
20260726_164847_905931,1785081227463441,526312486,2,2,0,-47,128,0,13,13,13,13,12,12,13,13,13,13,13,13,13,13,13,13,13,13,13,13,13,13,12,12,12,10,0,0,0,0,0,0,0,0,0,0,0,11,12,13,12,13,13,14,14,14,14,13,14,14,13,13,13,13,13,13,13,13,13,13,13,13,14,0,53,53,53,51,50,52,49,49,49,50,51,50,49,50,50,50,52,52,51,51,48,47,46,45,43,42,40,40,0,0,0,0,0,0,0,40,43,44,46,47,50,50,53,53,53,55,54,52,51,53,53,53,50,50,50,49,52,51,52,53,51,52,52
20260726_164847_905931,1785081227559456,526413509,2,2,0,-47,128,0,14,14,14,13,13,14,14,13,13,13,13,13,13,13,13,14,14,14,14,14,13,13,13,13,12,12,0,0,0,0,0,0,0,0,0,0,0,13,13,14,14,15,15,15,16,16,16,15,15,15,15,15,15,14,15,14,14,14,15,14,14,14,14,0,50,52,50,51,51,50,48,47,46,48,48,50,48,49,49,50,51,49,50,50,50,48,47,46,45,44,42,43,0,0,0,0,0,0,0,41,44,47,48,51,52,55,55,57,59,59,59,57,56,56,55,54,55,52,53,52,53,53,53,53,53,54,51
20260726_164847_905931,1785081227662447,526511265,2,2,0,-48,128,0,15,15,14,14,14,13,13,13,12,13,13,12,12,13,13,13,13,13,13,13,12,12,12,12,11,10,0,0,0,0,0,0,0,0,0,0,0,12,13,13,13,14,14,16,16,15,15,15,15,15,14,14,14,14,14,14,14,14,15,15,15,15,15,0,55,54,51,51,50,49,49,49,48,50,48,48,48,49,49,49,48,49,48,48,48,44,43,44,43,40,37,36,0,0,0,0,0,0,0,42,44,45,48,50,53,55,55,56,57,60,58,57,57,56,54,55,53,53,54,53,54,55,55,55,55,57,55
20260726_164847_905931,1785081227764333,526613532,2,2,0,-48,128,0,15,14,14,14,14,13,14,13,13,13,13,13,13,13,13,13,13,13,13,13,13,12,12,11,11,11,0,0,0,0,0,0,0,0,0,0,0,11,12,12,13,13,13,14,14,14,14,15,14,14,14,14,13,14,14,13,14,14,14,14,14,15,15,0,56,55,54,54,53,53,53,51,51,52,53,49,48,51,51,52,52,51,52,51,50,48,46,44,44,41,41,40,0,0,0,0,0,0,0,39,43,43,45,49,48,50,53,53,54,56,56,53,55,54,52,51,53,55,54,54,54,55,56,57,57,58,57
20260726_164847_905931,1785081227861045,526712147,2,2,0,-48,128,0,15,15,15,15,14,14,15,14,14,15,15,14,14,14,15,15,15,14,15,14,14,14,13,13,13,12,0,0,0,0,0,0,0,0,0,0,0,13,13,13,14,14,14,14,15,15,15,15,15,15,14,14,15,15,15,14,14,14,15,15,15,15,15,0,54,57,55,57,53,55,53,50,52,54,53,52,52,52,54,54,53,54,55,53,52,49,50,49,46,44,43,43,0,0,0,0,0,0,0,42,44,44,47,49,51,51,53,55,55,54,54,56,54,53,52,49,54,54,52,54,56,55,55,56,57,57,57
20260726_164847_905931,1785081227963969,526813024,2,2,0,-48,128,0,14,14,14,14,13,13,13,13,13,13,13,13,13,15,14,15,15,14,14,13,13,13,13,12,12,12,0,0,0,0,0,0,0,0,0,0,0,11,12,12,13,13,14,14,14,14,14,14,13,13,13,13,13,13,13,13,13,13,14,13,14,14,14,0,52,52,51,52,51,51,51,51,49,52,51,50,51,52,52,52,52,52,52,51,52,50,49,46,44,44,42,41,0,0,0,0,0,0,0,41,43,46,46,50,48,51,50,53,53,53,54,50,51,49,48,48,50,49,49,49,49,51,53,53,52,52,51
20260726_164847_905931,1785081228061460,526913402,2,2,0,-47,128,0,15,14,14,14,14,14,14,14,14,14,13,13,14,14,13,14,13,14,14,14,14,13,13,13,12,12,0,0,0,0,0,0,0,0,0,0,0,12,13,13,14,14,14,15,14,14,15,14,14,15,14,14,13,14,14,14,14,13,15,15,15,15,15,0,54,55,53,53,51,51,50,50,49,52,51,50,50,50,52,50,52,50,52,50,50,49,48,46,44,41,42,42,0,0,0,0,0,0,0,42,43,44,46,49,49,52,52,54,55,55,55,53,54,53,52,50,53,51,52,52,53,56,53,56,55,56,54
20260726_164847_905931,1785081228163312,527012168,2,2,0,-48,128,0,14,15,15,15,14,15,15,14,14,14,14,14,14,14,15,14,16,14,15,15,14,14,13,12,13,12,0,0,0,0,0,0,0,0,0,0,0,9,9,10,10,11,11,11,12,12,12,12,12,12,12,12,12,12,13,13,13,13,13,14,14,15,14,0,59,54,55,55,55,55,54,54,54,57,55,56,57,57,55,57,55,58,56,53,54,50,51,51,47,48,42,41,0,0,0,0,0,0,0,34,35,35,39,38,41,41,44,44,45,46,45,47,47,47,47,48,48,49,49,49,53,52,52,55,55,59,57
20260726_164847_905931,1785081228266106,527114557,2,2,0,-51,128,0,15,15,15,15,15,15,15,14,15,15,15,15,15,15,15,15,15,15,15,15,15,15,14,14,14,14,0,0,0,0,0,0,0,0,0,0,0,13,13,13,14,14,14,14,14,14,14,13,13,13,13,13,13,13,13,13,14,14,14,14,15,15,15,0,56,55,56,54,54,54,53,54,54,54,54,55,56,58,55,58,56,59,56,56,56,55,52,51,52,51,46,47,0,0,0,0,0,0,0,43,44,45,50,48,50,50,51,50,51,51,50,48,48,48,48,49,47,48,47,48,49,51,53,51,53,55,54
20260726_164847_905931,1785081228363175,527214006,2,2,0,-49,128,0,15,14,16,15,15,15,15,15,15,16,15,14,14,15,15,15,15,15,16,14,14,15,14,13,13,13,0,0,0,0,0,0,0,0,0,0,0,8,8,9,9,9,9,9,9,9,10,10,10,10,11,11,11,12,12,12,13,13,14,14,15,14,15,0,59,55,60,57,57,56,56,56,59,59,59,57,58,59,56,59,60,61,64,58,55,54,52,54,53,49,47,46,0,0,0,0,0,0,0,28,31,30,32,35,34,34,35,36,36,38,36,37,36,39,41,42,41,43,46,47,48,50,52,52,54,58,56
20260726_164847_905931,1785081228459727,527313028,2,2,0,-49,128,0,16,16,16,16,16,15,14,14,14,14,15,14,14,15,15,15,15,15,15,14,14,14,13,13,13,12,0,0,0,0,0,0,0,0,0,0,0,11,12,12,12,13,14,14,14,14,13,13,14,13,13,13,14,14,14,14,15,15,16,15,16,16,16,0,56,56,60,55,56,56,53,53,53,52,55,53,52,53,53,57,53,55,55,55,55,52,49,49,48,47,43,43,0,0,0,0,0,0,0,39,41,41,46,43,46,47,49,50,50,51,48,50,49,48,49,48,50,51,50,51,55,55,57,55,57,57,59
20260726_164847_905931,1785081228561407,527412277,2,2,0,-49,128,0,16,16,16,16,16,16,15,15,15,15,15,15,15,15,16,16,16,16,16,15,15,15,14,14,14,14,0,0,0,0,0,0,0,0,0,0,0,10,10,10,10,11,11,11,12,12,12,12,12,12,13,12,12,13,13,15,14,15,15,15,16,16,16,0,59,58,58,59,57,60,57,58,55,57,58,58,55,58,56,59,58,58,58,58,56,57,54,53,52,50,47,46,0,0,0,0,0,0,0,32,35,37,37,40,41,41,43,42,45,45,46,43,45,46,47,47,48,49,50,50,53,55,55,55,55,58,55
20260726_164847_905931,1785081228665110,527514719,2,2,0,-49,128,0,16,16,16,16,15,16,16,15,15,16,15,16,15,16,16,16,16,16,16,15,15,14,14,13,13,12,0,0,0,0,0,0,0,0,0,0,0,11,11,11,11,12,12,13,13,13,14,14,13,14,14,14,14,14,14,14,15,15,15,16,16,16,16,0,60,63,59,59,59,59,56,56,58,58,58,56,55,58,57,57,56,57,57,57,55,52,50,51,50,47,44,43,0,0,0,0,0,0,0,35,35,40,40,42,41,45,45,47,48,51,48,48,48,49,49,50,51,52,53,53,56,55,59,56,58,59,59
20260726_164847_905931,1785081228761940,527612018,2,2,0,-50,128,0,13,13,13,13,14,13,14,13,14,14,15,14,15,15,16,15,16,16,16,15,15,16,15,15,14,14,0,0,0,0,0,0,0,0,0,0,0,8,8,8,8,9,9,9,9,9,10,9,9,9,9,9,10,10,10,11,11,12,13,13,13,13,13,0,56,54,55,55,57,55,55,53,56,58,58,58,58,60,60,62,62,63,61,62,62,61,59,57,57,56,52,52,0,0,0,0,0,0,0,28,31,31,32,32,36,34,36,36,36,38,39,38,39,39,38,42,40,42,43,45,46,47,50,49,50,53,54
20260726_164847_905931,1785081228864969,527719459,2,2,0,-50,128,0,15,16,15,16,15,16,14,14,15,15,15,15,15,16,16,16,17,16,17,16,16,16,15,16,15,15,0,0,0,0,0,0,0,0,0,0,0,9,9,9,9,9,10,10,11,10,11,11,11,11,11,11,13,13,13,13,13,13,13,15,15,15,15,0,59,58,59,59,57,59,58,59,56,59,61,58,57,61,60,61,64,64,64,62,63,61,59,60,56,55,52,53,0,0,0,0,0,0,0,29,30,32,33,34,35,38,38,39,40,42,40,43,41,42,44,43,47,47,51,50,52,52,55,56,56,56,55
20260726_164847_905931,1785081228978639,527829274,2,2,0,-48,128,0,16,16,15,16,16,15,15,15,16,15,16,15,15,16,16,16,16,16,16,16,16,15,15,15,15,14,0,0,0,0,0,0,0,0,0,0,0,9,10,10,11,11,12,13,13,13,13,14,13,13,14,14,14,15,15,14,16,16,16,16,16,16,16,0,58,56,58,57,57,56,53,52,58,56,54,56,55,58,52,56,55,58,56,58,54,53,49,48,51,51,45,44,0,0,0,0,0,0,0,28,32,34,34,35,38,38,41,43,45,45,44,49,49,47,45,49,50,49,49,49,54,54,54,53,59,57,57
20260726_164847_905931,1785081229063260,527915612,2,2,0,-50,128,0,15,16,15,15,15,15,16,15,15,15,15,15,15,15,16,16,16,16,17,16,16,16,15,15,15,15,0,0,0,0,0,0,0,0,0,0,0,10,10,11,12,11,11,12,12,11,12,12,12,12,12,12,13,12,12,13,14,14,14,14,15,15,14,0,28,27,27,28,28,27,28,27,27,27,28,28,29,29,28,29,30,30,29,30,28,29,28,27,26,26,25,25,0,0,0,0,0,0,0,19,18,18,18,21,22,19,19,23,21,23,20,20,20,21,21,21,23,22,22,24,24,25,25,26,26,27,27
20260726_164847_905931,1785081229165362,528019206,2,2,0,-49,128,0,13,13,13,13,13,13,13,12,13,13,13,13,13,13,13,13,13,13,14,13,13,13,13,12,12,11,0,0,0,0,0,0,0,0,0,0,0,9,11,10,11,11,11,11,12,12,12,12,12,12,12,12,13,13,12,13,13,13,13,13,13,13,14,0,55,53,53,54,53,53,51,49,52,52,52,51,51,55,55,54,54,56,55,55,56,52,50,51,47,47,44,45,0,0,0,0,0,0,0,37,40,38,40,42,44,46,48,49,48,51,51,51,50,50,50,49,51,51,52,53,54,55,54,57,55,55,55
20260726_164847_905931,1785081229260998,528112998,2,2,0,-49,128,0,13,13,13,13,13,13,13,12,13,13,13,13,13,13,13,13,14,13,14,13,13,13,13,13,12,12,0,0,0,0,0,0,0,0,0,0,0,11,12,12,13,13,13,14,14,14,14,14,14,14,14,13,14,14,14,14,14,14,14,14,13,14,13,0,51,52,51,51,49,50,48,49,48,50,50,50,50,51,52,52,53,53,54,52,54,52,52,52,48,46,46,45,0,0,0,0,0,0,0,40,43,44,46,48,49,51,52,53,54,54,56,55,51,54,51,53,53,53,51,53,53,53,52,52,54,53,53
20260726_164847_905931,1785081229362669,528213413,2,2,0,-49,128,0,14,15,14,14,14,14,13,13,15,14,14,14,14,14,15,14,15,14,15,15,15,15,15,14,14,14,0,0,0,0,0,0,0,0,0,0,0,11,12,11,12,13,13,13,14,14,14,14,14,14,14,14,14,14,14,14,14,14,14,15,15,15,14,0,55,52,55,50,52,51,52,51,51,52,53,51,54,57,54,56,55,56,57,55,56,56,52,52,51,54,46,50,0,0,0,0,0,0,0,34,37,42,44,42,47,47,48,49,52,53,50,52,51,52,51,56,50,52,51,53,53,54,55,54,52,54,55
20260726_164847_905931,1785081229465245,528314185,2,2,0,-49,128,0,15,15,15,15,15,15,14,14,14,15,15,14,14,15,15,15,15,15,15,15,15,14,14,14,14,13,0,0,0,0,0,0,0,0,0,0,0,12,12,12,13,14,13,14,14,15,15,14,14,14,14,14,14,14,15,14,15,15,15,15,15,15,15,0,55,53,54,53,52,53,52,52,52,52,54,53,54,55,53,56,56,55,54,55,54,53,53,48,49,48,45,44,0,0,0,0,0,0,0,38,41,41,45,45,46,48,50,51,53,52,53,53,52,51,52,53,52,53,52,52,54,53,56,55,55,55,52
20260726_164847_905931,1785081229562448,528413930,2,2,0,-49,128,0,14,14,14,14,13,13,13,13,13,13,13,13,13,14,14,15,14,14,14,14,14,14,13,13,13,12,0,0,0,0,0,0,0,0,0,0,0,10,10,11,11,11,13,13,13,13,13,13,13,12,13,12,13,13,13,13,13,13,14,14,14,14,14,0,53,54,54,53,52,53,51,52,50,52,53,55,52,53,54,55,55,57,56,56,56,52,52,49,49,48,46,46,0,0,0,0,0,0,0,34,37,36,39,42,43,46,47,48,51,48,49,50,48,47,47,49,48,49,49,50,50,52,52,54,53,53,52
20260726_164847_905931,1785081229660548,528512555,2,2,0,-48,128,0,15,15,14,15,14,14,15,14,15,15,14,14,14,14,14,14,14,14,15,14,14,14,14,13,13,13,0,0,0,0,0,0,0,0,0,0,0,13,13,14,13,14,14,15,15,15,15,15,15,15,15,14,15,15,15,15,15,15,16,16,16,15,16,0,55,55,53,53,51,52,50,52,49,51,51,49,51,49,52,53,52,52,54,52,52,49,48,48,48,45,42,42,0,0,0,0,0,0,0,39,43,44,44,48,50,50,53,52,54,55,55,54,53,53,52,51,55,53,54,54,55,55,55,56,55,56,55
20260726_164847_905931,1785081229762880,528613689,2,2,0,-48,128,0,15,15,15,15,15,14,14,14,14,14,14,14,13,15,15,15,15,15,15,15,14,14,14,14,13,13,0,0,0,0,0,0,0,0,0,0,0,11,12,12,13,13,13,14,14,14,14,14,14,14,14,13,14,14,14,15,15,15,15,15,15,15,15,0,58,57,55,56,51,54,53,53,52,53,54,52,54,55,55,54,55,55,55,54,54,53,52,50,50,49,46,45,0,0,0,0,0,0,0,37,39,43,43,44,45,49,49,50,52,52,52,51,52,51,52,53,53,51,51,52,54,55,56,54,55,56,54
20260726_164847_905931,1785081229864033,528713465,2,2,0,-48,128,0,15,14,15,14,14,14,14,14,14,15,15,14,15,15,15,16,15,16,16,15,15,15,14,14,13,13,0,0,0,0,0,0,0,0,0,0,0,10,11,11,11,12,13,13,12,12,12,12,12,13,12,13,13,13,13,13,14,14,14,14,15,15,15,0,54,57,55,55,56,55,53,54,54,56,56,55,56,56,57,59,57,57,58,57,56,55,54,52,49,50,48,47,0,0,0,0,0,0,0,35,35,37,38,42,42,43,44,47,47,47,48,49,48,47,48,47,50,49,49,51,52,54,52,55,55,56,56
20260726_164847_905931,1785081229960365,528811823,2,2,0,-48,128,0,15,16,15,15,15,15,15,15,15,15,15,15,14,15,15,15,15,15,16,15,15,15,14,14,14,14,0,0,0,0,0,0,0,0,0,0,0,10,11,11,12,12,12,13,13,13,13,13,13,14,13,13,14,14,14,15,15,15,15,15,15,16,16,0,60,58,56,56,55,56,54,55,55,55,54,55,55,56,56,57,58,57,57,58,56,56,54,53,51,50,47,45,0,0,0,0,0,0,0,33,36,37,40,40,43,44,47,46,47,50,51,49,50,51,50,51,50,52,52,53,53,55,57,54,56,58,57
20260726_164847_905931,1785081230057883,528911813,2,2,0,-49,128,0,14,14,14,14,14,13,13,13,13,14,14,14,13,14,14,15,14,15,15,15,15,14,14,13,13,13,0,0,0,0,0,0,0,0,0,0,0,8,9,9,10,11,11,11,11,12,11,11,12,12,12,12,12,12,12,12,12,12,14,13,14,14,14,0,57,55,54,54,55,53,53,53,54,54,57,53,55,57,57,59,58,58,59,58,59,57,54,54,53,52,49,48,0,0,0,0,0,0,0,32,35,36,38,38,40,42,44,46,47,48,45,47,47,48,46,47,48,49,50,50,51,52,53,53,54,55,54
20260726_164847_905931,1785081230166078,529020207,2,2,0,-48,128,0,15,14,15,14,14,15,14,14,14,14,15,14,15,15,16,16,16,16,16,16,16,15,15,14,14,14,0,0,0,0,0,0,0,0,0,0,0,10,11,10,11,11,11,12,12,12,12,12,12,12,12,12,12,13,13,13,13,13,13,13,14,14,15,0,54,56,54,57,54,54,54,53,54,55,55,54,56,57,57,59,57,58,61,60,58,56,55,55,52,55,48,49,0,0,0,0,0,0,0,32,33,36,39,37,40,41,41,45,45,45,47,45,45,46,45,44,47,45,46,49,50,49,50,51,53,53,52
20260726_164847_905931,1785081230269896,529118762,2,2,0,-47,128,0,14,14,14,13,13,13,13,13,14,13,14,14,14,14,14,14,14,15,14,14,14,13,13,13,12,13,0,0,0,0,0,0,0,0,0,0,0,9,10,9,11,11,11,11,12,12,12,12,12,12,12,13,12,13,13,13,13,13,14,14,14,14,14,0,56,55,54,55,53,53,53,52,52,53,53,53,52,53,54,55,55,55,54,55,54,53,50,49,50,48,45,44,0,0,0,0,0,0,0,31,33,35,38,38,40,41,43,44,45,46,47,46,48,48,49,48,48,51,49,51,50,52,54,53,54,54,55
20260726_164847_905931,1785081230376872,529228798,2,2,0,-49,128,0,14,14,14,15,14,15,15,14,14,14,14,14,14,15,15,15,15,15,15,16,15,15,14,14,13,13,0,0,0,0,0,0,0,0,0,0,0,9,9,10,9,11,11,11,11,11,11,11,11,11,11,11,12,12,12,13,13,13,13,13,13,14,14,0,54,56,56,57,57,55,56,57,55,58,59,58,57,57,60,60,61,61,60,61,60,57,57,57,53,52,52,51,0,0,0,0,0,0,0,32,34,34,36,38,37,40,41,42,43,42,43,43,42,45,43,43,45,46,47,48,51,51,51,53,55,53,54
20260726_164847_905931,1785081230462479,529311320,2,2,0,-50,128,0,15,15,15,14,14,15,15,15,15,15,15,16,15,16,16,16,16,16,16,16,15,15,15,15,14,14,0,0,0,0,0,0,0,0,0,0,0,9,10,10,11,11,11,12,12,12,12,12,12,13,13,13,13,13,13,13,14,14,14,14,14,15,14,0,55,57,57,52,52,57,55,56,56,55,57,56,57,59,61,59,58,59,59,57,60,57,55,54,53,53,50,48,0,0,0,0,0,0,0,32,34,37,37,39,39,42,42,44,42,43,45,44,46,46,45,46,46,47,48,49,50,52,52,51,55,54,54
20260726_164847_905931,1785081230560360,529414193,2,2,0,-48,128,0,14,14,15,14,14,14,14,14,15,15,15,15,15,16,16,16,17,16,16,16,16,15,14,15,14,14,0,0,0,0,0,0,0,0,0,0,0,10,10,11,11,11,12,12,12,13,13,12,13,12,12,11,12,12,13,13,13,13,13,14,14,14,15,0,55,56,55,55,57,57,54,55,55,58,57,57,57,59,60,60,62,61,60,60,60,58,58,57,55,52,52,50,0,0,0,0,0,0,0,34,35,37,38,40,40,44,44,45,47,47,46,46,46,47,45,45,47,45,48,47,49,48,51,53,52,54,53
20260726_164847_905931,1785081230663588,529513133,2,2,0,-49,128,0,15,15,15,15,15,15,15,14,14,15,15,15,15,15,16,16,15,15,16,15,15,15,14,14,14,14,0,0,0,0,0,0,0,0,0,0,0,10,11,11,12,12,13,13,13,13,13,13,14,13,13,14,14,14,14,14,15,15,15,15,15,15,15,0,56,55,56,55,55,55,55,54,54,56,57,55,55,58,57,57,58,59,58,57,57,55,54,53,51,53,48,49,0,0,0,0,0,0,0,33,36,38,39,40,42,45,46,48,48,50,51,50,49,50,48,50,52,53,51,54,55,55,55,56,56,56,58
20260726_164847_905931,1785081230760563,529612123,2,2,0,-48,128,0,15,15,15,15,15,14,14,14,14,15,15,15,15,15,15,15,15,15,15,15,15,15,14,15,14,13,0,0,0,0,0,0,0,0,0,0,0,12,12,13,13,13,14,15,15,14,14,14,14,14,13,13,14,14,14,14,15,15,15,15,15,15,15,0,56,53,54,54,52,53,52,52,52,53,54,54,53,55,53,54,55,58,56,55,56,52,52,51,52,50,46,46,0,0,0,0,0,0,0,37,40,41,44,44,47,46,51,50,52,52,49,52,51,50,51,50,51,52,50,53,53,54,55,54,54,56,56
20260726_164847_905931,1785081230861896,529712103,2,2,0,-49,128,0,13,14,13,13,13,13,13,13,13,13,13,13,13,14,14,14,14,14,14,14,14,14,14,13,13,12,0,0,0,0,0,0,0,0,0,0,0,10,11,12,12,13,13,14,14,13,14,14,13,13,13,12,13,13,13,13,14,14,14,14,14,14,14,0,54,54,53,53,50,50,51,50,51,53,52,52,52,53,54,55,56,55,53,54,53,53,53,50,49,50,47,46,0,0,0,0,0,0,0,39,38,42,44,44,48,48,49,52,53,55,53,53,52,52,51,51,50,50,51,50,51,53,53,52,52,53,53
20260726_164847_905931,1785081230958007,529812198,2,2,0,-49,128,0,14,14,14,15,14,15,15,14,15,15,15,14,14,15,15,15,15,15,15,15,15,15,15,15,14,14,0,0,0,0,0,0,0,0,0,0,0,11,11,11,13,13,13,13,13,14,14,14,14,14,13,13,13,14,14,14,13,14,14,14,14,14,14,0,53,53,52,52,51,52,52,50,53,51,53,52,53,55,54,56,54,54,56,57,56,54,54,52,50,50,48,47,0,0,0,0,0,0,0,34,36,41,42,43,44,45,48,50,51,51,49,49,48,49,48,47,49,51,50,50,49,51,51,51,51,52,54
20260726_164847_905931,1785081231060471,529912148,2,2,0,-49,128,0,15,16,15,16,15,15,15,15,15,15,15,14,14,15,16,14,16,16,16,15,15,15,15,14,14,14,0,0,0,0,0,0,0,0,0,0,0,10,9,10,10,11,11,12,12,12,13,12,12,12,12,12,13,12,13,13,13,14,14,14,14,14,15,0,56,57,56,57,56,57,57,56,54,57,58,57,56,56,59,59,61,59,60,59,58,57,56,54,54,52,52,50,0,0,0,0,0,0,0,32,34,35,36,39,40,42,42,45,47,47,46,46,46,48,47,48,47,47,49,50,51,52,53,54,54,56,53
20260726_164847_905931,1785081231157831,530012134,2,2,0,-49,128,0,14,14,14,14,14,14,14,14,14,14,14,15,14,15,15,16,15,15,16,15,15,15,15,14,14,13,0,0,0,0,0,0,0,0,0,0,0,8,9,9,9,9,11,11,11,11,11,11,11,11,11,12,12,12,12,13,12,14,14,14,13,14,14,0,29,27,28,28,28,27,28,27,26,27,28,27,28,28,29,29,29,30,29,29,29,28,27,27,28,26,26,26,0,0,0,0,0,0,0,13,14,16,16,17,18,18,20,21,21,21,20,21,22,21,20,21,22,23,23,24,24,24,25,27,26,27,27
20260726_164847_905931,1785081231260154,530112111,2,2,0,-49,128,0,15,15,15,15,15,15,15,15,15,15,16,15,15,16,16,16,16,16,16,16,15,15,15,14,14,14,0,0,0,0,0,0,0,0,0,0,0,9,9,10,10,11,11,11,12,12,12,12,12,12,12,12,13,13,13,13,14,14,14,14,14,15,15,0,57,55,55,55,57,56,57,54,55,57,59,56,55,58,59,60,59,62,59,59,58,56,53,54,52,51,49,47,0,0,0,0,0,0,0,29,31,31,35,36,37,38,39,41,44,43,43,45,45,43,44,46,45,47,46,48,50,51,52,52,52,54,55
20260726_164847_905931,1785081231362344,530214530,2,2,0,-49,128,0,14,14,14,14,14,14,14,15,15,15,15,15,15,16,16,16,16,16,16,16,16,15,15,14,14,13,0,0,0,0,0,0,0,0,0,0,0,10,11,11,11,13,12,13,12,12,12,12,13,12,12,12,13,13,13,13,13,13,14,14,15,15,15,0,56,56,55,54,55,55,52,55,53,55,56,56,54,58,57,58,58,60,59,57,57,56,54,54,51,52,47,49,0,0,0,0,0,0,0,36,36,39,39,40,43,42,45,46,47,47,47,46,46,45,45,45,46,50,48,51,50,51,51,52,54,55,53
20260726_164847_905931,1785081231458678,530312054,2,2,0,-48,128,0,15,16,16,15,14,14,13,13,13,14,14,14,14,14,14,14,14,14,14,13,14,14,13,13,11,12,0,0,0,0,0,0,0,0,0,0,0,11,11,11,12,13,13,13,14,13,14,14,14,14,14,14,14,14,14,14,15,15,15,15,16,16,16,0,59,59,57,55,54,52,54,53,52,54,53,54,53,54,53,52,54,53,54,52,52,51,49,47,47,46,42,41,0,0,0,0,0,0,0,36,39,41,43,44,45,47,50,49,52,53,53,52,51,53,53,53,53,52,53,53,54,55,58,56,56,57,58
20260726_164847_905931,1785081231561874,530411618,2,2,0,-48,128,0,15,14,14,14,14,14,13,13,13,13,14,13,14,14,15,14,15,15,15,15,15,13,13,13,13,13,0,0,0,0,0,0,0,0,0,0,0,9,9,10,10,10,11,11,12,12,11,12,12,12,12,12,12,12,12,12,12,13,14,14,14,14,14,0,57,52,55,54,54,53,53,53,53,53,55,55,53,56,54,59,56,59,58,56,56,55,51,53,51,49,45,47,0,0,0,0,0,0,0,32,34,35,37,39,42,42,44,46,45,45,45,47,47,47,46,47,48,49,49,50,50,53,52,52,54,56,55
20260726_164847_905931,1785081231697523,530550280,2,2,0,-49,128,0,16,16,16,16,15,14,14,14,14,15,15,15,14,15,15,16,16,15,16,15,15,15,14,14,14,13,0,0,0,0,0,0,0,0,0,0,0,10,10,10,11,11,11,12,12,13,13,13,13,13,13,13,13,13,14,14,14,14,15,15,15,15,16,0,54,57,55,57,55,55,53,55,54,58,56,54,54,55,59,56,58,56,59,55,56,56,54,53,52,50,48,45,0,0,0,0,0,0,0,32,33,34,35,39,38,41,42,42,45,46,47,45,48,46,46,47,49,46,51,49,51,53,53,54,55,57,54
20260726_164847_905931,1785081231760438,530612326,2,2,0,-48,128,0,15,16,16,15,16,15,15,15,15,15,15,15,16,16,16,16,16,16,16,16,16,15,15,14,14,14,0,0,0,0,0,0,0,0,0,0,0,10,10,11,12,12,12,13,13,13,14,14,14,14,14,14,14,14,14,15,15,15,16,16,16,16,16,0,55,60,57,56,54,57,55,55,56,60,57,56,54,53,58,56,58,57,58,57,59,54,55,53,52,49,49,47,0,0,0,0,0,0,0,33,35,35,37,40,41,43,43,46,49,48,48,50,49,48,48,50,51,53,52,52,54,56,55,57,57,57,57
20260726_164847_905931,1785081231862957,530713257,2,2,0,-48,128,0,14,14,14,13,14,14,14,13,13,13,13,13,13,13,14,13,14,14,14,14,13,13,13,13,11,12,0,0,0,0,0,0,0,0,0,0,0,9,10,10,11,11,11,12,12,12,13,13,13,13,13,13,13,13,13,13,13,14,14,14,14,14,14,0,58,54,52,55,51,52,52,51,51,54,52,52,51,52,54,54,56,53,54,53,53,52,52,49,48,46,44,43,0,0,0,0,0,0,0,33,35,38,38,40,43,44,45,46,50,47,52,49,52,50,48,49,52,51,52,51,53,55,54,58,55,55,56
20260726_164847_905931,1785081231964195,530814018,2,2,0,-49,128,0,15,16,16,15,15,15,15,14,14,14,14,14,14,14,14,14,16,14,14,14,14,14,14,13,13,13,0,0,0,0,0,0,0,0,0,0,0,10,11,12,12,13,13,14,13,13,13,13,13,14,13,13,13,14,13,14,14,14,16,16,16,16,16,0,56,57,56,54,55,56,54,54,52,56,53,55,51,53,54,55,55,55,55,54,54,53,52,50,47,47,47,46,0,0,0,0,0,0,0,36,38,40,41,44,45,47,49,48,49,50,51,52,49,51,51,50,51,52,52,53,55,56,57,56,56,57,56
20260726_164847_905931,1785081232065633,530917273,2,2,0,-48,128,0,13,13,13,13,14,14,14,14,13,13,14,13,13,13,14,13,13,15,14,14,14,13,13,13,12,12,0,0,0,0,0,0,0,0,0,0,0,9,10,11,11,11,12,12,12,12,12,12,13,12,12,12,13,13,12,13,13,13,13,13,13,15,13,0,56,54,53,54,52,52,52,50,51,53,52,53,52,54,53,53,55,53,53,55,53,52,50,50,48,46,45,43,0,0,0,0,0,0,0,35,37,36,39,42,43,46,47,47,48,48,48,49,48,48,50,48,49,49,50,52,51,52,53,54,54,54,56
20260726_164847_905931,1785081232160028,531012049,2,2,0,-47,128,0,14,15,14,14,14,14,14,14,14,14,14,14,13,14,14,16,15,15,15,15,15,15,14,14,13,13,0,0,0,0,0,0,0,0,0,0,0,10,11,11,11,12,12,12,13,13,13,13,13,13,13,13,13,13,13,14,14,14,14,14,14,14,15,0,54,54,53,53,53,52,52,52,51,52,54,51,51,54,56,55,56,55,56,56,54,54,52,51,50,48,46,47,0,0,0,0,0,0,0,33,35,37,38,41,41,45,45,45,47,48,49,48,50,49,48,50,50,48,51,50,52,53,53,54,54,55,55
20260726_164847_905931,1785081232272811,531123523,2,2,0,-49,128,0,14,16,15,15,15,15,15,15,15,15,16,16,15,15,16,17,17,17,17,17,16,16,16,16,16,16,0,0,0,0,0,0,0,0,0,0,0,11,11,12,13,13,13,13,14,14,14,14,14,14,14,14,14,14,14,14,14,14,15,14,15,15,16,0,54,51,55,54,52,54,52,52,53,53,55,53,55,56,58,59,56,59,62,61,58,57,56,55,57,57,52,52,0,0,0,0,0,0,0,36,38,39,41,42,45,46,48,47,49,50,48,48,49,48,49,49,47,50,48,50,51,52,52,50,53,51,53
20260726_164847_905931,1785081232361960,531212210,2,2,0,-49,128,0,14,13,13,14,14,14,13,13,13,13,14,13,13,13,14,14,14,14,14,14,14,13,13,13,13,13,0,0,0,0,0,0,0,0,0,0,0,9,10,10,11,11,11,12,12,12,12,12,12,12,12,12,12,13,13,13,12,13,13,13,14,13,14,0,56,53,52,55,51,51,51,53,52,54,54,51,51,53,56,56,55,56,56,57,57,54,53,52,51,50,46,48,0,0,0,0,0,0,0,33,37,36,38,41,42,46,45,47,48,47,50,49,49,49,48,49,49,50,51,49,49,52,52,54,53,54,55
20260726_164847_905931,1785081232490043,531338773,2,2,0,-50,128,0,14,13,13,13,13,13,13,13,13,13,14,13,14,14,14,14,15,15,15,14,14,14,13,13,13,13,0,0,0,0,0,0,0,0,0,0,0,9,10,10,10,11,11,11,11,12,12,12,12,11,11,11,12,12,11,12,12,12,12,14,13,14,13,0,56,52,53,54,53,53,52,54,54,55,54,54,56,58,56,59,57,60,60,59,59,58,55,55,54,53,50,49,0,0,0,0,0,0,0,34,36,37,40,41,45,42,46,47,47,47,47,48,49,47,48,48,48,48,49,49,50,51,51,52,54,54,53
20260726_164847_905931,1785081232563719,531412265,2,2,0,-49,128,0,15,15,15,15,15,14,14,14,14,15,15,15,14,15,15,15,15,16,16,15,15,15,14,14,14,14,0,0,0,0,0,0,0,0,0,0,0,11,11,11,12,12,12,12,13,13,13,13,13,13,13,13,13,13,13,13,14,14,15,15,15,15,15,0,57,56,57,54,53,54,53,53,53,54,55,54,51,57,55,58,54,56,57,56,55,54,50,53,50,51,45,47,0,0,0,0,0,0,0,34,36,37,41,40,44,43,47,47,48,50,47,49,48,48,48,49,49,50,49,53,51,52,53,54,54,55,56
20260726_164847_905931,1785081232661060,531512154,2,2,0,-49,128,0,15,15,15,15,14,14,14,14,14,15,15,15,15,15,15,16,16,16,16,16,15,15,15,14,14,13,0,0,0,0,0,0,0,0,0,0,0,11,12,12,13,13,14,14,14,14,14,14,14,14,14,14,14,14,14,14,15,15,15,14,15,15,15,0,54,55,55,52,53,54,52,52,50,52,53,54,54,54,55,54,56,57,55,55,56,55,52,50,52,51,46,46,0,0,0,0,0,0,0,38,40,39,42,45,48,49,49,51,52,52,51,53,52,53,51,51,52,52,52,54,54,54,56,54,55,55,55
20260726_164847_905931,1785081232763114,531614511,2,2,0,-49,128,0,14,14,15,14,15,13,14,14,14,14,15,14,14,14,14,15,15,14,15,15,15,14,14,14,14,13,0,0,0,0,0,0,0,0,0,0,0,9,9,9,10,10,11,11,11,11,11,12,11,11,11,11,12,12,12,12,12,13,13,14,13,14,14,0,55,55,54,56,51,54,54,52,54,57,54,54,55,56,57,58,55,57,58,56,58,55,55,52,52,52,47,47,0,0,0,0,0,0,0,31,34,35,35,37,39,40,41,43,43,45,44,44,43,41,44,46,47,47,47,48,48,50,51,52,53,55,54
20260726_164847_905931,1785081232859816,531713210,2,2,0,-50,128,0,15,15,15,15,14,14,14,14,14,14,15,14,14,15,15,16,16,16,16,16,16,15,15,15,15,14,0,0,0,0,0,0,0,0,0,0,0,10,11,11,11,13,13,13,13,13,13,13,13,13,13,13,13,13,13,14,14,15,15,14,15,15,15,0,54,56,56,56,54,56,53,53,53,55,55,56,56,57,57,59,60,59,60,59,59,58,58,55,54,55,53,52,0,0,0,0,0,0,0,37,37,38,40,43,43,45,47,48,49,50,50,48,50,51,49,49,51,50,50,52,53,53,53,53,56,55,55
20260726_164847_905931,1785081232960353,531811718,2,2,0,-49,128,0,15,14,15,15,15,14,14,14,14,14,15,15,15,15,16,16,16,16,16,16,16,16,15,15,15,15,0,0,0,0,0,0,0,0,0,0,0,9,10,10,11,11,12,12,12,12,12,13,12,11,13,13,13,13,13,13,13,13,13,14,14,14,14,0,55,53,54,54,54,53,53,54,53,55,55,55,57,60,58,59,59,60,60,62,60,60,58,57,57,55,52,52,0,0,0,0,0,0,0,31,33,35,37,37,40,42,43,43,43,44,44,44,44,46,45,46,47,47,47,47,48,49,51,50,50,52,52
20260726_164847_905931,1785081233063802,531913413,2,2,0,-48,128,0,13,14,14,14,13,14,14,13,14,14,14,14,14,15,15,15,15,15,16,15,15,15,15,14,14,13,0,0,0,0,0,0,0,0,0,0,0,7,7,7,8,8,8,9,9,9,10,10,10,10,10,10,11,11,11,12,12,12,13,13,13,14,14,0,27,28,27,27,27,27,27,27,27,29,29,28,28,29,29,30,29,29,31,30,30,29,28,29,27,26,26,25,0,0,0,0,0,0,0,12,13,14,14,16,16,17,17,18,19,19,20,20,21,21,21,22,21,21,22,23,23,25,26,25,26,26,27
20260726_164847_905931,1785081233165455,532014890,2,2,0,-49,128,0,14,13,14,14,13,14,13,13,14,14,14,14,15,15,15,15,15,16,15,15,15,15,15,14,14,13,0,0,0,0,0,0,0,0,0,0,0,8,8,8,9,9,10,10,10,10,10,11,10,11,10,12,11,12,12,11,12,13,12,13,13,13,13,0,28,28,26,27,27,27,27,27,27,28,28,28,29,29,30,30,30,30,31,31,31,31,28,28,27,27,25,25,0,0,0,0,0,0,0,14,15,16,16,17,17,19,19,19,21,21,21,21,22,21,22,22,23,23,22,24,25,26,27,25,27,29,27
20260726_164847_905931,1785081233260888,532114131,2,2,0,-49,128,0,15,15,16,14,14,14,14,14,14,14,15,15,15,15,15,16,16,16,16,16,16,16,15,15,14,14,0,0,0,0,0,0,0,0,0,0,0,9,9,10,10,11,11,11,12,12,13,12,13,13,13,13,13,13,14,14,14,14,15,15,15,15,14,0,57,56,57,55,56,54,55,55,54,55,56,56,56,58,56,60,60,61,62,59,60,59,56,55,56,54,52,52,0,0,0,0,0,0,0,30,31,33,36,37,39,41,42,44,45,46,46,46,46,47,47,47,47,50,48,50,52,55,54,53,53,55,55
20260726_164847_905931,1785081233362813,532212616,2,2,0,-50,128,0,14,14,15,14,14,15,15,15,15,15,16,16,15,16,16,17,17,17,18,18,17,16,16,16,16,15,0,0,0,0,0,0,0,0,0,0,0,9,10,10,10,11,11,11,11,11,11,12,11,11,11,11,11,11,11,12,12,12,12,13,13,13,13,0,27,27,28,28,27,28,28,28,28,30,30,30,30,30,32,32,32,32,33,33,33,31,32,30,31,30,28,28,0,0,0,0,0,0,0,17,16,17,18,20,20,21,20,21,21,22,21,22,21,21,22,20,22,21,22,21,22,23,24,25,23,26,26
20260726_164847_905931,1785081233459261,532312243,2,2,0,-49,128,0,14,14,14,14,14,14,14,14,14,14,14,14,14,15,16,15,16,16,15,15,15,15,15,14,14,14,0,0,0,0,0,0,0,0,0,0,0,9,9,10,10,11,11,10,11,11,11,11,11,11,11,11,11,11,12,12,12,13,14,13,14,14,14,0,54,57,55,55,54,54,54,55,54,56,56,55,57,58,59,60,60,60,60,61,61,58,57,56,55,53,51,50,0,0,0,0,0,0,0,30,32,35,36,38,41,40,43,45,44,46,47,45,44,46,47,47,47,48,47,50,52,54,50,53,55,55,56
20260726_164847_905931,1785081233562125,532412177,2,2,0,-49,128,0,14,13,14,14,13,13,13,13,13,15,14,14,14,14,14,15,15,15,15,15,15,15,15,14,14,14,0,0,0,0,0,0,0,0,0,0,0,8,9,9,9,9,10,10,10,11,10,10,10,10,10,10,10,11,11,12,12,12,13,13,13,14,14,0,57,54,55,56,54,56,55,54,56,57,57,56,56,55,60,61,59,63,63,62,62,60,56,57,56,55,52,54,0,0,0,0,0,0,0,29,32,32,35,36,39,39,41,43,41,41,41,41,43,42,43,42,43,45,46,48,49,50,50,53,53,54,52
20260726_164847_905931,1785081233658764,532511648,2,2,0,-50,128,0,14,13,14,14,13,14,14,14,14,14,14,14,14,15,15,15,15,16,16,15,15,15,14,14,14,14,0,0,0,0,0,0,0,0,0,0,0,6,8,8,9,8,9,9,10,10,10,10,10,10,10,10,10,10,11,12,12,12,13,13,13,13,14,0,56,56,55,56,55,56,57,55,54,59,58,55,56,59,60,62,62,63,63,63,63,59,57,57,58,57,53,54,0,0,0,0,0,0,0,28,30,31,32,32,35,34,37,38,41,39,38,39,39,39,40,41,43,44,44,46,48,49,52,50,51,52,58
20260726_164847_905931,1785081233757171,532611877,2,2,0,-50,128,0,14,15,15,15,14,15,13,13,13,14,14,14,14,14,15,14,15,15,15,15,15,14,14,14,13,14,0,0,0,0,0,0,0,0,0,0,0,8,9,9,10,9,9,10,11,11,11,11,11,11,11,11,12,12,12,13,13,13,14,14,14,15,14,0,55,56,55,55,55,54,55,54,54,55,57,54,55,56,55,58,56,60,60,58,58,55,54,54,52,52,50,50,0,0,0,0,0,0,0,29,31,33,33,35,37,40,39,41,43,44,42,44,44,44,44,46,44,47,45,50,51,52,54,54,56,57,58
20260726_164847_905931,1785081233864802,532714644,2,2,0,-51,128,0,15,15,15,15,15,15,15,15,15,14,14,14,14,15,15,15,15,15,15,15,16,15,15,15,14,14,0,0,0,0,0,0,0,0,0,0,0,8,8,8,9,9,10,9,10,10,10,10,10,11,11,10,11,11,11,12,12,12,13,14,14,14,15,0,58,58,58,59,59,58,59,56,60,61,60,58,58,57,61,59,62,62,61,61,61,60,58,57,55,54,52,52,0,0,0,0,0,0,0,30,31,33,34,36,37,37,38,40,41,40,42,41,42,40,41,41,44,46,47,46,49,50,52,56,56,57,58
20260726_164847_905931,1785081233966022,532816101,2,2,0,-50,128,0,13,14,14,14,14,13,13,13,13,14,14,14,14,15,15,15,16,15,15,15,15,14,14,13,14,14,0,0,0,0,0,0,0,0,0,0,0,9,9,9,10,10,10,11,11,11,11,11,11,11,11,11,11,11,11,11,12,12,12,14,13,14,14,0,54,52,53,52,53,52,52,51,53,56,55,55,57,58,56,59,59,59,60,60,60,59,56,55,55,55,50,49,0,0,0,0,0,0,0,32,33,34,37,39,40,41,41,43,42,45,44,44,43,44,44,46,44,46,44,46,48,51,50,50,52,55,52
20260726_164847_905931,1785081234062820,532916259,2,2,0,-49,128,0,15,15,14,14,14,14,13,13,13,14,13,14,13,14,14,14,14,14,14,14,13,13,13,13,12,12,0,0,0,0,0,0,0,0,0,0,0,9,9,10,11,11,12,12,13,12,12,13,13,12,13,12,13,13,14,14,14,15,15,15,15,15,15,0,59,57,59,54,57,55,54,54,52,52,53,53,54,55,53,55,54,56,55,53,54,52,51,50,48,48,43,45,0,0,0,0,0,0,0,33,36,38,38,38,43,43,46,47,48,49,49,48,49,52,50,52,51,53,51,54,55,54,56,56,58,59,59
20260726_164847_905931,1785081234164990,533016787,2,2,0,-50,128,0,15,15,15,15,14,15,14,14,14,15,15,14,14,14,14,15,15,15,15,15,15,14,14,14,13,13,0,0,0,0,0,0,0,0,0,0,0,7,7,7,8,8,8,8,9,9,9,9,9,10,10,10,10,11,11,12,13,13,13,13,14,14,14,0,60,59,59,60,58,57,58,57,57,60,60,58,59,59,61,59,59,59,60,62,60,59,55,54,55,53,49,49,0,0,0,0,0,0,0,26,28,29,31,32,34,36,36,36,39,38,38,40,41,43,41,44,45,46,46,48,50,53,54,57,57,60,58
20260726_164847_905931,1785081234261083,533113795,2,2,0,-51,128,0,15,15,15,15,15,15,15,15,15,15,14,14,15,15,15,15,15,15,16,15,15,16,16,15,15,14,0,0,0,0,0,0,0,0,0,0,0,12,12,12,12,13,13,13,13,13,12,12,12,12,12,12,13,13,13,13,13,14,14,14,14,15,14,0,54,56,55,54,53,54,54,54,55,56,56,56,55,56,57,57,59,58,60,59,60,57,57,55,55,52,51,50,0,0,0,0,0,0,0,38,40,42,43,45,46,47,47,48,48,47,47,45,45,45,44,45,46,47,47,48,51,51,53,53,53,56,53
20260726_164847_905931,1785081234362650,533213213,2,2,0,-49,128,0,16,15,15,15,15,15,15,14,15,14,14,14,14,14,14,14,14,15,14,14,14,13,13,13,13,13,0,0,0,0,0,0,0,0,0,0,0,9,11,10,10,11,12,12,12,12,12,12,12,13,13,13,13,14,14,14,13,14,15,15,15,16,16,0,61,60,57,59,56,57,54,55,52,56,56,54,54,56,55,55,56,55,54,56,53,53,52,50,50,47,46,45,0,0,0,0,0,0,0,31,32,35,35,40,38,42,44,43,45,49,46,47,47,46,48,46,49,51,52,51,51,56,56,58,60,60,58
20260726_164847_905931,1785081234458901,533312016,2,2,0,-50,128,0,15,15,15,14,15,15,14,14,14,14,14,15,14,15,15,15,15,15,15,14,14,14,14,14,13,13,0,0,0,0,0,0,0,0,0,0,0,10,11,10,11,11,12,12,11,12,11,12,11,12,12,12,12,13,12,13,14,14,14,14,14,15,15,0,59,55,57,58,55,54,56,54,57,55,56,55,55,56,58,58,55,59,60,57,56,56,54,52,52,50,45,47,0,0,0,0,0,0,0,34,38,38,39,40,41,43,45,45,46,45,44,44,45,45,45,45,44,48,47,49,51,52,52,53,54,58,57
20260726_164847_905931,1785081234560598,533413631,2,2,0,-50,128,0,15,15,15,14,15,15,15,15,14,15,15,15,15,15,15,15,15,16,16,15,15,15,14,14,13,13,0,0,0,0,0,0,0,0,0,0,0,12,12,12,12,14,13,14,13,14,13,13,13,13,13,13,13,13,13,14,13,14,14,14,15,15,15,0,58,58,57,59,56,55,55,56,56,55,56,53,55,55,57,56,57,58,57,57,54,56,53,52,49,48,48,47,0,0,0,0,0,0,0,40,40,41,43,46,45,48,48,48,51,50,48,48,48,47,47,48,48,49,49,51,53,53,54,55,54,58,56
20260726_164847_905931,1785081234663213,533512069,2,2,0,-50,128,0,14,14,14,15,13,13,14,14,14,14,14,14,14,14,14,14,14,14,14,14,14,14,14,13,13,13,0,0,0,0,0,0,0,0,0,0,0,11,11,12,13,13,13,13,14,14,14,14,13,14,13,13,13,13,13,13,13,14,14,14,14,15,14,0,55,53,53,52,53,54,51,51,52,53,54,53,52,53,53,53,54,57,56,54,54,52,50,50,46,48,45,43,0,0,0,0,0,0,0,40,41,44,44,45,47,49,50,50,52,51,50,51,50,49,50,47,49,49,50,52,52,52,52,54,55,54,54
20260726_164847_905931,1785081234759891,533612472,2,2,0,-49,128,0,15,15,15,15,14,15,15,14,14,15,15,14,14,15,16,15,16,15,15,15,15,15,14,14,13,13,0,0,0,0,0,0,0,0,0,0,0,8,8,8,8,9,9,9,10,10,10,11,11,11,11,11,11,11,13,12,13,13,13,13,14,14,15,0,60,59,61,59,60,59,59,57,58,58,58,58,59,61,59,61,60,61,61,60,60,59,56,57,54,54,50,51,0,0,0,0,0,0,0,26,29,29,33,31,34,35,36,37,40,38,40,40,42,42,43,43,43,47,47,48,50,52,55,52,56,59,57
20260726_164847_905931,1785081234863271,533712357,2,2,0,-49,128,0,14,14,14,14,13,13,14,14,14,14,14,14,14,14,15,15,15,15,15,14,15,14,14,13,13,13,0,0,0,0,0,0,0,0,0,0,0,9,9,9,11,11,11,11,11,11,11,11,11,11,11,12,12,12,12,12,13,13,14,14,13,14,14,0,57,57,56,57,55,55,56,56,54,56,57,55,54,57,59,60,59,57,60,57,60,55,54,54,50,51,49,47,0,0,0,0,0,0,0,33,36,37,38,39,41,44,43,44,45,45,45,45,46,44,43,43,46,45,46,49,49,49,49,54,54,54,54
20260726_164847_905931,1785081234959860,533814086,2,2,0,-50,128,0,15,16,15,16,15,15,14,14,15,15,15,15,15,15,16,16,16,16,16,15,15,14,14,14,14,13,0,0,0,0,0,0,0,0,0,0,0,9,9,9,10,10,11,11,11,11,11,11,11,12,11,12,13,13,13,13,14,14,14,15,14,15,15,0,59,57,58,55,57,57,56,57,56,59,57,57,56,59,60,62,60,60,61,57,58,56,55,54,51,50,48,47,0,0,0,0,0,0,0,27,31,33,35,35,37,38,40,41,38,43,42,43,44,42,43,43,47,47,47,51,52,53,53,57,57,57,60
20260726_164847_905931,1785081235061033,533911934,2,2,0,-50,128,0,14,14,14,14,13,14,14,14,14,14,14,14,14,15,15,15,16,15,16,15,15,15,15,15,15,14,0,0,0,0,0,0,0,0,0,0,0,9,9,9,10,10,10,11,10,11,11,11,11,11,11,11,12,12,12,12,13,13,13,14,14,14,14,0,27,27,27,27,28,28,28,26,26,28,28,27,28,28,29,29,30,29,31,31,30,29,30,28,26,26,26,26,0,0,0,0,0,0,0,15,16,16,17,18,19,21,20,22,21,21,21,21,20,21,21,21,23,22,23,24,24,24,24,25,27,25,26
20260726_164847_905931,1785081235158152,534012370,2,2,0,-51,128,0,13,13,13,14,14,14,14,14,14,15,15,15,15,15,16,16,16,16,16,16,16,16,16,15,15,14,0,0,0,0,0,0,0,0,0,0,0,8,8,9,9,9,9,9,9,9,9,9,9,8,9,9,9,9,9,9,10,10,11,11,12,12,13,0,27,27,27,29,27,28,28,28,29,31,31,30,30,31,32,32,33,33,34,33,33,31,32,30,30,30,28,28,0,0,0,0,0,0,0,15,16,16,16,17,18,18,18,18,18,18,18,17,18,17,17,17,19,19,20,21,21,22,23,25,24,25,25
20260726_164847_905931,1785081235259434,534112150,2,2,0,-51,128,0,14,14,15,15,15,15,15,16,16,16,16,16,16,17,17,18,18,18,17,17,17,17,16,16,16,15,0,0,0,0,0,0,0,0,0,0,0,9,9,9,10,10,10,10,10,10,9,9,10,10,10,10,10,11,11,11,12,12,13,13,13,14,14,0,27,28,28,28,29,29,29,29,30,31,31,31,31,32,32,33,33,34,34,33,34,32,31,31,29,30,28,28,0,0,0,0,0,0,0,15,17,17,18,17,18,18,19,19,19,19,19,18,18,18,18,19,20,20,20,22,22,23,23,25,25,26,27
20260726_164847_905931,1785081235362105,534212210,2,2,0,-52,128,0,13,13,13,13,13,13,13,13,14,15,15,15,15,15,15,16,16,16,16,16,16,16,16,14,14,14,0,0,0,0,0,0,0,0,0,0,0,12,12,13,13,14,14,14,14,13,14,13,13,13,12,12,12,12,12,12,12,13,13,13,13,13,13,0,51,52,50,52,50,52,52,54,52,56,54,56,56,57,58,58,60,60,59,60,59,58,57,55,53,53,51,49,0,0,0,0,0,0,0,41,43,44,46,49,49,52,51,52,52,52,51,49,48,46,46,45,46,45,46,45,46,47,48,49,48,49,48
20260726_164847_905931,1785081235459067,534312475,2,2,0,-51,128,0,15,14,14,15,14,14,14,14,15,15,15,15,15,15,16,16,16,16,16,15,15,15,15,14,15,14,0,0,0,0,0,0,0,0,0,0,0,10,11,11,12,12,12,12,13,13,13,13,13,13,12,12,12,13,13,13,13,14,14,14,14,15,15,0,55,57,54,57,54,55,55,55,55,59,59,56,59,57,61,58,61,60,61,60,61,57,57,54,53,51,50,48,0,0,0,0,0,0,0,37,39,41,42,45,44,47,46,48,49,48,48,48,46,46,45,45,48,47,49,48,50,50,52,54,53,54,55
20260726_164847_905931,1785081235561234,534412051,2,2,0,-52,128,0,14,14,14,13,13,13,13,13,13,13,13,13,13,13,13,14,14,14,14,14,14,14,13,13,13,12,0,0,0,0,0,0,0,0,0,0,0,13,14,13,14,15,15,15,15,15,15,14,14,14,14,14,13,13,13,13,13,14,14,13,13,13,13,0,52,52,52,52,50,51,49,49,50,51,51,51,51,53,53,53,55,54,55,54,54,52,52,49,49,48,46,46,0,0,0,0,0,0,0,45,48,49,50,52,55,56,57,57,58,58,57,56,55,53,53,50,52,50,50,50,51,51,53,53,52,53,50
20260726_164847_905931,1785081235658600,534512342,2,2,0,-51,128,0,14,14,14,14,14,14,14,14,14,15,15,14,14,15,15,16,15,16,16,15,16,15,15,14,14,14,0,0,0,0,0,0,0,0,0,0,0,12,12,12,13,13,13,13,13,13,13,13,13,13,13,13,13,13,13,13,13,13,14,14,13,13,13,0,53,52,52,52,51,53,52,52,53,55,56,55,54,56,57,58,58,59,60,59,59,57,55,53,54,52,49,49,0,0,0,0,0,0,0,40,42,44,46,47,50,50,51,51,51,53,51,51,50,49,48,48,49,49,49,48,49,49,50,51,52,52,53
20260726_164847_905931,1785081235761569,534612314,2,2,0,-52,128,0,16,16,16,16,16,15,15,15,15,16,15,15,16,16,16,16,16,16,16,16,16,15,15,15,14,13,0,0,0,0,0,0,0,0,0,0,0,11,10,11,11,12,11,12,12,12,12,12,12,13,13,13,13,13,13,13,14,15,15,15,16,16,15,0,56,58,58,58,57,57,57,57,55,58,59,59,57,59,59,59,60,61,61,59,60,56,55,54,52,52,48,48,0,0,0,0,0,0,0,34,36,36,38,40,42,43,44,45,46,46,46,47,47,46,45,47,48,50,50,52,52,54,54,55,55,56,57
20260726_164847_905931,1785081235857854,534711775,2,2,0,-51,128,0,13,13,13,14,13,14,14,14,13,14,14,14,14,15,15,15,15,15,15,14,14,14,14,13,13,12,0,0,0,0,0,0,0,0,0,0,0,10,10,11,11,12,12,12,12,12,12,12,12,12,12,11,12,12,12,13,13,13,13,13,13,13,14,0,52,56,54,57,54,57,55,56,52,56,55,56,58,57,58,57,60,58,60,59,59,57,56,54,54,52,48,47,0,0,0,0,0,0,0,37,39,42,42,44,45,47,47,48,49,50,49,47,48,47,49,47,47,49,50,49,51,52,52,53,55,54,53
20260726_164847_905931,1785081235959688,534811633,2,2,0,-49,128,0,15,16,15,16,16,16,16,15,16,16,16,15,16,16,16,16,16,17,16,16,16,15,15,14,14,14,0,0,0,0,0,0,0,0,0,0,0,9,9,9,9,10,10,11,12,11,12,11,11,13,12,12,12,13,13,14,14,14,15,14,15,15,16,0,29,29,29,30,29,29,29,29,28,30,29,29,29,29,29,30,30,30,30,29,30,29,28,28,26,26,24,23,0,0,0,0,0,0,0,14,16,16,16,18,18,19,19,20,21,20,22,21,22,21,22,23,24,24,24,25,26,27,27,27,27,28,28
20260726_164847_905931,1785081236063699,534912824,2,2,0,-52,128,0,15,15,15,15,15,15,14,14,15,15,15,15,15,16,16,16,16,16,16,16,16,16,16,15,15,15,0,0,0,0,0,0,0,0,0,0,0,9,9,9,10,10,11,11,12,11,11,11,11,11,11,11,11,12,12,13,13,13,14,14,14,14,15,0,55,55,57,56,57,57,56,56,59,60,58,59,57,61,60,64,61,63,62,61,62,59,57,56,55,56,51,51,0,0,0,0,0,0,0,32,35,34,38,38,39,39,42,41,43,42,43,42,42,41,41,43,43,45,44,46,47,49,50,51,53,52,55
20260726_164847_905931,1785081236165465,535016824,2,2,0,-52,128,0,14,14,14,14,14,14,13,14,14,15,15,15,15,16,16,16,16,16,16,16,16,16,16,15,15,15,0,0,0,0,0,0,0,0,0,0,0,8,9,9,9,9,10,10,10,10,11,11,11,11,10,11,12,12,12,12,12,12,12,13,13,14,14,0,54,52,55,54,56,55,55,55,56,57,59,58,57,60,60,63,62,66,65,64,64,62,59,60,59,58,53,54,0,0,0,0,0,0,0,29,31,33,36,35,38,38,41,42,41,43,40,41,43,42,42,42,44,46,43,48,47,49,50,51,51,52,53
20260726_164847_905931,1785081236267018,535116590,2,2,0,-51,128,0,15,14,15,15,15,16,15,15,15,15,16,16,15,16,16,16,16,16,16,16,16,15,15,15,14,14,0,0,0,0,0,0,0,0,0,0,0,9,9,10,10,9,10,10,10,10,10,10,10,10,11,11,11,11,11,11,12,12,13,13,13,14,14,0,54,55,58,54,58,60,58,59,57,58,60,57,57,61,60,62,60,63,62,60,62,59,57,56,55,52,51,52,0,0,0,0,0,0,0,31,33,35,34,37,38,39,39,39,40,39,38,40,39,40,39,43,41,44,43,46,48,47,48,50,52,52,54
20260726_164847_905931,1785081236362708,535212845,2,2,0,-50,128,0,15,15,15,15,15,15,14,15,15,16,15,15,15,16,16,16,16,16,16,15,15,15,14,14,14,14,0,0,0,0,0,0,0,0,0,0,0,10,9,10,10,11,11,11,11,11,11,11,11,11,11,11,11,12,12,12,13,13,14,14,14,14,14,0,56,57,57,57,58,59,57,56,57,60,59,58,57,59,58,59,60,60,60,60,59,57,54,53,53,52,46,47,0,0,0,0,0,0,0,32,35,37,38,37,38,41,40,43,40,44,40,40,40,42,42,43,43,46,46,48,50,49,53,53,51,55,57
20260726_164847_905931,1785081236470213,535319378,2,2,0,-51,128,0,14,15,15,15,15,15,15,15,15,16,15,15,16,16,16,16,17,17,17,17,16,16,16,15,15,14,0,0,0,0,0,0,0,0,0,0,0,10,10,10,10,11,11,12,12,12,12,11,12,11,11,11,12,11,12,12,12,13,13,14,14,14,14,0,28,27,28,28,28,27,28,27,29,30,29,28,28,28,30,30,30,31,31,30,32,30,30,29,28,27,27,26,0,0,0,0,0,0,0,17,17,18,19,19,20,20,21,22,21,20,21,22,21,21,21,21,22,22,23,22,24,23,25,26,27,27,27
20260726_164847_905931,1785081236577607,535428545,2,2,0,-48,128,0,15,15,16,15,15,15,15,14,14,14,16,15,15,16,15,16,15,16,16,14,14,14,13,13,13,13,0,0,0,0,0,0,0,0,0,0,0,9,9,9,10,10,11,11,11,11,11,11,11,11,11,11,11,11,11,13,13,13,14,14,14,15,15,0,56,57,57,57,58,58,57,55,56,59,58,59,56,59,59,58,59,59,58,56,56,53,52,51,48,47,45,44,0,0,0,0,0,0,0,33,36,36,37,39,41,41,41,41,42,43,43,42,41,44,41,44,44,45,46,49,50,51,52,52,55,56,56
20260726_164847_905931,1785081236667835,535518165,2,2,0,-48,128,0,16,15,16,16,15,15,16,16,16,16,16,16,15,16,16,16,16,16,16,16,16,16,15,15,15,14,0,0,0,0,0,0,0,0,0,0,0,10,10,10,10,11,11,12,12,12,12,12,12,12,12,13,13,13,13,13,13,14,14,14,14,15,15,0,58,56,57,57,57,55,56,55,56,57,58,57,57,60,58,60,60,60,60,58,57,56,53,53,52,52,48,48,0,0,0,0,0,0,0,33,34,35,38,38,39,39,41,41,44,43,42,43,43,43,44,44,45,47,47,48,49,51,52,51,53,55,55
20260726_164847_905931,1785081236764453,535613954,2,2,0,-49,128,0,15,16,16,16,15,15,15,15,16,16,16,15,15,17,16,17,16,16,17,16,16,16,15,15,15,14,0,0,0,0,0,0,0,0,0,0,0,11,11,11,11,11,12,12,12,11,12,12,12,11,11,11,12,12,12,13,12,13,13,13,14,15,14,0,57,57,55,60,57,58,56,58,59,59,62,59,60,61,61,63,60,61,64,60,63,57,57,58,54,52,48,49,0,0,0,0,0,0,0,37,38,38,40,39,42,42,46,45,44,45,42,42,45,44,43,42,46,46,46,47,48,51,50,51,53,59,59
20260726_164847_905931,1785081236873047,535723509,2,2,0,-49,128,0,16,16,16,16,15,15,15,15,14,15,15,15,15,16,16,16,16,16,16,16,16,15,14,14,14,13,0,0,0,0,0,0,0,0,0,0,0,10,11,11,11,12,13,13,13,13,13,13,13,13,13,13,13,14,14,14,15,15,15,15,15,15,16,0,59,57,56,56,57,54,56,55,55,55,56,55,56,58,56,57,59,59,58,58,56,56,55,52,52,51,47,46,0,0,0,0,0,0,0,33,35,39,38,40,43,43,44,45,46,48,46,47,47,48,48,49,48,49,50,53,54,54,58,56,57,58,55
20260726_164847_905931,1785081236964214,535815077,2,2,0,-49,128,0,16,16,17,17,15,16,16,16,16,16,16,16,16,16,17,17,17,17,17,17,16,16,16,15,15,15,0,0,0,0,0,0,0,0,0,0,0,10,11,11,11,12,12,12,12,12,12,12,12,12,13,13,13,13,14,14,15,15,15,15,15,16,16,0,29,29,30,30,27,29,27,29,29,29,28,29,30,30,29,30,31,28,30,28,31,30,29,28,26,25,24,23,0,0,0,0,0,0,0,16,17,18,18,19,20,20,21,21,21,22,22,21,21,21,22,23,23,23,24,25,25,27,27,26,27,28,28
20260726_164847_905931,1785081237083598,535936090,2,2,0,-50,128,0,15,15,16,15,14,15,15,14,15,16,16,15,16,16,16,16,16,16,16,16,16,15,15,14,14,14,0,0,0,0,0,0,0,0,0,0,0,11,12,12,13,13,13,13,13,13,13,13,12,13,12,13,13,13,13,14,14,14,15,15,15,14,15,0,55,57,56,56,55,55,56,55,57,58,57,56,55,57,58,59,58,59,58,60,57,56,53,52,50,50,47,46,0,0,0,0,0,0,0,39,39,40,42,44,46,46,46,48,51,49,48,45,47,47,45,47,47,49,48,49,51,53,53,53,54,55,55
20260726_164847_905931,1785081237162885,536014227,2,2,0,-50,128,0,14,14,14,14,14,14,14,14,14,15,15,15,15,14,14,14,14,14,15,15,15,14,14,13,13,12,0,0,0,0,0,0,0,0,0,0,0,9,9,9,9,10,9,10,10,11,10,11,11,11,11,11,12,12,12,12,13,13,14,14,14,14,14,0,57,56,58,55,55,54,54,55,54,55,55,55,53,56,58,57,57,57,59,57,57,53,55,50,50,50,49,47,0,0,0,0,0,0,0,30,32,33,34,36,37,38,38,39,41,42,41,43,42,44,43,45,46,48,48,50,52,53,53,55,55,55,55
20260726_164847_905931,1785081237259993,536112090,2,2,0,-50,128,0,15,16,15,16,15,15,15,15,16,15,16,15,15,16,16,16,16,16,17,16,16,16,15,15,15,14,0,0,0,0,0,0,0,0,0,0,0,8,9,9,9,10,10,10,10,10,11,11,11,11,11,12,12,12,13,13,14,14,14,15,15,15,16,0,30,30,30,30,29,29,29,29,30,30,30,30,30,31,31,32,32,31,32,31,31,31,30,29,29,28,26,25,0,0,0,0,0,0,0,14,16,16,17,16,17,18,19,19,19,20,19,20,21,20,21,22,24,24,24,25,26,26,28,28,28,29,30
20260726_164847_905931,1785081237368678,536219011,2,2,0,-49,128,0,15,14,14,15,14,14,14,14,14,14,14,14,14,14,14,14,14,14,14,14,14,13,13,12,12,12,0,0,0,0,0,0,0,0,0,0,0,9,9,9,10,11,11,11,11,12,12,12,12,12,12,12,12,13,13,13,14,14,14,14,14,14,15,0,61,60,57,58,57,55,55,55,55,58,57,55,55,58,57,57,57,57,54,56,55,53,50,50,47,47,46,46,0,0,0,0,0,0,0,31,33,36,36,38,39,41,45,46,46,45,46,46,48,46,50,47,48,49,52,52,52,54,55,54,57,57,59
20260726_164847_905931,1785081237460145,536313959,2,2,0,-49,128,0,16,17,17,17,16,16,16,16,17,16,17,16,17,17,17,16,17,17,17,16,16,16,15,15,15,14,0,0,0,0,0,0,0,0,0,0,0,10,10,11,11,12,12,12,12,12,12,12,13,13,13,13,13,14,14,15,15,15,16,16,17,16,16,0,28,30,28,29,29,31,28,28,28,28,30,31,28,29,30,30,29,30,30,29,28,28,26,26,26,25,24,23,0,0,0,0,0,0,0,16,17,17,18,19,19,20,22,21,22,21,22,22,22,23,23,23,23,24,24,25,25,27,27,27,29,30,29
20260726_164847_905931,1785081237568389,536420385,2,2,0,-48,128,0,14,14,14,14,14,14,14,14,14,14,15,14,14,15,15,15,15,15,15,15,15,14,14,13,13,13,0,0,0,0,0,0,0,0,0,0,0,8,8,8,9,9,9,10,10,10,10,10,10,10,11,11,11,11,12,12,12,13,13,13,14,14,14,0,56,57,57,56,55,56,55,55,55,56,56,56,58,59,60,59,60,60,61,59,60,58,57,53,52,51,49,48,0,0,0,0,0,0,0,28,29,31,32,34,37,37,38,40,41,40,42,43,42,43,46,44,46,48,48,49,50,50,52,54,54,56,57
20260726_164847_905931,1785081237700019,536554331,2,2,0,-49,128,0,15,14,14,14,13,14,14,14,14,14,15,15,14,15,15,15,16,15,15,15,15,15,14,14,13,13,0,0,0,0,0,0,0,0,0,0,0,8,8,9,9,10,10,10,11,10,12,12,11,12,12,12,12,13,13,13,13,13,13,15,14,14,14,0,60,58,57,57,57,57,57,55,56,57,57,56,58,58,59,61,59,58,60,59,60,58,56,54,53,53,48,49,0,0,0,0,0,0,0,26,30,33,34,34,38,39,42,43,44,44,42,45,45,45,45,47,47,47,47,52,50,53,54,55,55,56,59
20260726_164847_905931,1785081237786579,536639477,2,2,0,-49,128,0,15,14,15,14,16,16,15,16,15,14,15,15,15,16,15,16,16,16,16,15,15,14,15,14,14,14,0,0,0,0,0,0,0,0,0,0,0,9,9,9,10,10,10,10,10,10,11,11,11,12,11,12,11,12,12,13,13,13,14,13,14,14,15,0,58,58,57,56,59,55,59,59,55,58,58,55,60,56,57,60,56,64,60,60,55,60,57,54,54,53,51,49,0,0,0,0,0,0,0,30,33,33,37,36,39,38,39,40,40,42,40,40,42,43,44,42,44,45,47,47,50,52,52,53,55,55,54
20260726_164847_905931,1785081237866018,536715569,2,2,0,-47,128,0,16,15,16,15,15,15,15,14,15,15,15,14,14,15,16,15,16,15,15,15,15,14,14,13,13,12,0,0,0,0,0,0,0,0,0,0,0,9,10,11,11,11,13,13,13,13,14,13,13,14,14,14,15,13,14,15,15,15,15,16,16,15,15,0,61,60,59,58,57,56,55,54,53,56,56,56,56,56,56,56,58,57,58,57,55,52,53,50,49,48,45,46,0,0,0,0,0,0,0,32,34,34,37,38,40,43,45,46,49,49,51,49,50,51,51,53,52,54,55,55,57,57,57,56,58,59,58
20260726_164847_905931,1785081237962135,536812366,2,2,0,-48,128,0,15,14,14,15,14,14,14,13,14,14,14,13,13,13,14,14,14,14,14,14,14,13,13,12,12,12,0,0,0,0,0,0,0,0,0,0,0,10,10,10,11,11,11,12,12,13,13,13,13,13,13,13,12,13,13,13,13,13,14,14,14,15,14,0,56,55,55,56,54,55,52,54,52,55,53,52,50,52,57,55,54,55,55,53,54,50,49,48,46,46,43,44,0,0,0,0,0,0,0,34,35,38,38,42,43,44,43,46,48,48,50,50,48,48,48,47,49,49,51,52,53,54,53,56,55,56,56
20260726_164847_905931,1785081238060323,536912021,2,2,0,-48,128,0,14,14,13,14,13,13,13,13,13,13,14,13,13,13,14,14,14,14,15,14,14,13,13,13,13,12,0,0,0,0,0,0,0,0,0,0,0,10,10,11,11,11,12,13,12,13,13,13,13,13,12,12,13,13,13,13,13,13,14,14,14,14,14,0,55,52,51,52,53,51,51,50,48,53,53,51,52,54,54,54,54,55,55,55,55,52,50,49,49,49,44,45,0,0,0,0,0,0,0,35,36,39,41,42,45,45,47,48,49,50,49,49,49,50,49,50,49,50,51,51,52,52,53,54,53,54,53
20260726_164847_905931,1785081238162168,537012098,2,2,0,-48,128,0,16,15,15,15,14,15,14,14,14,14,15,14,14,15,15,15,15,15,15,15,15,14,14,14,13,13,0,0,0,0,0,0,0,0,0,0,0,11,12,12,13,13,13,14,15,15,15,15,14,15,14,15,15,15,15,15,15,16,16,16,16,16,16,0,56,56,54,54,54,55,53,53,53,52,54,54,52,53,55,57,55,55,54,54,55,52,51,50,49,48,44,45,0,0,0,0,0,0,0,38,39,41,42,45,46,49,49,49,51,52,52,53,52,53,52,53,52,52,53,53,55,55,58,56,56,59,54
20260726_164847_905931,1785081238259296,537111272,2,2,0,-47,128,0,14,14,13,13,13,13,13,13,12,12,14,14,13,14,13,13,14,14,14,13,13,13,13,12,12,11,0,0,0,0,0,0,0,0,0,0,0,10,11,12,12,13,13,14,14,14,14,14,14,14,14,14,14,14,13,14,14,14,14,14,14,14,14,0,55,53,54,53,51,50,51,50,49,50,51,49,50,51,51,53,53,53,53,52,51,50,49,46,45,45,43,41,0,0,0,0,0,0,0,39,41,43,45,45,49,51,50,52,55,54,54,53,54,53,54,53,54,55,53,54,54,55,56,55,55,56,54
20260726_164847_905931,1785081238361812,537214079,2,2,0,-47,128,0,15,15,16,15,16,16,14,14,14,15,15,15,15,15,15,16,16,16,16,15,15,15,14,14,13,14,0,0,0,0,0,0,0,0,0,0,0,11,11,12,12,13,13,13,14,14,14,14,14,14,13,14,14,14,14,14,14,14,15,15,15,15,15,0,57,55,57,55,55,55,55,55,51,55,56,54,56,57,56,57,56,57,57,55,54,54,53,51,50,50,46,45,0,0,0,0,0,0,0,35,38,38,41,41,46,45,48,48,48,49,49,51,49,49,48,49,50,50,50,50,53,53,54,54,54,56,55
20260726_164847_905931,1785081238457984,537311841,2,2,0,-46,128,0,14,14,13,13,13,13,13,13,13,14,14,13,14,13,13,14,14,14,14,14,14,12,12,13,12,12,0,0,0,0,0,0,0,0,0,0,0,9,9,11,11,11,11,11,12,12,12,12,12,12,12,12,13,13,13,13,13,13,14,14,14,14,14,0,57,55,55,55,52,53,52,52,52,53,53,50,52,52,55,53,54,54,52,53,53,49,50,48,46,45,43,40,0,0,0,0,0,0,0,33,35,37,38,42,42,43,45,47,48,47,49,48,49,48,47,47,50,49,49,49,52,54,53,55,55,56,56
20260726_164847_905931,1785081238560076,537411892,2,2,0,-48,128,0,15,16,16,16,16,16,16,15,15,15,16,14,14,15,15,16,15,16,16,15,15,14,13,13,13,13,0,0,0,0,0,0,0,0,0,0,0,10,11,11,12,12,12,13,13,13,13,14,14,14,13,14,13,14,14,14,15,14,14,15,16,15,15,0,55,57,55,56,54,55,53,54,53,56,55,54,53,55,57,56,58,56,56,57,55,53,53,51,48,48,45,44,0,0,0,0,0,0,0,33,36,37,39,40,41,45,44,47,47,49,49,47,49,48,49,48,50,50,52,52,54,54,54,55,54,55,56
20260726_164847_905931,1785081238661983,537512403,2,2,0,-48,128,0,14,14,14,14,14,14,14,14,14,14,15,15,14,15,15,15,15,15,15,15,14,14,13,13,13,12,0,0,0,0,0,0,0,0,0,0,0,8,8,9,9,9,10,11,11,11,11,11,11,11,12,11,12,12,12,13,13,13,14,14,14,15,14,0,56,56,56,56,55,55,55,54,53,55,54,55,55,56,55,57,57,57,59,56,57,52,52,50,51,48,45,45,0,0,0,0,0,0,0,30,33,34,34,37,38,39,40,41,43,42,44,44,45,46,46,47,49,48,52,50,53,54,55,55,55,58,56
20260726_164847_905931,1785081238780141,537631386,2,2,0,-48,128,0,15,15,15,15,15,15,15,15,15,14,14,14,14,15,15,15,15,15,15,14,14,14,14,13,13,12,0,0,0,0,0,0,0,0,0,0,0,11,11,12,12,13,13,14,14,14,14,14,14,14,14,14,14,14,14,15,15,15,15,15,15,16,15,0,57,57,55,54,53,55,51,52,51,53,52,53,51,54,52,54,56,55,55,54,54,52,50,50,48,46,43,43,0,0,0,0,0,0,0,36,38,40,39,43,46,47,49,49,49,50,51,51,49,51,50,54,52,52,52,54,55,56,54,54,57,57,56
20260726_164847_905931,1785081238859717,537712372,2,2,0,-48,128,0,14,14,13,14,14,14,14,14,14,14,15,13,13,14,14,14,15,14,15,15,14,14,14,14,14,14,0,0,0,0,0,0,0,0,0,0,0,11,11,12,13,13,13,13,14,14,14,14,14,14,14,14,14,14,14,14,15,14,15,14,15,15,15,0,56,51,56,51,53,53,51,52,51,51,52,53,52,55,51,55,53,57,56,54,55,53,50,49,49,49,43,46,0,0,0,0,0,0,0,38,40,43,46,44,47,48,51,53,53,54,51,54,52,52,53,54,51,56,52,56,56,55,55,53,55,57,55
20260726_164847_905931,1785081238962453,537812264,2,2,0,-48,128,0,15,15,14,14,14,14,14,14,14,14,14,13,13,15,14,15,14,15,15,15,14,14,13,13,13,12,0,0,0,0,0,0,0,0,0,0,0,9,11,10,11,11,12,13,13,12,12,12,12,13,13,13,13,13,13,13,14,15,15,15,15,15,15,0,55,55,55,55,53,55,52,53,52,53,54,52,52,55,55,55,56,55,55,55,55,53,53,52,48,50,46,44,0,0,0,0,0,0,0,33,33,36,38,39,42,43,44,47,47,48,47,48,50,48,49,50,50,51,53,51,52,54,54,56,55,57,56
20260726_164847_905931,1785081239065608,537915107,2,2,0,-47,128,0,14,14,15,15,15,14,14,14,14,14,14,14,14,14,14,15,14,14,15,14,14,14,13,14,13,13,0,0,0,0,0,0,0,0,0,0,0,10,10,10,12,11,12,12,13,12,12,12,13,13,13,13,13,13,13,14,14,14,14,14,15,16,16,0,55,55,55,55,54,53,53,51,52,54,53,52,52,51,55,54,56,55,56,55,55,53,53,50,50,47,48,45,0,0,0,0,0,0,0,33,34,36,36,40,41,43,43,46,49,48,49,47,48,50,49,50,49,52,52,52,52,52,55,56,57,57,56
20260726_164847_905931,1785081239162550,538015182,2,2,0,-49,128,0,15,14,14,14,14,14,14,14,14,15,14,14,14,14,15,15,15,15,15,14,14,14,15,14,14,13,0,0,0,0,0,0,0,0,0,0,0,9,9,10,11,11,12,12,12,12,12,12,13,12,12,13,13,13,13,13,14,14,14,14,14,15,15,0,55,55,55,56,55,53,53,52,54,56,54,52,54,54,54,56,57,57,57,56,56,53,54,52,51,51,48,47,0,0,0,0,0,0,0,33,36,36,36,40,42,43,45,44,45,45,48,47,48,49,49,48,48,50,50,50,55,54,54,53,59,58,55
20260726_164847_905931,1785081239263598,538112179,2,2,0,-48,128,0,15,15,15,15,15,14,14,15,15,15,15,14,14,15,14,15,15,15,15,14,14,14,14,14,13,14,0,0,0,0,0,0,0,0,0,0,0,10,11,12,11,12,13,13,13,13,14,14,14,14,14,14,14,14,14,15,15,15,15,15,15,16,15,0,59,58,57,55,54,56,55,53,52,53,54,54,55,55,55,55,58,57,55,55,55,53,51,51,50,48,46,45,0,0,0,0,0,0,0,33,36,38,40,40,43,46,48,48,49,50,50,50,51,51,52,52,52,52,52,57,54,55,57,55,57,60,55
20260726_164847_905931,1785081239359973,538212219,2,2,0,-51,128,0,14,14,14,14,14,14,14,14,14,14,15,14,14,16,16,16,16,16,16,16,16,15,15,15,15,15,0,0,0,0,0,0,0,0,0,0,0,12,12,13,14,14,14,14,14,14,14,14,14,13,13,13,13,13,13,13,13,13,14,14,14,14,14,0,51,51,50,51,49,50,49,51,51,54,53,52,54,55,57,58,58,58,60,58,60,57,57,56,55,54,52,51,0,0,0,0,0,0,0,40,41,43,46,48,48,50,51,52,53,54,52,52,52,51,49,50,50,50,50,48,50,50,50,51,51,51,51
20260726_164847_905931,1785081239462699,538312383,2,2,0,-48,128,0,14,14,14,14,14,13,13,13,13,13,13,13,13,13,13,14,15,14,14,15,15,13,13,13,14,13,0,0,0,0,0,0,0,0,0,0,0,11,12,13,13,13,13,15,15,14,14,15,14,14,14,14,15,14,13,14,15,14,13,15,14,14,14,0,54,53,49,52,51,52,50,48,49,51,50,50,51,51,54,53,54,54,54,56,55,53,52,49,51,49,47,47,0,0,0,0,0,0,0,39,40,43,46,47,49,51,53,52,55,54,54,54,54,52,53,52,51,53,53,53,51,52,53,54,54,53,53
20260726_164847_905931,1785081239565267,538414615,2,2,0,-48,128,0,14,14,14,14,14,13,13,13,13,13,13,13,13,14,14,14,14,14,14,14,14,14,13,13,13,12,0,0,0,0,0,0,0,0,0,0,0,12,13,13,13,14,14,14,15,15,15,15,15,15,15,14,15,14,15,14,15,14,15,15,15,15,15,0,56,53,56,51,52,51,50,49,48,50,50,49,51,52,49,52,50,52,52,49,50,49,48,48,45,46,41,44,0,0,0,0,0,0,0,38,42,44,46,48,51,51,54,55,56,57,55,56,56,56,57,55,55,56,54,56,55,57,56,54,56,54,57
20260726_164847_905931,1785081239662751,538511905,2,2,0,-48,128,0,13,14,13,13,13,13,13,13,12,13,12,13,13,13,13,13,13,13,13,13,13,13,13,12,12,11,0,0,0,0,0,0,0,0,0,0,0,12,12,12,12,13,13,14,14,14,14,14,14,14,14,14,14,13,14,14,14,14,14,14,14,14,14,0,52,53,49,52,50,51,49,50,48,50,49,50,50,48,48,48,52,48,50,49,49,49,50,46,44,44,44,42,0,0,0,0,0,0,0,40,42,44,45,48,48,52,51,53,54,53,55,56,53,54,52,51,54,51,53,52,54,54,53,53,54,55,54
20260726_164847_905931,1785081239764629,538614035,2,2,0,-49,128,0,14,13,13,13,13,13,12,13,13,13,12,12,13,13,13,13,13,13,13,13,13,13,13,13,12,12,0,0,0,0,0,0,0,0,0,0,0,13,14,14,14,15,16,16,16,16,16,16,16,16,15,14,15,15,15,14,15,15,15,15,15,15,14,0,52,54,48,52,48,47,46,47,46,50,45,46,44,46,47,47,51,47,47,50,47,46,47,46,43,42,43,41,0,0,0,0,0,0,0,44,46,47,50,50,53,56,55,57,58,59,60,59,57,56,56,57,57,55,57,54,55,56,56,55,55,55,53
20260726_164847_905931,1785081239862918,538713135,2,2,0,-51,128,0,15,16,14,14,14,14,14,14,14,14,14,14,14,14,14,15,15,14,16,15,15,15,15,14,14,13,0,0,0,0,0,0,0,0,0,0,0,13,13,13,13,15,15,15,15,15,16,15,15,15,15,15,15,15,15,14,14,15,16,15,15,15,14,0,51,48,52,51,49,51,48,47,48,50,50,47,51,52,51,52,51,55,56,54,53,52,51,52,50,49,46,45,0,0,0,0,0,0,0,40,44,43,45,47,52,49,51,55,55,53,54,54,53,53,52,51,50,53,50,52,52,51,51,53,51,54,53
20260726_164847_905931,1785081239958757,538811893,2,2,0,-48,128,0,15,14,14,14,13,13,13,12,12,13,12,13,13,12,13,13,13,13,13,13,13,12,11,11,11,11,0,0,0,0,0,0,0,0,0,0,0,11,11,12,13,14,14,14,14,15,15,14,14,14,14,14,14,14,14,14,15,15,15,16,15,15,15,0,55,54,52,50,49,49,50,47,47,50,48,46,46,48,48,49,49,49,49,48,49,45,47,43,43,42,40,40,0,0,0,0,0,0,0,36,40,41,43,46,47,51,52,53,54,56,56,56,55,56,55,55,56,54,56,53,55,57,56,59,59,56,53
20260726_164847_905931,1785081240061600,538912200,2,2,0,-49,128,0,14,14,13,14,14,14,14,13,13,13,14,13,13,13,13,15,14,15,14,13,15,14,13,13,13,12,0,0,0,0,0,0,0,0,0,0,0,11,12,12,13,13,14,14,14,14,14,14,14,13,14,15,14,15,15,14,15,14,15,14,15,15,15,0,53,53,51,50,51,50,48,50,49,51,52,49,50,51,52,52,51,54,53,54,53,51,51,50,51,48,45,46,0,0,0,0,0,0,0,38,39,42,42,45,46,49,51,52,52,54,53,52,51,52,51,52,54,52,52,52,53,56,55,54,53,55,52
20260726_164847_905931,1785081240163446,539012066,2,2,0,-50,128,0,14,15,15,15,15,15,14,14,14,15,15,15,15,15,16,16,16,16,16,16,16,15,15,14,14,14,0,0,0,0,0,0,0,0,0,0,0,11,11,12,12,13,13,13,14,14,14,14,14,14,14,13,14,14,14,14,14,14,14,15,16,15,14,0,55,55,56,55,54,55,53,53,54,55,54,55,54,56,57,58,59,58,59,58,59,55,55,53,54,52,48,48,0,0,0,0,0,0,0,36,39,40,41,44,44,46,49,49,51,52,52,51,51,51,50,49,52,53,52,53,52,55,56,56,55,55,56
20260726_164847_905931,1785081240260010,539113953,2,2,0,-50,128,0,13,14,14,14,13,13,14,13,13,14,14,13,14,14,14,14,14,14,15,14,14,14,14,13,13,13,0,0,0,0,0,0,0,0,0,0,0,9,9,10,10,11,11,11,12,12,12,12,12,12,12,12,13,12,13,12,13,13,13,14,14,14,14,0,56,54,56,53,54,53,54,52,53,56,54,54,53,55,54,56,57,59,56,58,57,55,53,51,52,51,46,49,0,0,0,0,0,0,0,32,36,36,40,38,40,44,45,47,47,48,47,47,48,49,49,48,49,51,49,51,52,54,55,53,55,54,57
20260726_164847_905931,1785081240380551,539232630,2,2,0,-50,128,0,14,14,14,14,14,14,15,14,15,15,15,15,15,16,16,16,16,16,17,16,16,16,15,15,14,14,0,0,0,0,0,0,0,0,0,0,0,9,9,9,11,11,11,12,12,12,13,12,13,13,12,13,13,13,13,13,13,13,13,14,14,14,15,0,54,54,54,56,53,54,53,53,54,56,58,57,58,58,57,60,59,61,60,59,60,59,58,58,56,54,51,52,0,0,0,0,0,0,0,32,33,34,34,37,38,41,41,43,45,44,44,46,46,47,46,44,48,49,48,51,52,49,52,54,53,55,56
20260726_164847_905931,1785081240467567,539321791,2,2,0,-50,128,0,14,14,15,14,14,14,14,14,14,14,14,15,15,15,16,16,15,16,16,16,16,16,15,15,14,14,0,0,0,0,0,0,0,0,0,0,0,9,9,10,10,11,11,11,11,12,12,12,12,12,12,12,12,12,12,12,13,13,13,14,13,14,14,0,52,55,54,53,53,54,54,54,52,55,56,56,56,57,56,58,59,59,59,61,58,56,56,56,53,52,50,50,0,0,0,0,0,0,0,30,34,35,35,36,38,41,41,44,44,44,46,44,45,47,47,47,45,47,47,48,48,50,51,52,52,54,55
20260726_164847_905931,1785081240559193,539413925,2,2,0,-51,128,0,13,14,14,14,14,14,14,14,14,14,14,14,14,15,15,15,15,16,16,16,16,15,15,14,14,14,0,0,0,0,0,0,0,0,0,0,0,8,8,9,9,10,9,10,10,10,10,10,10,10,10,11,11,11,11,11,12,12,12,12,13,13,13,0,55,55,57,55,58,57,57,56,57,57,59,58,57,62,60,63,62,65,63,62,63,60,59,59,57,56,51,54,0,0,0,0,0,0,0,31,32,33,36,36,38,38,40,40,40,41,42,41,41,42,42,43,42,45,42,47,47,49,50,50,53,53,54
20260726_164847_905931,1785081240662353,539512487,2,2,0,-51,128,0,13,13,13,13,13,13,14,13,13,13,13,14,14,14,14,15,15,15,15,15,15,16,16,15,15,15,0,0,0,0,0,0,0,0,0,0,0,8,9,9,9,10,10,10,10,10,11,11,11,11,11,12,10,12,11,11,11,12,12,12,12,13,13,0,51,49,52,51,53,52,52,51,53,54,55,55,56,59,57,59,60,61,62,61,62,60,59,58,59,58,53,55,0,0,0,0,0,0,0,29,32,33,35,36,39,40,41,42,42,44,45,44,44,44,44,45,43,45,44,45,47,48,49,48,49,51,51
20260726_164847_905931,1785081240763823,539612984,2,2,0,-50,128,0,15,15,15,15,15,15,15,15,15,14,14,14,15,15,16,16,16,16,16,16,16,16,15,15,14,14,0,0,0,0,0,0,0,0,0,0,0,10,10,10,10,11,11,11,12,12,12,12,12,13,13,13,12,13,13,13,14,14,15,15,15,16,15,0,57,57,56,55,55,56,54,55,54,55,57,56,55,57,56,57,60,61,59,59,58,57,56,56,52,53,48,51,0,0,0,0,0,0,0,30,33,33,36,38,39,40,43,42,45,45,45,44,45,47,47,47,48,48,47,49,52,51,55,53,55,53,54
20260726_164847_905931,1785081240862244,539712366,2,2,0,-48,128,0,15,15,15,15,15,15,15,15,15,14,14,14,14,15,15,15,15,15,15,15,14,14,14,13,13,13,0,0,0,0,0,0,0,0,0,0,0,10,11,11,12,12,13,13,13,13,13,13,13,13,13,13,13,14,14,14,14,15,15,15,15,15,15,0,56,57,56,57,55,55,55,54,55,55,55,54,53,54,55,56,58,56,55,55,56,54,51,51,51,48,45,45,0,0,0,0,0,0,0,33,36,37,39,42,43,45,44,46,49,50,49,50,50,50,53,52,51,50,52,52,54,55,58,56,56,57,55
20260726_164847_905931,1785081240969079,539817951,2,2,0,-48,128,0,16,14,15,14,14,14,14,14,13,14,14,14,13,14,13,15,13,14,14,14,13,13,13,13,12,12,0,0,0,0,0,0,0,0,0,0,0,11,11,11,12,13,14,13,14,14,14,14,14,14,14,15,14,15,14,15,14,15,15,15,15,16,15,0,57,56,55,54,54,51,51,51,52,52,52,50,52,53,51,53,54,54,53,52,52,52,50,47,46,46,41,44,0,0,0,0,0,0,0,35,40,40,44,43,47,49,51,52,52,53,55,53,54,54,54,54,53,54,53,55,56,57,57,56,57,57,57
20260726_164847_905931,1785081241060607,539913705,2,2,0,-48,128,0,14,15,14,14,14,14,14,14,13,15,14,14,14,14,14,15,14,14,15,15,15,14,14,13,13,12,0,0,0,0,0,0,0,0,0,0,0,9,11,11,11,12,13,13,14,14,13,14,14,13,14,13,14,14,14,14,14,14,14,15,15,15,15,0,54,55,53,54,53,52,51,51,50,51,52,51,54,53,53,52,55,54,53,54,52,52,51,49,46,50,45,45,0,0,0,0,0,0,0,34,36,38,40,42,42,47,47,50,50,52,50,50,52,52,53,50,52,52,53,53,56,54,55,55,56,55,56
20260726_164847_905931,1785081241163298,540015101,2,2,0,-48,128,0,14,15,14,14,13,13,13,13,13,14,14,13,13,14,13,14,14,14,14,13,14,14,13,13,13,13,0,0,0,0,0,0,0,0,0,0,0,12,12,13,13,14,14,14,15,15,15,15,15,15,15,15,15,15,15,15,15,15,15,15,15,15,14,0,55,54,53,53,49,51,52,50,49,49,48,49,51,51,52,50,50,52,53,53,52,50,51,47,48,47,44,43,0,0,0,0,0,0,0,38,42,43,45,48,49,50,53,54,55,56,57,55,57,56,57,54,54,55,54,54,55,56,54,55,55,56,54
20260726_164847_905931,1785081241265728,540118099,2,2,0,-48,128,0,14,14,14,15,14,14,14,14,14,14,14,14,15,15,14,15,15,16,15,15,15,15,14,14,13,12,0,0,0,0,0,0,0,0,0,0,0,9,10,10,10,11,11,12,12,12,12,12,13,12,12,13,13,13,13,14,14,14,14,14,15,15,15,0,55,57,57,52,55,55,52,53,54,51,53,52,53,57,54,58,59,56,56,56,55,53,54,53,50,49,44,49,0,0,0,0,0,0,0,31,33,36,36,37,39,41,43,43,45,46,45,47,46,46,46,47,48,50,49,53,52,52,53,54,55,55,56
20260726_164847_905931,1785081241368209,540220682,2,2,0,-51,128,0,13,15,14,13,15,14,14,14,15,14,15,15,15,15,16,17,16,15,17,18,16,16,16,15,15,15,0,0,0,0,0,0,0,0,0,0,0,9,9,9,10,10,10,10,10,10,11,10,10,11,10,11,11,11,11,11,12,12,13,13,13,13,14,0,28,26,28,26,28,29,28,26,26,29,28,28,30,29,30,30,31,28,32,31,30,29,31,30,29,27,26,25,0,0,0,0,0,0,0,14,15,16,17,18,18,19,18,20,20,20,21,20,20,21,20,20,21,21,20,21,21,21,24,25,24,25,24
20260726_164847_905931,1785081241491702,540343143,2,2,0,-49,128,0,14,13,14,13,14,14,14,13,14,13,14,14,14,14,14,15,14,14,15,13,15,13,13,13,13,12,0,0,0,0,0,0,0,0,0,0,0,8,9,9,9,10,10,11,11,11,11,11,11,11,11,11,11,12,12,13,12,13,13,13,14,14,14,0,57,55,57,56,56,56,55,54,55,55,57,55,55,58,56,58,57,59,59,57,57,55,52,52,50,50,46,47,0,0,0,0,0,0,0,31,33,35,35,37,40,40,43,40,44,44,44,46,44,43,46,46,47,49,48,51,52,53,54,53,55,56,56
20260726_164847_905931,1785081241559908,540412006,2,2,0,-49,128,0,16,15,16,16,15,15,15,15,15,15,16,15,16,16,16,16,16,16,17,17,17,15,15,15,15,14,0,0,0,0,0,0,0,0,0,0,0,9,9,9,9,10,10,11,11,12,12,12,12,12,12,12,13,13,13,13,13,14,15,15,15,15,16,0,58,56,56,59,57,56,56,54,57,59,57,56,59,59,59,59,61,62,61,63,62,59,58,57,56,53,51,50,0,0,0,0,0,0,0,29,31,32,36,36,36,38,41,42,43,43,44,44,47,45,46,47,48,49,49,50,53,52,56,56,54,57,59
20260726_164847_905931,1785081241662215,540514365,2,2,0,-50,128,0,14,13,15,13,13,13,14,14,14,14,14,14,14,15,15,15,15,15,15,15,15,14,14,13,13,13,0,0,0,0,0,0,0,0,0,0,0,9,10,11,11,11,12,13,13,13,13,12,12,13,12,12,12,12,12,13,13,14,14,13,14,14,13,0,56,54,56,54,53,56,53,55,54,55,56,52,55,55,58,58,58,59,59,57,57,57,54,53,50,50,47,46,0,0,0,0,0,0,0,36,36,40,42,43,44,45,48,49,48,48,50,50,49,50,47,48,48,50,50,49,51,53,53,54,54,53,55
20260726_164847_905931,1785081241763962,540613627,2,2,0,-49,128,0,15,15,15,15,14,14,14,14,14,14,14,13,14,14,14,14,14,14,14,14,14,14,13,13,13,12,0,0,0,0,0,0,0,0,0,0,0,9,9,9,9,10,11,11,12,12,12,12,12,12,12,12,12,13,13,13,13,14,14,14,15,15,15,0,59,57,54,57,54,55,54,52,56,57,57,54,56,55,56,54,58,57,55,55,56,53,53,49,49,49,46,43,0,0,0,0,0,0,0,32,34,35,36,39,39,42,43,45,47,47,47,47,49,47,49,48,50,49,51,51,52,53,54,58,57,56,56
20260726_164847_905931,1785081241861975,540711530,2,2,0,-48,128,0,14,14,14,14,14,14,14,13,14,14,14,14,14,14,14,14,14,14,14,14,14,14,13,13,13,12,0,0,0,0,0,0,0,0,0,0,0,9,10,10,11,11,12,13,12,12,12,12,13,13,13,13,13,14,13,14,14,14,14,14,14,15,15,0,57,55,56,55,55,55,55,54,53,53,55,54,54,54,57,55,57,57,55,55,54,52,53,50,48,46,45,43,0,0,0,0,0,0,0,32,34,35,36,40,41,43,43,44,45,47,48,48,47,50,48,48,49,51,51,52,55,55,55,56,56,58,56
20260726_164847_905931,1785081241958447,540811693,2,2,0,-48,128,0,14,15,15,15,15,15,15,15,15,16,16,15,14,15,16,16,17,16,16,16,16,15,15,14,14,14,0,0,0,0,0,0,0,0,0,0,0,11,11,11,13,13,13,13,13,13,14,14,13,13,13,13,13,14,14,14,14,14,14,14,15,15,15,0,56,55,56,55,54,55,55,54,53,56,56,56,54,56,57,57,57,58,60,57,56,54,52,53,51,48,46,46,0,0,0,0,0,0,0,35,36,37,39,42,42,45,46,46,47,47,48,47,49,47,48,47,49,48,50,52,53,52,55,55,56,56,54
20260726_164847_905931,1785081242061347,540912358,2,2,0,-49,128,0,13,13,13,13,13,13,13,13,13,13,14,13,13,14,13,14,14,15,15,14,14,14,13,13,13,12,0,0,0,0,0,0,0,0,0,0,0,10,10,11,11,11,12,12,12,12,12,12,11,12,12,12,12,12,12,12,13,13,13,13,13,13,13,0,56,53,55,52,55,53,52,51,54,53,55,54,54,56,55,58,56,59,58,58,57,56,52,53,52,51,45,45,0,0,0,0,0,0,0,37,39,41,44,43,48,46,49,48,49,51,48,48,50,49,48,49,48,48,45,51,50,51,51,52,53,53,55
20260726_164847_905931,1785081242164201,541014781,2,2,0,-47,128,0,15,16,15,16,15,15,15,15,14,15,15,15,14,15,15,15,15,15,15,15,15,14,14,14,14,13,0,0,0,0,0,0,0,0,0,0,0,10,10,11,12,12,12,13,13,14,14,14,14,14,14,14,14,14,15,15,15,15,16,16,16,16,16,0,57,58,56,54,53,54,54,53,53,55,53,53,53,54,55,53,57,53,56,54,53,53,52,48,48,47,44,43,0,0,0,0,0,0,0,33,36,37,37,40,41,45,44,47,48,50,50,48,50,50,50,51,52,50,52,52,54,54,55,57,57,57,56
20260726_164847_905931,1785081242261846,541111375,2,2,0,-49,128,0,15,14,15,14,14,14,14,14,14,13,14,14,14,15,14,15,15,15,15,15,15,14,13,14,13,13,0,0,0,0,0,0,0,0,0,0,0,11,12,12,12,13,13,13,13,14,13,13,13,13,13,13,13,13,13,13,14,14,13,14,15,14,15,0,54,54,56,52,54,54,52,52,53,53,54,52,53,57,53,57,55,58,57,56,56,53,54,51,51,51,45,47,0,0,0,0,0,0,0,35,38,38,44,43,46,48,50,50,50,51,50,50,48,49,48,52,50,52,50,52,52,50,53,52,54,55,56
20260726_164847_905931,1785081242358505,541211384,2,2,0,-50,128,0,14,15,14,15,14,14,14,15,15,15,15,15,15,15,16,16,16,16,16,16,16,15,15,14,14,13,0,0,0,0,0,0,0,0,0,0,0,10,10,10,11,11,11,12,13,12,13,12,13,12,12,12,13,13,14,12,13,13,13,15,14,14,14,0,54,56,56,56,57,54,54,55,53,57,56,57,57,59,59,61,62,62,62,60,61,59,57,55,54,53,50,50,0,0,0,0,0,0,0,33,34,37,39,39,41,42,44,46,47,46,47,47,46,47,47,47,48,48,50,50,50,52,51,52,54,54,54
20260726_164847_905931,1785081242461321,541312148,2,2,0,-50,128,0,14,14,14,15,15,15,15,14,14,14,15,15,14,15,15,15,15,16,15,15,15,14,15,14,13,13,0,0,0,0,0,0,0,0,0,0,0,8,8,8,9,9,9,10,9,10,10,10,10,10,10,10,11,11,11,12,13,13,13,13,14,14,14,0,28,30,28,29,29,27,29,28,28,29,28,28,30,30,30,30,31,31,31,30,30,28,28,27,27,27,24,25,0,0,0,0,0,0,0,14,15,15,16,17,18,17,17,19,19,19,18,19,19,20,21,21,21,22,23,22,24,25,27,27,27,28,28
20260726_164847_905931,1785081242563219,541411947,2,2,0,-50,128,0,15,15,15,15,15,14,15,15,15,15,15,15,15,15,15,15,16,15,16,15,15,15,14,14,13,14,0,0,0,0,0,0,0,0,0,0,0,9,10,10,11,11,11,12,12,12,12,12,13,13,12,13,13,13,13,14,14,14,15,14,15,15,14,0,57,59,59,57,56,56,56,56,58,56,57,57,57,58,57,60,60,59,59,58,57,56,56,53,53,53,49,49,0,0,0,0,0,0,0,33,34,36,39,39,39,41,42,45,45,46,45,46,46,47,46,49,48,49,50,54,53,55,56,57,56,58,57
20260726_164847_905931,1785081242659628,541511669,2,2,0,-48,128,0,15,14,14,14,14,14,13,13,13,14,14,14,14,14,14,14,14,14,14,14,14,13,13,13,12,11,0,0,0,0,0,0,0,0,0,0,0,8,9,9,10,11,11,12,12,12,13,12,13,12,13,13,13,13,13,13,14,14,14,15,15,15,15,0,56,57,56,57,54,54,54,52,53,55,55,52,51,53,54,57,55,55,56,54,52,50,51,48,48,44,43,42,0,0,0,0,0,0,0,33,34,36,36,38,41,43,44,45,47,47,48,48,47,49,49,49,51,51,52,51,52,55,54,56,57,57,56
20260726_164847_905931,1785081242796366,541649434,2,2,0,-48,128,0,16,16,16,16,15,15,15,15,14,15,15,15,14,16,15,15,15,15,16,16,15,14,14,13,13,13,0,0,0,0,0,0,0,0,0,0,0,9,9,10,10,11,11,11,12,13,13,13,13,13,13,13,13,13,14,14,14,15,15,15,16,16,15,0,57,59,57,57,57,58,56,57,54,57,59,55,55,55,59,56,58,56,58,56,57,55,55,53,48,48,48,47,0,0,0,0,0,0,0,31,33,33,33,37,37,40,42,43,44,45,48,47,47,49,47,48,52,52,54,53,57,55,55,57,58,59,59
20260726_164847_905931,1785081242859061,541713795,2,2,0,-49,128,0,15,14,14,14,14,14,14,14,14,14,14,14,14,14,14,14,15,15,15,14,14,13,13,13,12,12,0,0,0,0,0,0,0,0,0,0,0,8,9,9,9,10,10,10,10,10,11,10,11,11,11,11,11,11,12,12,13,13,13,14,14,14,14,0,55,56,59,54,56,55,54,52,57,56,59,54,53,55,56,58,56,61,57,60,58,52,52,50,49,49,47,46,0,0,0,0,0,0,0,30,33,34,37,38,38,39,42,40,42,42,41,42,42,41,45,42,45,47,47,49,50,52,53,53,56,56,57
20260726_164847_905931,1785081242961213,541812053,2,2,0,-49,128,0,16,16,16,16,16,15,15,15,15,15,15,15,15,16,15,16,16,16,16,15,15,15,14,14,13,13,0,0,0,0,0,0,0,0,0,0,0,9,9,9,10,10,11,11,11,11,12,12,12,12,12,13,13,14,14,14,15,15,15,15,16,16,16,0,60,61,61,60,59,60,57,58,56,59,59,58,56,59,58,60,59,57,60,59,56,55,54,52,49,49,46,46,0,0,0,0,0,0,0,28,29,32,32,36,37,38,39,42,43,42,46,43,45,45,45,48,49,51,52,55,56,58,59,58,60,60,60
20260726_164847_905931,1785081243062366,541912115,2,2,0,-49,128,0,16,16,15,16,15,15,14,14,14,15,15,15,15,15,15,16,16,15,15,15,15,14,14,13,13,12,0,0,0,0,0,0,0,0,0,0,0,9,9,10,10,11,11,11,12,12,12,11,11,13,13,13,13,13,13,13,14,14,15,15,16,16,16,0,60,60,57,60,58,57,57,56,55,55,57,57,56,57,58,58,56,58,56,58,56,53,51,51,49,48,47,45,0,0,0,0,0,0,0,30,31,35,34,37,36,40,42,43,44,44,43,45,46,46,45,46,49,50,52,52,53,55,57,59,59,60,60
20260726_164847_905931,1785081243160260,542012216,2,2,0,-49,128,0,14,14,14,15,14,15,14,14,14,15,15,14,14,15,15,15,15,15,15,15,15,14,14,14,13,13,0,0,0,0,0,0,0,0,0,0,0,8,8,9,9,9,9,10,10,10,10,10,10,10,10,10,11,11,12,12,12,13,13,14,14,14,14,0,58,55,57,60,58,57,57,56,56,59,60,59,55,58,61,61,61,60,61,59,60,55,57,54,53,51,49,48,0,0,0,0,0,0,0,30,32,32,35,36,35,36,37,38,38,40,40,41,41,42,40,42,45,45,46,48,48,50,52,53,54,58,57
20260726_164847_905931,1785081243263210,542112129,2,2,0,-48,128,0,15,16,16,16,15,16,15,15,15,15,15,15,15,15,15,16,16,15,16,15,15,15,15,14,14,13,0,0,0,0,0,0,0,0,0,0,0,9,10,10,11,11,11,12,12,12,12,12,12,12,12,12,13,13,13,14,14,14,15,15,15,15,15,0,58,59,57,58,55,57,56,57,55,60,58,57,56,57,58,57,60,60,59,57,57,55,55,51,49,48,47,45,0,0,0,0,0,0,0,33,33,35,36,38,38,41,42,43,43,43,45,43,44,45,44,46,46,47,48,48,51,53,55,55,55,58,57
20260726_164847_905931,1785081243365062,542217626,2,2,0,-48,128,0,15,16,14,15,14,15,15,14,14,14,14,14,14,15,15,15,15,15,16,16,15,15,14,14,14,13,0,0,0,0,0,0,0,0,0,0,0,8,8,8,9,9,9,9,10,10,10,11,11,11,11,11,11,11,13,12,13,13,14,14,14,15,15,0,63,59,59,60,58,59,59,59,58,61,60,60,61,61,62,61,62,61,61,64,61,59,57,57,54,54,51,50,0,0,0,0,0,0,0,27,29,30,32,33,36,36,37,39,39,40,41,42,42,43,43,43,46,47,46,49,52,52,55,54,57,57,57
20260726_164847_905931,1785081243489841,542339145,2,2,0,-48,128,0,15,15,15,14,14,14,14,14,14,13,14,13,13,14,14,14,14,14,14,14,13,13,12,12,12,11,0,0,0,0,0,0,0,0,0,0,0,9,9,9,9,9,10,11,11,11,11,11,12,11,12,12,12,12,12,13,13,13,14,14,14,15,15,0,60,57,57,57,54,54,55,54,53,54,53,55,53,55,54,56,54,53,54,53,54,52,49,47,47,47,44,43,0,0,0,0,0,0,0,28,32,32,34,36,38,37,40,40,41,43,44,43,44,45,47,45,49,49,50,51,52,52,55,57,55,58,59
20260726_164847_905931,1785081243598291,542450040,2,2,0,-48,128,0,14,14,14,14,14,14,14,13,14,14,14,14,13,14,15,14,14,14,15,14,14,14,13,13,13,12,0,0,0,0,0,0,0,0,0,0,0,10,10,10,11,12,12,12,12,13,13,13,13,12,12,12,13,13,13,13,13,13,14,14,14,14,14,0,55,54,55,56,54,53,53,52,54,54,54,54,52,54,57,56,56,55,55,56,55,52,50,49,47,47,45,44,0,0,0,0,0,0,0,34,35,38,39,42,43,45,46,47,49,49,48,49,48,49,47,47,49,49,51,50,52,51,53,55,55,55,53
20260726_164847_905931,1785081243660831,542511925,2,2,0,-49,128,0,14,15,15,14,15,15,15,14,14,14,15,15,14,15,15,15,15,15,15,14,14,14,13,13,13,13,0,0,0,0,0,0,0,0,0,0,0,10,11,10,11,11,12,12,12,12,12,12,13,12,12,12,12,13,12,13,13,13,14,13,15,15,14,0,55,56,57,55,55,55,53,54,56,56,57,55,55,56,55,58,57,58,56,56,54,53,52,50,47,47,45,45,0,0,0,0,0,0,0,34,36,37,39,40,42,45,45,46,47,48,48,48,46,48,48,47,48,47,51,50,51,52,52,53,54,54,57
20260726_164847_905931,1785081243758018,542612084,2,2,0,-49,128,0,14,14,14,14,14,14,14,14,13,15,14,14,14,14,15,15,15,15,15,14,14,14,13,13,13,12,0,0,0,0,0,0,0,0,0,0,0,9,10,10,11,12,12,12,12,12,12,12,12,12,12,12,12,13,12,13,13,13,14,13,15,15,15,0,54,54,56,54,54,55,54,53,51,55,54,54,53,55,53,57,55,57,57,56,56,52,53,51,49,49,47,46,0,0,0,0,0,0,0,33,33,37,39,42,42,44,45,47,47,48,49,49,48,49,48,49,49,49,49,51,53,53,54,54,55,55,54
20260726_164847_905931,1785081243861251,542712282,2,2,0,-49,128,0,15,14,15,15,15,15,15,14,14,14,14,14,14,15,16,15,15,16,15,15,15,15,15,14,14,14,0,0,0,0,0,0,0,0,0,0,0,8,8,9,9,10,9,10,10,10,10,10,10,11,11,11,11,11,12,13,13,13,14,14,14,14,15,0,55,57,58,54,58,58,56,57,56,56,57,55,57,60,59,61,61,61,61,59,59,58,56,57,56,54,50,51,0,0,0,0,0,0,0,29,31,32,33,36,37,38,40,38,41,42,42,43,43,44,44,46,45,48,46,50,51,52,54,53,55,57,57
20260726_164847_905931,1785081243963040,542812139,2,2,0,-49,128,0,15,16,16,15,15,15,15,15,15,15,16,15,15,15,15,15,15,16,16,15,15,16,16,15,14,14,0,0,0,0,0,0,0,0,0,0,0,9,9,9,10,11,11,11,11,11,12,12,12,13,12,12,13,13,13,13,14,14,15,14,15,16,15,0,59,59,58,59,56,58,55,56,57,58,58,58,58,60,58,59,58,59,59,60,59,58,56,53,54,53,49,48,0,0,0,0,0,0,0,29,31,32,33,36,37,40,40,40,41,42,44,43,43,44,44,47,47,47,49,49,52,52,54,54,56,55,57
20260726_164847_905931,1785081244059683,542912216,2,2,0,-49,128,0,15,15,14,14,14,14,14,14,14,15,15,14,15,14,14,15,16,14,15,15,15,14,14,14,13,13,0,0,0,0,0,0,0,0,0,0,0,11,11,11,11,12,13,13,12,12,13,13,12,13,12,13,13,13,13,13,14,14,14,14,14,14,14,0,58,55,57,57,57,56,54,54,54,57,56,57,57,57,57,59,60,58,57,57,57,55,54,53,51,50,50,49,0,0,0,0,0,0,0,37,38,40,40,42,44,45,43,47,50,50,48,48,48,47,48,47,48,49,49,49,52,54,55,56,52,56,54
20260726_164847_905931,1785081244162401,543012104,2,2,0,-49,128,0,16,16,15,16,16,15,16,15,15,16,16,16,16,16,16,16,16,16,16,16,16,16,16,15,15,14,0,0,0,0,0,0,0,0,0,0,0,11,11,11,11,12,12,12,13,13,13,12,12,12,12,12,12,13,14,13,13,14,14,14,15,15,15,0,56,58,55,58,55,56,54,55,56,58,56,57,57,56,60,57,61,59,59,60,59,56,55,54,53,52,49,47,0,0,0,0,0,0,0,35,39,38,41,42,40,44,44,44,44,43,43,43,42,44,44,44,47,45,47,47,50,49,51,53,53,54,55
20260726_164847_905931,1785081244258087,543112223,2,2,0,-49,128,0,15,15,14,15,14,15,15,14,14,16,15,15,16,15,16,16,16,16,16,16,15,15,14,14,14,13,0,0,0,0,0,0,0,0,0,0,0,10,10,10,10,11,11,12,12,12,11,10,10,12,12,11,11,11,12,12,13,13,13,14,14,14,14,0,57,59,58,57,55,57,57,57,57,57,57,59,59,61,61,62,62,59,62,61,62,59,58,54,54,51,50,49,0,0,0,0,0,0,0,35,35,38,39,40,41,43,43,44,45,45,47,43,44,44,44,43,45,46,46,46,49,51,52,53,52,56,55
20260726_164847_905931,1785081244359846,543211833,2,2,0,-49,128,0,13,13,13,13,13,13,13,13,13,14,14,14,14,13,13,13,13,14,14,14,14,14,13,13,12,12,0,0,0,0,0,0,0,0,0,0,0,11,11,12,13,12,12,13,14,14,12,13,13,14,12,13,13,13,13,13,13,13,14,14,14,14,14,0,53,54,52,52,54,51,52,51,50,54,52,52,53,53,54,53,56,55,54,54,54,51,52,49,49,48,45,45,0,0,0,0,0,0,0,39,42,44,45,46,48,50,51,53,53,53,52,51,51,49,49,47,50,50,51,51,51,54,55,53,55,55,55
20260726_164847_905931,1785081244511340,543361796,2,2,0,-48,128,0,15,15,15,15,15,14,14,14,14,14,15,15,15,16,15,16,16,16,16,15,15,14,14,14,14,14,0,0,0,0,0,0,0,0,0,0,0,10,10,11,11,12,11,12,12,12,12,12,12,12,12,12,13,13,13,13,14,14,14,14,14,15,15,0,56,57,56,56,54,55,54,55,53,56,55,56,54,55,57,57,57,58,57,54,57,55,54,52,50,48,47,47,0,0,0,0,0,0,0,31,33,37,38,39,40,42,42,44,44,43,46,45,46,46,44,44,47,47,48,51,51,53,54,55,57,57,54
20260726_164847_905931,1785081244578879,543430830,2,2,0,-50,128,0,14,14,14,14,13,14,13,13,13,14,13,13,13,13,14,14,14,14,14,14,14,13,14,13,13,13,0,0,0,0,0,0,0,0,0,0,0,10,11,11,11,12,12,12,12,12,12,12,13,12,12,12,12,13,12,13,13,13,13,14,14,14,14,0,55,53,54,53,52,52,49,51,51,55,54,50,51,53,57,56,54,56,55,54,56,53,52,52,51,49,46,44,0,0,0,0,0,0,0,39,40,41,41,43,44,47,49,48,48,48,47,47,49,46,48,48,49,48,51,51,52,51,51,53,53,52,55
20260726_164847_905931,1785081244736931,543589133,2,2,0,-50,128,0,15,15,15,14,14,14,14,14,13,14,13,13,14,14,15,15,15,14,15,15,14,13,13,13,12,12,0,0,0,0,0,0,0,0,0,0,0,12,12,12,13,13,14,14,14,14,14,14,14,14,14,14,14,14,13,14,15,15,15,14,15,15,15,0,54,56,56,55,53,53,53,51,50,52,52,52,51,53,53,52,53,53,53,53,55,50,48,48,46,46,44,42,0,0,0,0,0,0,0,40,43,44,44,49,50,49,49,51,52,54,52,50,51,50,50,50,49,50,51,51,53,56,53,54,56,54,54
20260726_164847_905931,1785081244771254,543623606,2,2,0,-51,128,0,15,15,14,16,14,14,13,13,13,14,14,14,13,16,16,16,15,15,16,15,15,14,13,14,14,13,0,0,0,0,0,0,0,0,0,0,0,12,12,12,13,13,14,14,13,13,13,14,14,13,13,13,13,14,13,14,15,14,15,15,14,16,14,0,55,55,62,52,49,49,52,46,56,54,47,47,52,58,59,60,54,56,59,54,55,54,54,49,48,48,47,48,0,0,0,0,0,0,0,42,42,45,46,47,50,51,53,50,50,51,52,53,50,45,44,51,45,47,45,55,49,56,55,55,54,60,51
20260726_164847_905931,1785081244862923,543712278,2,2,0,-50,128,0,15,15,15,14,14,14,14,14,14,14,14,14,14,14,14,15,15,15,14,14,13,14,14,13,13,12,0,0,0,0,0,0,0,0,0,0,0,11,12,13,12,13,13,14,13,13,13,13,13,13,13,13,13,13,13,14,14,14,14,14,15,15,15,0,58,57,56,55,55,54,54,53,54,55,53,51,52,52,53,52,55,54,55,52,53,51,49,49,46,47,46,44,0,0,0,0,0,0,0,40,41,42,44,47,50,50,52,51,53,52,52,50,50,50,50,51,53,50,49,51,54,54,53,55,58,55,57
20260726_164847_905931,1785081244958843,543812105,2,2,0,-49,128,0,14,14,14,14,14,13,13,13,14,14,14,14,13,14,14,14,14,15,14,14,14,13,13,13,12,12,0,0,0,0,0,0,0,0,0,0,0,12,12,13,13,13,13,14,14,14,14,14,14,14,14,14,13,14,14,14,13,14,14,14,15,15,15,0,52,53,52,53,51,52,51,50,49,51,51,50,50,51,52,50,52,54,52,53,52,49,50,48,46,44,43,44,0,0,0,0,0,0,0,39,42,44,43,47,48,48,51,53,52,53,53,53,52,51,50,51,51,51,50,52,51,52,55,55,53,56,55
20260726_164847_905931,1785081245060661,543914055,2,2,0,-50,128,0,14,15,15,15,15,14,14,14,14,15,15,15,15,16,16,16,16,16,16,16,16,16,16,15,15,14,0,0,0,0,0,0,0,0,0,0,0,12,12,13,13,13,14,14,13,13,13,13,12,13,12,12,13,13,13,13,13,14,14,14,14,15,14,0,54,55,55,53,53,55,52,54,54,57,56,54,55,56,58,59,59,61,61,61,59,56,57,56,53,54,49,51,0,0,0,0,0,0,0,37,40,42,44,46,47,48,48,49,50,49,50,49,48,47,46,44,46,47,47,47,48,51,51,52,51,52,53
20260726_164847_905931,1785081245157662,544011926,2,2,0,-48,128,0,16,16,16,16,15,15,15,15,15,14,14,14,13,14,14,14,14,14,14,14,13,13,14,12,12,12,0,0,0,0,0,0,0,0,0,0,0,9,10,10,10,10,10,12,12,12,12,12,13,12,12,12,13,13,14,14,14,14,15,15,15,16,16,0,61,58,60,59,56,56,57,57,56,58,55,53,56,55,56,58,56,56,56,55,53,52,50,47,46,46,43,40,0,0,0,0,0,0,0,32,34,36,38,39,40,42,43,43,47,46,47,46,47,47,48,48,49,50,52,52,51,55,56,59,58,60,60
20260726_164847_905931,1785081245261098,544113885,2,2,0,-50,128,0,15,15,15,15,15,14,15,15,15,15,14,14,14,15,15,15,15,15,16,16,14,15,14,14,14,13,0,0,0,0,0,0,0,0,0,0,0,9,9,9,9,10,10,10,11,11,11,11,11,11,11,11,12,13,12,13,13,13,14,14,14,15,15,0,58,56,57,56,58,59,55,53,54,56,57,57,54,57,54,60,58,57,59,58,59,55,53,54,53,54,48,51,0,0,0,0,0,0,0,29,33,34,36,35,39,36,42,41,42,42,39,42,41,43,44,43,45,48,46,50,51,50,54,54,53,57,59
20260726_164847_905931,1785081245363908,544213496,2,2,0,-49,128,0,15,14,15,15,13,14,14,14,14,15,14,14,14,14,15,15,14,14,15,14,13,14,14,12,13,13,0,0,0,0,0,0,0,0,0,0,0,9,9,9,10,10,10,11,11,11,11,11,11,11,11,11,12,12,13,12,13,13,14,14,14,15,14,0,63,56,55,55,56,58,56,54,57,59,55,52,56,53,57,56,57,55,56,52,58,53,55,50,49,49,46,43,0,0,0,0,0,0,0,32,33,34,35,40,39,41,40,42,43,44,44,45,45,43,44,45,47,48,49,49,51,52,54,53,54,55,56
20260726_164847_905931,1785081245460400,544312239,2,2,0,-49,128,0,14,14,14,14,14,14,14,14,14,15,15,14,14,14,15,15,15,15,15,16,15,14,14,14,14,14,0,0,0,0,0,0,0,0,0,0,0,10,10,12,12,11,12,12,13,13,13,13,13,13,13,12,12,13,13,13,13,13,14,14,14,15,14,0,53,54,53,53,54,53,50,51,53,55,55,54,55,53,56,57,56,56,59,56,57,53,51,51,49,49,46,45,0,0,0,0,0,0,0,36,38,38,40,41,43,44,45,45,46,46,47,45,46,46,45,46,45,46,50,49,49,53,50,53,55,53,53
20260726_164847_905931,1785081245562297,544414341,2,2,0,-48,128,0,14,14,14,14,14,14,14,14,14,14,14,14,14,14,14,14,14,15,15,14,14,14,14,14,13,13,0,0,0,0,0,0,0,0,0,0,0,8,8,9,9,9,10,10,10,11,11,11,11,11,11,11,12,12,12,13,13,13,14,14,14,14,14,0,57,55,56,55,53,54,55,54,54,55,56,55,55,56,56,58,56,59,57,58,57,55,54,52,53,52,48,49,0,0,0,0,0,0,0,29,29,32,33,34,36,38,41,41,42,42,42,44,45,44,47,46,48,49,49,51,53,52,54,54,55,55,57
20260726_164847_905931,1785081245664597,544513728,2,2,0,-47,128,0,14,13,13,13,13,13,13,14,14,14,14,13,13,13,14,14,14,14,14,14,14,14,14,13,13,12,0,0,0,0,0,0,0,0,0,0,0,8,9,9,10,10,11,11,11,11,11,11,11,12,11,12,12,13,13,13,13,13,13,14,13,15,14,0,57,55,57,55,57,54,54,53,55,55,54,55,52,55,55,57,55,56,56,56,56,53,52,51,50,50,45,45,0,0,0,0,0,0,0,32,33,34,37,38,40,40,42,44,45,47,46,47,46,47,48,50,50,52,52,52,53,54,55,56,57,57,57
20260726_164847_905931,1785081245761772,544616126,2,2,0,-46,128,0,15,14,15,15,14,14,14,14,14,14,14,13,13,14,14,15,15,14,14,13,13,13,13,13,12,12,0,0,0,0,0,0,0,0,0,0,0,9,10,10,11,12,11,12,12,12,12,12,12,12,12,13,13,13,13,13,13,13,14,14,15,14,15,0,58,55,56,55,54,55,54,53,53,56,54,53,54,56,55,56,55,56,55,55,55,51,50,49,49,48,44,43,0,0,0,0,0,0,0,33,35,38,39,40,42,43,46,47,48,48,48,50,51,49,49,49,51,52,51,53,53,53,53,54,55,56,58
20260726_164847_905931,1785081245864276,544713008,2,2,0,-47,128,0,16,16,16,16,16,15,15,15,15,15,15,15,14,15,15,16,15,15,16,15,14,14,14,13,13,13,0,0,0,0,0,0,0,0,0,0,0,11,11,12,13,12,13,13,13,14,14,14,14,14,14,13,14,14,14,14,14,15,15,15,16,16,16,0,57,58,55,57,54,55,53,54,57,57,57,54,54,54,57,55,57,53,57,55,54,54,53,49,49,45,45,43,0,0,0,0,0,0,0,34,37,39,40,44,43,45,44,47,48,50,51,49,49,48,49,48,52,50,51,50,52,54,55,58,56,57,55
20260726_164847_905931,1785081245967387,544820916,2,2,0,-47,128,0,15,15,15,15,14,14,14,14,14,14,15,14,14,14,15,14,15,14,15,14,14,14,13,13,13,13,0,0,0,0,0,0,0,0,0,0,0,10,10,11,11,11,12,12,13,13,12,12,12,12,12,12,13,13,13,13,14,15,15,15,15,15,15,0,56,56,56,56,55,56,55,52,53,56,54,53,53,55,55,56,57,55,58,55,54,51,49,49,49,44,47,45,0,0,0,0,0,0,0,33,35,35,36,39,41,41,43,45,46,47,47,47,47,48,49,47,49,49,51,53,51,53,55,55,56,55,56
20260726_164847_905931,1785081246063631,544914559,2,2,0,-49,128,0,14,14,13,14,13,14,14,14,14,14,14,14,13,13,14,14,14,14,14,14,14,13,13,13,12,11,0,0,0,0,0,0,0,0,0,0,0,8,9,9,10,10,10,10,11,11,11,11,11,12,11,12,12,12,13,13,14,13,14,14,14,14,14,0,59,57,56,59,55,56,55,54,53,54,55,53,52,55,56,56,56,56,57,56,55,52,52,50,48,47,44,43,0,0,0,0,0,0,0,30,32,33,35,38,39,40,42,44,45,44,45,47,47,47,47,48,50,50,52,52,55,54,55,56,58,58,58
20260726_164847_905931,1785081246158491,545012094,2,2,0,-49,128,0,15,14,15,15,14,15,15,14,15,15,15,15,15,15,16,16,16,16,16,15,16,15,15,15,14,14,0,0,0,0,0,0,0,0,0,0,0,11,11,11,11,11,12,12,12,12,12,12,12,12,12,12,13,13,13,13,14,14,14,14,14,14,15,0,56,56,55,57,54,55,54,56,55,57,57,55,56,56,58,59,58,57,60,60,59,57,56,55,53,52,49,48,0,0,0,0,0,0,0,36,38,40,41,42,43,43,44,45,46,47,46,46,46,47,47,47,48,50,50,51,52,52,53,53,54,57,55
20260726_164847_905931,1785081246260116,545111974,2,2,0,-49,128,0,13,13,13,13,13,13,14,13,14,14,14,14,14,14,14,15,15,14,15,14,14,14,14,14,13,13,0,0,0,0,0,0,0,0,0,0,0,11,11,11,12,12,11,13,12,13,13,13,12,12,12,12,13,13,13,13,12,13,13,13,13,14,14,0,54,51,53,52,53,52,52,51,51,54,54,52,52,52,57,57,55,57,57,56,57,55,53,51,50,50,47,46,0,0,0,0,0,0,0,39,40,41,42,45,47,49,49,50,51,49,49,47,49,48,46,46,49,49,48,51,50,50,50,53,55,53,53
20260726_164847_905931,1785081246361450,545212411,2,2,0,-49,128,0,14,13,14,13,13,13,13,13,14,15,14,14,14,14,15,14,15,15,15,15,15,15,14,14,13,13,0,0,0,0,0,0,0,0,0,0,0,11,11,12,12,12,12,12,12,13,12,12,12,12,12,12,12,11,12,12,12,13,13,12,14,14,14,0,52,51,52,51,52,52,51,51,51,54,54,54,52,54,56,57,58,57,57,57,58,55,56,54,51,51,48,48,0,0,0,0,0,0,0,39,41,41,42,43,45,48,47,48,47,48,50,47,45,48,48,47,47,46,45,48,49,49,49,50,52,51,52
20260726_164847_905931,1785081246462756,545312319,2,2,0,-49,128,0,14,14,14,14,13,13,13,14,15,15,15,15,15,14,15,15,15,15,16,15,15,14,13,13,13,12,0,0,0,0,0,0,0,0,0,0,0,9,9,10,10,11,11,12,12,12,11,12,12,11,11,11,12,12,12,12,12,13,13,13,13,13,14,0,55,54,56,55,56,54,53,55,53,54,57,56,55,58,55,59,57,59,59,59,58,55,53,50,51,50,46,46,0,0,0,0,0,0,0,34,35,37,39,40,41,41,43,44,45,44,45,44,45,44,45,45,45,47,46,49,50,49,51,52,53,53,56
20260726_164847_905931,1785081246558618,545411727,2,2,0,-50,128,0,14,15,15,15,14,14,14,14,14,14,14,14,14,15,15,15,16,15,16,15,15,15,15,14,14,14,0,0,0,0,0,0,0,0,0,0,0,11,11,11,11,12,13,13,13,13,13,13,13,13,13,12,13,13,13,13,13,13,14,14,14,14,13,0,53,55,57,56,50,54,52,55,53,56,56,54,55,57,58,58,61,60,60,60,60,57,56,55,54,52,51,50,0,0,0,0,0,0,0,37,40,42,42,44,47,46,46,49,49,48,49,48,48,49,49,48,48,48,49,50,52,52,52,52,54,53,53
20260726_164847_905931,1785081246659386,545513014,2,2,0,-49,128,0,15,16,15,16,15,15,16,15,14,14,15,15,15,15,15,15,16,15,16,15,15,15,15,14,14,15,0,0,0,0,0,0,0,0,0,0,0,11,11,11,11,13,13,13,13,13,13,13,13,13,13,13,14,14,14,14,15,15,15,15,15,15,15,0,55,56,54,56,55,53,54,54,53,54,54,54,52,58,57,57,57,57,58,58,55,55,53,52,51,50,47,47,0,0,0,0,0,0,0,38,37,41,41,43,45,45,47,48,50,50,49,49,50,50,49,50,51,50,50,51,52,53,56,53,55,57,54
20260726_164847_905931,1785081246759553,545613021,2,2,0,-48,128,0,15,15,15,14,15,14,14,14,14,14,14,14,15,15,14,14,15,15,15,15,14,14,14,13,13,13,0,0,0,0,0,0,0,0,0,0,0,10,9,10,11,11,11,11,12,12,12,12,12,12,12,12,13,13,13,13,14,14,14,14,15,15,15,0,58,54,57,55,55,56,55,54,54,56,55,54,54,56,53,56,55,58,55,55,55,53,53,52,49,49,47,47,0,0,0,0,0,0,0,32,33,37,38,39,41,40,43,44,45,46,46,45,46,47,47,47,47,49,48,51,52,51,54,53,55,55,55
20260726_164847_905931,1785081246860703,545712674,2,2,0,-49,128,0,16,16,16,16,16,16,16,15,15,15,15,15,15,16,16,16,15,16,16,16,15,14,13,13,13,13,0,0,0,0,0,0,0,0,0,0,0,10,10,11,11,12,12,13,13,13,13,13,13,14,13,13,14,13,14,15,15,15,15,15,16,16,16,0,59,58,59,56,55,57,55,54,56,56,57,57,55,56,55,57,54,56,55,55,55,52,49,49,48,49,44,44,0,0,0,0,0,0,0,33,34,36,36,38,42,42,42,45,46,47,46,47,48,47,48,48,50,52,49,54,53,55,56,55,57,58,58
20260726_164847_905931,1785081246962153,545812533,2,2,0,-50,128,0,15,16,16,16,16,16,16,15,16,16,16,15,16,16,16,16,16,17,16,16,17,16,16,16,15,15,0,0,0,0,0,0,0,0,0,0,0,10,10,11,11,11,11,11,11,11,11,11,11,11,11,11,12,12,12,13,13,13,13,14,15,15,15,0,59,55,60,54,60,59,56,57,58,59,57,59,60,60,59,65,63,62,63,62,66,57,57,60,55,54,48,54,0,0,0,0,0,0,0,32,34,34,37,35,38,39,41,38,40,42,41,41,42,42,43,42,43,46,44,51,50,50,52,52,53,54,54
20260726_164847_905931,1785081247058196,545912496,2,2,0,-50,128,0,14,13,14,14,14,14,14,14,14,13,13,13,13,14,15,14,14,15,15,14,14,14,13,13,13,12,0,0,0,0,0,0,0,0,0,0,0,10,11,11,11,12,12,12,12,12,12,12,12,12,12,12,12,13,13,13,13,13,13,13,14,14,14,0,56,54,53,54,53,54,52,53,52,54,57,55,54,56,54,56,55,58,58,55,56,54,51,51,47,49,46,46,0,0,0,0,0,0,0,35,38,39,40,43,44,46,47,47,49,48,48,48,48,48,48,48,48,49,48,51,51,51,54,51,52,53,56
20260726_164847_905931,1785081247161000,546012288,2,2,0,-49,128,0,15,15,15,15,15,15,15,15,16,16,16,16,15,15,15,16,16,16,16,15,16,15,15,15,15,14,0,0,0,0,0,0,0,0,0,0,0,12,12,12,13,13,14,14,14,14,14,13,13,14,13,13,13,13,13,14,13,13,14,14,14,15,15,0,53,55,56,55,55,55,56,56,56,58,55,57,55,56,58,59,60,58,59,58,57,56,55,53,52,51,48,48,0,0,0,0,0,0,0,38,40,41,42,46,46,48,48,48,50,49,49,47,47,47,45,45,47,46,48,48,48,48,52,52,52,52,54
20260726_164847_905931,1785081247263506,546112188,2,2,0,-49,128,0,14,15,14,14,14,14,13,13,14,14,15,14,14,14,14,16,15,16,16,15,16,14,13,13,13,13,0,0,0,0,0,0,0,0,0,0,0,13,13,13,14,14,15,15,15,16,15,15,14,15,14,14,14,15,14,15,14,14,15,15,14,15,14,0,52,53,52,51,51,49,50,50,51,52,52,51,51,52,53,54,53,53,54,54,54,52,50,50,51,47,44,45,0,0,0,0,0,0,0,41,45,45,47,48,52,50,54,54,54,56,53,54,53,54,50,53,51,52,51,51,51,53,52,54,52,53,54
20260726_164847_905931,1785081247366213,546216517,2,2,0,-51,128,0,13,12,12,12,13,13,12,12,13,12,13,13,13,13,14,14,13,14,14,14,14,14,14,14,13,13,0,0,0,0,0,0,0,0,0,0,0,11,12,13,12,13,14,14,13,13,13,13,13,13,12,12,12,12,12,12,12,12,13,13,13,13,13,0,49,48,48,49,48,49,48,47,49,51,51,50,52,52,53,54,54,54,54,55,55,53,52,50,51,50,47,46,0,0,0,0,0,0,0,40,42,43,45,48,50,51,51,52,53,53,52,51,51,50,49,47,49,48,48,47,48,49,48,51,50,49,49
20260726_164847_905931,1785081247458371,546312262,2,2,0,-52,128,0,14,14,14,14,14,14,14,14,15,15,16,14,15,15,15,16,16,16,16,16,16,16,16,15,15,15,0,0,0,0,0,0,0,0,0,0,0,10,11,11,12,11,13,12,12,12,12,12,12,12,11,12,12,13,13,13,13,13,13,13,13,14,14,0,55,54,54,55,53,54,54,53,55,57,58,56,57,59,59,61,62,64,63,62,61,59,58,58,56,56,53,53,0,0,0,0,0,0,0,35,37,39,40,43,42,45,46,47,47,47,46,46,46,45,45,44,45,46,45,47,48,50,51,52,53,52,54
20260726_164847_905931,1785081247564216,546413875,2,2,0,-50,128,0,14,15,15,15,14,15,14,14,14,14,14,15,15,15,16,15,15,16,16,15,15,14,15,14,13,13,0,0,0,0,0,0,0,0,0,0,0,9,9,9,10,10,10,11,11,11,11,11,11,11,11,11,11,12,12,13,13,13,13,13,14,15,14,0,58,56,57,56,56,56,55,55,57,57,56,57,58,58,58,60,61,60,59,58,59,57,55,57,54,52,49,49,0,0,0,0,0,0,0,31,34,36,36,38,38,40,42,39,41,44,43,43,42,43,43,45,46,48,47,50,51,51,54,55,55,59,55
20260726_164847_905931,1785081247660356,546512313,2,2,0,-50,128,0,15,15,15,15,14,15,14,14,14,15,15,15,15,16,16,16,16,17,16,16,16,16,15,15,15,15,0,0,0,0,0,0,0,0,0,0,0,10,10,11,12,12,11,11,12,12,11,13,12,12,12,13,12,14,13,13,13,13,14,14,14,14,14,0,55,54,56,54,54,55,52,54,55,56,57,56,58,60,59,60,61,62,62,61,61,58,58,59,57,56,52,52,0,0,0,0,0,0,0,35,37,36,39,41,43,43,41,43,45,45,44,43,47,47,45,45,46,48,48,49,50,50,52,52,53,53,54
20260726_164847_905931,1785081247762412,546614720,2,2,0,-50,128,0,14,14,14,15,14,14,14,14,14,16,16,16,16,16,17,17,17,17,17,16,16,16,16,15,15,15,0,0,0,0,0,0,0,0,0,0,0,10,10,10,11,11,12,12,12,12,12,12,12,12,12,12,12,13,13,13,13,13,14,14,14,14,14,0,53,55,54,54,51,53,53,55,55,57,56,56,57,58,61,62,62,60,63,61,62,59,59,56,57,55,53,52,0,0,0,0,0,0,0,31,34,34,36,37,39,41,41,44,44,45,45,46,47,45,44,43,45,46,49,47,49,50,50,53,52,51,55
20260726_164847_905931,1785081247858471,546712843,2,2,0,-51,128,0,13,13,13,13,14,14,14,14,15,14,15,15,15,16,16,16,16,16,17,16,16,16,16,16,15,15,0,0,0,0,0,0,0,0,0,0,0,7,7,7,7,8,7,8,7,8,8,8,8,8,8,9,9,9,9,10,11,10,11,11,12,12,12,0,52,54,55,56,55,59,56,59,59,61,60,60,63,62,64,69,67,68,67,67,69,66,65,62,64,63,59,59,0,0,0,0,0,0,0,26,25,26,28,28,30,30,31,30,32,32,33,33,33,34,33,35,37,40,40,42,42,45,45,48,48,51,51
20260726_164847_905931,1785081247960050,546812666,2,2,0,-51,128,0,14,14,14,14,13,14,14,14,14,14,14,14,14,14,14,14,15,14,14,14,14,14,14,13,13,13,0,0,0,0,0,0,0,0,0,0,0,9,9,9,10,10,11,11,12,12,12,12,12,12,12,12,12,13,13,12,13,13,13,14,13,14,14,0,56,54,54,54,53,52,53,53,54,55,55,54,54,56,56,58,56,57,57,55,57,54,53,51,51,51,47,46,0,0,0,0,0,0,0,32,34,35,38,39,41,43,44,44,45,46,46,46,46,46,47,48,47,50,49,51,51,50,53,54,54,54,56
20260726_164847_905931,1785081248057067,546912463,2,2,0,-51,128,0,14,15,15,15,15,15,14,14,14,15,15,15,15,15,15,16,16,16,16,16,16,16,15,15,15,14,0,0,0,0,0,0,0,0,0,0,0,6,6,6,8,8,8,8,8,8,9,9,9,9,9,9,9,10,10,11,11,12,12,12,13,14,13,0,28,29,28,29,28,29,29,29,28,30,30,30,30,30,32,31,32,31,32,32,32,31,31,29,28,28,27,27,0,0,0,0,0,0,0,11,11,12,13,14,14,15,15,16,17,16,17,17,17,18,18,19,21,20,21,22,23,24,25,25,26,27,27
20260726_164847_905931,1785081248159824,547012029,2,2,0,-50,128,0,15,14,15,14,14,15,15,14,14,14,15,14,14,15,14,15,15,15,15,15,15,14,14,14,14,13,0,0,0,0,0,0,0,0,0,0,0,9,10,10,11,10,10,11,11,11,12,12,12,12,12,12,12,12,12,13,13,13,14,14,14,14,14,0,60,56,58,56,55,55,55,55,54,55,55,54,56,57,55,58,58,58,57,56,57,53,53,51,51,49,47,47,0,0,0,0,0,0,0,31,35,36,37,39,41,41,43,45,45,46,46,46,46,46,46,48,47,48,48,51,53,53,53,54,58,57,57
20260726_164847_905931,1785081248268269,547117040,2,2,0,-49,128,0,14,14,14,14,13,13,13,13,13,13,14,13,14,14,14,14,14,15,14,14,14,13,13,13,12,13,0,0,0,0,0,0,0,0,0,0,0,9,10,10,11,12,12,12,13,13,13,13,13,13,13,13,13,13,13,13,13,14,14,14,14,14,14,0,57,54,54,52,53,53,53,52,53,53,52,54,54,54,55,54,56,56,57,55,54,53,52,50,50,50,47,45,0,0,0,0,0,0,0,34,36,38,40,40,42,43,44,45,47,47,47,48,49,50,48,50,50,49,50,52,50,52,52,54,55,53,55
20260726_164847_905931,1785081248365290,547216229,2,2,0,-49,128,0,14,14,14,13,13,13,13,13,13,14,14,14,15,14,15,15,15,16,16,15,15,15,15,14,14,13,0,0,0,0,0,0,0,0,0,0,0,10,10,10,10,11,12,12,12,13,12,12,12,12,12,12,12,12,13,12,13,13,13,13,13,14,14,0,52,52,53,52,53,51,52,51,53,56,56,55,52,55,56,57,58,59,60,58,59,56,56,55,52,53,51,51,0,0,0,0,0,0,0,34,36,38,39,41,43,43,45,47,48,48,47,46,47,45,45,45,46,47,48,49,48,50,51,51,52,51,50
20260726_164847_905931,1785081248467820,547319723,2,2,0,-50,128,0,13,13,13,13,13,13,13,13,13,14,14,14,14,14,15,15,15,15,15,15,15,14,14,14,14,14,0,0,0,0,0,0,0,0,0,0,0,9,9,9,10,10,10,10,10,10,10,10,11,10,10,10,10,10,11,11,12,12,12,12,13,13,13,0,53,51,54,54,53,52,55,55,54,56,56,56,56,58,60,61,61,62,64,63,60,58,58,55,56,57,52,53,0,0,0,0,0,0,0,35,35,36,37,39,38,40,39,42,42,41,42,42,42,43,40,41,42,44,43,44,46,47,47,50,51,51,53
20260726_164847_905931,1785081248558887,547412107,2,2,0,-50,128,0,13,13,13,13,13,14,14,14,14,14,15,14,14,16,16,16,16,16,17,15,16,15,15,15,14,14,0,0,0,0,0,0,0,0,0,0,0,9,9,9,10,10,10,11,11,11,11,10,10,11,10,10,10,10,10,12,12,12,12,13,13,13,13,0,51,56,54,56,54,54,56,54,54,60,58,59,57,61,61,62,62,62,63,63,63,59,60,58,56,56,54,55,0,0,0,0,0,0,0,34,36,35,37,40,42,41,41,44,43,43,42,42,41,41,40,42,42,41,45,46,46,51,49,51,51,51,54
20260726_164847_905931,1785081248661747,547512252,2,2,0,-51,128,0,14,14,14,14,14,14,14,14,15,15,15,15,15,15,16,15,16,16,16,16,16,15,15,15,15,14,0,0,0,0,0,0,0,0,0,0,0,10,10,10,10,11,11,11,12,11,12,11,12,11,11,11,11,11,13,12,13,13,13,14,14,14,14,0,54,55,54,56,56,55,56,56,55,59,58,58,57,58,61,60,61,61,62,61,61,59,59,56,55,53,52,52,0,0,0,0,0,0,0,34,37,38,38,41,40,43,44,43,45,44,45,44,44,44,43,42,45,45,46,47,48,50,51,51,53,53,52
20260726_164847_905931,1785081248809054,547657752,2,2,0,-51,128,0,14,15,14,14,14,14,14,14,14,14,14,14,15,15,15,15,16,16,16,16,16,15,15,15,14,14,0,0,0,0,0,0,0,0,0,0,0,11,11,12,12,13,13,13,13,13,13,12,12,13,13,13,13,13,13,13,13,13,14,14,14,14,14,0,54,54,55,52,54,54,52,54,52,54,54,54,56,57,56,58,59,60,60,60,60,59,57,55,54,56,51,51,0,0,0,0,0,0,0,38,40,42,42,43,46,47,48,47,49,48,48,46,46,47,46,46,46,46,46,49,50,52,53,53,53,54,54
20260726_164847_905931,1785081248860628,547711840,2,2,0,-50,128,0,15,15,15,15,15,15,16,15,15,14,16,15,15,17,16,16,16,16,17,17,16,16,15,15,14,14,0,0,0,0,0,0,0,0,0,0,0,11,11,11,12,12,13,13,13,13,13,13,13,13,13,13,13,14,14,14,14,14,14,15,15,15,15,0,55,55,56,54,56,57,53,52,53,56,56,56,56,57,58,60,54,59,61,56,58,57,57,52,52,51,48,50,0,0,0,0,0,0,0,34,37,36,42,39,44,45,45,47,46,46,48,46,45,45,46,46,49,46,50,49,51,53,52,53,54,56,55
20260726_164847_905931,1785081248963644,547813145,2,2,0,-50,128,0,13,13,13,13,13,13,13,13,13,13,13,14,13,14,14,14,14,14,14,14,14,14,13,13,13,13,0,0,0,0,0,0,0,0,0,0,0,10,10,11,11,12,11,12,12,12,12,12,12,12,12,12,13,13,13,13,13,13,14,14,14,14,14,0,54,52,52,53,52,53,52,53,54,54,54,53,53,56,55,56,57,56,57,57,58,55,53,50,52,52,45,48,0,0,0,0,0,0,0,36,38,38,42,42,45,46,46,48,48,47,49,48,47,48,48,48,49,49,49,52,52,51,53,54,54,54,56
20260726_164847_905931,1785081249061235,547915792,2,2,0,-49,128,0,13,14,14,13,13,13,13,13,13,13,14,14,14,15,15,15,15,15,15,15,15,14,13,13,13,14,0,0,0,0,0,0,0,0,0,0,0,9,9,9,10,10,11,11,11,11,11,11,11,11,11,11,11,11,11,12,12,12,12,12,13,14,14,0,52,55,55,55,55,54,53,54,53,57,55,54,55,56,59,60,61,60,61,59,60,58,58,55,54,53,51,50,0,0,0,0,0,0,0,34,34,35,37,40,41,43,44,45,43,45,46,44,44,45,44,44,45,47,47,48,49,48,50,53,53,54,54
20260726_164847_905931,1785081249168362,548020578,2,2,0,-49,128,0,13,13,13,13,13,14,13,13,13,14,14,14,14,14,16,16,16,15,16,15,16,15,15,15,14,14,0,0,0,0,0,0,0,0,0,0,0,9,9,10,10,10,10,11,11,11,11,11,11,10,11,11,11,11,11,11,12,12,12,12,13,13,13,0,25,26,26,27,26,27,27,26,26,27,28,28,28,30,30,30,30,32,33,32,32,31,29,29,27,28,27,27,0,0,0,0,0,0,0,16,16,17,17,19,20,20,21,21,21,21,22,21,21,21,21,20,21,22,22,22,24,24,24,24,26,26,26
20260726_164847_905931,1785081249264776,548115312,2,2,0,-50,128,0,14,14,14,14,15,15,15,15,16,16,16,16,16,16,16,17,17,17,17,18,18,17,17,16,16,16,0,0,0,0,0,0,0,0,0,0,0,10,10,10,12,11,11,12,12,12,12,12,12,12,11,11,11,11,11,13,13,13,13,13,14,14,14,0,53,53,53,54,54,54,54,56,55,60,59,59,58,61,62,63,64,64,65,64,65,63,63,60,60,58,56,55,0,0,0,0,0,0,0,33,35,35,37,39,41,42,41,43,44,44,43,42,43,40,42,41,44,43,43,44,45,48,48,49,48,50,51
20260726_164847_905931,1785081249363063,548215317,2,2,0,-48,128,0,14,13,13,14,13,13,13,13,13,14,14,14,14,14,15,15,15,15,15,15,14,14,14,13,13,12,0,0,0,0,0,0,0,0,0,0,0,9,10,10,10,11,12,12,12,12,13,13,11,12,11,11,12,12,12,12,13,12,13,13,14,14,14,0,56,54,52,52,52,53,53,51,53,53,54,55,56,56,57,57,58,58,58,58,57,56,55,52,53,51,47,47,0,0,0,0,0,0,0,34,35,37,39,41,42,44,44,46,46,47,47,46,46,47,46,46,46,48,46,49,50,51,51,50,51,52,52
20260726_164847_905931,1785081249459742,548312685,2,2,0,-48,128,0,13,13,13,13,13,13,13,13,13,13,13,13,13,14,14,14,14,16,16,14,15,14,14,14,13,13,0,0,0,0,0,0,0,0,0,0,0,9,10,10,11,11,12,12,12,11,12,12,12,12,11,11,11,12,12,12,12,12,12,12,12,12,14,0,52,52,53,53,52,52,52,53,52,55,56,54,52,57,57,58,58,61,59,60,60,57,56,54,54,53,49,49,0,0,0,0,0,0,0,34,36,38,39,42,43,44,45,46,48,48,48,47,47,45,47,46,47,48,48,48,50,49,49,52,52,51,52
20260726_164847_905931,1785081249563337,548415448,2,2,0,-49,128,0,13,13,13,13,13,13,13,13,13,13,14,14,14,15,15,15,15,15,15,15,15,15,14,14,14,13,0,0,0,0,0,0,0,0,0,0,0,10,11,10,12,11,13,12,12,13,12,11,12,12,12,12,11,12,12,12,13,13,13,12,13,13,13,0,52,51,54,51,53,53,52,52,52,51,54,53,55,56,57,58,57,59,59,59,58,58,52,52,54,54,51,50,0,0,0,0,0,0,0,38,39,41,43,44,47,47,47,47,48,48,48,46,48,46,47,47,47,47,46,48,48,50,49,50,52,52,52
20260726_164847_905931,1785081249666451,548520561,2,2,0,-48,128,0,14,14,14,14,14,14,14,14,14,15,15,15,15,16,16,16,16,16,16,16,16,15,15,14,14,13,0,0,0,0,0,0,0,0,0,0,0,10,10,11,11,11,12,13,12,12,12,12,12,12,12,12,13,13,13,13,13,13,13,13,14,14,15,0,55,56,56,57,53,55,54,55,54,58,58,56,56,58,60,58,61,60,61,59,61,59,57,56,54,53,50,49,0,0,0,0,0,0,0,36,36,38,38,41,41,43,42,45,47,47,46,46,45,45,46,46,49,47,49,48,50,53,53,55,55,55,55
20260726_164847_905931,1785081249762712,548613343,2,2,0,-49,128,0,14,15,15,15,14,14,14,14,15,16,16,15,15,16,16,16,16,16,17,16,16,15,15,14,14,14,0,0,0,0,0,0,0,0,0,0,0,10,11,11,11,12,12,13,13,13,13,13,13,12,12,12,13,13,13,13,14,14,14,14,14,14,14,0,56,54,56,56,53,55,54,54,55,57,57,56,57,59,59,59,59,60,59,60,61,58,56,55,56,55,50,49,0,0,0,0,0,0,0,35,36,39,40,41,41,43,44,45,45,48,45,46,45,46,46,46,48,49,48,49,50,51,53,51,54,54,56
20260726_164847_905931,1785081249859898,548712292,2,2,0,-48,128,0,14,16,15,15,15,15,15,14,14,15,16,16,16,16,16,16,16,16,16,16,16,16,15,16,15,14,0,0,0,0,0,0,0,0,0,0,0,11,11,11,12,13,13,13,13,13,13,13,13,13,13,13,13,13,13,14,14,15,14,15,15,15,15,0,55,55,56,54,56,52,55,54,55,55,55,55,57,57,57,60,57,60,60,60,58,58,53,54,54,54,47,49,0,0,0,0,0,0,0,35,37,39,44,42,45,45,48,48,48,50,47,48,48,49,47,51,47,53,47,50,52,53,53,53,53,56,56
20260726_164847_905931,1785081249961751,548814810,2,2,0,-49,128,0,13,14,13,14,13,14,14,13,14,14,14,14,14,14,15,15,15,15,15,15,15,15,15,14,14,13,0,0,0,0,0,0,0,0,0,0,0,9,9,10,10,10,10,11,11,11,11,11,11,11,11,11,11,11,11,11,12,12,13,13,13,13,13,0,54,53,55,55,56,55,56,54,54,57,58,56,58,59,58,61,61,61,60,60,60,57,56,54,54,53,50,50,0,0,0,0,0,0,0,34,34,36,39,38,42,43,44,44,44,46,46,44,44,47,44,44,46,46,46,49,50,51,52,52,54,53,56
20260726_164847_905931,1785081250059924,548913198,2,2,0,-49,128,0,14,14,15,14,14,15,15,15,15,15,15,15,15,15,15,16,15,16,16,16,16,16,16,15,14,14,0,0,0,0,0,0,0,0,0,0,0,9,10,10,11,11,12,12,12,12,13,12,12,13,13,12,12,13,13,13,13,13,14,14,14,14,14,0,57,56,55,55,56,57,56,55,54,56,58,56,56,59,60,61,62,60,61,61,61,60,59,58,57,54,51,51,0,0,0,0,0,0,0,35,35,36,40,41,42,44,44,45,47,47,47,47,47,47,47,47,48,47,48,50,51,52,53,53,53,55,53
20260726_164847_905931,1785081250161548,549015355,2,2,0,-48,128,0,15,14,14,13,13,15,14,13,13,14,15,14,15,14,14,16,15,16,16,16,16,15,15,14,14,13,0,0,0,0,0,0,0,0,0,0,0,9,9,10,11,11,11,11,12,12,12,12,11,11,11,12,12,12,11,13,13,13,13,13,13,13,13,0,53,55,55,55,52,54,55,54,54,55,57,55,55,57,59,59,59,58,60,59,59,59,57,56,54,52,49,51,0,0,0,0,0,0,0,31,33,35,37,39,38,42,44,44,45,45,44,45,46,44,47,46,48,48,48,49,51,52,51,51,53,53,52
20260726_164847_905931,1785081250263781,549113418,2,2,0,-48,128,0,14,14,14,14,14,14,14,14,14,14,15,14,14,14,16,16,16,16,16,16,16,15,15,14,14,14,0,0,0,0,0,0,0,0,0,0,0,9,10,11,11,12,12,12,12,12,13,12,13,13,12,12,13,13,13,13,14,14,14,14,14,14,14,0,55,53,55,55,54,53,54,53,53,55,56,55,54,54,57,58,58,58,58,58,58,56,55,55,51,52,49,49,0,0,0,0,0,0,0,34,35,36,38,40,42,42,43,44,45,46,47,45,45,46,46,46,46,47,47,49,50,51,51,51,51,53,54
20260726_164847_905931,1785081250371639,549221689,2,2,0,-49,128,0,14,13,13,13,13,13,13,13,13,13,14,13,14,14,14,15,15,16,16,16,15,15,13,14,14,13,0,0,0,0,0,0,0,0,0,0,0,9,10,11,11,11,12,12,13,12,11,12,11,11,12,12,12,12,12,12,12,12,12,13,13,14,13,0,55,54,53,53,53,52,52,52,52,53,54,53,54,54,57,58,60,57,59,59,59,57,55,55,54,52,49,50,0,0,0,0,0,0,0,34,35,38,38,41,43,43,45,45,45,48,47,46,45,45,44,45,46,47,47,46,48,50,49,50,51,54,53
20260726_164847_905931,1785081250463243,549312275,2,2,0,-48,128,0,15,16,16,15,15,15,15,14,15,15,15,15,15,16,16,16,16,16,16,16,16,16,15,15,14,14,0,0,0,0,0,0,0,0,0,0,0,10,11,12,12,13,13,13,13,14,13,14,14,14,13,14,13,13,14,14,14,15,15,15,15,16,15,0,55,58,55,57,53,56,55,53,54,56,55,54,55,55,55,58,59,56,59,56,56,56,55,53,52,50,48,46,0,0,0,0,0,0,0,34,37,38,41,42,43,45,47,46,48,49,49,48,48,50,47,50,51,48,50,49,51,53,54,55,53,56,55
20260726_164847_905931,1785081250561124,549413808,2,2,0,-48,128,0,14,15,14,14,14,14,14,14,15,14,14,14,14,14,14,15,15,15,15,15,15,15,15,15,14,13,0,0,0,0,0,0,0,0,0,0,0,10,10,11,11,12,12,13,13,13,13,13,13,13,13,13,13,13,13,13,14,14,14,14,14,14,15,0,56,55,57,53,55,54,53,52,54,54,56,56,56,58,55,58,58,60,59,59,58,57,54,54,52,53,49,50,0,0,0,0,0,0,0,35,38,37,41,41,45,45,48,46,48,49,48,48,48,49,49,49,47,52,47,52,51,52,53,54,55,55,56
20260726_164847_905931,1785081250659133,549513300,2,2,0,-48,128,0,15,15,15,15,15,15,15,15,15,15,15,16,15,15,15,16,16,16,16,16,16,16,16,16,15,14,0,0,0,0,0,0,0,0,0,0,0,9,10,10,11,11,12,12,12,12,12,13,12,12,13,13,12,13,13,13,13,14,14,14,14,15,15,0,54,55,56,56,56,55,55,56,55,56,56,56,58,58,58,59,60,62,61,60,59,59,57,58,54,55,52,51,0,0,0,0,0,0,0,33,34,36,38,39,41,41,44,43,45,46,45,44,45,45,45,45,45,47,48,49,51,52,52,53,53,52,55
20260726_164847_905931,1785081250761270,549612272,2,2,0,-48,128,0,14,13,13,14,13,13,13,13,13,13,13,13,13,14,14,14,14,14,15,14,14,14,13,13,13,13,0,0,0,0,0,0,0,0,0,0,0,9,9,9,10,11,10,11,11,11,11,11,11,11,11,11,11,11,12,11,13,12,13,14,13,13,14,0,57,52,54,55,54,54,54,52,54,54,54,54,54,57,55,57,57,58,58,59,59,56,54,54,53,53,48,50,0,0,0,0,0,0,0,31,33,34,36,39,40,41,42,43,44,44,46,46,45,45,47,45,47,48,48,49,49,51,51,53,53,54,54
20260726_164847_905931,1785081250863900,549713346,2,2,0,-49,128,0,15,16,15,16,14,15,15,15,14,16,15,15,15,16,16,16,17,16,16,16,16,15,16,16,15,15,0,0,0,0,0,0,0,0,0,0,0,10,11,11,12,13,12,13,13,13,14,12,13,13,13,13,13,13,13,13,13,13,14,15,14,15,14,0,55,53,54,53,52,55,55,53,55,55,57,54,54,54,56,57,57,60,58,57,59,56,56,55,54,52,50,49,0,0,0,0,0,0,0,37,37,38,40,41,43,46,44,47,47,48,46,45,45,46,46,44,47,47,48,48,49,50,52,52,54,54,54
20260726_164847_905931,1785081250960006,549812285,2,2,0,-48,128,0,15,15,15,15,15,15,15,15,14,15,15,14,15,15,16,15,16,15,16,16,15,15,15,14,14,14,0,0,0,0,0,0,0,0,0,0,0,10,10,10,10,11,12,13,12,12,12,12,12,12,12,12,13,13,13,13,14,14,14,15,15,15,15,0,55,56,58,54,54,54,55,55,54,56,54,54,54,56,56,59,57,58,60,57,59,56,54,53,52,52,49,49,0,0,0,0,0,0,0,32,34,36,38,39,42,42,45,45,45,47,46,45,47,46,45,47,48,47,49,49,51,52,53,54,51,55,55
20260726_164847_905931,1785081251062321,549912306,2,2,0,-49,128,0,15,15,15,14,15,15,14,14,14,14,15,15,15,15,15,15,15,15,16,15,16,15,14,14,14,14,0,0,0,0,0,0,0,0,0,0,0,9,10,10,11,11,12,12,13,13,13,12,13,13,12,12,13,14,14,14,14,14,14,15,15,15,15,0,55,56,56,56,57,56,54,55,55,58,56,56,56,57,58,58,59,60,60,59,60,58,56,54,53,52,51,50,0,0,0,0,0,0,0,33,35,36,39,41,42,43,44,47,47,48,48,48,48,46,49,48,48,50,50,52,52,54,54,53,55,54,55
20260726_164847_905931,1785081251158761,550013147,2,2,0,-49,128,0,14,13,14,14,14,13,13,13,13,13,14,14,14,14,14,15,15,15,15,15,15,14,14,14,14,13,0,0,0,0,0,0,0,0,0,0,0,9,10,10,12,12,12,13,13,13,13,13,13,13,12,12,13,13,13,13,13,13,13,13,13,14,14,0,55,50,53,52,53,54,52,53,53,52,56,53,54,57,54,60,57,58,60,59,58,58,57,57,55,55,51,51,0,0,0,0,0,0,0,33,36,41,41,42,44,46,47,47,48,50,49,49,48,48,49,48,47,50,49,50,51,51,51,51,51,51,54
20260726_164847_905931,1785081251261013,550112095,2,2,0,-49,128,0,13,13,13,13,13,13,14,14,14,14,14,14,14,14,15,15,15,15,15,15,15,15,15,13,13,13,0,0,0,0,0,0,0,0,0,0,0,9,9,10,10,11,11,11,11,11,11,11,12,11,11,11,12,12,11,12,12,12,12,12,13,13,13,0,54,52,54,55,52,52,54,54,55,56,56,55,56,58,59,61,59,62,62,59,60,58,55,54,57,55,49,51,0,0,0,0,0,0,0,33,35,35,39,40,42,43,44,45,46,48,46,47,46,45,45,45,45,45,46,47,46,48,50,51,50,52,53
20260726_164847_905931,1785081251362662,550212990,2,2,0,-49,128,0,14,14,14,15,14,14,14,14,14,14,14,14,14,15,15,15,15,15,15,15,15,15,15,14,14,13,0,0,0,0,0,0,0,0,0,0,0,9,9,10,10,11,11,11,11,12,11,12,12,11,11,11,12,12,12,13,13,13,13,14,14,14,14,0,56,55,54,54,55,54,55,55,54,55,58,56,54,57,58,58,57,60,59,60,58,56,56,54,54,52,49,50,0,0,0,0,0,0,0,32,31,34,37,38,39,41,43,43,43,46,43,45,45,46,45,43,48,48,47,49,50,49,52,50,53,53,53
20260726_164847_905931,1785081251462447,550316254,2,2,0,-49,128,0,14,15,15,15,15,15,15,15,16,16,15,15,15,15,15,16,16,16,16,16,16,16,16,15,15,15,0,0,0,0,0,0,0,0,0,0,0,10,10,11,11,12,12,12,13,13,13,13,13,13,13,13,12,12,12,13,13,14,14,14,14,15,14,0,55,53,55,55,55,56,55,55,56,56,57,58,57,59,60,59,61,62,63,61,60,59,58,57,57,56,51,52,0,0,0,0,0,0,0,35,35,38,40,41,43,44,44,45,45,46,47,45,45,46,44,48,46,48,47,49,50,50,52,51,53,53,51
20260726_164847_905931,1785081251559042,550412476,2,2,0,-50,128,0,14,15,14,14,14,15,14,15,15,15,15,15,16,16,16,16,16,16,17,16,16,16,16,15,15,15,0,0,0,0,0,0,0,0,0,0,0,8,8,9,9,9,10,10,10,10,10,10,10,10,11,11,11,11,11,12,12,12,13,13,13,14,14,0,28,29,27,29,29,29,29,29,30,31,31,30,31,31,32,31,33,33,33,34,33,31,32,31,30,30,29,28,0,0,0,0,0,0,0,14,16,16,16,17,17,19,19,19,19,19,20,20,21,20,20,20,21,21,21,23,24,24,25,25,26,27,26
20260726_164847_905931,1785081251728134,550581218,2,2,0,-51,128,0,14,14,14,14,14,14,14,14,14,14,15,15,15,16,16,16,16,16,16,16,16,16,15,15,15,15,0,0,0,0,0,0,0,0,0,0,0,11,11,12,12,12,13,13,13,13,13,12,12,12,12,12,12,12,12,13,13,13,13,13,14,14,14,0,53,53,53,52,53,54,53,54,54,56,57,56,57,60,58,61,61,62,63,62,62,60,60,58,56,55,51,53,0,0,0,0,0,0,0,37,39,41,42,44,46,47,49,48,48,49,47,47,46,46,44,45,44,46,44,45,48,48,50,48,51,50,51
20260726_164847_905931,1785081251800430,550649467,2,2,0,-50,128,0,14,14,14,14,14,14,14,14,14,14,14,14,14,15,15,15,15,16,15,15,16,15,15,14,14,14,0,0,0,0,0,0,0,0,0,0,0,12,13,13,13,13,14,14,14,14,14,14,13,14,13,13,13,13,13,13,13,13,14,14,14,14,14,0,53,53,52,52,52,49,52,51,52,54,53,53,54,55,56,58,57,59,58,58,57,54,54,53,51,52,50,48,0,0,0,0,0,0,0,41,42,44,46,48,47,51,53,51,53,52,52,51,50,47,48,46,47,48,48,49,51,49,50,51,51,53,54
20260726_164847_905931,1785081251867955,550719678,2,2,0,-50,128,0,13,14,13,14,14,13,13,13,13,13,14,13,14,14,15,15,15,15,15,15,15,15,15,15,14,14,0,0,0,0,0,0,0,0,0,0,0,13,13,13,14,14,14,14,15,15,14,14,14,14,14,13,13,13,13,13,13,14,14,14,14,13,13,0,50,51,49,48,48,51,47,47,46,51,49,49,52,51,53,53,55,55,56,55,58,55,54,53,53,50,50,50,0,0,0,0,0,0,0,40,41,44,47,49,50,51,52,53,54,52,54,53,51,52,49,47,51,49,50,48,50,53,50,51,52,52,50
20260726_164847_905931,1785081251961478,550812944,2,2,0,-50,128,0,13,14,14,14,13,13,13,13,13,14,13,13,13,14,14,14,15,15,15,14,14,14,14,14,14,13,0,0,0,0,0,0,0,0,0,0,0,12,13,13,14,14,15,15,15,15,15,14,14,14,14,14,14,13,14,14,14,14,15,14,14,15,14,0,50,52,51,50,50,50,48,49,48,51,51,50,52,53,52,54,54,56,56,57,55,53,52,52,51,50,49,48,0,0,0,0,0,0,0,40,45,45,49,48,52,52,54,54,55,56,55,52,54,53,50,52,51,51,50,52,53,53,53,53,53,53,51
20260726_164847_905931,1785081252145256,550991676,2,2,0,-48,128,0,14,15,14,14,15,14,14,14,14,14,14,14,14,15,15,15,15,15,15,15,15,14,14,14,14,13,0,0,0,0,0,0,0,0,0,0,0,11,12,12,12,13,13,13,13,13,14,14,14,14,13,14,13,13,13,13,14,14,14,14,14,15,14,0,55,55,56,55,53,53,53,53,55,55,57,55,53,56,56,56,57,57,57,56,56,54,53,51,50,49,48,46,0,0,0,0,0,0,0,37,40,42,43,45,46,50,49,53,51,51,52,51,52,51,51,50,50,51,52,51,53,52,55,54,55,56,58
20260726_164847_905931,1785081252173865,551013886,2,2,0,-48,128,0,16,15,15,15,15,14,14,14,14,15,15,14,14,15,16,16,16,16,16,16,15,15,15,14,14,13,0,0,0,0,0,0,0,0,0,0,0,11,12,13,13,13,13,13,14,14,14,14,14,14,14,14,14,14,14,14,14,15,15,15,16,16,16,0,56,55,53,55,54,54,54,51,54,55,56,56,55,56,57,57,57,58,60,58,58,54,55,53,51,51,47,48,0,0,0,0,0,0,0,38,41,42,44,45,47,50,49,52,52,53,53,51,49,49,51,50,50,51,52,50,51,54,54,54,54,56,58
20260726_164847_905931,1785081252260105,551112787,2,2,0,-48,128,0,14,14,14,13,14,14,13,13,13,13,13,14,13,14,14,14,14,14,14,14,14,13,13,13,12,12,0,0,0,0,0,0,0,0,0,0,0,10,11,11,11,12,12,12,13,13,12,13,13,13,13,13,13,13,13,13,14,14,14,14,14,14,14,0,56,55,54,53,53,53,51,51,51,53,53,51,51,54,55,57,56,55,56,54,55,53,52,51,50,47,45,46,0,0,0,0,0,0,0,35,37,38,41,42,44,46,48,48,49,49,50,51,50,50,50,48,50,52,50,53,53,53,54,54,54,56,56
20260726_164847_905931,1785081252372476,551222551,2,2,0,-47,128,0,16,15,15,16,15,15,15,14,16,15,15,15,15,15,15,14,15,15,15,15,15,14,13,13,13,13,0,0,0,0,0,0,0,0,0,0,0,11,10,12,11,12,13,13,13,14,14,14,14,14,14,14,14,15,14,15,15,15,16,15,16,15,16,0,57,56,55,56,55,54,51,53,53,54,54,53,51,54,54,55,55,55,54,54,54,52,49,48,47,47,44,43,0,0,0,0,0,0,0,34,36,38,40,42,44,45,47,48,49,49,49,49,50,50,50,51,50,53,51,53,53,53,53,55,56,55,57
20260726_164847_905931,1785081252462157,551312612,2,2,0,-47,128,0,15,15,14,14,14,14,14,14,13,13,13,13,13,14,14,14,14,14,14,14,14,13,13,12,12,13,0,0,0,0,0,0,0,0,0,0,0,10,10,10,11,11,13,13,13,13,13,13,13,13,13,13,13,13,13,13,14,14,14,14,14,15,15,0,53,53,53,53,53,54,53,52,51,53,54,52,52,53,53,55,53,55,56,53,53,52,50,49,48,48,44,46,0,0,0,0,0,0,0,33,36,37,41,40,43,45,49,49,49,50,51,51,49,51,51,51,51,52,52,54,53,53,54,54,56,54,54
20260726_164847_905931,1785081252563109,551411949,2,2,0,-47,128,0,15,16,15,16,15,16,16,15,15,15,16,15,15,15,15,15,15,15,16,16,16,15,15,14,14,13,0,0,0,0,0,0,0,0,0,0,0,10,11,11,12,12,13,13,13,13,14,14,14,14,14,14,14,14,15,14,15,14,16,16,15,16,15,0,56,59,54,57,55,55,54,54,53,57,56,55,55,55,58,57,60,57,57,57,56,54,54,51,51,49,48,47,0,0,0,0,0,0,0,33,35,38,39,40,42,45,45,47,48,49,49,50,50,50,50,50,52,53,54,52,54,53,55,57,56,56,56
20260726_164847_905931,1785081252659914,551514377,2,2,0,-47,128,0,15,15,15,15,15,15,14,14,14,14,15,15,14,15,16,16,16,16,16,16,16,15,14,14,14,13,0,0,0,0,0,0,0,0,0,0,0,9,9,9,11,10,11,11,12,12,12,12,12,12,12,12,13,13,13,13,13,13,14,14,14,15,15,0,56,55,55,56,55,56,55,56,54,57,56,55,55,59,57,58,59,59,59,58,58,55,54,53,50,51,47,48,0,0,0,0,0,0,0,30,32,34,36,36,38,42,42,42,43,45,46,45,44,46,47,46,48,47,50,49,50,51,53,52,54,55,55
20260726_164847_905931,1785081252762199,551612163,2,2,0,-47,128,0,15,16,15,15,15,15,15,14,14,14,14,15,15,15,15,15,15,16,15,15,14,14,13,13,13,12,0,0,0,0,0,0,0,0,0,0,0,10,10,11,12,12,13,13,13,13,14,14,14,14,14,14,14,14,14,15,15,15,15,15,16,16,16,0,56,57,57,58,56,55,56,54,52,55,56,53,53,56,55,55,54,56,56,54,55,52,51,49,49,47,45,44,0,0,0,0,0,0,0,34,36,39,40,42,44,47,47,47,49,50,50,50,49,50,51,52,51,53,52,56,55,55,56,56,59,59,57
20260726_164847_905931,1785081252858683,551712416,2,2,0,-47,128,0,15,15,15,14,15,14,14,14,14,14,14,14,14,15,15,16,15,16,16,15,15,14,14,14,13,13,0,0,0,0,0,0,0,0,0,0,0,10,11,11,11,11,12,12,13,13,13,13,13,13,13,13,13,13,13,14,14,14,14,14,14,15,14,0,56,55,56,52,56,56,53,52,54,54,55,54,52,54,55,55,55,57,55,55,55,52,53,52,50,49,48,46,0,0,0,0,0,0,0,34,37,38,39,39,42,43,46,46,47,48,48,47,48,47,47,49,49,50,49,52,53,54,55,55,57,57,58
20260726_164847_905931,1785081252965519,551817311,2,2,0,-47,128,0,14,14,14,15,14,14,14,14,14,14,14,14,14,13,14,14,16,15,15,15,15,14,14,14,13,13,0,0,0,0,0,0,0,0,0,0,0,10,10,11,11,12,12,13,13,13,13,13,13,13,13,13,13,13,13,13,13,13,14,15,15,14,14,0,56,55,56,56,54,55,52,53,53,55,55,54,54,55,54,58,56,55,56,55,56,54,52,51,51,51,46,45,0,0,0,0,0,0,0,34,36,38,40,40,44,44,46,47,48,50,49,49,48,48,49,48,51,51,49,51,52,54,54,54,54,56,55
20260726_164847_905931,1785081253067697,551918653,2,2,0,-47,128,0,14,14,14,14,13,13,13,13,13,14,14,13,13,14,14,14,15,14,14,14,14,14,13,13,13,13,0,0,0,0,0,0,0,0,0,0,0,11,11,11,12,13,13,14,13,13,13,13,13,13,13,13,13,13,13,13,14,13,14,14,14,15,14,0,54,54,53,52,51,53,51,49,50,52,52,51,52,53,52,54,54,53,54,54,54,54,51,50,49,48,47,46,0,0,0,0,0,0,0,38,39,40,44,45,46,46,49,50,52,53,53,52,50,50,51,51,51,51,51,52,52,52,53,53,55,55,54
20260726_164847_905931,1785081253163637,552014727,2,2,0,-48,128,0,15,13,14,14,13,13,13,13,13,13,13,13,13,13,14,14,14,14,14,14,14,13,13,13,12,12,0,0,0,0,0,0,0,0,0,0,0,10,11,11,12,12,13,14,14,13,13,14,14,13,13,13,14,14,14,14,14,14,14,14,15,14,13,0,56,53,53,55,51,51,51,51,49,51,51,51,51,53,52,53,54,53,53,53,53,51,50,48,48,48,44,46,0,0,0,0,0,0,0,37,39,41,43,45,46,46,50,52,53,53,53,53,51,51,52,50,51,52,52,53,52,54,54,52,53,54,52
20260726_164847_905931,1785081253266130,552118344,2,2,0,-50,128,0,14,13,14,14,14,14,14,14,15,15,15,14,14,15,15,15,16,17,16,16,16,16,15,15,14,14,0,0,0,0,0,0,0,0,0,0,0,11,12,12,12,13,13,14,13,13,13,13,13,13,13,13,13,14,13,13,13,13,13,13,13,13,14,0,52,55,55,53,52,54,54,55,53,57,55,55,55,55,58,59,58,60,60,58,61,56,57,56,53,53,51,49,0,0,0,0,0,0,0,40,42,41,43,45,46,50,49,50,51,49,52,50,49,48,48,47,49,48,49,49,49,51,52,52,54,54,52
20260726_164847_905931,1785081253362206,552217801,2,2,0,-50,128,0,13,14,14,14,14,14,14,14,14,14,14,14,14,14,15,15,15,15,16,15,15,14,14,14,13,13,0,0,0,0,0,0,0,0,0,0,0,6,6,7,8,8,7,8,8,8,8,8,8,9,9,9,11,11,11,11,11,13,13,13,13,13,13,0,57,56,57,59,57,58,59,55,58,60,60,60,60,60,60,62,63,63,64,65,61,61,60,58,57,55,54,51,0,0,0,0,0,0,0,26,26,28,29,30,28,35,33,36,33,35,36,39,37,37,40,40,42,43,44,47,50,48,54,54,55,56,56
20260726_164847_905931,1785081253465036,552317135,2,2,0,-52,128,0,15,15,16,14,15,15,15,15,16,16,16,16,16,17,17,17,17,17,17,17,17,17,16,16,16,16,0,0,0,0,0,0,0,0,0,0,0,8,9,9,10,10,11,11,11,11,11,11,11,12,11,11,11,11,13,13,13,13,13,14,15,14,14,0,55,56,55,55,55,56,57,56,57,58,58,59,62,63,62,63,64,64,65,65,64,64,62,61,61,61,55,56,0,0,0,0,0,0,0,29,30,32,33,34,36,38,39,39,39,41,41,41,40,42,42,44,44,44,46,46,48,49,52,52,51,54,54
20260726_164847_905931,1785081253578518,552427684,2,2,0,-51,128,0,14,14,14,15,14,14,14,14,14,15,15,15,15,15,16,16,16,16,16,16,16,15,16,15,15,14,0,0,0,0,0,0,0,0,0,0,0,9,10,10,10,11,11,11,11,11,11,11,11,11,11,11,12,12,12,12,13,13,13,14,13,14,14,0,55,55,55,54,54,55,55,54,56,56,58,56,56,60,59,61,60,63,62,62,62,60,58,57,56,56,52,53,0,0,0,0,0,0,0,31,33,34,37,36,39,41,42,42,44,45,42,43,44,44,43,45,47,48,46,49,50,49,50,53,52,53,55
20260726_164847_905931,1785081253664213,552516102,2,2,0,-51,128,0,14,15,15,15,14,14,15,15,15,15,16,16,16,16,16,17,17,17,17,16,16,16,16,15,15,14,0,0,0,0,0,0,0,0,0,0,0,8,9,9,9,10,10,10,10,10,10,10,11,11,11,11,12,12,12,12,13,13,13,14,14,14,14,0,55,57,56,57,56,57,56,56,57,59,59,58,59,59,62,62,62,63,65,63,63,60,59,59,56,56,53,52,0,0,0,0,0,0,0,29,30,32,33,34,36,37,38,39,40,41,40,41,41,42,43,43,46,45,48,48,50,51,51,53,54,54,56
20260726_164847_905931,1785081253766318,552616359,2,2,0,-50,128,0,13,13,13,13,14,14,14,14,14,14,14,15,15,15,16,16,16,15,16,16,16,15,15,15,14,14,0,0,0,0,0,0,0,0,0,0,0,8,9,9,9,9,10,10,10,10,11,11,11,11,11,11,11,11,12,12,12,13,13,13,13,14,13,0,54,55,56,54,56,55,55,55,53,58,57,55,58,59,60,61,60,63,62,61,62,60,60,58,57,55,57,55,0,0,0,0,0,0,0,28,29,30,33,33,36,36,38,39,42,41,42,42,43,41,44,45,45,46,46,49,50,50,53,53,54,55,54
20260726_164847_905931,1785081253901950,552756607,2,2,0,-49,128,0,14,13,14,14,13,13,13,13,14,15,14,14,13,14,15,15,15,15,15,15,15,14,13,13,13,13,0,0,0,0,0,0,0,0,0,0,0,9,9,9,10,10,11,11,11,11,11,11,11,11,11,11,12,12,12,12,13,13,13,13,14,14,14,0,60,55,57,57,56,55,53,54,54,60,56,56,54,56,58,60,60,59,61,59,58,57,55,54,52,51,48,48,0,0,0,0,0,0,0,32,36,35,36,38,39,42,44,41,44,44,46,46,47,44,44,45,47,46,49,50,50,53,52,53,54,55,56
20260726_164847_905931,1785081253993141,552842920,2,2,0,-48,128,0,15,15,14,15,14,15,14,15,15,15,14,14,15,14,16,16,16,16,16,15,15,16,15,15,15,14,0,0,0,0,0,0,0,0,0,0,0,9,9,10,10,11,11,12,12,12,13,13,13,13,13,14,13,14,14,14,14,15,14,15,15,16,15,0,54,54,54,56,54,56,55,56,54,55,58,55,53,56,58,57,58,59,58,60,60,57,55,56,52,52,51,50,0,0,0,0,0,0,0,29,31,33,35,38,39,41,40,43,45,43,45,45,45,47,46,45,47,50,49,53,53,52,51,54,55,51,55
20260726_164847_905931,1785081254068534,552922040,2,2,0,-48,128,0,16,16,15,15,15,15,14,15,14,15,15,15,15,16,16,16,16,16,16,15,15,15,15,15,14,13,0,0,0,0,0,0,0,0,0,0,0,9,9,11,11,12,12,13,13,13,13,13,14,13,14,14,14,14,14,15,15,15,15,15,15,16,15,0,59,57,56,57,56,54,53,53,56,55,54,55,54,56,55,57,58,55,57,56,57,55,53,51,51,51,48,45,0,0,0,0,0,0,0,30,32,34,36,38,41,42,41,42,45,47,48,46,47,49,49,49,51,51,53,53,52,53,58,56,55,59,57
20260726_164847_905931,1785081254158790,553013197,2,2,0,-48,128,0,15,15,15,15,15,15,15,14,14,14,15,14,15,15,15,15,15,15,15,15,15,14,14,14,13,13,0,0,0,0,0,0,0,0,0,0,0,11,11,12,12,12,13,13,14,13,14,14,14,14,14,13,14,14,14,15,15,15,15,14,15,15,15,0,58,57,57,56,54,54,54,53,52,54,53,54,54,56,56,53,55,56,57,56,54,53,51,50,50,49,45,46,0,0,0,0,0,0,0,35,37,39,42,43,45,47,48,49,49,49,51,49,50,51,53,51,51,51,52,52,55,54,58,57,57,57,55
20260726_164847_905931,1785081254266560,553116856,2,2,0,-48,128,0,15,15,15,15,15,15,15,15,15,15,16,16,14,15,15,15,15,15,15,15,15,15,14,15,14,14,0,0,0,0,0,0,0,0,0,0,0,10,10,11,12,12,12,13,13,13,14,13,14,13,14,13,14,14,14,15,14,14,15,15,15,15,16,0,57,55,56,54,55,56,53,55,54,56,55,56,53,57,57,56,58,56,59,58,58,54,55,53,50,51,48,47,0,0,0,0,0,0,0,34,36,37,39,41,44,45,46,46,47,49,48,50,48,49,48,51,52,50,51,52,53,54,55,55,55,55,54
20260726_164847_905931,1785081254363045,553214352,2,2,0,-48,128,0,15,16,16,15,14,15,15,15,14,14,14,14,14,14,14,14,14,14,14,14,14,14,13,13,13,12,0,0,0,0,0,0,0,0,0,0,0,8,9,10,10,11,11,11,11,12,12,12,12,12,12,12,13,13,13,13,13,15,15,15,15,16,16,0,58,59,58,58,57,57,56,56,54,56,57,55,54,57,54,57,55,56,56,54,53,53,52,49,47,47,43,43,0,0,0,0,0,0,0,30,33,34,35,36,39,40,42,44,44,45,46,46,47,47,49,48,47,51,51,54,55,56,58,55,57,59,58
20260726_164847_905931,1785081254464954,553315152,2,2,0,-48,128,0,15,15,15,15,15,15,15,15,15,15,16,15,15,15,15,15,15,15,16,15,15,15,15,14,14,13,0,0,0,0,0,0,0,0,0,0,0,11,11,11,13,13,13,13,13,13,14,14,14,14,14,14,13,13,13,14,14,14,15,14,15,15,15,0,57,57,55,57,55,56,54,54,54,55,56,54,55,55,55,57,56,57,57,56,56,54,51,52,49,49,44,46,0,0,0,0,0,0,0,35,37,38,41,43,45,46,48,48,49,49,51,48,52,50,49,51,50,51,52,52,54,54,55,53,56,58,55
20260726_164847_905931,1785081254562193,553414382,2,2,0,-47,128,0,14,14,14,13,13,14,14,14,14,13,14,13,14,14,14,15,14,14,14,14,15,14,13,13,13,12,0,0,0,0,0,0,0,0,0,0,0,9,9,10,10,11,11,11,11,11,11,11,11,12,12,12,13,13,12,13,13,13,13,13,13,13,14,0,56,56,57,56,57,59,57,55,57,57,58,58,56,59,58,59,59,61,59,59,57,55,53,54,51,51,46,47,0,0,0,0,0,0,0,31,33,34,35,37,40,44,43,44,46,45,46,47,47,47,47,49,48,50,51,53,53,53,55,54,56,57,56
20260726_164847_905931,1785081254710477,553559770,2,2,0,-49,128,0,15,15,16,15,14,15,15,15,15,15,15,15,14,15,16,16,16,16,16,16,16,16,15,15,15,14,0,0,0,0,0,0,0,0,0,0,0,12,12,13,13,13,13,14,14,14,14,13,13,13,13,14,14,14,14,14,14,14,15,15,15,15,15,0,56,58,58,56,54,54,53,54,55,57,55,55,55,56,58,58,60,58,59,59,59,56,56,55,54,51,50,50,0,0,0,0,0,0,0,38,38,40,42,44,45,48,48,50,50,50,53,51,51,49,49,48,52,50,52,49,52,51,53,56,54,55,56
20260726_164847_905931,1785081254761382,553614616,2,2,0,-49,128,0,13,14,12,12,12,13,13,14,14,14,14,14,14,14,15,15,16,16,16,15,15,15,15,14,13,13,0,0,0,0,0,0,0,0,0,0,0,10,10,10,11,12,11,12,12,12,12,12,12,12,11,11,12,12,12,12,13,13,13,13,13,13,13,0,46,50,53,47,54,53,51,50,53,55,55,53,55,58,56,58,58,59,59,57,57,57,54,55,53,53,50,51,0,0,0,0,0,0,0,35,37,38,40,42,44,46,45,47,47,49,48,48,49,47,46,46,45,46,48,44,48,48,52,51,50,54,48
20260726_164847_905931,1785081254858136,553711815,2,2,0,-49,128,0,13,13,13,13,14,14,14,14,13,14,14,14,14,14,15,15,15,15,15,15,15,15,15,15,14,13,0,0,0,0,0,0,0,0,0,0,0,11,11,12,11,12,12,12,13,13,13,12,12,12,12,12,12,12,12,12,13,13,13,12,13,13,13,0,51,52,50,51,50,52,53,52,52,53,53,55,54,57,56,56,60,59,57,59,59,58,54,55,54,53,50,50,0,0,0,0,0,0,0,37,40,41,43,44,46,46,48,49,48,49,48,47,47,48,47,47,45,46,46,46,49,48,50,50,50,52,51
20260726_164847_905931,1785081254959345,553812699,2,2,0,-48,128,0,14,14,14,14,14,14,15,15,14,15,16,14,14,16,15,16,16,16,16,16,16,15,15,15,14,14,0,0,0,0,0,0,0,0,0,0,0,9,9,9,10,10,10,11,11,11,12,12,11,11,11,12,12,12,13,13,13,13,14,14,14,14,14,0,56,55,55,55,56,57,55,55,57,57,58,56,58,59,59,61,62,61,62,59,61,58,56,56,54,54,50,50,0,0,0,0,0,0,0,29,32,34,35,36,37,38,40,42,43,44,43,43,43,44,45,43,45,44,46,49,48,52,50,52,53,55,54
20260726_164847_905931,1785081255065173,553914992,2,2,0,-48,128,0,15,15,15,16,15,15,14,14,15,15,15,15,15,15,15,15,17,16,16,16,16,16,15,14,14,14,0,0,0,0,0,0,0,0,0,0,0,8,8,8,8,9,9,10,11,11,11,11,11,11,11,11,12,12,12,13,13,13,13,15,15,15,15,0,60,57,58,57,56,57,55,55,58,57,58,57,57,58,57,60,60,60,60,61,60,59,57,57,54,54,51,51,0,0,0,0,0,0,0,26,29,29,30,31,34,35,37,38,38,38,40,40,42,42,42,44,44,46,47,49,52,51,53,55,55,56,56
20260726_164847_905931,1785081255159436,554012031,2,2,0,-49,128,0,14,14,14,14,14,14,14,14,14,15,15,15,15,15,15,16,15,15,16,16,15,15,15,15,13,13,0,0,0,0,0,0,0,0,0,0,0,9,8,9,9,10,10,10,11,11,11,11,11,11,11,11,11,12,12,12,12,13,13,13,13,14,14,0,56,56,56,56,54,58,57,56,57,57,57,57,58,59,58,62,61,60,63,61,61,60,58,56,54,54,51,52,0,0,0,0,0,0,0,29,30,32,35,36,37,39,41,42,42,43,45,45,43,45,46,45,47,46,48,49,51,51,51,53,53,55,55
20260726_164847_905931,1785081255260395,554112145,2,2,0,-48,128,0,14,14,14,14,13,13,13,13,13,13,13,13,13,14,14,14,14,15,15,14,14,14,13,13,13,13,0,0,0,0,0,0,0,0,0,0,0,9,9,10,10,10,11,11,11,11,11,11,11,12,12,12,12,12,12,13,13,13,14,14,14,14,14,0,55,55,54,55,53,54,52,51,52,55,56,55,54,54,56,56,58,56,58,56,58,56,55,54,51,51,49,48,0,0,0,0,0,0,0,33,35,36,36,41,41,45,43,45,45,45,47,46,47,47,47,47,48,48,49,50,49,52,53,54,53,57,57
20260726_164847_905931,1785081255362552,554212454,2,2,0,-48,128,0,13,14,14,14,13,14,13,13,13,13,13,14,13,14,14,14,14,14,14,14,14,14,13,13,13,12,0,0,0,0,0,0,0,0,0,0,0,9,10,11,11,11,11,12,12,13,13,12,12,13,12,13,13,13,14,13,13,13,14,14,13,14,14,0,55,55,53,54,52,51,51,51,51,52,53,53,52,53,53,55,53,54,53,54,53,52,51,48,49,49,45,45,0,0,0,0,0,0,0,33,36,37,38,41,43,43,46,47,48,48,49,48,49,49,48,50,50,51,50,50,52,53,54,54,53,55,56
20260726_164847_905931,1785081255472134,554321549,2,2,0,-49,128,0,14,13,13,14,13,14,14,13,13,14,13,14,14,14,14,14,14,14,14,14,14,13,13,13,13,13,0,0,0,0,0,0,0,0,0,0,0,9,9,9,10,10,11,11,12,11,12,11,12,12,12,12,12,12,12,12,13,13,13,13,13,14,14,0,56,56,57,56,53,54,54,53,53,55,58,54,54,55,56,57,57,57,57,58,58,55,53,52,52,51,48,48,0,0,0,0,0,0,0,34,33,34,38,40,40,42,43,44,44,44,46,48,47,48,45,47,48,49,51,49,50,53,54,54,55,57,55
20260726_164847_905931,1785081255563724,554415298,2,2,0,-49,128,0,13,14,13,14,14,13,13,13,13,14,14,14,14,14,14,14,15,14,14,15,15,14,14,14,13,13,0,0,0,0,0,0,0,0,0,0,0,9,10,10,11,12,11,13,12,13,13,13,13,12,12,12,13,13,13,13,13,13,13,13,14,15,13,0,57,57,55,54,53,53,52,53,53,55,55,54,54,56,55,57,56,57,58,58,59,56,56,56,53,53,50,50,0,0,0,0,0,0,0,32,35,39,39,41,43,45,47,49,47,50,50,49,50,50,49,49,50,51,50,52,52,54,56,53,55,56,55
20260726_164847_905931,1785081255660621,554512411,2,2,0,-49,128,0,14,14,14,13,13,14,14,14,13,13,14,14,14,14,14,14,15,15,15,14,15,14,14,14,13,13,0,0,0,0,0,0,0,0,0,0,0,10,11,12,13,12,12,13,13,14,14,13,14,13,13,13,14,13,14,14,14,14,14,14,14,14,14,0,55,55,54,51,54,51,53,51,52,52,53,51,50,53,55,54,55,55,55,54,55,53,51,51,50,49,47,48,0,0,0,0,0,0,0,36,39,42,43,44,45,47,50,50,49,53,53,49,52,50,50,51,50,52,49,52,55,52,56,53,57,55,56
20260726_164847_905931,1785081255763691,554612647,2,2,0,-48,128,0,15,15,15,14,14,14,14,14,14,14,14,13,13,14,14,13,14,13,14,14,14,13,13,13,12,12,0,0,0,0,0,0,0,0,0,0,0,10,11,11,12,11,12,12,13,14,14,13,14,13,13,13,14,14,15,15,15,15,15,15,15,15,15,0,59,60,54,56,54,57,52,52,52,54,55,52,53,52,54,52,55,54,55,54,52,52,52,50,48,47,46,44,0,0,0,0,0,0,0,35,38,40,40,43,43,47,48,50,50,51,53,53,53,54,52,52,55,53,56,55,56,58,56,58,57,60,59
20260726_164847_905931,1785081255861865,554713037,2,2,0,-48,128,0,14,14,14,14,14,13,13,13,13,13,14,13,13,14,14,14,14,14,14,14,14,14,13,13,13,13,0,0,0,0,0,0,0,0,0,0,0,11,11,11,12,13,13,13,14,14,13,13,13,13,13,13,13,13,13,14,14,14,14,14,15,14,15,0,56,53,54,52,54,50,52,52,50,52,51,51,52,53,52,56,54,55,54,52,54,53,50,50,50,49,45,47,0,0,0,0,0,0,0,35,37,40,43,42,47,47,48,49,50,51,50,50,51,51,50,53,51,54,50,53,51,53,53,52,53,53,55
20260726_164847_905931,1785081255963523,554813284,2,2,0,-48,128,0,14,14,14,14,13,12,13,13,13,13,13,13,13,13,13,13,13,13,13,13,13,13,12,13,13,13,0,0,0,0,0,0,0,0,0,0,0,11,11,12,12,13,13,13,14,13,13,14,14,14,13,13,13,13,13,13,15,15,14,15,15,15,14,0,54,53,52,51,51,50,49,48,50,50,50,49,47,50,50,50,53,50,51,50,51,49,49,47,47,45,43,42,0,0,0,0,0,0,0,37,39,40,42,43,47,49,49,52,52,53,53,52,51,51,53,50,51,51,51,53,52,55,53,55,54,56,52
20260726_164847_905931,1785081256072552,554924613,2,2,0,-50,128,0,14,13,13,13,13,13,13,12,12,13,13,13,14,13,13,14,13,14,14,15,15,14,14,14,13,13,0,0,0,0,0,0,0,0,0,0,0,9,10,11,11,12,12,12,13,13,13,13,13,13,13,13,13,13,13,13,14,14,14,14,14,14,14,0,55,51,49,49,51,49,50,48,49,49,52,49,50,54,55,55,56,57,56,56,54,53,52,50,51,51,47,48,0,0,0,0,0,0,0,33,36,41,39,43,41,46,48,48,50,48,50,49,51,49,50,50,51,51,50,52,53,53,52,53,54,53,52
20260726_164847_905931,1785081256185393,555037417,2,2,0,-51,128,0,14,14,14,14,14,14,14,14,14,14,14,14,14,14,14,15,15,14,15,15,15,14,14,14,14,13,0,0,0,0,0,0,0,0,0,0,0,11,12,12,13,13,13,14,14,14,14,14,14,14,14,14,14,14,14,14,14,14,15,15,14,15,15,0,53,55,53,53,50,52,51,51,51,53,53,52,52,53,55,55,56,55,56,55,54,53,52,52,52,48,48,46,0,0,0,0,0,0,0,40,40,43,44,46,48,50,51,52,53,54,53,52,52,52,53,51,54,52,53,53,54,55,55,57,56,56,55
20260726_164847_905931,1785081256264312,555116958,2,2,0,-50,128,0,14,14,14,13,13,13,13,13,12,13,13,13,13,13,13,13,13,13,14,13,14,13,13,13,13,12,0,0,0,0,0,0,0,0,0,0,0,10,11,11,11,12,12,13,13,13,13,14,13,14,13,14,14,15,15,15,14,14,14,16,14,14,14,0,55,53,53,54,53,51,51,49,49,51,50,50,50,50,52,54,53,53,54,54,53,51,51,49,50,48,47,46,0,0,0,0,0,0,0,36,38,39,42,43,46,48,49,52,52,52,51,54,53,53,52,53,54,53,54,55,57,55,55,57,56,57,54
20260726_164847_905931,1785081256367314,555216326,2,2,0,-47,128,0,15,15,15,14,14,14,14,14,14,13,14,14,14,14,15,15,15,15,15,14,14,14,13,13,13,13,0,0,0,0,0,0,0,0,0,0,0,10,11,11,12,13,13,13,13,14,14,14,14,14,14,14,14,14,14,15,14,15,15,15,16,16,16,0,58,57,57,55,55,54,54,52,52,52,52,53,52,54,51,55,53,54,53,53,51,51,49,49,47,46,42,45,0,0,0,0,0,0,0,33,37,39,41,41,44,45,49,49,50,52,51,52,52,52,52,52,52,54,54,55,57,56,57,57,57,59,58
20260726_164847_905931,1785081256463858,555316468,2,2,0,-48,128,0,16,15,15,15,14,14,14,14,14,15,15,15,15,14,16,16,15,15,16,16,16,15,15,15,14,14,0,0,0,0,0,0,0,0,0,0,0,11,13,13,13,14,14,14,15,15,15,16,16,16,15,15,15,16,15,15,16,16,16,16,16,16,16,0,55,53,54,55,51,52,53,55,54,52,54,53,53,54,55,55,56,55,56,55,55,54,52,51,51,50,46,47,0,0,0,0,0,0,0,36,38,41,43,45,45,48,50,50,52,52,53,52,54,53,55,53,50,55,52,54,55,54,52,54,54,56,55
20260726_164847_905931,1785081256576649,555427342,2,2,0,-49,128,0,15,15,15,14,15,14,14,14,14,14,14,15,15,15,15,16,16,16,16,16,16,16,15,15,15,15,0,0,0,0,0,0,0,0,0,0,0,10,11,11,12,12,12,12,13,13,13,13,12,12,12,12,12,13,12,13,13,13,13,13,15,15,15,0,53,53,54,53,54,53,54,52,53,54,55,55,57,56,56,59,58,60,60,61,60,55,56,56,55,55,50,50,0,0,0,0,0,0,0,37,38,40,43,42,42,45,45,48,49,47,46,46,46,48,47,46,45,45,47,47,49,49,51,48,52,52,52
20260726_164847_905931,1785081256662125,555514501,2,2,0,-50,128,0,13,13,13,13,13,13,14,13,13,14,14,14,14,14,15,14,15,15,15,15,15,14,14,14,14,13,0,0,0,0,0,0,0,0,0,0,0,9,9,10,9,10,10,10,11,11,11,11,11,11,11,11,11,12,12,12,12,13,13,13,13,13,14,0,55,55,54,55,55,54,53,54,54,55,57,55,54,56,59,60,60,61,60,60,59,57,57,56,55,51,51,50,0,0,0,0,0,0,0,33,33,34,37,39,41,42,42,44,44,44,44,47,45,45,46,45,46,47,48,50,50,51,51,53,54,54,55
20260726_164847_905931,1785081256762849,555611854,2,2,0,-48,128,0,14,14,14,14,14,14,14,14,14,14,14,14,14,15,15,15,15,15,15,15,15,15,14,14,13,13,0,0,0,0,0,0,0,0,0,0,0,7,8,8,9,9,9,9,10,10,10,10,10,10,11,11,11,11,11,12,12,12,13,13,14,14,14,0,57,56,56,55,56,55,55,54,56,55,57,57,58,60,60,60,62,61,61,61,60,58,56,56,54,54,49,50,0,0,0,0,0,0,0,28,28,30,32,35,37,37,37,38,40,42,39,41,41,43,44,44,45,44,46,48,48,50,53,51,52,54,56
20260726_164847_905931,1785081256859231,555713356,2,2,0,-48,128,0,15,15,15,15,15,15,15,15,15,15,16,16,16,16,16,16,17,16,16,16,16,15,15,15,14,14,0,0,0,0,0,0,0,0,0,0,0,9,10,10,10,11,11,11,12,12,12,12,12,13,12,13,13,13,13,13,14,14,14,14,15,15,15,0,57,57,56,56,55,55,56,56,55,56,58,57,57,59,59,61,62,62,61,60,60,59,56,56,55,52,49,50,0,0,0,0,0,0,0,30,33,34,35,37,37,40,40,42,42,44,44,44,44,45,45,47,46,46,48,49,51,52,53,52,53,55,55
20260726_164847_905931,1785081256961651,555813088,2,2,0,-48,128,0,15,15,16,15,15,15,15,15,15,15,15,15,15,15,16,16,16,16,16,16,16,15,15,15,14,14,0,0,0,0,0,0,0,0,0,0,0,9,9,9,10,11,11,11,12,12,12,13,12,13,13,13,13,14,13,14,14,14,15,15,15,15,15,0,56,56,57,53,55,54,53,55,53,56,56,56,56,58,57,59,58,58,59,60,58,58,56,52,51,51,50,48,0,0,0,0,0,0,0,28,30,32,32,35,38,39,41,43,44,44,47,46,47,47,48,49,48,50,50,52,53,54,55,54,56,55,55
20260726_164847_905931,1785081257064638,555915741,2,2,0,-50,128,0,14,14,14,14,14,14,14,14,15,15,15,14,15,14,15,15,16,15,16,16,15,15,14,14,13,12,0,0,0,0,0,0,0,0,0,0,0,9,9,9,10,10,9,11,11,12,11,11,12,13,12,12,13,14,14,13,14,14,14,14,14,14,14,0,55,56,54,56,56,55,54,55,52,57,56,56,53,55,58,57,57,58,57,58,58,56,54,50,51,51,50,47,0,0,0,0,0,0,0,27,31,30,32,35,36,38,40,40,41,42,43,44,45,45,46,45,49,49,48,51,51,53,55,53,56,56,55
20260726_164847_905931,1785081257160926,556014169,2,2,0,-51,128,0,15,15,15,15,14,15,15,15,15,16,16,15,15,16,16,16,16,16,16,16,16,15,15,15,13,14,0,0,0,0,0,0,0,0,0,0,0,11,12,12,13,14,13,14,13,13,13,13,13,13,13,13,13,14,14,14,14,14,14,14,15,15,14,0,52,52,55,53,53,54,54,52,54,56,56,55,54,57,55,57,57,58,59,57,55,53,52,52,50,50,45,46,0,0,0,0,0,0,0,38,40,41,43,43,47,46,48,50,49,50,49,49,48,48,47,48,48,49,47,52,49,51,51,52,53,52,56
20260726_164847_905931,1785081257262735,556114543,2,2,0,-51,128,0,15,15,15,15,15,15,15,15,15,15,15,15,14,16,16,16,16,16,16,16,16,15,15,14,14,14,0,0,0,0,0,0,0,0,0,0,0,11,12,12,13,13,13,13,13,14,13,14,13,13,13,13,13,13,13,14,14,14,14,14,15,15,15,0,56,54,56,54,54,53,52,53,51,54,56,55,54,56,55,59,56,60,58,57,56,54,53,53,51,51,47,47,0,0,0,0,0,0,0,37,39,40,42,43,47,46,49,49,50,50,48,49,49,48,48,47,48,49,47,51,51,52,51,52,53,54,55
20260726_164847_905931,1785081257359784,556212435,2,2,0,-49,128,0,14,14,14,14,14,14,14,14,14,14,14,14,14,14,15,15,15,15,15,15,14,14,14,13,13,12,0,0,0,0,0,0,0,0,0,0,0,8,8,9,10,10,10,11,11,11,11,11,11,11,11,11,12,12,12,12,12,13,13,13,14,14,14,0,56,55,56,58,55,54,55,56,55,56,56,55,56,57,58,58,59,58,58,59,57,54,53,51,50,49,46,45,0,0,0,0,0,0,0,30,31,33,34,35,38,38,40,41,42,43,44,44,42,43,43,46,45,46,48,47,47,50,49,51,50,51,53
20260726_164847_905931,1785081257462973,556317190,2,2,0,-49,128,0,16,16,16,15,15,15,14,15,15,15,15,14,14,15,15,16,15,15,16,16,16,14,14,14,13,13,0,0,0,0,0,0,0,0,0,0,0,9,10,10,11,11,11,11,12,12,14,13,13,13,14,13,14,14,14,14,14,15,15,15,16,16,15,0,56,57,58,58,57,55,55,57,55,57,57,57,55,57,57,59,57,60,58,56,57,52,53,52,49,51,46,45,0,0,0,0,0,0,0,32,35,35,37,39,40,41,44,45,47,47,48,48,49,49,49,50,51,52,51,52,53,55,54,56,58,56,55
20260726_164847_905931,1785081257560083,556412752,2,2,0,-48,128,0,15,15,15,15,15,15,14,14,14,15,14,14,14,14,14,15,14,14,15,15,15,14,14,13,13,12,0,0,0,0,0,0,0,0,0,0,0,9,9,9,9,10,10,10,11,11,11,11,12,12,12,12,12,13,13,13,13,13,14,14,15,16,16,0,56,58,59,59,57,57,55,56,55,54,57,55,57,57,56,57,59,58,58,58,57,55,51,52,51,50,45,45,0,0,0,0,0,0,0,27,30,32,35,35,37,38,40,41,43,44,43,46,45,45,47,48,46,48,48,51,52,54,55,56,55,58,57
20260726_164847_905931,1785081257662607,556517398,2,2,0,-48,128,0,14,14,14,14,14,14,14,14,14,14,14,13,13,14,15,15,14,15,15,15,14,14,13,14,13,13,0,0,0,0,0,0,0,0,0,0,0,8,8,9,9,10,9,11,10,11,11,11,12,11,11,11,12,13,12,13,13,13,13,14,13,14,14,0,57,55,55,58,54,55,57,55,56,58,55,55,57,57,57,57,59,58,57,58,58,56,54,52,51,50,47,46,0,0,0,0,0,0,0,30,31,34,34,36,39,40,39,42,44,43,45,44,45,46,46,47,48,48,50,51,52,52,53,54,54,54,54
20260726_164847_905931,1785081257759326,556612999,2,2,0,-47,128,0,15,14,14,14,14,13,13,13,13,13,14,13,13,14,14,14,14,14,14,14,14,13,13,13,12,12,0,0,0,0,0,0,0,0,0,0,0,10,10,10,11,11,11,12,12,12,13,12,12,13,13,13,14,14,14,14,14,14,14,15,14,15,15,0,57,53,56,52,54,52,51,49,52,53,53,52,52,55,53,55,54,54,55,54,53,50,49,48,47,46,43,43,0,0,0,0,0,0,0,32,35,35,39,38,42,43,46,47,47,48,48,49,49,49,49,49,50,52,50,51,52,53,53,54,55,56,55
20260726_164847_905931,1785081257863135,556714752,2,2,0,-47,128,0,14,14,14,15,14,14,14,14,15,15,15,15,15,15,16,16,16,16,16,16,15,15,15,14,14,13,0,0,0,0,0,0,0,0,0,0,0,10,10,11,11,11,12,12,12,12,12,12,12,12,12,12,13,13,13,13,13,13,13,14,14,14,14,0,54,58,58,56,56,57,55,56,56,58,57,57,57,58,60,61,59,60,60,61,59,58,57,56,53,53,51,50,0,0,0,0,0,0,0,34,38,37,41,41,43,45,45,47,46,47,48,48,46,47,47,45,49,49,50,50,52,51,53,54,55,55,55
20260726_164847_905931,1785081257964695,556816878,2,2,0,-48,128,0,13,14,14,14,13,15,14,14,13,14,15,14,14,14,14,16,16,15,15,15,15,15,14,13,13,13,0,0,0,0,0,0,0,0,0,0,0,9,9,9,9,9,10,10,11,11,11,11,11,11,11,11,11,11,11,13,12,12,13,13,14,14,14,0,55,53,53,53,53,53,54,52,55,57,55,56,55,58,58,59,60,60,60,60,59,58,56,55,53,55,49,48,0,0,0,0,0,0,0,27,31,32,35,35,39,40,40,41,43,43,42,43,43,44,44,44,44,45,46,47,46,50,50,49,53,52,53
20260726_164847_905931,1785081258073729,556924783,2,2,0,-48,128,0,14,16,15,15,14,15,15,15,14,15,15,14,14,14,16,16,16,16,16,16,16,15,15,14,14,13,0,0,0,0,0,0,0,0,0,0,0,11,11,11,12,12,13,14,13,14,14,14,14,13,13,13,14,14,14,14,14,14,14,14,15,15,15,0,53,55,55,52,55,55,54,52,54,53,56,56,54,55,55,59,56,59,59,58,57,54,53,51,52,50,46,47,0,0,0,0,0,0,0,34,36,37,41,42,45,45,46,47,49,47,48,50,49,49,47,48,48,51,47,53,51,51,53,53,54,55,55
20260726_164847_905931,1785081258170279,557021810,2,2,0,-48,128,0,15,15,15,15,15,14,14,14,14,15,15,14,14,14,15,15,15,15,16,15,15,14,14,14,13,13,0,0,0,0,0,0,0,0,0,0,0,9,9,11,11,11,11,12,13,13,13,13,13,13,13,12,13,13,13,13,13,14,14,14,15,15,15,0,57,55,56,55,56,55,54,55,56,56,55,55,57,57,56,59,57,59,57,58,58,55,54,52,52,51,46,48,0,0,0,0,0,0,0,31,33,35,37,38,40,40,43,44,45,47,46,48,48,49,50,49,49,52,50,50,52,53,55,53,53,55,52
20260726_164847_905931,1785081258265670,557119296,2,2,0,-48,128,0,14,15,15,15,15,14,14,14,14,14,15,14,14,15,15,16,16,15,15,15,15,14,14,14,14,13,0,0,0,0,0,0,0,0,0,0,0,9,9,9,10,11,11,11,12,12,12,12,12,13,12,13,12,13,13,13,13,14,14,14,14,14,14,0,55,55,57,56,56,55,55,55,52,55,57,54,55,54,57,56,59,59,59,58,57,55,55,52,51,48,49,49,0,0,0,0,0,0,0,33,33,34,36,38,39,42,44,45,44,45,48,46,46,48,47,48,49,49,50,51,52,52,51,54,55,56,54
20260726_164847_905931,1785081258367026,557220493,2,2,0,-48,128,0,14,16,15,15,15,15,14,14,14,14,15,14,14,15,15,15,15,15,15,14,14,14,15,14,13,13,0,0,0,0,0,0,0,0,0,0,0,9,10,10,11,11,12,12,13,13,13,13,13,13,13,13,13,14,14,14,14,14,14,14,14,14,15,0,55,59,55,57,58,56,54,53,55,53,57,55,54,57,58,56,57,59,57,57,55,55,54,51,51,49,47,47,0,0,0,0,0,0,0,32,34,37,37,38,42,42,44,45,46,47,48,47,48,48,49,49,49,49,50,52,51,53,54,54,54,55,53
20260726_164847_905931,1785081258464990,557317285,2,2,0,-47,128,0,14,14,14,14,14,15,15,14,15,15,15,14,14,15,15,15,15,15,15,14,16,14,14,14,13,13,0,0,0,0,0,0,0,0,0,0,0,10,11,11,12,12,12,13,13,13,13,13,13,13,12,13,13,13,13,14,14,14,14,14,14,14,15,0,56,56,55,55,54,55,54,53,54,57,55,54,55,56,56,56,58,56,58,56,57,53,51,51,50,48,47,46,0,0,0,0,0,0,0,34,37,37,39,42,42,45,46,48,48,48,49,47,47,48,47,47,48,49,50,48,52,52,52,55,54,55,55
20260726_164847_905931,1785081258571341,557422537,2,2,0,-48,128,0,14,15,15,14,14,15,15,14,14,14,15,14,14,14,14,15,14,15,15,15,14,14,14,14,14,12,0,0,0,0,0,0,0,0,0,0,0,11,11,12,12,13,13,13,14,13,14,14,13,13,13,13,13,13,13,14,14,14,14,14,14,15,15,0,55,55,55,53,53,52,54,52,53,54,54,56,55,56,56,56,58,59,56,56,55,53,53,51,49,49,46,44,0,0,0,0,0,0,0,36,38,39,42,43,45,46,48,49,50,50,51,49,50,50,49,49,51,49,50,51,51,51,53,52,52,52,52
20260726_164847_905931,1785081258667555,557518994,2,2,0,-48,128,0,15,14,15,15,15,14,14,14,14,15,15,15,15,16,15,16,16,16,16,16,16,16,15,15,14,14,0,0,0,0,0,0,0,0,0,0,0,10,11,11,12,12,12,12,13,12,13,13,13,13,13,13,13,13,13,14,14,14,14,14,14,15,14,0,54,56,55,54,55,55,53,55,54,57,57,56,58,56,58,59,59,59,60,59,60,57,55,54,53,51,50,49,0,0,0,0,0,0,0,33,36,36,39,41,42,43,46,46,46,47,47,45,46,49,48,48,47,48,49,50,50,53,52,52,53,54,54
20260726_164847_905931,1785081258774570,557626882,2,2,0,-48,128,0,15,14,14,14,15,15,14,14,13,15,15,15,14,15,15,15,15,15,16,15,15,15,15,14,14,13,0,0,0,0,0,0,0,0,0,0,0,9,9,10,11,11,12,12,12,12,12,12,12,13,12,12,12,13,13,13,14,13,13,14,14,15,15,0,58,57,57,54,54,56,53,51,52,54,54,55,55,56,55,55,60,60,59,55,56,55,56,53,51,50,49,48,0,0,0,0,0,0,0,31,34,36,37,39,40,42,44,44,44,46,47,48,47,47,45,47,47,46,49,48,51,52,53,52,54,58,52
20260726_164847_905931,1785081258865059,557719077,2,2,0,-48,128,0,16,15,16,14,14,15,14,14,14,14,14,14,14,15,15,15,15,15,15,15,15,14,13,14,13,13,0,0,0,0,0,0,0,0,0,0,0,10,10,10,11,12,12,13,13,13,13,13,14,13,13,13,13,14,13,13,14,15,15,15,15,16,16,0,58,57,57,57,54,55,53,54,51,57,55,53,54,54,56,55,56,56,56,58,54,54,54,51,50,49,48,46,0,0,0,0,0,0,0,33,36,38,40,41,45,45,48,48,48,49,52,50,51,51,50,51,52,50,54,54,54,54,56,57,57,58,57
20260726_164847_905931,1785081258972724,557821730,2,2,0,-48,128,0,13,13,13,14,13,13,13,13,13,13,14,13,13,14,14,14,14,14,14,14,14,13,13,13,13,12,0,0,0,0,0,0,0,0,0,0,0,9,10,11,11,11,11,11,12,12,12,12,12,11,12,11,12,12,13,12,13,13,13,13,14,13,14,0,54,52,52,52,54,51,52,52,51,53,52,52,52,53,54,55,54,56,55,54,54,51,50,50,48,47,45,44,0,0,0,0,0,0,0,34,36,36,38,40,43,44,44,48,47,47,47,48,46,46,46,48,48,48,48,50,49,51,51,53,53,52,54
20260726_164847_905931,1785081259058648,557912149,2,2,0,-48,128,0,14,14,14,14,14,13,13,13,13,14,14,14,13,14,14,14,14,14,14,14,14,13,12,13,12,12,0,0,0,0,0,0,0,0,0,0,0,10,11,11,12,11,12,13,13,13,13,14,13,13,13,13,13,13,14,14,14,14,14,15,14,14,15,0,56,57,53,55,52,54,53,52,54,54,54,53,52,54,55,55,54,54,56,53,54,51,49,48,47,48,43,44,0,0,0,0,0,0,0,35,37,38,41,45,44,46,45,51,50,50,51,50,51,52,51,51,52,51,53,52,53,56,56,57,58,58,57
20260726_164847_905931,1785081259166897,558017536,2,2,0,-48,128,0,13,15,15,14,14,14,14,14,14,14,14,14,14,14,15,15,14,15,15,14,13,13,13,13,13,12,0,0,0,0,0,0,0,0,0,0,0,9,10,11,11,12,13,12,12,13,13,13,12,13,14,14,13,13,14,13,14,15,16,13,15,15,16,0,55,57,57,56,55,55,54,54,53,55,54,54,53,54,56,55,56,55,56,54,53,53,52,49,48,45,45,45,0,0,0,0,0,0,0,34,37,37,38,40,41,44,45,46,47,49,50,48,49,49,49,49,49,52,53,53,55,56,56,58,56,57,57
20260726_164847_905931,1785081259257971,558112202,2,2,0,-48,128,0,14,14,14,14,14,13,13,13,13,13,14,13,13,14,14,14,14,14,14,14,14,13,13,13,12,12,0,0,0,0,0,0,0,0,0,0,0,9,10,10,11,11,12,12,13,12,12,13,13,12,12,12,13,13,13,13,13,14,14,14,14,14,14,0,57,54,53,53,53,54,52,51,52,51,54,51,50,54,54,54,53,55,54,55,53,53,51,50,48,48,45,45,0,0,0,0,0,0,0,33,35,37,39,40,43,44,47,47,49,49,50,51,50,50,50,52,50,51,52,53,54,53,54,55,54,55,56
20260726_164847_905931,1785081259360489,558212654,2,2,0,-48,128,0,15,15,15,15,15,15,15,14,14,15,15,15,15,15,15,16,16,16,16,16,16,15,15,14,14,14,0,0,0,0,0,0,0,0,0,0,0,10,10,11,11,11,12,13,13,13,13,13,13,13,13,14,14,14,14,15,15,15,15,15,16,15,15,0,56,56,54,55,54,54,55,53,55,57,55,55,54,55,57,57,59,58,59,56,57,56,54,53,52,51,49,48,0,0,0,0,0,0,0,33,36,36,36,40,42,43,44,46,46,47,47,46,48,48,48,47,50,48,51,50,53,53,54,52,56,55,53
20260726_164847_905931,1785081259468533,558321152,2,2,0,-49,128,0,15,15,15,14,15,14,14,14,15,15,14,14,15,15,15,16,16,15,16,15,16,14,15,13,13,13,0,0,0,0,0,0,0,0,0,0,0,10,10,11,11,11,12,12,13,12,12,12,13,12,12,13,13,13,13,13,14,14,14,14,14,16,15,0,55,56,56,54,55,55,54,53,53,54,55,56,55,58,56,56,58,57,59,58,57,57,54,54,53,52,47,48,0,0,0,0,0,0,0,33,35,36,38,40,41,43,45,44,47,46,48,47,47,48,49,47,48,49,49,50,53,53,56,54,57,55,56
20260726_164847_905931,1785081259565057,558414981,2,2,0,-48,128,0,15,15,15,15,15,15,15,14,15,15,15,15,15,16,15,15,15,15,15,15,15,15,14,14,14,14,0,0,0,0,0,0,0,0,0,0,0,10,11,11,12,12,13,12,13,13,13,13,13,13,13,14,13,14,14,14,14,14,15,15,15,15,15,0,57,56,55,56,55,53,54,54,54,56,54,54,54,56,57,56,59,57,58,57,56,54,53,51,50,49,45,46,0,0,0,0,0,0,0,35,35,37,37,40,43,44,45,46,48,47,49,49,49,50,50,50,50,51,52,51,53,53,56,53,55,57,55
20260726_164847_905931,1785081259663467,558512226,2,2,0,-48,128,0,14,14,14,14,14,14,14,14,14,13,13,13,13,14,14,14,14,14,14,14,14,14,13,13,12,13,0,0,0,0,0,0,0,0,0,0,0,10,10,11,12,12,12,12,13,13,13,13,13,13,13,13,13,13,13,13,13,13,14,14,14,14,14,0,56,54,54,52,53,52,52,52,53,53,51,54,53,54,55,54,55,55,56,55,56,55,52,50,50,51,46,46,0,0,0,0,0,0,0,35,37,40,42,42,44,46,46,48,49,51,48,50,48,48,48,47,50,48,51,49,51,52,53,56,54,54,55
20260726_164847_905931,1785081259759385,558612229,2,2,0,-48,128,0,14,14,14,14,14,14,14,13,13,13,14,13,13,13,14,14,14,14,14,14,14,13,13,13,13,13,0,0,0,0,0,0,0,0,0,0,0,9,9,10,11,11,11,11,12,12,12,12,12,12,12,12,12,13,12,13,13,13,13,14,14,15,15,0,56,54,53,53,52,54,51,51,52,53,54,54,54,54,56,54,56,54,54,55,54,52,51,51,49,48,45,45,0,0,0,0,0,0,0,32,34,36,38,40,41,43,44,46,47,46,48,46,49,47,48,47,48,48,51,52,51,52,51,54,53,54,55
20260726_164847_905931,1785081259901700,558751722,2,2,0,-49,128,0,15,15,14,14,13,13,13,13,13,14,13,13,13,14,14,14,14,14,14,14,14,13,13,13,12,12,0,0,0,0,0,0,0,0,0,0,0,10,10,11,11,11,12,12,13,13,13,13,13,13,13,13,14,13,13,13,14,14,15,15,15,15,14,0,55,55,54,52,53,54,53,53,51,55,54,53,52,53,55,54,55,54,55,54,55,51,52,51,48,47,45,48,0,0,0,0,0,0,0,35,37,38,40,44,45,45,46,49,49,50,52,52,49,50,49,51,52,52,52,53,55,55,54,55,56,56,56
20260726_164847_905931,1785081259975964,558828894,2,2,0,-49,128,0,15,14,15,15,15,15,15,15,15,15,15,14,14,16,16,16,15,16,16,16,16,15,14,14,15,15,0,0,0,0,0,0,0,0,0,0,0,11,12,12,12,13,13,14,14,14,14,14,14,14,14,14,14,14,14,14,14,15,15,15,15,15,15,0,55,56,54,53,55,54,53,53,53,54,56,52,54,55,54,58,57,62,59,55,56,54,54,55,51,54,49,51,0,0,0,0,0,0,0,35,38,38,41,42,46,45,50,49,48,48,47,51,50,48,48,49,49,52,49,52,53,52,54,53,54,54,56
20260726_164847_905931,1785081260067353,558917351,2,2,0,-49,128,0,15,15,14,14,14,14,14,14,14,15,15,14,14,15,16,16,16,16,16,16,16,16,15,15,14,14,0,0,0,0,0,0,0,0,0,0,0,11,11,12,12,12,13,13,13,13,13,13,13,13,13,13,13,13,13,13,14,14,15,15,15,15,14,0,56,54,53,54,52,54,53,54,54,57,56,55,55,56,59,58,59,57,60,59,60,57,58,56,55,54,53,52,0,0,0,0,0,0,0,36,40,39,40,45,43,48,46,48,49,49,51,49,51,49,49,47,51,49,50,49,51,53,52,54,55,53,54
20260726_164847_905931,1785081260159269,559011929,2,2,0,-50,128,0,14,15,15,15,15,14,14,14,14,15,15,15,14,15,16,16,15,16,16,16,16,15,15,15,14,14,0,0,0,0,0,0,0,0,0,0,0,11,11,12,12,12,13,14,13,13,13,13,13,13,13,13,13,13,14,14,14,14,14,14,14,14,14,0,55,55,55,55,54,55,52,54,54,57,56,55,55,59,59,59,60,62,62,60,57,56,58,57,55,53,51,49,0,0,0,0,0,0,0,37,38,40,41,43,46,48,48,48,51,50,50,48,48,48,48,48,50,49,52,51,52,52,54,54,54,54,55
20260726_164847_905931,1785081260266626,559117766,2,2,0,-49,128,0,15,15,15,15,14,14,14,14,14,14,14,14,14,15,15,15,15,16,16,14,14,15,14,14,14,14,0,0,0,0,0,0,0,0,0,0,0,9,10,9,10,10,11,11,11,11,11,12,12,12,12,12,11,12,12,12,13,13,13,13,14,15,14,0,55,56,55,56,54,54,52,55,53,56,55,55,57,56,55,57,60,58,59,58,58,58,56,53,54,52,50,49,0,0,0,0,0,0,0,33,34,37,36,39,41,42,43,43,44,44,46,44,44,45,46,46,46,47,49,50,51,51,52,55,53,55,56
20260726_164847_905931,1785081260362975,559215761,2,2,0,-49,128,0,15,15,15,15,14,15,15,15,15,15,15,15,14,15,15,15,15,15,16,15,15,16,14,14,14,14,0,0,0,0,0,0,0,0,0,0,0,10,10,10,11,12,12,12,13,13,13,13,13,13,13,13,13,13,13,13,13,13,14,14,14,14,14,0,56,54,56,53,55,53,54,52,54,54,55,55,55,57,53,59,56,57,57,57,57,56,53,52,55,53,46,48,0,0,0,0,0,0,0,31,34,37,38,39,43,41,44,45,46,49,46,48,47,48,47,48,48,51,48,50,52,51,53,53,52,53,54
20260726_164847_905931,1785081260464730,559314441,2,2,0,-48,128,0,14,14,14,14,14,14,14,14,14,14,14,14,15,15,15,16,15,15,15,15,15,14,14,13,13,13,0,0,0,0,0,0,0,0,0,0,0,9,9,10,10,11,11,12,12,12,12,12,12,12,12,12,13,13,13,13,13,13,13,14,14,14,14,0,55,56,55,56,54,55,52,53,53,56,55,55,53,56,57,57,58,58,58,56,56,54,52,51,51,48,46,47,0,0,0,0,0,0,0,30,33,35,37,39,41,42,45,45,46,45,45,47,45,47,45,46,48,48,50,49,51,51,51,54,54,55,55
20260726_164847_905931,1785081260562362,559414804,2,2,0,-47,128,0,15,14,13,13,13,13,13,13,13,13,13,13,14,14,14,14,14,14,14,14,14,13,13,13,13,12,0,0,0,0,0,0,0,0,0,0,0,8,9,9,10,11,11,11,11,12,12,11,11,12,12,12,13,13,13,13,13,13,13,14,14,15,14,0,54,57,54,57,55,53,52,52,54,54,54,52,54,55,55,54,56,55,56,55,52,51,50,49,47,47,45,44,0,0,0,0,0,0,0,32,32,32,36,38,38,43,42,44,44,47,49,47,47,48,48,48,50,49,51,51,54,54,53,57,55,57,56
20260726_164847_905931,1785081260664275,559514722,2,2,0,-48,128,0,14,14,14,14,14,14,14,15,14,14,14,14,14,15,15,15,15,15,15,15,15,14,14,14,14,12,0,0,0,0,0,0,0,0,0,0,0,9,9,9,10,10,11,11,12,12,12,12,12,12,12,12,12,12,12,13,13,13,14,13,14,14,14,0,55,54,55,55,54,53,54,54,54,57,54,56,55,56,57,57,57,56,58,58,57,55,52,52,51,49,47,45,0,0,0,0,0,0,0,33,34,34,37,38,43,42,42,45,45,46,45,45,46,46,46,46,47,49,48,50,51,51,52,52,53,55,55
20260726_164847_905931,1785081260767761,559621128,2,2,0,-48,128,0,14,15,15,15,14,14,14,14,15,15,15,15,15,15,16,16,16,15,16,16,15,15,15,14,14,14,0,0,0,0,0,0,0,0,0,0,0,11,11,12,12,12,13,13,13,13,13,13,13,13,12,12,13,13,13,13,14,14,14,14,14,15,15,0,55,55,55,56,55,55,55,54,56,58,57,55,57,57,59,60,61,60,61,60,59,58,57,54,54,52,50,48,0,0,0,0,0,0,0,36,38,39,41,42,44,47,45,49,50,49,49,50,51,48,48,45,49,50,49,48,50,51,52,54,53,55,54
20260726_164847_905931,1785081260860062,559712641,2,2,0,-47,128,0,15,15,15,15,15,14,14,14,14,14,14,14,13,15,15,15,16,15,14,14,14,14,13,13,13,13,0,0,0,0,0,0,0,0,0,0,0,10,11,11,12,13,13,14,14,14,14,14,14,14,14,14,14,14,14,15,15,14,15,15,15,15,15,0,56,55,55,53,52,52,53,51,51,53,52,52,51,53,52,53,54,53,55,54,52,51,50,50,47,47,45,43,0,0,0,0,0,0,0,35,39,40,41,43,45,47,49,49,51,51,51,50,50,52,52,52,51,52,52,53,55,55,56,54,56,56,57
20260726_164847_905931,1785081260960991,559815276,2,2,0,-48,128,0,14,14,13,14,14,14,14,14,13,13,14,13,13,13,14,13,14,14,13,14,14,13,13,13,12,12,0,0,0,0,0,0,0,0,0,0,0,10,10,12,12,12,13,13,13,13,13,13,13,13,13,13,13,13,13,13,13,13,13,14,14,14,15,0,55,54,53,53,52,52,51,49,51,52,51,51,51,52,53,53,53,54,54,55,52,50,50,49,47,46,42,40,0,0,0,0,0,0,0,35,38,39,41,44,47,47,48,50,50,52,51,50,51,50,50,48,50,48,50,52,53,52,54,52,55,52,55
20260726_164847_905931,1785081261063824,559913501,2,2,0,-48,128,0,14,14,14,14,14,14,13,13,13,14,14,14,14,14,14,14,14,14,15,15,15,14,14,13,13,13,0,0,0,0,0,0,0,0,0,0,0,9,9,9,10,11,11,11,11,11,11,12,11,12,11,12,12,12,12,12,13,12,13,13,14,13,13,0,58,56,57,56,55,54,54,56,55,56,57,55,56,57,57,58,58,58,59,57,57,55,55,52,52,49,48,46,0,0,0,0,0,0,0,32,34,34,37,39,40,42,44,43,46,47,46,46,47,46,44,48,46,48,48,50,51,51,52,54,54,54,56
20260726_164847_905931,1785081261160231,560012632,2,2,0,-48,128,0,14,14,14,14,14,14,14,14,14,15,15,14,14,14,15,15,15,15,15,15,14,14,15,13,13,13,0,0,0,0,0,0,0,0,0,0,0,11,11,12,12,13,13,14,14,14,13,13,13,13,13,13,13,13,13,13,13,14,14,15,14,14,14,0,56,55,55,53,52,54,51,51,53,55,54,54,53,56,54,59,57,58,57,55,56,52,52,51,50,48,45,47,0,0,0,0,0,0,0,36,40,43,44,46,48,48,51,51,52,53,52,52,52,50,50,52,50,52,50,52,52,53,54,54,55,55,54
20260726_164847_905931,1785081261260906,560112325,2,2,0,-48,128,0,14,15,14,15,14,15,14,14,15,15,16,15,15,16,16,16,16,16,16,16,16,16,16,14,14,14,0,0,0,0,0,0,0,0,0,0,0,10,10,11,11,12,12,12,13,12,12,12,12,12,12,12,13,13,13,13,13,13,14,14,14,14,14,0,54,56,55,55,54,53,55,56,55,58,58,56,55,55,60,62,62,61,59,57,59,56,56,55,55,53,49,47,0,0,0,0,0,0,0,36,36,39,39,41,43,44,43,46,46,48,46,47,46,45,44,45,48,47,46,46,46,50,51,52,53,54,54
20260726_164847_905931,1785081261361216,560211963,2,2,0,-48,128,0,14,14,15,15,15,14,14,14,14,15,15,14,14,14,14,14,15,15,15,15,14,14,14,14,13,13,0,0,0,0,0,0,0,0,0,0,0,9,10,10,11,11,11,11,12,12,12,12,12,12,12,12,12,12,12,13,13,13,13,13,14,14,14,0,54,55,54,54,53,54,55,53,53,55,55,54,54,56,56,57,57,55,59,57,54,54,53,52,49,49,47,45,0,0,0,0,0,0,0,33,34,34,38,39,41,42,41,43,45,47,47,46,46,47,47,46,47,46,48,49,50,50,51,53,54,56,52
20260726_164847_905931,1785081261463245,560312252,2,2,0,-48,128,0,14,14,14,14,14,14,14,13,13,14,15,14,14,14,14,15,15,15,15,15,15,15,14,14,13,13,0,0,0,0,0,0,0,0,0,0,0,10,11,11,13,12,12,13,13,13,13,13,13,13,13,13,13,13,12,13,13,13,13,13,13,14,14,0,53,51,50,52,52,50,51,51,52,54,53,51,53,55,54,55,57,57,57,56,55,54,54,53,50,50,47,47,0,0,0,0,0,0,0,36,38,39,42,43,44,47,46,48,48,49,50,50,47,49,48,50,50,48,50,49,50,50,50,52,52,52,52
20260726_164847_905931,1785081261557527,560412089,2,2,0,-47,128,0,14,14,14,14,14,14,15,14,14,15,15,14,16,15,15,15,15,15,16,16,16,16,15,15,15,14,0,0,0,0,0,0,0,0,0,0,0,9,11,11,11,11,12,12,12,12,12,12,12,12,12,12,13,13,13,13,13,13,14,13,14,14,14,0,55,54,55,55,55,54,54,54,56,55,57,56,56,57,57,59,60,60,61,61,59,57,55,56,54,53,50,50,0,0,0,0,0,0,0,32,34,36,39,38,40,43,45,46,47,47,46,46,48,46,46,48,49,49,49,48,51,50,52,55,51,54,55
20260726_164847_905931,1785081261669190,560521639,2,2,0,-48,128,0,14,14,14,14,14,14,14,13,14,14,14,14,13,15,15,16,14,16,14,15,15,14,14,14,13,14,0,0,0,0,0,0,0,0,0,0,0,9,9,9,10,11,11,11,11,12,11,12,12,11,11,12,11,12,11,12,12,12,12,12,14,14,15,0,55,53,54,53,53,55,54,53,54,55,56,55,55,58,56,59,58,59,60,58,57,55,54,52,52,53,48,47,0,0,0,0,0,0,0,34,36,38,38,41,41,42,44,44,45,45,46,45,45,44,46,45,46,47,46,46,48,49,51,50,51,52,53
20260726_164847_905931,1785081261765089,560615470,2,2,0,-48,128,0,15,15,14,14,14,14,14,14,14,14,14,14,15,15,15,15,16,16,16,16,16,15,15,15,14,14,0,0,0,0,0,0,0,0,0,0,0,10,10,11,11,11,13,13,13,13,13,13,13,13,13,13,13,14,14,14,15,15,15,15,15,15,15,0,55,54,54,54,53,53,52,54,52,52,54,53,55,55,55,56,59,57,59,58,58,54,54,53,53,51,48,48,0,0,0,0,0,0,0,32,33,35,37,38,42,42,42,44,45,46,46,46,46,48,48,49,48,49,49,52,51,52,53,52,53,54,54
20260726_164847_905931,1785081261862596,560715908,2,2,0,-49,128,0,15,14,14,14,14,14,13,14,14,13,13,14,14,14,14,14,14,14,14,14,14,14,13,13,13,12,0,0,0,0,0,0,0,0,0,0,0,10,11,12,12,13,13,13,13,13,13,13,13,13,13,13,13,13,13,14,14,13,14,14,13,15,15,0,56,52,53,53,52,51,51,51,52,51,51,51,52,54,54,53,55,55,54,54,54,54,51,49,50,47,44,44,0,0,0,0,0,0,0,37,40,41,43,44,46,50,49,50,50,52,51,51,50,51,52,52,51,52,53,54,53,52,54,53,53,56,56
20260726_164847_905931,1785081261965996,560816130,2,2,0,-51,128,0,14,14,14,14,14,14,13,13,14,14,14,14,14,14,15,15,15,15,16,15,15,14,14,14,13,13,0,0,0,0,0,0,0,0,0,0,0,10,11,11,11,12,12,12,13,12,12,12,13,13,13,12,13,14,14,14,14,14,14,14,14,14,14,0,53,54,54,54,52,54,53,52,51,55,54,54,54,54,57,56,58,56,58,57,57,53,53,52,51,48,47,45,0,0,0,0,0,0,0,34,36,38,40,41,43,45,45,46,47,48,49,48,48,49,48,49,50,50,51,52,53,53,54,55,54,54,54
20260726_164847_905931,1785081262062435,560911764,2,2,0,-49,128,0,15,14,14,14,14,14,13,14,13,14,14,14,14,14,14,15,15,15,15,14,14,13,13,13,13,12,0,0,0,0,0,0,0,0,0,0,0,8,9,9,10,10,10,10,11,11,11,11,12,12,12,12,12,12,13,13,13,13,14,14,14,14,14,0,55,56,56,57,56,56,53,54,53,57,55,53,54,56,56,56,58,59,57,55,56,53,53,51,49,47,44,45,0,0,0,0,0,0,0,32,33,33,37,38,39,40,40,41,43,43,45,44,46,46,47,46,50,49,48,51,54,51,54,55,56,58,58
20260726_164847_905931,1785081262164449,561015919,2,2,0,-50,128,0,14,14,14,15,14,15,15,15,14,15,15,14,14,14,15,15,15,15,15,15,15,15,13,13,13,12,0,0,0,0,0,0,0,0,0,0,0,9,9,9,9,10,10,11,11,11,11,11,11,11,11,11,12,11,12,12,12,12,12,14,13,13,13,0,54,54,54,57,55,54,52,54,54,56,56,56,53,55,56,58,58,59,59,56,57,54,52,51,50,49,45,48,0,0,0,0,0,0,0,28,30,31,33,36,38,39,41,42,42,41,43,43,44,42,42,43,45,47,46,49,47,48,50,51,52,52,53
20260726_164847_905931,1785081262261059,561113501,2,2,0,-51,128,0,14,14,15,14,14,14,14,14,14,14,15,14,14,15,15,15,15,15,15,15,15,15,14,14,13,12,0,0,0,0,0,0,0,0,0,0,0,9,10,9,10,11,11,11,12,12,12,11,11,12,11,11,11,12,12,12,12,12,13,13,13,13,14,0,54,54,55,56,55,57,55,55,54,56,57,58,59,59,59,61,59,59,60,59,58,55,54,53,51,50,47,47,0,0,0,0,0,0,0,33,35,38,38,40,42,43,44,45,46,47,46,46,45,46,46,46,47,46,47,49,48,50,51,50,53,52,54
20260726_164847_905931,1785081262357725,561211887,2,2,0,-50,128,0,17,16,17,16,16,16,17,17,17,17,17,16,16,17,18,18,18,18,18,17,17,18,17,17,16,16,0,0,0,0,0,0,0,0,0,0,0,9,9,10,10,11,11,11,11,11,11,11,13,13,12,13,13,13,13,14,15,14,15,15,15,17,16,0,58,58,55,60,62,64,60,59,57,62,61,59,60,61,63,68,62,64,64,60,64,61,54,58,58,52,51,51,0,0,0,0,0,0,0,28,30,31,34,34,36,37,38,38,42,40,42,42,42,42,45,45,43,42,45,50,47,50,53,51,57,56,56
20260726_164847_905931,1785081262472111,561323731,2,2,0,-48,128,0,14,14,15,15,14,14,14,14,14,14,15,14,14,16,15,15,15,16,16,15,15,14,14,14,14,12,0,0,0,0,0,0,0,0,0,0,0,8,8,9,9,9,9,10,9,9,11,10,11,11,11,11,11,11,11,13,13,13,14,14,14,15,14,0,55,56,55,54,55,55,56,55,55,57,57,57,55,57,58,59,58,61,60,60,59,56,55,53,51,51,47,49,0,0,0,0,0,0,0,27,29,29,30,32,33,35,38,37,39,39,41,39,42,42,44,43,45,45,47,49,50,50,52,52,51,53,54
20260726_164847_905931,1785081262563702,561417087,2,2,0,-49,128,0,14,14,14,13,13,14,15,14,14,14,15,14,14,14,15,15,15,15,16,16,16,16,15,15,15,14,0,0,0,0,0,0,0,0,0,0,0,10,10,10,11,11,11,12,12,12,12,12,12,12,12,12,12,12,12,13,13,13,13,13,13,14,13,0,51,52,51,53,51,53,50,55,53,56,55,56,52,56,55,58,60,61,63,60,60,58,57,55,54,53,54,50,0,0,0,0,0,0,0,34,38,39,39,42,42,45,44,46,46,47,47,45,47,47,46,46,47,45,47,48,47,49,51,51,51,53,53
20260726_164847_905931,1785081262661110,561512937,2,2,0,-48,128,0,15,15,15,15,15,15,15,15,15,15,16,15,16,16,16,17,17,17,17,17,17,17,16,16,16,15,0,0,0,0,0,0,0,0,0,0,0,10,10,11,11,12,12,12,13,13,14,13,13,14,14,14,13,14,14,13,14,14,14,14,14,15,15,0,27,27,27,27,28,28,26,27,27,28,28,28,28,30,29,31,31,30,31,30,30,29,29,29,28,28,27,26,0,0,0,0,0,0,0,17,17,18,18,19,20,21,21,22,23,23,23,23,24,24,23,24,24,24,24,25,25,25,26,26,27,27,27
20260726_164847_905931,1785081262775077,561625131,2,2,0,-47,128,0,15,15,15,15,15,15,15,15,15,15,15,15,15,15,16,16,16,16,16,16,16,15,15,15,14,14,0,0,0,0,0,0,0,0,0,0,0,9,10,10,10,11,11,12,12,12,12,12,13,13,13,13,13,13,14,14,14,14,15,15,15,15,15,0,55,56,56,56,55,55,53,55,55,58,57,56,55,57,59,59,60,60,60,59,60,55,56,55,52,52,49,48,0,0,0,0,0,0,0,30,33,33,34,36,37,41,42,44,44,45,45,46,47,46,45,48,49,49,51,49,53,51,53,55,55,54,57
20260726_164847_905931,1785081262871126,561724764,2,2,0,-48,128,0,16,15,15,14,16,15,15,15,15,14,16,14,14,16,16,16,16,16,16,14,15,15,15,14,13,13,0,0,0,0,0,0,0,0,0,0,0,9,10,10,11,12,12,12,13,13,13,13,13,13,13,14,13,14,14,14,14,14,15,15,15,16,16,0,58,57,57,58,59,54,57,55,55,56,57,55,56,57,56,57,59,58,58,58,58,59,54,55,50,52,43,47,0,0,0,0,0,0,0,34,36,36,37,41,42,42,46,46,45,48,47,48,48,47,48,48,48,51,51,52,54,54,54,54,57,56,58
20260726_164847_905931,1785081262962849,561815009,2,2,0,-50,128,0,15,15,15,15,15,15,15,16,15,15,15,15,15,15,15,15,15,15,15,15,16,15,15,14,14,14,0,0,0,0,0,0,0,0,0,0,0,11,11,12,11,12,12,13,13,14,13,13,13,13,14,13,14,14,14,14,14,15,15,15,15,16,16,0,57,57,55,57,55,57,54,55,57,57,56,53,54,54,56,55,57,57,58,56,57,54,52,51,49,50,46,47,0,0,0,0,0,0,0,34,36,38,39,42,41,45,45,47,46,49,47,49,48,49,49,49,50,52,51,52,54,54,56,57,57,58,59
20260726_164847_905931,1785081263059922,561912098,2,2,0,-49,128,0,14,14,14,14,14,14,14,14,14,14,14,14,14,15,15,15,15,15,15,15,15,14,15,14,14,13,0,0,0,0,0,0,0,0,0,0,0,9,9,10,10,11,11,11,12,12,12,12,12,12,12,12,13,13,13,13,13,13,14,14,14,14,14,0,57,56,56,58,54,56,55,54,53,58,58,58,55,59,58,58,59,59,59,59,60,59,58,53,55,54,50,50,0,0,0,0,0,0,0,31,33,34,37,39,42,43,43,46,48,46,47,47,47,49,48,47,50,49,50,50,52,53,53,55,55,58,56
20260726_164847_905931,1785081263163805,562012314,2,2,0,-49,128,0,16,15,14,15,14,15,15,14,14,15,15,15,15,15,15,15,15,15,15,15,15,14,14,14,13,13,0,0,0,0,0,0,0,0,0,0,0,10,10,11,11,12,12,12,12,13,13,13,14,14,14,14,14,14,14,14,15,15,15,15,15,15,15,0,57,56,55,55,55,57,54,54,54,55,56,54,56,55,56,55,56,56,55,56,54,51,53,52,49,49,47,46,0,0,0,0,0,0,0,34,35,36,39,40,43,43,44,46,46,48,48,46,47,49,48,50,50,49,52,50,53,55,55,57,54,55,55
20260726_164847_905931,1785081263261086,562113867,2,2,0,-50,128,0,13,14,14,14,13,13,13,13,13,13,13,13,13,13,13,13,14,13,13,13,13,13,13,11,11,11,0,0,0,0,0,0,0,0,0,0,0,11,12,11,12,13,13,14,13,13,13,13,13,13,12,13,13,13,13,14,14,14,14,14,14,15,14,0,53,55,54,55,51,53,54,51,51,52,51,51,50,49,53,51,53,51,53,49,50,51,48,46,44,43,43,41,0,0,0,0,0,0,0,40,43,42,45,47,47,50,50,51,52,53,54,53,51,51,52,50,53,51,53,52,53,55,56,56,56,56,55
20260726_164847_905931,1785081263363681,562213245,2,2,0,-48,128,0,15,14,14,14,13,13,13,13,13,13,13,13,13,13,13,13,13,13,13,13,13,12,12,12,11,11,0,0,0,0,0,0,0,0,0,0,0,10,11,11,12,12,13,13,13,14,14,14,14,14,13,13,14,14,14,14,14,14,15,15,15,14,15,0,55,51,55,53,54,51,52,50,49,51,50,49,49,52,51,51,49,53,49,50,50,47,45,46,44,44,39,39,0,0,0,0,0,0,0,34,38,40,43,43,46,47,50,51,53,53,51,54,53,53,54,53,53,55,53,56,54,56,57,56,55,57,57
20260726_164847_905931,1785081263460841,562312902,2,2,0,-49,128,0,13,13,13,13,13,13,13,13,13,14,14,14,13,14,14,14,14,14,14,14,14,14,14,13,13,13,0,0,0,0,0,0,0,0,0,0,0,10,11,11,12,13,12,13,13,14,13,13,13,13,12,12,12,12,12,13,13,13,13,14,13,14,14,0,55,52,50,52,52,51,49,50,52,54,52,53,52,54,55,54,55,55,56,56,55,55,53,50,52,50,48,47,0,0,0,0,0,0,0,36,38,40,43,43,46,49,50,49,50,52,51,49,49,50,49,49,51,49,50,50,52,52,53,54,52,53,52
20260726_164847_905931,1785081263558911,562412073,2,2,0,-50,128,0,15,15,14,15,15,15,14,14,14,15,15,15,15,16,16,16,16,16,16,16,16,16,16,15,14,15,0,0,0,0,0,0,0,0,0,0,0,11,11,12,12,13,13,13,13,13,13,13,13,12,12,13,13,14,14,14,14,14,14,14,14,14,15,0,53,53,54,55,51,55,52,53,53,56,56,56,57,57,57,59,58,62,60,60,60,57,57,55,55,54,51,50,0,0,0,0,0,0,0,39,39,40,41,44,46,46,48,47,47,47,46,49,49,48,46,46,46,47,49,50,51,50,52,52,52,54,53
20260726_164847_905931,1785081263678852,562529357,2,2,0,-51,128,0,15,15,15,15,15,15,15,15,15,15,15,15,15,15,16,16,16,16,16,16,16,16,15,15,15,15,0,0,0,0,0,0,0,0,0,0,0,11,11,11,12,12,13,13,13,13,13,13,13,13,13,13,13,13,14,14,14,15,14,14,15,15,15,0,56,55,56,56,56,56,54,56,54,59,57,57,56,57,58,60,59,60,61,58,60,57,56,56,55,56,53,53,0,0,0,0,0,0,0,34,36,39,38,41,45,44,46,44,47,48,47,47,46,48,48,49,47,48,48,51,52,51,54,51,53,56,56
20260726_164847_905931,1785081263759506,562611970,2,2,0,-51,128,0,14,14,13,13,13,13,13,13,13,14,14,14,14,14,15,15,15,15,15,15,15,14,14,14,14,13,0,0,0,0,0,0,0,0,0,0,0,11,11,11,12,13,13,13,13,13,13,13,13,13,13,12,12,12,12,12,13,13,13,13,14,14,14,0,53,51,51,51,53,51,52,50,52,53,55,52,53,55,56,57,57,59,58,59,57,55,54,54,52,54,50,50,0,0,0,0,0,0,0,36,39,40,44,44,47,46,48,50,50,50,48,48,47,47,45,47,45,47,47,48,48,48,48,50,51,50,52
20260726_164847_905931,1785081263863500,562714000,2,2,0,-49,128,0,15,15,15,15,14,14,14,15,15,15,15,15,15,15,15,16,15,15,15,15,15,15,15,14,13,13,0,0,0,0,0,0,0,0,0,0,0,10,11,11,12,12,12,12,13,13,13,14,14,14,14,14,14,14,14,15,14,15,15,15,15,15,15,0,57,58,55,55,55,55,52,55,52,56,55,54,54,54,56,57,56,56,59,55,57,53,53,52,50,50,48,47,0,0,0,0,0,0,0,33,35,36,38,41,41,43,43,47,48,50,50,49,48,49,51,49,50,51,52,52,53,54,54,54,56,56,56
20260726_164847_905931,1785081263960014,562812507,2,2,0,-48,128,0,14,14,14,13,14,14,13,13,14,13,14,13,13,13,13,13,13,14,13,13,13,13,13,13,12,12,0,0,0,0,0,0,0,0,0,0,0,9,10,11,11,12,11,12,12,13,12,12,12,13,12,12,13,13,13,13,13,13,15,14,14,15,14,0,57,53,56,55,53,53,52,51,51,54,54,52,51,52,53,53,53,54,54,53,54,51,49,49,47,48,44,43,0,0,0,0,0,0,0,35,36,36,38,43,43,46,45,46,50,50,49,50,50,49,49,49,51,51,51,52,53,53,52,57,55,57,56
20260726_164847_905931,1785081264062432,562912496,2,2,0,-48,128,0,15,15,15,15,14,14,14,14,14,14,14,14,14,14,14,14,14,14,15,14,14,14,13,13,13,12,0,0,0,0,0,0,0,0,0,0,0,9,9,10,10,11,11,12,12,12,12,12,12,13,13,13,13,13,13,14,14,14,15,14,15,15,15,0,57,55,54,55,54,55,54,54,53,54,53,53,53,56,54,57,54,56,54,54,53,51,51,50,48,47,43,45,0,0,0,0,0,0,0,32,33,35,36,38,41,41,42,44,45,47,47,47,48,49,49,48,50,49,52,53,53,54,55,55,56,57,57
20260726_164847_905931,1785081264159787,563012270,2,2,0,-48,128,0,15,15,15,15,15,15,15,14,15,15,15,15,14,15,15,15,15,15,16,15,15,15,15,14,14,14,0,0,0,0,0,0,0,0,0,0,0,9,9,10,11,10,11,11,12,12,13,12,12,13,13,13,13,13,14,14,14,14,15,15,15,15,15,0,59,55,58,55,56,57,55,54,53,56,54,58,57,60,56,60,57,60,58,59,59,56,54,53,53,54,48,49,0,0,0,0,0,0,0,29,33,34,35,35,39,39,42,42,43,46,45,46,47,47,48,49,48,50,49,52,53,55,55,52,56,57,58
20260726_164847_905931,1785081264263363,563113048,2,2,0,-49,128,0,15,15,15,15,15,14,14,14,14,14,14,15,14,15,15,15,15,15,15,15,15,15,14,14,14,13,0,0,0,0,0,0,0,0,0,0,0,9,10,10,11,10,11,11,12,12,12,12,12,12,12,12,13,13,13,13,14,15,15,14,15,15,15,0,58,58,55,55,54,56,55,55,55,57,56,56,57,57,57,59,58,59,60,58,57,55,56,54,52,52,52,50,0,0,0,0,0,0,0,31,33,33,37,39,39,43,43,43,44,46,46,46,46,47,47,47,49,48,50,51,52,53,53,55,54,54,56
20260726_164847_905931,1785081264358351,563212140,2,2,0,-49,128,0,15,15,14,15,15,14,14,14,14,15,15,14,14,15,15,15,15,15,17,15,15,15,14,14,14,14,0,0,0,0,0,0,0,0,0,0,0,12,12,13,13,13,13,14,15,15,15,15,13,14,13,13,14,14,15,14,15,15,15,15,15,16,15,0,56,56,53,55,52,54,52,52,52,56,54,53,53,52,54,54,58,57,57,57,57,55,54,53,52,51,49,48,0,0,0,0,0,0,0,40,41,41,44,45,47,52,50,51,52,51,53,52,52,52,51,49,54,51,53,50,53,52,57,55,55,55,53
20260726_164847_905931,1785081264461347,563312152,2,2,0,-49,128,0,13,14,15,14,14,14,14,14,14,14,15,14,14,15,15,16,16,16,16,16,16,15,15,15,14,14,0,0,0,0,0,0,0,0,0,0,0,10,11,11,12,12,13,13,13,13,13,13,13,13,13,13,13,13,13,13,14,14,14,13,14,14,14,0,54,52,53,53,51,51,50,52,52,53,54,52,53,55,56,57,56,57,57,58,57,57,54,53,53,52,48,50,0,0,0,0,0,0,0,35,37,39,40,40,42,43,45,47,47,49,47,47,47,47,47,46,48,48,48,48,51,50,51,52,52,53,51
20260726_164847_905931,1785081264564078,563417002,2,2,0,-49,128,0,14,14,14,14,14,14,13,14,14,14,14,14,14,14,15,15,15,15,15,15,15,15,14,14,14,13,0,0,0,0,0,0,0,0,0,0,0,9,9,10,10,11,10,11,12,11,11,11,12,12,12,12,13,12,13,12,12,13,13,13,14,14,14,0,57,53,52,54,53,53,51,51,54,55,55,56,51,55,56,57,57,58,58,58,57,56,55,53,53,53,50,48,0,0,0,0,0,0,0,32,30,34,34,37,41,42,42,44,45,46,45,45,47,45,46,46,47,49,48,48,51,51,52,52,53,55,55
20260726_164847_905931,1785081264665801,563514937,2,2,0,-49,128,0,14,14,14,14,14,15,15,14,15,15,14,15,15,15,16,16,16,16,17,16,17,17,16,16,16,15,0,0,0,0,0,0,0,0,0,0,0,10,11,11,12,12,12,13,13,13,13,13,12,13,12,13,13,13,13,14,14,14,14,14,14,14,14,0,55,54,53,52,53,54,54,53,54,56,56,56,56,60,58,59,62,63,62,63,63,61,58,59,59,57,54,54,0,0,0,0,0,0,0,35,37,37,40,40,43,45,43,45,47,50,47,46,46,48,47,47,47,48,48,49,49,49,52,51,52,53,54
20260726_164847_905931,1785081264762896,563613649,2,2,0,-49,128,0,13,13,13,13,13,13,13,13,13,15,15,14,14,15,15,16,16,16,16,16,16,16,15,14,14,14,0,0,0,0,0,0,0,0,0,0,0,9,9,9,10,10,10,11,11,11,11,10,11,10,10,10,11,11,11,11,11,12,12,13,12,13,13,0,54,52,55,55,52,54,53,54,55,57,57,57,57,59,60,61,61,65,63,62,63,60,61,59,58,58,54,54,0,0,0,0,0,0,0,31,35,35,38,39,41,41,43,42,44,44,44,42,44,42,41,41,44,44,45,45,45,46,48,49,50,51,51
20260726_164847_905931,1785081264860238,563712101,2,2,0,-49,128,0,14,14,14,14,13,14,14,14,13,14,14,14,13,15,15,15,15,16,16,16,16,14,14,14,14,14,0,0,0,0,0,0,0,0,0,0,0,8,9,9,9,10,10,11,11,11,11,11,11,11,11,11,12,12,12,12,12,12,13,13,13,14,13,0,54,51,53,53,52,52,51,52,53,56,54,54,54,56,58,59,59,60,62,59,60,60,57,56,55,55,52,53,0,0,0,0,0,0,0,29,31,32,34,36,37,38,42,44,43,46,45,45,44,45,47,46,46,47,48,49,49,50,51,53,53,54,53
20260726_164847_905931,1785081264974552,563826767,2,2,0,-50,128,0,13,13,13,14,13,13,13,13,13,13,14,14,15,15,16,16,16,16,16,16,16,16,16,16,15,14,0,0,0,0,0,0,0,0,0,0,0,8,9,9,9,9,9,10,10,10,10,10,9,9,9,9,9,10,10,10,10,11,11,12,12,12,12,0,54,49,52,52,51,53,52,53,54,57,57,58,57,60,60,64,62,66,64,66,65,63,63,60,61,60,58,57,0,0,0,0,0,0,0,32,32,33,35,35,38,40,41,41,40,39,39,40,40,38,37,38,38,40,42,43,43,43,45,49,46,48,51
20260726_164847_905931,1785081265057883,563911201,2,2,0,-50,128,0,14,13,14,14,14,13,13,13,14,14,15,14,14,15,15,16,16,16,16,16,16,15,16,16,15,15,0,0,0,0,0,0,0,0,0,0,0,9,10,10,11,11,12,12,11,11,12,11,11,11,11,11,12,12,11,11,11,12,12,12,13,13,13,0,27,25,27,27,26,27,27,28,26,28,29,28,28,29,31,31,32,32,33,32,32,31,30,30,30,29,28,28,0,0,0,0,0,0,0,17,18,19,19,20,21,21,23,22,23,22,22,23,21,21,21,21,20,22,22,21,22,23,23,24,24,26,25
20260726_164847_905931,1785081265160237,564012832,2,2,0,-50,128,0,14,14,14,14,14,14,14,14,14,16,16,15,16,16,16,16,17,17,17,16,16,16,15,15,15,15,0,0,0,0,0,0,0,0,0,0,0,11,11,12,12,13,13,13,13,13,13,13,13,13,12,12,13,13,13,13,13,13,14,14,14,14,14,0,54,53,52,53,53,52,52,52,54,55,54,55,55,58,58,59,58,61,62,60,60,59,56,58,56,55,52,52,0,0,0,0,0,0,0,38,40,43,43,42,44,45,48,47,49,49,49,48,47,47,45,47,47,48,47,46,49,50,50,51,52,52,53
20260726_164847_905931,1785081265262501,564114744,2,2,0,-49,128,0,15,15,15,15,14,14,14,13,14,14,15,14,14,14,15,15,16,16,16,14,15,15,14,14,13,13,0,0,0,0,0,0,0,0,0,0,0,9,10,11,11,11,12,12,12,12,12,13,12,13,12,13,12,13,12,13,13,13,14,13,14,14,15,0,55,54,56,53,54,53,54,52,52,55,53,53,54,56,55,58,58,57,59,56,59,56,54,53,51,50,49,49,0,0,0,0,0,0,0,33,34,38,38,39,42,44,45,46,46,46,47,46,47,45,46,46,48,48,49,50,51,50,51,53,53,55,54
20260726_164847_905931,1785081265359512,564212816,2,2,0,-49,128,0,16,15,15,15,15,15,15,15,15,15,14,15,15,15,16,17,16,17,17,16,16,15,15,15,15,15,0,0,0,0,0,0,0,0,0,0,0,11,12,11,13,12,13,13,13,13,13,13,13,14,13,13,13,14,13,14,14,14,14,14,14,14,15,0,54,55,55,53,55,53,54,52,54,53,55,55,54,56,55,56,59,59,59,59,57,56,55,55,55,52,51,50,0,0,0,0,0,0,0,36,38,40,41,43,44,46,46,46,48,47,48,48,47,47,49,47,49,47,48,49,50,51,54,53,53,56,54
20260726_164847_905931,1785081265463216,564315194,2,2,0,-49,128,0,15,15,15,15,15,14,14,14,15,15,15,15,15,15,15,16,16,16,16,15,16,16,15,15,14,14,0,0,0,0,0,0,0,0,0,0,0,10,11,11,12,12,13,13,13,13,13,13,13,13,13,13,13,13,13,13,13,13,14,14,15,15,14,0,58,56,56,54,54,54,52,55,53,55,57,55,57,58,58,59,58,61,62,61,60,56,55,54,53,53,49,50,0,0,0,0,0,0,0,36,38,40,41,43,44,43,45,47,48,48,47,48,46,46,47,46,48,50,48,51,52,51,52,53,53,55,55
20260726_164847_905931,1785081265560395,564414718,2,2,0,-49,128,0,14,14,13,14,13,13,13,13,13,13,13,13,13,14,14,14,14,14,15,14,14,14,13,13,13,13,0,0,0,0,0,0,0,0,0,0,0,10,11,11,11,12,12,12,12,13,12,12,12,12,12,12,12,13,12,13,13,13,13,13,14,14,14,0,55,52,52,51,50,50,49,49,52,52,52,51,54,55,53,54,54,57,57,57,53,52,51,51,50,50,45,46,0,0,0,0,0,0,0,36,39,40,41,41,45,45,47,47,49,49,47,49,49,49,49,47,48,49,48,51,49,51,53,52,53,52,54
20260726_164847_905931,1785081265662842,564513743,2,2,0,-49,128,0,15,15,15,15,15,15,14,14,15,14,15,15,15,16,16,15,15,15,16,16,16,15,14,14,14,14,0,0,0,0,0,0,0,0,0,0,0,10,11,11,11,12,11,12,12,12,13,13,13,13,12,13,13,13,13,13,14,15,15,15,15,15,15,0,58,59,56,57,56,54,55,53,55,56,56,56,58,58,57,58,59,60,57,58,57,57,55,53,53,53,47,48,0,0,0,0,0,0,0,33,36,36,39,41,41,44,45,44,47,48,48,48,47,46,48,49,49,49,51,50,52,53,55,55,55,58,56
