session_id,host_unix_us,timestamp_us,label,esp_label,settling,rssi,num_subcarriers,amp_0,amp_1,amp_2,amp_3,amp_4,amp_5,amp_6,amp_7,amp_8,amp_9,amp_10,amp_11,amp_12,amp_13,amp_14,amp_15,amp_16,amp_17,amp_18,amp_19,amp_20,amp_21,amp_22,amp_23,amp_24,amp_25,amp_26,amp_27,amp_28,amp_29,amp_30,amp_31,amp_32,amp_33,amp_34,amp_35,amp_36,amp_37,amp_38,amp_39,amp_40,amp_41,amp_42,amp_43,amp_44,amp_45,amp_46,amp_47,amp_48,amp_49,amp_50,amp_51,amp_52,amp_53,amp_54,amp_55,amp_56,amp_57,amp_58,amp_59,amp_60,amp_61,amp_62,amp_63,amp_64,amp_65,amp_66,amp_67,amp_68,amp_69,amp_70,amp_71,amp_72,amp_73,amp_74,amp_75,amp_76,amp_77,amp_78,amp_79,amp_80,amp_81,amp_82,amp_83,amp_84,amp_85,amp_86,amp_87,amp_88,amp_89,amp_90,amp_91,amp_92,amp_93,amp_94,amp_95,amp_96,amp_97,amp_98,amp_99,amp_100,amp_101,amp_102,amp_103,amp_104,amp_105,amp_106,amp_107,amp_108,amp_109,amp_110,amp_111,amp_112,amp_113,amp_114,amp_115,amp_116,amp_117,amp_118,amp_119,amp_120,amp_121,amp_122,amp_123,amp_124,amp_125,amp_126,amp_127
20260804_021426_df8648,1785806168040453,1897713232,2,2,0,-56,128,0,14,14,15,14,14,14,13,13,13,12,13,13,13,13,13,13,13,13,13,13,13,12,12,12,12,12,0,0,0,0,0,0,0,0,0,0,0,9,9,10,11,11,12,12,13,13,13,14,14,14,14,14,14,14,14,14,14,14,15,14,15,15,15,0,57,55,57,53,55,52,52,53,51,50,49,51,52,51,50,52,52,51,52,50,50,49,47,48,47,47,45,44,0,0,0,0,0,0,0,28,32,34,37,39,43,45,46,49,50,54,53,54,51,55,53,55,54,55,52,57,55,56,56,55,59,59,58
20260804_021426_df8648,1785806168133302,1897810616,2,2,0,-55,128,0,16,15,15,14,14,14,14,13,13,13,13,13,13,14,13,14,13,14,14,13,14,13,12,12,12,12,0,0,0,0,0,0,0,0,0,0,0,9,10,11,12,12,13,14,14,14,14,14,15,15,15,15,14,16,14,15,15,15,15,15,15,15,15,0,57,54,54,52,53,52,51,50,49,50,51,49,50,51,51,51,49,52,50,48,48,47,46,45,44,45,41,42,0,0,0,0,0,0,0,30,34,35,38,41,43,46,48,50,52,53,53,54,55,53,54,53,53,55,53,56,54,54,56,54,55,56,57
20260804_021426_df8648,1785806168236596,1897910890,2,2,0,-54,128,0,16,15,15,15,14,14,14,13,14,14,14,14,14,14,14,14,14,14,14,14,14,13,13,13,13,12,0,0,0,0,0,0,0,0,0,0,0,10,11,12,12,12,14,14,14,15,15,16,16,15,14,15,15,15,15,15,16,16,16,16,16,16,15,0,57,53,54,54,52,53,52,49,51,52,50,52,51,52,51,51,52,53,51,52,49,49,47,47,46,46,42,44,0,0,0,0,0,0,0,32,35,39,41,42,45,46,49,50,52,54,54,56,54,55,56,55,53,55,55,55,56,55,56,53,54,55,55
20260804_021426_df8648,1785806168334098,1898010516,2,2,0,-54,128,0,15,14,14,15,14,14,14,14,14,14,14,14,14,14,14,15,14,15,14,14,14,14,13,13,13,13,0,0,0,0,0,0,0,0,0,0,0,10,11,11,12,13,14,14,14,14,15,15,15,14,14,14,14,14,14,14,14,14,15,14,15,15,15,0,56,55,54,55,52,50,52,51,51,52,51,50,51,52,53,53,53,52,53,53,51,50,51,49,49,49,47,47,0,0,0,0,0,0,0,34,37,38,40,42,46,47,48,50,53,54,55,54,54,55,54,53,55,52,54,55,55,55,55,55,55,55,56
20260804_021426_df8648,1785806168432638,1898111084,2,2,0,-53,128,0,14,14,13,13,13,13,12,13,13,12,12,12,12,13,13,13,12,12,12,12,12,11,11,11,11,11,0,0,0,0,0,0,0,0,0,0,0,10,11,11,11,12,13,13,13,14,14,14,15,15,15,14,14,14,13,13,14,14,14,14,14,14,14,0,55,54,51,53,50,51,49,48,48,52,49,49,49,47,51,48,52,47,48,47,48,48,47,44,44,43,43,41,0,0,0,0,0,0,0,35,37,40,41,45,45,50,48,51,54,56,58,55,56,55,57,54,57,54,56,55,55,57,56,57,56,57,54
20260804_021426_df8648,1785806168537013,1898213460,2,2,0,-52,128,0,15,14,14,14,13,13,13,13,13,13,13,12,12,13,13,13,13,12,12,12,12,12,11,11,11,11,0,0,0,0,0,0,0,0,0,0,0,10,11,11,12,13,14,14,14,14,15,14,15,15,15,15,15,15,14,15,15,15,15,15,15,15,15,0,57,54,55,54,52,51,51,49,49,48,49,47,49,47,48,47,47,48,47,46,45,44,43,42,42,40,39,40,0,0,0,0,0,0,0,35,39,39,42,44,47,49,51,53,54,55,56,56,56,56,56,57,57,56,55,56,55,55,56,57,55,57,56
20260804_021426_df8648,1785806168634655,1898313644,2,2,0,-52,128,0,15,15,14,14,14,13,14,13,13,13,14,13,13,13,13,13,13,13,13,13,13,13,12,12,12,12,0,0,0,0,0,0,0,0,0,0,0,13,13,14,14,14,15,16,16,17,16,16,16,16,16,16,16,16,16,16,16,16,16,16,16,16,15,0,54,55,54,53,51,51,49,49,47,47,48,47,45,47,47,46,48,48,47,45,46,45,45,45,43,43,43,43,0,0,0,0,0,0,0,42,43,45,47,50,51,54,55,57,57,58,60,60,60,59,59,58,59,59,56,58,57,58,57,57,56,57,56
20260804_021426_df8648,1785806168732361,1898411326,2,2,0,-54,128,0,15,16,15,15,15,15,15,15,14,14,14,14,14,14,14,14,14,14,14,14,14,14,13,13,13,13,0,0,0,0,0,0,0,0,0,0,0,10,10,11,11,12,12,13,13,13,14,14,14,14,14,14,14,14,14,14,15,15,15,15,15,15,15,0,57,61,56,58,53,56,56,55,55,56,54,54,55,54,55,53,56,52,54,54,53,53,52,50,50,48,49,45,0,0,0,0,0,0,0,36,36,38,39,42,44,46,44,47,49,51,53,51,53,52,54,51,55,52,54,53,55,55,56,57,57,59,55
20260804_021426_df8648,1785806168836236,1898512783,2,2,0,-57,128,0,15,15,15,15,15,14,15,15,15,15,15,15,16,16,16,16,16,17,17,17,16,16,16,16,16,16,0,0,0,0,0,0,0,0,0,0,0,7,8,8,9,9,10,10,10,11,11,12,11,12,11,12,12,12,12,13,13,13,14,14,14,14,15,0,28,28,29,28,27,28,28,28,29,30,30,30,29,30,32,32,32,32,33,32,33,32,31,31,31,31,31,30,0,0,0,0,0,0,0,13,14,14,16,16,18,17,19,20,20,22,21,22,22,22,22,22,22,23,24,24,24,26,25,27,26,27,28
20260804_021426_df8648,1785806168940330,1898616746,2,2,0,-54,128,0,13,14,14,12,12,13,12,13,12,12,12,12,12,12,12,12,12,11,12,13,12,12,12,12,11,11,0,0,0,0,0,0,0,0,0,0,0,11,12,13,13,14,14,15,15,15,16,16,15,15,15,15,15,15,15,15,15,15,15,14,15,15,14,0,53,52,57,50,46,48,45,46,44,45,48,45,46,45,45,46,47,47,51,42,43,48,42,45,43,42,43,42,0,0,0,0,0,0,0,39,42,44,44,48,49,52,53,55,57,56,58,58,58,57,56,56,58,55,55,55,56,55,55,54,55,53,52
20260804_021426_df8648,1785806169034369,1898710588,2,2,0,-55,128,0,13,13,14,13,13,12,12,11,11,12,12,12,11,12,12,12,12,12,12,12,11,11,11,11,11,11,0,0,0,0,0,0,0,0,0,0,0,11,12,12,13,14,14,14,15,15,16,16,16,16,15,15,15,16,15,15,15,15,15,14,15,15,15,0,53,53,51,50,47,48,47,45,45,46,44,45,45,45,45,44,47,45,45,46,45,44,45,44,44,44,43,42,0,0,0,0,0,0,0,41,41,43,44,49,49,55,53,57,57,59,60,57,58,60,58,58,58,56,58,58,58,58,57,55,56,57,53
20260804_021426_df8648,1785806169131943,1898810558,2,2,0,-57,128,0,14,13,14,14,14,14,13,13,13,14,14,14,14,14,15,15,15,15,15,15,15,15,15,15,15,14,0,0,0,0,0,0,0,0,0,0,0,7,8,8,9,10,10,10,11,11,12,12,12,12,12,12,12,12,12,12,13,13,13,13,13,14,14,0,57,53,54,58,54,56,54,53,53,53,57,55,58,57,57,59,60,61,61,60,60,58,57,60,56,58,58,55,0,0,0,0,0,0,0,25,28,31,32,34,37,40,39,42,44,47,46,49,48,48,49,49,49,51,50,51,53,51,52,55,54,53,54
20260804_021426_df8648,1785806169235046,1898910770,2,2,0,-57,128,0,14,14,13,13,13,13,13,13,12,12,13,13,13,13,14,13,14,14,14,14,14,14,14,14,14,14,0,0,0,0,0,0,0,0,0,0,0,10,10,11,11,11,12,12,14,14,14,14,13,14,14,13,14,13,13,13,13,14,14,13,14,14,13,0,53,51,50,51,50,49,49,49,49,50,49,48,49,49,52,53,53,55,55,55,55,54,54,54,53,53,50,53,0,0,0,0,0,0,0,35,37,39,41,42,45,47,48,49,50,52,51,53,53,52,53,52,54,53,50,53,54,52,52,52,53,54,52
20260804_021426_df8648,1785806169333563,1899010670,2,2,0,-56,128,0,16,16,16,16,16,16,16,16,16,15,16,16,16,17,17,17,17,17,17,17,17,16,16,16,16,16,0,0,0,0,0,0,0,0,0,0,0,4,4,4,5,5,6,6,7,8,8,8,9,10,10,11,11,12,11,12,12,13,14,14,14,15,15,0,30,30,31,32,31,30,30,30,31,31,31,31,32,32,33,33,32,33,34,33,32,32,32,32,31,31,29,30,0,0,0,0,0,0,0,5,5,7,7,8,9,9,11,12,13,14,15,16,18,18,19,20,21,21,23,23,25,25,26,27,28,28,29
20260804_021426_df8648,1785806169431902,1899110983,2,2,0,-58,128,0,13,14,13,13,13,13,14,13,13,14,14,14,14,14,15,15,16,16,16,16,16,16,16,16,16,17,0,0,0,0,0,0,0,0,0,0,0,4,5,5,6,6,6,8,8,8,9,10,10,10,11,11,11,11,11,11,12,12,13,13,13,13,13,0,55,54,57,55,56,56,57,55,56,57,57,57,58,60,58,61,63,63,67,66,66,67,66,65,65,66,65,67,0,0,0,0,0,0,0,18,16,18,20,23,25,27,30,32,34,35,37,37,39,43,42,42,44,45,48,48,47,48,50,51,52,54,54
20260804_021426_df8648,1785806169535263,1899211370,2,2,0,-58,128,0,14,14,15,14,14,14,15,14,14,15,14,15,15,16,16,16,16,17,17,17,17,17,17,17,17,17,0,0,0,0,0,0,0,0,0,0,0,6,7,7,8,8,9,9,10,10,11,11,11,11,11,12,12,12,12,12,13,13,13,13,13,14,14,0,56,55,54,52,56,55,56,56,55,55,56,57,57,59,60,60,60,64,63,64,64,65,65,65,64,66,64,66,0,0,0,0,0,0,0,22,23,25,26,27,29,32,34,35,37,39,39,40,42,42,44,44,46,43,45,47,47,48,49,50,52,52,55
20260804_021426_df8648,1785806169633677,1899311190,2,2,0,-64,128,0,13,13,13,13,13,14,14,14,15,15,16,16,17,17,18,18,19,20,21,21,22,22,23,22,23,24,0,0,0,0,0,0,0,0,0,0,0,6,6,6,6,6,6,6,6,5,6,6,6,6,7,7,8,8,9,9,9,9,9,11,11,12,12,0,23,22,25,26,25,26,26,27,27,29,29,29,30,31,31,34,34,37,38,37,40,40,41,41,42,44,43,44,0,0,0,0,0,0,0,11,11,10,12,10,11,10,10,11,11,10,11,10,11,11,13,13,14,14,16,17,17,19,19,19,21,21,22
20260804_021426_df8648,1785806169766973,1899446636,2,2,0,-58,128,0,13,13,13,13,13,13,13,13,13,13,13,14,14,13,14,14,16,15,16,16,16,16,17,17,17,17,0,0,0,0,0,0,0,0,0,0,0,7,7,8,9,9,9,10,9,10,11,11,11,11,11,11,11,11,11,11,11,11,12,12,12,13,13,0,25,25,26,26,26,26,26,26,25,27,26,27,26,27,28,29,30,31,32,31,33,33,34,32,32,33,33,34,0,0,0,0,0,0,0,14,14,14,14,16,17,18,18,20,20,21,23,22,22,22,22,22,22,22,22,22,22,22,23,24,25,24,24
20260804_021426_df8648,1785806169853747,1899536960,2,2,0,-65,128,0,11,12,13,13,13,14,14,15,15,15,16,17,17,19,20,20,21,22,23,24,25,25,26,27,26,27,0,0,0,0,0,0,0,0,0,0,0,5,4,4,3,3,2,1,1,1,1,1,1,3,3,4,4,4,4,5,6,6,7,7,8,9,9,0,19,21,23,22,25,25,25,26,27,28,29,30,31,34,33,38,39,42,44,44,47,48,47,49,49,51,50,52,0,0,0,0,0,0,0,10,10,9,9,7,7,6,5,4,3,1,2,2,1,5,4,6,6,7,8,9,10,11,13,12,14,15,17
20260804_021426_df8648,1785806169935192,1899613235,2,2,0,-54,128,0,14,14,14,14,14,14,14,14,14,14,14,14,14,14,14,14,15,14,14,14,15,14,15,15,14,14,0,0,0,0,0,0,0,0,0,0,0,6,6,7,8,9,9,9,10,10,11,11,11,11,11,12,12,12,12,13,13,13,14,13,14,14,14,0,55,56,55,55,56,55,53,53,53,53,52,54,54,54,54,56,57,57,57,57,58,58,57,56,56,54,54,54,0,0,0,0,0,0,0,21,23,25,26,28,31,32,34,38,39,42,44,42,44,45,48,48,48,49,48,48,50,50,52,53,54,56,55
20260804_021426_df8648,1785806170034683,1899710204,2,2,0,-62,128,0,16,16,16,15,15,14,14,14,14,13,13,13,13,12,13,13,13,13,13,13,15,15,15,16,16,16,0,0,0,0,0,0,0,0,0,0,0,5,6,7,8,9,9,10,11,12,13,13,14,15,15,15,16,16,16,16,16,16,17,16,16,16,16,0,29,30,30,29,28,27,28,26,26,25,24,24,24,23,23,24,24,23,25,25,26,26,28,29,29,30,30,31,0,0,0,0,0,0,0,8,9,10,12,13,15,16,17,19,22,23,25,26,26,27,28,28,29,27,30,30,31,31,31,30,31,31,30
20260804_021426_df8648,1785806170132307,1899810611,2,2,0,-61,128,0,14,14,14,14,14,14,14,14,13,13,13,13,13,13,14,14,14,15,15,15,15,16,16,16,16,17,0,0,0,0,0,0,0,0,0,0,0,4,5,6,6,7,8,9,9,9,10,11,12,12,12,13,12,13,13,13,14,14,14,14,14,15,14,0,29,29,29,28,27,28,27,27,26,27,26,26,26,27,27,26,27,28,30,29,30,30,30,31,32,32,31,33,0,0,0,0,0,0,0,6,8,9,9,12,13,13,15,16,18,18,20,21,23,23,24,24,24,25,25,26,27,27,27,27,29,29,28
20260804_021426_df8648,1785806170231716,1899910520,2,2,0,-60,128,0,14,13,13,14,13,13,13,13,13,13,13,13,14,14,14,15,16,16,16,16,16,16,17,17,17,17,0,0,0,0,0,0,0,0,0,0,0,5,5,6,6,7,7,8,9,9,10,10,10,10,10,11,10,11,11,11,12,12,12,12,13,13,13,0,28,28,28,28,27,27,27,27,26,27,27,28,28,27,29,28,31,31,32,32,33,32,33,34,33,33,35,34,0,0,0,0,0,0,0,8,9,10,10,12,13,15,15,16,17,18,19,21,21,20,21,21,22,21,22,24,24,24,24,25,26,27,26
20260804_021426_df8648,1785806170335806,1900010628,2,2,0,-58,128,0,13,13,13,13,13,13,13,13,13,14,14,13,14,14,15,15,15,16,16,17,17,17,17,17,17,17,0,0,0,0,0,0,0,0,0,0,0,6,7,7,8,8,10,10,10,10,11,11,11,11,11,11,11,11,11,11,11,12,12,12,12,13,13,0,26,25,26,25,25,25,26,26,26,26,26,27,28,28,29,29,30,30,32,32,33,34,34,35,34,35,35,35,0,0,0,0,0,0,0,11,12,12,13,14,16,17,17,19,19,20,20,21,22,21,21,21,21,21,21,21,22,22,22,23,23,24,25
20260804_021426_df8648,1785806170433574,1900110438,2,2,0,-56,128,0,13,14,13,13,13,13,13,13,13,13,13,13,13,14,14,15,15,15,16,16,16,16,16,16,16,16,0,0,0,0,0,0,0,0,0,0,0,7,7,8,9,9,10,10,12,12,12,13,13,13,13,13,13,12,13,12,13,13,13,13,13,13,13,0,27,26,26,26,25,26,24,26,25,26,26,26,26,26,28,28,30,30,31,32,31,32,31,31,30,32,32,32,0,0,0,0,0,0,0,12,13,13,15,16,17,19,19,21,22,24,25,24,25,25,24,25,25,25,25,24,25,25,26,25,26,26,26
20260804_021426_df8648,1785806170530526,1900210563,2,2,0,-55,128,0,13,14,14,14,14,14,14,14,14,14,14,15,15,15,16,16,16,17,17,17,18,18,18,18,18,18,0,0,0,0,0,0,0,0,0,0,0,6,6,7,7,7,8,8,9,9,10,10,10,10,11,11,11,11,11,13,12,12,12,12,13,13,13,0,26,27,28,27,27,27,27,28,27,28,29,29,29,30,31,32,32,33,34,34,35,35,35,35,35,36,35,36,0,0,0,0,0,0,0,10,10,10,11,12,13,14,15,16,17,17,20,20,20,21,21,22,22,23,22,23,24,24,25,25,26,26,26
20260804_021426_df8648,1785806170635494,1900310691,2,2,0,-56,128,0,14,14,14,13,13,13,13,13,13,14,14,14,15,15,14,15,15,16,17,16,17,17,17,17,17,17,0,0,0,0,0,0,0,0,0,0,0,9,9,10,10,11,11,12,12,13,13,13,13,13,13,13,13,13,13,13,13,13,13,13,14,14,13,0,51,51,52,50,51,51,51,51,50,52,52,54,54,55,55,59,59,60,61,62,63,64,63,62,65,65,64,64,0,0,0,0,0,0,0,31,32,33,35,36,38,41,41,42,44,45,46,47,49,49,47,48,47,48,47,47,48,49,48,48,49,50,48
20260804_021426_df8648,1785806170732463,1900410886,2,2,0,-58,128,0,12,12,12,12,12,11,11,12,12,12,11,12,12,13,12,13,13,14,14,14,15,15,15,15,15,15,0,0,0,0,0,0,0,0,0,0,0,13,13,13,13,14,14,14,16,15,15,15,15,15,15,14,15,14,14,14,13,13,13,13,13,13,13,0,46,48,46,47,44,46,44,45,43,45,45,46,46,47,49,47,50,51,53,54,55,55,58,59,57,57,59,59,0,0,0,0,0,0,0,44,47,47,50,51,52,55,55,58,59,57,58,60,58,54,55,55,58,54,54,54,52,53,53,53,51,50,49
20260804_021426_df8648,1785806170836941,1900511701,2,2,0,-57,128,0,15,15,15,14,15,15,14,14,14,14,14,14,14,15,15,15,15,16,16,16,16,16,16,16,16,16,0,0,0,0,0,0,0,0,0,0,0,9,9,9,10,11,11,11,12,12,13,13,14,13,13,13,14,14,14,14,14,14,15,15,15,16,15,0,56,55,55,54,52,55,54,52,53,55,54,53,52,56,57,55,57,58,58,59,60,60,60,60,61,63,62,62,0,0,0,0,0,0,0,27,29,31,34,36,38,39,43,45,44,47,48,50,50,54,52,52,53,53,53,55,55,55,55,57,54,57,56
20260804_021426_df8648,1785806170934412,1900611088,2,2,0,-58,128,0,12,12,13,14,14,13,14,14,13,14,14,14,14,14,15,15,16,16,16,17,17,17,18,17,17,17,0,0,0,0,0,0,0,0,0,0,0,7,8,8,9,9,9,9,10,10,10,11,10,11,11,11,11,12,12,12,12,12,13,13,13,13,13,0,26,25,25,25,26,26,24,26,28,24,26,27,27,28,28,31,31,33,32,31,32,33,31,32,34,34,32,32,0,0,0,0,0,0,0,13,15,14,15,15,17,17,17,19,18,19,20,19,20,22,21,22,23,22,22,24,24,23,23,22,25,24,27
20260804_021426_df8648,1785806171033334,1900710959,2,2,0,-56,128,0,14,14,14,14,14,15,14,15,14,14,15,15,15,16,16,16,17,17,17,17,18,17,18,18,17,17,0,0,0,0,0,0,0,0,0,0,0,7,8,8,9,10,9,11,11,11,12,12,12,13,13,13,13,13,13,13,13,13,14,14,14,14,14,0,53,53,54,53,54,54,54,54,56,55,55,57,58,60,60,64,63,65,66,66,65,66,66,65,66,65,62,65,0,0,0,0,0,0,0,24,26,27,29,31,33,34,36,38,41,43,43,43,45,46,46,45,46,48,47,48,49,49,49,49,52,53,53
20260804_021426_df8648,1785806171137293,1900811732,2,2,0,-54,128,0,13,14,13,14,13,14,14,13,14,15,14,14,14,14,15,15,15,15,15,15,15,15,15,15,15,15,0,0,0,0,0,0,0,0,0,0,0,8,8,9,9,9,10,10,12,12,12,13,13,13,13,13,13,13,13,13,13,13,13,14,13,13,13,0,54,53,52,53,54,54,52,52,53,53,55,55,55,55,56,58,58,59,60,60,59,58,58,57,57,59,58,57,0,0,0,0,0,0,0,26,28,30,33,34,37,38,40,43,44,45,46,47,48,49,48,50,51,49,49,49,51,50,49,51,52,52,52
20260804_021426_df8648,1785806171235002,1900911294,2,2,0,-58,128,0,13,13,13,13,13,13,13,13,14,14,14,14,14,14,14,15,15,15,16,15,16,16,16,16,16,17,0,0,0,0,0,0,0,0,0,0,0,6,7,7,7,9,9,9,10,10,10,10,10,10,11,10,11,12,12,13,13,13,13,13,13,13,13,0,26,26,26,26,27,26,27,27,26,26,27,27,28,28,28,28,30,30,31,31,31,31,33,32,32,33,33,33,0,0,0,0,0,0,0,12,12,14,14,15,16,16,17,18,18,20,20,20,21,22,22,22,22,22,23,23,24,25,25,25,25,24,25
20260804_021426_df8648,1785806171332980,1901013019,2,2,0,-56,128,0,13,13,13,13,14,13,13,13,13,13,13,13,13,13,14,14,14,14,15,14,14,14,14,15,14,14,0,0,0,0,0,0,0,0,0,0,0,6,8,9,9,9,10,10,11,11,12,11,12,12,12,12,12,13,12,12,12,13,13,13,13,13,13,0,52,52,54,53,54,54,52,52,51,53,52,53,53,54,55,57,56,59,58,58,59,57,58,58,57,58,57,57,0,0,0,0,0,0,0,26,29,32,30,33,36,37,41,43,44,45,47,48,49,50,49,49,51,49,50,51,51,52,53,53,53,53,53
20260804_021426_df8648,1785806171436060,1901113261,2,2,0,-54,128,0,13,13,12,13,12,12,12,12,12,12,12,12,12,12,13,13,14,14,14,14,14,14,13,13,13,13,0,0,0,0,0,0,0,0,0,0,0,10,11,11,12,13,13,14,14,14,14,15,15,15,14,15,14,14,14,14,13,13,13,13,13,13,13,0,50,48,48,50,48,47,47,47,45,48,48,48,48,50,50,52,52,53,54,55,54,52,53,54,53,54,52,53,0,0,0,0,0,0,0,37,38,40,41,44,47,48,50,52,54,54,55,54,54,54,54,53,54,52,52,52,52,53,52,51,51,52,51
20260804_021426_df8648,1785806171534162,1901210640,2,2,0,-55,128,0,14,15,13,13,13,13,13,13,13,13,13,13,14,14,14,14,15,15,15,15,15,15,15,15,14,14,0,0,0,0,0,0,0,0,0,0,0,7,8,8,8,9,9,10,10,10,11,11,11,12,12,12,13,13,13,13,13,13,14,14,13,13,13,0,56,57,58,54,55,56,54,54,54,54,54,54,54,55,55,56,59,58,59,58,59,60,58,58,57,59,57,58,0,0,0,0,0,0,0,26,28,29,30,32,35,37,38,42,43,44,45,44,47,48,48,52,48,51,49,50,51,53,53,52,54,56,55
20260804_021426_df8648,1785806171632334,1901310586,2,2,0,-61,128,0,14,14,14,13,14,14,14,13,13,13,13,13,14,15,14,15,15,16,16,17,17,17,18,18,18,19,0,0,0,0,0,0,0,0,0,0,0,9,9,9,10,11,11,11,12,12,13,13,13,13,13,14,14,14,14,14,14,14,14,14,14,15,14,0,27,26,26,25,25,25,25,24,25,24,24,25,25,27,26,28,28,29,31,31,32,33,32,34,34,36,35,36,0,0,0,0,0,0,0,15,16,16,17,18,19,20,21,22,22,23,23,23,23,25,25,25,24,25,24,26,26,26,26,24,26,26,25
20260804_021426_df8648,1785806171736195,1901411132,2,2,0,-59,128,0,13,13,13,13,12,13,12,12,12,12,12,12,12,12,12,12,12,14,14,14,14,14,15,15,15,15,0,0,0,0,0,0,0,0,0,0,0,11,10,11,12,12,12,13,13,13,14,14,14,14,14,13,14,14,13,14,14,14,14,13,14,14,13,0,51,50,52,48,50,49,47,47,47,47,46,48,46,48,49,49,49,52,53,51,53,54,54,55,55,58,56,59,0,0,0,0,0,0,0,36,38,39,42,42,46,47,49,50,50,52,52,52,52,55,54,54,54,53,53,55,53,54,54,52,55,55,52
20260804_021426_df8648,1785806171834675,1901510834,2,2,0,-58,128,0,13,12,12,12,12,12,12,12,12,12,12,12,12,12,12,13,14,13,15,15,16,16,16,16,16,17,0,0,0,0,0,0,0,0,0,0,0,10,10,10,11,11,12,12,12,13,13,13,13,13,13,14,14,14,14,14,14,14,14,14,14,13,13,0,25,25,23,25,23,24,23,22,22,22,22,23,24,24,23,24,26,27,27,29,29,30,31,31,32,32,32,32,0,0,0,0,0,0,0,17,17,18,18,20,21,21,23,22,24,26,25,24,25,25,25,25,26,26,25,26,25,25,26,25,25,25,25
20260804_021426_df8648,1785806171932837,1901611190,2,2,0,-57,128,0,14,13,13,13,13,12,12,12,12,13,13,13,12,14,14,14,13,14,15,14,16,15,16,16,16,17,0,0,0,0,0,0,0,0,0,0,0,7,8,8,9,9,10,10,11,11,12,12,12,12,12,13,12,12,12,12,12,13,14,13,13,13,14,0,54,49,52,51,51,50,51,51,50,49,53,49,52,53,52,55,56,58,59,61,61,61,62,62,64,66,64,65,0,0,0,0,0,0,0,29,30,32,32,34,38,38,40,41,42,44,46,44,46,49,49,52,49,49,50,51,51,52,53,51,50,51,51
20260804_021426_df8648,1785806172032338,1901710518,2,2,0,-56,128,0,14,14,14,14,14,14,13,13,14,14,14,14,14,14,15,16,15,16,16,16,17,16,16,16,16,17,0,0,0,0,0,0,0,0,0,0,0,8,9,9,9,10,11,11,11,12,13,13,13,13,13,13,13,14,13,13,14,14,15,13,15,15,15,0,55,56,55,54,53,52,51,52,51,51,52,51,53,53,54,56,56,58,60,60,62,59,61,62,62,62,61,64,0,0,0,0,0,0,0,25,28,30,30,34,36,36,40,42,44,44,46,51,49,48,49,51,52,53,52,52,55,52,53,54,55,54,56
20260804_021426_df8648,1785806172131504,1901810562,2,2,0,-57,128,0,15,15,15,14,14,14,13,13,13,13,12,12,13,12,12,12,12,13,13,13,13,14,14,14,14,14,0,0,0,0,0,0,0,0,0,0,0,11,11,13,13,14,14,14,15,15,15,15,16,16,16,16,16,16,16,16,16,16,16,16,16,16,15,0,55,53,50,49,49,49,47,46,44,46,45,46,45,45,44,45,45,46,50,47,49,49,50,51,51,55,55,56,0,0,0,0,0,0,0,37,40,39,41,44,47,49,50,55,54,55,57,57,58,57,58,59,61,57,59,59,58,58,56,57,57,56,55
20260804_021426_df8648,1785806172235633,1901911623,2,2,0,-55,128,0,14,14,14,13,13,13,12,12,13,12,12,13,13,12,13,13,13,14,14,14,14,14,14,14,14,14,0,0,0,0,0,0,0,0,0,0,0,9,10,10,11,12,13,13,13,14,14,14,14,15,15,15,15,15,14,15,15,14,15,15,15,15,15,0,55,54,52,53,50,51,50,49,49,49,50,48,48,49,50,49,51,49,53,52,53,51,51,51,52,52,53,52,0,0,0,0,0,0,0,29,33,35,38,40,42,46,48,51,51,54,55,56,56,56,57,56,57,55,57,57,57,56,57,56,56,56,54
20260804_021426_df8648,1785806172333732,1902011987,2,2,0,-57,128,0,13,13,14,13,13,13,13,12,12,12,12,12,12,13,12,13,13,13,13,13,13,13,13,13,13,13,0,0,0,0,0,0,0,0,0,0,0,9,9,10,11,11,12,12,13,13,13,13,13,13,13,14,13,14,14,14,13,13,14,14,14,14,14,0,54,53,54,54,52,52,51,50,48,49,48,49,48,48,48,50,48,53,51,51,51,50,51,50,49,51,51,51,0,0,0,0,0,0,0,31,33,34,36,41,41,44,46,48,48,48,54,51,53,51,52,50,51,51,53,54,54,56,52,52,56,55,56
20260804_021426_df8648,1785806172433675,1902110920,2,2,0,-56,128,0,13,14,13,14,13,13,14,14,14,13,13,13,13,13,14,14,14,14,15,15,15,15,15,15,15,15,0,0,0,0,0,0,0,0,0,0,0,8,9,9,10,10,10,11,11,13,13,13,13,13,12,12,13,13,13,13,13,13,13,14,13,14,14,0,55,54,53,52,53,51,51,51,50,51,53,51,53,53,54,57,55,58,58,59,59,59,59,60,59,60,59,59,0,0,0,0,0,0,0,27,29,31,35,35,37,40,42,46,47,50,48,52,51,49,49,49,51,51,48,54,51,51,53,52,53,54,53
20260804_021426_df8648,1785806172531689,1902210857,2,2,0,-56,128,0,14,14,14,13,13,13,13,13,13,13,13,13,13,14,14,14,14,14,15,15,15,14,15,15,15,15,0,0,0,0,0,0,0,0,0,0,0,6,7,8,8,9,9,10,11,11,12,12,12,12,12,13,14,13,13,13,14,14,14,14,14,14,14,0,54,56,55,55,53,53,54,52,51,53,53,53,53,55,56,55,58,57,58,59,59,59,59,59,60,56,59,59,0,0,0,0,0,0,0,22,25,28,28,33,35,37,38,41,44,45,49,49,49,50,50,51,54,52,52,51,53,54,55,55,55,55,54
20260804_021426_df8648,1785806172634945,1902310734,2,2,0,-62,128,0,11,11,11,12,11,12,13,12,13,14,15,14,15,16,17,17,18,19,20,21,22,22,22,23,24,24,0,0,0,0,0,0,0,0,0,0,0,9,9,9,9,9,9,8,8,9,9,9,10,10,10,10,9,10,10,9,9,9,11,10,10,11,11,0,21,21,23,21,23,24,24,25,25,26,27,27,29,30,32,33,34,37,38,40,42,42,42,43,45,48,46,50,0,0,0,0,0,0,0,17,17,16,17,16,18,16,16,16,17,17,17,18,17,18,19,17,17,18,19,17,20,18,18,19,19,18,20
20260804_021426_df8648,1785806172731835,1902411902,2,2,0,-57,128,0,14,14,14,15,14,14,14,14,14,14,15,15,15,15,15,16,16,17,17,17,17,17,17,17,17,17,0,0,0,0,0,0,0,0,0,0,0,9,9,9,11,10,11,12,13,13,14,13,13,13,13,13,14,13,14,13,13,14,14,14,13,14,14,0,51,53,51,50,50,51,50,52,52,53,53,53,54,55,57,57,60,59,61,61,63,62,64,63,64,64,63,66,0,0,0,0,0,0,0,28,30,29,33,34,38,40,40,43,45,47,47,49,49,48,49,49,50,48,49,51,50,49,50,49,51,51,50
20260804_021426_df8648,1785806172834404,1902512207,2,2,0,-57,128,0,13,12,13,12,12,13,12,12,13,12,13,13,13,14,14,15,14,16,16,16,17,17,16,16,16,17,0,0,0,0,0,0,0,0,0,0,0,5,7,7,8,8,9,9,9,10,11,10,11,11,11,12,11,12,11,12,12,12,12,12,12,13,12,0,51,50,49,50,50,49,50,50,50,52,53,53,55,57,56,59,60,61,62,64,65,65,66,65,66,67,64,66,0,0,0,0,0,0,0,22,23,23,27,31,31,32,36,38,40,41,40,43,43,45,45,48,46,48,48,48,48,48,48,49,49,50,50
20260804_021426_df8648,1785806172962340,1902638132,2,2,0,-57,128,0,13,13,13,13,12,12,11,11,12,12,11,12,13,12,12,13,14,13,13,13,14,13,14,13,14,14,0,0,0,0,0,0,0,0,0,0,0,12,13,13,13,14,13,16,16,15,16,16,16,16,16,14,16,16,14,15,13,14,15,14,14,14,13,0,42,45,44,53,42,50,45,45,46,47,51,46,45,51,51,50,49,51,49,54,52,53,51,52,51,51,52,53,0,0,0,0,0,0,0,40,42,44,44,49,50,52,55,57,56,58,59,59,57,59,57,55,53,54,57,53,55,52,49,53,53,44,54
20260804_021426_df8648,1785806173033914,1902711085,2,2,0,-55,128,0,14,14,14,14,13,13,14,14,13,13,14,14,13,13,13,13,13,13,14,13,13,13,13,13,13,13,0,0,0,0,0,0,0,0,0,0,0,11,12,13,13,14,14,14,15,15,15,15,15,15,15,15,15,15,15,15,15,15,15,15,15,15,15,0,55,54,52,52,51,51,49,49,48,50,49,49,48,50,50,52,51,50,51,51,49,49,49,48,47,48,48,47,0,0,0,0,0,0,0,38,41,43,43,47,48,51,53,55,56,55,56,55,55,55,55,54,55,53,54,54,54,55,56,55,55,55,53
20260804_021426_df8648,1785806173133196,1902810631,2,2,0,-58,128,0,14,15,15,14,13,13,14,14,14,13,14,14,14,14,14,14,14,14,15,14,15,15,15,15,15,15,0,0,0,0,0,0,0,0,0,0,0,10,11,11,12,12,12,13,13,13,13,13,13,13,13,13,13,13,13,13,13,13,14,14,14,14,14,0,56,57,56,54,51,52,52,54,52,53,53,54,53,52,54,54,56,56,59,58,58,59,58,58,58,59,58,60,0,0,0,0,0,0,0,36,40,40,41,44,44,48,45,48,49,49,50,49,50,51,51,52,49,51,52,50,51,54,55,52,54,55,54
20260804_021426_df8648,1785806173231343,1902910787,2,2,0,-60,128,0,15,15,15,15,15,15,15,14,15,15,15,15,15,15,15,15,16,16,16,16,16,16,16,17,16,16,0,0,0,0,0,0,0,0,0,0,0,9,9,9,10,10,10,11,10,11,12,12,12,12,12,13,13,13,14,13,14,14,14,14,15,15,15,0,29,29,29,28,28,28,28,28,27,28,28,28,29,30,29,30,31,31,32,31,31,32,31,32,31,31,31,33,0,0,0,0,0,0,0,15,16,16,17,17,18,19,19,20,20,21,22,21,22,23,23,24,25,24,26,26,26,27,28,28,27,29,28
20260804_021426_df8648,1785806173334911,1903010716,2,2,0,-56,128,0,15,14,14,14,14,14,14,13,13,13,13,13,13,14,14,14,14,14,14,13,13,13,13,13,13,12,0,0,0,0,0,0,0,0,0,0,0,11,12,12,13,13,13,15,14,14,14,14,14,14,14,13,14,14,13,14,13,14,14,14,15,15,15,0,55,52,54,52,53,53,50,50,50,52,53,50,51,51,52,53,51,55,55,54,52,50,50,51,49,49,48,49,0,0,0,0,0,0,0,41,45,44,46,48,50,49,53,54,55,53,53,56,54,54,52,51,54,53,52,53,52,52,53,53,55,54,54
20260804_021426_df8648,1785806173433928,1903110953,2,2,0,-57,128,0,14,14,13,14,14,14,14,14,14,14,15,15,15,15,16,16,16,16,16,17,17,17,16,16,16,17,0,0,0,0,0,0,0,0,0,0,0,5,5,5,5,5,5,5,6,7,7,7,7,8,8,9,9,9,9,10,10,11,11,12,12,12,12,0,53,55,54,57,56,57,58,58,58,61,62,60,62,63,66,66,68,66,69,69,69,67,70,68,70,68,68,67,0,0,0,0,0,0,0,21,22,22,21,21,23,25,24,25,27,29,28,30,31,32,34,35,38,38,41,40,42,46,47,49,49,52,51
20260804_021426_df8648,1785806173532118,1903210891,2,2,0,-58,128,0,13,13,13,13,12,12,12,12,12,12,12,12,12,13,13,14,14,13,13,14,14,15,15,15,15,16,0,0,0,0,0,0,0,0,0,0,0,9,9,9,10,11,11,12,12,12,13,13,12,13,13,13,13,13,13,13,13,13,13,13,13,14,13,0,53,50,50,49,52,51,48,47,48,47,48,50,51,52,52,52,53,55,55,58,58,58,59,61,62,62,60,65,0,0,0,0,0,0,0,34,36,35,37,39,43,44,45,45,50,49,48,51,51,50,52,52,50,52,51,53,54,53,54,54,55,55,54
20260804_021426_df8648,1785806173635290,1903310616,2,2,0,-55,128,0,13,14,14,13,13,13,13,13,13,13,14,14,14,14,14,15,15,15,15,15,15,15,15,15,15,15,0,0,0,0,0,0,0,0,0,0,0,6,7,7,8,8,9,9,9,10,10,10,11,11,11,11,12,12,12,12,13,12,13,13,13,14,13,0,56,56,56,54,54,55,55,55,53,54,56,55,55,57,56,59,58,60,60,61,61,59,60,60,60,59,58,59,0,0,0,0,0,0,0,24,25,26,28,32,32,34,34,38,38,39,43,43,45,47,45,47,48,49,48,51,50,51,52,52,55,56,55
20260804_021426_df8648,1785806173733656,1903410828,2,2,0,-55,128,0,16,15,15,14,14,14,14,14,14,13,13,14,13,13,13,14,13,13,14,13,13,13,13,13,13,13,0,0,0,0,0,0,0,0,0,0,0,9,9,10,12,12,13,13,14,14,14,14,15,15,14,15,15,15,15,15,15,15,15,15,16,16,16,0,55,54,54,54,53,52,51,52,51,51,50,48,49,49,49,49,50,49,51,50,50,48,47,47,48,47,47,47,0,0,0,0,0,0,0,31,34,35,39,40,42,44,47,49,49,53,52,55,54,54,54,54,55,54,55,55,54,57,56,56,56,56,54
20260804_021426_df8648,1785806173832935,1903510817,2,2,0,-58,128,0,14,14,14,14,13,13,13,12,12,12,12,11,11,11,11,10,10,10,11,10,10,10,10,11,10,11,0,0,0,0,0,0,0,0,0,0,0,11,12,13,13,13,14,14,14,15,15,15,15,15,15,15,15,15,15,15,15,15,15,15,16,15,15,0,27,27,27,26,25,26,25,24,23,22,22,22,21,20,21,21,20,20,20,19,20,20,19,20,20,20,21,22,0,0,0,0,0,0,0,19,20,21,23,24,24,26,27,27,28,28,28,28,29,29,28,28,28,28,27,31,29,29,29,28,29,29,28
20260804_021426_df8648,1785806173930884,1903610897,2,2,0,-61,128,0,15,15,14,14,14,14,14,14,13,13,14,13,13,13,13,13,13,13,13,13,13,14,14,14,14,15,0,0,0,0,0,0,0,0,0,0,0,6,6,8,8,9,9,10,11,12,12,13,13,14,14,14,14,14,15,14,15,14,15,15,15,15,15,0,61,61,61,58,58,56,55,53,51,53,52,52,51,52,52,51,51,53,51,51,53,53,52,54,56,58,57,62,0,0,0,0,0,0,0,19,21,25,27,30,34,37,38,42,43,48,48,48,52,53,54,55,55,57,56,58,59,60,59,60,60,61,60
20260804_021426_df8648,1785806174035068,1903710848,2,2,0,-57,128,0,15,14,15,14,14,14,14,14,14,13,13,14,14,15,14,16,15,17,16,16,16,17,16,17,17,17,0,0,0,0,0,0,0,0,0,0,0,8,8,8,9,10,11,11,11,12,13,13,13,14,13,13,13,14,13,13,13,14,14,14,14,14,14,0,57,57,55,55,54,53,51,53,53,54,56,54,54,56,57,58,58,60,61,61,63,62,61,64,63,61,64,65,0,0,0,0,0,0,0,23,25,28,29,33,34,37,38,42,44,44,47,46,48,49,49,50,50,49,49,50,52,53,54,53,53,55,52
20260804_021426_df8648,1785806174179135,1903855864,2,2,0,-60,128,0,13,14,14,14,14,14,14,14,14,15,15,15,15,16,17,17,18,18,19,19,19,19,20,19,20,20,0,0,0,0,0,0,0,0,0,0,0,6,6,6,7,8,8,9,9,9,10,9,10,10,10,10,11,10,11,11,12,12,12,12,13,13,13,0,26,26,27,27,26,26,26,26,27,27,28,28,29,29,30,31,32,32,33,34,35,36,36,35,37,37,36,37,0,0,0,0,0,0,0,9,10,11,11,12,13,14,15,16,18,18,18,17,18,19,20,19,20,21,21,21,21,22,22,23,23,24,24
20260804_021426_df8648,1785806174237141,1903911784,2,2,0,-56,128,0,14,15,14,14,14,14,14,14,14,14,14,14,14,15,15,16,16,16,17,17,17,18,18,18,17,18,0,0,0,0,0,0,0,0,0,0,0,8,8,9,10,11,11,11,12,12,13,12,13,13,13,12,13,12,13,12,13,13,13,13,13,13,13,0,54,55,54,52,53,54,53,53,53,53,54,55,55,56,59,60,62,62,65,65,66,65,65,64,67,64,67,64,0,0,0,0,0,0,0,28,29,31,33,35,38,38,38,41,43,42,46,45,47,47,47,45,46,45,45,47,46,47,47,49,48,52,50
20260804_021426_df8648,1785806174334825,1904011065,2,2,0,-55,128,0,13,13,13,13,13,13,12,12,12,12,12,12,12,14,14,14,15,15,15,15,15,15,16,16,16,15,0,0,0,0,0,0,0,0,0,0,0,9,10,10,10,11,11,12,12,12,13,13,12,13,12,12,12,12,12,12,12,12,12,12,13,13,13,0,51,52,51,52,51,50,50,49,49,50,49,50,52,53,53,55,56,56,56,59,61,58,59,59,60,61,60,59,0,0,0,0,0,0,0,32,35,36,39,39,42,45,44,47,48,49,51,49,51,50,51,49,50,49,48,49,49,49,50,48,52,52,50
20260804_021426_df8648,1785806174433512,1904110837,2,2,0,-57,128,0,15,15,15,15,15,14,15,14,14,15,15,15,15,16,15,15,15,16,16,16,16,16,16,16,16,16,0,0,0,0,0,0,0,0,0,0,0,7,7,8,9,9,10,10,10,11,12,12,12,11,13,12,13,13,13,13,13,13,13,13,13,14,15,0,55,57,57,56,56,56,54,55,55,56,56,56,56,57,59,61,60,63,64,63,65,62,65,62,62,61,64,64,0,0,0,0,0,0,0,23,25,27,27,29,33,34,38,38,41,41,43,43,45,46,46,45,47,48,48,47,49,50,50,53,54,55,56
20260804_021426_df8648,1785806174536555,1904212599,2,2,0,-57,128,0,14,13,14,13,13,13,13,13,13,13,13,13,13,13,14,13,14,14,14,15,15,16,15,16,15,15,0,0,0,0,0,0,0,0,0,0,0,7,8,8,9,9,9,11,11,11,13,12,12,12,12,13,13,12,13,12,13,12,12,14,13,13,14,0,54,55,54,54,52,52,53,52,51,51,52,52,55,53,55,56,56,58,57,58,61,59,61,60,61,60,60,60,0,0,0,0,0,0,0,25,27,28,30,35,36,39,39,41,45,47,49,47,48,50,50,50,49,52,51,51,51,54,53,53,55,56,56
20260804_021426_df8648,1785806174635877,1904313926,2,2,0,-60,128,0,15,15,16,14,14,12,13,13,14,13,13,13,12,12,12,13,14,13,13,13,14,14,13,14,14,14,0,0,0,0,0,0,0,0,0,0,0,7,8,8,9,10,11,11,12,12,13,14,14,14,14,14,14,15,15,15,15,15,15,15,16,16,16,0,63,64,60,57,57,56,52,45,53,52,47,51,51,49,49,49,52,52,52,56,57,55,54,57,56,56,62,59,0,0,0,0,0,0,0,22,23,27,29,32,36,38,40,44,46,48,52,52,53,54,55,56,59,56,58,58,58,59,59,60,60,62,60
20260804_021426_df8648,1785806174733701,1904410511,2,2,0,-59,128,0,16,16,14,15,14,14,14,14,13,13,13,13,13,13,13,12,12,12,12,12,12,12,12,12,12,12,0,0,0,0,0,0,0,0,0,0,0,11,11,12,13,14,14,15,16,16,16,17,16,16,16,16,16,16,16,16,16,15,16,16,16,16,16,0,57,54,54,52,53,51,50,48,47,48,49,47,45,46,46,46,45,47,46,44,45,43,44,45,43,46,44,46,0,0,0,0,0,0,0,35,37,38,41,44,48,48,51,54,56,57,57,60,59,60,59,58,59,59,57,57,57,57,57,58,57,57,55
20260804_021426_df8648,1785806174832715,1904510903,2,2,0,-59,128,0,14,15,15,14,14,14,14,14,14,14,14,15,15,15,15,15,16,16,17,17,17,17,16,16,17,17,0,0,0,0,0,0,0,0,0,0,0,8,9,9,9,10,10,11,12,12,13,13,13,12,12,13,13,13,13,13,13,13,13,14,14,14,14,0,55,55,55,54,53,54,54,54,54,55,53,55,56,57,58,59,60,61,62,64,65,65,64,64,63,65,65,66,0,0,0,0,0,0,0,26,26,31,32,32,36,38,40,43,44,46,47,47,48,49,49,48,48,49,51,50,51,51,52,51,52,52,52
20260804_021426_df8648,1785806174936763,1904611413,2,2,0,-58,128,0,14,14,14,14,14,13,13,13,13,13,12,13,13,14,14,14,14,14,15,15,15,15,15,15,15,16,0,0,0,0,0,0,0,0,0,0,0,9,9,9,11,11,11,13,13,13,13,13,13,14,14,14,14,14,14,14,14,14,14,14,14,14,14,0,51,53,52,50,51,49,49,48,50,51,49,48,49,48,50,52,54,53,56,55,55,57,56,59,56,56,60,62,0,0,0,0,0,0,0,27,31,32,35,37,40,41,43,45,47,48,50,52,54,51,53,50,51,54,52,54,53,55,53,53,54,52,52
20260804_021426_df8648,1785806175035981,1904713228,2,2,0,-55,128,0,15,16,16,15,15,15,14,14,14,14,14,14,14,14,14,14,14,14,14,14,13,13,13,13,11,12,0,0,0,0,0,0,0,0,0,0,0,11,12,12,14,14,14,15,15,15,16,16,16,16,15,15,15,15,15,16,16,16,16,16,16,16,16,0,58,56,57,55,54,55,53,51,52,52,52,52,51,51,50,50,52,51,49,49,48,45,45,45,43,42,41,42,0,0,0,0,0,0,0,39,41,42,44,47,49,49,51,51,53,55,57,57,56,57,55,57,58,55,56,55,59,57,59,57,57,57,57
20260804_021426_df8648,1785806175133051,1904811032,2,2,0,-53,128,0,15,16,16,14,16,15,14,14,14,14,15,15,16,15,16,16,16,16,17,17,16,16,16,16,15,16,0,0,0,0,0,0,0,0,0,0,0,9,9,11,11,11,11,11,12,12,12,13,13,13,13,13,13,13,14,13,14,15,15,14,15,15,15,0,57,54,55,53,55,54,53,57,51,53,55,54,58,58,55,58,59,59,62,59,58,60,57,59,57,59,55,57,0,0,0,0,0,0,0,31,32,33,35,35,39,40,40,43,43,44,45,46,46,46,48,49,49,49,49,51,50,53,53,53,55,55,57
20260804_021426_df8648,1785806175235996,1904911847,2,2,0,-57,128,0,16,16,16,15,14,14,15,14,14,14,14,14,14,13,14,14,14,14,15,15,16,16,16,16,16,16,0,0,0,0,0,0,0,0,0,0,0,6,7,8,9,9,9,10,10,11,12,12,13,13,14,14,13,14,14,14,14,15,15,15,16,16,15,0,64,64,59,58,55,56,55,56,53,53,53,52,52,54,55,56,52,59,56,60,59,57,59,58,58,57,58,59,0,0,0,0,0,0,0,18,20,23,25,28,30,33,34,37,40,42,45,46,47,50,51,51,52,50,55,53,54,58,57,59,60,61,60
20260804_021426_df8648,1785806175334122,1905012213,2,2,0,-58,128,0,14,14,14,14,13,13,14,14,13,14,13,13,13,13,14,14,14,15,15,15,15,15,15,15,15,15,0,0,0,0,0,0,0,0,0,0,0,11,12,12,13,13,14,15,15,16,16,15,15,15,16,15,15,15,15,16,15,15,15,15,15,15,15,0,55,53,54,52,50,49,49,50,52,50,50,47,48,49,51,52,52,52,53,53,55,54,55,54,56,55,54,55,0,0,0,0,0,0,0,35,36,39,41,43,46,48,49,52,53,55,55,57,57,58,57,56,58,58,56,55,55,56,56,56,54,55,54
20260804_021426_df8648,1785806175432104,1905111010,2,2,0,-55,128,0,14,14,14,14,14,14,13,13,13,13,13,13,13,13,13,14,14,14,14,13,14,14,13,14,14,14,0,0,0,0,0,0,0,0,0,0,0,9,10,10,12,12,13,13,14,14,13,14,14,14,14,14,14,14,14,14,14,14,14,14,15,15,15,0,56,56,52,50,52,52,50,50,49,50,48,49,48,49,50,51,52,52,52,53,53,55,53,52,53,54,51,52,0,0,0,0,0,0,0,32,33,36,38,38,43,46,48,49,51,53,53,55,54,54,53,57,56,54,54,54,54,54,54,55,54,55,54
20260804_021426_df8648,1785806175535636,1905212411,2,2,0,-62,128,0,15,15,16,15,15,15,15,15,14,15,14,14,14,14,14,14,15,14,15,15,15,15,15,15,15,15,0,0,0,0,0,0,0,0,0,0,0,6,7,8,8,9,9,10,10,10,11,11,12,12,12,12,12,12,12,13,13,14,14,14,15,15,15,0,31,30,30,30,29,29,29,28,28,28,28,27,28,27,27,27,28,28,29,29,29,29,30,29,29,30,29,29,0,0,0,0,0,0,0,11,13,14,14,16,16,17,18,20,19,21,20,22,22,23,23,23,24,24,24,26,25,26,27,27,28,29,29
20260804_021426_df8648,1785806175645816,1905321814,2,2,0,-63,128,0,14,15,11,13,14,14,15,13,14,14,13,13,14,13,14,14,14,14,14,15,16,16,16,15,14,15,0,0,0,0,0,0,0,0,0,0,0,8,8,8,9,10,10,10,11,11,11,12,12,12,12,12,12,12,12,13,13,13,13,13,13,14,14,0,55,65,53,52,59,63,59,53,45,50,53,55,52,54,54,55,53,57,59,59,59,61,57,57,59,58,60,60,0,0,0,0,0,0,0,27,29,30,33,36,36,38,41,43,44,45,43,46,48,44,48,47,45,45,48,50,47,50,50,52,55,55,57
20260804_021426_df8648,1785806175733126,1905411119,2,2,0,-61,128,0,13,12,12,12,11,11,11,10,10,11,11,11,11,11,12,12,13,13,13,14,14,14,14,14,15,15,0,0,0,0,0,0,0,0,0,0,0,12,13,13,13,14,14,14,14,15,15,14,14,14,14,14,14,14,13,13,12,13,13,13,13,13,13,0,49,47,45,47,45,46,44,43,42,44,42,41,45,44,48,49,51,52,55,56,55,57,58,59,60,61,59,59,0,0,0,0,0,0,0,44,46,47,50,53,53,56,57,57,59,59,58,57,58,55,54,54,53,51,50,49,47,47,49,48,50,49,49
20260804_021426_df8648,1785806175836163,1905511078,2,2,0,-57,128,0,13,13,13,13,12,13,12,12,12,12,12,12,12,12,14,14,14,15,15,15,15,15,15,15,15,15,0,0,0,0,0,0,0,0,0,0,0,9,10,10,11,12,12,13,13,13,13,14,14,14,14,13,13,14,13,13,13,14,13,14,13,14,13,0,53,52,50,50,49,48,48,47,47,49,48,48,49,51,50,52,54,56,57,57,59,57,59,58,59,59,56,57,0,0,0,0,0,0,0,33,35,36,39,42,44,45,47,51,50,52,52,52,52,49,51,52,50,51,52,51,49,53,51,50,50,52,51
20260804_021426_df8648,1785806175933896,1905611117,2,2,0,-54,128,0,13,13,14,14,13,13,13,13,13,13,14,14,14,14,14,14,15,15,15,15,15,15,15,15,15,15,0,0,0,0,0,0,0,0,0,0,0,6,6,6,7,8,8,9,9,9,10,10,10,11,11,11,11,12,11,12,12,12,12,12,13,13,13,0,57,58,58,58,57,59,57,55,56,56,56,56,59,58,60,61,62,62,64,63,64,61,63,63,62,60,60,61,0,0,0,0,0,0,0,21,22,23,26,28,30,34,34,37,40,41,43,44,46,46,47,46,49,48,50,49,51,52,53,54,55,56,55
20260804_021426_df8648,1785806176032349,1905710693,2,2,0,-56,128,0,13,13,13,13,13,13,13,13,13,14,13,13,12,12,14,14,15,14,15,15,15,15,14,14,14,14,0,0,0,0,0,0,0,0,0,0,0,10,10,10,10,11,12,12,13,14,14,13,13,13,13,13,13,13,12,12,14,14,13,14,13,15,14,0,53,52,49,50,52,51,50,49,49,50,50,49,51,51,50,52,53,55,55,56,56,55,54,55,54,55,51,53,0,0,0,0,0,0,0,33,34,35,37,40,43,43,44,47,48,50,51,52,52,53,52,49,51,51,51,48,53,53,53,53,51,53,53
20260804_021426_df8648,1785806176133041,1905810907,2,2,0,-57,128,0,14,15,15,15,15,15,15,14,14,14,15,15,14,15,15,15,16,16,16,16,16,15,15,15,15,15,0,0,0,0,0,0,0,0,0,0,0,10,10,10,11,12,12,12,13,13,13,13,13,13,14,13,14,12,14,14,14,13,14,14,14,14,14,0,55,54,56,55,55,55,53,54,53,54,54,52,53,54,56,57,57,58,59,58,58,59,57,57,56,56,54,55,0,0,0,0,0,0,0,31,34,36,35,38,42,44,45,45,49,47,48,49,49,50,49,49,48,48,50,51,50,51,51,51,52,53,54
20260804_021426_df8648,1785806176231957,1905910835,2,2,0,-58,128,0,14,14,14,14,14,13,14,13,13,13,14,14,14,14,15,15,15,15,15,16,15,15,15,15,15,14,0,0,0,0,0,0,0,0,0,0,0,6,7,7,7,8,9,9,9,9,10,11,11,11,11,11,11,12,12,12,12,12,13,13,13,13,14,0,59,57,57,59,56,55,56,55,56,56,57,55,53,57,58,58,58,61,60,59,60,60,60,60,60,61,60,61,0,0,0,0,0,0,0,23,23,25,26,29,31,33,33,36,39,41,42,42,43,44,45,47,47,46,48,47,48,51,51,53,53,54,54
20260804_021426_df8648,1785806176334867,1906010744,2,2,0,-60,128,0,14,14,14,14,14,14,14,14,14,14,14,14,14,14,14,15,15,15,15,16,16,16,16,15,15,14,0,0,0,0,0,0,0,0,0,0,0,7,7,8,8,9,9,9,10,10,10,10,11,11,11,11,11,12,12,12,12,12,12,13,13,13,14,0,57,55,56,57,56,56,56,55,54,56,57,55,55,59,57,58,59,59,59,61,60,60,60,59,60,59,58,58,0,0,0,0,0,0,0,25,27,27,29,31,33,34,37,38,38,40,41,42,44,44,44,45,43,47,47,46,48,48,50,51,51,54,55
20260804_021426_df8648,1785806176433566,1906111067,2,2,0,-58,128,0,13,14,14,14,14,14,15,14,15,15,15,16,16,16,16,17,17,18,18,18,18,19,18,18,18,18,0,0,0,0,0,0,0,0,0,0,0,7,8,8,8,8,9,9,10,10,10,10,11,11,10,11,11,11,11,12,11,12,12,12,13,13,13,0,25,26,26,26,26,27,27,27,27,27,28,29,30,31,31,32,32,33,34,33,35,33,33,34,32,33,33,33,0,0,0,0,0,0,0,10,12,12,13,14,15,15,17,18,18,18,20,19,20,20,20,21,20,20,20,21,21,22,22,24,24,24,24
20260804_021426_df8648,1785806176537104,1906212593,2,2,0,-57,128,0,13,14,14,14,14,14,14,13,14,14,14,15,14,14,15,15,15,16,16,17,17,16,16,16,16,16,0,0,0,0,0,0,0,0,0,0,0,9,9,9,10,11,11,11,11,12,13,13,11,12,12,11,12,11,11,11,12,11,13,13,12,13,13,0,51,52,52,53,52,53,52,54,54,54,57,57,56,57,61,60,61,63,65,64,64,65,64,62,63,61,62,60,0,0,0,0,0,0,0,32,33,35,38,38,39,41,45,44,47,47,47,48,48,47,45,45,47,45,45,44,47,46,48,49,50,47,49
20260804_021426_df8648,1785806176634587,1906312894,2,2,0,-61,128,0,12,11,12,13,12,12,13,12,13,13,14,13,13,15,17,16,18,17,18,18,19,19,19,19,21,21,0,0,0,0,0,0,0,0,0,0,0,9,9,10,10,11,12,12,12,12,11,11,12,11,11,12,11,10,12,11,10,10,12,13,12,12,11,0,22,22,23,24,24,24,23,24,26,26,27,26,28,29,30,32,32,34,35,36,36,37,37,38,39,41,39,42,0,0,0,0,0,0,0,16,17,17,18,21,20,20,23,23,24,22,23,23,22,22,21,23,21,21,20,22,21,21,21,21,21,21,21
20260804_021426_df8648,1785806176732459,1906410836,2,2,0,-65,128,0,4,4,3,3,3,4,4,5,6,7,8,9,10,12,12,14,15,17,18,19,20,21,22,22,23,24,0,0,0,0,0,0,0,0,0,0,0,14,15,16,17,18,18,19,18,18,18,18,17,16,16,16,15,15,13,13,12,11,10,9,9,7,6,0,8,5,4,5,5,6,7,10,12,12,14,17,18,19,23,25,28,30,33,34,37,38,40,40,42,44,44,44,0,0,0,0,0,0,0,25,27,26,29,31,32,33,32,32,33,34,33,33,32,30,29,28,27,24,25,22,22,21,19,17,15,13,12
20260804_021426_df8648,1785806176835395,1906514803,2,2,0,-63,128,0,12,12,13,13,13,14,14,14,14,15,16,15,16,16,17,18,19,19,20,20,21,20,21,22,22,21,0,0,0,0,0,0,0,0,0,0,0,2,2,2,1,1,1,1,1,1,1,1,2,2,3,3,4,4,5,5,6,8,8,8,9,10,10,0,23,25,25,26,26,28,28,28,28,30,32,31,33,33,35,36,38,38,40,40,40,40,41,41,41,40,42,42,0,0,0,0,0,0,0,3,3,4,3,2,3,2,2,2,2,2,2,3,5,5,7,7,9,9,10,13,14,15,16,17,19,21,21
20260804_021426_df8648,1785806176933210,1906611162,2,2,0,-62,128,0,13,13,14,14,14,14,14,15,15,15,15,16,16,17,17,18,18,19,18,19,19,19,20,20,20,20,0,0,0,0,0,0,0,0,0,0,0,3,3,3,3,3,3,4,4,4,4,4,5,5,6,6,6,7,7,8,9,9,9,10,11,12,12,0,26,27,28,28,29,29,28,30,30,31,31,31,32,33,34,34,34,36,37,37,37,38,39,38,38,38,39,39,0,0,0,0,0,0,0,7,7,7,7,8,8,7,7,7,8,8,9,8,9,11,11,12,13,13,14,16,16,18,19,20,21,23,22
20260804_021426_df8648,1785806177032388,1906712666,2,2,0,-57,128,0,13,13,13,15,14,14,14,14,15,15,16,16,16,16,17,17,18,18,19,19,19,19,19,19,19,19,0,0,0,0,0,0,0,0,0,0,0,5,6,5,6,6,6,7,7,8,8,8,8,9,9,9,9,10,10,10,10,11,11,11,12,12,13,0,26,26,28,28,29,30,29,30,29,30,31,31,33,33,33,35,36,37,38,37,38,38,37,38,37,38,37,37,0,0,0,0,0,0,0,9,9,9,10,11,11,11,12,13,13,14,15,16,16,16,17,17,17,18,19,20,20,21,22,22,23,25,26
20260804_021426_df8648,1785806177130544,1906813125,2,2,0,-59,128,0,12,12,13,13,13,14,14,14,14,16,15,16,16,16,17,17,18,18,18,19,19,19,19,19,19,18,0,0,0,0,0,0,0,0,0,0,0,1,1,0,0,1,1,2,2,3,3,4,4,5,5,6,7,7,7,7,8,8,9,10,10,11,11,0,25,25,25,27,26,28,28,29,29,30,30,30,32,32,33,35,35,35,36,37,37,37,38,38,37,37,38,38,0,0,0,0,0,0,0,3,2,1,1,0,1,1,2,4,5,6,6,8,9,10,10,11,13,13,15,15,16,17,18,19,21,23,24
20260804_021426_df8648,1785806177228870,1906910964,2,2,0,-58,128,0,12,12,13,13,14,13,14,14,15,16,16,16,17,17,18,19,19,19,20,20,20,20,20,20,21,21,0,0,0,0,0,0,0,0,0,0,0,2,2,2,2,2,3,3,3,4,4,4,4,6,6,6,7,8,8,8,9,9,9,9,10,10,11,0,24,26,26,27,26,28,27,29,29,31,31,32,32,34,35,36,37,38,40,39,39,40,40,41,41,39,40,40,0,0,0,0,0,0,0,4,5,4,5,4,4,5,6,6,6,7,9,8,9,10,10,11,13,13,14,14,17,18,18,20,21,22,23
20260804_021426_df8648,1785806177361455,1907041711,2,2,0,-58,128,0,14,14,14,14,14,14,14,14,14,15,15,15,16,15,16,16,16,16,17,17,17,16,16,16,16,16,0,0,0,0,0,0,0,0,0,0,0,6,5,6,6,7,7,8,8,8,9,9,10,10,10,10,10,10,11,11,11,12,13,12,12,13,13,0,27,28,27,28,27,28,28,28,28,29,29,28,29,29,31,31,32,32,33,33,33,33,34,33,32,31,32,31,0,0,0,0,0,0,0,10,9,10,11,13,12,13,14,15,16,16,17,18,18,20,20,19,20,21,22,21,23,22,24,25,25,26,26
20260804_021426_df8648,1785806177437199,1907114610,2,2,0,-59,128,0,13,13,13,13,14,14,14,14,14,14,15,15,16,16,16,17,17,17,19,19,19,17,19,19,18,18,0,0,0,0,0,0,0,0,0,0,0,10,10,11,11,11,11,11,12,12,11,11,11,11,10,10,11,11,11,11,11,11,11,12,12,12,13,0,25,24,25,25,25,26,26,26,26,28,29,29,30,29,31,33,32,33,35,34,35,34,36,34,35,34,35,32,0,0,0,0,0,0,0,17,18,18,19,20,20,21,21,21,22,21,21,22,21,21,20,20,21,20,20,20,21,21,22,23,22,23,24
20260804_021426_df8648,1785806177534475,1907211149,2,2,0,-61,128,0,13,13,13,13,14,14,13,14,14,14,15,15,15,16,16,17,17,17,18,18,19,19,19,20,20,20,0,0,0,0,0,0,0,0,0,0,0,9,10,10,10,10,11,11,11,11,11,11,11,11,11,11,11,11,11,11,11,12,12,11,13,12,12,0,24,25,25,25,25,26,26,26,26,26,26,28,28,29,31,31,32,34,35,35,36,37,36,36,38,38,37,38,0,0,0,0,0,0,0,16,17,18,18,18,19,19,18,21,21,21,21,20,21,22,20,20,21,20,20,21,22,22,22,22,22,24,23
20260804_021426_df8648,1785806177633916,1907312850,2,2,0,-61,128,0,14,14,14,14,14,14,14,14,13,13,14,13,14,15,14,15,15,16,16,16,16,16,16,16,17,17,0,0,0,0,0,0,0,0,0,0,0,10,10,10,12,11,11,12,13,13,13,13,13,13,14,13,12,13,13,13,14,13,14,14,14,14,14,0,55,55,56,53,54,53,52,52,52,50,52,52,52,54,52,56,55,58,58,60,60,61,61,61,61,62,60,59,0,0,0,0,0,0,0,32,35,36,37,38,41,42,45,46,45,47,49,48,48,49,50,49,47,47,49,50,49,51,53,51,52,55,54
20260804_021426_df8648,1785806177732063,1907410705,2,2,0,-68,128,0,3,1,1,1,2,3,3,4,5,5,6,6,7,7,6,7,8,9,9,10,11,12,12,13,13,15,0,0,0,0,0,0,0,0,0,0,0,21,22,23,23,23,22,24,22,22,21,20,19,17,16,15,14,13,12,10,10,9,9,7,5,5,4,0,4,2,3,4,3,5,6,8,9,9,11,10,12,12,13,14,15,17,17,20,21,22,22,24,27,29,27,31,0,0,0,0,0,0,0,39,40,41,42,43,43,44,43,44,42,41,40,37,35,33,32,29,27,26,22,21,19,17,17,13,12,10,9
20260804_021426_df8648,1785806177830980,1907510451,2,2,0,-61,128,0,12,12,12,10,10,10,9,9,9,9,9,9,9,9,9,9,9,9,10,10,10,9,10,11,10,11,0,0,0,0,0,0,0,0,0,0,0,15,16,17,17,18,18,18,19,18,18,17,17,17,17,16,16,16,16,15,15,15,14,14,14,14,13,0,24,23,21,20,20,19,18,18,18,17,17,16,17,16,17,16,17,19,19,17,18,19,19,19,19,20,20,21,0,0,0,0,0,0,0,28,29,30,31,32,34,34,34,34,35,35,36,34,34,33,32,32,32,28,28,28,29,28,28,27,26,26,25
20260804_021426_df8648,1785806177934324,1907610632,2,2,0,-63,128,0,13,13,13,13,13,13,13,13,13,13,13,13,13,13,14,15,15,16,16,16,17,17,17,17,18,18,0,0,0,0,0,0,0,0,0,0,0,11,11,12,12,13,14,14,14,14,14,14,14,14,14,14,13,13,13,13,13,13,13,13,13,13,13,0,25,25,24,24,24,25,24,23,24,24,24,24,25,25,27,27,28,28,30,31,31,32,32,33,34,34,34,33,0,0,0,0,0,0,0,20,20,21,22,23,24,25,25,25,27,27,27,26,27,27,25,25,25,24,24,25,24,25,24,25,25,25,24
20260804_021426_df8648,1785806178032960,1907710810,2,2,0,-56,128,0,15,15,15,15,14,14,14,15,14,14,14,14,14,14,14,14,15,15,15,15,15,15,15,15,14,14,0,0,0,0,0,0,0,0,0,0,0,10,11,11,11,12,12,13,13,13,14,14,14,14,14,14,14,14,14,14,14,15,15,14,15,15,15,0,57,56,55,56,54,52,52,52,54,54,51,52,52,52,54,54,56,56,55,57,55,55,56,54,53,53,52,52,0,0,0,0,0,0,0,32,34,36,38,40,40,43,44,47,47,50,51,51,51,50,50,49,51,51,51,52,52,51,53,55,55,55,55
20260804_021426_df8648,1785806178131947,1907810785,2,2,0,-58,128,0,13,14,13,13,13,13,12,11,12,13,13,12,13,13,13,13,13,14,15,15,14,14,14,14,14,14,0,0,0,0,0,0,0,0,0,0,0,10,10,11,12,12,12,12,12,13,14,13,14,13,14,13,13,13,13,13,13,13,13,13,13,13,13,0,52,54,52,51,50,51,50,48,50,48,50,52,51,52,53,53,54,55,55,56,56,56,58,56,57,56,56,56,0,0,0,0,0,0,0,38,40,40,43,45,45,49,48,51,50,53,53,51,53,53,52,53,53,51,50,51,51,51,51,52,53,53,51
20260804_021426_df8648,1785806178234926,1907911730,2,2,0,-59,128,0,12,13,12,13,12,12,12,11,12,12,12,13,13,14,13,14,14,14,15,15,15,15,15,15,15,15,0,0,0,0,0,0,0,0,0,0,0,13,13,13,14,14,14,14,14,15,15,14,14,13,13,13,13,12,12,11,11,11,12,12,12,12,12,0,47,45,48,46,48,48,47,46,45,47,49,48,51,52,53,55,56,59,63,61,60,61,60,61,62,61,58,59,0,0,0,0,0,0,0,48,49,50,51,53,55,56,58,58,58,56,55,55,53,53,50,47,48,47,48,46,46,46,45,45,46,44,48
20260804_021426_df8648,1785806178333719,1908011609,2,2,0,-56,128,0,15,14,14,13,13,13,13,12,12,11,11,11,11,11,12,12,12,12,11,10,12,11,11,10,10,9,0,0,0,0,0,0,0,0,0,0,0,12,13,13,13,14,15,16,16,16,16,16,16,16,16,15,15,15,15,15,15,15,16,16,15,15,15,0,54,53,51,51,48,49,46,44,44,45,45,43,44,42,43,43,42,43,43,41,43,41,41,38,37,38,36,37,0,0,0,0,0,0,0,42,44,45,47,49,50,54,55,57,59,59,61,60,60,61,59,56,58,57,57,54,56,55,56,57,58,55,54
20260804_021426_df8648,1785806178438400,1908112800,2,2,0,-60,128,0,13,13,13,13,13,13,14,13,14,14,14,14,14,14,15,16,16,16,16,16,17,17,16,17,16,16,0,0,0,0,0,0,0,0,0,0,0,13,13,14,14,15,15,16,15,15,15,15,15,15,14,13,14,13,13,13,14,14,14,13,14,14,14,0,48,51,52,51,49,50,49,49,48,49,51,52,50,51,55,55,57,57,62,59,59,57,58,59,61,59,58,61,0,0,0,0,0,0,0,45,45,46,47,50,51,55,53,54,55,55,56,54,52,54,51,50,51,47,51,49,49,48,49,49,51,50,50
20260804_021426_df8648,1785806178535791,1908212917,2,2,0,-56,128,0,15,15,14,13,14,14,14,13,14,14,14,14,14,14,14,15,15,15,14,15,14,14,14,14,14,14,0,0,0,0,0,0,0,0,0,0,0,10,10,11,12,12,12,13,13,13,13,13,13,14,14,13,13,14,13,14,13,14,14,13,14,14,14,0,56,57,56,57,54,56,54,54,52,53,54,53,53,54,55,55,56,56,59,56,56,55,52,53,52,55,51,52,0,0,0,0,0,0,0,35,36,38,40,42,43,44,48,48,49,50,52,52,52,51,51,51,51,55,51,51,52,53,55,55,55,57,56
20260804_021426_df8648,1785806178633253,1908310983,2,2,0,-61,128,0,13,14,14,14,14,14,15,15,15,15,15,15,15,16,16,16,17,17,17,17,18,17,17,17,17,17,0,0,0,0,0,0,0,0,0,0,0,8,9,9,10,9,9,10,11,11,11,10,10,10,10,11,11,11,11,12,11,11,13,12,12,14,14,0,53,56,55,57,55,56,56,55,57,58,57,59,59,61,61,62,64,64,66,66,67,66,66,64,68,67,65,64,0,0,0,0,0,0,0,30,32,34,34,33,33,35,38,38,39,40,40,40,40,38,40,40,41,40,42,42,44,47,48,49,49,53,53
20260804_021426_df8648,1785806178732247,1908410936,2,2,0,-58,128,0,14,14,14,14,14,13,14,14,14,13,13,14,14,15,15,15,16,16,15,15,15,15,15,15,15,15,0,0,0,0,0,0,0,0,0,0,0,9,8,8,9,9,10,10,10,10,10,11,11,11,11,11,11,12,12,12,12,12,13,13,13,14,13,0,54,55,55,56,55,55,55,54,55,55,55,55,56,57,57,59,61,59,61,60,61,63,61,60,61,62,59,62,0,0,0,0,0,0,0,30,31,31,33,36,37,38,39,40,41,41,42,43,45,45,44,46,44,46,48,48,49,49,48,50,54,54,53
20260804_021426_df8648,1785806178831081,1908510973,2,2,0,-62,128,0,11,11,11,11,11,10,10,10,9,9,10,10,9,10,10,11,11,11,11,11,12,12,12,12,11,12,0,0,0,0,0,0,0,0,0,0,0,16,16,16,16,16,17,17,17,17,17,17,16,16,15,15,14,13,13,13,13,13,13,13,13,13,12,0,46,46,46,43,43,43,42,41,39,41,40,40,40,42,42,43,45,44,46,44,48,48,46,47,49,49,49,51,0,0,0,0,0,0,0,60,62,63,64,64,67,67,68,69,69,67,67,66,64,64,61,59,55,58,53,53,51,52,51,50,51,48,47
20260804_021426_df8648,1785806178934677,1908611278,2,2,0,-60,128,0,15,15,15,15,14,14,14,14,14,14,14,13,13,14,14,15,14,14,15,15,14,14,14,14,14,14,0,0,0,0,0,0,0,0,0,0,0,10,11,12,12,13,12,13,13,13,14,14,14,14,14,14,14,14,14,14,14,14,14,14,15,15,15,0,56,58,55,56,55,53,53,52,52,54,52,52,52,52,52,53,54,54,55,54,54,53,52,53,53,53,51,52,0,0,0,0,0,0,0,35,38,38,40,41,43,45,48,50,48,52,53,52,52,51,51,53,53,51,51,52,53,53,55,53,58,58,57
20260804_021426_df8648,1785806179035024,1908713181,2,2,0,-63,128,0,13,13,13,13,12,13,11,12,11,12,12,12,12,12,13,13,13,14,14,15,15,15,15,15,15,16,0,0,0,0,0,0,0,0,0,0,0,14,14,15,16,17,16,16,17,17,17,17,17,16,16,14,15,14,14,14,14,14,15,14,14,13,13,0,47,49,47,46,45,45,44,42,42,43,44,41,42,45,47,47,48,52,52,53,53,52,57,55,57,57,58,58,0,0,0,0,0,0,0,52,51,52,52,56,55,60,57,59,59,62,62,59,59,56,56,54,56,52,52,53,48,50,53,51,48,49,48
20260804_021426_df8648,1785806179133797,1908810843,2,2,0,-62,128,0,10,10,10,9,10,10,10,10,10,10,9,10,10,11,11,11,11,13,13,13,13,14,14,15,14,16,0,0,0,0,0,0,0,0,0,0,0,16,17,16,17,16,18,17,17,17,17,17,15,15,14,14,14,13,12,12,11,11,11,11,11,11,9,0,38,37,36,38,37,36,36,36,35,38,37,37,39,41,43,45,46,49,50,52,52,56,55,57,57,59,60,62,0,0,0,0,0,0,0,59,62,61,63,66,66,67,66,68,68,66,65,62,60,58,57,53,53,49,48,46,45,45,44,43,42,41,40
20260804_021426_df8648,1785806179233027,1908910854,2,2,0,-55,128,0,14,14,14,14,14,13,13,13,14,13,13,14,14,14,14,14,14,15,14,15,15,15,14,14,14,14,0,0,0,0,0,0,0,0,0,0,0,7,8,9,9,9,9,9,10,11,11,11,11,11,11,11,11,12,12,12,12,13,13,13,13,14,14,0,56,57,54,55,55,55,53,53,52,55,52,52,55,55,56,56,57,55,57,57,57,57,56,53,55,54,54,51,0,0,0,0,0,0,0,29,29,30,31,34,35,38,36,40,41,42,44,44,44,47,46,47,46,46,47,47,48,50,52,51,53,54,54
20260804_021426_df8648,1785806179336591,1909010779,2,2,0,-57,128,0,13,13,13,13,13,13,13,12,14,13,13,13,13,14,14,14,14,14,14,14,14,14,14,14,14,14,0,0,0,0,0,0,0,0,0,0,0,8,10,10,11,11,11,12,12,13,13,13,12,12,12,12,12,12,12,12,13,13,13,13,13,13,14,0,55,53,53,52,51,51,51,50,52,51,51,51,53,51,52,54,56,57,58,57,57,57,57,55,57,59,54,55,0,0,0,0,0,0,0,35,35,35,38,40,40,42,44,46,46,49,49,48,48,49,48,49,47,47,49,49,50,49,51,50,53,50,53
20260804_021426_df8648,1785806179435604,1909111032,2,2,0,-55,128,0,13,14,14,13,13,13,12,12,11,12,11,11,11,11,11,11,11,12,11,11,11,11,10,10,9,9,0,0,0,0,0,0,0,0,0,0,0,14,15,16,16,16,16,17,17,17,18,17,17,17,17,16,16,16,16,15,16,16,16,16,15,16,15,0,27,27,23,25,25,22,20,20,21,21,20,20,20,18,21,21,21,18,20,20,21,18,18,18,17,16,16,15,0,0,0,0,0,0,0,24,24,25,26,28,28,30,29,30,30,32,31,31,31,30,29,29,28,27,28,27,27,28,27,27,26,28,27
20260804_021426_df8648,1785806179534692,1909213794,2,2,0,-58,128,0,13,13,12,14,14,13,15,13,13,13,13,13,13,14,14,14,14,14,14,15,14,15,14,14,14,14,0,0,0,0,0,0,0,0,0,0,0,8,9,10,10,10,11,12,12,13,12,12,13,12,13,12,12,12,12,12,13,12,13,13,13,13,14,0,54,54,61,55,54,45,50,53,54,54,54,55,53,54,54,57,54,54,54,56,57,59,55,55,53,56,54,52,0,0,0,0,0,0,0,31,33,34,36,38,41,42,43,45,48,49,49,48,51,50,50,51,49,48,50,50,51,53,52,53,51,54,55
20260804_021426_df8648,1785806179633891,1909310907,2,2,0,-61,128,0,14,15,14,15,16,15,15,16,16,17,17,17,17,17,18,18,20,20,20,20,20,20,20,20,20,21,0,0,0,0,0,0,0,0,0,0,0,2,2,2,2,1,3,2,3,3,4,5,5,5,6,7,8,8,9,9,9,9,11,11,12,12,14,0,26,27,28,29,28,29,29,31,30,32,33,33,33,33,36,36,37,37,40,39,39,38,39,38,39,38,39,39,0,0,0,0,0,0,0,6,4,4,4,3,3,3,4,4,5,5,7,9,9,11,12,12,13,16,16,17,18,20,21,23,22,24,25
20260804_021426_df8648,1785806179732598,1909411657,2,2,0,-56,128,0,13,13,14,14,14,14,13,14,14,14,14,15,15,14,15,16,15,16,17,17,16,17,16,16,16,16,0,0,0,0,0,0,0,0,0,0,0,6,7,6,6,8,9,9,9,9,9,10,9,10,10,10,11,10,9,12,11,11,12,12,12,12,14,0,54,55,55,56,55,55,55,56,58,58,58,56,59,60,60,62,64,66,64,65,65,65,64,62,62,62,61,61,0,0,0,0,0,0,0,22,24,25,26,30,30,29,33,34,34,36,39,38,39,38,40,40,41,42,43,43,43,45,46,47,49,52,52
20260804_021426_df8648,1785806179835971,1909513175,2,2,0,-59,128,0,14,14,14,14,14,14,13,13,13,13,13,13,13,14,14,15,15,15,15,16,15,16,16,16,16,16,0,0,0,0,0,0,0,0,0,0,0,8,8,8,9,9,10,10,10,10,11,11,11,11,11,11,11,11,11,11,12,12,12,12,13,13,13,0,55,55,56,54,56,55,54,54,54,53,54,55,56,57,56,58,60,62,62,61,62,62,62,62,62,65,62,63,0,0,0,0,0,0,0,29,31,31,34,34,36,37,38,40,40,41,42,43,43,43,44,45,42,45,45,48,46,49,49,49,52,53,54
20260804_021426_df8648,1785806179934526,1909613167,2,2,0,-61,128,0,13,13,14,14,13,14,14,14,14,14,15,15,15,16,17,17,19,19,19,20,20,20,21,21,21,21,0,0,0,0,0,0,0,0,0,0,0,2,2,2,3,2,3,4,4,4,4,4,5,5,6,6,7,7,8,8,9,9,9,10,11,11,12,0,25,26,25,27,27,27,27,28,29,29,31,30,29,32,32,35,35,38,38,39,39,40,40,40,41,42,39,43,0,0,0,0,0,0,0,4,4,4,4,5,4,5,6,6,7,7,10,9,11,12,12,13,14,14,15,16,18,19,19,21,23,23,24
20260804_021426_df8648,1785806180032970,1909710932,2,2,0,-65,128,0,16,16,16,16,16,16,16,16,16,15,16,16,16,16,16,17,17,18,18,18,19,19,19,19,19,19,0,0,0,0,0,0,0,0,0,0,0,5,6,6,6,6,7,7,8,9,9,9,10,10,11,11,11,11,11,13,13,14,14,14,14,15,15,0,30,31,32,30,31,30,30,30,28,30,31,29,29,30,31,31,32,33,33,34,35,35,35,35,35,36,36,36,0,0,0,0,0,0,0,8,8,9,9,10,10,11,12,14,14,15,16,17,18,19,19,20,20,21,22,21,23,25,25,25,27,29,28
20260804_021426_df8648,1785806180131578,1909811316,2,2,0,-65,128,0,14,15,14,16,15,16,16,16,16,18,18,18,18,18,20,20,20,20,21,21,22,21,22,22,22,22,0,0,0,0,0,0,0,0,0,0,0,8,8,8,8,8,8,8,8,8,6,6,7,6,6,6,6,6,7,7,8,8,9,9,11,12,12,0,24,26,26,26,27,28,29,28,30,30,31,31,32,34,33,36,35,38,38,40,39,38,38,39,39,42,39,39,0,0,0,0,0,0,0,14,14,13,14,13,14,13,15,14,13,14,12,12,10,10,10,11,9,12,12,14,15,14,14,17,19,21,21
20260804_021426_df8648,1785806180228542,1909910981,2,2,0,-65,128,0,12,13,13,13,13,13,14,14,14,15,16,15,17,17,17,18,18,19,20,21,21,22,22,22,22,22,0,0,0,0,0,0,0,0,0,0,0,8,8,8,6,6,6,6,5,4,3,3,2,1,1,2,2,2,3,5,5,6,7,8,9,10,11,0,23,25,26,27,28,29,28,28,28,30,31,30,31,33,33,36,37,39,42,41,43,41,42,43,42,44,43,44,0,0,0,0,0,0,0,14,13,14,13,13,13,13,13,10,9,8,5,5,4,4,4,4,5,6,8,11,11,13,14,16,18,19,21
20260804_021426_df8648,1785806180332587,1910010669,2,2,0,-63,128,0,14,15,15,15,14,15,15,15,14,16,15,15,15,16,17,17,18,19,19,19,20,20,21,20,20,21,0,0,0,0,0,0,0,0,0,0,0,4,4,3,3,3,3,3,3,4,4,5,5,6,6,7,7,8,8,9,10,10,11,11,12,12,14,0,26,30,28,30,28,29,29,30,29,30,31,30,31,32,32,33,34,34,37,38,38,38,40,39,40,39,40,40,0,0,0,0,0,0,0,8,7,7,8,6,6,5,5,6,8,7,8,9,10,11,12,13,15,15,18,18,18,19,21,22,23,25,26
20260804_021426_df8648,1785806180432026,1910111133,2,2,0,-66,128,0,13,13,13,14,14,14,14,14,14,15,15,15,15,15,16,16,17,17,18,18,18,18,19,19,18,18,0,0,0,0,0,0,0,0,0,0,0,7,7,8,9,9,9,10,9,10,10,10,10,10,10,10,10,10,10,10,11,11,10,11,11,12,12,0,25,26,25,26,26,26,26,27,26,26,27,27,28,27,28,30,32,32,32,34,34,33,33,35,35,33,34,35,0,0,0,0,0,0,0,12,13,13,13,15,16,17,17,18,19,18,20,19,20,19,18,19,19,17,19,19,18,19,20,22,22,23,24
20260804_021426_df8648,1785806180530057,1910210426,2,2,0,-60,128,0,15,15,16,15,15,15,15,15,15,15,16,15,16,16,16,17,18,18,18,18,18,18,18,18,18,18,0,0,0,0,0,0,0,0,0,0,0,7,8,8,9,9,9,10,10,10,10,10,11,11,11,11,11,12,11,12,12,12,13,14,14,14,14,0,28,29,28,28,28,29,28,29,27,29,29,29,29,30,31,32,33,33,34,34,35,34,35,34,34,33,34,32,0,0,0,0,0,0,0,13,13,13,14,15,16,16,16,17,19,19,20,20,20,21,21,20,21,21,22,23,23,23,24,25,27,27,27
20260804_021426_df8648,1785806180634400,1910311982,2,2,0,-65,128,0,11,11,11,10,11,10,10,10,10,10,11,11,12,12,13,13,14,14,16,16,16,16,17,17,18,18,0,0,0,0,0,0,0,0,0,0,0,13,14,14,15,15,15,15,14,15,15,14,14,14,13,13,12,12,12,12,12,11,11,12,11,11,11,0,22,21,19,19,21,19,20,18,20,19,21,22,24,22,23,25,26,28,29,30,31,32,33,33,34,35,35,35,0,0,0,0,0,0,0,23,24,26,26,26,27,28,28,27,28,29,27,28,26,27,25,25,24,22,22,23,22,23,22,21,22,22,21
20260804_021426_df8648,1785806180732821,1910412389,2,2,0,-63,128,0,12,12,12,13,12,12,12,11,11,11,12,11,11,11,11,12,12,12,13,13,13,13,13,13,14,14,0,0,0,0,0,0,0,0,0,0,0,10,9,10,11,12,13,13,14,14,14,14,14,14,14,14,13,15,14,14,13,13,13,12,13,13,13,0,51,50,51,47,50,49,47,47,47,45,46,47,46,45,46,46,46,50,49,51,51,54,54,54,55,55,53,58,0,0,0,0,0,0,0,33,35,37,41,44,46,48,48,52,56,56,58,57,58,58,58,60,57,58,54,54,57,54,55,52,52,51,53
20260804_021426_df8648,1785806180837129,1910512455,2,2,0,-62,128,0,15,15,15,15,15,15,15,15,15,15,15,15,15,15,16,16,16,17,17,17,17,17,17,17,16,17,0,0,0,0,0,0,0,0,0,0,0,8,8,9,9,10,10,11,11,12,11,12,12,11,12,12,13,13,13,13,13,14,14,14,15,15,15,0,27,27,28,29,28,29,28,28,29,29,28,27,27,28,29,30,30,32,32,32,32,31,31,32,32,30,30,31,0,0,0,0,0,0,0,13,14,15,15,16,17,19,19,20,21,22,21,22,22,23,22,21,23,22,24,25,25,24,25,25,26,27,28
20260804_021426_df8648,1785806180936715,1910613884,2,2,0,-63,128,0,13,13,13,13,12,12,12,11,11,12,12,11,12,12,12,12,13,13,13,13,14,15,15,15,16,15,0,0,0,0,0,0,0,0,0,0,0,8,9,10,10,11,11,12,12,13,14,13,13,14,13,13,14,13,14,13,14,13,14,13,14,13,14,0,53,51,51,49,50,49,48,48,47,47,47,44,47,47,47,49,49,52,54,52,57,55,55,58,57,60,61,60,0,0,0,0,0,0,0,30,31,34,36,37,40,43,47,47,50,51,52,54,52,55,53,55,54,52,52,50,50,53,53,53,53,53,54
20260804_021426_df8648,1785806181034545,1910711616,2,2,0,-66,128,0,13,13,13,14,15,14,15,14,16,16,17,16,16,17,16,17,17,17,17,17,18,17,18,18,17,18,0,0,0,0,0,0,0,0,0,0,0,9,10,9,10,11,11,10,11,11,11,11,10,10,10,10,9,9,9,10,10,9,10,10,11,12,12,0,24,25,26,26,27,29,28,28,29,29,30,30,30,30,29,30,30,30,33,32,33,32,32,32,32,34,33,36,0,0,0,0,0,0,0,16,17,16,19,18,20,20,19,21,21,21,20,20,21,20,18,18,18,18,18,18,19,20,18,20,21,23,23
20260804_021426_df8648,1785806181131941,1910811444,2,2,0,-66,128,0,14,14,14,13,13,13,13,13,13,13,13,12,13,13,13,14,15,15,16,16,17,18,18,18,18,19,0,0,0,0,0,0,0,0,0,0,0,9,10,10,11,11,11,11,12,12,13,13,12,13,13,12,13,12,13,13,13,13,13,13,14,14,14,0,53,55,51,51,47,51,51,47,46,48,48,46,47,49,52,52,55,57,59,62,67,65,71,71,74,72,76,77,0,0,0,0,0,0,0,34,36,34,35,38,39,42,41,45,43,45,47,48,47,44,48,47,48,45,48,48,49,49,48,51,50,52,51
20260804_021426_df8648,1785806181230382,1910913754,2,2,0,-66,128,0,9,9,11,11,11,11,13,13,13,14,14,15,17,18,19,19,21,21,22,23,24,24,25,26,26,25,0,0,0,0,0,0,0,0,0,0,0,4,5,4,5,4,4,4,4,4,4,3,3,3,3,2,2,2,3,3,3,4,4,6,6,7,8,0,17,19,20,20,23,23,24,25,26,28,28,29,32,34,35,37,39,40,43,44,45,47,48,48,49,50,49,51,0,0,0,0,0,0,0,9,10,9,9,9,9,9,9,8,8,8,8,6,6,6,6,6,5,5,6,6,6,8,9,10,12,13,15
20260804_021426_df8648,1785806181340343,1911018269,2,2,0,-60,128,0,13,13,13,13,13,13,13,12,12,12,12,12,12,12,13,13,14,14,14,14,14,14,14,14,14,15,0,0,0,0,0,0,0,0,0,0,0,10,11,10,11,12,12,13,14,14,14,14,14,14,14,15,14,15,14,15,15,14,15,14,15,14,14,0,51,52,52,50,49,48,48,48,47,47,46,47,49,48,48,50,50,50,53,52,53,53,55,53,53,54,53,54,0,0,0,0,0,0,0,32,34,37,40,41,44,48,47,49,51,52,56,53,53,55,55,54,53,53,52,53,54,53,53,53,54,54,53
20260804_021426_df8648,1785806181437658,1911114091,2,2,0,-57,128,0,13,13,13,13,12,12,12,12,12,11,12,12,12,12,12,13,13,14,14,14,14,14,15,14,15,15,0,0,0,0,0,0,0,0,0,0,0,10,11,12,13,13,13,14,14,14,14,14,14,14,13,13,13,13,13,13,13,13,13,13,13,13,13,0,49,49,51,47,48,48,46,47,47,46,48,48,47,47,51,52,54,55,56,56,58,58,56,57,58,57,58,60,0,0,0,0,0,0,0,37,39,41,45,45,47,49,52,54,54,55,54,57,54,53,54,54,52,51,52,50,49,51,50,50,50,48,50
20260804_021426_df8648,1785806181536328,1911211741,2,2,0,-55,128,0,14,14,14,13,14,13,13,13,13,13,13,13,13,14,13,14,14,14,14,14,14,14,14,14,14,14,0,0,0,0,0,0,0,0,0,0,0,8,9,9,10,11,11,11,11,12,12,13,13,13,13,14,13,13,13,14,14,14,14,14,14,14,14,0,55,54,54,54,52,52,51,50,52,50,52,51,51,53,51,54,54,55,56,55,56,55,54,54,53,55,51,52,0,0,0,0,0,0,0,30,30,31,35,37,40,41,43,45,47,49,50,50,51,52,53,52,52,52,51,53,52,54,55,54,55,56,55
20260804_021426_df8648,1785806181634761,1911311464,2,2,0,-57,128,0,14,14,14,14,14,14,14,14,14,15,15,15,15,15,15,16,16,17,17,17,17,17,17,17,17,17,0,0,0,0,0,0,0,0,0,0,0,8,9,10,11,10,11,12,12,13,12,13,13,13,12,13,13,13,13,13,13,13,14,13,13,14,14,0,52,53,53,53,54,54,53,53,53,54,54,55,55,56,57,59,58,61,63,64,65,64,64,64,65,65,63,64,0,0,0,0,0,0,0,28,31,32,34,36,39,40,42,44,45,47,46,48,49,48,48,49,48,50,47,49,49,48,50,50,49,51,52
20260804_021426_df8648,1785806181732428,1911411554,2,2,0,-53,128,0,15,15,15,15,14,15,14,14,15,15,14,14,14,15,15,16,15,16,16,16,16,15,15,15,15,15,0,0,0,0,0,0,0,0,0,0,0,6,6,6,7,8,9,9,10,11,11,11,12,12,12,12,13,13,12,13,13,13,14,14,14,15,15,0,60,59,59,58,58,58,57,56,57,57,57,56,57,59,59,62,59,62,63,61,62,61,59,58,59,60,56,58,0,0,0,0,0,0,0,19,23,23,26,27,30,31,35,37,40,42,43,43,47,47,47,49,50,49,50,52,52,53,55,55,54,59,58
20260804_021426_df8648,1785806181836964,1911511837,2,2,0,-57,128,0,14,15,14,13,13,14,14,14,14,14,14,14,14,14,15,15,15,16,16,17,17,17,17,17,17,17,0,0,0,0,0,0,0,0,0,0,0,10,11,12,12,13,13,13,13,14,14,14,14,14,14,14,14,14,14,14,13,13,13,13,13,14,14,0,52,53,51,49,50,51,50,51,48,51,50,51,51,53,53,54,56,58,59,58,60,60,61,61,61,61,60,60,0,0,0,0,0,0,0,35,38,38,38,41,43,47,46,48,51,49,52,52,52,50,51,50,50,49,50,50,49,50,51,50,52,54,52
20260804_021426_df8648,1785806181935329,1911611658,2,2,0,-55,128,0,16,16,15,14,14,14,14,13,14,13,14,13,12,13,13,13,13,13,13,13,12,12,13,12,12,12,0,0,0,0,0,0,0,0,0,0,0,7,8,9,10,10,10,11,12,12,13,13,13,13,14,14,14,14,13,13,14,14,15,14,16,15,16,0,60,57,58,58,56,52,52,54,54,52,52,51,46,49,49,50,50,50,49,50,48,51,50,48,48,46,47,46,0,0,0,0,0,0,0,25,27,28,32,34,39,38,39,43,46,48,49,47,52,53,53,49,55,52,55,57,56,59,58,59,59,56,59
20260804_021426_df8648,1785806182034243,1911711516,2,2,0,-55,128,0,15,15,15,14,14,13,14,13,13,13,14,13,13,13,13,13,13,13,14,14,14,13,13,13,13,13,0,0,0,0,0,0,0,0,0,0,0,8,8,9,9,9,11,10,12,12,13,13,13,13,13,13,13,14,13,14,14,14,14,15,14,14,14,0,58,56,57,57,54,54,54,54,53,47,52,56,52,51,51,58,52,55,56,53,55,54,52,52,54,54,50,53,0,0,0,0,0,0,0,22,25,29,31,33,40,35,44,46,48,51,47,52,54,52,54,56,52,56,55,58,56,55,56,57,59,55,57
20260804_021426_df8648,1785806182131964,1911811225,2,2,0,-60,128,0,14,15,15,15,14,14,14,14,14,14,14,14,14,14,16,16,16,16,17,17,17,17,17,17,17,17,0,0,0,0,0,0,0,0,0,0,0,4,4,5,6,6,7,8,9,9,9,10,10,11,11,12,12,12,12,12,13,13,13,14,14,14,14,0,29,28,28,27,28,28,27,27,26,27,27,27,28,29,28,30,30,32,32,32,33,33,33,33,33,35,33,35,0,0,0,0,0,0,0,5,6,7,9,9,11,13,13,15,16,17,18,19,20,20,23,23,23,24,23,24,25,26,26,27,27,27,27
20260804_021426_df8648,1785806182235371,1911911717,2,2,0,-58,128,0,16,16,16,16,16,15,15,15,14,14,14,14,14,14,15,15,15,16,16,16,16,16,16,16,16,17,0,0,0,0,0,0,0,0,0,0,0,6,7,8,8,10,10,11,11,12,12,13,13,13,13,13,13,14,14,14,14,15,15,14,14,16,15,0,58,57,59,55,57,55,55,54,53,53,54,53,52,55,53,57,57,59,59,59,60,61,59,62,62,66,61,63,0,0,0,0,0,0,0,21,23,24,28,28,33,33,37,39,42,45,46,47,48,50,49,51,50,53,51,53,54,55,55,56,58,57,59
20260804_021426_df8648,1785806182333658,1912011633,2,2,0,-56,128,0,15,15,15,15,15,15,15,15,14,14,14,14,14,14,15,15,15,15,15,15,15,15,15,15,15,15,0,0,0,0,0,0,0,0,0,0,0,8,9,10,10,11,11,12,12,12,14,14,14,14,13,13,14,14,14,13,14,14,14,15,15,15,15,0,57,57,56,56,56,55,54,53,55,53,55,53,53,54,54,57,55,57,57,59,60,59,57,58,57,59,57,58,0,0,0,0,0,0,0,26,31,33,35,37,40,40,44,47,48,49,49,51,52,51,53,51,51,51,53,54,53,53,54,55,55,55,58
20260804_021426_df8648,1785806182435750,1912111839,2,2,0,-57,128,0,13,14,13,13,13,13,14,13,13,13,13,13,14,14,14,14,16,16,17,16,17,17,18,17,17,18,0,0,0,0,0,0,0,0,0,0,0,7,8,9,10,10,10,11,12,12,13,13,13,14,13,13,14,13,13,13,13,14,13,13,13,13,13,0,52,53,52,52,50,51,50,52,50,51,52,51,53,53,55,57,58,62,64,63,65,66,66,69,69,69,71,70,0,0,0,0,0,0,0,24,25,29,30,34,35,40,41,43,45,45,50,48,50,49,50,50,49,49,49,52,51,52,51,50,49,51,51
20260804_021426_df8648,1785806182534505,1912211823,2,2,0,-58,128,0,14,13,13,13,14,14,14,14,14,14,15,15,15,16,16,16,16,17,17,17,18,18,18,18,18,18,0,0,0,0,0,0,0,0,0,0,0,6,6,6,7,8,9,9,9,9,10,11,11,11,11,13,11,13,12,13,13,13,13,13,13,13,13,0,27,27,27,26,26,28,26,27,28,28,28,28,29,30,31,30,32,32,34,34,34,34,34,34,35,35,34,35,0,0,0,0,0,0,0,11,10,12,13,13,13,14,15,17,17,18,19,21,20,20,22,21,23,24,22,24,25,23,23,26,25,26,25
20260804_021426_df8648,1785806182632739,1912311788,2,2,0,-58,128,0,16,16,16,16,15,15,14,14,14,14,13,13,13,13,14,13,14,14,14,13,14,14,14,13,14,14,0,0,0,0,0,0,0,0,0,0,0,7,8,9,10,11,11,12,13,13,14,15,15,15,15,16,16,16,16,16,16,16,17,17,16,16,16,0,60,61,58,56,53,54,52,52,52,49,49,49,49,49,50,49,50,49,50,48,52,50,51,51,54,53,51,51,0,0,0,0,0,0,0,21,23,27,30,32,35,37,42,43,48,51,51,51,54,55,55,59,59,58,56,60,59,61,59,60,61,62,60
20260804_021426_df8648,1785806182736238,1912413621,2,2,0,-62,128,0,15,15,15,14,14,14,14,14,14,14,14,14,14,14,14,15,16,16,16,16,17,17,18,18,18,18,0,0,0,0,0,0,0,0,0,0,0,6,6,8,8,9,9,9,11,11,12,12,12,12,13,13,13,13,13,13,14,13,13,15,14,15,15,0,55,53,56,52,53,52,52,52,51,52,53,52,52,52,56,55,58,58,62,62,62,65,67,66,68,71,72,72,0,0,0,0,0,0,0,16,20,21,23,26,30,32,35,39,40,41,43,45,45,47,47,48,48,50,49,48,51,54,51,53,55,54,53
20260804_021426_df8648,1785806182834650,1912513716,2,2,0,-56,128,0,15,15,15,15,15,15,15,15,14,15,14,14,15,15,15,15,15,16,16,16,16,16,16,16,16,17,0,0,0,0,0,0,0,0,0,0,0,7,8,8,9,9,9,10,11,11,12,12,12,12,13,13,13,13,13,14,14,14,14,14,14,15,15,0,29,29,28,28,28,28,28,27,28,27,28,28,27,29,30,30,29,31,32,31,32,32,32,32,31,32,31,32,0,0,0,0,0,0,0,11,13,13,14,15,17,17,19,20,20,22,22,23,24,24,24,25,25,25,25,25,27,27,27,26,28,28,29
20260804_021426_df8648,1785806182936965,1912611772,2,2,0,-58,128,0,14,14,14,13,13,13,12,12,11,13,12,12,12,13,13,13,13,13,13,13,14,13,14,14,14,14,0,0,0,0,0,0,0,0,0,0,0,10,11,11,11,12,13,13,13,14,14,14,15,15,15,14,15,14,14,14,14,14,14,14,14,13,14,0,53,52,51,50,50,50,47,48,48,48,47,47,47,47,49,50,50,51,51,53,54,53,54,52,52,53,55,56,0,0,0,0,0,0,0,32,35,36,38,43,45,48,51,53,52,55,56,56,59,58,57,56,57,57,56,56,55,56,55,53,55,54,53
20260804_021426_df8648,1785806183035991,1912713125,2,2,0,-55,128,0,14,14,13,13,13,12,13,12,12,12,12,12,13,13,13,13,13,13,13,14,14,14,14,14,14,14,0,0,0,0,0,0,0,0,0,0,0,9,10,10,12,12,12,12,13,13,13,14,14,15,14,14,14,14,14,14,14,14,14,14,14,15,14,0,52,51,50,49,49,49,47,45,45,47,45,45,47,47,47,47,50,50,51,53,52,53,53,54,53,55,53,54,0,0,0,0,0,0,0,32,32,34,35,41,41,46,46,47,49,52,52,53,54,56,54,55,54,54,53,54,55,55,54,54,54,54,53
20260804_021426_df8648,1785806183133258,1912811563,2,2,0,-54,128,0,13,13,13,13,13,13,13,13,12,12,13,13,13,13,13,14,14,14,14,14,14,14,14,14,14,13,0,0,0,0,0,0,0,0,0,0,0,8,9,9,11,11,11,12,12,13,13,13,13,13,13,13,13,13,13,14,13,14,14,13,13,14,13,0,54,50,53,50,53,52,50,49,50,47,50,51,52,53,50,53,53,55,53,54,55,57,54,54,55,57,52,54,0,0,0,0,0,0,0,30,32,33,37,38,43,41,45,47,47,51,50,51,51,53,52,54,51,54,50,53,53,54,52,52,53,54,52
20260804_021426_df8648,1785806183237182,1912912455,2,2,0,-53,128,0,15,15,15,15,15,15,14,14,14,14,14,15,15,14,15,14,15,14,14,14,14,14,14,13,14,13,0,0,0,0,0,0,0,0,0,0,0,7,8,8,9,9,9,10,10,11,12,12,12,12,13,13,13,13,13,14,14,14,14,15,15,15,15,0,61,60,60,58,57,57,57,56,55,57,55,56,55,56,57,55,57,56,56,55,56,54,54,53,52,52,51,50,0,0,0,0,0,0,0,23,26,27,30,32,34,37,39,41,42,46,46,47,49,49,51,50,53,53,53,53,55,57,57,57,59,60,58
20260804_021426_df8648,1785806183335172,1913011630,2,2,0,-55,128,0,15,15,15,15,15,14,14,14,14,15,15,16,16,16,16,16,16,16,17,17,17,17,17,17,16,16,0,0,0,0,0,0,0,0,0,0,0,10,11,12,11,12,12,12,13,13,13,13,13,13,13,13,13,13,13,13,13,14,14,14,14,14,14,0,55,53,54,54,54,55,53,54,53,54,55,56,55,56,56,59,57,60,59,59,60,59,59,59,59,60,59,60,0,0,0,0,0,0,0,34,35,35,39,39,41,43,44,46,47,47,47,48,49,48,48,48,47,49,49,48,49,48,51,51,51,55,54
20260804_021426_df8648,1785806183440000,1913115447,2,2,0,-56,128,0,17,17,17,16,16,15,14,14,15,15,14,16,14,14,14,14,15,14,14,14,14,13,14,13,13,13,0,0,0,0,0,0,0,0,0,0,0,6,6,6,7,8,9,9,11,11,11,11,13,13,13,13,14,14,14,14,15,16,15,15,16,17,16,0,65,61,61,60,58,55,56,53,54,54,61,56,51,51,50,55,55,53,56,52,54,51,52,54,51,52,50,52,0,0,0,0,0,0,0,20,21,23,24,29,31,36,36,37,42,44,43,48,45,47,48,49,49,51,55,53,60,56,64,62,68,58,60
20260804_021426_df8648,1785806183532144,1913211858,2,2,0,-52,128,0,16,15,15,15,15,15,14,14,15,14,14,14,14,15,15,15,15,15,15,15,15,14,14,14,14,14,0,0,0,0,0,0,0,0,0,0,0,8,8,9,9,10,11,11,11,12,12,13,13,13,13,13,13,13,13,13,14,15,15,15,15,16,16,0,59,59,57,58,56,55,54,55,55,55,55,54,56,55,56,55,56,57,56,56,56,56,54,52,53,51,50,51,0,0,0,0,0,0,0,26,28,30,33,33,35,37,40,43,45,47,47,49,50,51,50,51,54,52,53,52,54,56,56,58,56,58,57
20260804_021426_df8648,1785806183635785,1913311813,2,2,0,-56,128,0,14,14,14,14,14,14,15,14,14,13,14,14,14,15,14,15,15,15,15,15,15,15,15,14,14,14,0,0,0,0,0,0,0,0,0,0,0,6,6,7,8,8,8,9,10,11,11,12,12,12,12,12,12,12,12,13,13,13,14,14,14,14,14,0,59,57,58,56,57,54,56,54,56,54,56,54,56,58,55,57,57,58,57,57,57,58,56,55,54,55,52,54,0,0,0,0,0,0,0,19,21,24,25,29,31,33,35,38,41,43,43,43,47,48,49,49,47,50,49,51,51,53,55,53,55,56,56
20260804_021426_df8648,1785806183733796,1913411558,2,2,0,-60,128,0,14,15,12,14,14,15,15,13,13,12,12,13,13,13,12,13,12,12,11,12,12,12,12,12,12,12,0,0,0,0,0,0,0,0,0,0,0,11,11,12,11,12,12,13,13,13,14,13,14,14,14,14,14,14,14,14,15,15,15,15,15,16,16,0,27,28,26,28,27,27,26,22,24,26,25,25,25,25,24,24,24,26,22,25,21,24,24,22,24,24,23,25,0,0,0,0,0,0,0,18,19,19,20,22,23,23,23,24,25,26,26,25,26,27,28,26,28,27,28,29,28,29,28,29,30,29,29
20260804_021426_df8648,1785806183831721,1913511630,2,2,0,-56,128,0,18,18,18,18,17,17,17,16,16,16,16,15,15,15,15,16,15,14,13,13,13,13,13,12,12,12,0,0,0,0,0,0,0,0,0,0,0,8,9,9,10,11,11,12,13,13,13,13,14,15,15,15,15,15,16,16,16,16,17,17,17,18,18,0,31,33,32,32,30,31,29,30,29,30,28,27,27,26,27,26,27,25,25,24,25,23,22,21,20,19,20,19,0,0,0,0,0,0,0,13,14,14,15,18,18,19,20,21,22,24,24,24,25,26,27,27,29,28,29,29,29,30,30,32,32,32,33
20260804_021426_df8648,1785806183935251,1913611576,2,2,0,-59,128,0,16,16,16,16,16,16,16,16,16,16,15,16,16,16,16,16,16,16,16,16,16,15,16,15,15,15,0,0,0,0,0,0,0,0,0,0,0,4,4,5,5,6,6,6,8,8,9,9,10,11,11,11,11,13,12,13,14,14,14,15,15,16,15,0,62,64,63,64,63,62,63,61,61,64,61,62,60,62,63,63,63,63,61,60,61,60,60,58,59,56,58,59,0,0,0,0,0,0,0,13,13,15,16,17,19,21,24,25,28,30,33,35,38,39,41,42,47,47,51,51,52,54,57,56,58,61,60
20260804_021426_df8648,1785806184091061,1913768541,2,2,0,-55,128,0,14,14,14,14,14,14,14,13,13,13,13,13,13,13,13,14,14,14,14,14,14,12,13,12,12,13,0,0,0,0,0,0,0,0,0,0,0,9,10,10,11,12,12,13,13,13,13,14,14,14,14,14,14,14,13,14,14,14,14,14,14,15,15,0,58,55,56,54,55,54,54,51,53,52,52,51,52,52,52,53,51,52,52,52,51,49,48,49,48,49,47,47,0,0,0,0,0,0,0,33,36,36,38,41,43,45,48,48,50,51,53,52,52,55,54,53,55,54,54,57,57,55,55,56,57,57,57
20260804_021426_df8648,1785806184131881,1913811205,2,2,0,-54,128,0,16,16,15,16,16,15,15,16,14,14,14,15,15,15,15,16,16,15,17,15,16,15,15,15,15,15,0,0,0,0,0,0,0,0,0,0,0,9,9,10,10,11,12,12,12,13,13,13,14,14,14,13,14,14,14,14,15,15,15,15,15,15,15,0,57,62,62,52,54,58,52,55,56,52,54,54,55,54,55,56,59,54,54,56,55,55,56,55,54,53,54,52,0,0,0,0,0,0,0,29,30,31,33,36,38,41,40,43,44,47,48,48,48,49,52,50,51,51,51,53,53,53,55,56,56,59,57
20260804_021426_df8648,1785806184236312,1913911388,2,2,0,-52,128,0,14,14,14,14,14,14,14,13,13,14,14,14,14,14,15,14,15,15,15,15,15,14,15,14,15,14,0,0,0,0,0,0,0,0,0,0,0,6,6,7,7,8,8,9,9,10,10,10,11,12,12,12,12,12,13,12,13,13,14,14,14,14,14,0,59,58,59,57,56,58,55,55,55,55,54,56,57,58,56,57,60,58,59,57,56,59,55,58,54,55,51,55,0,0,0,0,0,0,0,20,22,23,24,28,30,31,33,34,38,40,41,42,43,44,47,48,48,49,48,50,51,52,54,54,57,58,57
20260804_021426_df8648,1785806184334582,1914012293,2,2,0,-53,128,0,16,16,15,16,15,15,15,15,15,15,15,15,15,15,15,15,15,16,15,15,15,15,15,15,14,14,0,0,0,0,0,0,0,0,0,0,0,7,8,8,9,9,10,11,11,12,12,12,13,13,13,13,13,14,14,14,14,14,15,15,15,16,16,0,59,60,58,59,56,59,56,57,55,58,57,56,55,56,58,59,59,59,60,59,59,57,56,53,54,52,54,53,0,0,0,0,0,0,0,25,28,28,30,33,35,35,38,40,44,45,47,48,48,48,49,48,52,51,54,51,53,56,56,57,56,58,58
20260804_021426_df8648,1785806184434550,1914112584,2,2,0,-54,128,0,14,14,14,14,13,13,13,13,13,14,14,14,14,14,14,15,15,15,15,15,15,15,15,15,14,14,0,0,0,0,0,0,0,0,0,0,0,9,9,10,10,11,11,11,12,13,13,13,13,13,13,13,13,13,14,13,14,14,14,14,14,14,14,0,53,55,53,53,53,51,52,51,51,52,51,50,51,52,53,52,55,55,57,56,56,55,55,55,54,54,53,54,0,0,0,0,0,0,0,27,29,31,33,36,38,40,40,43,45,48,50,47,49,49,49,50,51,50,50,51,50,52,54,53,53,55,53
20260804_021426_df8648,1785806184532459,1914212311,2,2,0,-66,128,0,13,13,14,14,15,15,16,15,16,16,18,17,18,19,20,21,21,23,23,23,24,24,24,25,25,26,0,0,0,0,0,0,0,0,0,0,0,5,6,5,5,5,5,4,4,4,4,4,4,4,5,6,5,6,7,8,8,9,9,9,10,11,12,0,24,24,26,26,27,26,27,28,29,30,30,32,33,33,35,37,39,39,40,41,43,43,44,44,47,48,48,49,0,0,0,0,0,0,0,11,11,11,12,11,10,10,8,8,8,8,7,8,7,9,10,9,9,12,11,14,14,14,17,16,19,19,20
20260804_021426_df8648,1785806184631385,1914311463,2,2,0,-59,128,0,14,14,13,14,14,14,14,13,13,13,14,14,12,14,14,16,16,16,17,16,16,18,17,17,16,17,0,0,0,0,0,0,0,0,0,0,0,9,9,11,10,11,10,13,13,12,14,13,13,13,13,12,13,13,11,13,13,13,12,13,13,14,12,0,29,26,26,27,24,26,28,28,25,26,25,30,26,30,28,29,31,30,35,31,30,33,35,35,32,34,34,32,0,0,0,0,0,0,0,15,16,17,18,20,22,21,23,22,24,23,24,23,25,26,26,24,25,25,23,25,24,26,25,26,26,28,26
20260804_021426_df8648,1785806184735219,1914411478,2,2,0,-55,128,0,15,14,14,14,13,14,13,13,13,14,14,14,14,15,15,15,15,14,16,15,15,16,15,15,15,15,0,0,0,0,0,0,0,0,0,0,0,5,6,6,7,7,7,8,9,9,9,9,10,11,11,11,12,12,12,12,13,13,13,13,13,14,15,0,55,58,56,57,55,57,55,55,55,56,54,55,56,56,58,56,61,59,59,59,59,59,59,59,59,59,57,58,0,0,0,0,0,0,0,21,22,22,23,26,28,31,31,35,34,38,40,40,43,44,47,46,48,46,49,49,51,52,53,53,55,55,56
20260804_021426_df8648,1785806184832287,1914511850,2,2,0,-51,128,0,15,15,15,15,15,15,15,15,15,15,15,15,15,15,15,15,15,15,16,15,15,15,15,14,14,14,0,0,0,0,0,0,0,0,0,0,0,9,10,10,11,11,12,12,13,13,13,13,13,13,14,13,14,14,14,14,15,14,15,15,15,15,16,0,57,55,57,55,55,54,54,54,54,54,55,54,54,55,54,57,55,57,56,56,56,54,54,52,52,53,49,50,0,0,0,0,0,0,0,30,32,34,35,36,40,39,43,44,45,46,47,49,48,49,50,50,50,52,51,54,52,54,54,54,54,55,56
20260804_021426_df8648,1785806184934680,1914611702,2,2,0,-51,128,0,15,15,14,15,14,14,14,14,13,13,13,13,13,14,14,14,14,14,14,14,14,14,13,13,13,13,0,0,0,0,0,0,0,0,0,0,0,9,9,9,10,10,11,11,12,12,13,13,13,12,12,12,13,12,14,14,14,14,14,14,15,15,15,0,56,58,54,57,53,55,54,54,53,55,55,54,53,53,57,54,56,54,56,54,54,51,54,50,49,47,48,46,0,0,0,0,0,0,0,31,33,34,34,40,39,43,42,45,47,47,50,49,49,50,50,49,52,51,53,52,53,55,56,57,57,58,56
20260804_021426_df8648,1785806185038066,1914712717,2,2,0,-54,128,0,14,14,14,14,13,13,14,14,14,14,14,14,14,14,14,14,14,14,14,14,14,14,13,13,13,13,0,0,0,0,0,0,0,0,0,0,0,11,11,11,12,12,12,13,13,14,13,14,14,14,14,14,14,14,14,14,14,14,14,14,15,14,15,0,54,55,54,53,51,52,52,51,51,53,51,51,53,52,54,54,52,52,54,51,52,51,48,48,45,47,45,46,0,0,0,0,0,0,0,34,35,38,40,41,43,44,46,47,51,51,52,50,52,52,53,53,52,53,51,52,52,54,52,55,55,55,55
20260804_021426_df8648,1785806185136756,1914812400,2,2,0,-56,128,0,13,13,13,15,15,15,14,14,15,15,15,16,16,16,17,17,18,18,18,18,18,18,18,18,18,18,0,0,0,0,0,0,0,0,0,0,0,7,7,7,8,8,8,8,9,9,10,10,10,9,9,10,10,10,11,11,11,11,13,13,13,13,13,0,51,52,54,54,54,56,54,56,56,58,60,60,58,60,64,64,67,68,69,66,69,68,67,66,66,66,66,66,0,0,0,0,0,0,0,23,22,25,25,28,29,30,33,33,35,35,35,36,36,39,38,39,42,40,41,43,45,45,44,47,47,49,52
20260804_021426_df8648,1785806185235417,1914911525,2,2,0,-55,128,0,14,14,14,14,14,14,14,15,15,15,16,15,16,17,17,17,17,17,17,17,17,17,17,17,18,17,0,0,0,0,0,0,0,0,0,0,0,8,8,9,9,9,10,10,11,11,11,12,12,12,12,11,12,12,12,13,13,13,13,13,13,14,14,0,53,52,55,55,55,55,55,55,56,57,58,59,60,62,62,64,63,65,68,68,66,66,65,67,65,65,62,65,0,0,0,0,0,0,0,26,27,28,29,32,34,34,35,38,38,39,39,42,43,42,43,42,43,44,44,46,46,47,48,48,50,50,51
20260804_021426_df8648,1785806185333724,1915011628,2,2,0,-55,128,0,13,12,12,12,13,13,13,13,13,13,13,13,13,14,14,14,14,14,14,14,14,14,14,14,14,13,0,0,0,0,0,0,0,0,0,0,0,11,11,12,12,12,13,13,13,13,13,13,14,13,13,13,13,13,13,12,12,13,13,12,13,13,13,0,52,50,50,49,48,50,50,50,51,51,51,52,52,53,54,56,57,56,56,56,55,55,54,57,54,56,51,54,0,0,0,0,0,0,0,39,42,42,43,48,48,48,50,52,52,52,53,52,52,52,50,49,49,48,47,49,47,48,49,48,48,49,50
20260804_021426_df8648,1785806185431923,1915111462,2,2,0,-55,128,0,14,14,14,14,14,14,15,14,15,14,14,14,15,15,16,17,16,17,17,17,17,17,16,16,16,17,0,0,0,0,0,0,0,0,0,0,0,6,6,6,6,7,8,8,8,9,8,10,10,10,10,10,10,11,11,11,11,11,11,12,13,13,13,0,56,56,56,56,59,57,56,58,59,59,60,59,62,63,64,67,67,67,69,68,69,66,66,66,64,66,65,67,0,0,0,0,0,0,0,19,22,23,25,26,28,27,31,33,34,35,36,37,38,38,39,40,40,43,42,44,45,46,48,47,49,50,52
20260804_021426_df8648,1785806185535759,1915213413,2,2,0,-58,128,0,13,14,14,15,15,15,15,15,16,16,16,16,17,17,17,18,18,19,19,19,20,19,20,20,20,20,0,0,0,0,0,0,0,0,0,0,0,4,4,4,4,4,4,5,5,5,5,5,5,6,6,6,7,7,8,8,8,9,9,10,10,11,12,0,26,28,27,28,29,29,30,31,31,32,32,34,34,35,37,37,38,37,39,40,40,39,40,39,39,39,39,39,0,0,0,0,0,0,0,10,9,10,10,10,9,9,10,10,9,10,9,10,11,11,12,13,14,14,15,15,16,17,18,20,21,23,24
20260804_021426_df8648,1785806185636760,1915312612,2,2,0,-55,128,0,14,14,14,14,14,14,14,15,15,15,15,16,16,16,17,17,17,18,17,17,17,17,17,17,17,17,0,0,0,0,0,0,0,0,0,0,0,6,6,6,6,8,8,8,8,8,8,9,9,9,9,9,10,10,10,11,11,11,12,12,13,13,13,0,27,28,27,28,27,28,28,29,29,28,30,30,30,30,32,33,32,33,34,34,34,32,33,34,32,32,32,33,0,0,0,0,0,0,0,10,11,12,12,12,12,14,15,16,16,16,16,18,18,18,18,19,19,21,21,21,21,22,22,23,25,25,26
20260804_021426_df8648,1785806185736011,1915411292,2,2,0,-54,128,0,15,16,16,15,16,15,15,15,15,14,15,15,15,16,16,16,16,16,16,16,16,16,15,15,15,14,0,0,0,0,0,0,0,0,0,0,0,8,9,9,10,11,11,11,12,11,13,13,13,13,13,13,13,13,13,14,13,13,14,13,15,15,15,0,55,58,57,58,57,56,57,56,56,56,57,58,56,59,57,59,60,60,59,61,59,58,58,56,56,56,53,55,0,0,0,0,0,0,0,29,31,31,33,34,37,38,40,40,41,44,46,45,47,46,48,48,47,49,47,49,50,52,53,54,55,55,54
20260804_021426_df8648,1785806185834052,1915511695,2,2,0,-54,128,0,14,14,14,14,14,14,13,13,13,13,13,13,13,13,13,13,14,13,13,13,13,13,13,12,12,11,0,0,0,0,0,0,0,0,0,0,0,9,9,11,11,11,12,13,13,14,13,13,13,14,13,13,13,14,13,13,13,14,15,14,14,14,14,0,56,54,54,54,52,51,52,51,50,52,51,50,52,51,51,51,51,51,51,51,51,49,48,47,47,46,46,45,0,0,0,0,0,0,0,35,36,38,38,42,43,45,47,48,50,52,52,52,53,53,53,53,53,51,53,54,54,53,55,54,56,56,55
20260804_021426_df8648,1785806185937390,1915611931,2,2,0,-55,128,0,14,14,14,14,14,14,14,14,14,13,14,14,14,14,14,14,15,15,15,15,15,14,14,14,14,14,0,0,0,0,0,0,0,0,0,0,0,10,11,11,11,11,13,12,13,14,14,14,14,14,13,13,13,13,13,13,14,14,14,14,14,14,15,0,54,54,52,53,51,52,51,52,51,54,53,52,51,53,56,54,56,56,57,56,56,54,54,54,53,52,53,52,0,0,0,0,0,0,0,33,36,37,38,41,42,45,46,48,49,51,52,50,51,52,50,49,51,51,52,50,52,52,52,54,52,54,53
20260804_021426_df8648,1785806186036982,1915711569,2,2,0,-56,128,0,14,15,14,14,13,14,13,13,13,14,14,14,14,14,15,14,16,15,16,16,16,16,16,16,16,15,0,0,0,0,0,0,0,0,0,0,0,11,11,12,12,13,13,14,14,15,15,16,14,14,14,14,15,14,15,14,14,14,14,14,14,15,15,0,52,52,51,50,49,50,49,49,48,49,49,49,49,53,52,54,56,56,57,58,58,58,57,56,57,58,54,60,0,0,0,0,0,0,0,35,37,37,40,43,45,46,48,51,52,54,55,54,54,53,54,53,54,54,52,52,51,53,53,52,54,51,52
20260804_021426_df8648,1785806186134924,1915811864,2,2,0,-55,128,0,13,13,13,13,13,13,13,13,13,14,14,14,13,14,14,15,15,15,15,15,15,15,15,14,14,14,0,0,0,0,0,0,0,0,0,0,0,8,9,9,10,11,11,11,12,13,12,13,13,13,13,13,13,14,13,13,14,14,13,14,14,13,13,0,55,56,54,54,52,53,52,52,52,54,53,53,53,54,56,57,58,57,59,59,59,59,59,59,59,58,57,58,0,0,0,0,0,0,0,27,30,32,34,36,37,40,43,45,47,47,50,50,52,52,52,52,53,53,52,53,52,54,56,54,54,56,55
20260804_021426_df8648,1785806186232280,1915911728,2,2,0,-58,128,0,13,12,11,11,11,11,11,11,11,10,11,11,11,12,12,12,12,13,13,13,14,14,14,14,14,14,0,0,0,0,0,0,0,0,0,0,0,10,11,12,13,13,14,15,15,15,16,16,16,16,16,16,16,14,15,15,14,14,14,14,13,13,12,0,48,47,45,42,43,45,42,43,42,43,44,44,46,46,46,50,50,50,53,55,54,54,53,56,57,59,57,58,0,0,0,0,0,0,0,36,39,41,44,44,50,53,55,56,58,60,58,60,59,60,59,60,57,57,56,56,57,53,54,51,50,50,47
20260804_021426_df8648,1785806186336560,1916011684,2,2,0,-53,128,0,13,13,13,13,13,13,13,12,12,13,13,13,13,13,13,13,13,14,14,14,14,14,13,13,13,13,0,0,0,0,0,0,0,0,0,0,0,7,8,8,9,10,10,11,11,12,12,12,13,13,13,13,12,12,12,13,13,13,13,13,13,14,13,0,54,55,53,54,53,53,52,52,53,53,52,52,53,52,54,55,57,56,57,57,57,57,57,55,56,54,55,55,0,0,0,0,0,0,0,27,29,30,32,36,38,41,42,45,47,48,51,49,51,51,52,51,53,51,53,53,53,53,53,54,55,57,55
20260804_021426_df8648,1785806186434040,1916111728,2,2,0,-58,128,0,15,15,15,15,14,13,13,12,12,12,13,12,12,12,12,11,11,11,11,11,11,10,10,10,9,10,0,0,0,0,0,0,0,0,0,0,0,11,12,13,13,14,14,15,15,16,16,17,16,16,16,16,17,16,16,16,16,16,16,16,16,16,16,0,28,28,27,27,25,26,25,24,24,23,22,22,22,22,22,22,22,21,21,20,20,19,18,19,18,18,18,18,0,0,0,0,0,0,0,19,21,22,22,24,24,26,27,28,30,30,31,29,30,30,30,29,29,29,29,29,28,29,30,29,29,29,28
20260804_021426_df8648,1785806186531757,1916211593,2,2,0,-64,128,0,18,17,17,17,16,16,16,15,15,15,15,15,14,13,14,13,13,12,12,11,11,10,9,9,9,9,0,0,0,0,0,0,0,0,0,0,0,5,5,6,7,8,9,9,10,11,13,13,13,14,14,14,16,15,16,16,16,16,17,17,18,17,17,0,67,65,64,61,62,61,60,59,58,60,57,55,52,54,51,52,49,47,46,43,41,37,35,33,34,32,35,33,0,0,0,0,0,0,0,12,15,19,21,24,26,29,32,33,38,40,45,49,49,51,53,55,57,59,58,61,62,64,62,64,66,65,65
20260804_021426_df8648,1785806186653803,1916333088,2,2,0,-60,128,0,14,14,14,14,14,14,14,14,14,14,14,14,13,14,14,14,14,14,14,14,14,14,14,13,13,13,0,0,0,0,0,0,0,0,0,0,0,7,8,8,9,9,10,11,11,11,12,12,12,12,12,12,13,13,13,13,13,14,14,14,14,14,14,0,58,58,56,57,55,55,54,55,54,55,55,54,54,55,55,57,55,57,57,56,57,55,56,54,54,54,54,53,0,0,0,0,0,0,0,26,28,29,31,35,38,38,40,42,44,46,46,48,46,49,49,49,51,48,51,51,53,54,54,56,55,58,57
20260804_021426_df8648,1785806186734436,1916411926,2,2,0,-54,128,0,15,14,15,14,15,14,14,14,15,15,15,15,15,14,15,14,14,15,15,14,14,14,13,13,13,13,0,0,0,0,0,0,0,0,0,0,0,5,6,6,7,7,8,9,9,10,10,10,11,12,12,12,12,12,12,13,13,13,14,14,14,15,15,0,60,59,60,61,59,58,57,58,59,59,58,59,58,59,59,61,59,60,60,59,60,59,55,55,55,56,52,54,0,0,0,0,0,0,0,17,20,23,25,25,30,31,35,37,39,42,42,43,46,47,47,48,49,51,51,51,53,53,54,55,56,57,58
20260804_021426_df8648,1785806186834430,1916511975,2,2,0,-55,128,0,16,15,16,15,15,15,15,14,14,14,14,14,14,15,15,15,15,15,15,15,15,15,14,15,14,14,0,0,0,0,0,0,0,0,0,0,0,9,9,10,10,11,11,12,12,13,13,13,14,14,14,14,14,14,14,15,15,15,15,15,15,16,15,0,59,58,57,56,55,55,53,54,54,54,54,53,55,57,56,56,56,57,54,57,56,56,55,52,54,55,52,54,0,0,0,0,0,0,0,33,33,35,37,38,39,41,43,43,46,48,48,47,50,50,51,52,50,52,53,54,52,54,56,53,57,59,57
20260804_021426_df8648,1785806186932636,1916612686,2,2,0,-54,128,0,14,14,15,14,15,15,15,15,15,15,16,16,16,17,17,17,17,17,17,18,18,17,17,17,17,17,0,0,0,0,0,0,0,0,0,0,0,6,7,8,9,9,9,10,9,10,11,11,11,11,12,12,11,12,12,13,13,13,14,13,14,14,14,0,54,56,54,57,55,56,56,57,55,60,58,59,59,61,64,62,65,63,67,66,67,64,65,65,64,60,63,62,0,0,0,0,0,0,0,22,23,24,25,28,30,31,33,35,37,38,41,41,40,41,44,42,46,43,46,47,49,49,52,51,53,53,52
20260804_021426_df8648,1785806187036733,1916712322,2,2,0,-56,128,0,14,14,14,13,14,13,13,12,13,12,12,13,13,14,14,14,14,14,14,14,14,14,15,15,14,15,0,0,0,0,0,0,0,0,0,0,0,9,10,10,11,12,12,12,13,13,13,13,13,13,13,14,13,13,13,13,13,14,14,14,14,14,14,0,54,54,52,52,51,50,50,48,47,48,49,50,50,52,49,51,52,53,54,53,55,53,53,55,55,54,53,57,0,0,0,0,0,0,0,30,33,35,38,40,40,44,45,46,48,49,50,48,51,51,53,53,50,51,51,53,52,53,53,51,53,54,54
20260804_021426_df8648,1785806187135613,1916811928,2,2,0,-55,128,0,13,13,13,13,13,13,13,13,13,14,14,13,14,14,14,14,14,14,15,15,16,15,16,16,15,15,0,0,0,0,0,0,0,0,0,0,0,10,10,10,10,12,12,13,13,13,13,13,13,12,12,12,12,12,12,13,12,13,13,13,13,13,13,0,53,49,53,51,54,51,51,51,52,53,55,54,54,55,55,58,57,58,61,61,59,60,58,60,59,59,59,59,0,0,0,0,0,0,0,34,37,38,41,40,44,45,48,49,49,49,48,49,51,50,49,48,47,49,48,49,50,50,49,49,51,51,52
20260804_021426_df8648,1785806187234288,1916913313,2,2,0,-57,128,0,11,13,13,12,13,13,13,13,13,13,14,14,14,15,15,16,16,17,17,17,17,17,17,17,17,17,0,0,0,0,0,0,0,0,0,0,0,10,10,11,12,11,12,12,12,12,12,12,12,12,11,12,11,11,11,11,11,11,12,11,11,12,12,0,23,24,23,25,24,24,25,25,25,26,26,27,27,28,29,30,31,31,32,32,32,33,33,32,32,32,32,33,0,0,0,0,0,0,0,17,18,19,19,21,22,22,24,24,23,24,23,23,23,24,22,21,21,22,22,22,22,22,22,21,23,22,23
20260804_021426_df8648,1785806187332732,1917011706,2,2,0,-57,128,0,12,12,12,12,12,12,12,12,12,13,13,13,13,14,14,14,15,15,15,16,16,16,16,16,16,16,0,0,0,0,0,0,0,0,0,0,0,10,10,11,11,12,12,12,13,14,13,13,13,13,13,13,13,13,12,12,13,12,12,12,13,13,12,0,24,24,23,24,23,24,23,24,24,25,25,25,26,26,28,28,28,29,30,31,30,30,31,31,30,30,31,32,0,0,0,0,0,0,0,18,19,19,19,21,22,23,24,25,25,25,26,26,25,25,25,24,25,23,24,24,24,24,23,25,23,23,24
20260804_021426_df8648,1785806187436651,1917112024,2,2,0,-57,128,0,11,11,11,11,12,12,12,13,13,13,13,13,13,14,14,15,15,16,16,16,16,16,17,17,17,17,0,0,0,0,0,0,0,0,0,0,0,9,10,9,11,11,11,11,11,11,11,11,11,11,11,11,11,10,10,10,10,11,11,11,11,11,11,0,48,47,45,47,47,47,49,49,49,52,51,52,55,57,59,60,61,61,63,65,66,66,66,67,68,66,68,69,0,0,0,0,0,0,0,35,36,36,38,41,42,43,43,43,46,45,44,44,44,45,44,43,44,43,43,44,43,44,44,46,44,48,46
20260804_021426_df8648,1785806187534273,1917212124,2,2,0,-58,128,0,15,15,15,15,15,15,15,16,16,16,16,16,16,16,16,17,17,17,17,17,17,17,17,17,17,18,0,0,0,0,0,0,0,0,0,0,0,4,4,5,5,6,6,7,7,8,9,9,10,10,10,11,11,12,13,13,14,14,14,14,15,15,15,0,29,29,29,29,29,29,28,29,29,30,30,30,31,31,31,31,33,32,33,33,34,34,34,33,33,33,32,34,0,0,0,0,0,0,0,5,6,6,7,9,9,10,11,13,14,16,17,17,19,20,21,22,22,23,23,24,25,26,27,27,28,28,28
20260804_021426_df8648,1785806187633114,1917312072,2,2,0,-52,128,0,14,14,14,14,13,13,13,14,13,14,14,13,14,14,14,15,15,15,15,15,15,14,14,14,14,14,0,0,0,0,0,0,0,0,0,0,0,9,9,9,10,11,11,11,12,12,13,13,13,13,13,13,13,13,13,13,13,13,13,13,14,14,14,0,54,54,53,54,53,53,52,53,51,52,53,53,54,54,55,56,57,58,58,58,57,56,56,55,55,54,52,53,0,0,0,0,0,0,0,31,32,34,35,37,40,43,42,45,46,48,49,49,50,51,52,50,50,50,51,51,52,52,53,54,54,54,54
20260804_021426_df8648,1785806187731798,1917411621,2,2,0,-55,128,0,14,13,13,13,13,13,12,12,12,11,11,11,11,11,11,12,12,12,12,11,11,12,12,12,11,11,0,0,0,0,0,0,0,0,0,0,0,12,13,13,13,14,14,14,15,15,16,15,15,15,15,15,15,15,15,15,15,15,15,15,15,15,14,0,52,52,47,51,46,47,45,45,44,45,45,44,45,43,46,44,47,44,47,46,47,44,47,45,47,44,46,45,0,0,0,0,0,0,0,43,44,43,45,50,49,54,52,56,55,57,58,59,58,58,57,57,59,55,59,55,55,56,55,59,55,55,52
20260804_021426_df8648,1785806187836101,1917514925,2,2,0,-58,128,0,14,14,14,15,15,14,14,13,14,15,15,15,15,15,16,16,15,16,16,16,16,17,17,16,16,16,0,0,0,0,0,0,0,0,0,0,0,7,7,8,7,8,8,8,9,9,9,9,9,9,10,11,11,11,11,12,12,12,12,12,12,13,13,0,52,55,51,57,58,60,57,52,55,54,57,58,58,60,60,60,61,64,64,64,63,62,64,64,65,65,63,66,0,0,0,0,0,0,0,25,28,26,27,28,29,30,32,33,33,34,35,37,36,38,39,39,41,42,42,45,45,47,48,47,49,50,52
20260804_021426_df8648,1785806187939730,1917616304,2,2,0,-68,128,0,6,5,6,6,6,6,6,5,6,6,7,7,8,9,10,11,11,13,14,15,16,17,17,19,19,20,0,0,0,0,0,0,0,0,0,0,0,20,21,20,21,21,20,21,19,20,18,17,16,15,14,13,13,12,11,11,10,9,9,9,8,7,7,0,12,10,10,11,11,10,12,12,12,13,14,15,16,17,18,20,22,24,27,28,31,32,33,36,37,38,41,41,0,0,0,0,0,0,0,39,36,37,38,39,38,40,38,39,38,38,35,32,30,30,28,25,24,23,21,20,19,18,19,17,14,14,13
20260804_021426_df8648,1785806188037312,1917713539,2,2,0,-61,128,0,14,13,13,13,12,11,13,12,13,11,12,12,13,13,12,13,13,14,13,13,13,13,13,13,14,14,0,0,0,0,0,0,0,0,0,0,0,8,9,9,9,10,11,11,11,11,12,12,12,12,12,12,12,12,12,13,12,13,13,11,13,13,13,0,55,53,48,50,49,52,50,49,52,49,48,49,49,51,51,53,50,55,52,54,55,58,56,55,57,56,53,55,0,0,0,0,0,0,0,32,33,33,36,37,40,40,43,44,46,47,48,47,48,50,49,48,48,47,47,50,49,50,50,48,51,52,50
20260804_021426_df8648,1785806188136079,1917811864,2,2,0,-60,128,0,14,14,13,13,13,13,12,12,12,12,12,12,11,12,12,12,12,14,13,13,14,14,14,13,14,13,0,0,0,0,0,0,0,0,0,0,0,8,9,10,10,11,12,13,13,13,14,14,14,14,15,14,15,15,14,15,15,14,14,14,14,14,14,0,55,54,52,52,50,50,49,46,48,47,48,47,47,46,49,49,50,53,51,51,54,50,52,54,51,53,51,52,0,0,0,0,0,0,0,29,33,35,36,39,42,45,48,52,52,55,55,55,56,57,55,54,57,54,55,54,54,55,53,57,57,56,54
20260804_021426_df8648,1785806188234795,1917912899,2,2,0,-61,128,0,13,14,13,13,12,13,12,12,13,13,13,13,13,13,14,14,14,14,16,15,16,16,16,16,16,17,0,0,0,0,0,0,0,0,0,0,0,10,11,11,12,13,13,13,14,14,14,14,15,15,15,14,14,14,14,14,14,14,14,14,14,13,13,0,52,51,50,50,46,49,49,46,46,48,48,46,50,49,50,52,54,55,57,57,58,60,61,60,62,61,62,62,0,0,0,0,0,0,0,34,36,36,39,43,45,47,48,50,49,53,54,55,54,54,56,52,55,53,53,53,52,51,53,52,52,53,53
20260804_021426_df8648,1785806188338297,1918013778,2,2,0,-66,128,0,9,8,9,8,8,8,8,8,9,8,8,9,10,11,10,12,11,12,13,13,13,13,13,13,13,14,0,0,0,0,0,0,0,0,0,0,0,19,19,19,20,20,20,20,19,20,18,19,18,17,16,15,13,13,11,12,11,11,10,9,10,9,9,0,18,16,16,16,14,16,15,15,15,16,17,17,19,20,20,22,21,24,25,24,24,26,25,25,24,26,25,25,0,0,0,0,0,0,0,32,33,36,37,37,38,38,38,39,37,37,35,35,32,32,31,29,26,25,22,22,22,21,19,18,19,19,17
20260804_021426_df8648,1785806188437112,1918113334,2,2,0,-56,128,0,13,13,13,13,12,12,11,11,11,11,11,11,11,11,11,11,11,12,12,11,11,11,11,11,11,11,0,0,0,0,0,0,0,0,0,0,0,14,15,16,16,17,17,17,17,18,18,16,16,16,16,16,16,15,15,15,15,14,14,14,14,13,13,0,24,24,23,23,22,23,21,21,21,21,20,21,20,21,21,21,22,22,22,22,22,21,21,20,21,21,20,19,0,0,0,0,0,0,0,26,26,27,28,30,30,32,31,33,32,32,32,32,31,31,30,28,28,28,27,28,28,26,26,25,27,26,25
20260804_021426_df8648,1785806188552972,1918231308,2,2,0,-61,128,0,16,15,15,14,14,14,13,13,12,12,12,12,11,10,10,9,9,7,7,6,6,5,6,5,5,5,0,0,0,0,0,0,0,0,0,0,0,15,15,16,17,17,18,19,18,19,19,19,19,18,19,18,18,18,18,18,18,17,18,17,17,17,16,0,29,29,29,26,26,24,23,22,22,22,22,21,20,19,18,17,15,14,14,12,11,10,9,9,9,10,10,11,0,0,0,0,0,0,0,25,25,27,29,29,31,31,33,34,35,36,36,35,35,34,34,34,33,34,33,33,33,33,33,32,32,31,30
20260804_021426_df8648,1785806188634204,1918314309,2,2,0,-58,128,0,14,14,13,13,12,11,11,11,10,9,9,9,9,7,7,6,6,5,5,4,4,2,1,1,1,2,0,0,0,0,0,0,0,0,0,0,0,18,18,19,20,21,20,21,21,21,21,21,20,19,19,19,18,18,18,17,17,17,17,16,16,16,15,0,26,25,23,23,21,20,19,18,17,18,16,14,14,14,12,12,11,9,8,6,6,4,2,2,2,3,4,5,0,0,0,0,0,0,0,32,33,33,35,35,38,37,38,38,38,38,37,37,36,35,35,34,32,32,31,31,31,30,30,29,29,28,29
20260804_021426_df8648,1785806188735248,1918412149,2,2,0,-61,128,0,12,12,13,13,13,14,14,14,15,15,15,16,16,17,17,17,17,18,17,17,17,17,17,18,18,18,0,0,0,0,0,0,0,0,0,0,0,8,8,8,8,8,8,9,9,9,8,9,8,8,9,9,9,9,9,10,10,10,10,10,11,11,11,0,25,24,25,25,26,26,27,27,28,29,29,30,31,32,32,33,34,35,34,34,34,34,34,34,34,34,34,35,0,0,0,0,0,0,0,15,15,15,16,16,16,17,17,18,18,18,18,18,17,18,18,18,18,18,18,19,19,20,20,20,22,22,23
20260804_021426_df8648,1785806188833030,1918512096,2,2,0,-55,128,0,15,15,14,14,14,13,13,12,13,13,13,13,13,12,13,13,13,13,13,13,13,12,12,11,11,11,0,0,0,0,0,0,0,0,0,0,0,14,15,16,16,16,17,17,18,18,18,18,18,18,17,17,17,16,16,16,16,16,16,16,16,16,15,0,27,27,26,26,25,24,25,24,24,24,23,23,23,23,23,22,23,23,23,22,22,21,21,21,21,21,19,19,0,0,0,0,0,0,0,23,24,26,27,29,29,31,32,32,33,33,33,33,33,32,31,31,31,30,30,30,30,29,30,29,29,28,28
20260804_021426_df8648,1785806188935580,1918611936,2,2,0,-57,128,0,14,14,12,12,12,12,12,12,12,12,12,12,12,12,12,12,13,12,12,12,12,12,12,11,11,11,0,0,0,0,0,0,0,0,0,0,0,16,16,17,17,18,18,19,19,18,18,17,17,17,17,17,16,15,15,15,15,15,14,14,14,14,14,0,25,24,23,24,23,23,22,22,22,23,22,22,22,23,23,23,23,22,24,23,24,23,22,22,22,22,21,21,0,0,0,0,0,0,0,28,29,31,32,32,32,34,34,34,34,34,34,33,32,32,31,30,30,29,28,28,28,27,27,27,26,26,26
20260804_021426_df8648,1785806189034178,1918711675,2,2,0,-55,128,0,15,15,15,14,12,12,12,11,11,11,11,10,10,10,10,10,9,9,9,9,9,9,8,8,7,7,0,0,0,0,0,0,0,0,0,0,0,13,14,15,15,16,16,17,17,18,18,18,18,18,18,17,17,17,17,17,17,17,17,17,17,16,16,0,27,26,26,25,22,22,22,21,20,20,20,19,18,18,18,18,18,18,17,16,16,16,15,14,14,14,13,14,0,0,0,0,0,0,0,22,23,24,26,27,28,29,30,31,32,32,32,31,33,32,32,31,31,31,31,30,29,29,29,29,29,29,28
20260804_021426_df8648,1785806189132850,1918811175,2,2,0,-54,128,0,14,14,14,13,13,12,12,11,12,11,11,11,11,12,11,11,11,11,11,11,11,11,11,11,11,11,0,0,0,0,0,0,0,0,0,0,0,13,13,13,15,15,16,16,16,16,16,17,16,16,16,16,16,16,15,16,15,15,16,15,15,15,14,0,27,26,26,25,25,24,23,23,22,22,22,21,21,21,22,22,21,21,21,21,21,21,21,21,21,21,20,20,0,0,0,0,0,0,0,22,24,25,26,26,28,29,29,30,32,32,33,31,32,31,31,30,30,30,30,30,29,29,30,29,29,29,28
20260804_021426_df8648,1785806189232555,1918911594,2,2,0,-56,128,0,14,14,14,13,13,13,12,12,12,12,11,11,11,11,11,11,11,11,11,10,10,10,9,10,10,9,0,0,0,0,0,0,0,0,0,0,0,14,14,14,15,16,16,16,17,16,16,16,16,16,16,16,16,16,15,16,15,15,16,15,16,16,16,0,55,54,53,51,51,49,47,45,45,44,45,44,44,44,42,42,42,41,41,41,40,39,39,39,38,38,36,37,0,0,0,0,0,0,0,49,50,52,54,55,59,59,61,60,62,62,62,62,61,60,59,59,59,60,58,59,58,57,58,57,58,59,57
20260804_021426_df8648,1785806189335938,1919013683,2,2,0,-58,128,0,13,12,13,12,13,13,13,12,12,13,13,13,13,14,14,14,14,15,15,15,15,15,15,15,16,16,0,0,0,0,0,0,0,0,0,0,0,14,14,16,16,16,16,16,16,16,15,15,15,15,13,13,13,13,13,13,13,13,12,12,13,13,13,0,47,47,46,45,46,46,46,45,47,48,49,49,50,51,50,53,54,55,57,56,57,57,57,57,58,59,57,57,0,0,0,0,0,0,0,50,53,54,55,56,59,59,59,59,59,57,57,54,55,52,51,50,48,47,45,47,46,45,46,45,46,46,46
20260804_021426_df8648,1785806189434224,1919113366,2,2,0,-58,128,0,13,12,12,11,11,11,10,10,9,9,9,9,9,9,8,8,8,8,8,8,8,8,9,9,9,10,0,0,0,0,0,0,0,0,0,0,0,16,16,17,17,18,18,18,18,18,18,17,17,16,16,16,15,15,15,15,14,14,14,14,14,13,13,0,50,48,47,44,42,40,39,38,36,35,34,34,33,34,34,32,33,32,31,33,34,35,36,37,39,42,42,44,0,0,0,0,0,0,0,57,58,60,63,63,66,67,68,68,69,68,68,66,66,62,62,60,59,59,58,58,56,57,57,55,55,54,52
20260804_021426_df8648,1785806189532966,1919211781,2,2,0,-61,128,0,10,10,10,9,9,9,9,9,8,9,9,9,9,9,9,10,10,10,11,11,11,12,13,13,14,14,0,0,0,0,0,0,0,0,0,0,0,18,17,18,19,19,19,19,19,19,19,18,18,17,17,16,16,15,15,14,14,14,13,13,12,12,11,0,19,19,19,18,17,16,16,16,16,16,16,17,17,17,17,18,19,19,20,21,22,23,23,25,26,27,27,28,0,0,0,0,0,0,0,31,33,33,33,35,35,36,36,36,36,36,36,34,33,32,32,30,29,28,27,27,26,26,25,24,23,22,22
20260804_021426_df8648,1785806189631867,1919311749,2,2,0,-61,128,0,11,11,11,9,9,9,9,9,9,8,9,9,9,9,9,9,8,8,9,9,10,10,10,10,11,11,0,0,0,0,0,0,0,0,0,0,0,18,18,18,19,19,20,19,19,20,19,18,18,17,17,16,16,15,14,14,13,13,12,13,12,12,11,0,21,21,19,19,18,18,17,17,17,17,17,17,17,17,17,17,17,17,18,19,18,19,19,19,21,22,22,23,0,0,0,0,0,0,0,31,33,34,35,35,36,37,36,36,37,36,36,34,34,32,31,29,29,26,27,26,25,24,24,24,22,24,21
20260804_021426_df8648,1785806189735207,1919411768,2,2,0,-57,128,0,14,14,13,14,12,14,13,13,13,13,13,13,13,13,13,13,13,13,12,12,12,12,12,11,11,11,0,0,0,0,0,0,0,0,0,0,0,15,14,14,15,16,16,16,16,16,16,15,15,14,14,14,14,13,13,13,13,13,13,13,13,13,13,0,52,52,51,51,49,51,49,49,49,49,51,50,49,50,50,50,51,50,49,48,47,47,46,43,43,41,41,43,0,0,0,0,0,0,0,54,54,56,56,58,60,60,60,61,62,59,58,58,57,54,53,53,51,50,49,49,49,50,50,50,50,52,51
20260804_021426_df8648,1785806189838260,1919514640,2,2,0,-61,128,0,14,14,14,15,14,15,15,15,15,16,16,16,16,16,17,17,17,17,17,16,16,16,16,17,16,16,0,0,0,0,0,0,0,0,0,0,0,10,10,10,11,11,11,11,11,10,10,10,10,9,9,10,10,10,9,10,11,11,11,12,12,13,13,0,27,28,27,28,28,28,29,29,29,30,30,30,30,31,32,31,33,32,32,31,31,31,31,30,30,30,31,30,0,0,0,0,0,0,0,18,18,19,19,19,20,21,20,20,21,20,19,19,18,18,18,18,19,18,20,19,20,21,22,24,24,25,25
20260804_021426_df8648,1785806189935805,1919613603,2,2,0,-57,128,0,13,13,13,13,13,13,13,13,15,14,15,14,15,16,16,16,16,17,16,16,16,16,16,16,16,16,0,0,0,0,0,0,0,0,0,0,0,9,9,9,9,9,10,9,9,9,9,9,9,9,9,9,9,9,9,9,10,10,11,11,11,11,12,0,50,52,53,54,54,58,55,55,57,58,58,59,61,63,63,62,64,65,64,64,64,64,64,64,61,62,61,61,0,0,0,0,0,0,0,36,37,35,36,37,38,39,38,38,38,37,36,37,37,37,36,37,37,38,37,39,41,43,43,45,46,47,47
20260804_021426_df8648,1785806190031978,1919711924,2,2,0,-57,128,0,13,13,14,14,13,14,15,15,15,16,16,16,16,17,17,18,18,18,18,19,18,18,18,18,18,18,0,0,0,0,0,0,0,0,0,0,0,11,11,10,10,10,10,10,10,10,10,9,9,9,9,9,9,9,9,9,11,11,11,11,11,12,12,0,49,51,51,53,52,56,54,54,54,57,60,60,61,62,66,65,67,66,69,71,70,68,69,68,68,65,66,67,0,0,0,0,0,0,0,40,39,41,39,40,40,40,41,39,40,38,39,37,35,38,35,35,36,36,36,39,40,39,42,41,43,45,47
20260804_021426_df8648,1785806190135286,1919812087,2,2,0,-55,128,0,13,13,13,13,14,14,14,14,13,14,14,14,15,15,15,16,16,16,16,15,15,14,13,13,13,13,0,0,0,0,0,0,0,0,0,0,0,12,13,12,13,13,13,13,13,13,12,13,13,12,13,13,12,12,12,12,12,12,12,13,13,13,14,0,53,52,53,54,53,53,54,54,54,55,55,57,55,58,57,59,59,59,59,57,57,54,54,52,52,50,49,48,0,0,0,0,0,0,0,47,46,46,48,48,50,50,50,51,50,50,50,50,49,48,48,48,47,47,48,48,49,49,49,49,50,51,52
20260804_021426_df8648,1785806190233595,1919911565,2,2,0,-56,128,0,15,15,15,15,15,15,15,15,15,15,15,15,15,15,15,15,15,15,15,14,14,13,13,13,12,12,0,0,0,0,0,0,0,0,0,0,0,9,9,9,9,10,10,10,10,10,10,10,11,11,11,11,11,11,12,12,13,13,14,14,14,15,15,0,61,59,60,59,59,59,59,59,57,60,57,60,59,59,60,58,59,59,58,56,55,53,51,48,48,47,45,44,0,0,0,0,0,0,0,34,35,34,36,36,37,37,38,39,40,40,42,42,42,43,43,44,44,46,46,47,50,51,54,53,55,57,58
20260804_021426_df8648,1785806190336076,1920011923,2,2,0,-52,128,0,15,14,15,14,15,14,14,14,14,15,15,15,15,15,15,16,16,16,16,15,15,15,14,14,14,14,0,0,0,0,0,0,0,0,0,0,0,10,11,11,12,12,13,13,13,13,12,13,13,13,13,13,13,13,13,13,14,14,14,14,14,14,15,0,55,55,57,55,55,55,55,53,54,55,56,54,55,57,56,58,57,58,58,57,56,55,53,53,51,52,48,49,0,0,0,0,0,0,0,36,38,40,41,41,44,44,47,46,48,48,47,49,49,48,47,49,48,50,49,50,50,51,52,51,53,53,56
20260804_021426_df8648,1785806190434154,1920112087,2,2,0,-56,128,0,15,15,16,15,15,15,15,15,15,15,15,15,15,15,15,15,15,15,16,16,16,16,15,15,15,15,0,0,0,0,0,0,0,0,0,0,0,4,4,4,5,6,6,8,7,8,9,8,9,10,10,10,10,11,11,12,12,13,13,13,14,15,15,0,29,30,30,30,30,30,29,29,29,29,29,29,29,30,29,30,29,30,31,31,31,30,30,30,30,30,29,30,0,0,0,0,0,0,0,7,8,7,9,9,10,11,13,14,15,16,16,17,18,19,20,20,21,21,22,24,25,25,26,26,28,29,29
20260804_021426_df8648,1785806190536920,1920213431,2,2,0,-56,128,0,13,13,13,13,12,12,12,12,13,13,13,13,13,14,14,14,14,14,14,14,14,13,13,13,13,13,0,0,0,0,0,0,0,0,0,0,0,12,13,13,13,14,14,14,15,14,14,14,13,13,13,13,12,12,12,12,12,13,13,13,13,13,12,0,48,49,49,49,48,47,48,49,48,50,51,50,51,53,53,54,55,55,55,55,54,53,51,50,49,49,49,47,0,0,0,0,0,0,0,45,47,48,50,51,52,53,54,54,56,56,56,54,53,53,53,51,50,50,49,49,47,47,49,48,50,49,49
20260804_021426_df8648,1785806190634165,1920311776,2,2,0,-58,128,0,16,17,17,16,16,17,16,16,16,16,16,16,16,15,15,15,15,15,15,15,15,15,14,15,14,14,0,0,0,0,0,0,0,0,0,0,0,11,11,11,12,11,11,11,11,11,11,11,11,11,11,11,12,12,12,13,14,14,14,14,15,15,15,0,61,61,62,60,61,62,60,60,60,59,60,59,59,59,58,59,58,58,57,56,57,55,54,55,55,56,53,55,0,0,0,0,0,0,0,42,42,41,41,42,42,43,42,43,42,41,41,40,40,41,41,42,43,45,45,48,49,51,51,53,56,57,59
20260804_021426_df8648,1785806190731343,1920411654,2,2,0,-64,128,0,13,13,13,13,13,13,13,13,14,14,14,14,14,14,15,16,16,17,16,17,18,18,18,19,19,20,0,0,0,0,0,0,0,0,0,0,0,14,14,14,14,13,12,11,10,10,9,8,8,7,7,6,7,6,7,9,9,9,10,10,10,12,11,0,48,47,49,48,50,51,51,50,52,53,55,56,56,58,59,61,62,65,66,68,70,71,72,74,76,78,82,85,0,0,0,0,0,0,0,56,60,54,54,52,53,49,45,43,40,37,33,30,28,27,24,24,26,25,27,32,34,36,36,38,40,43,43
20260804_021426_df8648,1785806190834448,1920512002,2,2,0,-53,128,0,14,14,14,14,14,13,13,13,13,13,13,13,14,14,14,14,14,14,14,13,13,13,13,13,13,13,0,0,0,0,0,0,0,0,0,0,0,11,12,12,13,12,12,13,13,13,14,13,13,13,12,14,14,13,14,14,14,14,14,14,14,15,14,0,55,55,54,54,53,53,53,52,51,51,52,52,52,52,54,53,54,53,54,52,53,50,50,48,47,47,46,45,0,0,0,0,0,0,0,41,41,43,44,45,47,48,48,50,51,50,52,50,50,50,49,50,51,50,51,51,52,52,54,53,55,55,55
20260804_021426_df8648,1785806190943954,1920619003,2,2,0,-58,128,0,13,13,13,12,12,11,12,11,12,11,11,11,11,11,12,11,11,11,11,11,11,11,11,11,11,12,0,0,0,0,0,0,0,0,0,0,0,15,14,15,15,16,16,16,16,16,16,15,16,16,16,15,15,15,14,14,14,14,14,14,14,14,14,0,27,25,25,24,24,23,22,22,22,22,22,21,21,21,22,22,21,21,21,21,22,21,21,21,22,22,21,22,0,0,0,0,0,0,0,25,25,27,27,28,29,30,30,31,31,31,31,30,30,29,30,28,28,27,27,27,27,27,27,27,27,26,26
20260804_021426_df8648,1785806191034599,1920711942,2,2,0,-57,128,0,14,14,14,14,14,14,14,14,14,14,14,15,15,15,15,16,16,16,16,16,16,15,15,15,15,15,0,0,0,0,0,0,0,0,0,0,0,12,13,13,13,14,14,14,15,15,14,14,14,14,13,13,13,13,13,13,14,14,14,14,14,14,14,0,53,54,54,54,54,53,53,53,53,53,55,54,54,55,55,58,55,57,57,57,57,56,56,56,56,57,54,56,0,0,0,0,0,0,0,43,44,45,47,47,51,51,51,54,53,54,53,52,52,52,51,50,49,49,49,51,50,50,51,51,51,53,53
20260804_021426_df8648,1785806191137261,1920814358,2,2,0,-58,128,0,14,13,15,15,14,13,13,13,13,13,13,14,14,13,14,13,13,13,13,13,14,13,13,13,13,13,0,0,0,0,0,0,0,0,0,0,0,15,16,17,17,17,17,17,17,17,17,16,16,16,15,14,15,14,14,14,13,14,14,14,14,14,14,0,25,25,29,27,25,22,23,25,23,26,25,25,24,24,25,25,26,24,24,24,25,25,24,24,24,24,23,25,0,0,0,0,0,0,0,27,27,29,29,32,30,33,32,32,32,32,32,30,30,29,28,26,26,25,26,26,26,25,25,25,25,25,27
20260804_021426_df8648,1785806191234780,1920915232,2,2,0,-60,128,0,11,10,10,10,10,9,9,9,9,9,9,9,8,8,9,9,8,8,8,9,9,8,9,9,9,9,0,0,0,0,0,0,0,0,0,0,0,22,22,22,22,22,23,23,23,22,22,21,20,19,18,17,17,16,15,14,14,14,13,13,13,13,12,0,20,19,19,18,17,17,16,16,16,16,16,15,15,16,15,16,14,16,15,15,14,15,15,15,17,17,16,17,0,0,0,0,0,0,0,35,37,39,40,41,41,42,41,42,42,41,40,38,37,35,34,33,31,30,29,27,26,26,24,24,23,23,22
20260804_021426_df8648,1785806191338275,1921013220,2,2,0,-59,128,0,14,14,14,13,13,13,13,13,12,13,12,12,12,12,13,13,13,12,12,11,12,11,11,10,11,11,0,0,0,0,0,0,0,0,0,0,0,16,16,16,17,17,17,17,18,18,17,17,17,16,15,15,14,14,15,14,15,14,14,14,14,14,14,0,26,26,25,25,24,24,24,23,23,23,23,23,23,23,22,23,23,21,22,21,22,21,20,20,21,20,19,20,0,0,0,0,0,0,0,27,26,30,30,31,32,32,32,33,34,33,33,31,30,30,29,28,27,27,27,27,27,26,26,26,26,26,26
20260804_021426_df8648,1785806191435395,1921111614,2,2,0,-53,128,0,15,14,14,14,14,14,14,13,13,13,13,13,13,13,12,12,12,12,12,11,11,11,10,9,9,9,0,0,0,0,0,0,0,0,0,0,0,11,12,12,13,13,13,14,15,14,15,14,15,15,15,15,15,15,15,15,15,15,15,15,16,16,16,0,58,58,56,55,53,53,51,51,50,50,50,48,48,48,47,48,47,45,45,43,43,40,39,37,36,35,34,33,0,0,0,0,0,0,0,39,41,43,45,47,49,52,52,55,56,57,57,57,58,58,57,57,57,57,57,57,58,59,59,59,59,60,59
20260804_021426_df8648,1785806191543773,1921225170,2,2,0,-65,128,0,4,4,4,3,2,2,2,2,2,2,2,2,2,2,2,2,3,3,4,4,5,6,7,8,9,10,0,0,0,0,0,0,0,0,0,0,0,24,24,24,25,25,24,25,24,23,22,21,20,19,17,16,14,13,12,11,10,9,9,7,7,6,5,0,8,7,6,6,4,5,4,4,4,5,6,5,6,6,5,5,4,7,7,9,10,12,13,16,17,20,21,23,0,0,0,0,0,0,0,45,47,47,48,47,50,47,48,47,47,45,42,41,37,36,33,30,27,26,22,21,19,18,16,14,13,12,11
20260804_021426_df8648,1785806191659358,1921336421,2,2,0,-56,128,0,14,14,14,14,14,14,13,13,14,13,13,13,13,13,13,13,15,13,14,14,13,13,13,13,13,12,0,0,0,0,0,0,0,0,0,0,0,10,10,11,11,12,13,13,12,13,13,13,13,12,13,12,12,12,13,13,13,13,14,14,14,14,14,0,56,55,52,56,52,53,53,50,52,52,52,51,53,49,53,53,55,54,52,52,53,51,49,47,48,47,47,46,0,0,0,0,0,0,0,37,39,39,38,42,46,47,48,51,51,49,53,51,51,47,48,49,48,51,49,48,53,51,52,52,51,52,55
20260804_021426_df8648,1785806191733070,1921411621,2,2,0,-56,128,0,13,13,13,12,13,12,12,12,13,13,13,12,12,13,13,13,13,13,14,13,12,12,12,12,12,12,0,0,0,0,0,0,0,0,0,0,0,15,15,16,16,17,16,17,16,17,17,17,15,15,15,15,14,14,14,14,14,14,14,13,13,13,13,0,47,49,47,47,48,46,47,46,45,47,47,47,46,45,47,46,47,48,49,48,47,47,46,45,46,45,45,47,0,0,0,0,0,0,0,53,55,56,57,59,60,62,63,65,64,64,62,60,60,57,57,55,55,56,52,52,51,50,50,51,50,50,51
20260804_021426_df8648,1785806191834872,1921511944,2,2,0,-61,128,0,12,12,12,12,11,11,11,12,11,11,11,12,12,12,13,13,13,14,14,14,14,14,15,14,15,15,0,0,0,0,0,0,0,0,0,0,0,11,12,13,14,14,14,14,14,15,15,14,15,14,14,12,13,12,12,13,13,13,13,13,12,12,12,0,46,45,44,44,44,44,44,45,45,46,47,47,48,48,51,51,52,53,54,54,55,55,57,57,57,58,59,59,0,0,0,0,0,0,0,42,45,46,48,50,53,54,56,56,56,57,57,56,54,53,52,51,52,50,50,49,51,49,48,50,47,47,47
20260804_021426_df8648,1785806191932147,1921611488,2,2,0,-57,128,0,13,13,12,12,12,11,11,11,10,10,10,10,10,9,10,10,10,9,9,9,9,9,9,9,8,8,0,0,0,0,0,0,0,0,0,0,0,15,15,16,16,17,17,17,17,17,17,17,16,16,16,16,15,15,15,15,15,15,15,15,15,15,14,0,25,25,24,23,22,22,22,20,20,20,20,20,19,19,18,19,17,18,17,18,16,16,16,17,16,17,17,17,0,0,0,0,0,0,0,26,26,28,29,29,29,31,31,31,32,32,32,31,31,31,31,31,31,29,28,29,28,29,29,28,28,28,26
20260804_021426_df8648,1785806192035892,1921711926,2,2,0,-55,128,0,15,15,15,14,14,14,14,14,14,14,14,13,13,14,14,14,13,14,13,14,13,13,12,12,12,12,0,0,0,0,0,0,0,0,0,0,0,15,15,16,16,16,16,16,16,16,17,16,16,16,15,15,15,15,15,15,14,15,15,15,15,15,15,0,53,53,53,51,49,50,49,48,49,49,48,48,48,49,48,49,47,47,46,46,47,45,43,42,43,43,40,41,0,0,0,0,0,0,0,52,52,54,55,55,57,57,58,59,58,60,58,56,57,55,53,53,52,53,53,52,53,53,54,54,52,55,55
20260804_021426_df8648,1785806192134944,1921811824,2,2,0,-56,128,0,15,14,14,14,13,13,13,12,12,12,12,11,12,11,11,12,11,11,11,10,10,9,9,9,7,7,0,0,0,0,0,0,0,0,0,0,0,14,14,16,16,16,17,17,17,18,18,18,18,17,16,16,16,16,16,16,15,15,15,16,16,16,14,0,55,54,52,52,48,49,47,45,46,45,44,43,43,44,42,43,42,42,40,39,36,34,33,28,25,26,23,21,0,0,0,0,0,0,0,47,51,53,55,56,59,59,62,64,65,66,65,63,65,64,63,62,60,58,59,57,56,57,58,57,55,55,54
20260804_021426_df8648,1785806192231479,1921911709,2,2,0,-56,128,0,14,14,13,14,14,11,12,13,11,11,12,12,12,11,11,11,11,10,10,9,8,8,7,7,6,6,0,0,0,0,0,0,0,0,0,0,0,13,14,15,15,16,16,17,17,17,17,17,17,16,16,16,16,16,15,16,16,16,15,15,16,15,15,0,28,30,26,29,23,22,26,22,22,23,22,21,21,22,20,21,21,20,19,16,17,16,13,12,12,10,8,6,0,0,0,0,0,0,0,23,24,25,25,27,29,29,30,30,31,31,32,31,31,31,31,30,29,30,29,29,29,29,30,28,28,28,27
20260804_021426_df8648,1785806192333753,1922011683,2,2,0,-57,128,0,14,15,14,14,14,14,14,13,14,14,13,13,13,13,13,13,13,13,13,13,13,12,10,10,10,10,0,0,0,0,0,0,0,0,0,0,0,15,14,15,15,16,16,16,16,16,16,16,16,15,15,14,15,13,14,14,14,14,14,15,14,14,14,0,52,51,52,51,49,52,50,49,50,49,52,50,49,52,49,50,49,48,47,46,42,42,39,37,36,36,31,32,0,0,0,0,0,0,0,50,52,53,54,55,56,57,58,60,58,60,58,56,58,55,54,54,53,54,51,55,53,52,51,52,52,54,52
20260804_021426_df8648,1785806192430797,1922113764,2,2,0,-65,128,0,2,2,1,1,2,2,3,2,3,3,4,4,4,5,5,5,7,7,8,9,9,10,11,12,12,14,0,0,0,0,0,0,0,0,0,0,0,25,25,25,25,25,25,24,24,23,22,21,20,17,17,15,13,12,11,10,10,9,6,6,5,4,4,0,5,4,3,3,3,4,5,5,6,7,8,8,9,9,11,11,12,13,15,16,18,19,21,22,23,25,25,27,0,0,0,0,0,0,0,44,44,46,47,47,48,47,47,46,45,43,41,39,36,33,31,29,26,23,21,19,18,15,13,12,10,9,7
20260804_021426_df8648,1785806192535549,1922214667,2,2,0,-60,128,0,15,14,14,14,14,14,14,13,13,13,14,14,14,14,14,14,14,16,16,16,16,16,16,16,16,17,0,0,0,0,0,0,0,0,0,0,0,10,11,11,11,11,11,12,12,13,13,13,13,13,13,13,13,13,13,13,13,13,13,14,14,14,14,0,54,53,54,52,53,52,52,51,49,49,51,51,51,53,52,55,57,58,59,60,59,60,58,60,58,59,59,61,0,0,0,0,0,0,0,34,36,35,39,38,42,42,45,44,46,48,48,49,49,49,49,48,47,50,48,50,52,51,49,49,53,52,51
20260804_021426_df8648,1785806192640144,1922314001,2,2,0,-54,128,0,15,14,14,13,13,12,12,12,11,12,11,11,11,11,11,12,12,12,12,12,12,12,12,12,11,11,0,0,0,0,0,0,0,0,0,0,0,11,11,12,13,13,14,15,15,15,16,16,16,16,16,15,15,15,15,14,15,14,15,14,15,15,15,0,55,53,53,51,50,49,47,47,45,45,45,44,43,45,43,45,44,45,46,45,46,44,43,44,44,43,41,42,0,0,0,0,0,0,0,38,39,41,43,46,50,52,52,55,58,58,59,60,60,59,59,57,58,59,57,57,57,57,58,56,56,57,56
20260804_021426_df8648,1785806192737762,1922413355,2,2,0,-56,128,0,14,14,14,14,13,13,13,13,12,13,13,12,12,12,12,13,14,13,13,13,14,13,13,13,14,14,0,0,0,0,0,0,0,0,0,0,0,9,10,11,12,12,12,13,13,14,14,14,13,14,13,13,13,13,13,13,13,13,14,14,15,14,15,0,54,54,55,51,53,51,50,49,48,48,49,47,47,49,48,51,49,53,53,52,53,53,51,51,52,53,50,51,0,0,0,0,0,0,0,34,38,38,40,43,47,47,50,51,52,53,55,53,54,54,53,54,55,54,53,56,54,55,53,54,55,54,54
20260804_021426_df8648,1785806192833607,1922512935,2,2,0,-55,128,0,15,16,15,15,14,15,14,14,14,14,14,14,14,14,14,14,15,15,15,14,15,14,14,14,13,13,0,0,0,0,0,0,0,0,0,0,0,9,9,10,10,11,12,12,12,13,13,14,13,13,13,14,15,14,14,14,15,15,15,15,15,15,15,0,60,56,58,57,55,56,54,53,53,52,54,53,52,52,54,55,53,55,56,56,55,52,53,52,51,50,50,49,0,0,0,0,0,0,0,28,30,33,34,36,40,41,44,47,48,49,50,53,52,51,53,53,53,55,54,54,55,57,55,55,58,57,58
20260804_021426_df8648,1785806192936200,1922612158,2,2,0,-58,128,0,15,15,15,16,16,16,16,15,15,15,15,15,15,15,16,16,16,16,16,15,15,15,15,14,14,14,0,0,0,0,0,0,0,0,0,0,0,7,8,8,9,9,9,10,11,11,12,12,13,13,13,13,13,13,13,14,14,14,14,14,15,15,15,0,59,58,58,58,57,57,57,57,58,55,57,58,56,57,58,58,58,60,59,60,60,57,56,58,54,55,54,54,0,0,0,0,0,0,0,23,25,27,31,32,35,36,39,37,41,44,44,47,45,47,48,48,50,49,51,51,54,51,53,53,54,56,55
20260804_021426_df8648,1785806193035424,1922711132,2,2,0,-57,128,0,13,13,13,13,13,14,13,14,14,14,14,14,15,16,16,16,16,17,17,17,17,17,17,17,16,17,0,0,0,0,0,0,0,0,0,0,0,4,5,6,6,7,7,8,8,9,9,8,9,9,9,9,9,9,9,9,10,11,11,12,12,12,12,0,52,54,54,55,54,55,56,56,57,58,60,60,60,60,63,65,66,66,69,70,66,67,69,66,67,67,65,67,0,0,0,0,0,0,0,18,18,19,22,23,25,28,27,29,30,31,35,36,34,35,36,36,39,38,38,43,44,44,43,46,47,49,51
20260804_021426_df8648,1785806193133997,1922811424,2,2,0,-60,128,0,13,12,13,13,13,13,13,14,14,15,15,15,16,16,16,17,17,18,18,18,18,19,18,19,19,19,0,0,0,0,0,0,0,0,0,0,0,10,10,10,11,11,11,11,11,11,10,10,10,10,10,10,10,10,11,11,11,11,11,11,11,12,12,0,23,25,25,25,24,26,25,26,27,27,28,29,30,30,31,32,32,34,35,35,35,35,35,35,36,36,36,36,0,0,0,0,0,0,0,17,19,19,19,20,20,20,20,21,21,20,20,20,20,19,20,19,20,19,20,20,20,21,21,21,22,22,23
20260804_021426_df8648,1785806193231934,1922911736,2,2,0,-60,128,0,11,10,10,9,9,9,9,10,10,10,10,11,11,11,12,13,13,13,14,14,14,14,15,14,15,15,0,0,0,0,0,0,0,0,0,0,0,15,16,16,17,16,16,17,17,17,17,16,16,16,15,14,14,14,13,13,13,13,13,12,12,12,11,0,40,39,39,38,35,36,37,36,37,38,39,40,42,42,44,47,49,48,52,52,51,52,54,54,56,59,56,58,0,0,0,0,0,0,0,55,55,57,59,60,63,62,64,65,65,65,65,61,62,60,59,58,55,53,50,50,49,51,48,46,47,44,43
20260804_021426_df8648,1785806193335434,1923012989,2,2,0,-60,128,0,12,12,12,11,12,12,12,13,13,13,13,13,14,15,15,16,16,17,17,17,18,18,18,18,18,19,0,0,0,0,0,0,0,0,0,0,0,12,12,12,13,13,13,13,14,14,13,13,13,13,12,12,12,12,12,11,12,12,12,12,12,12,12,0,23,23,22,23,23,23,24,23,24,25,25,25,26,27,28,28,29,30,32,33,33,33,34,34,35,35,35,36,0,0,0,0,0,0,0,20,22,23,23,23,24,25,25,25,26,26,25,25,24,25,24,23,23,23,23,23,23,22,23,23,23,23,23
20260804_021426_df8648,1785806193432092,1923111587,2,2,0,-54,128,0,15,16,16,15,15,15,15,15,15,15,15,16,15,16,15,15,16,16,16,16,16,16,16,16,16,15,0,0,0,0,0,0,0,0,0,0,0,8,9,9,9,10,11,11,11,11,12,12,12,13,13,13,14,13,14,14,14,14,14,15,16,16,15,0,58,58,58,57,57,57,55,54,54,55,57,56,56,58,56,60,59,61,60,59,60,59,57,58,57,57,54,57,0,0,0,0,0,0,0,26,28,30,31,32,35,36,38,40,40,44,44,45,45,47,48,49,49,52,51,54,53,55,55,56,57,57,59
20260804_021426_df8648,1785806193534290,1923212361,2,2,0,-53,128,0,15,14,14,15,13,13,13,13,13,13,13,13,13,13,13,13,13,13,13,13,12,12,12,12,11,10,0,0,0,0,0,0,0,0,0,0,0,9,10,11,11,12,12,12,13,13,14,14,14,14,14,14,14,14,14,14,14,14,15,15,15,15,15,0,58,56,55,54,54,55,51,51,50,50,51,49,51,51,50,52,50,51,50,48,48,46,45,43,41,42,40,41,0,0,0,0,0,0,0,34,35,36,39,41,43,45,48,49,50,52,52,54,53,52,53,54,54,54,53,54,57,56,58,57,57,59,60
20260804_021426_df8648,1785806193636427,1923311919,2,2,0,-54,128,0,16,15,15,15,15,15,15,15,15,15,15,14,14,15,15,15,15,15,15,14,14,14,13,14,14,14,0,0,0,0,0,0,0,0,0,0,0,7,7,7,8,8,9,9,9,10,10,10,10,11,11,11,11,13,13,12,12,14,14,14,14,15,15,0,59,58,58,58,58,58,56,57,56,57,57,56,57,59,59,60,59,60,59,57,57,55,54,54,53,51,52,50,0,0,0,0,0,0,0,23,25,26,28,29,31,33,35,37,38,39,41,42,43,43,44,45,46,48,47,50,50,51,53,55,55,57,59
20260804_021426_df8648,1785806193731894,1923411774,2,2,0,-62,128,0,14,14,15,14,14,15,15,15,15,15,15,15,16,16,16,16,17,17,17,17,17,17,17,17,17,17,0,0,0,0,0,0,0,0,0,0,0,9,9,9,9,9,8,8,7,7,6,6,7,7,6,7,7,8,8,9,10,10,11,11,12,13,14,0,28,29,28,29,29,29,29,29,30,31,30,30,31,32,31,32,33,33,33,33,33,33,33,33,33,34,33,33,0,0,0,0,0,0,0,18,19,18,19,18,18,18,16,16,16,15,14,13,13,13,15,14,14,15,17,18,20,21,22,23,24,26,26
20260804_021426_df8648,1785806193833820,1923511640,2,2,0,-56,128,0,14,16,16,15,16,16,16,16,16,16,17,17,17,17,17,17,17,17,18,18,18,17,17,17,17,16,0,0,0,0,0,0,0,0,0,0,0,5,6,6,6,6,6,6,7,8,8,9,9,9,10,9,11,11,11,12,12,13,13,13,14,14,14,0,58,61,60,60,60,62,60,62,60,64,62,64,64,66,66,66,68,68,68,68,68,67,68,66,65,64,64,64,0,0,0,0,0,0,0,18,19,18,20,21,21,24,24,25,26,28,29,31,33,34,35,39,40,42,41,46,45,49,50,50,54,55,55
20260804_021426_df8648,1785806193935098,1923611764,2,2,0,-55,128,0,15,16,16,16,16,16,16,16,16,17,16,16,16,16,16,17,17,17,17,17,17,17,17,17,17,16,0,0,0,0,0,0,0,0,0,0,0,4,5,6,6,6,7,7,8,8,9,9,10,10,10,11,11,12,12,13,14,14,14,14,14,15,15,0,61,60,61,59,60,61,59,61,60,60,62,61,62,64,63,64,65,65,65,67,65,65,64,62,62,63,59,62,0,0,0,0,0,0,0,16,17,17,19,20,22,22,24,25,26,29,32,33,35,36,38,38,42,43,45,47,49,50,52,53,55,57,57
20260804_021426_df8648,1785806194036148,1923712618,2,2,0,-55,128,0,15,15,15,15,15,15,15,14,14,14,14,14,14,14,15,15,15,15,14,14,14,14,14,14,14,14,0,0,0,0,0,0,0,0,0,0,0,6,6,7,7,8,8,9,9,10,10,11,11,11,12,12,12,12,13,13,13,14,14,14,15,15,15,0,60,60,60,61,59,59,57,58,56,58,57,57,58,58,59,59,59,58,61,59,58,56,56,54,54,55,53,54,0,0,0,0,0,0,0,21,23,23,25,28,29,31,33,35,36,39,40,42,43,44,46,47,49,49,51,52,54,57,57,58,59,59,60
20260804_021426_df8648,1785806194135893,1923812129,2,2,0,-55,128,0,15,16,16,16,16,16,16,16,15,15,16,16,16,16,16,17,17,16,17,16,16,16,16,16,15,15,0,0,0,0,0,0,0,0,0,0,0,7,7,8,8,9,9,9,10,10,11,11,11,11,11,12,13,13,13,13,13,14,14,14,15,16,16,0,56,59,57,58,58,58,57,58,57,58,58,57,59,60,61,61,62,63,62,61,60,59,59,57,57,58,55,56,0,0,0,0,0,0,0,20,22,22,24,27,29,32,31,34,35,37,40,40,42,45,44,44,46,46,47,51,51,51,56,56,54,55,56
20260804_021426_df8648,1785806194237430,1923914479,2,2,0,-59,128,0,14,15,14,14,14,14,15,14,15,14,14,14,14,14,16,16,15,16,16,16,16,14,14,15,14,15,0,0,0,0,0,0,0,0,0,0,0,11,12,11,12,12,12,13,13,13,12,12,12,12,12,12,13,13,13,13,13,13,14,14,14,14,14,0,54,55,54,54,53,54,54,53,54,54,53,54,55,57,53,57,59,57,57,59,59,57,57,57,54,56,57,57,0,0,0,0,0,0,0,38,41,40,42,44,45,48,49,47,47,50,48,46,47,46,46,46,49,46,47,49,49,50,51,50,52,54,52
20260804_021426_df8648,1785806194333846,1924011417,2,2,0,-57,128,0,15,15,15,15,14,14,15,14,14,15,15,15,15,16,16,16,16,17,17,17,17,17,16,16,16,16,0,0,0,0,0,0,0,0,0,0,0,7,7,8,8,8,9,9,9,10,10,10,11,11,11,11,12,11,12,13,13,13,13,14,14,14,14,0,29,29,28,30,29,28,29,29,29,30,30,29,30,30,31,31,32,32,32,32,31,32,31,31,31,31,31,31,0,0,0,0,0,0,0,12,12,14,14,15,16,17,17,18,17,19,20,20,20,21,21,22,23,22,24,25,26,26,26,28,28,28,28
20260804_021426_df8648,1785806194435337,1924111717,2,2,0,-56,128,0,14,15,14,14,14,13,14,14,15,16,15,15,15,16,16,16,16,16,16,16,16,16,17,16,17,16,0,0,0,0,0,0,0,0,0,0,0,9,9,9,9,10,10,11,11,11,12,11,13,12,13,12,13,13,13,13,13,13,13,14,14,13,14,0,58,53,56,56,50,53,54,53,52,59,57,56,56,60,60,60,61,66,63,63,61,63,63,62,60,60,61,60,0,0,0,0,0,0,0,29,30,32,33,34,38,39,41,42,42,43,47,46,47,47,46,47,48,48,50,51,50,50,53,52,52,53,52
20260804_021426_df8648,1785806194531737,1924211850,2,2,0,-57,128,0,12,13,13,13,13,13,13,14,14,14,14,15,15,16,15,16,17,17,18,18,18,18,18,18,18,19,0,0,0,0,0,0,0,0,0,0,0,8,8,9,9,10,10,10,11,11,12,11,12,11,12,11,12,11,12,12,12,13,12,12,12,12,12,0,24,24,24,24,25,25,26,26,26,27,27,28,28,30,31,32,33,34,35,35,35,35,35,35,35,35,35,36,0,0,0,0,0,0,0,14,15,15,16,17,18,19,20,20,20,20,22,22,22,22,22,22,22,21,22,22,22,23,23,23,23,24,23
20260804_021426_df8648,1785806194633577,1924311879,2,2,0,-58,128,0,14,14,14,14,14,14,14,14,14,15,15,15,16,16,16,16,16,16,17,17,17,17,16,16,16,17,0,0,0,0,0,0,0,0,0,0,0,6,6,8,8,8,9,9,9,9,10,9,10,10,10,11,11,11,11,12,12,12,13,13,13,13,14,0,53,53,55,55,56,55,56,56,55,57,58,59,60,61,61,63,63,64,65,66,65,65,64,64,63,64,63,64,0,0,0,0,0,0,0,21,23,23,26,28,30,31,34,36,36,36,39,38,40,41,42,41,43,45,44,46,47,47,49,48,50,51,53
20260804_021426_df8648,1785806194733891,1924411495,2,2,0,-55,128,0,15,15,15,15,14,14,14,14,14,14,14,14,14,14,15,14,15,14,15,15,15,14,15,14,14,14,0,0,0,0,0,0,0,0,0,0,0,6,6,7,7,8,8,9,9,10,10,11,11,11,11,11,12,12,13,12,13,14,14,14,15,15,15,0,60,56,57,59,57,57,57,55,56,55,55,54,56,58,59,57,59,60,59,59,58,58,57,56,57,57,55,56,0,0,0,0,0,0,0,20,22,24,25,27,30,31,33,37,38,40,41,43,46,45,47,47,48,49,50,50,52,53,55,54,53,57,57
20260804_021426_df8648,1785806194833486,1924511700,2,2,0,-56,128,0,16,16,16,15,15,15,16,15,15,15,16,15,15,16,15,16,16,16,16,16,15,15,15,15,15,14,0,0,0,0,0,0,0,0,0,0,0,8,9,9,10,11,11,12,13,13,13,14,14,15,15,14,15,15,15,16,15,16,16,16,17,17,16,0,59,57,57,55,56,56,53,55,54,56,54,54,54,54,55,55,54,55,56,54,55,54,55,54,52,52,52,50,0,0,0,0,0,0,0,25,27,28,31,33,36,40,40,44,47,49,52,52,52,52,55,55,56,56,56,57,56,58,58,59,59,59,59
20260804_021426_df8648,1785806194933591,1924611513,2,2,0,-55,128,0,13,13,13,13,13,13,13,13,13,13,14,14,14,15,15,15,16,16,16,16,16,16,16,16,16,15,0,0,0,0,0,0,0,0,0,0,0,8,8,9,9,9,9,10,10,11,11,11,11,12,11,11,12,12,12,12,12,12,12,12,13,13,13,0,54,53,54,54,53,52,53,53,52,54,54,55,56,58,57,61,60,64,65,64,66,64,62,63,64,64,62,63,0,0,0,0,0,0,0,27,28,29,33,34,36,36,39,41,41,43,44,45,44,46,46,48,46,47,47,50,47,48,49,50,50,51,52
20260804_021426_df8648,1785806195031800,1924711893,2,2,0,-58,128,0,13,14,14,14,14,14,14,14,14,15,15,15,15,15,16,16,17,17,17,18,18,18,18,19,18,19,0,0,0,0,0,0,0,0,0,0,0,3,4,4,4,5,6,7,7,8,8,9,10,10,10,11,11,11,11,12,12,12,13,13,13,13,13,0,27,29,27,28,27,28,27,29,28,29,29,29,30,29,33,32,33,34,34,35,36,36,36,37,37,37,37,38,0,0,0,0,0,0,0,4,5,7,7,8,9,11,11,13,14,15,17,18,19,19,21,20,22,22,22,22,22,24,23,25,26,26,27
20260804_021426_df8648,1785806195140832,1924819562,2,2,0,-57,128,0,13,13,13,13,13,13,13,13,13,13,14,14,14,14,15,15,16,16,17,17,16,16,17,17,17,16,0,0,0,0,0,0,0,0,0,0,0,6,7,7,7,8,8,9,10,10,10,11,11,11,11,11,11,11,12,11,11,12,12,12,12,12,13,0,26,26,27,25,27,26,26,26,27,27,27,28,27,29,29,30,30,32,33,33,34,33,33,32,34,34,31,33,0,0,0,0,0,0,0,9,10,12,14,14,15,16,17,19,19,20,21,21,22,21,23,22,22,22,22,23,23,22,23,23,24,25,25
20260804_021426_df8648,1785806195232724,1924911773,2,2,0,-56,128,0,15,16,15,14,15,16,16,16,16,16,16,16,16,16,16,17,17,18,17,17,17,17,18,18,18,18,0,0,0,0,0,0,0,0,0,0,0,6,6,7,8,8,9,9,9,10,11,11,11,12,12,12,12,13,12,13,13,13,13,13,14,14,14,0,30,28,29,27,27,28,30,30,28,32,30,30,31,31,31,31,32,36,34,33,34,34,33,34,32,32,33,32,0,0,0,0,0,0,0,10,11,11,12,13,15,16,17,18,19,20,21,21,23,22,23,22,23,23,24,25,25,26,26,25,26,28,27
20260804_021426_df8648,1785806195334941,1925011787,2,2,0,-57,128,0,15,15,15,15,15,15,15,15,15,15,15,15,14,14,15,15,15,16,16,16,16,15,16,16,16,16,0,0,0,0,0,0,0,0,0,0,0,8,8,8,9,9,10,11,11,11,11,13,13,12,13,12,13,13,13,13,14,14,14,14,14,15,15,0,59,59,60,57,57,58,56,55,56,57,57,57,57,57,58,59,61,62,61,62,63,62,61,62,60,60,59,59,0,0,0,0,0,0,0,26,25,28,29,32,33,35,37,39,42,43,44,45,49,45,48,47,50,49,50,50,51,53,55,55,55,56,57
20260804_021426_df8648,1785806195431695,1925112183,2,2,0,-61,128,0,13,14,14,13,14,13,14,13,14,14,14,14,14,15,15,16,15,16,16,16,17,17,17,17,17,18,0,0,0,0,0,0,0,0,0,0,0,7,7,8,8,8,8,9,9,9,8,8,9,9,9,9,9,10,10,10,9,11,12,11,12,13,13,0,26,27,27,27,27,27,26,27,26,28,27,28,29,29,29,30,31,33,33,32,34,35,35,33,35,36,33,36,0,0,0,0,0,0,0,14,14,15,16,16,16,16,16,17,16,17,18,18,18,18,18,18,19,19,20,21,20,20,22,22,23,24,25
20260804_021426_df8648,1785806195534468,1925212112,2,2,0,-61,128,0,11,11,12,12,12,12,12,12,12,13,13,13,14,14,14,15,15,16,17,17,17,17,17,18,18,18,0,0,0,0,0,0,0,0,0,0,0,6,7,7,8,9,9,10,10,10,10,10,11,10,10,10,10,10,10,10,10,10,10,10,11,11,11,0,23,23,23,25,24,25,25,24,25,26,27,27,28,28,28,30,32,33,34,35,34,35,35,36,36,38,35,36,0,0,0,0,0,0,0,13,14,14,16,16,17,18,19,20,20,21,20,21,22,21,23,22,21,22,20,21,20,21,21,20,21,21,22
20260804_021426_df8648,1785806195637162,1925310909,2,2,0,-57,128,0,13,13,13,13,13,13,13,12,13,13,13,13,13,13,14,14,14,14,15,15,15,15,15,15,15,15,0,0,0,0,0,0,0,0,0,0,0,13,13,14,14,15,16,16,16,16,16,16,16,16,15,15,14,14,14,14,14,14,14,13,13,13,13,0,49,48,48,45,49,48,45,45,45,46,48,46,47,49,48,50,52,53,53,55,54,52,53,55,55,57,54,56,0,0,0,0,0,0,0,42,46,46,51,49,53,53,56,57,57,58,58,59,55,58,55,56,54,53,51,52,51,49,49,47,48,48,47
20260804_021426_df8648,1785806195733650,1925412155,2,2,0,-59,128,0,13,13,13,14,14,14,14,14,14,14,14,14,14,15,16,16,16,17,17,17,17,17,17,17,17,17,0,0,0,0,0,0,0,0,0,0,0,7,8,8,9,9,9,10,10,10,10,10,10,10,10,10,10,10,10,10,10,11,11,11,12,12,12,0,24,26,26,26,26,27,26,27,27,27,28,28,29,29,31,30,31,31,33,33,33,33,34,32,32,31,32,31,0,0,0,0,0,0,0,14,13,15,15,16,17,17,18,19,18,19,19,18,19,19,20,19,20,19,21,20,20,21,22,21,23,25,23
20260804_021426_df8648,1785806195829823,1925510627,2,2,0,-59,128,0,12,12,13,13,13,13,14,14,14,14,15,15,15,16,16,17,17,18,18,19,19,19,19,19,19,19,0,0,0,0,0,0,0,0,0,0,0,7,8,8,8,8,8,8,9,9,9,9,8,9,8,9,8,9,9,9,9,9,9,10,11,11,11,0,23,24,25,25,25,26,26,27,27,27,28,28,29,31,32,33,34,36,36,36,36,36,36,36,36,37,35,35,0,0,0,0,0,0,0,14,14,14,15,16,15,17,17,17,17,17,17,17,17,17,16,17,17,17,16,17,18,17,17,19,21,21,22
20260804_021426_df8648,1785806195930965,1925611129,2,2,0,-62,128,0,9,8,8,9,9,10,10,10,11,11,12,12,13,14,15,15,16,17,18,18,19,18,18,18,19,19,0,0,0,0,0,0,0,0,0,0,0,12,13,13,13,14,14,14,14,14,13,13,13,12,12,10,10,10,8,9,8,7,7,7,7,8,8,0,17,16,18,19,19,21,19,19,22,22,24,24,26,26,28,29,30,33,34,34,35,35,35,37,37,39,37,37,0,0,0,0,0,0,0,23,24,24,25,25,26,25,27,28,26,25,24,23,25,22,21,20,19,19,18,16,16,16,15,14,16,15,14
20260804_021426_df8648,1785806196034104,1925711941,2,2,0,-63,128,0,9,8,8,9,9,9,9,9,10,10,10,10,10,11,12,12,13,13,13,14,14,14,15,15,15,16,0,0,0,0,0,0,0,0,0,0,0,16,16,16,17,17,17,17,17,17,16,15,16,15,13,13,13,12,11,11,10,9,10,9,8,9,8,0,33,31,34,34,35,33,37,37,39,37,36,40,38,41,44,46,46,47,53,53,53,56,57,55,59,62,60,64,0,0,0,0,0,0,0,59,60,62,65,66,66,69,66,69,67,68,65,61,60,56,56,54,47,44,45,42,41,41,37,36,35,35,34
20260804_021426_df8648,1785806196136626,1925815034,2,2,0,-63,128,0,11,11,11,11,10,10,11,11,10,10,10,10,10,11,11,11,11,11,11,11,12,12,12,12,12,12,0,0,0,0,0,0,0,0,0,0,0,16,14,15,16,16,16,17,17,17,16,17,16,15,15,15,14,14,14,14,14,13,13,12,12,12,11,0,45,43,44,41,41,41,41,42,41,41,42,40,41,43,43,43,42,43,44,45,43,46,44,45,46,49,46,47,0,0,0,0,0,0,0,53,61,58,61,60,64,64,67,66,67,68,69,64,65,62,63,63,57,56,52,53,52,51,51,47,49,47,47
20260804_021426_df8648,1785806196233705,1925914588,2,2,0,-63,128,0,9,9,8,6,6,6,5,5,5,4,5,4,4,4,4,4,4,4,4,4,5,6,7,7,9,9,0,0,0,0,0,0,0,0,0,0,0,19,20,21,21,21,22,21,22,22,22,21,21,20,19,18,18,17,16,16,15,15,14,13,13,12,11,0,18,15,15,14,13,11,10,10,9,9,8,8,8,7,7,6,6,5,6,8,8,11,12,13,14,16,19,18,0,0,0,0,0,0,0,33,34,35,38,38,39,40,40,41,40,40,41,40,37,36,36,34,34,31,31,29,29,27,26,25,23,22,20
20260804_021426_df8648,1785806196370101,1926046325,2,2,0,-60,128,0,14,13,12,12,11,10,10,10,10,9,9,8,8,8,8,7,8,7,7,6,7,6,6,5,5,4,0,0,0,0,0,0,0,0,0,0,0,13,14,15,16,16,16,17,18,18,18,18,18,18,18,17,17,16,16,16,16,16,16,16,15,15,14,0,51,49,47,45,42,41,39,37,39,35,34,33,33,33,30,31,29,28,27,27,28,24,21,21,20,19,16,16,0,0,0,0,0,0,0,48,48,51,57,57,60,62,64,66,66,68,69,69,69,65,67,65,65,63,62,61,60,61,59,58,59,56,56
20260804_021426_df8648,1785806196433547,1926112836,2,2,0,-62,128,0,14,14,13,13,13,12,11,11,11,11,11,9,10,10,10,11,11,11,11,11,11,11,11,10,11,11,0,0,0,0,0,0,0,0,0,0,0,16,17,17,18,19,19,19,20,19,20,18,20,19,18,18,18,17,17,17,17,16,16,16,16,16,16,0,25,23,23,23,23,20,20,18,19,17,17,17,18,20,17,17,20,19,20,18,19,18,18,18,18,18,17,17,0,0,0,0,0,0,0,26,28,27,29,29,31,32,31,33,36,36,34,34,34,31,34,33,31,31,29,29,29,31,28,29,25,26,24
20260804_021426_df8648,1785806196541091,1926222971,2,2,0,-71,128,0,9,10,11,11,11,12,13,13,13,14,14,15,15,16,17,19,20,21,24,24,25,27,28,29,29,31,0,0,0,0,0,0,0,0,0,0,0,10,10,10,9,9,8,8,6,6,6,4,2,1,2,0,0,1,1,1,3,4,5,6,6,7,8,0,16,18,21,21,21,23,24,24,24,26,26,27,29,31,30,35,37,39,44,45,47,51,52,52,56,58,58,59,0,0,0,0,0,0,0,20,20,20,19,18,19,17,16,16,13,11,11,7,6,4,4,1,1,1,2,4,6,7,8,9,12,13,13
20260804_021426_df8648,1785806196636690,1926312206,2,2,0,-58,128,0,15,15,15,14,14,14,15,15,14,14,14,14,13,15,15,15,15,15,15,15,16,15,15,15,15,15,0,0,0,0,0,0,0,0,0,0,0,9,10,10,11,12,13,13,14,14,14,13,14,14,14,14,14,14,14,14,14,15,15,15,16,16,15,0,56,56,54,55,53,53,52,54,50,53,52,51,51,50,53,54,55,53,56,53,56,53,55,54,54,54,52,51,0,0,0,0,0,0,0,32,34,34,36,38,38,43,43,47,50,49,49,50,51,51,49,50,53,51,51,55,53,54,57,55,57,56,57
20260804_021426_df8648,1785806196733889,1926411712,2,2,0,-55,128,0,15,15,15,14,14,14,13,13,13,13,14,13,14,14,14,15,13,14,14,15,14,15,14,14,14,13,0,0,0,0,0,0,0,0,0,0,0,9,10,10,11,12,12,12,13,14,14,14,14,14,14,14,14,14,14,14,14,14,15,15,15,15,15,0,58,57,54,56,53,51,52,50,49,51,50,49,49,49,52,52,53,52,53,52,52,51,49,50,47,47,47,47,0,0,0,0,0,0,0,31,32,35,36,39,41,43,45,47,50,49,51,51,52,53,53,51,54,52,54,55,55,55,58,58,58,59,57
20260804_021426_df8648,1785806196830143,1926512530,2,2,0,-68,128,0,13,13,14,14,14,14,15,14,14,15,15,15,16,16,17,17,18,18,18,19,20,20,20,21,21,22,0,0,0,0,0,0,0,0,0,0,0,2,3,3,3,3,4,4,4,4,6,6,6,8,7,7,7,8,8,8,9,9,9,9,11,12,12,0,25,26,27,27,27,28,29,28,28,29,30,29,31,30,31,32,35,35,35,37,38,38,38,39,39,41,40,40,0,0,0,0,0,0,0,6,6,5,6,6,7,6,8,8,10,10,11,12,12,14,15,14,14,15,16,17,18,19,19,20,21,22,24
20260804_021426_df8648,1785806196933242,1926611685,2,2,0,-60,128,0,16,16,16,16,16,16,15,14,14,14,14,14,14,15,15,15,16,16,16,16,16,16,16,16,16,16,0,0,0,0,0,0,0,0,0,0,0,6,7,7,8,9,9,10,10,11,12,12,12,13,13,13,13,14,14,14,15,15,15,15,16,16,16,0,59,61,59,59,57,57,57,55,55,54,55,54,53,55,56,57,58,59,60,61,61,60,62,62,61,62,61,62,0,0,0,0,0,0,0,21,22,24,25,28,28,32,34,37,39,40,43,44,45,48,48,49,50,53,52,54,55,56,58,58,59,60,60
20260804_021426_df8648,1785806197031010,1926711646,2,2,0,-61,128,0,13,13,13,14,14,14,14,14,15,16,16,16,17,18,18,19,20,20,21,21,21,21,21,21,21,22,0,0,0,0,0,0,0,0,0,0,0,6,5,5,6,5,5,6,5,5,5,5,6,6,5,6,6,7,7,8,8,8,9,9,11,11,11,0,24,25,26,27,27,28,28,29,29,31,31,31,32,33,35,36,37,37,40,40,40,40,41,41,40,42,41,41,0,0,0,0,0,0,0,9,9,9,10,9,10,9,9,10,10,9,10,10,10,10,11,11,12,13,14,14,15,17,18,18,21,21,22
20260804_021426_df8648,1785806197132597,1926812164,2,2,0,-62,128,0,12,12,13,13,13,13,14,14,14,13,14,14,14,15,15,16,17,17,18,18,18,19,19,19,19,19,0,0,0,0,0,0,0,0,0,0,0,8,9,9,8,9,9,9,9,9,10,9,9,9,9,10,9,10,9,10,10,9,11,11,11,12,12,0,24,25,25,25,25,26,26,25,26,25,26,28,28,29,29,31,32,34,33,35,34,36,35,36,35,37,36,36,0,0,0,0,0,0,0,14,15,15,17,16,17,16,17,18,18,19,18,18,19,19,19,19,18,19,19,19,20,19,20,21,21,22,23
20260804_021426_df8648,1785806197233859,1926911894,2,2,0,-64,128,0,12,13,13,14,14,14,14,14,15,15,16,17,17,17,17,19,19,21,21,22,23,23,23,24,24,25,0,0,0,0,0,0,0,0,0,0,0,4,4,4,3,4,4,4,4,4,4,4,5,5,5,5,5,7,7,7,8,9,9,9,10,11,11,0,24,24,24,25,26,26,27,28,27,30,30,31,33,33,34,37,38,40,41,42,43,44,46,45,46,47,47,49,0,0,0,0,0,0,0,7,8,7,8,8,8,7,8,8,7,7,9,7,9,9,9,11,10,12,12,14,13,15,17,17,19,20,21
20260804_021426_df8648,1785806197334509,1927011002,2,2,0,-62,128,0,12,12,13,13,13,13,13,14,14,14,15,15,15,16,16,17,17,18,18,19,20,20,20,20,20,21,0,0,0,0,0,0,0,0,0,0,0,9,9,9,9,9,9,10,9,10,10,9,9,9,9,10,9,9,9,9,9,10,10,10,11,11,12,0,24,25,25,24,27,26,27,28,28,28,29,29,30,32,32,34,34,36,37,38,38,39,38,38,39,41,38,40,0,0,0,0,0,0,0,17,17,16,18,18,19,18,18,19,19,20,19,19,18,17,19,17,18,18,19,17,18,19,19,21,20,21,24
20260804_021426_df8648,1785806197430949,1927111431,2,2,0,-59,128,0,13,14,14,14,14,15,15,15,15,15,17,16,17,17,17,17,18,18,19,19,19,18,19,19,18,18,0,0,0,0,0,0,0,0,0,0,0,8,8,8,8,8,8,7,7,7,7,6,6,6,6,6,6,7,7,8,9,9,10,11,11,12,12,0,26,26,27,28,29,29,29,30,30,31,32,31,32,33,34,34,35,36,37,36,36,36,35,37,35,35,34,35,0,0,0,0,0,0,0,15,15,15,15,15,15,14,14,14,14,13,12,11,13,12,13,12,13,14,14,16,16,17,19,20,22,22,24
20260804_021426_df8648,1785806197533845,1927211337,2,2,0,-57,128,0,13,13,13,14,13,13,13,13,13,13,13,13,14,13,15,15,15,14,15,15,16,15,15,15,14,14,0,0,0,0,0,0,0,0,0,0,0,9,9,10,11,11,10,11,11,11,12,12,12,12,12,11,11,11,11,11,12,12,12,13,12,13,13,0,53,53,53,53,52,53,51,52,52,53,55,54,56,56,57,60,59,60,61,60,61,59,60,59,59,59,58,59,0,0,0,0,0,0,0,36,38,38,38,40,43,42,42,44,46,45,47,47,47,45,46,47,46,45,47,48,46,48,49,49,51,52,53
20260804_021426_df8648,1785806197636969,1927311707,2,2,0,-58,128,0,15,16,16,16,16,16,16,15,16,15,15,16,16,16,16,17,17,17,17,17,17,17,17,17,17,17,0,0,0,0,0,0,0,0,0,0,0,8,8,9,9,9,9,9,10,10,10,10,10,11,10,11,11,12,11,11,12,13,14,14,14,15,15,0,59,57,57,59,57,58,58,58,57,61,59,58,61,61,62,64,64,64,65,67,66,67,66,66,66,67,67,65,0,0,0,0,0,0,0,29,28,30,32,32,34,34,36,36,38,38,38,39,40,39,42,41,43,43,45,47,48,49,50,50,51,54,54
20260804_021426_df8648,1785806197740024,1927418648,2,2,0,-57,128,0,14,14,14,14,14,14,13,14,13,14,14,14,14,14,15,15,15,15,16,16,16,16,16,16,16,16,0,0,0,0,0,0,0,0,0,0,0,5,5,5,6,6,6,7,7,8,9,8,9,9,9,9,11,11,11,12,11,12,12,13,13,13,14,0,57,57,56,57,57,55,56,55,56,58,58,57,57,59,62,62,63,64,65,65,66,64,66,66,65,66,67,67,0,0,0,0,0,0,0,19,18,20,21,25,25,28,28,29,32,32,36,37,38,38,41,41,45,43,46,47,49,52,50,55,55,54,55
20260804_021426_df8648,1785806197836980,1927513158,2,2,0,-57,128,0,13,14,14,15,15,15,15,15,15,15,16,16,16,17,17,18,17,18,18,17,18,18,18,18,18,17,0,0,0,0,0,0,0,0,0,0,0,5,5,6,6,6,6,7,7,7,8,8,8,8,8,9,9,9,9,10,10,12,12,12,13,13,13,0,27,28,29,29,29,29,28,29,30,30,31,31,31,32,33,33,34,34,35,36,35,36,35,35,34,35,34,35,0,0,0,0,0,0,0,11,11,12,13,12,13,12,14,15,14,15,15,14,15,17,16,17,17,18,18,21,21,22,23,24,25,26,26
20260804_021426_df8648,1785806197933761,1927613850,2,2,0,-57,128,0,14,14,14,15,15,15,15,15,15,16,16,16,17,17,17,18,18,18,19,19,19,19,19,19,19,19,0,0,0,0,0,0,0,0,0,0,0,5,6,5,6,6,6,6,6,7,7,7,7,7,8,8,9,9,9,10,10,10,11,11,12,13,13,0,26,27,27,28,28,29,29,29,29,30,31,30,32,32,35,33,34,36,36,36,36,37,37,36,36,37,35,35,0,0,0,0,0,0,0,9,10,10,10,11,11,11,11,12,13,13,13,13,15,15,15,15,16,17,18,18,19,20,21,22,23,24,24
20260804_021426_df8648,1785806198030880,1927711238,2,2,0,-56,128,0,14,14,14,14,14,14,14,15,15,15,16,16,16,17,17,17,17,18,18,18,19,18,18,18,18,18,0,0,0,0,0,0,0,0,0,0,0,3,4,4,4,5,5,6,6,7,8,8,9,9,9,9,9,10,10,11,11,12,12,12,13,13,13,0,28,28,28,29,28,29,29,29,30,32,31,31,32,33,34,34,35,35,37,38,37,37,36,37,36,36,36,36,0,0,0,0,0,0,0,6,7,7,8,9,9,10,10,11,12,13,14,15,16,16,17,17,19,19,22,21,23,23,24,25,25,26,26
20260804_021426_df8648,1785806198138252,1927814818,2,2,0,-55,128,0,14,15,15,15,15,15,15,15,15,15,15,15,15,16,16,16,17,17,17,17,17,17,17,17,17,17,0,0,0,0,0,0,0,0,0,0,0,3,3,3,3,4,4,5,5,7,7,8,8,9,9,9,10,11,10,11,12,12,13,13,14,14,14,0,57,56,59,57,60,58,57,58,58,57,60,60,62,64,61,67,65,71,71,72,68,68,69,69,69,71,66,68,0,0,0,0,0,0,0,7,9,10,11,13,15,16,19,21,24,26,28,30,32,35,36,39,38,40,42,47,47,47,49,49,52,53,55
20260804_021426_df8648,1785806198233774,1927914991,2,2,0,-57,128,0,13,15,15,15,15,15,14,15,15,15,16,15,16,16,17,17,18,18,18,18,18,18,18,18,18,18,0,0,0,0,0,0,0,0,0,0,0,4,4,4,4,5,5,6,6,7,8,8,9,9,10,9,10,11,11,11,12,12,12,13,13,13,13,0,27,28,28,29,29,29,28,28,30,30,29,30,31,32,33,33,34,35,35,35,35,34,36,35,36,36,34,35,0,0,0,0,0,0,0,7,6,8,8,8,8,10,10,12,13,13,14,16,15,16,17,18,19,20,20,21,22,22,25,25,26,27,26
20260804_021426_df8648,1785806198336742,1928013765,2,2,0,-58,128,0,13,13,13,14,14,14,13,14,14,14,15,13,15,15,16,16,16,16,16,17,16,17,17,17,17,17,0,0,0,0,0,0,0,0,0,0,0,5,6,7,7,7,7,7,8,7,8,7,8,8,8,8,9,9,9,9,9,11,11,11,12,12,13,0,27,27,28,27,28,28,28,27,28,29,29,29,30,32,31,32,32,34,34,34,35,34,34,34,35,36,34,35,0,0,0,0,0,0,0,14,13,13,14,13,15,15,14,15,16,16,16,16,17,17,16,18,17,19,19,19,21,21,22,22,24,26,25
20260804_021426_df8648,1785806198433114,1928113086,2,2,0,-57,128,0,14,15,14,14,14,14,13,13,13,13,13,13,13,13,14,14,14,14,14,14,14,14,14,13,12,13,0,0,0,0,0,0,0,0,0,0,0,11,11,11,12,13,12,13,13,13,13,13,13,13,13,12,12,12,13,13,13,14,14,14,14,14,14,0,56,58,56,56,53,54,54,53,53,52,52,51,53,52,54,55,54,52,53,53,54,52,52,52,51,51,50,51,0,0,0,0,0,0,0,41,41,44,42,45,46,49,48,50,51,53,52,52,50,51,51,48,52,50,51,52,52,54,54,54,57,59,55
20260804_021426_df8648,1785806198534625,1928211387,2,2,0,-56,128,0,15,15,15,14,14,14,14,14,14,13,13,13,13,13,13,13,13,13,13,13,12,12,12,11,11,11,0,0,0,0,0,0,0,0,0,0,0,9,10,10,11,11,12,13,13,13,13,14,14,14,14,14,14,14,14,14,15,15,15,15,15,15,15,0,59,54,57,54,53,52,52,50,50,52,51,49,49,50,50,51,49,49,49,48,48,45,44,43,43,42,41,41,0,0,0,0,0,0,0,33,34,37,39,39,41,45,46,48,48,50,52,51,52,50,52,52,54,54,54,54,55,55,58,59,58,59,56
20260804_021426_df8648,1785806198637104,1928311759,2,2,0,-54,128,0,15,14,15,14,14,14,13,13,13,13,13,13,13,14,14,14,14,14,14,14,14,13,12,12,11,11,0,0,0,0,0,0,0,0,0,0,0,11,11,12,13,13,14,14,14,14,15,15,15,15,15,15,14,14,14,14,14,14,14,14,15,15,15,0,57,53,53,54,51,52,50,50,51,51,52,51,51,51,51,52,50,51,50,50,50,50,47,46,45,45,45,44,0,0,0,0,0,0,0,38,38,42,43,46,49,50,52,52,55,54,56,55,56,55,55,54,54,54,54,55,54,54,56,55,55,56,54
20260804_021426_df8648,1785806198734775,1928411530,2,2,0,-57,128,0,15,15,15,14,14,14,14,13,14,14,14,13,13,13,13,13,14,12,12,12,11,11,11,11,11,10,0,0,0,0,0,0,0,0,0,0,0,12,13,14,15,14,14,15,15,15,16,15,15,14,15,15,15,15,14,15,15,14,15,15,15,15,15,0,56,56,54,53,52,52,53,52,51,51,50,49,51,50,50,47,49,47,47,46,44,43,44,41,38,38,38,39,0,0,0,0,0,0,0,46,48,48,51,52,52,56,55,54,55,57,58,56,55,56,55,54,53,51,53,54,55,57,56,56,56,56,55
20260804_021426_df8648,1785806198836161,1928511263,2,2,0,-60,128,0,13,13,13,13,13,13,13,13,14,14,14,14,15,15,16,16,16,16,16,16,16,16,16,17,17,16,0,0,0,0,0,0,0,0,0,0,0,11,12,13,12,13,14,13,14,13,13,13,12,12,11,11,11,12,11,11,11,11,11,12,11,13,11,0,48,46,47,48,48,49,50,50,50,51,54,52,55,57,58,58,60,61,64,63,61,62,61,62,61,63,60,61,0,0,0,0,0,0,0,40,42,44,45,46,48,49,49,49,50,50,48,47,46,43,44,42,41,39,42,41,42,42,43,44,45,45,45
20260804_021426_df8648,1785806198932443,1928611609,2,2,0,-57,128,0,13,13,13,14,14,14,13,13,14,14,15,15,16,16,16,17,17,17,17,17,17,17,17,17,17,16,0,0,0,0,0,0,0,0,0,0,0,11,11,11,12,11,12,12,12,12,12,12,12,12,11,11,11,10,10,11,11,11,11,11,12,12,12,0,48,49,50,50,50,52,52,52,54,55,54,56,57,60,59,62,62,62,64,65,64,65,64,63,64,64,63,63,0,0,0,0,0,0,0,39,41,44,45,45,45,47,46,47,48,49,44,43,45,41,41,43,42,42,42,40,42,43,45,45,45,48,48
20260804_021426_df8648,1785806199036653,1928711487,2,2,0,-56,128,0,14,14,13,13,13,13,13,12,12,12,12,12,13,13,13,13,13,13,13,13,13,13,13,13,12,13,0,0,0,0,0,0,0,0,0,0,0,13,13,13,15,15,15,17,17,16,17,17,17,16,16,15,15,15,15,15,15,15,15,14,14,15,14,0,50,51,49,47,47,46,45,46,44,45,44,45,46,45,45,47,47,47,47,46,48,47,46,46,46,46,46,46,0,0,0,0,0,0,0,42,44,45,48,51,53,58,56,60,60,60,62,59,60,59,59,58,55,56,54,54,53,54,56,52,54,54,53
20260804_021426_df8648,1785806199133342,1928811725,2,2,0,-55,128,0,14,13,13,12,12,12,11,11,11,11,11,11,11,11,11,11,11,11,11,11,11,11,11,11,11,11,0,0,0,0,0,0,0,0,0,0,0,11,12,12,14,14,14,15,15,15,16,15,15,15,16,14,14,14,14,14,15,14,14,14,14,14,14,0,52,50,50,47,47,46,45,46,45,43,43,43,45,45,42,44,43,45,44,45,43,44,44,44,44,45,42,43,0,0,0,0,0,0,0,41,43,46,49,49,53,54,57,58,60,60,60,58,61,60,60,61,57,57,55,58,57,56,57,55,55,56,53
20260804_021426_df8648,1785806199235557,1928911586,2,2,0,-56,128,0,15,15,15,14,14,13,14,13,13,13,14,14,14,14,14,14,14,14,14,14,14,14,14,14,13,14,0,0,0,0,0,0,0,0,0,0,0,14,14,15,16,15,16,17,17,17,17,17,16,16,16,16,16,16,15,15,15,16,16,15,16,15,15,0,26,25,25,25,24,24,24,24,23,24,24,24,24,24,24,24,25,25,25,25,25,25,24,24,24,23,23,23,0,0,0,0,0,0,0,22,23,24,25,26,27,27,28,29,29,30,30,30,29,29,29,28,28,27,27,27,28,26,28,27,27,28,27
20260804_021426_df8648,1785806199333172,1929011540,2,2,0,-57,128,0,15,15,15,14,14,14,13,13,13,13,14,13,13,14,14,14,14,14,14,14,13,13,13,13,12,13,0,0,0,0,0,0,0,0,0,0,0,13,13,14,14,15,16,16,16,16,16,16,16,16,16,15,15,15,15,15,14,15,15,14,14,16,14,0,52,51,52,52,51,51,48,48,47,47,48,49,49,48,49,48,50,49,50,48,48,47,46,46,45,45,42,43,0,0,0,0,0,0,0,42,43,45,48,48,52,53,55,57,57,57,60,60,57,56,55,56,56,54,55,54,54,54,54,55,54,54,54
20260804_021426_df8648,1785806199436895,1929111769,2,2,0,-55,128,0,15,15,14,13,13,13,13,11,12,12,11,11,10,11,11,11,10,10,10,10,9,9,9,8,8,8,0,0,0,0,0,0,0,0,0,0,0,13,14,15,15,17,17,17,17,19,18,18,18,18,18,18,17,17,17,16,17,16,16,16,16,16,16,0,55,53,49,50,48,47,45,45,44,45,42,41,41,39,40,38,40,38,37,36,35,34,32,31,30,32,30,30,0,0,0,0,0,0,0,43,46,49,51,55,57,58,61,63,65,66,67,66,65,65,64,62,63,60,60,59,60,60,59,59,59,58,53
20260804_021426_df8648,1785806199540094,1929214629,2,2,0,-57,128,0,14,13,15,14,13,14,14,14,14,14,15,15,15,15,14,14,15,16,14,15,14,14,14,13,12,12,0,0,0,0,0,0,0,0,0,0,0,12,13,14,15,15,16,16,15,16,16,16,15,16,14,14,15,14,14,15,14,14,14,14,14,15,15,0,52,54,53,50,52,53,51,51,49,50,52,51,51,53,52,53,54,53,54,53,50,50,47,47,45,46,41,43,0,0,0,0,0,0,0,42,43,45,49,49,50,52,56,57,58,59,56,55,55,54,54,55,54,53,51,53,53,52,53,52,51,54,53
20260804_021426_df8648,1785806199632233,1929311641,2,2,0,-56,128,0,13,13,13,12,12,13,12,11,11,12,12,12,12,12,12,12,13,13,13,13,13,13,13,13,12,12,0,0,0,0,0,0,0,0,0,0,0,10,11,12,12,13,13,14,14,14,15,15,14,14,14,14,14,14,14,14,14,14,14,14,14,14,14,0,50,49,50,49,47,48,47,46,46,47,47,47,47,47,49,50,50,52,51,52,50,49,49,48,48,46,48,46,0,0,0,0,0,0,0,38,40,40,42,46,48,50,51,54,55,54,59,56,57,56,55,54,56,54,55,54,54,54,55,55,56,55,53
20260804_021426_df8648,1785806199735380,1929412860,2,2,0,-54,128,0,15,13,13,13,13,12,11,11,12,12,11,11,11,10,11,11,11,11,11,11,12,11,11,11,11,11,0,0,0,0,0,0,0,0,0,0,0,14,15,15,17,17,18,18,18,19,18,19,18,19,19,17,17,17,17,17,16,16,16,15,16,16,16,0,51,48,46,45,42,42,41,40,38,40,39,39,38,39,40,41,40,41,41,40,41,39,40,40,40,41,37,40,0,0,0,0,0,0,0,47,49,51,53,54,57,60,60,62,64,64,65,64,63,64,61,61,59,59,58,58,57,56,57,54,55,53,51
20260804_021426_df8648,1785806199834827,1929513122,2,2,0,-55,128,0,14,14,13,13,12,12,12,11,12,11,11,11,11,12,12,12,11,12,13,12,12,12,12,12,12,12,0,0,0,0,0,0,0,0,0,0,0,15,15,16,17,18,18,18,19,19,19,19,19,18,18,17,17,17,17,16,16,16,16,16,16,16,15,0,25,25,23,23,21,21,21,20,20,20,19,19,20,20,20,19,20,21,21,21,21,22,21,21,21,21,20,20,0,0,0,0,0,0,0,23,24,26,27,28,29,30,31,32,33,34,35,33,34,32,32,30,31,30,29,28,29,29,29,29,27,27,26
20260804_021426_df8648,1785806199934064,1929612275,2,2,0,-54,128,0,15,15,15,14,13,13,13,12,12,12,12,12,12,12,11,11,12,12,12,12,11,11,11,10,10,10,0,0,0,0,0,0,0,0,0,0,0,13,13,14,15,16,17,17,17,17,18,18,17,18,18,18,18,17,17,17,17,17,17,16,16,16,16,0,28,26,26,24,24,24,23,22,22,21,21,21,22,23,21,22,21,21,20,21,20,20,19,17,19,18,17,17,0,0,0,0,0,0,0,21,22,24,25,26,28,28,30,30,31,33,33,32,33,33,33,33,30,31,30,31,30,30,30,29,29,29,28
20260804_021426_df8648,1785806200033451,1929711742,2,2,0,-53,128,0,14,14,14,14,13,13,13,12,12,12,12,11,11,12,12,12,12,12,11,11,11,10,10,10,9,9,0,0,0,0,0,0,0,0,0,0,0,12,13,14,15,15,16,16,16,17,17,16,17,16,16,16,16,16,16,15,15,15,15,15,15,15,15,0,27,27,26,25,25,25,24,23,22,22,22,23,22,21,22,22,22,22,22,21,20,20,19,19,18,17,16,16,0,0,0,0,0,0,0,22,23,24,24,26,27,29,30,31,32,32,33,33,32,32,31,31,31,31,30,30,31,29,29,30,30,29,28
20260804_021426_df8648,1785806200132106,1929812164,2,2,0,-56,128,0,13,13,12,11,11,11,11,11,10,10,9,10,10,10,10,10,11,10,11,11,11,11,11,10,11,11,0,0,0,0,0,0,0,0,0,0,0,12,13,14,14,15,15,16,16,16,17,16,16,17,16,16,16,16,15,14,15,15,15,14,15,14,13,0,52,47,47,46,45,42,40,41,39,39,40,39,39,40,39,40,41,43,42,41,40,42,42,41,40,41,40,41,0,0,0,0,0,0,0,41,44,47,48,52,54,57,60,62,64,63,64,64,64,63,63,62,61,60,59,61,60,57,57,56,55,55,53
20260804_021426_df8648,1785806200236751,1929914383,2,2,0,-56,128,0,14,14,13,13,11,11,11,9,9,9,9,9,8,8,8,8,9,8,8,9,9,8,8,9,9,9,0,0,0,0,0,0,0,0,0,0,0,15,16,17,17,17,19,19,20,20,19,20,20,20,19,18,18,18,18,17,18,17,16,16,16,16,15,0,25,23,22,22,20,19,17,18,17,16,15,15,14,16,14,16,14,15,15,14,15,16,16,16,16,18,17,18,0,0,0,0,0,0,0,24,25,26,28,28,30,31,33,33,34,34,34,34,34,33,33,33,32,31,31,31,30,30,30,28,28,27,26
20260804_021426_df8648,1785806200336049,1930012435,2,2,0,-54,128,0,15,15,15,15,14,13,13,12,12,12,12,12,12,12,12,12,12,11,12,11,12,12,12,11,11,11,0,0,0,0,0,0,0,0,0,0,0,13,14,15,15,16,17,17,17,17,18,19,19,18,18,17,18,17,17,17,17,17,17,17,17,16,16,0,28,27,27,25,24,24,23,22,21,22,21,21,21,20,21,21,21,21,21,21,20,20,20,20,20,19,19,19,0,0,0,0,0,0,0,22,23,23,24,26,27,28,29,31,31,32,32,32,32,32,31,31,31,30,31,30,30,30,30,29,30,30,30
20260804_021426_df8648,1785806200436261,1930112333,2,2,0,-56,128,0,15,14,14,13,12,12,12,11,11,10,11,10,10,10,10,11,10,10,9,10,10,9,10,9,9,9,0,0,0,0,0,0,0,0,0,0,0,14,15,16,16,17,17,18,18,18,19,19,19,18,18,18,17,17,17,16,16,16,16,16,16,15,15,0,26,25,24,23,23,21,20,20,20,20,20,19,20,20,18,19,18,18,18,17,18,18,17,17,18,18,17,17,0,0,0,0,0,0,0,22,24,25,27,27,29,30,32,32,33,34,33,33,33,33,33,33,30,31,29,31,30,29,28,28,26,27,27
20260804_021426_df8648,1785806200536381,1930212092,2,2,0,-53,128,0,15,15,15,15,14,13,13,12,12,12,11,11,10,10,11,10,10,10,10,9,9,8,8,8,7,7,0,0,0,0,0,0,0,0,0,0,0,11,11,12,12,14,14,15,16,16,16,16,17,17,17,16,17,17,16,17,16,16,16,17,16,16,16,0,59,57,57,56,51,51,49,47,48,47,45,44,43,42,42,41,39,40,36,36,35,33,32,30,28,28,26,26,0,0,0,0,0,0,0,37,39,43,44,47,51,53,54,57,59,61,63,62,63,61,63,60,62,61,61,61,60,61,61,63,60,61,60
20260804_021426_df8648,1785806200631938,1930312015,2,2,0,-55,128,0,15,15,15,14,14,13,13,13,13,13,13,13,13,13,13,13,13,14,14,14,13,13,13,13,13,13,0,0,0,0,0,0,0,0,0,0,0,12,13,13,14,15,16,16,16,16,17,17,17,17,17,16,16,16,16,16,16,16,16,16,16,15,16,0,27,27,26,26,25,24,24,22,24,24,23,22,24,23,23,23,24,23,25,23,24,24,24,23,24,24,23,22,0,0,0,0,0,0,0,19,21,22,24,24,25,28,27,29,30,31,30,30,30,31,31,30,30,29,29,29,29,29,29,29,29,28,29
20260804_021426_df8648,1785806200736348,1930411915,2,2,0,-55,128,0,14,14,13,12,13,13,11,12,11,11,11,11,11,11,11,11,11,12,11,10,10,10,10,10,10,10,0,0,0,0,0,0,0,0,0,0,0,11,12,13,14,15,15,15,16,16,17,16,17,16,17,16,16,16,16,16,16,16,16,16,16,15,15,0,28,25,26,23,27,25,22,22,21,22,21,21,21,19,20,21,21,19,21,19,18,18,18,18,18,20,18,20,0,0,0,0,0,0,0,19,21,22,22,23,26,27,29,29,30,31,32,31,30,31,30,31,31,30,30,31,29,30,29,29,30,29,28
20260804_021426_df8648,1785806200837042,1930512078,2,2,0,-56,128,0,17,16,15,14,14,14,15,13,13,13,13,13,13,12,12,12,11,11,11,11,11,11,10,10,9,9,0,0,0,0,0,0,0,0,0,0,0,12,12,13,14,15,15,17,17,17,17,17,18,18,17,18,17,17,18,18,17,17,17,17,17,17,16,0,55,55,54,58,45,54,45,44,46,48,43,44,43,46,42,42,41,43,37,41,35,36,32,36,33,31,32,31,0,0,0,0,0,0,0,32,36,39,42,46,49,51,54,55,58,60,61,61,61,61,65,64,62,62,62,62,62,63,64,61,61,62,60
20260804_021426_df8648,1785806200932463,1930611762,2,2,0,-56,128,0,16,15,15,14,15,14,14,13,13,13,13,13,13,13,12,13,12,12,12,12,12,11,12,11,11,11,0,0,0,0,0,0,0,0,0,0,0,10,11,11,12,12,13,14,14,14,15,15,15,16,15,16,15,16,15,16,16,16,16,16,16,16,16,0,60,60,58,56,52,55,51,51,49,50,49,49,49,49,48,47,48,48,46,46,46,44,41,41,43,40,40,40,0,0,0,0,0,0,0,31,35,37,39,41,44,49,50,52,52,56,57,58,58,58,60,58,58,60,58,60,62,61,63,61,61,63,61
20260804_021426_df8648,1785806201032899,1930711633,2,2,0,-54,128,0,15,15,15,14,14,14,14,12,12,12,12,12,12,13,12,12,12,12,12,11,12,11,11,11,10,10,0,0,0,0,0,0,0,0,0,0,0,9,10,11,12,12,13,13,14,14,15,15,16,16,15,15,15,15,15,15,15,15,16,15,16,16,15,0,58,56,56,53,54,52,50,48,49,48,47,48,46,47,46,47,47,46,46,44,44,42,42,42,40,39,39,39,0,0,0,0,0,0,0,32,34,35,39,42,44,46,49,51,53,55,56,57,57,59,58,57,58,58,58,60,61,60,60,58,61,59,57
20260804_021426_df8648,1785806201133784,1930813947,2,2,0,-57,128,0,13,13,13,12,12,12,12,11,12,12,12,11,12,12,12,13,13,13,14,14,14,14,14,14,14,15,0,0,0,0,0,0,0,0,0,0,0,11,12,13,14,15,15,16,16,16,16,16,16,17,17,17,17,16,16,16,16,16,16,15,15,15,15,0,49,49,47,47,45,44,43,43,41,43,43,42,42,44,45,46,48,46,51,50,53,50,51,54,54,53,55,53,0,0,0,0,0,0,0,37,40,42,43,48,50,54,55,57,58,59,62,63,62,62,62,59,62,59,60,57,59,57,57,58,56,52,51
20260804_021426_df8648,1785806201234769,1930912948,2,2,0,-56,128,0,16,16,16,15,15,15,14,14,14,14,13,14,14,13,13,13,13,13,13,13,13,12,12,13,12,12,0,0,0,0,0,0,0,0,0,0,0,8,9,10,11,12,12,13,13,14,15,15,15,15,15,15,15,15,16,16,16,16,16,16,16,16,16,0,61,60,57,57,56,53,53,51,51,50,50,48,51,49,49,48,50,49,47,47,49,48,49,47,46,47,47,45,0,0,0,0,0,0,0,27,29,31,34,37,37,43,44,46,49,50,54,52,54,55,56,57,57,56,59,57,59,61,62,61,61,62,58
20260804_021426_df8648,1785806201334620,1931012387,2,2,0,-55,128,0,13,13,12,12,11,10,10,10,9,9,9,9,9,9,9,9,9,9,9,9,9,9,9,10,10,10,0,0,0,0,0,0,0,0,0,0,0,13,13,14,16,16,16,17,17,18,17,17,18,17,17,17,17,16,16,16,16,15,15,14,14,14,14,0,25,25,23,22,21,19,20,18,17,17,18,18,18,17,18,17,18,17,17,18,18,17,18,18,17,18,18,18,0,0,0,0,0,0,0,23,24,25,26,28,29,30,31,32,34,34,34,34,33,33,32,32,32,30,31,30,31,31,29,29,29,28,26
20260804_021426_df8648,1785806201436470,1931111574,2,2,0,-55,128,0,17,16,15,14,14,13,13,13,13,12,12,12,11,11,11,11,11,11,11,11,11,11,10,10,10,10,0,0,0,0,0,0,0,0,0,0,0,13,13,14,14,15,16,17,17,17,18,18,18,18,17,17,18,18,17,17,17,17,18,17,17,16,16,0,28,27,27,26,24,24,22,22,21,21,21,21,21,21,20,21,20,21,20,20,19,20,19,18,18,19,19,19,0,0,0,0,0,0,0,18,20,21,23,24,26,27,29,29,30,31,31,31,32,32,32,31,31,31,30,31,30,30,31,29,29,30,28
20260804_021426_df8648,1785806201533189,1931211771,2,2,0,-55,128,0,16,16,15,15,14,14,13,13,13,13,12,11,12,11,11,11,11,11,10,10,10,9,9,10,9,9,0,0,0,0,0,0,0,0,0,0,0,13,14,16,16,17,17,17,18,19,18,18,18,18,18,18,18,18,18,18,18,18,18,17,17,17,17,0,28,27,27,26,26,24,23,23,21,22,21,21,20,20,19,19,18,19,18,17,17,17,16,17,16,17,16,17,0,0,0,0,0,0,0,22,22,23,25,26,28,28,31,31,32,32,32,33,31,32,32,31,31,32,30,32,31,31,31,30,31,30,30
20260804_021426_df8648,1785806201634201,1931311725,2,2,0,-55,128,0,16,16,16,14,14,14,14,13,12,12,12,12,12,11,11,11,11,11,11,11,10,10,10,10,9,9,0,0,0,0,0,0,0,0,0,0,0,14,14,15,15,17,17,17,17,17,18,19,18,18,18,18,18,18,17,18,18,18,17,16,17,17,16,0,56,55,53,51,50,50,47,47,45,43,43,43,42,42,40,40,40,38,38,36,34,35,35,33,33,32,32,32,0,0,0,0,0,0,0,42,43,47,50,51,55,57,58,61,64,64,65,64,63,65,63,64,64,64,60,61,63,62,61,61,62,59,58
20260804_021426_df8648,1785806201730800,1931411569,2,2,0,-56,128,0,15,15,14,14,13,12,11,11,11,10,9,10,9,9,9,9,8,8,8,8,8,8,8,9,8,8,0,0,0,0,0,0,0,0,0,0,0,16,16,17,18,19,19,20,21,21,21,21,20,20,19,19,19,19,19,18,18,18,18,17,17,16,16,0,25,25,24,22,21,20,19,18,18,17,17,16,16,16,15,14,14,14,13,14,14,13,14,14,13,14,14,14,0,0,0,0,0,0,0,24,26,26,28,29,31,32,33,34,34,35,35,36,36,35,35,35,33,32,32,32,33,30,31,30,29,29,28
20260804_021426_df8648,1785806201833339,1931511692,2,2,0,-56,128,0,14,15,14,13,12,12,12,12,12,12,11,12,12,11,11,11,11,11,12,11,12,11,11,11,11,12,0,0,0,0,0,0,0,0,0,0,0,15,15,16,16,17,17,17,18,18,18,17,17,17,17,17,17,17,17,17,16,16,15,15,15,15,15,0,27,26,25,24,23,23,23,22,20,22,21,21,22,21,21,21,20,21,20,21,21,21,21,21,21,22,21,22,0,0,0,0,0,0,0,24,26,27,27,29,29,31,31,32,33,34,34,32,32,31,33,31,30,31,30,30,30,30,30,28,29,29,27
20260804_021426_df8648,1785806201934985,1931611971,2,2,0,-55,128,0,15,15,14,13,13,12,11,10,10,10,11,9,9,9,9,9,8,8,8,7,8,8,7,7,8,8,0,0,0,0,0,0,0,0,0,0,0,17,17,18,19,19,20,20,21,21,21,21,20,20,20,19,19,19,18,18,18,18,18,17,17,16,16,0,26,25,24,23,21,21,19,18,19,19,18,16,16,15,15,15,15,14,14,13,13,13,14,14,13,13,14,14,0,0,0,0,0,0,0,27,29,29,30,33,33,35,35,36,37,37,36,36,36,35,34,33,34,33,33,33,31,31,31,31,29,29,28
20260804_021426_df8648,1785806202037627,1931711979,2,2,0,-57,128,0,15,15,15,14,14,13,13,13,13,13,13,12,13,13,12,13,13,13,14,14,14,13,13,14,14,14,0,0,0,0,0,0,0,0,0,0,0,13,13,14,15,16,16,17,16,17,17,17,16,16,16,15,15,15,15,15,15,15,16,14,16,16,15,0,52,52,52,49,51,51,47,48,47,47,48,47,47,49,47,49,47,49,51,50,49,49,48,51,50,52,53,54,0,0,0,0,0,0,0,45,46,47,49,52,55,55,58,60,60,61,60,61,60,56,56,56,58,55,57,54,56,55,55,56,56,53,54
20260804_021426_df8648,1785806202133369,1931811681,2,2,0,-56,128,0,12,12,11,10,9,9,8,8,8,7,7,7,6,7,6,6,6,6,6,6,5,6,6,6,7,7,0,0,0,0,0,0,0,0,0,0,0,16,17,18,18,19,20,20,21,20,20,19,19,19,19,17,17,17,16,16,15,15,15,15,14,15,13,0,23,21,20,19,19,17,16,15,14,13,13,13,13,13,12,12,11,11,10,11,11,12,10,11,12,12,13,13,0,0,0,0,0,0,0,29,30,31,32,34,35,36,36,38,37,38,37,37,36,35,34,34,32,32,31,31,30,29,29,28,27,26,25
20260804_021426_df8648,1785806202233627,1931910979,2,2,0,-56,128,0,15,14,13,13,13,12,12,11,11,9,10,9,8,8,8,7,7,6,6,6,5,5,5,5,6,6,0,0,0,0,0,0,0,0,0,0,0,16,16,17,17,19,19,20,20,20,21,21,20,20,20,19,19,19,19,18,18,18,17,17,17,17,17,0,27,25,25,23,23,21,19,19,18,18,16,16,14,14,14,12,11,10,10,9,9,8,9,9,9,9,11,11,0,0,0,0,0,0,0,25,25,27,28,29,31,32,33,35,35,36,36,35,35,34,35,34,33,33,33,31,32,32,30,31,30,30,29
20260804_021426_df8648,1785806202340275,1932012963,2,2,0,-57,128,0,14,14,13,12,12,11,11,10,10,10,10,9,9,9,8,8,7,7,6,6,5,5,4,4,4,4,0,0,0,0,0,0,0,0,0,0,0,14,16,16,17,18,19,18,19,19,19,19,19,19,19,19,18,19,18,18,17,17,17,16,16,16,16,0,54,50,49,47,45,42,40,39,37,37,37,34,32,32,30,31,27,26,24,21,20,17,16,15,17,15,15,15,0,0,0,0,0,0,0,48,51,55,58,58,62,64,68,67,69,73,70,73,72,67,69,67,66,66,64,63,62,62,61,59,59,58,55
20260804_021426_df8648,1785806202434391,1932111741,2,2,0,-54,128,0,14,14,14,14,13,13,12,12,12,12,12,12,11,12,11,11,11,11,11,10,10,9,9,8,8,8,0,0,0,0,0,0,0,0,0,0,0,11,12,12,13,13,14,14,15,15,16,15,16,16,15,15,15,15,15,15,15,15,16,15,16,16,15,0,58,56,55,53,52,50,48,49,47,46,45,46,46,46,44,45,43,42,40,39,38,37,35,33,33,32,29,30,0,0,0,0,0,0,0,38,41,42,45,46,52,52,54,55,57,59,60,58,60,62,60,61,58,61,59,61,60,61,62,59,61,62,58
20260804_021426_df8648,1785806202532418,1932212212,2,2,0,-55,128,0,14,14,14,14,14,13,13,13,13,13,14,13,14,13,14,14,13,14,14,13,14,14,13,13,13,13,0,0,0,0,0,0,0,0,0,0,0,11,11,12,12,14,14,14,14,14,15,15,15,15,15,15,15,15,15,15,15,15,15,15,15,15,15,0,53,56,51,53,50,49,50,48,48,48,49,48,49,48,50,50,51,52,52,52,53,49,51,50,49,49,50,49,0,0,0,0,0,0,0,37,39,39,41,45,45,49,50,53,54,55,57,56,57,56,54,53,58,56,56,57,59,57,55,58,57,57,57
20260804_021426_df8648,1785806202638578,1932314523,2,2,0,-55,128,0,15,15,14,14,13,13,13,13,13,13,13,13,13,13,13,13,14,13,13,14,14,13,13,13,13,13,0,0,0,0,0,0,0,0,0,0,0,10,10,11,12,13,13,14,14,15,16,16,16,16,16,16,16,15,16,16,16,16,16,15,16,15,15,0,55,53,52,49,49,49,46,48,45,47,47,48,49,49,49,49,50,50,49,52,50,51,48,47,48,47,46,48,0,0,0,0,0,0,0,31,34,36,38,41,43,46,49,52,51,55,54,56,57,59,57,58,58,57,57,57,58,60,59,55,56,55,54
20260804_021426_df8648,1785806202737654,1932414037,2,2,0,-61,128,0,13,12,12,12,11,11,11,11,11,11,11,11,11,12,11,12,11,13,13,13,12,12,12,12,12,12,0,0,0,0,0,0,0,0,0,0,0,11,11,12,13,13,14,14,14,15,14,14,15,15,15,15,15,15,15,15,15,15,15,15,14,14,14,0,52,48,46,47,46,43,44,43,43,42,45,45,45,45,47,48,47,50,50,49,48,50,49,50,50,50,50,53,0,0,0,0,0,0,0,39,42,43,44,47,49,50,54,54,56,56,60,57,59,59,57,57,58,57,57,58,58,56,56,55,56,56,54
20260804_021426_df8648,1785806202832135,1932511535,2,2,0,-58,128,0,14,14,14,13,13,13,12,12,13,13,13,12,12,13,13,13,13,13,13,13,14,14,13,13,13,13,0,0,0,0,0,0,0,0,0,0,0,11,12,12,14,14,15,15,16,16,16,17,17,16,17,16,16,16,16,16,16,16,16,16,16,15,15,0,53,52,48,48,47,47,45,46,44,47,44,46,46,46,47,46,48,48,50,49,49,49,50,49,49,48,49,48,0,0,0,0,0,0,0,35,38,41,42,46,49,53,55,56,59,60,63,60,60,61,61,62,61,60,60,61,59,60,57,59,58,55,55
20260804_021426_df8648,1785806202933056,1932612924,2,2,0,-56,128,0,15,14,14,15,14,14,14,14,13,13,14,14,14,14,14,14,14,14,14,14,14,14,13,13,13,13,0,0,0,0,0,0,0,0,0,0,0,7,8,8,9,10,10,11,11,12,12,13,13,13,14,14,14,14,14,14,14,14,14,14,15,15,15,0,57,56,56,55,53,54,52,52,53,53,54,51,54,55,54,55,55,56,56,55,54,53,51,51,50,51,48,49,0,0,0,0,0,0,0,25,27,28,33,33,36,38,42,43,45,48,48,49,52,51,53,52,54,55,52,54,53,55,54,55,56,56,58
20260804_021426_df8648,1785806203033602,1932711836,2,2,0,-56,128,0,14,15,15,14,15,15,15,15,15,15,16,15,15,15,16,16,16,16,17,16,16,16,16,16,16,16,0,0,0,0,0,0,0,0,0,0,0,8,8,9,9,10,11,11,12,12,12,13,13,13,13,13,13,13,13,14,13,13,14,13,14,14,14,0,28,29,28,27,27,28,28,28,27,28,29,29,30,30,31,31,31,30,32,31,31,31,30,29,29,29,29,28,0,0,0,0,0,0,0,13,14,14,15,16,18,19,20,21,21,21,22,23,22,24,23,23,24,24,25,25,26,26,27,26,26,27,28
20260804_021426_df8648,1785806203133533,1932812338,2,2,0,-58,128,0,14,15,14,14,14,14,14,14,14,15,15,15,15,15,15,15,16,16,16,16,16,16,16,16,16,16,0,0,0,0,0,0,0,0,0,0,0,7,8,9,9,10,10,11,11,12,12,12,12,13,13,13,13,13,13,14,14,14,14,14,14,14,14,0,54,56,55,53,56,55,54,54,53,54,54,55,57,56,57,59,59,60,59,60,61,60,59,59,57,59,57,58,0,0,0,0,0,0,0,23,26,28,30,31,35,36,37,39,43,42,44,46,44,49,50,49,49,49,49,54,52,52,54,52,54,53,54
20260804_021426_df8648,1785806203230100,1932911694,2,2,0,-63,128,0,13,13,14,14,15,15,15,15,16,16,16,17,17,18,18,18,19,19,20,20,20,21,21,21,21,21,0,0,0,0,0,0,0,0,0,0,0,7,7,6,6,7,7,6,7,7,7,7,7,8,7,9,9,9,9,10,11,11,11,11,12,13,13,0,26,26,27,27,27,28,28,29,30,30,31,31,32,33,34,34,36,36,38,38,39,38,39,39,39,40,40,41,0,0,0,0,0,0,0,11,11,12,12,12,12,12,12,12,12,13,12,13,14,15,15,16,16,17,17,18,20,21,21,21,23,24,24
20260804_021426_df8648,1785806203330851,1933011129,2,2,0,-58,128,0,12,12,12,12,12,13,13,14,14,13,14,14,14,14,16,16,16,16,17,17,17,16,17,17,17,17,0,0,0,0,0,0,0,0,0,0,0,5,5,5,6,6,7,7,8,8,8,9,9,9,9,9,10,10,10,10,11,11,11,11,11,11,12,0,25,24,25,26,26,26,25,26,27,27,27,27,27,29,30,31,31,32,32,33,34,33,33,34,34,33,34,34,0,0,0,0,0,0,0,9,10,11,11,12,13,14,14,15,16,17,17,18,18,18,19,19,20,20,20,20,21,22,22,22,23,24,24
20260804_021426_df8648,1785806203431869,1933111743,2,2,0,-54,128,0,13,13,14,14,14,14,14,14,14,14,14,14,14,14,15,16,15,16,16,16,16,14,14,14,14,14,0,0,0,0,0,0,0,0,0,0,0,9,9,9,10,11,12,12,13,12,12,12,12,12,13,13,13,13,12,13,13,13,13,13,13,14,13,0,53,54,54,54,52,53,52,51,52,53,54,53,53,55,56,56,58,56,59,58,57,57,56,56,53,54,53,54,0,0,0,0,0,0,0,30,33,33,37,37,39,42,43,45,46,46,47,47,48,50,50,49,49,47,48,50,50,50,50,50,51,52,52
20260804_021426_df8648,1785806203534766,1933212766,2,2,0,-60,128,0,14,14,14,14,14,13,13,13,14,14,14,14,14,15,15,16,16,16,17,16,17,17,17,17,17,17,0,0,0,0,0,0,0,0,0,0,0,8,9,9,10,11,11,11,12,12,13,12,13,12,13,13,14,14,14,14,14,14,14,14,14,14,15,0,27,27,27,27,26,27,26,26,26,27,27,26,27,28,29,30,30,30,31,32,32,32,32,32,32,32,32,32,0,0,0,0,0,0,0,14,14,16,16,18,18,19,20,21,23,23,24,25,24,26,25,25,25,25,25,26,26,26,27,27,27,27,29
20260804_021426_df8648,1785806203630797,1933311602,2,2,0,-64,128,0,13,13,14,14,14,14,14,14,15,15,15,15,16,16,17,18,18,20,21,21,22,22,23,24,24,25,0,0,0,0,0,0,0,0,0,0,0,1,1,1,3,3,4,4,5,6,7,7,8,8,9,9,9,9,10,10,10,10,11,11,12,12,13,0,25,26,25,26,26,25,25,26,27,28,28,29,29,31,33,33,36,36,39,40,42,43,44,44,45,47,48,47,0,0,0,0,0,0,0,3,1,1,1,3,4,4,5,8,9,11,11,13,14,16,16,17,17,17,20,18,20,21,22,22,21,23,23
20260804_021426_df8648,1785806203732099,1933411352,2,2,0,-61,128,0,13,14,14,14,14,14,14,15,15,15,16,16,16,17,17,18,19,19,19,20,20,20,20,20,21,21,0,0,0,0,0,0,0,0,0,0,0,6,7,7,7,8,8,8,8,9,9,9,9,9,9,10,9,10,10,11,11,11,11,11,12,11,12,0,50,53,52,52,52,55,57,55,56,58,60,59,62,63,64,66,67,71,72,75,75,75,77,76,77,79,76,77,0,0,0,0,0,0,0,21,22,25,25,25,26,27,30,31,30,32,33,35,35,35,35,35,38,38,36,38,39,40,41,45,46,48,47
20260804_021426_df8648,1785806203834155,1933511564,2,2,0,-65,128,0,13,13,13,13,13,13,13,14,14,14,14,14,14,15,15,16,16,17,17,18,18,19,19,20,20,20,0,0,0,0,0,0,0,0,0,0,0,6,6,6,7,7,7,8,9,9,9,9,9,10,10,10,10,11,11,11,11,11,11,11,12,13,13,0,24,25,25,26,25,26,26,25,26,28,27,28,27,28,31,29,32,31,33,35,36,36,38,37,39,38,40,41,0,0,0,0,0,0,0,10,11,10,10,13,12,13,13,16,17,17,19,18,19,20,19,19,21,21,24,21,22,21,23,23,23,23,23
20260804_021426_df8648,1785806203935459,1933611938,2,2,0,-61,128,0,13,13,14,14,14,14,14,13,14,14,15,14,15,15,16,17,17,18,18,19,19,18,19,19,20,19,0,0,0,0,0,0,0,0,0,0,0,6,7,7,8,8,9,10,10,10,10,11,11,11,11,11,12,11,12,12,11,12,12,12,12,12,12,0,50,50,49,51,50,52,51,51,52,55,55,55,56,59,62,63,66,67,71,71,75,74,76,75,77,79,79,79,0,0,0,0,0,0,0,23,23,23,24,29,31,31,33,34,37,37,39,40,40,40,39,40,42,42,42,41,43,44,43,45,47,45,46
20260804_021426_df8648,1785806204037979,1933714380,2,2,0,-55,128,0,15,15,15,15,15,15,14,14,14,14,14,15,15,15,15,16,16,16,17,17,16,16,16,16,16,16,0,0,0,0,0,0,0,0,0,0,0,9,9,9,10,11,11,12,13,13,13,13,14,14,14,14,14,14,14,14,14,14,15,14,15,15,15,0,55,54,55,55,56,56,54,52,54,54,55,54,54,55,56,59,58,60,60,61,61,60,60,59,60,58,58,57,0,0,0,0,0,0,0,26,30,31,30,34,37,39,42,45,46,48,48,50,50,52,51,50,51,51,52,52,53,52,53,55,55,55,55
20260804_021426_df8648,1785806204133880,1933813670,2,2,0,-55,128,0,16,15,15,14,14,14,14,14,13,13,13,13,13,13,13,13,14,14,14,14,14,14,14,13,13,13,0,0,0,0,0,0,0,0,0,0,0,11,11,12,13,13,14,15,15,16,16,16,16,16,16,16,16,16,15,15,16,16,16,16,16,16,16,0,53,55,53,53,52,51,49,48,45,48,47,46,46,47,46,48,49,48,50,48,49,49,49,47,48,46,47,47,0,0,0,0,0,0,0,33,37,38,40,43,44,48,48,52,54,54,57,57,58,56,56,57,56,55,55,56,56,55,57,56,55,55,54
20260804_021426_df8648,1785806204236538,1933911786,2,2,0,-63,128,0,13,14,14,14,13,14,14,13,14,14,14,15,15,15,17,17,18,18,18,19,20,20,21,21,21,21,0,0,0,0,0,0,0,0,0,0,0,7,8,9,9,9,9,10,11,11,12,11,11,12,11,12,12,11,11,12,11,12,12,12,12,13,13,0,25,25,25,26,24,26,25,26,25,27,26,27,28,29,31,31,32,33,36,38,37,38,39,39,40,41,41,41,0,0,0,0,0,0,0,13,13,14,15,15,17,16,17,19,20,21,21,21,22,21,23,21,23,20,21,22,21,22,23,23,23,23,22
20260804_021426_df8648,1785806204333579,1934011841,2,2,0,-65,128,0,11,11,9,9,9,9,8,8,9,8,9,9,9,10,10,11,11,12,13,14,14,14,14,15,15,15,0,0,0,0,0,0,0,0,0,0,0,16,16,16,17,17,17,17,18,17,16,17,15,16,16,14,14,14,13,12,12,12,11,11,11,11,10,0,38,36,40,34,34,36,33,32,32,34,35,33,38,38,39,44,47,50,54,54,58,56,59,61,61,61,63,64,0,0,0,0,0,0,0,58,61,62,62,63,64,65,68,69,68,66,65,64,62,63,57,57,56,52,51,47,48,45,43,41,42,40,39
20260804_021426_df8648,1785806204435620,1934111751,2,2,0,-61,128,0,13,14,12,12,12,12,12,12,12,12,12,12,12,13,13,14,15,15,15,16,16,16,17,17,17,18,0,0,0,0,0,0,0,0,0,0,0,15,15,16,16,16,17,17,17,16,16,15,16,15,15,14,14,14,13,13,13,13,13,13,13,13,13,0,24,23,23,22,23,23,21,22,21,21,22,23,23,24,25,26,26,28,28,30,31,31,31,32,33,34,33,33,0,0,0,0,0,0,0,25,27,25,27,28,29,29,30,29,29,30,28,30,29,27,27,27,25,27,25,25,24,25,23,23,24,24,23
20260804_021426_df8648,1785806204537774,1934217553,2,2,0,-61,128,0,11,10,9,8,8,7,6,6,6,5,4,4,4,4,3,2,2,1,1,1,1,2,3,3,4,5,0,0,0,0,0,0,0,0,0,0,0,19,19,20,21,21,21,21,22,22,22,20,20,19,19,18,17,17,16,16,15,14,14,14,13,13,13,0,19,20,18,16,15,14,13,11,12,10,9,9,8,7,6,5,5,3,2,1,1,2,3,6,7,9,9,11,0,0,0,0,0,0,0,33,35,36,36,37,39,38,40,40,40,40,39,38,37,37,35,32,33,30,30,30,28,28,27,26,25,24,23
20260804_021426_df8648,1785806204633771,1934311348,2,2,0,-61,128,0,12,12,11,11,11,11,10,10,10,10,10,10,10,10,9,10,9,9,9,8,8,7,6,5,5,4,0,0,0,0,0,0,0,0,0,0,0,16,16,17,17,17,18,18,18,18,18,17,17,17,17,16,16,15,14,14,14,14,14,14,14,14,13,0,23,23,23,22,21,21,20,20,19,20,20,19,20,19,20,19,18,18,16,16,16,14,12,13,10,10,9,8,0,0,0,0,0,0,0,29,30,31,32,33,34,34,35,35,35,35,34,34,33,32,31,31,30,29,28,28,29,27,27,27,25,26,24
20260804_021426_df8648,1785806204736313,1934411381,2,2,0,-56,128,0,16,16,16,15,15,15,14,13,13,13,14,14,14,14,13,13,12,13,11,11,10,9,9,8,7,7,0,0,0,0,0,0,0,0,0,0,0,15,15,15,16,16,17,18,18,18,18,18,18,17,17,17,17,17,17,17,17,17,17,16,17,17,17,0,29,27,28,27,27,25,25,25,25,24,24,23,22,24,22,22,21,21,20,20,17,17,16,14,13,12,10,9,0,0,0,0,0,0,0,24,24,26,26,27,28,28,30,31,31,32,31,31,31,30,31,31,30,31,29,30,29,29,30,30,29,30,30
20260804_021426_df8648,1785806204832344,1934512020,2,2,0,-55,128,0,15,14,13,13,12,12,11,11,11,10,10,9,9,9,9,9,9,8,8,6,6,6,5,5,5,4,0,0,0,0,0,0,0,0,0,0,0,17,18,17,19,18,19,20,19,20,20,20,20,19,18,18,18,17,17,17,17,17,17,16,16,16,15,0,27,26,25,24,22,22,21,19,18,19,17,17,17,17,16,14,15,14,14,11,10,10,10,8,7,7,7,8,0,0,0,0,0,0,0,29,30,30,30,33,33,35,35,37,36,36,37,36,35,35,34,33,33,32,32,31,32,31,30,29,31,29,28
20260804_021426_df8648,1785806204938627,1934613627,2,2,0,-56,128,0,15,13,12,12,14,13,12,13,13,11,13,12,12,11,12,12,12,12,12,11,11,11,9,10,9,9,0,0,0,0,0,0,0,0,0,0,0,14,14,15,15,16,17,16,17,16,16,16,16,15,15,15,14,14,13,13,13,13,13,13,13,14,14,0,52,45,51,47,46,46,46,44,45,43,45,47,43,43,49,44,47,46,45,44,43,39,39,39,37,37,36,35,0,0,0,0,0,0,0,49,51,52,53,55,57,58,61,63,61,60,61,56,58,58,54,54,53,51,52,52,51,57,52,52,49,53,54
20260804_021426_df8648,1785806205041194,1934720372,2,2,0,-62,128,0,11,11,12,12,12,13,13,13,13,13,13,14,15,15,15,17,17,17,17,17,18,18,18,19,19,20,0,0,0,0,0,0,0,0,0,0,0,14,14,14,14,14,14,14,13,12,12,12,11,11,11,9,10,9,10,9,9,10,10,10,10,10,11,0,21,22,22,22,22,24,24,25,25,26,27,27,27,29,29,30,31,34,34,34,35,34,35,36,36,37,37,38,0,0,0,0,0,0,0,26,26,27,27,27,27,27,27,26,25,25,23,22,22,20,20,19,20,18,18,18,19,18,19,20,19,21,20
20260804_021426_df8648,1785806205132462,1934811341,2,2,0,-59,128,0,11,9,9,9,8,8,8,8,8,9,9,9,9,10,10,11,11,11,13,13,14,14,14,16,16,16,0,0,0,0,0,0,0,0,0,0,0,15,16,17,17,17,18,18,18,18,18,17,17,17,16,16,15,15,15,14,14,14,13,13,12,12,12,0,38,40,34,34,30,30,28,30,29,29,32,32,33,33,37,41,43,43,47,50,53,52,56,56,58,59,63,62,0,0,0,0,0,0,0,57,58,59,61,67,66,69,68,72,70,70,71,68,65,65,60,60,61,58,57,55,54,51,50,50,48,48,43
20260804_021426_df8648,1785806205234101,1934911572,2,2,0,-60,128,0,12,12,11,11,11,11,11,10,11,11,11,11,11,12,11,12,12,13,13,14,14,13,13,13,14,14,0,0,0,0,0,0,0,0,0,0,0,14,15,16,17,17,17,17,18,18,19,17,17,17,17,16,16,16,15,15,15,14,15,14,13,14,13,0,24,22,22,21,21,20,18,19,19,21,20,20,21,22,21,21,24,24,24,24,25,25,25,26,26,26,26,28,0,0,0,0,0,0,0,25,25,26,28,29,31,32,32,33,32,34,33,33,33,32,32,30,29,29,29,29,29,27,28,26,26,24,24
20260804_021426_df8648,1785806205335588,1935012387,2,2,0,-61,128,0,13,13,12,11,10,9,10,9,9,8,9,9,8,8,8,8,8,9,8,9,9,9,10,10,10,11,0,0,0,0,0,0,0,0,0,0,0,18,19,19,20,21,20,21,22,21,21,20,20,20,20,19,18,18,18,17,17,16,16,16,15,14,14,0,22,21,20,18,18,18,17,15,15,15,15,15,14,14,15,14,16,15,16,16,15,17,18,18,19,19,20,21,0,0,0,0,0,0,0,30,32,32,34,34,36,36,37,38,38,38,37,36,36,35,34,34,32,33,30,31,30,29,29,28,27,26,25
20260804_021426_df8648,1785806205436422,1935110989,2,2,0,-56,128,0,13,13,12,12,12,11,11,12,12,11,11,11,12,11,11,11,11,11,11,11,11,11,11,11,11,11,0,0,0,0,0,0,0,0,0,0,0,13,14,14,14,14,15,16,16,16,16,16,16,16,15,15,15,15,14,15,14,15,15,14,14,14,14,0,26,25,25,24,24,24,23,22,21,21,22,21,21,22,21,21,22,21,21,21,21,21,21,21,21,21,21,21,0,0,0,0,0,0,0,22,23,24,24,27,27,29,29,30,31,30,30,29,30,30,29,29,29,28,28,27,28,28,28,28,27,27,26
20260804_021426_df8648,1785806205533753,1935213411,2,2,0,-56,128,0,15,14,14,13,13,13,13,12,13,13,12,12,12,13,12,13,12,13,13,12,13,11,11,11,11,11,0,0,0,0,0,0,0,0,0,0,0,13,14,14,15,15,16,16,17,17,17,17,17,17,16,16,16,16,15,15,15,15,15,14,15,14,14,0,25,25,25,25,25,24,23,23,23,23,23,23,23,24,24,24,24,25,24,24,23,23,22,22,23,22,21,22,0,0,0,0,0,0,0,21,23,24,25,26,28,29,30,31,30,31,31,31,31,30,30,30,29,29,28,28,28,28,28,27,27,26,27
20260804_021426_df8648,1785806205635700,1935313265,2,2,0,-59,128,0,13,13,11,11,11,12,11,10,11,11,11,11,11,11,11,11,12,11,12,12,12,12,13,13,13,13,0,0,0,0,0,0,0,0,0,0,0,16,16,17,17,18,18,18,19,18,18,18,18,17,16,16,16,15,15,15,14,14,14,14,14,13,13,0,43,44,44,41,41,41,39,40,38,39,40,40,40,41,40,41,43,44,44,43,46,44,47,46,47,48,48,50,0,0,0,0,0,0,0,55,56,57,59,62,65,67,67,67,68,65,67,65,64,61,59,58,57,56,54,52,51,50,51,50,49,48,45
20260804_021426_df8648,1785806205738325,1935415453,2,2,0,-56,128,0,15,15,15,14,14,13,13,13,13,13,13,13,13,13,12,12,13,12,12,12,12,11,11,10,10,10,0,0,0,0,0,0,0,0,0,0,0,12,13,14,14,15,15,16,16,16,17,17,16,17,16,16,16,16,16,16,16,16,16,16,16,16,15,0,53,56,52,50,51,49,49,49,46,47,47,47,47,46,46,46,47,45,45,44,42,42,40,40,38,37,36,37,0,0,0,0,0,0,0,41,44,44,47,51,54,56,58,57,59,60,59,61,61,60,59,60,58,58,57,57,57,58,57,57,57,59,55
20260804_021426_df8648,1785806205835529,1935511429,2,2,0,-58,128,0,12,13,13,13,12,12,12,13,13,14,14,14,14,14,15,15,16,15,16,16,16,16,16,16,15,16,0,0,0,0,0,0,0,0,0,0,0,7,7,9,9,9,9,9,10,10,10,10,10,10,10,10,10,10,11,11,11,11,12,12,12,12,12,0,51,53,51,52,52,53,52,52,53,55,56,56,59,59,62,59,62,62,65,66,66,66,65,65,67,66,67,64,0,0,0,0,0,0,0,28,29,31,31,35,35,37,39,40,41,40,42,42,41,41,43,42,44,43,46,44,44,46,46,45,49,50,51
20260804_021426_df8648,1785806205932075,1935611647,2,2,0,-58,128,0,15,15,14,14,14,14,14,14,13,13,14,13,13,13,13,13,13,13,12,12,12,12,11,10,10,10,0,0,0,0,0,0,0,0,0,0,0,13,13,15,15,16,16,17,17,17,17,18,17,17,17,16,16,16,16,16,16,16,16,15,16,15,16,0,51,54,52,50,50,49,48,49,47,49,48,46,47,46,47,45,47,45,43,43,43,41,39,38,37,39,37,37,0,0,0,0,0,0,0,44,46,47,49,52,55,57,55,60,60,62,62,62,59,59,57,59,58,56,56,59,55,55,54,54,53,54,53
20260804_021426_df8648,1785806206035818,1935711766,2,2,0,-58,128,0,13,13,13,14,14,14,14,15,14,15,15,15,15,15,15,15,16,16,16,16,16,16,16,15,15,15,0,0,0,0,0,0,0,0,0,0,0,12,13,13,13,13,14,14,15,15,14,14,13,13,13,13,13,13,12,13,12,12,13,13,13,13,13,0,47,49,48,49,49,49,51,51,51,52,52,53,54,57,55,57,55,58,58,58,57,57,57,56,56,57,55,56,0,0,0,0,0,0,0,38,41,42,43,45,47,48,52,51,50,54,51,51,52,47,49,47,45,46,44,45,45,46,46,46,46,47,47
20260804_021426_df8648,1785806206132852,1935811280,2,2,0,-56,128,0,15,15,15,15,14,14,14,14,14,14,14,14,14,14,14,14,14,14,14,14,13,13,12,12,12,12,0,0,0,0,0,0,0,0,0,0,0,11,12,12,13,14,14,15,15,15,15,15,15,15,15,15,14,15,14,15,15,15,15,15,15,15,15,0,57,56,54,54,54,53,51,50,51,51,52,52,51,51,52,52,53,54,51,52,49,47,47,46,46,43,44,43,0,0,0,0,0,0,0,38,38,42,43,45,48,51,52,53,54,57,56,56,56,55,55,53,54,55,53,55,55,53,55,53,56,55,56
20260804_021426_df8648,1785806206235662,1935912891,2,2,0,-58,128,0,13,12,12,12,13,12,12,12,12,13,13,12,12,13,13,13,13,13,13,13,13,13,13,13,13,13,0,0,0,0,0,0,0,0,0,0,0,12,14,14,14,15,16,17,16,16,16,16,16,16,16,16,15,15,14,15,14,14,13,13,13,13,13,0,45,47,48,45,47,46,45,44,45,44,46,46,45,48,46,48,49,49,48,50,49,47,48,47,45,47,46,47,0,0,0,0,0,0,0,41,44,46,50,54,56,57,59,59,60,62,63,60,60,58,58,59,53,54,51,53,53,51,51,50,52,49,50
20260804_021426_df8648,1785806206337694,1936012991,2,2,0,-56,128,0,12,13,13,13,13,12,12,13,12,13,13,13,13,13,13,13,14,14,14,13,13,13,12,12,12,11,0,0,0,0,0,0,0,0,0,0,0,13,13,14,14,15,16,15,15,15,15,15,15,15,14,14,13,13,13,13,13,12,13,12,12,12,12,0,45,44,46,46,47,47,45,47,44,48,48,45,47,49,50,49,50,47,49,51,47,45,48,45,44,45,43,40,0,0,0,0,0,0,0,46,47,49,51,53,56,55,57,59,59,58,59,56,57,55,53,50,51,50,50,48,47,48,47,48,49,49,51
20260804_021426_df8648,1785806206433307,1936112352,2,2,0,-59,128,0,14,13,13,13,13,13,14,13,14,14,14,14,13,13,14,13,13,13,13,12,12,12,11,11,11,11,0,0,0,0,0,0,0,0,0,0,0,15,16,16,16,17,17,17,17,17,17,16,16,16,16,14,15,14,14,14,14,14,14,14,14,14,14,0,51,51,49,50,48,49,50,48,50,49,49,47,50,49,48,48,46,47,46,44,43,42,40,41,40,39,38,40,0,0,0,0,0,0,0,49,52,52,55,57,59,61,60,61,62,62,61,60,58,57,57,54,52,52,51,50,50,50,52,50,50,51,51
20260804_021426_df8648,1785806206534321,1936211443,2,2,0,-57,128,0,15,15,15,15,14,14,14,14,14,14,15,14,14,15,15,15,15,15,15,14,14,14,14,13,13,13,0,0,0,0,0,0,0,0,0,0,0,13,13,13,14,14,14,14,15,15,15,14,14,14,14,13,13,13,13,13,13,13,14,13,14,14,14,0,53,53,55,54,53,55,53,54,55,54,53,55,56,54,53,55,55,55,55,55,55,52,50,49,50,50,47,49,0,0,0,0,0,0,0,43,45,48,48,51,53,54,56,56,56,55,56,54,52,52,52,50,49,49,49,49,49,50,52,51,50,53,53
20260804_021426_df8648,1785806206635727,1936311950,2,2,0,-57,128,0,12,12,12,11,11,11,11,10,10,10,9,9,10,10,9,9,10,10,10,10,10,10,9,10,10,10,0,0,0,0,0,0,0,0,0,0,0,18,19,19,20,21,21,22,21,21,21,20,20,19,19,18,18,17,17,16,16,15,15,14,14,14,13,0,21,22,20,19,19,19,18,17,16,19,18,18,17,16,17,17,18,16,18,18,17,17,17,17,16,17,17,18,0,0,0,0,0,0,0,29,30,31,33,34,35,36,36,37,38,37,37,37,36,33,33,32,32,29,28,28,27,27,26,25,24,25,22
20260804_021426_df8648,1785806206733275,1936411703,2,2,0,-57,128,0,12,13,13,12,12,13,13,13,13,13,14,14,13,14,14,15,15,15,16,16,16,16,16,16,15,16,0,0,0,0,0,0,0,0,0,0,0,12,13,12,13,13,14,13,13,13,13,13,13,13,12,12,12,12,11,12,12,12,12,11,12,13,13,0,46,48,47,46,49,47,49,47,48,49,51,53,52,53,52,55,57,60,59,60,59,58,59,60,58,59,59,60,0,0,0,0,0,0,0,42,43,44,45,49,51,50,52,52,52,53,52,51,51,52,50,47,47,47,46,47,47,46,46,46,46,47,48
20260804_021426_df8648,1785806206834780,1936512938,2,2,0,-56,128,0,14,14,14,14,14,13,13,13,13,13,13,13,13,13,13,14,13,13,13,12,13,12,12,11,12,11,0,0,0,0,0,0,0,0,0,0,0,14,15,15,16,16,17,17,16,18,17,17,17,16,16,16,15,15,15,15,15,15,15,14,14,14,14,0,26,26,25,25,24,25,24,23,23,24,24,23,24,23,24,23,24,23,24,23,22,22,21,21,21,20,20,21,0,0,0,0,0,0,0,25,25,26,26,28,29,29,30,31,30,31,31,30,30,30,28,27,30,28,27,27,28,28,26,27,26,27,26
20260804_021426_df8648,1785806206931372,1936612592,2,2,0,-56,128,0,13,13,12,12,11,10,10,10,9,9,9,9,8,8,9,9,9,9,9,9,9,9,9,9,8,9,0,0,0,0,0,0,0,0,0,0,0,16,16,18,18,19,19,20,21,20,20,20,19,19,18,18,18,16,16,16,16,16,15,14,15,14,14,0,23,23,22,21,20,20,18,17,17,17,17,16,16,16,17,15,15,16,16,16,16,16,16,16,16,16,16,17,0,0,0,0,0,0,0,26,28,28,30,32,32,34,34,35,35,36,36,35,34,34,34,31,32,31,29,29,28,27,27,28,26,26,25
20260804_021426_df8648,1785806207032253,1936711584,2,2,0,-58,128,0,13,12,12,12,12,12,11,11,10,11,10,11,10,12,11,11,11,11,10,11,11,12,11,11,11,12,0,0,0,0,0,0,0,0,0,0,0,14,14,14,15,16,16,16,16,16,16,16,16,16,16,16,15,15,14,14,14,14,14,13,13,13,13,0,25,24,24,23,23,22,22,21,20,21,21,20,21,21,21,22,21,21,21,21,21,21,21,21,22,21,22,22,0,0,0,0,0,0,0,23,25,25,26,28,30,30,30,30,32,32,31,30,30,30,31,29,29,28,26,28,28,28,27,26,26,27,25
20260804_021426_df8648,1785806207133949,1936811502,2,2,0,-58,128,0,14,14,14,13,13,12,12,12,12,12,12,12,11,12,12,12,13,11,11,12,12,12,12,11,12,12,0,0,0,0,0,0,0,0,0,0,0,13,14,15,15,16,16,17,16,16,16,16,16,16,16,16,15,15,14,14,14,14,14,14,14,14,13,0,49,50,48,46,45,46,44,45,42,46,44,46,43,46,43,43,45,44,46,45,45,46,43,45,45,42,45,45,0,0,0,0,0,0,0,48,49,51,55,56,58,57,60,61,63,62,64,60,59,60,57,56,56,56,54,53,53,54,55,52,53,52,50
20260804_021426_df8648,1785806207236291,1936911664,2,2,0,-59,128,0,11,11,11,11,11,11,12,12,12,12,13,13,13,14,14,15,15,16,16,16,17,17,16,16,17,17,0,0,0,0,0,0,0,0,0,0,0,11,11,11,12,12,12,13,12,12,12,12,11,11,11,11,10,11,10,11,11,11,11,11,11,11,11,0,23,23,22,23,23,23,23,24,23,25,26,26,27,27,29,29,30,31,33,32,32,33,33,32,32,34,33,33,0,0,0,0,0,0,0,22,23,22,22,24,24,24,25,24,24,24,23,23,24,23,21,21,22,21,21,21,21,21,21,21,22,22,23
20260804_021426_df8648,1785806207332651,1937011783,2,2,0,-57,128,0,11,9,10,9,9,9,8,9,8,8,9,9,9,9,10,10,10,10,10,10,11,11,11,11,11,12,0,0,0,0,0,0,0,0,0,0,0,15,17,16,17,17,18,18,18,18,18,18,17,17,16,16,15,14,14,13,14,13,13,13,12,11,11,0,42,40,39,36,36,35,33,35,35,33,35,34,35,37,37,38,41,39,41,39,42,42,41,41,43,44,43,43,0,0,0,0,0,0,0,54,59,59,62,64,67,65,69,69,71,70,69,67,67,64,63,63,59,58,56,55,54,54,51,49,47,48,45
20260804_021426_df8648,1785806207472020,1937150773,2,2,0,-60,128,0,13,13,12,12,11,11,11,10,10,10,9,10,10,10,9,10,10,10,10,10,10,11,11,11,11,11,0,0,0,0,0,0,0,0,0,0,0,16,17,18,18,19,19,19,19,19,19,19,18,18,17,17,17,17,16,16,16,15,16,14,15,14,13,0,24,23,23,22,21,21,20,18,18,18,19,18,18,18,18,19,18,19,19,19,19,19,20,20,20,22,21,22,0,0,0,0,0,0,0,28,30,30,32,31,34,33,36,35,35,36,35,35,34,34,33,32,31,31,29,30,29,29,28,27,27,26,25
20260804_021426_df8648,1785806207533497,1937211712,2,2,0,-56,128,0,13,12,12,11,11,10,9,9,9,9,8,8,8,8,8,8,8,8,7,7,7,7,7,7,7,7,0,0,0,0,0,0,0,0,0,0,0,16,17,17,18,18,19,20,19,19,19,19,19,18,17,17,17,17,16,16,15,15,15,14,14,15,13,0,24,23,22,21,19,19,18,17,17,16,16,16,16,16,15,15,15,14,14,15,13,14,14,13,14,14,14,15,0,0,0,0,0,0,0,28,29,30,32,32,34,34,35,35,36,36,36,35,35,34,33,31,31,30,30,30,28,28,28,28,26,26,25
20260804_021426_df8648,1785806207636458,1937311250,2,2,0,-57,128,0,12,12,12,11,11,11,11,10,11,11,11,10,11,11,11,12,12,12,13,13,13,13,13,13,14,14,0,0,0,0,0,0,0,0,0,0,0,14,15,16,16,16,16,17,16,17,17,17,17,15,15,14,14,14,14,14,13,14,14,13,13,13,12,0,46,44,43,41,42,42,41,41,41,42,43,43,43,47,44,46,48,49,52,51,52,50,52,52,54,54,53,56,0,0,0,0,0,0,0,51,54,58,58,57,61,62,63,63,64,64,61,62,59,57,56,57,54,53,50,53,51,51,51,49,47,48,48
20260804_021426_df8648,1785806207732949,1937412198,2,2,0,-56,128,0,16,16,15,15,14,14,13,13,13,13,12,12,13,12,12,11,11,11,11,11,11,10,11,10,9,9,0,0,0,0,0,0,0,0,0,0,0,14,15,16,17,17,17,18,17,18,18,18,18,19,18,18,18,17,17,18,18,17,17,17,17,17,17,0,28,28,27,25,24,24,23,22,22,22,21,21,21,21,22,20,21,20,19,19,19,18,18,17,17,17,17,17,0,0,0,0,0,0,0,23,25,25,26,28,29,31,30,32,32,31,32,32,32,32,32,31,32,29,30,31,31,30,30,31,29,30,29
20260804_021426_df8648,1785806207830605,1937511770,2,2,0,-61,128,0,8,8,8,8,7,7,7,7,8,8,9,8,8,9,9,10,10,10,11,11,12,12,12,12,14,14,0,0,0,0,0,0,0,0,0,0,0,20,20,21,21,21,22,22,21,21,21,20,19,17,17,17,15,15,14,13,12,12,12,11,10,10,10,0,15,14,14,14,13,14,13,13,14,14,15,15,16,17,17,18,19,20,19,21,21,23,23,23,24,25,24,25,0,0,0,0,0,0,0,36,35,36,38,39,40,40,40,39,39,39,38,36,34,34,32,30,28,28,25,25,24,23,22,21,19,19,17
20260804_021426_df8648,1785806207937264,1937611846,2,2,0,-57,128,0,12,13,13,13,12,12,12,13,12,12,13,13,13,13,13,14,14,14,14,14,14,14,14,15,14,15,0,0,0,0,0,0,0,0,0,0,0,12,12,13,13,13,14,14,15,15,15,14,15,14,13,13,14,12,12,13,13,13,13,12,13,12,12,0,46,48,47,46,46,47,46,45,46,49,49,49,50,52,52,51,54,54,55,56,56,55,55,55,54,55,55,55,0,0,0,0,0,0,0,42,45,47,47,47,51,52,55,53,54,56,55,53,53,51,52,52,49,50,48,48,50,48,49,48,48,46,48
20260804_021426_df8648,1785806208033844,1937711221,2,2,0,-58,128,0,13,13,12,13,12,12,11,11,12,12,13,11,12,13,13,13,13,13,14,14,14,13,14,12,14,13,0,0,0,0,0,0,0,0,0,0,0,15,15,16,16,17,16,16,17,17,17,17,17,16,16,16,16,15,16,15,15,14,14,14,14,14,14,0,48,48,46,46,42,45,44,44,42,47,44,46,43,45,47,48,48,49,49,51,49,47,49,49,49,48,49,49,0,0,0,0,0,0,0,51,54,54,56,59,61,62,62,63,64,64,66,63,62,60,60,56,59,55,53,53,55,54,54,52,51,52,50
20260804_021426_df8648,1785806208134595,1937811646,2,2,0,-55,128,0,13,13,13,12,12,11,11,11,11,10,10,10,11,10,11,11,11,11,10,10,10,10,9,9,9,9,0,0,0,0,0,0,0,0,0,0,0,13,14,14,16,16,16,16,17,17,17,17,17,17,17,16,16,16,16,16,16,15,15,15,15,15,14,0,25,25,24,23,22,22,21,20,20,21,19,19,20,19,19,19,19,19,20,19,18,18,18,17,17,17,18,17,0,0,0,0,0,0,0,24,25,25,26,28,28,31,30,31,32,32,32,32,32,32,32,30,31,30,30,30,30,30,29,29,28,28,26
20260804_021426_df8648,1785806208237533,1937914356,2,2,0,-57,128,0,13,13,13,13,12,12,12,12,12,12,12,11,12,13,13,13,13,13,13,13,13,12,12,12,12,12,0,0,0,0,0,0,0,0,0,0,0,12,13,12,13,13,14,14,15,15,15,15,15,15,15,15,15,14,14,14,14,14,14,14,14,14,14,0,51,53,51,50,47,48,46,45,45,45,44,45,47,47,47,47,46,48,46,47,47,47,46,47,45,46,46,43,0,0,0,0,0,0,0,41,43,45,45,47,51,53,53,56,57,59,58,57,58,58,58,57,56,55,55,54,57,56,57,55,55,54,53
20260804_021426_df8648,1785806208334355,1938012211,2,2,0,-56,128,0,14,15,15,14,14,14,14,14,15,13,14,14,14,14,14,15,15,15,15,14,15,15,14,14,14,14,0,0,0,0,0,0,0,0,0,0,0,12,12,13,14,14,14,14,16,15,15,15,15,15,15,15,14,15,14,15,15,15,15,15,14,15,14,0,53,53,54,51,53,52,52,51,49,50,52,52,53,53,53,54,54,55,57,56,54,53,50,53,51,51,49,50,0,0,0,0,0,0,0,39,42,42,44,45,50,50,53,54,53,55,55,56,55,53,54,55,53,55,54,54,54,53,55,52,54,54,55
20260804_021426_df8648,1785806208431272,1938111674,2,2,0,-59,128,0,12,11,11,10,9,9,8,9,8,8,7,8,7,7,7,7,8,8,7,8,8,9,9,9,9,10,0,0,0,0,0,0,0,0,0,0,0,14,15,16,16,17,17,18,18,19,19,18,18,18,17,17,17,16,16,16,15,15,15,14,14,14,13,0,24,22,21,20,19,17,16,17,15,15,16,14,15,15,14,14,15,14,16,16,16,17,18,18,19,20,21,21,0,0,0,0,0,0,0,24,25,27,27,30,32,33,32,35,35,36,36,36,35,34,34,33,33,31,30,30,30,29,29,28,27,26,26
20260804_021426_df8648,1785806208533627,1938211812,2,2,0,-57,128,0,10,9,9,9,9,9,9,9,9,9,10,9,11,11,11,11,12,12,12,12,13,12,14,13,13,13,0,0,0,0,0,0,0,0,0,0,0,13,15,15,16,17,17,17,17,17,16,17,17,16,16,16,15,14,13,13,13,12,13,11,12,11,11,0,36,39,35,37,35,36,37,36,35,35,37,39,39,40,41,43,45,46,46,48,47,48,50,51,50,51,51,51,0,0,0,0,0,0,0,48,51,53,56,58,63,62,63,67,67,67,67,66,64,62,62,60,57,55,53,50,51,50,47,47,45,45,43
20260804_021426_df8648,1785806208634690,1938311814,2,2,0,-56,128,0,13,13,13,12,12,12,11,11,10,10,10,10,10,10,11,11,11,10,10,10,11,9,10,10,10,9,0,0,0,0,0,0,0,0,0,0,0,14,14,15,16,16,17,17,17,17,17,18,18,18,17,17,16,16,16,16,16,16,16,15,15,15,15,0,25,25,23,23,22,22,22,20,20,19,20,19,20,19,20,21,20,20,20,19,19,19,19,19,19,19,18,18,0,0,0,0,0,0,0,23,24,25,26,28,30,31,31,32,33,33,33,33,33,33,32,31,31,30,30,30,29,29,28,28,28,28,26
20260804_021426_df8648,1785806208730255,1938411704,2,2,0,-57,128,0,14,13,13,12,11,10,10,9,9,9,9,8,8,7,7,6,5,5,4,4,3,3,2,1,1,2,0,0,0,0,0,0,0,0,0,0,0,14,15,15,17,17,18,18,19,19,19,19,19,19,19,19,18,18,17,17,17,17,17,16,15,16,14,0,26,24,24,23,21,21,18,18,17,17,16,15,14,13,13,12,12,10,9,7,6,5,4,3,3,4,4,5,0,0,0,0,0,0,0,23,25,25,28,28,31,31,33,34,36,36,36,36,35,36,36,36,34,33,32,33,32,31,31,30,29,30,26
20260804_021426_df8648,1785806208832382,1938511730,2,2,0,-56,128,0,14,14,13,13,13,12,12,12,12,12,12,11,11,11,11,12,11,11,11,11,11,11,11,10,10,10,0,0,0,0,0,0,0,0,0,0,0,12,12,13,13,14,15,15,16,16,16,16,16,16,16,16,16,16,16,16,16,16,16,15,15,15,15,0,28,28,26,26,25,24,24,23,21,23,23,21,21,22,21,21,21,21,21,21,20,19,19,19,18,18,17,18,0,0,0,0,0,0,0,19,20,21,23,24,25,26,28,29,30,30,30,30,31,31,31,31,30,30,29,31,30,30,30,30,30,30,29
20260804_021426_df8648,1785806208934290,1938614600,2,2,0,-60,128,0,14,14,14,13,13,12,12,12,11,11,11,12,11,11,11,11,10,10,10,9,10,9,9,9,9,10,0,0,0,0,0,0,0,0,0,0,0,11,12,13,13,14,15,16,15,15,15,16,16,16,16,16,15,16,15,15,15,15,15,15,15,14,14,0,29,27,25,25,25,24,23,24,23,23,21,21,22,22,22,22,20,20,20,20,19,19,18,18,18,18,17,18,0,0,0,0,0,0,0,19,20,21,22,24,26,26,29,30,30,31,31,31,31,31,30,30,30,29,30,29,28,29,29,29,28,28,28
20260804_021426_df8648,1785806209030416,1938711476,2,2,0,-60,128,0,15,15,15,14,13,13,12,12,11,10,10,9,10,10,9,9,9,8,8,7,5,4,4,3,3,1,0,0,0,0,0,0,0,0,0,0,0,13,14,15,16,16,17,18,18,18,18,18,18,19,18,18,17,18,17,17,17,17,17,16,17,16,16,0,28,27,27,25,25,24,23,22,21,20,19,19,19,19,17,16,16,15,14,13,11,9,7,6,5,4,3,3,0,0,0,0,0,0,0,21,22,25,26,27,29,31,32,33,33,35,34,34,34,34,34,34,34,33,33,32,33,32,32,30,31,30,29
20260804_021426_df8648,1785806209131689,1938812809,2,2,0,-58,128,0,14,14,14,13,12,12,11,11,10,10,9,9,9,9,9,9,8,7,6,6,6,5,5,4,4,4,0,0,0,0,0,0,0,0,0,0,0,14,15,16,16,18,18,18,19,19,20,19,19,19,18,18,18,17,18,17,17,17,17,17,17,16,16,0,27,26,26,23,23,22,21,19,18,18,18,16,15,15,15,14,13,13,12,11,10,9,7,8,7,8,7,8,0,0,0,0,0,0,0,23,25,27,28,29,31,32,34,33,35,34,35,34,35,35,34,34,34,34,32,33,33,33,32,30,30,30,29
20260804_021426_df8648,1785806209234740,1938911772,2,2,0,-57,128,0,16,16,14,14,14,13,13,12,12,12,12,12,12,12,12,12,12,12,11,11,10,9,8,8,7,7,0,0,0,0,0,0,0,0,0,0,0,13,13,14,14,15,16,17,17,17,17,17,17,17,17,17,17,16,16,15,15,16,16,15,15,15,15,0,29,26,25,25,21,25,20,20,21,22,20,22,21,22,22,21,22,21,20,20,19,17,16,14,14,12,11,12,0,0,0,0,0,0,0,21,22,22,25,25,26,26,28,30,30,31,30,31,31,31,30,31,30,30,28,29,29,28,29,27,27,27,27
20260804_021426_df8648,1785806209336598,1939012311,2,2,0,-56,128,0,15,14,14,14,14,13,14,14,13,13,13,13,13,13,13,13,14,14,13,13,11,12,11,11,10,10,0,0,0,0,0,0,0,0,0,0,0,13,13,15,15,16,16,17,17,18,18,17,18,18,17,17,17,16,17,16,16,16,16,16,16,16,15,0,50,56,55,54,46,45,52,45,44,45,48,46,47,47,45,47,46,43,45,43,43,40,39,39,35,36,33,30,0,0,0,0,0,0,0,43,46,48,50,51,54,57,60,58,62,63,62,64,63,62,61,60,60,59,58,57,57,57,59,56,56,55,56
20260804_021426_df8648,1785806209432780,1939111733,2,2,0,-55,128,0,13,14,13,12,12,12,11,11,10,11,11,10,10,10,10,9,10,9,9,9,8,8,8,7,7,7,0,0,0,0,0,0,0,0,0,0,0,12,13,14,14,16,16,16,17,17,16,17,17,16,16,16,16,15,15,15,15,16,15,14,15,14,14,0,53,54,49,49,45,45,44,43,43,44,42,42,41,40,40,38,40,37,35,34,34,32,30,27,27,28,26,26,0,0,0,0,0,0,0,45,48,49,51,55,56,59,61,64,62,63,67,65,66,65,62,62,63,59,62,60,61,59,58,59,59,56,54
20260804_021426_df8648,1785806209534456,1939212476,2,2,0,-59,128,0,13,13,13,12,12,12,12,11,12,12,12,12,12,13,12,13,12,12,12,11,11,11,10,10,11,10,0,0,0,0,0,0,0,0,0,0,0,16,16,16,17,18,18,19,19,19,19,18,18,17,18,17,16,16,15,15,15,15,15,14,14,14,14,0,23,24,22,23,22,22,22,21,20,21,21,21,23,22,21,22,22,21,20,21,21,21,19,18,19,19,18,18,0,0,0,0,0,0,0,25,27,28,29,30,30,32,32,33,32,35,34,33,32,32,32,31,30,28,28,28,28,26,27,25,24,26,24
20260804_021426_df8648,1785806209635985,1939313727,2,2,0,-55,128,0,16,16,16,16,16,15,15,15,15,16,15,15,15,15,15,15,15,15,14,14,14,14,13,13,13,13,0,0,0,0,0,0,0,0,0,0,0,7,7,8,8,9,10,11,11,12,13,13,13,13,13,14,14,14,14,14,15,15,15,16,16,16,16,0,58,56,60,55,58,57,56,56,56,54,55,55,55,55,55,55,54,56,54,52,52,50,49,48,47,49,43,44,0,0,0,0,0,0,0,19,23,24,27,27,31,33,37,39,40,43,44,45,47,50,50,51,50,53,52,55,55,55,56,56,59,59,58
20260804_021426_df8648,1785806209732690,1939411902,2,2,0,-58,128,0,13,13,13,13,13,13,14,12,13,13,13,13,12,13,13,13,14,14,14,14,14,14,14,13,13,13,0,0,0,0,0,0,0,0,0,0,0,10,12,12,12,13,13,14,14,14,15,16,15,15,15,14,15,15,14,14,14,14,14,13,14,13,13,0,48,49,51,48,51,50,47,49,48,51,51,50,51,51,50,52,53,52,53,52,53,53,53,51,53,50,50,52,0,0,0,0,0,0,0,38,39,40,42,45,49,48,52,53,55,54,56,57,55,54,55,57,56,55,54,55,51,55,53,53,55,53,50
20260804_021426_df8648,1785806209834827,1939514341,2,2,0,-63,128,0,11,12,12,12,13,12,13,13,14,15,15,15,15,16,17,18,18,19,20,20,20,21,21,21,22,22,0,0,0,0,0,0,0,0,0,0,0,5,6,8,8,9,9,10,11,11,12,12,12,12,12,13,13,13,12,13,11,12,12,11,11,11,11,0,20,22,22,22,23,23,25,24,25,27,28,27,29,29,31,33,34,35,36,37,38,38,39,40,39,41,41,42,0,0,0,0,0,0,0,8,10,10,12,14,16,17,18,19,20,21,21,21,21,23,23,22,23,23,22,22,22,22,22,21,21,21,21
20260804_021426_df8648,1785806209930945,1939611661,2,2,0,-69,128,0,4,5,5,7,8,9,10,10,11,11,12,12,14,15,16,17,18,19,20,22,22,23,25,25,26,26,0,0,0,0,0,0,0,0,0,0,0,14,13,13,13,13,12,11,11,11,9,9,8,7,5,5,4,4,3,4,2,2,2,2,2,3,3,0,8,10,11,13,15,16,17,19,21,22,24,25,26,28,31,33,35,37,39,42,44,46,47,48,49,52,52,54,0,0,0,0,0,0,0,28,28,26,27,25,26,24,24,22,21,20,20,16,15,13,13,10,10,8,7,6,4,4,4,4,5,4,6
20260804_021426_df8648,1785806210033455,1939711923,2,2,0,-68,128,0,9,9,9,9,9,11,10,11,11,12,13,13,14,14,15,16,17,18,19,19,20,21,21,22,22,23,0,0,0,0,0,0,0,0,0,0,0,9,9,10,10,10,10,10,10,11,10,10,10,10,9,8,9,9,9,9,9,9,8,9,9,8,8,0,17,17,18,18,19,21,21,23,23,24,26,26,27,30,30,31,32,35,37,38,39,40,41,43,44,45,47,50,0,0,0,0,0,0,0,18,17,17,18,19,19,18,19,19,20,20,19,18,18,18,18,17,17,18,16,17,17,16,17,17,17,15,16
20260804_021426_df8648,1785806210134941,1939811396,2,2,0,-66,128,0,7,6,5,5,4,5,4,6,5,6,7,8,9,10,11,13,14,14,16,17,18,18,19,20,20,21,0,0,0,0,0,0,0,0,0,0,0,14,16,16,17,17,18,19,19,19,19,18,19,17,17,16,16,15,15,13,13,12,12,11,10,10,9,0,13,11,9,9,8,9,9,10,10,11,13,15,16,19,21,23,25,27,30,31,34,34,36,37,38,40,40,43,0,0,0,0,0,0,0,23,26,27,28,29,31,31,32,34,34,35,34,34,33,32,32,30,29,29,27,26,25,23,23,21,19,17,15
20260804_021426_df8648,1785806210231580,1939911425,2,2,0,-63,128,0,14,15,15,15,15,15,16,16,15,15,16,16,16,16,17,17,18,18,18,18,19,19,19,20,19,19,0,0,0,0,0,0,0,0,0,0,0,4,4,5,5,6,7,7,8,8,9,9,9,10,10,10,10,11,11,11,12,12,12,13,13,14,14,0,54,57,56,58,56,59,58,58,57,58,59,59,59,62,62,64,67,68,69,69,72,73,73,74,74,74,72,75,0,0,0,0,0,0,0,10,13,13,14,17,19,21,25,25,29,31,33,33,34,36,37,38,40,40,39,42,42,44,45,47,48,52,51
20260804_021426_df8648,1785806210334006,1940011933,2,2,0,-68,128,0,9,8,7,7,6,6,5,5,6,5,6,6,7,8,9,10,10,11,13,14,15,16,16,17,18,20,0,0,0,0,0,0,0,0,0,0,0,19,18,19,19,20,20,20,20,19,19,17,17,17,17,15,16,15,15,14,13,12,12,12,11,10,9,0,14,14,13,12,10,11,8,11,9,10,11,12,13,15,16,18,20,22,24,26,29,29,30,34,36,38,39,40,0,0,0,0,0,0,0,34,35,34,35,36,38,37,38,38,37,38,37,35,34,33,32,30,29,28,28,28,25,26,23,21,20,20,18
20260804_021426_df8648,1785806210431478,1940111851,2,2,0,-65,128,0,14,15,13,14,13,14,13,13,13,13,13,13,13,13,13,14,14,14,14,14,14,14,14,15,15,15,0,0,0,0,0,0,0,0,0,0,0,9,10,11,12,13,14,15,15,15,15,15,15,16,16,16,16,16,16,17,16,16,15,15,16,15,15,0,54,51,52,51,47,47,47,45,46,46,47,50,48,48,48,50,48,49,51,49,51,51,51,51,54,53,55,56,0,0,0,0,0,0,0,30,31,34,37,39,43,47,46,50,52,57,60,57,56,55,60,60,57,58,60,58,60,57,57,58,60,58,54
20260804_021426_df8648,1785806210529604,1940211941,2,2,0,-64,128,0,12,13,13,13,14,13,13,14,13,15,15,15,15,16,17,18,18,19,20,21,21,22,22,21,22,22,0,0,0,0,0,0,0,0,0,0,0,4,4,5,5,5,6,6,6,6,7,6,7,7,6,8,8,8,8,8,9,9,9,9,11,11,11,0,23,25,26,25,25,25,27,27,26,28,28,29,30,31,33,34,35,37,39,39,40,40,42,43,42,43,43,44,0,0,0,0,0,0,0,8,9,8,9,9,9,10,11,11,11,11,12,11,12,14,13,14,14,13,15,15,15,17,16,18,20,21,21
20260804_021426_df8648,1785806210633908,1940315204,2,2,0,-63,128,0,12,13,13,14,14,14,14,15,15,15,16,17,17,18,18,19,20,21,22,22,22,22,23,22,22,23,0,0,0,0,0,0,0,0,0,0,0,4,4,4,4,4,4,4,4,4,4,5,4,4,4,5,5,5,6,6,7,7,8,9,9,10,11,0,23,23,25,26,27,28,27,29,28,30,30,31,33,36,35,37,38,39,42,41,43,43,44,44,45,44,44,44,0,0,0,0,0,0,0,8,9,8,8,9,9,9,8,9,9,9,8,8,9,9,9,11,10,10,12,11,14,15,16,16,18,19,21
20260804_021426_df8648,1785806210748767,1940431829,2,2,0,-67,128,0,10,11,11,11,12,13,12,13,13,13,14,15,15,16,17,18,19,19,20,21,22,22,23,23,24,25,0,0,0,0,0,0,0,0,0,0,0,4,4,4,4,3,3,3,3,2,3,3,2,3,3,3,4,4,4,4,4,5,6,6,7,8,8,0,19,21,21,22,22,24,25,26,26,26,28,29,30,31,32,35,37,39,41,42,43,44,45,46,48,48,49,51,0,0,0,0,0,0,0,8,8,7,7,8,7,6,6,6,6,5,6,7,4,5,6,6,7,7,7,8,9,10,12,14,15,16,17
20260804_021426_df8648,1785806210834763,1940511546,2,2,0,-66,128,0,11,11,11,10,10,9,9,9,9,9,9,9,10,10,10,11,11,12,12,13,14,15,16,16,18,18,0,0,0,0,0,0,0,0,0,0,0,11,10,11,12,13,13,14,15,15,15,15,15,15,15,14,14,15,15,15,15,14,14,14,12,13,12,0,45,44,44,40,40,38,38,37,39,37,40,36,39,39,40,43,45,48,51,53,56,60,62,64,69,72,73,79,0,0,0,0,0,0,0,38,40,43,43,45,50,50,53,56,59,57,60,59,61,60,60,58,58,60,58,58,58,53,52,52,50,52,50
20260804_021426_df8648,1785806210933746,1940611835,2,2,0,-65,128,0,13,15,15,14,14,15,15,15,14,14,15,15,16,16,16,17,18,18,19,19,20,20,20,20,20,21,0,0,0,0,0,0,0,0,0,0,0,7,7,8,8,8,9,9,9,9,9,9,9,9,9,9,9,9,9,9,10,10,11,11,12,12,13,0,26,27,28,26,27,28,27,27,27,29,29,28,30,29,31,32,34,34,37,36,37,38,38,39,39,39,41,41,0,0,0,0,0,0,0,13,13,13,14,15,15,16,16,17,17,17,18,18,17,18,17,18,18,17,18,19,20,20,21,21,23,24,25
20260804_021426_df8648,1785806211033119,1940711788,2,2,0,-65,128,0,13,13,13,12,13,13,13,13,13,13,14,14,14,15,15,16,16,16,17,17,17,19,19,18,18,19,0,0,0,0,0,0,0,0,0,0,0,3,4,4,5,5,6,7,7,7,8,8,8,9,9,8,8,8,8,9,10,9,10,9,10,10,10,0,24,25,25,26,26,26,26,26,26,26,28,28,29,29,30,31,32,33,35,35,36,35,37,36,38,38,38,38,0,0,0,0,0,0,0,8,8,8,9,10,11,11,13,14,14,15,16,17,17,18,18,18,18,18,18,19,19,19,19,19,21,22,22
20260804_021426_df8648,1785806211137752,1940814131,2,2,0,-64,128,0,13,14,14,14,14,14,14,13,14,14,14,13,13,14,15,16,16,16,17,17,17,16,16,16,17,17,0,0,0,0,0,0,0,0,0,0,0,9,10,10,11,11,13,12,13,13,13,13,13,13,12,12,12,12,12,12,12,12,13,12,13,13,13,0,25,26,26,27,27,26,26,26,26,26,26,26,27,28,28,29,29,30,31,32,32,33,32,32,33,32,33,32,0,0,0,0,0,0,0,17,18,18,19,19,21,21,24,24,24,25,24,26,25,25,24,23,25,24,24,23,23,24,24,23,25,25,25
20260804_021426_df8648,1785806211235741,1940913535,2,2,0,-58,128,0,14,13,13,14,13,13,14,14,14,14,14,14,14,14,14,15,15,15,15,15,16,16,15,15,15,15,0,0,0,0,0,0,0,0,0,0,0,7,7,8,9,9,10,10,10,10,11,11,11,11,12,11,12,12,12,12,12,12,12,13,13,13,13,0,58,58,55,57,54,56,55,55,54,55,56,55,55,55,58,57,59,61,60,60,62,62,61,60,58,60,59,57,0,0,0,0,0,0,0,27,28,29,31,34,36,38,38,38,43,44,45,44,47,48,45,44,47,45,49,48,50,51,50,53,51,54,54
20260804_021426_df8648,1785806211334834,1941011645,2,2,0,-57,128,0,14,14,14,14,14,14,14,14,14,14,14,14,14,15,15,15,15,15,15,16,16,16,16,16,16,16,0,0,0,0,0,0,0,0,0,0,0,8,8,9,9,10,10,11,11,11,12,12,12,12,12,12,12,12,12,12,13,13,13,13,14,14,14,0,55,54,55,55,56,56,55,56,54,56,56,55,57,57,58,58,60,63,61,63,63,61,63,63,61,61,61,60,0,0,0,0,0,0,0,26,26,30,33,36,35,40,40,42,44,44,46,47,46,47,49,48,48,49,47,49,53,51,52,51,52,52,53
20260804_021426_df8648,1785806211434206,1941112700,2,2,0,-60,128,0,15,14,14,14,14,14,14,13,13,13,13,13,13,14,14,14,14,15,15,15,15,16,15,16,15,16,0,0,0,0,0,0,0,0,0,0,0,9,10,10,11,12,13,13,13,13,14,14,13,13,14,13,14,13,14,13,14,13,14,13,14,15,14,0,54,54,52,52,51,52,52,51,51,51,50,50,50,51,52,53,55,55,57,57,59,59,60,58,58,56,59,57,0,0,0,0,0,0,0,30,32,34,36,40,40,44,44,46,50,52,52,52,51,52,53,52,52,52,53,52,53,53,52,54,55,55,55
20260804_021426_df8648,1785806211536625,1941211771,2,2,0,-59,128,0,16,16,16,16,16,15,15,15,15,14,14,14,14,13,13,14,14,14,14,14,14,14,14,14,14,14,0,0,0,0,0,0,0,0,0,0,0,8,9,9,10,12,12,12,13,13,14,14,14,15,15,14,15,14,15,16,16,16,16,15,16,16,16,0,61,62,59,60,58,58,58,55,54,53,54,52,52,51,51,51,53,53,54,53,53,52,52,53,52,52,52,53,0,0,0,0,0,0,0,26,29,31,33,35,39,41,43,45,49,48,52,52,54,55,54,53,55,55,56,57,57,57,59,59,60,60,59
20260804_021426_df8648,1785806211633816,1941311768,2,2,0,-61,128,0,16,16,16,15,15,15,15,14,14,14,14,13,13,13,12,12,12,13,13,12,12,12,13,12,13,13,0,0,0,0,0,0,0,0,0,0,0,7,8,9,10,10,11,12,13,14,14,15,15,15,15,15,15,16,15,16,16,16,16,16,16,17,16,0,31,32,31,30,29,29,27,28,27,27,26,25,24,24,24,25,23,23,23,24,23,24,25,24,23,24,24,25,0,0,0,0,0,0,0,12,13,15,17,17,19,21,23,24,26,27,27,27,28,30,29,30,30,30,29,30,32,31,31,31,33,33,31
20260804_021426_df8648,1785806211733499,1941411592,2,2,0,-61,128,0,13,13,12,12,12,12,12,12,11,12,12,11,12,12,12,13,14,13,14,14,15,16,16,16,16,16,0,0,0,0,0,0,0,0,0,0,0,9,10,10,11,12,13,12,13,13,14,14,13,14,14,12,13,13,13,13,13,13,13,12,13,13,13,0,50,52,48,49,48,48,47,46,44,47,44,46,47,47,48,51,54,54,56,58,59,60,60,62,63,62,64,65,0,0,0,0,0,0,0,30,32,35,38,40,43,46,47,50,51,54,57,55,54,49,58,55,55,50,54,53,51,52,52,51,51,52,51
20260804_021426_df8648,1785806211830920,1941511221,2,2,0,-59,128,0,15,15,15,15,15,15,15,15,15,14,15,15,15,16,16,17,17,18,18,18,18,19,18,18,18,19,0,0,0,0,0,0,0,0,0,0,0,4,6,6,6,7,8,8,9,9,9,10,10,11,11,11,11,11,12,12,12,12,12,12,12,14,13,0,28,28,29,28,28,28,28,28,28,29,29,30,30,30,32,31,33,34,35,35,36,36,36,36,37,36,35,36,0,0,0,0,0,0,0,6,8,8,10,11,12,14,14,16,17,18,19,19,20,21,20,21,21,22,23,23,23,24,25,24,25,26,27
20260804_021426_df8648,1785806211935426,1941611337,2,2,0,-54,128,0,14,14,14,14,14,14,13,13,13,13,13,13,14,14,14,14,14,14,15,15,14,14,15,14,14,15,0,0,0,0,0,0,0,0,0,0,0,6,7,8,9,10,9,10,11,11,12,12,13,13,13,13,13,13,13,13,13,13,14,14,14,14,15,0,55,55,55,54,55,54,53,52,51,52,54,52,52,53,53,55,55,57,57,55,56,56,55,56,54,55,54,52,0,0,0,0,0,0,0,24,27,27,30,32,34,37,40,43,45,45,46,48,48,49,49,50,51,49,51,50,52,52,53,52,55,54,54
20260804_021426_df8648,1785806212035437,1941711819,2,2,0,-57,128,0,15,16,14,15,14,14,14,14,13,13,14,14,13,13,13,14,14,13,14,13,14,13,13,13,13,13,0,0,0,0,0,0,0,0,0,0,0,8,8,9,10,10,11,11,12,13,13,14,14,15,14,14,14,14,14,14,15,15,15,15,16,15,15,0,58,59,59,56,56,55,53,54,51,52,51,51,50,51,50,52,52,52,52,50,52,50,52,50,51,50,50,51,0,0,0,0,0,0,0,24,27,29,31,33,37,39,40,43,46,47,50,51,51,54,54,54,56,57,53,56,57,58,57,57,60,59,57
20260804_021426_df8648,1785806212132752,1941811838,2,2,0,-58,128,0,16,16,16,15,15,15,14,14,14,14,14,14,14,14,14,14,15,15,15,15,15,14,14,14,14,14,0,0,0,0,0,0,0,0,0,0,0,9,10,10,11,12,12,13,14,14,14,15,15,15,15,15,16,16,16,16,16,16,16,16,15,15,15,0,56,56,56,54,55,55,54,52,52,51,52,52,50,51,50,51,53,53,55,53,55,53,53,54,56,52,52,54,0,0,0,0,0,0,0,27,32,31,36,39,40,42,46,48,50,51,52,52,54,58,56,57,55,55,57,57,58,57,56,58,58,59,57
20260804_021426_df8648,1785806212236248,1941911819,2,2,0,-57,128,0,14,14,14,13,13,13,13,13,13,14,14,13,13,13,14,14,15,15,16,16,16,16,16,16,16,16,0,0,0,0,0,0,0,0,0,0,0,8,9,9,10,11,11,12,12,13,13,13,13,13,14,14,14,14,14,14,14,14,15,14,14,14,14,0,57,55,55,53,52,52,50,52,50,50,52,50,51,52,52,56,55,56,59,59,59,59,61,60,60,60,59,60,0,0,0,0,0,0,0,25,27,29,33,33,36,40,41,43,45,48,50,51,50,52,55,54,54,54,52,53,53,55,54,56,54,55,56
20260804_021426_df8648,1785806212334517,1942011939,2,2,0,-55,128,0,16,16,15,15,15,14,14,14,14,14,14,14,13,14,14,14,15,15,15,14,15,14,15,14,14,14,0,0,0,0,0,0,0,0,0,0,0,8,9,9,10,10,12,12,12,13,13,14,14,14,14,14,15,15,15,14,15,15,15,16,15,16,16,0,60,57,59,55,56,55,52,53,54,54,53,52,51,53,52,55,52,55,56,55,55,54,53,53,53,55,51,53,0,0,0,0,0,0,0,25,28,29,32,35,39,40,42,45,45,48,50,51,52,53,53,54,54,56,53,57,56,57,58,58,58,59,60
20260804_021426_df8648,1785806212431430,1942111517,2,2,0,-55,128,0,16,16,16,16,16,16,16,15,15,15,16,15,16,15,16,15,16,16,16,16,16,17,15,15,15,16,0,0,0,0,0,0,0,0,0,0,0,6,6,8,8,9,9,9,11,11,11,11,12,13,13,14,14,13,14,15,15,15,15,16,16,16,16,0,58,61,60,58,57,56,56,55,56,57,55,56,57,57,56,57,59,58,59,58,58,59,58,57,57,57,55,55,0,0,0,0,0,0,0,17,19,21,22,24,30,31,32,36,36,41,42,43,46,47,48,50,50,50,52,52,53,52,57,56,56,58,58
20260804_021426_df8648,1785806212535859,1942213645,2,2,0,-55,128,0,16,16,15,15,14,14,14,14,13,13,13,13,13,13,14,14,14,14,14,14,14,13,14,14,14,14,0,0,0,0,0,0,0,0,0,0,0,7,9,9,9,11,11,12,13,13,13,14,14,14,15,15,16,16,15,16,16,16,16,16,16,16,16,0,58,57,55,55,55,52,52,50,50,52,50,47,50,49,51,51,50,51,52,51,53,50,51,50,51,52,51,50,0,0,0,0,0,0,0,24,26,29,32,33,37,39,42,44,46,51,53,53,53,54,56,56,56,57,57,57,57,57,59,59,59,60,58
20260804_021426_df8648,1785806212634751,1942313175,2,2,0,-54,128,0,16,16,16,15,15,15,14,14,14,14,14,14,14,14,14,14,14,14,14,14,14,14,14,14,14,14,0,0,0,0,0,0,0,0,0,0,0,8,8,9,10,11,11,12,13,13,14,14,14,14,15,14,15,15,16,15,16,16,16,16,16,16,16,0,59,58,59,55,55,56,55,54,52,51,51,52,51,52,50,52,51,53,53,52,52,52,50,51,51,51,51,50,0,0,0,0,0,0,0,25,28,30,32,34,37,39,42,44,46,48,50,50,53,55,55,55,55,54,55,57,57,58,60,57,58,59,59
20260804_021426_df8648,1785806212734647,1942411824,2,2,0,-56,128,0,14,14,14,14,14,13,13,13,13,13,14,13,14,14,14,14,14,14,14,14,14,15,15,14,14,14,0,0,0,0,0,0,0,0,0,0,0,7,7,7,8,8,9,11,10,11,12,12,13,12,12,12,13,13,13,13,13,13,14,13,14,14,14,0,56,57,54,56,55,54,53,52,52,54,54,54,54,54,55,57,56,57,60,59,58,58,58,59,57,56,58,56,0,0,0,0,0,0,0,21,23,25,26,30,33,34,38,40,42,45,48,48,47,49,49,49,51,52,52,54,54,55,54,55,56,56,55
20260804_021426_df8648,1785806212832360,1942511426,2,2,0,-58,128,0,15,15,15,15,15,15,15,15,15,15,16,16,16,17,17,17,18,18,19,19,19,19,19,19,19,19,0,0,0,0,0,0,0,0,0,0,0,4,5,5,6,6,6,7,8,8,9,9,9,9,9,10,10,10,10,11,11,11,12,12,13,14,14,0,27,27,29,28,28,28,28,28,28,29,29,30,31,32,32,34,34,36,36,36,37,37,37,36,36,38,35,36,0,0,0,0,0,0,0,7,9,9,10,10,12,13,13,14,14,17,16,17,18,18,18,19,20,19,20,20,22,22,25,24,25,26,26
20260804_021426_df8648,1785806212937055,1942611887,2,2,0,-55,128,0,14,14,14,14,14,13,13,13,13,13,14,14,14,14,14,14,14,15,16,16,15,15,15,15,14,14,0,0,0,0,0,0,0,0,0,0,0,8,8,9,9,10,11,12,12,12,13,13,13,13,13,14,12,13,13,14,13,14,14,14,14,14,14,0,55,54,56,53,53,53,53,53,50,52,53,53,52,53,54,56,56,59,59,57,58,58,58,58,55,56,54,55,0,0,0,0,0,0,0,27,28,31,34,36,38,41,43,45,47,48,50,50,51,51,52,52,51,52,52,53,53,54,53,53,57,55,55
20260804_021426_df8648,1785806213036007,1942712288,2,2,0,-54,128,0,15,15,15,15,15,14,14,14,14,14,13,14,14,14,14,15,16,15,16,15,15,15,15,15,15,14,0,0,0,0,0,0,0,0,0,0,0,10,10,11,12,13,13,14,13,14,14,14,14,14,15,14,14,14,14,14,14,14,14,14,15,16,15,0,53,57,53,55,51,53,50,51,50,53,51,51,52,53,55,54,57,55,58,56,57,56,56,54,52,52,52,50,0,0,0,0,0,0,0,34,36,36,37,42,43,46,46,49,50,50,53,52,54,55,52,52,54,53,53,53,54,54,54,55,55,55,55
20260804_021426_df8648,1785806213134706,1942811438,2,2,0,-58,128,0,14,12,13,13,12,12,12,12,12,11,11,11,12,12,12,13,13,13,13,13,13,13,14,13,13,13,0,0,0,0,0,0,0,0,0,0,0,14,15,15,16,16,16,16,16,17,16,16,16,15,15,15,14,14,13,13,13,13,13,13,13,14,13,0,48,48,47,47,46,43,45,44,42,43,45,45,44,46,45,49,50,50,50,51,52,49,48,49,48,45,47,45,0,0,0,0,0,0,0,48,51,52,52,53,55,59,59,62,60,60,61,60,60,57,56,55,55,52,52,53,50,48,50,48,48,49,47
20260804_021426_df8648,1785806213233123,1942911751,2,2,0,-66,128,0,11,11,11,10,11,10,10,10,10,10,9,10,10,11,11,11,11,13,13,14,14,15,14,14,14,16,0,0,0,0,0,0,0,0,0,0,0,19,19,20,20,19,20,20,20,20,20,18,17,17,17,16,15,14,14,14,14,13,13,13,12,12,12,0,21,21,21,18,18,18,17,18,19,18,17,18,18,20,19,20,22,22,24,25,24,26,26,27,27,29,28,29,0,0,0,0,0,0,0,33,34,35,35,37,36,36,37,37,35,37,36,34,32,31,30,29,26,26,26,25,23,24,24,23,23,21,23
20260804_021426_df8648,1785806213336814,1943014260,2,2,0,-69,128,0,7,6,5,4,4,3,3,4,3,4,4,5,5,6,7,8,9,11,12,13,14,16,17,18,19,20,0,0,0,0,0,0,0,0,0,0,0,21,21,21,21,21,20,21,20,18,17,17,16,15,15,13,13,12,11,11,11,9,9,9,8,9,8,0,12,11,11,9,8,8,8,7,6,8,9,9,9,11,14,16,18,20,23,26,29,31,32,34,37,39,40,44,0,0,0,0,0,0,0,38,40,39,40,39,39,38,41,38,36,36,35,34,32,28,28,25,26,24,22,22,21,20,19,19,18,16,16
20260804_021426_df8648,1785806213434421,1943111755,2,2,0,-65,128,0,14,14,14,14,13,13,13,12,13,13,13,13,13,13,13,13,13,14,14,14,14,14,14,15,16,17,0,0,0,0,0,0,0,0,0,0,0,11,11,12,12,12,12,12,13,13,13,13,13,13,13,14,13,14,14,14,15,15,15,15,15,16,15,0,55,54,52,53,52,51,49,49,51,51,50,51,50,48,47,50,50,51,52,53,55,53,57,60,61,61,65,69,0,0,0,0,0,0,0,40,43,43,43,44,45,44,47,45,48,48,50,51,53,51,50,52,54,52,54,54,56,54,56,55,57,56,52
20260804_021426_df8648,1785806213538673,1943216967,2,2,0,-60,128,0,14,13,13,12,12,11,10,10,11,11,10,10,9,10,9,9,10,10,9,9,10,10,10,11,11,11,0,0,0,0,0,0,0,0,0,0,0,12,13,13,14,14,15,14,16,15,16,16,15,16,15,15,15,15,15,15,15,15,15,15,15,14,14,0,53,51,49,47,47,44,44,43,41,41,41,40,40,39,39,40,39,39,40,39,40,39,39,42,41,43,44,45,0,0,0,0,0,0,0,46,48,47,49,51,53,55,56,55,57,60,59,64,62,59,60,60,60,60,60,59,59,59,59,57,58,57,56
20260804_021426_df8648,1785806213635995,1943312284,2,2,0,-60,128,0,15,15,16,16,14,14,15,14,14,14,14,13,13,13,14,14,14,15,15,15,14,14,14,14,14,14,0,0,0,0,0,0,0,0,0,0,0,10,10,11,11,12,13,13,13,15,14,14,15,15,15,15,16,15,16,16,16,16,16,16,16,16,16,0,52,61,61,49,49,57,56,56,54,54,52,51,53,50,51,52,47,51,55,55,51,51,57,54,54,55,52,53,0,0,0,0,0,0,0,31,34,34,36,39,42,43,47,47,50,52,52,53,57,57,58,57,58,59,59,59,59,59,60,58,58,60,60
20260804_021426_df8648,1785806213733372,1943411621,2,2,0,-66,128,0,11,12,12,11,10,12,11,11,12,11,11,11,11,12,12,11,13,13,13,14,14,14,16,15,16,17,0,0,0,0,0,0,0,0,0,0,0,9,10,11,11,12,12,13,14,14,14,14,14,14,14,14,15,15,14,14,14,14,14,13,13,14,13,0,25,24,24,23,22,22,22,22,23,22,23,22,23,24,23,23,25,25,26,28,28,29,31,31,33,36,36,36,0,0,0,0,0,0,0,18,19,20,20,21,23,23,23,25,26,27,27,28,28,27,28,28,27,29,29,28,27,27,27,27,25,25,25
20260804_021426_df8648,1785806213836777,1943512105,2,2,0,-57,128,0,14,14,14,14,14,14,14,13,14,14,14,14,14,14,14,15,15,16,16,16,16,15,15,14,15,15,0,0,0,0,0,0,0,0,0,0,0,7,8,8,9,9,9,10,10,11,11,11,11,11,12,12,12,12,12,12,13,13,13,13,13,13,14,0,56,55,55,55,53,54,55,51,54,54,54,54,55,58,56,57,58,60,59,58,58,58,56,57,58,59,55,58,0,0,0,0,0,0,0,24,26,28,30,31,34,35,37,39,43,41,43,45,47,44,47,47,48,46,47,48,49,48,49,49,51,53,52
20260804_021426_df8648,1785806213936337,1943614710,2,2,0,-70,128,0,13,12,11,11,10,12,10,10,10,9,9,9,8,8,8,8,8,9,10,9,11,11,12,12,12,14,0,0,0,0,0,0,0,0,0,0,0,18,18,17,18,18,19,18,18,17,17,17,16,15,16,16,14,14,13,13,13,13,12,13,12,12,12,0,24,25,20,22,22,19,21,20,18,19,19,16,15,17,15,16,16,16,19,17,20,21,21,23,25,25,25,27,0,0,0,0,0,0,0,33,34,33,35,32,36,36,35,34,35,35,34,33,30,30,30,29,25,26,24,24,27,26,25,24,24,25,25
20260804_021426_df8648,1785806214033886,1943712838,2,2,0,-70,128,0,14,14,14,13,14,14,14,14,14,14,14,14,13,14,15,16,16,17,17,18,19,19,18,20,20,20,0,0,0,0,0,0,0,0,0,0,0,11,10,11,11,12,12,11,13,12,13,13,13,12,13,11,13,12,12,13,11,12,12,12,12,13,13,0,26,25,26,27,28,25,26,27,24,26,25,27,25,26,26,31,30,29,31,34,35,35,36,35,37,36,38,38,0,0,0,0,0,0,0,17,17,20,19,21,22,21,22,23,23,23,25,24,22,25,24,24,23,21,21,21,23,22,24,24,23,23,23
20260804_021426_df8648,1785806214138808,1943815719,2,2,0,-63,128,0,14,13,12,13,12,11,11,11,10,11,10,9,9,9,9,9,11,10,10,10,11,10,10,10,10,10,0,0,0,0,0,0,0,0,0,0,0,14,14,14,15,15,16,16,16,17,18,16,17,16,16,15,16,15,16,15,15,15,15,15,15,14,14,0,55,52,51,49,47,46,44,42,39,42,37,36,37,38,36,35,40,38,36,40,42,39,39,38,41,38,38,38,0,0,0,0,0,0,0,48,50,54,53,55,57,61,64,65,65,67,67,64,64,61,64,59,61,60,63,57,58,55,59,57,60,59,57
20260804_021426_df8648,1785806214232451,1943910376,2,2,0,-65,128,0,16,17,17,17,16,16,16,16,15,16,16,15,16,16,17,17,18,18,18,18,18,18,18,18,17,17,0,0,0,0,0,0,0,0,0,0,0,5,6,6,6,7,7,8,8,9,9,10,10,11,11,11,12,12,12,13,13,13,14,15,15,16,16,0,31,32,32,31,30,31,29,30,29,29,29,29,30,31,30,32,33,33,34,33,34,34,34,33,34,33,31,32,0,0,0,0,0,0,0,8,8,9,10,11,12,13,13,15,16,17,18,19,20,20,20,21,22,22,23,25,25,27,28,28,29,31,30
20260804_021426_df8648,1785806214336117,1944014765,2,2,0,-66,128,0,8,9,9,10,10,10,11,11,13,13,13,14,14,15,16,16,17,18,18,19,19,20,21,20,21,21,0,0,0,0,0,0,0,0,0,0,0,11,11,11,11,12,11,12,11,11,11,11,10,10,9,9,9,9,8,8,8,7,7,6,7,7,7,0,16,18,18,20,20,21,22,23,24,26,26,27,28,28,30,32,34,34,36,38,39,40,40,40,41,41,43,43,0,0,0,0,0,0,0,23,22,22,22,22,21,23,22,22,22,21,21,20,20,19,18,18,18,16,16,15,14,13,13,13,13,14,13
20260804_021426_df8648,1785806214433025,1944111329,2,2,0,-67,128,0,6,6,8,8,9,9,10,11,11,12,12,13,14,14,17,17,18,19,21,21,23,23,24,24,24,25,0,0,0,0,0,0,0,0,0,0,0,10,10,10,10,10,10,9,10,9,8,8,8,7,6,6,5,4,4,4,3,3,2,2,3,4,4,0,11,13,14,15,16,18,19,20,22,23,24,25,28,29,31,34,35,38,41,42,44,45,47,47,47,49,48,51,0,0,0,0,0,0,0,20,20,19,20,20,20,21,20,19,19,19,18,16,15,14,13,12,11,10,9,7,6,6,5,5,5,8,9
20260804_021426_df8648,1785806214530889,1944211245,2,2,0,-60,128,0,12,12,13,13,13,13,14,14,14,15,15,15,16,16,17,18,18,19,19,20,20,20,19,19,20,19,0,0,0,0,0,0,0,0,0,0,0,4,4,4,4,4,4,5,5,5,5,6,6,6,5,6,6,7,7,8,7,8,8,9,10,10,11,0,24,24,25,25,26,27,27,27,28,29,30,31,31,33,34,35,36,38,38,39,39,39,39,38,39,39,39,39,0,0,0,0,0,0,0,7,8,8,7,7,8,8,9,9,9,8,10,11,11,11,11,12,13,13,13,14,16,16,17,18,19,21,22
20260804_021426_df8648,1785806214629697,1944311392,2,2,0,-60,128,0,14,15,15,15,15,15,15,15,15,15,15,15,16,16,16,17,17,18,19,18,19,19,19,19,19,19,0,0,0,0,0,0,0,0,0,0,0,4,4,4,4,5,6,6,6,7,8,8,8,8,9,9,10,10,10,11,11,11,12,13,13,13,14,0,28,28,29,30,29,30,30,29,29,30,30,30,31,32,32,34,35,36,36,37,37,37,37,37,37,37,36,36,0,0,0,0,0,0,0,6,7,8,7,7,8,10,10,12,12,14,15,15,16,16,16,18,18,20,20,20,21,22,23,25,26,25,28
20260804_021426_df8648,1785806214727540,1944410259,2,2,0,-63,128,0,15,15,15,15,15,15,15,16,16,16,15,16,16,17,17,17,18,18,18,19,19,19,19,20,21,20,0,0,0,0,0,0,0,0,0,0,0,5,5,4,4,4,4,5,5,5,5,5,6,7,6,7,7,8,8,8,9,10,10,11,12,13,13,0,28,28,29,29,29,30,30,30,30,30,30,31,32,31,33,34,34,36,38,37,39,38,38,39,39,39,38,39,0,0,0,0,0,0,0,8,8,8,8,8,9,9,9,8,9,10,11,11,11,12,13,13,13,15,15,17,18,20,19,22,23,25,27
20260804_021426_df8648,1785806214831314,1944512080,2,2,0,-58,128,0,14,14,14,14,14,14,14,14,15,14,15,14,14,15,16,16,16,16,17,17,17,17,17,17,17,17,0,0,0,0,0,0,0,0,0,0,0,8,8,8,9,9,9,9,11,11,11,11,11,11,11,11,12,12,12,12,12,12,12,13,13,13,13,0,26,28,28,28,27,28,27,27,27,28,27,29,29,29,29,31,31,32,33,33,34,33,34,34,34,33,34,34,0,0,0,0,0,0,0,14,14,15,15,16,17,19,19,19,20,22,22,22,22,22,22,22,24,24,24,24,25,24,24,25,26,26,27
20260804_021426_df8648,1785806214930566,1944611858,2,2,0,-62,128,0,10,10,10,11,12,12,12,13,13,13,13,14,15,16,16,18,18,18,20,19,20,20,21,20,20,22,0,0,0,0,0,0,0,0,0,0,0,7,8,8,8,9,9,8,8,8,8,8,8,8,7,8,7,7,7,7,7,7,8,8,9,9,9,0,22,21,22,22,24,24,25,25,25,27,28,28,29,31,33,35,35,37,38,39,41,41,40,41,43,43,42,44,0,0,0,0,0,0,0,15,16,15,16,16,16,16,17,18,17,16,17,16,16,15,15,15,15,15,14,14,15,15,16,16,17,18,19
20260804_021426_df8648,1785806215034846,1944714374,2,2,0,-62,128,0,11,11,11,13,13,13,13,14,14,15,16,16,16,16,18,18,19,19,20,21,21,21,22,21,21,22,0,0,0,0,0,0,0,0,0,0,0,4,4,4,4,4,4,4,4,5,5,5,5,6,6,6,6,6,6,7,7,8,8,9,9,11,11,0,22,23,23,25,25,26,26,27,28,28,30,30,30,31,34,35,36,37,39,39,40,40,41,41,41,41,41,42,0,0,0,0,0,0,0,8,8,7,8,8,8,9,9,8,9,9,10,10,11,11,12,11,12,13,12,13,15,16,16,18,18,19,20
20260804_021426_df8648,1785806215133075,1944811491,2,2,0,-58,128,0,12,12,13,13,13,13,13,14,13,15,15,15,15,16,16,16,17,17,17,18,18,18,18,18,18,18,0,0,0,0,0,0,0,0,0,0,0,10,11,11,11,12,11,11,11,12,12,12,11,11,11,11,11,11,12,12,12,11,11,11,13,13,12,0,47,48,49,49,51,52,51,52,53,54,55,58,55,60,60,60,65,68,67,67,68,67,69,70,69,68,70,70,0,0,0,0,0,0,0,35,37,37,38,40,40,43,43,44,43,42,45,44,41,44,43,41,42,41,40,43,42,42,43,41,44,44,43
20260804_021426_df8648,1785806215235276,1944911298,2,2,0,-55,128,0,14,14,14,14,14,14,14,14,14,14,15,15,15,16,16,16,16,17,17,17,17,17,16,16,17,17,0,0,0,0,0,0,0,0,0,0,0,5,5,5,6,6,8,8,8,9,8,9,9,10,10,10,10,11,11,11,12,12,12,13,13,14,14,0,28,28,28,29,28,28,29,27,27,28,29,29,29,30,30,31,32,33,32,33,33,32,32,32,32,33,31,31,0,0,0,0,0,0,0,8,8,9,11,10,12,13,14,14,15,17,16,17,19,18,19,20,21,21,22,22,23,24,25,25,25,26,26
20260804_021426_df8648,1785806215331003,1945013007,2,2,0,-57,128,0,12,13,13,13,14,14,14,14,14,15,15,15,16,16,17,17,18,18,18,19,19,19,19,19,19,19,0,0,0,0,0,0,0,0,0,0,0,4,4,4,4,4,4,5,5,5,5,6,6,7,7,7,8,8,8,9,10,10,10,11,11,12,12,0,25,25,26,26,27,27,27,28,28,29,30,30,31,32,33,34,35,36,36,37,37,37,37,37,37,37,36,37,0,0,0,0,0,0,0,7,8,8,8,9,9,10,10,10,11,12,12,13,14,14,14,15,15,16,16,17,19,19,20,21,22,23,24
20260804_021426_df8648,1785806215434238,1945112109,2,2,0,-60,128,0,14,15,15,15,16,16,16,16,16,16,16,17,17,18,18,19,19,20,20,21,21,21,21,22,21,22,0,0,0,0,0,0,0,0,0,0,0,6,5,5,5,6,5,5,5,6,6,6,6,7,7,8,8,9,9,10,10,11,12,12,13,13,14,0,27,28,28,28,28,29,30,30,30,31,31,32,33,33,34,35,36,37,38,39,38,39,40,39,39,40,39,39,0,0,0,0,0,0,0,10,10,9,10,9,10,10,9,9,9,9,11,10,11,12,13,14,15,16,16,18,20,20,22,23,22,24,25
20260804_021426_df8648,1785806215530751,1945210833,2,2,0,-60,128,0,13,13,14,14,14,14,15,15,15,16,16,16,17,17,18,18,19,19,19,20,20,20,20,19,19,19,0,0,0,0,0,0,0,0,0,0,0,3,3,3,3,2,2,2,3,2,2,3,3,4,5,5,6,6,7,8,9,9,10,10,11,12,12,0,25,27,26,28,27,28,28,29,30,30,31,31,33,33,35,35,37,37,38,38,39,39,39,38,38,38,38,39,0,0,0,0,0,0,0,8,7,7,6,7,6,5,4,5,5,5,6,7,8,9,11,10,13,13,13,16,16,19,19,20,21,23,25
20260804_021426_df8648,1785806215632263,1945311846,2,2,0,-58,128,0,12,13,14,13,14,14,14,14,15,15,15,16,16,18,18,19,19,20,21,21,21,21,20,21,21,21,0,0,0,0,0,0,0,0,0,0,0,4,4,4,4,3,3,1,1,0,0,1,2,3,3,4,4,5,6,7,7,8,9,9,10,11,11,0,25,25,25,27,28,28,28,28,30,30,32,32,33,34,35,35,37,38,39,40,40,41,41,41,43,41,40,41,0,0,0,0,0,0,0,10,9,9,8,7,7,6,4,3,2,1,1,2,3,5,7,9,9,10,12,13,15,15,18,19,20,21,22
20260804_021426_df8648,1785806215729180,1945411615,2,2,0,-57,128,0,14,15,14,15,14,15,15,15,15,16,17,17,17,17,17,18,19,20,20,21,21,20,21,21,21,21,0,0,0,0,0,0,0,0,0,0,0,4,5,6,4,4,4,5,5,5,5,6,6,7,7,7,8,8,9,9,10,10,10,12,12,13,13,0,27,28,28,28,28,29,28,29,30,32,31,31,32,33,35,36,36,36,39,39,40,39,41,40,41,40,41,40,0,0,0,0,0,0,0,10,9,11,9,9,9,9,9,9,9,10,11,10,11,13,13,15,15,17,18,19,19,21,20,22,23,24,24
20260804_021426_df8648,1785806215832099,1945511398,2,2,0,-54,128,0,14,14,14,14,14,15,15,15,15,15,15,15,16,16,17,16,17,17,17,18,18,18,19,19,18,18,0,0,0,0,0,0,0,0,0,0,0,8,8,9,9,9,9,9,9,10,10,10,10,10,10,10,10,10,10,11,11,11,12,12,13,13,13,0,25,27,27,27,28,28,29,29,28,30,30,30,30,31,32,32,34,34,36,36,36,36,36,35,34,35,35,35,0,0,0,0,0,0,0,14,14,14,15,16,17,17,17,18,18,18,19,18,19,19,19,18,19,19,19,21,22,22,23,24,24,25,24
20260804_021426_df8648,1785806215934112,1945611678,2,2,0,-62,128,0,5,7,7,7,8,9,9,9,10,11,12,12,13,15,15,16,16,17,18,18,19,19,20,21,21,22,0,0,0,0,0,0,0,0,0,0,0,14,14,14,15,14,14,14,13,13,12,11,10,9,9,8,8,7,6,5,5,4,4,3,4,4,5,0,13,13,15,16,17,19,20,21,21,22,24,25,26,28,28,31,33,36,37,38,39,39,40,41,42,43,43,45,0,0,0,0,0,0,0,26,27,28,28,27,27,26,28,28,26,25,24,23,21,19,17,16,15,14,11,11,9,9,8,7,9,9,10
20260804_021426_df8648,1785806216030760,1945711486,2,2,0,-59,128,0,13,13,13,14,15,15,15,15,16,16,16,16,16,17,17,18,19,19,19,19,19,19,20,20,20,21,0,0,0,0,0,0,0,0,0,0,0,7,6,6,6,6,6,7,7,7,7,7,7,7,7,8,8,8,8,9,10,10,11,11,12,12,13,0,52,52,55,53,55,57,56,55,58,56,60,59,64,65,64,67,67,72,72,75,73,75,73,75,77,79,75,77,0,0,0,0,0,0,0,22,23,25,26,24,26,25,25,25,27,25,24,26,27,27,29,31,32,33,33,38,38,38,42,42,43,48,50
20260804_021426_df8648,1785806216135685,1945811672,2,2,0,-56,128,0,15,15,15,15,15,14,15,15,15,14,16,15,16,16,16,17,17,17,17,17,17,17,17,17,17,16,0,0,0,0,0,0,0,0,0,0,0,4,4,4,5,5,7,7,8,9,9,9,9,10,10,10,11,11,11,12,11,12,13,13,13,14,14,0,59,57,59,57,59,57,57,58,59,60,60,60,61,62,64,66,66,68,67,69,68,69,67,66,68,69,63,65,0,0,0,0,0,0,0,11,14,16,18,20,23,23,27,28,31,35,34,36,40,40,42,42,42,44,45,47,50,50,52,52,52,55,56
20260804_021426_df8648,1785806216233324,1945913076,2,2,0,-58,128,0,13,13,13,13,14,14,14,14,14,15,14,15,16,16,16,17,17,17,18,18,18,18,18,18,18,19,0,0,0,0,0,0,0,0,0,0,0,1,1,1,1,2,2,3,3,3,4,4,5,7,7,7,7,8,8,8,9,9,10,10,11,12,12,0,26,27,28,27,28,29,29,29,30,30,30,31,32,34,34,35,36,37,38,38,36,38,37,37,37,39,37,36,0,0,0,0,0,0,0,3,4,3,3,4,4,5,5,7,7,9,10,11,12,13,13,15,16,16,17,18,19,21,23,22,23,24,26
20260804_021426_df8648,1785806216372676,1946053000,2,2,0,-61,128,0,14,15,14,14,14,14,14,14,14,14,15,15,15,16,15,16,16,16,17,17,17,17,17,17,17,17,0,0,0,0,0,0,0,0,0,0,0,9,9,9,10,9,10,10,11,11,11,11,11,11,11,11,11,12,12,12,12,12,13,13,13,13,14,0,27,28,27,28,26,27,27,27,28,28,28,28,28,29,30,31,31,31,32,32,32,33,32,32,33,32,32,32,0,0,0,0,0,0,0,15,16,16,16,17,17,19,18,19,20,21,21,21,21,21,21,22,22,22,23,23,22,23,25,25,25,26,26
20260804_021426_df8648,1785806216430603,1946111183,2,2,0,-62,128,0,13,14,14,14,14,14,15,15,15,15,16,16,16,17,17,18,18,18,19,19,20,20,20,20,20,20,0,0,0,0,0,0,0,0,0,0,0,6,7,6,6,7,7,8,8,8,8,8,8,9,9,9,9,9,9,10,10,10,11,11,13,13,13,0,26,26,26,26,27,28,28,28,28,28,29,30,30,31,31,33,33,34,35,35,36,35,35,36,36,36,35,36,0,0,0,0,0,0,0,12,11,11,11,12,13,14,13,15,15,14,16,16,16,16,16,16,16,17,17,19,19,20,20,22,22,25,24
20260804_021426_df8648,1785806216534799,1946211828,2,2,0,-57,128,0,15,16,16,15,16,16,16,15,16,15,16,16,16,16,16,17,17,17,18,18,18,18,17,18,17,18,0,0,0,0,0,0,0,0,0,0,0,7,7,8,9,8,9,9,10,10,10,11,11,11,12,12,12,12,12,13,13,13,14,14,14,15,15,0,29,29,29,28,28,29,28,28,27,29,29,29,30,30,30,31,31,32,32,32,33,33,32,32,32,33,32,33,0,0,0,0,0,0,0,11,12,12,14,14,14,15,16,17,18,19,19,20,20,21,20,22,22,22,22,23,23,25,25,25,26,26,27
20260804_021426_df8648,1785806216633705,1946311825,2,2,0,-61,128,0,14,15,14,15,15,15,15,15,15,15,15,15,15,16,16,16,17,16,17,17,17,17,18,17,17,17,0,0,0,0,0,0,0,0,0,0,0,9,9,9,9,10,11,11,12,12,13,12,12,12,12,12,12,12,12,13,13,13,13,13,14,14,14,0,53,50,55,52,55,53,54,55,54,55,55,56,55,58,57,58,59,60,63,61,63,63,62,65,62,65,64,66,0,0,0,0,0,0,0,26,30,31,31,33,37,38,38,39,39,40,43,42,44,43,44,45,45,45,44,46,46,46,47,48,50,49,49
20260804_021426_df8648,1785806216738482,1946414642,2,2,0,-60,128,0,14,14,14,14,14,14,14,14,14,13,14,14,15,15,16,16,16,17,18,18,18,18,18,18,18,18,0,0,0,0,0,0,0,0,0,0,0,7,7,7,8,9,9,9,9,11,10,10,11,10,10,11,11,11,11,11,11,11,12,12,13,13,13,0,52,54,53,55,53,54,54,54,53,54,56,55,57,58,62,62,64,66,67,68,69,69,70,68,69,68,67,67,0,0,0,0,0,0,0,24,24,26,28,29,31,32,34,35,36,38,39,39,39,40,40,40,41,41,42,42,43,44,47,47,49,49,50
20260804_021426_df8648,1785806216837717,1946512265,2,2,0,-65,128,0,13,13,13,13,13,13,13,12,13,13,13,13,14,14,14,15,16,15,17,17,17,18,18,18,18,18,0,0,0,0,0,0,0,0,0,0,0,9,10,11,11,11,12,12,12,13,13,13,13,13,13,12,12,12,12,12,12,12,13,12,13,13,12,0,24,25,24,24,24,25,25,23,24,24,24,25,26,28,27,29,30,30,32,33,34,34,34,35,35,36,36,37,0,0,0,0,0,0,0,15,16,18,19,20,21,21,22,23,24,25,25,24,24,24,23,24,22,22,22,24,22,22,24,23,24,25,24
20260804_021426_df8648,1785806216934255,1946614128,2,2,0,-68,128,0,5,6,6,7,7,7,8,9,9,9,10,11,11,12,12,13,14,15,16,17,17,18,19,20,20,21,0,0,0,0,0,0,0,0,0,0,0,18,18,19,19,19,19,20,19,18,17,16,16,15,14,12,10,10,9,9,8,6,5,4,4,4,4,0,10,11,14,13,16,16,16,18,18,19,20,20,22,23,24,25,27,29,30,31,33,35,36,37,38,40,41,41,0,0,0,0,0,0,0,30,32,34,34,35,36,37,35,37,35,35,33,32,30,27,24,22,21,19,17,16,15,11,10,8,9,8,8
20260804_021426_df8648,1785806217032549,1946712001,2,2,0,-62,128,0,10,10,10,11,11,11,11,11,11,12,12,12,12,12,12,13,13,14,14,14,14,14,14,14,15,15,0,0,0,0,0,0,0,0,0,0,0,16,16,17,17,18,19,19,18,18,18,17,16,16,16,14,14,13,13,13,13,12,11,11,11,11,10,0,39,39,39,41,41,41,40,40,41,43,44,44,44,45,45,46,48,49,51,50,52,51,54,53,54,57,57,57,0,0,0,0,0,0,0,55,58,60,61,64,66,68,69,70,69,67,67,65,63,60,59,55,54,52,50,49,47,44,43,43,42,42,38
20260804_021426_df8648,1785806217159463,1946836779,2,2,0,-63,128,0,9,8,8,8,8,8,8,8,8,9,9,9,9,10,11,11,11,11,11,13,13,14,14,15,15,16,0,0,0,0,0,0,0,0,0,0,0,15,15,16,17,17,18,18,17,18,17,17,16,16,16,15,15,14,13,13,13,12,12,11,11,11,10,0,17,17,16,16,16,15,16,16,16,16,17,17,17,19,19,19,21,21,23,23,25,25,27,28,28,28,30,29,0,0,0,0,0,0,0,26,27,29,30,31,32,33,32,34,35,34,34,31,32,30,31,28,28,26,24,25,24,24,21,21,20,21,20
20260804_021426_df8648,1785806217233810,1946912067,2,2,0,-61,128,0,12,13,13,12,11,9,11,11,11,11,10,12,12,11,11,13,12,13,13,13,14,15,14,15,14,16,0,0,0,0,0,0,0,0,0,0,0,16,17,17,18,17,19,19,18,19,19,18,18,17,17,17,16,16,15,15,15,14,13,13,13,13,13,0,22,22,22,21,19,17,18,21,20,21,20,21,21,21,22,22,23,25,23,24,26,27,27,29,27,29,27,28,0,0,0,0,0,0,0,26,28,30,30,31,33,34,35,35,35,35,34,34,34,33,32,31,29,29,27,27,28,26,25,25,25,25,23
20260804_021426_df8648,1785806217335479,1947015861,2,2,0,-60,128,0,14,14,14,14,14,14,14,13,13,15,15,15,16,16,15,17,17,17,18,17,18,18,17,18,17,18,0,0,0,0,0,0,0,0,0,0,0,9,9,10,11,11,12,12,12,12,12,12,12,12,13,12,12,13,12,13,13,13,12,13,14,14,14,0,51,50,53,50,51,52,51,51,53,56,56,55,58,59,58,63,65,67,67,70,66,65,64,68,66,70,68,66,0,0,0,0,0,0,0,31,33,35,36,38,40,41,43,45,45,45,46,46,48,47,47,47,47,48,46,49,50,49,48,48,50,51,50
20260804_021426_df8648,1785806217433080,1947111915,2,2,0,-60,128,0,12,12,13,13,13,13,14,14,14,15,15,15,16,16,17,18,18,19,19,20,20,20,20,20,20,20,0,0,0,0,0,0,0,0,0,0,0,6,6,6,6,6,6,6,7,7,7,7,7,7,8,8,8,9,9,9,9,9,9,10,10,11,11,0,23,23,24,25,25,26,26,27,28,29,30,30,31,32,34,34,35,37,38,38,39,39,39,39,40,40,41,41,0,0,0,0,0,0,0,10,11,12,12,12,13,13,13,13,14,14,13,14,14,14,15,15,15,15,16,17,18,18,19,20,20,21,22
20260804_021426_df8648,1785806217536610,1947211921,2,2,0,-53,128,0,13,13,12,14,14,13,13,13,13,13,13,13,13,15,15,15,15,16,16,16,16,16,16,16,15,15,0,0,0,0,0,0,0,0,0,0,0,8,8,9,9,9,9,10,10,10,11,11,11,11,11,11,12,11,12,12,12,12,12,12,12,12,13,0,53,52,52,52,52,52,52,52,53,53,55,55,54,57,58,60,60,63,63,63,63,62,63,62,61,62,60,62,0,0,0,0,0,0,0,28,29,30,31,33,35,36,39,39,41,42,43,45,45,44,45,44,46,47,47,47,48,48,49,49,50,51,52
20260804_021426_df8648,1785806217635287,1947313219,2,2,0,-58,128,0,11,12,12,12,12,13,13,13,14,14,14,14,14,14,16,16,17,17,17,18,17,17,18,18,17,17,0,0,0,0,0,0,0,0,0,0,0,7,7,7,7,8,8,8,8,8,8,8,8,8,8,8,8,8,8,8,8,8,9,9,9,10,11,0,22,23,24,25,24,26,26,26,27,28,27,28,29,30,32,33,34,34,34,35,35,36,36,34,35,34,34,36,0,0,0,0,0,0,0,12,14,13,13,14,15,15,16,16,16,16,16,16,16,15,15,16,16,16,16,16,16,16,18,19,19,21,21
20260804_021426_df8648,1785806217740194,1947419254,2,2,0,-64,128,0,7,6,5,4,3,3,2,2,3,4,4,4,5,5,5,6,7,8,8,9,10,11,11,11,12,12,0,0,0,0,0,0,0,0,0,0,0,18,19,20,21,21,21,21,21,21,21,21,19,19,18,17,17,17,16,15,14,14,12,12,11,11,9,0,13,12,9,7,6,5,4,5,6,6,8,8,10,11,12,12,14,15,17,18,19,22,21,23,23,26,24,27,0,0,0,0,0,0,0,33,34,34,36,37,40,41,40,42,43,42,40,39,38,37,35,34,32,31,29,29,27,25,24,22,21,19,16
20260804_021426_df8648,1785806217832192,1947511581,2,2,0,-60,128,0,12,12,13,12,14,13,14,15,15,16,15,16,15,16,17,18,18,17,19,18,18,20,19,19,19,19,0,0,0,0,0,0,0,0,0,0,0,9,9,9,9,10,10,9,10,11,10,10,10,10,11,10,12,9,11,10,10,11,11,11,12,13,12,0,20,21,24,22,28,28,25,22,27,29,30,30,29,30,33,33,35,32,34,35,34,35,37,39,36,37,33,35,0,0,0,0,0,0,0,13,16,15,18,18,17,19,16,20,18,21,22,22,19,18,21,21,20,19,19,20,21,21,19,23,21,24,22
20260804_021426_df8648,1785806217935886,1947612156,2,2,0,-58,128,0,13,14,14,14,14,14,14,15,15,15,16,16,16,16,17,18,18,18,18,19,19,19,19,19,19,19,0,0,0,0,0,0,0,0,0,0,0,5,5,5,6,6,6,7,7,7,9,9,9,9,9,9,9,9,10,10,10,10,11,11,12,13,13,0,28,28,28,29,29,30,29,29,28,29,30,30,30,30,33,34,34,35,35,36,36,37,36,37,36,36,36,36,0,0,0,0,0,0,0,8,9,9,10,10,11,11,13,14,14,16,15,15,16,17,16,18,18,20,19,20,21,21,23,23,23,24,25
20260804_021426_df8648,1785806218028907,1947711573,2,2,0,-63,128,0,14,14,14,14,15,15,15,15,16,16,16,15,16,16,17,18,17,18,18,19,19,19,20,21,21,21,0,0,0,0,0,0,0,0,0,0,0,3,3,3,3,2,2,2,1,2,3,4,4,5,5,6,6,7,8,9,9,10,10,11,11,13,13,0,26,26,28,28,29,29,28,29,31,29,30,30,31,32,33,33,35,35,36,36,38,39,39,39,41,40,40,41,0,0,0,0,0,0,0,9,7,7,5,4,5,5,4,4,4,4,7,7,8,9,11,11,14,15,17,16,17,19,19,22,22,24,25
20260804_021426_df8648,1785806218138229,1947813044,2,2,0,-68,128,0,11,12,12,13,13,13,13,13,13,13,13,14,14,15,15,16,16,16,18,18,19,19,20,20,21,22,0,0,0,0,0,0,0,0,0,0,0,9,10,10,11,11,11,10,11,10,10,11,11,11,10,10,10,10,11,11,11,11,11,10,11,12,12,0,43,47,47,49,49,48,50,50,51,52,54,54,54,55,57,59,61,62,66,70,72,75,76,78,82,84,89,92,0,0,0,0,0,0,0,35,39,36,36,39,41,42,42,41,42,40,41,42,40,38,41,41,40,40,40,41,42,42,42,42,43,44,45
20260804_021426_df8648,1785806218258715,1947937439,2,2,0,-60,128,0,13,13,13,14,14,15,14,15,15,16,16,16,16,16,17,18,19,19,19,18,19,18,19,19,19,19,0,0,0,0,0,0,0,0,0,0,0,1,2,2,2,3,2,2,2,4,4,4,4,6,5,6,7,8,8,8,8,9,10,10,12,11,12,0,49,55,56,51,56,56,64,63,60,64,61,64,68,62,68,65,71,74,75,76,74,77,78,79,78,79,76,78,0,0,0,0,0,0,0,0,5,5,2,6,11,9,9,9,10,14,16,15,21,23,28,22,22,34,30,31,33,35,39,36,43,43,42
20260804_021426_df8648,1785806218339669,1948016367,2,2,0,-59,128,0,13,13,14,14,15,15,15,15,15,16,16,16,16,16,17,18,18,19,20,20,19,19,19,20,19,20,0,0,0,0,0,0,0,0,0,0,0,6,5,5,6,5,6,6,6,6,6,7,7,8,7,7,8,9,10,9,10,10,11,11,13,12,13,0,26,26,29,27,28,26,29,30,29,31,32,31,33,32,34,35,34,36,37,37,36,40,37,38,40,39,38,39,0,0,0,0,0,0,0,9,9,9,10,9,10,12,14,13,12,14,13,12,13,15,13,14,14,16,18,17,17,18,21,19,22,23,26
20260804_021426_df8648,1785806218432794,1948113601,2,2,0,-57,128,0,12,12,13,13,13,13,13,14,14,14,15,15,16,16,17,17,17,18,19,19,19,18,20,19,19,19,0,0,0,0,0,0,0,0,0,0,0,6,6,7,7,7,8,8,8,9,9,9,9,9,9,10,9,9,9,10,10,10,11,10,11,11,11,0,24,25,24,25,25,26,27,26,28,29,29,30,31,32,32,34,35,35,35,36,36,37,36,36,36,38,35,35,0,0,0,0,0,0,0,11,11,12,13,13,14,14,14,15,16,17,18,17,17,18,19,19,19,18,20,19,19,21,22,21,22,22,23
20260804_021426_df8648,1785806218553808,1948230951,2,2,0,-58,128,0,11,11,12,12,12,12,11,13,15,13,14,14,15,16,17,17,18,18,20,20,20,20,21,21,20,21,0,0,0,0,0,0,0,0,0,0,0,9,10,10,10,10,10,10,10,10,10,10,9,9,10,9,9,9,9,9,9,9,9,9,10,11,11,0,20,24,22,25,23,22,26,26,26,28,30,28,30,33,32,33,35,36,38,37,38,39,39,38,39,39,40,39,0,0,0,0,0,0,0,18,17,19,18,18,20,18,20,19,20,18,19,18,17,17,16,17,17,16,18,17,17,17,17,18,18,19,19
20260804_021426_df8648,1785806218670120,1948348609,2,2,0,-59,128,0,10,11,13,12,14,13,14,15,15,16,17,17,17,18,19,21,20,22,22,23,24,23,24,24,24,24,0,0,0,0,0,0,0,0,0,0,0,6,5,5,4,4,4,3,3,2,1,0,0,1,1,2,3,4,4,5,5,6,7,8,8,9,9,0,23,23,21,27,24,25,28,30,28,30,30,31,32,35,38,38,41,39,43,42,42,45,45,46,45,45,45,46,0,0,0,0,0,0,0,12,12,11,10,11,10,8,8,6,5,4,3,1,1,1,2,4,5,5,7,8,10,12,12,14,16,16,18
20260804_021426_df8648,1785806218733494,1948411948,2,2,0,-61,128,0,10,11,11,12,12,12,13,13,13,13,14,14,15,16,17,17,18,19,19,19,19,19,19,20,20,20,0,0,0,0,0,0,0,0,0,0,0,9,7,8,8,8,8,8,7,7,6,6,5,6,5,5,6,5,5,5,6,7,7,8,8,9,9,0,21,23,24,25,25,26,27,28,29,29,30,30,32,33,34,34,37,37,38,39,39,40,41,41,40,41,41,41,0,0,0,0,0,0,0,16,16,16,15,15,15,15,15,15,14,13,13,12,12,11,11,10,12,11,12,13,13,14,15,17,18,18,19
20260804_021426_df8648,1785806218837195,1948512790,2,2,0,-60,128,0,13,14,14,14,14,14,14,15,15,15,15,16,16,17,17,18,18,18,18,18,18,19,19,19,19,19,0,0,0,0,0,0,0,0,0,0,0,9,9,10,10,10,9,9,9,9,9,9,9,9,9,9,9,10,10,10,11,11,11,11,12,12,12,0,48,53,52,53,53,54,55,56,56,57,59,59,60,62,64,66,68,69,70,70,71,70,71,72,70,70,73,72,0,0,0,0,0,0,0,33,33,33,32,34,35,36,35,35,35,34,36,35,34,34,35,35,35,35,37,38,38,41,41,43,45,47,46
20260804_021426_df8648,1785806218929608,1948611574,2,2,0,-58,128,0,14,14,14,14,15,15,15,15,15,16,16,16,17,17,17,18,18,18,19,19,19,19,18,18,18,18,0,0,0,0,0,0,0,0,0,0,0,4,4,4,4,4,4,5,5,6,6,6,7,7,8,8,9,9,10,10,10,11,11,11,12,13,13,0,27,27,30,29,29,29,30,30,29,30,32,31,33,33,34,34,34,35,36,36,36,36,36,35,35,36,33,35,0,0,0,0,0,0,0,7,8,8,8,8,9,9,9,10,10,12,12,13,13,15,15,17,17,19,18,20,20,21,21,23,25,25,26
20260804_021426_df8648,1785806219032978,1948711493,2,2,0,-62,128,0,10,11,11,11,12,13,13,13,13,15,14,15,16,16,17,18,18,19,19,20,20,20,21,21,21,20,0,0,0,0,0,0,0,0,0,0,0,5,5,5,5,5,5,5,4,4,4,4,4,3,3,3,4,4,5,5,5,6,7,7,8,9,9,0,21,22,23,24,25,27,25,27,28,29,30,31,32,33,33,37,35,39,40,40,41,41,40,41,41,41,41,41,0,0,0,0,0,0,0,10,10,11,10,9,9,10,9,8,8,8,7,8,6,6,7,8,8,9,9,11,12,13,15,14,16,17,18
20260804_021426_df8648,1785806219132638,1948813186,2,2,0,-60,128,0,12,13,13,13,14,14,14,15,15,15,16,16,16,16,17,18,18,19,19,19,20,20,20,20,20,20,0,0,0,0,0,0,0,0,0,0,0,10,11,11,11,11,11,11,11,10,10,10,9,9,9,9,9,9,9,9,9,9,9,10,10,11,11,0,23,24,25,25,26,27,28,27,28,29,30,31,31,33,33,34,36,38,37,38,39,39,38,38,39,38,38,39,0,0,0,0,0,0,0,19,20,20,21,20,21,21,21,21,20,19,18,18,17,17,17,16,16,17,15,17,17,18,17,18,19,21,21
20260804_021426_df8648,1785806219237373,1948912813,2,2,0,-52,128,0,15,15,15,15,15,15,14,14,15,15,15,14,14,15,16,16,17,16,17,17,17,16,16,16,15,16,0,0,0,0,0,0,0,0,0,0,0,8,7,8,8,9,9,9,10,11,11,11,11,12,12,12,12,12,13,13,13,13,13,13,15,15,15,0,56,57,57,56,57,57,54,55,54,56,57,56,56,57,59,61,60,60,62,62,60,59,58,59,58,57,54,56,0,0,0,0,0,0,0,22,23,25,27,28,30,32,33,37,37,39,40,42,43,44,45,45,46,47,48,50,50,51,51,52,54,55,57
20260804_021426_df8648,1785806219336190,1949011704,2,2,0,-57,128,0,14,14,14,14,14,14,15,14,14,14,14,14,15,16,16,16,17,17,18,18,18,18,18,19,19,19,0,0,0,0,0,0,0,0,0,0,0,9,9,9,9,9,10,9,10,10,10,10,10,11,10,10,10,10,10,11,11,12,12,12,13,13,13,0,26,26,26,26,26,26,27,28,27,27,29,29,30,32,31,33,34,35,35,36,36,37,37,37,37,38,37,38,0,0,0,0,0,0,0,16,17,16,17,17,18,18,18,17,19,19,19,19,19,20,19,20,21,20,21,22,22,23,23,24,25,25,25
20260804_021426_df8648,1785806219433726,1949111526,2,2,0,-60,128,0,11,11,12,12,12,14,14,14,14,14,15,15,16,17,17,18,19,19,21,21,21,21,21,22,21,22,0,0,0,0,0,0,0,0,0,0,0,10,10,10,10,10,9,9,9,9,9,7,6,6,6,6,7,6,6,7,7,8,8,8,9,10,10,0,21,23,23,23,25,25,26,28,27,29,30,30,30,32,34,35,36,37,39,39,41,41,42,43,42,42,43,43,0,0,0,0,0,0,0,19,19,19,18,19,19,19,17,17,16,16,15,14,13,12,12,12,11,12,12,12,13,14,15,17,17,18,18
20260804_021426_df8648,1785806219532492,1949215315,2,2,0,-61,128,0,10,11,11,12,12,12,13,13,13,13,13,14,16,15,16,17,17,19,19,20,19,20,21,21,21,21,0,0,0,0,0,0,0,0,0,0,0,7,7,7,7,7,6,6,6,5,4,4,4,3,2,2,3,3,3,4,5,6,6,7,8,9,9,0,21,23,24,25,25,26,26,27,27,28,30,30,31,33,34,35,37,38,40,41,41,41,43,43,43,44,45,45,0,0,0,0,0,0,0,15,15,14,15,14,14,14,13,12,12,11,9,7,6,6,4,5,7,6,8,9,11,12,14,16,16,18,19
20260804_021426_df8648,1785806219633378,1949313421,2,2,0,-60,128,0,12,13,14,14,14,14,15,15,15,16,16,16,16,16,17,18,18,18,18,19,19,19,20,19,19,20,0,0,0,0,0,0,0,0,0,0,0,9,9,9,9,9,9,9,9,8,7,7,7,7,7,7,7,7,7,7,8,8,9,9,10,11,11,0,24,24,25,26,26,28,28,29,30,30,30,31,33,33,33,35,37,38,38,37,38,38,38,38,37,39,38,38,0,0,0,0,0,0,0,18,19,18,18,18,18,18,17,17,16,16,16,14,13,13,13,14,13,14,13,15,16,16,17,18,20,21,22
20260804_021426_df8648,1785806219741817,1949420760,2,2,0,-60,128,0,13,14,14,16,16,16,16,16,16,16,17,17,17,17,17,17,19,19,19,19,19,19,19,19,19,19,0,0,0,0,0,0,0,0,0,0,0,0,1,1,1,2,2,3,3,4,4,4,6,6,7,7,7,8,8,9,10,9,11,11,11,12,13,0,53,57,55,60,58,61,62,60,64,65,66,65,66,69,71,70,75,75,76,77,77,76,79,75,77,77,76,77,0,0,0,0,0,0,0,2,1,1,3,3,4,6,7,10,13,15,16,20,19,21,25,29,30,32,35,33,38,40,41,45,46,48,48
20260804_021426_df8648,1785806219832915,1949511664,2,2,0,-61,128,0,15,16,16,16,15,16,16,16,16,16,16,16,17,17,17,17,18,18,19,19,19,19,19,19,19,19,0,0,0,0,0,0,0,0,0,0,0,4,4,5,5,6,6,6,7,8,8,8,9,9,9,9,10,10,11,11,11,12,12,13,14,14,14,0,28,29,30,29,29,30,30,29,29,29,30,31,31,32,32,34,34,34,35,35,36,36,36,35,36,35,35,35,0,0,0,0,0,0,0,5,6,8,8,9,10,10,11,12,13,14,15,15,16,16,17,18,18,19,20,21,21,22,23,24,25,26,26
20260804_021426_df8648,1785806219934432,1949611831,2,2,0,-63,128,0,10,11,11,12,12,13,13,13,14,14,15,15,15,16,17,17,18,17,18,18,19,18,19,18,19,19,0,0,0,0,0,0,0,0,0,0,0,11,11,11,12,11,10,10,10,9,9,8,7,7,7,6,7,6,6,6,6,7,7,8,8,9,9,0,20,21,22,23,25,25,26,26,27,28,29,29,30,31,32,33,34,34,36,36,36,36,37,37,37,36,36,36,0,0,0,0,0,0,0,22,21,21,21,22,22,22,22,20,19,18,17,16,15,15,14,13,13,12,13,12,13,13,14,15,16,17,18
20260804_021426_df8648,1785806220058986,1949736370,2,2,0,-65,128,0,9,9,10,11,12,13,13,14,14,15,16,16,16,17,17,18,19,19,20,20,20,21,21,21,21,22,0,0,0,0,0,0,0,0,0,0,0,11,11,11,11,10,10,10,9,9,8,8,6,6,5,4,3,2,1,1,1,1,2,4,5,5,7,0,17,18,21,23,23,26,26,27,28,29,31,30,32,33,35,37,37,39,41,40,41,41,41,42,43,42,40,41,0,0,0,0,0,0,0,22,21,21,22,22,22,23,22,21,19,18,17,15,12,12,10,10,6,5,3,3,3,4,5,8,10,11,14
20260804_021426_df8648,1785806220133944,1949816409,2,2,0,-66,128,0,12,13,13,14,14,14,14,16,15,16,16,17,17,18,19,20,21,21,22,23,23,23,23,24,24,24,0,0,0,0,0,0,0,0,0,0,0,3,3,3,2,4,3,3,3,4,2,3,3,3,4,4,4,4,4,5,6,7,7,8,9,10,11,0,22,23,25,25,26,27,27,28,28,30,30,32,31,34,35,37,39,40,42,43,44,44,44,46,45,46,43,44,0,0,0,0,0,0,0,4,5,5,5,5,4,6,6,6,6,6,6,6,5,7,7,7,7,9,9,11,12,13,14,15,18,19,20
20260804_021426_df8648,1785806220231953,1949911705,2,2,0,-61,128,0,15,15,15,15,15,15,16,15,16,15,15,15,17,17,17,17,19,19,19,20,20,21,21,21,20,21,0,0,0,0,0,0,0,0,0,0,0,6,6,6,7,8,8,9,9,10,10,10,10,11,11,11,12,12,12,12,13,13,13,13,14,14,14,0,26,27,27,27,27,27,26,25,26,27,28,28,28,30,30,32,32,34,35,35,35,35,36,36,36,36,36,36,0,0,0,0,0,0,0,7,8,9,11,11,11,13,14,16,17,17,18,18,20,19,19,19,20,20,21,23,22,22,23,25,25,25,25
20260804_021426_df8648,1785806220331022,1950012051,2,2,0,-67,128,0,12,13,13,13,14,14,14,14,15,14,15,15,16,16,17,18,19,20,21,21,22,22,22,22,23,23,0,0,0,0,0,0,0,0,0,0,0,6,6,6,7,6,6,6,6,5,5,6,5,6,6,5,5,6,7,7,7,7,8,8,9,10,10,0,22,24,24,25,26,27,27,27,27,28,28,30,31,32,33,35,36,38,39,41,42,43,43,42,43,44,44,44,0,0,0,0,0,0,0,12,13,13,13,12,12,12,12,10,11,10,10,10,10,10,10,11,10,11,11,13,14,14,16,16,18,20,20
20260804_021426_df8648,1785806220435029,1950112411,2,2,0,-73,128,0,11,12,12,12,11,13,11,11,11,12,12,12,12,13,15,15,16,16,17,18,19,18,20,19,19,20,0,0,0,0,0,0,0,0,0,0,0,9,7,8,8,8,8,9,8,9,10,9,9,10,9,10,9,11,11,12,11,12,12,14,13,12,12,0,23,23,23,24,22,23,23,20,21,22,23,23,24,26,28,29,30,31,33,34,38,35,37,37,36,39,35,38,0,0,0,0,0,0,0,17,15,16,16,18,16,16,16,17,18,18,18,17,18,19,20,20,19,21,19,24,21,23,23,24,24,23,24
20260804_021426_df8648,1785806220533450,1950211409,2,2,0,-69,128,0,11,11,11,11,10,9,8,9,8,9,9,8,8,10,9,11,10,12,12,14,14,14,15,16,15,16,0,0,0,0,0,0,0,0,0,0,0,12,11,13,13,13,13,14,14,15,15,14,15,13,13,12,13,13,12,13,13,13,12,12,13,12,13,0,44,47,44,44,40,40,38,37,35,34,36,34,35,38,42,43,46,48,50,53,56,57,63,65,63,66,72,70,0,0,0,0,0,0,0,49,47,49,46,53,53,58,55,61,59,59,58,59,57,57,52,50,52,49,51,52,53,51,52,49,54,50,50
20260804_021426_df8648,1785806220633381,1950317334,2,2,0,-69,128,0,11,11,11,13,13,13,13,14,15,15,15,15,16,16,18,18,20,20,21,22,22,23,24,24,24,24,0,0,0,0,0,0,0,0,0,0,0,2,3,3,3,3,2,2,2,2,2,3,2,3,3,3,3,3,4,5,5,6,8,8,9,9,10,0,21,22,24,24,26,27,26,28,28,28,29,30,31,32,34,35,37,38,41,42,43,45,45,46,46,47,45,48,0,0,0,0,0,0,0,4,4,5,5,5,6,5,4,5,4,4,4,5,5,5,5,6,6,6,8,9,11,12,14,15,17,18,19
20260804_021426_df8648,1785806220732205,1950411898,2,2,0,-71,128,0,12,11,10,9,8,7,6,6,5,5,5,5,5,5,6,5,6,6,7,9,9,10,11,13,14,14,0,0,0,0,0,0,0,0,0,0,0,10,11,13,13,14,15,16,17,18,18,19,20,20,20,21,21,21,21,18,20,19,19,18,17,16,15,0,22,20,18,16,15,13,11,11,9,11,9,9,9,10,10,9,11,12,12,15,18,20,22,23,25,27,30,29,0,0,0,0,0,0,0,17,18,20,22,24,25,27,29,30,33,34,34,35,36,38,38,38,37,39,39,37,38,36,35,35,32,30,29
20260804_021426_df8648,1785806220837073,1950512733,2,2,0,-65,128,0,12,12,12,12,11,11,11,12,12,11,12,11,11,12,12,12,12,12,13,13,13,14,14,14,14,15,0,0,0,0,0,0,0,0,0,0,0,11,11,12,13,13,14,14,15,15,15,15,15,15,14,15,14,15,15,15,14,15,14,13,13,12,13,0,47,48,47,45,43,44,44,44,44,44,45,43,44,46,44,45,46,47,48,50,51,52,52,52,54,56,57,62,0,0,0,0,0,0,0,38,43,43,44,47,50,52,54,55,57,59,58,59,57,59,57,57,56,56,55,56,55,53,54,50,53,50,49
20260804_021426_df8648,1785806220934866,1950612677,2,2,0,-63,128,0,12,12,13,12,12,12,12,12,13,12,12,13,14,14,14,15,16,17,16,17,18,18,19,20,19,20,0,0,0,0,0,0,0,0,0,0,0,8,9,10,10,11,12,12,13,13,13,13,13,13,14,14,13,13,12,13,13,13,13,12,12,12,12,0,22,23,23,23,23,23,23,23,24,25,25,24,25,27,27,27,29,30,32,33,34,35,35,36,38,39,40,40,0,0,0,0,0,0,0,14,16,16,17,18,19,20,21,23,23,24,24,24,24,25,25,26,25,25,25,25,25,24,25,22,23,23,22
20260804_021426_df8648,1785806221034638,1950712993,2,2,0,-63,128,0,11,12,12,13,13,13,13,13,14,14,15,15,15,16,16,17,17,18,19,19,21,19,21,21,21,22,0,0,0,0,0,0,0,0,0,0,0,11,11,11,11,11,11,11,10,11,11,11,10,10,10,10,10,10,11,10,10,11,11,11,11,11,11,0,22,23,23,24,24,25,24,25,26,27,28,27,29,30,31,32,34,35,36,38,37,38,39,40,40,42,43,41,0,0,0,0,0,0,0,20,21,19,20,21,20,21,20,20,21,20,20,19,18,19,19,18,18,18,19,18,18,20,19,20,20,21,20
20260804_021426_df8648,1785806221138417,1950813038,2,2,0,-57,128,0,15,14,14,14,14,14,13,13,13,13,13,13,13,13,13,12,13,12,13,12,12,12,12,12,12,11,0,0,0,0,0,0,0,0,0,0,0,12,12,14,15,15,14,16,16,16,16,16,17,17,17,17,16,17,16,16,16,16,16,16,16,16,15,0,60,60,57,48,55,49,51,56,47,46,51,45,48,49,44,43,49,47,48,43,49,44,44,43,42,41,40,42,0,0,0,0,0,0,0,40,43,44,45,49,50,53,55,57,58,57,61,59,61,58,62,64,63,60,62,55,61,59,56,59,58,58,54
20260804_021426_df8648,1785806221237312,1950912345,2,2,0,-60,128,0,13,13,15,14,16,15,15,16,16,16,17,17,17,18,19,19,19,19,20,20,20,20,20,19,19,20,0,0,0,0,0,0,0,0,0,0,0,9,9,9,9,10,10,10,11,11,11,11,11,11,11,11,12,13,13,13,13,13,13,14,14,14,13,0,47,48,52,55,52,52,54,55,57,57,59,61,63,64,65,67,67,69,71,71,69,71,71,70,69,71,67,69,0,0,0,0,0,0,0,27,29,29,31,32,34,35,36,36,38,40,42,39,40,41,42,42,43,43,43,43,44,46,46,45,44,48,49
20260804_021426_df8648,1785806221335179,1951012031,2,2,0,-61,128,0,16,16,16,14,15,14,14,13,13,13,14,14,14,14,14,14,14,14,14,12,12,12,12,12,11,11,0,0,0,0,0,0,0,0,0,0,0,13,14,14,14,15,16,16,16,16,16,16,16,16,16,16,16,16,15,16,16,16,16,16,16,16,16,0,56,55,56,52,53,52,50,51,51,50,51,50,50,52,50,50,48,48,47,45,44,44,41,41,39,40,40,39,0,0,0,0,0,0,0,47,48,48,50,52,53,57,56,57,56,58,58,58,57,57,57,56,57,57,57,61,59,60,59,58,57,57,57
20260804_021426_df8648,1785806221433855,1951111809,2,2,0,-66,128,0,15,15,14,14,13,13,12,12,11,12,12,11,11,11,10,10,9,8,7,7,7,6,6,6,6,7,0,0,0,0,0,0,0,0,0,0,0,14,14,15,16,16,16,16,17,17,18,18,18,18,18,18,18,18,18,18,18,18,18,17,18,17,17,0,29,28,27,25,23,22,23,22,22,20,21,20,19,19,17,18,16,15,14,12,11,11,10,9,11,13,12,14,0,0,0,0,0,0,0,24,25,25,27,27,26,28,30,30,31,33,31,32,32,32,33,32,34,34,31,34,34,34,34,33,34,30,32
20260804_021426_df8648,1785806221532095,1951211952,2,2,0,-68,128,0,12,12,10,8,8,8,7,6,5,5,5,5,6,5,5,4,3,4,4,4,4,4,6,6,7,7,0,0,0,0,0,0,0,0,0,0,0,17,18,19,20,20,21,22,22,21,21,21,21,21,21,20,19,19,18,18,18,17,17,17,15,15,14,0,23,20,18,16,13,14,13,11,10,10,10,10,9,9,9,8,8,8,7,9,9,9,11,11,12,14,17,19,0,0,0,0,0,0,0,30,30,31,33,33,34,37,36,39,39,39,39,38,39,36,37,34,37,32,33,33,32,31,29,31,29,28,25
20260804_021426_df8648,1785806221630504,1951311700,2,2,0,-67,128,0,12,11,11,12,12,13,12,12,12,12,13,13,13,14,15,14,16,17,17,17,18,19,19,19,20,20,0,0,0,0,0,0,0,0,0,0,0,8,8,8,8,8,8,9,9,9,9,9,9,9,9,8,9,9,9,8,9,10,9,9,10,10,10,0,24,23,24,25,24,26,25,25,26,26,28,27,27,28,28,31,32,32,34,36,37,39,39,38,40,41,42,42,0,0,0,0,0,0,0,15,15,15,16,16,16,18,17,18,18,19,19,19,19,18,20,17,18,19,18,19,18,17,20,21,20,21,20
20260804_021426_df8648,1785806221734523,1951411848,2,2,0,-70,128,0,14,14,14,14,13,13,13,12,13,13,13,12,11,11,11,11,9,9,9,8,9,8,9,9,9,10,0,0,0,0,0,0,0,0,0,0,0,16,16,17,18,18,19,18,18,19,19,19,19,18,19,17,17,18,16,17,16,16,16,15,15,15,15,0,24,26,25,24,22,24,23,21,23,21,22,22,21,20,19,20,18,18,15,16,13,16,15,15,18,18,19,21,0,0,0,0,0,0,0,26,30,28,28,32,32,34,33,36,34,33,34,32,33,34,33,32,31,33,29,30,29,30,28,28,27,27,27
20260804_021426_df8648,1785806221844808,1951521851,2,2,0,-66,128,0,13,13,12,12,11,12,10,9,11,11,11,9,9,11,11,10,13,12,13,12,12,12,13,14,12,15,0,0,0,0,0,0,0,0,0,0,0,17,17,18,17,18,18,18,17,16,17,17,16,16,15,13,14,14,13,12,13,13,13,12,12,14,13,0,51,48,45,48,45,44,42,39,38,40,38,41,34,39,42,42,47,46,49,43,44,45,50,52,47,56,55,51,0,0,0,0,0,0,0,59,61,65,66,67,67,67,67,69,69,67,66,64,64,59,57,52,54,52,49,49,49,47,49,50,44,47,50
20260804_021426_df8648,1785806221944085,1951625620,2,2,0,-69,128,0,10,10,11,11,11,12,12,12,12,12,12,13,13,15,16,17,17,18,19,20,21,21,22,23,23,24,0,0,0,0,0,0,0,0,0,0,0,7,7,8,8,8,7,8,8,8,8,8,7,7,7,7,7,7,7,7,8,7,8,8,9,8,10,0,21,21,21,23,22,24,23,23,23,24,24,27,26,28,30,32,34,36,38,40,41,41,43,45,45,46,47,49,0,0,0,0,0,0,0,14,14,14,14,15,16,15,15,15,15,16,15,15,15,16,14,13,14,13,14,14,15,15,17,17,19,18,19
20260804_021426_df8648,1785806222037154,1951713037,2,2,0,-63,128,0,13,14,13,13,12,11,11,11,11,11,11,11,11,11,12,12,13,13,13,13,13,13,13,13,13,13,0,0,0,0,0,0,0,0,0,0,0,15,16,17,17,17,17,17,17,17,17,16,16,16,14,15,14,14,13,13,13,13,14,13,14,14,13,0,47,49,48,45,45,46,46,44,40,42,41,41,43,43,43,45,47,50,50,51,49,50,52,51,50,52,51,50,0,0,0,0,0,0,0,58,59,56,59,62,64,65,64,64,64,62,65,62,60,58,56,55,54,52,53,52,51,52,51,50,51,52,50
20260804_021426_df8648,1785806222135509,1951815575,2,2,0,-65,128,0,13,12,12,11,11,11,11,9,10,9,9,9,9,9,9,10,9,10,10,10,11,10,10,11,10,11,0,0,0,0,0,0,0,0,0,0,0,19,19,20,21,20,21,21,21,20,19,19,18,17,16,16,15,16,14,13,13,13,13,12,13,13,13,0,23,23,23,21,21,20,19,18,18,17,19,17,17,18,17,18,18,18,19,19,19,19,19,19,20,20,20,19,0,0,0,0,0,0,0,34,34,36,37,36,38,38,39,39,37,37,36,35,35,33,31,31,28,28,26,26,25,24,26,24,24,24,24
20260804_021426_df8648,1785806222233178,1951911599,2,2,0,-59,128,0,14,14,13,13,13,11,11,11,11,10,10,10,10,10,10,10,10,9,9,9,8,8,8,8,7,7,0,0,0,0,0,0,0,0,0,0,0,18,18,18,18,20,19,20,20,20,20,19,19,19,19,18,17,17,17,17,16,16,16,16,16,15,15,0,26,25,25,23,23,22,20,20,19,18,18,18,18,18,17,17,18,16,17,16,16,14,14,12,12,12,11,11,0,0,0,0,0,0,0,32,32,33,34,35,35,38,36,39,37,37,37,36,34,35,34,33,32,32,30,31,30,29,29,28,29,27,27
20260804_021426_df8648,1785806222332240,1952012040,2,2,0,-58,128,0,13,13,12,11,11,10,10,9,8,8,8,7,7,7,7,7,6,6,6,6,5,5,4,4,3,4,0,0,0,0,0,0,0,0,0,0,0,16,17,17,18,18,18,19,19,19,19,18,19,18,17,17,17,16,16,16,16,16,16,15,15,15,15,0,25,24,23,22,20,20,17,17,16,15,16,15,13,14,13,14,13,13,12,11,11,10,9,7,7,6,6,6,0,0,0,0,0,0,0,28,29,30,31,33,34,34,35,35,35,37,36,35,34,33,32,32,31,30,29,29,30,29,29,28,28,27,27
20260804_021426_df8648,1785806222436460,1952115482,2,2,0,-68,128,0,11,9,8,7,8,7,5,5,5,5,4,4,5,5,5,6,6,8,9,9,10,11,12,12,13,13,0,0,0,0,0,0,0,0,0,0,0,21,21,21,22,21,21,21,21,20,19,19,19,18,17,17,16,16,14,14,14,14,13,13,13,13,11,0,19,18,16,15,14,13,10,10,9,8,8,9,9,9,9,11,13,14,16,18,18,20,22,23,25,25,27,28,0,0,0,0,0,0,0,39,40,39,40,41,41,41,40,39,39,38,38,37,35,34,32,30,31,30,28,27,27,27,25,24,23,22,21
20260804_021426_df8648,1785806222534542,1952214857,2,2,0,-60,128,0,13,15,13,15,15,14,14,14,15,15,14,15,15,16,16,17,17,17,18,18,19,20,20,19,20,20,0,0,0,0,0,0,0,0,0,0,0,1,2,2,3,4,5,5,6,6,8,8,8,9,9,9,10,10,11,10,11,11,12,12,13,13,13,0,27,28,28,27,28,28,28,28,29,30,29,29,30,32,31,34,33,35,36,36,37,38,38,39,40,40,40,41,0,0,0,0,0,0,0,2,2,3,4,4,5,7,8,9,11,13,14,14,16,16,18,19,19,20,21,21,21,23,24,23,24,25,27
20260804_021426_df8648,1785806222672215,1952348719,2,2,0,-61,128,0,16,17,17,17,17,17,17,17,17,17,17,17,17,17,17,18,17,17,17,16,17,16,15,16,15,15,0,0,0,0,0,0,0,0,0,0,0,7,7,7,7,8,8,8,8,9,9,9,10,10,11,11,11,12,12,14,14,14,15,15,15,16,16,0,59,62,63,61,62,62,61,64,62,63,63,62,63,64,63,66,62,64,64,61,62,58,56,56,55,56,55,55,0,0,0,0,0,0,0,24,24,24,25,25,26,27,28,30,30,34,33,34,37,37,39,41,40,44,43,46,48,50,52,54,55,57,60
20260804_021426_df8648,1785806222736622,1952412930,2,2,0,-57,128,0,17,17,17,16,17,16,16,16,16,16,16,15,16,16,16,16,17,16,17,15,15,15,15,15,14,14,0,0,0,0,0,0,0,0,0,0,0,5,6,7,7,8,9,9,10,11,12,12,13,13,13,14,14,14,14,14,15,16,16,16,17,16,17,0,61,62,61,62,58,61,59,59,57,61,56,59,58,58,57,58,57,56,56,56,55,53,53,52,52,53,50,50,0,0,0,0,0,0,0,15,17,18,21,24,27,29,31,33,37,39,41,44,43,45,49,47,50,51,50,52,53,55,56,57,58,60,59
20260804_021426_df8648,1785806222835290,1952511474,2,2,0,-56,128,0,14,14,14,14,14,14,14,14,13,13,13,13,14,14,14,15,15,15,15,15,16,16,16,16,16,16,0,0,0,0,0,0,0,0,0,0,0,10,11,11,12,12,13,12,14,14,14,14,14,15,14,14,14,14,14,14,14,14,13,14,14,14,14,0,54,55,52,54,51,51,49,49,50,51,50,49,50,50,53,53,55,55,55,57,58,58,58,55,58,56,56,55,0,0,0,0,0,0,0,32,33,36,37,41,41,44,45,47,48,50,53,51,52,51,54,52,52,52,51,49,52,51,54,54,53,54,54
20260804_021426_df8648,1785806222933209,1952611757,2,2,0,-55,128,0,15,16,16,16,15,15,15,14,14,14,14,14,14,14,15,15,15,16,16,16,16,15,16,15,15,15,0,0,0,0,0,0,0,0,0,0,0,8,8,10,10,11,11,12,13,13,14,14,14,14,15,15,15,16,15,15,16,15,15,15,16,16,16,0,57,57,56,54,53,53,52,53,51,52,53,52,52,52,54,53,55,55,57,57,57,55,57,56,56,55,54,55,0,0,0,0,0,0,0,23,26,28,31,34,36,39,41,43,46,46,48,50,51,51,53,52,55,54,52,55,55,55,56,54,56,56,57
20260804_021426_df8648,1785806223038267,1952714772,2,2,0,-55,128,0,16,16,16,16,15,15,15,15,15,15,16,15,15,15,17,16,17,16,17,17,17,17,17,17,17,17,0,0,0,0,0,0,0,0,0,0,0,6,6,8,8,9,10,11,11,11,12,12,13,13,13,12,14,13,13,13,14,15,15,15,15,15,15,0,56,57,57,57,56,56,55,55,55,57,56,55,55,58,59,60,60,60,62,63,62,62,62,61,61,61,59,60,0,0,0,0,0,0,0,20,21,24,27,28,33,34,37,38,40,41,45,44,46,46,47,47,47,48,48,50,52,52,53,53,54,57,54
20260804_021426_df8648,1785806223130964,1952811077,2,2,0,-57,128,0,15,15,15,15,14,15,15,14,14,14,14,14,14,14,14,15,15,15,15,15,15,15,15,15,15,15,0,0,0,0,0,0,0,0,0,0,0,7,7,7,8,9,10,11,11,12,12,12,12,13,14,14,15,14,15,15,15,15,15,15,15,15,15,0,58,58,58,55,55,56,55,53,54,52,54,52,54,55,54,56,56,56,58,57,59,58,56,57,57,59,56,56,0,0,0,0,0,0,0,19,21,24,26,27,32,33,38,39,42,43,48,49,50,50,50,52,54,55,54,57,57,57,57,56,58,59,59
20260804_021426_df8648,1785806223233997,1952912512,2,2,0,-54,128,0,15,15,15,15,15,14,14,14,14,14,14,14,14,14,15,15,15,15,15,15,15,15,15,15,15,14,0,0,0,0,0,0,0,0,0,0,0,9,9,9,10,11,11,11,12,12,12,13,13,13,13,13,13,14,14,13,15,14,15,15,15,16,16,0,59,58,56,56,55,55,54,53,54,55,55,54,55,57,56,56,58,57,59,59,56,57,55,56,56,57,54,54,0,0,0,0,0,0,0,28,31,32,34,35,38,39,40,43,46,48,47,50,49,50,52,52,51,53,51,53,53,54,55,56,56,57,59
20260804_021426_df8648,1785806223332465,1953012148,2,2,0,-55,128,0,15,15,15,15,15,14,14,14,14,15,15,15,14,15,15,16,16,16,16,17,17,17,16,16,16,16,0,0,0,0,0,0,0,0,0,0,0,6,7,7,9,9,10,10,10,11,11,12,12,12,12,13,13,13,13,14,14,13,14,14,14,15,15,0,55,55,55,55,54,54,52,53,53,55,54,54,55,56,57,60,59,59,60,60,60,59,60,59,59,58,58,57,0,0,0,0,0,0,0,19,20,24,26,27,29,31,35,37,38,42,43,44,45,45,45,47,47,49,50,49,51,51,51,53,54,55,56
20260804_021426_df8648,1785806223436321,1953111500,2,2,0,-54,128,0,15,15,16,14,15,14,14,15,15,15,15,15,15,16,16,16,16,16,16,16,17,17,16,16,16,16,0,0,0,0,0,0,0,0,0,0,0,8,8,9,9,10,11,11,11,13,13,13,13,13,13,13,13,13,14,13,13,14,14,14,14,15,14,0,55,56,56,54,55,55,55,56,56,55,57,58,58,59,58,60,60,61,63,62,61,60,61,60,59,60,58,57,0,0,0,0,0,0,0,25,28,29,30,33,36,37,39,42,42,45,47,47,47,48,49,49,48,49,48,49,52,52,52,52,55,54,54
20260804_021426_df8648,1785806223534687,1953213782,2,2,0,-53,128,0,15,17,15,15,15,16,15,15,15,15,14,15,15,15,15,15,16,15,15,15,15,15,15,15,15,15,0,0,0,0,0,0,0,0,0,0,0,9,10,11,11,11,12,13,13,14,14,14,14,15,15,15,15,15,15,15,15,16,16,16,16,16,16,0,59,59,58,57,56,55,55,55,52,54,55,52,54,54,54,54,54,57,56,55,56,54,54,54,54,54,52,53,0,0,0,0,0,0,0,29,31,32,34,38,41,43,44,46,49,51,52,53,53,55,56,55,56,57,56,55,57,58,58,58,59,60,59
20260804_021426_df8648,1785806223632468,1953312294,2,2,0,-53,128,0,15,15,15,15,15,14,14,15,15,15,15,14,14,15,15,15,15,15,15,15,15,14,14,14,13,13,0,0,0,0,0,0,0,0,0,0,0,7,7,8,8,9,10,11,11,11,12,12,13,13,13,13,13,14,14,14,14,14,14,15,15,15,15,0,60,59,59,59,58,58,58,56,56,56,57,56,57,57,57,57,57,57,59,59,57,54,54,54,53,52,50,52,0,0,0,0,0,0,0,23,26,28,30,33,33,36,40,40,43,45,46,47,49,48,50,50,52,52,52,53,56,55,55,57,59,59,59
20260804_021426_df8648,1785806223748366,1953428659,2,2,0,-55,128,0,15,16,16,16,16,16,16,14,15,15,15,15,15,15,16,16,16,16,16,16,16,16,16,16,16,16,0,0,0,0,0,0,0,0,0,0,0,7,7,8,9,9,10,10,12,12,13,12,13,13,13,14,14,14,14,14,15,15,15,15,16,16,15,0,59,60,58,59,57,59,56,56,56,56,55,56,56,57,57,58,59,59,59,59,60,60,60,60,59,58,58,59,0,0,0,0,0,0,0,23,24,24,27,32,34,37,36,41,41,43,47,46,47,49,51,49,51,51,51,54,55,55,55,56,58,58,57
20260804_021426_df8648,1785806223834609,1953512071,2,2,0,-55,128,0,13,13,13,13,13,13,13,13,13,13,13,13,13,14,14,14,15,15,15,15,16,16,16,16,16,16,0,0,0,0,0,0,0,0,0,0,0,7,8,9,9,10,10,11,11,11,12,13,13,13,13,13,13,13,13,13,13,13,13,13,12,14,13,0,26,26,25,25,24,25,25,25,25,25,26,26,26,27,28,29,29,30,30,31,31,31,31,31,31,31,30,31,0,0,0,0,0,0,0,13,14,15,17,17,19,19,20,21,22,23,24,24,24,24,24,24,24,24,24,25,24,24,25,25,25,26,26
20260804_021426_df8648,1785806223937751,1953616491,2,2,0,-60,128,0,12,13,13,13,13,13,13,14,15,14,15,15,16,17,17,18,18,19,21,20,21,22,21,21,22,23,0,0,0,0,0,0,0,0,0,0,0,4,4,4,4,4,4,4,5,5,5,6,6,7,8,8,8,9,9,9,9,9,9,10,10,11,11,0,24,24,24,26,25,26,26,27,28,29,29,30,32,32,33,34,37,38,39,40,40,42,42,41,42,43,43,43,0,0,0,0,0,0,0,9,8,8,8,8,7,8,8,8,10,10,11,11,12,13,14,14,15,15,17,17,18,18,19,19,21,21,22
20260804_021426_df8648,1785806224037304,1953713999,2,2,0,-56,128,0,14,14,14,14,14,13,13,13,14,14,14,14,14,14,15,15,16,16,16,16,16,16,16,16,16,16,0,0,0,0,0,0,0,0,0,0,0,4,5,6,6,7,7,8,9,9,9,10,10,10,11,11,12,12,12,12,12,13,13,13,14,14,14,0,27,27,27,26,26,27,27,26,28,28,27,26,28,29,29,30,30,31,32,32,32,32,31,32,31,31,31,31,0,0,0,0,0,0,0,7,9,10,11,11,13,14,14,16,17,19,19,20,20,21,22,22,22,22,23,24,24,24,24,25,24,26,28
20260804_021426_df8648,1785806224135656,1953811683,2,2,0,-55,128,0,13,13,13,14,13,13,13,14,14,13,14,13,13,14,14,15,16,16,16,16,16,16,16,15,15,15,0,0,0,0,0,0,0,0,0,0,0,7,7,7,8,8,9,9,10,11,12,12,12,13,12,12,12,12,12,12,12,12,13,13,13,13,13,0,54,54,53,56,53,55,53,52,53,56,55,55,55,55,58,59,62,62,63,61,62,62,63,62,61,60,60,59,0,0,0,0,0,0,0,22,22,26,27,30,33,35,37,39,40,42,45,47,47,47,47,47,49,47,48,52,50,49,51,52,51,52,52
20260804_021426_df8648,1785806224233501,1953911682,2,2,0,-57,128,0,15,15,15,14,15,14,14,14,13,13,14,14,14,15,14,15,16,16,16,16,16,16,16,16,16,16,0,0,0,0,0,0,0,0,0,0,0,7,8,8,9,11,11,12,13,13,13,13,14,14,14,14,14,15,14,15,15,15,15,15,15,15,15,0,56,56,56,53,53,54,53,52,50,52,52,55,53,53,52,55,57,59,57,60,59,60,59,60,59,60,59,59,0,0,0,0,0,0,0,24,25,30,30,32,37,38,41,42,45,47,48,49,51,50,51,49,51,51,51,54,54,54,54,53,56,54,55
20260804_021426_df8648,1785806224332103,1954011622,2,2,0,-63,128,0,12,12,12,11,12,12,11,11,11,11,12,12,12,13,14,15,15,16,16,17,17,18,18,19,18,19,0,0,0,0,0,0,0,0,0,0,0,11,12,12,13,13,13,14,14,14,15,15,14,14,14,14,13,13,12,12,13,11,11,11,11,11,12,0,21,22,23,24,22,23,22,22,22,24,23,23,25,25,27,27,29,30,32,33,34,34,36,37,37,36,38,37,0,0,0,0,0,0,0,20,20,22,22,24,24,26,26,26,27,28,28,28,27,27,26,25,26,24,25,23,24,24,23,23,23,23,22
20260804_021426_df8648,1785806224434771,1954111775,2,2,0,-71,128,0,16,15,15,14,14,12,12,11,10,10,9,9,10,9,9,8,7,7,7,7,8,8,8,9,10,11,0,0,0,0,0,0,0,0,0,0,0,12,12,13,14,15,16,15,16,15,16,16,15,16,16,16,17,17,16,16,17,17,18,17,17,17,16,0,65,63,62,56,53,50,43,49,43,41,40,40,38,37,34,32,29,26,27,26,24,23,26,33,39,39,44,50,0,0,0,0,0,0,0,41,47,50,51,51,55,59,60,63,64,64,62,65,65,65,70,64,66,66,64,66,71,70,71,67,70,72,69
20260804_021426_df8648,1785806224538714,1954221638,2,2,0,-75,128,0,3,2,2,1,1,2,2,3,4,6,6,5,6,8,10,10,14,16,17,20,23,26,28,30,33,35,0,0,0,0,0,0,0,0,0,0,0,14,14,13,14,14,13,12,12,12,10,10,10,10,9,9,9,8,8,8,9,9,8,7,7,6,5,0,4,2,2,0,1,2,2,3,4,5,5,5,5,7,9,11,14,15,17,20,23,24,27,30,31,35,35,38,0,0,0,0,0,0,0,14,15,14,14,13,14,13,12,12,12,12,11,10,10,9,9,9,9,9,7,8,8,9,8,7,7,5,5
20260804_021426_df8648,1785806224631201,1954310463,2,2,0,-60,128,0,15,15,14,13,12,12,11,11,10,10,10,9,9,9,8,8,7,7,6,5,4,3,3,2,1,0,0,0,0,0,0,0,0,0,0,0,0,14,15,15,16,16,17,18,18,18,18,18,18,18,17,17,17,17,17,17,17,17,17,17,16,16,16,0,27,26,26,24,23,22,21,19,20,18,19,16,17,17,16,15,12,13,11,10,9,7,5,3,2,1,1,2,0,0,0,0,0,0,0,24,26,26,28,28,32,31,32,33,33,35,34,35,35,32,33,33,31,33,30,32,31,30,31,29,30,29,29
20260804_021426_df8648,1785806224731030,1954411647,2,2,0,-62,128,0,16,15,14,14,14,13,13,12,11,11,11,11,10,9,9,9,8,8,7,6,5,5,4,3,3,3,0,0,0,0,0,0,0,0,0,0,0,13,13,14,14,16,16,17,17,17,18,18,18,18,18,18,18,18,18,18,18,17,18,17,18,17,17,0,59,58,56,51,49,48,47,43,45,42,42,39,36,38,35,35,31,28,25,24,18,17,13,11,7,8,8,10,0,0,0,0,0,0,0,39,41,43,49,50,55,56,58,61,64,68,66,66,66,67,69,69,67,68,64,66,66,69,65,64,65,62,62
20260804_021426_df8648,1785806224834585,1954511536,2,2,0,-58,128,0,15,14,14,13,12,12,12,11,11,11,11,11,11,11,10,11,10,10,9,9,9,8,7,7,6,6,0,0,0,0,0,0,0,0,0,0,0,14,15,15,16,16,17,18,18,18,19,18,19,18,18,18,17,18,17,18,17,17,17,16,16,16,15,0,26,24,25,22,23,23,21,21,20,20,20,19,20,20,19,19,18,19,18,16,16,15,13,13,11,11,10,10,0,0,0,0,0,0,0,22,23,25,27,28,29,29,32,30,33,34,33,33,34,34,33,33,32,32,30,31,31,31,30,29,30,28,27
20260804_021426_df8648,1785806224932012,1954611635,2,2,0,-66,128,0,11,10,10,9,9,9,9,9,9,9,9,9,9,9,9,10,11,10,11,12,12,13,13,14,14,14,0,0,0,0,0,0,0,0,0,0,0,12,13,14,14,15,16,16,16,17,17,17,17,17,16,16,16,16,16,16,15,15,15,15,14,12,12,0,23,20,20,18,18,18,17,16,17,17,17,18,18,19,19,20,21,21,22,23,24,24,25,27,28,29,30,30,0,0,0,0,0,0,0,22,24,24,26,26,27,29,30,31,31,32,33,33,32,33,33,32,31,30,30,30,30,30,29,28,27,26,25
20260804_021426_df8648,1785806225037841,1954712438,2,2,0,-57,128,0,14,14,13,13,13,13,12,12,12,12,13,11,11,11,11,12,11,11,11,11,11,10,10,10,10,10,0,0,0,0,0,0,0,0,0,0,0,13,14,14,15,16,17,16,17,17,17,17,17,17,17,16,16,16,16,16,16,16,15,16,15,15,15,0,52,50,50,50,47,46,46,44,44,44,43,43,42,42,43,42,44,41,41,41,40,40,38,39,37,37,36,35,0,0,0,0,0,0,0,45,46,49,50,53,53,56,57,61,62,64,63,62,63,61,59,58,58,56,58,55,57,56,56,57,53,54,51
20260804_021426_df8648,1785806225135171,1954811830,2,2,0,-58,128,0,13,13,11,12,11,11,9,9,9,9,8,9,8,9,9,8,7,8,8,7,7,7,8,8,8,7,0,0,0,0,0,0,0,0,0,0,0,16,16,17,18,19,18,19,18,18,20,19,18,18,18,18,17,16,17,15,15,15,14,14,14,13,13,0,24,23,21,21,23,22,15,18,16,18,17,18,17,14,14,15,15,14,12,14,14,11,13,14,13,14,15,14,0,0,0,0,0,0,0,26,26,28,32,32,31,34,35,35,33,35,36,36,34,34,34,32,32,33,29,29,30,28,30,27,27,29,26
20260804_021426_df8648,1785806225233833,1954911882,2,2,0,-61,128,0,10,9,10,9,10,9,9,9,9,9,10,10,10,10,11,11,11,12,11,12,13,14,13,14,14,15,0,0,0,0,0,0,0,0,0,0,0,14,14,15,16,17,17,16,17,17,17,17,16,16,16,15,14,14,14,14,13,12,12,12,12,11,11,0,39,39,40,38,36,38,37,37,38,37,40,39,39,42,42,44,43,43,46,46,48,49,49,50,53,55,54,54,0,0,0,0,0,0,0,49,53,54,58,60,61,63,66,67,67,69,67,64,63,64,62,61,58,56,53,54,50,50,49,46,45,45,45
20260804_021426_df8648,1785806225337284,1955016515,2,2,0,-63,128,0,12,12,11,10,10,9,9,9,8,8,7,7,6,5,5,4,4,4,3,3,3,4,5,6,7,7,0,0,0,0,0,0,0,0,0,0,0,15,16,16,16,17,18,18,18,18,18,17,17,16,16,16,15,15,15,15,14,14,14,13,14,14,13,0,24,25,23,21,21,19,19,18,17,16,15,14,13,13,11,10,8,6,6,6,7,8,9,10,12,15,16,18,0,0,0,0,0,0,0,31,31,32,32,35,35,36,37,37,37,37,37,34,36,34,34,34,32,32,30,30,31,30,28,29,28,28,28
20260804_021426_df8648,1785806225430801,1955113643,2,2,0,-61,128,0,12,11,10,10,9,8,7,7,6,6,5,4,4,4,3,2,2,2,2,4,3,4,5,5,6,7,0,0,0,0,0,0,0,0,0,0,0,20,21,21,22,22,23,23,23,23,23,22,22,20,20,19,19,18,17,17,16,16,16,15,15,14,12,0,21,20,17,16,15,14,12,11,10,9,8,7,6,5,5,4,3,4,4,6,7,7,9,10,12,12,14,14,0,0,0,0,0,0,0,34,34,35,36,39,38,40,40,41,40,40,40,39,38,37,35,33,34,31,32,29,30,27,27,26,25,24,22
20260804_021426_df8648,1785806225537645,1955216012,2,2,0,-69,128,0,5,5,5,5,5,6,7,8,8,8,9,9,9,11,12,13,15,15,17,18,19,20,21,22,23,24,0,0,0,0,0,0,0,0,0,0,0,12,12,13,13,14,14,14,14,14,14,13,12,13,11,11,10,9,9,8,8,8,6,6,6,5,5,0,10,10,10,12,12,12,13,15,14,16,17,18,19,22,23,26,29,30,33,36,38,40,43,45,45,49,51,53,0,0,0,0,0,0,0,22,24,24,24,26,26,28,28,28,28,27,27,25,25,25,21,21,20,18,19,17,16,16,13,14,12,11,11
20260804_021426_df8648,1785806225633659,1955312066,2,2,0,-67,128,0,8,9,10,11,11,13,13,13,14,15,16,16,17,17,19,20,20,21,22,22,24,24,24,24,26,26,0,0,0,0,0,0,0,0,0,0,0,11,12,12,11,11,11,12,11,11,9,10,8,7,6,5,5,4,4,3,3,3,4,4,4,6,7,0,15,17,19,20,20,23,24,25,26,28,28,29,31,32,34,35,37,38,40,42,43,45,44,45,47,48,47,49,0,0,0,0,0,0,0,19,21,22,22,22,23,22,22,22,21,19,18,18,15,14,13,10,10,8,8,6,5,5,6,6,9,10,12
20260804_021426_df8648,1785806225729243,1955411761,2,2,0,-64,128,0,11,10,12,12,11,12,12,12,13,13,13,13,14,15,16,16,17,18,19,19,20,20,20,21,22,22,0,0,0,0,0,0,0,0,0,0,0,7,7,8,8,8,7,7,7,7,7,7,6,7,7,7,6,6,7,8,8,8,9,9,9,9,9,0,21,23,22,24,23,25,24,25,26,26,27,27,29,30,30,32,33,35,38,38,39,39,39,42,42,42,44,45,0,0,0,0,0,0,0,14,16,15,14,16,16,15,15,14,14,14,15,15,13,13,15,13,14,15,15,16,16,17,17,18,19,19,19
20260804_021426_df8648,1785806225831028,1955512266,2,2,0,-64,128,0,13,13,13,14,14,14,14,13,14,15,14,13,13,14,16,16,16,17,17,19,18,19,19,20,20,21,0,0,0,0,0,0,0,0,0,0,0,6,6,6,6,7,8,9,8,9,9,9,9,9,10,10,10,10,10,11,11,11,12,12,12,13,12,0,24,26,24,26,26,26,26,26,25,29,28,24,25,28,30,31,30,32,34,37,34,36,38,39,38,42,40,39,0,0,0,0,0,0,0,10,11,11,12,12,12,14,15,16,16,16,16,17,18,17,19,19,20,20,20,20,21,21,22,22,23,23,22
20260804_021426_df8648,1785806225933062,1955612042,2,2,0,-62,128,0,13,13,13,13,13,13,13,13,14,14,15,14,15,16,17,17,18,18,19,19,20,20,20,20,20,20,0,0,0,0,0,0,0,0,0,0,0,6,6,6,7,8,7,8,8,8,9,9,8,9,9,9,9,8,9,9,10,10,9,11,10,11,11,0,24,23,24,24,24,25,26,26,26,27,26,28,28,29,30,32,33,34,35,36,37,37,37,38,38,40,38,39,0,0,0,0,0,0,0,10,11,11,12,13,15,14,13,14,14,15,15,15,18,17,17,17,17,19,17,18,18,20,19,20,21,22,22
20260804_021426_df8648,1785806226033889,1955713557,2,2,0,-63,128,0,12,13,13,14,14,14,14,14,15,15,16,16,17,17,18,18,19,20,21,21,21,22,21,21,21,21,0,0,0,0,0,0,0,0,0,0,0,1,1,1,2,2,2,2,2,4,4,4,4,4,4,5,6,6,6,7,7,8,9,9,10,10,11,0,23,24,25,25,27,27,27,28,29,30,31,30,32,34,34,35,38,39,40,41,42,42,42,42,42,43,43,44,0,0,0,0,0,0,0,1,2,1,2,2,3,3,3,4,4,7,6,6,7,8,8,10,11,11,12,14,14,15,17,17,19,20,22
20260804_021426_df8648,1785806226128812,1955811793,2,2,0,-63,128,0,11,11,12,12,12,13,13,14,14,15,15,16,17,17,18,19,20,20,21,22,22,22,22,22,23,22,0,0,0,0,0,0,0,0,0,0,0,1,1,1,2,2,1,1,2,2,2,2,3,3,3,4,4,4,4,5,5,5,7,8,8,9,10,0,21,22,23,24,24,25,26,27,28,28,30,31,32,34,35,37,38,39,41,41,42,44,43,44,43,43,43,44,0,0,0,0,0,0,0,4,4,3,4,4,5,4,4,4,4,4,5,5,6,6,6,7,8,8,8,10,11,12,13,14,15,17,19
20260804_021426_df8648,1785806226229762,1955911852,2,2,0,-61,128,0,12,13,13,13,13,14,14,14,15,15,16,16,17,17,17,18,18,19,20,21,21,21,21,20,22,21,0,0,0,0,0,0,0,0,0,0,0,3,4,4,4,4,5,6,6,7,7,7,8,8,8,8,8,8,8,8,9,9,9,9,11,11,11,0,24,24,25,25,27,26,27,28,28,29,30,30,31,32,33,35,36,38,38,40,40,40,41,42,42,42,42,43,0,0,0,0,0,0,0,5,4,6,6,6,8,9,9,10,11,13,13,13,14,14,14,15,15,15,16,16,16,18,18,18,19,20,21
20260804_021426_df8648,1785806226332086,1956011772,2,2,0,-62,128,0,9,14,11,10,11,12,13,13,14,13,14,14,15,16,16,16,17,18,18,16,19,18,17,18,18,17,0,0,0,0,0,0,0,0,0,0,0,4,5,5,6,6,7,7,7,7,8,8,8,8,8,8,9,9,8,8,8,9,9,9,9,10,10,0,20,26,23,22,21,25,25,26,26,28,29,29,30,31,30,32,32,36,34,34,36,35,34,34,35,35,37,36,0,0,0,0,0,0,0,8,9,9,10,11,12,13,13,14,15,15,15,16,16,16,16,16,16,17,16,16,16,17,17,17,17,20,20
20260804_021426_df8648,1785806226438778,1956115374,2,2,0,-62,128,0,15,13,13,16,13,14,15,17,16,15,15,15,16,17,16,17,17,18,17,18,19,18,18,18,18,19,0,0,0,0,0,0,0,0,0,0,0,8,9,10,10,10,11,11,11,12,11,12,12,12,12,12,11,11,11,11,11,11,11,11,11,11,12,0,49,52,38,49,55,41,53,56,53,57,60,60,60,62,61,67,65,69,71,67,70,68,66,69,69,69,66,66,0,0,0,0,0,0,0,26,29,31,34,35,38,37,40,40,41,42,42,41,43,43,44,43,37,40,39,40,39,39,41,43,42,43,45
20260804_021426_df8648,1785806226534074,1956211914,2,2,0,-60,128,0,13,14,14,14,14,14,13,13,13,13,14,14,14,15,15,15,16,16,16,16,16,16,16,16,16,16,0,0,0,0,0,0,0,0,0,0,0,9,9,11,11,11,12,12,12,13,13,13,13,13,13,13,13,13,13,13,13,13,13,13,13,13,13,0,50,52,50,51,50,50,50,51,50,53,52,53,54,55,57,58,59,60,61,61,61,62,63,63,62,62,63,64,0,0,0,0,0,0,0,31,32,33,36,38,41,44,44,46,47,49,51,50,50,52,51,50,50,51,50,50,51,50,51,50,50,49,50
20260804_021426_df8648,1785806226635691,1956312736,2,2,0,-60,128,0,14,15,14,14,14,14,14,13,13,14,14,14,14,14,14,15,14,14,14,14,15,14,14,14,14,14,0,0,0,0,0,0,0,0,0,0,0,12,12,13,13,13,14,13,14,14,15,15,15,15,14,14,14,14,14,14,14,14,14,14,14,14,14,0,52,55,52,52,52,53,51,51,51,52,52,54,52,54,54,54,55,54,54,55,54,54,54,53,52,52,52,50,0,0,0,0,0,0,0,39,42,43,45,47,48,51,50,52,53,54,55,54,54,54,53,54,54,52,53,52,52,53,53,52,52,53,52
20260804_021426_df8648,1785806226737129,1956412741,2,2,0,-60,128,0,15,15,15,15,15,14,14,14,14,14,14,14,13,15,14,15,14,14,14,14,14,14,13,13,13,13,0,0,0,0,0,0,0,0,0,0,0,10,11,12,13,13,13,13,14,14,15,14,15,15,15,15,15,15,14,15,15,15,15,15,15,15,15,0,57,56,55,56,55,55,53,54,53,53,55,53,52,53,53,53,53,53,52,52,52,51,49,48,49,49,49,48,0,0,0,0,0,0,0,36,38,38,40,44,45,48,49,51,52,54,55,54,55,56,55,56,55,55,55,55,55,56,56,57,56,56,57
20260804_021426_df8648,1785806226833287,1956513191,2,2,0,-57,128,0,15,15,15,15,15,15,14,14,14,14,14,14,14,15,15,15,15,16,16,16,16,16,15,16,16,16,0,0,0,0,0,0,0,0,0,0,0,9,10,10,11,11,12,12,12,13,13,13,14,14,14,14,14,14,14,14,15,14,15,15,15,15,16,0,54,57,56,55,53,55,55,54,54,55,54,53,53,54,55,55,57,57,59,58,58,59,58,57,56,56,57,56,0,0,0,0,0,0,0,30,30,32,34,36,38,41,42,44,43,49,50,49,51,51,51,52,52,52,53,54,54,52,55,53,56,56,56
20260804_021426_df8648,1785806226935114,1956612906,2,2,0,-61,128,0,14,13,14,14,14,14,15,14,14,14,15,15,16,16,16,18,16,18,18,18,18,19,18,19,19,20,0,0,0,0,0,0,0,0,0,0,0,6,6,6,7,7,8,8,9,9,10,10,11,11,11,11,11,12,11,12,11,12,13,13,13,13,13,0,48,49,51,52,54,55,53,54,55,56,58,57,60,59,61,63,64,68,69,69,70,70,71,71,72,73,73,75,0,0,0,0,0,0,0,18,20,23,24,24,27,28,32,31,33,35,37,39,40,40,40,40,41,44,42,46,45,45,45,45,47,48,47
20260804_021426_df8648,1785806227036945,1956712255,2,2,0,-57,128,0,14,14,14,14,14,13,13,13,13,13,13,13,14,14,14,14,14,14,14,14,14,15,15,15,15,14,0,0,0,0,0,0,0,0,0,0,0,8,9,9,9,10,10,11,11,12,13,13,13,13,13,13,14,14,14,14,14,15,14,14,14,14,14,0,55,57,53,53,55,53,52,52,52,52,51,51,53,52,50,54,54,54,54,53,55,54,54,55,55,55,55,55,0,0,0,0,0,0,0,26,27,29,33,33,35,36,41,43,46,48,48,49,52,50,53,54,52,53,51,53,53,53,56,55,55,56,55
20260804_021426_df8648,1785806227134204,1956811621,2,2,0,-55,128,0,13,14,14,14,14,14,14,14,14,14,15,14,14,15,17,17,17,17,17,18,18,17,17,17,17,18,0,0,0,0,0,0,0,0,0,0,0,6,8,8,8,8,9,10,10,10,11,11,11,11,11,11,11,11,11,11,11,12,12,12,13,13,13,0,50,52,52,53,52,52,52,52,55,57,56,55,56,59,62,61,65,64,66,66,67,67,68,68,68,65,67,66,0,0,0,0,0,0,0,23,26,26,27,30,30,33,35,38,38,40,39,40,41,42,42,42,42,43,44,43,45,46,47,48,47,51,49
20260804_021426_df8648,1785806227236666,1956912528,2,2,0,-52,128,0,14,14,14,14,14,14,13,13,13,14,14,14,14,14,14,14,15,15,15,15,15,15,15,15,14,15,0,0,0,0,0,0,0,0,0,0,0,7,7,8,8,9,9,9,10,10,10,11,11,11,12,12,12,12,12,12,13,13,13,13,13,14,14,0,57,56,56,58,56,55,55,55,55,57,56,55,57,56,57,59,59,60,59,60,60,60,59,57,57,56,56,56,0,0,0,0,0,0,0,24,25,26,29,31,33,34,36,39,41,41,45,45,45,46,47,47,49,48,51,51,51,51,52,55,54,56,57
20260804_021426_df8648,1785806227332809,1957011635,2,2,0,-55,128,0,14,14,14,14,14,14,14,14,14,13,13,13,14,14,14,15,15,15,16,15,15,15,16,16,16,16,0,0,0,0,0,0,0,0,0,0,0,5,5,6,7,8,8,9,9,9,10,10,11,11,11,11,11,11,11,12,12,12,13,12,13,14,14,0,55,55,56,56,57,55,54,53,55,54,55,56,56,59,58,60,62,62,62,61,63,62,63,61,62,61,60,60,0,0,0,0,0,0,0,19,20,22,23,25,28,31,31,35,37,38,40,40,42,44,45,45,47,48,47,50,50,50,50,52,54,55,54
20260804_021426_df8648,1785806227463305,1957141088,2,2,0,-53,128,0,16,16,15,16,14,16,15,14,14,14,14,14,15,15,14,15,15,15,15,15,15,14,15,15,14,14,0,0,0,0,0,0,0,0,0,0,0,8,9,9,10,11,11,11,13,13,13,13,14,14,15,15,14,16,14,15,15,15,16,16,16,16,16,0,59,65,58,59,61,59,58,55,54,54,54,54,56,55,55,54,58,56,56,56,54,51,54,52,55,56,52,54,0,0,0,0,0,0,0,27,30,30,32,35,37,40,41,44,45,47,51,50,51,52,54,55,54,57,58,56,57,58,59,58,60,60,61
20260804_021426_df8648,1785806227553521,1957232947,2,2,0,-56,128,0,13,14,14,13,15,14,14,15,15,14,14,14,15,15,16,16,16,17,17,17,17,18,19,19,19,18,0,0,0,0,0,0,0,0,0,0,0,4,4,5,4,5,6,6,6,7,7,7,8,8,8,9,9,9,10,9,9,10,11,12,12,12,13,0,28,27,25,29,28,27,25,27,28,29,30,30,29,30,31,32,32,35,35,36,36,36,36,36,35,35,35,37,0,0,0,0,0,0,0,8,8,8,8,8,9,9,10,12,12,13,13,15,14,15,16,16,18,19,19,19,20,21,22,24,24,24,24
20260804_021426_df8648,1785806227632564,1957312532,2,2,0,-54,128,0,15,16,15,15,15,15,15,15,15,15,15,15,15,15,16,16,16,16,16,16,17,16,16,16,16,16,0,0,0,0,0,0,0,0,0,0,0,6,7,7,8,9,9,10,10,11,12,12,12,12,12,13,13,13,13,14,14,14,14,15,15,15,15,0,28,29,29,27,28,29,28,27,28,28,29,29,29,29,29,30,30,31,32,31,31,30,30,30,30,30,29,30,0,0,0,0,0,0,0,9,10,11,12,13,15,15,17,18,19,20,20,22,22,23,23,24,24,25,24,26,26,26,27,26,28,29,28
20260804_021426_df8648,1785806227734037,1957412353,2,2,0,-56,128,0,12,11,13,12,12,12,13,13,13,13,13,13,14,15,16,16,16,16,16,17,16,16,16,16,16,16,0,0,0,0,0,0,0,0,0,0,0,7,7,8,9,9,9,9,9,10,10,10,10,10,10,10,10,10,10,10,11,10,11,11,11,12,12,0,47,48,50,51,49,51,51,51,50,54,54,56,55,57,60,61,64,65,64,67,66,65,66,66,65,65,65,65,0,0,0,0,0,0,0,27,30,28,30,33,35,36,36,39,39,40,41,41,43,41,40,39,40,40,43,42,44,43,45,46,46,45,47
20260804_021426_df8648,1785806227837797,1957510847,2,2,0,-60,128,0,13,13,14,14,14,14,14,14,14,14,15,15,15,15,16,16,16,16,17,17,17,17,18,18,18,18,0,0,0,0,0,0,0,0,0,0,0,5,6,5,6,6,6,6,6,6,6,7,7,7,8,8,8,9,9,9,10,10,11,11,12,12,12,0,26,27,27,27,27,27,28,28,28,29,29,29,30,30,31,32,32,33,34,34,34,34,35,35,35,36,37,38,0,0,0,0,0,0,0,12,11,11,12,11,11,11,12,12,12,13,13,13,14,15,15,16,17,18,18,18,20,21,22,22,23,24,25
20260804_021426_df8648,1785806227931990,1957611605,2,2,0,-55,128,0,16,15,16,14,14,14,14,14,14,14,14,14,14,13,13,14,14,14,14,14,14,14,14,13,13,13,0,0,0,0,0,0,0,0,0,0,0,7,9,9,10,10,10,11,11,12,12,12,13,13,14,14,14,14,14,14,14,15,15,15,15,15,15,0,59,57,58,56,55,55,54,54,53,54,53,52,53,52,53,54,54,53,54,53,53,52,53,51,51,52,51,51,0,0,0,0,0,0,0,28,28,30,32,34,35,37,39,42,44,46,47,48,49,50,50,52,53,52,53,54,55,56,57,57,58,58,57
20260804_021426_df8648,1785806302432777,2032112153,2,0,0,-51,128,0,15,15,15,15,14,14,16,15,15,15,15,15,15,15,15,15,15,15,16,15,15,15,15,14,14,14,0,0,0,0,0,0,0,0,0,0,0,9,9,10,11,11,12,12,13,12,12,13,13,13,13,13,13,13,13,13,13,14,14,14,14,14,15,0,56,57,57,57,56,57,56,55,55,56,55,55,56,56,57,58,59,58,59,57,57,56,55,53,54,51,51,51,0,0,0,0,0,0,0,30,31,33,34,38,39,40,42,43,45,47,49,49,49,48,49,50,51,50,50,51,51,53,53,54,56,57,57
20260804_021426_df8648,1785806302533212,2032212807,2,2,0,-52,128,0,15,15,15,15,14,15,15,15,15,15,15,15,15,15,16,16,16,16,16,16,16,15,15,15,15,14,0,0,0,0,0,0,0,0,0,0,0,9,10,10,10,11,11,12,12,12,12,12,12,13,12,13,12,12,14,13,13,13,14,14,14,14,14,0,58,57,57,58,57,56,56,55,57,57,57,57,58,59,59,60,60,61,60,60,60,59,58,56,56,55,52,53,0,0,0,0,0,0,0,31,31,34,36,37,39,41,42,44,44,45,47,46,48,47,48,49,48,49,49,50,51,52,53,54,53,55,57
20260804_021426_df8648,1785806302633710,2032312134,2,2,0,-52,128,0,14,14,14,15,14,14,14,14,15,15,15,14,15,14,15,15,15,16,16,15,16,15,15,14,14,14,0,0,0,0,0,0,0,0,0,0,0,7,8,8,9,9,10,10,10,10,12,12,12,12,12,12,12,13,12,13,13,13,13,13,13,13,14,0,56,57,55,57,56,58,59,57,56,57,58,58,57,57,61,57,61,59,61,60,59,58,58,57,55,53,53,52,0,0,0,0,0,0,0,28,28,30,33,33,37,39,40,39,42,46,46,44,46,44,44,46,50,47,51,45,51,50,51,52,53,55,52
20260804_021426_df8648,1785806302736371,2032411830,2,2,0,-51,128,0,15,15,15,15,15,14,14,14,14,15,15,15,15,15,15,15,15,15,15,15,15,15,15,14,14,13,0,0,0,0,0,0,0,0,0,0,0,9,9,10,10,11,11,12,13,12,13,13,12,13,12,13,13,13,13,13,14,13,14,14,15,15,14,0,57,57,55,55,55,55,55,55,56,57,56,56,57,58,56,58,58,58,59,59,57,57,55,54,55,52,51,51,0,0,0,0,0,0,0,29,31,35,37,37,39,42,42,44,46,47,47,48,49,49,48,49,48,49,49,50,51,51,53,52,54,54,54
20260804_021426_df8648,1785806302832182,2032512737,2,2,0,-52,128,0,14,14,14,14,14,14,13,14,14,14,14,14,14,14,14,15,14,14,14,14,14,14,14,13,12,13,0,0,0,0,0,0,0,0,0,0,0,9,10,10,11,12,13,12,13,13,13,13,13,14,14,14,13,14,13,14,14,14,14,13,14,14,14,0,55,55,57,56,57,55,55,53,54,54,54,55,54,57,55,56,56,58,55,56,54,53,51,51,49,49,47,47,0,0,0,0,0,0,0,33,36,38,40,41,44,45,47,48,49,51,52,51,51,52,51,53,51,52,51,52,53,54,54,53,55,56,56
20260804_021426_df8648,1785806302933735,2032611509,2,2,0,-52,128,0,16,14,15,16,15,14,13,13,13,13,13,13,13,13,14,13,13,13,13,12,12,12,12,11,11,11,0,0,0,0,0,0,0,0,0,0,0,11,12,13,13,14,14,14,15,15,14,14,14,15,14,15,15,14,14,14,15,15,14,14,14,15,15,0,57,60,53,56,52,54,56,49,51,50,48,47,50,49,50,50,52,48,48,51,45,44,47,44,40,41,40,40,0,0,0,0,0,0,0,41,42,41,44,48,48,52,53,54,56,57,59,56,57,57,55,55,60,53,57,56,56,59,57,60,55,56,57
20260804_021426_df8648,1785806303057872,2032735609,2,2,0,-55,128,0,14,14,14,14,14,14,13,12,12,12,12,12,12,11,12,12,12,12,12,12,11,10,10,11,10,10,0,0,0,0,0,0,0,0,0,0,0,11,12,13,13,14,14,15,14,16,16,16,16,16,15,16,16,15,15,15,15,15,15,15,16,16,14,0,27,25,26,24,25,22,23,24,24,23,23,21,20,21,20,22,21,22,21,21,21,21,21,19,17,19,18,18,0,0,0,0,0,0,0,19,23,22,23,24,25,27,27,28,27,29,29,29,28,28,28,27,26,26,27,27,26,27,25,26,25,24,28
20260804_021426_df8648,1785806303153495,2032829414,2,2,0,-55,128,0,15,15,16,14,15,14,14,14,14,14,14,14,14,14,14,14,14,15,14,14,14,14,14,14,13,13,0,0,0,0,0,0,0,0,0,0,0,9,9,9,9,10,11,11,11,12,12,12,13,13,13,13,13,13,13,13,13,13,13,14,14,15,14,0,59,59,58,60,57,57,56,56,57,56,57,56,57,58,56,57,56,58,56,55,55,55,53,52,52,54,50,50,0,0,0,0,0,0,0,30,31,33,35,37,38,41,42,44,45,46,48,50,48,50,49,50,50,51,52,51,52,52,53,55,55,57,56
20260804_021426_df8648,1785806303267650,2032944556,2,2,0,-55,128,0,14,15,14,14,14,14,13,15,14,14,14,14,14,14,14,14,16,14,15,15,15,14,14,14,14,14,0,0,0,0,0,0,0,0,0,0,0,7,8,8,8,9,10,10,11,10,11,11,11,11,11,12,12,12,12,12,13,12,13,13,13,14,13,0,58,59,58,58,56,58,57,57,58,57,60,57,58,59,60,59,60,61,61,60,60,58,58,57,57,56,54,54,0,0,0,0,0,0,0,26,28,29,31,33,34,36,38,40,41,44,43,43,44,47,47,47,47,48,49,50,52,51,52,53,54,57,55
20260804_021426_df8648,1785806303335071,2033012429,2,2,0,-53,128,0,15,15,15,14,14,14,14,13,13,13,13,13,14,14,13,13,13,13,13,12,12,12,12,11,11,11,0,0,0,0,0,0,0,0,0,0,0,10,10,10,11,11,12,12,13,13,13,13,14,14,14,14,14,14,14,14,14,14,15,14,15,15,15,0,60,60,59,57,56,56,54,54,53,54,54,53,53,52,53,53,53,50,50,50,50,47,46,45,44,42,41,42,0,0,0,0,0,0,0,34,37,40,39,43,44,47,48,50,52,52,55,54,56,56,56,55,56,56,57,57,58,59,60,59,59,60,59
20260804_021426_df8648,1785806303437313,2033114764,2,2,0,-54,128,0,15,15,15,15,15,15,15,15,15,16,16,16,16,17,17,17,17,17,17,17,17,16,16,15,15,15,0,0,0,0,0,0,0,0,0,0,0,5,5,5,6,6,7,7,7,8,9,9,9,10,11,11,11,12,11,12,12,12,13,13,13,14,14,0,59,57,60,58,60,60,59,60,61,60,61,61,62,63,65,66,66,68,66,66,66,64,61,61,61,62,57,58,0,0,0,0,0,0,0,14,16,17,19,19,23,25,27,28,28,32,33,36,36,38,40,41,42,46,45,45,49,50,50,51,53,55,56
20260804_021426_df8648,1785806303534396,2033212916,2,2,0,-51,128,0,16,14,16,15,15,14,15,15,15,15,16,15,15,16,16,16,16,16,16,16,16,16,15,14,14,15,0,0,0,0,0,0,0,0,0,0,0,9,9,9,10,10,11,11,11,12,11,12,12,11,13,12,13,13,13,13,14,14,14,14,14,14,15,0,57,56,57,56,56,56,55,55,55,55,55,56,55,58,57,59,57,59,58,59,59,57,56,55,55,55,52,53,0,0,0,0,0,0,0,27,29,32,33,34,35,37,39,40,42,44,44,45,46,45,47,47,48,48,48,50,50,50,52,52,52,54,56
20260804_021426_df8648,1785806303634908,2033312997,2,2,0,-53,128,0,15,15,14,14,13,13,13,13,13,13,14,13,13,14,14,14,14,14,14,14,14,14,14,13,14,13,0,0,0,0,0,0,0,0,0,0,0,8,9,9,10,10,11,11,11,12,12,13,13,13,13,13,14,13,14,13,14,14,13,14,14,15,15,0,56,55,55,57,54,55,53,53,54,54,55,54,54,54,55,55,55,56,57,56,57,55,54,53,53,53,52,52,0,0,0,0,0,0,0,31,33,34,35,37,40,41,43,45,47,48,49,50,51,49,50,50,52,52,52,51,55,53,53,54,56,56,57
20260804_021426_df8648,1785806303731505,2033412024,2,2,0,-52,128,0,15,15,14,15,15,15,14,14,14,14,15,15,15,15,15,14,15,15,15,15,15,14,14,14,14,13,0,0,0,0,0,0,0,0,0,0,0,4,4,4,6,6,6,7,7,8,8,9,9,10,10,11,11,11,12,12,12,13,13,13,14,14,14,0,59,59,59,59,59,59,58,58,57,58,58,56,59,58,59,59,59,60,61,59,59,57,57,56,54,55,54,52,0,0,0,0,0,0,0,12,14,16,16,19,22,23,26,29,31,33,36,37,39,41,40,42,44,45,45,49,50,52,52,53,54,55,58
20260804_021426_df8648,1785806303833097,2033511520,2,2,0,-58,128,0,13,13,14,13,14,14,15,14,13,13,14,14,15,16,15,15,16,16,17,17,17,18,16,18,17,17,0,0,0,0,0,0,0,0,0,0,0,5,5,5,6,7,7,7,8,9,9,9,10,10,10,11,10,10,11,12,12,12,12,12,13,13,13,0,28,25,28,27,27,27,26,29,29,27,28,29,31,30,30,33,31,32,34,34,32,35,34,34,35,36,34,34,0,0,0,0,0,0,0,10,9,9,11,10,11,12,12,14,17,15,18,17,20,19,20,22,22,23,23,22,24,23,24,25,24,26,29
20260804_021426_df8648,1785806303933158,2033611170,2,2,0,-54,128,0,15,14,15,15,15,15,14,15,15,15,15,14,14,16,16,16,16,16,15,15,15,15,14,14,14,14,0,0,0,0,0,0,0,0,0,0,0,6,6,7,7,7,8,9,9,9,9,9,9,10,10,10,10,10,11,12,12,12,13,13,13,14,14,0,57,59,57,58,58,58,59,58,58,60,60,60,60,61,62,62,62,64,65,62,62,59,59,57,58,57,55,55,0,0,0,0,0,0,0,21,23,22,24,26,28,30,32,33,34,36,37,38,41,41,42,43,44,45,45,46,48,50,51,51,54,53,55
20260804_021426_df8648,1785806304035479,2033713433,2,2,0,-50,128,0,15,16,16,14,15,15,14,14,14,14,14,13,13,14,14,14,15,15,14,14,14,14,14,13,13,13,0,0,0,0,0,0,0,0,0,0,0,8,9,9,9,10,10,11,11,12,12,13,13,13,13,13,14,14,14,14,15,14,14,15,14,15,15,0,59,59,59,58,58,58,56,56,54,54,53,55,52,57,55,57,57,57,57,54,54,55,52,52,52,50,49,49,0,0,0,0,0,0,0,28,29,31,33,34,37,40,38,42,43,46,47,47,49,52,51,53,52,53,54,54,59,56,61,59,57,60,54
20260804_021426_df8648,1785806304136349,2033813290,2,2,0,-59,128,0,15,15,15,14,14,14,14,14,14,13,14,14,14,14,14,14,14,15,16,14,16,15,14,15,15,15,0,0,0,0,0,0,0,0,0,0,0,8,9,10,10,11,12,12,12,13,13,13,13,14,14,14,14,14,14,14,14,14,15,14,15,14,14,0,55,55,53,52,54,51,52,53,51,53,53,52,55,55,55,55,57,57,59,59,60,60,59,59,60,60,61,60,0,0,0,0,0,0,0,32,33,33,35,37,40,43,42,46,47,48,51,52,50,48,50,50,53,52,51,51,52,53,53,53,54,54,53
20260804_021426_df8648,1785806304231713,2033911497,2,2,0,-57,128,0,14,15,15,15,15,15,15,15,15,16,16,16,16,17,17,17,17,17,17,18,18,17,17,17,17,17,0,0,0,0,0,0,0,0,0,0,0,7,7,7,8,9,9,9,9,10,10,10,11,11,11,11,12,12,12,12,12,12,13,13,13,14,14,0,28,29,29,28,29,30,29,29,29,30,30,31,32,32,33,33,32,34,34,34,34,33,32,33,33,34,32,33,0,0,0,0,0,0,0,10,11,11,12,13,15,16,16,16,18,19,20,20,20,22,21,22,22,23,23,23,24,24,25,25,26,27,27
20260804_021426_df8648,1785806304330305,2034012310,2,2,0,-60,128,0,14,14,15,16,16,15,15,15,15,16,16,16,17,17,18,18,18,18,18,18,19,18,18,18,18,18,0,0,0,0,0,0,0,0,0,0,0,1,1,1,2,2,2,3,4,4,5,5,6,7,7,7,8,8,9,9,10,10,11,11,12,13,13,0,28,30,29,31,30,30,31,31,32,33,33,33,33,34,34,34,36,35,36,36,36,36,37,37,36,35,36,35,0,0,0,0,0,0,0,4,3,3,2,2,2,4,4,5,7,8,9,11,11,12,13,14,16,17,17,18,19,21,22,24,25,25,26
20260804_021426_df8648,1785806304432842,2034112629,2,2,0,-56,128,0,14,16,14,15,15,16,15,15,15,15,15,16,16,16,16,17,17,17,17,17,18,17,17,17,17,17,0,0,0,0,0,0,0,0,0,0,0,5,6,7,7,7,7,8,9,9,9,9,10,10,10,10,10,10,12,12,12,13,13,13,13,14,13,0,28,29,29,29,29,30,29,29,30,29,30,30,30,31,31,33,33,33,34,34,34,34,34,33,33,34,34,34,0,0,0,0,0,0,0,10,10,10,11,13,13,13,14,15,16,16,17,17,18,20,21,20,21,21,21,22,23,24,25,24,26,26,26
20260804_021426_df8648,1785806304540114,2034217573,2,2,0,-60,128,0,14,14,14,14,14,14,15,15,15,15,15,15,15,15,16,16,17,17,18,18,19,19,19,19,19,20,0,0,0,0,0,0,0,0,0,0,0,4,4,4,4,5,5,5,6,6,7,7,7,8,8,9,9,9,10,10,11,11,11,12,13,13,13,0,27,27,28,29,29,29,29,28,29,29,30,29,30,31,32,32,33,34,36,36,36,36,37,38,39,39,39,39,0,0,0,0,0,0,0,10,10,9,9,9,9,10,10,10,11,13,13,14,14,16,17,17,17,18,18,19,21,22,23,23,24,26,25
20260804_021426_df8648,1785806304636065,2034311747,2,2,0,-57,128,0,13,14,14,14,14,14,14,13,14,14,14,15,15,15,16,16,17,17,17,17,17,17,18,18,18,18,0,0,0,0,0,0,0,0,0,0,0,8,9,8,9,9,9,10,10,11,11,11,11,11,11,11,11,11,11,12,12,12,12,13,13,13,14,0,26,27,25,27,27,27,27,27,27,28,27,28,28,29,30,31,30,33,33,33,33,34,34,34,34,34,34,34,0,0,0,0,0,0,0,13,14,15,16,15,16,17,18,18,19,20,21,20,21,20,21,21,21,22,23,21,22,24,24,24,24,25,27
20260804_021426_df8648,1785806304734182,2034411749,2,2,0,-57,128,0,14,14,14,14,14,15,15,15,15,16,16,16,17,17,16,17,17,18,19,18,17,19,18,19,18,19,0,0,0,0,0,0,0,0,0,0,0,9,9,9,9,10,10,10,10,11,11,11,11,10,10,11,10,11,11,11,12,13,12,12,12,13,12,0,26,26,25,27,26,27,28,28,27,28,27,29,31,29,31,31,32,33,33,32,34,34,36,34,34,34,36,35,0,0,0,0,0,0,0,16,16,15,16,16,17,17,18,21,17,18,20,18,20,19,20,16,19,17,21,21,22,22,21,21,26,25,23
20260804_021426_df8648,1785806304836968,2034514332,2,2,0,-56,128,0,13,14,13,13,13,13,13,13,14,14,14,14,14,15,15,15,16,16,17,17,17,17,17,17,17,17,0,0,0,0,0,0,0,0,0,0,0,10,10,11,11,12,11,12,12,12,13,11,13,13,12,12,12,12,12,12,12,12,12,12,13,13,13,0,26,27,26,26,25,26,25,26,27,27,28,28,29,30,29,31,32,33,33,33,34,34,34,34,34,35,34,35,0,0,0,0,0,0,0,19,19,19,19,21,22,22,22,22,23,23,24,23,23,23,22,24,23,23,23,22,23,23,25,22,24,24,25
20260804_021426_df8648,1785806304932777,2034613670,2,2,0,-58,128,0,12,12,13,12,13,13,13,14,14,14,15,15,15,15,16,17,17,17,18,18,18,18,18,18,19,19,0,0,0,0,0,0,0,0,0,0,0,6,6,6,6,6,6,6,6,6,6,6,6,7,7,6,7,7,8,8,8,9,9,9,10,10,11,0,25,25,26,27,27,28,28,28,29,30,31,30,32,32,33,35,35,37,37,38,37,38,38,39,39,39,39,41,0,0,0,0,0,0,0,12,12,13,13,12,14,12,13,12,14,13,13,13,14,13,14,14,15,15,16,17,17,18,19,20,21,22,23
20260804_021426_df8648,1785806305035569,2034715713,2,2,0,-57,128,0,13,13,14,13,14,14,14,14,14,13,14,15,15,16,16,17,16,17,17,17,18,18,18,18,18,18,0,0,0,0,0,0,0,0,0,0,0,8,9,9,9,9,9,10,10,10,10,10,10,10,10,10,10,11,11,11,11,11,12,11,12,13,12,0,23,25,24,25,25,26,27,26,27,27,27,28,28,30,30,30,31,32,33,33,33,34,34,33,33,34,33,34,0,0,0,0,0,0,0,14,15,16,16,16,17,18,18,19,18,20,20,19,20,20,21,20,20,20,21,21,21,21,22,22,22,24,25
20260804_021426_df8648,1785806305131087,2034812128,2,2,0,-61,128,0,12,13,14,14,14,15,15,15,16,17,17,17,17,18,19,19,20,20,20,21,21,21,21,21,21,21,0,0,0,0,0,0,0,0,0,0,0,4,4,3,4,3,3,3,3,4,3,4,4,4,4,4,5,5,6,6,7,8,8,9,10,11,11,0,25,26,27,27,28,29,30,30,31,32,33,33,35,36,36,38,39,40,40,40,41,42,41,41,41,42,40,42,0,0,0,0,0,0,0,8,8,8,8,8,8,7,7,7,6,6,6,7,8,8,8,9,11,11,11,12,14,15,16,18,20,20,22
20260804_021426_df8648,1785806305234480,2034915161,2,2,0,-58,128,0,13,13,14,14,14,15,15,15,16,16,17,17,18,19,19,20,20,20,21,21,21,21,21,21,21,21,0,0,0,0,0,0,0,0,0,0,0,6,6,6,6,6,6,6,6,6,6,6,6,6,6,6,5,6,7,7,8,8,8,8,9,10,11,0,23,24,26,26,27,27,27,29,29,31,32,32,33,35,36,37,38,38,39,39,39,39,39,40,39,39,38,38,0,0,0,0,0,0,0,12,12,12,12,13,12,12,12,12,11,13,12,11,12,11,11,11,12,12,13,13,14,14,16,16,17,19,21
20260804_021426_df8648,1785806305332431,2035011225,2,2,0,-54,128,0,12,13,13,13,13,13,13,13,13,13,14,14,14,14,14,14,16,15,16,15,15,15,15,16,15,15,0,0,0,0,0,0,0,0,0,0,0,9,9,9,10,10,11,11,11,11,12,12,12,12,12,12,12,12,11,12,11,11,11,11,13,12,12,0,52,51,51,53,52,52,53,52,52,55,56,55,55,58,58,59,62,62,62,62,60,60,60,60,59,60,58,59,0,0,0,0,0,0,0,35,34,36,38,40,41,44,43,46,46,47,47,48,48,47,48,47,46,46,45,47,47,49,49,48,50,50,50
20260804_021426_df8648,1785806305435627,2035111610,2,2,0,-54,128,0,14,13,13,13,13,14,14,13,14,14,15,14,15,15,16,16,16,17,17,16,16,16,16,16,16,16,0,0,0,0,0,0,0,0,0,0,0,10,11,11,11,12,12,13,12,13,14,14,14,13,13,13,13,13,13,13,13,13,14,14,13,14,13,0,50,52,52,52,52,51,51,52,54,54,54,54,55,55,59,59,60,60,62,60,60,60,60,58,58,58,56,57,0,0,0,0,0,0,0,33,34,37,38,41,41,42,46,47,48,49,49,50,49,50,49,49,50,48,49,49,50,49,50,51,50,50,52
20260804_021426_df8648,1785806305532101,2035212600,2,2,0,-54,128,0,13,13,14,13,14,14,14,14,14,14,15,15,15,15,16,16,16,16,16,16,17,16,16,16,16,15,0,0,0,0,0,0,0,0,0,0,0,10,11,11,12,12,12,13,13,13,13,13,13,13,13,13,13,13,13,13,13,13,13,13,13,13,14,0,51,51,51,51,51,52,53,52,53,53,56,55,55,57,58,58,60,62,61,62,61,60,60,60,58,59,60,56,0,0,0,0,0,0,0,36,38,38,40,42,44,45,46,48,49,50,50,49,50,49,49,49,48,47,48,47,48,48,49,49,48,49,50
20260804_021426_df8648,1785806305635611,2035311666,2,2,0,-55,128,0,14,15,15,15,15,15,15,15,15,15,15,15,16,16,16,16,16,17,17,17,16,16,16,16,16,16,0,0,0,0,0,0,0,0,0,0,0,9,9,10,10,11,11,11,12,12,12,12,13,12,13,13,13,13,12,13,12,12,13,13,14,14,14,0,27,28,28,28,28,28,27,28,29,29,30,29,30,30,30,30,31,31,32,32,32,32,31,31,31,30,30,30,0,0,0,0,0,0,0,16,17,17,18,19,20,21,21,21,21,23,23,22,22,23,22,22,22,22,23,23,22,23,25,24,24,26,26
20260804_021426_df8648,1785806305734269,2035412708,2,2,0,-62,128,0,11,11,12,12,12,13,13,13,13,14,14,15,15,16,17,17,18,18,19,19,19,21,21,21,21,21,0,0,0,0,0,0,0,0,0,0,0,7,7,6,7,8,7,8,8,8,8,8,8,8,8,8,8,9,9,9,9,9,10,10,10,11,10,0,23,23,23,25,25,24,25,27,27,28,30,29,30,31,33,34,35,37,37,38,41,39,41,41,42,42,44,43,0,0,0,0,0,0,0,12,13,13,12,12,12,13,13,14,14,15,15,15,15,16,16,15,16,19,18,18,17,18,20,19,19,21,20
20260804_021426_df8648,1785806305832881,2035512617,2,2,0,-62,128,0,11,12,12,12,12,13,14,14,14,14,15,14,15,15,16,16,17,18,18,18,18,18,19,20,20,19,0,0,0,0,0,0,0,0,0,0,0,11,11,11,11,11,11,11,11,11,11,11,10,10,10,10,10,9,10,10,9,10,10,10,10,10,11,0,22,22,22,24,24,25,25,26,26,28,29,29,30,30,31,33,33,33,34,35,36,36,37,37,38,37,39,39,0,0,0,0,0,0,0,20,21,21,21,23,21,21,21,21,21,21,20,21,19,19,19,19,18,18,18,18,19,19,18,19,19,20,21
20260804_021426_df8648,1785806305931086,2035612087,2,2,0,-55,128,0,13,13,14,14,14,14,14,14,14,14,14,14,15,16,16,17,17,17,17,18,17,17,17,18,17,17,0,0,0,0,0,0,0,0,0,0,0,6,7,7,7,7,7,9,8,9,9,9,9,9,9,9,9,10,10,10,11,11,11,12,12,13,13,0,53,52,55,57,55,56,57,56,58,57,57,60,61,65,63,65,67,69,69,72,69,70,68,68,70,69,66,67,0,0,0,0,0,0,0,23,26,28,30,28,28,30,30,31,33,32,32,33,33,36,37,38,36,38,39,40,42,43,45,46,47,48,50
20260804_021426_df8648,1785806306034526,2035712091,2,2,0,-55,128,0,13,12,13,13,13,13,13,14,14,14,15,15,14,16,16,17,17,17,18,18,18,16,17,18,18,18,0,0,0,0,0,0,0,0,0,0,0,8,7,9,9,8,9,9,10,10,10,10,10,10,10,10,10,11,10,11,11,11,11,11,11,12,12,0,50,51,51,53,53,53,55,60,56,59,59,66,62,63,61,67,67,68,70,70,70,70,70,69,69,68,67,68,0,0,0,0,0,0,0,27,28,30,32,35,34,34,35,39,36,39,37,39,39,39,40,39,44,41,39,45,44,43,47,52,47,47,48
20260804_021426_df8648,1785806306150728,2035826473,2,2,0,-53,128,0,13,13,14,14,13,13,14,14,14,14,14,14,14,15,15,15,15,15,16,16,15,16,15,15,15,15,0,0,0,0,0,0,0,0,0,0,0,7,7,8,9,9,9,9,9,10,10,10,10,11,10,10,10,10,11,11,11,12,12,12,12,13,13,0,26,27,27,28,27,27,26,26,26,27,27,28,29,29,29,30,30,30,31,31,31,30,30,29,29,29,28,28,0,0,0,0,0,0,0,14,14,14,15,16,16,17,17,19,19,19,21,19,21,21,22,21,22,21,22,22,22,24,24,24,25,25,25
20260804_021426_df8648,1785806306254512,2035932178,2,2,0,-54,128,0,14,15,14,14,14,14,14,14,14,14,15,15,15,15,15,16,16,16,16,16,17,16,17,17,16,16,0,0,0,0,0,0,0,0,0,0,0,11,11,12,13,13,13,13,13,13,14,13,13,13,13,13,13,13,13,13,13,13,13,13,13,14,13,0,52,52,51,51,51,54,51,51,53,53,55,52,54,54,58,56,58,60,61,60,60,58,60,60,58,58,57,60,0,0,0,0,0,0,0,38,40,39,39,43,44,45,47,47,50,49,50,49,50,49,48,48,48,49,47,47,48,47,49,47,48,49,49
20260804_021426_df8648,1785806306335240,2036011708,2,2,0,-55,128,0,13,13,13,13,13,14,14,13,14,14,14,14,14,15,15,16,16,16,17,17,17,17,16,17,16,16,0,0,0,0,0,0,0,0,0,0,0,6,6,7,7,7,8,8,8,9,8,9,9,9,9,9,10,10,10,10,11,11,11,11,12,12,13,0,26,25,27,27,28,27,27,28,28,28,28,29,29,31,30,32,32,33,34,34,34,33,32,33,33,34,32,33,0,0,0,0,0,0,0,11,12,12,13,13,15,15,16,16,16,18,17,18,19,18,19,20,19,21,20,21,21,22,22,23,23,24,25
20260804_021426_df8648,1785806306432499,2036112213,2,2,0,-53,128,0,13,13,13,13,13,13,13,13,13,13,13,14,14,14,14,15,15,15,15,15,15,15,14,14,14,14,0,0,0,0,0,0,0,0,0,0,0,9,9,9,10,10,10,11,11,11,11,12,12,12,12,12,12,12,12,13,13,12,13,12,13,13,13,0,52,54,52,52,53,53,52,52,52,52,54,54,55,56,55,56,57,56,58,58,58,59,56,56,55,57,54,55,0,0,0,0,0,0,0,32,33,34,35,37,39,40,40,42,44,45,45,46,44,46,46,45,45,46,46,47,47,49,48,49,51,52,52
20260804_021426_df8648,1785806306536855,2036212690,2,2,0,-53,128,0,15,16,16,15,15,15,15,15,15,15,15,15,14,15,15,15,15,15,16,15,15,15,14,15,14,15,0,0,0,0,0,0,0,0,0,0,0,11,11,11,12,12,13,13,14,14,14,14,14,15,14,15,15,15,15,15,15,15,15,15,16,15,16,0,57,58,57,56,56,57,56,55,55,55,55,55,54,54,55,54,56,55,55,56,55,54,54,53,53,52,52,53,0,0,0,0,0,0,0,33,35,36,39,41,42,44,45,48,49,49,51,51,52,53,52,52,54,53,54,53,55,56,56,57,56,57,58
20260804_021426_df8648,1785806306635199,2036312517,2,2,0,-57,128,0,14,14,14,14,14,14,14,14,14,14,14,13,13,14,15,15,15,15,16,16,16,16,16,16,16,16,0,0,0,0,0,0,0,0,0,0,0,5,5,5,5,6,6,6,6,8,8,8,9,9,9,9,10,11,11,11,11,12,12,13,13,13,13,0,58,59,57,58,57,57,57,56,59,57,58,58,58,60,60,62,62,63,64,63,64,66,65,64,67,67,64,64,0,0,0,0,0,0,0,20,22,21,21,23,24,25,24,27,29,31,33,33,36,37,40,40,42,43,45,45,47,47,50,51,53,53,57
20260804_021426_df8648,1785806306734030,2036411907,2,2,0,-60,128,0,13,14,14,15,14,15,15,15,15,16,17,17,17,17,17,17,18,18,18,19,19,19,19,18,19,19,0,0,0,0,0,0,0,0,0,0,0,5,5,5,5,5,6,6,6,6,7,6,7,7,7,7,9,9,9,9,10,10,10,11,11,13,13,0,25,27,26,28,28,29,29,29,30,30,31,32,31,33,34,35,35,35,37,37,38,37,37,36,37,38,37,38,0,0,0,0,0,0,0,9,10,9,10,10,11,11,11,11,12,12,13,13,14,15,16,15,16,17,17,17,19,20,21,21,22,23,25
20260804_021426_df8648,1785806306831749,2036512440,2,2,0,-57,128,0,16,17,17,16,16,16,16,15,15,16,16,16,16,16,16,16,16,16,16,16,16,15,16,15,15,15,0,0,0,0,0,0,0,0,0,0,0,7,7,7,8,8,9,9,10,11,11,11,12,13,13,12,14,14,14,14,14,14,16,15,16,16,17,0,62,64,61,62,61,60,60,59,59,58,60,57,59,61,60,61,60,59,58,60,60,58,57,56,56,59,54,56,0,0,0,0,0,0,0,25,23,24,25,28,30,32,32,33,36,40,41,41,43,46,47,49,49,50,52,54,54,55,56,59,59,60,62
20260804_021426_df8648,1785806306935627,2036611505,2,2,0,-53,128,0,14,15,15,14,14,15,15,15,15,14,14,15,15,15,15,16,16,16,16,16,16,16,16,16,16,16,0,0,0,0,0,0,0,0,0,0,0,10,10,10,11,12,12,13,13,13,13,13,13,14,14,14,13,14,13,13,13,13,14,14,14,14,14,0,52,54,53,52,52,53,53,54,52,53,55,56,55,55,58,57,60,59,61,61,60,59,59,58,57,58,56,56,0,0,0,0,0,0,0,32,34,34,36,39,41,41,44,44,45,46,49,48,49,50,49,49,49,48,48,49,50,50,51,50,51,52,51
20260804_021426_df8648,1785806307034400,2036715944,2,2,0,-63,128,0,14,15,14,14,14,15,15,16,15,16,16,16,16,17,17,17,18,18,18,19,20,21,21,21,22,22,0,0,0,0,0,0,0,0,0,0,0,8,8,8,8,8,8,7,7,7,7,7,8,8,8,8,9,9,9,9,11,11,11,11,12,13,13,0,27,28,27,28,27,29,29,29,29,30,31,30,31,31,32,33,34,36,36,37,38,39,38,39,41,42,43,43,0,0,0,0,0,0,0,16,16,15,15,15,15,15,14,14,14,14,13,15,15,14,15,15,17,17,17,18,19,20,21,21,23,24,25
20260804_021426_df8648,1785806307132688,2036812345,2,2,0,-55,128,0,15,15,15,15,15,15,14,15,15,15,15,15,16,16,17,17,17,17,17,17,17,17,17,17,16,16,0,0,0,0,0,0,0,0,0,0,0,5,5,5,6,6,7,7,9,9,9,10,10,10,11,11,11,12,12,12,12,13,13,14,14,14,14,0,58,57,59,56,59,59,57,57,57,58,60,58,59,61,61,63,62,66,65,63,65,62,62,64,61,63,59,63,0,0,0,0,0,0,0,13,14,16,17,20,21,25,28,28,31,34,34,34,38,38,39,42,42,45,44,47,48,48,49,51,54,55,57
20260804_021426_df8648,1785806307264485,2036942885,2,2,0,-56,128,0,16,16,16,16,16,15,15,15,14,14,14,14,14,13,13,13,13,13,13,13,13,13,13,12,12,13,0,0,0,0,0,0,0,0,0,0,0,11,12,12,13,13,13,13,14,15,15,16,16,16,16,16,16,16,16,16,16,16,16,16,16,16,16,0,59,57,56,56,54,53,54,52,51,51,50,46,49,49,47,47,49,47,49,48,46,48,48,44,47,47,48,47,0,0,0,0,0,0,0,36,39,39,43,42,45,48,48,50,51,54,54,55,55,55,56,56,55,56,55,56,57,57,56,59,60,57,56
20260804_021426_df8648,1785806307339782,2037020256,2,2,0,-57,128,0,16,16,16,16,17,16,16,15,16,15,16,16,15,16,17,16,16,17,17,16,17,17,16,17,17,17,0,0,0,0,0,0,0,0,0,0,0,8,9,9,10,10,11,11,12,12,12,12,13,13,13,13,14,14,14,15,14,15,15,15,16,16,16,0,30,30,26,26,27,27,30,27,29,26,29,25,26,30,27,28,29,29,29,29,28,29,30,30,29,29,29,30,0,0,0,0,0,0,0,13,14,14,15,16,17,18,19,20,20,22,21,22,24,23,24,25,24,24,24,25,25,28,25,27,31,28,29
20260804_021426_df8648,1785806307448483,2037129239,2,2,0,-55,128,0,15,16,15,15,15,15,14,14,14,14,14,14,13,14,14,14,14,14,14,14,14,13,14,13,13,13,0,0,0,0,0,0,0,0,0,0,0,9,9,9,10,11,12,12,13,13,14,14,14,15,15,15,15,15,15,15,15,15,16,15,15,16,16,0,59,60,57,58,55,57,55,55,53,55,53,52,51,52,54,52,55,53,54,53,53,51,52,50,51,50,50,51,0,0,0,0,0,0,0,27,29,31,32,37,39,42,45,46,49,51,53,54,54,55,54,52,57,55,58,55,57,58,57,61,60,60,59
20260804_021426_df8648,1785806307541221,2037217390,2,2,0,-58,128,0,13,13,13,13,13,11,12,12,13,13,12,13,13,13,13,14,15,16,14,15,16,15,16,16,16,16,0,0,0,0,0,0,0,0,0,0,0,6,6,7,8,8,9,9,10,11,11,11,11,12,12,12,12,12,13,12,13,13,13,13,13,14,13,0,47,48,47,60,45,54,52,49,52,51,50,50,54,50,57,58,60,63,60,64,55,61,67,59,64,64,64,64,0,0,0,0,0,0,0,19,22,24,25,31,29,36,34,41,42,45,48,48,46,48,49,50,48,49,54,52,49,52,52,53,54,54,55
20260804_021426_df8648,1785806307633421,2037313170,2,2,0,-52,128,0,14,14,14,14,14,14,14,14,14,14,14,14,14,14,14,15,15,15,15,15,15,15,14,14,14,15,0,0,0,0,0,0,0,0,0,0,0,6,7,7,8,8,9,9,9,11,11,11,11,12,12,12,12,12,12,13,13,13,13,13,13,14,13,0,58,57,56,56,56,57,57,56,55,57,57,57,57,58,58,60,61,61,61,60,61,61,59,59,57,57,56,55,0,0,0,0,0,0,0,22,25,25,28,31,34,35,37,39,41,43,47,46,45,48,49,49,49,48,48,52,52,52,53,54,55,55,55
20260804_021426_df8648,1785806307737923,2037415977,2,2,0,-55,128,0,16,17,17,16,16,16,16,16,16,15,15,15,15,16,16,16,16,15,15,15,15,15,15,15,14,14,0,0,0,0,0,0,0,0,0,0,0,8,9,9,10,11,11,11,12,13,13,13,13,14,14,14,15,15,15,15,15,16,16,16,16,16,17,0,62,62,61,60,60,59,59,57,56,55,55,55,56,58,55,55,56,57,56,55,54,54,55,54,53,51,51,50,0,0,0,0,0,0,0,23,26,26,30,33,36,37,40,42,45,47,49,50,49,52,53,51,54,53,54,56,58,58,58,59,60,62,60
20260804_021426_df8648,1785806307836166,2037513822,2,2,0,-58,128,0,15,15,15,14,15,15,15,15,15,15,15,15,15,16,16,17,17,17,18,18,18,18,18,18,18,18,0,0,0,0,0,0,0,0,0,0,0,5,5,6,7,7,8,8,9,9,11,10,11,11,12,11,11,12,11,12,12,13,13,13,14,14,14,0,28,29,29,27,28,28,29,29,28,28,29,30,30,31,31,33,32,34,35,35,35,34,35,34,35,35,34,34,0,0,0,0,0,0,0,7,8,9,10,11,13,13,14,16,17,18,19,20,19,21,20,22,22,22,21,24,23,23,25,25,25,26,26
20260804_021426_df8648,1785806307940864,2037617322,2,2,0,-63,128,0,15,15,15,14,13,13,13,13,13,13,13,13,13,14,14,14,14,15,16,16,16,16,16,16,17,17,0,0,0,0,0,0,0,0,0,0,0,6,6,7,8,8,9,10,10,11,11,11,12,12,12,11,12,12,12,12,12,13,13,13,14,14,14,0,28,28,28,28,27,26,27,25,26,25,25,24,25,27,27,27,29,29,30,31,31,32,31,31,32,33,31,32,0,0,0,0,0,0,0,10,11,12,13,14,16,16,17,18,21,21,21,22,22,22,22,24,25,23,24,25,25,26,26,27,28,28,27
20260804_021426_df8648,1785806308033113,2037714292,2,2,0,-66,128,0,14,15,15,15,15,16,16,17,16,17,17,17,17,18,18,19,19,20,21,21,22,20,22,22,21,22,0,0,0,0,0,0,0,0,0,0,0,4,4,4,4,2,2,2,1,1,1,2,2,3,4,5,5,5,6,7,8,9,9,10,11,12,12,0,27,27,28,29,29,31,30,32,31,32,32,32,34,34,34,36,36,37,38,39,40,40,41,42,42,42,42,42,0,0,0,0,0,0,0,10,10,8,7,7,7,6,4,4,2,1,3,3,5,6,7,8,10,10,12,14,15,16,18,19,22,23,25
20260804_021426_df8648,1785806308132538,2037813523,2,2,0,-67,128,0,6,6,5,5,4,4,4,4,4,4,4,4,5,5,5,6,7,7,8,8,9,10,10,11,12,12,0,0,0,0,0,0,0,0,0,0,0,22,22,22,22,23,22,22,22,22,21,20,19,18,17,16,14,13,13,12,12,11,10,9,9,8,7,0,12,11,10,9,9,9,8,8,8,8,8,8,9,9,11,11,13,13,15,16,18,19,21,22,23,24,26,26,0,0,0,0,0,0,0,40,41,42,42,43,43,44,43,43,41,42,40,38,37,34,33,30,29,26,25,23,22,21,19,18,16,15,15
20260804_021426_df8648,1785806308231317,2037911788,2,2,0,-55,128,0,13,13,12,12,12,11,11,10,10,10,9,9,9,9,9,10,9,10,9,9,9,9,9,8,8,7,0,0,0,0,0,0,0,0,0,0,0,14,15,15,16,16,17,17,18,18,18,17,17,17,17,16,16,15,15,16,15,15,15,15,14,14,14,0,25,24,24,22,22,22,21,20,19,19,18,18,19,19,19,19,18,18,18,18,17,17,17,16,16,14,13,13,0,0,0,0,0,0,0,25,27,27,28,29,31,33,33,33,34,34,34,34,33,32,32,31,31,30,29,30,29,29,28,28,28,28,26
20260804_021426_df8648,1785806308334219,2038012605,2,2,0,-54,128,0,14,14,14,14,13,12,12,11,12,11,11,11,11,11,11,11,11,11,11,11,11,11,11,10,10,10,0,0,0,0,0,0,0,0,0,0,0,12,12,13,15,15,15,16,17,17,17,17,17,16,16,16,16,16,16,16,16,15,15,15,16,15,15,0,54,53,51,51,48,48,46,44,44,44,43,41,42,41,43,42,44,45,44,44,42,41,40,39,37,37,36,34,0,0,0,0,0,0,0,42,45,47,49,52,53,57,58,60,61,62,63,63,62,61,60,59,60,59,59,58,59,59,58,58,58,58,57
20260804_021426_df8648,1785806308432742,2038111246,2,2,0,-58,128,0,14,14,13,13,14,13,14,13,13,13,13,15,14,15,14,16,16,17,17,17,17,17,17,17,17,17,0,0,0,0,0,0,0,0,0,0,0,8,9,9,10,11,10,12,12,13,11,12,11,12,12,12,12,13,12,12,13,13,13,13,14,14,13,0,27,27,27,25,26,29,26,26,26,26,25,24,28,28,28,29,30,31,32,32,32,34,33,33,32,33,30,32,0,0,0,0,0,0,0,16,15,15,14,18,19,20,18,20,20,24,26,23,24,23,21,24,22,22,25,21,25,23,23,27,23,22,25
20260804_021426_df8648,1785806308530928,2038211435,2,2,0,-67,128,0,11,11,10,10,10,10,11,9,8,10,11,11,11,11,12,13,14,15,16,16,16,17,19,19,19,20,0,0,0,0,0,0,0,0,0,0,0,12,13,13,13,14,14,14,14,14,15,14,15,15,14,13,13,12,12,12,12,11,11,11,11,11,11,0,43,43,42,43,41,40,40,36,40,39,42,39,42,42,43,46,53,55,58,60,60,65,70,72,72,74,74,80,0,0,0,0,0,0,0,41,46,46,50,49,50,53,54,56,58,57,59,55,55,54,54,53,50,49,44,48,46,45,46,42,44,45,44
20260804_021426_df8648,1785806308636126,2038313774,2,2,0,-57,128,0,13,13,12,11,10,10,10,9,9,9,9,8,8,8,9,9,8,9,9,8,9,9,8,9,9,9,0,0,0,0,0,0,0,0,0,0,0,18,18,18,19,20,20,20,21,21,20,19,19,19,18,17,17,17,16,16,16,14,14,14,14,14,14,0,24,23,21,22,19,18,18,17,17,18,16,16,16,16,17,15,16,16,16,17,17,16,17,16,17,17,16,16,0,0,0,0,0,0,0,29,31,32,33,34,34,36,35,36,36,36,37,34,34,34,32,32,31,29,29,29,27,27,28,26,26,25,24
20260804_021426_df8648,1785806308759062,2038437608,2,2,0,-59,128,0,14,14,14,14,14,14,14,14,14,14,15,15,14,15,14,15,15,15,16,15,15,15,15,15,14,14,0,0,0,0,0,0,0,0,0,0,0,5,5,5,6,6,6,6,7,7,8,9,9,9,9,10,10,11,11,11,12,12,13,13,14,14,14,0,60,60,60,60,59,59,59,57,59,58,58,58,60,59,58,60,61,61,62,61,61,60,60,58,59,60,58,58,0,0,0,0,0,0,0,22,23,22,21,23,24,23,25,26,29,30,31,33,36,35,40,40,42,44,44,45,46,50,50,52,54,56,56
20260804_021426_df8648,1785806308850293,2038531513,2,2,0,-59,128,0,13,13,14,15,15,14,15,15,15,16,16,16,16,17,18,18,16,21,19,19,18,21,21,22,21,21,0,0,0,0,0,0,0,0,0,0,0,5,6,6,7,7,7,8,8,9,9,9,10,9,10,10,10,10,11,11,12,12,12,13,13,13,14,0,28,26,31,29,29,29,29,27,31,30,30,29,33,34,32,34,35,37,45,37,41,29,37,38,34,46,35,36,0,0,0,0,0,0,0,10,11,10,11,12,11,14,13,14,16,16,16,16,17,18,18,18,20,21,20,22,21,23,22,26,23,26,28
20260804_021426_df8648,1785806308930183,2038611256,2,2,0,-60,128,0,11,12,12,12,13,13,13,14,14,14,15,15,16,16,16,17,17,18,18,17,19,19,18,18,18,18,0,0,0,0,0,0,0,0,0,0,0,14,14,14,13,14,14,14,13,13,11,11,11,11,10,9,9,9,9,9,9,9,9,10,10,11,11,0,22,23,23,24,24,25,25,26,27,28,28,27,29,29,30,32,32,34,34,34,34,34,35,35,36,37,34,37,0,0,0,0,0,0,0,27,26,28,27,27,27,26,27,26,26,24,23,22,22,21,19,19,18,19,17,16,18,16,17,19,19,20,21
20260804_021426_df8648,1785806309035472,2038711575,2,2,0,-58,128,0,14,14,14,14,14,13,13,13,13,14,14,14,14,15,14,15,15,15,14,16,16,15,15,15,16,16,0,0,0,0,0,0,0,0,0,0,0,11,11,12,12,12,13,12,13,13,13,13,13,13,13,13,13,13,13,13,13,13,13,12,13,14,14,0,52,51,50,52,53,54,53,53,51,52,54,52,52,53,55,55,56,59,56,59,57,57,57,57,57,60,58,61,0,0,0,0,0,0,0,40,39,40,42,42,45,45,48,47,48,48,48,48,46,47,46,47,46,47,48,49,47,47,49,47,49,49,49
20260804_021426_df8648,1785806309136180,2038814010,2,2,0,-60,128,0,10,10,9,10,9,9,10,10,9,10,10,11,11,12,12,12,13,13,14,14,14,14,15,15,15,16,0,0,0,0,0,0,0,0,0,0,0,16,17,18,18,18,18,18,18,18,19,17,17,16,15,15,15,14,13,13,13,13,12,11,11,10,11,0,18,17,17,17,17,16,17,18,18,19,21,21,21,21,21,23,24,24,25,27,27,27,28,28,29,30,30,30,0,0,0,0,0,0,0,27,29,30,30,31,33,32,33,33,33,34,33,31,31,30,29,28,27,26,25,23,22,23,21,21,20,19,18
20260804_021426_df8648,1785806309235467,2038913810,2,2,0,-63,128,0,7,7,8,8,9,9,10,11,12,13,14,14,15,16,17,17,18,19,20,21,21,22,22,22,23,23,0,0,0,0,0,0,0,0,0,0,0,12,12,12,12,13,13,13,13,13,13,12,12,12,11,11,10,9,10,9,9,8,8,7,6,7,7,0,12,12,16,14,16,17,18,20,21,22,25,26,27,28,30,32,33,35,37,38,39,41,41,41,41,44,43,43,0,0,0,0,0,0,0,20,21,22,23,23,23,25,24,25,25,25,23,23,22,22,21,19,20,19,17,17,16,17,14,13,13,12,12
20260804_021426_df8648,1785806309335676,2039011532,2,2,0,-56,128,0,13,12,11,11,11,11,11,11,11,11,12,12,12,12,12,12,12,13,12,13,12,12,12,12,12,12,0,0,0,0,0,0,0,0,0,0,0,14,15,16,16,17,17,17,18,18,18,18,18,18,17,16,16,16,16,15,15,14,14,14,14,13,13,0,23,22,21,22,20,21,21,20,20,21,21,21,21,21,22,23,23,24,24,24,22,22,22,22,21,21,21,21,0,0,0,0,0,0,0,23,25,26,26,29,29,31,31,32,32,33,33,32,32,30,30,29,29,28,28,27,26,26,25,25,25,23,24
20260804_021426_df8648,1785806309433556,2039111796,2,2,0,-54,128,0,13,14,14,14,13,13,13,13,12,13,13,13,13,14,14,14,14,14,15,15,14,14,14,14,14,14,0,0,0,0,0,0,0,0,0,0,0,10,11,11,12,12,12,13,13,13,14,14,13,14,13,14,13,13,13,14,14,13,14,13,14,13,13,0,51,52,51,51,50,50,50,49,47,49,51,49,50,49,52,52,51,55,54,54,54,55,54,53,52,53,51,53,0,0,0,0,0,0,0,35,36,38,40,42,44,46,47,48,50,52,52,52,51,52,52,51,54,52,54,53,53,54,53,54,55,54,53
20260804_021426_df8648,1785806309531441,2039211532,2,2,0,-58,128,0,11,11,10,11,11,11,11,12,11,12,12,13,13,14,15,15,16,16,16,17,17,17,18,18,18,17,0,0,0,0,0,0,0,0,0,0,0,13,14,15,15,15,15,15,15,15,15,15,15,15,14,14,14,14,13,13,13,13,13,12,12,12,11,0,20,20,21,20,20,20,21,21,21,22,23,23,26,26,25,29,27,30,31,32,32,32,32,32,34,35,32,35,0,0,0,0,0,0,0,24,25,25,25,27,28,28,27,28,29,29,28,27,28,28,26,26,25,26,23,25,25,24,23,22,21,22,21
20260804_021426_df8648,1785806309647457,2039327406,2,2,0,-57,128,0,13,13,13,12,13,12,13,12,12,13,14,14,14,14,14,15,14,15,15,15,15,15,14,15,15,15,0,0,0,0,0,0,0,0,0,0,0,13,14,13,14,14,15,15,15,15,15,15,15,14,14,14,14,14,13,14,13,13,13,13,13,13,13,0,50,47,49,48,49,47,47,49,48,49,50,51,52,53,53,57,53,59,58,58,57,57,56,55,56,57,53,54,0,0,0,0,0,0,0,45,48,48,51,50,54,55,56,56,58,56,55,55,55,54,54,54,52,52,52,52,51,52,50,51,51,49,51
20260804_021426_df8648,1785806309735491,2039411723,2,2,0,-61,128,0,10,10,9,9,9,10,10,10,10,11,11,11,12,12,14,14,15,15,16,16,16,16,16,16,15,16,0,0,0,0,0,0,0,0,0,0,0,13,14,14,14,14,15,15,16,15,15,15,14,14,14,13,14,13,13,13,13,12,12,11,11,11,10,0,18,18,18,19,18,18,18,19,19,22,22,22,22,25,25,25,26,28,30,30,30,30,31,30,31,32,31,31,0,0,0,0,0,0,0,23,24,25,26,26,27,28,28,29,30,29,29,28,28,27,27,27,26,24,25,24,23,23,22,21,21,21,18
20260804_021426_df8648,1785806309834627,2039511600,2,2,0,-60,128,0,13,14,14,14,14,15,15,15,16,16,16,17,17,17,18,18,18,19,19,19,18,19,18,18,18,18,0,0,0,0,0,0,0,0,0,0,0,10,10,11,11,12,11,12,12,12,12,11,12,12,10,11,11,11,11,11,12,11,11,11,12,12,12,0,25,26,26,26,27,27,28,28,29,30,31,30,31,32,33,34,35,35,35,35,35,35,35,33,34,34,33,33,0,0,0,0,0,0,0,18,19,19,18,20,21,21,20,20,21,21,21,20,20,21,19,20,20,20,20,21,22,22,22,22,22,22,23
20260804_021426_df8648,1785806309929710,2039612835,2,2,0,-61,128,0,12,12,13,14,14,15,15,15,15,16,16,18,17,18,19,20,20,20,21,21,21,21,21,20,20,20,0,0,0,0,0,0,0,0,0,0,0,3,3,2,2,2,1,2,1,2,3,2,4,4,4,5,5,6,6,7,8,8,8,9,10,10,11,0,25,25,26,28,28,29,29,30,31,30,32,32,34,35,36,37,39,37,38,40,39,38,38,37,36,37,37,36,0,0,0,0,0,0,0,7,6,5,5,4,3,4,3,3,3,4,4,5,7,8,8,9,10,11,11,13,15,14,16,19,20,21,23
20260804_021426_df8648,1785806310033620,2039711775,2,2,0,-66,128,0,10,9,8,7,6,6,5,4,4,4,5,4,5,5,7,6,7,8,9,9,10,11,12,12,13,14,0,0,0,0,0,0,0,0,0,0,0,18,19,19,19,20,20,21,21,21,21,21,20,20,19,19,18,18,17,17,16,16,15,14,13,13,12,0,19,18,15,14,12,10,9,9,8,8,8,8,10,10,12,13,14,16,17,18,20,21,23,23,25,26,27,27,0,0,0,0,0,0,0,31,32,34,35,35,36,37,38,40,40,40,40,39,38,37,36,35,35,33,32,31,31,31,28,27,25,25,23
20260804_021426_df8648,1785806310133144,2039812129,2,2,0,-68,128,0,10,9,8,8,7,6,6,6,6,5,7,7,6,7,7,8,8,9,8,9,10,10,12,12,13,14,0,0,0,0,0,0,0,0,0,0,0,14,15,15,15,17,17,18,19,19,19,19,19,19,18,18,18,18,16,17,16,16,16,15,14,14,13,0,19,19,16,15,14,12,12,12,11,12,12,13,13,15,15,15,15,17,17,19,19,20,23,24,26,27,28,30,0,0,0,0,0,0,0,26,26,26,29,30,31,33,33,34,35,35,35,35,36,35,35,33,33,33,31,32,31,30,29,28,26,25,23
20260804_021426_df8648,1785806310236670,2039912359,2,2,0,-62,128,0,10,9,9,9,9,9,9,9,9,9,9,10,11,11,10,11,11,11,12,12,12,12,12,12,13,14,0,0,0,0,0,0,0,0,0,0,0,17,18,18,20,19,20,20,20,20,19,19,18,18,17,17,17,15,15,15,13,13,13,12,12,12,11,0,18,18,18,16,15,15,16,15,16,18,17,19,18,18,18,19,19,21,21,22,22,21,23,22,23,25,25,26,0,0,0,0,0,0,0,31,33,32,35,36,36,37,38,37,37,37,36,36,34,32,32,30,31,29,27,27,27,26,25,24,22,22,22
20260804_021426_df8648,1785806310330334,2040010832,2,2,0,-62,128,0,9,9,9,10,10,10,11,12,11,11,12,13,13,13,14,14,15,15,16,16,16,16,16,16,16,16,0,0,0,0,0,0,0,0,0,0,0,15,16,16,16,17,16,16,16,16,16,15,15,14,14,13,13,12,12,11,11,10,11,10,10,10,10,0,17,18,18,18,19,19,21,21,21,21,23,24,24,26,25,25,28,28,29,29,29,30,30,30,30,31,30,32,0,0,0,0,0,0,0,27,28,29,30,30,31,32,31,32,31,31,31,30,29,28,27,26,25,23,24,22,22,20,22,20,19,18,19
20260804_021426_df8648,1785806310434235,2040114425,2,2,0,-62,128,0,7,7,7,7,8,8,8,9,8,8,10,11,11,11,12,12,12,13,14,14,15,15,15,16,16,17,0,0,0,0,0,0,0,0,0,0,0,15,15,15,16,17,17,17,17,18,17,17,17,16,15,15,14,14,14,13,12,12,11,10,10,9,9,0,14,13,14,13,15,14,15,17,17,18,20,19,20,22,22,24,25,27,28,28,29,29,29,31,30,31,31,33,0,0,0,0,0,0,0,26,27,28,28,30,31,32,32,33,32,32,32,31,31,30,28,28,27,26,26,25,24,22,22,19,19,17,16
20260804_021426_df8648,1785806310549208,2040231397,2,2,0,-64,128,0,4,5,6,7,8,8,9,9,10,12,12,12,13,13,15,16,16,17,17,17,18,18,20,20,19,21,0,0,0,0,0,0,0,0,0,0,0,17,16,17,17,17,16,16,16,16,16,15,15,13,12,11,10,9,9,7,7,6,6,5,4,4,3,0,9,10,10,14,15,17,16,19,21,23,25,24,25,26,27,30,32,31,34,35,36,36,36,36,38,40,40,39,0,0,0,0,0,0,0,29,30,31,31,30,31,30,32,30,30,31,29,26,23,24,22,21,19,17,15,14,14,12,9,9,8,7,7
20260804_021426_df8648,1785806310640930,2040317594,2,2,0,-65,128,0,5,4,5,5,6,6,6,8,9,9,9,9,10,10,12,12,12,13,13,14,14,14,15,16,16,16,0,0,0,0,0,0,0,0,0,0,0,20,21,21,20,21,21,21,21,20,19,18,17,16,15,14,13,13,12,11,10,9,8,7,6,7,5,0,10,9,9,10,12,12,13,15,15,17,17,19,20,20,22,22,23,24,27,28,28,28,29,30,29,33,30,32,0,0,0,0,0,0,0,35,36,38,38,37,39,38,39,39,38,36,35,33,31,29,28,26,24,23,20,20,19,16,14,13,13,11,9
20260804_021426_df8648,1785806310732756,2040411024,2,2,0,-64,128,0,11,11,12,12,12,13,13,13,13,13,13,15,15,15,16,17,17,17,18,18,19,19,20,19,20,21,0,0,0,0,0,0,0,0,0,0,0,13,12,12,12,11,11,12,11,11,11,11,10,9,9,9,9,9,8,8,8,9,9,9,9,10,10,0,40,47,46,42,44,47,48,49,49,50,53,52,54,57,60,61,64,66,70,69,72,74,74,74,75,77,82,78,0,0,0,0,0,0,0,46,47,46,47,47,49,49,45,47,45,44,46,40,37,37,34,35,34,31,32,34,31,31,31,34,37,38,40
20260804_021426_df8648,1785806310831000,2040512520,2,2,0,-63,128,0,7,8,8,9,9,10,11,11,12,12,13,13,14,16,17,17,17,18,19,19,21,21,21,21,22,22,0,0,0,0,0,0,0,0,0,0,0,12,13,13,12,12,12,11,11,10,10,9,8,7,6,6,4,4,2,2,2,1,3,2,3,4,5,0,14,16,17,18,19,21,21,22,24,25,26,27,29,31,32,34,35,36,37,39,40,40,41,43,43,43,43,45,0,0,0,0,0,0,0,25,24,23,24,25,24,24,23,22,21,20,19,17,15,14,12,11,9,7,6,4,4,4,4,5,7,9,10
20260804_021426_df8648,1785806310928945,2040611418,2,2,0,-61,128,0,7,9,9,10,11,11,12,13,13,13,15,16,16,17,17,19,19,20,21,21,22,22,22,22,22,22,0,0,0,0,0,0,0,0,0,0,0,13,13,13,13,13,13,12,11,11,10,9,8,8,7,6,5,4,3,2,1,2,2,3,4,4,6,0,13,16,17,19,19,21,22,24,25,26,28,29,30,32,33,35,36,38,39,40,40,41,42,41,42,42,43,43,0,0,0,0,0,0,0,26,25,24,25,24,26,24,25,24,23,21,20,19,17,15,14,11,11,8,6,5,4,4,3,5,6,8,9
20260804_021426_df8648,1785806311033839,2040711846,2,2,0,-57,128,0,15,15,15,15,15,16,15,16,15,16,17,15,16,16,17,18,18,17,18,18,19,18,18,18,18,18,0,0,0,0,0,0,0,0,0,0,0,7,7,8,7,9,8,8,9,9,9,10,10,10,10,11,11,12,12,11,12,12,13,13,14,14,14,0,26,28,28,30,29,30,29,28,28,29,31,30,29,32,35,32,31,36,35,35,36,34,35,34,34,36,33,33,0,0,0,0,0,0,0,11,11,12,14,15,13,14,14,17,18,18,18,20,20,19,20,20,21,22,23,24,23,25,24,25,26,26,30
20260804_021426_df8648,1785806311143278,2040819522,2,2,0,-57,128,0,15,15,15,15,15,14,15,15,15,14,15,15,15,15,16,16,16,17,16,17,17,17,17,17,17,17,0,0,0,0,0,0,0,0,0,0,0,4,5,5,6,7,7,8,7,8,9,9,10,10,10,11,11,11,11,12,12,12,13,13,14,14,14,0,29,29,28,28,28,28,28,28,28,28,28,28,30,29,28,31,31,33,33,33,33,33,31,32,32,33,33,32,0,0,0,0,0,0,0,8,9,9,10,11,11,13,12,14,16,17,16,18,18,19,20,21,21,21,22,23,24,24,25,26,26,28,27
20260804_021426_df8648,1785806311235337,2040912064,2,2,0,-56,128,0,14,13,14,13,13,13,13,13,13,13,14,14,14,14,14,15,15,15,16,15,16,16,16,15,16,16,0,0,0,0,0,0,0,0,0,0,0,4,5,5,6,7,8,8,8,9,9,9,10,10,10,11,11,11,11,12,12,12,12,12,13,13,13,0,55,57,57,57,55,54,53,55,55,55,55,56,55,58,58,62,61,62,63,62,63,63,62,63,62,62,62,61,0,0,0,0,0,0,0,18,17,20,22,23,23,27,29,32,32,35,36,41,40,41,43,45,45,46,46,49,49,49,49,52,52,54,54
20260804_021426_df8648,1785806311334089,2041013640,2,2,0,-58,128,0,14,14,15,14,14,15,15,15,15,15,16,15,15,16,16,17,17,17,18,17,18,17,17,18,18,17,0,0,0,0,0,0,0,0,0,0,0,4,4,4,5,5,6,7,8,8,8,8,9,9,9,9,10,10,11,12,12,12,13,13,13,14,14,0,29,30,29,29,29,29,30,28,30,30,31,30,31,32,32,33,33,34,35,36,36,36,35,35,35,34,35,34,0,0,0,0,0,0,0,6,8,7,9,9,11,10,11,13,13,16,16,17,16,19,19,19,20,20,21,22,22,23,25,25,25,27,27
20260804_021426_df8648,1785806311455636,2041132737,2,2,0,-61,128,0,16,17,16,17,17,17,16,15,16,16,16,16,17,16,17,18,18,18,18,19,19,19,19,18,18,18,0,0,0,0,0,0,0,0,0,0,0,4,5,5,7,6,7,6,9,8,9,8,9,9,9,9,9,10,9,11,11,14,12,14,14,14,15,0,63,60,69,61,64,59,59,63,57,65,63,61,69,63,59,67,72,73,74,73,67,66,64,72,69,73,64,69,0,0,0,0,0,0,0,17,17,23,19,21,20,25,26,26,28,26,32,34,38,45,39,33,38,40,43,44,48,49,49,52,47,55,58
20260804_021426_df8648,1785806311544001,2041222294,2,2,0,-65,128,0,6,7,7,8,9,9,10,10,11,11,12,11,11,13,13,13,14,15,15,15,16,16,16,16,17,18,0,0,0,0,0,0,0,0,0,0,0,20,20,20,21,21,21,20,20,19,18,17,16,16,15,14,12,11,10,9,9,8,7,5,4,4,4,0,11,12,14,15,16,17,18,19,20,21,21,23,23,24,25,25,27,27,29,28,30,30,31,31,32,32,34,33,0,0,0,0,0,0,0,34,35,36,37,39,39,39,39,38,37,36,34,33,31,29,27,25,23,21,20,17,15,13,12,9,7,7,8
20260804_021426_df8648,1785806311653343,2041331941,2,2,0,-66,128,0,13,14,15,14,15,16,16,16,17,17,18,18,18,20,19,21,20,21,22,22,22,22,22,22,23,22,0,0,0,0,0,0,0,0,0,0,0,5,5,5,4,4,3,3,3,2,2,1,0,0,2,2,3,3,4,5,6,7,8,9,10,10,11,0,24,26,26,28,28,30,30,30,31,34,31,33,33,36,35,37,37,40,40,40,42,41,41,41,42,44,41,44,0,0,0,0,0,0,0,10,9,10,11,9,8,8,7,7,5,4,3,2,0,1,2,3,4,7,6,9,11,11,14,15,18,19,20
20260804_021426_df8648,1785806311733632,2041411423,2,2,0,-66,128,0,13,13,13,15,15,15,16,16,17,15,17,17,17,18,17,18,17,19,19,18,19,19,19,18,19,19,0,0,0,0,0,0,0,0,0,0,0,11,12,11,11,11,11,11,11,11,10,10,9,11,9,11,9,8,8,9,8,8,8,9,9,11,11,0,23,25,25,27,28,28,30,29,31,30,32,32,32,33,33,35,33,35,35,35,35,35,35,34,35,34,34,33,0,0,0,0,0,0,0,20,20,21,21,21,21,22,21,21,20,21,19,18,18,21,18,14,16,16,14,16,13,16,15,16,17,19,20
20260804_021426_df8648,1785806311830833,2041512074,2,2,0,-60,128,0,15,16,16,16,15,15,15,15,15,15,15,15,15,15,15,16,16,17,17,17,17,17,17,16,16,17,0,0,0,0,0,0,0,0,0,0,0,6,6,6,7,7,9,9,9,10,10,10,11,11,12,12,12,12,13,12,13,13,14,14,14,15,15,0,59,61,58,60,55,58,58,56,58,59,57,56,57,55,60,58,62,61,64,64,64,61,64,61,61,62,62,62,0,0,0,0,0,0,0,21,22,23,24,26,27,30,31,33,34,37,39,40,41,41,42,42,46,43,46,47,50,49,52,55,54,55,55
20260804_021426_df8648,1785806311936375,2041616370,2,2,0,-61,128,0,15,15,16,15,15,15,15,15,15,15,15,15,15,16,16,16,16,17,18,17,18,17,17,17,17,17,0,0,0,0,0,0,0,0,0,0,0,5,6,7,7,8,8,9,9,9,9,10,10,11,11,11,11,12,12,12,13,13,13,14,14,15,15,0,28,29,29,29,29,28,29,30,28,29,30,29,29,30,31,31,32,33,34,34,34,33,34,34,34,35,34,34,0,0,0,0,0,0,0,9,10,11,12,12,13,13,15,16,17,19,19,20,20,20,20,21,22,22,23,25,25,24,27,27,27,28,29
20260804_021426_df8648,1785806312039564,2041719684,2,2,0,-56,128,0,14,14,14,14,14,14,14,14,13,14,14,13,13,14,14,14,15,15,15,15,15,15,15,15,14,14,0,0,0,0,0,0,0,0,0,0,0,6,6,7,7,8,9,9,9,10,11,11,10,11,11,11,11,11,12,11,13,13,13,14,14,14,14,0,57,58,60,58,57,56,55,55,55,53,54,55,55,57,55,58,59,58,60,60,60,60,59,56,58,57,55,54,0,0,0,0,0,0,0,20,23,23,27,28,32,31,35,35,37,39,42,41,42,43,46,47,46,47,48,52,51,52,53,52,56,57,55
20260804_021426_df8648,1785806312138682,2041817485,2,2,0,-55,128,0,15,14,15,14,15,15,15,15,15,15,16,14,15,15,16,17,17,16,16,15,17,16,17,17,17,16,0,0,0,0,0,0,0,0,0,0,0,7,7,8,9,9,9,9,10,11,11,11,12,12,12,12,12,12,12,12,13,13,13,13,14,14,14,0,28,28,28,25,28,28,28,29,27,29,29,28,29,30,29,31,31,32,32,32,31,33,31,32,32,31,31,30,0,0,0,0,0,0,0,12,13,13,14,14,17,17,17,18,18,19,20,21,21,22,23,22,23,22,22,21,25,24,26,27,27,27,27
20260804_021426_df8648,1785806312231228,2041912160,2,2,0,-58,128,0,14,14,15,14,14,14,14,14,14,15,15,15,15,15,15,16,16,16,16,16,16,16,17,17,17,17,0,0,0,0,0,0,0,0,0,0,0,3,4,4,5,5,6,6,7,8,8,9,9,9,10,10,10,12,12,11,12,12,13,13,13,14,14,0,59,57,57,60,57,57,57,57,58,58,59,59,59,58,59,62,63,63,64,64,66,65,65,64,66,62,62,64,0,0,0,0,0,0,0,11,12,14,16,18,20,22,24,27,28,30,34,36,37,39,38,40,40,44,45,47,47,49,51,52,53,55,55
20260804_021426_df8648,1785806312329007,2042011757,2,2,0,-60,128,0,13,14,14,14,14,14,14,14,14,14,14,15,15,16,16,16,17,17,18,18,18,18,18,18,18,17,0,0,0,0,0,0,0,0,0,0,0,0,1,1,1,1,2,3,4,4,5,5,6,6,7,7,8,8,8,9,9,9,10,12,12,12,13,0,56,54,57,55,59,59,58,58,59,60,62,60,63,65,65,68,68,72,72,72,74,73,73,73,72,73,72,73,0,0,0,0,0,0,0,3,4,3,4,4,7,10,12,13,16,19,20,22,24,26,28,30,31,33,36,39,38,42,43,43,48,51,51
20260804_021426_df8648,1785806312434042,2042111856,2,2,0,-59,128,0,14,14,15,15,15,15,15,15,16,16,16,16,16,16,17,17,18,18,18,18,19,19,18,19,18,18,0,0,0,0,0,0,0,0,0,0,0,6,6,6,6,7,8,8,9,8,9,9,9,9,9,9,10,10,10,10,11,11,12,12,12,13,13,0,29,29,30,28,30,29,30,30,29,30,31,31,31,33,32,34,34,35,36,36,36,36,36,36,35,36,35,35,0,0,0,0,0,0,0,11,11,11,12,12,13,14,14,15,16,17,17,18,17,18,18,19,20,20,20,21,22,23,24,25,26,26,27
20260804_021426_df8648,1785806312532910,2042211941,2,2,0,-62,128,0,14,14,15,15,15,15,16,16,16,17,16,17,18,18,18,18,19,19,20,20,20,20,21,21,21,21,0,0,0,0,0,0,0,0,0,0,0,7,7,8,7,7,8,7,7,7,7,7,7,6,7,7,7,8,8,8,9,9,9,10,11,12,12,0,25,27,27,28,29,29,29,30,30,32,32,31,33,33,34,34,37,37,38,38,40,40,39,39,40,42,40,41,0,0,0,0,0,0,0,14,13,13,13,14,14,14,13,14,14,13,13,13,14,12,13,12,13,14,16,16,16,17,17,19,21,22,23
20260804_021426_df8648,1785806312636233,2042312435,2,2,0,-62,128,0,12,11,12,14,14,14,15,15,16,16,16,16,16,17,17,18,18,19,19,20,21,21,21,21,21,22,0,0,0,0,0,0,0,0,0,0,0,9,10,10,10,10,10,9,9,9,8,8,8,8,7,7,7,7,7,7,7,8,9,9,10,10,11,0,23,24,24,25,26,26,28,29,29,31,30,32,34,34,33,35,36,36,38,39,39,39,41,40,40,41,42,42,0,0,0,0,0,0,0,18,19,20,18,20,19,18,19,18,17,18,16,15,14,14,14,13,13,14,15,13,14,15,17,17,17,20,19
20260804_021426_df8648,1785806312734665,2042414389,2,2,0,-64,128,0,2,4,4,5,6,7,8,9,9,10,11,12,12,13,14,15,16,17,18,18,19,19,20,21,21,22,0,0,0,0,0,0,0,0,0,0,0,15,15,15,15,15,15,15,15,14,13,13,12,11,10,10,9,8,7,7,5,5,4,3,2,1,1,0,4,7,9,9,11,13,16,16,18,20,22,23,24,26,27,29,30,32,34,36,38,38,38,40,41,43,43,45,0,0,0,0,0,0,0,29,30,30,30,29,30,30,30,29,29,28,27,26,24,23,20,19,18,16,14,13,12,9,8,6,4,3,2
20260804_021426_df8648,1785806312833385,2042512899,2,2,0,-59,128,0,10,10,9,8,8,7,7,6,6,6,6,6,6,6,6,6,6,7,7,8,8,8,9,9,10,10,0,0,0,0,0,0,0,0,0,0,0,18,19,19,19,21,20,21,21,21,21,20,19,19,18,18,17,17,16,15,15,15,14,14,14,13,12,0,19,18,16,15,14,13,13,12,10,10,11,11,10,11,10,11,11,12,13,13,14,16,17,18,18,19,19,20,0,0,0,0,0,0,0,32,34,34,36,35,37,37,39,39,38,38,37,37,36,35,34,33,30,30,29,29,27,27,25,24,25,23,22
20260804_021426_df8648,1785806312939027,2042619406,2,2,0,-57,128,0,13,12,12,11,11,10,10,9,9,9,9,9,9,9,9,8,8,8,9,9,9,8,8,9,9,9,0,0,0,0,0,0,0,0,0,0,0,16,17,18,19,19,20,19,20,19,20,19,19,18,18,17,17,17,16,16,16,16,15,15,15,14,14,0,23,23,22,21,19,19,18,18,17,17,17,17,16,16,16,16,17,16,17,16,17,16,16,16,16,17,16,16,0,0,0,0,0,0,0,28,29,31,31,33,34,35,36,36,36,36,37,37,36,35,34,34,33,32,32,31,31,30,28,27,27,26,26
20260804_021426_df8648,1785806313048838,2042727650,2,2,0,-62,128,0,13,12,12,11,11,11,11,11,10,11,11,11,12,12,13,13,14,14,14,15,15,15,16,16,16,16,0,0,0,0,0,0,0,0,0,0,0,11,11,12,12,13,13,14,15,15,16,16,16,16,16,16,16,16,16,15,15,14,14,14,14,13,13,0,48,46,43,43,41,41,40,40,41,42,43,43,44,45,48,48,52,54,54,56,56,58,60,60,59,60,60,63,0,0,0,0,0,0,0,36,39,41,43,45,47,50,52,56,56,57,59,60,61,61,59,59,60,59,58,58,57,55,55,55,54,51,50
20260804_021426_df8648,1785806313142127,2042817546,2,2,0,-63,128,0,9,9,9,9,9,10,10,11,11,11,12,13,13,14,15,16,16,16,18,18,18,18,18,18,19,20,0,0,0,0,0,0,0,0,0,0,0,14,15,15,16,16,16,16,16,17,16,16,16,15,15,14,14,13,13,12,11,12,11,11,10,10,9,0,33,32,33,35,36,36,40,40,41,42,46,48,52,54,55,59,61,63,65,67,68,70,69,73,72,72,72,74,0,0,0,0,0,0,0,49,51,53,56,56,59,59,61,59,58,58,58,56,56,57,54,52,48,48,47,43,43,39,39,37,34,33,32
20260804_021426_df8648,1785806313234481,2042911636,2,2,0,-53,128,0,14,13,13,13,13,13,13,13,13,13,13,13,14,14,14,14,14,14,14,14,13,13,13,13,13,13,0,0,0,0,0,0,0,0,0,0,0,10,10,11,12,11,12,12,12,12,12,12,13,13,12,12,12,12,12,12,12,12,13,13,13,13,13,0,54,53,51,53,53,50,52,52,53,52,51,54,54,56,54,54,56,56,55,55,54,54,52,52,50,50,47,48,0,0,0,0,0,0,0,37,39,40,41,44,44,45,46,48,48,49,50,47,48,48,48,47,46,47,45,45,48,49,49,50,49,51,51
20260804_021426_df8648,1785806313355099,2043035049,2,2,0,-55,128,0,13,14,14,14,14,14,14,14,15,15,15,16,16,16,17,17,17,18,18,18,18,18,18,18,18,18,0,0,0,0,0,0,0,0,0,0,0,9,9,10,10,10,11,11,11,12,11,11,11,11,11,11,11,11,11,11,11,12,12,12,13,13,13,0,49,50,50,51,51,54,53,54,54,55,57,58,59,61,62,63,66,66,68,68,68,68,67,67,66,68,64,64,0,0,0,0,0,0,0,32,33,34,35,35,36,38,38,40,40,41,41,40,39,40,41,39,41,40,40,41,43,44,44,45,46,46,49
20260804_021426_df8648,1785806313435356,2043112381,2,2,0,-59,128,0,13,13,13,13,11,12,12,12,11,11,11,11,11,11,12,12,12,12,13,12,12,12,12,12,12,12,0,0,0,0,0,0,0,0,0,0,0,13,14,15,15,17,16,17,17,16,16,17,16,16,16,15,16,15,15,14,14,14,14,14,14,14,13,0,49,48,47,47,43,44,43,43,41,44,43,42,42,44,43,45,46,45,48,48,46,46,48,46,47,47,48,48,0,0,0,0,0,0,0,45,50,49,51,56,56,60,59,62,61,60,62,61,60,60,57,55,58,55,55,54,54,54,52,52,51,51,49
20260804_021426_df8648,1785806313537365,2043214776,2,2,0,-57,128,0,13,13,13,13,13,13,13,12,13,13,13,13,13,14,14,14,15,14,14,14,14,14,14,14,13,14,0,0,0,0,0,0,0,0,0,0,0,14,15,15,16,16,16,16,17,17,17,17,16,16,16,15,14,14,14,14,14,14,15,14,14,13,13,0,48,47,48,45,46,46,46,46,45,47,46,48,49,49,50,50,51,52,53,50,51,50,49,49,49,50,49,48,0,0,0,0,0,0,0,48,50,50,53,57,58,59,61,61,61,62,61,61,58,57,54,55,53,53,52,52,51,51,49,48,49,47,47
20260804_021426_df8648,1785806313646004,2043324399,2,2,0,-55,128,0,15,14,14,14,13,13,13,12,12,12,13,13,13,13,13,13,13,14,14,14,14,13,14,13,13,13,0,0,0,0,0,0,0,0,0,0,0,15,15,15,16,16,16,17,17,17,17,17,17,17,16,16,16,16,16,16,15,16,16,15,15,15,15,0,25,26,24,24,23,23,22,21,22,23,22,22,22,22,23,22,25,23,24,23,24,23,23,23,24,22,23,23,0,0,0,0,0,0,0,23,24,25,25,27,28,29,28,29,30,30,30,29,30,29,29,28,30,27,28,27,28,27,27,28,26,26,27
20260804_021426_df8648,1785806313736198,2043411743,2,2,0,-56,128,0,14,14,13,13,13,13,13,13,13,13,13,13,13,13,13,14,14,14,14,14,13,13,13,13,13,13,0,0,0,0,0,0,0,0,0,0,0,15,15,15,17,16,17,17,17,16,17,16,16,16,16,16,15,15,15,14,14,14,14,14,14,14,14,0,49,51,48,47,49,47,48,47,46,48,48,48,49,51,48,50,52,51,50,49,51,48,49,47,48,46,45,47,0,0,0,0,0,0,0,49,51,52,56,57,60,60,61,63,62,63,62,61,60,59,57,57,54,54,52,52,53,52,53,51,51,51,49
20260804_021426_df8648,1785806313843800,2043520727,2,2,0,-54,128,0,14,13,13,12,11,11,11,10,10,10,10,9,9,9,9,8,8,7,7,7,6,5,6,6,5,5,0,0,0,0,0,0,0,0,0,0,0,14,15,16,17,17,18,18,18,19,19,19,18,18,18,17,18,17,18,17,17,16,17,16,16,16,15,0,26,25,23,23,20,20,21,17,17,18,17,18,18,16,17,16,15,13,13,14,13,13,11,10,9,7,8,8,0,0,0,0,0,0,0,24,24,25,26,28,29,32,31,34,32,33,34,33,33,34,34,31,32,30,32,31,31,29,29,27,30,29,25
20260804_021426_df8648,1785806313934365,2043611268,2,2,0,-57,128,0,14,14,13,13,13,12,12,12,12,13,12,12,11,13,11,13,13,13,12,13,12,11,11,11,11,11,0,0,0,0,0,0,0,0,0,0,0,15,16,16,17,18,18,18,20,20,20,18,19,18,18,18,17,18,17,18,17,16,16,16,15,16,16,0,23,24,22,22,20,23,22,22,21,20,21,22,22,23,20,19,22,21,21,19,19,20,20,19,20,18,18,19,0,0,0,0,0,0,0,22,25,25,27,28,29,31,30,33,35,32,32,32,31,31,33,33,31,30,29,29,29,27,26,27,27,24,25
20260804_021426_df8648,1785806314036719,2043713460,2,2,0,-58,128,0,12,11,10,11,9,9,8,8,9,8,8,9,9,10,8,10,9,9,9,8,9,8,8,9,8,8,0,0,0,0,0,0,0,0,0,0,0,16,17,17,20,21,21,20,22,22,22,21,21,21,19,18,19,18,17,18,16,16,16,16,15,14,14,0,22,21,19,18,17,17,13,15,14,17,16,15,14,14,14,15,16,15,16,16,16,14,13,14,14,16,15,16,0,0,0,0,0,0,0,26,27,29,30,31,36,34,36,36,38,40,39,38,38,35,35,35,35,33,34,31,29,29,28,25,26,25,24
20260804_021426_df8648,1785806314137078,2043814989,2,2,0,-58,128,0,11,11,11,9,9,9,8,7,7,7,8,7,6,6,7,7,6,7,7,6,7,8,7,8,8,9,0,0,0,0,0,0,0,0,0,0,0,17,16,18,18,20,20,20,21,22,21,20,21,20,19,19,18,17,17,17,16,16,15,15,13,13,14,0,21,18,17,17,15,15,13,13,13,13,14,12,12,12,12,13,13,12,13,14,14,14,14,15,15,15,16,17,0,0,0,0,0,0,0,26,28,29,30,32,33,35,35,37,38,37,37,35,35,35,34,33,33,31,31,30,28,28,26,26,24,24,22
20260804_021426_df8648,1785806314235102,2043910661,2,2,0,-57,128,0,12,12,12,10,11,11,10,11,10,10,11,11,10,11,11,12,11,11,11,11,11,11,11,11,11,11,0,0,0,0,0,0,0,0,0,0,0,14,16,16,17,17,18,18,20,20,19,18,18,18,18,17,16,17,14,15,15,15,15,13,13,14,14,0,22,24,21,22,21,18,18,19,18,19,19,18,22,20,22,21,21,19,21,21,21,20,22,20,20,21,21,21,0,0,0,0,0,0,0,25,26,27,27,30,30,35,33,35,36,37,37,34,34,34,34,32,30,32,30,30,29,28,26,27,27,25,26
20260804_021426_df8648,1785806314339836,2044015515,2,2,0,-56,128,0,13,13,12,12,12,12,11,11,10,10,11,11,10,10,11,11,11,11,12,11,12,12,11,11,12,11,0,0,0,0,0,0,0,0,0,0,0,14,14,15,17,17,17,18,18,18,18,18,18,18,18,18,18,17,16,16,16,16,15,14,15,15,14,0,25,25,23,21,22,21,20,17,19,18,19,20,17,21,20,20,21,22,22,20,22,23,22,22,22,21,21,22,0,0,0,0,0,0,0,23,25,25,26,29,29,31,31,34,34,37,36,33,32,32,34,32,32,28,29,29,29,29,27,25,29,26,25
20260804_021426_df8648,1785806314433479,2044111685,2,2,0,-56,128,0,12,11,11,11,11,10,10,10,10,9,9,10,10,10,10,10,10,10,10,10,10,10,10,10,10,10,0,0,0,0,0,0,0,0,0,0,0,14,14,15,15,16,16,16,16,17,17,16,16,16,16,16,15,15,14,14,14,15,13,13,13,13,13,0,47,45,43,44,40,42,40,40,39,40,39,39,39,38,41,39,42,38,40,39,40,41,39,38,37,37,38,37,0,0,0,0,0,0,0,48,51,53,53,57,58,63,61,64,65,65,66,62,63,63,61,59,58,56,56,56,56,53,54,52,52,51,49
20260804_021426_df8648,1785806314534028,2044212133,2,2,0,-55,128,0,15,15,14,13,13,13,13,12,12,12,12,12,12,12,11,11,11,11,11,11,11,10,10,9,9,9,0,0,0,0,0,0,0,0,0,0,0,14,15,15,16,17,17,18,18,18,18,18,18,18,18,18,18,18,17,17,17,17,17,16,16,16,16,0,56,57,49,53,49,45,46,43,43,42,44,40,40,42,38,43,38,41,41,35,40,34,34,35,31,33,30,31,0,0,0,0,0,0,0,45,46,48,53,52,57,60,62,65,66,65,64,67,66,64,67,64,64,64,59,64,60,62,61,59,60,55,59
20260804_021426_df8648,1785806314635222,2044316145,2,2,0,-57,128,0,13,11,11,10,9,9,9,8,7,7,7,7,7,7,6,7,6,6,7,7,6,7,7,8,8,9,0,0,0,0,0,0,0,0,0,0,0,17,18,19,19,20,21,21,21,21,20,20,20,20,20,18,17,17,17,17,16,16,15,14,14,14,13,0,22,21,20,18,17,16,14,14,14,13,13,12,11,11,11,12,11,11,12,12,11,12,12,13,13,14,15,16,0,0,0,0,0,0,0,29,30,31,33,33,35,35,38,38,37,38,37,36,37,36,34,34,33,33,29,31,29,28,29,27,26,26,25
20260804_021426_df8648,1785806314737842,2044414835,2,2,0,-57,128,0,14,12,12,11,11,11,10,9,9,10,9,10,9,9,11,11,11,11,11,11,11,11,11,10,11,11,0,0,0,0,0,0,0,0,0,0,0,14,15,16,17,17,18,19,18,19,19,19,18,18,18,17,17,16,17,15,16,15,16,16,15,14,14,0,24,24,22,22,20,20,18,17,18,19,18,19,19,17,20,20,20,19,21,21,20,19,20,19,20,19,19,19,0,0,0,0,0,0,0,23,25,26,28,30,31,33,33,34,35,35,35,36,34,33,34,31,33,31,31,29,30,29,29,28,27,26,26
20260804_021426_df8648,1785806314857540,2044537147,2,2,0,-56,128,0,11,11,11,9,10,9,10,8,8,8,8,9,9,9,9,9,9,9,9,10,10,10,10,9,11,10,0,0,0,0,0,0,0,0,0,0,0,15,16,16,18,18,18,19,19,20,20,19,19,19,18,18,17,15,15,16,15,15,14,14,13,13,13,0,23,20,19,19,20,18,18,16,15,15,16,14,16,16,16,17,18,17,18,17,19,16,18,18,19,18,19,19,0,0,0,0,0,0,0,24,26,27,28,31,32,33,34,35,33,38,36,35,36,35,33,34,31,30,30,30,28,30,27,25,24,25,24
20260804_021426_df8648,1785806314948881,2044626153,2,2,0,-58,128,0,11,11,10,9,9,8,8,8,7,7,7,8,7,8,8,8,9,9,9,9,9,10,10,10,10,11,0,0,0,0,0,0,0,0,0,0,0,16,16,17,18,18,19,19,20,20,20,20,19,19,18,17,17,17,16,16,16,15,15,14,14,13,13,0,20,20,18,18,16,16,14,13,14,13,14,13,13,15,15,16,15,16,16,17,17,17,18,19,19,20,21,21,0,0,0,0,0,0,0,28,28,30,31,32,34,34,36,36,36,38,37,37,35,34,34,32,33,31,30,29,29,29,28,27,26,25,23
20260804_021426_df8648,1785806315040212,2044716869,2,2,0,-60,128,0,11,10,9,9,9,9,8,8,8,8,8,8,8,9,9,10,10,11,11,11,11,11,12,12,13,13,0,0,0,0,0,0,0,0,0,0,0,15,17,17,18,18,18,19,19,20,19,19,19,17,17,16,17,17,15,15,14,14,14,13,13,12,11,0,41,37,37,35,33,32,32,31,32,33,32,32,36,35,36,40,39,42,43,45,46,48,48,49,50,53,53,56,0,0,0,0,0,0,0,55,58,61,64,64,67,69,70,74,75,75,71,72,70,68,66,64,61,59,56,55,54,52,51,48,45,45,43
20260804_021426_df8648,1785806315133219,2044814033,2,2,0,-57,128,0,12,12,11,10,9,10,9,8,9,8,8,7,7,7,8,8,8,9,8,9,11,10,10,10,11,11,0,0,0,0,0,0,0,0,0,0,0,16,17,18,18,19,19,20,20,21,20,19,19,19,18,18,18,17,17,16,16,16,16,15,14,13,13,0,45,43,43,38,35,31,30,32,29,32,27,30,30,27,29,28,27,29,33,30,31,34,34,35,39,43,40,43,0,0,0,0,0,0,0,53,57,60,60,64,64,68,71,73,72,74,74,73,71,69,70,66,65,62,62,57,57,56,58,56,53,51,48
20260804_021426_df8648,1785806315232769,2044912015,2,2,0,-57,128,0,12,12,11,11,10,10,9,9,9,9,9,8,8,8,8,8,9,9,9,9,9,9,9,11,10,10,0,0,0,0,0,0,0,0,0,0,0,15,16,17,18,18,18,19,19,19,19,19,18,18,17,17,17,16,16,16,16,15,16,15,15,13,13,0,23,22,22,19,19,18,17,17,16,15,15,15,16,16,16,16,16,16,17,17,17,18,18,19,19,20,19,21,0,0,0,0,0,0,0,26,27,28,29,31,33,33,34,34,36,35,35,34,34,34,34,33,30,30,29,29,29,28,29,27,27,27,25
20260804_021426_df8648,1785806315331438,2045011936,2,2,0,-57,128,0,13,13,11,10,10,9,9,9,8,8,9,8,8,9,8,8,8,9,9,9,9,9,9,9,9,9,0,0,0,0,0,0,0,0,0,0,0,16,16,17,17,18,19,20,20,20,20,20,20,19,19,19,18,18,17,17,17,17,16,16,15,14,13,0,23,22,22,19,18,18,17,15,15,15,14,14,14,14,14,15,15,16,16,16,17,17,17,17,18,19,19,20,0,0,0,0,0,0,0,25,26,28,29,30,33,33,34,35,36,36,37,35,36,36,34,34,32,33,33,31,31,30,29,28,26,26,25
20260804_021426_df8648,1785806315434984,2045112082,2,2,0,-57,128,0,12,11,11,10,10,9,9,8,7,7,7,7,6,6,7,6,6,7,6,7,7,7,8,7,8,8,0,0,0,0,0,0,0,0,0,0,0,16,17,18,19,19,20,20,21,21,21,21,21,19,19,19,19,18,18,18,17,16,16,15,15,14,14,0,23,21,20,19,18,16,15,15,14,14,13,12,13,12,12,13,12,12,12,12,13,14,14,14,15,16,16,16,0,0,0,0,0,0,0,27,28,28,30,32,34,34,36,37,37,37,37,37,36,35,35,34,33,34,31,32,30,29,28,28,27,26,26
20260804_021426_df8648,1785806315533318,2045213466,2,2,0,-58,128,0,12,11,10,9,9,9,8,8,8,7,7,7,6,6,7,7,8,7,7,7,8,8,8,9,9,9,0,0,0,0,0,0,0,0,0,0,0,16,16,16,18,19,18,19,19,20,20,18,19,18,18,16,17,16,16,15,15,14,16,13,14,13,13,0,22,20,19,18,17,15,16,16,15,14,14,14,15,13,14,16,13,13,15,15,15,17,15,15,16,17,18,19,0,0,0,0,0,0,0,26,27,29,31,31,33,35,32,35,35,37,32,36,35,35,35,35,32,32,29,29,28,28,27,25,27,23,26
20260804_021426_df8648,1785806315631947,2045314385,2,2,0,-57,128,0,10,8,8,7,7,6,6,6,5,6,6,5,7,7,7,7,8,8,8,9,9,9,9,10,9,10,0,0,0,0,0,0,0,0,0,0,0,18,18,18,19,20,20,21,19,21,20,19,19,18,18,18,17,16,14,15,15,14,14,12,13,12,11,0,19,16,16,15,13,12,11,11,11,12,12,12,11,13,13,14,15,14,15,16,17,17,17,18,19,19,19,19,0,0,0,0,0,0,0,28,30,32,33,35,35,37,39,39,37,40,39,37,37,36,34,33,32,31,31,29,28,27,28,28,25,21,23
20260804_021426_df8648,1785806315729539,2045411542,2,2,0,-57,128,0,11,12,10,10,10,9,9,8,8,8,8,8,7,8,7,8,9,9,9,8,9,9,9,9,9,9,0,0,0,0,0,0,0,0,0,0,0,18,18,20,20,21,20,21,23,22,21,22,21,20,20,18,19,17,17,16,16,16,15,14,13,13,12,0,20,19,19,18,15,16,16,14,14,14,13,15,14,15,16,13,15,16,16,16,14,17,14,16,15,15,16,17,0,0,0,0,0,0,0,28,32,32,32,35,35,36,36,37,37,38,36,38,36,35,34,31,33,32,29,29,30,26,26,27,26,27,21
20260804_021426_df8648,1785806315834576,2045515391,2,2,0,-57,128,0,10,10,9,9,8,8,8,6,7,7,7,7,7,7,7,7,7,7,8,8,8,9,9,9,9,9,0,0,0,0,0,0,0,0,0,0,0,19,18,20,21,21,22,22,21,22,21,21,20,20,20,18,18,17,17,16,16,15,15,14,13,13,12,0,19,19,17,16,15,13,13,14,13,13,13,13,13,12,13,13,15,13,14,15,15,15,16,16,17,17,18,18,0,0,0,0,0,0,0,31,32,32,35,37,37,39,40,39,41,40,41,39,38,38,36,35,36,33,32,31,29,28,28,26,25,24,22
20260804_021426_df8648,1785806315930884,2045611404,2,2,0,-58,128,0,9,9,8,7,6,5,5,4,4,4,4,4,4,5,5,5,6,6,7,7,8,8,9,9,10,10,0,0,0,0,0,0,0,0,0,0,0,19,19,20,21,21,21,22,22,22,22,22,21,20,19,19,18,17,17,16,16,15,14,13,13,12,12,0,18,16,14,13,11,10,9,9,7,7,8,7,8,9,8,9,11,12,13,14,15,15,16,18,18,19,20,21,0,0,0,0,0,0,0,32,34,35,37,38,38,39,40,41,41,42,41,39,39,36,36,35,34,33,31,30,30,29,26,26,23,22,22
20260804_021426_df8648,1785806316036254,2045718480,2,2,0,-59,128,0,9,10,9,9,8,8,5,5,3,4,4,4,4,4,4,5,6,5,6,7,7,8,9,9,9,9,0,0,0,0,0,0,0,0,0,0,0,19,19,20,20,22,21,22,22,23,23,21,21,20,19,20,18,18,17,18,16,16,15,14,15,14,13,0,22,17,16,14,11,13,11,9,9,9,6,7,7,8,5,12,11,12,13,11,12,16,17,16,20,21,20,22,0,0,0,0,0,0,0,30,31,33,36,38,41,40,41,40,43,39,41,39,38,36,35,33,31,34,27,31,30,29,29,20,23,24,25
20260804_021426_df8648,1785806316134072,2045812567,2,2,0,-60,128,0,8,7,6,6,4,5,3,2,2,3,3,3,4,5,6,6,7,7,8,9,9,9,10,11,12,12,0,0,0,0,0,0,0,0,0,0,0,17,19,20,20,20,20,22,21,21,21,20,21,19,19,18,17,18,17,15,14,14,14,12,13,12,9,0,16,13,10,11,11,13,8,6,5,5,6,7,6,9,9,13,12,13,15,14,17,19,20,21,21,24,23,25,0,0,0,0,0,0,0,28,33,32,33,34,38,39,41,41,37,41,39,37,37,37,36,35,33,32,29,29,26,27,24,23,22,23,18
20260804_021426_df8648,1785806316243955,2045926447,2,2,0,-59,128,0,9,9,7,5,4,4,4,2,2,1,2,2,3,4,4,4,6,7,7,9,9,9,10,11,11,12,0,0,0,0,0,0,0,0,0,0,0,18,19,19,21,20,21,22,21,22,21,21,20,19,19,18,16,17,15,16,16,15,14,12,12,10,11,0,16,15,13,12,8,10,4,4,4,4,4,6,7,8,10,10,11,13,14,16,17,20,20,22,20,23,24,25,0,0,0,0,0,0,0,33,33,36,37,39,38,40,40,40,42,42,39,39,38,39,38,35,35,30,31,29,29,28,26,22,22,18,21
20260804_021426_df8648,1785806316353753,2046031513,2,2,0,-59,128,0,8,8,6,5,4,2,2,1,1,1,2,2,4,3,5,6,6,6,8,8,8,10,10,9,11,11,0,0,0,0,0,0,0,0,0,0,0,19,18,19,21,21,21,22,22,22,21,22,21,21,19,19,18,17,18,15,15,14,13,13,13,12,9,0,17,13,11,8,6,6,3,3,3,5,6,5,9,7,10,11,11,13,15,18,18,16,20,21,21,23,22,24,0,0,0,0,0,0,0,32,36,35,39,37,40,39,39,41,44,45,39,40,39,36,36,38,34,32,31,29,27,27,28,23,21,22,18
20260804_021426_df8648,1785806316440168,2046119531,2,2,0,-60,128,0,8,8,7,5,6,3,4,4,2,3,3,3,4,6,5,7,7,7,8,9,9,10,11,11,11,12,0,0,0,0,0,0,0,0,0,0,0,19,21,21,22,23,21,22,24,22,22,21,21,21,19,20,18,16,16,16,15,15,13,12,11,11,10,0,13,13,11,10,9,9,8,5,4,5,6,5,7,11,12,11,13,15,15,17,20,20,20,21,20,22,23,23,0,0,0,0,0,0,0,33,32,35,37,37,39,39,40,43,41,40,40,38,38,38,35,31,32,31,29,28,27,26,24,25,18,20,20
20260804_021426_df8648,1785806316533495,2046213596,2,2,0,-59,128,0,9,9,8,6,6,7,6,5,5,5,5,4,5,6,6,7,7,7,8,9,9,9,9,11,11,11,0,0,0,0,0,0,0,0,0,0,0,20,20,20,21,22,21,22,23,23,22,21,21,21,21,20,17,18,18,16,16,15,14,13,14,13,11,0,16,16,14,11,11,9,10,8,9,8,8,9,11,10,13,11,12,15,16,18,17,18,18,21,19,21,22,22,0,0,0,0,0,0,0,30,33,32,35,35,39,39,41,40,37,43,38,39,37,35,35,33,29,33,30,28,28,26,26,25,24,22,22
20260804_021426_df8648,1785806316632717,2046312341,2,2,0,-58,128,0,9,10,8,8,8,6,6,8,5,7,6,7,6,7,7,8,9,8,9,9,10,11,10,11,11,11,0,0,0,0,0,0,0,0,0,0,0,17,18,19,20,19,19,21,21,20,20,19,19,19,18,17,17,16,16,15,15,14,14,13,12,11,11,0,19,16,17,14,12,13,13,12,11,11,13,12,12,14,17,14,15,15,18,16,21,17,18,18,21,21,21,21,0,0,0,0,0,0,0,29,31,33,32,34,34,37,36,37,38,38,39,36,35,36,36,32,35,31,30,29,28,27,29,26,23,22,20
20260804_021426_df8648,1785806316753800,2046432211,2,2,0,-58,128,0,9,7,8,9,8,8,8,6,7,7,7,8,7,8,8,8,9,9,9,10,11,11,11,12,11,12,0,0,0,0,0,0,0,0,0,0,0,16,18,17,18,18,20,18,19,19,19,19,19,18,17,17,17,16,15,15,14,14,14,12,11,11,11,0,19,16,16,16,12,14,15,10,13,14,14,13,15,16,14,18,17,18,20,17,18,21,21,20,21,22,22,22,0,0,0,0,0,0,0,27,28,31,32,33,33,37,37,37,37,37,38,35,35,36,35,34,31,32,29,28,27,26,25,24,26,21,21
20260804_021426_df8648,1785806316829213,2046511575,2,2,0,-56,128,0,10,9,9,8,8,7,5,6,5,6,6,5,7,7,6,7,7,7,7,7,8,8,8,8,9,9,0,0,0,0,0,0,0,0,0,0,0,16,18,18,19,19,20,20,20,20,20,19,19,19,19,18,18,18,17,16,15,15,14,14,13,13,11,0,20,18,17,18,14,15,14,14,13,13,11,12,11,14,13,12,14,13,13,14,15,13,15,14,16,17,16,16,0,0,0,0,0,0,0,28,30,32,31,34,35,37,35,36,39,38,39,37,37,36,35,34,33,30,32,30,30,29,28,27,24,23,24
20260804_021426_df8648,1785806316932395,2046614747,2,2,0,-56,128,0,12,11,11,10,9,10,8,7,7,9,8,7,6,6,7,7,7,7,7,7,8,7,7,7,8,7,0,0,0,0,0,0,0,0,0,0,0,16,16,18,18,19,18,20,20,22,20,20,20,19,19,18,19,17,17,17,16,16,16,16,15,14,12,0,23,23,20,19,18,16,16,15,14,14,14,14,13,14,13,14,14,14,14,15,13,14,14,13,14,14,15,15,0,0,0,0,0,0,0,28,30,29,31,32,34,34,36,36,36,38,36,37,36,37,35,34,34,34,32,29,30,30,28,27,26,27,26
20260804_021426_df8648,1785806317037705,2046713218,2,2,0,-56,128,0,14,13,13,12,12,11,11,11,10,11,11,11,12,11,11,12,12,12,12,12,12,12,12,12,12,12,0,0,0,0,0,0,0,0,0,0,0,15,16,16,17,18,17,19,18,20,19,20,19,18,18,17,17,17,17,17,17,16,15,16,14,14,14,0,23,24,21,21,20,21,19,19,19,19,19,19,19,20,20,19,22,20,22,22,22,21,22,21,21,21,22,21,0,0,0,0,0,0,0,24,25,27,27,29,29,33,31,33,33,34,36,33,33,33,33,31,32,29,30,28,28,28,28,28,26,26,25
20260804_021426_df8648,1785806317129962,2046810979,2,2,0,-57,128,0,10,11,11,10,10,9,9,9,9,10,10,10,11,10,12,11,12,11,12,11,12,12,12,12,12,12,0,0,0,0,0,0,0,0,0,0,0,15,15,15,16,17,17,17,18,18,17,17,17,17,16,16,16,15,14,15,14,14,14,13,13,11,13,0,22,21,21,21,16,18,19,18,18,18,19,17,20,22,19,20,22,21,24,22,22,22,24,23,22,22,23,23,0,0,0,0,0,0,0,25,24,27,27,28,30,32,31,32,34,35,33,34,34,33,32,30,31,29,27,28,28,26,26,29,24,24,22
20260804_021426_df8648,1785806317343308,2047015424,2,2,0,-58,128,0,13,11,10,10,11,10,9,9,9,9,9,8,9,8,10,9,10,10,11,11,11,11,12,12,12,12,0,0,0,0,0,0,0,0,0,0,0,14,14,16,17,16,18,18,18,20,17,19,18,17,17,18,16,15,17,17,15,15,15,14,15,13,13,0,23,20,23,21,19,16,15,15,19,16,15,16,14,17,16,18,19,17,19,21,23,22,20,21,23,23,24,25,0,0,0,0,0,0,0,25,25,25,28,30,31,32,34,34,33,36,36,34,34,34,32,34,33,27,29,30,29,29,28,26,24,24,26
20260804_021426_df8648,1785806317372230,2047021614,2,2,0,-58,128,0,13,10,9,11,10,9,9,9,9,9,9,8,9,8,8,9,9,10,11,11,11,11,11,12,12,12,0,0,0,0,0,0,0,0,0,0,0,14,14,15,16,16,16,17,17,18,18,17,17,17,16,15,16,15,14,14,14,14,14,15,13,13,11,0,22,22,18,18,15,12,16,15,18,18,17,18,14,16,15,19,19,21,23,22,21,22,22,22,23,25,23,25,0,0,0,0,0,0,0,23,24,27,27,29,30,31,31,34,31,34,33,33,34,32,32,32,30,31,29,27,29,27,28,27,26,25,24
20260804_021426_df8648,1785806317435271,2047113316,2,2,0,-60,128,0,12,12,12,12,11,10,11,12,11,10,11,13,11,11,12,14,13,14,13,14,14,15,15,16,16,17,0,0,0,0,0,0,0,0,0,0,0,14,13,15,15,16,17,19,17,18,18,16,18,17,17,17,16,16,15,14,16,15,15,13,14,14,13,0,22,22,19,18,18,20,19,17,21,19,19,21,22,22,22,25,23,24,24,24,26,26,27,24,28,29,29,30,0,0,0,0,0,0,0,21,22,23,25,25,28,28,28,31,31,32,29,29,31,29,31,28,29,29,25,28,26,24,24,26,25,22,21
20260804_021426_df8648,1785806317555907,2047234304,2,2,0,-61,128,0,13,12,11,10,10,9,11,10,9,8,9,9,10,9,11,9,10,11,10,12,12,12,13,13,13,14,0,0,0,0,0,0,0,0,0,0,0,15,16,16,17,17,18,18,20,18,20,18,17,18,17,18,15,17,16,16,16,16,16,15,14,14,13,0,22,22,21,22,14,16,19,18,16,17,17,17,16,17,18,20,19,19,21,22,22,23,24,25,26,28,27,29,0,0,0,0,0,0,0,26,26,25,30,31,32,34,34,34,32,32,34,35,34,33,31,35,35,31,31,29,29,29,28,26,27,27,22
20260804_021426_df8648,1785806317636582,2047313652,2,2,0,-60,128,0,13,11,10,11,8,10,7,8,9,8,9,8,8,8,11,9,10,9,11,11,11,11,11,13,13,13,0,0,0,0,0,0,0,0,0,0,0,16,17,17,19,19,18,20,19,21,20,20,20,19,19,18,19,18,17,16,16,16,15,14,15,13,14,0,40,38,33,38,33,34,27,24,28,30,32,26,31,29,28,36,33,34,39,39,40,43,46,45,45,47,49,51,0,0,0,0,0,0,0,52,57,55,56,65,67,69,68,75,71,75,70,69,68,68,72,64,65,61,64,62,60,54,54,52,52,45,38
20260804_021426_df8648,1785806317733966,2047412138,2,2,0,-60,128,0,12,10,11,9,11,8,10,9,7,8,8,8,8,9,8,9,10,9,11,10,11,11,12,12,13,13,0,0,0,0,0,0,0,0,0,0,0,15,17,17,18,18,20,19,19,19,21,20,19,19,19,18,18,18,17,17,16,15,16,14,15,13,12,0,22,19,16,18,18,19,16,13,14,14,15,16,12,18,16,18,19,18,18,20,21,23,22,24,23,25,27,27,0,0,0,0,0,0,0,29,28,29,32,31,33,36,37,39,38,37,38,35,35,35,35,34,32,31,31,31,29,28,29,28,27,24,23
20260804_021426_df8648,1785806317837266,2047518952,2,2,0,-60,128,0,12,12,11,9,9,9,7,8,6,7,6,7,7,8,8,9,9,9,10,10,10,11,11,11,12,13,0,0,0,0,0,0,0,0,0,0,0,16,16,17,17,18,19,20,21,21,20,20,19,19,18,17,18,17,17,17,16,16,15,15,14,14,13,0,20,19,19,16,15,14,14,13,13,13,13,13,13,14,16,15,16,16,19,19,20,21,23,22,24,24,25,26,0,0,0,0,0,0,0,28,29,30,32,33,35,36,37,38,38,39,37,37,36,36,34,33,34,32,31,31,29,29,27,26,26,24,23
20260804_021426_df8648,1785806317934816,2047612064,2,2,0,-58,128,0,14,13,12,14,13,12,12,12,13,12,12,12,12,13,13,13,13,13,13,13,14,14,14,14,15,15,0,0,0,0,0,0,0,0,0,0,0,15,16,16,17,18,17,17,18,18,18,18,18,18,17,18,17,16,16,16,15,15,15,15,15,14,14,0,24,23,23,23,18,22,19,22,20,19,21,21,22,22,24,22,24,22,25,27,25,25,24,25,25,26,24,26,0,0,0,0,0,0,0,23,24,26,27,29,30,29,31,32,32,32,33,32,30,30,30,29,28,27,27,27,26,27,25,27,26,26,24
20260804_021426_df8648,1785806318033918,2047711842,2,2,0,-57,128,0,12,12,12,13,13,13,13,14,14,14,14,15,15,16,17,17,17,18,18,18,18,18,18,18,18,17,0,0,0,0,0,0,0,0,0,0,0,12,12,11,12,12,12,13,11,13,12,11,11,11,11,12,10,11,11,10,10,10,11,12,11,11,12,0,23,23,25,25,25,25,25,25,26,28,27,28,29,31,31,33,33,34,34,34,35,33,34,34,33,33,33,34,0,0,0,0,0,0,0,20,22,22,22,21,23,22,23,26,24,23,24,22,22,21,21,22,19,21,19,20,20,20,21,21,22,22,22
20260804_021426_df8648,1785806318132564,2047812524,2,2,0,-60,128,0,10,10,9,9,10,9,9,9,10,10,10,11,12,13,12,12,13,13,14,13,14,15,14,15,16,16,0,0,0,0,0,0,0,0,0,0,0,15,15,15,16,16,17,17,17,16,17,17,17,16,16,15,15,14,13,13,12,13,12,11,11,11,10,0,18,19,18,17,19,16,18,17,18,19,19,20,22,24,22,23,25,24,26,25,27,28,27,27,28,29,28,30,0,0,0,0,0,0,0,25,28,28,28,30,31,32,32,31,31,31,33,30,30,29,31,27,27,25,24,24,22,23,22,22,21,21,20
20260804_021426_df8648,1785806318236106,2047912255,2,2,0,-54,128,0,15,14,14,13,13,12,12,13,12,12,12,12,11,11,11,11,10,11,10,10,10,9,9,9,9,8,0,0,0,0,0,0,0,0,0,0,0,15,16,17,18,18,18,18,20,19,20,19,19,19,18,18,18,18,17,18,17,18,17,16,16,15,17,0,26,27,25,23,24,23,21,19,20,21,19,19,20,20,19,19,19,17,17,18,16,16,14,15,14,15,13,12,0,0,0,0,0,0,0,25,26,26,28,30,30,31,31,32,33,34,34,33,33,34,33,33,31,33,32,30,31,30,31,30,30,28,28
20260804_021426_df8648,1785806318333663,2048011814,2,2,0,-52,128,0,15,14,14,14,13,13,13,13,13,12,13,12,12,12,12,13,12,11,12,11,11,11,11,11,10,10,0,0,0,0,0,0,0,0,0,0,0,13,13,14,15,15,16,16,17,17,17,17,17,17,17,16,16,16,16,16,16,16,16,15,15,15,15,0,54,54,52,49,50,50,49,47,46,47,47,45,45,45,45,45,45,44,44,43,42,40,39,38,36,36,36,36,0,0,0,0,0,0,0,44,47,48,50,54,57,58,60,62,63,63,63,63,62,62,58,59,61,58,58,58,58,58,58,57,57,56,57
20260804_021426_df8648,1785806318432265,2048111900,2,2,0,-54,128,0,13,13,13,12,12,12,12,11,12,12,12,11,12,12,12,12,11,12,13,12,12,12,11,11,11,11,0,0,0,0,0,0,0,0,0,0,0,16,16,17,17,18,18,20,19,19,19,19,18,19,18,17,17,17,17,16,16,16,16,15,16,15,15,0,24,24,23,22,23,21,22,19,20,19,22,21,22,23,20,21,21,22,22,21,20,19,19,20,19,19,18,19,0,0,0,0,0,0,0,26,27,27,29,29,31,32,34,34,34,36,35,35,33,33,33,32,31,31,31,28,30,29,28,25,26,27,26
20260804_021426_df8648,1785806318535668,2048212079,2,2,0,-55,128,0,13,13,13,12,11,11,10,10,11,11,10,10,10,10,11,11,11,11,12,11,11,11,11,11,11,11,0,0,0,0,0,0,0,0,0,0,0,16,16,18,18,18,18,20,19,19,20,20,18,19,18,17,17,17,17,17,17,15,16,16,14,15,14,0,23,22,22,20,21,21,19,19,18,18,18,18,18,18,19,20,19,20,20,19,19,19,19,20,20,20,19,20,0,0,0,0,0,0,0,25,27,27,29,30,32,33,33,35,35,35,34,35,33,33,32,32,31,30,29,30,30,29,28,27,27,26,26
20260804_021426_df8648,1785806318633463,2048312694,2,2,0,-57,128,0,11,10,10,9,9,9,8,9,8,8,8,8,8,8,8,8,9,9,9,8,9,8,8,8,9,9,0,0,0,0,0,0,0,0,0,0,0,16,17,17,18,19,19,19,20,20,20,19,19,19,18,18,17,17,16,16,15,14,14,14,13,13,12,0,20,20,19,18,17,16,15,14,15,14,13,14,14,15,15,15,15,16,16,15,15,15,15,15,14,15,15,15,0,0,0,0,0,0,0,26,27,30,30,32,33,35,35,36,36,37,37,35,35,35,34,33,32,31,30,29,29,28,27,25,25,24,23
20260804_021426_df8648,1785806318731732,2048411953,2,2,0,-53,128,0,14,13,13,12,12,12,11,11,12,11,11,11,10,10,11,11,11,11,11,11,11,11,11,10,10,10,0,0,0,0,0,0,0,0,0,0,0,13,14,15,16,16,16,18,18,18,18,18,18,18,17,17,16,16,16,16,16,15,16,15,15,15,14,0,51,49,48,46,45,44,41,40,42,39,40,36,38,43,40,42,42,44,44,43,43,42,41,37,39,39,36,36,0,0,0,0,0,0,0,43,49,48,53,54,58,62,64,66,67,66,65,67,67,65,65,62,62,58,58,59,58,57,57,56,53,52,55
20260804_021426_df8648,1785806318841953,2048521507,2,2,0,-54,128,0,13,13,13,12,13,13,12,12,12,13,13,13,13,14,13,13,13,14,14,13,14,13,13,13,13,12,0,0,0,0,0,0,0,0,0,0,0,11,12,13,13,14,14,15,15,15,15,15,15,15,14,13,14,14,13,13,14,14,13,14,14,14,14,0,49,50,48,48,49,44,47,47,47,50,48,49,49,50,52,52,51,50,51,52,54,53,49,50,46,47,47,46,0,0,0,0,0,0,0,41,44,43,44,50,52,53,51,54,57,53,58,57,56,55,55,56,54,49,52,50,50,51,47,51,52,51,50
20260804_021426_df8648,1785806318934491,2048611950,2,2,0,-57,128,0,12,11,12,12,11,12,12,11,11,11,12,11,13,13,13,13,13,14,14,14,14,15,14,15,14,14,0,0,0,0,0,0,0,0,0,0,0,13,14,15,16,16,16,17,17,17,17,17,17,16,16,15,15,13,14,14,14,13,13,13,13,13,12,0,22,23,21,21,19,20,20,20,23,23,23,23,22,24,26,23,27,25,25,29,27,26,28,27,27,27,26,27,0,0,0,0,0,0,0,24,26,24,26,28,29,30,33,31,32,33,30,33,31,29,28,28,25,26,27,27,25,25,24,24,21,22,24
20260804_021426_df8648,1785806319038607,2048717382,2,2,0,-59,128,0,11,11,10,11,10,11,11,11,11,11,13,14,13,14,14,14,15,15,16,15,15,15,15,15,15,15,0,0,0,0,0,0,0,0,0,0,0,13,13,13,13,14,15,14,16,16,16,15,15,13,13,13,12,13,12,12,12,12,12,12,11,12,11,0,43,41,39,45,42,44,40,43,47,47,47,54,49,55,55,60,55,58,58,60,61,56,58,60,57,58,56,58,0,0,0,0,0,0,0,41,40,51,51,50,54,51,53,56,56,56,58,56,55,56,51,53,46,53,44,46,45,43,45,41,46,46,39
20260804_021426_df8648,1785806319137756,2048813060,2,2,0,-58,128,0,10,11,11,10,11,11,11,10,11,11,13,12,13,13,14,13,14,15,15,16,16,16,16,16,16,16,0,0,0,0,0,0,0,0,0,0,0,16,16,17,17,17,17,19,18,18,19,17,17,16,15,15,15,13,13,13,13,13,12,12,11,11,10,0,17,19,19,19,17,19,20,19,21,20,21,20,21,24,24,27,27,26,28,29,29,28,30,29,31,30,29,29,0,0,0,0,0,0,0,28,26,27,29,31,32,31,32,32,34,33,32,31,32,28,30,28,23,25,22,23,22,24,21,20,20,19,16
20260804_021426_df8648,1785806319235553,2048911396,2,2,0,-56,128,0,12,13,12,12,11,12,11,12,12,12,11,11,11,12,12,12,12,12,12,12,12,13,12,11,11,11,0,0,0,0,0,0,0,0,0,0,0,15,15,17,17,18,18,18,19,19,18,19,18,18,17,17,16,15,15,15,14,14,13,13,13,13,13,0,23,24,21,21,21,19,20,21,21,21,21,22,21,25,19,23,23,22,23,22,22,22,21,21,20,21,21,20,0,0,0,0,0,0,0,27,27,29,30,30,31,32,32,34,34,35,33,33,33,32,32,30,28,27,28,25,26,24,26,25,26,27,23
20260804_021426_df8648,1785806319334985,2049012099,2,2,0,-55,128,0,12,11,11,10,10,9,9,9,9,8,8,8,8,8,9,9,9,8,8,9,9,8,8,8,8,8,0,0,0,0,0,0,0,0,0,0,0,15,15,16,17,18,18,19,18,18,19,18,18,17,18,16,17,16,16,15,14,14,13,14,13,14,13,0,21,22,22,21,19,19,17,16,16,17,16,14,14,16,15,14,16,16,15,17,15,14,15,14,15,16,15,16,0,0,0,0,0,0,0,27,28,28,30,32,33,33,34,33,33,36,36,35,33,33,32,30,31,29,29,27,28,27,26,26,26,25,25
20260804_021426_df8648,1785806319438899,2049114151,2,2,0,-55,128,0,13,13,13,13,13,14,14,14,14,14,14,15,15,16,16,16,16,18,17,18,17,17,17,17,17,17,0,0,0,0,0,0,0,0,0,0,0,12,12,11,12,12,13,12,13,12,12,12,12,12,11,12,11,12,11,11,11,11,12,12,12,12,13,0,47,48,49,49,51,51,51,52,51,53,54,55,58,57,59,60,62,64,65,66,66,66,64,66,64,64,63,63,0,0,0,0,0,0,0,41,43,44,45,45,46,46,46,47,46,46,45,45,43,43,42,40,41,39,42,42,42,42,43,41,47,46,46
20260804_021426_df8648,1785806319530989,2049211770,2,2,0,-57,128,0,13,13,13,14,14,14,14,15,15,15,15,15,16,17,17,18,18,19,19,20,20,20,20,19,20,20,0,0,0,0,0,0,0,0,0,0,0,9,10,9,10,10,10,10,10,10,9,10,9,10,9,9,9,10,9,10,10,10,11,12,12,12,12,0,25,25,25,26,27,27,28,26,30,31,29,29,31,32,33,33,36,37,36,37,38,37,39,37,37,37,38,38,0,0,0,0,0,0,0,17,17,19,18,20,18,19,17,20,18,19,17,19,17,18,17,18,17,16,18,18,19,19,21,18,22,22,23
20260804_021426_df8648,1785806319634956,2049311880,2,2,0,-61,128,0,12,13,14,14,15,15,15,15,15,15,16,16,17,17,17,18,18,19,19,19,19,19,19,20,20,20,0,0,0,0,0,0,0,0,0,0,0,10,10,10,10,10,10,11,9,10,9,9,9,9,8,9,9,9,9,9,10,10,10,10,11,11,12,0,24,24,25,26,25,26,26,27,28,30,30,29,31,31,32,33,34,35,36,36,37,36,38,37,38,37,39,39,0,0,0,0,0,0,0,18,18,18,18,19,19,20,18,18,19,17,18,17,16,16,16,15,16,17,16,16,16,17,19,19,20,21,22
20260804_021426_df8648,1785806319744350,2049427476,2,2,0,-59,128,0,14,14,14,15,15,16,16,16,16,16,17,16,17,17,19,19,19,19,20,20,21,20,21,21,20,20,0,0,0,0,0,0,0,0,0,0,0,3,3,3,2,2,1,1,1,1,2,2,3,4,4,5,5,7,7,8,9,9,10,11,12,12,13,0,27,27,28,28,28,29,30,30,30,30,33,32,34,34,35,36,36,37,38,40,39,39,39,39,39,40,39,40,0,0,0,0,0,0,0,8,7,6,6,6,5,5,3,2,2,2,4,4,7,9,9,10,11,12,13,16,16,18,19,20,22,22,24
20260804_021426_df8648,1785806319830885,2049512056,2,2,0,-63,128,0,8,9,9,9,10,10,11,11,12,12,13,14,14,15,15,16,17,18,18,19,19,19,20,20,21,22,0,0,0,0,0,0,0,0,0,0,0,15,16,16,16,15,14,14,13,13,12,11,10,8,8,6,7,5,4,4,4,4,4,5,5,6,6,0,13,17,16,20,20,21,21,22,24,25,26,26,28,29,30,32,32,35,37,36,38,38,37,40,41,41,41,42,0,0,0,0,0,0,0,30,31,31,31,30,30,30,29,27,26,25,23,22,19,17,16,12,12,11,8,9,9,7,9,9,9,12,13
20260804_021426_df8648,1785806319933803,2049611593,2,2,0,-59,128,0,12,12,11,12,11,10,9,11,10,11,10,11,10,10,11,12,12,12,12,13,13,12,14,13,13,13,0,0,0,0,0,0,0,0,0,0,0,14,16,16,17,17,17,18,17,18,17,17,17,16,16,15,15,14,14,14,14,13,13,13,14,13,11,0,41,42,45,40,40,38,44,39,40,38,38,37,38,42,44,42,47,45,45,44,48,49,47,51,49,50,46,50,0,0,0,0,0,0,0,57,53,59,56,62,60,67,65,66,63,62,64,62,65,61,58,59,55,52,54,51,52,51,56,51,43,50,45
20260804_021426_df8648,1785806320037416,2049715194,2,2,0,-63,128,0,8,9,9,11,10,10,10,11,11,13,13,14,14,15,16,16,16,17,19,17,20,20,20,21,21,21,0,0,0,0,0,0,0,0,0,0,0,13,14,14,15,15,14,14,13,12,12,10,9,9,9,9,7,7,7,7,6,5,6,4,5,5,6,0,12,15,15,18,18,20,21,22,25,26,26,27,29,29,32,32,36,35,38,38,39,39,39,40,40,40,41,39,0,0,0,0,0,0,0,27,28,28,27,29,28,29,27,27,27,25,24,22,21,19,16,15,14,11,12,10,9,8,8,8,8,9,10
20260804_021426_df8648,1785806320137027,2049811915,2,2,0,-61,128,0,14,13,15,14,13,11,12,13,13,13,14,14,13,13,14,15,16,16,16,17,17,18,16,17,17,17,0,0,0,0,0,0,0,0,0,0,0,11,11,12,12,12,13,13,13,13,13,13,13,14,13,12,13,12,12,12,12,13,13,13,13,13,13,0,51,53,54,42,55,50,47,48,46,50,49,49,51,51,54,56,59,58,64,58,57,64,63,68,65,65,65,67,0,0,0,0,0,0,0,36,38,39,41,43,46,45,47,48,50,50,50,51,50,50,47,48,50,48,48,45,46,46,47,48,48,47,50
20260804_021426_df8648,1785806320235129,2049912528,2,2,0,-56,128,0,14,14,14,13,13,13,13,12,12,11,12,12,12,12,12,13,13,13,13,13,13,12,12,12,11,11,0,0,0,0,0,0,0,0,0,0,0,10,10,12,12,12,13,13,13,14,15,14,14,14,14,15,14,15,14,14,14,14,15,14,15,15,15,0,58,55,57,52,53,52,48,49,48,45,47,46,47,49,46,49,46,47,49,47,48,47,44,44,44,46,42,42,0,0,0,0,0,0,0,36,38,40,44,44,50,49,52,53,54,55,56,56,56,57,57,57,55,58,54,58,56,56,59,56,57,60,58
20260804_021426_df8648,1785806320332404,2050011945,2,2,0,-62,128,0,14,15,14,15,15,15,15,15,16,16,16,16,16,17,18,19,19,20,20,21,21,21,21,21,21,21,0,0,0,0,0,0,0,0,0,0,0,5,5,6,6,6,6,6,6,7,8,7,7,8,8,8,9,9,9,10,10,10,11,12,13,13,13,0,25,26,28,27,27,28,27,28,28,28,30,30,31,32,32,34,35,36,38,38,39,38,38,38,39,39,39,39,0,0,0,0,0,0,0,8,9,10,10,10,11,12,12,13,12,13,13,13,13,16,16,15,17,16,17,18,19,19,21,21,22,24,24
20260804_021426_df8648,1785806320436545,2050114078,2,2,0,-63,128,0,12,12,12,13,12,13,13,13,13,13,14,14,15,15,16,16,17,17,18,19,19,19,19,19,19,19,0,0,0,0,0,0,0,0,0,0,0,9,8,8,8,9,8,8,9,9,8,9,8,8,7,7,7,8,8,8,9,9,9,10,10,11,11,0,23,23,24,25,24,25,25,25,27,27,27,28,28,30,30,32,33,34,36,37,37,37,38,39,38,39,38,39,0,0,0,0,0,0,0,17,15,16,16,17,17,17,16,16,17,16,16,16,15,16,15,15,16,16,16,17,17,18,18,21,21,21,22
20260804_021426_df8648,1785806320534181,2050212593,2,2,0,-58,128,0,14,14,14,13,13,13,13,13,13,13,13,13,13,14,14,14,14,14,15,15,15,15,14,14,14,13,0,0,0,0,0,0,0,0,0,0,0,8,8,9,9,9,9,11,11,11,11,12,12,12,12,12,12,12,12,13,13,13,14,13,14,14,14,0,57,55,55,54,53,52,52,51,52,51,51,52,53,54,55,55,55,58,57,59,58,56,59,56,56,55,53,54,0,0,0,0,0,0,0,28,27,31,33,36,37,40,42,41,45,47,49,45,47,50,49,52,50,52,50,52,50,53,50,53,54,54,54
20260804_021426_df8648,1785806320638529,2050314155,2,2,0,-57,128,0,16,16,16,16,16,16,15,15,14,14,14,14,14,14,15,13,14,14,15,14,14,14,14,14,14,13,0,0,0,0,0,0,0,0,0,0,0,10,10,11,12,12,13,13,13,13,15,16,16,15,15,14,15,16,15,15,15,15,16,16,16,16,18,0,56,57,59,56,56,60,54,49,52,53,48,50,49,52,47,54,51,51,54,51,55,53,53,52,48,48,49,44,0,0,0,0,0,0,0,30,31,36,34,41,42,48,48,45,50,46,53,55,55,57,56,53,52,54,58,57,57,58,55,60,59,59,59
20260804_021426_df8648,1785806320736093,2050412786,2,2,0,-63,128,0,15,15,15,15,16,14,15,14,14,15,15,15,15,16,16,16,17,17,18,18,18,18,19,19,19,19,0,0,0,0,0,0,0,0,0,0,0,5,6,6,7,8,8,9,9,10,11,10,11,11,11,11,12,12,12,13,13,13,14,14,14,14,14,0,59,57,57,55,55,57,56,56,54,56,57,56,57,58,61,62,64,66,66,69,72,70,70,71,70,70,70,72,0,0,0,0,0,0,0,18,18,21,24,25,27,30,30,31,34,37,38,40,38,44,41,43,43,43,45,46,47,47,49,51,54,51,56
20260804_021426_df8648,1785806320835207,2050511641,2,2,0,-63,128,0,13,13,13,12,12,10,10,11,10,9,9,9,10,10,10,10,10,10,11,10,11,11,11,11,11,10,0,0,0,0,0,0,0,0,0,0,0,15,14,15,15,16,16,16,16,16,16,16,16,16,16,14,15,14,14,14,14,14,14,14,14,14,14,0,52,51,51,45,45,40,40,40,39,39,40,38,40,41,39,41,43,43,45,45,43,44,43,42,43,43,42,42,0,0,0,0,0,0,0,51,55,55,60,58,61,61,64,64,66,65,64,64,63,61,60,59,57,58,55,57,54,55,55,57,58,55,57
20260804_021426_df8648,1785806320933248,2050611469,2,2,0,-65,128,0,12,12,11,12,11,10,10,10,10,10,10,9,11,11,12,12,12,13,14,14,14,14,14,15,15,15,0,0,0,0,0,0,0,0,0,0,0,13,14,14,15,15,14,16,15,15,15,15,15,14,14,14,14,13,13,13,14,14,14,14,14,13,13,0,47,45,49,45,45,44,44,41,41,39,41,41,41,44,41,47,48,51,51,52,54,52,53,59,57,58,56,60,0,0,0,0,0,0,0,45,47,48,52,51,58,58,59,57,59,57,59,59,58,56,56,57,54,54,51,54,56,53,50,52,53,50,52
20260804_021426_df8648,1785806321031614,2050711909,2,2,0,-61,128,0,13,13,13,13,13,13,12,12,12,12,11,14,13,12,12,13,13,14,14,15,14,15,14,14,14,14,0,0,0,0,0,0,0,0,0,0,0,12,12,14,14,13,15,15,14,16,15,15,15,15,14,15,14,14,15,16,14,13,17,15,14,14,15,0,51,54,51,49,47,49,46,49,44,47,47,49,46,47,49,43,53,52,49,49,54,53,52,57,53,54,51,51,0,0,0,0,0,0,0,41,44,45,48,50,49,54,57,64,54,59,54,60,55,56,50,62,55,53,54,55,54,53,56,60,55,55,53
20260804_021426_df8648,1785806321134816,2050813247,2,2,0,-65,128,0,11,11,9,9,8,6,6,5,4,4,3,2,2,1,0,1,2,3,4,5,6,7,9,9,10,10,0,0,0,0,0,0,0,0,0,0,0,16,18,18,19,19,19,20,20,20,21,19,19,19,19,19,17,18,17,17,17,16,16,15,14,14,13,0,21,20,18,16,15,13,11,9,8,7,5,4,3,2,1,3,4,8,9,10,12,13,17,17,20,21,22,24,0,0,0,0,0,0,0,31,32,33,34,34,36,37,36,38,38,39,39,38,38,37,37,36,35,34,34,33,32,32,30,29,27,26,24
20260804_021426_df8648,1785806321233809,2050914396,2,2,0,-61,128,0,10,10,9,9,9,9,9,10,10,10,9,10,10,10,11,12,10,11,12,12,12,13,12,13,13,13,0,0,0,0,0,0,0,0,0,0,0,16,16,17,17,18,17,18,18,18,16,16,17,17,16,16,15,14,13,13,13,12,12,11,11,12,11,0,21,19,18,19,18,19,18,18,18,20,20,19,19,21,21,22,21,21,23,23,23,24,24,23,25,25,25,26,0,0,0,0,0,0,0,27,29,29,30,32,32,33,33,33,34,34,33,32,33,31,28,30,29,27,26,25,25,24,24,22,21,21,22
20260804_021426_df8648,1785806321332375,2051012964,2,2,0,-56,128,0,15,14,13,13,13,12,12,11,12,11,10,10,10,10,10,10,10,9,9,9,8,8,7,7,6,6,0,0,0,0,0,0,0,0,0,0,0,13,13,14,15,16,16,17,17,18,18,17,18,18,17,17,17,17,17,16,17,16,17,16,15,15,15,0,27,26,24,23,23,22,22,21,21,21,20,20,19,18,20,16,19,17,18,18,16,13,14,11,12,11,11,12,0,0,0,0,0,0,0,21,23,24,24,27,28,29,30,30,33,32,34,30,34,33,32,32,32,30,30,31,30,29,31,30,29,29,28
20260804_021426_df8648,1785806321434591,2051111738,2,2,0,-57,128,0,13,13,13,13,13,13,13,13,11,12,12,12,13,13,13,13,13,13,12,13,12,12,12,12,12,11,0,0,0,0,0,0,0,0,0,0,0,10,10,12,12,12,12,14,14,14,14,14,14,15,15,14,15,14,15,14,14,14,14,14,14,14,14,0,53,54,51,52,52,49,49,48,48,51,50,51,51,52,50,52,51,52,50,50,50,49,47,45,46,45,45,44,0,0,0,0,0,0,0,36,40,40,42,47,49,52,53,56,55,56,58,59,58,59,57,60,57,56,58,58,57,55,58,56,56,56,55
20260804_021426_df8648,1785806321530745,2051211527,2,2,0,-60,128,0,12,11,11,10,9,9,9,9,9,9,9,9,9,9,9,9,9,9,9,9,9,9,9,8,8,8,0,0,0,0,0,0,0,0,0,0,0,16,16,16,17,18,18,18,18,18,18,17,17,17,16,16,15,15,15,14,14,14,14,13,13,13,12,0,22,22,20,19,20,19,17,18,18,18,18,18,17,18,18,18,18,18,18,18,17,17,17,17,17,17,17,16,0,0,0,0,0,0,0,28,29,29,30,33,33,33,34,35,35,34,35,34,33,32,31,30,31,30,28,28,27,27,27,26,25,25,23
20260804_021426_df8648,1785806321637648,2051316033,2,2,0,-58,128,0,15,14,14,14,13,13,12,12,11,11,11,11,11,12,11,11,10,10,10,10,9,9,8,8,8,8,0,0,0,0,0,0,0,0,0,0,0,15,15,16,17,17,18,18,18,18,18,18,18,18,18,17,18,16,16,16,17,17,17,16,16,16,15,0,52,52,47,49,45,48,40,49,43,46,45,41,43,43,43,36,37,40,36,37,35,33,28,31,30,30,30,28,0,0,0,0,0,0,0,51,47,55,59,59,60,63,62,64,71,72,67,69,65,66,66,63,67,60,60,60,60,59,61,55,62,61,54
20260804_021426_df8648,1785806321739782,2051422469,2,2,0,-63,128,0,11,10,10,9,8,8,7,7,6,6,7,6,6,6,6,6,6,6,6,6,6,7,6,8,8,8,0,0,0,0,0,0,0,0,0,0,0,18,18,19,20,21,21,21,22,22,21,22,21,21,21,20,18,18,17,17,16,16,15,14,14,13,13,0,19,19,17,16,14,14,13,11,12,13,11,12,11,11,11,9,11,11,10,10,11,11,12,13,15,15,17,19,0,0,0,0,0,0,0,29,32,32,33,36,37,37,38,39,40,39,39,40,38,37,36,35,34,33,33,31,31,29,28,28,25,25,23
20260804_021426_df8648,1785806321834974,2051512602,2,2,0,-61,128,0,13,12,12,12,12,11,11,11,11,12,11,11,11,11,11,12,12,12,12,11,11,11,11,12,11,12,0,0,0,0,0,0,0,0,0,0,0,10,11,11,11,12,13,14,15,15,15,15,15,16,16,15,15,15,15,14,14,14,14,14,14,13,13,0,52,50,48,48,47,45,45,43,46,45,45,44,46,47,47,48,47,48,47,49,49,47,47,46,47,46,48,46,0,0,0,0,0,0,0,37,40,42,45,46,49,53,52,56,57,60,60,61,60,61,63,61,60,61,59,58,57,57,57,56,56,55,54
20260804_021426_df8648,1785806321937112,2051615290,2,2,0,-60,128,0,12,12,11,11,10,9,9,9,9,9,9,9,9,9,9,9,9,10,10,9,9,9,10,10,10,10,0,0,0,0,0,0,0,0,0,0,0,15,15,17,17,18,18,18,19,19,18,19,19,19,18,17,18,17,17,17,16,16,16,15,14,14,14,0,23,21,21,20,18,18,17,16,17,16,16,16,16,16,17,17,17,17,17,17,18,17,17,17,18,18,18,19,0,0,0,0,0,0,0,26,27,27,29,30,32,33,33,35,35,36,36,36,36,35,34,33,33,33,31,30,30,29,29,27,27,27,24
20260804_021426_df8648,1785806322034833,2051714763,2,2,0,-63,128,0,13,12,11,11,10,10,10,9,9,9,9,8,9,9,9,8,9,9,9,9,9,9,9,10,10,11,0,0,0,0,0,0,0,0,0,0,0,11,11,13,13,14,15,15,16,16,16,18,17,17,17,16,17,16,16,16,16,16,15,14,14,14,13,0,25,24,23,20,20,21,19,18,18,18,18,18,17,18,17,18,17,17,19,17,18,19,19,19,21,22,23,25,0,0,0,0,0,0,0,19,21,21,23,25,27,28,31,31,32,34,32,33,33,33,35,35,33,32,32,33,31,31,31,29,30,29,28
20260804_021426_df8648,1785806322132655,2051811946,2,2,0,-63,128,0,16,16,15,15,13,13,12,11,11,12,11,10,10,10,10,9,8,8,8,8,7,6,6,6,7,8,0,0,0,0,0,0,0,0,0,0,0,14,15,15,16,16,17,18,17,18,18,18,18,18,19,18,18,19,19,19,19,19,19,18,18,18,17,0,29,28,27,26,25,23,23,22,20,21,21,20,18,17,16,16,14,14,12,12,13,11,12,11,13,14,14,16,0,0,0,0,0,0,0,23,24,25,26,27,28,28,30,30,31,32,33,33,33,34,34,34,34,34,34,34,34,34,33,32,32,32,33
20260804_021426_df8648,1785806322236164,2051913982,2,2,0,-62,128,0,12,11,11,10,9,8,8,6,7,6,6,6,5,4,5,5,5,4,5,4,4,5,5,5,5,5,0,0,0,0,0,0,0,0,0,0,0,17,18,18,19,19,18,18,20,21,19,19,18,18,17,17,16,16,16,15,14,15,15,14,13,13,13,0,24,23,21,19,18,17,16,14,14,13,12,12,11,11,11,10,9,10,9,9,9,9,10,9,10,10,11,12,0,0,0,0,0,0,0,31,32,33,34,34,37,37,38,38,39,39,37,37,36,35,35,34,33,33,31,30,29,30,28,28,27,27,25
20260804_021426_df8648,1785806322333238,2052013600,2,2,0,-66,128,0,10,11,12,10,10,11,10,9,9,10,9,9,9,10,10,10,12,12,12,13,12,14,13,14,14,13,0,0,0,0,0,0,0,0,0,0,0,14,17,15,16,17,18,18,18,17,16,16,16,15,15,14,14,14,14,13,13,14,13,13,13,13,10,0,20,22,24,23,20,21,18,16,18,19,17,18,17,20,21,18,23,22,24,27,25,26,28,24,27,27,27,28,0,0,0,0,0,0,0,27,29,28,31,29,31,32,33,35,34,33,32,29,31,28,27,30,27,27,25,27,24,26,24,24,25,24,21
20260804_021426_df8648,1785806322435863,2052112339,2,2,0,-59,128,0,13,13,13,13,12,13,12,12,12,13,13,13,13,13,14,14,14,14,15,15,15,15,15,15,15,15,0,0,0,0,0,0,0,0,0,0,0,10,10,10,11,11,11,11,13,13,13,13,13,12,12,12,12,12,12,12,12,11,12,12,12,12,12,0,52,51,52,53,50,52,50,50,52,52,52,49,54,53,57,57,57,58,61,62,61,61,61,61,63,61,60,59,0,0,0,0,0,0,0,40,40,42,42,44,43,45,48,50,50,51,48,49,48,49,48,46,48,47,46,47,48,48,48,48,49,52,51
20260804_021426_df8648,1785806322533285,2052213145,2,2,0,-57,128,0,14,14,14,14,14,14,14,14,13,13,13,14,13,14,15,14,15,15,16,15,16,15,16,16,15,16,0,0,0,0,0,0,0,0,0,0,0,12,13,13,14,14,14,15,15,15,15,15,14,15,14,13,14,14,13,14,15,14,14,14,14,15,14,0,55,54,52,54,55,53,50,49,50,51,49,50,48,53,51,52,53,57,58,57,56,57,57,53,54,52,54,52,0,0,0,0,0,0,0,42,43,40,43,48,48,51,54,52,53,56,55,54,53,54,52,54,51,47,50,52,53,56,57,51,58,61,52
20260804_021426_df8648,1785806322636729,2052314504,2,2,0,-61,128,0,13,13,13,12,12,13,12,11,12,13,13,12,13,13,12,14,15,14,15,15,16,16,16,16,16,17,0,0,0,0,0,0,0,0,0,0,0,14,15,14,16,16,17,16,17,17,17,16,16,15,17,16,14,14,14,14,14,14,16,14,13,14,14,0,50,51,52,43,49,43,43,45,40,48,46,44,50,43,50,54,52,53,59,59,54,57,62,57,59,60,59,59,0,0,0,0,0,0,0,51,53,55,55,56,54,62,68,59,57,56,60,56,56,58,60,57,47,49,56,48,55,52,50,49,56,45,50
20260804_021426_df8648,1785806322736611,2052414805,2,2,0,-65,128,0,10,11,9,8,8,8,7,6,6,6,6,6,6,5,6,6,6,7,7,8,8,9,9,9,10,10,0,0,0,0,0,0,0,0,0,0,0,21,21,22,21,22,21,22,21,21,20,19,19,18,17,15,15,15,15,14,13,13,13,12,12,11,11,0,19,19,17,16,16,15,13,11,12,11,11,10,12,11,11,11,12,13,13,15,15,17,17,18,21,21,23,22,0,0,0,0,0,0,0,40,42,41,41,44,42,42,42,42,42,40,40,38,36,34,32,31,30,29,28,27,26,24,24,23,22,22,21
20260804_021426_df8648,1785806322833564,2052511884,2,2,0,-68,128,0,13,12,11,11,10,10,9,8,8,9,9,9,9,9,9,11,9,10,10,9,11,9,10,11,11,11,0,0,0,0,0,0,0,0,0,0,0,19,19,20,20,21,20,20,20,20,20,18,18,17,17,17,17,16,16,16,15,15,15,13,14,13,13,0,22,23,20,19,19,17,18,16,15,16,16,15,16,16,18,17,17,18,18,18,18,18,19,19,19,23,21,21,0,0,0,0,0,0,0,35,35,35,36,38,37,38,37,38,36,38,35,34,33,33,30,31,29,31,27,28,28,27,26,25,25,24,25
20260804_021426_df8648,1785806322937276,2052615532,2,2,0,-57,128,0,12,12,11,11,12,11,9,10,11,10,10,9,9,9,9,10,9,10,10,10,9,9,9,9,9,9,0,0,0,0,0,0,0,0,0,0,0,17,17,18,18,19,18,19,18,19,18,18,18,17,17,16,15,16,14,14,14,15,14,14,13,14,13,0,22,23,22,22,19,20,20,19,19,18,19,17,18,18,18,17,19,19,19,18,19,19,18,17,16,17,16,16,0,0,0,0,0,0,0,29,30,30,30,34,34,34,35,35,35,35,36,34,33,33,32,29,32,29,28,28,27,25,25,28,25,25,25
20260804_021426_df8648,1785806323040394,2052716496,2,2,0,-63,128,0,11,13,12,12,11,11,10,9,11,9,10,9,10,9,9,10,10,10,9,9,9,8,10,9,9,9,0,0,0,0,0,0,0,0,0,0,0,16,16,17,18,18,19,18,19,18,17,18,17,17,16,16,17,14,15,16,15,15,14,15,13,15,13,0,24,23,23,22,19,21,20,18,20,19,19,17,17,16,19,20,19,17,17,17,17,16,18,17,16,16,16,15,0,0,0,0,0,0,0,30,29,32,31,33,34,34,33,35,36,35,34,33,33,31,31,31,31,30,28,30,29,28,28,27,25,26,24
20260804_021426_df8648,1785806323136979,2052813516,2,2,0,-58,128,0,13,13,13,13,13,14,13,14,12,12,13,13,13,14,14,13,14,14,14,15,14,15,15,14,14,14,0,0,0,0,0,0,0,0,0,0,0,11,13,13,14,15,14,16,14,15,16,15,15,15,14,15,14,13,14,13,14,13,14,13,14,13,12,0,26,25,27,24,23,25,25,25,22,23,23,23,24,25,22,26,26,27,26,29,25,26,25,28,27,27,26,25,0,0,0,0,0,0,0,22,22,23,25,25,26,28,27,26,26,26,29,28,28,27,24,25,25,24,23,26,25,25,25,26,29,26,26
20260804_021426_df8648,1785806323244429,2052921644,2,2,0,-56,128,0,14,14,14,14,13,13,13,13,14,14,14,14,14,14,15,15,15,15,15,15,15,15,15,15,15,14,0,0,0,0,0,0,0,0,0,0,0,10,11,11,11,12,12,13,13,13,13,14,14,14,13,13,14,13,14,13,13,14,13,13,14,14,15,0,52,52,52,53,53,52,49,50,50,52,50,51,50,52,54,55,55,56,58,57,57,56,55,56,55,55,54,54,0,0,0,0,0,0,0,35,37,39,40,42,44,46,47,50,49,50,50,52,50,50,51,51,50,48,49,50,51,52,52,52,54,54,52
20260804_021426_df8648,1785806323335735,2053014217,2,2,0,-53,128,0,13,14,13,13,13,13,12,12,12,12,12,12,12,12,12,12,13,13,13,14,13,13,13,13,13,13,0,0,0,0,0,0,0,0,0,0,0,10,11,11,12,13,13,13,14,14,15,14,14,15,14,14,13,13,14,13,13,13,14,13,14,14,14,0,53,52,51,49,49,50,49,49,45,46,46,46,47,47,48,50,51,51,54,52,49,52,50,50,50,49,48,48,0,0,0,0,0,0,0,36,38,39,40,44,46,50,50,53,53,54,56,56,58,55,56,54,54,53,54,53,55,54,55,54,54,55,55
20260804_021426_df8648,1785806323457167,2053133708,2,2,0,-55,128,0,14,14,14,14,14,14,13,13,13,13,14,14,14,14,14,16,16,16,15,16,16,16,16,16,16,15,0,0,0,0,0,0,0,0,0,0,0,5,6,6,7,7,8,9,10,10,10,11,10,11,12,11,11,12,11,12,12,13,13,13,13,13,13,0,55,55,55,55,54,54,54,54,55,54,55,56,57,58,59,62,61,63,63,64,64,64,62,63,62,61,59,59,0,0,0,0,0,0,0,21,22,22,24,27,29,30,34,35,37,40,40,42,43,43,44,46,45,45,46,46,47,48,50,51,51,53,53
20260804_021426_df8648,1785806323533252,2053211253,2,2,0,-60,128,0,16,16,16,16,16,16,16,16,16,16,16,15,15,15,15,15,15,16,16,15,15,15,15,14,14,14,0,0,0,0,0,0,0,0,0,0,0,6,7,7,9,9,9,10,10,11,12,12,13,13,13,14,14,14,15,15,15,15,16,16,16,16,16,0,60,64,60,63,57,61,58,58,59,60,57,57,57,57,58,55,59,55,57,56,55,56,55,54,53,55,55,52,0,0,0,0,0,0,0,23,23,25,26,28,29,32,34,36,39,43,47,46,48,49,50,51,55,52,56,54,58,57,59,62,59,60,60
20260804_021426_df8648,1785806323636458,2053311735,2,2,0,-57,128,0,13,13,14,13,14,14,14,14,14,14,15,14,15,15,16,16,16,17,17,17,17,17,17,17,17,17,0,0,0,0,0,0,0,0,0,0,0,11,11,11,12,12,12,12,12,13,13,13,13,12,13,12,13,13,12,12,12,12,12,12,12,13,13,0,24,26,25,25,24,25,25,25,26,26,27,27,28,28,29,31,30,31,32,31,32,32,31,31,31,32,32,31,0,0,0,0,0,0,0,19,20,20,21,21,22,22,23,24,23,23,23,24,23,22,23,22,23,23,23,23,23,22,24,23,23,24,24
20260804_021426_df8648,1785806323733301,2053411488,2,2,0,-52,128,0,15,15,15,15,15,15,15,14,15,15,14,15,15,15,15,15,15,15,15,15,15,14,14,14,14,13,0,0,0,0,0,0,0,0,0,0,0,9,9,10,10,11,10,11,11,12,12,12,12,12,12,12,13,13,13,13,14,14,14,14,15,15,15,0,60,60,60,59,60,59,58,58,58,56,57,56,58,59,57,59,58,59,58,58,57,56,54,53,54,53,50,50,0,0,0,0,0,0,0,32,33,35,36,36,39,41,42,43,44,45,46,47,48,48,50,51,50,52,50,53,53,54,57,55,58,58,57
20260804_021426_df8648,1785806323831918,2053511038,2,2,0,-54,128,0,14,14,14,14,14,14,14,14,14,14,15,14,15,15,15,16,16,16,16,15,15,15,15,14,14,14,0,0,0,0,0,0,0,0,0,0,0,9,9,9,10,9,10,10,10,11,11,11,11,11,11,12,12,12,12,13,13,13,12,13,13,13,14,0,55,56,56,57,55,57,57,55,57,59,57,57,57,58,61,59,62,61,61,61,60,58,59,57,56,55,56,54,0,0,0,0,0,0,0,32,31,33,34,37,37,38,38,41,42,42,43,43,44,43,43,45,47,46,47,47,48,51,48,51,52,53,53
20260804_021426_df8648,1785806323935144,2053611326,2,2,0,-58,128,0,14,14,14,14,13,14,14,14,13,13,14,14,14,15,15,15,16,16,16,16,16,16,16,16,16,16,0,0,0,0,0,0,0,0,0,0,0,6,6,7,7,7,9,9,9,10,9,11,11,11,11,11,11,11,11,11,12,12,12,13,14,13,14,0,55,55,54,55,55,56,55,56,57,57,58,56,61,59,60,60,63,63,65,65,65,63,66,63,65,64,63,63,0,0,0,0,0,0,0,21,21,23,26,27,30,33,33,36,37,39,41,41,42,46,45,46,47,45,49,50,47,52,51,51,53,56,54
20260804_021426_df8648,1785806324033757,2053711723,2,2,0,-54,128,0,14,14,14,14,14,14,14,13,13,13,13,13,13,13,13,13,14,14,14,13,13,13,13,13,12,13,0,0,0,0,0,0,0,0,0,0,0,9,9,10,10,12,12,12,13,13,14,14,14,13,13,13,13,13,14,13,14,14,14,14,15,15,15,0,58,55,55,54,53,52,51,51,51,51,51,50,49,52,51,51,52,52,51,51,50,49,49,47,48,47,44,45,0,0,0,0,0,0,0,32,33,34,37,39,42,43,45,47,48,49,52,52,50,51,52,52,51,53,51,53,53,53,54,55,54,57,55
20260804_021426_df8648,1785806324136015,2053815557,2,2,0,-58,128,0,13,13,13,13,12,11,12,11,14,13,12,14,13,14,14,14,15,15,15,15,15,16,16,16,16,16,0,0,0,0,0,0,0,0,0,0,0,8,9,9,10,10,10,10,11,11,11,11,11,12,12,12,12,12,12,11,13,13,11,12,13,14,12,0,26,23,31,24,25,29,25,25,23,24,24,24,27,27,27,28,28,30,27,31,31,30,31,31,31,32,32,32,0,0,0,0,0,0,0,15,16,17,18,17,19,19,21,22,23,22,23,23,24,23,25,24,25,26,23,23,26,24,26,21,28,25,25
20260804_021426_df8648,1785806324233942,2053911815,2,2,0,-61,128,0,13,12,12,10,10,9,9,8,8,7,7,6,6,6,6,5,4,4,4,4,4,4,4,4,6,6,0,0,0,0,0,0,0,0,0,0,0,18,19,20,21,21,22,22,23,23,21,21,21,21,20,19,18,18,17,17,16,16,16,15,15,14,14,0,22,21,19,19,17,17,15,14,13,13,13,12,10,9,10,8,8,7,6,6,6,6,7,9,9,11,12,13,0,0,0,0,0,0,0,29,31,31,33,36,36,37,38,39,39,39,39,38,36,36,35,35,33,32,30,30,29,28,28,26,27,26,24
20260804_021426_df8648,1785806324332783,2054013460,2,2,0,-62,128,0,7,6,5,6,6,5,6,6,7,7,8,9,9,10,10,11,12,12,13,14,15,16,16,17,17,17,0,0,0,0,0,0,0,0,0,0,0,17,17,18,18,19,19,19,20,20,19,19,18,17,17,15,16,14,14,13,13,11,11,11,10,9,8,0,13,12,11,11,11,11,10,11,12,13,13,15,16,16,19,20,21,22,24,25,27,26,28,29,30,31,31,33,0,0,0,0,0,0,0,27,29,30,31,33,34,34,35,36,36,36,35,35,34,33,32,30,28,27,26,24,24,23,22,19,19,17,16
20260804_021426_df8648,1785806324435173,2054111628,2,2,0,-56,128,0,13,13,12,12,10,11,12,11,10,10,11,11,10,10,11,10,10,10,11,12,11,12,12,12,12,12,0,0,0,0,0,0,0,0,0,0,0,16,17,17,17,18,17,18,18,18,19,18,18,17,17,16,16,15,15,15,14,14,14,13,14,13,12,0,23,23,20,22,21,21,21,20,21,19,20,20,18,19,20,21,21,21,21,22,22,23,22,22,22,23,22,25,0,0,0,0,0,0,0,28,29,30,32,31,33,33,34,34,35,36,35,33,33,32,32,30,29,29,28,28,27,27,26,27,24,25,23
20260804_021426_df8648,1785806324532806,2054211845,2,2,0,-55,128,0,14,14,13,13,13,13,13,12,12,13,13,12,13,12,13,13,13,13,14,14,13,13,13,13,13,13,0,0,0,0,0,0,0,0,0,0,0,15,16,16,16,17,18,18,17,18,18,18,17,17,17,16,16,16,15,15,15,14,15,14,14,14,14,0,25,23,24,23,24,22,22,21,21,21,22,22,22,23,22,24,22,24,23,23,23,22,22,21,22,22,22,23,0,0,0,0,0,0,0,24,25,26,27,28,30,30,32,31,32,32,31,32,31,30,30,29,28,28,26,28,26,26,26,25,25,24,25
20260804_021426_df8648,1785806324630534,2054312080,2,2,0,-60,128,0,9,8,8,7,7,7,7,7,7,7,8,9,9,9,9,9,10,10,11,11,11,12,12,12,13,13,0,0,0,0,0,0,0,0,0,0,0,16,17,18,18,18,19,20,20,20,19,19,18,18,17,17,16,15,15,14,13,13,12,11,11,10,9,0,17,16,14,15,14,14,14,13,13,16,15,15,16,16,17,18,19,19,20,21,22,22,23,23,24,24,25,25,0,0,0,0,0,0,0,29,30,30,32,34,35,37,36,38,37,38,38,36,35,35,33,31,31,29,29,25,26,24,24,22,21,20,18
20260804_021426_df8648,1785806324733133,2054414437,2,2,0,-57,128,0,11,11,11,10,10,10,9,9,9,9,9,9,9,9,9,9,9,9,9,9,9,9,9,9,9,9,0,0,0,0,0,0,0,0,0,0,0,16,16,17,18,18,18,19,19,19,20,19,18,18,18,17,17,16,16,15,15,14,14,13,13,13,13,0,22,22,21,20,19,18,18,19,17,17,17,16,17,17,17,16,17,18,17,16,16,17,17,16,16,16,16,17,0,0,0,0,0,0,0,27,28,28,30,32,33,34,34,35,35,36,35,34,34,34,33,32,30,30,28,28,28,27,27,25,25,25,23
20260804_021426_df8648,1785806324834712,2054513858,2,2,0,-61,128,0,4,3,3,3,4,5,5,6,6,8,9,9,10,11,11,13,13,14,15,16,16,16,17,17,17,17,0,0,0,0,0,0,0,0,0,0,0,19,19,20,20,21,21,21,21,21,20,18,18,17,16,16,14,13,11,11,11,9,9,8,7,5,5,0,5,5,6,6,7,9,10,12,13,15,17,17,21,22,22,24,27,26,28,28,30,31,32,30,32,33,31,32,0,0,0,0,0,0,0,32,32,34,35,36,38,37,37,37,38,36,37,34,34,31,29,27,25,23,21,20,18,16,16,14,12,11,8
20260804_021426_df8648,1785806324932570,2054612513,2,2,0,-60,128,0,11,12,11,10,9,9,9,8,8,8,8,8,9,9,8,9,9,9,9,10,9,9,11,10,10,10,0,0,0,0,0,0,0,0,0,0,0,17,17,19,18,20,20,21,21,21,21,21,20,19,18,18,18,17,16,16,16,15,15,14,14,14,13,0,21,21,18,18,17,17,16,16,15,15,15,16,16,15,16,16,17,17,17,17,18,18,18,17,18,18,19,19,0,0,0,0,0,0,0,27,29,31,31,34,34,36,36,38,38,38,38,36,35,35,35,33,33,32,30,29,28,28,28,26,26,23,23
20260804_021426_df8648,1785806325030217,2054711836,2,2,0,-63,128,0,8,9,9,10,11,11,12,13,14,14,15,15,15,16,17,18,19,20,20,21,21,21,21,21,21,21,0,0,0,0,0,0,0,0,0,0,0,11,11,11,11,12,12,12,12,12,11,11,10,9,9,9,8,7,6,6,6,6,6,5,6,6,7,0,30,34,36,38,43,43,45,48,50,54,57,57,59,61,67,72,70,74,76,74,79,77,78,77,77,81,76,77,0,0,0,0,0,0,0,34,38,40,40,41,42,44,43,45,43,43,41,39,39,36,33,29,29,28,23,23,21,19,23,20,23,26,28
20260804_021426_df8648,1785806325135460,2054814245,2,2,0,-58,128,0,9,9,10,10,11,11,12,12,13,13,13,14,14,15,15,16,16,17,17,17,17,17,18,18,18,18,0,0,0,0,0,0,0,0,0,0,0,12,13,12,13,12,13,12,12,12,12,12,11,10,10,9,9,8,8,8,7,8,7,7,7,8,8,0,19,19,19,21,21,22,22,24,24,27,26,27,29,29,31,32,33,34,35,34,36,33,34,35,35,35,34,34,0,0,0,0,0,0,0,22,23,22,23,24,25,25,25,25,25,25,24,23,21,22,19,19,18,17,15,16,15,15,15,15,16,16,16
20260804_021426_df8648,1785806325255794,2054932247,2,2,0,-57,128,0,9,8,8,9,9,8,9,9,9,10,10,10,11,11,12,11,13,12,13,13,14,13,13,14,13,13,0,0,0,0,0,0,0,0,0,0,0,16,16,17,17,18,18,18,18,17,16,16,16,15,14,14,12,12,11,11,11,10,10,9,9,9,9,0,34,32,43,32,33,34,33,37,34,37,38,37,49,44,45,46,46,48,51,49,49,55,50,50,47,48,47,50,0,0,0,0,0,0,0,58,59,60,62,64,65,68,67,69,67,65,66,62,61,58,55,53,51,48,45,42,44,40,39,39,32,34,32
20260804_021426_df8648,1785806325347456,2055028374,2,2,0,-56,128,0,11,9,8,9,9,8,9,8,7,8,8,7,8,8,8,8,8,9,10,8,11,9,9,9,9,9,0,0,0,0,0,0,0,0,0,0,0,20,20,21,21,21,22,23,21,21,22,20,20,19,18,18,17,17,16,16,16,15,15,13,14,12,11,0,20,15,20,18,14,15,11,12,11,14,14,14,15,13,18,17,15,18,18,13,15,15,17,16,16,17,16,16,0,0,0,0,0,0,0,31,34,35,35,37,38,37,40,43,40,40,39,39,37,35,35,32,35,29,30,28,29,26,24,26,24,24,19
20260804_021426_df8648,1785806325434075,2055112444,2,2,0,-58,128,0,9,8,7,7,6,5,5,4,4,4,4,4,4,4,4,4,5,5,5,6,6,7,7,7,8,8,0,0,0,0,0,0,0,0,0,0,0,22,22,22,24,24,24,24,24,24,23,22,22,21,21,19,18,17,17,16,15,15,14,13,13,12,11,0,17,16,14,12,11,9,8,8,8,6,7,8,7,8,9,8,9,11,10,11,13,13,12,14,14,16,15,16,0,0,0,0,0,0,0,36,37,39,40,40,42,42,44,43,43,43,41,40,38,37,36,35,32,32,29,30,27,27,26,23,21,21,18
20260804_021426_df8648,1785806325532994,2055213499,2,2,0,-61,128,0,4,4,3,2,2,2,3,3,3,4,5,6,6,7,7,8,9,10,11,11,12,13,13,13,13,14,0,0,0,0,0,0,0,0,0,0,0,20,20,21,21,22,22,22,21,21,21,20,19,18,17,16,15,14,14,13,12,11,10,9,8,8,7,0,7,7,5,4,1,3,4,5,6,9,10,11,13,14,15,17,17,18,20,22,23,24,24,26,26,26,27,28,0,0,0,0,0,0,0,35,36,37,38,39,39,40,40,40,40,39,37,37,35,34,32,29,29,27,24,23,23,21,18,16,15,14,11
20260804_021426_df8648,1785806325636532,2055316679,2,2,0,-55,128,0,11,10,9,9,8,7,7,7,6,6,7,6,6,7,7,7,7,7,7,8,8,8,8,8,8,8,0,0,0,0,0,0,0,0,0,0,0,20,20,21,22,23,23,23,23,23,24,23,22,22,21,20,19,18,17,17,17,16,15,15,14,13,13,0,18,16,16,15,14,13,11,11,12,11,11,11,11,11,12,12,13,12,13,13,13,13,13,13,14,12,14,14,0,0,0,0,0,0,0,31,32,33,34,36,37,37,39,39,39,38,39,37,36,36,34,32,32,29,29,28,28,26,25,24,23,22,21
20260804_021426_df8648,1785806325734137,2055412576,2,2,0,-60,128,0,8,8,8,7,6,7,7,8,8,7,8,8,9,9,10,10,11,11,12,12,12,13,13,13,13,13,0,0,0,0,0,0,0,0,0,0,0,18,18,19,20,20,20,21,21,21,21,20,19,19,18,17,16,15,15,15,13,13,12,11,11,10,9,0,15,13,14,13,12,12,13,12,13,13,14,15,16,17,18,20,19,22,22,23,23,23,23,24,24,26,24,26,0,0,0,0,0,0,0,32,33,33,35,37,37,38,39,39,39,39,37,36,34,35,33,33,31,29,28,27,25,24,23,21,19,18,17
20260804_021426_df8648,1785806325833275,2055511754,2,2,0,-56,128,0,13,12,11,11,10,11,10,9,10,9,10,12,10,11,11,10,11,12,12,12,12,12,12,12,12,12,0,0,0,0,0,0,0,0,0,0,0,19,19,20,21,21,22,22,22,21,21,21,21,19,18,18,18,18,16,17,16,15,15,14,14,14,13,0,21,20,20,18,18,17,18,15,18,16,15,17,18,16,18,19,20,20,21,20,21,20,21,19,20,21,20,19,0,0,0,0,0,0,0,30,33,33,34,35,35,35,34,37,37,38,37,35,34,33,32,32,31,28,30,29,27,27,25,27,24,24,22
20260804_021426_df8648,1785806325931269,2055612315,2,2,0,-65,128,0,4,4,3,4,4,4,5,5,6,6,8,8,9,10,10,11,12,13,13,13,14,14,15,16,16,16,0,0,0,0,0,0,0,0,0,0,0,19,19,20,21,21,21,21,20,19,19,18,17,15,15,14,13,12,11,10,10,8,8,8,7,6,5,0,13,13,12,14,15,18,21,22,26,27,32,33,35,38,41,44,47,51,53,55,56,58,58,62,62,63,68,69,0,0,0,0,0,0,0,68,73,73,74,76,77,77,76,75,75,72,70,66,63,58,56,51,47,44,41,38,35,31,30,26,25,21,20
20260804_021426_df8648,1785806326033112,2055712378,2,2,0,-54,128,0,14,15,14,13,13,13,13,13,14,12,13,13,13,14,13,14,13,14,14,14,13,14,12,12,12,13,0,0,0,0,0,0,0,0,0,0,0,14,15,14,16,16,17,16,16,16,17,17,16,16,16,17,15,16,15,15,15,15,15,14,14,15,14,0,26,25,26,24,25,25,24,23,25,23,24,23,24,25,25,25,23,25,25,23,25,23,24,22,22,22,20,21,0,0,0,0,0,0,0,25,25,25,26,27,29,29,32,31,31,31,30,30,30,30,30,30,28,29,28,28,27,27,27,26,27,27,26
20260804_021426_df8648,1785806326142226,2055817665,2,2,0,-54,128,0,14,14,14,14,14,13,13,13,13,13,13,13,13,13,13,13,14,13,13,14,13,13,13,13,12,13,0,0,0,0,0,0,0,0,0,0,0,11,11,12,12,13,13,14,14,14,14,13,13,13,13,13,13,13,13,13,13,13,14,14,14,14,14,0,54,50,49,55,49,52,48,52,48,52,51,49,49,50,53,50,55,51,54,51,54,49,50,49,46,45,46,46,0,0,0,0,0,0,0,39,41,41,43,45,48,50,48,51,50,54,53,51,51,51,49,52,49,49,51,48,52,50,52,49,52,54,54
20260804_021426_df8648,1785806326235063,2055912855,2,2,0,-56,128,0,15,14,13,14,13,14,14,12,12,13,13,12,13,13,13,12,13,13,12,13,13,12,11,11,11,11,0,0,0,0,0,0,0,0,0,0,0,11,12,12,12,13,13,14,14,14,15,13,13,14,14,13,14,14,14,15,15,14,14,14,15,15,13,0,54,52,53,52,50,50,50,48,50,47,48,49,50,48,50,50,50,49,49,50,47,46,45,45,46,43,43,43,0,0,0,0,0,0,0,40,42,43,46,47,48,52,50,53,53,54,55,53,53,55,56,54,53,53,50,55,52,53,54,54,55,55,54
20260804_021426_df8648,1785806326339789,2056015220,2,2,0,-54,128,0,14,14,14,14,13,14,13,13,14,13,13,13,13,13,14,14,14,13,14,14,14,13,13,13,13,12,0,0,0,0,0,0,0,0,0,0,0,12,13,14,14,15,14,15,16,16,16,16,16,16,16,15,16,15,15,15,15,15,15,15,15,15,14,0,51,52,50,52,51,49,50,48,48,51,50,50,50,51,51,50,52,52,52,50,50,47,48,47,46,45,43,44,0,0,0,0,0,0,0,41,43,45,47,49,52,53,55,57,57,58,59,58,56,56,56,54,55,53,53,53,52,54,54,52,53,52,51
20260804_021426_df8648,1785806326433746,2056112564,2,2,0,-52,128,0,14,14,14,14,14,14,14,13,13,14,13,13,13,13,14,13,14,13,13,13,13,12,12,11,11,10,0,0,0,0,0,0,0,0,0,0,0,11,11,12,12,13,12,14,13,13,14,14,13,14,13,13,13,13,13,13,13,13,13,14,14,14,14,0,53,55,54,53,52,53,52,52,51,52,51,51,52,52,52,51,52,51,51,49,50,47,46,45,42,41,40,40,0,0,0,0,0,0,0,36,39,40,40,44,47,48,48,50,52,51,54,53,52,52,52,50,52,51,51,51,52,52,52,53,54,55,53
20260804_021426_df8648,1785806326537696,2056213598,2,2,0,-54,128,0,14,14,14,14,14,14,14,14,14,14,14,14,15,15,15,15,15,15,15,15,15,15,15,15,15,14,0,0,0,0,0,0,0,0,0,0,0,8,8,8,9,9,10,11,10,11,11,11,11,11,12,12,11,12,12,13,13,13,13,13,13,14,14,0,55,55,57,54,54,57,56,53,54,56,55,55,59,57,58,60,60,61,60,62,61,59,59,58,59,59,57,57,0,0,0,0,0,0,0,30,30,30,32,32,35,39,40,39,36,45,42,45,43,46,48,44,46,50,45,49,49,52,54,49,57,58,53
20260804_021426_df8648,1785806326634698,2056314640,2,2,0,-62,128,0,10,11,12,12,13,13,14,14,15,15,15,15,17,17,18,18,19,18,19,19,20,20,20,20,21,21,0,0,0,0,0,0,0,0,0,0,0,14,13,13,13,13,13,12,12,10,10,9,8,7,7,6,6,6,5,5,5,5,7,7,7,8,9,0,20,22,23,23,25,25,26,27,27,29,30,30,31,33,34,36,36,36,37,38,38,36,38,37,38,38,39,39,0,0,0,0,0,0,0,25,26,26,25,27,25,25,24,23,23,21,19,18,16,14,13,11,11,10,9,10,10,11,12,15,14,15,17
20260804_021426_df8648,1785806326732428,2056411733,2,2,0,-56,128,0,14,14,14,14,14,13,13,13,13,13,13,14,14,14,14,14,14,14,15,14,14,14,14,14,14,15,0,0,0,0,0,0,0,0,0,0,0,10,10,11,11,12,12,12,13,13,13,13,13,13,14,13,13,13,13,14,14,14,14,14,14,15,14,0,54,53,54,52,53,52,51,52,50,50,50,50,51,52,52,54,54,52,55,56,55,56,56,54,54,55,54,54,0,0,0,0,0,0,0,35,36,37,38,40,43,44,44,47,48,50,49,49,49,51,52,50,52,52,53,52,54,57,55,54,54,56,53
20260804_021426_df8648,1785806326829950,2056511790,2,2,0,-58,128,0,13,13,14,14,14,14,15,14,14,14,15,14,16,15,15,16,16,16,17,17,17,17,17,17,17,18,0,0,0,0,0,0,0,0,0,0,0,6,6,5,4,4,4,4,5,5,5,5,6,6,6,7,8,8,9,9,10,10,10,11,11,12,12,0,28,27,28,28,28,30,29,29,30,30,31,30,32,32,32,33,33,34,35,34,35,34,35,34,35,36,36,36,0,0,0,0,0,0,0,12,12,12,12,10,10,10,10,9,9,10,11,11,12,13,14,16,16,17,18,19,20,21,22,24,24,26,26
20260804_021426_df8648,1785806326932994,2056615574,2,2,0,-68,128,0,13,13,14,15,14,13,15,14,14,14,14,15,14,16,16,17,18,18,19,19,20,21,21,22,22,22,0,0,0,0,0,0,0,0,0,0,0,4,6,5,5,5,6,6,6,7,7,7,7,9,9,8,9,8,9,9,10,11,11,11,13,13,12,0,26,27,27,28,28,27,28,27,28,29,29,28,28,30,32,33,35,35,37,37,39,39,41,43,42,44,44,47,0,0,0,0,0,0,0,8,9,9,10,8,9,9,12,10,11,13,14,14,15,15,17,17,18,16,18,18,19,21,22,22,23,25,24
20260804_021426_df8648,1785806327030984,2056711777,2,2,0,-64,128,0,10,10,9,9,9,8,8,7,7,6,6,6,6,6,6,6,7,6,6,6,6,6,6,6,6,7,0,0,0,0,0,0,0,0,0,0,0,18,19,19,20,19,19,19,20,19,19,18,17,16,16,16,15,15,14,14,13,13,13,12,12,12,11,0,21,19,19,17,17,16,16,15,13,13,13,13,13,13,12,11,12,12,12,12,13,11,12,12,13,14,13,13,0,0,0,0,0,0,0,35,36,36,36,37,38,39,40,39,39,37,36,36,35,34,32,32,30,29,28,27,27,27,25,24,24,24,23
20260804_021426_df8648,1785806327134387,2056812295,2,2,0,-65,128,0,13,14,14,14,14,15,15,14,15,16,15,15,16,16,16,17,17,18,18,18,18,19,19,19,19,20,0,0,0,0,0,0,0,0,0,0,0,7,8,7,7,7,7,7,6,6,6,6,5,6,6,6,6,7,8,9,9,9,10,10,11,12,13,0,53,57,58,60,57,59,57,56,58,58,63,62,62,64,67,67,70,72,72,72,73,77,79,77,78,82,80,80,0,0,0,0,0,0,0,29,32,31,28,30,32,26,28,26,26,24,27,25,25,23,24,31,24,31,31,35,37,38,40,43,42,48,49
20260804_021426_df8648,1785806327232699,2056911780,2,2,0,-60,128,0,14,14,14,12,12,12,12,11,11,11,11,11,11,11,10,11,11,11,11,10,11,10,9,9,9,9,0,0,0,0,0,0,0,0,0,0,0,13,14,14,15,15,16,16,16,16,16,16,16,16,15,15,15,15,15,15,14,15,14,14,14,15,14,0,53,53,54,50,49,49,47,44,44,45,43,43,43,42,41,42,44,42,42,43,41,41,39,38,38,37,35,35,0,0,0,0,0,0,0,47,50,52,53,55,59,59,61,62,65,64,63,63,63,62,61,59,59,59,57,57,58,57,55,56,56,54,55
20260804_021426_df8648,1785806327336057,2057011729,2,2,0,-60,128,0,15,15,15,15,14,15,15,15,15,15,15,15,14,16,16,15,16,15,15,14,14,14,13,13,13,12,0,0,0,0,0,0,0,0,0,0,0,13,13,13,13,13,12,14,13,13,13,13,13,13,13,13,13,13,15,13,13,14,14,15,15,15,14,0,56,59,57,60,53,53,57,60,56,58,58,52,58,60,54,55,55,57,55,55,53,50,51,47,46,47,46,47,0,0,0,0,0,0,0,43,51,46,48,50,49,49,52,52,50,54,47,45,45,47,49,52,47,49,49,49,54,52,54,54,56,59,56
20260804_021426_df8648,1785806327434544,2057112352,2,2,0,-62,128,0,8,8,7,7,6,6,6,6,6,6,7,7,7,8,8,8,8,9,10,10,10,10,11,11,12,13,0,0,0,0,0,0,0,0,0,0,0,18,18,19,19,20,20,21,20,20,20,19,19,19,18,17,17,16,15,15,14,14,13,13,12,11,10,0,16,15,14,13,12,12,12,11,12,13,13,14,14,16,16,16,18,18,19,19,21,20,22,22,23,24,25,25,0,0,0,0,0,0,0,32,33,34,35,35,36,37,37,38,39,38,39,36,35,34,34,31,31,29,30,28,27,26,24,23,20,20,19
20260804_021426_df8648,1785806327537934,2057213948,2,2,0,-62,128,0,9,9,10,10,10,11,11,11,12,12,13,14,14,15,15,16,17,17,17,17,17,18,19,18,19,19,0,0,0,0,0,0,0,0,0,0,0,15,15,15,15,16,15,14,14,13,13,12,11,11,11,10,10,9,9,9,9,8,8,8,9,9,9,0,17,19,18,18,20,20,21,22,22,24,24,25,26,26,28,29,31,31,32,33,34,33,34,34,36,36,37,38,0,0,0,0,0,0,0,30,30,30,29,30,30,29,29,28,25,26,25,25,23,22,20,20,20,18,18,18,18,17,17,17,17,17,17
20260804_021426_df8648,1785806327636842,2057314889,2,2,0,-56,128,0,13,12,11,11,11,10,9,8,9,8,8,7,7,7,7,7,6,6,6,5,5,5,5,4,5,5,0,0,0,0,0,0,0,0,0,0,0,16,17,18,18,19,20,20,20,21,20,20,20,19,18,17,17,17,17,17,16,16,16,15,15,14,13,0,23,23,22,21,19,18,18,16,15,15,15,15,13,12,12,13,11,10,10,10,9,9,9,8,9,9,9,10,0,0,0,0,0,0,0,30,31,31,33,33,35,37,37,38,38,38,38,37,36,36,35,35,33,32,32,32,32,29,29,28,28,27,26
20260804_021426_df8648,1785806327740235,2057421710,2,2,0,-58,128,0,11,10,10,9,8,7,6,5,5,4,4,4,3,2,3,3,3,3,3,3,4,3,4,4,5,5,0,0,0,0,0,0,0,0,0,0,0,17,18,19,20,20,20,20,21,22,21,21,20,20,20,19,18,18,17,16,16,16,15,14,14,14,13,0,24,19,18,17,15,13,13,11,10,9,8,7,7,6,4,5,5,4,4,5,5,7,7,8,9,9,10,11,0,0,0,0,0,0,0,29,31,33,35,35,37,36,38,39,40,41,40,39,38,37,37,35,34,35,32,32,31,30,30,29,27,25,25
20260804_021426_df8648,1785806327832510,2057512164,2,2,0,-58,128,0,14,13,12,12,11,10,10,9,9,9,9,8,7,8,8,7,8,7,7,7,7,6,7,6,7,7,0,0,0,0,0,0,0,0,0,0,0,17,18,19,19,20,20,20,21,21,21,21,21,20,20,20,20,20,19,19,18,17,17,16,16,15,15,0,25,22,21,22,19,19,17,16,16,15,14,13,14,13,13,13,13,12,12,12,12,12,11,11,11,12,12,12,0,0,0,0,0,0,0,28,28,29,30,32,32,35,35,36,38,38,37,37,36,36,35,34,34,32,33,32,32,31,31,29,28,29,27
20260804_021426_df8648,1785806327930397,2057612688,2,2,0,-59,128,0,13,13,13,12,11,10,10,9,8,9,8,8,8,7,7,6,7,6,6,6,5,5,5,5,5,5,0,0,0,0,0,0,0,0,0,0,0,16,17,18,19,19,20,21,20,20,21,20,20,20,20,19,19,19,18,17,17,17,17,16,17,15,14,0,25,24,21,21,18,19,16,17,16,14,14,14,12,12,14,12,11,12,10,9,10,10,10,9,10,9,10,11,0,0,0,0,0,0,0,28,29,30,32,34,34,36,37,38,38,39,38,38,38,36,37,35,35,33,33,32,33,31,31,29,28,27,27
20260804_021426_df8648,1785806328034673,2057712124,2,2,0,-57,128,0,12,11,10,10,9,8,8,8,8,8,8,8,8,8,9,8,8,8,9,9,9,9,9,9,10,10,0,0,0,0,0,0,0,0,0,0,0,18,19,20,21,22,23,22,23,23,22,22,22,21,21,21,19,18,18,18,17,16,16,15,14,14,13,0,20,19,18,17,16,15,14,14,14,14,14,14,13,14,14,14,15,15,15,16,16,16,15,16,16,17,17,17,0,0,0,0,0,0,0,27,30,31,32,34,34,36,36,37,37,37,38,37,35,36,34,33,33,30,30,30,28,26,27,25,24,23,23
20260804_021426_df8648,1785806328134161,2057813412,2,2,0,-55,128,0,14,13,13,11,11,11,11,11,10,10,9,9,9,9,10,9,9,8,8,8,7,7,6,6,7,7,0,0,0,0,0,0,0,0,0,0,0,18,19,21,21,22,22,22,22,22,22,22,22,21,21,20,19,19,17,18,17,17,17,16,16,16,16,0,23,22,21,19,19,17,18,18,17,18,15,16,16,15,13,15,14,13,13,11,13,11,10,10,10,10,10,10,0,0,0,0,0,0,0,29,30,30,32,33,35,34,38,37,39,37,37,37,36,36,34,33,33,31,31,31,27,29,26,28,28,25,24
20260804_021426_df8648,1785806328252180,2057920097,2,2,0,-57,128,0,11,11,10,10,9,8,8,7,7,6,7,6,6,6,6,6,6,6,6,6,5,6,6,6,5,7,0,0,0,0,0,0,0,0,0,0,0,18,19,19,20,20,21,22,22,22,22,22,21,20,20,19,18,18,18,16,16,16,16,15,14,13,13,0,21,20,19,18,17,16,16,15,13,14,12,13,12,12,13,12,12,12,12,12,12,11,12,13,13,14,14,15,0,0,0,0,0,0,0,30,33,34,35,35,36,38,39,40,39,40,40,40,39,38,37,37,33,32,32,31,30,29,28,26,27,25,23
20260804_021426_df8648,1785806328345705,2058012847,2,2,0,-57,128,0,12,11,11,10,10,9,9,9,9,9,9,9,9,9,9,9,9,9,9,9,8,8,8,8,9,8,0,0,0,0,0,0,0,0,0,0,0,16,17,18,18,19,19,20,21,20,20,20,20,19,18,17,17,17,16,15,15,15,14,14,13,14,13,0,21,21,19,19,18,18,16,17,16,17,16,16,17,16,17,16,17,16,16,16,16,15,15,15,15,15,15,15,0,0,0,0,0,0,0,28,29,30,31,32,33,34,35,36,37,37,37,36,35,34,34,32,33,30,29,29,28,28,27,26,26,23,22
20260804_021426_df8648,1785806328431104,2058112730,2,2,0,-57,128,0,12,11,11,10,10,10,9,9,9,9,9,9,9,9,9,9,9,9,9,9,9,9,9,9,9,9,0,0,0,0,0,0,0,0,0,0,0,17,18,17,18,19,20,20,19,19,19,19,18,18,17,17,16,15,15,15,14,14,14,13,13,12,13,0,22,22,22,19,19,19,20,18,18,16,18,18,18,17,17,17,17,17,17,17,16,16,15,16,16,16,15,16,0,0,0,0,0,0,0,29,30,31,33,34,35,36,36,36,37,36,35,36,35,35,33,33,31,30,28,29,28,27,26,25,26,24,24
20260804_021426_df8648,1785806328532690,2058211954,2,2,0,-55,128,0,12,11,11,11,10,10,9,9,8,8,8,8,9,9,8,8,8,8,8,8,7,7,8,7,7,7,0,0,0,0,0,0,0,0,0,0,0,17,17,18,19,18,19,18,20,20,20,18,20,19,19,18,17,17,17,17,15,16,15,14,15,15,14,0,23,20,20,20,19,19,15,16,14,16,15,15,15,15,16,16,14,14,15,15,15,13,12,13,13,12,13,13,0,0,0,0,0,0,0,29,30,30,30,31,34,34,36,33,35,37,37,35,35,34,33,32,31,31,29,29,29,26,27,27,27,24,25
20260804_021426_df8648,1785806328635372,2058311706,2,2,0,-55,128,0,14,14,12,12,11,10,10,10,10,9,9,10,10,10,9,9,9,10,9,8,8,8,8,8,7,8,0,0,0,0,0,0,0,0,0,0,0,15,16,16,18,18,18,18,19,20,19,19,19,18,18,18,18,18,17,17,16,16,16,16,15,15,15,0,27,25,22,24,20,20,21,18,18,19,18,18,18,17,18,17,16,15,17,17,15,15,16,15,15,15,15,14,0,0,0,0,0,0,0,26,27,27,29,30,31,32,32,34,34,35,34,34,34,33,33,32,31,31,30,29,29,30,29,28,28,27,27
20260804_021426_df8648,1785806328737545,2058413910,2,2,0,-55,128,0,14,12,12,14,13,12,12,12,12,13,13,13,13,13,13,14,13,14,14,14,14,14,13,13,13,13,0,0,0,0,0,0,0,0,0,0,0,16,16,16,17,18,18,18,18,18,18,18,17,16,16,16,16,15,15,15,15,15,14,14,14,14,14,0,25,25,24,22,25,22,23,20,23,22,23,22,23,24,25,24,25,24,26,24,24,24,24,23,23,22,24,23,0,0,0,0,0,0,0,26,27,29,28,29,31,31,32,32,33,32,32,32,32,30,29,30,29,29,28,27,26,26,26,26,26,25,26
20260804_021426_df8648,1785806328832796,2058511812,2,2,0,-57,128,0,12,11,11,10,9,9,8,8,7,6,6,5,5,5,5,4,4,4,3,3,3,3,3,4,4,5,0,0,0,0,0,0,0,0,0,0,0,17,17,18,19,19,20,21,20,20,20,19,19,18,18,17,17,17,17,16,16,16,16,15,14,14,13,0,24,21,21,20,18,17,16,15,14,14,14,12,10,10,9,9,8,7,7,6,6,6,6,7,9,8,9,10,0,0,0,0,0,0,0,30,32,32,34,34,35,36,36,37,38,38,38,37,36,36,34,34,32,32,31,31,31,30,28,28,28,26,25
20260804_021426_df8648,1785806328935536,2058613428,2,2,0,-61,128,0,10,9,9,9,9,8,8,8,8,9,8,8,9,9,9,10,10,10,11,11,12,11,12,12,12,12,0,0,0,0,0,0,0,0,0,0,0,18,19,19,20,20,20,20,19,20,19,18,18,17,16,16,15,13,13,13,13,12,12,11,11,11,10,0,19,17,17,16,16,14,15,14,15,14,16,15,16,17,17,17,18,20,20,20,21,21,20,20,22,23,21,24,0,0,0,0,0,0,0,33,33,34,36,35,36,37,38,37,37,36,35,34,32,31,30,29,26,26,24,24,23,24,22,20,21,21,20
20260804_021426_df8648,1785806329037747,2058713386,2,2,0,-60,128,0,12,12,11,11,11,11,11,10,10,11,11,11,12,12,12,11,13,13,13,13,13,13,13,13,13,13,0,0,0,0,0,0,0,0,0,0,0,18,18,19,19,19,19,20,19,18,18,17,17,17,15,15,15,14,14,14,14,13,13,13,13,13,12,0,22,22,21,20,20,20,19,20,20,20,21,20,21,21,21,22,23,24,24,23,25,23,23,24,24,24,25,25,0,0,0,0,0,0,0,32,32,33,34,34,36,36,35,35,35,34,34,33,31,29,29,28,26,26,24,25,24,24,24,23,23,23,22
20260804_021426_df8648,1785806329136720,2058813752,2,2,0,-58,128,0,10,10,9,9,9,8,8,8,7,7,8,8,8,9,9,9,9,9,10,9,9,10,10,10,10,10,0,0,0,0,0,0,0,0,0,0,0,20,20,20,20,22,21,21,21,21,20,19,19,18,18,17,17,16,14,14,14,14,14,13,12,11,11,0,20,19,18,17,15,15,14,15,15,13,14,15,15,16,15,17,16,17,17,17,17,18,19,19,18,19,19,21,0,0,0,0,0,0,0,34,36,35,35,37,38,39,39,39,38,38,38,36,35,34,31,31,30,29,27,27,27,26,24,24,23,22,22
20260804_021426_df8648,1785806329235678,2058912124,2,2,0,-62,128,0,13,14,13,13,13,13,13,14,14,14,14,14,14,14,14,14,16,16,16,16,16,16,16,17,17,18,0,0,0,0,0,0,0,0,0,0,0,14,14,14,13,14,13,13,13,13,12,12,11,11,11,10,11,10,12,11,12,12,12,12,13,13,13,0,52,54,51,53,52,51,51,52,52,54,54,53,53,55,57,57,60,60,61,62,63,65,66,67,67,66,70,72,0,0,0,0,0,0,0,54,52,53,52,53,52,51,50,48,49,45,47,44,42,40,40,40,41,41,43,42,44,45,47,48,50,49,49
20260804_021426_df8648,1785806329334431,2059012909,2,2,0,-56,128,0,12,11,12,11,12,11,11,11,11,11,10,11,10,11,10,11,11,11,11,11,10,10,9,10,10,10,0,0,0,0,0,0,0,0,0,0,0,15,15,15,17,16,16,16,17,16,16,16,16,15,15,14,14,14,13,13,13,13,13,13,13,13,12,0,50,47,45,45,46,43,42,43,42,42,42,42,42,42,43,43,42,42,41,41,38,39,38,38,38,38,36,36,0,0,0,0,0,0,0,56,56,58,59,62,62,66,65,65,67,65,66,62,60,60,59,56,56,54,52,53,52,52,51,51,50,50,48
20260804_021426_df8648,1785806329431687,2059111942,2,2,0,-61,128,0,8,8,9,10,11,11,12,12,13,13,14,14,15,15,16,17,18,18,18,19,19,19,20,19,19,20,0,0,0,0,0,0,0,0,0,0,0,14,14,14,14,14,14,13,12,12,11,10,9,8,7,6,6,6,6,4,5,4,5,6,6,6,7,0,17,17,19,20,21,22,23,24,25,27,28,28,30,31,32,33,34,37,36,37,37,37,38,38,39,40,39,40,0,0,0,0,0,0,0,26,27,27,27,27,27,26,26,25,23,22,19,19,17,16,14,14,12,12,10,10,9,10,11,11,12,13,15
20260804_021426_df8648,1785806329536131,2059211852,2,2,0,-58,128,0,11,11,11,11,10,11,11,11,12,12,12,12,13,13,13,13,14,13,14,15,15,14,13,13,14,13,0,0,0,0,0,0,0,0,0,0,0,13,14,14,15,15,15,14,15,14,15,14,14,13,13,13,13,11,11,11,11,11,12,12,11,10,11,0,46,44,44,39,47,48,45,44,47,45,44,48,51,49,52,50,52,51,53,52,53,54,54,55,52,51,53,50,0,0,0,0,0,0,0,52,51,54,55,55,59,60,59,56,54,59,56,51,51,48,51,48,48,43,45,43,46,44,40,37,41,48,42
20260804_021426_df8648,1785806329633979,2059311703,2,2,0,-57,128,0,12,11,12,12,11,11,10,10,11,10,11,11,10,10,11,11,11,11,11,12,12,12,12,11,12,12,0,0,0,0,0,0,0,0,0,0,0,17,18,18,18,19,19,20,19,19,20,18,18,18,17,17,16,15,16,15,14,14,15,13,14,14,13,0,23,23,22,21,21,20,19,20,19,19,20,19,19,20,20,21,20,21,22,21,21,21,21,21,21,21,20,21,0,0,0,0,0,0,0,29,29,31,32,33,33,33,34,36,35,35,35,35,34,34,31,31,31,30,29,29,28,27,27,27,26,24,24
20260804_021426_df8648,1785806329746162,2059425389,2,2,0,-58,128,0,11,11,11,12,12,11,11,11,11,11,12,12,12,12,12,12,13,13,13,13,13,13,13,13,13,13,0,0,0,0,0,0,0,0,0,0,0,17,17,17,17,18,17,18,18,16,16,16,15,14,14,13,13,13,13,13,12,11,13,12,11,12,12,0,45,46,44,45,43,43,43,42,43,42,44,46,46,47,46,47,50,48,49,50,49,49,48,49,49,49,48,49,0,0,0,0,0,0,0,60,64,67,65,67,67,66,67,68,65,67,62,65,58,56,56,54,52,49,48,49,49,47,47,48,45,47,45
20260804_021426_df8648,1785806329837505,2059513800,2,2,0,-60,128,0,11,11,11,10,10,11,11,11,12,12,12,12,13,13,13,14,14,14,16,16,16,16,16,16,16,17,0,0,0,0,0,0,0,0,0,0,0,16,17,17,17,17,17,17,17,17,16,16,16,15,14,14,14,13,12,12,12,12,12,11,11,11,11,0,20,20,20,19,19,19,21,19,21,22,22,22,24,25,25,25,27,27,28,29,29,30,30,30,31,30,31,31,0,0,0,0,0,0,0,29,29,30,31,31,32,33,32,32,32,31,30,28,28,27,27,25,25,23,23,22,23,21,22,21,20,21,20
20260804_021426_df8648,1785806329934722,2059613088,2,2,0,-58,128,0,11,10,10,10,10,9,9,9,9,8,9,9,9,9,10,10,9,10,10,11,11,11,11,11,12,12,0,0,0,0,0,0,0,0,0,0,0,19,19,19,20,20,20,20,21,20,20,19,18,18,17,17,16,16,15,15,14,14,14,14,13,13,12,0,20,19,19,18,17,17,15,15,15,16,16,15,15,16,17,18,18,19,19,19,20,20,21,20,21,22,22,22,0,0,0,0,0,0,0,33,33,34,35,36,36,37,37,39,37,37,36,34,34,32,31,30,30,29,27,26,28,25,25,24,23,23,22
20260804_021426_df8648,1785806330037925,2059713520,2,2,0,-58,128,0,12,12,12,11,11,10,10,10,10,9,9,9,10,11,11,10,11,11,11,11,12,11,12,12,12,12,0,0,0,0,0,0,0,0,0,0,0,19,19,20,21,22,21,21,21,21,21,20,20,19,19,18,16,17,16,17,16,15,14,14,14,14,15,0,21,21,19,20,19,18,16,16,17,17,17,16,16,16,17,18,17,17,19,19,19,19,19,19,21,22,21,22,0,0,0,0,0,0,0,32,33,33,35,35,36,37,37,36,37,36,36,35,34,33,31,30,30,28,28,28,26,26,25,25,25,23,23
20260804_021426_df8648,1785806330135354,2059811628,2,2,0,-60,128,0,10,10,10,9,9,9,9,10,10,11,11,11,12,12,14,13,14,15,15,16,16,17,16,16,16,18,0,0,0,0,0,0,0,0,0,0,0,16,17,16,17,17,16,16,16,17,15,15,15,14,14,14,13,14,12,13,12,11,12,11,11,12,11,0,21,19,18,19,17,20,19,21,19,22,21,21,23,25,26,26,27,28,29,30,32,31,32,33,34,33,34,35,0,0,0,0,0,0,0,29,31,31,32,31,33,34,34,31,31,33,30,29,29,28,27,25,23,28,26,25,24,23,23,25,23,25,22
20260804_021426_df8648,1785806330234816,2059911828,2,2,0,-59,128,0,8,8,8,8,8,8,9,9,9,9,10,9,10,11,11,11,11,12,13,14,14,14,13,14,14,14,0,0,0,0,0,0,0,0,0,0,0,17,17,18,19,18,19,19,19,18,18,18,16,16,15,14,14,13,12,11,11,11,10,10,10,9,9,0,17,16,16,16,17,16,16,16,17,17,19,19,20,21,21,23,23,25,26,26,26,26,26,26,27,28,26,28,0,0,0,0,0,0,0,30,32,33,34,33,36,34,37,36,35,35,33,32,31,30,28,27,25,25,23,23,22,20,20,19,18,18,18
20260804_021426_df8648,1785806330332533,2060012299,2,2,0,-58,128,0,13,13,13,13,13,13,13,13,14,14,14,14,14,15,15,15,15,15,16,16,16,16,16,16,16,16,0,0,0,0,0,0,0,0,0,0,0,13,13,13,13,13,13,13,13,13,13,12,12,12,11,11,11,12,12,11,11,12,12,11,12,13,13,0,48,48,48,50,49,50,49,51,50,52,53,52,54,56,56,57,60,61,61,61,62,61,61,60,59,60,59,59,0,0,0,0,0,0,0,46,47,48,48,48,49,50,50,49,50,47,48,43,43,43,42,43,41,41,43,43,42,44,46,46,45,45,47
20260804_021426_df8648,1785806330436810,2060115944,2,2,0,-57,128,0,12,12,11,12,11,10,10,11,10,11,11,11,11,11,12,12,12,12,13,13,13,13,13,13,13,14,0,0,0,0,0,0,0,0,0,0,0,13,14,14,15,14,15,15,14,14,15,14,14,14,14,13,13,13,12,12,13,12,13,12,13,13,13,0,47,47,46,44,43,43,43,43,42,44,44,44,45,46,47,48,49,51,51,51,51,51,52,52,52,55,52,55,0,0,0,0,0,0,0,51,52,53,54,57,59,58,57,59,58,56,56,56,54,53,52,54,50,50,49,48,50,49,48,50,49,49,50
20260804_021426_df8648,1785806330535988,2060213775,2,2,0,-59,128,0,10,10,10,10,10,9,9,9,9,9,9,9,9,10,10,11,11,11,12,12,12,11,12,12,12,13,0,0,0,0,0,0,0,0,0,0,0,17,18,19,18,19,19,19,19,19,18,18,18,17,16,16,15,15,14,14,14,13,13,12,12,12,11,0,19,18,18,17,17,17,17,18,17,17,18,18,18,18,20,20,21,21,21,22,21,22,23,22,23,24,25,25,0,0,0,0,0,0,0,32,34,34,33,36,34,37,35,36,36,35,34,34,31,32,30,28,27,27,26,26,25,23,23,22,21,20,20
20260804_021426_df8648,1785806330635263,2060316167,2,2,0,-58,128,0,11,10,10,9,9,8,9,9,8,8,8,9,9,8,9,9,9,9,9,9,9,9,9,9,10,10,0,0,0,0,0,0,0,0,0,0,0,15,17,16,17,17,18,17,17,17,17,16,16,16,15,15,14,14,13,13,14,13,12,13,12,12,11,0,21,21,20,20,18,18,17,17,18,17,17,16,17,17,18,18,18,18,19,20,20,19,19,19,20,20,20,20,0,0,0,0,0,0,0,30,31,32,32,35,35,37,35,36,36,35,35,33,32,31,30,30,30,28,28,26,26,26,24,25,25,23,23
20260804_021426_df8648,1785806330731884,2060411636,2,2,0,-58,128,0,12,11,10,10,9,8,8,8,8,7,7,6,7,7,6,6,6,6,7,7,6,7,7,8,8,8,0,0,0,0,0,0,0,0,0,0,0,20,20,21,21,22,22,22,22,21,22,21,21,20,19,18,18,17,16,16,16,15,15,14,14,14,13,0,21,19,19,17,16,15,15,14,13,13,12,12,12,12,12,11,11,12,12,13,13,13,13,14,14,15,15,17,0,0,0,0,0,0,0,34,34,35,35,36,39,39,39,39,41,39,38,38,35,35,35,34,32,31,30,29,28,28,27,25,25,24,23
20260804_021426_df8648,1785806330830308,2060511711,2,2,0,-58,128,0,11,10,9,9,9,8,8,8,6,7,7,6,6,7,7,7,7,7,8,8,8,9,9,9,9,10,0,0,0,0,0,0,0,0,0,0,0,18,19,19,20,21,20,21,21,21,19,19,19,18,17,17,16,16,14,15,15,15,15,13,13,13,12,0,20,20,19,17,16,16,14,14,13,13,13,12,12,12,13,13,14,13,14,15,15,15,16,16,17,18,18,18,0,0,0,0,0,0,0,33,34,35,35,37,38,39,39,40,39,39,39,36,35,35,34,32,31,29,30,28,28,27,27,25,25,25,24
20260804_021426_df8648,1785806330934638,2060612265,2,2,0,-57,128,0,13,13,13,13,12,11,12,11,11,11,11,11,10,11,11,11,11,11,11,11,10,10,10,10,10,9,0,0,0,0,0,0,0,0,0,0,0,17,17,19,18,19,19,19,20,19,19,18,18,18,16,17,16,16,16,16,15,14,15,13,14,14,13,0,47,47,45,45,43,42,42,40,40,41,39,39,41,41,41,39,41,40,38,40,39,38,37,38,38,37,36,37,0,0,0,0,0,0,0,57,59,61,62,67,67,70,70,70,71,72,70,68,66,65,64,60,59,58,56,55,53,54,54,51,50,51,52
20260804_021426_df8648,1785806331032808,2060711891,2,2,0,-57,128,0,12,11,11,11,11,11,10,9,10,9,9,10,9,9,10,10,10,10,11,11,11,11,11,11,11,11,0,0,0,0,0,0,0,0,0,0,0,16,17,17,18,18,19,18,18,19,18,18,17,17,17,16,16,15,15,15,14,14,14,13,13,13,13,0,23,22,21,21,20,19,18,18,17,19,18,17,18,17,19,19,20,18,20,19,21,20,21,20,21,20,21,20,0,0,0,0,0,0,0,28,30,31,30,32,32,34,34,35,34,34,35,33,33,32,32,30,31,29,29,28,27,27,27,27,27,24,24
20260804_021426_df8648,1785806331136037,2060811933,2,2,0,-57,128,0,12,12,13,12,13,13,12,12,13,13,13,13,13,14,14,14,15,15,15,15,15,15,14,14,14,14,0,0,0,0,0,0,0,0,0,0,0,14,14,15,16,15,15,15,15,14,14,13,13,13,13,13,12,12,11,12,12,12,12,12,12,13,13,0,46,48,47,46,47,48,48,47,47,50,51,50,50,51,52,54,55,55,56,55,55,56,55,53,55,53,53,53,0,0,0,0,0,0,0,50,53,53,52,56,57,57,56,58,58,57,57,54,52,49,51,48,49,47,47,48,47,47,46,48,47,47,47
20260804_021426_df8648,1785806331235228,2060911337,2,2,0,-57,128,0,11,11,11,11,11,11,11,11,10,10,11,10,10,11,11,12,12,12,12,11,12,12,12,12,12,11,0,0,0,0,0,0,0,0,0,0,0,16,16,17,17,17,18,18,17,17,17,17,16,16,15,15,15,13,13,13,13,13,13,12,13,12,12,0,23,23,22,22,21,21,20,21,21,21,22,21,21,23,21,22,22,22,23,23,23,21,22,23,23,23,21,22,0,0,0,0,0,0,0,29,30,30,31,32,33,33,34,34,34,34,33,31,30,30,29,29,27,27,25,26,25,25,25,23,23,24,24
20260804_021426_df8648,1785806331335515,2061011830,2,2,0,-57,128,0,12,11,11,10,10,10,10,10,10,10,10,10,11,11,11,12,11,12,11,12,12,12,12,11,12,11,0,0,0,0,0,0,0,0,0,0,0,16,16,16,18,18,18,18,18,18,18,17,17,16,16,15,15,15,14,15,14,14,13,14,13,13,13,0,22,21,20,21,20,20,18,18,19,19,20,19,19,21,19,21,21,21,22,21,22,22,22,22,22,22,22,22,0,0,0,0,0,0,0,28,29,30,30,33,32,34,34,34,34,34,33,32,30,31,31,29,28,27,27,26,26,26,25,26,24,24,23
20260804_021426_df8648,1785806331439446,2061114875,2,2,0,-56,128,0,13,13,13,13,12,12,12,12,12,12,12,12,12,12,12,12,12,12,12,12,12,12,12,11,11,11,0,0,0,0,0,0,0,0,0,0,0,14,14,15,15,15,15,16,16,16,16,16,16,15,15,15,15,15,14,14,14,14,14,14,14,15,15,0,53,50,49,48,48,46,44,46,43,45,45,44,45,45,46,47,47,49,47,47,47,46,44,43,42,45,40,41,0,0,0,0,0,0,0,48,51,53,54,53,57,58,61,58,60,61,60,60,58,57,58,56,55,56,54,55,54,53,55,54,52,55,53
20260804_021426_df8648,1785806331532347,2061212003,2,2,0,-56,128,0,14,13,13,13,13,13,12,12,13,13,13,13,13,13,13,14,14,14,14,14,14,15,14,14,14,14,0,0,0,0,0,0,0,0,0,0,0,15,16,15,16,16,17,17,17,17,17,16,16,16,16,15,15,15,15,15,14,14,14,14,14,14,14,0,24,24,24,24,22,22,22,22,22,23,23,23,23,24,24,25,26,25,26,26,26,26,26,26,26,26,25,26,0,0,0,0,0,0,0,24,25,26,27,27,29,29,30,30,30,31,30,30,30,28,29,27,27,27,27,27,26,26,25,26,25,25,25
20260804_021426_df8648,1785806331636148,2061312010,2,2,0,-55,128,0,13,13,13,13,13,13,12,12,12,12,12,11,11,11,12,12,12,12,12,10,12,10,10,10,10,9,0,0,0,0,0,0,0,0,0,0,0,14,14,15,15,16,16,16,16,16,17,16,16,16,16,16,16,16,16,16,15,15,15,15,15,14,14,0,51,50,49,47,47,46,44,43,44,43,42,45,43,43,41,43,44,42,43,42,41,41,40,38,38,38,36,36,0,0,0,0,0,0,0,47,49,50,52,54,57,59,58,60,61,62,61,60,59,59,59,58,57,55,55,58,55,56,56,54,54,52,52
20260804_021426_df8648,1785806331734490,2061413230,2,2,0,-55,128,0,14,14,14,13,13,14,13,13,13,12,12,13,13,13,13,13,13,13,13,13,12,11,11,10,10,10,0,0,0,0,0,0,0,0,0,0,0,12,13,14,14,15,15,16,16,15,15,15,15,15,15,15,15,15,14,14,14,14,14,14,14,14,14,0,55,52,52,52,50,49,49,46,49,48,47,47,46,48,48,48,49,49,48,48,47,44,42,40,40,39,37,37,0,0,0,0,0,0,0,45,48,47,50,52,54,56,58,60,58,60,59,58,59,58,57,55,57,55,56,56,56,55,56,56,55,56,55
20260804_021426_df8648,1785806331838371,2061514109,2,2,0,-54,128,0,15,15,15,15,14,14,14,13,13,14,13,13,13,14,14,14,14,14,14,14,14,13,13,13,13,13,0,0,0,0,0,0,0,0,0,0,0,14,14,15,15,16,16,16,16,17,17,17,17,16,16,16,16,16,16,16,16,16,16,16,16,16,16,0,27,27,26,26,25,25,24,23,24,25,25,24,23,23,24,25,25,24,25,25,24,23,23,22,22,22,23,22,0,0,0,0,0,0,0,22,23,24,25,27,26,28,28,29,29,30,30,29,29,28,29,28,29,28,28,28,28,28,28,29,29,28,28
20260804_021426_df8648,1785806331936272,2061613434,2,2,0,-55,128,0,14,13,13,13,11,11,11,9,10,10,9,9,9,9,9,8,8,8,9,9,8,7,7,7,7,6,0,0,0,0,0,0,0,0,0,0,0,17,17,19,19,20,20,21,21,21,21,21,21,20,19,18,18,18,18,17,17,17,17,17,16,16,15,0,24,23,22,21,20,20,19,18,16,17,17,16,15,15,15,15,16,15,14,14,13,13,12,11,11,11,11,12,0,0,0,0,0,0,0,29,30,31,32,33,34,34,36,37,38,37,35,37,35,35,35,34,33,33,31,32,31,30,29,28,29,27,27
20260804_021426_df8648,1785806332034511,2061711530,2,2,0,-55,128,0,14,13,13,13,13,13,12,12,12,12,12,12,11,12,12,12,11,11,11,11,11,11,10,10,11,10,0,0,0,0,0,0,0,0,0,0,0,15,16,16,17,18,18,18,19,19,19,18,18,17,17,17,17,17,17,16,16,16,16,16,16,16,15,0,25,25,25,23,22,22,21,22,21,21,21,20,21,20,22,21,21,20,20,20,20,18,19,19,19,19,19,19,0,0,0,0,0,0,0,27,27,28,29,30,30,32,33,34,33,34,33,32,32,32,31,31,31,31,29,29,29,29,27,29,27,28,27
20260804_021426_df8648,1785806332132060,2061811718,2,2,0,-57,128,0,11,11,10,10,10,9,8,9,8,8,8,8,8,8,8,8,8,8,8,7,7,7,8,7,7,8,0,0,0,0,0,0,0,0,0,0,0,15,16,17,16,18,18,19,18,18,18,18,18,18,17,16,17,16,16,15,15,15,14,14,14,14,13,0,46,47,42,41,38,37,35,35,32,34,31,31,29,31,30,32,29,30,31,29,29,28,28,27,26,27,28,27,0,0,0,0,0,0,0,54,58,59,60,67,68,68,71,72,72,70,72,70,69,67,65,64,65,60,63,60,60,61,57,56,55,52,50
20260804_021426_df8648,1785806332231360,2061911716,2,2,0,-57,128,0,13,13,12,11,11,11,10,11,10,10,10,11,10,11,11,10,11,11,11,11,10,11,10,11,11,10,0,0,0,0,0,0,0,0,0,0,0,16,17,16,17,18,18,18,19,19,18,18,18,18,17,17,16,16,16,16,15,16,15,14,14,15,14,0,24,23,23,21,22,21,20,19,19,19,19,19,20,20,19,20,21,21,20,21,20,21,21,19,19,20,19,21,0,0,0,0,0,0,0,27,28,30,30,30,33,33,34,34,34,35,35,34,34,33,32,32,31,32,29,30,30,29,30,27,27,26,25
20260804_021426_df8648,1785806332334491,2062011819,2,2,0,-55,128,0,15,15,14,13,13,12,12,12,11,11,10,10,10,10,10,9,9,9,8,8,7,7,7,6,7,7,0,0,0,0,0,0,0,0,0,0,0,15,16,16,17,18,17,18,19,20,19,19,19,18,18,18,19,18,17,17,17,17,17,17,17,16,16,0,27,26,24,23,22,21,21,20,19,20,20,17,17,16,17,17,16,16,15,15,13,13,13,12,12,12,11,11,0,0,0,0,0,0,0,24,26,25,27,28,30,30,31,33,33,34,33,33,33,33,32,32,32,30,31,31,31,29,30,29,29,28,28
20260804_021426_df8648,1785806332433735,2062111991,2,2,0,-55,128,0,15,14,14,14,13,12,12,12,11,11,11,11,10,10,10,10,9,9,9,9,8,7,7,7,6,6,0,0,0,0,0,0,0,0,0,0,0,17,17,18,18,19,19,19,20,20,20,20,20,19,19,19,18,18,18,18,18,17,18,17,16,16,16,0,26,26,25,24,23,22,21,20,20,20,19,18,19,17,19,17,16,16,16,14,13,13,12,11,11,10,9,10,0,0,0,0,0,0,0,27,28,29,30,31,32,33,35,35,35,35,35,36,35,34,33,32,32,33,31,30,31,30,29,30,29,29,27
20260804_021426_df8648,1785806332531599,2062212479,2,2,0,-56,128,0,16,14,14,13,13,12,12,11,11,11,11,10,10,10,10,9,9,9,9,8,8,8,7,7,7,7,0,0,0,0,0,0,0,0,0,0,0,15,16,17,18,18,18,19,19,18,18,20,19,19,19,19,19,18,18,19,18,18,17,16,16,16,16,0,28,28,27,25,24,22,22,21,20,20,19,18,17,17,17,16,16,16,16,15,15,15,14,12,13,12,11,12,0,0,0,0,0,0,0,26,28,28,29,30,31,32,33,34,34,34,35,34,34,34,35,34,34,33,33,33,32,32,32,30,31,31,29
20260804_021426_df8648,1785806332634795,2062314557,2,2,0,-54,128,0,15,14,14,13,13,12,11,11,11,11,10,9,9,9,9,9,8,8,8,7,7,6,5,5,5,5,0,0,0,0,0,0,0,0,0,0,0,14,13,14,16,16,17,17,17,18,18,19,17,18,17,17,17,17,16,17,17,17,17,17,16,16,16,0,28,25,25,23,22,21,21,20,19,19,18,18,17,17,16,16,16,14,14,13,13,11,10,10,9,9,8,8,0,0,0,0,0,0,0,23,23,25,26,27,28,29,31,31,32,32,32,33,33,33,33,33,32,31,30,31,32,30,30,29,29,30,28
20260804_021426_df8648,1785806332733185,2062411667,2,2,0,-58,128,0,12,11,10,10,9,9,9,8,8,9,9,9,9,9,9,9,10,10,10,10,11,11,11,11,11,11,0,0,0,0,0,0,0,0,0,0,0,16,17,16,17,18,17,18,18,19,18,18,18,17,17,17,16,16,15,16,15,14,15,14,13,13,13,0,22,22,21,18,18,17,16,16,17,17,17,16,17,17,18,17,20,19,19,19,19,20,20,21,21,21,22,22,0,0,0,0,0,0,0,28,30,29,31,32,33,35,33,35,34,35,36,35,35,34,33,32,32,30,29,31,29,28,28,28,27,26,24
20260804_021426_df8648,1785806332831678,2062511763,2,2,0,-58,128,0,12,12,12,11,10,11,11,10,9,10,10,10,9,11,11,11,11,11,11,12,12,11,12,12,12,13,0,0,0,0,0,0,0,0,0,0,0,15,15,16,17,16,17,17,17,17,17,17,17,17,16,16,16,15,15,14,14,14,14,14,13,13,12,0,25,23,22,22,16,20,20,20,20,19,19,20,20,18,20,21,21,23,23,21,23,23,22,22,23,23,22,24,0,0,0,0,0,0,0,26,27,28,28,29,30,31,31,32,31,32,32,31,31,30,29,28,30,27,28,27,26,26,26,25,25,23,22
20260804_021426_df8648,1785806332934303,2062611602,2,2,0,-56,128,0,12,12,10,10,10,9,9,11,10,10,10,11,11,11,12,13,11,13,12,12,13,12,12,12,13,12,0,0,0,0,0,0,0,0,0,0,0,14,15,15,16,16,17,16,17,17,17,17,17,16,16,16,15,15,14,15,14,14,13,13,13,12,11,0,22,18,22,22,20,21,17,21,17,18,21,21,20,21,21,22,23,24,25,23,24,22,22,23,23,22,22,22,0,0,0,0,0,0,0,24,25,27,28,29,30,31,31,33,33,33,32,32,31,32,31,29,29,29,28,27,28,26,26,25,25,23,24
20260804_021426_df8648,1785806333033329,2062712008,2,2,0,-57,128,0,13,11,11,11,9,9,9,9,8,8,8,8,8,8,8,8,8,9,9,9,9,9,9,9,10,10,0,0,0,0,0,0,0,0,0,0,0,16,17,17,18,17,19,19,18,19,19,19,18,18,18,18,17,16,16,16,16,16,15,15,14,13,13,0,22,22,21,20,18,17,17,16,15,16,16,15,15,15,16,16,15,17,16,17,18,17,17,18,18,18,19,19,0,0,0,0,0,0,0,26,28,29,29,31,32,33,33,34,35,35,35,34,35,33,33,31,31,31,29,29,28,28,29,26,25,26,24
20260804_021426_df8648,1785806333131386,2062812122,2,2,0,-58,128,0,13,13,13,12,12,11,12,11,10,11,11,11,11,11,11,10,11,11,11,11,11,11,11,11,11,11,0,0,0,0,0,0,0,0,0,0,0,16,17,17,18,18,18,18,18,18,18,17,17,17,17,16,16,16,15,15,15,15,14,14,14,14,13,0,47,47,44,42,43,42,41,40,39,41,38,39,38,41,38,40,40,38,38,39,39,38,39,39,39,40,39,43,0,0,0,0,0,0,0,54,58,60,62,63,67,64,66,66,67,65,64,66,62,62,62,59,59,57,56,55,56,53,53,53,50,51,49
20260804_021426_df8648,1785806333235391,2062913844,2,2,0,-58,128,0,13,13,13,13,13,12,12,12,12,12,12,12,12,13,13,12,12,13,13,13,13,12,12,12,12,12,0,0,0,0,0,0,0,0,0,0,0,16,17,17,17,18,18,18,17,17,18,16,17,16,16,16,15,16,15,14,14,14,14,14,14,14,14,0,25,24,24,24,23,23,23,22,22,23,23,22,22,22,22,23,22,23,22,22,22,22,21,22,22,22,22,22,0,0,0,0,0,0,0,29,30,30,30,32,33,33,33,33,34,33,32,31,31,29,29,28,28,28,26,27,27,26,26,25,25,25,25
20260804_021426_df8648,1785806333333582,2063012164,2,2,0,-57,128,0,14,13,12,12,11,10,10,9,9,9,9,9,8,8,9,9,9,9,9,9,10,9,9,10,10,10,0,0,0,0,0,0,0,0,0,0,0,16,17,18,19,18,19,20,20,20,20,20,19,19,19,18,18,17,18,17,17,17,16,16,16,16,15,0,24,22,21,20,19,18,17,18,16,17,16,15,14,15,16,16,16,17,16,16,17,17,17,16,18,19,18,19,0,0,0,0,0,0,0,26,28,28,30,30,31,33,34,34,34,35,33,34,36,35,34,33,31,31,29,30,29,29,28,27,27,27,25
20260804_021426_df8648,1785806333432501,2063111437,2,2,0,-57,128,0,11,11,11,11,10,9,9,9,9,8,8,8,8,8,8,8,8,9,9,8,8,8,9,9,9,8,0,0,0,0,0,0,0,0,0,0,0,18,18,19,19,20,20,20,20,20,20,19,19,18,17,17,17,17,16,16,15,15,15,14,13,13,13,0,21,21,21,19,19,17,16,14,17,15,13,16,14,14,16,15,15,14,14,14,15,15,15,14,14,15,16,16,0,0,0,0,0,0,0,30,31,33,33,34,35,36,36,36,37,37,37,36,34,34,32,31,32,30,32,27,28,24,31,26,23,27,24
20260804_021426_df8648,1785806333530622,2063211900,2,2,0,-60,128,0,11,11,11,9,9,9,9,8,8,8,8,9,9,9,9,9,10,11,11,11,12,12,12,12,13,14,0,0,0,0,0,0,0,0,0,0,0,18,18,18,19,19,20,20,20,20,20,19,19,18,18,18,17,17,16,16,16,16,16,14,14,14,13,0,20,20,19,17,16,16,15,15,15,15,16,15,15,16,17,17,18,19,20,21,22,22,23,23,24,24,25,25,0,0,0,0,0,0,0,29,29,30,32,33,34,35,35,36,37,36,37,34,34,33,33,31,31,30,29,29,28,28,26,26,25,24,22
20260804_021426_df8648,1785806333635793,2063313804,2,2,0,-56,128,0,14,13,13,13,12,12,11,11,11,11,11,10,11,11,11,11,11,11,11,11,11,11,11,11,11,11,0,0,0,0,0,0,0,0,0,0,0,16,17,17,18,19,19,19,20,20,19,19,19,18,18,18,18,17,17,17,17,17,17,16,16,16,15,0,24,25,23,22,20,20,20,19,19,19,19,18,19,18,19,20,19,19,19,19,19,18,20,18,19,18,18,19,0,0,0,0,0,0,0,28,28,29,30,31,32,32,34,34,34,35,35,34,34,33,32,32,32,30,30,30,29,29,29,29,28,27,26
20260804_021426_df8648,1785806333733558,2063411678,2,2,0,-57,128,0,11,11,11,11,11,11,10,10,10,10,10,11,10,11,11,11,12,12,12,12,12,12,12,12,12,12,0,0,0,0,0,0,0,0,0,0,0,15,16,17,17,17,18,18,18,18,18,17,17,16,16,15,15,14,14,13,13,13,13,13,12,12,12,0,44,42,42,41,41,40,38,38,36,39,41,40,40,40,41,43,43,44,46,45,46,45,45,47,47,49,47,48,0,0,0,0,0,0,0,54,57,60,61,64,65,66,69,70,70,70,67,67,65,62,60,60,57,55,54,54,52,52,52,50,49,49,46
20260804_021426_df8648,1785806333832996,2063511726,2,2,0,-57,128,0,13,12,13,13,13,13,13,13,13,13,13,13,14,15,15,16,15,16,16,16,16,16,16,16,16,16,0,0,0,0,0,0,0,0,0,0,0,11,10,11,12,11,12,11,12,12,11,11,11,11,11,11,10,11,10,12,11,11,12,11,11,13,13,0,50,48,48,49,50,51,51,52,51,53,55,53,54,56,58,58,59,62,62,64,62,61,61,60,61,62,60,60,0,0,0,0,0,0,0,40,41,41,43,46,46,46,48,48,47,47,45,46,46,45,41,43,45,44,42,44,44,44,45,45,46,46,47
20260804_021426_df8648,1785806333931096,2063611844,2,2,0,-57,128,0,13,12,12,12,11,11,11,10,9,10,10,9,9,10,10,9,10,10,10,10,10,10,10,10,10,11,0,0,0,0,0,0,0,0,0,0,0,16,16,17,18,18,18,18,18,18,18,18,17,17,17,16,16,16,15,15,15,15,15,14,14,13,13,0,23,24,22,22,20,20,19,20,18,19,18,19,17,18,18,19,19,20,20,20,19,20,20,19,19,19,20,19,0,0,0,0,0,0,0,28,29,30,31,32,32,34,34,34,34,34,35,33,32,32,32,29,31,30,30,28,29,29,28,28,27,26,25
20260804_021426_df8648,1785806334035446,2063711577,2,2,0,-57,128,0,15,15,14,14,14,14,14,14,14,14,14,13,13,13,13,14,13,13,14,13,13,13,13,12,12,12,0,0,0,0,0,0,0,0,0,0,0,11,11,12,12,12,12,13,13,13,13,13,13,13,13,13,14,14,14,14,14,14,15,15,14,15,16,0,56,58,57,54,55,55,53,51,51,50,51,50,52,51,51,51,51,51,51,50,51,49,48,47,47,47,44,47,0,0,0,0,0,0,0,37,39,40,42,42,44,44,47,49,47,48,49,48,50,50,50,52,50,53,50,52,53,56,55,57,55,57,57
20260804_021426_df8648,1785806334133714,2063812222,2,2,0,-57,128,0,13,14,13,13,13,13,13,13,13,13,13,13,13,14,13,14,14,14,14,14,14,14,14,14,14,14,0,0,0,0,0,0,0,0,0,0,0,14,14,15,15,15,16,16,16,15,16,15,15,15,15,14,14,14,14,14,14,15,15,15,14,14,13,0,52,51,51,50,49,48,48,47,47,47,48,48,48,50,49,52,52,53,53,54,53,54,53,53,54,54,51,54,0,0,0,0,0,0,0,49,51,51,54,54,55,56,56,57,57,57,55,53,54,54,53,51,52,51,49,51,52,51,53,50,52,51,53
20260804_021426_df8648,1785806334236457,2063915326,2,2,0,-60,128,0,11,10,10,10,9,9,10,9,9,9,10,10,10,11,11,12,13,13,13,13,13,14,14,15,15,16,0,0,0,0,0,0,0,0,0,0,0,15,16,15,15,16,16,16,15,15,15,14,13,13,13,12,12,11,12,11,11,11,11,11,11,11,11,0,21,21,21,20,19,19,19,19,19,19,20,21,22,22,22,23,25,25,26,26,29,29,30,29,30,30,30,33,0,0,0,0,0,0,0,29,30,29,30,31,32,31,30,31,31,30,29,28,27,26,25,24,23,23,23,22,22,23,22,22,21,22,21
20260804_021426_df8648,1785806334335666,2064014510,2,2,0,-60,128,0,11,10,10,10,9,9,10,9,9,10,10,11,11,11,11,11,12,12,13,14,14,14,14,14,15,15,0,0,0,0,0,0,0,0,0,0,0,16,17,17,18,18,17,17,16,16,16,15,14,14,13,13,12,11,11,12,11,12,11,11,11,11,11,0,21,20,20,20,18,18,19,18,18,19,19,19,21,21,22,23,23,23,25,25,26,27,26,27,28,29,28,29,0,0,0,0,0,0,0,33,33,33,34,34,34,34,34,33,33,33,31,29,28,28,27,24,23,24,23,22,23,23,22,22,22,22,22
20260804_021426_df8648,1785806334434443,2064111620,2,2,0,-57,128,0,14,14,14,13,13,13,13,13,13,13,13,14,14,14,14,14,14,14,14,14,14,14,14,14,14,14,0,0,0,0,0,0,0,0,0,0,0,14,14,15,15,14,14,15,15,15,14,14,15,13,13,13,13,13,13,13,13,13,13,14,14,14,14,0,54,52,50,53,50,49,51,48,49,52,50,50,50,50,53,53,55,54,55,55,53,54,54,53,51,50,52,52,0,0,0,0,0,0,0,51,50,53,52,54,52,57,55,57,56,55,56,54,52,52,51,48,49,49,50,49,51,50,51,51,52,52,54
20260804_021426_df8648,1785806334531474,2064211636,2,2,0,-57,128,0,12,11,12,12,12,12,12,12,12,13,13,13,13,13,14,14,14,14,15,15,15,14,15,15,15,14,0,0,0,0,0,0,0,0,0,0,0,14,14,14,15,15,15,15,14,14,14,13,13,12,12,12,12,11,11,11,11,11,11,11,11,12,11,0,47,48,47,46,48,47,47,47,49,51,51,51,51,52,53,54,55,55,56,57,57,56,56,55,55,54,55,53,0,0,0,0,0,0,0,51,53,54,54,58,56,56,56,57,55,54,52,52,49,49,47,45,47,45,46,44,44,45,44,46,47,44,45
20260804_021426_df8648,1785806334635076,2064312644,2,2,0,-60,128,0,13,13,13,13,13,13,13,13,13,13,14,14,14,14,13,15,15,15,14,13,14,14,14,14,14,13,0,0,0,0,0,0,0,0,0,0,0,16,17,17,17,17,17,17,17,17,16,16,15,15,14,14,14,13,13,13,13,13,13,12,13,13,13,0,23,24,24,24,25,24,24,23,24,24,26,25,26,25,26,26,26,26,26,26,26,25,25,25,25,25,25,27,0,0,0,0,0,0,0,30,31,30,30,31,32,32,32,32,31,31,30,30,28,27,27,26,27,24,24,24,25,24,24,24,24,23,23
20260804_021426_df8648,1785806334734182,2064412310,2,2,0,-57,128,0,9,9,8,8,8,8,7,8,7,7,8,8,8,9,9,9,9,10,10,10,11,11,11,11,10,10,0,0,0,0,0,0,0,0,0,0,0,17,19,19,19,20,20,21,20,19,19,19,19,18,18,17,16,15,15,14,14,13,13,13,12,11,11,0,18,17,17,15,14,15,14,14,13,13,14,14,15,16,16,16,17,18,18,18,19,19,19,19,21,21,20,20,0,0,0,0,0,0,0,30,31,32,33,34,35,36,36,38,37,37,36,36,34,35,33,31,29,29,27,26,26,25,24,23,22,21,21
20260804_021426_df8648,1785806334832663,2064511692,2,2,0,-60,128,0,8,9,9,9,9,9,9,9,9,10,10,11,11,12,12,13,13,14,14,14,15,15,15,15,15,16,0,0,0,0,0,0,0,0,0,0,0,16,16,16,17,17,17,17,17,17,17,16,16,14,13,13,12,12,11,12,11,11,10,10,9,10,9,0,17,17,16,17,17,17,17,18,19,19,19,21,21,23,23,24,25,26,26,27,27,28,28,28,29,30,29,30,0,0,0,0,0,0,0,28,30,30,31,32,33,33,32,33,33,32,31,30,30,29,26,27,25,24,22,21,20,20,20,19,19,19,18
20260804_021426_df8648,1785806334935613,2064612454,2,2,0,-58,128,0,13,13,12,12,11,11,11,12,11,11,12,13,13,13,14,13,14,14,14,14,14,14,15,14,14,15,0,0,0,0,0,0,0,0,0,0,0,14,15,15,15,16,16,16,16,15,15,15,14,14,13,13,13,12,12,12,12,13,12,12,12,12,12,0,46,45,44,44,45,46,43,45,45,47,47,47,49,50,50,51,52,54,56,57,57,58,58,58,57,56,58,57,0,0,0,0,0,0,0,53,56,56,56,59,59,61,61,60,60,61,59,55,54,52,52,49,51,50,47,48,48,46,44,45,46,46,44
20260804_021426_df8648,1785806335034655,2064711807,2,2,0,-60,128,0,9,9,10,10,10,10,10,11,11,12,13,13,13,14,15,15,16,16,16,16,17,17,17,18,18,18,0,0,0,0,0,0,0,0,0,0,0,17,18,18,18,18,18,18,18,17,16,16,14,14,13,12,11,11,11,10,10,9,9,9,9,9,9,0,33,34,33,32,36,35,36,37,40,39,42,43,47,50,49,53,54,58,58,60,59,61,61,62,64,64,63,64,0,0,0,0,0,0,0,63,64,65,68,66,66,65,67,67,65,63,59,57,54,52,48,48,40,39,39,38,35,34,35,34,34,33,32
20260804_021426_df8648,1785806335132879,2064811850,2,2,0,-61,128,0,9,8,7,6,6,6,6,6,6,6,5,6,6,7,7,7,7,8,9,9,9,9,9,9,10,10,0,0,0,0,0,0,0,0,0,0,0,21,22,22,23,23,23,23,22,22,21,21,20,19,18,18,17,16,15,15,14,13,12,11,11,11,10,0,16,14,14,12,12,11,12,11,10,10,12,12,11,12,13,14,14,16,16,18,17,17,17,19,19,21,21,21,0,0,0,0,0,0,0,37,38,39,40,40,41,42,41,43,41,41,39,39,36,35,33,31,30,28,28,26,26,24,22,21,21,18,16
20260804_021426_df8648,1785806335231372,2064911933,2,2,0,-59,128,0,9,9,9,8,9,9,8,9,8,9,8,9,9,9,9,9,10,10,10,10,10,9,9,9,9,9,0,0,0,0,0,0,0,0,0,0,0,21,20,21,21,22,21,22,21,21,21,20,18,17,16,15,15,13,13,12,12,11,11,10,10,10,10,0,19,17,16,17,16,16,15,16,16,16,17,16,18,17,18,18,18,19,19,20,19,18,17,18,19,19,19,18,0,0,0,0,0,0,0,37,37,38,38,40,39,40,40,39,39,38,38,35,34,32,29,28,27,23,24,22,21,21,20,20,19,20,19
20260804_021426_df8648,1785806335341846,2065017473,2,2,0,-60,128,0,11,12,12,13,12,13,12,12,13,14,14,14,14,14,15,15,16,15,16,16,16,15,15,15,15,15,0,0,0,0,0,0,0,0,0,0,0,15,15,15,15,16,15,15,15,15,14,12,12,11,10,9,10,10,9,10,9,9,10,11,11,11,12,0,51,40,54,50,50,54,47,56,54,53,54,57,57,61,58,60,61,60,59,60,59,59,58,59,58,62,55,57,0,0,0,0,0,0,0,56,57,59,61,57,59,57,58,59,57,56,49,48,47,42,41,42,38,38,37,36,35,38,38,40,43,42,48
20260804_021426_df8648,1785806335434857,2065111691,2,2,0,-59,128,0,10,10,11,11,11,11,11,11,11,12,11,12,12,13,13,14,14,14,14,14,15,15,15,15,15,14,0,0,0,0,0,0,0,0,0,0,0,14,14,14,15,15,15,15,15,15,15,14,14,13,12,12,12,11,11,11,11,11,11,10,10,11,10,0,43,42,43,42,42,43,44,43,45,47,47,48,49,51,52,55,53,56,57,56,58,56,58,57,57,57,57,57,0,0,0,0,0,0,0,53,55,55,56,58,58,59,59,60,59,58,56,55,53,50,49,48,46,45,43,44,41,42,41,42,41,43,42
20260804_021426_df8648,1785806335533803,2065211653,2,2,0,-61,128,0,13,13,13,13,13,13,14,14,13,13,14,14,14,14,14,15,15,15,16,16,16,15,15,16,16,16,0,0,0,0,0,0,0,0,0,0,0,15,14,15,15,14,14,14,13,13,12,12,11,11,11,10,10,10,10,11,10,11,12,12,12,13,13,0,48,50,51,51,51,52,51,51,50,54,52,53,53,54,55,56,57,57,60,57,57,57,58,59,57,60,60,61,0,0,0,0,0,0,0,56,57,57,56,58,57,57,54,53,52,51,50,48,45,43,41,40,40,37,41,40,43,42,43,45,45,47,50
20260804_021426_df8648,1785806335632271,2065311835,2,2,0,-59,128,0,12,12,11,11,10,10,10,10,9,9,9,9,9,9,9,9,9,9,9,10,10,10,10,10,10,11,0,0,0,0,0,0,0,0,0,0,0,18,18,19,19,20,20,20,21,20,20,19,19,18,18,17,17,17,16,16,15,15,15,14,14,14,14,0,22,21,20,20,18,18,17,17,16,17,17,16,17,17,17,17,17,17,18,17,17,17,18,17,18,19,20,21,0,0,0,0,0,0,0,33,33,33,34,36,36,37,36,36,38,35,36,34,33,34,31,30,30,30,28,28,27,26,26,26,24,23,24
20260804_021426_df8648,1785806335730371,2065411720,2,2,0,-59,128,0,12,12,11,11,11,9,9,9,9,9,9,9,9,8,9,9,9,9,9,9,10,10,10,10,11,12,0,0,0,0,0,0,0,0,0,0,0,16,16,17,18,19,18,19,18,19,19,18,18,17,17,16,16,16,16,15,15,15,15,14,14,14,13,0,24,23,21,20,19,19,18,16,16,17,16,16,15,16,15,16,16,17,18,18,19,18,19,20,21,22,21,23,0,0,0,0,0,0,0,28,30,30,30,32,34,34,35,35,35,35,35,34,33,33,33,32,31,30,30,30,29,29,29,28,27,27,25
20260804_021426_df8648,1785806335834305,2065512224,2,2,0,-56,128,0,12,12,11,10,11,10,9,9,9,9,8,8,8,8,7,7,7,7,6,6,6,5,5,5,5,5,0,0,0,0,0,0,0,0,0,0,0,17,18,17,18,19,19,20,20,20,20,19,19,18,18,17,17,17,16,16,16,15,16,14,15,14,14,0,24,23,22,19,20,20,19,17,16,16,16,15,14,15,13,13,13,13,11,10,10,10,9,8,8,9,9,9,0,0,0,0,0,0,0,29,30,31,33,33,34,35,36,37,37,37,36,37,35,35,34,33,32,31,31,30,31,30,29,28,28,27,26
20260804_021426_df8648,1785806335931423,2065611901,2,2,0,-57,128,0,10,9,9,8,8,6,6,6,5,4,4,4,4,3,3,4,4,4,4,4,5,6,6,6,7,7,0,0,0,0,0,0,0,0,0,0,0,21,22,21,22,23,23,23,23,23,23,22,21,21,20,20,19,18,17,16,16,15,15,14,13,13,12,0,19,18,16,15,13,12,10,8,9,8,7,7,7,8,7,8,7,8,9,9,9,10,11,12,13,13,14,16,0,0,0,0,0,0,0,34,35,37,39,38,40,40,42,41,42,42,41,40,39,39,37,35,34,34,31,31,29,29,27,25,24,22,23
20260804_021426_df8648,1785806336035277,2065713636,2,2,0,-57,128,0,12,11,11,10,10,9,9,8,8,8,7,7,7,8,8,8,8,8,9,9,9,9,8,9,9,9,0,0,0,0,0,0,0,0,0,0,0,15,16,16,17,17,18,19,18,18,18,18,18,18,17,17,17,17,16,17,16,15,15,13,14,13,13,0,22,21,21,20,18,17,17,16,16,15,15,15,14,15,15,15,15,16,16,15,16,16,17,17,17,18,18,19,0,0,0,0,0,0,0,26,27,29,30,31,33,33,33,35,35,35,36,35,35,34,34,33,33,32,31,30,30,29,28,28,27,26,26
20260804_021426_df8648,1785806336134181,2065812238,2,2,0,-57,128,0,11,11,11,11,10,9,9,9,9,9,9,9,10,10,10,9,9,10,10,10,10,10,10,10,10,10,0,0,0,0,0,0,0,0,0,0,0,17,18,19,20,19,20,21,21,21,20,20,20,19,18,18,17,17,16,16,15,15,15,14,14,13,12,0,21,20,18,17,17,17,16,16,16,16,16,16,17,18,18,18,17,19,18,19,18,17,18,17,18,17,17,18,0,0,0,0,0,0,0,28,30,30,31,33,34,34,36,37,37,37,37,36,36,35,34,32,32,31,30,29,28,27,27,26,24,23,22
20260804_021426_df8648,1785806336237486,2065915848,2,2,0,-57,128,0,12,12,11,9,9,7,7,6,6,5,4,4,4,3,3,2,2,3,3,3,4,4,4,5,5,6,0,0,0,0,0,0,0,0,0,0,0,18,19,20,20,21,21,22,22,23,22,21,21,21,20,20,19,18,18,17,17,17,17,16,15,15,14,0,22,20,18,17,15,14,13,12,11,9,8,6,7,6,6,5,5,5,4,6,7,8,8,10,11,12,13,12,0,0,0,0,0,0,0,28,31,31,32,35,36,38,38,38,40,40,40,39,38,38,37,36,35,33,34,33,31,30,30,28,28,27,25
20260804_021426_df8648,1785806336336203,2066013687,2,2,0,-57,128,0,11,11,11,10,9,9,9,9,9,8,8,8,8,8,8,8,9,9,8,9,9,9,10,10,10,10,0,0,0,0,0,0,0,0,0,0,0,15,16,16,17,18,18,18,19,19,19,19,19,18,18,18,17,16,16,15,15,15,14,14,14,13,13,0,21,21,19,18,18,17,16,16,15,15,14,15,15,15,14,15,16,16,15,16,16,16,17,17,18,19,18,20,0,0,0,0,0,0,0,24,26,28,30,31,32,33,34,34,35,36,35,35,35,34,34,32,31,31,29,30,30,29,27,27,26,25,24
20260804_021426_df8648,1785806336445478,2066123490,2,2,0,-62,128,0,9,8,7,6,6,5,5,5,5,5,5,5,6,6,6,7,7,7,8,8,9,9,9,10,10,11,0,0,0,0,0,0,0,0,0,0,0,15,16,16,18,19,20,19,20,20,20,20,19,19,19,17,17,17,15,15,15,14,14,13,12,11,11,0,18,15,14,13,12,10,11,9,10,10,10,11,11,12,13,14,14,14,15,17,17,19,18,19,20,22,21,22,0,0,0,0,0,0,0,26,30,30,31,33,34,37,37,38,39,40,39,39,38,37,36,34,34,32,31,30,29,27,26,26,22,22,20
20260804_021426_df8648,1785806336531995,2066212464,2,2,0,-58,128,0,13,12,11,11,10,9,9,9,8,8,8,8,7,7,7,7,7,7,6,6,5,5,4,3,2,3,0,0,0,0,0,0,0,0,0,0,0,14,15,16,17,17,18,18,19,19,20,20,19,19,19,18,17,17,16,16,16,16,16,15,15,15,14,0,23,22,22,21,19,18,17,17,16,16,16,14,14,14,14,14,13,14,13,12,11,7,8,7,6,4,4,3,0,0,0,0,0,0,0,24,26,27,28,30,31,33,35,36,36,36,36,38,37,35,34,32,32,31,32,31,31,30,30,29,28,27,25
20260804_021426_df8648,1785806336630185,2066311722,2,2,0,-58,128,0,16,15,15,14,13,13,12,11,11,11,11,11,10,10,10,9,9,8,8,7,6,6,5,4,3,2,0,0,0,0,0,0,0,0,0,0,0,14,14,15,16,16,17,17,18,18,19,19,19,19,19,19,18,18,18,18,18,18,18,17,17,17,16,0,28,28,27,26,24,25,22,21,20,21,20,20,19,19,17,16,16,16,13,13,11,12,9,7,6,3,4,1,0,0,0,0,0,0,0,22,25,25,26,27,28,31,32,32,33,33,35,34,33,35,34,34,34,33,32,33,34,32,33,32,31,30,30
20260804_021426_df8648,1785806336733483,2066415111,2,2,0,-57,128,0,14,14,13,12,12,11,10,10,9,9,9,9,9,8,7,7,7,6,5,4,4,4,3,2,2,1,0,0,0,0,0,0,0,0,0,0,0,14,15,16,16,18,18,18,19,19,19,19,18,19,18,18,18,17,17,17,17,17,17,16,16,16,15,0,26,25,24,23,21,20,20,18,16,16,15,15,15,13,13,12,12,11,9,8,8,6,5,4,3,2,2,3,0,0,0,0,0,0,0,24,25,26,27,28,30,31,32,33,33,35,36,34,34,34,33,33,32,32,31,31,30,32,30,29,30,30,28
20260804_021426_df8648,1785806336831097,2066511847,2,2,0,-57,128,0,13,13,12,13,12,11,11,11,11,10,11,10,10,10,11,11,10,10,10,9,9,9,9,9,8,8,0,0,0,0,0,0,0,0,0,0,0,12,13,13,14,15,16,16,17,17,17,17,17,17,16,16,16,16,16,15,15,15,15,15,14,14,14,0,26,24,23,23,22,22,20,20,19,19,19,20,19,20,19,19,20,19,19,18,17,16,17,15,14,13,14,13,0,0,0,0,0,0,0,21,22,21,23,26,27,28,29,30,31,31,32,32,31,32,31,30,30,30,31,30,29,30,28,28,28,26,27
20260804_021426_df8648,1785806336934532,2066612029,2,2,0,-60,128,0,14,14,13,13,12,12,11,11,11,11,12,11,11,11,11,11,11,12,12,11,11,11,12,11,11,12,0,0,0,0,0,0,0,0,0,0,0,12,13,14,15,16,16,16,16,18,18,17,17,17,17,17,17,17,17,17,17,16,16,16,16,15,14,0,25,26,25,23,24,22,22,21,21,21,20,20,20,21,21,21,20,21,21,20,20,20,21,21,21,21,22,23,0,0,0,0,0,0,0,21,22,22,24,26,28,29,30,31,32,32,33,34,32,33,31,32,32,30,31,30,30,30,30,29,28,28,27
20260804_021426_df8648,1785806337033286,2066711792,2,2,0,-60,128,0,14,13,13,13,13,13,12,12,12,12,11,12,12,11,11,11,10,10,9,9,9,9,8,8,8,8,0,0,0,0,0,0,0,0,0,0,0,11,12,13,13,13,15,15,16,16,17,16,16,16,16,16,16,16,16,16,16,16,16,15,16,16,14,0,54,54,52,50,50,49,47,46,46,46,46,45,45,43,43,43,43,40,38,37,35,35,32,31,31,31,30,29,0,0,0,0,0,0,0,38,40,43,46,49,51,54,55,58,60,61,63,63,63,64,64,63,62,61,62,62,61,62,61,58,59,58,57
20260804_021426_df8648,1785806337131634,2066811762,2,2,0,-60,128,0,13,12,12,13,11,12,12,12,11,11,11,11,11,11,11,10,10,9,9,9,8,8,8,9,7,7,0,0,0,0,0,0,0,0,0,0,0,15,16,17,18,18,19,19,20,20,20,19,19,19,18,18,18,18,17,17,16,16,16,15,15,14,14,0,25,23,22,22,22,22,20,20,20,20,20,20,19,19,18,18,19,16,18,16,15,15,15,14,14,15,13,13,0,0,0,0,0,0,0,26,27,29,30,31,33,35,35,36,36,37,37,36,36,35,34,33,33,32,31,31,30,29,29,29,28,27,26
20260804_021426_df8648,1785806337237388,2066917198,2,2,0,-67,128,0,7,8,9,9,9,10,10,11,12,12,13,13,14,14,15,16,16,17,17,18,18,19,18,19,19,20,0,0,0,0,0,0,0,0,0,0,0,13,13,14,14,14,14,14,15,15,14,14,13,13,12,11,12,11,11,8,9,9,7,7,6,7,7,0,28,30,32,36,36,41,41,43,46,50,51,52,53,54,59,60,63,65,67,70,69,73,74,74,76,76,76,78,0,0,0,0,0,0,0,43,48,49,50,51,54,54,54,56,56,54,54,51,50,48,45,45,44,37,37,35,32,31,29,27,25,26,26
20260804_021426_df8648,1785806337335264,2067011925,2,2,0,-61,128,0,14,13,14,14,14,13,14,13,13,13,13,14,14,14,15,15,15,16,16,16,16,16,16,17,16,17,0,0,0,0,0,0,0,0,0,0,0,10,11,11,12,12,12,13,12,13,13,12,12,12,12,12,13,12,12,13,12,12,13,13,13,13,14,0,52,53,51,54,52,49,50,50,52,49,50,52,53,53,54,58,59,61,62,61,61,63,61,62,62,63,61,60,0,0,0,0,0,0,0,37,37,38,39,42,42,43,43,46,48,49,47,49,47,47,49,48,46,46,46,47,48,47,51,49,49,51,54
20260804_021426_df8648,1785806337434590,2067112655,2,2,0,-65,128,0,12,12,12,12,11,11,11,11,11,11,11,11,11,12,12,12,13,13,14,14,15,14,15,15,16,16,0,0,0,0,0,0,0,0,0,0,0,14,14,15,15,16,16,16,16,16,16,15,15,15,14,14,13,14,13,13,14,12,13,12,12,13,12,0,46,46,45,44,43,41,41,40,40,40,40,41,43,43,44,46,49,51,53,54,56,57,58,59,60,60,62,61,0,0,0,0,0,0,0,51,52,54,55,57,59,61,61,62,62,61,62,59,57,57,54,55,53,52,51,51,50,49,48,48,49,48,47
20260804_021426_df8648,1785806337533874,2067212706,2,2,0,-67,128,0,10,10,11,11,11,12,12,13,13,13,13,14,14,15,16,16,17,17,18,19,19,20,21,21,21,21,0,0,0,0,0,0,0,0,0,0,0,12,12,12,11,12,12,11,11,11,10,9,9,9,8,8,7,7,6,7,7,8,7,8,8,9,9,0,20,20,22,21,21,24,24,25,25,26,26,27,28,30,30,32,33,34,36,37,38,38,40,40,41,42,45,44,0,0,0,0,0,0,0,24,24,24,23,24,23,24,24,22,22,23,21,19,18,17,17,15,14,15,13,14,14,14,15,15,15,17,17
20260804_021426_df8648,1785806337638318,2067313518,2,2,0,-62,128,0,13,13,13,13,12,12,12,12,13,12,13,12,13,13,14,14,15,14,15,16,17,15,16,15,16,16,0,0,0,0,0,0,0,0,0,0,0,9,9,10,10,10,11,11,11,11,11,12,11,11,11,11,11,11,11,11,11,11,12,12,13,12,13,0,51,51,51,52,50,50,50,50,49,50,51,49,54,54,55,56,58,60,62,62,64,61,63,62,63,63,62,63,0,0,0,0,0,0,0,34,35,36,37,42,41,42,42,45,45,47,45,47,46,45,45,44,44,44,45,45,46,47,49,49,49,50,51
20260804_021426_df8648,1785806337736125,2067412883,2,2,0,-62,128,0,9,9,8,8,8,7,8,7,8,7,8,8,8,9,9,10,11,11,12,12,13,13,13,14,14,15,0,0,0,0,0,0,0,0,0,0,0,20,21,21,21,21,21,21,21,21,20,19,18,18,17,16,15,15,15,13,13,13,12,11,11,11,10,0,16,16,15,14,14,14,13,14,14,15,15,15,16,16,17,18,21,21,23,23,24,24,24,25,26,27,27,27,0,0,0,0,0,0,0,34,34,36,36,37,38,39,38,39,39,38,36,35,34,32,31,30,28,26,25,25,24,23,22,20,20,18,18
20260804_021426_df8648,1785806337829644,2067512155,2,2,0,-62,128,0,9,9,8,7,6,5,5,4,4,3,3,3,3,3,2,3,3,2,3,3,4,4,4,4,5,6,0,0,0,0,0,0,0,0,0,0,0,18,19,19,20,20,20,21,21,20,20,20,19,19,18,17,16,16,15,15,14,14,14,12,12,11,10,0,18,17,15,13,13,11,9,8,6,6,6,6,4,4,5,4,5,4,5,7,6,7,8,9,9,12,12,13,0,0,0,0,0,0,0,34,36,36,37,38,40,39,41,41,41,40,39,38,38,36,35,34,32,32,30,29,28,27,25,24,25,23,21
20260804_021426_df8648,1785806337932345,2067613339,2,2,0,-61,128,0,12,11,11,10,10,9,8,8,7,6,6,6,6,6,6,6,6,6,6,6,7,7,7,7,7,8,0,0,0,0,0,0,0,0,0,0,0,16,16,17,17,18,19,19,19,19,19,19,18,18,18,17,16,16,16,15,15,15,15,14,14,14,13,0,24,22,22,20,19,18,16,16,15,13,12,12,12,13,11,11,13,12,13,13,13,13,12,14,14,15,14,16,0,0,0,0,0,0,0,29,29,31,32,32,35,35,36,37,36,37,36,36,35,34,34,34,33,32,31,31,30,29,29,26,27,26,26
20260804_021426_df8648,1785806338030729,2067711953,2,2,0,-66,128,0,7,9,9,9,9,10,10,11,11,12,13,14,14,15,15,17,17,18,19,19,20,21,21,21,22,22,0,0,0,0,0,0,0,0,0,0,0,16,16,17,17,18,17,18,17,17,16,15,16,14,14,12,12,10,11,10,10,8,8,7,8,8,8,0,12,14,14,16,16,17,19,19,21,21,21,22,25,26,27,28,30,31,34,34,36,35,37,38,39,41,40,42,0,0,0,0,0,0,0,29,28,29,31,31,32,31,30,31,31,33,31,28,27,25,27,24,21,20,18,19,15,16,14,13,14,13,12
20260804_021426_df8648,1785806338134883,2067811427,2,2,0,-65,128,0,10,12,11,11,11,11,11,11,12,12,12,13,14,14,14,15,16,16,17,18,19,19,20,20,20,21,0,0,0,0,0,0,0,0,0,0,0,12,12,13,13,14,14,14,14,14,14,13,13,13,12,12,11,11,10,10,10,10,10,11,11,11,10,0,19,22,22,22,19,22,21,22,22,24,23,25,25,26,28,28,30,30,33,34,36,36,37,37,37,38,40,40,0,0,0,0,0,0,0,23,24,24,24,26,25,27,26,27,27,27,28,26,25,24,23,23,23,18,19,19,19,20,18,19,19,20,19
20260804_021426_df8648,1785806338233819,2067914724,2,2,0,-68,128,0,9,10,11,12,12,13,14,14,15,16,16,16,17,18,19,20,21,22,23,24,25,25,26,27,27,27,0,0,0,0,0,0,0,0,0,0,0,5,5,5,5,5,4,5,4,4,3,3,3,2,2,2,1,1,1,1,2,2,4,5,5,6,7,0,16,19,20,22,23,25,25,26,28,29,30,30,33,33,35,38,40,41,43,45,46,46,49,50,50,50,52,53,0,0,0,0,0,0,0,9,9,10,9,10,10,11,9,9,9,9,6,6,5,4,5,3,1,1,2,2,3,4,6,8,10,11,13
20260804_021426_df8648,1785806338372686,2068051011,2,2,0,-63,128,0,12,13,13,13,14,14,14,14,15,15,15,15,16,17,17,18,18,19,19,20,20,20,20,21,21,21,0,0,0,0,0,0,0,0,0,0,0,4,5,4,5,5,5,6,6,7,7,7,7,7,7,8,8,8,8,8,8,9,9,10,10,11,11,0,23,25,25,25,26,27,27,27,28,29,30,31,31,33,33,35,35,37,38,38,39,39,40,40,41,41,41,43,0,0,0,0,0,0,0,7,8,8,9,9,9,10,11,12,12,13,12,13,14,14,13,14,14,15,15,16,17,17,18,18,19,20,23
20260804_021426_df8648,1785806338437147,2068114482,2,2,0,-61,128,0,16,16,17,16,17,16,16,16,16,16,16,17,17,17,17,18,18,18,18,19,19,19,19,19,19,19,0,0,0,0,0,0,0,0,0,0,0,4,5,6,6,7,7,8,8,9,9,9,10,10,10,11,11,11,11,12,12,13,14,14,15,15,15,0,28,30,30,29,30,30,29,30,31,30,30,31,30,31,32,33,33,33,35,35,35,35,34,34,34,35,35,34,0,0,0,0,0,0,0,7,7,9,9,9,11,12,13,14,15,16,16,17,17,18,19,19,20,21,21,22,23,24,24,26,26,28,28
20260804_021426_df8648,1785806338535446,2068213036,2,2,0,-59,128,0,13,13,13,13,13,14,14,14,13,14,14,14,15,15,16,16,17,17,17,17,17,17,17,17,17,16,0,0,0,0,0,0,0,0,0,0,0,4,4,5,5,6,6,7,8,8,8,9,8,9,9,9,9,9,10,10,10,11,11,11,12,12,12,0,53,54,54,54,54,56,55,56,56,57,57,58,60,60,63,64,66,66,68,69,69,68,68,68,67,67,68,67,0,0,0,0,0,0,0,15,17,17,18,22,23,25,26,28,29,32,33,34,35,35,36,37,38,38,40,39,41,43,44,46,47,50,50
20260804_021426_df8648,1785806338633506,2068310271,2,2,0,-63,128,0,13,13,13,13,14,14,14,14,14,14,14,15,15,16,16,17,17,18,18,19,19,20,19,20,20,21,0,0,0,0,0,0,0,0,0,0,0,4,5,4,5,5,6,7,8,8,9,9,9,9,9,10,9,10,9,10,10,11,11,11,11,12,12,0,25,25,26,25,26,26,27,27,27,27,28,29,29,30,31,32,33,35,35,36,37,37,38,38,38,39,38,40,0,0,0,0,0,0,0,5,6,6,8,9,10,11,12,14,14,16,17,17,17,19,19,19,19,19,19,20,21,21,21,22,23,24,25
20260804_021426_df8648,1785806338730979,2068411426,2,2,0,-65,128,0,11,11,12,12,13,13,13,14,14,15,15,15,16,16,17,17,19,19,20,20,21,22,22,22,23,23,0,0,0,0,0,0,0,0,0,0,0,11,11,11,11,11,11,11,10,10,9,9,9,8,7,8,7,7,7,7,7,8,8,9,9,10,11,0,21,22,23,24,24,25,24,24,26,27,28,27,30,32,32,34,34,38,38,38,40,40,41,42,43,43,43,45,0,0,0,0,0,0,0,20,21,20,19,20,19,20,21,19,18,18,17,16,17,15,14,13,14,15,14,14,14,14,15,17,17,19,20
20260804_021426_df8648,1785806338834252,2068511871,2,2,0,-61,128,0,13,14,14,14,14,14,15,15,15,16,16,16,16,17,17,18,18,19,19,19,20,20,20,20,20,20,0,0,0,0,0,0,0,0,0,0,0,4,4,5,5,5,5,6,6,6,6,6,7,6,7,7,8,8,8,9,9,10,10,11,11,12,13,0,27,27,28,28,28,29,30,29,30,32,32,32,33,34,34,36,37,38,39,40,40,40,41,40,42,40,41,41,0,0,0,0,0,0,0,9,9,9,9,9,9,9,10,10,11,11,12,11,13,14,13,14,15,16,17,16,18,19,20,22,23,24,24
20260804_021426_df8648,1785806338932471,2068612532,2,2,0,-60,128,0,12,13,13,13,13,13,13,14,14,14,15,15,16,16,16,16,17,17,18,18,18,18,18,18,18,18,0,0,0,0,0,0,0,0,0,0,0,10,10,10,11,11,11,12,12,12,12,12,12,11,12,12,12,12,11,11,11,11,11,12,12,12,12,0,47,47,48,49,50,50,50,50,51,54,54,55,56,58,59,61,62,63,66,67,68,67,66,67,68,70,68,71,0,0,0,0,0,0,0,35,37,38,39,40,42,41,43,42,44,43,45,44,44,44,43,42,42,41,44,41,42,44,43,42,43,46,44
20260804_021426_df8648,1785806339031893,2068713254,2,2,0,-64,128,0,10,11,11,12,12,13,13,13,14,14,15,15,16,16,16,16,17,17,17,17,17,17,17,18,17,18,0,0,0,0,0,0,0,0,0,0,0,10,10,11,11,12,12,10,11,10,10,10,9,9,9,9,8,8,8,9,8,8,8,8,9,9,10,0,20,22,23,24,24,25,26,26,27,27,29,30,31,31,32,33,32,32,34,35,34,35,35,34,36,35,35,35,0,0,0,0,0,0,0,20,20,22,21,23,22,22,22,21,21,21,21,18,18,18,19,18,16,16,16,17,17,16,16,18,17,19,19
20260804_021426_df8648,1785806339129657,2068811689,2,2,0,-61,128,0,13,14,14,14,15,14,16,16,16,16,16,16,17,17,18,18,18,20,20,19,20,19,19,20,20,19,0,0,0,0,0,0,0,0,0,0,0,6,6,5,7,6,7,8,9,9,9,9,9,9,9,9,9,9,9,10,10,11,11,11,12,13,13,0,52,51,52,53,55,57,59,57,59,60,62,62,67,67,67,69,70,72,74,75,75,75,73,74,77,75,73,75,0,0,0,0,0,0,0,18,19,20,22,22,24,25,26,29,29,32,31,32,31,34,36,35,34,36,37,36,39,41,43,41,41,46,46
20260804_021426_df8648,1785806339234049,2068912237,2,2,0,-60,128,0,13,14,14,14,15,15,15,15,15,16,16,16,16,17,17,18,18,18,19,18,18,18,18,18,18,18,0,0,0,0,0,0,0,0,0,0,0,7,8,8,8,9,8,9,9,9,10,10,10,10,10,10,10,10,11,11,11,11,11,12,12,13,13,0,25,24,26,25,27,26,28,26,28,26,28,28,31,32,30,32,32,33,33,33,33,33,32,32,33,33,30,32,0,0,0,0,0,0,0,12,12,13,14,15,14,15,17,17,16,17,18,18,18,19,21,21,18,20,19,21,21,21,22,21,22,22,23
20260804_021426_df8648,1785806339333442,2069011948,2,2,0,-57,128,0,13,12,13,13,13,13,13,13,13,14,14,14,14,14,14,15,15,16,16,16,16,16,15,16,16,16,0,0,0,0,0,0,0,0,0,0,0,10,10,11,10,11,11,11,11,11,11,11,11,11,11,11,11,11,11,10,11,11,11,11,12,12,13,0,52,49,50,52,52,51,52,53,55,55,56,56,56,58,57,61,61,63,63,64,63,64,61,62,65,63,61,62,0,0,0,0,0,0,0,36,37,39,40,43,43,45,44,47,43,47,44,44,43,45,45,44,43,44,42,44,44,43,45,46,48,47,48
20260804_021426_df8648,1785806339472291,2069153491,2,2,0,-60,128,0,12,12,12,12,13,13,13,13,14,14,14,14,14,15,15,16,16,16,17,17,17,17,17,17,17,17,0,0,0,0,0,0,0,0,0,0,0,10,9,10,10,11,11,11,11,11,10,10,10,9,9,9,9,10,9,9,9,9,9,10,10,11,11,0,23,24,24,25,25,26,26,26,26,27,28,28,28,29,30,31,31,33,33,33,33,33,33,34,34,33,34,34,0,0,0,0,0,0,0,18,19,18,19,20,21,20,22,22,21,20,20,21,21,19,18,19,19,18,18,19,19,18,19,19,20,21,21
20260804_021426_df8648,1785806339530615,2069211288,2,2,0,-61,128,0,10,9,9,9,9,9,9,9,9,9,9,10,11,10,10,11,11,12,12,12,13,13,13,13,13,14,0,0,0,0,0,0,0,0,0,0,0,18,18,19,19,19,19,20,20,20,19,19,18,18,17,16,15,15,14,14,13,13,12,11,11,10,10,0,18,17,17,16,16,16,17,16,17,18,18,18,20,19,20,20,21,22,22,23,24,24,24,25,25,26,25,27,0,0,0,0,0,0,0,30,32,33,33,33,34,36,35,35,36,36,34,33,32,32,30,29,28,27,26,25,24,23,22,21,19,19,19
20260804_021426_df8648,1785806339652114,2069327672,2,2,0,-61,128,0,10,10,10,10,11,10,11,11,12,12,13,12,13,13,14,14,15,15,15,15,16,16,16,17,17,17,0,0,0,0,0,0,0,0,0,0,0,11,11,12,13,13,13,13,14,13,14,12,12,12,12,11,11,10,10,10,11,10,10,10,9,9,10,0,41,39,42,41,43,44,43,45,45,46,49,47,50,53,53,56,55,63,63,62,64,64,65,68,67,71,69,72,0,0,0,0,0,0,0,45,48,47,49,50,51,51,55,53,53,53,53,53,49,50,47,47,46,46,44,44,43,42,39,42,42,40,40
20260804_021426_df8648,1785806339733447,2069411546,2,2,0,-65,128,0,10,10,11,11,12,13,13,13,14,13,15,14,16,16,16,17,17,17,18,18,18,19,19,18,20,19,0,0,0,0,0,0,0,0,0,0,0,11,11,10,10,10,9,9,9,9,7,7,7,7,6,6,6,6,6,5,5,6,6,7,7,8,9,0,21,21,23,23,25,25,26,26,28,28,29,29,31,32,32,35,33,35,37,37,38,39,38,38,40,40,39,40,0,0,0,0,0,0,0,22,22,20,23,22,23,21,20,19,18,18,17,15,14,15,13,11,12,10,13,12,13,12,14,14,14,17,18
20260804_021426_df8648,1785806339832184,2069511417,2,2,0,-62,128,0,14,15,15,16,15,16,16,16,17,16,17,17,17,17,17,18,18,18,19,18,19,18,19,19,19,19,0,0,0,0,0,0,0,0,0,0,0,8,8,9,9,9,9,10,10,10,10,10,11,11,11,11,11,12,12,12,12,13,13,13,13,14,14,0,27,28,29,29,30,28,29,30,29,30,31,31,32,33,32,33,34,34,35,34,35,35,34,35,36,36,34,36,0,0,0,0,0,0,0,15,15,14,16,15,16,16,17,18,18,18,18,18,19,20,20,20,20,21,22,22,22,23,24,23,25,25,26
20260804_021426_df8648,1785806339931446,2069611991,2,2,0,-56,128,0,15,15,16,15,15,14,14,14,14,14,15,15,15,15,15,16,16,16,16,16,16,16,14,15,15,15,0,0,0,0,0,0,0,0,0,0,0,11,11,11,13,13,13,13,14,14,14,15,14,15,14,15,14,15,14,15,15,14,15,15,15,15,15,0,55,55,55,53,53,54,53,54,53,53,56,55,53,55,55,56,57,57,58,56,56,54,54,55,55,52,51,52,0,0,0,0,0,0,0,35,36,37,40,43,43,44,48,49,49,50,51,52,52,53,54,53,53,52,51,52,52,53,54,54,54,54,54
20260804_021426_df8648,1785806340039946,2069718029,2,2,0,-55,128,0,15,14,15,15,14,14,14,14,14,14,15,14,15,15,15,16,16,16,16,16,16,15,15,15,14,14,0,0,0,0,0,0,0,0,0,0,0,9,9,9,9,10,11,11,11,12,12,12,12,13,13,13,13,13,13,13,13,13,13,13,14,14,14,0,56,54,54,55,54,54,55,55,56,56,55,55,57,59,57,59,59,60,59,60,59,58,56,57,57,56,54,54,0,0,0,0,0,0,0,29,30,34,35,35,38,39,40,42,44,47,45,45,45,47,47,48,45,47,47,46,50,49,51,49,50,52,54
20260804_021426_df8648,1785806340132586,2069811484,2,2,0,-56,128,0,15,15,15,15,15,15,15,15,15,15,16,16,15,15,16,16,16,16,16,16,16,16,15,15,15,15,0,0,0,0,0,0,0,0,0,0,0,7,7,9,9,10,9,10,10,10,12,12,12,12,12,12,13,13,13,14,14,14,14,14,14,15,14,0,57,59,56,59,56,57,57,58,57,58,58,58,59,59,60,59,62,59,60,59,61,61,59,58,58,57,55,55,0,0,0,0,0,0,0,23,24,25,28,31,32,34,34,38,40,41,42,41,45,44,46,45,49,46,50,50,48,53,53,53,53,56,54
20260804_021426_df8648,1785806340231659,2069911842,2,2,0,-58,128,0,16,16,16,16,16,16,16,16,16,16,16,16,16,16,16,17,17,17,17,16,16,16,16,16,16,16,0,0,0,0,0,0,0,0,0,0,0,5,6,6,7,7,7,8,8,9,9,10,10,10,11,11,11,12,12,13,13,14,14,14,14,15,15,0,29,30,30,29,30,30,30,30,30,30,31,31,31,31,32,32,33,32,32,32,32,31,30,29,28,29,28,28,0,0,0,0,0,0,0,10,10,10,11,12,12,13,14,14,15,16,17,17,18,20,20,20,21,22,22,24,24,25,26,26,27,28,28
20260804_021426_df8648,1785806340334951,2070014693,2,2,0,-52,128,0,16,16,16,16,16,16,16,16,16,16,16,16,16,16,16,16,16,16,16,16,16,15,15,15,15,15,0,0,0,0,0,0,0,0,0,0,0,8,8,9,9,10,9,9,11,11,11,11,12,12,12,12,12,13,13,14,14,14,15,15,16,16,16,0,60,62,61,61,58,59,60,59,59,59,59,59,59,59,62,60,61,61,61,59,59,57,58,55,55,53,52,51,0,0,0,0,0,0,0,24,27,27,29,31,33,35,35,38,39,40,42,43,43,45,45,46,49,49,51,51,52,53,55,57,58,60,59
20260804_021426_df8648,1785806340434272,2070113034,2,2,0,-52,128,0,15,16,16,16,15,16,15,15,15,15,15,15,15,15,15,15,15,15,16,15,15,15,15,14,14,14,0,0,0,0,0,0,0,0,0,0,0,8,9,9,10,10,10,11,12,12,12,13,13,13,13,13,13,14,14,14,14,14,15,15,15,15,15,0,57,57,57,57,57,55,55,55,54,55,56,56,55,57,56,58,57,59,57,58,56,56,55,55,53,52,51,51,0,0,0,0,0,0,0,28,29,29,33,35,36,38,40,41,42,43,44,45,45,47,47,47,48,50,50,51,52,53,53,52,56,55,56
20260804_021426_df8648,1785806340549495,2070227400,2,2,0,-51,128,0,13,13,12,12,13,13,14,14,14,14,14,13,14,14,14,13,14,14,15,14,14,14,14,13,14,13,0,0,0,0,0,0,0,0,0,0,0,12,12,13,13,13,13,14,14,15,14,14,14,14,14,13,13,13,12,12,13,13,12,13,12,12,12,0,47,46,50,52,51,51,51,56,49,50,55,50,51,57,52,54,57,56,57,56,56,56,51,53,51,51,47,48,0,0,0,0,0,0,0,43,46,45,49,49,53,53,54,54,57,56,54,56,55,54,54,52,48,52,47,53,49,48,54,46,48,49,52
20260804_021426_df8648,1785806340636659,2070311902,2,2,0,-57,128,0,14,14,14,13,13,13,13,12,12,12,12,12,12,13,12,13,12,13,12,12,12,13,13,12,13,12,0,0,0,0,0,0,0,0,0,0,0,13,14,14,15,15,16,16,16,17,17,17,16,16,16,16,16,16,15,15,16,15,15,15,15,15,14,0,25,26,25,25,24,25,24,23,22,23,23,23,22,22,23,22,24,22,23,23,24,22,22,22,21,22,23,23,0,0,0,0,0,0,0,22,23,24,25,27,27,30,30,31,31,30,32,32,31,30,30,28,29,28,28,29,28,28,28,28,28,27,28
20260804_021426_df8648,1785806340734354,2070411791,2,2,0,-57,128,0,14,13,13,14,14,13,15,14,15,15,16,15,15,16,16,17,17,17,17,18,18,17,18,17,18,18,0,0,0,0,0,0,0,0,0,0,0,10,11,11,11,12,11,11,12,12,12,11,12,11,11,11,11,11,11,11,11,11,12,12,12,12,13,0,51,53,52,53,52,54,54,56,55,57,57,58,60,62,62,64,63,67,66,68,69,67,68,66,67,68,66,68,0,0,0,0,0,0,0,36,38,38,39,40,42,43,43,44,44,42,43,42,42,42,39,40,42,39,42,42,42,44,45,45,46,48,49
20260804_021426_df8648,1785806340832191,2070511637,2,2,0,-55,128,0,14,14,14,14,14,14,14,14,13,14,14,14,14,14,15,15,15,15,15,15,15,15,15,15,14,15,0,0,0,0,0,0,0,0,0,0,0,12,12,13,13,13,14,14,14,15,15,14,14,14,14,14,14,13,13,14,14,14,14,15,14,14,14,0,53,51,53,50,50,51,51,51,50,50,51,51,51,51,51,53,52,55,54,52,54,53,52,52,51,53,50,52,0,0,0,0,0,0,0,38,41,43,43,44,48,48,50,52,52,53,52,52,52,52,50,50,50,52,49,51,50,48,52,51,52,52,52
20260804_021426_df8648,1785806340935145,2070611833,2,2,0,-58,128,0,13,13,13,13,13,12,13,12,12,11,11,11,12,12,12,12,12,12,12,12,12,12,13,12,12,13,0,0,0,0,0,0,0,0,0,0,0,11,12,13,13,14,14,15,15,15,15,14,15,15,15,15,14,14,14,14,14,13,14,13,14,14,15,0,55,51,43,50,52,52,51,45,49,48,47,47,46,47,45,48,45,47,40,46,48,49,48,51,52,50,54,55,0,0,0,0,0,0,0,42,42,43,47,48,54,52,54,56,58,56,58,58,60,57,57,56,55,55,53,55,56,54,56,51,56,56,51
20260804_021426_df8648,1785806341033712,2070711312,2,2,0,-55,128,0,14,13,13,13,13,12,12,12,11,11,11,11,11,10,10,10,10,9,9,9,8,8,8,8,7,7,0,0,0,0,0,0,0,0,0,0,0,16,16,17,17,17,18,18,18,19,18,18,18,18,18,18,17,17,16,16,16,16,16,15,16,15,15,0,50,49,49,47,45,44,43,41,40,42,40,38,39,37,39,37,36,35,34,32,32,29,28,28,26,25,24,24,0,0,0,0,0,0,0,52,52,54,56,59,61,64,64,67,65,67,68,67,66,63,61,60,62,60,60,57,57,54,54,54,53,53,52
20260804_021426_df8648,1785806341131288,2070811379,2,2,0,-65,128,0,15,16,17,17,17,18,17,18,18,19,19,19,19,19,19,19,19,19,19,19,18,18,18,17,17,17,0,0,0,0,0,0,0,0,0,0,0,9,9,9,8,8,7,6,6,4,4,3,2,2,2,3,4,4,5,7,8,9,11,11,12,13,14,0,59,61,60,64,65,68,67,69,70,70,69,72,71,70,72,72,73,71,71,73,70,65,67,67,68,70,71,71,0,0,0,0,0,0,0,38,37,37,36,35,32,30,28,24,25,18,17,14,12,9,6,11,15,20,22,23,27,32,38,44,45,51,53
20260804_021426_df8648,1785806341231850,2070911854,2,2,0,-57,128,0,16,16,17,17,17,17,17,17,17,17,18,18,17,17,18,18,18,19,19,19,19,19,19,18,18,18,0,0,0,0,0,0,0,0,0,0,0,2,2,2,2,3,4,4,5,6,6,6,8,8,8,8,10,10,10,11,12,13,13,14,14,15,16,0,59,59,62,62,61,63,62,62,62,62,64,63,66,67,65,67,68,67,69,69,67,69,68,69,67,69,67,68,0,0,0,0,0,0,0,6,5,7,8,8,10,13,13,16,18,21,22,26,28,30,33,34,34,37,39,40,46,46,47,49,52,54,55
20260804_021426_df8648,1785806341329938,2071012389,2,2,0,-58,128,0,15,16,16,15,16,16,16,16,16,16,16,16,16,17,17,18,18,17,18,18,18,18,18,19,19,19,0,0,0,0,0,0,0,0,0,0,0,1,1,1,1,2,4,4,4,4,5,6,6,6,7,8,9,9,9,10,10,11,11,12,12,13,14,0,53,61,57,61,62,61,62,61,61,62,64,62,63,66,66,69,70,69,73,72,73,71,72,73,72,72,73,75,0,0,0,0,0,0,0,2,2,4,4,5,8,9,11,15,15,19,22,24,26,27,28,31,35,32,36,39,42,42,44,46,49,50,51
20260804_021426_df8648,1785806341436640,2071112249,2,2,0,-55,128,0,16,16,16,16,16,16,15,16,16,16,16,16,16,16,16,16,16,16,16,16,16,16,16,15,14,15,0,0,0,0,0,0,0,0,0,0,0,6,6,7,8,8,8,10,10,11,11,11,11,11,12,12,13,13,13,14,14,14,14,15,16,16,15,0,63,64,63,59,65,58,63,63,60,59,60,59,58,59,61,60,62,60,59,62,57,58,57,55,54,54,52,53,0,0,0,0,0,0,0,21,22,23,24,28,29,32,33,35,37,39,41,41,45,43,44,44,49,47,49,49,51,51,52,54,55,58,58
20260804_021426_df8648,1785806341534518,2071214157,2,2,0,-50,128,0,16,17,16,16,16,16,16,16,15,15,15,14,15,15,15,15,15,15,15,15,14,14,14,14,13,13,0,0,0,0,0,0,0,0,0,0,0,8,9,9,10,11,11,12,12,13,13,14,14,14,15,14,15,15,15,15,15,16,16,16,16,16,16,0,59,61,61,58,56,54,54,56,53,56,56,55,51,54,54,52,57,55,53,53,54,53,54,50,49,48,46,45,0,0,0,0,0,0,0,26,27,30,32,33,36,39,39,42,45,46,48,49,49,50,51,50,51,51,51,52,55,55,59,57,57,58,59
20260804_021426_df8648,1785806341632262,2071311650,2,2,0,-51,128,0,15,16,15,15,15,15,15,14,15,15,15,14,14,14,14,14,15,15,15,15,15,14,14,14,14,13,0,0,0,0,0,0,0,0,0,0,0,8,8,9,10,11,11,12,12,12,14,14,14,14,14,14,14,14,14,14,15,15,15,15,15,15,15,0,57,59,58,56,56,56,56,54,54,55,54,54,54,54,55,54,56,55,57,56,56,55,54,53,52,52,51,49,0,0,0,0,0,0,0,25,28,29,31,34,37,39,42,44,46,49,51,51,52,51,53,53,55,54,54,56,56,57,59,57,59,59,57
20260804_021426_df8648,1785806341736736,2071414356,2,2,0,-62,128,0,10,10,9,9,9,9,9,9,9,8,9,9,9,10,10,11,11,12,12,12,13,14,14,15,15,16,0,0,0,0,0,0,0,0,0,0,0,19,19,19,20,20,20,20,20,20,20,19,19,18,17,17,16,16,16,15,15,14,14,13,13,12,11,0,19,18,17,16,16,16,15,16,16,15,17,16,17,18,18,19,20,21,23,23,24,24,25,26,26,28,28,29,0,0,0,0,0,0,0,32,33,33,34,34,36,35,36,36,36,35,34,34,33,33,31,30,29,29,26,27,26,25,24,23,22,21,21
20260804_021426_df8648,1785806341834327,2071511564,2,2,0,-58,128,0,17,17,17,17,16,16,16,15,15,15,15,15,14,15,14,14,14,13,13,13,12,11,11,10,10,9,0,0,0,0,0,0,0,0,0,0,0,10,11,11,12,12,13,14,14,14,14,15,15,15,15,15,16,16,16,16,16,16,17,17,17,17,17,0,31,31,30,30,30,28,29,28,28,28,27,26,26,25,26,24,24,24,24,23,21,20,19,19,17,17,16,15,0,0,0,0,0,0,0,18,18,19,20,22,21,23,23,24,26,26,27,26,27,27,28,27,28,28,29,28,29,30,30,30,30,31,31
20260804_021426_df8648,1785806341933268,2071611411,2,2,0,-60,128,0,16,16,16,16,16,16,16,16,16,16,15,15,15,15,15,16,16,16,16,16,16,16,16,15,16,16,0,0,0,0,0,0,0,0,0,0,0,5,6,6,7,7,8,9,9,10,10,11,12,12,12,12,13,13,13,13,14,13,14,14,14,15,16,0,58,61,59,59,60,60,59,57,59,59,59,58,58,58,60,60,61,61,63,62,61,61,62,61,61,59,61,61,0,0,0,0,0,0,0,17,18,21,20,21,24,28,29,33,33,37,40,41,43,43,46,46,49,50,51,51,53,54,55,54,57,59,60
20260804_021426_df8648,1785806342077289,2071754325,2,2,0,-55,128,0,15,16,16,15,16,16,16,16,16,16,16,15,15,16,17,16,17,17,17,16,16,16,16,16,15,16,0,0,0,0,0,0,0,0,0,0,0,7,8,9,9,9,10,10,10,11,11,12,12,12,12,13,13,13,13,13,13,14,14,14,14,15,14,0,57,59,59,59,59,59,57,58,57,60,58,59,58,59,61,62,62,62,63,62,62,60,60,59,58,58,56,56,0,0,0,0,0,0,0,26,26,27,29,31,32,34,37,37,41,40,41,44,43,45,44,46,47,48,48,49,50,51,52,55,55,55,56
20260804_021426_df8648,1785806342130277,2071810910,2,2,0,-55,128,0,13,14,14,15,13,14,14,14,15,14,14,14,14,15,16,15,16,15,15,16,16,15,15,15,14,14,0,0,0,0,0,0,0,0,0,0,0,8,8,8,9,9,9,9,9,9,11,10,11,11,11,11,11,11,11,11,12,12,12,12,13,13,13,0,57,55,57,55,56,56,54,57,57,57,59,59,59,62,62,62,61,62,63,64,62,62,60,58,58,59,56,57,0,0,0,0,0,0,0,31,31,31,33,34,36,35,38,38,38,38,40,41,42,41,42,43,43,47,43,47,47,48,48,50,50,52,52
20260804_021426_df8648,1785806342233747,2071911788,2,2,0,-57,128,0,14,15,13,14,13,14,14,14,14,14,14,14,14,13,14,14,15,14,14,14,14,15,15,14,13,14,0,0,0,0,0,0,0,0,0,0,0,11,11,12,12,14,14,14,15,15,15,14,15,14,14,14,14,14,14,14,13,14,14,14,14,14,14,0,51,49,48,50,51,51,51,51,51,51,52,52,51,52,53,53,56,53,54,53,53,52,49,51,49,50,49,48,0,0,0,0,0,0,0,37,40,41,44,45,48,49,50,53,53,54,55,55,54,53,52,53,52,51,51,50,52,50,51,49,52,49,51
20260804_021426_df8648,1785806342331355,2072011640,2,2,0,-58,128,0,16,16,16,16,16,16,16,15,15,16,16,14,14,15,15,15,15,15,14,14,14,14,14,13,13,13,0,0,0,0,0,0,0,0,0,0,0,8,8,9,9,9,10,10,11,12,12,12,13,13,13,13,13,14,13,13,13,14,16,16,16,16,16,0,61,61,62,60,59,60,59,56,57,59,54,56,56,55,55,55,56,55,55,54,53,53,53,51,50,50,48,48,0,0,0,0,0,0,0,25,26,30,32,29,34,35,38,40,41,43,42,45,46,47,48,49,50,49,50,51,53,54,57,56,59,59,57
20260804_021426_df8648,1785806342435723,2072111627,2,2,0,-60,128,0,15,15,16,14,15,14,15,14,15,14,14,14,14,15,15,15,16,15,16,15,15,16,15,15,15,16,0,0,0,0,0,0,0,0,0,0,0,9,11,11,11,11,12,12,13,13,13,13,13,13,13,13,13,14,14,14,14,14,14,14,15,15,16,0,57,56,56,56,54,55,52,53,54,55,55,54,53,53,56,54,55,56,57,57,58,56,58,58,58,58,58,58,0,0,0,0,0,0,0,33,35,37,37,41,40,44,44,47,46,49,49,51,49,50,51,49,50,51,52,53,55,56,56,54,55,56,57
20260804_021426_df8648,1785806342532344,2072211330,2,2,0,-57,128,0,14,15,16,16,16,16,16,16,16,16,17,17,17,17,18,18,19,18,19,19,19,19,19,19,19,19,0,0,0,0,0,0,0,0,0,0,0,6,6,7,6,7,7,8,8,8,9,9,9,10,10,10,10,10,11,11,11,12,12,13,13,14,14,0,27,28,28,29,29,29,30,29,30,32,32,33,33,34,33,34,35,35,36,36,36,36,35,35,35,36,34,35,0,0,0,0,0,0,0,10,9,10,11,12,12,14,14,14,14,16,16,17,17,18,18,19,19,19,20,20,22,22,23,22,24,24,25
20260804_021426_df8648,1785806342635787,2072311965,2,2,0,-56,128,0,15,15,15,15,15,15,15,15,15,16,16,16,16,16,16,17,17,18,18,18,18,18,17,17,17,17,0,0,0,0,0,0,0,0,0,0,0,5,6,6,7,7,8,8,8,9,9,9,10,10,10,11,11,11,11,12,12,12,13,13,13,14,14,0,27,29,29,29,29,29,28,29,29,29,31,32,31,32,33,33,33,34,35,35,35,33,34,33,33,32,33,31,0,0,0,0,0,0,0,9,10,10,11,11,12,13,14,16,16,17,17,18,19,19,20,20,21,21,21,22,23,23,24,25,25,25,27
20260804_021426_df8648,1785806342733607,2072411618,2,2,0,-56,128,0,16,16,16,17,16,16,16,16,16,16,16,15,16,16,16,16,16,16,16,16,16,16,15,15,15,14,0,0,0,0,0,0,0,0,0,0,0,8,9,9,9,10,10,11,11,12,12,12,13,13,13,13,13,13,14,13,14,14,14,14,15,16,15,0,59,61,60,59,59,59,59,57,57,59,58,58,58,58,61,60,59,60,59,59,58,57,56,54,55,54,53,52,0,0,0,0,0,0,0,27,29,28,30,33,34,36,37,38,39,43,44,46,44,46,46,47,50,50,49,48,51,53,54,54,56,56,57
20260804_021426_df8648,1785806342832111,2072511507,2,2,0,-57,128,0,14,14,14,15,14,14,15,15,15,15,15,15,15,15,16,16,16,16,17,17,17,17,17,16,16,16,0,0,0,0,0,0,0,0,0,0,0,2,2,3,4,4,4,5,6,6,7,7,7,8,8,8,9,9,9,10,10,11,12,12,12,13,13,0,29,30,29,31,28,30,30,30,31,31,30,31,31,32,33,31,33,32,34,34,34,34,34,33,33,33,33,32,0,0,0,0,0,0,0,3,4,5,5,7,7,8,9,11,12,12,14,14,15,17,18,17,19,18,20,19,21,22,24,25,25,27,27
20260804_021426_df8648,1785806342931167,2072611614,2,2,0,-56,128,0,14,14,14,14,14,14,15,14,14,14,14,14,14,14,15,14,16,14,15,15,14,15,15,14,14,14,0,0,0,0,0,0,0,0,0,0,0,6,6,6,7,8,8,8,9,10,10,10,10,11,11,11,11,11,12,12,12,12,13,13,13,14,14,0,58,59,60,60,59,59,59,56,56,57,59,57,59,57,58,61,58,60,60,60,60,58,59,59,56,58,55,56,0,0,0,0,0,0,0,16,15,22,25,26,28,29,33,36,38,38,40,41,43,45,43,46,46,47,47,49,50,52,53,53,56,55,58
20260804_021426_df8648,1785806343030011,2072711326,2,2,0,-57,128,0,14,15,14,15,15,15,15,15,15,15,16,16,16,16,17,17,18,18,18,18,18,18,18,18,18,18,0,0,0,0,0,0,0,0,0,0,0,3,3,3,3,4,4,5,6,7,8,8,9,9,9,9,10,10,11,11,12,12,12,13,13,13,14,0,29,29,30,28,29,31,30,29,29,31,31,30,31,32,33,34,34,35,35,35,35,36,36,35,35,36,35,35,0,0,0,0,0,0,0,4,4,5,4,5,6,6,9,9,12,13,14,16,17,17,19,19,21,21,22,22,23,24,25,25,25,27,27
20260804_021426_df8648,1785806343128946,2072811812,2,2,0,-57,128,0,13,12,12,13,13,12,13,14,14,14,14,14,14,14,15,16,17,17,17,17,17,17,18,18,18,17,0,0,0,0,0,0,0,0,0,0,0,3,3,3,3,3,4,4,5,5,6,6,6,7,7,7,8,9,9,9,10,10,10,10,11,12,12,0,27,27,26,27,27,28,28,28,28,29,30,29,30,30,32,33,35,35,37,37,37,37,38,39,37,39,38,38,0,0,0,0,0,0,0,5,5,6,7,6,6,8,9,9,10,12,13,13,15,15,16,16,17,19,19,20,20,21,22,23,24,24,25
20260804_021426_df8648,1785806343233323,2072911811,2,2,0,-59,128,0,17,17,17,16,17,16,16,16,16,15,16,15,15,16,15,16,15,16,16,16,16,16,16,16,15,16,0,0,0,0,0,0,0,0,0,0,0,5,6,6,7,8,8,10,10,11,11,12,12,13,14,13,14,15,15,15,15,15,16,16,17,17,17,0,61,62,61,61,59,60,59,58,56,58,57,55,56,55,56,56,57,56,60,58,57,61,57,57,57,57,57,56,0,0,0,0,0,0,0,14,16,17,18,23,25,29,30,34,36,39,43,44,46,48,48,48,53,52,54,53,56,57,58,60,59,61,61
20260804_021426_df8648,1785806343337412,2073015226,2,2,0,-62,128,0,15,15,15,15,15,15,16,16,15,15,16,14,15,16,16,16,16,16,16,17,17,18,17,18,17,17,0,0,0,0,0,0,0,0,0,0,0,5,5,6,7,7,8,9,9,11,11,12,12,13,13,13,13,13,13,14,14,14,14,14,15,15,15,0,57,59,57,57,55,56,54,56,54,54,56,55,57,55,57,57,60,59,62,63,62,63,62,63,64,62,63,62,0,0,0,0,0,0,0,14,17,19,20,24,25,27,29,34,37,38,39,42,42,46,46,45,47,46,47,47,48,49,51,51,52,55,53
20260804_021426_df8648,1785806343436562,2073111641,2,2,0,-61,128,0,15,16,16,14,14,14,14,14,13,13,12,12,12,13,13,13,13,14,14,14,14,14,14,14,14,14,0,0,0,0,0,0,0,0,0,0,0,10,10,11,12,12,13,13,13,14,14,14,14,14,15,15,15,15,14,15,15,15,15,15,16,16,15,0,58,56,57,54,55,53,53,51,48,49,49,48,48,49,48,50,50,52,52,54,53,55,55,55,55,57,53,56,0,0,0,0,0,0,0,34,37,38,41,43,45,47,50,51,50,52,53,52,55,54,55,55,53,54,52,56,55,54,55,56,56,57,57
20260804_021426_df8648,1785806343535988,2073211593,2,2,0,-66,128,0,16,16,16,16,16,16,16,15,15,15,15,16,15,15,16,16,16,17,18,18,18,18,19,19,19,20,0,0,0,0,0,0,0,0,0,0,0,6,6,7,7,8,8,9,9,9,10,10,11,11,11,11,12,12,13,12,13,13,14,14,15,15,15,0,55,60,58,58,58,56,56,54,53,56,59,57,57,57,59,61,60,64,65,66,69,69,71,71,72,72,72,75,0,0,0,0,0,0,0,21,21,22,25,25,26,28,28,30,32,33,36,37,38,39,41,39,42,42,45,46,47,49,47,52,55,55,52
20260804_021426_df8648,1785806343633356,2073311677,2,2,0,-66,128,0,12,13,13,12,12,12,12,12,12,12,12,12,14,13,15,15,16,16,17,18,18,19,19,19,20,20,0,0,0,0,0,0,0,0,0,0,0,14,13,15,15,15,14,15,15,14,15,14,13,13,13,12,12,11,11,11,11,11,12,12,12,12,12,0,22,23,23,22,24,23,22,23,22,23,22,23,25,25,26,26,29,30,31,32,33,35,34,35,36,37,37,39,0,0,0,0,0,0,0,23,25,24,26,27,27,26,28,27,27,27,28,24,25,24,24,22,23,21,22,21,20,21,21,21,22,22,22
20260804_021426_df8648,1785806343733246,2073412026,2,2,0,-70,128,0,11,11,11,11,11,11,12,11,12,11,11,11,12,14,13,14,15,16,17,19,18,19,19,21,21,22,0,0,0,0,0,0,0,0,0,0,0,15,16,16,17,16,17,16,15,15,14,13,12,13,12,10,9,11,9,10,10,10,10,10,11,10,10,0,19,17,20,21,20,19,23,20,21,20,20,21,24,24,25,28,28,30,31,31,34,35,39,36,39,41,44,40,0,0,0,0,0,0,0,31,27,29,28,30,32,29,27,31,27,24,26,22,24,21,20,19,17,18,20,16,16,18,16,19,18,19,16
20260804_021426_df8648,1785806343831291,2073513393,2,2,0,-65,128,0,13,13,13,13,14,14,14,14,14,14,14,15,16,16,16,17,17,18,18,18,18,18,19,19,19,19,0,0,0,0,0,0,0,0,0,0,0,2,3,3,4,4,4,4,5,6,6,6,6,6,6,7,7,8,8,8,9,9,10,10,11,12,12,0,25,26,27,27,26,27,27,28,28,29,30,28,30,32,31,32,34,35,36,36,38,36,37,37,37,38,38,39,0,0,0,0,0,0,0,5,6,5,5,7,8,8,8,9,11,12,13,13,13,14,14,16,14,17,17,17,18,18,19,20,20,23,23
20260804_021426_df8648,1785806343934571,2073614882,2,2,0,-69,128,0,13,14,15,15,16,17,17,17,18,18,19,19,20,20,22,22,22,24,24,24,25,24,25,24,25,25,0,0,0,0,0,0,0,0,0,0,0,6,6,7,6,6,7,6,6,5,5,3,3,3,1,1,1,1,2,3,4,5,6,7,9,11,11,0,24,26,27,29,30,31,31,32,34,34,34,35,37,38,38,40,41,42,43,43,44,45,45,44,43,45,42,41,0,0,0,0,0,0,0,10,11,11,13,12,13,13,12,12,11,11,8,7,6,5,4,2,0,2,3,5,7,9,12,13,15,19,20
20260804_021426_df8648,1785806344033286,2073710780,2,2,0,-61,128,0,14,14,15,14,14,15,14,14,14,15,15,15,16,17,16,17,17,18,18,18,18,18,17,18,18,18,0,0,0,0,0,0,0,0,0,0,0,7,8,7,8,8,9,9,9,10,10,11,10,10,11,11,11,11,12,12,12,12,13,14,14,14,15,0,28,28,28,28,28,28,27,27,27,28,29,28,29,30,31,31,33,34,35,35,35,34,34,34,34,34,34,32,0,0,0,0,0,0,0,10,12,13,14,14,15,16,16,17,18,18,19,19,20,20,20,22,22,22,22,22,24,25,24,25,26,26,28
20260804_021426_df8648,1785806344131459,2073811525,2,2,0,-59,128,0,14,15,15,14,14,14,14,14,15,15,15,15,16,16,17,17,18,18,18,19,19,19,18,20,19,19,0,0,0,0,0,0,0,0,0,0,0,4,5,5,6,6,7,7,7,7,9,8,9,9,9,9,9,10,10,11,11,11,12,11,12,12,13,0,28,29,28,28,27,28,29,28,29,30,30,30,32,33,34,34,36,37,38,37,38,38,39,39,39,37,38,38,0,0,0,0,0,0,0,8,8,9,9,10,12,13,13,14,16,15,17,16,17,18,19,18,19,19,21,20,20,22,23,24,26,25,26
20260804_021426_df8648,1785806344236761,2073916223,2,2,0,-58,128,0,14,14,14,15,15,15,15,15,14,15,15,15,16,17,17,17,18,18,19,18,19,18,19,18,18,19,0,0,0,0,0,0,0,0,0,0,0,4,5,5,5,5,5,6,7,7,7,7,8,8,8,9,9,9,9,10,10,10,11,12,13,13,13,0,27,28,27,29,28,29,28,28,29,30,30,30,31,31,33,33,34,34,36,35,36,36,36,35,36,35,36,35,0,0,0,0,0,0,0,6,7,8,8,8,9,11,11,12,12,13,14,14,15,14,17,16,17,17,18,20,21,22,23,23,24,26,25
20260804_021426_df8648,1785806344334168,2074015050,2,2,0,-61,128,0,13,14,13,14,14,14,15,15,15,16,15,16,16,17,17,19,19,20,20,20,21,21,21,21,21,21,0,0,0,0,0,0,0,0,0,0,0,4,4,3,3,3,4,4,4,4,4,4,4,5,6,6,6,6,7,8,8,8,10,10,11,11,11,0,26,27,28,28,28,29,29,30,29,30,32,31,33,33,35,36,38,38,41,41,42,42,41,42,42,43,42,42,0,0,0,0,0,0,0,8,9,8,7,7,6,7,7,7,8,8,8,8,9,10,11,11,11,11,14,15,17,17,18,21,21,23,23
20260804_021426_df8648,1785806344432334,2074111270,2,2,0,-59,128,0,13,13,14,14,14,14,15,15,15,14,15,15,16,16,17,17,18,19,19,19,19,19,20,19,20,19,0,0,0,0,0,0,0,0,0,0,0,2,2,3,4,4,4,4,4,5,5,6,6,7,7,7,7,8,8,9,9,9,10,11,11,11,13,0,26,27,26,27,27,29,29,28,28,30,30,31,31,33,34,34,36,36,38,39,38,38,39,39,38,38,39,37,0,0,0,0,0,0,0,5,4,4,6,6,6,7,8,9,9,10,10,12,13,13,13,14,15,15,16,18,18,18,20,21,23,24,25
20260804_021426_df8648,1785806344531449,2074211904,2,2,0,-58,128,0,14,15,15,14,14,15,15,15,16,16,16,16,16,17,17,18,18,19,19,19,20,20,20,20,20,20,0,0,0,0,0,0,0,0,0,0,0,1,2,2,3,3,3,4,5,5,6,6,6,7,7,8,9,9,10,10,10,11,12,12,13,13,13,0,27,28,29,28,29,29,29,30,29,30,30,31,32,32,34,35,36,36,39,38,39,39,38,39,39,39,39,39,0,0,0,0,0,0,0,2,1,3,3,4,5,6,6,8,9,9,11,11,13,14,14,15,17,17,17,18,19,21,22,23,23,25,24
20260804_021426_df8648,1785806344635595,2074314391,2,2,0,-60,128,0,14,15,15,15,16,16,16,16,16,16,16,17,17,19,19,19,20,20,21,21,22,22,22,22,22,22,0,0,0,0,0,0,0,0,0,0,0,5,5,5,4,4,4,4,4,3,4,4,4,4,5,5,6,6,6,7,8,9,9,10,11,12,13,0,26,26,27,28,27,30,29,30,30,31,32,33,33,34,35,36,38,39,40,40,40,40,40,38,40,41,37,41,0,0,0,0,0,0,0,10,9,8,8,9,8,7,7,7,7,6,6,6,7,9,8,9,10,11,12,14,15,16,17,17,21,23,23
20260804_021426_df8648,1785806344735270,2074413908,2,2,0,-56,128,0,13,14,14,14,14,14,15,14,14,14,14,15,15,15,16,16,17,16,17,17,17,17,17,16,16,16,0,0,0,0,0,0,0,0,0,0,0,3,3,4,4,5,5,5,6,6,6,7,8,8,8,8,9,9,9,10,10,11,11,11,12,12,13,0,58,59,58,59,58,59,60,58,59,61,61,61,63,63,65,66,68,69,70,70,69,70,69,68,68,69,66,65,0,0,0,0,0,0,0,13,14,13,15,17,19,21,21,22,23,26,30,30,30,33,34,35,38,38,40,42,45,44,48,48,51,53,53
20260804_021426_df8648,1785806344833899,2074516337,2,2,0,-56,128,0,14,14,14,15,14,14,14,14,14,14,14,15,15,15,16,16,16,16,16,16,17,17,17,16,16,15,0,0,0,0,0,0,0,0,0,0,0,3,3,4,4,5,5,7,6,7,7,8,8,9,9,9,10,10,11,11,11,12,12,13,13,14,13,0,29,28,29,29,29,29,29,28,28,29,29,30,29,31,31,32,31,34,33,33,33,32,32,33,32,33,30,32,0,0,0,0,0,0,0,5,5,6,6,8,10,10,11,12,13,14,16,17,18,18,18,20,19,20,21,23,23,24,24,25,26,27,27
20260804_021426_df8648,1785806344932938,2074613359,2,2,0,-65,128,0,12,13,13,13,14,14,15,14,15,15,16,16,16,18,18,19,20,22,22,22,22,23,23,24,24,24,0,0,0,0,0,0,0,0,0,0,0,7,8,6,6,6,6,4,4,3,3,2,1,1,1,1,2,3,4,4,5,6,6,7,8,9,11,0,22,24,25,26,27,27,28,28,29,28,31,31,31,34,35,36,38,40,40,42,43,44,44,45,45,46,45,47,0,0,0,0,0,0,0,14,12,12,13,11,12,12,10,9,8,7,5,4,2,1,1,2,4,6,7,9,10,11,12,15,16,18,20
20260804_021426_df8648,1785806345031120,2074711332,2,2,0,-60,128,0,16,16,16,16,16,16,16,16,16,15,15,15,16,17,16,17,17,17,18,18,18,18,18,18,18,18,0,0,0,0,0,0,0,0,0,0,0,3,4,4,4,5,6,6,7,8,8,9,10,10,11,11,11,12,12,13,13,13,14,14,14,15,15,0,29,29,29,29,30,30,29,29,30,29,30,30,30,31,31,32,33,34,34,34,35,35,35,34,34,35,34,34,0,0,0,0,0,0,0,4,4,6,6,7,9,9,12,12,13,15,16,17,17,19,19,20,20,22,22,24,23,25,25,26,27,28,28
20260804_021426_df8648,1785806345129287,2074811262,2,2,0,-56,128,0,15,15,16,15,16,16,15,15,15,15,16,16,16,17,17,17,17,18,18,18,18,18,18,19,17,18,0,0,0,0,0,0,0,0,0,0,0,3,3,4,4,4,6,6,7,7,8,9,9,9,10,10,11,11,11,12,12,13,13,13,14,14,15,0,28,28,29,29,29,29,29,29,30,31,30,30,31,32,32,33,33,34,34,34,35,35,35,35,33,34,33,34,0,0,0,0,0,0,0,5,5,6,7,8,9,10,10,11,13,14,15,16,17,18,19,19,20,19,21,22,22,23,24,23,27,26,28
20260804_021426_df8648,1785806345234171,2074912056,2,2,0,-59,128,0,13,14,14,14,14,14,15,15,14,15,16,16,16,17,17,18,18,19,19,19,19,19,19,19,19,18,0,0,0,0,0,0,0,0,0,0,0,1,1,2,3,3,3,4,4,5,6,6,7,7,8,8,8,9,9,10,10,11,11,11,12,13,13,0,27,28,28,28,29,29,29,28,28,29,30,30,31,32,33,34,34,36,36,36,37,36,36,36,36,36,35,36,0,0,0,0,0,0,0,2,3,3,3,4,5,6,7,8,9,10,11,12,13,14,15,16,16,16,17,20,20,22,21,23,24,25,26
20260804_021426_df8648,1785806345332727,2075010971,2,2,0,-58,128,0,12,13,13,14,14,14,14,15,16,16,16,17,17,18,18,18,19,19,20,20,20,20,21,21,21,20,0,0,0,0,0,0,0,0,0,0,0,3,2,2,1,2,1,2,3,3,3,4,5,5,5,6,7,7,8,8,8,9,10,10,10,11,12,0,24,26,27,28,28,29,29,29,30,31,32,32,35,34,36,37,38,39,40,41,42,41,40,41,41,41,40,40,0,0,0,0,0,0,0,6,6,5,4,5,4,4,4,4,5,6,7,7,9,9,11,12,13,13,15,15,16,18,19,21,21,22,23
20260804_021426_df8648,1785806345431080,2075111735,2,2,0,-58,128,0,13,13,13,13,13,14,14,14,14,15,16,16,16,16,17,17,18,19,19,19,19,19,19,19,19,19,0,0,0,0,0,0,0,0,0,0,0,4,4,3,3,1,1,1,1,1,3,3,4,4,4,5,6,7,7,8,8,9,9,10,10,11,11,0,26,27,27,28,28,30,30,30,30,31,33,33,34,34,35,36,38,39,39,39,39,40,40,40,39,40,38,39,0,0,0,0,0,0,0,8,8,6,6,5,4,4,2,2,2,3,5,6,7,8,9,11,11,12,15,15,16,17,18,20,22,23,23
20260804_021426_df8648,1785806345529963,2075212034,2,2,0,-58,128,0,14,14,14,15,15,15,15,15,15,16,16,16,16,16,17,17,18,18,18,18,18,18,18,17,18,18,0,0,0,0,0,0,0,0,0,0,0,2,1,1,1,0,1,1,2,3,4,4,5,5,7,7,8,8,8,9,9,10,11,12,13,13,13,0,28,29,29,29,30,30,31,31,30,31,32,32,34,34,33,35,35,37,37,37,36,36,37,37,36,37,34,35,0,0,0,0,0,0,0,5,5,3,2,1,0,0,3,5,4,6,8,9,11,12,12,14,15,17,17,18,20,21,21,22,24,26,26
20260804_021426_df8648,1785806345629218,2075311834,2,2,0,-58,128,0,12,15,14,16,15,16,14,15,14,16,16,16,15,16,17,17,18,19,18,18,18,18,19,18,19,18,0,0,0,0,0,0,0,0,0,0,0,4,4,4,4,4,4,4,4,4,5,4,5,5,6,6,7,7,8,8,9,10,10,11,11,12,13,0,27,26,30,27,28,24,28,28,30,30,30,29,32,32,32,34,33,34,35,35,35,36,35,35,34,35,33,33,0,0,0,0,0,0,0,9,9,8,8,8,8,7,7,7,8,8,8,10,10,12,13,12,13,14,15,16,17,18,20,19,23,22,23
20260804_021426_df8648,1785806345733623,2075413516,2,2,0,-60,128,0,13,15,15,16,17,16,18,17,17,16,18,17,18,20,20,20,20,20,21,21,22,20,21,21,21,20,0,0,0,0,0,0,0,0,0,0,0,4,4,4,3,3,3,2,2,2,2,2,3,4,5,5,6,6,7,8,9,9,10,10,11,14,13,0,28,29,24,29,30,36,34,29,34,32,32,32,36,36,37,38,39,39,39,40,40,42,41,41,39,41,39,39,0,0,0,0,0,0,0,10,9,9,9,8,6,7,6,5,3,4,4,5,5,8,9,9,11,13,13,15,16,17,19,22,21,24,25
20260804_021426_df8648,1785806345831846,2075511710,2,2,0,-54,128,0,15,16,16,16,16,16,17,16,17,17,17,17,17,17,19,18,19,18,19,19,18,18,18,18,18,17,0,0,0,0,0,0,0,0,0,0,0,4,4,4,4,5,5,6,6,7,7,8,8,9,9,10,10,10,11,11,12,12,13,13,14,15,15,0,28,30,29,32,29,31,30,31,30,32,31,31,32,32,34,33,35,34,35,34,34,33,34,33,32,30,31,30,0,0,0,0,0,0,0,6,6,7,6,7,8,10,9,11,12,12,14,14,15,16,17,17,19,18,20,20,21,23,24,26,25,26,27
20260804_021426_df8648,1785806345935549,2075612230,2,2,0,-58,128,0,13,13,11,11,10,9,10,9,8,9,8,8,7,8,8,8,8,8,8,8,8,8,8,9,8,8,0,0,0,0,0,0,0,0,0,0,0,17,18,18,19,20,20,20,21,21,21,20,20,19,18,18,18,17,17,16,16,16,16,15,14,14,14,0,22,22,20,20,18,17,16,16,15,15,15,14,14,14,14,14,14,14,13,14,14,14,13,14,14,14,14,14,0,0,0,0,0,0,0,29,29,30,32,33,34,36,36,37,38,37,38,37,35,35,34,32,33,31,30,30,29,28,28,28,28,26,25
20260804_021426_df8648,1785806346033056,2075714240,2,2,0,-63,128,0,8,9,9,11,11,12,12,13,13,14,15,16,15,16,17,18,18,19,20,20,20,20,21,21,21,21,0,0,0,0,0,0,0,0,0,0,0,13,13,14,14,13,12,12,12,11,10,9,8,7,7,6,5,4,4,4,4,3,4,4,5,5,7,0,17,18,19,21,22,22,24,25,26,28,29,29,30,31,33,34,36,36,37,38,39,38,39,39,38,38,38,39,0,0,0,0,0,0,0,25,25,25,25,25,25,25,23,23,22,21,20,17,15,13,12,11,9,8,6,6,7,6,7,8,10,11,13
20260804_021426_df8648,1785806346131554,2075812539,2,2,0,-60,128,0,11,12,13,13,14,14,15,15,15,16,17,17,17,18,19,20,21,21,21,22,22,22,22,22,22,21,0,0,0,0,0,0,0,0,0,0,0,8,8,9,8,8,7,7,6,5,4,3,3,1,1,1,0,2,3,3,5,5,6,7,7,8,9,0,21,23,24,25,27,27,28,29,30,31,33,33,34,37,37,39,39,40,41,42,43,41,42,41,42,42,42,41,0,0,0,0,0,0,0,18,18,16,17,16,15,15,15,13,11,11,9,8,6,4,4,1,2,3,5,7,8,10,12,13,14,18,18
20260804_021426_df8648,1785806346234547,2075911890,2,2,0,-60,128,0,11,13,13,13,14,14,14,14,16,16,17,17,17,17,17,18,19,19,20,20,20,20,20,20,20,19,0,0,0,0,0,0,0,0,0,0,0,8,8,8,9,8,7,8,7,6,6,5,5,5,5,5,5,6,6,6,7,8,8,8,9,10,11,0,23,26,26,27,27,29,29,30,29,32,32,34,34,35,36,37,39,39,40,40,40,40,40,41,40,39,40,40,0,0,0,0,0,0,0,17,17,16,16,16,16,16,15,15,13,12,11,10,11,9,9,10,10,11,12,13,14,15,16,18,19,21,21
20260804_021426_df8648,1785806346332419,2076011879,2,2,0,-58,128,0,13,13,13,14,14,15,15,14,15,15,16,16,16,17,17,18,18,18,18,19,19,18,18,18,18,18,0,0,0,0,0,0,0,0,0,0,0,7,7,8,8,8,9,9,9,9,9,9,9,9,9,10,9,10,9,10,11,11,11,11,11,12,13,0,50,51,53,52,54,57,55,56,57,59,59,62,62,65,65,65,69,70,69,70,69,70,69,71,71,69,68,68,0,0,0,0,0,0,0,26,29,30,30,31,34,32,34,36,35,35,36,37,36,37,39,37,37,38,38,38,42,41,42,42,44,45,46
20260804_021426_df8648,1785806346436581,2076114213,2,2,0,-58,128,0,13,13,14,15,14,15,15,15,15,15,16,16,17,17,18,18,19,19,19,19,20,19,19,19,20,20,0,0,0,0,0,0,0,0,0,0,0,7,7,7,8,8,8,8,8,8,9,9,9,9,9,9,9,10,10,10,11,11,12,11,11,12,12,0,26,26,26,27,28,28,28,28,28,30,31,32,32,33,33,35,36,36,37,37,37,36,37,36,37,37,36,37,0,0,0,0,0,0,0,13,14,13,14,14,15,15,14,14,15,15,15,15,15,16,17,16,17,19,17,19,20,20,21,21,24,23,24
20260804_021426_df8648,1785806346531941,2076211993,2,2,0,-63,128,0,5,5,7,7,8,9,9,10,11,11,12,12,13,14,15,16,17,17,19,20,20,21,21,21,22,23,0,0,0,0,0,0,0,0,0,0,0,13,13,14,13,14,13,13,13,13,12,11,11,10,9,8,7,6,6,5,4,4,4,3,2,3,4,0,9,11,13,15,16,17,18,20,20,22,23,25,26,26,29,31,33,35,36,38,39,39,41,42,43,44,44,45,0,0,0,0,0,0,0,26,25,25,25,27,27,27,27,27,27,24,23,22,21,19,18,16,14,12,11,10,9,9,7,6,6,7,7
20260804_021426_df8648,1785806346633062,2076311366,2,2,0,-64,128,0,2,1,1,2,3,4,4,5,5,6,7,8,8,9,9,10,11,12,13,14,15,16,17,17,18,18,0,0,0,0,0,0,0,0,0,0,0,19,18,19,19,19,18,18,18,18,17,16,15,14,13,13,12,11,10,9,9,8,8,6,6,5,4,0,4,4,4,4,4,7,9,9,12,13,14,16,18,20,20,22,25,27,29,31,33,35,35,35,37,37,39,39,0,0,0,0,0,0,0,36,36,36,36,38,38,38,37,39,37,37,36,32,30,30,29,24,24,22,21,18,18,16,15,13,11,10,9
20260804_021426_df8648,1785806346730025,2076411588,2,2,0,-59,128,0,11,12,14,13,15,15,15,15,16,16,17,17,17,18,19,19,21,20,21,21,22,22,23,23,22,22,0,0,0,0,0,0,0,0,0,0,0,6,6,6,6,6,6,5,5,5,5,5,4,4,4,4,5,5,6,6,7,7,8,8,9,9,10,0,23,24,26,27,28,28,29,30,31,31,33,33,34,35,36,38,39,39,41,41,42,43,42,42,41,43,40,42,0,0,0,0,0,0,0,13,13,11,12,12,12,11,11,11,10,10,9,8,8,8,9,8,9,9,10,11,13,13,14,15,16,19,20
20260804_021426_df8648,1785806346830598,2076511562,2,2,0,-61,128,0,10,11,11,11,11,12,13,13,13,14,14,15,15,16,16,17,18,18,19,19,20,20,20,21,21,21,0,0,0,0,0,0,0,0,0,0,0,12,12,12,12,12,12,13,11,11,11,11,10,9,9,9,9,9,8,8,8,7,8,9,9,9,9,0,19,20,21,22,23,23,23,24,25,27,28,29,30,31,32,33,34,36,37,38,38,38,38,40,39,41,40,41,0,0,0,0,0,0,0,21,22,23,22,23,23,24,23,22,22,21,21,20,18,17,17,16,16,16,16,16,16,14,15,15,16,16,18
20260804_021426_df8648,1785806346932216,2076614431,2,2,0,-64,128,0,1,2,3,4,5,6,7,6,7,9,9,10,11,12,14,15,16,16,18,18,20,21,22,23,23,24,0,0,0,0,0,0,0,0,0,0,0,16,16,16,16,16,16,16,14,14,14,13,12,11,9,9,9,8,6,6,6,4,4,3,2,2,1,0,2,5,6,8,9,11,13,13,15,17,18,21,23,24,27,28,30,32,36,36,39,40,42,43,43,45,47,48,0,0,0,0,0,0,0,29,31,31,31,30,31,31,32,30,30,27,27,24,22,22,20,18,16,14,13,12,11,9,8,6,4,3,2
20260804_021426_df8648,1785806347033498,2076712551,2,2,0,-64,128,0,7,8,8,9,9,10,10,11,11,12,13,13,14,16,16,17,18,19,20,21,21,23,23,23,24,25,0,0,0,0,0,0,0,0,0,0,0,12,12,12,12,11,11,12,10,10,9,9,9,7,8,6,6,6,6,5,5,5,5,5,5,6,6,0,13,16,16,16,17,19,20,21,21,23,25,26,27,29,31,33,36,36,38,41,42,43,44,45,46,46,47,48,0,0,0,0,0,0,0,22,22,23,23,22,23,21,22,22,20,19,18,17,16,14,14,12,12,10,11,9,9,9,9,10,10,11,12
20260804_021426_df8648,1785806347128786,2076811319,2,2,0,-63,128,0,8,9,9,9,9,10,11,11,12,12,12,13,13,15,16,17,17,19,19,20,21,21,21,22,23,23,0,0,0,0,0,0,0,0,0,0,0,13,13,13,13,13,12,12,12,12,12,11,11,11,9,9,9,8,8,7,7,6,7,7,6,6,7,0,15,16,17,18,19,20,21,22,23,23,24,26,26,29,30,32,34,36,38,38,40,41,42,42,44,45,45,47,0,0,0,0,0,0,0,24,24,24,24,25,25,25,25,25,24,23,22,21,20,20,17,17,17,16,14,13,12,13,13,13,13,12,14
20260804_021426_df8648,1785806347230009,2076912426,2,2,0,-63,128,0,1,2,3,4,4,6,6,8,8,9,10,11,12,13,14,15,16,17,18,19,20,20,21,21,22,24,0,0,0,0,0,0,0,0,0,0,0,19,19,19,19,19,18,18,19,18,17,16,16,13,13,11,10,9,8,9,7,7,6,4,4,2,1,0,1,3,5,8,9,10,12,13,15,17,18,20,21,23,24,27,28,31,34,34,36,37,37,39,40,42,40,42,0,0,0,0,0,0,0,31,34,33,34,34,35,34,35,34,33,32,30,29,27,25,23,22,20,18,16,14,12,11,10,6,6,4,2
20260804_021426_df8648,1785806347331463,2077011893,2,2,0,-61,128,0,10,11,12,12,13,14,14,15,16,16,16,16,17,18,18,20,20,21,22,22,23,24,23,24,23,23,0,0,0,0,0,0,0,0,0,0,0,7,8,8,8,7,7,7,6,6,5,4,4,4,4,4,4,4,4,6,6,6,6,7,8,9,9,0,20,21,21,23,23,25,25,26,28,30,31,31,32,34,34,36,38,38,40,42,41,42,42,42,43,43,44,45,0,0,0,0,0,0,0,14,15,15,15,14,14,14,14,13,12,11,11,9,9,8,8,7,8,8,9,9,10,11,11,13,14,16,17
20260804_021426_df8648,1785806347432449,2077113372,2,2,0,-61,128,0,11,12,13,14,14,15,15,16,16,17,18,18,19,19,20,21,21,22,23,23,23,23,23,24,24,24,0,0,0,0,0,0,0,0,0,0,0,7,7,6,6,6,6,6,6,5,4,4,4,2,2,2,2,3,3,3,4,5,5,7,7,8,9,0,19,21,22,24,25,26,27,29,29,31,31,33,34,35,37,38,40,39,41,42,43,43,44,43,43,43,43,43,0,0,0,0,0,0,0,13,13,13,13,12,12,12,12,10,10,9,8,7,7,7,5,5,4,5,6,5,7,8,9,12,13,15,16
20260804_021426_df8648,1785806347528948,2077212750,2,2,0,-62,128,0,9,9,9,11,11,12,12,12,13,13,14,15,15,17,17,19,19,20,21,21,22,22,22,23,23,24,0,0,0,0,0,0,0,0,0,0,0,9,9,8,8,8,8,7,7,6,6,5,4,3,3,2,1,1,1,2,2,3,4,4,5,6,7,0,16,18,20,20,21,23,24,25,26,28,30,31,30,32,35,36,38,40,42,43,43,44,46,45,46,46,47,47,0,0,0,0,0,0,0,17,18,17,17,17,16,16,15,13,13,11,11,9,9,6,5,3,3,3,4,5,6,6,9,9,11,13,13
20260804_021426_df8648,1785806347631377,2077311361,2,2,0,-62,128,0,7,8,9,9,10,10,11,12,12,13,13,14,15,16,16,16,17,18,19,19,20,20,21,22,22,22,0,0,0,0,0,0,0,0,0,0,0,14,13,14,14,14,13,12,12,11,11,9,9,8,7,6,5,4,3,2,2,1,2,4,4,4,5,0,15,15,16,19,19,21,22,23,24,26,26,27,29,29,32,33,34,36,39,39,40,41,42,41,43,44,44,46,0,0,0,0,0,0,0,27,27,27,28,28,28,27,26,25,24,23,22,20,18,15,14,12,11,9,8,5,5,4,5,5,8,9,10
20260804_021426_df8648,1785806347731778,2077411909,2,2,0,-59,128,0,14,14,14,14,15,15,15,15,15,16,16,16,16,17,17,18,18,18,19,19,19,19,19,19,19,20,0,0,0,0,0,0,0,0,0,0,0,9,9,10,9,9,9,9,9,9,9,9,9,9,9,9,9,9,9,10,10,11,11,11,12,12,12,0,26,27,27,27,28,29,29,28,29,29,30,31,32,33,32,34,34,36,36,37,37,37,37,37,38,39,37,39,0,0,0,0,0,0,0,17,17,17,17,17,17,17,17,16,17,16,17,16,17,16,16,17,17,17,17,18,20,20,21,21,22,24,25
20260804_021426_df8648,1785806347833940,2077511552,2,2,0,-62,128,0,8,8,9,8,10,9,11,11,11,12,13,13,14,15,15,16,16,17,18,19,20,20,21,21,21,22,0,0,0,0,0,0,0,0,0,0,0,14,15,15,15,14,15,14,14,14,14,12,11,11,11,10,9,8,8,8,7,7,7,6,6,7,8,0,14,14,17,16,18,18,20,21,22,22,24,25,27,27,29,31,31,33,34,35,37,38,39,39,40,42,42,44,0,0,0,0,0,0,0,27,28,28,28,29,29,29,29,28,28,27,26,24,23,22,20,19,18,17,15,15,15,15,13,12,13,12,14
20260804_021426_df8648,1785806347935686,2077611777,2,2,0,-57,128,0,13,13,13,13,13,13,13,13,14,14,14,14,15,15,15,16,16,16,16,16,16,16,16,17,17,17,0,0,0,0,0,0,0,0,0,0,0,11,12,12,13,13,13,13,13,14,13,13,13,13,13,13,13,13,13,12,12,13,14,13,13,14,13,0,48,50,53,49,49,52,49,49,52,51,53,52,53,56,56,59,58,61,61,61,61,62,64,63,62,63,62,60,0,0,0,0,0,0,0,37,39,40,40,45,45,46,48,50,49,49,52,52,48,49,49,49,48,49,46,47,45,47,46,49,50,49,52
20260804_021426_df8648,1785806348037703,2077718106,2,2,0,-62,128,0,10,11,11,12,12,13,13,14,14,16,16,16,16,17,18,20,21,21,21,22,22,22,23,23,23,24,0,0,0,0,0,0,0,0,0,0,0,4,4,4,4,4,3,3,4,3,2,2,2,1,2,2,2,4,4,4,5,5,6,7,8,8,9,0,19,21,22,23,24,25,26,27,28,29,31,32,32,34,36,37,39,40,42,43,43,43,45,45,46,46,46,46,0,0,0,0,0,0,0,8,8,8,8,7,7,7,6,5,6,4,4,3,3,4,4,4,4,7,7,8,9,10,12,14,15,16,17
20260804_021426_df8648,1785806348129068,2077811624,2,2,0,-59,128,0,12,13,13,13,13,13,14,14,14,14,15,15,15,17,17,17,17,18,19,19,19,19,18,18,18,19,0,0,0,0,0,0,0,0,0,0,0,5,5,5,5,5,5,5,5,5,5,5,6,5,6,6,6,7,7,7,8,8,9,9,9,11,11,0,51,51,52,55,54,54,55,56,60,62,61,60,63,64,68,70,72,72,76,76,76,77,77,77,76,74,76,76,0,0,0,0,0,0,0,21,21,21,21,23,20,23,22,21,21,23,24,25,23,24,25,25,27,30,32,30,33,35,37,40,43,44,43
20260804_021426_df8648,1785806348230739,2077911834,2,2,0,-55,128,0,15,15,15,15,16,16,16,16,15,15,16,16,16,17,17,17,18,18,17,17,18,18,17,17,17,16,0,0,0,0,0,0,0,0,0,0,0,4,5,5,6,6,6,8,8,8,9,9,9,9,10,10,11,11,11,11,12,12,14,14,14,14,14,0,57,59,59,59,60,61,60,60,59,61,61,63,63,64,64,67,68,68,68,68,69,67,67,66,66,65,64,64,0,0,0,0,0,0,0,14,16,16,17,20,22,23,26,28,29,30,33,35,35,38,38,41,41,42,43,45,46,48,51,49,55,52,55
20260804_021426_df8648,1785806348327230,2078011454,2,2,0,-58,128,0,13,14,14,14,15,15,15,15,15,16,16,17,17,17,18,18,19,19,19,20,20,20,20,20,20,20,0,0,0,0,0,0,0,0,0,0,0,4,4,4,4,3,3,3,2,2,2,2,3,3,4,4,5,5,6,7,7,8,9,9,10,11,12,0,25,27,27,28,28,29,29,30,30,30,31,33,34,34,35,36,37,38,39,39,39,39,38,38,39,39,38,38,0,0,0,0,0,0,0,9,10,9,8,8,8,7,6,5,5,5,4,5,6,7,8,9,10,10,12,13,15,16,18,18,20,22,23
20260804_021426_df8648,1785806348429941,2078111732,2,2,0,-61,128,0,12,12,13,13,14,14,15,15,15,15,16,17,18,19,19,21,21,22,23,24,25,25,25,25,25,25,0,0,0,0,0,0,0,0,0,0,0,5,5,5,4,4,4,4,3,3,2,2,1,2,2,2,3,3,3,4,5,6,7,8,8,9,9,0,21,22,23,24,26,26,27,27,29,30,30,32,33,34,36,38,39,41,42,43,46,46,46,47,47,48,47,47,0,0,0,0,0,0,0,11,10,11,11,9,10,9,8,8,6,6,5,3,3,4,4,4,4,6,6,9,10,11,13,14,16,17,18
20260804_021426_df8648,1785806348529508,2078211697,2,2,0,-59,128,0,14,14,15,14,15,16,16,16,16,16,16,17,17,17,18,19,19,20,20,21,21,21,21,22,22,21,0,0,0,0,0,0,0,0,0,0,0,1,1,1,1,1,3,3,4,4,4,5,6,6,6,7,7,8,8,9,10,10,11,11,12,12,13,0,26,26,28,29,28,29,29,29,30,30,31,32,32,34,34,35,36,38,38,39,39,39,39,39,39,40,38,39,0,0,0,0,0,0,0,1,2,2,2,2,3,3,4,5,7,7,9,10,11,11,12,14,13,14,16,16,17,19,21,21,23,25,24
20260804_021426_df8648,1785806348630185,2078311532,2,2,0,-60,128,0,13,13,14,14,15,16,16,16,15,16,16,17,17,18,19,19,19,20,20,21,21,21,21,21,21,21,0,0,0,0,0,0,0,0,0,0,0,7,7,6,6,6,6,6,5,4,4,4,4,4,4,4,5,6,6,6,7,8,8,10,11,11,11,0,24,25,25,27,27,30,29,30,31,31,32,31,32,34,34,36,38,37,38,39,39,39,40,39,39,39,39,38,0,0,0,0,0,0,0,13,13,13,12,12,12,11,10,9,9,9,8,7,7,7,7,8,9,9,11,11,14,15,16,17,19,21,21
20260804_021426_df8648,1785806348730539,2078412750,2,2,0,-57,128,0,14,15,15,16,16,16,15,15,16,15,16,16,16,17,17,18,18,18,19,18,18,18,19,19,19,19,0,0,0,0,0,0,0,0,0,0,0,4,5,5,5,6,6,7,8,8,8,9,10,10,10,10,10,11,11,11,12,12,13,13,14,14,14,0,28,28,28,28,28,28,29,29,29,29,30,30,31,31,32,32,33,34,35,35,35,34,34,35,35,34,33,33,0,0,0,0,0,0,0,7,7,8,8,9,10,11,13,14,13,15,16,16,18,20,20,20,20,21,19,22,22,24,23,26,25,26,27
20260804_021426_df8648,1785806348839950,2078516253,2,2,0,-57,128,0,16,16,15,15,15,15,14,14,14,14,13,14,14,14,14,14,14,14,14,14,14,14,14,14,13,13,0,0,0,0,0,0,0,0,0,0,0,7,8,8,8,9,10,11,10,11,12,12,13,12,12,12,12,13,13,14,13,14,14,15,15,16,15,0,57,59,59,58,58,55,56,56,55,55,55,56,55,55,55,57,57,57,58,57,55,55,55,53,52,51,50,48,0,0,0,0,0,0,0,23,25,26,26,32,33,36,39,41,42,44,46,47,45,48,48,51,50,50,53,54,56,55,55,56,59,59,62
20260804_021426_df8648,1785806348935795,2078612453,2,2,0,-56,128,0,16,16,16,16,16,16,16,16,16,15,15,15,15,15,16,16,16,16,16,16,16,16,15,15,15,15,0,0,0,0,0,0,0,0,0,0,0,7,7,8,8,9,9,10,10,11,12,12,12,12,12,12,13,13,13,13,14,14,14,15,15,15,16,0,59,60,57,58,57,58,57,54,55,56,57,55,57,54,56,58,61,57,60,60,57,57,57,55,54,54,53,52,0,0,0,0,0,0,0,21,22,24,25,27,29,32,35,39,39,42,42,43,43,44,44,45,48,47,48,49,51,50,53,54,54,56,56
20260804_021426_df8648,1785806349030155,2078711572,2,2,0,-58,128,0,15,15,15,15,16,15,15,15,15,15,16,16,16,16,16,18,17,18,18,18,18,17,17,18,17,17,0,0,0,0,0,0,0,0,0,0,0,4,5,5,6,6,7,7,8,8,9,9,9,10,10,10,10,10,11,11,11,12,13,13,13,14,14,0,57,57,59,58,61,58,60,58,60,60,61,61,60,63,64,66,67,68,68,69,70,69,68,66,68,68,64,65,0,0,0,0,0,0,0,13,14,15,18,18,21,22,24,27,28,29,30,33,34,35,35,40,38,39,41,44,43,45,49,49,50,53,56
20260804_021426_df8648,1785806349131115,2078810923,2,2,0,-57,128,0,15,16,16,16,15,15,16,16,15,16,15,16,16,16,16,16,17,16,17,17,17,17,17,17,17,16,0,0,0,0,0,0,0,0,0,0,0,8,8,9,9,9,10,10,10,11,12,11,12,12,12,12,12,12,13,13,13,14,14,14,15,15,14,0,28,29,29,29,29,29,29,29,28,29,30,29,30,30,31,31,32,33,32,33,33,32,32,31,31,30,30,30,0,0,0,0,0,0,0,14,14,14,15,15,17,18,18,19,19,20,20,21,22,22,22,22,23,23,23,24,24,25,26,25,27,28,28
20260804_021426_df8648,1785806349234129,2078913762,2,2,0,-62,128,0,16,17,17,17,17,17,18,17,17,17,17,18,19,19,18,19,19,19,19,19,19,19,19,19,19,18,0,0,0,0,0,0,0,0,0,0,0,4,4,4,3,3,3,2,2,2,3,3,4,4,6,6,6,7,9,9,10,10,11,12,13,14,15,0,30,32,32,33,34,33,33,34,33,34,34,34,33,35,35,36,35,37,37,36,36,35,36,36,35,35,35,35,0,0,0,0,0,0,0,9,9,9,8,7,7,5,5,5,4,4,5,6,8,8,10,11,12,14,15,17,19,21,22,23,25,27,28
20260804_021426_df8648,1785806349335725,2079013797,2,2,0,-62,128,0,15,16,16,16,16,16,17,17,17,17,17,17,17,18,18,18,18,19,19,19,19,19,19,19,19,19,0,0,0,0,0,0,0,0,0,0,0,2,2,2,2,2,3,3,4,4,5,5,6,6,6,7,7,8,9,9,9,11,11,13,13,13,14,0,29,30,31,31,31,32,31,31,31,33,32,32,33,32,33,34,34,35,36,36,36,37,35,35,35,36,35,36,0,0,0,0,0,0,0,5,4,4,4,4,4,3,4,6,6,7,8,10,10,11,11,15,14,16,17,17,18,20,21,23,26,26,27
20260804_021426_df8648,1785806349454995,2079135183,2,2,0,-66,128,0,15,15,16,16,17,17,17,17,17,18,18,18,18,18,18,19,19,20,20,20,19,19,19,20,20,20,0,0,0,0,0,0,0,0,0,0,0,9,8,8,8,8,8,7,6,6,6,6,6,6,6,7,7,8,8,9,9,10,10,11,12,13,13,0,27,29,29,30,31,31,31,32,33,33,33,33,33,34,34,35,36,36,36,36,36,36,36,37,36,38,38,38,0,0,0,0,0,0,0,17,16,16,16,15,16,15,14,13,11,11,11,11,12,11,11,12,13,14,16,17,17,18,19,21,22,24,24
20260804_021426_df8648,1785806349539136,2079220590,2,2,0,-58,128,0,13,12,13,15,14,13,13,13,13,13,14,14,14,14,14,16,16,17,17,16,17,17,17,18,17,17,0,0,0,0,0,0,0,0,0,0,0,3,3,4,4,4,5,5,6,6,7,8,8,8,8,9,9,9,9,10,10,10,11,11,11,11,11,0,54,58,50,53,55,55,54,57,62,60,54,57,58,64,64,65,66,71,70,68,72,69,67,69,73,72,69,71,0,0,0,0,0,0,0,10,12,13,14,17,20,20,22,24,30,28,29,33,30,31,33,41,36,36,36,43,35,40,45,50,40,50,54
20260804_021426_df8648,1785806349629751,2079310232,2,2,0,-58,128,0,14,15,14,14,14,14,14,12,13,13,13,13,13,13,13,14,14,14,15,14,14,14,15,14,14,14,0,0,0,0,0,0,0,0,0,0,0,11,11,12,13,13,14,14,14,15,15,15,15,15,15,15,15,14,15,15,14,15,14,14,14,15,14,0,53,54,54,52,55,53,52,51,48,49,51,49,51,49,51,52,52,53,54,56,53,53,54,54,52,54,53,50,0,0,0,0,0,0,0,37,39,40,42,45,46,50,50,52,53,57,57,57,53,56,55,56,55,53,54,55,55,55,55,54,56,57,56
20260804_021426_df8648,1785806349732342,2079410800,2,2,0,-55,128,0,15,16,15,14,14,14,14,13,13,13,13,13,12,12,13,13,13,14,13,13,12,12,12,12,12,12,0,0,0,0,0,0,0,0,0,0,0,10,11,12,12,13,14,14,14,15,15,15,15,15,15,16,15,15,15,15,16,15,16,15,16,16,16,0,55,57,56,55,54,52,53,50,49,52,48,49,48,48,48,49,51,51,50,50,49,48,50,49,47,46,46,44,0,0,0,0,0,0,0,35,38,41,41,44,46,50,49,54,54,55,57,57,56,58,57,58,57,55,58,57,60,57,57,59,61,60,57
20260804_021426_df8648,1785806349833234,2079512487,2,2,0,-56,128,0,14,13,13,13,13,13,13,13,13,13,12,12,13,13,13,14,14,14,14,14,14,15,15,14,14,14,0,0,0,0,0,0,0,0,0,0,0,7,7,8,8,9,9,10,9,11,11,11,12,11,11,12,11,12,12,13,13,13,13,13,13,14,13,0,55,54,54,53,54,53,51,51,50,50,51,51,52,53,53,56,55,58,59,58,58,59,58,57,58,57,55,57,0,0,0,0,0,0,0,25,26,27,30,32,34,37,38,40,41,42,44,45,45,47,47,47,47,48,46,49,49,50,52,51,53,55,54
20260804_021426_df8648,1785806349933870,2079613454,2,2,0,-61,128,0,14,15,13,13,15,14,15,14,14,14,15,16,16,15,15,16,18,17,18,18,19,19,19,18,18,19,0,0,0,0,0,0,0,0,0,0,0,5,5,5,6,6,6,7,7,7,7,8,8,8,8,8,8,9,9,9,10,10,10,11,12,12,13,0,26,26,30,28,28,28,28,27,26,27,30,30,31,32,32,33,34,35,40,37,39,38,36,37,37,39,37,38,0,0,0,0,0,0,0,8,9,9,9,10,11,11,13,13,14,13,15,15,16,16,16,16,17,17,17,19,19,19,21,20,22,23,24
20260804_021426_df8648,1785806350029973,2079711115,2,2,0,-60,128,0,14,15,16,16,16,16,16,16,16,16,16,16,17,17,17,19,19,19,19,19,19,19,19,19,19,19,0,0,0,0,0,0,0,0,0,0,0,4,4,5,5,5,6,6,7,7,7,9,9,8,9,8,8,10,10,10,11,12,11,12,13,13,14,0,55,57,59,59,59,60,61,60,60,61,61,61,63,65,65,69,70,71,73,73,73,72,72,74,71,72,70,69,0,0,0,0,0,0,0,11,11,13,14,15,17,19,22,23,25,27,28,30,31,33,33,34,35,37,38,40,42,44,45,46,50,53,54
20260804_021426_df8648,1785806350132195,2079811077,2,2,0,-61,128,0,15,15,15,15,15,15,15,14,15,15,14,14,14,14,14,15,15,16,16,16,16,16,16,16,16,17,0,0,0,0,0,0,0,0,0,0,0,5,6,6,7,8,9,9,10,10,11,12,12,12,13,13,12,13,13,13,13,14,14,14,15,14,15,0,59,59,58,56,57,56,56,55,54,54,56,55,54,54,54,56,58,57,59,60,59,60,60,61,61,63,61,62,0,0,0,0,0,0,0,15,17,18,22,23,28,30,32,34,38,39,42,45,41,44,44,48,46,51,48,50,50,51,53,51,55,55,56
20260804_021426_df8648,1785806350235309,2079911577,2,2,0,-57,128,0,15,15,15,15,14,14,14,13,14,13,13,14,14,14,14,14,15,15,15,16,16,16,16,16,16,16,0,0,0,0,0,0,0,0,0,0,0,6,6,7,8,9,9,10,11,11,11,11,13,12,13,13,13,13,13,13,14,14,14,14,14,15,14,0,58,59,57,58,55,54,53,54,52,54,52,52,52,54,55,55,58,57,60,59,62,60,62,60,61,61,61,61,0,0,0,0,0,0,0,17,20,22,26,29,30,33,37,38,41,42,45,45,47,47,49,50,50,50,51,53,53,54,54,56,58,59,55
20260804_021426_df8648,1785806350332287,2080010996,2,2,0,-55,128,0,16,16,16,15,15,16,15,14,14,14,15,15,15,15,15,15,16,16,16,16,16,15,15,15,15,15,0,0,0,0,0,0,0,0,0,0,0,8,8,9,10,10,10,12,12,12,13,13,13,14,14,14,14,14,14,15,15,15,15,15,16,16,15,0,60,61,59,58,60,57,56,56,53,55,55,55,55,54,56,57,59,59,59,58,57,56,56,56,54,54,55,54,0,0,0,0,0,0,0,25,26,26,29,34,36,38,41,43,45,45,49,50,51,52,50,51,52,52,54,56,56,55,56,56,60,59,57
20260804_021426_df8648,1785806350429337,2080110593,2,2,0,-55,128,0,15,15,15,15,14,14,14,14,14,15,14,14,14,14,15,14,15,15,14,13,14,14,13,13,13,13,0,0,0,0,0,0,0,0,0,0,0,6,6,7,8,8,9,9,10,11,11,11,11,11,12,12,12,13,13,13,13,13,14,14,15,15,15,0,60,60,60,57,60,59,56,57,55,57,57,55,55,57,57,57,57,57,61,57,57,57,55,56,53,54,52,52,0,0,0,0,0,0,0,18,21,22,25,27,29,32,35,36,38,41,42,45,45,48,46,47,48,49,50,53,54,52,54,56,57,58,59
20260804_021426_df8648,1785806350531597,2080210823,2,2,0,-62,128,0,14,14,16,15,15,16,16,16,16,16,15,16,16,16,17,17,17,17,17,17,17,17,17,17,18,18,0,0,0,0,0,0,0,0,0,0,0,3,2,2,1,1,1,1,1,2,3,4,4,5,6,7,7,8,8,9,9,10,11,11,13,13,13,0,29,30,32,32,31,32,32,32,32,33,32,32,33,33,33,33,35,34,34,35,34,35,35,35,36,35,36,36,0,0,0,0,0,0,0,6,6,5,4,3,1,1,1,3,3,5,7,9,10,11,13,13,15,15,17,18,20,21,22,24,25,26,27
20260804_021426_df8648,1785806350633938,2080310770,2,2,0,-59,128,0,16,16,16,15,15,15,15,15,15,14,15,15,15,15,15,16,16,16,16,16,16,16,17,16,17,17,0,0,0,0,0,0,0,0,0,0,0,9,9,10,10,11,12,12,13,13,13,13,13,13,13,14,13,13,13,14,14,14,14,14,15,15,15,0,56,56,55,54,56,54,54,54,54,55,53,53,54,54,53,55,56,56,59,57,58,59,57,58,57,60,57,58,0,0,0,0,0,0,0,28,30,32,34,35,38,39,42,43,45,46,47,46,47,48,48,47,47,48,47,49,50,51,51,51,53,55,53
20260804_021426_df8648,1785806350731120,2080410631,2,2,0,-58,128,0,15,15,15,15,14,15,15,14,14,15,15,14,13,14,15,14,15,15,15,15,15,15,15,15,15,15,0,0,0,0,0,0,0,0,0,0,0,6,6,7,7,8,9,10,10,11,10,11,11,12,12,12,12,12,12,12,13,13,14,14,14,14,14,0,57,57,54,56,55,55,54,56,55,56,54,52,55,55,57,55,57,57,57,59,59,60,58,57,57,61,58,58,0,0,0,0,0,0,0,21,21,23,26,28,30,34,33,37,38,42,43,44,45,44,46,46,49,47,48,48,48,51,51,53,54,54,55
20260804_021426_df8648,1785806350833794,2080510612,2,2,0,-60,128,0,15,15,16,15,15,15,15,14,14,14,15,15,15,16,14,16,14,16,15,15,16,16,16,15,16,16,0,0,0,0,0,0,0,0,0,0,0,4,6,5,7,7,8,8,9,9,10,10,11,11,11,12,12,12,12,13,13,13,13,14,13,14,14,0,59,57,59,59,58,59,58,57,57,56,58,57,59,58,57,60,60,61,63,62,63,60,59,62,61,62,61,62,0,0,0,0,0,0,0,14,17,19,21,23,26,28,32,34,34,37,40,40,42,45,42,45,45,48,49,49,50,52,52,52,55,56,55
20260804_021426_df8648,1785806350929990,2080611006,2,2,0,-61,128,0,16,16,16,16,15,15,15,15,15,14,14,14,14,14,13,13,13,13,13,13,13,13,12,12,12,12,0,0,0,0,0,0,0,0,0,0,0,3,4,4,5,6,7,7,8,9,9,10,11,11,11,13,12,13,14,14,14,14,14,14,15,15,16,0,64,63,63,61,63,59,61,59,57,55,58,56,55,55,53,56,52,54,52,51,52,52,50,47,50,50,47,51,0,0,0,0,0,0,0,11,13,15,18,20,22,25,28,31,33,37,37,40,44,46,47,50,49,51,51,56,54,55,57,58,60,62,61
20260804_021426_df8648,1785806351031255,2080712070,2,2,0,-67,128,0,11,11,13,13,14,14,14,15,15,15,16,17,17,18,18,19,19,21,22,22,22,22,22,23,23,24,0,0,0,0,0,0,0,0,0,0,0,12,11,11,11,9,9,9,7,6,6,6,4,3,3,3,2,2,4,4,4,5,7,7,8,9,10,0,22,22,24,25,26,27,27,28,28,30,31,31,33,34,34,36,38,39,40,40,41,42,42,43,43,44,44,43,0,0,0,0,0,0,0,22,22,22,21,20,21,18,17,16,14,13,10,9,7,6,5,5,4,4,7,6,9,10,12,13,15,18,18
20260804_021426_df8648,1785806351132107,2080811258,2,2,0,-54,128,0,15,15,15,15,14,14,14,14,14,14,14,14,14,15,15,15,15,15,15,15,15,15,15,15,14,14,0,0,0,0,0,0,0,0,0,0,0,4,4,5,5,6,7,7,8,8,9,10,9,11,11,10,10,11,12,12,12,13,13,13,14,14,14,0,58,59,60,59,58,59,56,58,57,60,58,57,58,59,60,60,62,63,62,62,62,61,60,59,58,59,58,58,0,0,0,0,0,0,0,13,15,16,16,21,23,25,26,29,31,35,37,38,41,41,42,43,47,45,48,48,48,51,53,55,55,56,56
20260804_021426_df8648,1785806351233307,2080913029,2,2,0,-54,128,0,14,14,14,14,14,13,13,13,13,13,13,13,14,14,14,14,14,15,14,13,14,14,14,14,14,14,0,0,0,0,0,0,0,0,0,0,0,11,11,12,13,13,13,13,14,15,15,14,14,14,14,14,14,14,15,14,14,14,14,14,14,14,15,0,54,55,54,55,51,52,50,49,50,51,50,51,50,49,51,51,52,51,51,53,52,50,51,48,50,49,48,48,0,0,0,0,0,0,0,38,40,42,43,45,45,48,49,52,53,55,55,55,56,55,55,55,55,53,54,53,53,55,54,57,55,55,55
20260804_021426_df8648,1785806351335634,2081013470,2,2,0,-55,128,0,14,14,14,14,14,14,14,14,14,14,14,14,14,15,15,15,15,15,15,15,15,15,15,15,14,14,0,0,0,0,0,0,0,0,0,0,0,7,7,8,8,9,9,9,10,10,10,10,11,11,11,12,12,12,12,12,12,13,13,13,14,14,14,0,57,57,57,56,56,57,55,57,55,55,55,55,55,57,57,57,57,57,57,58,58,57,57,56,55,55,53,53,0,0,0,0,0,0,0,26,26,28,30,31,33,34,37,40,39,41,43,42,44,45,46,46,48,47,47,49,50,52,53,54,55,56,57
20260804_021426_df8648,1785806351431855,2081111987,2,2,0,-53,128,0,16,16,15,16,15,15,15,15,15,16,16,15,15,15,15,15,15,15,15,15,14,14,14,14,13,13,0,0,0,0,0,0,0,0,0,0,0,6,7,7,7,9,9,10,10,10,10,12,12,12,12,12,13,13,13,13,13,13,13,14,15,15,15,0,60,59,57,60,59,58,57,58,57,58,58,56,57,58,59,59,58,57,58,56,58,56,54,53,53,52,51,51,0,0,0,0,0,0,0,22,22,25,26,28,32,33,34,37,38,40,40,42,44,42,44,44,45,47,48,48,49,51,52,53,54,57,55
20260804_021426_df8648,1785806351533506,2081211786,2,2,0,-55,128,0,15,15,15,14,15,14,14,15,15,15,15,16,15,15,16,16,16,16,16,16,16,16,15,15,15,15,0,0,0,0,0,0,0,0,0,0,0,4,4,4,5,6,7,7,8,8,8,10,10,11,11,11,11,11,11,12,12,13,13,13,14,14,14,0,62,59,62,58,61,61,59,58,59,59,60,59,62,63,59,62,62,62,64,62,62,62,59,58,58,59,54,57,0,0,0,0,0,0,0,10,13,15,18,18,21,24,26,30,32,33,34,35,38,39,41,43,43,47,46,49,51,52,53,52,55,57,59
20260804_021426_df8648,1785806351669596,2081347190,2,2,0,-57,128,0,13,13,13,12,12,12,11,11,12,12,12,11,11,12,12,12,12,11,11,11,11,11,11,11,11,11,0,0,0,0,0,0,0,0,0,0,0,15,16,16,16,17,17,17,17,17,17,16,16,16,16,15,15,15,14,14,14,14,14,14,14,13,13,0,25,25,24,24,24,25,23,23,22,23,22,22,22,22,21,22,22,22,22,22,22,22,22,22,22,22,21,23,0,0,0,0,0,0,0,29,30,30,30,32,30,32,32,33,33,33,33,31,30,30,30,30,29,27,27,28,26,27,26,27,26,26,25
20260804_021426_df8648,1785806351737361,2081416689,2,2,0,-54,128,0,15,16,15,15,15,14,14,14,14,13,13,12,12,13,13,13,12,12,12,12,12,12,11,10,11,10,0,0,0,0,0,0,0,0,0,0,0,10,10,11,11,12,12,13,13,14,14,14,14,15,15,14,14,15,15,15,15,15,15,15,15,16,15,0,31,30,29,28,24,28,24,21,25,24,20,24,24,25,25,25,21,27,23,22,20,23,22,21,21,20,21,19,0,0,0,0,0,0,0,16,17,18,19,21,22,22,23,24,25,26,26,26,26,28,27,27,28,27,27,26,28,28,29,28,29,31,28
20260804_021426_df8648,1785806351831843,2081512255,2,2,0,-61,128,0,15,15,15,16,16,17,15,15,17,16,17,17,17,18,18,17,18,17,18,19,18,18,19,17,17,17,0,0,0,0,0,0,0,0,0,0,0,6,6,6,6,6,6,6,5,5,6,6,7,7,7,8,8,9,9,9,10,11,12,13,13,14,14,0,26,30,32,27,34,32,30,29,33,32,34,34,34,33,34,36,34,38,36,37,37,35,35,35,34,35,31,35,0,0,0,0,0,0,0,12,12,10,11,12,10,11,10,11,10,10,11,12,13,14,15,16,17,18,18,18,21,22,22,24,25,28,25
20260804_021426_df8648,1785806351934150,2081611055,2,2,0,-61,128,0,14,15,15,15,15,16,16,15,15,16,16,16,17,16,16,18,18,18,18,18,18,18,18,19,19,19,0,0,0,0,0,0,0,0,0,0,0,4,4,5,5,7,7,8,8,8,9,9,9,10,10,10,11,12,12,12,12,13,13,13,13,14,14,0,58,57,59,59,57,59,58,59,57,60,61,59,61,62,63,65,68,66,69,70,71,71,72,72,71,72,72,72,0,0,0,0,0,0,0,12,14,14,14,17,20,23,25,27,30,33,33,36,36,37,40,40,42,41,43,45,47,46,49,49,52,53,52
20260804_021426_df8648,1785806352032323,2081712576,2,2,0,-60,128,0,17,17,17,16,17,16,16,16,15,15,15,15,15,15,15,16,16,16,15,15,15,15,15,15,15,15,0,0,0,0,0,0,0,0,0,0,0,7,8,8,9,10,10,10,11,12,13,12,12,13,13,14,14,14,14,14,15,15,15,15,16,16,17,0,61,61,61,59,58,58,58,57,55,55,57,54,54,56,53,55,55,55,56,57,56,56,55,55,53,56,54,56,0,0,0,0,0,0,0,21,24,26,28,30,34,35,36,39,41,44,44,45,45,47,49,50,50,50,49,52,52,54,56,54,57,57,60
20260804_021426_df8648,1785806352134575,2081810985,2,2,0,-57,128,0,15,15,15,15,15,15,15,14,15,15,15,14,15,16,16,16,16,16,17,16,17,16,16,17,16,16,0,0,0,0,0,0,0,0,0,0,0,6,7,8,8,8,9,10,10,10,11,11,11,12,12,12,12,12,13,13,13,13,13,13,15,15,15,0,56,59,57,57,57,58,57,55,55,58,57,57,58,58,61,60,62,62,64,63,62,62,64,62,60,60,59,59,0,0,0,0,0,0,0,19,20,23,25,25,30,32,35,35,37,39,42,42,42,43,44,46,45,47,47,48,50,53,51,53,54,56,55
20260804_021426_df8648,1785806352230154,2081911135,2,2,0,-54,128,0,13,13,13,13,13,13,13,13,13,13,13,13,13,13,14,14,14,14,14,14,14,14,14,14,14,14,0,0,0,0,0,0,0,0,0,0,0,9,10,10,11,11,13,12,12,13,14,13,13,13,13,13,13,13,13,13,13,14,14,13,14,13,14,0,55,52,54,52,51,50,52,49,50,49,50,51,52,54,53,55,55,56,56,58,57,57,55,54,54,55,51,52,0,0,0,0,0,0,0,34,36,38,40,41,44,45,47,49,50,50,51,51,51,53,53,53,51,50,50,51,52,51,53,52,53,54,52
20260804_021426_df8648,1785806352336563,2082012233,2,2,0,-62,128,0,14,14,14,14,14,13,13,13,13,12,13,12,12,14,14,15,14,15,15,14,15,15,14,15,14,15,0,0,0,0,0,0,0,0,0,0,0,11,12,12,13,13,14,13,14,14,13,13,13,13,13,13,13,13,13,13,13,13,14,14,14,14,14,0,53,53,56,51,52,50,51,48,50,45,47,49,49,52,49,53,51,56,53,55,58,57,54,54,56,57,52,55,0,0,0,0,0,0,0,42,40,44,46,45,52,50,52,53,53,54,49,52,53,53,51,50,47,50,46,47,51,52,52,48,53,53,54
20260804_021426_df8648,1785806352433623,2082110724,2,2,0,-58,128,0,14,14,13,13,13,13,13,12,12,12,11,11,11,11,12,12,13,13,13,13,13,13,13,12,12,12,0,0,0,0,0,0,0,0,0,0,0,10,11,12,12,13,13,14,14,14,15,14,14,14,14,13,14,14,14,13,14,14,14,14,15,15,14,0,55,54,52,52,50,50,49,47,47,45,45,47,45,47,47,46,48,48,49,50,48,49,49,48,47,46,46,45,0,0,0,0,0,0,0,36,38,41,42,47,49,49,49,53,54,56,57,55,56,57,56,55,56,53,54,53,55,56,54,55,56,55,55
20260804_021426_df8648,1785806352535199,2082210717,2,2,0,-57,128,0,15,15,15,13,13,13,13,12,12,12,11,11,12,12,12,12,12,12,12,12,11,11,11,11,11,11,0,0,0,0,0,0,0,0,0,0,0,14,15,15,16,16,17,17,17,17,17,17,17,17,17,16,16,16,16,16,15,15,16,15,16,16,16,0,54,53,53,50,48,47,45,45,43,45,42,43,43,42,45,43,43,42,45,43,42,40,40,39,39,37,38,37,0,0,0,0,0,0,0,50,51,52,55,57,59,63,62,62,64,64,65,63,64,60,60,60,57,56,57,57,57,57,58,57,57,57,56
20260804_021426_df8648,1785806352631859,2082310806,2,2,0,-61,128,0,14,13,12,12,10,10,9,9,9,9,8,8,8,8,9,8,8,9,9,9,9,9,9,10,10,10,0,0,0,0,0,0,0,0,0,0,0,16,16,17,18,18,18,19,20,19,19,19,19,19,18,17,17,17,16,16,17,15,15,15,15,15,14,0,46,46,45,42,41,38,35,36,32,33,31,31,31,30,31,32,32,32,35,33,34,34,36,37,35,36,39,39,0,0,0,0,0,0,0,58,58,58,62,65,67,68,71,70,71,72,72,72,69,66,65,64,66,63,61,60,59,59,57,55,55,52,50
20260804_021426_df8648,1785806352728683,2082410936,2,2,0,-62,128,0,11,11,10,10,10,9,8,8,8,8,9,9,9,8,8,8,9,9,8,8,8,8,8,8,7,6,0,0,0,0,0,0,0,0,0,0,0,18,18,18,19,18,18,19,18,18,18,17,17,16,15,15,14,13,14,13,13,13,13,12,12,12,12,0,22,21,21,19,18,18,18,17,16,16,16,16,17,16,17,16,18,16,17,16,16,16,16,16,15,14,15,14,0,0,0,0,0,0,0,34,35,35,34,37,37,38,37,38,38,37,37,34,33,32,31,29,31,28,27,27,26,25,25,26,26,24,23
20260804_021426_df8648,1785806352831879,2082510568,2,2,0,-58,128,0,14,14,13,12,12,11,11,10,11,10,10,10,9,9,9,9,9,8,8,8,7,7,6,5,4,4,0,0,0,0,0,0,0,0,0,0,0,17,18,19,19,20,20,20,20,20,20,19,19,19,18,18,17,16,16,16,16,16,16,15,15,15,14,0,25,25,24,24,23,21,22,20,20,19,19,18,18,18,17,16,17,15,15,14,14,12,11,9,7,6,6,5,0,0,0,0,0,0,0,33,34,33,34,36,35,38,36,38,37,37,38,36,34,34,33,32,32,30,31,29,30,29,28,28,27,27,25
20260804_021426_df8648,1785806352933727,2082611021,2,2,0,-57,128,0,15,15,14,13,13,12,12,11,11,11,11,11,11,10,10,10,9,9,9,9,8,7,7,6,5,5,0,0,0,0,0,0,0,0,0,0,0,16,16,18,17,19,18,19,19,19,20,19,19,18,18,17,18,17,17,17,17,17,17,17,17,16,16,0,28,27,27,26,24,22,21,21,21,21,21,19,19,19,18,17,17,17,17,14,13,13,11,10,9,9,7,8,0,0,0,0,0,0,0,28,30,30,30,31,33,34,34,35,35,36,36,36,34,35,33,32,34,31,32,31,32,31,31,31,30,31,29
20260804_021426_df8648,1785806353030190,2082711354,2,2,0,-60,128,0,15,14,14,13,13,13,12,11,11,12,11,11,11,11,11,11,10,11,10,10,10,9,9,9,9,9,0,0,0,0,0,0,0,0,0,0,0,16,16,17,17,19,18,19,18,19,19,18,18,18,17,17,17,17,17,17,17,17,17,16,16,16,16,0,27,26,25,25,23,23,22,21,21,20,20,20,20,20,20,19,19,18,18,17,17,16,16,16,16,16,15,17,0,0,0,0,0,0,0,28,29,28,30,31,32,33,33,34,34,34,34,33,32,31,31,32,31,31,30,30,30,30,30,30,28,28,28
20260804_021426_df8648,1785806353154111,2082831498,2,2,0,-64,128,0,11,10,9,8,7,7,7,7,7,7,7,7,7,7,7,7,7,7,7,7,7,6,6,7,7,7,0,0,0,0,0,0,0,0,0,0,0,17,17,18,18,18,18,19,19,18,18,18,18,17,17,16,16,15,15,14,14,13,14,13,12,13,12,0,21,18,17,18,16,15,15,13,14,13,14,14,14,15,15,14,14,14,13,14,13,13,15,14,15,14,14,16,0,0,0,0,0,0,0,31,32,33,34,34,35,37,37,37,38,35,36,35,34,33,34,32,31,30,28,29,27,27,26,25,25,25,24
20260804_021426_df8648,1785806353233306,2082913439,2,2,0,-62,128,0,14,15,13,12,14,13,14,13,13,13,14,14,13,13,14,15,15,14,15,14,15,13,14,13,13,13,0,0,0,0,0,0,0,0,0,0,0,13,14,15,15,15,16,16,16,16,16,16,16,16,16,16,16,15,15,15,15,14,14,13,14,14,14,0,53,51,47,44,50,46,48,51,47,48,50,49,48,44,51,52,59,52,54,56,54,49,49,49,48,48,47,45,0,0,0,0,0,0,0,47,47,50,53,55,56,57,58,60,61,62,60,60,60,59,58,59,58,56,55,55,55,53,53,51,52,53,50
20260804_021426_df8648,1785806353335048,2083010890,2,2,0,-61,128,0,15,15,15,15,16,16,16,15,16,16,16,16,16,17,16,16,17,17,16,16,16,16,15,15,15,14,0,0,0,0,0,0,0,0,0,0,0,7,8,8,9,9,10,11,11,12,12,12,13,13,13,13,13,13,13,15,14,15,15,15,15,15,15,0,55,55,55,56,54,56,57,55,57,56,59,59,58,60,60,61,61,62,61,60,58,55,55,54,52,54,49,49,0,0,0,0,0,0,0,25,25,29,30,30,33,34,37,37,40,43,43,42,44,43,48,48,48,51,48,51,52,53,53,54,55,55,55
20260804_021426_df8648,1785806353431894,2083113221,2,2,0,-68,128,0,2,2,1,1,2,3,4,4,4,5,7,8,7,8,9,10,10,11,11,12,13,14,15,16,16,17,0,0,0,0,0,0,0,0,0,0,0,21,21,22,22,22,22,21,21,21,21,19,17,17,15,15,14,13,12,11,11,10,9,8,8,6,5,0,4,3,2,1,4,6,6,9,10,11,13,14,16,16,17,19,20,21,23,23,26,28,28,29,30,33,34,35,0,0,0,0,0,0,0,38,39,40,40,41,41,42,41,41,40,39,37,35,34,32,29,28,26,25,23,20,21,18,16,15,13,11,10
20260804_021426_df8648,1785806353533753,2083210784,2,2,0,-62,128,0,12,12,11,11,11,10,10,10,10,10,10,10,10,10,10,10,9,9,9,9,9,9,9,8,8,9,0,0,0,0,0,0,0,0,0,0,0,17,18,18,18,19,20,20,20,19,19,19,18,18,17,17,16,16,16,16,15,15,14,14,14,13,13,0,45,43,41,41,38,39,38,37,36,37,36,36,34,34,37,34,33,34,34,32,31,30,29,30,28,29,29,30,0,0,0,0,0,0,0,61,63,63,68,68,69,70,72,72,71,74,74,70,69,67,65,63,63,61,59,59,56,54,56,52,52,48,49
20260804_021426_df8648,1785806353630248,2083310310,2,2,0,-63,128,0,12,12,11,11,11,10,10,10,9,8,8,9,9,9,8,7,8,6,6,5,4,4,3,2,2,1,0,0,0,0,0,0,0,0,0,0,0,16,17,17,18,18,18,19,19,19,18,18,18,17,17,17,16,16,16,16,15,14,14,14,13,14,13,0,23,24,21,21,21,20,19,18,17,17,17,17,16,15,15,14,13,13,12,11,9,8,7,4,4,3,2,2,0,0,0,0,0,0,0,30,32,32,33,34,35,37,36,36,37,37,37,36,35,35,33,33,32,30,31,30,29,30,29,27,27,26,26
20260804_021426_df8648,1785806353730776,2083411910,2,2,0,-70,128,0,6,6,6,8,7,8,8,9,9,9,10,11,11,11,13,13,16,16,18,19,19,21,21,23,23,24,0,0,0,0,0,0,0,0,0,0,0,15,14,15,14,15,14,15,14,13,13,12,10,10,10,8,8,7,7,7,7,6,7,6,6,5,6,0,13,13,12,14,14,15,16,17,17,17,20,19,21,23,25,28,30,31,34,35,38,41,42,43,45,47,46,49,0,0,0,0,0,0,0,28,29,28,28,29,28,28,29,27,26,25,24,23,20,20,19,17,16,14,14,14,13,12,14,11,12,13,13
20260804_021426_df8648,1785806353832491,2083512901,2,2,0,-71,128,0,5,6,7,8,9,10,11,12,13,13,12,13,15,14,15,14,15,16,16,16,18,18,19,19,20,21,0,0,0,0,0,0,0,0,0,0,0,16,17,17,18,17,17,16,16,14,14,13,13,11,11,11,10,9,9,8,8,7,7,6,6,5,5,0,24,25,27,30,34,38,42,45,46,47,49,52,51,54,55,56,59,61,64,62,67,68,71,74,76,79,78,83,0,0,0,0,0,0,0,63,66,67,66,67,70,67,66,62,61,59,57,50,51,45,46,39,40,35,36,34,31,29,25,23,22,21,20
20260804_021426_df8648,1785806353933858,2083611012,2,2,0,-67,128,0,10,10,10,10,11,11,11,11,11,11,12,11,12,12,12,13,13,13,13,14,14,14,14,15,16,15,0,0,0,0,0,0,0,0,0,0,0,18,18,18,18,18,18,18,17,17,16,16,15,13,13,13,11,11,9,9,9,9,8,9,9,9,9,0,39,38,38,41,40,41,41,43,44,44,47,45,45,47,49,49,51,51,54,54,55,54,53,56,57,58,54,57,0,0,0,0,0,0,0,66,70,68,68,70,71,72,70,69,66,65,62,61,54,52,48,46,41,41,37,36,35,35,35,34,35,32,37
20260804_021426_df8648,1785806354031149,2083713666,2,2,0,-66,128,0,11,11,10,10,9,8,8,7,7,6,7,6,6,6,5,4,5,6,6,7,7,9,9,10,11,12,0,0,0,0,0,0,0,0,0,0,0,19,19,20,21,21,20,20,21,20,20,19,19,19,18,17,17,17,17,16,16,15,15,15,15,14,14,0,21,21,18,18,17,16,14,13,13,13,12,11,11,11,9,10,9,10,11,13,14,15,18,19,21,23,23,25,0,0,0,0,0,0,0,34,36,36,36,38,38,37,38,39,39,39,37,38,35,34,34,35,33,34,31,30,32,30,28,28,26,26,23
20260804_021426_df8648,1785806354132444,2083812653,2,2,0,-61,128,0,10,10,10,9,8,7,7,6,6,5,5,4,4,4,4,2,2,1,1,0,1,1,3,3,4,4,0,0,0,0,0,0,0,0,0,0,0,19,20,21,21,22,22,23,23,22,22,21,21,20,20,19,18,17,17,16,16,15,15,15,13,12,12,0,21,19,17,17,15,14,12,12,12,11,10,9,8,7,6,5,4,4,2,1,1,2,4,5,6,8,8,9,0,0,0,0,0,0,0,33,34,35,36,38,40,40,42,41,41,41,41,40,38,37,34,35,32,32,30,29,29,28,27,25,24,24,21
20260804_021426_df8648,1785806354234292,2083915595,2,2,0,-65,128,0,4,5,4,5,6,6,7,7,8,9,9,10,10,11,11,13,13,14,16,16,16,17,18,18,19,20,0,0,0,0,0,0,0,0,0,0,0,19,20,20,20,21,20,19,20,19,18,18,17,15,14,14,13,12,10,10,10,9,7,6,6,6,5,0,7,7,9,9,11,12,13,13,15,16,17,19,18,20,22,24,25,27,29,30,31,33,33,35,36,38,35,38,0,0,0,0,0,0,0,34,34,35,37,36,38,38,38,37,36,35,34,33,31,29,27,25,24,22,20,19,17,15,15,11,11,9,9
20260804_021426_df8648,1785806354329170,2084010854,2,2,0,-61,128,0,13,12,10,10,10,9,9,8,8,7,6,6,6,5,4,4,3,3,2,1,2,2,3,4,4,5,0,0,0,0,0,0,0,0,0,0,0,17,19,19,19,20,20,21,21,21,21,20,20,20,19,18,18,18,17,16,16,16,16,15,15,15,14,0,22,21,21,21,18,16,16,14,14,13,11,12,10,10,8,9,7,5,5,4,3,3,4,5,6,7,8,10,0,0,0,0,0,0,0,28,30,31,32,33,35,36,37,39,37,38,38,37,35,35,35,34,32,31,31,31,30,29,28,28,27,25,25
20260804_021426_df8648,1785806354430382,2084110273,2,2,0,-62,128,0,7,6,5,5,5,4,4,4,4,4,4,5,5,6,6,7,7,8,9,9,9,9,10,11,10,11,0,0,0,0,0,0,0,0,0,0,0,18,18,19,20,20,20,20,20,20,20,19,19,18,17,16,15,14,13,13,12,11,11,10,9,9,8,0,12,12,11,10,9,8,8,9,9,10,9,10,11,12,12,13,14,15,17,17,18,18,20,21,21,22,22,22,0,0,0,0,0,0,0,32,34,34,35,37,38,39,39,39,40,38,38,37,36,35,33,31,30,28,26,26,25,23,22,19,20,18,16
20260804_021426_df8648,1785806354533007,2084213768,2,2,0,-65,128,0,2,2,2,2,3,4,4,4,6,6,7,7,8,8,10,10,11,11,13,13,13,13,14,15,15,16,0,0,0,0,0,0,0,0,0,0,0,19,20,21,20,21,21,21,21,21,21,19,17,17,16,14,13,12,11,10,10,8,7,6,6,5,3,0,4,3,3,4,6,7,9,9,9,12,13,13,16,16,16,18,20,21,22,25,25,26,28,28,30,30,30,32,0,0,0,0,0,0,0,36,37,38,38,40,40,42,40,41,40,39,37,36,35,33,32,28,27,23,23,21,19,17,16,12,11,9,7
20260804_021426_df8648,1785806354630339,2084311924,2,2,0,-65,128,0,6,5,4,5,4,4,4,4,4,4,4,4,5,6,6,7,7,8,8,9,11,11,11,12,13,14,0,0,0,0,0,0,0,0,0,0,0,19,20,20,20,22,21,22,22,21,20,20,19,18,17,16,14,14,13,12,12,11,10,9,9,8,7,0,10,9,9,7,7,7,6,8,7,7,9,7,10,11,11,13,15,16,17,19,20,22,23,23,23,26,27,29,0,0,0,0,0,0,0,36,36,37,39,38,42,41,42,42,41,41,38,38,34,34,31,30,30,27,25,25,23,21,20,17,17,15,15
20260804_021426_df8648,1785806354730686,2084411786,2,2,0,-63,128,0,13,13,14,14,14,14,14,14,14,15,16,15,15,16,17,17,18,18,19,19,20,20,20,20,20,20,0,0,0,0,0,0,0,0,0,0,0,8,8,9,10,10,10,10,10,10,10,10,10,10,10,10,10,9,10,10,10,12,12,12,12,12,13,0,25,25,26,26,27,28,26,27,27,28,30,29,30,30,31,34,33,37,36,37,37,36,37,38,37,39,38,39,0,0,0,0,0,0,0,16,15,16,16,17,18,18,19,20,19,19,19,20,20,20,19,20,19,19,19,22,21,21,22,22,23,23,23
20260804_021426_df8648,1785806354832383,2084510527,2,2,0,-61,128,0,14,14,14,13,13,13,13,13,12,13,13,12,12,13,13,14,14,14,15,15,15,15,15,15,15,15,0,0,0,0,0,0,0,0,0,0,0,9,10,10,11,11,12,12,12,12,13,13,13,12,12,12,13,13,13,13,13,13,14,14,14,14,14,0,55,54,53,52,51,50,49,49,50,49,48,48,49,51,52,55,56,58,58,59,60,61,62,61,60,61,59,61,0,0,0,0,0,0,0,37,39,40,41,43,44,47,46,49,50,50,49,51,50,50,50,50,50,51,49,49,50,52,51,53,54,52,54
20260804_021426_df8648,1785806354933913,2084611379,2,2,0,-60,128,0,15,15,15,15,15,14,15,14,15,14,14,14,14,15,15,15,16,15,16,16,16,16,15,15,15,15,0,0,0,0,0,0,0,0,0,0,0,8,9,9,10,10,10,11,12,12,12,13,13,13,13,13,13,13,14,14,14,14,15,15,15,16,15,0,56,60,57,59,56,55,54,54,55,54,54,52,54,53,56,55,55,57,59,57,58,58,56,57,56,54,55,55,0,0,0,0,0,0,0,26,28,29,32,34,35,38,38,42,43,45,47,47,48,48,48,47,52,47,51,52,52,55,55,55,57,58,59
20260804_021426_df8648,1785806355035528,2084711364,2,2,0,-57,128,0,15,15,15,15,15,14,14,14,15,15,14,14,14,15,14,15,15,16,16,16,16,16,15,15,14,14,0,0,0,0,0,0,0,0,0,0,0,8,9,9,9,10,10,11,12,12,13,12,12,13,13,13,13,13,13,14,14,14,14,15,15,15,15,0,59,58,60,57,57,57,56,57,54,53,56,55,56,56,57,57,59,60,60,59,60,59,57,59,58,57,56,56,0,0,0,0,0,0,0,26,30,30,31,34,39,38,41,45,43,47,47,47,49,48,51,50,48,53,52,53,52,55,57,56,55,59,57
20260804_021426_df8648,1785806355132321,2084810544,2,2,0,-58,128,0,15,15,15,14,14,14,14,14,13,14,14,14,14,14,14,14,16,15,15,15,15,15,14,14,14,14,0,0,0,0,0,0,0,0,0,0,0,10,11,11,12,12,13,13,13,13,14,14,14,14,14,14,14,14,14,14,14,14,15,15,15,14,15,0,55,58,55,54,54,54,51,50,50,51,52,52,51,52,54,54,54,56,57,56,56,54,55,55,53,53,51,50,0,0,0,0,0,0,0,35,38,38,40,40,43,45,47,50,53,51,51,53,51,53,52,51,53,52,51,55,53,55,55,53,56,58,57
20260804_021426_df8648,1785806355235662,2084913224,2,2,0,-59,128,0,14,14,14,14,14,14,14,14,14,14,15,15,15,16,16,16,18,18,18,18,18,18,18,19,19,19,0,0,0,0,0,0,0,0,0,0,0,9,9,10,11,11,11,11,11,11,11,11,12,12,11,11,11,11,12,12,12,12,12,13,13,13,14,0,52,52,52,52,52,52,53,53,53,54,55,56,59,61,60,63,65,67,68,69,69,71,70,70,71,71,68,69,0,0,0,0,0,0,0,32,33,34,34,37,38,39,40,41,41,43,44,43,43,43,42,44,42,42,43,44,45,45,47,46,47,49,51
20260804_021426_df8648,1785806355331481,2085010821,2,2,0,-60,128,0,13,13,13,13,13,13,13,13,14,13,14,14,14,14,16,16,16,16,17,17,17,17,17,17,17,17,0,0,0,0,0,0,0,0,0,0,0,7,7,7,8,8,8,9,9,9,9,9,9,9,9,9,10,10,10,10,10,11,11,12,12,12,13,0,25,26,26,26,25,26,26,27,27,27,28,27,28,30,30,30,31,32,33,33,34,34,34,34,35,35,34,34,0,0,0,0,0,0,0,13,14,13,14,16,16,16,16,16,17,18,18,19,19,19,18,19,19,20,19,21,20,21,22,23,23,25,25
20260804_021426_df8648,1785806355434114,2085111833,2,2,0,-58,128,0,15,15,14,14,14,14,14,14,14,14,14,14,14,15,16,16,16,16,16,16,16,16,16,16,16,15,0,0,0,0,0,0,0,0,0,0,0,8,9,9,10,10,11,11,11,12,13,11,12,12,12,12,13,13,13,13,13,13,14,14,14,14,14,0,56,56,56,56,58,54,55,55,53,55,55,54,54,58,56,58,59,62,63,63,62,62,60,62,60,61,59,61,0,0,0,0,0,0,0,30,31,35,35,36,38,41,43,41,47,46,45,45,44,49,47,50,46,48,50,50,49,51,52,53,53,54,55
20260804_021426_df8648,1785806355535156,2085212028,2,2,0,-59,128,0,13,13,13,13,13,13,13,13,12,13,13,13,14,14,14,15,15,16,16,16,16,16,16,16,16,16,0,0,0,0,0,0,0,0,0,0,0,11,11,12,12,13,13,13,13,13,13,13,13,13,12,12,12,12,12,12,12,12,12,12,12,14,13,0,24,25,23,24,24,25,25,25,23,25,25,25,25,25,27,28,28,28,30,29,29,29,29,30,29,29,29,29,0,0,0,0,0,0,0,20,20,21,21,22,23,23,24,24,25,25,25,24,23,23,23,21,22,23,23,23,22,22,23,23,23,23,23
20260804_021426_df8648,1785806355630105,2085310789,2,2,0,-63,128,0,9,8,7,7,7,6,6,6,6,6,6,7,7,8,8,9,10,10,11,11,12,13,13,13,14,14,0,0,0,0,0,0,0,0,0,0,0,17,19,18,19,19,20,19,19,19,19,18,17,17,16,15,14,14,13,12,13,12,11,11,11,11,9,0,18,17,15,14,14,14,14,12,13,12,13,13,14,15,15,17,19,19,20,22,23,25,27,26,27,28,29,29,0,0,0,0,0,0,0,34,35,36,37,37,39,40,39,38,39,38,37,37,36,34,32,32,29,28,26,24,25,23,23,22,21,21,19
20260804_021426_df8648,1785806355731104,2085410832,2,2,0,-65,128,0,7,8,7,7,7,8,8,8,8,8,8,9,9,10,10,11,12,12,13,13,13,14,16,16,16,17,0,0,0,0,0,0,0,0,0,0,0,17,17,17,18,19,18,18,18,18,17,17,17,16,15,14,14,13,12,12,11,11,11,9,9,10,9,0,14,14,14,15,14,15,15,15,15,16,16,16,18,19,21,21,22,23,26,26,27,28,29,29,31,31,32,34,0,0,0,0,0,0,0,31,30,32,32,34,34,34,35,35,35,34,35,33,32,30,29,28,25,26,24,24,22,21,21,18,18,17,16
20260804_021426_df8648,1785806355850185,2085527782,2,2,0,-62,128,0,8,9,9,10,10,11,12,13,14,14,14,15,17,17,18,18,19,20,21,21,22,23,23,23,23,24,0,0,0,0,0,0,0,0,0,0,0,12,11,11,12,12,12,11,11,10,10,9,9,9,9,8,8,7,6,6,6,6,7,7,6,7,7,0,15,16,18,20,19,21,22,24,24,26,28,29,31,31,34,34,37,37,39,41,41,42,43,44,43,45,46,45,0,0,0,0,0,0,0,21,21,21,22,23,21,23,22,22,21,21,20,18,17,17,17,16,15,13,13,13,11,12,13,12,11,13,14
20260804_021426_df8648,1785806355946454,2085625792,2,2,0,-64,128,0,2,1,3,4,4,5,4,6,4,9,8,10,9,12,10,14,12,15,15,17,17,18,18,18,19,19,0,0,0,0,0,0,0,0,0,0,0,16,16,16,17,17,14,16,14,15,13,13,12,11,11,9,9,7,9,5,7,4,7,3,4,3,3,0,2,3,6,7,9,10,12,14,15,19,19,20,22,24,24,28,30,30,32,34,34,38,39,39,41,40,41,41,0,0,0,0,0,0,0,32,33,33,33,34,34,34,33,34,32,32,31,27,27,25,22,21,19,17,16,15,13,11,11,8,6,4,3
20260804_021426_df8648,1785806356030361,2085712247,2,2,0,-62,128,0,8,9,9,9,9,9,9,10,10,10,11,11,12,12,13,14,15,15,16,17,17,17,17,18,18,19,0,0,0,0,0,0,0,0,0,0,0,17,17,17,17,18,18,18,17,16,16,16,16,14,13,13,12,11,11,10,10,10,9,9,9,9,9,0,16,16,17,16,17,17,18,19,20,20,22,22,24,24,26,28,27,29,32,31,33,33,33,34,34,36,35,36,0,0,0,0,0,0,0,30,32,31,32,33,34,34,33,33,33,33,30,29,29,26,26,24,24,22,21,20,19,19,18,17,17,16,16
20260804_021426_df8648,1785806356132000,2085810724,2,2,0,-62,128,0,12,12,13,13,13,13,14,14,14,14,15,16,16,16,17,18,18,18,19,20,20,21,20,21,21,21,0,0,0,0,0,0,0,0,0,0,0,8,8,8,8,9,8,8,9,8,7,7,7,6,6,6,6,7,6,6,8,8,8,8,9,10,10,0,22,22,24,24,25,26,27,28,28,28,29,30,30,32,32,35,36,36,37,38,38,40,39,39,41,42,40,42,0,0,0,0,0,0,0,16,16,17,17,16,17,17,17,16,16,15,14,15,14,13,13,13,13,13,13,13,15,14,16,15,17,19,19
20260804_021426_df8648,1785806356235633,2085910821,2,2,0,-60,128,0,13,14,13,13,13,13,13,14,14,14,14,14,15,16,16,16,16,18,18,18,17,17,17,17,17,18,0,0,0,0,0,0,0,0,0,0,0,10,11,11,11,12,12,12,12,13,12,12,12,12,12,12,12,12,12,12,12,11,13,12,13,12,14,0,51,52,53,53,53,52,51,52,51,54,56,57,54,57,59,61,63,64,67,65,65,65,67,65,65,65,65,66,0,0,0,0,0,0,0,37,38,40,40,42,43,43,45,47,46,46,48,46,46,46,45,45,47,45,43,45,46,47,46,47,49,50,51
20260804_021426_df8648,1785806356336813,2086014621,2,2,0,-63,128,0,4,2,3,6,5,6,7,7,8,7,9,9,9,10,11,13,13,12,14,15,15,16,16,16,17,17,0,0,0,0,0,0,0,0,0,0,0,18,18,18,19,19,19,19,19,18,17,16,16,15,14,13,12,11,10,10,9,8,7,5,5,5,5,0,7,8,8,13,7,12,15,14,16,16,19,18,21,25,23,23,26,26,27,30,32,29,31,33,33,33,33,33,0,0,0,0,0,0,0,33,34,35,35,38,35,36,35,36,35,35,35,32,30,29,26,24,23,20,18,18,16,15,12,12,11,9,6
20260804_021426_df8648,1785806356433779,2086111224,2,2,0,-60,128,0,10,11,11,12,12,12,12,13,13,13,14,15,15,16,16,17,16,17,17,17,17,18,18,18,18,18,0,0,0,0,0,0,0,0,0,0,0,11,12,12,11,11,11,11,11,11,10,10,9,9,9,8,8,8,8,8,8,8,9,9,9,10,10,0,20,19,24,23,24,23,23,25,26,26,27,29,29,32,29,32,32,34,33,33,35,34,34,35,34,35,34,37,0,0,0,0,0,0,0,21,22,22,22,21,23,22,21,22,21,19,19,18,17,17,15,17,15,17,15,15,16,16,17,18,18,18,19
20260804_021426_df8648,1785806356529154,2086210794,2,2,0,-61,128,0,12,11,11,10,10,10,9,9,9,9,8,8,8,8,9,9,9,9,10,10,10,10,11,10,11,11,0,0,0,0,0,0,0,0,0,0,0,15,16,17,17,17,17,17,18,17,17,17,16,16,16,16,15,15,14,13,13,13,13,13,13,13,12,0,21,21,20,19,18,18,17,17,17,17,17,16,16,17,17,18,16,19,18,21,20,21,21,21,21,22,22,22,0,0,0,0,0,0,0,27,29,29,31,32,33,33,34,33,34,34,35,32,31,31,30,29,28,27,26,25,25,26,25,25,24,24,23
20260804_021426_df8648,1785806356635706,2086312429,2,2,0,-57,128,0,12,12,12,11,11,11,11,11,11,12,12,12,12,12,13,13,13,14,14,14,14,15,15,15,15,15,0,0,0,0,0,0,0,0,0,0,0,13,14,14,14,15,15,15,15,15,14,14,14,14,13,13,13,12,12,12,12,12,12,12,12,11,12,0,47,47,46,45,45,46,45,44,45,47,46,46,46,49,51,50,52,55,57,56,56,56,57,57,56,56,56,55,0,0,0,0,0,0,0,47,50,51,50,54,56,57,57,59,57,57,57,56,52,51,51,51,51,48,48,46,48,48,45,46,46,48,47
20260804_021426_df8648,1785806356732195,2086410838,2,2,0,-62,128,0,12,13,13,13,14,14,14,15,15,15,15,16,16,17,17,17,18,19,19,20,20,20,20,20,20,20,0,0,0,0,0,0,0,0,0,0,0,9,10,9,9,9,9,10,9,9,9,8,8,8,9,8,8,9,9,8,9,9,10,10,11,12,11,0,23,24,25,26,26,27,27,28,28,29,29,30,31,32,32,34,35,36,37,37,37,38,38,38,37,38,37,38,0,0,0,0,0,0,0,16,16,17,17,17,18,18,17,17,17,16,17,16,16,15,15,15,15,16,16,16,16,18,19,19,21,22,22
20260804_021426_df8648,1785806356832834,2086510326,2,2,0,-61,128,0,15,16,16,15,15,16,15,15,15,15,15,15,15,15,16,16,16,16,17,17,17,17,17,17,16,16,0,0,0,0,0,0,0,0,0,0,0,9,9,10,10,11,11,11,12,12,12,12,12,13,13,13,13,13,13,14,14,14,14,14,14,15,15,0,28,30,29,28,28,29,29,28,28,28,28,29,28,29,30,30,31,31,32,32,32,31,31,31,31,31,30,30,0,0,0,0,0,0,0,15,16,16,17,18,19,20,21,21,21,23,23,23,23,23,23,24,23,24,24,25,25,26,27,26,27,28,28
20260804_021426_df8648,1785806356932489,2086610791,2,2,0,-63,128,0,12,12,12,14,13,13,14,13,14,15,15,15,15,16,16,16,17,17,18,18,18,18,18,18,18,18,0,0,0,0,0,0,0,0,0,0,0,9,9,9,9,9,9,9,8,8,8,7,7,7,7,7,6,6,7,8,8,9,9,9,10,11,11,0,48,49,51,54,53,56,55,58,57,58,59,60,61,64,65,67,70,70,70,71,70,71,73,73,73,74,71,73,0,0,0,0,0,0,0,35,37,36,37,37,37,34,35,34,34,33,32,30,29,28,29,27,28,28,27,31,32,34,35,40,40,42,45
20260804_021426_df8648,1785806357032437,2086710733,2,2,0,-62,128,0,12,13,12,12,12,12,12,12,12,12,12,12,12,13,13,13,14,14,15,15,15,15,15,15,15,15,0,0,0,0,0,0,0,0,0,0,0,11,11,12,12,13,13,13,13,13,14,13,13,13,13,13,12,12,12,12,12,12,12,12,13,13,13,0,51,51,48,49,46,49,47,48,46,49,47,46,48,50,53,52,56,52,57,58,56,58,60,58,58,60,60,60,0,0,0,0,0,0,0,40,42,43,43,47,48,52,53,51,52,54,54,52,53,51,51,49,51,46,46,47,46,49,48,49,51,51,48
20260804_021426_df8648,1785806357134547,2086810850,2,2,0,-54,128,0,15,15,15,15,14,14,14,13,12,13,13,13,13,13,13,13,14,13,13,13,13,13,13,12,12,12,0,0,0,0,0,0,0,0,0,0,0,9,9,10,10,11,11,12,12,12,14,13,14,14,14,14,14,14,13,14,14,14,15,14,15,16,15,0,57,57,56,57,52,53,52,52,51,50,49,50,50,50,52,50,53,51,52,51,52,51,50,48,47,46,46,44,0,0,0,0,0,0,0,30,32,33,35,38,41,44,44,46,48,50,51,51,51,52,53,53,53,52,54,53,54,56,55,57,58,59,57
20260804_021426_df8648,1785806357229660,2086911021,2,2,0,-67,128,0,9,9,9,9,9,8,9,8,8,8,9,9,9,10,10,10,11,11,12,12,13,13,13,14,14,14,0,0,0,0,0,0,0,0,0,0,0,17,18,18,19,19,20,20,19,19,18,18,17,16,16,15,14,13,12,12,12,12,11,11,11,11,10,0,17,18,16,18,16,16,17,16,16,18,17,16,16,17,19,19,20,20,22,23,22,24,23,25,25,26,27,27,0,0,0,0,0,0,0,28,30,31,34,35,34,34,35,36,35,36,34,33,33,30,30,28,26,25,24,24,21,21,20,19,20,18,18
20260804_021426_df8648,1785806357335990,2087012990,2,2,0,-57,128,0,16,16,14,14,14,13,12,12,11,11,11,11,10,10,11,11,11,10,10,10,10,10,9,9,9,10,0,0,0,0,0,0,0,0,0,0,0,11,12,12,13,14,15,16,16,17,17,17,17,17,17,16,17,16,16,16,16,17,17,17,17,16,16,0,57,55,52,52,48,50,46,44,44,42,43,40,38,38,38,39,39,39,38,37,38,36,35,33,33,35,35,33,0,0,0,0,0,0,0,35,37,39,42,45,49,51,53,56,57,60,62,62,59,63,62,62,62,60,61,60,64,62,62,61,61,60,57
20260804_021426_df8648,1785806357432047,2087112309,2,2,0,-65,128,0,13,13,13,12,12,11,11,9,9,9,9,10,10,10,10,10,9,9,10,10,9,9,9,9,9,9,0,0,0,0,0,0,0,0,0,0,0,14,14,15,16,16,17,18,18,18,18,18,17,18,17,16,16,16,16,16,16,16,15,15,15,14,14,0,51,46,50,43,47,41,41,40,37,35,39,38,37,37,37,39,40,36,41,35,33,38,34,40,35,34,29,33,0,0,0,0,0,0,0,50,53,56,59,59,62,65,69,68,71,70,69,70,68,67,67,68,63,64,60,64,59,60,57,55,57,55,54
20260804_021426_df8648,1785806357537204,2087214372,2,2,0,-60,128,0,13,13,12,12,11,11,11,10,10,10,9,9,9,9,10,10,10,10,10,10,10,10,10,10,10,10,0,0,0,0,0,0,0,0,0,0,0,14,14,15,16,16,17,17,17,17,18,17,17,17,16,16,16,15,15,15,15,15,15,14,14,14,13,0,26,25,23,22,22,22,21,21,20,20,19,19,19,20,19,19,20,20,19,20,20,20,19,19,21,20,20,19,0,0,0,0,0,0,0,25,27,28,28,29,31,32,33,34,36,35,35,33,33,34,33,32,32,30,30,30,30,30,29,28,28,28,26
20260804_021426_df8648,1785806357632105,2087311512,2,2,0,-60,128,0,12,12,12,11,10,10,10,9,9,9,9,8,9,9,9,9,9,9,10,10,10,10,10,10,11,10,0,0,0,0,0,0,0,0,0,0,0,15,16,16,17,18,18,18,18,18,18,18,17,17,17,16,15,15,15,14,15,14,14,14,13,13,12,0,23,22,21,20,20,19,19,18,17,18,17,17,16,18,18,18,19,19,20,20,20,20,20,20,21,20,21,20,0,0,0,0,0,0,0,27,28,27,29,30,32,33,33,34,34,34,34,34,33,31,29,30,30,29,28,28,27,27,27,26,25,25,24
20260804_021426_df8648,1785806357732969,2087410875,2,2,0,-61,128,0,12,12,11,10,10,9,8,8,7,7,7,6,6,6,6,6,6,6,6,6,6,7,7,7,7,8,0,0,0,0,0,0,0,0,0,0,0,19,20,20,21,21,22,22,22,22,22,21,21,20,19,18,18,18,17,17,16,16,16,15,15,14,13,0,22,22,20,20,17,16,14,13,13,13,12,11,11,10,10,11,11,10,12,12,13,13,13,13,14,14,13,14,0,0,0,0,0,0,0,32,34,36,36,37,37,40,39,40,40,40,40,38,37,36,37,34,34,31,32,30,30,29,28,28,27,26,24
20260804_021426_df8648,1785806357833260,2087511018,2,2,0,-59,128,0,13,13,12,12,11,11,10,9,10,9,9,8,9,9,8,8,7,8,7,7,7,6,6,6,6,6,0,0,0,0,0,0,0,0,0,0,0,14,15,16,17,16,17,18,18,18,18,18,18,18,18,17,17,17,16,16,16,16,16,15,15,15,15,0,25,25,25,22,21,20,20,19,18,17,17,17,17,15,15,14,13,14,13,12,12,11,10,11,11,12,12,12,0,0,0,0,0,0,0,25,26,28,29,30,31,32,32,34,35,35,35,35,34,34,34,34,33,33,32,31,32,31,31,29,30,29,28
20260804_021426_df8648,1785806357929095,2087611688,2,2,0,-58,128,0,11,10,9,9,8,7,7,7,6,6,5,5,5,4,4,3,4,3,4,4,3,4,4,5,5,5,0,0,0,0,0,0,0,0,0,0,0,18,18,19,19,20,21,21,21,21,21,21,21,20,18,18,18,17,17,17,16,15,15,15,14,13,13,0,22,19,17,17,14,14,14,12,11,11,10,9,8,8,8,7,7,6,6,6,6,7,8,7,9,9,11,12,0,0,0,0,0,0,0,30,33,33,33,36,37,38,39,38,39,38,38,38,38,37,36,35,33,32,32,30,30,28,27,27,26,25,24
20260804_021426_df8648,1785806358028998,2087710626,2,2,0,-60,128,0,11,11,10,9,9,9,8,7,7,6,6,6,6,5,5,5,5,5,5,5,5,4,5,5,6,6,0,0,0,0,0,0,0,0,0,0,0,18,19,19,21,21,22,22,22,21,21,21,20,20,20,19,18,18,17,17,16,16,15,15,14,14,13,0,21,19,18,17,16,15,14,12,13,12,11,10,10,10,9,9,9,9,8,8,9,9,9,10,11,11,11,12,0,0,0,0,0,0,0,31,32,33,34,36,37,39,39,40,40,41,40,39,38,37,37,35,34,33,32,30,30,28,28,27,26,24,23
20260804_021426_df8648,1785806358134915,2087810909,2,2,0,-60,128,0,12,12,11,11,11,11,10,10,11,11,11,11,11,10,11,10,11,10,11,10,9,9,9,9,9,9,0,0,0,0,0,0,0,0,0,0,0,13,13,14,14,15,15,16,16,17,17,16,16,16,16,16,16,15,16,15,15,15,15,15,14,14,13,0,51,48,46,45,44,42,40,41,41,42,41,41,42,42,41,41,42,42,41,40,38,39,36,37,35,36,32,34,0,0,0,0,0,0,0,47,50,51,54,55,59,60,59,61,63,64,64,65,64,65,64,61,60,60,59,60,60,58,59,55,55,55,50
20260804_021426_df8648,1785806358229500,2087911947,2,2,0,-58,128,0,11,11,10,10,9,9,9,8,7,8,7,7,7,6,7,7,7,6,6,5,5,5,5,4,4,4,0,0,0,0,0,0,0,0,0,0,0,17,17,18,18,19,19,20,20,21,20,20,20,19,19,18,18,17,17,16,16,15,15,15,14,13,13,0,22,20,19,19,17,16,15,14,15,14,15,13,14,14,13,14,13,11,11,10,10,10,8,9,9,7,8,7,0,0,0,0,0,0,0,30,30,30,32,34,35,36,36,36,38,37,37,37,36,35,34,33,33,32,32,31,29,28,27,26,26,25,24
20260804_021426_df8648,1785806358330202,2088010849,2,2,0,-55,128,0,15,14,14,11,11,11,11,11,10,9,9,9,9,9,8,8,7,7,6,6,6,4,4,4,3,2,0,0,0,0,0,0,0,0,0,0,0,13,15,16,16,16,16,17,18,18,19,17,17,18,17,18,17,17,17,17,16,16,16,15,16,16,14,0,28,23,24,23,21,19,20,18,18,18,17,17,16,16,15,15,14,13,12,13,12,9,8,7,6,6,4,5,0,0,0,0,0,0,0,24,24,25,28,29,30,31,32,33,33,34,35,34,34,34,34,32,32,31,32,31,31,31,30,30,29,29,27
20260804_021426_df8648,1785806358432157,2088113728,2,2,0,-58,128,0,13,12,12,10,10,9,9,8,8,8,8,7,7,7,7,6,5,5,5,4,4,3,3,3,3,4,0,0,0,0,0,0,0,0,0,0,0,15,16,17,17,17,18,19,20,19,20,19,19,19,19,18,18,18,17,17,17,16,16,16,15,14,14,0,25,23,22,21,19,18,16,16,16,14,14,13,13,12,12,12,10,9,9,8,8,6,6,6,5,6,6,7,0,0,0,0,0,0,0,25,25,28,29,31,31,34,33,34,36,37,37,36,36,35,34,33,34,32,32,31,31,30,30,30,28,28,26
20260804_021426_df8648,1785806358534325,2088211245,2,2,0,-66,128,0,11,10,9,8,7,6,6,5,6,6,6,7,7,7,7,8,8,9,9,10,11,11,11,13,14,14,0,0,0,0,0,0,0,0,0,0,0,15,16,17,18,18,19,18,19,20,20,20,20,20,19,18,18,18,18,17,16,16,16,15,14,14,13,0,20,19,17,15,13,12,11,11,11,11,11,12,12,13,12,13,16,16,17,19,20,22,23,24,25,26,26,28,0,0,0,0,0,0,0,27,28,29,30,32,33,34,36,36,37,38,38,36,37,36,36,35,35,33,33,33,32,31,30,28,27,26,23
20260804_021426_df8648,1785806358631571,2088310734,2,2,0,-68,128,0,13,14,14,14,14,14,14,13,13,14,14,13,13,13,13,12,12,11,11,10,9,9,9,9,9,9,0,0,0,0,0,0,0,0,0,0,0,18,18,18,19,18,18,19,18,17,17,16,15,15,15,16,15,15,15,14,14,15,14,14,15,15,14,0,26,26,25,26,26,25,24,24,24,24,25,25,25,25,23,24,22,20,21,18,18,16,16,15,17,18,16,21,0,0,0,0,0,0,0,31,32,34,33,34,36,35,36,36,34,33,32,32,29,29,27,28,28,27,27,27,27,28,26,27,27,27,27
20260804_021426_df8648,1785806358732677,2088412013,2,2,0,-61,128,0,12,11,11,11,10,9,9,9,8,8,8,7,7,7,7,7,7,6,6,5,5,5,5,5,5,5,0,0,0,0,0,0,0,0,0,0,0,17,17,18,17,18,18,19,19,19,19,19,18,18,17,16,16,15,15,15,14,16,14,14,15,14,14,0,25,23,21,21,19,17,16,17,15,15,15,13,13,13,12,14,12,11,12,12,12,9,9,10,9,10,9,9,0,0,0,0,0,0,0,30,32,33,32,32,35,36,37,36,36,36,36,35,33,34,31,31,30,29,28,29,28,27,27,28,28,28,25
20260804_021426_df8648,1785806358834631,2088512507,2,2,0,-63,128,0,12,11,11,10,9,8,8,7,7,6,6,5,5,5,5,5,5,5,5,5,6,6,7,7,7,8,0,0,0,0,0,0,0,0,0,0,0,17,17,18,19,19,19,20,20,20,20,19,19,19,18,18,18,17,17,16,16,15,15,15,14,14,13,0,24,22,21,20,17,16,15,14,14,12,11,11,9,9,9,10,9,9,10,10,11,11,13,13,13,17,16,18,0,0,0,0,0,0,0,30,30,32,32,33,35,36,38,36,38,38,37,36,35,35,34,32,31,32,29,31,29,28,28,27,26,27,25
20260804_021426_df8648,1785806358940682,2088612844,2,2,0,-62,128,0,13,13,13,13,11,11,11,10,11,10,11,10,10,10,10,10,10,9,9,9,8,8,7,6,6,5,0,0,0,0,0,0,0,0,0,0,0,14,14,14,14,15,15,15,16,15,16,15,14,14,14,14,14,14,13,13,13,14,13,13,13,14,14,0,52,52,51,50,46,47,45,43,43,43,42,41,41,42,41,41,41,38,37,36,33,31,28,26,25,21,19,18,0,0,0,0,0,0,0,52,56,54,57,58,58,60,62,61,62,62,62,61,59,60,55,55,56,54,55,54,55,55,54,54,55,55,55
20260804_021426_df8648,1785806359034062,2088710847,2,2,0,-58,128,0,14,13,13,12,12,12,12,11,10,10,11,11,11,11,11,11,11,11,11,11,12,11,11,10,11,11,0,0,0,0,0,0,0,0,0,0,0,13,13,14,14,15,15,15,15,16,15,16,15,15,15,14,14,14,14,14,14,14,14,13,14,14,14,0,50,49,52,47,46,47,45,44,42,43,43,44,43,44,45,45,43,47,46,45,45,45,42,39,41,42,38,39,0,0,0,0,0,0,0,48,51,50,53,54,59,57,58,58,60,60,60,59,59,59,57,58,55,56,55,54,54,54,56,55,56,56,52
20260804_021426_df8648,1785806359132516,2088810348,2,2,0,-60,128,0,14,13,13,12,11,11,10,10,10,10,10,9,9,9,9,9,9,8,7,8,7,7,6,6,4,4,0,0,0,0,0,0,0,0,0,0,0,14,15,15,16,17,17,17,17,17,17,17,17,17,16,15,15,15,16,14,15,15,15,15,14,14,14,0,26,26,24,23,23,21,21,21,19,19,19,18,18,18,17,17,17,17,16,15,13,12,11,11,10,9,8,8,0,0,0,0,0,0,0,27,28,29,31,31,33,33,34,34,35,34,35,34,34,32,31,32,31,31,30,31,30,30,29,29,29,28,29
20260804_021426_df8648,1785806359232897,2088910881,2,2,0,-63,128,0,14,14,13,13,12,12,12,11,11,12,11,11,11,12,12,13,13,13,13,13,14,13,14,14,13,14,0,0,0,0,0,0,0,0,0,0,0,15,16,16,16,17,17,17,17,17,17,16,16,16,16,15,15,14,15,15,14,14,14,14,14,14,14,0,49,48,48,46,45,43,44,40,41,43,41,42,44,43,45,44,48,48,49,50,49,48,51,49,50,50,49,49,0,0,0,0,0,0,0,53,56,57,56,60,62,62,62,62,62,62,64,61,60,58,57,55,56,54,55,50,54,53,53,54,54,53,50
20260804_021426_df8648,1785806359330759,2089011646,2,2,0,-66,128,0,12,12,12,13,13,14,13,14,14,14,15,16,17,17,18,19,20,21,22,22,24,23,24,24,25,25,0,0,0,0,0,0,0,0,0,0,0,7,7,7,8,7,8,8,7,7,7,7,7,7,6,6,7,7,7,8,8,8,9,10,10,10,11,0,22,23,23,23,25,25,24,25,25,28,29,30,31,32,34,36,38,39,40,43,43,44,45,46,47,46,45,45,0,0,0,0,0,0,0,13,13,13,13,13,14,13,13,12,14,13,13,12,12,13,13,13,14,14,13,14,16,15,16,18,17,19,20
20260804_021426_df8648,1785806359431612,2089110628,2,2,0,-55,128,0,15,14,14,14,14,14,14,14,14,14,14,14,15,15,15,16,15,16,16,16,16,16,16,16,16,16,0,0,0,0,0,0,0,0,0,0,0,10,10,10,11,12,12,12,13,13,13,13,13,13,13,13,13,13,13,13,14,14,14,14,14,15,14,0,55,55,53,55,53,53,51,51,53,52,55,51,55,55,58,56,58,60,61,61,60,60,60,61,59,59,57,56,0,0,0,0,0,0,0,34,37,38,38,41,42,45,45,47,48,49,49,50,51,50,50,49,49,47,49,49,52,52,52,53,54,53,54
20260804_021426_df8648,1785806359536376,2089211549,2,2,0,-55,128,0,15,15,14,15,14,14,15,14,14,13,14,14,13,14,14,15,16,15,15,15,15,15,15,15,15,15,0,0,0,0,0,0,0,0,0,0,0,5,6,7,7,8,8,9,9,10,10,10,10,11,11,12,12,12,12,12,13,13,13,13,14,14,14,0,29,30,29,28,27,28,28,28,28,28,27,27,28,28,29,29,31,29,29,31,29,30,31,29,29,31,29,28,0,0,0,0,0,0,0,9,9,11,12,13,14,16,16,17,18,20,21,20,21,22,23,23,23,23,23,24,24,25,26,27,28,27,25
20260804_021426_df8648,1785806359633020,2089310835,2,2,0,-55,128,0,15,14,14,14,13,13,13,12,13,12,12,13,13,13,13,13,13,13,13,14,13,14,13,13,13,13,0,0,0,0,0,0,0,0,0,0,0,9,10,11,11,12,12,13,14,14,14,14,14,14,14,14,14,14,14,13,14,14,14,14,14,15,14,0,56,53,52,53,50,50,50,48,48,50,49,48,47,49,49,51,51,52,53,52,52,52,51,51,51,52,49,50,0,0,0,0,0,0,0,34,37,38,39,43,44,47,49,51,53,54,54,53,55,54,54,53,52,53,53,51,54,53,53,53,52,54,55
20260804_021426_df8648,1785806359735139,2089413983,2,2,0,-61,128,0,14,14,14,14,13,13,13,13,13,14,14,14,14,15,15,15,16,16,16,16,16,16,16,17,17,17,0,0,0,0,0,0,0,0,0,0,0,3,3,4,4,6,6,7,8,9,9,9,10,10,11,10,10,10,10,10,12,12,12,13,13,13,13,0,56,52,55,54,55,55,56,53,55,56,57,56,56,59,59,62,60,69,66,66,67,67,67,67,69,71,67,71,0,0,0,0,0,0,0,8,10,12,16,17,19,22,25,28,32,33,35,38,39,41,40,42,41,44,43,47,45,46,47,46,50,50,51
20260804_021426_df8648,1785806359837383,2089516396,2,2,0,-57,128,0,16,15,16,16,15,16,15,15,14,15,15,16,15,15,15,16,16,16,17,16,16,16,16,16,16,16,0,0,0,0,0,0,0,0,0,0,0,6,6,6,7,8,9,9,9,10,11,11,11,11,12,11,12,13,13,13,13,13,14,14,14,14,15,0,57,57,60,57,59,59,56,57,54,57,59,56,57,57,58,60,61,60,61,59,62,59,60,61,61,61,61,62,0,0,0,0,0,0,0,18,20,23,25,27,30,32,35,36,40,39,42,42,44,45,44,45,47,48,49,48,50,51,52,54,53,54,53
20260804_021426_df8648,1785806359933908,2089611248,2,2,0,-59,128,0,14,14,14,14,14,14,14,15,14,14,15,15,15,15,15,16,16,16,17,16,16,16,16,16,16,16,0,0,0,0,0,0,0,0,0,0,0,9,9,10,10,11,11,11,12,12,12,12,12,12,13,12,13,13,13,13,13,14,13,13,14,14,14,0,27,27,27,27,27,28,28,27,27,29,29,29,30,29,31,30,32,31,32,32,31,32,32,32,31,31,32,31,0,0,0,0,0,0,0,17,16,17,17,19,19,20,20,21,22,22,23,23,23,24,24,24,24,23,25,24,25,26,25,25,26,26,26
20260804_021426_df8648,1785806360029552,2089710517,2,2,0,-56,128,0,16,15,16,15,15,15,14,14,14,14,14,13,14,14,15,15,14,15,15,14,14,14,14,14,14,14,0,0,0,0,0,0,0,0,0,0,0,10,11,11,12,12,12,13,14,14,14,15,15,15,15,15,15,15,15,15,15,15,15,15,15,16,16,0,58,58,56,57,53,54,53,51,54,51,52,51,52,51,51,50,53,50,51,52,50,51,51,50,49,51,48,48,0,0,0,0,0,0,0,33,34,37,38,41,41,44,46,48,50,51,54,53,54,52,54,53,55,52,56,53,53,53,57,57,55,57,58
20260804_021426_df8648,1785806360130922,2089812159,2,2,0,-58,128,0,14,15,15,15,15,15,15,16,16,16,16,16,16,17,17,17,17,17,17,18,17,17,17,17,17,17,0,0,0,0,0,0,0,0,0,0,0,6,6,6,6,6,6,6,6,6,7,7,7,8,8,9,9,9,9,9,10,10,11,11,13,13,13,0,29,29,30,31,31,31,32,31,31,32,32,33,33,33,34,33,35,35,34,34,35,34,35,34,33,33,33,32,0,0,0,0,0,0,0,11,11,11,11,11,11,12,11,11,12,13,13,15,14,15,16,17,18,18,20,20,21,23,22,24,24,27,26
20260804_021426_df8648,1785806360238265,2089914364,2,2,0,-54,128,0,15,15,15,15,15,15,14,14,14,15,15,15,15,16,16,16,16,16,16,17,17,17,16,16,16,15,0,0,0,0,0,0,0,0,0,0,0,9,10,10,10,10,10,10,11,11,12,11,12,12,12,12,12,12,12,13,13,13,14,13,13,14,14,0,56,56,55,55,55,56,56,55,57,58,58,58,60,60,59,60,63,61,61,63,63,62,61,60,59,60,57,57,0,0,0,0,0,0,0,33,34,34,35,36,38,40,38,39,41,42,43,42,43,43,44,45,45,46,44,47,47,48,50,50,51,52,51
20260804_021426_df8648,1785806360332958,2090013202,2,2,0,-53,128,0,15,16,16,16,15,16,16,16,16,16,16,16,16,16,17,16,17,16,17,17,17,17,16,16,16,16,0,0,0,0,0,0,0,0,0,0,0,8,8,8,9,9,9,10,11,11,11,11,11,12,12,12,12,13,14,13,13,14,14,14,14,15,15,0,59,60,58,59,57,59,58,58,58,60,60,58,59,59,62,62,63,61,64,63,64,61,62,61,61,59,60,59,0,0,0,0,0,0,0,28,29,28,28,31,33,35,35,37,38,39,42,42,43,44,44,45,47,47,49,49,49,52,51,54,54,56,57
20260804_021426_df8648,1785806360434645,2090111917,2,2,0,-53,128,0,15,14,14,14,14,14,14,13,14,13,13,13,13,14,14,15,14,15,15,14,15,14,14,14,14,14,0,0,0,0,0,0,0,0,0,0,0,7,8,8,9,10,10,11,10,10,11,11,11,11,11,11,11,12,11,12,13,13,13,13,13,14,14,0,57,55,55,56,56,55,56,54,54,54,55,55,56,56,56,58,57,59,60,59,58,58,55,56,56,56,53,54,0,0,0,0,0,0,0,31,32,32,34,35,39,38,40,42,42,45,44,47,46,48,48,48,47,46,48,49,49,49,53,51,55,55,56
20260804_021426_df8648,1785806360559213,2090239468,2,2,0,-55,128,0,15,14,15,14,15,14,14,14,14,15,15,14,14,15,14,15,15,16,16,15,16,16,16,16,15,15,0,0,0,0,0,0,0,0,0,0,0,8,8,8,9,9,9,11,10,11,11,11,11,11,11,11,11,12,12,12,12,12,13,13,13,14,14,0,28,28,28,28,28,29,28,28,27,28,28,29,29,28,30,30,31,32,31,31,31,31,30,29,30,29,29,30,0,0,0,0,0,0,0,14,15,16,17,17,18,19,19,20,21,21,21,21,22,22,22,22,22,23,23,22,23,23,24,26,24,26,27
20260804_021426_df8648,1785806360640374,2090319547,2,2,0,-54,128,0,15,14,14,15,13,14,14,14,14,14,14,14,13,14,14,14,15,14,14,14,14,14,14,14,13,14,0,0,0,0,0,0,0,0,0,0,0,9,9,9,10,10,10,11,11,11,12,12,12,12,12,12,12,12,12,12,12,12,13,13,13,13,13,0,52,55,50,53,54,51,50,56,54,54,57,55,55,56,57,56,56,56,59,60,55,56,55,58,56,56,55,52,0,0,0,0,0,0,0,33,34,36,36,38,40,41,43,44,45,46,47,47,47,48,49,48,50,48,49,49,50,51,50,51,53,53,51
20260804_021426_df8648,1785806360730515,2090411850,2,2,0,-57,128,0,14,15,16,14,16,16,15,15,15,15,16,16,16,16,17,18,18,18,18,18,18,18,18,17,17,17,0,0,0,0,0,0,0,0,0,0,0,7,7,8,9,9,9,9,9,9,9,9,9,11,11,11,11,11,11,11,12,13,13,13,13,13,14,0,54,57,58,58,57,59,59,59,59,62,61,62,62,63,65,67,67,68,68,67,69,66,68,67,66,66,64,66,0,0,0,0,0,0,0,24,24,25,29,28,30,31,34,34,34,35,35,38,37,39,42,39,41,44,42,46,45,46,48,48,51,50,53
20260804_021426_df8648,1785806360837861,2090514812,2,2,0,-56,128,0,16,16,16,16,16,15,15,15,14,15,14,14,15,15,15,15,15,15,15,15,15,15,15,15,14,15,0,0,0,0,0,0,0,0,0,0,0,9,9,9,10,10,11,12,12,12,13,13,13,13,13,13,13,14,13,14,15,15,15,15,16,16,16,0,57,58,56,58,56,56,57,56,55,56,55,57,55,55,57,57,57,58,59,59,57,56,57,55,54,53,54,53,0,0,0,0,0,0,0,26,28,30,33,34,37,40,41,44,43,46,46,47,48,50,50,49,52,49,51,52,52,54,55,55,56,56,56
20260804_021426_df8648,1785806360930241,2090610445,2,2,0,-57,128,0,14,14,14,14,13,13,13,14,14,14,14,14,14,14,14,14,15,15,15,15,15,14,15,15,15,15,0,0,0,0,0,0,0,0,0,0,0,6,6,7,8,8,9,9,9,10,10,10,11,10,11,11,11,11,11,12,12,12,13,13,13,13,13,0,57,57,55,57,55,56,56,54,55,57,56,55,56,55,57,58,60,61,61,60,61,60,61,61,60,59,59,60,0,0,0,0,0,0,0,23,25,26,27,29,30,33,34,37,37,38,40,41,42,45,44,46,45,46,46,48,48,48,51,52,54,53,53
20260804_021426_df8648,1785806361033901,2090711789,2,2,0,-61,128,0,14,13,13,13,13,12,12,12,12,12,12,12,12,12,12,13,13,14,14,14,15,15,15,15,16,16,0,0,0,0,0,0,0,0,0,0,0,10,11,11,11,11,12,13,13,13,13,13,13,13,13,12,12,13,13,13,13,13,13,13,13,13,13,0,26,25,26,25,25,24,24,24,24,22,24,24,25,25,25,26,26,28,27,29,29,30,30,30,31,32,31,32,0,0,0,0,0,0,0,19,20,21,21,21,23,23,24,25,25,26,24,25,25,25,24,25,25,25,24,26,24,24,25,25,25,25,25
20260804_021426_df8648,1785806361157803,2090812021,2,2,0,-55,128,0,15,15,14,14,14,14,14,13,13,13,13,13,13,12,12,13,13,13,12,12,12,11,11,11,11,11,0,0,0,0,0,0,0,0,0,0,0,8,9,9,11,11,11,12,13,13,14,14,14,14,14,14,14,14,14,14,14,15,15,15,16,16,16,0,58,57,57,56,55,55,52,52,51,49,50,49,50,49,46,48,47,49,47,46,45,44,44,42,41,43,40,41,0,0,0,0,0,0,0,28,30,33,34,38,40,42,44,48,49,51,52,54,53,54,54,54,55,55,55,57,57,57,56,58,58,58,57
20260804_021426_df8648,1785806361248942,2090912040,2,2,0,-55,128,0,15,15,15,14,14,14,13,13,13,13,13,13,13,12,13,13,13,13,13,13,13,13,13,13,13,12,0,0,0,0,0,0,0,0,0,0,0,10,10,11,12,12,13,13,14,15,15,15,15,15,15,15,15,15,15,15,15,15,16,15,15,16,15,0,58,59,55,56,54,52,52,50,49,50,50,48,48,48,49,48,50,50,52,49,50,50,49,48,49,49,46,48,0,0,0,0,0,0,0,33,33,37,39,42,43,46,49,53,53,55,58,56,57,58,57,56,56,57,58,57,58,59,60,60,59,59,57
20260804_021426_df8648,1785806361342299,2091012025,2,2,0,-56,128,0,16,16,16,15,15,15,15,15,14,15,14,14,14,14,14,15,15,15,14,15,15,14,14,14,14,14,0,0,0,0,0,0,0,0,0,0,0,8,9,9,10,10,11,12,12,13,13,13,13,14,13,13,13,14,14,14,14,14,15,15,15,16,16,0,60,61,61,57,57,57,57,56,55,55,55,54,55,56,55,55,56,57,58,57,56,56,55,55,54,54,52,53,0,0,0,0,0,0,0,25,27,30,32,33,38,41,42,44,47,48,49,50,51,52,51,53,52,52,53,54,55,56,56,58,58,59,58
20260804_021426_df8648,1785806361434983,2091112208,2,2,0,-62,128,0,13,13,12,12,11,11,10,10,9,9,9,10,9,9,9,9,10,9,11,11,11,11,11,11,11,11,0,0,0,0,0,0,0,0,0,0,0,15,15,16,16,17,16,17,17,17,17,17,16,16,16,15,15,15,14,14,14,14,14,14,14,13,13,0,24,26,24,22,21,22,21,20,19,19,19,18,17,19,18,18,20,19,21,20,21,23,22,22,22,21,21,23,0,0,0,0,0,0,0,26,28,28,29,31,32,32,32,33,33,34,34,33,33,32,30,29,29,27,28,27,27,28,28,26,26,26,26
20260804_021426_df8648,1785806361531334,2091212609,2,2,0,-62,128,0,11,11,11,9,9,9,9,8,7,7,8,8,8,8,8,8,9,9,9,9,9,9,10,10,10,10,0,0,0,0,0,0,0,0,0,0,0,18,19,19,20,20,20,20,20,19,19,19,18,18,17,16,15,15,14,14,14,14,14,13,13,13,12,0,22,21,21,19,18,18,16,15,15,15,15,15,15,15,15,16,17,17,18,19,18,18,19,20,20,20,20,20,0,0,0,0,0,0,0,35,36,35,36,37,38,38,38,39,38,38,37,35,35,34,33,30,29,29,27,27,27,26,25,24,24,23,22
20260804_021426_df8648,1785806361632022,2091312203,2,2,0,-61,128,0,14,13,13,13,12,12,12,11,10,10,11,11,11,11,11,11,10,10,10,10,10,9,9,8,8,9,0,0,0,0,0,0,0,0,0,0,0,18,18,18,19,19,20,20,19,19,19,18,18,18,18,16,16,16,16,16,16,15,16,14,15,15,14,0,47,50,46,45,43,42,41,38,38,40,38,39,38,38,38,37,38,36,36,35,35,31,31,29,29,26,25,23,0,0,0,0,0,0,0,62,63,65,65,69,66,72,67,69,68,70,69,66,65,62,62,60,62,57,59,54,57,52,54,53,54,52,50
20260804_021426_df8648,1785806361733559,2091412930,2,2,0,-60,128,0,13,12,12,12,11,10,10,9,10,10,9,10,9,10,10,10,9,9,9,9,8,8,7,8,7,6,0,0,0,0,0,0,0,0,0,0,0,17,18,19,19,19,20,20,20,20,19,19,18,18,18,17,16,16,16,15,15,14,14,14,14,14,13,0,45,44,45,42,40,39,36,36,37,35,34,34,34,33,33,35,33,35,35,33,29,29,28,25,27,25,25,19,0,0,0,0,0,0,0,62,64,65,67,69,72,71,73,74,74,74,70,71,67,66,63,64,61,59,57,58,55,54,52,52,52,51,50
20260804_021426_df8648,1785806361828872,2091511846,2,2,0,-61,128,0,12,11,11,9,9,9,9,8,8,7,8,8,7,7,7,8,8,8,8,8,8,9,9,9,8,9,0,0,0,0,0,0,0,0,0,0,0,18,18,19,20,20,21,20,20,20,20,19,19,18,17,17,16,15,15,15,14,15,14,14,13,13,12,0,22,21,19,19,18,17,17,15,15,14,15,14,14,14,14,14,15,15,14,16,16,17,16,17,16,17,16,16,0,0,0,0,0,0,0,32,32,33,35,35,37,38,37,37,39,38,37,36,35,34,32,32,31,29,28,28,27,26,26,26,24,24,23
20260804_021426_df8648,1785806361931621,2091611203,2,2,0,-57,128,0,14,14,14,13,13,12,12,12,12,11,11,12,11,11,11,12,12,11,11,11,11,12,11,11,11,11,0,0,0,0,0,0,0,0,0,0,0,13,13,14,15,15,16,16,16,16,17,17,17,16,16,16,15,15,15,15,14,14,15,15,15,15,14,0,56,53,52,51,48,48,47,45,45,43,42,43,44,43,42,42,43,43,44,46,44,44,42,42,42,43,41,43,0,0,0,0,0,0,0,42,45,48,50,52,55,58,59,60,59,63,61,62,61,60,60,59,56,57,56,56,57,54,57,55,54,56,55
20260804_021426_df8648,1785806362033491,2091711594,2,2,0,-57,128,0,13,13,13,13,14,13,13,13,13,12,12,13,12,13,13,14,13,14,14,14,14,14,14,14,14,14,0,0,0,0,0,0,0,0,0,0,0,11,12,13,13,14,14,14,15,15,15,15,14,15,14,14,14,14,14,14,14,14,14,14,14,14,14,0,54,53,53,50,51,50,48,45,45,46,48,46,47,49,48,48,50,51,51,52,51,53,52,51,51,52,50,52,0,0,0,0,0,0,0,39,43,42,45,46,50,52,53,53,55,57,56,55,55,54,54,55,54,53,53,53,53,54,52,52,52,55,53
20260804_021426_df8648,1785806362134759,2091811651,2,2,0,-58,128,0,16,16,16,16,16,16,16,16,15,15,15,15,16,16,17,16,17,16,16,16,16,16,17,17,16,17,0,0,0,0,0,0,0,0,0,0,0,4,5,5,6,6,7,8,8,9,9,10,10,11,11,11,12,12,12,12,13,13,13,14,14,15,15,0,61,59,59,59,61,60,57,59,58,59,60,59,59,62,62,61,65,65,65,66,66,63,64,62,64,64,61,61,0,0,0,0,0,0,0,10,14,15,17,18,21,22,25,28,30,34,34,37,39,38,40,42,43,47,45,46,48,49,52,55,55,57,57
20260804_021426_df8648,1785806362231089,2091911942,2,2,0,-56,128,0,15,15,15,15,15,14,14,14,13,13,13,14,14,14,14,14,14,15,14,15,15,14,14,14,14,14,0,0,0,0,0,0,0,0,0,0,0,9,11,11,12,12,13,13,14,14,15,15,15,15,15,14,15,15,15,15,15,15,15,15,15,16,16,0,56,57,55,54,53,52,51,49,49,50,49,49,48,51,52,52,53,53,54,56,53,52,55,52,54,52,51,51,0,0,0,0,0,0,0,33,35,37,38,41,44,45,47,49,50,51,53,54,53,53,53,53,53,53,53,53,54,53,57,54,54,56,53
20260804_021426_df8648,1785806362333461,2092011664,2,2,0,-59,128,0,15,14,14,14,14,14,14,13,13,13,13,13,13,14,14,14,14,14,14,14,14,14,14,14,14,15,0,0,0,0,0,0,0,0,0,0,0,10,11,11,12,13,14,14,14,15,15,15,14,15,15,15,15,15,15,15,15,15,15,15,15,14,16,0,55,54,54,53,52,52,51,48,51,49,49,48,50,49,49,50,52,52,53,53,53,54,52,52,52,53,51,52,0,0,0,0,0,0,0,34,36,39,41,42,43,47,49,51,53,53,55,55,56,57,55,55,57,55,55,57,57,55,55,56,55,55,58
20260804_021426_df8648,1785806432935013,2162611737,2,0,0,-50,128,0,14,14,14,15,13,14,14,14,14,14,14,14,15,15,16,16,16,16,16,16,16,17,16,16,16,15,0,0,0,0,0,0,0,0,0,0,0,9,9,9,9,10,11,11,11,11,12,12,12,12,12,12,12,12,13,12,13,13,13,13,13,14,14,0,53,53,54,55,53,53,53,54,52,53,56,57,56,56,58,58,61,61,60,62,60,61,59,60,59,59,57,55,0,0,0,0,0,0,0,26,28,30,32,33,35,38,40,41,41,43,44,48,44,46,46,45,45,47,47,49,48,48,47,50,52,52,52
20260804_021426_df8648,1785806433032076,2162711969,2,2,0,-51,128,0,14,15,15,15,14,14,14,14,15,15,15,15,16,15,16,16,16,16,16,17,16,16,16,15,15,15,0,0,0,0,0,0,0,0,0,0,0,9,9,10,10,10,12,12,12,13,13,13,13,12,12,12,13,13,14,14,13,13,13,14,14,14,14,0,53,55,55,54,54,55,56,52,56,55,56,57,56,55,60,56,60,60,59,61,58,59,57,57,56,56,54,54,0,0,0,0,0,0,0,28,29,33,36,37,37,40,42,45,45,47,48,48,47,50,47,49,50,50,48,47,50,53,52,51,53,54,54
20260804_021426_df8648,1785806433132863,2162811045,2,2,0,-51,128,0,14,14,14,14,14,14,13,13,14,14,15,13,14,14,15,15,15,15,15,15,15,15,15,14,14,13,0,0,0,0,0,0,0,0,0,0,0,8,9,9,10,11,11,11,12,13,12,13,13,13,13,13,13,13,13,13,13,13,14,14,14,14,14,0,53,54,53,53,52,53,53,51,52,53,54,52,52,53,56,56,57,58,58,58,56,56,56,54,54,52,52,52,0,0,0,0,0,0,0,26,29,31,32,35,38,40,42,44,45,47,48,49,49,48,48,48,49,50,49,50,50,52,51,51,51,52,52
20260804_021426_df8648,1785806433234908,2162911482,2,2,0,-52,128,0,14,14,14,14,14,14,15,14,15,15,15,15,15,15,16,16,16,16,16,16,16,16,16,16,15,15,0,0,0,0,0,0,0,0,0,0,0,9,9,9,10,11,11,12,12,12,13,13,13,13,13,13,13,13,13,13,13,13,13,13,14,14,14,0,53,54,53,54,52,53,52,54,54,55,55,55,56,56,58,58,60,60,60,61,60,60,59,57,57,57,55,54,0,0,0,0,0,0,0,27,29,31,33,36,37,40,42,43,44,48,48,48,49,47,48,48,49,47,50,48,49,50,50,51,51,52,52
20260804_021426_df8648,1785806433331579,2163011926,2,2,0,-51,128,0,13,14,13,14,14,14,14,14,14,14,14,14,14,15,15,15,15,15,15,15,16,15,15,15,14,14,0,0,0,0,0,0,0,0,0,0,0,9,9,10,11,12,12,12,12,13,13,13,13,14,13,13,13,13,13,13,13,13,14,13,13,13,13,0,53,53,54,53,52,52,51,52,53,53,54,54,54,56,57,58,58,61,60,60,61,58,58,58,56,56,54,55,0,0,0,0,0,0,0,30,33,34,37,39,42,42,46,46,48,49,50,51,49,51,51,51,50,50,49,49,50,51,51,49,51,51,51
20260804_021426_df8648,1785806433433632,2163111834,2,2,0,-51,128,0,14,14,14,14,15,15,14,14,14,14,14,14,14,15,15,15,15,15,15,15,15,15,14,13,13,13,0,0,0,0,0,0,0,0,0,0,0,9,9,10,11,11,12,13,13,14,13,13,14,14,14,14,14,14,13,14,14,14,14,14,14,14,14,0,56,56,55,55,54,54,52,53,53,54,55,54,54,55,55,56,57,56,57,55,56,55,54,54,52,52,51,51,0,0,0,0,0,0,0,30,33,35,37,40,42,44,47,48,50,52,53,52,53,52,54,53,51,53,52,53,54,54,55,54,54,56,53
20260804_021426_df8648,1785806433535488,2163212024,2,2,0,-53,128,0,14,14,13,13,13,13,13,12,12,12,12,12,12,13,13,13,13,12,12,12,12,12,11,11,11,11,0,0,0,0,0,0,0,0,0,0,0,10,10,11,11,12,12,13,14,14,14,14,15,14,14,14,14,14,14,14,14,14,14,14,14,15,14,0,55,54,51,52,51,49,49,47,48,50,48,48,48,47,48,47,48,50,48,48,48,47,46,46,44,45,43,43,0,0,0,0,0,0,0,36,38,39,40,45,47,49,51,51,53,56,55,56,57,56,55,57,56,55,56,55,55,56,55,55,55,55,55
20260804_021426_df8648,1785806433631981,2163311639,2,2,0,-54,128,0,14,14,14,14,14,14,14,14,14,14,14,15,15,15,15,15,16,16,16,16,16,16,16,16,16,16,0,0,0,0,0,0,0,0,0,0,0,9,10,11,11,12,12,12,13,13,13,13,14,14,14,14,14,14,14,14,14,14,14,13,15,14,14,0,51,53,53,53,51,53,52,51,50,53,54,55,54,54,58,55,60,59,61,60,61,61,62,59,59,57,60,58,0,0,0,0,0,0,0,29,33,33,34,39,40,43,42,45,46,48,49,48,50,51,50,48,50,48,51,51,51,51,50,50,51,52,51
20260804_021426_df8648,1785806433733585,2163411773,2,2,0,-56,128,0,14,15,14,15,14,14,15,14,15,15,15,15,16,16,16,16,17,17,17,18,17,17,17,17,17,16,0,0,0,0,0,0,0,0,0,0,0,7,7,9,8,9,9,10,9,11,10,10,11,11,11,11,11,11,11,12,12,13,13,13,13,14,14,0,57,56,56,56,56,56,57,57,58,60,59,60,61,63,63,64,66,66,67,68,66,67,67,64,65,68,63,64,0,0,0,0,0,0,0,23,25,26,28,28,30,32,34,36,38,40,40,40,41,42,42,42,45,45,46,45,46,48,51,49,52,52,53
20260804_021426_df8648,1785806433833966,2163511911,2,2,0,-52,128,0,14,15,14,15,14,14,14,14,14,14,15,14,14,14,15,15,15,15,15,15,15,14,15,14,14,14,0,0,0,0,0,0,0,0,0,0,0,10,10,11,12,12,12,13,13,14,14,14,14,14,13,14,14,15,15,14,14,14,14,14,14,14,15,0,55,58,54,55,52,53,52,52,52,55,53,53,53,53,56,54,57,55,55,54,55,53,54,51,51,49,50,48,0,0,0,0,0,0,0,32,35,36,37,41,41,44,44,47,49,50,52,52,52,51,51,50,54,50,52,51,52,53,54,55,54,55,54
20260804_021426_df8648,1785806433935068,2163614540,2,2,0,-54,128,0,15,15,15,14,15,14,14,14,14,14,15,15,15,15,15,16,15,17,17,16,16,16,16,16,15,16,0,0,0,0,0,0,0,0,0,0,0,7,8,8,8,9,10,10,10,11,11,12,12,12,12,13,12,13,13,12,13,14,14,14,14,14,15,0,55,55,55,55,56,56,55,55,54,55,56,56,56,58,59,61,59,64,63,62,62,61,59,60,59,59,56,59,0,0,0,0,0,0,0,22,25,26,30,29,32,34,37,41,41,41,43,44,44,45,47,46,47,47,46,50,50,51,51,51,53,54,53
20260804_021426_df8648,1785806434037124,2163714013,2,2,0,-56,128,0,14,14,15,13,13,13,14,13,14,14,14,14,14,15,15,15,16,16,16,16,16,16,16,16,16,16,0,0,0,0,0,0,0,0,0,0,0,9,9,10,10,11,12,12,12,12,13,13,13,13,13,13,13,13,13,13,13,13,14,13,14,14,14,0,52,52,52,53,50,52,51,52,53,54,53,53,55,54,58,56,60,59,62,60,62,61,61,58,59,58,58,57,0,0,0,0,0,0,0,30,32,34,36,38,40,42,43,45,47,49,50,49,50,49,50,48,51,48,50,50,51,51,51,52,50,52,52
20260804_021426_df8648,1785806434132121,2163813368,2,2,0,-59,128,0,13,13,13,13,13,13,13,14,13,14,13,13,14,14,15,16,16,16,16,16,16,16,16,16,16,16,0,0,0,0,0,0,0,0,0,0,0,9,9,9,10,11,11,11,12,13,13,13,13,13,13,13,13,13,13,14,13,13,13,13,13,13,13,0,49,48,50,48,50,50,49,50,50,50,52,52,54,56,56,58,59,60,62,62,61,59,59,62,61,60,61,60,0,0,0,0,0,0,0,28,30,32,35,37,41,41,42,46,48,49,49,49,49,51,51,49,52,50,52,51,52,52,50,50,50,49,50
20260804_021426_df8648,1785806434235662,2163911917,2,2,0,-58,128,0,13,13,13,13,13,13,13,13,14,14,14,14,14,15,15,16,16,16,16,16,16,16,16,17,15,16,0,0,0,0,0,0,0,0,0,0,0,9,10,11,11,12,12,13,13,13,14,13,13,14,13,14,13,13,13,13,13,13,14,12,14,13,13,0,50,52,51,50,50,52,52,52,51,54,54,55,55,56,57,57,59,60,60,61,61,61,61,60,59,59,59,59,0,0,0,0,0,0,0,33,36,37,38,41,45,45,45,48,48,50,47,55,48,50,49,51,53,49,49,48,52,52,51,50,49,49,52
20260804_021426_df8648,1785806434330845,2164011772,2,2,0,-53,128,0,14,14,13,13,13,13,13,13,13,13,13,13,13,13,13,14,14,14,14,14,14,14,13,13,13,13,0,0,0,0,0,0,0,0,0,0,0,9,10,10,11,11,12,12,13,13,14,14,14,14,14,14,14,14,14,14,14,14,14,14,14,14,14,0,54,52,53,52,52,50,51,50,49,52,52,50,49,52,53,54,53,56,56,55,54,53,52,51,50,50,48,49,0,0,0,0,0,0,0,30,34,35,36,39,42,44,46,48,51,50,52,54,54,53,52,53,53,53,52,55,54,54,53,53,55,54,53
20260804_021426_df8648,1785806434432018,2164112138,2,2,0,-51,128,0,15,16,16,15,15,15,15,14,14,14,15,15,15,16,16,16,16,16,16,16,16,15,15,15,14,14,0,0,0,0,0,0,0,0,0,0,0,8,8,9,9,10,11,11,12,12,12,13,13,13,13,13,13,13,13,14,14,14,14,14,16,15,15,0,58,58,55,57,56,57,55,55,55,56,56,55,57,58,57,57,59,57,59,59,57,57,55,55,53,51,50,49,0,0,0,0,0,0,0,26,28,30,30,34,35,38,39,42,43,44,46,47,46,48,49,48,51,49,51,51,52,53,53,53,55,56,56
20260804_021426_df8648,1785806434533668,2164211950,2,2,0,-52,128,0,15,16,16,15,14,15,15,14,14,15,15,15,15,14,16,15,15,15,15,16,15,14,14,13,13,13,0,0,0,0,0,0,0,0,0,0,0,9,9,10,11,11,12,12,13,14,13,13,13,13,14,14,14,14,14,14,14,14,15,15,15,15,15,0,58,57,57,56,54,55,54,54,54,55,56,54,54,55,56,56,56,56,57,55,56,54,54,50,50,49,47,47,0,0,0,0,0,0,0,27,29,33,34,36,39,40,44,46,47,49,50,51,50,51,52,52,54,53,52,53,53,54,54,55,57,57,55
20260804_021426_df8648,1785806434630628,2164312000,2,2,0,-51,128,0,15,16,15,16,15,15,15,15,15,15,15,15,15,15,16,15,16,15,16,15,15,15,15,14,14,13,0,0,0,0,0,0,0,0,0,0,0,9,9,9,9,10,11,11,12,12,13,13,13,14,13,13,14,13,14,14,14,15,15,15,15,15,16,0,59,57,57,57,56,57,56,55,56,55,56,56,57,58,57,59,57,58,57,57,56,54,53,52,52,50,47,48,0,0,0,0,0,0,0,26,27,29,32,33,35,37,41,41,44,45,47,48,48,50,49,50,52,51,52,52,53,53,55,55,56,57,58
20260804_021426_df8648,1785806434731414,2164411916,2,2,0,-53,128,0,13,13,13,13,13,13,13,12,12,13,13,13,13,13,13,13,13,14,14,13,13,13,13,13,13,13,0,0,0,0,0,0,0,0,0,0,0,8,8,9,10,10,11,11,11,11,12,12,12,13,12,12,12,12,13,13,13,13,13,13,13,14,13,0,56,55,55,53,53,52,53,52,51,52,53,52,53,53,53,55,55,55,55,54,54,53,52,51,50,51,48,49,0,0,0,0,0,0,0,28,30,32,35,37,38,41,43,45,46,48,50,49,50,51,50,52,52,51,51,52,52,53,54,52,54,57,55
20260804_021426_df8648,1785806434834165,2164512301,2,2,0,-58,128,0,14,15,15,14,15,14,14,15,15,15,15,14,14,15,16,16,16,16,16,16,16,16,16,16,16,16,0,0,0,0,0,0,0,0,0,0,0,4,5,5,6,7,7,8,8,9,9,9,9,10,11,11,11,11,11,11,12,12,12,13,13,14,14,0,27,28,28,28,28,28,28,28,28,30,30,28,29,29,30,31,32,31,32,32,32,31,32,32,31,30,33,32,0,0,0,0,0,0,0,7,8,9,9,11,12,13,13,15,15,17,18,18,20,19,20,20,22,21,22,22,23,23,24,25,26,25,27
20260804_021426_df8648,1785806434930376,2164612504,2,2,0,-59,128,0,14,14,14,14,14,14,14,14,14,14,14,14,14,15,15,15,15,15,15,15,16,17,15,15,16,16,0,0,0,0,0,0,0,0,0,0,0,5,5,6,6,6,7,8,9,9,9,10,10,10,11,11,11,11,10,12,11,11,13,12,13,13,13,0,53,55,54,57,55,58,55,55,56,59,58,57,58,59,60,60,63,62,63,64,63,65,65,64,65,63,64,64,0,0,0,0,0,0,0,18,21,21,22,24,29,30,30,33,34,37,39,40,42,41,42,43,46,45,48,46,47,49,50,50,52,52,54
20260804_021426_df8648,1785806435043058,2164722538,2,2,0,-51,128,0,14,14,14,14,14,14,15,15,15,15,16,16,16,17,17,17,17,17,18,17,17,17,17,17,17,17,0,0,0,0,0,0,0,0,0,0,0,9,10,11,11,11,11,11,12,12,13,13,13,13,13,13,13,13,13,13,13,13,13,13,14,14,14,0,52,52,54,52,53,53,54,52,52,55,56,57,56,60,57,60,62,64,63,63,64,63,62,61,62,62,58,59,0,0,0,0,0,0,0,32,34,34,36,36,40,40,41,42,43,44,45,45,45,46,46,47,44,46,44,46,47,47,48,48,49,50,49
20260804_021426_df8648,1785806435133196,2164812015,2,2,0,-58,128,0,11,12,12,12,12,12,13,14,14,15,15,16,17,16,17,18,19,20,20,20,21,21,21,21,20,21,0,0,0,0,0,0,0,0,0,0,0,10,11,11,11,11,10,11,11,11,11,11,9,9,9,9,9,10,9,9,9,9,10,9,9,10,10,0,21,21,22,23,24,24,26,27,26,27,29,29,30,30,32,34,34,37,37,38,37,40,39,39,40,38,37,38,0,0,0,0,0,0,0,19,18,19,19,20,20,20,19,19,19,19,20,19,18,18,18,18,16,17,17,18,17,18,17,17,18,19,19
20260804_021426_df8648,1785806435234667,2164911948,2,2,0,-54,128,0,11,12,10,11,11,11,11,12,12,12,12,12,13,13,13,14,16,16,15,15,16,15,15,15,15,16,0,0,0,0,0,0,0,0,0,0,0,10,10,11,11,12,11,12,13,13,13,12,12,13,13,13,12,11,11,11,12,12,12,11,12,11,12,0,25,24,23,25,22,21,24,23,22,25,25,25,27,26,27,28,27,28,31,32,29,30,32,31,31,31,30,31,0,0,0,0,0,0,0,18,19,20,21,21,23,22,24,24,25,26,25,25,25,25,24,24,23,23,23,23,23,22,23,23,23,23,22
20260804_021426_df8648,1785806435330933,2165012003,2,2,0,-55,128,0,13,13,13,13,12,12,12,12,12,12,12,12,12,12,12,12,12,12,12,12,12,12,12,13,13,12,0,0,0,0,0,0,0,0,0,0,0,14,14,15,15,17,16,17,17,17,17,17,16,17,16,15,15,15,15,15,15,15,15,14,14,14,13,0,48,47,47,45,44,46,45,43,43,43,42,44,42,44,44,45,46,46,46,47,46,47,47,47,46,48,47,47,0,0,0,0,0,0,0,49,51,51,54,56,58,61,61,63,62,64,64,62,62,60,60,58,56,56,54,55,52,53,53,51,51,51,49
20260804_021426_df8648,1785806435432933,2165113011,2,2,0,-54,128,0,12,12,12,13,12,13,12,12,13,13,13,13,13,14,14,14,15,15,16,15,15,15,15,15,15,15,0,0,0,0,0,0,0,0,0,0,0,10,10,11,11,11,11,13,12,13,12,12,13,12,12,13,12,12,12,12,12,12,12,13,13,12,12,0,25,25,24,24,24,25,25,25,26,26,26,26,26,27,28,28,29,30,30,31,30,30,30,30,29,30,29,30,0,0,0,0,0,0,0,18,19,19,20,21,21,23,23,23,25,24,25,25,25,24,23,23,23,24,23,23,23,23,23,23,24,25,25
20260804_021426_df8648,1785806435534386,2165214385,2,2,0,-45,128,0,14,14,14,14,14,14,14,13,13,14,14,13,13,14,14,14,14,14,14,14,14,13,13,13,12,12,0,0,0,0,0,0,0,0,0,0,0,10,10,11,11,12,12,13,13,13,13,13,13,14,13,14,14,14,13,13,13,14,14,14,14,14,15,0,57,56,55,54,53,53,53,52,53,53,52,52,53,51,54,53,54,53,53,52,51,50,50,47,47,46,45,43,0,0,0,0,0,0,0,34,36,37,38,42,41,46,45,48,48,50,51,50,51,51,51,51,53,51,51,51,52,54,52,54,53,55,57
20260804_021426_df8648,1785806435635845,2165312558,2,2,0,-49,128,0,15,14,15,14,14,14,14,14,13,13,13,13,13,14,13,14,14,14,14,14,14,14,13,13,13,13,0,0,0,0,0,0,0,0,0,0,0,11,12,12,13,13,14,15,15,15,15,15,15,16,16,15,15,15,15,16,15,16,15,16,15,15,15,0,56,55,56,54,54,52,51,50,51,52,50,50,49,50,51,52,51,52,52,52,50,49,49,49,48,49,47,48,0,0,0,0,0,0,0,35,39,39,42,45,49,49,51,54,55,56,57,58,58,57,55,58,55,58,56,56,55,58,56,55,58,58,57
20260804_021426_df8648,1785806435733150,2165412321,2,2,0,-51,128,0,13,13,13,13,13,13,13,13,13,13,13,13,13,13,13,14,14,14,14,14,14,14,14,13,13,13,0,0,0,0,0,0,0,0,0,0,0,9,10,10,11,12,12,13,12,13,13,13,14,14,13,13,13,13,13,13,13,13,13,13,13,13,13,0,52,52,53,51,52,52,50,51,49,51,52,52,52,52,54,55,57,57,57,57,57,54,56,54,53,53,52,53,0,0,0,0,0,0,0,34,37,38,38,40,43,45,48,49,49,50,51,52,51,51,51,51,51,50,51,52,52,51,51,52,52,52,51
20260804_021426_df8648,1785806435835294,2165511665,2,2,0,-50,128,0,13,13,13,13,13,13,14,13,13,14,14,14,14,14,15,15,16,15,15,14,15,14,15,14,14,13,0,0,0,0,0,0,0,0,0,0,0,10,11,11,12,12,12,12,13,13,13,13,13,13,12,12,13,13,13,13,13,13,13,14,14,14,14,0,54,52,55,53,52,53,52,49,51,50,51,52,52,53,53,56,55,58,58,56,54,54,54,55,51,51,49,48,0,0,0,0,0,0,0,34,38,38,40,40,42,44,46,47,48,49,48,49,49,51,50,50,49,49,49,51,50,51,51,50,54,53,53
20260804_021426_df8648,1785806435932243,2165611764,2,2,0,-59,128,0,13,14,14,14,14,14,15,15,15,16,16,16,17,17,18,18,18,19,19,19,19,19,19,19,19,19,0,0,0,0,0,0,0,0,0,0,0,4,4,5,5,5,6,6,6,7,7,8,9,9,8,9,9,9,9,9,10,10,11,11,12,12,13,0,27,27,28,28,28,28,28,29,29,31,31,31,32,34,35,36,36,37,38,37,38,38,38,37,36,36,35,35,0,0,0,0,0,0,0,6,6,7,8,8,9,10,12,12,13,13,13,16,15,15,16,17,18,18,19,19,19,21,22,23,23,25,26
20260804_021426_df8648,1785806436034003,2165711152,2,2,0,-57,128,0,13,13,13,13,13,13,13,13,13,14,14,14,14,15,15,16,16,17,17,17,18,17,17,18,17,17,0,0,0,0,0,0,0,0,0,0,0,11,11,12,12,13,13,13,13,13,13,13,13,13,12,12,12,13,12,13,13,12,12,12,12,13,13,0,47,51,50,49,50,49,48,50,48,51,52,54,53,56,57,60,60,65,65,65,66,65,65,64,66,64,63,63,0,0,0,0,0,0,0,38,41,42,43,45,46,46,48,49,51,50,49,49,48,48,46,47,46,45,44,44,45,46,47,46,45,48,47
20260804_021426_df8648,1785806436131367,2165811999,2,2,0,-58,128,0,11,11,11,11,11,11,12,12,12,13,13,13,14,15,15,16,16,16,17,18,19,18,18,18,18,19,0,0,0,0,0,0,0,0,0,0,0,13,13,13,14,14,14,14,15,15,15,14,14,14,14,14,13,13,13,12,12,11,12,11,11,12,11,0,22,22,21,22,21,22,22,23,22,24,25,25,27,28,28,28,31,32,33,34,34,35,35,34,34,34,35,34,0,0,0,0,0,0,0,22,24,24,24,25,25,26,26,28,28,28,28,27,27,26,25,24,23,23,23,23,22,23,22,21,22,22,21
20260804_021426_df8648,1785806436232681,2165911771,2,2,0,-53,128,0,14,14,14,14,14,14,13,13,14,14,14,14,14,15,16,16,16,16,16,16,16,16,17,16,16,16,0,0,0,0,0,0,0,0,0,0,0,9,10,10,11,12,12,13,13,12,13,13,13,13,13,13,13,13,12,13,14,14,14,14,14,14,14,0,52,53,52,51,51,50,51,52,51,53,54,52,55,58,57,59,60,62,62,63,61,62,59,60,59,60,57,56,0,0,0,0,0,0,0,32,34,36,36,39,40,42,42,45,47,48,49,49,49,48,50,49,49,48,48,49,49,51,51,50,52,52,52
20260804_021426_df8648,1785806436334710,2166011251,2,2,0,-48,128,0,14,14,14,14,14,14,14,13,13,13,13,13,13,14,13,14,14,14,14,14,14,14,13,13,13,12,0,0,0,0,0,0,0,0,0,0,0,10,10,12,12,12,13,13,14,14,14,14,14,14,14,15,15,15,15,15,15,15,15,16,15,15,15,0,57,57,53,54,52,53,51,51,50,51,51,48,48,49,50,51,51,52,51,50,50,50,48,47,46,45,44,43,0,0,0,0,0,0,0,34,35,37,39,42,46,46,48,49,53,51,56,54,54,53,52,53,56,53,54,55,54,54,54,58,57,56,54
20260804_021426_df8648,1785806436436623,2166113828,2,2,0,-52,128,0,13,13,14,13,13,13,13,12,13,13,12,12,13,13,13,13,13,13,13,13,13,13,13,13,13,12,0,0,0,0,0,0,0,0,0,0,0,11,12,12,13,13,13,14,14,14,14,14,14,14,14,14,14,14,13,14,14,14,14,13,14,14,13,0,53,54,53,51,51,51,50,49,49,49,49,49,48,50,50,52,50,52,52,51,52,50,48,48,47,47,46,47,0,0,0,0,0,0,0,39,41,43,45,47,49,50,52,53,54,56,56,55,56,55,55,54,55,54,54,54,53,55,53,55,54,56,55
20260804_021426_df8648,1785806436544124,2166223645,2,2,0,-53,128,0,12,13,12,12,12,12,12,11,11,11,11,11,11,11,12,12,13,12,12,11,11,11,11,10,10,10,0,0,0,0,0,0,0,0,0,0,0,12,12,13,13,14,14,14,14,14,14,14,14,14,14,13,13,13,13,13,13,13,13,12,13,13,13,0,53,52,51,50,50,49,47,47,46,47,47,46,47,47,46,48,48,48,49,47,47,46,46,43,43,42,41,41,0,0,0,0,0,0,0,47,48,49,50,54,55,56,57,58,59,60,61,58,58,58,56,55,55,55,53,54,54,52,53,52,53,53,51
20260804_021426_df8648,1785806436634873,2166311143,2,2,0,-53,128,0,15,15,15,14,15,14,14,14,14,14,15,15,16,15,15,15,16,16,16,17,17,17,16,16,16,16,0,0,0,0,0,0,0,0,0,0,0,9,9,10,10,11,11,11,13,13,13,13,13,13,13,14,13,13,13,14,13,14,14,14,15,14,14,0,56,56,55,54,55,55,53,55,54,55,56,56,55,56,57,58,60,60,62,61,62,61,60,60,59,59,57,58,0,0,0,0,0,0,0,30,31,32,33,36,40,41,42,43,47,47,49,48,49,50,50,50,50,50,51,52,53,53,54,54,55,55,54
20260804_021426_df8648,1785806436732470,2166411828,2,2,0,-55,128,0,13,13,13,13,13,13,13,13,14,14,14,14,14,15,15,15,16,16,16,16,16,16,16,16,16,15,0,0,0,0,0,0,0,0,0,0,0,8,7,8,8,9,9,10,10,10,11,11,11,11,11,11,11,11,11,12,12,12,12,12,13,13,13,0,54,54,54,53,53,55,54,54,53,55,55,55,57,58,60,62,63,63,64,65,66,63,62,61,61,60,61,60,0,0,0,0,0,0,0,26,28,30,30,33,35,36,39,38,42,44,44,45,44,44,44,46,45,45,44,48,49,49,48,49,51,52,52
20260804_021426_df8648,1785806436833851,2166512149,2,2,0,-56,128,0,12,13,12,12,11,11,11,11,11,11,12,12,12,12,13,13,13,13,14,13,14,13,13,13,14,13,0,0,0,0,0,0,0,0,0,0,0,12,12,14,14,15,15,15,16,16,16,16,15,16,14,15,15,14,14,13,14,13,13,13,13,13,13,0,24,24,23,23,22,22,22,22,22,22,22,22,23,23,25,25,25,26,26,26,27,26,26,26,26,26,24,25,0,0,0,0,0,0,0,21,23,23,24,25,27,28,28,29,29,30,30,30,30,29,28,28,28,27,27,25,26,25,25,25,25,24,24
20260804_021426_df8648,1785806436936051,2166613611,2,2,0,-60,128,0,12,12,12,11,11,11,11,11,11,11,12,12,12,13,13,14,14,14,15,15,15,15,15,16,16,16,0,0,0,0,0,0,0,0,0,0,0,9,9,10,11,12,13,13,14,14,14,14,14,14,14,14,15,14,14,14,13,13,13,13,13,12,12,0,47,45,45,45,44,42,42,42,42,44,46,45,46,49,48,53,54,57,59,59,61,60,60,61,61,61,60,62,0,0,0,0,0,0,0,30,33,36,39,41,44,45,49,50,52,53,55,55,57,54,53,54,55,53,51,52,50,49,49,48,49,49,50
20260804_021426_df8648,1785806437036899,2166713547,2,2,0,-60,128,0,14,14,14,14,13,14,13,13,13,12,13,13,13,13,13,14,14,14,15,15,15,15,15,15,15,15,0,0,0,0,0,0,0,0,0,0,0,8,9,9,10,11,11,12,12,13,13,14,15,15,15,14,15,14,15,14,15,15,15,14,15,15,15,0,57,58,54,54,52,53,50,49,49,48,49,48,49,48,51,52,52,53,54,57,57,55,58,58,57,57,56,57,0,0,0,0,0,0,0,27,29,32,32,35,39,41,42,46,48,50,52,53,54,53,55,55,58,56,55,55,57,57,56,58,57,57,58
20260804_021426_df8648,1785806437132594,2166811564,2,2,0,-53,128,0,15,15,15,14,15,15,14,14,14,14,14,14,14,15,14,15,15,15,15,15,15,15,14,15,14,15,0,0,0,0,0,0,0,0,0,0,0,7,7,8,9,9,10,10,11,12,12,12,13,13,13,13,13,13,13,14,14,14,14,14,15,15,15,0,55,57,58,55,57,56,55,55,52,54,54,55,53,56,56,57,56,58,59,58,59,56,56,58,55,54,53,54,0,0,0,0,0,0,0,21,24,26,28,30,34,35,38,40,42,42,45,46,47,49,48,49,49,52,50,54,54,53,54,53,56,56,56
20260804_021426_df8648,1785806437234413,2166911975,2,2,0,-52,128,0,15,15,15,15,14,15,15,15,15,15,15,14,14,14,16,16,16,16,16,16,15,15,15,15,14,14,0,0,0,0,0,0,0,0,0,0,0,8,9,10,10,11,10,11,11,12,12,12,13,13,13,13,13,13,13,13,13,14,14,14,14,14,14,0,56,58,55,58,55,56,53,55,55,55,55,56,56,56,57,56,59,59,61,60,58,58,58,57,55,55,53,53,0,0,0,0,0,0,0,28,30,31,33,36,38,39,41,42,45,46,47,47,48,49,49,49,50,48,50,50,51,51,53,54,55,56,55
20260804_021426_df8648,1785806437336171,2167011831,2,2,0,-51,128,0,15,15,15,15,15,14,15,13,13,13,13,13,13,13,13,13,14,13,13,13,13,13,13,12,12,12,0,0,0,0,0,0,0,0,0,0,0,13,13,14,14,16,16,16,16,16,17,17,17,17,16,16,16,16,16,16,16,16,15,15,16,16,15,0,54,53,54,51,52,50,49,49,47,47,48,48,49,49,47,48,48,50,48,48,46,46,44,44,43,43,40,40,0,0,0,0,0,0,0,42,45,46,49,48,53,53,56,56,58,60,59,59,58,59,59,60,56,56,55,56,56,57,57,55,56,55,55
20260804_021426_df8648,1785806437432297,2167112002,2,2,0,-52,128,0,15,15,14,14,14,14,14,14,14,14,14,13,13,14,14,14,15,14,14,14,14,14,13,13,13,13,0,0,0,0,0,0,0,0,0,0,0,12,12,13,13,14,14,15,15,15,15,15,15,15,15,14,14,14,14,14,14,14,14,14,15,15,15,0,54,55,52,54,51,52,50,50,50,52,50,50,51,51,53,52,54,53,53,54,53,53,52,49,49,48,46,44,0,0,0,0,0,0,0,42,43,44,46,47,49,52,52,55,54,57,56,55,56,55,54,54,56,54,54,52,55,54,53,54,54,55,54
20260804_021426_df8648,1785806437533690,2167211887,2,2,0,-49,128,0,14,15,14,14,13,13,13,13,13,13,13,13,13,13,13,13,13,14,13,13,13,13,13,13,12,12,0,0,0,0,0,0,0,0,0,0,0,12,13,14,14,15,14,16,15,15,15,16,15,16,14,14,15,14,15,14,14,14,15,14,15,15,14,0,55,52,50,51,52,50,49,49,48,49,48,47,50,49,50,48,52,51,51,50,50,49,49,47,46,45,43,44,0,0,0,0,0,0,0,43,45,45,47,50,49,53,52,54,57,59,58,57,56,56,53,53,55,55,54,51,54,53,54,53,54,54,53
20260804_021426_df8648,1785806437630484,2167311818,2,2,0,-52,128,0,14,14,14,14,13,13,13,13,13,14,13,13,13,14,14,14,15,14,14,14,14,14,14,13,13,13,0,0,0,0,0,0,0,0,0,0,0,9,9,10,11,11,11,11,12,12,12,12,12,13,13,12,13,13,13,12,13,14,14,14,14,14,14,0,54,53,53,54,52,52,52,52,52,54,52,50,52,53,55,53,57,56,57,57,56,56,55,54,53,52,52,50,0,0,0,0,0,0,0,35,36,37,37,40,41,42,43,45,46,46,49,49,48,48,49,48,50,49,51,50,51,52,52,54,53,54,53
20260804_021426_df8648,1785806437732964,2167411948,2,2,0,-51,128,0,15,14,15,15,14,14,14,14,14,15,15,14,14,15,15,16,15,17,15,16,16,16,15,15,15,14,0,0,0,0,0,0,0,0,0,0,0,8,8,9,9,10,10,11,11,12,11,12,12,12,12,13,13,13,13,13,13,13,15,14,14,15,15,0,55,55,57,56,55,56,55,54,53,56,56,55,56,57,56,59,59,60,61,60,60,58,57,57,56,55,52,52,0,0,0,0,0,0,0,27,28,29,30,33,36,37,39,41,42,45,45,46,47,48,47,48,50,50,50,50,51,52,53,54,56,56,57
20260804_021426_df8648,1785806437834489,2167511968,2,2,0,-54,128,0,12,12,12,12,11,11,12,12,12,13,12,12,13,13,14,14,14,14,15,14,14,14,15,14,14,13,0,0,0,0,0,0,0,0,0,0,0,13,13,13,14,15,15,15,16,15,16,16,16,16,15,14,14,13,13,14,13,13,13,13,13,13,13,0,45,45,44,45,43,43,43,43,44,43,44,46,46,49,48,50,51,51,53,53,52,52,51,50,50,49,47,48,0,0,0,0,0,0,0,44,45,46,49,52,54,56,55,59,57,60,57,57,55,55,55,55,51,51,48,49,50,48,49,46,47,47,46
20260804_021426_df8648,1785806437932032,2167611809,2,2,0,-57,128,0,10,11,11,12,12,13,13,13,13,13,14,15,15,16,17,17,18,19,19,20,20,20,21,20,21,21,0,0,0,0,0,0,0,0,0,0,0,15,14,14,14,15,14,14,14,14,13,12,11,11,11,11,10,10,9,9,9,9,9,9,10,10,10,0,21,21,22,21,22,22,24,25,25,26,26,27,29,30,30,32,33,34,35,37,38,38,39,38,38,39,39,39,0,0,0,0,0,0,0,25,26,27,26,27,26,27,26,26,25,25,24,22,21,21,21,19,18,18,17,17,17,17,18,17,18,18,19
20260804_021426_df8648,1785806438028542,2167711551,2,2,0,-55,128,0,13,13,14,14,14,14,15,14,15,15,15,15,16,16,16,18,18,17,19,18,18,18,18,18,17,18,0,0,0,0,0,0,0,0,0,0,0,4,4,5,5,5,5,5,6,6,6,6,7,7,7,8,8,8,9,9,9,10,10,10,11,12,12,0,27,28,28,29,29,30,30,30,31,32,32,33,34,35,35,35,37,37,38,38,39,38,37,38,37,37,36,36,0,0,0,0,0,0,0,8,7,8,8,8,10,10,10,11,12,12,13,13,14,15,15,16,17,16,18,19,19,20,22,22,23,24,25
20260804_021426_df8648,1785806438130377,2167811638,2,2,0,-54,128,0,15,15,16,15,15,15,15,15,15,15,15,16,16,16,16,16,16,17,17,16,16,16,16,15,15,14,0,0,0,0,0,0,0,0,0,0,0,7,8,8,9,9,9,10,10,11,11,11,11,13,13,13,12,12,13,14,13,14,14,15,15,15,14,0,28,29,29,29,29,29,29,28,28,29,30,29,29,30,30,30,30,31,31,30,30,29,29,28,28,27,26,26,0,0,0,0,0,0,0,12,13,13,13,15,16,17,18,18,19,19,21,21,22,22,22,23,24,23,24,25,25,26,26,26,27,28,28
20260804_021426_df8648,1785806438236982,2167918533,2,2,0,-51,128,0,14,15,15,14,14,14,14,14,14,14,14,14,14,14,14,14,14,14,14,14,14,13,13,13,13,12,0,0,0,0,0,0,0,0,0,0,0,9,9,9,10,10,11,11,12,12,12,12,13,13,13,13,13,13,13,14,14,14,14,14,15,15,15,0,57,57,58,56,57,55,55,54,53,53,54,53,54,56,53,55,55,55,55,53,52,51,50,49,48,46,45,45,0,0,0,0,0,0,0,28,30,32,34,36,39,39,42,45,45,45,47,48,50,50,51,52,51,52,51,54,54,54,55,55,57,58,57
20260804_021426_df8648,1785806438334906,2168014365,2,2,0,-53,128,0,14,14,14,14,14,13,13,13,13,13,13,13,13,14,14,14,14,14,14,14,14,14,14,14,13,13,0,0,0,0,0,0,0,0,0,0,0,7,8,9,9,9,10,11,11,12,12,13,13,13,12,13,13,13,13,13,13,13,13,13,14,14,14,0,54,51,53,52,53,52,52,50,51,50,53,51,52,54,52,55,55,57,57,58,57,56,55,54,54,55,52,54,0,0,0,0,0,0,0,27,29,30,33,35,38,39,43,44,45,47,47,49,50,49,51,50,49,51,51,52,52,53,52,50,54,53,53
20260804_021426_df8648,1785806438437543,2168117448,2,2,0,-53,128,0,14,14,14,14,13,14,14,13,14,15,14,14,15,15,15,16,17,17,17,17,17,16,16,16,16,16,0,0,0,0,0,0,0,0,0,0,0,7,7,8,9,9,9,10,10,11,11,11,11,11,12,12,12,12,12,12,12,12,12,13,13,13,13,0,53,51,53,52,54,53,53,53,54,54,56,56,57,61,59,62,61,64,64,63,65,64,62,62,62,63,59,61,0,0,0,0,0,0,0,22,24,27,28,29,32,33,35,36,38,41,40,42,44,44,43,45,45,46,45,48,47,48,48,48,50,50,52
20260804_021426_df8648,1785806438533412,2168211950,2,2,0,-54,128,0,15,15,15,15,15,15,15,15,14,15,15,15,15,15,16,16,16,16,17,16,16,16,16,15,15,15,0,0,0,0,0,0,0,0,0,0,0,7,7,8,9,9,10,10,11,11,11,12,13,13,13,13,13,13,13,14,14,14,14,14,15,15,15,0,28,28,27,28,26,29,27,27,28,28,28,28,29,29,29,30,31,30,31,31,31,30,31,29,29,28,28,27,0,0,0,0,0,0,0,11,11,13,14,15,16,18,18,19,20,21,22,23,23,23,23,23,24,24,24,24,25,25,26,26,26,27,27
20260804_021426_df8648,1785806438630919,2168312250,2,2,0,-55,128,0,14,15,14,14,14,14,14,15,15,15,15,15,15,16,16,16,16,16,16,16,16,16,16,16,16,16,0,0,0,0,0,0,0,0,0,0,0,8,9,9,9,10,10,11,12,12,13,13,13,13,13,13,13,13,13,13,14,14,14,14,14,14,14,0,55,55,54,53,52,52,54,55,54,58,57,58,58,58,61,60,61,61,61,61,62,59,60,59,58,59,57,57,0,0,0,0,0,0,0,26,27,30,30,35,37,38,40,43,44,45,49,48,48,49,48,49,47,52,50,48,49,50,50,50,50,52,51
20260804_021426_df8648,1785806438734976,2168412006,2,2,0,-61,128,0,13,13,13,13,13,13,13,13,13,13,13,12,12,13,13,13,13,13,13,13,13,12,13,13,12,13,0,0,0,0,0,0,0,0,0,0,0,9,10,11,11,12,13,14,13,14,14,14,14,15,14,14,14,14,14,14,14,14,13,14,14,14,14,0,54,56,55,52,54,53,51,50,50,50,51,50,50,49,49,49,50,48,51,49,49,49,48,47,49,48,49,49,0,0,0,0,0,0,0,35,38,37,39,43,45,47,48,49,52,53,54,56,55,55,57,55,58,56,54,55,54,56,55,54,55,53,53
20260804_021426_df8648,1785806438833629,2168512375,2,2,0,-56,128,0,15,16,16,15,16,16,15,15,15,15,14,14,14,16,15,16,16,16,17,16,16,16,16,16,17,16,0,0,0,0,0,0,0,0,0,0,0,8,8,10,10,10,11,12,12,13,12,13,13,13,13,13,13,13,13,14,14,14,14,14,15,15,14,0,53,59,57,55,56,59,57,52,60,59,56,55,57,59,58,58,62,58,59,61,63,59,60,59,60,57,58,57,0,0,0,0,0,0,0,26,28,31,34,35,37,39,41,42,46,45,47,47,48,48,49,49,50,49,49,48,50,51,51,54,54,56,52
20260804_021426_df8648,1785806438932748,2168612158,2,2,0,-55,128,0,15,14,16,15,16,15,15,15,15,14,15,15,15,16,15,16,16,16,17,16,17,17,16,16,16,15,0,0,0,0,0,0,0,0,0,0,0,4,4,4,5,5,6,7,7,9,9,9,9,9,10,11,11,11,11,11,12,11,13,13,14,14,14,0,57,60,57,58,59,60,59,59,59,60,60,59,60,61,63,63,63,64,68,65,65,63,62,62,61,59,60,59,0,0,0,0,0,0,0,12,13,16,17,21,22,23,25,27,31,35,35,36,35,37,38,40,43,43,44,44,45,50,48,50,52,52,54
20260804_021426_df8648,1785806439032314,2168711501,2,2,0,-55,128,0,16,15,15,15,14,14,14,14,14,15,15,15,14,14,14,15,15,15,15,15,15,14,14,14,14,14,0,0,0,0,0,0,0,0,0,0,0,9,9,10,10,11,11,12,13,13,13,13,13,14,14,13,14,14,14,14,14,14,15,15,15,15,15,0,58,56,56,56,55,55,54,54,53,53,53,53,53,55,55,57,57,58,57,56,56,55,54,53,53,53,49,51,0,0,0,0,0,0,0,27,28,32,33,36,38,40,42,44,47,48,49,50,50,50,52,51,52,51,52,52,54,53,55,55,56,56,58
20260804_021426_df8648,1785806439130251,2168812033,2,2,0,-61,128,0,14,14,14,14,15,14,14,14,14,14,14,15,15,16,16,16,17,17,17,17,17,17,16,16,16,16,0,0,0,0,0,0,0,0,0,0,0,6,6,7,8,7,8,8,9,9,9,9,9,10,10,10,10,10,10,11,11,11,12,12,13,13,13,0,27,28,29,28,28,28,28,28,28,29,29,29,29,29,30,32,32,32,33,33,33,32,32,32,32,32,30,31,0,0,0,0,0,0,0,10,11,12,13,13,14,15,16,16,17,18,18,18,19,19,20,20,20,20,20,21,22,23,24,24,25,26,26
20260804_021426_df8648,1785806439235324,2168912667,2,2,0,-63,128,0,14,14,14,15,15,15,15,15,15,16,16,16,16,17,18,18,18,20,20,20,20,20,21,20,20,20,0,0,0,0,0,0,0,0,0,0,0,9,8,9,9,9,9,9,9,9,9,9,9,9,9,9,10,9,9,9,10,10,11,12,12,12,12,0,26,26,27,26,28,27,28,29,28,28,30,30,32,33,32,34,34,36,37,36,37,38,38,37,38,38,36,37,0,0,0,0,0,0,0,15,15,16,15,15,17,17,17,16,16,17,17,17,16,17,17,17,17,17,17,19,18,19,20,20,21,23,23
20260804_021426_df8648,1785806439333285,2169012073,2,2,0,-62,128,0,16,17,17,17,17,17,17,16,16,17,16,16,17,17,18,18,18,18,18,18,19,18,18,17,17,17,0,0,0,0,0,0,0,0,0,0,0,5,5,6,6,7,7,8,8,9,9,9,9,10,10,11,11,11,11,12,12,13,13,14,15,15,15,0,28,30,30,30,30,30,30,29,29,31,30,30,30,29,31,32,33,32,34,33,34,31,32,33,30,31,31,31,0,0,0,0,0,0,0,8,9,9,9,10,12,11,12,14,15,15,16,16,17,18,17,18,18,19,21,22,22,23,24,26,27,27,28
20260804_021426_df8648,1785806439450678,2169127323,2,2,0,-61,128,0,14,14,14,14,14,15,15,15,15,15,15,14,15,14,15,15,16,16,16,15,15,15,15,15,15,15,0,0,0,0,0,0,0,0,0,0,0,11,11,12,12,13,13,13,13,14,14,14,13,14,13,13,13,13,13,12,13,13,13,13,13,14,14,0,52,55,52,54,52,54,53,51,53,53,53,53,55,55,56,57,56,57,59,58,58,56,56,56,54,55,53,51,0,0,0,0,0,0,0,38,39,41,43,44,45,48,46,49,49,51,51,50,50,48,48,46,50,47,49,45,45,48,49,50,49,52,51
20260804_021426_df8648,1785806439533108,2169212022,2,2,0,-56,128,0,14,14,14,14,14,14,13,14,13,13,13,13,13,13,13,14,14,14,14,14,14,13,14,13,13,13,0,0,0,0,0,0,0,0,0,0,0,9,10,10,11,11,11,12,13,13,13,13,13,13,13,13,13,13,13,12,13,13,13,13,14,14,14,0,54,55,53,53,53,54,52,51,53,52,51,51,52,52,53,54,54,55,54,54,54,53,51,52,51,50,49,48,0,0,0,0,0,0,0,34,36,37,38,41,43,46,46,48,48,50,52,51,50,51,52,50,49,51,50,49,51,51,50,50,53,54,53
20260804_021426_df8648,1785806439632059,2169311143,2,2,0,-56,128,0,13,13,13,14,13,13,13,13,13,14,14,15,15,15,15,15,16,16,16,16,16,15,15,14,14,14,0,0,0,0,0,0,0,0,0,0,0,9,9,10,10,10,11,11,11,11,11,11,11,11,11,11,11,11,11,11,11,12,12,11,12,13,13,0,52,54,54,53,54,54,53,54,53,53,55,53,56,57,58,59,59,62,63,62,60,59,59,59,56,56,55,56,0,0,0,0,0,0,0,33,33,34,36,37,41,42,44,44,45,45,46,46,45,46,44,45,44,44,42,46,44,47,46,46,49,51,52
20260804_021426_df8648,1785806439729455,2169412727,2,2,0,-62,128,0,10,12,12,13,13,14,14,14,15,16,16,16,16,18,18,19,21,21,21,22,22,22,23,23,23,23,0,0,0,0,0,0,0,0,0,0,0,7,7,7,9,8,8,9,8,8,8,8,8,8,7,7,7,7,7,7,7,7,8,8,9,10,10,0,19,21,22,22,22,24,25,25,27,28,28,30,30,32,33,35,35,37,38,40,40,40,40,41,41,42,39,42,0,0,0,0,0,0,0,12,13,13,14,15,15,15,13,17,14,13,15,14,13,14,14,13,13,11,12,13,13,14,15,15,16,17,17
20260804_021426_df8648,1785806439834410,2169513120,2,2,0,-58,128,0,13,13,14,14,15,15,15,15,15,16,16,16,16,17,17,18,18,19,19,18,18,18,18,19,18,18,0,0,0,0,0,0,0,0,0,0,0,6,6,6,6,6,6,6,6,6,6,6,6,6,7,7,7,8,8,9,8,9,9,10,11,12,12,0,27,27,27,28,29,30,30,31,32,31,32,32,33,33,34,36,37,37,36,37,38,36,37,36,36,35,35,35,0,0,0,0,0,0,0,11,10,11,11,11,12,12,12,13,12,11,13,12,13,12,13,13,15,15,15,17,16,18,17,19,21,23,23
20260804_021426_df8648,1785806439934115,2169613467,2,2,0,-64,128,0,12,12,12,14,13,14,14,14,15,15,15,16,16,16,16,17,18,18,18,19,19,19,18,19,19,18,0,0,0,0,0,0,0,0,0,0,0,10,11,11,12,11,11,12,12,12,11,11,10,10,9,9,9,8,8,7,7,8,8,8,9,9,10,0,22,24,25,25,26,26,27,27,28,29,30,30,32,31,32,34,34,35,36,36,36,37,37,36,37,35,34,35,0,0,0,0,0,0,0,17,19,21,21,20,22,22,23,23,23,23,23,22,21,20,18,19,18,16,16,15,15,16,16,16,18,19,20
20260804_021426_df8648,1785806440030527,2169713437,2,2,0,-58,128,0,13,14,14,15,14,15,15,14,15,15,16,16,16,16,17,17,19,18,18,18,18,18,18,18,17,17,0,0,0,0,0,0,0,0,0,0,0,5,6,6,6,7,7,7,7,8,9,9,9,9,9,9,9,9,10,10,10,10,11,11,12,12,13,0,27,28,29,29,29,30,31,29,29,31,30,31,32,33,34,34,36,35,36,36,36,36,35,36,36,34,34,35,0,0,0,0,0,0,0,9,9,11,11,12,12,14,14,14,15,15,15,16,17,17,17,17,18,19,19,19,20,20,23,24,24,25,26
20260804_021426_df8648,1785806440130546,2169811372,2,2,0,-57,128,0,14,14,15,15,15,15,15,14,15,15,16,16,16,16,16,17,17,18,18,18,18,18,17,17,17,17,0,0,0,0,0,0,0,0,0,0,0,6,6,8,7,8,8,8,9,9,9,10,10,10,10,11,10,11,11,11,12,12,12,13,13,14,14,0,29,29,29,29,29,30,29,29,29,29,29,30,31,31,32,33,33,34,34,35,35,34,33,34,31,33,32,33,0,0,0,0,0,0,0,11,11,11,13,13,14,15,16,16,17,18,18,19,21,20,20,20,21,22,22,23,22,24,24,25,25,26,27
20260804_021426_df8648,1785806440230219,2169913263,2,2,0,-62,128,0,13,14,14,14,14,14,15,14,15,15,15,15,16,16,17,17,17,18,18,18,18,18,18,18,18,18,0,0,0,0,0,0,0,0,0,0,0,7,8,7,8,9,9,9,9,9,9,9,9,9,9,9,9,9,9,10,9,10,10,11,11,12,12,0,27,27,28,27,28,29,28,28,29,29,30,30,31,32,33,34,34,35,36,36,35,36,36,36,37,37,35,35,0,0,0,0,0,0,0,12,14,15,15,16,16,16,16,18,18,19,18,19,18,18,18,18,18,17,18,18,20,20,21,22,23,24,25
20260804_021426_df8648,1785806440333928,2170011707,2,2,0,-60,128,0,14,14,15,15,15,15,15,15,16,16,16,16,16,17,17,18,18,18,19,19,19,19,20,19,19,19,0,0,0,0,0,0,0,0,0,0,0,4,4,4,4,4,5,5,6,7,7,7,8,8,8,8,8,9,9,9,10,10,10,11,11,13,13,0,28,28,28,28,29,29,29,29,30,30,31,31,33,33,34,35,36,36,37,37,38,39,38,38,39,37,38,37,0,0,0,0,0,0,0,5,6,8,8,8,9,9,10,12,12,13,13,14,14,14,16,15,17,17,18,19,18,21,22,22,24,24,25
20260804_021426_df8648,1785806440430228,2170111474,2,2,0,-57,128,0,14,14,14,15,15,15,16,15,15,15,15,15,15,16,16,17,17,18,18,18,18,17,17,18,18,17,0,0,0,0,0,0,0,0,0,0,0,4,4,6,6,6,6,8,8,9,8,10,10,10,11,11,11,11,11,11,12,12,13,12,13,13,13,0,26,27,28,28,28,28,28,28,28,29,29,29,30,31,31,32,34,33,34,34,34,33,35,33,34,33,33,33,0,0,0,0,0,0,0,5,7,9,9,9,10,12,14,15,16,16,17,17,18,19,19,20,20,21,21,22,23,23,23,24,25,26,25
20260804_021426_df8648,1785806440528894,2170211581,2,2,0,-58,128,0,14,13,13,13,13,14,14,13,14,14,15,14,14,15,15,17,17,17,17,17,17,17,17,17,17,17,0,0,0,0,0,0,0,0,0,0,0,4,4,4,5,6,7,6,8,7,7,8,8,8,9,8,9,9,9,9,10,11,11,12,12,12,13,0,26,27,27,27,27,28,28,27,28,29,30,29,30,30,32,33,34,33,35,36,34,35,36,34,35,34,34,34,0,0,0,0,0,0,0,7,8,8,10,10,11,12,13,14,15,16,16,17,17,19,17,18,19,20,21,20,22,22,23,23,24,25,25
20260804_021426_df8648,1785806440633941,2170312929,2,2,0,-58,128,0,15,15,15,14,14,14,14,14,13,14,14,14,14,14,14,15,15,16,16,16,16,16,16,16,16,16,0,0,0,0,0,0,0,0,0,0,0,11,11,11,12,12,14,14,13,14,14,14,15,14,14,13,14,13,13,14,14,14,14,14,14,14,14,0,54,55,53,53,53,52,53,51,50,53,50,52,53,53,52,58,56,59,58,60,58,57,58,60,59,60,56,58,0,0,0,0,0,0,0,37,37,39,41,43,45,45,48,48,50,53,51,52,52,51,50,53,51,53,52,51,54,52,52,52,54,55,57
20260804_021426_df8648,1785806440729675,2170411947,2,2,0,-62,128,0,12,12,14,13,13,14,14,15,15,16,16,16,17,17,18,19,19,20,21,21,21,21,21,22,22,22,0,0,0,0,0,0,0,0,0,0,0,4,3,3,3,2,2,1,1,1,2,2,3,3,3,4,4,5,6,7,7,8,9,9,10,11,11,0,24,25,25,26,27,27,28,29,30,32,31,31,32,34,35,36,37,38,40,41,41,41,42,42,41,42,42,43,0,0,0,0,0,0,0,8,7,7,6,6,5,5,4,3,3,4,3,4,6,6,7,7,9,9,11,14,14,15,17,18,17,20,21
20260804_021426_df8648,1785806440838135,2170514238,2,2,0,-60,128,0,13,13,13,13,12,12,12,12,12,12,12,11,12,12,13,13,13,13,14,14,14,14,14,13,13,13,0,0,0,0,0,0,0,0,0,0,0,14,14,15,15,16,16,16,17,17,17,16,16,16,16,15,15,15,15,14,14,14,14,14,14,14,14,0,25,24,23,24,23,23,22,22,22,22,22,22,22,22,23,24,23,25,25,25,25,24,25,25,24,24,24,25,0,0,0,0,0,0,0,24,25,26,26,29,28,30,30,30,31,32,31,31,30,29,29,28,28,26,26,26,26,27,25,26,26,26,26
20260804_021426_df8648,1785806440930590,2170611624,2,2,0,-63,128,0,10,10,10,10,11,10,11,11,11,11,11,12,12,13,13,14,15,15,16,16,16,17,18,18,18,19,0,0,0,0,0,0,0,0,0,0,0,12,12,13,13,14,14,14,13,14,14,13,13,13,13,13,12,12,12,11,12,10,12,10,11,11,11,0,19,20,19,18,19,21,19,20,21,22,22,23,23,25,25,28,28,29,30,32,34,34,33,34,34,35,34,36,0,0,0,0,0,0,0,22,23,24,24,24,26,26,26,27,26,27,26,25,25,25,24,24,22,22,21,22,19,21,20,20,20,20,20
20260804_021426_df8648,1785806441034411,2170710966,2,2,0,-56,128,0,12,12,13,13,13,13,14,14,14,15,15,15,15,16,16,17,17,17,18,18,18,18,18,17,17,18,0,0,0,0,0,0,0,0,0,0,0,8,8,8,9,9,9,10,10,10,10,10,10,10,10,10,10,11,11,11,11,12,12,12,13,12,12,0,25,26,25,26,26,27,26,27,28,28,29,30,30,31,32,33,34,34,35,35,35,35,35,34,36,36,34,34,0,0,0,0,0,0,0,14,14,16,17,16,17,17,18,19,20,20,19,20,20,20,20,21,20,21,21,22,21,22,22,23,23,24,25
20260804_021426_df8648,1785806441131809,2170812372,2,2,0,-63,128,0,7,8,9,10,10,12,13,13,14,15,15,16,17,18,19,19,21,21,22,22,24,24,25,24,24,25,0,0,0,0,0,0,0,0,0,0,0,7,6,7,7,7,6,6,6,6,5,4,4,4,3,2,1,1,1,1,1,1,2,3,4,5,6,0,13,16,17,19,19,23,24,26,26,29,31,32,33,35,36,37,41,41,43,45,46,47,48,48,49,49,49,50,0,0,0,0,0,0,0,13,14,14,14,14,14,14,13,14,13,12,12,9,8,8,6,5,4,2,1,1,2,2,4,6,7,9,10
20260804_021426_df8648,1785806441230787,2170912062,2,2,0,-62,128,0,8,9,9,10,10,11,11,11,12,14,14,15,15,15,17,17,18,19,20,20,21,21,22,22,22,22,0,0,0,0,0,0,0,0,0,0,0,7,7,7,7,8,8,8,8,8,8,8,8,8,7,7,7,6,6,7,6,6,6,7,7,7,7,0,16,17,18,20,20,22,22,24,25,27,28,28,30,32,34,34,37,38,40,40,42,42,44,43,43,43,45,45,0,0,0,0,0,0,0,11,11,12,13,14,14,14,15,15,15,16,16,14,15,14,13,14,13,13,12,13,13,13,13,13,13,14,13
20260804_021426_df8648,1785806441330684,2171011474,2,2,0,-61,128,0,12,12,12,12,12,12,13,13,13,14,14,14,15,15,16,16,16,18,18,18,18,18,18,19,19,18,0,0,0,0,0,0,0,0,0,0,0,8,9,9,10,10,11,11,12,13,13,13,13,13,13,13,13,13,13,13,13,13,13,12,13,12,12,0,45,46,46,46,46,46,47,48,50,52,53,54,56,57,57,62,63,63,67,66,68,70,70,69,70,70,69,70,0,0,0,0,0,0,0,26,28,30,32,33,36,40,40,45,46,47,48,48,50,48,50,49,47,46,47,48,47,46,47,45,46,45,45
20260804_021426_df8648,1785806441428068,2171111644,2,2,0,-58,128,0,11,11,12,12,13,13,13,13,14,14,14,14,15,16,16,16,17,17,17,18,18,18,17,17,17,18,0,0,0,0,0,0,0,0,0,0,0,4,5,5,6,6,7,7,7,7,7,8,8,8,8,8,8,8,8,8,8,8,9,9,9,11,11,0,24,25,25,25,26,27,26,29,27,29,31,30,32,32,32,34,34,35,36,37,37,36,37,36,37,36,34,34,0,0,0,0,0,0,0,8,9,9,9,10,11,12,13,14,14,14,15,17,16,16,15,16,16,17,18,17,18,17,18,20,20,21,22
20260804_021426_df8648,1785806441533291,2171211656,2,2,0,-63,128,0,10,9,8,7,6,5,4,3,3,3,3,4,4,4,4,5,7,7,8,9,10,10,11,12,12,13,0,0,0,0,0,0,0,0,0,0,0,17,18,19,19,20,21,21,22,22,22,21,21,21,20,19,18,18,17,17,17,16,16,15,15,14,13,0,19,16,16,12,11,8,5,6,5,5,4,6,8,9,8,11,11,14,16,17,18,20,21,22,22,25,24,26,0,0,0,0,0,0,0,28,30,32,33,34,35,36,38,39,38,38,37,37,38,37,36,36,34,33,31,32,31,29,27,26,26,25,22
20260804_021426_df8648,1785806441632864,2171311779,2,2,0,-55,128,0,14,14,14,14,14,14,14,13,13,14,14,14,14,14,15,16,16,16,16,16,16,17,17,16,16,16,0,0,0,0,0,0,0,0,0,0,0,8,9,9,9,10,11,11,12,12,11,12,12,12,12,12,12,12,12,12,13,13,12,13,14,14,14,0,54,53,53,52,53,53,53,53,54,54,54,54,55,59,57,60,60,60,60,63,64,64,61,60,64,63,59,60,0,0,0,0,0,0,0,25,26,30,32,34,36,38,41,43,43,46,46,46,47,48,47,48,48,48,47,48,50,50,52,49,50,53,50
20260804_021426_df8648,1785806441730224,2171411658,2,2,0,-59,128,0,12,12,13,13,13,14,13,13,14,15,16,15,16,16,17,18,18,19,19,19,20,20,20,19,19,19,0,0,0,0,0,0,0,0,0,0,0,3,3,3,4,4,4,4,4,5,5,5,5,6,6,6,6,6,6,7,7,8,8,9,9,9,10,0,23,25,24,27,26,27,29,29,29,32,33,32,33,34,36,36,39,38,41,40,41,40,41,41,40,38,41,39,0,0,0,0,0,0,0,5,5,6,7,7,7,8,9,9,9,11,11,11,10,11,11,11,13,12,14,14,15,16,17,18,19,20,21
20260804_021426_df8648,1785806441827508,2171511753,2,2,0,-63,128,0,5,6,7,8,9,10,11,12,13,13,14,16,16,17,18,19,20,21,22,23,24,24,24,23,24,24,0,0,0,0,0,0,0,0,0,0,0,8,9,8,9,8,9,8,8,8,7,7,7,6,5,5,5,4,4,3,2,2,2,1,2,2,3,0,11,12,15,16,17,20,20,23,25,27,30,31,33,34,36,38,41,42,43,45,46,47,47,47,47,50,48,49,0,0,0,0,0,0,0,18,18,18,18,17,17,17,16,16,16,15,15,14,13,12,12,10,9,9,8,6,5,4,2,2,3,4,5
20260804_021426_df8648,1785806441933775,2171611916,2,2,0,-62,128,0,11,11,12,12,13,13,13,14,15,15,16,16,16,17,18,19,19,20,21,22,22,22,22,22,22,22,0,0,0,0,0,0,0,0,0,0,0,7,7,7,7,7,7,6,6,6,6,6,6,6,5,5,5,5,5,7,6,7,7,8,9,9,10,0,20,21,21,23,23,26,26,26,26,29,30,30,32,33,35,36,38,40,41,41,41,41,42,43,42,42,42,43,0,0,0,0,0,0,0,13,13,12,13,13,12,12,13,11,11,11,11,11,10,9,10,10,11,11,12,12,12,14,14,14,18,16,18
20260804_021426_df8648,1785806442043298,2171720276,2,2,0,-63,128,0,11,11,10,9,9,8,8,8,8,8,8,9,9,9,9,9,11,11,12,12,12,13,13,13,13,13,0,0,0,0,0,0,0,0,0,0,0,17,17,18,18,19,19,19,19,19,18,18,18,18,17,16,16,16,16,15,15,14,14,13,13,13,12,0,19,20,19,18,16,16,15,16,14,16,16,16,16,17,17,19,19,21,22,21,24,23,25,25,24,25,27,27,0,0,0,0,0,0,0,30,30,31,31,34,34,36,36,37,35,36,36,35,34,32,32,29,31,28,30,27,29,26,25,25,24,23,22
20260804_021426_df8648,1785806442158182,2171837639,2,2,0,-65,128,0,14,15,15,15,14,14,15,15,15,16,15,16,16,16,17,17,18,17,19,19,19,18,18,18,19,19,0,0,0,0,0,0,0,0,0,0,0,8,8,8,9,9,9,10,10,10,11,11,10,11,11,10,11,10,11,12,12,12,12,12,13,13,13,0,26,26,27,27,27,29,28,29,28,27,29,29,30,33,31,32,33,35,35,35,35,36,35,35,36,38,35,37,0,0,0,0,0,0,0,12,13,15,15,14,16,16,18,19,19,20,19,19,19,19,21,22,19,22,19,21,21,22,24,22,24,24,25
20260804_021426_df8648,1785806442234362,2171911685,2,2,0,-58,128,0,15,15,15,15,15,16,16,16,16,17,17,16,16,17,17,17,18,18,18,18,19,19,19,18,18,17,0,0,0,0,0,0,0,0,0,0,0,5,5,6,6,6,6,7,7,8,9,9,9,9,9,9,11,10,11,11,12,12,13,13,13,13,14,0,30,30,29,30,30,30,30,30,30,30,32,33,32,34,34,34,35,36,37,37,37,36,36,36,35,36,32,33,0,0,0,0,0,0,0,9,9,10,9,10,12,12,12,12,14,15,15,16,16,17,18,17,20,21,21,22,23,23,25,25,25,27,27
20260804_021426_df8648,1785806442332581,2172011636,2,2,0,-64,128,0,10,11,11,11,11,11,12,12,12,13,14,14,14,14,16,17,17,18,18,19,19,19,20,19,20,21,0,0,0,0,0,0,0,0,0,0,0,6,6,7,7,7,7,8,8,8,9,8,8,9,8,8,8,8,8,8,9,9,9,8,9,9,9,0,40,42,41,45,46,47,48,49,52,54,54,54,58,60,63,62,68,70,73,75,79,76,77,77,80,82,79,80,0,0,0,0,0,0,0,25,25,26,27,27,29,31,32,32,33,34,35,37,35,38,34,35,37,36,34,32,36,34,38,37,36,37,38
20260804_021426_df8648,1785806442431086,2172112184,2,2,0,-62,128,0,15,12,15,16,16,15,17,15,15,16,16,17,17,17,17,19,19,20,21,22,21,22,22,22,22,22,0,0,0,0,0,0,0,0,0,0,0,6,6,7,7,7,7,8,8,8,9,9,9,10,10,10,9,10,10,11,11,11,11,11,12,12,12,0,25,25,26,25,25,33,29,27,29,29,29,29,32,33,34,34,36,36,38,38,39,42,40,40,39,39,38,39,0,0,0,0,0,0,0,9,10,10,11,12,12,14,14,15,15,16,16,16,16,18,18,18,17,17,18,19,20,20,19,21,19,22,21
20260804_021426_df8648,1785806442535504,2172214784,2,2,0,-65,128,0,9,10,10,12,12,13,13,13,14,15,15,15,16,17,18,19,19,21,22,22,23,24,23,24,25,25,0,0,0,0,0,0,0,0,0,0,0,12,11,11,11,11,11,10,10,9,9,8,7,7,6,6,5,4,4,5,5,4,5,6,6,7,8,0,17,18,20,22,21,23,23,25,25,27,29,28,30,33,33,36,35,40,41,43,42,45,46,46,47,48,46,48,0,0,0,0,0,0,0,22,22,22,23,22,23,21,22,20,20,19,17,15,15,13,13,11,11,9,9,8,8,9,9,9,11,12,13
20260804_021426_df8648,1785806442634510,2172312088,2,2,0,-65,128,0,6,5,5,5,5,4,4,5,5,6,6,6,6,7,8,9,10,10,11,11,12,13,14,13,15,15,0,0,0,0,0,0,0,0,0,0,0,18,18,19,19,20,19,20,20,20,20,19,18,17,17,16,16,15,14,14,12,12,11,10,10,9,8,0,12,12,10,10,9,9,9,10,10,11,11,13,14,14,17,18,20,21,21,24,25,26,28,27,28,29,31,32,0,0,0,0,0,0,0,31,34,34,35,36,37,37,37,38,39,38,37,36,35,33,33,31,30,30,27,25,24,24,22,21,18,16,15
20260804_021426_df8648,1785806442733811,2172414198,2,2,0,-63,128,0,2,2,1,2,3,4,4,5,6,6,7,8,9,10,10,10,12,11,12,13,14,15,15,15,16,16,0,0,0,0,0,0,0,0,0,0,0,18,18,19,19,20,20,20,20,19,19,18,17,16,16,14,14,13,12,11,10,9,8,7,6,6,4,0,5,3,3,4,4,6,8,10,11,12,12,14,16,18,18,20,24,22,26,25,25,28,29,30,30,30,30,33,0,0,0,0,0,0,0,32,35,34,36,37,38,39,39,39,38,38,37,36,34,33,31,29,27,25,24,22,21,18,16,14,12,12,8
20260804_021426_df8648,1785806442831979,2172511851,2,2,0,-61,128,0,13,13,13,12,11,11,11,11,11,11,11,11,11,11,12,11,11,11,12,12,12,13,13,13,13,13,0,0,0,0,0,0,0,0,0,0,0,12,13,13,14,14,14,16,16,16,16,15,16,17,16,16,16,15,15,15,15,15,14,13,14,13,13,0,48,48,46,46,45,44,42,42,42,44,43,43,43,41,43,41,44,44,46,45,47,45,46,46,46,46,49,49,0,0,0,0,0,0,0,43,44,45,46,50,52,55,54,57,57,59,60,60,59,58,60,57,57,55,55,55,55,55,55,54,52,51,50
20260804_021426_df8648,1785806442930647,2172611887,2,2,0,-56,128,0,13,13,13,13,12,12,12,12,12,12,12,13,13,13,13,13,14,14,14,14,14,13,13,13,13,13,0,0,0,0,0,0,0,0,0,0,0,12,12,13,13,14,14,15,14,15,15,15,15,15,15,15,15,14,14,14,14,14,13,13,13,13,13,0,48,46,46,45,46,46,44,47,44,48,48,46,49,50,49,52,52,53,54,53,53,53,51,50,49,49,48,49,0,0,0,0,0,0,0,40,41,43,45,47,50,52,53,54,55,56,57,56,57,57,54,55,56,55,53,53,50,52,52,52,50,52,50
20260804_021426_df8648,1785806443029761,2172714354,2,2,0,-70,128,0,6,7,7,8,10,10,10,11,12,12,14,14,14,16,16,19,19,21,22,23,24,24,25,26,26,27,0,0,0,0,0,0,0,0,0,0,0,4,4,4,5,5,5,5,6,6,6,7,6,6,6,6,6,5,5,5,4,4,4,3,3,4,5,0,12,14,15,17,19,19,21,22,23,25,26,28,28,32,34,36,37,41,42,45,46,45,48,48,50,51,52,53,0,0,0,0,0,0,0,9,7,7,7,7,9,8,9,10,11,11,11,13,11,11,12,11,10,9,9,9,9,7,7,7,6,9,10
20260804_021426_df8648,1785806443127983,2172811841,2,2,0,-65,128,0,9,9,9,10,10,11,11,13,13,13,14,14,15,16,16,17,18,19,20,20,20,20,21,21,21,21,0,0,0,0,0,0,0,0,0,0,0,4,4,5,5,4,4,4,4,4,3,3,3,3,2,2,2,2,2,2,3,3,4,4,5,6,7,0,17,19,19,21,21,23,23,26,26,27,28,29,30,32,33,36,37,38,40,40,41,42,43,42,43,43,45,45,0,0,0,0,0,0,0,11,10,9,9,9,9,8,8,8,8,7,6,6,7,6,4,4,4,4,4,6,6,7,8,9,12,13,15
20260804_021426_df8648,1785806443230577,2172911685,2,2,0,-62,128,0,13,14,15,14,15,15,16,15,16,16,17,17,17,17,18,18,18,19,19,19,20,19,20,19,19,19,0,0,0,0,0,0,0,0,0,0,0,4,5,6,6,6,7,7,9,8,9,9,9,9,9,9,9,9,10,11,11,11,11,12,12,12,13,0,26,27,29,28,29,29,29,30,30,32,32,31,32,33,33,35,35,36,37,37,37,37,37,37,37,36,37,37,0,0,0,0,0,0,0,6,8,8,9,11,11,12,14,13,16,15,16,17,18,18,18,19,19,20,19,20,20,20,22,22,24,24,25
20260804_021426_df8648,1785806443335184,2173011573,2,2,0,-61,128,0,12,11,11,12,12,12,12,12,13,13,14,14,15,16,16,17,17,18,18,19,19,19,19,19,20,20,0,0,0,0,0,0,0,0,0,0,0,10,11,11,11,11,11,11,12,13,13,13,13,13,13,12,12,12,12,12,11,11,11,11,11,11,11,0,20,20,20,22,22,22,22,24,24,25,25,26,27,27,29,31,32,32,34,34,35,36,36,37,36,36,37,38,0,0,0,0,0,0,0,18,19,19,19,20,21,21,22,23,23,24,24,24,23,24,23,23,23,22,23,21,21,21,21,21,21,19,21
20260804_021426_df8648,1785806443432759,2173113002,2,2,0,-67,128,0,5,6,8,8,9,9,11,12,12,14,14,15,16,17,18,20,20,22,23,23,24,25,25,25,26,26,0,0,0,0,0,0,0,0,0,0,0,7,8,8,8,8,8,8,8,7,7,7,7,6,6,6,6,5,5,4,4,3,3,3,2,3,3,0,9,12,13,15,17,19,20,22,23,25,27,29,30,32,34,37,39,41,43,45,45,47,47,48,50,51,50,50,0,0,0,0,0,0,0,14,14,13,13,14,14,14,14,15,15,14,14,14,13,12,12,12,10,9,9,8,7,6,5,5,4,5,7
20260804_021426_df8648,1785806443565351,2173242940,2,2,0,-65,128,0,8,9,8,8,9,9,10,10,11,11,12,13,13,13,14,15,16,16,17,18,18,19,19,19,19,20,0,0,0,0,0,0,0,0,0,0,0,13,13,13,13,13,13,13,13,13,13,12,12,12,12,11,12,11,10,10,10,10,9,9,9,8,8,0,15,16,16,17,17,18,19,20,21,22,23,24,25,27,28,30,31,33,33,35,35,36,38,38,38,39,39,41,0,0,0,0,0,0,0,24,24,24,25,25,26,25,25,26,25,25,24,24,24,24,23,22,22,20,20,20,18,18,17,17,16,15,15
20260804_021426_df8648,1785806443635165,2173315864,2,2,0,-66,128,0,8,6,6,5,5,6,4,5,8,8,8,7,10,10,10,12,11,13,15,14,15,16,16,16,16,17,0,0,0,0,0,0,0,0,0,0,0,13,14,14,15,16,16,17,17,17,18,18,18,18,17,16,17,15,15,15,14,13,12,13,11,11,9,0,16,11,13,10,10,12,12,9,14,12,13,16,18,19,20,23,24,26,30,30,29,30,30,31,32,34,33,35,0,0,0,0,0,0,0,21,24,25,26,28,30,30,32,32,33,34,34,34,34,34,33,31,31,30,30,29,27,26,24,21,22,20,16
20260804_021426_df8648,1785806443734295,2173416622,2,2,0,-68,128,0,10,11,11,12,12,13,13,13,14,14,15,15,15,17,17,17,18,19,21,21,21,22,22,23,24,23,0,0,0,0,0,0,0,0,0,0,0,7,7,7,7,8,8,8,7,7,7,7,6,6,6,6,5,6,6,5,6,7,6,6,7,8,9,0,19,21,22,23,23,24,26,26,27,28,28,30,31,32,34,35,36,38,41,42,43,43,44,45,45,46,49,49,0,0,0,0,0,0,0,10,11,12,13,13,13,14,15,14,14,13,13,13,14,12,11,10,10,10,11,10,11,13,12,13,15,15,17
20260804_021426_df8648,1785806443836177,2173520061,2,2,0,-67,128,0,9,10,11,12,12,13,15,15,16,16,17,18,18,19,21,22,22,23,24,24,24,25,25,25,26,25,0,0,0,0,0,0,0,0,0,0,0,4,4,4,4,4,4,4,4,4,4,4,3,3,2,2,2,1,1,0,2,2,3,4,5,6,8,0,17,19,21,23,23,25,28,29,30,31,32,33,34,36,39,38,41,42,44,46,46,46,46,46,47,48,46,44,0,0,0,0,0,0,0,7,6,7,7,6,8,7,8,8,8,8,6,7,5,5,4,4,3,1,1,1,4,4,6,9,9,13,14
20260804_021426_df8648,1785806443929194,2173611690,2,2,0,-67,128,0,13,14,14,14,14,15,15,15,16,16,16,16,16,17,18,18,20,20,21,21,21,23,23,23,23,23,0,0,0,0,0,0,0,0,0,0,0,4,4,4,3,4,3,2,2,1,1,0,1,1,1,3,3,4,4,6,6,7,8,8,10,11,11,0,24,26,26,28,27,29,29,29,30,30,30,31,32,33,34,35,37,38,40,40,40,41,43,42,43,43,42,43,0,0,0,0,0,0,0,7,7,7,7,7,5,6,4,4,3,1,1,1,1,2,4,6,6,7,10,11,12,14,16,16,18,21,22
20260804_021426_df8648,1785806444037706,2173713776,2,2,0,-59,128,0,12,11,12,11,10,11,10,10,10,10,10,10,10,10,10,10,10,10,10,10,10,10,10,10,9,10,0,0,0,0,0,0,0,0,0,0,0,17,18,19,19,19,20,20,20,20,20,20,19,19,19,18,17,17,16,16,16,16,16,14,14,13,13,0,43,40,39,38,37,36,35,33,33,34,34,33,34,36,37,35,36,35,38,35,37,37,36,36,34,34,34,34,0,0,0,0,0,0,0,57,61,62,62,66,69,71,70,72,71,70,70,70,67,67,66,62,63,60,57,57,55,55,52,50,50,46,45
20260804_021426_df8648,1785806444130226,2173812003,2,2,0,-58,128,0,15,15,14,13,13,12,11,11,11,10,11,10,10,10,9,9,10,9,9,9,9,9,8,8,7,7,0,0,0,0,0,0,0,0,0,0,0,13,14,15,15,16,17,17,17,18,18,18,18,18,18,18,18,17,17,17,17,17,17,16,17,16,16,0,27,28,26,25,25,24,23,22,21,20,20,20,19,18,18,18,18,17,17,17,16,15,14,15,14,13,11,12,0,0,0,0,0,0,0,23,24,25,26,28,30,30,31,32,33,34,34,34,34,34,33,33,33,33,33,32,33,32,32,31,31,31,30
20260804_021426_df8648,1785806444233720,2173911858,2,2,0,-62,128,0,16,16,16,16,15,16,16,15,15,16,16,15,16,16,16,17,18,18,19,19,19,19,19,19,19,19,0,0,0,0,0,0,0,0,0,0,0,5,6,6,6,8,8,8,9,9,10,10,10,11,11,11,11,12,11,12,12,13,14,13,14,14,15,0,27,29,27,28,28,28,27,28,28,28,27,27,29,29,31,31,32,32,34,34,34,35,34,34,34,33,34,34,0,0,0,0,0,0,0,8,9,10,10,11,11,14,15,14,17,17,17,18,19,19,20,21,21,21,21,21,22,23,24,25,25,27,27
20260804_021426_df8648,1785806444331392,2174012299,2,2,0,-65,128,0,6,6,6,5,5,7,6,7,8,9,9,10,10,11,12,13,14,15,15,17,17,18,18,19,19,19,0,0,0,0,0,0,0,0,0,0,0,16,16,17,18,19,19,18,19,19,19,18,18,18,17,16,15,15,15,13,13,13,11,11,9,9,9,0,11,11,11,10,11,11,11,13,13,15,17,18,19,21,22,24,26,27,29,30,31,32,32,34,34,35,34,36,0,0,0,0,0,0,0,27,28,28,29,30,32,33,35,36,35,34,35,34,33,32,31,30,28,27,26,26,24,23,20,18,18,16,16
20260804_021426_df8648,1785806444434266,2174111785,2,2,0,-62,128,0,12,13,14,14,14,15,15,15,15,16,16,16,16,16,17,17,17,18,18,18,18,18,18,18,18,17,0,0,0,0,0,0,0,0,0,0,0,9,10,10,11,12,12,12,12,12,12,11,11,11,11,10,10,10,9,9,9,10,9,9,11,10,12,0,46,49,51,50,54,54,55,58,57,59,60,60,62,63,61,64,66,66,70,68,69,67,66,66,66,66,64,66,0,0,0,0,0,0,0,32,33,36,38,40,41,41,42,43,42,45,41,41,41,40,40,38,36,38,35,34,35,34,36,37,38,41,40
20260804_021426_df8648,1785806444533071,2174211924,2,2,0,-60,128,0,11,12,12,12,12,12,13,13,13,13,13,14,14,15,16,16,16,16,16,16,17,17,17,16,17,17,0,0,0,0,0,0,0,0,0,0,0,9,10,10,11,11,11,11,11,13,12,12,12,13,12,11,11,11,11,11,11,10,10,10,10,11,11,0,22,23,23,23,23,23,24,24,25,26,26,26,28,29,29,30,31,31,32,32,33,34,32,32,32,32,32,31,0,0,0,0,0,0,0,17,17,18,19,20,21,22,22,23,24,24,24,23,22,23,23,22,22,21,21,21,21,20,21,20,21,22,21
20260804_021426_df8648,1785806444631835,2174313053,2,2,0,-59,128,0,15,16,16,16,16,16,16,16,16,16,16,16,16,17,16,17,16,17,17,17,17,17,16,16,16,15,0,0,0,0,0,0,0,0,0,0,0,7,7,8,9,9,9,9,9,10,10,10,11,11,11,11,11,12,11,13,13,13,13,13,14,14,15,0,59,59,59,61,60,60,61,60,59,61,60,59,60,63,61,63,61,62,63,62,62,61,58,57,58,57,53,54,0,0,0,0,0,0,0,23,24,27,27,29,30,34,34,36,37,40,39,39,40,42,43,41,41,44,44,44,46,48,48,51,53,54,53
20260804_021426_df8648,1785806444729946,2174411789,2,2,0,-68,128,0,10,8,8,8,8,8,8,9,9,9,9,10,11,11,11,12,12,13,12,14,14,15,15,16,17,17,0,0,0,0,0,0,0,0,0,0,0,11,13,13,14,14,15,16,17,17,17,17,17,18,17,17,17,16,15,15,15,14,13,12,11,11,10,0,17,15,15,13,15,15,16,14,16,16,17,18,18,19,19,21,23,23,23,25,26,27,27,29,29,31,31,33,0,0,0,0,0,0,0,20,20,22,23,24,25,27,30,30,31,34,32,32,33,34,34,33,30,30,28,25,27,28,25,21,22,19,20
20260804_021426_df8648,1785806444844629,2174522872,2,2,0,-67,128,0,9,9,9,9,8,9,8,9,9,9,9,10,10,10,12,12,13,13,14,14,15,16,16,16,17,17,0,0,0,0,0,0,0,0,0,0,0,9,10,11,12,13,14,14,15,16,17,17,18,16,17,16,16,16,15,14,14,14,13,12,11,11,10,0,18,17,17,17,17,15,15,17,17,18,17,18,19,21,22,23,23,25,26,29,29,28,30,31,31,34,32,33,0,0,0,0,0,0,0,13,16,16,18,20,22,23,26,28,29,30,30,32,30,29,31,30,31,28,28,27,28,27,24,23,22,22,20
20260804_021426_df8648,1785806444930394,2174612012,2,2,0,-64,128,0,10,10,10,9,10,9,9,9,9,9,9,10,9,10,11,12,12,13,13,13,14,14,15,15,15,15,0,0,0,0,0,0,0,0,0,0,0,11,12,12,13,14,15,16,16,16,16,16,17,17,16,16,16,16,15,15,14,14,13,12,12,12,11,0,22,21,19,20,19,17,17,18,17,19,19,19,21,21,22,22,25,24,25,27,29,29,30,30,30,30,32,33,0,0,0,0,0,0,0,18,20,21,22,24,25,27,28,30,32,33,35,32,33,33,33,32,31,29,29,28,28,27,27,24,25,24,21
20260804_021426_df8648,1785806445035056,2174712806,2,2,0,-62,128,0,10,9,9,9,9,9,9,10,10,10,11,11,12,12,13,13,14,15,16,16,16,16,17,17,17,18,0,0,0,0,0,0,0,0,0,0,0,9,10,11,11,12,12,12,13,14,14,13,13,13,13,12,12,12,12,11,11,11,9,9,9,10,9,0,39,37,38,39,39,39,39,42,43,46,46,47,48,50,55,56,59,60,63,64,67,66,68,67,70,70,70,72,0,0,0,0,0,0,0,35,37,38,41,44,47,49,51,51,54,54,56,53,54,53,51,48,51,48,46,42,43,42,43,40,38,38,37
20260804_021426_df8648,1785806445133595,2174810909,2,2,0,-61,128,0,13,14,14,14,14,14,14,14,15,15,16,16,15,15,16,16,17,17,17,18,18,18,18,17,17,17,0,0,0,0,0,0,0,0,0,0,0,9,9,9,9,9,10,9,10,10,10,10,10,10,10,9,9,9,9,9,9,9,10,11,11,12,12,0,26,26,26,27,27,28,28,28,28,29,30,30,30,32,32,33,33,35,35,35,35,34,35,35,35,35,34,35,0,0,0,0,0,0,0,16,16,17,17,17,18,19,20,21,19,19,19,18,19,18,18,18,18,18,18,17,19,19,20,20,22,22,23
20260804_021426_df8648,1785806445231115,2174910942,2,2,0,-56,128,0,14,14,14,14,14,14,14,14,14,14,14,14,15,15,15,15,16,15,16,15,15,15,15,15,14,14,0,0,0,0,0,0,0,0,0,0,0,9,8,9,9,10,10,11,11,11,11,11,11,11,11,11,11,11,11,11,12,12,12,12,13,13,13,0,27,28,27,28,27,29,28,28,27,29,29,29,30,29,29,30,30,30,30,30,29,29,29,28,27,27,26,26,0,0,0,0,0,0,0,13,14,16,16,18,18,20,20,20,21,22,22,22,23,23,23,23,22,23,23,23,23,24,24,24,26,26,26
20260804_021426_df8648,1785806445335644,2175011863,2,2,0,-56,128,0,12,13,13,14,13,14,14,14,15,15,15,15,15,15,16,16,17,16,17,17,17,17,17,16,16,16,0,0,0,0,0,0,0,0,0,0,0,9,10,10,11,11,12,12,12,12,12,13,13,13,12,12,13,13,13,13,12,12,12,13,13,13,13,0,25,25,25,25,26,27,25,26,27,28,29,28,29,30,30,32,31,32,32,33,32,31,31,31,31,30,30,30,0,0,0,0,0,0,0,15,17,17,18,19,21,21,22,23,24,24,23,25,25,24,23,24,23,24,23,23,24,23,23,25,25,24,25
20260804_021426_df8648,1785806445432378,2175113596,2,2,0,-55,128,0,15,15,15,14,15,14,14,13,14,14,14,14,14,14,14,14,15,15,16,14,14,14,14,14,14,14,0,0,0,0,0,0,0,0,0,0,0,7,8,9,9,10,11,11,11,11,11,12,12,12,12,12,12,12,12,12,12,12,12,12,14,13,14,0,57,56,53,57,58,57,52,56,52,57,54,52,54,54,56,56,57,55,58,55,58,57,55,54,54,51,51,52,0,0,0,0,0,0,0,30,30,32,33,37,38,39,41,42,45,47,47,47,46,47,47,46,47,47,46,47,48,49,50,52,50,53,51
20260804_021426_df8648,1785806445536288,2175213039,2,2,0,-54,128,0,15,15,15,14,15,15,15,14,14,14,14,15,15,15,14,16,15,16,15,15,15,15,15,15,14,15,0,0,0,0,0,0,0,0,0,0,0,9,9,9,10,10,11,11,12,12,12,13,13,13,13,13,13,13,13,13,13,13,14,13,14,14,14,0,57,57,58,55,56,57,55,54,56,55,54,54,56,58,54,57,59,59,58,59,58,59,57,55,56,59,51,52,0,0,0,0,0,0,0,27,29,31,34,34,38,39,41,42,42,46,45,47,47,48,50,50,48,49,47,50,51,49,53,48,52,54,54
20260804_021426_df8648,1785806445634405,2175311471,2,2,0,-54,128,0,13,13,13,13,13,13,14,14,13,13,13,13,13,14,14,14,14,15,15,15,15,14,14,14,14,14,0,0,0,0,0,0,0,0,0,0,0,9,10,10,10,11,11,11,12,13,13,13,13,13,13,13,13,13,13,13,13,13,13,13,14,14,13,0,54,53,53,53,53,54,51,50,52,52,52,52,53,54,54,57,57,57,59,58,59,58,55,56,55,55,53,52,0,0,0,0,0,0,0,31,33,35,37,39,41,44,44,46,48,50,49,51,50,51,50,50,48,50,49,50,51,50,52,49,52,53,52
20260804_021426_df8648,1785806445731760,2175412674,2,2,0,-53,128,0,13,14,14,14,13,14,13,13,13,13,14,14,14,14,14,15,15,15,15,15,15,15,15,14,14,14,0,0,0,0,0,0,0,0,0,0,0,6,6,7,8,8,9,9,10,10,11,11,11,11,11,11,11,12,12,12,12,12,13,13,13,14,13,0,55,54,56,54,54,54,55,54,55,53,54,55,57,58,55,59,59,60,59,60,59,61,58,57,57,58,52,54,0,0,0,0,0,0,0,21,23,25,27,28,32,32,35,37,40,43,42,43,45,46,47,48,46,48,47,49,49,51,53,51,52,54,55
20260804_021426_df8648,1785806445834871,2175511324,2,2,0,-54,128,0,15,15,16,15,15,16,16,15,16,16,15,15,15,15,15,17,17,16,17,17,16,16,15,15,15,15,0,0,0,0,0,0,0,0,0,0,0,9,9,10,11,11,12,12,13,13,13,13,13,13,13,13,13,14,14,14,14,14,14,14,14,15,15,0,56,56,57,55,56,57,56,54,55,53,57,56,56,57,56,58,58,60,61,60,59,57,55,58,55,56,51,53,0,0,0,0,0,0,0,29,31,32,35,35,39,38,43,44,45,47,47,48,48,50,49,50,51,51,50,51,52,51,52,51,54,55,56
20260804_021426_df8648,1785806445932882,2175612154,2,2,0,-54,128,0,14,14,14,14,14,14,14,13,14,13,13,13,14,14,14,14,14,15,15,14,14,14,14,13,13,13,0,0,0,0,0,0,0,0,0,0,0,7,7,7,9,9,9,10,10,11,12,11,11,12,12,12,12,13,12,12,12,13,13,13,13,14,14,0,54,57,56,54,54,56,54,54,54,55,55,55,55,55,56,58,57,57,57,58,58,55,55,55,53,53,51,51,0,0,0,0,0,0,0,24,25,28,27,32,34,36,38,42,42,44,46,46,47,48,48,50,48,48,50,53,51,52,53,52,54,56,54
20260804_021426_df8648,1785806446031066,2175711622,2,2,0,-55,128,0,14,14,14,14,14,14,14,14,14,14,14,14,14,15,15,15,15,16,16,16,16,16,16,16,15,15,0,0,0,0,0,0,0,0,0,0,0,5,6,6,7,8,8,9,9,9,10,10,10,10,10,11,11,11,11,11,12,12,12,12,13,13,13,0,26,27,27,27,27,27,28,27,27,27,28,27,29,30,29,30,30,31,32,31,30,31,30,30,30,30,29,30,0,0,0,0,0,0,0,10,9,11,12,13,14,16,16,18,18,19,20,19,20,21,21,21,22,22,22,23,24,23,24,24,26,25,26
20260804_021426_df8648,1785806446135722,2175817440,2,2,0,-61,128,0,14,14,14,14,14,14,14,14,14,14,15,14,16,15,16,16,16,16,16,16,16,16,17,17,17,17,0,0,0,0,0,0,0,0,0,0,0,8,8,9,10,11,11,11,12,11,12,12,13,13,13,13,13,13,13,13,13,13,13,14,14,14,14,0,53,51,55,53,54,54,54,53,53,53,55,53,55,59,56,61,59,62,59,65,64,64,63,64,64,68,63,65,0,0,0,0,0,0,0,25,26,29,31,32,35,37,40,40,44,46,44,46,47,47,48,48,49,50,48,47,48,48,48,50,50,51,53
20260804_021426_df8648,1785806446244896,2175924091,2,2,0,-59,128,0,14,14,13,13,13,13,14,12,13,13,13,12,14,13,13,13,14,14,13,14,14,15,14,14,14,14,0,0,0,0,0,0,0,0,0,0,0,12,12,13,14,15,14,15,16,16,16,16,16,16,15,15,15,15,15,14,14,14,14,14,13,14,14,0,44,49,49,45,53,47,44,45,42,49,47,48,47,45,47,47,47,53,50,47,53,51,49,52,50,49,47,48,0,0,0,0,0,0,0,38,41,42,44,50,50,53,54,56,60,60,60,59,59,57,58,55,55,54,54,52,53,52,52,52,53,51,52
20260804_021426_df8648,1785806446332528,2176011771,2,2,0,-57,128,0,14,14,14,14,14,14,14,13,13,13,13,13,13,13,13,13,14,14,14,14,14,14,14,14,13,13,0,0,0,0,0,0,0,0,0,0,0,9,10,11,12,13,13,14,15,14,15,15,15,15,15,15,15,15,14,15,15,15,14,14,15,15,14,0,57,55,56,54,54,53,51,51,48,49,50,49,49,50,50,50,51,52,53,54,52,52,49,50,48,50,47,47,0,0,0,0,0,0,0,31,33,37,40,42,45,47,50,53,56,55,56,59,58,56,57,54,55,56,52,57,56,55,55,55,56,57,56
20260804_021426_df8648,1785806446435880,2176111671,2,2,0,-61,128,0,14,13,14,13,13,13,13,12,12,12,12,12,11,12,11,12,12,13,13,13,13,13,13,13,13,13,0,0,0,0,0,0,0,0,0,0,0,10,11,11,12,13,13,14,14,15,15,16,15,15,15,15,15,15,14,15,14,14,14,14,15,15,14,0,56,53,55,52,51,50,49,47,45,45,46,45,45,44,45,47,46,48,49,48,49,49,49,49,49,49,48,50,0,0,0,0,0,0,0,31,35,37,41,43,47,49,54,54,56,58,60,60,57,59,58,59,55,56,53,55,57,56,57,55,58,57,54
20260804_021426_df8648,1785806446534366,2176212023,2,2,0,-57,128,0,14,14,14,13,13,12,12,12,12,12,11,11,12,12,12,12,12,13,13,13,13,13,13,13,12,12,0,0,0,0,0,0,0,0,0,0,0,13,14,15,16,15,16,16,17,17,18,17,17,17,16,16,16,16,15,16,15,15,15,15,15,15,14,0,27,25,25,24,24,24,22,22,21,22,22,21,21,22,22,22,23,24,24,24,24,24,23,23,22,22,22,22,0,0,0,0,0,0,0,21,23,23,25,25,28,28,29,30,30,31,31,31,31,31,30,30,28,28,27,29,28,28,28,27,27,27,25
20260804_021426_df8648,1785806446632658,2176311668,2,2,0,-57,128,0,14,13,13,13,12,12,12,11,11,11,12,12,12,11,11,11,12,12,12,12,12,12,13,12,13,11,0,0,0,0,0,0,0,0,0,0,0,13,13,14,14,15,15,15,15,16,16,15,15,15,15,14,14,14,14,13,14,14,14,13,14,14,14,0,25,26,25,24,23,23,23,23,22,22,22,21,22,22,22,21,23,23,23,23,23,22,23,23,23,22,22,22,0,0,0,0,0,0,0,23,24,25,25,27,28,29,29,29,29,30,29,29,29,29,29,28,27,26,26,26,26,26,27,26,27,26,25
20260804_021426_df8648,1785806446735902,2176411563,2,2,0,-54,128,0,16,16,16,16,16,15,15,15,15,15,16,16,16,15,15,15,15,15,15,15,15,15,15,14,14,14,0,0,0,0,0,0,0,0,0,0,0,8,9,10,10,11,11,11,12,13,13,13,14,14,14,14,14,14,14,14,14,15,15,15,15,16,16,0,57,61,59,59,57,59,57,56,54,57,56,55,54,54,56,54,55,56,58,56,55,54,55,52,51,50,50,49,0,0,0,0,0,0,0,26,28,30,32,34,38,40,40,44,45,47,49,48,50,51,51,49,51,52,51,52,53,53,55,56,56,57,57
20260804_021426_df8648,1785806446834027,2176513354,2,2,0,-56,128,0,16,16,16,16,16,15,15,15,15,15,14,14,15,15,15,15,14,15,15,14,14,14,13,13,13,13,0,0,0,0,0,0,0,0,0,0,0,9,10,10,11,12,12,13,13,14,14,14,15,15,15,16,15,16,15,16,16,16,16,16,16,16,16,0,60,58,60,58,57,56,55,56,55,56,54,54,52,54,52,54,53,53,52,52,51,52,48,49,47,47,45,45,0,0,0,0,0,0,0,28,31,32,35,38,41,43,45,46,49,50,54,52,55,55,54,56,55,55,54,57,55,56,58,55,58,59,58
20260804_021426_df8648,1785806446936783,2176612755,2,2,0,-54,128,0,15,15,15,15,15,15,14,15,14,15,15,14,15,15,15,15,15,15,15,15,15,15,15,14,15,14,0,0,0,0,0,0,0,0,0,0,0,10,10,11,12,12,12,13,13,14,14,13,14,14,15,14,13,13,14,13,14,14,14,14,14,15,15,0,56,57,55,55,55,55,54,53,51,53,54,55,54,55,54,56,55,58,58,57,56,55,54,54,51,54,50,52,0,0,0,0,0,0,0,32,34,35,38,39,43,43,46,48,49,49,49,51,51,50,51,51,50,50,51,52,52,52,51,51,54,55,54
20260804_021426_df8648,1785806447035162,2176711830,2,2,0,-54,128,0,14,14,14,14,14,14,14,14,14,14,13,13,13,13,14,14,15,15,15,15,14,14,14,13,13,13,0,0,0,0,0,0,0,0,0,0,0,9,10,10,11,11,12,13,13,13,14,14,14,13,13,14,13,13,13,12,13,13,13,14,13,14,13,0,54,52,53,53,53,52,53,51,52,54,54,51,52,55,54,56,57,56,57,57,56,55,54,53,52,53,50,49,0,0,0,0,0,0,0,31,34,37,40,41,42,45,48,49,50,52,51,52,52,53,52,51,51,49,50,50,50,50,50,49,51,51,53
20260804_021426_df8648,1785806447132878,2176811505,2,2,0,-53,128,0,13,13,13,13,13,13,13,13,13,13,13,13,13,14,14,14,15,14,14,15,14,14,14,14,14,14,0,0,0,0,0,0,0,0,0,0,0,7,8,9,9,10,10,11,11,11,12,12,12,12,12,12,12,11,12,12,12,12,13,12,13,13,13,0,53,55,54,55,53,57,54,53,53,54,54,53,55,55,58,58,61,59,61,60,60,59,59,59,56,55,56,54,0,0,0,0,0,0,0,29,30,33,33,36,37,40,41,44,45,46,48,47,48,50,48,50,50,49,50,50,51,51,52,52,54,52,54
20260804_021426_df8648,1785806447234345,2176911890,2,2,0,-54,128,0,13,13,14,14,14,14,14,14,14,15,15,14,15,15,15,16,16,16,16,16,17,17,16,16,16,16,0,0,0,0,0,0,0,0,0,0,0,6,7,8,8,9,9,10,9,10,10,11,11,12,11,11,12,12,12,12,13,13,13,13,13,13,13,0,26,28,26,27,27,27,28,27,28,29,28,29,30,30,32,31,32,32,33,32,33,32,31,32,31,30,30,29,0,0,0,0,0,0,0,11,12,14,14,15,17,17,17,19,20,20,21,21,21,22,22,22,23,22,22,23,23,24,23,25,24,25,25
20260804_021426_df8648,1785806447332375,2177012044,2,2,0,-52,128,0,14,15,15,15,15,14,14,14,14,15,15,15,15,16,16,16,16,16,16,16,16,15,15,15,14,15,0,0,0,0,0,0,0,0,0,0,0,6,7,7,8,8,9,10,10,11,11,11,11,11,12,12,12,13,13,13,13,13,13,14,14,14,15,0,56,55,57,56,57,57,55,57,56,58,57,56,57,57,59,62,61,61,62,59,60,59,59,58,56,54,55,55,0,0,0,0,0,0,0,23,23,25,26,28,32,34,35,36,39,40,41,43,44,43,44,44,46,46,46,48,49,50,51,53,54,55,54
20260804_021426_df8648,1785806447436515,2177112236,2,2,0,-51,128,0,15,15,15,16,15,15,15,14,15,15,16,15,15,15,15,15,16,16,16,15,15,15,15,15,15,15,0,0,0,0,0,0,0,0,0,0,0,9,9,10,10,11,12,13,13,13,14,14,14,14,14,14,15,14,15,14,15,15,15,15,15,15,15,0,57,57,56,58,55,55,55,54,56,53,56,55,56,57,56,56,56,58,57,58,57,57,54,53,54,54,49,51,0,0,0,0,0,0,0,28,29,32,34,36,39,40,43,46,46,50,48,49,50,50,50,52,54,55,54,53,55,57,56,55,58,57,60
20260804_021426_df8648,1785806447534844,2177212000,2,2,0,-50,128,0,15,15,15,14,14,14,14,13,13,13,13,14,14,14,14,14,14,14,14,14,14,14,14,13,13,14,0,0,0,0,0,0,0,0,0,0,0,8,8,9,10,10,10,11,12,13,13,13,13,13,13,14,14,14,14,14,14,14,14,14,15,15,15,0,54,56,54,55,53,54,52,52,53,52,53,52,53,50,53,53,55,55,56,52,53,51,49,51,48,47,47,47,0,0,0,0,0,0,0,26,28,29,31,34,38,38,41,44,46,47,46,48,49,50,50,50,51,51,51,54,53,54,52,55,56,58,55
20260804_021426_df8648,1785806447633266,2177311911,2,2,0,-53,128,0,14,14,14,13,13,13,13,13,13,13,13,13,13,13,13,14,14,14,14,14,14,14,14,13,13,13,0,0,0,0,0,0,0,0,0,0,0,9,10,11,12,12,13,13,14,14,14,14,15,14,14,14,13,14,14,14,14,13,14,13,13,15,14,0,55,55,52,53,51,52,49,50,50,52,50,50,50,50,53,52,54,52,54,55,54,52,52,52,50,49,50,49,0,0,0,0,0,0,0,33,34,38,40,42,44,47,47,51,54,54,56,55,55,56,56,54,55,54,55,54,54,55,56,57,55,55,55
20260804_021426_df8648,1785806447732151,2177411184,2,2,0,-60,128,0,14,13,13,13,13,13,13,13,13,13,14,14,14,15,15,16,15,16,16,16,16,16,16,16,16,17,0,0,0,0,0,0,0,0,0,0,0,8,9,9,10,10,11,11,12,12,13,13,13,13,13,13,13,14,13,13,13,13,13,13,14,14,14,0,51,50,50,50,51,48,50,47,52,50,55,55,54,57,57,59,59,62,61,62,63,63,62,63,63,62,61,62,0,0,0,0,0,0,0,26,28,30,33,33,38,38,42,44,45,46,48,48,50,49,49,50,49,49,49,51,49,50,50,49,51,50,51
20260804_021426_df8648,1785806447829971,2177511933,2,2,0,-62,128,0,10,11,12,12,13,13,13,13,14,15,15,16,16,17,18,19,20,20,21,22,22,23,23,24,23,24,0,0,0,0,0,0,0,0,0,0,0,4,4,4,5,6,6,6,6,7,7,8,8,8,8,8,9,9,9,9,9,9,9,9,10,10,10,0,19,20,22,22,22,24,25,25,26,27,28,29,30,32,34,35,37,38,39,41,42,42,43,43,44,44,43,44,0,0,0,0,0,0,0,5,6,7,7,8,9,9,11,12,12,13,15,14,15,16,16,16,17,16,16,16,18,18,18,18,18,19,19
20260804_021426_df8648,1785806447932860,2177612114,2,2,0,-61,128,0,11,11,12,12,12,13,13,13,14,14,15,16,16,16,17,18,18,19,20,21,20,21,21,21,22,21,0,0,0,0,0,0,0,0,0,0,0,5,5,6,7,6,6,7,7,8,8,8,9,9,9,9,9,9,9,9,10,9,10,10,9,10,10,0,24,25,24,20,27,23,26,25,26,29,31,29,31,35,36,35,35,41,39,38,38,40,43,40,40,41,40,41,0,0,0,0,0,0,0,7,8,8,10,10,10,12,13,14,15,15,16,16,17,16,17,17,19,18,18,17,18,19,19,17,20,20,20
20260804_021426_df8648,1785806448034463,2177711727,2,2,0,-63,128,0,12,12,13,13,13,13,14,15,15,16,16,16,17,18,19,19,20,20,21,21,23,23,23,23,23,23,0,0,0,0,0,0,0,0,0,0,0,4,4,6,7,8,8,8,9,9,10,9,10,11,11,11,12,11,11,11,11,12,12,12,12,11,12,0,22,22,25,24,23,25,26,26,28,27,30,31,31,32,34,34,37,37,40,41,41,41,41,42,42,43,43,43,0,0,0,0,0,0,0,7,7,7,8,11,12,12,14,14,16,16,17,18,19,19,20,19,18,20,20,21,21,20,23,21,21,22,21
20260804_021426_df8648,1785806448130377,2177811746,2,2,0,-61,128,0,13,13,13,14,13,14,14,14,15,15,15,15,16,16,16,18,18,18,19,18,19,19,19,18,18,19,0,0,0,0,0,0,0,0,0,0,0,5,6,6,6,7,8,8,9,9,9,10,10,10,10,10,11,10,11,11,11,11,12,12,12,12,13,0,25,26,26,26,26,26,27,28,28,30,30,31,31,32,34,34,34,35,36,37,38,36,37,37,38,37,37,37,0,0,0,0,0,0,0,8,9,11,11,12,13,15,15,17,17,18,17,18,19,19,20,20,21,21,20,21,20,23,23,22,23,24,24
20260804_021426_df8648,1785806448232748,2177912423,2,2,0,-60,128,0,13,13,13,13,13,13,13,14,14,14,14,14,14,16,16,16,16,16,18,17,17,17,17,17,17,17,0,0,0,0,0,0,0,0,0,0,0,6,7,7,8,9,9,10,10,11,11,11,11,11,11,11,11,11,11,11,12,11,12,12,12,12,12,0,25,24,24,26,25,25,26,25,28,27,27,28,29,30,30,31,32,33,34,34,33,33,32,32,32,33,31,31,0,0,0,0,0,0,0,12,13,12,13,16,16,17,18,19,19,21,20,21,22,22,22,22,20,22,22,20,21,20,24,22,23,23,24
20260804_021426_df8648,1785806448334844,2178014864,2,2,0,-58,128,0,12,12,12,12,12,13,12,12,12,13,13,13,13,14,14,14,14,14,14,14,14,14,14,14,14,14,0,0,0,0,0,0,0,0,0,0,0,9,10,11,11,12,12,12,13,13,14,13,14,13,13,13,13,13,13,13,13,13,13,13,13,12,12,0,49,50,47,48,47,48,47,48,48,50,50,50,51,52,53,53,57,58,56,56,57,57,55,54,53,51,50,50,0,0,0,0,0,0,0,35,35,36,38,44,44,47,48,49,52,53,53,51,53,52,52,50,51,48,50,50,47,47,50,48,48,49,48
20260804_021426_df8648,1785806448431905,2178112917,2,2,0,-55,128,0,14,14,14,14,14,15,15,14,14,14,14,14,15,15,15,15,16,16,16,15,16,14,15,14,14,14,0,0,0,0,0,0,0,0,0,0,0,8,9,9,10,10,11,11,12,12,13,13,12,12,12,12,13,13,13,13,13,13,13,14,14,14,14,0,57,56,56,57,55,55,56,55,55,57,57,57,57,58,58,59,60,60,61,59,61,57,57,55,54,53,52,52,0,0,0,0,0,0,0,31,31,34,35,37,37,40,42,42,44,46,45,47,47,47,47,47,48,49,47,50,50,50,50,52,54,54,53
20260804_021426_df8648,1785806448536719,2178212782,2,2,0,-53,128,0,14,15,16,15,15,15,15,15,15,15,15,15,15,15,15,15,15,15,16,15,16,15,15,14,14,14,0,0,0,0,0,0,0,0,0,0,0,7,8,8,9,9,9,9,10,11,11,11,11,11,11,12,12,12,12,12,12,13,13,13,13,15,14,0,59,56,59,58,57,57,57,56,56,57,57,58,58,61,58,61,60,61,61,60,60,60,56,56,57,57,51,52,0,0,0,0,0,0,0,25,26,27,29,30,34,35,37,38,40,41,41,42,44,44,45,46,47,48,48,48,49,50,52,51,54,55,56
20260804_021426_df8648,1785806448634352,2178311828,2,2,0,-56,128,0,14,14,14,14,14,14,14,14,14,15,15,15,16,16,16,16,16,16,18,18,18,17,18,17,17,18,0,0,0,0,0,0,0,0,0,0,0,6,6,7,7,8,8,9,10,10,10,11,11,11,11,12,12,12,12,12,12,12,13,13,14,14,14,0,55,53,54,55,54,54,54,54,56,54,58,57,58,60,59,62,63,64,66,66,66,66,66,66,67,67,63,64,0,0,0,0,0,0,0,19,20,23,26,27,28,30,33,33,35,37,39,40,41,40,42,43,43,43,45,44,45,46,49,48,50,50,53
20260804_021426_df8648,1785806448732211,2178412052,2,2,0,-60,128,0,14,14,14,14,14,14,14,14,15,15,15,15,15,15,15,16,16,17,17,17,17,17,17,17,17,17,0,0,0,0,0,0,0,0,0,0,0,9,9,10,10,11,12,12,12,13,13,13,13,13,13,13,13,13,13,13,13,13,13,13,13,14,14,0,26,27,27,25,27,26,26,27,27,27,28,28,29,29,29,31,30,32,32,32,33,32,32,31,32,33,31,31,0,0,0,0,0,0,0,15,17,17,18,20,21,21,21,23,22,24,24,24,24,24,25,24,24,24,23,23,24,24,25,24,25,26,25
20260804_021426_df8648,1785806448836297,2178512027,2,2,0,-55,128,0,15,15,15,14,14,14,14,13,13,13,13,13,13,13,14,13,13,13,13,13,13,13,13,12,12,12,0,0,0,0,0,0,0,0,0,0,0,9,9,9,10,11,11,12,12,13,13,13,14,14,14,14,14,14,14,14,14,14,14,15,15,15,15,0,58,57,56,57,55,55,54,52,52,53,52,51,52,52,52,52,53,51,51,53,51,49,48,47,47,46,44,43,0,0,0,0,0,0,0,32,32,34,36,39,41,45,44,47,49,51,52,52,52,53,54,52,54,52,54,54,55,55,55,57,56,57,57
20260804_021426_df8648,1785806448935956,2178611849,2,2,0,-56,128,0,16,16,16,16,15,15,15,15,15,15,14,14,14,15,15,15,15,15,15,15,15,15,14,14,14,13,0,0,0,0,0,0,0,0,0,0,0,9,9,10,11,12,12,13,13,14,14,14,14,14,14,14,14,14,14,15,14,15,16,15,16,16,16,0,56,59,59,57,56,58,55,56,53,55,53,53,53,54,53,57,55,55,55,54,54,54,51,51,50,50,48,48,0,0,0,0,0,0,0,29,32,33,36,39,40,43,43,45,48,49,50,50,52,51,53,52,53,53,50,52,54,55,56,54,57,58,56
20260804_021426_df8648,1785806449033875,2178711937,2,2,0,-55,128,0,14,14,14,14,14,14,14,14,14,14,14,14,13,13,13,13,14,14,14,13,13,13,13,12,12,12,0,0,0,0,0,0,0,0,0,0,0,8,8,9,9,10,10,10,11,12,12,12,12,12,13,12,12,13,13,13,13,13,14,13,14,14,15,0,59,60,58,58,56,56,56,54,54,54,52,53,54,54,54,55,55,55,55,55,54,54,52,49,51,50,48,46,0,0,0,0,0,0,0,28,31,32,34,36,39,40,41,44,45,47,48,47,48,48,50,49,50,50,52,52,52,54,56,55,58,59,57
20260804_021426_df8648,1785806449133557,2178811340,2,2,0,-60,128,0,15,15,15,15,14,13,13,13,12,12,12,11,11,12,11,11,11,11,11,11,10,10,9,10,9,9,0,0,0,0,0,0,0,0,0,0,0,13,13,14,14,15,16,16,16,17,16,17,16,16,16,16,16,16,15,16,16,16,16,16,16,16,16,0,55,55,54,54,50,51,50,48,48,45,44,43,42,40,41,41,40,39,39,38,38,37,36,35,35,34,34,35,0,0,0,0,0,0,0,43,45,47,49,53,54,57,57,61,61,61,62,63,61,62,60,59,61,58,60,58,59,58,59,60,58,60,58
20260804_021426_df8648,1785806449231641,2178911731,2,2,0,-57,128,0,15,15,15,15,14,14,13,13,13,13,13,12,12,12,12,13,12,13,13,13,13,13,13,11,12,13,0,0,0,0,0,0,0,0,0,0,0,14,15,15,16,16,17,17,17,17,17,17,17,17,17,17,17,17,16,16,16,16,16,16,16,16,16,0,28,29,26,27,25,25,25,23,23,24,23,22,21,22,23,24,23,22,23,23,23,22,22,21,21,21,22,20,0,0,0,0,0,0,0,24,24,25,26,28,28,29,29,30,32,32,32,31,31,30,30,28,29,29,29,27,29,28,29,29,28,30,29
20260804_021426_df8648,1785806449335269,2179013784,2,2,0,-63,128,0,14,14,14,14,14,13,13,13,13,13,13,13,13,14,13,13,13,13,13,13,13,13,13,13,13,13,0,0,0,0,0,0,0,0,0,0,0,14,15,16,16,16,16,16,17,17,17,16,16,16,16,15,14,14,14,14,14,14,15,14,14,14,14,0,52,52,50,51,48,47,48,48,45,46,47,45,44,48,46,47,45,49,48,47,49,48,48,47,50,49,45,49,0,0,0,0,0,0,0,49,51,51,54,54,58,56,59,59,59,61,57,58,56,56,56,55,52,54,52,52,52,48,53,49,51,49,51
20260804_021426_df8648,1785806449433621,2179111693,2,2,0,-60,128,0,14,14,13,12,12,11,11,11,11,10,10,9,9,9,9,9,9,9,8,8,8,7,7,7,6,6,0,0,0,0,0,0,0,0,0,0,0,16,17,17,18,19,19,19,19,19,19,19,19,18,18,17,17,17,17,17,16,16,16,15,15,15,14,0,25,25,23,23,22,21,19,19,17,18,17,17,17,16,16,16,16,15,16,15,14,14,13,12,11,11,10,11,0,0,0,0,0,0,0,27,29,30,31,32,33,33,35,35,34,35,34,34,34,32,32,31,30,31,29,30,29,29,29,28,28,27,26
20260804_021426_df8648,1785806449531962,2179211659,2,2,0,-58,128,0,13,13,13,13,13,13,13,12,11,12,12,12,12,12,12,12,13,13,12,13,13,13,12,12,12,12,0,0,0,0,0,0,0,0,0,0,0,13,13,13,13,14,13,15,14,15,14,14,14,13,14,13,13,12,13,12,13,13,13,13,13,13,13,0,53,52,50,50,49,52,49,47,48,47,47,46,47,46,48,48,48,49,50,50,50,48,49,49,46,47,45,44,0,0,0,0,0,0,0,48,48,48,50,53,53,55,54,54,57,55,56,53,53,55,53,53,51,48,50,51,53,51,53,51,53,53,51
20260804_021426_df8648,1785806449630402,2179312124,2,2,0,-66,128,0,6,5,5,3,1,1,0,1,1,3,3,4,4,4,5,6,6,7,6,6,7,7,8,9,9,9,0,0,0,0,0,0,0,0,0,0,0,22,23,23,24,24,25,25,24,24,24,23,22,21,20,19,18,18,17,16,15,13,13,12,11,9,8,0,11,9,7,4,4,1,1,2,4,4,6,6,8,8,9,11,11,10,13,13,15,15,14,15,17,17,18,19,0,0,0,0,0,0,0,37,38,40,40,41,43,43,43,42,43,43,41,40,38,37,34,33,32,32,28,27,25,24,22,20,19,15,16
20260804_021426_df8648,1785806449733876,2179414600,2,2,0,-59,128,0,15,16,16,16,16,16,16,16,16,16,17,17,17,17,17,17,17,19,18,18,18,18,18,18,18,18,0,0,0,0,0,0,0,0,0,0,0,8,8,7,8,8,8,8,9,9,9,9,9,10,10,11,10,11,11,12,12,12,13,13,14,14,14,0,58,57,58,58,59,60,60,59,61,60,62,63,63,64,64,65,66,67,69,70,68,69,68,66,67,68,64,64,0,0,0,0,0,0,0,26,26,27,29,26,29,31,33,33,33,35,36,36,35,38,36,38,38,39,38,40,43,46,47,46,49,51,53
20260804_021426_df8648,1785806449836946,2179513961,2,2,0,-57,128,0,14,14,14,14,14,14,13,13,14,14,13,13,13,13,15,15,15,15,15,15,15,14,14,14,14,13,0,0,0,0,0,0,0,0,0,0,0,8,9,9,9,10,10,11,12,12,12,12,13,13,12,13,13,13,13,13,13,13,14,14,14,14,14,0,56,55,54,55,54,54,52,52,52,54,53,51,53,54,55,54,55,57,56,57,56,57,55,55,54,52,52,52,0,0,0,0,0,0,0,29,31,31,35,34,39,41,42,44,46,48,48,49,49,47,49,50,48,50,49,49,49,50,51,55,52,54,55
20260804_021426_df8648,1785806449935680,2179611673,2,2,0,-53,128,0,14,14,14,14,14,14,13,13,13,13,13,13,13,14,14,14,14,14,13,14,13,14,14,13,13,13,0,0,0,0,0,0,0,0,0,0,0,11,12,13,13,13,14,14,15,14,15,15,16,15,15,14,14,15,14,14,14,15,15,15,15,15,15,0,55,55,54,53,52,50,49,49,50,49,48,48,47,51,51,51,50,52,51,51,51,50,48,47,47,47,43,42,0,0,0,0,0,0,0,38,40,42,44,46,47,49,52,54,54,57,57,56,56,58,56,57,55,56,55,53,55,55,57,54,54,57,56
20260804_021426_df8648,1785806450034419,2179711874,2,2,0,-58,128,0,13,13,12,13,13,13,13,13,13,14,13,13,14,14,15,15,15,15,16,16,16,17,16,16,16,16,0,0,0,0,0,0,0,0,0,0,0,8,9,9,10,10,10,11,11,13,13,12,12,12,12,12,13,12,12,12,12,12,13,13,13,12,12,0,26,24,25,25,24,25,25,25,25,26,26,27,27,28,28,29,30,30,31,32,32,32,31,31,31,32,30,30,0,0,0,0,0,0,0,13,14,16,17,18,19,19,21,23,22,23,23,24,24,23,23,23,24,22,24,23,23,23,24,24,24,24,24
20260804_021426_df8648,1785806450138055,2179814051,2,2,0,-51,128,0,14,14,14,14,14,14,13,13,13,13,13,14,14,14,14,14,14,15,15,14,14,14,14,14,13,12,0,0,0,0,0,0,0,0,0,0,0,9,10,11,10,11,12,12,13,13,14,14,14,14,14,14,14,14,14,14,14,14,14,14,14,14,14,0,54,53,53,51,51,49,50,51,51,52,51,50,51,54,51,53,52,53,54,54,53,52,51,50,50,48,46,45,0,0,0,0,0,0,0,32,34,35,38,41,42,43,46,48,49,51,51,51,52,51,52,52,52,51,50,52,52,51,52,52,53,53,54
20260804_021426_df8648,1785806450234708,2179912394,2,2,0,-52,128,0,14,14,14,14,14,14,14,13,13,14,14,13,13,14,14,14,15,14,14,14,15,15,14,13,14,13,0,0,0,0,0,0,0,0,0,0,0,7,9,9,9,10,10,11,11,11,11,12,12,12,12,12,12,12,12,13,13,12,13,13,14,14,14,0,54,55,54,55,54,54,54,52,53,54,53,54,55,56,56,56,59,58,59,58,55,56,55,54,54,53,51,49,0,0,0,0,0,0,0,27,30,31,32,34,36,39,40,42,43,45,46,47,45,48,49,48,48,48,49,50,51,53,52,51,54,55,54
20260804_021426_df8648,1785806450334618,2180011706,2,2,0,-54,128,0,15,16,16,16,16,15,15,15,15,15,15,15,16,16,16,17,17,17,17,17,17,17,16,16,16,16,0,0,0,0,0,0,0,0,0,0,0,8,8,9,9,10,10,10,11,11,12,12,12,12,13,13,13,13,13,13,14,14,14,14,15,15,15,0,28,28,28,27,27,29,29,27,28,28,28,29,30,31,30,31,32,31,32,32,32,31,30,30,30,29,28,28,0,0,0,0,0,0,0,12,14,14,15,16,16,18,18,19,21,21,22,21,22,22,22,23,22,23,22,23,24,25,26,25,26,27,27
20260804_021426_df8648,1785806450433783,2180111784,2,2,0,-56,128,0,14,14,14,14,13,13,13,13,13,14,14,14,14,15,15,15,16,16,16,16,16,16,15,15,15,15,0,0,0,0,0,0,0,0,0,0,0,6,7,7,8,8,9,9,10,10,10,10,10,12,12,12,11,12,12,12,12,13,13,13,14,14,14,0,26,25,27,26,26,26,26,26,26,26,27,27,27,29,28,29,29,31,30,30,31,30,29,29,29,29,27,28,0,0,0,0,0,0,0,11,12,11,13,13,16,16,17,20,19,19,20,22,22,22,22,23,22,23,23,25,24,24,25,24,25,27,26
20260804_021426_df8648,1785806450532585,2180212392,2,2,0,-57,128,0,14,13,14,13,13,13,13,13,14,13,15,14,15,15,15,15,16,16,16,16,17,16,16,16,16,16,0,0,0,0,0,0,0,0,0,0,0,5,6,7,7,8,7,8,9,9,10,10,10,11,11,11,11,12,12,12,12,12,12,12,13,13,13,0,27,27,26,27,27,27,27,27,27,28,28,28,29,30,30,30,32,32,32,32,31,32,32,31,31,31,28,30,0,0,0,0,0,0,0,8,9,10,11,13,14,15,15,17,18,20,20,21,20,21,22,22,23,22,23,24,24,23,24,25,23,26,26
20260804_021426_df8648,1785806450631103,2180312264,2,2,0,-58,128,0,13,13,13,13,14,14,13,13,14,13,15,14,14,16,16,16,17,17,17,17,18,17,17,18,18,17,0,0,0,0,0,0,0,0,0,0,0,8,8,9,10,10,11,11,11,12,12,13,12,13,13,13,12,13,12,13,13,13,13,13,13,13,13,0,24,25,25,25,25,26,26,27,27,27,28,27,28,30,30,31,32,33,34,35,34,34,34,34,35,35,34,34,0,0,0,0,0,0,0,14,14,15,15,16,19,20,19,21,21,22,23,23,23,24,24,24,24,24,24,24,24,23,25,25,23,25,24
20260804_021426_df8648,1785806450736002,2180413779,2,2,0,-65,128,0,11,12,12,12,12,13,13,14,14,15,15,16,16,16,18,19,20,19,21,21,21,21,22,22,21,22,0,0,0,0,0,0,0,0,0,0,0,9,10,10,10,12,12,12,12,13,13,13,13,13,12,11,12,11,11,11,11,11,11,10,10,11,11,0,20,20,21,21,23,24,24,25,25,27,28,28,28,31,31,33,35,35,36,38,38,39,39,40,39,40,40,41,0,0,0,0,0,0,0,14,15,15,17,18,20,20,21,21,21,23,23,23,23,23,23,21,22,21,19,19,19,20,19,19,18,19,18
20260804_021426_df8648,1785806450835084,2180511503,2,2,0,-61,128,0,14,14,14,14,14,14,14,14,14,14,14,14,15,15,15,16,16,16,16,16,16,16,16,16,16,16,0,0,0,0,0,0,0,0,0,0,0,8,9,9,9,9,10,10,11,11,11,11,12,12,12,12,11,12,11,12,12,13,13,13,13,13,14,0,27,26,26,26,26,25,26,25,26,26,27,26,27,28,29,29,30,30,31,31,31,30,30,30,30,30,30,30,0,0,0,0,0,0,0,13,15,15,15,17,17,19,18,19,19,21,20,21,21,21,21,22,23,22,22,23,22,24,24,23,25,26,25
20260804_021426_df8648,1785806450933350,2180611681,2,2,0,-59,128,0,15,15,15,15,15,15,14,15,15,14,15,15,15,14,15,15,15,15,16,15,15,15,15,14,14,14,0,0,0,0,0,0,0,0,0,0,0,8,9,9,10,10,11,12,12,13,13,13,14,14,14,14,14,14,14,14,14,14,15,15,15,15,15,0,56,55,55,53,52,54,52,53,53,53,55,52,55,55,55,55,55,57,58,57,56,56,53,54,54,54,51,50,0,0,0,0,0,0,0,22,26,28,30,31,36,37,41,43,43,47,48,48,49,52,50,51,50,51,51,51,53,51,53,52,54,56,55
20260804_021426_df8648,1785806451032278,2180711647,2,2,0,-55,128,0,15,14,14,15,13,14,13,13,13,13,13,13,13,13,13,13,13,13,13,13,13,13,12,12,12,12,0,0,0,0,0,0,0,0,0,0,0,9,10,10,11,12,12,12,13,13,14,14,14,14,14,14,15,14,14,14,14,14,14,15,14,15,14,0,57,55,54,55,54,53,51,50,49,52,51,49,49,49,49,52,51,52,51,50,49,49,46,47,46,47,45,45,0,0,0,0,0,0,0,32,36,35,38,41,44,44,47,49,50,54,53,54,54,53,54,54,55,53,54,56,55,54,54,57,58,56,57
20260804_021426_df8648,1785806451142504,2180819339,2,2,0,-54,128,0,14,14,14,14,13,14,13,13,13,13,13,13,13,14,14,14,14,15,15,15,15,14,14,14,14,14,0,0,0,0,0,0,0,0,0,0,0,9,10,11,12,12,13,13,14,14,14,14,14,14,13,14,14,14,14,13,13,13,14,13,14,14,14,0,55,53,52,53,51,51,51,50,50,51,51,51,49,51,53,53,53,55,55,54,55,53,54,52,52,50,51,51,0,0,0,0,0,0,0,33,35,38,40,41,44,47,50,51,52,53,54,55,53,54,53,53,54,52,53,52,52,52,52,52,54,51,53
20260804_021426_df8648,1785806451236184,2180913717,2,2,0,-56,128,0,13,13,13,13,13,13,14,14,14,14,14,15,15,16,16,16,17,18,18,17,17,17,17,18,17,18,0,0,0,0,0,0,0,0,0,0,0,8,8,8,9,10,10,10,11,11,11,11,11,11,11,11,11,11,11,11,11,11,12,12,12,13,13,0,51,53,51,53,50,54,53,53,53,56,53,56,56,59,64,61,64,66,68,72,71,68,69,68,68,67,66,66,0,0,0,0,0,0,0,24,28,30,29,32,35,37,37,40,42,44,45,45,44,46,44,44,45,43,46,43,44,46,46,49,47,50,48
20260804_021426_df8648,1785806451334887,2181011813,2,2,0,-60,128,0,13,13,13,13,13,13,13,13,14,14,14,15,14,15,15,16,16,16,17,17,17,18,18,17,17,17,0,0,0,0,0,0,0,0,0,0,0,6,8,8,8,9,9,10,10,11,11,11,11,11,11,11,11,11,11,10,11,11,11,11,12,13,13,0,25,26,26,26,26,26,26,26,26,28,28,27,28,29,30,31,32,33,33,34,34,34,34,34,34,33,34,32,0,0,0,0,0,0,0,11,11,13,13,16,17,17,18,18,19,21,21,21,21,21,21,20,21,20,21,20,21,21,21,22,22,23,24
20260804_021426_df8648,1785806451433947,2181112198,2,2,0,-55,128,0,14,14,13,13,13,13,13,13,13,14,13,13,13,13,14,14,14,14,14,14,14,14,14,14,14,14,0,0,0,0,0,0,0,0,0,0,0,7,8,9,9,9,10,11,11,11,12,12,12,12,13,12,12,12,12,12,13,13,13,13,13,13,13,0,55,54,55,52,52,52,52,51,51,51,52,51,55,55,53,54,56,56,58,58,56,56,55,55,56,54,52,52,0,0,0,0,0,0,0,25,28,29,31,34,36,40,40,43,44,45,46,47,46,48,48,49,47,48,48,49,49,50,51,53,52,54,52
20260804_021426_df8648,1785806451531787,2181210951,2,2,0,-60,128,0,14,16,16,15,15,15,15,15,16,15,15,15,16,16,16,16,17,17,17,17,17,17,17,17,17,17,0,0,0,0,0,0,0,0,0,0,0,6,7,8,9,9,9,9,10,10,11,11,11,11,11,11,11,13,12,12,13,12,13,13,13,14,14,0,54,57,55,57,57,58,57,56,57,57,59,58,61,61,62,62,63,66,65,65,63,64,64,64,64,63,59,61,0,0,0,0,0,0,0,21,23,22,25,29,30,32,33,34,38,38,42,41,43,42,42,45,45,45,45,44,46,47,47,48,51,51,52
20260804_021426_df8648,1785806451629583,2181311242,2,2,0,-60,128,0,13,14,14,15,15,15,14,14,14,15,15,15,15,15,17,16,16,17,17,17,17,17,18,18,17,18,0,0,0,0,0,0,0,0,0,0,0,7,7,7,8,8,8,9,10,11,11,11,10,11,11,11,11,11,11,11,11,12,12,13,13,13,13,0,54,54,52,54,54,54,54,56,56,57,58,57,57,60,61,63,65,65,68,66,67,65,67,67,68,67,67,66,0,0,0,0,0,0,0,20,22,25,26,28,30,30,33,35,37,38,39,39,40,40,41,40,42,41,44,44,44,44,45,47,48,50,49
20260804_021426_df8648,1785806451734171,2181411712,2,2,0,-56,128,0,14,16,16,16,15,15,16,16,16,16,16,16,16,17,17,17,17,17,19,18,17,18,17,17,17,16,0,0,0,0,0,0,0,0,0,0,0,5,6,6,6,8,8,8,8,9,10,10,10,11,11,11,11,11,11,12,12,12,13,13,13,14,14,0,56,57,58,56,58,61,58,61,61,62,62,62,62,65,64,66,66,67,70,69,69,69,67,65,65,65,62,62,0,0,0,0,0,0,0,16,18,21,21,22,25,26,29,32,31,34,36,37,37,39,39,42,40,42,42,43,44,45,49,49,51,52,53
20260804_021426_df8648,1785806451832097,2181511522,2,2,0,-57,128,0,13,13,13,13,13,13,14,13,14,14,14,14,14,15,15,16,16,16,16,16,16,16,15,15,15,15,0,0,0,0,0,0,0,0,0,0,0,7,7,8,9,9,10,10,11,11,11,11,11,11,11,11,11,11,11,11,11,11,12,12,12,12,12,0,25,26,26,26,26,26,27,27,27,28,28,28,28,30,31,31,31,32,33,31,32,31,31,31,31,31,29,30,0,0,0,0,0,0,0,13,14,14,15,16,18,19,20,21,20,21,23,23,22,23,23,22,23,23,22,23,23,23,23,22,23,24,24
20260804_021426_df8648,1785806451930685,2181611679,2,2,0,-60,128,0,10,10,10,11,11,12,12,12,14,14,15,15,16,16,17,17,18,19,19,20,20,20,20,20,19,19,0,0,0,0,0,0,0,0,0,0,0,7,7,7,8,8,8,8,8,8,8,8,8,8,8,8,8,8,8,8,7,8,8,7,8,8,9,0,19,19,20,21,22,24,25,25,27,28,29,29,31,32,34,35,37,37,38,38,39,39,39,38,39,38,38,39,0,0,0,0,0,0,0,12,13,13,13,15,15,16,16,16,16,17,17,16,16,16,16,15,15,14,15,15,14,15,15,15,15,17,16
20260804_021426_df8648,1785806452030959,2181712026,2,2,0,-61,128,0,7,7,9,6,7,8,6,6,8,8,10,9,11,10,12,12,13,15,14,16,17,16,17,17,17,18,0,0,0,0,0,0,0,0,0,0,0,15,15,16,16,17,17,18,18,19,19,18,17,17,17,16,16,15,14,13,13,12,12,11,11,9,8,0,14,13,18,11,11,16,14,14,13,14,16,17,19,20,23,23,25,26,27,30,31,31,31,32,33,34,34,34,0,0,0,0,0,0,0,25,25,27,28,29,30,32,31,32,34,33,33,32,32,30,31,29,28,26,26,24,24,23,22,19,20,18,17
20260804_021426_df8648,1785806452135139,2181812101,2,2,0,-58,128,0,11,10,12,12,11,12,13,12,13,13,13,13,13,13,14,15,15,15,16,15,15,16,16,16,15,16,0,0,0,0,0,0,0,0,0,0,0,10,11,11,12,12,13,13,13,13,13,13,14,14,13,13,13,13,12,13,11,12,12,11,12,12,11,0,23,20,19,22,22,25,24,21,26,25,25,25,27,27,28,28,29,29,27,30,31,30,29,29,29,30,29,29,0,0,0,0,0,0,0,18,20,20,21,22,23,24,25,24,26,26,25,27,25,25,25,25,24,24,23,23,22,23,22,23,22,21,21
20260804_021426_df8648,1785806452239167,2181915489,2,2,0,-59,128,0,14,14,14,14,13,13,13,12,12,12,13,13,13,13,13,13,13,13,14,14,14,13,13,13,14,14,0,0,0,0,0,0,0,0,0,0,0,8,9,9,10,11,12,13,12,13,13,13,14,14,14,14,14,14,14,14,15,14,15,14,15,14,14,0,55,52,51,52,48,50,48,49,47,50,50,48,49,50,51,52,52,52,54,53,52,54,52,52,53,52,52,53,0,0,0,0,0,0,0,29,31,31,34,37,39,41,44,45,48,49,52,52,52,52,53,53,54,54,54,53,55,55,54,55,55,54,55
20260804_021426_df8648,1785806452331816,2182011449,2,2,0,-54,128,0,13,13,13,13,13,13,13,13,13,14,14,14,14,15,15,15,15,16,17,17,17,16,16,16,16,16,0,0,0,0,0,0,0,0,0,0,0,8,8,8,8,9,10,11,11,11,11,11,11,11,12,12,12,12,12,12,12,13,13,13,13,13,13,0,54,54,53,52,52,53,52,50,52,53,56,56,56,59,59,63,62,66,65,66,66,66,64,64,65,64,62,63,0,0,0,0,0,0,0,25,28,29,32,32,35,36,38,40,42,45,43,45,46,46,46,47,48,48,47,48,49,49,50,51,52,52,49
20260804_021426_df8648,1785806452436265,2182112126,2,2,0,-54,128,0,14,14,14,13,13,13,13,13,13,13,13,13,13,14,14,14,15,15,15,15,15,15,15,15,15,16,0,0,0,0,0,0,0,0,0,0,0,12,12,13,13,14,14,14,15,15,16,16,15,15,15,14,15,14,15,14,14,14,14,14,14,14,14,0,50,51,49,48,48,47,48,48,46,49,47,50,50,51,52,53,55,54,55,56,58,58,57,56,58,58,55,57,0,0,0,0,0,0,0,43,42,43,46,48,50,51,51,53,54,56,56,56,55,55,55,53,54,52,52,51,53,52,54,53,52,51,50
20260804_021426_df8648,1785806452535070,2182213355,2,2,0,-56,128,0,12,12,12,13,12,12,12,13,13,13,13,13,14,14,14,14,16,16,16,16,16,16,16,16,16,15,0,0,0,0,0,0,0,0,0,0,0,13,13,14,14,14,14,15,15,15,16,15,15,14,14,13,14,13,13,13,13,13,12,12,13,13,12,0,45,45,46,46,47,48,44,46,45,49,51,49,49,52,53,55,56,60,61,59,62,58,60,60,57,60,59,61,0,0,0,0,0,0,0,43,46,43,47,51,52,52,55,57,56,54,56,57,52,53,50,49,48,48,46,48,48,48,43,47,47,44,46
20260804_021426_df8648,1785806452632747,2182312323,2,2,0,-56,128,0,13,13,14,14,14,14,15,15,14,16,15,16,16,17,17,18,18,19,19,19,19,19,19,19,19,18,0,0,0,0,0,0,0,0,0,0,0,6,6,7,8,7,8,7,7,8,8,8,8,8,8,8,8,9,9,9,9,10,10,11,11,12,12,0,49,51,53,52,52,54,55,58,57,60,62,64,66,68,66,70,72,73,75,74,76,75,73,75,74,74,72,72,0,0,0,0,0,0,0,23,24,23,25,25,26,26,26,28,28,30,27,28,29,29,31,30,30,33,31,35,36,38,40,40,43,45,46
20260804_021426_df8648,1785806452736948,2182413830,2,2,0,-56,128,0,13,13,14,13,14,14,14,14,14,14,15,15,14,14,15,15,15,15,16,15,16,16,16,16,16,16,0,0,0,0,0,0,0,0,0,0,0,12,13,13,13,14,14,14,14,14,14,13,13,13,13,13,12,13,13,12,12,13,13,13,13,13,13,0,51,50,51,52,52,53,51,52,51,54,53,54,54,56,56,58,60,59,61,61,60,60,60,61,59,60,58,59,0,0,0,0,0,0,0,43,45,45,47,48,50,51,51,53,53,54,53,52,50,50,49,48,48,46,46,47,48,48,48,48,48,49,49
20260804_021426_df8648,1785806452830109,2182511263,2,2,0,-57,128,0,13,13,13,13,12,11,11,11,11,11,11,12,11,12,12,12,13,13,13,13,13,13,14,13,13,14,0,0,0,0,0,0,0,0,0,0,0,13,14,14,14,15,15,15,16,16,16,16,16,15,15,14,14,14,14,14,13,13,14,13,14,14,13,0,25,23,23,24,22,22,22,21,22,22,22,22,23,23,22,24,23,25,25,24,25,26,24,25,25,26,25,25,0,0,0,0,0,0,0,22,23,24,26,26,27,28,28,29,29,29,29,29,29,28,28,28,28,27,26,27,26,24,26,25,25,26,24
20260804_021426_df8648,1785806452934126,2182611669,2,2,0,-55,128,0,13,13,13,13,13,13,13,13,12,13,12,13,13,13,14,13,14,13,14,13,14,13,13,13,13,12,0,0,0,0,0,0,0,0,0,0,0,10,10,11,11,12,12,12,12,12,13,13,13,13,13,11,13,11,13,11,12,14,13,14,13,13,13,0,52,54,53,52,52,51,51,50,51,51,50,52,52,52,52,53,55,52,55,52,54,53,53,51,51,49,50,49,0,0,0,0,0,0,0,38,41,40,42,45,47,47,48,50,50,51,52,51,50,50,50,50,50,49,50,50,50,53,52,51,52,53,52
20260804_021426_df8648,1785806453033577,2182711823,2,2,0,-55,128,0,14,14,14,14,13,13,13,13,13,13,13,13,13,13,13,12,13,12,12,12,12,12,11,11,11,11,0,0,0,0,0,0,0,0,0,0,0,14,15,15,16,16,16,16,16,16,17,17,16,17,16,16,15,15,15,15,15,14,14,14,14,15,14,0,51,53,49,50,49,49,49,48,47,48,47,47,48,47,47,47,47,47,47,47,45,43,43,43,43,44,41,42,0,0,0,0,0,0,0,50,51,53,54,57,58,60,60,61,61,63,62,61,59,59,58,57,54,54,54,55,54,55,53,54,53,54,55
20260804_021426_df8648,1785806453172284,2182852751,2,2,0,-52,128,0,14,15,14,14,14,14,14,13,13,12,12,13,13,13,13,13,13,13,13,13,13,13,13,12,12,12,0,0,0,0,0,0,0,0,0,0,0,10,11,11,12,12,12,13,14,14,15,14,14,14,14,14,14,14,14,14,14,15,15,14,15,15,15,0,55,56,54,52,53,53,51,49,48,49,49,49,50,49,49,50,51,51,51,50,50,49,47,47,46,45,43,44,0,0,0,0,0,0,0,35,39,39,41,44,47,48,50,52,53,55,56,55,55,57,55,56,55,55,56,55,57,56,58,56,57,57,55
20260804_021426_df8648,1785806453230951,2182910961,2,2,0,-56,128,0,13,13,13,13,14,13,14,13,13,13,14,14,14,15,15,15,16,16,16,16,16,16,17,16,16,16,0,0,0,0,0,0,0,0,0,0,0,9,10,9,10,10,11,11,12,12,12,13,13,13,13,13,12,13,13,13,13,13,13,13,13,13,13,0,52,51,52,51,50,51,51,50,49,53,52,54,55,56,58,60,61,63,60,63,63,62,63,62,62,61,63,61,0,0,0,0,0,0,0,31,32,34,36,37,40,41,43,45,46,46,47,48,46,49,48,48,47,49,49,49,50,51,51,51,52,51,52
20260804_021426_df8648,1785806453332665,2183011579,2,2,0,-54,128,0,14,14,14,14,14,13,13,13,13,13,14,13,13,14,14,14,14,15,15,14,14,14,14,14,14,14,0,0,0,0,0,0,0,0,0,0,0,11,11,11,13,13,14,14,15,14,14,14,14,15,15,15,15,15,15,15,15,15,15,15,14,14,14,0,53,51,52,50,48,48,47,47,47,48,49,47,49,50,50,52,51,51,53,53,54,52,51,50,50,51,50,50,0,0,0,0,0,0,0,35,37,40,42,42,44,46,49,51,51,55,53,54,54,54,54,53,54,54,53,52,53,54,54,54,52,54,54
20260804_021426_df8648,1785806453434711,2183113951,2,2,0,-59,128,0,14,15,15,14,14,14,14,13,13,13,13,13,14,14,13,14,14,14,14,14,14,14,14,14,14,15,0,0,0,0,0,0,0,0,0,0,0,13,13,13,14,13,15,14,15,15,15,15,15,15,15,16,14,15,14,16,15,15,15,15,16,15,15,0,58,56,55,52,54,52,51,51,50,50,51,50,50,51,51,52,51,53,53,52,53,53,52,51,52,55,50,52,0,0,0,0,0,0,0,42,45,46,49,48,52,53,54,54,56,56,56,56,56,55,57,56,54,55,54,54,56,57,59,57,57,57,57
20260804_021426_df8648,1785806453531561,2183212306,2,2,0,-53,128,0,13,13,13,12,13,12,11,11,11,11,11,12,12,12,12,12,13,13,13,12,12,12,12,12,11,11,0,0,0,0,0,0,0,0,0,0,0,10,11,11,12,12,12,14,14,14,13,13,13,14,14,14,13,13,13,13,13,13,13,13,13,13,13,0,52,53,52,50,48,49,48,47,47,47,47,48,48,48,48,49,50,49,51,50,50,48,48,47,47,46,46,44,0,0,0,0,0,0,0,37,39,40,42,45,47,48,50,52,53,54,55,55,55,54,55,53,54,51,55,52,53,54,53,54,53,55,51
20260804_021426_df8648,1785806453644489,2183322484,2,2,0,-53,128,0,13,13,13,13,13,13,12,13,13,13,13,13,13,14,14,14,14,15,15,15,15,15,15,14,14,14,0,0,0,0,0,0,0,0,0,0,0,12,12,13,13,14,14,14,14,15,15,15,15,14,15,14,14,14,14,14,14,14,14,14,14,14,14,0,50,50,48,48,48,47,46,45,47,48,48,48,48,50,52,54,54,56,55,54,55,53,54,52,53,54,51,53,0,0,0,0,0,0,0,39,41,44,44,46,49,50,52,54,55,56,55,55,55,55,55,52,52,53,50,50,51,51,52,51,50,50,50
20260804_021426_df8648,1785806453730386,2183411638,2,2,0,-55,128,0,13,13,14,13,13,12,13,12,13,12,13,13,13,13,14,14,14,14,14,14,15,15,15,14,15,15,0,0,0,0,0,0,0,0,0,0,0,10,11,12,13,12,13,13,14,14,15,15,15,15,15,15,14,15,14,15,14,14,15,14,14,14,14,0,51,51,48,49,48,49,47,47,48,46,46,47,50,51,50,53,53,55,54,56,56,55,56,56,55,54,53,53,0,0,0,0,0,0,0,33,35,38,39,41,44,47,48,51,51,54,55,54,55,55,56,55,54,53,53,54,53,54,54,50,53,52,50
20260804_021426_df8648,1785806453834103,2183511686,2,2,0,-55,128,0,13,14,14,13,12,13,13,12,13,13,14,13,14,15,15,15,16,16,16,16,16,16,16,16,15,15,0,0,0,0,0,0,0,0,0,0,0,11,11,11,12,13,14,14,14,13,14,14,14,13,13,13,13,13,13,13,13,13,13,13,13,13,13,0,48,48,48,46,47,46,46,46,47,48,49,49,51,53,53,55,55,57,58,59,57,57,57,57,57,57,53,56,0,0,0,0,0,0,0,35,37,41,41,42,47,47,48,49,50,52,52,52,53,49,50,49,51,51,48,48,50,48,48,48,47,47,50
20260804_021426_df8648,1785806453935594,2183612902,2,2,0,-56,128,0,12,12,12,12,12,11,11,12,11,12,12,12,13,13,13,13,14,15,15,15,15,15,15,15,15,14,0,0,0,0,0,0,0,0,0,0,0,13,13,14,15,14,15,15,15,15,16,16,15,15,15,14,14,13,13,13,13,13,12,12,13,12,12,0,45,43,44,44,44,44,44,45,44,45,47,47,49,51,51,52,54,56,57,57,58,56,56,57,56,57,55,56,0,0,0,0,0,0,0,44,46,48,49,52,54,56,56,56,59,59,58,58,59,55,54,51,50,49,48,49,47,48,47,44,45,44,43
20260804_021426_df8648,1785806454032696,2183712509,2,2,0,-59,128,0,10,10,10,11,11,11,11,12,12,12,12,13,13,14,14,15,15,16,16,16,17,17,17,16,16,17,0,0,0,0,0,0,0,0,0,0,0,11,12,12,13,13,14,14,14,14,14,14,13,13,12,12,12,12,11,11,11,11,11,10,11,10,11,0,40,42,43,40,43,42,42,44,45,45,49,50,50,54,53,57,56,61,62,62,64,63,61,65,63,66,62,65,0,0,0,0,0,0,0,41,43,45,48,47,53,51,55,55,56,56,53,54,52,51,49,49,46,46,42,45,43,44,41,41,40,41,42
20260804_021426_df8648,1785806454130886,2183811385,2,2,0,-56,128,0,13,14,13,13,13,13,13,13,13,13,13,13,13,13,14,14,15,15,15,15,14,14,14,14,14,14,0,0,0,0,0,0,0,0,0,0,0,11,12,12,13,14,14,14,14,14,15,15,14,15,15,15,14,15,13,14,14,14,14,14,14,14,14,0,52,55,51,50,50,51,49,49,48,48,49,50,52,54,52,54,54,54,56,56,57,57,55,55,55,56,52,55,0,0,0,0,0,0,0,38,41,43,46,47,49,50,52,53,53,55,55,56,55,56,54,54,54,53,51,55,54,53,53,51,51,50,51
20260804_021426_df8648,1785806454232237,2183911585,2,2,0,-57,128,0,11,12,11,11,10,10,10,11,10,10,11,11,12,12,12,12,13,13,13,13,13,13,13,13,13,12,0,0,0,0,0,0,0,0,0,0,0,14,15,15,16,16,16,17,18,18,17,17,17,17,17,16,15,15,15,15,14,14,14,13,14,13,13,0,46,42,42,41,40,37,38,40,39,40,40,39,41,43,43,44,45,47,46,47,48,47,46,45,44,46,43,46,0,0,0,0,0,0,0,46,47,50,54,55,57,61,64,62,65,67,65,65,64,61,63,61,57,57,52,54,52,53,51,52,48,48,47
20260804_021426_df8648,1785806454335055,2184010943,2,2,0,-54,128,0,14,13,13,13,13,12,12,12,12,12,12,12,11,12,12,12,13,13,13,13,13,13,11,12,11,11,0,0,0,0,0,0,0,0,0,0,0,12,12,13,14,14,15,16,16,16,16,16,16,15,15,15,15,14,14,14,14,14,14,14,14,14,13,0,26,25,24,24,23,23,23,22,23,22,22,22,23,23,23,23,23,24,24,23,23,23,23,23,23,21,21,21,0,0,0,0,0,0,0,21,21,22,24,24,26,27,27,29,29,30,29,29,29,29,28,29,27,27,26,27,26,26,26,26,27,26,26
20260804_021426_df8648,1785806454433105,2184111554,2,2,0,-54,128,0,14,14,14,14,15,14,14,14,14,14,15,14,14,15,16,16,16,16,16,16,16,16,16,16,15,15,0,0,0,0,0,0,0,0,0,0,0,11,11,12,13,13,13,14,14,14,15,15,14,15,14,14,15,14,14,14,14,14,14,14,14,14,14,0,51,54,52,52,49,51,49,51,50,52,53,51,53,54,57,55,58,56,59,59,59,59,59,56,57,55,56,54,0,0,0,0,0,0,0,38,39,40,40,43,45,49,48,51,51,52,53,53,53,51,50,50,51,48,50,49,50,50,50,52,51,52,51
20260804_021426_df8648,1785806454534500,2184211033,2,2,0,-56,128,0,11,11,11,11,11,11,11,11,11,12,13,13,13,14,14,15,15,16,16,16,17,17,16,16,16,16,0,0,0,0,0,0,0,0,0,0,0,11,11,11,12,12,12,12,13,13,13,13,12,12,12,12,12,12,11,10,11,10,11,10,11,11,11,0,22,22,21,22,20,21,22,22,23,24,25,25,26,27,28,29,29,32,32,33,32,33,32,32,33,33,32,33,0,0,0,0,0,0,0,20,20,21,22,22,24,24,24,25,25,26,25,25,25,24,24,23,23,22,22,22,22,21,22,22,21,23,23
20260804_021426_df8648,1785806454642613,2184322402,2,2,0,-56,128,0,11,12,13,12,14,14,14,13,15,14,16,16,15,16,16,17,18,18,18,18,19,19,19,18,19,19,0,0,0,0,0,0,0,0,0,0,0,9,10,10,11,11,11,11,12,12,12,11,11,11,11,11,11,10,11,10,11,11,11,11,12,13,12,0,23,22,28,23,23,25,25,24,27,27,26,26,31,31,28,31,31,32,31,33,32,33,32,33,34,34,32,33,0,0,0,0,0,0,0,16,16,16,17,17,19,20,21,19,20,21,20,19,19,20,17,20,20,20,19,20,22,21,21,22,21,21,22
20260804_021426_df8648,1785806454771796,2184450870,2,2,0,-58,128,0,11,11,12,13,13,14,14,14,14,15,16,16,17,17,18,19,20,20,20,21,21,21,22,22,21,21,0,0,0,0,0,0,0,0,0,0,0,4,5,5,5,6,6,6,6,6,6,6,6,6,6,7,7,7,7,7,8,9,9,9,10,10,10,0,22,23,25,24,24,26,27,28,28,29,30,31,32,33,35,36,38,38,39,41,42,41,42,41,41,41,42,40,0,0,0,0,0,0,0,8,9,9,9,10,11,11,11,12,13,12,13,12,12,13,14,13,14,13,15,15,15,15,17,18,18,19,21
20260804_021426_df8648,1785806454834296,2184511139,2,2,0,-57,128,0,10,11,11,10,11,11,11,12,12,12,13,13,14,14,15,15,16,16,17,17,17,18,18,18,17,17,0,0,0,0,0,0,0,0,0,0,0,12,12,12,14,14,13,14,15,15,14,14,14,14,14,14,13,12,11,12,12,11,11,11,11,11,11,0,21,20,21,20,20,21,22,21,22,23,25,26,25,28,28,29,30,31,32,32,33,33,32,33,33,34,31,34,0,0,0,0,0,0,0,20,22,22,23,24,26,26,26,26,27,27,27,27,26,26,25,24,24,23,23,23,22,21,21,21,20,19,19
20260804_021426_df8648,1785806454928866,2184611509,2,2,0,-60,128,0,11,11,11,12,12,12,13,13,14,15,14,15,16,16,17,17,19,18,19,20,20,20,21,20,20,20,0,0,0,0,0,0,0,0,0,0,0,4,4,4,3,3,3,3,3,4,4,3,4,4,3,4,5,5,6,6,7,7,8,8,9,9,10,0,22,22,24,24,25,25,26,27,27,30,30,31,33,33,35,36,38,40,40,40,41,41,42,41,42,41,41,41,0,0,0,0,0,0,0,7,8,8,7,6,7,6,5,7,6,6,6,6,7,7,8,9,10,11,12,12,14,15,16,17,17,19,19
20260804_021426_df8648,1785806455030244,2184711632,2,2,0,-63,128,0,6,6,6,5,5,6,6,7,8,9,9,10,11,11,13,13,14,15,16,16,17,18,18,18,18,20,0,0,0,0,0,0,0,0,0,0,0,18,18,19,19,20,19,19,19,19,18,17,16,15,15,14,13,12,12,11,10,10,9,8,7,7,6,0,9,9,9,9,10,11,12,13,14,15,17,19,19,21,24,23,26,28,29,31,32,33,34,35,35,36,37,37,0,0,0,0,0,0,0,32,33,33,33,35,35,36,34,35,34,34,35,32,32,30,27,25,25,23,22,20,20,18,18,15,15,12,12
20260804_021426_df8648,1785806455130397,2184811404,2,2,0,-58,128,0,13,14,13,13,13,13,14,14,14,14,14,14,15,15,16,16,17,17,17,17,18,18,18,18,19,18,0,0,0,0,0,0,0,0,0,0,0,9,10,11,11,11,11,11,11,12,12,12,11,11,12,11,12,11,12,12,12,12,13,12,13,13,13,0,50,50,53,49,51,50,50,52,50,51,54,53,55,59,57,61,62,65,65,67,68,68,67,66,69,71,67,70,0,0,0,0,0,0,0,35,35,35,39,39,40,39,43,42,42,43,43,44,41,42,44,43,44,46,44,48,46,46,49,48,48,49,50
20260804_021426_df8648,1785806455234167,2184912958,2,2,0,-55,128,0,14,14,14,13,13,13,12,12,12,12,13,13,13,13,13,13,14,14,14,14,14,14,14,14,14,13,0,0,0,0,0,0,0,0,0,0,0,13,14,14,15,15,16,16,17,17,17,17,17,17,17,16,16,16,16,16,16,15,16,15,15,15,15,0,26,25,25,24,23,24,22,22,22,24,23,23,23,23,24,24,25,25,25,25,25,25,24,24,24,25,23,24,0,0,0,0,0,0,0,21,23,24,24,26,26,28,29,30,31,31,31,30,32,31,31,30,30,30,29,29,28,27,28,28,27,27,27
20260804_021426_df8648,1785806455334994,2185013733,2,2,0,-53,128,0,14,15,15,14,13,13,13,13,13,13,13,12,12,13,13,13,13,13,13,13,13,12,12,12,11,11,0,0,0,0,0,0,0,0,0,0,0,11,11,12,12,13,14,15,15,15,16,16,16,16,16,16,17,15,16,16,15,15,16,15,15,15,15,0,55,55,53,51,51,50,49,49,47,48,49,48,48,48,47,48,49,49,48,48,48,46,45,44,42,42,41,42,0,0,0,0,0,0,0,35,37,38,41,44,48,50,53,55,56,57,60,59,60,61,59,59,59,59,58,61,59,58,59,57,59,57,55
20260804_021426_df8648,1785806455435708,2185112279,2,2,0,-53,128,0,13,13,13,13,13,12,12,12,11,11,11,12,12,13,13,13,13,13,14,14,13,13,13,13,13,13,0,0,0,0,0,0,0,0,0,0,0,11,12,12,14,14,14,14,15,15,15,16,16,16,16,16,15,15,14,15,15,14,15,14,14,14,14,0,50,49,48,47,46,45,44,44,42,44,44,45,46,48,47,49,48,50,49,49,52,49,50,48,49,48,47,47,0,0,0,0,0,0,0,37,40,42,45,47,51,51,54,55,57,59,59,60,57,59,59,57,58,56,57,56,55,55,53,53,54,55,51
20260804_021426_df8648,1785806455530509,2185211843,2,2,0,-53,128,0,14,15,14,14,13,14,14,14,14,14,14,14,15,15,16,16,16,16,16,16,16,16,16,16,16,16,0,0,0,0,0,0,0,0,0,0,0,11,11,12,13,14,14,14,14,14,15,15,15,15,15,15,15,15,15,15,15,15,15,14,14,14,14,0,52,50,51,49,50,50,48,50,50,50,51,52,52,54,53,55,57,57,57,56,58,58,56,55,54,53,52,52,0,0,0,0,0,0,0,34,38,38,40,43,45,47,49,50,51,54,54,52,54,52,53,52,52,52,51,51,52,53,51,52,49,52,51
20260804_021426_df8648,1785806455631717,2185311717,2,2,0,-55,128,0,13,13,13,14,13,13,13,13,14,14,14,14,14,15,15,15,16,15,16,15,15,15,15,14,14,14,0,0,0,0,0,0,0,0,0,0,0,10,9,11,11,11,12,13,13,13,13,13,13,14,14,12,14,13,14,13,13,13,14,13,13,13,13,0,52,54,54,52,51,50,52,52,53,53,52,53,56,55,57,58,57,60,61,59,59,57,56,54,56,56,53,52,0,0,0,0,0,0,0,32,34,38,39,40,43,43,47,48,50,50,50,51,51,52,52,53,52,54,51,50,52,53,52,52,51,53,52
20260804_021426_df8648,1785806455733095,2185411766,2,2,0,-56,128,0,13,14,14,14,14,14,14,14,14,15,15,15,16,16,16,17,17,17,17,17,17,17,17,17,17,17,0,0,0,0,0,0,0,0,0,0,0,8,8,9,9,10,11,11,11,12,12,12,12,12,12,12,12,12,12,13,13,13,13,13,13,13,13,0,53,53,53,52,53,52,53,54,56,56,58,59,60,61,63,62,65,66,68,66,68,67,67,65,64,65,62,61,0,0,0,0,0,0,0,28,28,30,33,33,35,36,38,40,43,44,44,44,46,46,46,46,46,47,48,49,47,49,49,49,52,50,51
20260804_021426_df8648,1785806455834090,2185511928,2,2,0,-55,128,0,13,14,14,14,14,14,15,15,15,15,16,16,16,16,17,17,18,18,18,18,18,18,18,18,18,18,0,0,0,0,0,0,0,0,0,0,0,6,7,7,7,8,8,8,9,9,9,9,9,10,10,10,10,10,10,11,11,11,12,12,12,13,13,0,27,27,27,27,28,29,28,29,29,30,31,31,31,33,34,34,35,35,36,36,36,36,36,35,34,35,33,33,0,0,0,0,0,0,0,12,12,12,13,13,14,16,16,16,17,18,19,19,19,19,20,20,21,20,21,22,21,22,22,23,24,25,25
20260804_021426_df8648,1785806455935239,2185611766,2,2,0,-60,128,0,12,12,12,12,12,13,12,13,13,13,14,15,15,16,16,16,17,17,18,17,17,17,17,17,17,16,0,0,0,0,0,0,0,0,0,0,0,4,4,5,5,6,7,7,8,9,9,10,10,11,11,10,10,10,10,11,11,11,11,12,11,11,11,0,46,48,48,51,48,50,51,52,55,56,56,59,59,62,64,64,69,66,70,69,71,70,69,70,69,67,68,65,0,0,0,0,0,0,0,15,16,17,17,23,23,26,28,32,34,37,38,40,41,41,43,43,43,43,44,44,44,44,46,46,46,45,45
20260804_021426_df8648,1785806456031667,2185711671,2,2,0,-60,128,0,14,14,14,14,13,13,13,14,14,14,14,14,14,14,16,16,16,16,17,17,17,17,16,16,16,15,0,0,0,0,0,0,0,0,0,0,0,7,8,9,10,10,11,11,12,12,13,13,14,14,14,14,14,14,14,14,15,14,15,15,14,15,14,0,55,54,53,50,49,52,50,50,51,51,56,54,55,57,57,59,60,61,64,61,61,61,60,59,58,58,56,55,0,0,0,0,0,0,0,22,25,26,30,32,34,37,40,44,45,47,49,50,54,52,54,54,54,54,54,54,54,55,54,53,54,55,54
20260804_021426_df8648,1785806456133325,2185811515,2,2,0,-58,128,0,13,13,14,13,14,14,14,14,15,15,15,16,16,17,17,18,18,18,19,18,19,18,18,18,18,17,0,0,0,0,0,0,0,0,0,0,0,7,7,8,9,9,10,10,10,10,11,10,11,12,12,12,12,11,11,11,12,12,12,12,12,13,13,0,24,26,26,26,26,28,28,29,29,30,29,30,31,32,33,33,34,35,36,36,36,36,35,35,34,33,33,33,0,0,0,0,0,0,0,13,13,14,14,16,16,17,17,19,20,19,21,21,21,21,21,21,22,21,22,22,23,22,23,22,23,25,23
20260804_021426_df8648,1785806456233648,2185911763,2,2,0,-57,128,0,13,13,13,13,13,13,13,13,13,14,15,15,15,16,16,17,17,17,18,18,18,18,18,17,17,17,0,0,0,0,0,0,0,0,0,0,0,5,5,5,6,6,8,8,9,9,9,9,10,10,10,10,10,10,10,11,11,11,12,12,12,13,13,0,25,24,26,25,27,26,26,26,27,27,29,29,29,31,31,33,32,34,35,35,35,34,34,34,33,34,32,33,0,0,0,0,0,0,0,8,9,9,10,11,13,14,16,15,16,17,17,19,19,20,20,20,21,21,21,23,22,22,23,22,22,23,24
20260804_021426_df8648,1785806456330312,2186011884,2,2,0,-60,128,0,11,12,13,13,14,14,14,14,15,15,16,17,17,18,19,19,20,21,21,22,21,21,21,22,22,22,0,0,0,0,0,0,0,0,0,0,0,3,4,4,4,5,5,6,6,6,7,7,7,7,7,8,8,8,8,8,9,9,9,9,10,10,10,0,21,24,24,24,25,26,28,28,29,30,32,32,34,35,36,38,39,40,42,42,42,41,42,43,40,42,41,42,0,0,0,0,0,0,0,5,5,6,6,7,8,9,10,9,11,11,13,13,13,13,15,15,14,15,15,16,16,17,17,18,17,19,19
20260804_021426_df8648,1785806456432615,2186115378,2,2,0,-60,128,0,12,12,12,13,13,14,14,14,14,15,16,16,16,17,18,18,18,19,20,20,20,20,20,20,20,20,0,0,0,0,0,0,0,0,0,0,0,4,4,4,4,4,5,5,6,6,7,7,8,8,8,8,8,9,9,9,10,10,10,10,10,11,11,0,22,23,24,25,24,26,26,27,28,29,30,31,32,33,34,35,36,38,39,39,39,40,39,40,39,39,38,39,0,0,0,0,0,0,0,5,5,7,8,8,9,10,11,12,14,14,15,16,16,16,16,17,18,17,18,18,19,19,19,20,21,21,22
20260804_021426_df8648,1785806456534582,2186213064,2,2,0,-61,128,0,10,11,11,12,12,12,12,14,15,14,16,17,17,18,18,19,20,21,22,22,22,22,22,22,22,22,0,0,0,0,0,0,0,0,0,0,0,6,6,7,8,8,8,8,9,9,9,9,9,9,9,9,9,8,8,9,9,9,9,9,9,9,10,0,17,22,22,23,20,23,25,28,27,27,29,31,33,34,35,37,39,39,40,41,43,41,42,41,43,42,40,43,0,0,0,0,0,0,0,11,11,11,12,13,14,14,15,16,16,17,17,17,16,17,16,17,16,16,16,16,16,16,16,16,17,18,17
20260804_021426_df8648,1785806456645836,2186322840,2,2,0,-58,128,0,13,12,12,12,13,13,13,13,13,14,15,15,16,16,16,18,18,19,19,19,19,20,20,19,19,20,0,0,0,0,0,0,0,0,0,0,0,8,8,9,9,9,10,11,10,10,10,11,11,11,11,11,10,10,10,11,10,10,11,10,11,12,11,0,43,45,46,46,48,49,49,50,50,54,56,57,59,59,61,64,65,68,71,71,74,72,74,72,72,72,72,73,0,0,0,0,0,0,0,24,26,30,29,32,34,37,37,41,41,41,43,42,43,43,45,41,41,40,41,41,41,43,42,42,42,44,45
20260804_021426_df8648,1785806456735246,2186411866,2,2,0,-56,128,0,12,12,13,13,13,13,14,14,14,14,15,15,16,16,16,18,18,18,19,19,19,19,19,19,19,19,0,0,0,0,0,0,0,0,0,0,0,9,9,9,10,10,10,10,11,11,11,11,11,11,11,11,11,11,11,11,10,11,11,11,12,12,12,0,23,24,25,25,26,26,25,26,26,27,28,30,30,32,31,33,34,35,36,36,37,36,36,35,35,37,35,35,0,0,0,0,0,0,0,13,15,15,15,17,17,18,18,18,19,20,21,20,20,21,21,21,19,20,19,22,20,21,21,20,21,22,22
20260804_021426_df8648,1785806456832260,2186514461,2,2,0,-59,128,0,12,12,12,12,13,14,14,14,15,15,16,16,17,18,18,19,20,20,21,21,22,21,21,21,21,22,0,0,0,0,0,0,0,0,0,0,0,3,3,4,4,4,5,5,5,5,6,6,6,7,7,7,7,7,7,8,8,9,9,9,10,10,10,0,22,23,24,25,25,26,27,28,28,29,30,32,32,34,35,35,37,38,40,40,40,41,41,40,41,41,39,40,0,0,0,0,0,0,0,5,5,7,7,7,8,8,9,10,10,11,11,12,12,14,14,14,14,14,15,16,16,17,18,18,19,20,21
20260804_021426_df8648,1785806456929680,2186612350,2,2,0,-60,128,0,14,14,14,14,14,15,15,15,16,16,16,16,18,18,18,18,19,19,20,20,20,20,20,20,20,20,0,0,0,0,0,0,0,0,0,0,0,4,4,4,5,5,5,6,6,6,7,7,7,8,8,9,9,9,9,9,9,11,11,11,11,12,13,0,50,55,53,56,56,56,58,57,60,61,62,64,66,66,69,71,74,74,76,77,75,76,77,78,78,77,74,75,0,0,0,0,0,0,0,12,11,13,14,16,17,19,20,21,22,23,26,27,28,29,31,31,35,34,34,36,38,42,40,43,45,46,48
20260804_021426_df8648,1785806457030614,2186712484,2,2,0,-64,128,0,13,13,13,14,14,14,15,15,17,17,17,17,18,18,19,20,20,21,21,21,21,21,21,21,21,22,0,0,0,0,0,0,0,0,0,0,0,4,4,4,4,4,2,2,1,1,1,2,3,3,4,5,5,6,6,6,7,7,8,9,9,11,11,0,23,24,26,26,28,28,29,30,31,32,33,34,34,37,36,39,38,40,41,42,41,41,41,41,40,40,40,40,0,0,0,0,0,0,0,13,12,9,10,9,8,6,4,4,2,0,3,4,5,6,8,9,8,10,12,13,14,15,16,16,18,19,21
20260804_021426_df8648,1785806457132500,2186812029,2,2,0,-60,128,0,13,13,13,13,13,13,13,13,14,14,14,14,15,15,16,16,17,17,17,17,17,17,17,17,17,17,0,0,0,0,0,0,0,0,0,0,0,6,7,7,7,8,7,9,9,9,9,9,10,10,10,10,10,10,11,11,11,11,11,11,12,12,13,0,25,26,26,26,27,27,26,26,27,27,27,27,29,30,30,31,32,32,33,33,33,33,33,32,32,34,32,32,0,0,0,0,0,0,0,11,12,12,13,14,14,15,16,17,16,18,18,19,19,19,19,19,19,19,21,21,22,21,22,23,23,23,24
20260804_021426_df8648,1785806457232866,2186913609,2,2,0,-58,128,0,13,13,13,13,14,14,14,14,14,16,15,15,15,16,16,17,17,17,18,18,18,18,18,18,18,17,0,0,0,0,0,0,0,0,0,0,0,7,8,9,9,10,10,11,11,11,12,11,12,11,11,11,12,12,12,12,12,11,12,12,13,13,13,0,51,51,52,52,52,55,53,55,54,56,57,58,57,60,63,65,65,67,66,68,70,68,69,68,68,68,67,67,0,0,0,0,0,0,0,25,30,29,31,33,34,35,39,39,41,43,42,45,45,44,44,44,46,45,43,43,46,46,46,45,47,48,49
20260804_021426_df8648,1785806457338627,2187015133,2,2,0,-55,128,0,15,16,15,16,16,17,16,16,16,16,16,16,16,17,17,18,17,17,17,17,17,16,18,16,17,17,0,0,0,0,0,0,0,0,0,0,0,6,7,8,8,9,9,10,11,12,13,12,12,13,13,13,13,13,13,13,13,14,16,14,15,16,15,0,27,32,29,26,27,30,27,30,29,33,30,28,29,30,30,32,33,33,33,34,32,31,32,31,31,31,30,30,0,0,0,0,0,0,0,9,10,12,12,15,14,16,17,19,20,22,22,22,23,22,25,25,24,25,27,26,27,29,26,25,28,29,28
20260804_021426_df8648,1785806457433871,2187111907,2,2,0,-52,128,0,14,14,14,14,13,14,13,13,13,13,13,12,12,13,13,14,14,14,13,14,14,14,13,12,13,12,0,0,0,0,0,0,0,0,0,0,0,9,9,10,11,11,12,13,13,13,14,14,14,14,14,13,14,14,13,13,14,14,14,14,14,14,14,0,56,54,52,55,51,53,51,50,49,51,52,50,50,49,52,51,50,52,53,52,51,50,50,48,48,47,46,46,0,0,0,0,0,0,0,31,33,35,38,41,42,46,46,50,50,52,54,53,53,54,54,52,54,53,54,52,53,52,54,53,53,55,55
20260804_021426_df8648,1785806457530832,2187211613,2,2,0,-56,128,0,14,14,14,15,14,15,14,13,13,14,14,14,14,14,14,15,15,15,15,15,14,14,14,14,14,14,0,0,0,0,0,0,0,0,0,0,0,8,8,9,10,10,10,11,11,11,13,12,13,13,12,13,13,13,12,13,13,13,14,13,14,14,14,0,55,57,55,54,57,57,54,54,54,54,54,53,53,55,55,58,58,56,58,57,57,56,56,55,53,53,52,52,0,0,0,0,0,0,0,27,28,29,33,35,37,40,42,43,45,46,48,48,47,49,48,50,48,49,50,51,53,51,52,51,55,56,53
20260804_021426_df8648,1785806457634359,2187310857,2,2,0,-67,128,0,12,12,11,12,11,11,11,11,11,9,9,9,10,10,10,10,11,11,11,12,13,13,13,13,14,14,0,0,0,0,0,0,0,0,0,0,0,19,20,20,21,21,20,20,20,19,18,18,18,18,17,16,15,15,16,14,14,14,14,14,14,14,13,0,46,47,45,42,43,40,35,34,36,35,34,33,33,32,36,36,40,39,40,40,44,46,48,48,50,53,51,52,0,0,0,0,0,0,0,71,72,71,71,74,76,73,74,73,73,72,69,66,64,61,60,57,54,57,52,55,51,53,54,52,56,49,48
20260804_021426_df8648,1785806457731087,2187413527,2,2,0,-63,128,0,12,11,10,10,9,8,7,7,6,6,5,5,4,4,4,4,3,3,3,2,3,3,3,3,4,4,0,0,0,0,0,0,0,0,0,0,0,22,22,23,22,23,23,23,23,23,23,22,21,21,20,19,19,18,17,17,17,16,16,15,14,14,13,0,20,20,19,16,15,15,11,12,10,10,8,8,6,7,7,6,5,5,5,4,5,5,6,6,7,8,9,9,0,0,0,0,0,0,0,37,38,39,39,40,41,42,41,42,41,41,41,39,36,35,35,35,34,32,31,29,28,28,28,27,24,23,22
20260804_021426_df8648,1785806457833392,2187513423,2,2,0,-57,128,0,13,12,12,11,11,11,11,11,11,11,11,11,11,12,12,13,12,13,13,13,13,13,13,13,13,13,0,0,0,0,0,0,0,0,0,0,0,14,14,14,15,15,16,17,17,17,17,17,17,17,17,16,16,16,15,15,14,14,14,13,13,14,13,0,23,22,22,20,21,20,20,20,20,21,21,20,20,22,22,22,22,23,25,24,24,23,23,23,23,25,24,25,0,0,0,0,0,0,0,23,24,25,26,26,29,29,29,29,30,30,30,30,30,30,29,30,28,29,26,26,26,25,25,25,25,24,23
20260804_021426_df8648,1785806457930336,2187610977,2,2,0,-57,128,0,14,14,14,14,13,13,13,12,13,13,13,13,13,14,13,13,14,13,13,13,13,13,13,13,12,13,0,0,0,0,0,0,0,0,0,0,0,15,14,15,16,16,16,16,16,16,16,16,16,15,15,15,15,14,14,14,14,14,14,14,15,15,13,0,52,52,50,51,48,50,47,48,47,48,49,48,48,48,48,48,51,50,50,50,50,49,47,47,47,48,47,45,0,0,0,0,0,0,0,49,50,53,55,57,56,59,58,60,60,61,59,58,56,58,55,54,54,52,53,52,53,52,54,53,53,53,53
20260804_021426_df8648,1785806458033183,2187711616,2,2,0,-57,128,0,14,14,13,13,13,12,12,12,12,12,12,12,12,12,11,12,11,11,11,10,10,10,9,9,9,9,0,0,0,0,0,0,0,0,0,0,0,16,16,16,17,18,18,18,18,18,19,19,17,17,17,17,16,16,16,16,16,16,16,16,15,15,15,0,52,52,50,48,47,45,45,44,44,43,43,42,42,43,42,41,42,41,41,39,37,34,34,32,32,31,31,30,0,0,0,0,0,0,0,51,55,56,56,60,62,64,63,68,67,69,68,67,65,66,63,63,60,60,57,59,59,58,57,54,54,56,53
20260804_021426_df8648,1785806458129094,2187811661,2,2,0,-55,128,0,15,15,14,14,13,12,13,12,12,11,10,10,10,9,9,9,9,8,8,7,7,6,6,5,4,4,0,0,0,0,0,0,0,0,0,0,0,16,16,16,17,18,19,19,19,19,19,19,20,19,19,19,18,18,18,18,17,18,17,17,17,17,16,0,27,28,26,25,24,23,22,21,20,20,19,17,18,17,17,16,16,13,14,13,12,11,10,9,9,9,9,9,0,0,0,0,0,0,0,25,25,26,28,29,30,32,32,33,34,34,35,35,33,34,34,33,32,32,32,31,31,31,32,30,31,31,29
20260804_021426_df8648,1785806458232096,2187914023,2,2,0,-57,128,0,14,13,13,12,12,12,11,11,11,11,11,11,11,10,10,10,10,10,10,9,9,9,9,9,8,8,0,0,0,0,0,0,0,0,0,0,0,12,13,13,14,15,15,15,16,16,16,16,15,16,16,16,15,15,14,15,15,15,15,14,15,15,14,0,26,26,25,26,23,25,23,20,21,22,21,20,21,19,21,19,19,19,19,18,18,17,17,17,16,15,16,16,0,0,0,0,0,0,0,22,24,23,24,27,26,28,28,29,29,30,31,31,30,30,30,29,30,29,30,29,29,30,30,30,30,29,29
20260804_021426_df8648,1785806458335161,2188013495,2,2,0,-58,128,0,14,12,12,11,11,10,10,9,9,9,9,10,10,9,11,10,10,11,11,11,11,11,11,11,11,12,0,0,0,0,0,0,0,0,0,0,0,13,14,15,16,17,17,18,18,18,19,19,19,19,18,17,18,17,17,17,17,16,16,15,16,15,14,0,23,21,20,19,18,18,17,16,17,17,17,17,18,18,19,19,19,19,19,20,20,21,20,20,20,22,19,20,0,0,0,0,0,0,0,21,22,24,25,26,27,29,29,31,32,34,34,32,32,33,33,32,31,30,30,29,30,28,27,27,26,27,25
20260804_021426_df8648,1785806458431272,2188111731,2,2,0,-59,128,0,13,13,13,13,13,12,13,13,12,12,13,13,13,13,13,13,13,13,14,13,14,14,13,13,13,13,0,0,0,0,0,0,0,0,0,0,0,13,14,14,14,15,16,16,16,16,15,15,15,15,14,14,14,14,14,14,14,14,14,14,14,14,13,0,47,49,47,48,46,47,46,45,47,47,47,47,48,48,50,49,51,50,51,52,52,51,52,51,51,50,51,51,0,0,0,0,0,0,0,45,47,49,49,52,54,56,55,57,58,57,57,56,54,54,53,52,50,50,50,48,49,50,50,51,50,51,49
20260804_021426_df8648,1785806458533815,2188211726,2,2,0,-56,128,0,14,13,12,12,11,12,12,12,11,11,12,11,12,12,13,13,13,13,14,13,13,13,14,13,13,13,0,0,0,0,0,0,0,0,0,0,0,13,12,14,14,14,15,16,16,16,16,16,16,16,16,15,16,15,14,15,15,15,14,15,14,14,14,0,49,46,47,46,43,43,44,42,43,43,45,44,45,45,45,47,47,49,48,48,48,47,48,48,47,47,47,47,0,0,0,0,0,0,0,41,45,44,46,51,51,51,55,56,56,59,58,59,58,56,56,55,55,54,53,53,54,52,52,52,51,50,50
20260804_021426_df8648,1785806458635347,2188311515,2,2,0,-55,128,0,13,12,12,12,12,11,11,12,11,11,12,12,12,12,13,13,13,13,14,13,14,13,13,13,13,13,0,0,0,0,0,0,0,0,0,0,0,14,15,16,16,17,17,18,18,18,18,18,18,17,17,16,16,16,16,16,15,15,15,14,14,13,13,0,45,43,43,43,41,40,40,38,40,40,41,41,41,41,47,43,44,45,47,45,46,45,46,45,45,43,45,44,0,0,0,0,0,0,0,46,48,50,51,56,56,61,60,64,64,65,64,62,62,62,60,58,57,55,56,53,55,52,52,52,51,48,47
20260804_021426_df8648,1785806458731808,2188411612,2,2,0,-55,128,0,14,15,14,14,13,13,13,12,12,13,12,12,12,12,12,12,12,12,12,12,11,11,11,11,11,11,0,0,0,0,0,0,0,0,0,0,0,13,15,15,16,16,17,17,17,17,17,18,17,17,17,17,16,16,16,16,16,16,16,16,16,15,15,0,53,53,52,49,48,47,45,44,42,43,43,42,42,43,41,41,42,42,41,40,42,41,40,39,39,40,37,38,0,0,0,0,0,0,0,43,46,48,50,52,55,57,59,59,61,63,62,62,62,62,61,59,57,58,57,57,56,57,57,54,55,56,53
20260804_021426_df8648,1785806458833872,2188511688,2,2,0,-57,128,0,13,13,12,12,12,12,12,12,12,12,12,12,12,12,13,13,12,13,14,13,13,13,13,11,12,10,0,0,0,0,0,0,0,0,0,0,0,13,14,14,15,16,16,16,17,17,16,17,17,17,16,15,16,15,15,14,15,15,15,14,15,13,13,0,24,23,23,23,22,22,22,21,23,22,22,21,23,24,24,24,24,25,23,23,22,22,23,22,20,19,19,17,0,0,0,0,0,0,0,22,22,24,25,26,27,28,28,31,30,31,31,30,30,30,29,29,29,27,26,26,26,27,26,25,25,25,24
20260804_021426_df8648,1785806458935673,2188612019,2,2,0,-55,128,0,13,13,12,12,11,11,11,11,11,11,11,11,11,11,11,11,11,11,11,11,11,11,11,10,10,10,0,0,0,0,0,0,0,0,0,0,0,12,13,13,14,15,15,16,16,16,17,16,16,16,16,15,15,15,15,15,15,13,14,13,13,14,13,0,50,47,49,45,45,45,44,44,44,44,43,44,44,45,44,46,45,44,46,44,44,44,42,42,41,41,38,40,0,0,0,0,0,0,0,42,45,47,49,51,51,56,58,61,61,62,63,63,62,62,61,60,58,59,55,57,56,55,56,53,53,53,52
20260804_021426_df8648,1785806459032120,2188711671,2,2,0,-56,128,0,12,11,11,11,10,10,10,9,9,10,10,10,11,10,11,11,11,11,11,11,11,11,11,11,11,11,0,0,0,0,0,0,0,0,0,0,0,14,14,15,16,17,17,17,17,17,18,18,17,17,16,16,16,15,15,15,15,14,14,13,13,13,12,0,21,20,21,20,19,18,18,18,19,18,17,19,20,20,20,20,21,21,22,21,21,22,22,21,21,21,21,21,0,0,0,0,0,0,0,24,25,26,28,29,31,31,32,33,34,34,34,33,32,32,31,30,30,29,28,28,28,26,26,25,24,25,24
20260804_021426_df8648,1785806459134550,2188811641,2,2,0,-56,128,0,12,11,12,11,11,10,10,9,10,10,10,9,9,10,10,10,10,10,10,10,10,10,10,10,10,9,0,0,0,0,0,0,0,0,0,0,0,14,16,16,17,18,18,18,18,19,19,19,19,18,17,17,17,16,16,16,15,15,15,14,14,14,14,0,47,43,42,40,41,39,38,37,36,38,37,38,37,36,39,39,39,40,40,39,40,38,37,36,36,37,35,38,0,0,0,0,0,0,0,50,51,52,55,59,60,63,64,67,67,67,69,67,66,66,64,62,62,59,58,59,56,56,54,51,52,49,48
20260804_021426_df8648,1785806459231661,2188912018,2,2,0,-60,128,0,9,9,9,8,8,8,8,8,8,9,9,9,10,10,10,10,11,11,12,12,12,12,13,13,13,13,0,0,0,0,0,0,0,0,0,0,0,17,17,18,18,19,19,20,20,20,20,19,19,18,18,17,17,16,16,15,15,14,14,13,12,11,10,0,17,17,16,15,14,15,14,14,15,16,16,17,17,18,18,20,20,21,22,22,23,23,24,24,25,25,24,25,0,0,0,0,0,0,0,29,31,31,33,33,36,35,37,36,37,37,37,36,35,34,33,32,31,30,29,28,27,26,25,23,22,21,20
20260804_021426_df8648,1785806459328594,2189011799,2,2,0,-61,128,0,5,4,2,2,2,3,3,4,5,6,7,7,8,9,9,11,11,12,12,13,13,13,13,15,15,15,0,0,0,0,0,0,0,0,0,0,0,17,18,18,18,19,19,19,20,20,18,18,18,17,17,16,15,15,13,13,12,11,9,9,9,8,6,0,8,6,5,4,4,6,7,8,10,12,13,15,16,18,19,20,21,23,24,25,26,27,28,28,28,28,29,29,0,0,0,0,0,0,0,30,30,32,34,34,36,36,38,37,37,37,37,36,35,33,33,30,29,27,26,25,24,21,21,19,16,13,12
20260804_021426_df8648,1785806459430205,2189111897,2,2,0,-58,128,0,9,9,9,8,8,8,9,8,9,9,9,10,9,10,11,12,12,13,13,13,13,13,13,13,13,13,0,0,0,0,0,0,0,0,0,0,0,17,17,19,19,19,20,20,21,21,20,19,19,19,19,18,17,16,16,15,15,14,14,13,12,11,11,0,17,16,15,15,15,14,14,15,16,17,17,17,17,18,20,20,21,21,22,22,23,22,23,23,23,23,24,22,0,0,0,0,0,0,0,29,30,30,31,33,34,36,36,37,37,36,37,36,34,34,33,32,31,28,28,27,25,25,25,22,22,19,19
20260804_021426_df8648,1785806459532594,2189211798,2,2,0,-57,128,0,10,10,10,9,9,9,9,8,9,9,9,10,10,10,11,11,11,11,12,13,13,14,14,14,14,14,0,0,0,0,0,0,0,0,0,0,0,17,17,18,18,19,20,20,20,20,20,19,18,19,18,17,17,16,16,15,16,15,14,14,13,13,12,0,19,18,17,17,16,16,16,15,15,16,17,19,18,19,20,19,21,21,22,23,24,24,24,25,24,25,25,26,0,0,0,0,0,0,0,28,30,30,31,32,34,34,34,35,36,35,36,34,34,32,32,31,30,30,30,28,27,26,27,23,21,22,19
20260804_021426_df8648,1785806459634435,2189313201,2,2,0,-56,128,0,13,13,13,12,11,11,11,10,10,10,10,11,11,11,11,11,12,12,12,12,12,12,12,12,12,12,0,0,0,0,0,0,0,0,0,0,0,16,16,17,17,17,17,18,19,19,18,18,18,18,17,16,16,16,16,16,16,16,16,14,15,14,14,0,46,48,43,43,40,40,39,39,37,39,39,40,39,40,42,40,43,41,45,43,43,44,45,43,43,42,44,41,0,0,0,0,0,0,0,54,54,56,55,62,62,66,64,66,67,68,70,65,65,64,63,57,60,55,58,54,56,55,55,53,53,51,47
20260804_021426_df8648,1785806459735598,2189413243,2,2,0,-56,128,0,13,13,12,12,13,12,11,11,11,11,11,11,11,11,12,12,12,13,13,13,13,13,13,13,13,13,0,0,0,0,0,0,0,0,0,0,0,15,16,17,16,17,17,18,18,18,17,17,17,17,16,16,16,16,16,16,16,15,15,15,15,14,14,0,25,23,23,22,21,21,20,21,20,20,19,21,20,21,21,22,22,23,24,23,24,25,24,24,24,25,25,25,0,0,0,0,0,0,0,27,28,28,29,30,31,32,32,32,33,33,34,33,32,31,31,29,30,28,29,28,28,27,28,27,27,26,25
20260804_021426_df8648,1785806459832409,2189511204,2,2,0,-57,128,0,13,13,13,12,12,12,12,12,12,12,12,13,13,13,13,13,14,14,14,14,14,14,14,14,14,14,0,0,0,0,0,0,0,0,0,0,0,14,14,15,14,15,15,15,16,16,16,16,15,15,15,15,14,14,14,14,14,14,14,14,14,14,13,0,51,49,49,48,48,47,45,46,47,46,47,49,49,50,50,52,52,55,54,54,54,54,53,52,53,54,50,51,0,0,0,0,0,0,0,48,51,53,54,52,57,58,57,59,59,61,60,58,58,56,58,57,55,55,52,54,51,53,54,52,51,52,51
20260804_021426_df8648,1785806459934230,2189611506,2,2,0,-56,128,0,14,14,14,14,14,13,13,13,13,13,13,13,14,14,14,14,14,14,14,15,15,14,14,14,14,14,0,0,0,0,0,0,0,0,0,0,0,10,10,10,12,12,12,12,13,14,13,14,14,14,14,14,14,14,15,14,15,15,15,15,15,15,15,0,56,55,57,52,54,52,51,49,49,50,52,50,51,53,51,55,52,56,55,55,55,55,53,54,53,55,52,55,0,0,0,0,0,0,0,34,35,38,40,40,43,45,49,51,51,51,52,55,54,56,53,53,54,56,55,56,57,57,57,57,55,57,58
20260804_021426_df8648,1785806460031677,2189711521,2,2,0,-56,128,0,16,15,15,14,14,13,13,13,13,13,13,12,13,12,12,12,12,11,11,11,11,11,11,10,10,10,0,0,0,0,0,0,0,0,0,0,0,17,17,18,17,18,18,19,19,19,18,18,18,17,17,17,16,16,16,16,16,17,16,16,16,16,16,0,27,27,25,25,23,24,23,23,21,22,21,22,21,21,21,21,21,21,21,19,18,18,16,17,16,16,16,16,0,0,0,0,0,0,0,27,27,27,28,30,30,32,32,32,33,33,34,32,31,31,29,29,30,30,29,30,30,29,28,29,29,28,28
20260804_021426_df8648,1785806460134776,2189811500,2,2,0,-60,128,0,12,12,12,12,13,12,12,13,13,14,13,13,14,14,15,15,16,16,17,17,17,17,18,17,17,18,0,0,0,0,0,0,0,0,0,0,0,16,16,16,16,16,15,15,15,15,15,13,13,13,12,12,12,11,11,12,12,11,12,12,12,12,11,0,22,22,22,22,22,23,23,23,22,24,24,26,27,27,27,29,29,30,31,32,33,33,34,33,33,34,33,34,0,0,0,0,0,0,0,29,30,28,30,30,30,28,29,28,28,27,26,25,23,22,23,22,22,21,21,21,22,21,21,21,21,22,22
20260804_021426_df8648,1785806460231338,2189911100,2,2,0,-60,128,0,9,10,10,10,11,11,10,12,12,12,12,14,14,14,16,15,16,16,17,17,17,18,17,17,17,17,0,0,0,0,0,0,0,0,0,0,0,13,13,13,13,13,14,14,14,14,13,13,12,12,11,11,10,10,10,10,10,10,10,10,10,10,10,0,38,37,40,41,40,42,42,42,43,45,49,49,54,54,54,57,61,62,65,66,66,65,68,67,65,68,67,67,0,0,0,0,0,0,0,50,51,50,51,53,54,54,52,53,52,52,50,48,46,47,45,43,42,42,39,41,41,40,39,37,41,39,38
20260804_021426_df8648,1785806460333506,2190011425,2,2,0,-58,128,0,12,12,12,12,13,13,13,13,13,14,15,16,16,16,17,18,18,19,19,20,21,20,20,19,20,19,0,0,0,0,0,0,0,0,0,0,0,9,9,9,9,9,8,9,8,8,8,8,8,8,8,8,8,9,9,9,10,10,10,10,10,11,12,0,22,24,23,24,24,25,25,25,27,28,30,30,31,33,33,35,36,36,37,38,37,38,38,39,38,38,38,38,0,0,0,0,0,0,0,18,18,17,17,18,17,17,17,17,17,16,16,16,16,17,16,16,18,18,17,18,20,20,20,20,21,21,22
20260804_021426_df8648,1785806460430245,2190111898,2,2,0,-60,128,0,12,12,12,12,12,13,13,13,13,13,14,14,16,16,17,17,18,18,19,18,18,19,19,19,19,18,0,0,0,0,0,0,0,0,0,0,0,9,9,9,9,9,9,9,8,9,9,8,8,9,9,9,9,9,10,10,10,10,11,11,11,11,12,0,22,24,24,24,24,24,24,25,25,26,27,28,30,30,31,33,34,34,35,37,36,36,36,37,36,37,36,36,0,0,0,0,0,0,0,19,19,19,18,18,18,17,17,18,18,18,17,17,17,17,17,19,18,18,19,20,21,21,21,21,21,22,23
20260804_021426_df8648,1785806460532722,2190210914,2,2,0,-58,128,0,14,13,13,14,14,14,13,13,14,14,15,15,15,16,16,17,17,17,18,18,18,18,18,18,18,18,0,0,0,0,0,0,0,0,0,0,0,6,6,7,7,7,7,8,9,9,9,9,9,10,11,11,11,11,12,12,12,13,13,13,13,13,13,0,25,26,26,26,25,25,26,26,26,28,28,28,27,29,31,31,32,32,33,34,34,35,35,33,33,35,34,34,0,0,0,0,0,0,0,13,13,12,12,13,14,14,15,15,16,18,17,18,19,22,21,21,21,21,23,23,24,24,25,25,24,25,25
20260804_021426_df8648,1785806460635758,2190311756,2,2,0,-56,128,0,14,14,14,14,14,13,13,13,13,14,14,14,14,14,14,14,14,15,15,16,16,16,16,15,15,15,0,0,0,0,0,0,0,0,0,0,0,9,10,10,10,11,11,13,13,13,13,14,14,15,14,14,14,14,14,15,15,15,15,14,15,14,15,0,53,54,51,52,50,50,48,49,50,51,51,51,51,51,53,53,55,55,56,56,58,58,58,56,55,53,54,55,0,0,0,0,0,0,0,30,33,34,36,39,40,42,41,45,48,49,51,51,52,54,55,54,55,53,56,54,56,56,57,58,56,56,55
20260804_021426_df8648,1785806460733363,2190412534,2,2,0,-58,128,0,15,15,14,15,13,15,14,14,15,15,16,16,16,17,17,18,18,18,18,19,18,19,18,18,18,18,0,0,0,0,0,0,0,0,0,0,0,8,8,8,8,8,8,8,8,8,8,8,8,8,8,9,9,9,10,10,10,11,11,12,12,12,13,0,27,25,29,27,27,30,26,31,31,30,32,31,33,34,33,35,35,37,37,36,38,37,35,35,36,34,34,35,0,0,0,0,0,0,0,15,16,16,16,14,16,16,16,16,16,17,15,16,16,16,16,16,19,18,18,19,21,21,22,21,24,25,27
20260804_021426_df8648,1785806460832958,2190511905,2,2,0,-59,128,0,12,13,12,13,13,13,13,14,14,15,15,15,16,16,17,18,18,18,19,19,19,19,19,19,19,19,0,0,0,0,0,0,0,0,0,0,0,9,9,9,9,9,8,7,7,6,6,6,6,6,7,7,6,7,7,8,8,9,10,10,11,11,11,0,23,23,24,25,25,26,26,27,27,28,29,29,31,32,33,34,34,35,36,37,38,37,37,36,37,37,36,36,0,0,0,0,0,0,0,19,18,18,18,17,17,17,15,14,14,13,14,13,13,12,13,13,13,15,15,16,17,17,18,19,21,22,22
20260804_021426_df8648,1785806460931536,2190611908,2,2,0,-59,128,0,11,11,11,11,12,12,12,12,12,12,13,13,14,14,15,16,16,16,17,17,18,18,17,18,18,18,0,0,0,0,0,0,0,0,0,0,0,15,15,15,16,15,15,15,15,15,14,14,14,14,13,13,12,12,12,12,12,12,12,11,11,11,11,0,41,42,43,42,42,43,43,45,46,48,49,50,53,55,56,58,60,61,63,64,65,66,65,65,66,68,67,66,0,0,0,0,0,0,0,54,54,55,56,56,58,58,57,56,57,58,55,53,53,50,51,49,48,46,45,44,44,42,44,44,42,42,42
20260804_021426_df8648,1785806461036028,2190712578,2,2,0,-58,128,0,13,13,12,11,11,11,10,11,11,11,12,12,12,12,12,13,13,13,14,14,14,14,14,14,14,14,0,0,0,0,0,0,0,0,0,0,0,13,13,14,15,15,15,15,16,15,15,15,15,14,14,14,14,14,14,14,13,14,14,13,13,13,13,0,47,49,45,45,44,44,41,41,40,44,45,45,45,46,49,50,51,51,51,54,53,53,54,54,54,53,55,54,0,0,0,0,0,0,0,49,50,52,52,57,55,59,59,61,60,61,61,60,59,60,58,55,57,54,57,56,55,50,53,54,51,51,52
20260804_021426_df8648,1785806461134361,2190812923,2,2,0,-60,128,0,13,13,13,13,13,13,13,13,13,13,13,14,14,15,16,16,17,17,18,17,17,17,18,18,18,18,0,0,0,0,0,0,0,0,0,0,0,12,12,12,12,12,12,12,12,13,13,13,11,12,11,12,11,11,11,12,12,12,12,13,13,13,13,0,25,24,25,26,24,25,25,25,25,26,26,27,27,29,29,30,32,32,34,33,34,34,35,35,35,36,36,36,0,0,0,0,0,0,0,22,22,22,21,24,23,24,23,24,24,23,23,23,23,22,22,22,22,22,21,22,24,24,24,25,25,25,25
20260804_021426_df8648,1785806461233299,2190913273,2,2,0,-58,128,0,13,14,13,13,13,13,14,13,13,14,14,14,14,14,14,14,15,15,15,15,15,15,15,14,14,14,0,0,0,0,0,0,0,0,0,0,0,13,13,14,14,14,14,15,14,15,15,15,14,14,14,14,14,14,14,14,15,14,14,14,14,14,14,0,52,53,53,51,52,49,50,51,51,52,52,52,54,54,53,55,56,55,56,55,56,55,56,52,53,55,53,52,0,0,0,0,0,0,0,46,47,48,49,49,52,51,52,52,53,54,54,52,53,52,51,54,50,52,51,51,53,52,53,52,52,53,52
20260804_021426_df8648,1785806461337117,2191013039,2,2,0,-56,128,0,12,13,13,12,12,12,12,12,12,13,14,14,14,14,14,15,15,15,15,15,15,15,15,15,15,14,0,0,0,0,0,0,0,0,0,0,0,11,11,12,12,12,13,13,13,13,13,13,13,13,13,13,12,12,12,12,12,13,12,12,12,12,12,0,48,49,48,47,48,49,48,48,48,49,52,51,54,53,56,57,57,60,60,58,60,58,58,58,55,56,54,54,0,0,0,0,0,0,0,41,43,44,45,46,49,49,51,52,52,54,52,52,50,50,53,50,46,49,47,48,47,49,48,48,48,49,49
20260804_021426_df8648,1785806461434457,2191112380,2,2,0,-57,128,0,11,11,11,11,10,11,11,11,12,12,13,12,13,13,15,15,16,16,16,17,17,17,16,17,17,17,0,0,0,0,0,0,0,0,0,0,0,15,14,16,16,17,16,17,16,17,17,16,16,16,16,15,15,14,15,14,14,12,13,12,12,12,11,0,19,20,19,18,19,20,21,20,21,22,22,22,24,24,25,26,27,28,28,29,30,30,30,31,30,30,30,30,0,0,0,0,0,0,0,24,25,25,26,28,28,30,30,31,29,31,31,30,29,29,28,27,28,25,26,24,24,23,23,22,22,21,21
20260804_021426_df8648,1785806461532598,2191211440,2,2,0,-56,128,0,12,12,12,11,12,12,12,11,11,11,12,12,12,12,13,13,13,14,14,14,14,14,14,14,14,14,0,0,0,0,0,0,0,0,0,0,0,14,14,15,15,16,15,17,16,16,17,16,16,16,16,16,16,15,16,14,14,14,13,13,14,14,13,0,46,45,45,43,44,42,42,42,42,42,43,44,47,47,46,49,50,51,52,51,52,53,52,53,52,54,51,52,0,0,0,0,0,0,0,46,45,49,51,52,57,56,58,61,61,62,62,62,61,61,59,60,56,59,54,57,54,52,51,50,49,51,47
20260804_021426_df8648,1785806461630940,2191311667,2,2,0,-57,128,0,11,11,11,11,10,10,11,11,11,11,11,12,12,13,14,14,14,14,14,14,14,14,14,15,14,15,0,0,0,0,0,0,0,0,0,0,0,14,15,16,16,16,17,17,18,17,18,17,16,17,17,16,15,15,15,14,14,13,13,13,13,12,11,0,20,19,21,19,20,19,19,19,20,21,21,21,22,22,23,24,25,25,26,26,26,26,26,26,26,26,27,26,0,0,0,0,0,0,0,22,25,25,26,28,29,30,30,31,31,32,31,31,30,31,28,29,27,26,26,26,25,24,23,22,22,21,20
20260804_021426_df8648,1785806461730680,2191411442,2,2,0,-56,128,0,14,13,13,13,12,12,12,11,11,12,12,11,11,12,12,12,12,12,12,12,12,12,12,12,13,13,0,0,0,0,0,0,0,0,0,0,0,12,12,13,14,15,16,17,17,17,18,18,18,17,17,17,17,17,17,17,17,17,17,16,16,15,15,0,52,49,48,48,44,43,43,42,42,42,42,39,40,41,41,42,42,44,45,43,45,44,45,43,44,45,41,43,0,0,0,0,0,0,0,36,40,43,46,47,52,54,57,60,61,63,61,62,64,63,63,62,62,63,60,61,61,60,59,59,56,56,56
20260804_021426_df8648,1785806461834307,2191511803,2,2,0,-56,128,0,13,13,12,12,11,11,10,10,9,9,8,8,9,9,8,9,8,8,9,9,8,8,8,8,8,8,0,0,0,0,0,0,0,0,0,0,0,14,15,16,17,17,18,19,19,19,20,19,19,19,18,17,18,17,17,17,17,16,16,16,15,15,14,0,25,24,23,22,21,21,19,18,18,18,18,17,16,16,16,17,16,17,17,17,16,16,16,15,16,16,17,16,0,0,0,0,0,0,0,25,26,27,28,30,31,33,33,34,36,35,36,36,35,34,34,34,34,32,31,31,30,30,30,30,29,28,26
20260804_021426_df8648,1785806461932605,2191613651,2,2,0,-58,128,0,13,12,11,10,9,9,8,8,6,7,6,6,6,6,6,6,5,5,6,6,6,7,6,7,8,8,0,0,0,0,0,0,0,0,0,0,0,15,16,16,18,18,19,19,20,20,21,21,21,20,20,19,19,19,18,18,18,17,17,16,16,15,14,0,23,21,21,17,18,16,15,13,13,11,11,10,12,11,11,11,11,12,12,11,13,13,13,14,14,15,15,16,0,0,0,0,0,0,0,24,25,27,29,30,32,33,34,36,36,37,36,37,36,35,36,35,34,35,33,33,31,30,30,28,28,26,26
20260804_021426_df8648,1785806462029706,2191711909,2,2,0,-56,128,0,13,11,12,11,11,11,10,9,9,9,9,9,9,9,9,9,9,9,9,8,9,8,8,9,9,9,0,0,0,0,0,0,0,0,0,0,0,14,15,16,16,17,18,18,18,19,19,19,19,18,18,18,17,17,17,16,16,16,16,15,14,14,14,0,24,22,23,21,20,19,18,18,17,18,17,16,16,16,16,16,16,16,16,16,16,16,15,15,16,17,15,16,0,0,0,0,0,0,0,24,25,26,28,29,31,32,33,34,34,35,35,35,35,34,35,34,33,32,31,31,30,30,30,28,27,27,26
20260804_021426_df8648,1785806462133534,2191811645,2,2,0,-56,128,0,13,13,12,12,10,10,10,10,9,9,9,9,9,9,10,9,9,10,10,9,10,10,10,11,11,10,0,0,0,0,0,0,0,0,0,0,0,16,16,17,18,19,19,19,21,21,20,21,21,20,20,19,19,18,17,17,17,17,17,16,16,16,14,0,24,23,22,20,19,20,17,17,17,17,17,15,17,16,17,17,17,17,17,17,18,17,18,18,17,18,18,18,0,0,0,0,0,0,0,26,27,29,29,31,33,33,35,35,36,37,36,36,36,36,34,34,34,33,32,32,30,30,30,29,29,27,26
20260804_021426_df8648,1785806462229921,2191911552,2,2,0,-57,128,0,11,10,10,10,9,9,9,9,9,9,8,9,9,10,10,10,11,11,12,12,12,13,13,13,13,13,0,0,0,0,0,0,0,0,0,0,0,16,16,16,16,18,17,18,18,18,18,18,17,17,17,16,16,15,15,14,14,14,14,13,13,13,12,0,20,20,19,18,18,18,16,17,16,16,18,18,18,19,19,20,21,21,23,23,23,23,23,24,22,23,25,25,0,0,0,0,0,0,0,26,28,28,30,31,32,34,34,34,34,34,34,35,34,33,32,31,30,29,30,29,28,27,26,25,25,24,22
20260804_021426_df8648,1785806462333906,2192012154,2,2,0,-55,128,0,13,12,12,11,11,10,10,10,10,9,10,10,10,10,10,10,10,10,10,10,10,10,10,9,9,9,0,0,0,0,0,0,0,0,0,0,0,15,16,16,16,18,17,18,18,18,19,18,18,17,17,17,16,16,15,15,15,15,15,14,13,13,13,0,47,47,45,43,40,40,38,37,36,38,38,36,36,36,38,38,37,38,37,35,37,35,36,35,34,34,34,35,0,0,0,0,0,0,0,53,54,56,57,62,62,66,66,69,68,69,70,69,68,65,65,62,63,59,58,57,57,56,54,55,53,52,50
20260804_021426_df8648,1785806462431810,2192112120,2,2,0,-53,128,0,13,12,12,12,12,12,12,11,11,11,11,11,11,11,11,11,11,11,11,11,11,11,10,10,10,10,0,0,0,0,0,0,0,0,0,0,0,11,12,13,13,13,13,13,14,14,14,14,14,14,14,14,14,14,12,13,13,13,13,13,13,13,13,0,52,51,51,49,49,48,47,46,46,45,46,47,47,46,46,48,48,47,47,46,44,43,42,42,42,40,39,40,0,0,0,0,0,0,0,45,47,48,50,52,54,55,56,58,58,59,58,59,57,57,57,56,55,54,53,55,53,55,53,51,54,54,54
20260804_021426_df8648,1785806462536454,2192212036,2,2,0,-56,128,0,12,12,11,11,11,11,10,11,10,11,11,10,11,11,12,11,11,12,12,12,12,12,12,12,13,12,0,0,0,0,0,0,0,0,0,0,0,14,14,15,16,16,16,17,16,17,17,17,16,16,16,15,16,14,15,15,15,14,14,14,14,13,13,0,22,22,22,21,22,21,19,19,20,20,21,20,20,19,20,21,22,23,22,22,22,22,23,23,23,25,24,24,0,0,0,0,0,0,0,24,25,27,28,30,29,30,31,32,32,33,31,31,31,31,30,31,30,28,28,27,27,27,27,25,24,25,24
20260804_021426_df8648,1785806462634009,2192311356,2,2,0,-60,128,0,11,11,11,11,12,11,11,11,11,12,12,12,12,12,13,13,13,13,14,14,14,14,14,14,15,15,0,0,0,0,0,0,0,0,0,0,0,10,11,11,12,12,12,12,12,13,13,13,13,13,13,13,13,13,13,12,12,12,12,12,12,12,12,0,50,46,47,45,47,46,45,46,46,47,49,49,49,51,51,53,53,56,55,57,58,58,56,59,59,60,60,62,0,0,0,0,0,0,0,41,43,42,44,45,48,48,51,52,51,53,53,52,53,53,51,53,50,52,51,52,51,48,49,49,49,50,49
20260804_021426_df8648,1785806462733557,2192411478,2,2,0,-58,128,0,14,14,14,13,13,13,13,12,12,12,11,12,12,12,11,11,11,11,11,11,11,11,11,11,10,10,0,0,0,0,0,0,0,0,0,0,0,14,15,15,17,17,17,17,17,17,17,17,17,17,16,16,16,16,15,16,16,15,15,15,15,15,15,0,26,25,25,25,25,24,23,22,22,22,22,22,21,22,21,21,22,22,21,21,21,20,21,20,19,18,19,19,0,0,0,0,0,0,0,26,26,26,28,28,29,30,31,32,32,31,32,33,32,31,30,30,30,29,29,30,29,29,29,29,28,28,28
20260804_021426_df8648,1785806462831771,2192511351,2,2,0,-57,128,0,13,13,12,11,12,11,11,10,9,9,9,8,8,8,8,7,7,7,6,6,6,6,6,6,6,7,0,0,0,0,0,0,0,0,0,0,0,17,17,17,18,19,19,19,19,19,20,19,19,19,19,18,17,18,17,17,17,16,16,15,15,15,15,0,25,24,23,22,21,20,19,18,17,16,16,15,16,14,14,14,13,12,13,12,11,11,11,12,12,13,13,15,0,0,0,0,0,0,0,27,29,30,31,31,34,33,35,36,36,36,35,35,34,35,34,33,32,33,31,31,30,30,29,27,28,26,27
20260804_021426_df8648,1785806462930259,2192611371,2,2,0,-61,128,0,16,16,16,15,16,16,16,16,15,16,15,15,15,16,15,15,15,16,16,15,15,15,15,15,15,16,0,0,0,0,0,0,0,0,0,0,0,10,10,10,10,11,11,11,11,12,12,12,12,13,12,13,13,14,14,15,15,15,15,15,15,16,15,0,56,55,55,57,55,58,57,55,55,56,57,56,57,57,58,57,58,57,58,58,56,58,57,56,54,54,55,56,0,0,0,0,0,0,0,36,36,36,36,38,38,39,39,40,42,43,45,44,46,46,48,47,48,47,51,51,54,54,53,52,56,56,55
20260804_021426_df8648,1785806463034689,2192712468,2,2,0,-57,128,0,13,14,13,13,13,12,12,12,11,12,12,12,12,12,13,12,13,13,13,13,13,13,13,13,12,13,0,0,0,0,0,0,0,0,0,0,0,12,13,13,14,14,14,15,15,15,15,15,15,15,15,15,14,14,14,14,15,14,14,14,14,15,14,0,53,53,54,52,50,51,47,47,45,45,46,47,44,47,46,46,46,48,49,48,47,48,48,47,46,46,45,45,0,0,0,0,0,0,0,44,45,46,47,50,53,54,56,57,57,59,58,58,58,56,58,57,55,55,55,56,56,57,57,56,56,57,55
20260804_021426_df8648,1785806463134176,2192811912,2,2,0,-57,128,0,15,15,15,15,15,15,15,14,14,14,14,13,13,14,14,15,15,15,15,15,15,15,15,14,14,13,0,0,0,0,0,0,0,0,0,0,0,12,12,12,13,14,15,14,15,15,15,15,16,15,15,15,15,15,15,14,14,15,15,15,15,15,15,0,57,53,54,52,51,53,52,51,50,50,51,51,48,50,48,52,51,54,54,52,53,52,49,50,51,50,46,46,0,0,0,0,0,0,0,36,38,39,43,44,47,50,51,52,54,55,53,54,54,55,55,55,53,54,51,52,50,53,54,53,54,54,56
20260804_021426_df8648,1785806463231477,2192911805,2,2,0,-53,128,0,14,15,14,14,13,13,13,13,13,13,13,13,13,12,14,13,13,13,13,13,13,12,12,12,12,11,0,0,0,0,0,0,0,0,0,0,0,12,13,13,14,15,14,15,16,16,17,16,16,16,16,16,16,15,15,15,15,15,15,14,14,15,14,0,55,55,53,51,52,51,49,49,47,47,48,48,46,48,47,48,48,48,49,48,47,47,44,45,44,44,41,42,0,0,0,0,0,0,0,40,43,44,46,48,53,52,56,56,58,60,60,61,59,59,59,59,57,56,55,55,55,55,56,54,54,57,53
20260804_021426_df8648,1785806463330639,2193011472,2,2,0,-59,128,0,13,14,14,14,14,15,15,15,15,15,15,16,16,17,17,18,18,19,19,19,19,18,18,18,18,18,0,0,0,0,0,0,0,0,0,0,0,4,4,5,6,6,6,6,7,7,7,7,8,8,9,9,8,9,9,10,10,10,11,10,11,12,13,0,26,26,27,27,27,29,28,28,29,29,30,31,31,33,32,34,35,35,36,36,35,36,35,35,35,35,33,33,0,0,0,0,0,0,0,6,8,8,9,10,10,11,12,13,13,13,15,14,15,15,16,16,16,17,16,19,19,20,20,21,23,24,24
20260804_021426_df8648,1785806463433667,2193111362,2,2,0,-54,128,0,13,13,13,14,13,14,13,13,13,13,13,13,14,14,14,15,15,15,15,15,15,15,15,14,14,13,0,0,0,0,0,0,0,0,0,0,0,7,7,9,9,10,10,10,11,12,12,12,12,12,12,12,12,12,12,13,13,13,13,13,13,14,14,0,52,53,53,53,51,53,51,53,52,54,53,53,54,55,56,57,57,57,58,56,58,57,59,56,56,55,54,52,0,0,0,0,0,0,0,27,29,30,33,35,39,40,41,42,44,46,48,48,48,48,49,48,49,48,48,49,48,49,50,49,49,53,51
20260804_021426_df8648,1785806463531923,2193211339,2,2,0,-53,128,0,14,15,14,15,14,14,14,14,14,14,14,14,14,15,15,15,16,15,15,15,15,15,15,14,14,14,0,0,0,0,0,0,0,0,0,0,0,7,8,8,9,10,10,11,12,12,13,13,13,13,13,13,13,13,13,13,13,13,13,13,15,15,14,0,56,56,56,56,55,55,55,54,55,55,55,56,57,57,58,57,57,59,59,59,59,59,56,54,54,55,53,54,0,0,0,0,0,0,0,24,26,28,31,33,35,37,38,44,43,45,46,48,49,49,50,51,50,52,51,52,52,53,54,54,55,54,53
20260804_021426_df8648,1785806463634244,2193311643,2,2,0,-52,128,0,14,14,14,14,14,14,14,13,13,13,14,14,14,14,14,15,15,15,15,15,15,14,14,14,14,13,0,0,0,0,0,0,0,0,0,0,0,7,7,8,9,9,9,10,10,11,11,12,12,12,12,12,12,13,12,13,13,13,13,14,14,14,14,0,56,56,55,56,52,54,53,53,54,55,55,54,55,54,57,55,58,57,58,57,57,55,55,52,53,52,50,50,0,0,0,0,0,0,0,24,25,27,28,32,34,36,35,40,42,45,45,45,47,47,48,48,50,49,50,49,52,51,53,55,54,54,54
20260804_021426_df8648,1785806463731536,2193411740,2,2,0,-54,128,0,15,15,15,15,14,15,15,14,14,15,15,14,14,15,16,16,16,16,16,15,16,15,15,15,14,14,0,0,0,0,0,0,0,0,0,0,0,8,8,8,8,9,9,11,11,11,11,12,11,12,12,12,13,13,14,13,14,14,14,14,15,15,14,0,57,58,57,58,57,57,56,56,55,58,57,57,57,56,59,58,60,60,60,59,59,57,58,56,56,54,55,54,0,0,0,0,0,0,0,26,28,29,30,33,33,35,38,40,42,43,43,45,45,47,47,47,49,50,51,51,53,53,56,53,55,55,55
20260804_021426_df8648,1785806463837616,2193513842,2,2,0,-52,128,0,14,15,15,15,15,15,14,14,14,15,15,15,15,15,16,16,16,16,16,16,16,16,16,16,16,16,0,0,0,0,0,0,0,0,0,0,0,9,9,10,10,11,11,12,12,12,13,12,13,12,13,12,13,13,13,13,13,13,14,14,14,14,14,0,55,54,54,53,54,55,52,53,54,54,56,56,55,56,57,60,59,61,64,61,61,59,59,59,57,57,56,55,0,0,0,0,0,0,0,30,33,33,35,36,39,39,42,44,45,45,46,46,48,46,46,47,49,49,48,49,50,50,49,52,51,52,54
20260804_021426_df8648,1785806463933591,2193612206,2,2,0,-54,128,0,14,14,15,15,13,14,14,14,14,14,14,14,14,14,15,15,15,15,15,15,15,14,14,14,14,14,0,0,0,0,0,0,0,0,0,0,0,10,10,10,11,11,11,12,12,13,13,13,13,13,13,13,13,13,13,13,13,13,13,13,14,14,14,0,55,55,55,56,54,55,55,55,54,57,56,55,56,56,57,59,60,58,59,59,58,56,59,54,56,54,52,53,0,0,0,0,0,0,0,32,34,36,37,39,42,43,43,45,47,48,50,50,50,51,50,50,51,50,50,52,52,52,52,54,52,54,55
20260804_021426_df8648,1785806464033438,2193714183,2,2,0,-51,128,0,15,15,15,14,15,15,14,14,14,14,14,14,14,14,14,15,15,16,15,15,14,14,14,14,14,14,0,0,0,0,0,0,0,0,0,0,0,11,12,12,13,14,14,14,15,14,15,15,15,15,15,15,15,15,15,15,15,14,14,14,15,15,15,0,54,54,55,54,52,53,50,51,50,53,52,53,53,54,54,53,56,53,56,54,56,53,55,52,51,51,48,47,0,0,0,0,0,0,0,37,40,40,43,46,48,50,51,52,55,56,57,55,55,55,55,55,55,53,54,54,54,54,55,55,54,55,55
20260804_021426_df8648,1785806464131925,2193811783,2,2,0,-52,128,0,14,15,15,14,15,15,15,15,15,15,14,15,15,15,15,16,16,16,16,16,17,15,16,16,16,15,0,0,0,0,0,0,0,0,0,0,0,9,10,11,11,11,12,13,12,13,14,13,13,13,13,13,13,13,13,14,14,14,14,14,14,14,14,0,56,55,57,55,56,56,56,56,55,56,56,56,57,59,57,60,60,61,61,61,59,60,57,57,56,57,53,54,0,0,0,0,0,0,0,33,35,35,38,39,41,43,45,46,48,48,49,49,50,50,50,51,48,50,49,51,52,52,53,51,54,55,53
20260804_021426_df8648,1785806464253830,2193932054,2,2,0,-51,128,0,15,13,14,13,14,13,14,14,13,13,14,14,14,15,14,15,15,15,15,15,15,14,14,14,13,13,0,0,0,0,0,0,0,0,0,0,0,8,9,9,10,10,11,11,11,11,13,12,13,13,13,13,12,13,13,13,13,14,13,13,13,14,14,0,55,54,56,55,55,55,54,54,53,55,53,54,54,54,55,56,56,57,57,56,56,55,54,53,52,51,50,50,0,0,0,0,0,0,0,31,32,33,36,38,40,41,42,43,45,47,48,47,48,49,49,49,49,48,49,51,52,53,52,53,54,55,55
20260804_021426_df8648,1785806464334111,2194010657,2,2,0,-51,128,0,15,15,15,15,15,15,15,15,14,15,15,14,15,15,15,15,15,15,15,15,15,15,15,14,14,14,0,0,0,0,0,0,0,0,0,0,0,10,11,11,12,12,12,13,13,13,14,14,14,14,13,14,14,14,14,14,14,14,14,14,15,15,15,0,55,57,54,56,52,55,54,53,53,55,54,53,53,53,55,55,55,55,56,56,54,53,54,52,51,49,50,48,0,0,0,0,0,0,0,35,36,37,38,41,42,44,45,47,49,50,50,50,50,50,50,49,52,51,51,51,52,52,52,54,53,56,55
20260804_021426_df8648,1785806464431155,2194112318,2,2,0,-53,128,0,14,13,14,13,14,13,13,13,13,13,13,13,13,14,13,15,15,14,14,15,15,14,14,14,14,14,0,0,0,0,0,0,0,0,0,0,0,9,9,9,10,10,11,11,11,12,11,12,12,12,12,12,12,12,12,12,12,12,13,13,13,13,14,0,54,54,52,54,52,53,53,52,53,54,54,54,55,56,56,57,59,58,58,58,58,58,58,57,56,56,54,54,0,0,0,0,0,0,0,33,34,35,36,39,41,42,42,44,45,47,47,46,47,47,47,46,47,48,48,46,49,49,50,52,51,52,53
20260804_021426_df8648,1785806464535735,2194212115,2,2,0,-52,128,0,14,14,14,14,14,14,14,14,14,14,13,13,14,14,15,15,15,15,16,16,16,15,15,15,14,14,0,0,0,0,0,0,0,0,0,0,0,10,11,11,11,12,12,13,13,13,13,13,13,13,13,13,13,13,13,13,13,13,13,14,13,14,13,0,53,52,52,53,52,54,52,51,52,53,53,53,54,55,55,55,57,57,58,57,57,56,55,56,54,54,52,53,0,0,0,0,0,0,0,35,36,38,40,41,43,45,46,48,49,49,49,51,50,49,49,50,50,50,48,49,49,50,50,50,51,52,52
20260804_021426_df8648,1785806464635558,2194312894,2,2,0,-52,128,0,16,15,15,15,15,15,15,15,14,15,15,15,15,15,16,16,16,16,16,16,16,16,16,15,15,15,0,0,0,0,0,0,0,0,0,0,0,11,11,11,12,13,13,13,13,13,14,14,14,14,14,15,15,14,14,15,14,14,14,14,15,15,14,0,53,57,55,54,53,56,54,54,53,55,54,55,55,56,56,56,58,56,58,57,58,56,55,52,53,52,52,51,0,0,0,0,0,0,0,34,37,37,37,41,43,45,47,48,50,50,51,51,51,52,53,52,52,52,52,52,52,53,56,54,53,55,55
20260804_021426_df8648,1785806464730716,2194411890,2,2,0,-50,128,0,15,15,15,15,15,15,14,14,14,15,14,15,15,15,16,16,15,16,16,15,15,15,15,15,15,14,0,0,0,0,0,0,0,0,0,0,0,10,11,11,12,13,12,13,14,14,14,15,15,15,14,14,14,15,14,15,15,15,15,15,15,15,15,0,54,56,55,54,54,57,53,54,53,55,56,53,56,54,58,57,58,59,58,57,58,57,55,54,54,53,50,51,0,0,0,0,0,0,0,32,34,35,38,40,42,44,44,48,48,51,52,51,52,52,52,50,54,52,53,50,53,53,55,56,55,54,57
20260804_021426_df8648,1785806464830589,2194511948,2,2,0,-51,128,0,14,14,14,15,14,14,14,14,15,15,15,15,15,16,16,16,17,16,17,16,16,16,15,15,14,15,0,0,0,0,0,0,0,0,0,0,0,10,9,10,11,11,11,11,12,12,12,12,12,12,12,11,12,12,13,12,12,13,13,13,14,14,14,0,55,55,55,55,55,55,55,55,56,56,56,57,58,60,59,60,60,61,62,61,60,59,58,58,58,55,54,53,0,0,0,0,0,0,0,32,34,35,37,38,39,39,42,43,44,45,45,45,45,45,46,45,45,47,45,45,47,48,49,50,50,52,54
20260804_021426_df8648,1785806464936977,2194615647,2,2,0,-60,128,0,12,13,13,12,12,12,13,13,13,14,14,14,14,15,15,16,16,17,17,17,17,17,17,17,17,17,0,0,0,0,0,0,0,0,0,0,0,8,9,9,9,9,9,10,10,10,10,10,10,10,10,10,10,11,10,10,10,10,11,11,12,12,12,0,24,24,24,26,26,25,25,25,27,28,29,28,29,29,31,31,32,32,34,36,35,34,35,34,33,34,34,34,0,0,0,0,0,0,0,14,16,15,16,17,18,19,19,19,20,20,21,21,20,20,19,19,20,20,21,20,21,22,21,21,21,22,23
20260804_021426_df8648,1785806465032871,2194711430,2,2,0,-57,128,0,13,13,15,14,17,13,15,17,15,16,16,17,17,17,18,19,18,20,19,19,18,20,18,19,17,17,0,0,0,0,0,0,0,0,0,0,0,5,6,6,6,6,7,8,8,8,8,9,9,9,10,10,10,10,10,11,12,12,12,13,13,13,14,0,29,27,26,32,26,26,29,29,30,30,32,30,30,32,32,35,36,33,38,34,35,35,34,33,33,33,32,33,0,0,0,0,0,0,0,9,10,10,12,11,12,13,13,15,15,16,16,17,17,18,19,18,19,19,20,21,21,21,21,23,23,24,25
20260804_021426_df8648,1785806465133879,2194811685,2,2,0,-59,128,0,12,13,13,13,14,14,14,15,14,16,16,16,16,17,17,18,18,18,18,18,18,18,18,18,18,17,0,0,0,0,0,0,0,0,0,0,0,8,9,9,10,9,9,10,10,10,9,10,9,9,10,10,9,9,9,10,11,11,11,11,11,13,12,0,48,50,52,52,54,57,54,55,56,58,60,61,63,62,66,67,67,70,71,69,70,67,68,68,67,67,65,67,0,0,0,0,0,0,0,30,32,32,34,34,35,35,39,40,39,39,39,38,39,38,38,38,37,38,38,40,42,40,43,43,46,46,47
20260804_021426_df8648,1785806465230529,2194911911,2,2,0,-57,128,0,12,12,12,13,13,12,12,12,13,13,13,14,14,15,15,15,16,16,16,16,16,16,15,15,15,15,0,0,0,0,0,0,0,0,0,0,0,9,11,10,11,12,12,12,12,12,12,11,11,11,11,11,11,11,11,11,11,11,11,11,11,11,12,0,46,46,47,48,47,48,48,48,48,52,53,53,56,56,58,57,61,60,62,63,62,61,61,61,61,60,61,59,0,0,0,0,0,0,0,37,40,40,43,43,44,45,45,46,48,48,51,48,47,47,46,45,45,44,45,45,43,47,44,46,48,49,44
20260804_021426_df8648,1785806465332044,2195013694,2,2,0,-55,128,0,13,13,13,14,13,14,15,15,15,15,15,16,17,17,17,17,18,18,19,19,18,18,18,18,18,17,0,0,0,0,0,0,0,0,0,0,0,6,6,6,7,7,7,8,8,9,9,9,9,9,9,9,10,10,10,10,11,11,11,12,12,12,13,0,51,51,52,53,57,56,56,56,58,59,60,60,62,65,64,68,69,72,71,70,71,70,67,69,68,69,65,66,0,0,0,0,0,0,0,19,21,22,23,24,26,27,29,30,31,33,33,35,35,36,36,37,36,38,36,39,40,41,42,42,43,47,48
20260804_021426_df8648,1785806465433161,2195111844,2,2,0,-57,128,0,13,12,12,12,12,13,12,12,12,13,13,12,13,13,13,14,14,15,15,14,15,14,14,14,15,14,0,0,0,0,0,0,0,0,0,0,0,10,9,11,11,12,12,12,12,12,13,13,13,13,13,13,13,12,12,12,13,13,13,13,13,13,13,0,49,49,48,50,49,46,47,48,47,49,49,49,49,51,53,54,56,56,57,56,56,55,55,55,56,58,56,55,0,0,0,0,0,0,0,35,36,38,38,43,42,47,46,48,49,51,51,50,52,51,51,49,51,48,48,48,49,50,48,48,49,49,49
20260804_021426_df8648,1785806465530365,2195211806,2,2,0,-61,128,0,13,14,13,13,14,14,15,14,14,15,15,16,16,16,17,17,18,18,19,19,19,20,21,21,20,21,0,0,0,0,0,0,0,0,0,0,0,7,8,8,8,9,9,9,10,10,11,11,11,12,12,12,12,12,12,13,13,13,13,13,13,13,13,0,25,25,25,24,26,25,26,26,26,26,28,28,30,30,31,32,32,33,35,36,35,37,35,36,37,39,37,38,0,0,0,0,0,0,0,13,13,12,14,14,15,15,16,17,18,18,19,19,19,21,21,22,21,22,22,23,22,23,24,22,24,24,23
20260804_021426_df8648,1785806465632395,2195312243,2,2,0,-53,128,0,13,13,13,13,13,13,13,13,13,14,13,13,14,14,14,15,14,15,15,16,16,15,15,15,15,14,0,0,0,0,0,0,0,0,0,0,0,9,9,10,10,11,11,12,11,11,11,12,12,12,12,12,11,11,11,11,11,11,13,12,13,13,13,0,52,52,52,53,52,53,53,52,52,55,54,56,55,57,59,59,61,61,63,61,63,61,61,60,59,58,59,58,0,0,0,0,0,0,0,34,36,36,37,40,41,43,43,45,47,48,49,49,48,49,48,48,47,47,46,49,48,51,49,50,50,50,51
20260804_021426_df8648,1785806465757506,2195437962,2,2,0,-55,128,0,13,14,14,14,14,14,14,15,15,15,16,15,16,16,16,17,17,18,18,18,18,19,19,19,19,18,0,0,0,0,0,0,0,0,0,0,0,7,8,8,9,9,9,10,10,10,11,10,11,11,10,11,10,10,10,11,11,12,12,12,12,12,13,0,26,26,26,26,27,28,28,29,29,30,29,30,30,32,32,34,35,36,36,36,37,37,37,37,37,37,35,37,0,0,0,0,0,0,0,13,13,14,14,15,16,16,17,19,19,19,20,20,21,20,20,20,20,21,20,21,22,22,23,22,24,24,24
20260804_021426_df8648,1785806465837370,2195518697,2,2,0,-58,128,0,15,16,13,12,15,15,14,13,13,13,14,13,14,13,13,14,15,15,15,14,17,17,16,16,17,16,0,0,0,0,0,0,0,0,0,0,0,8,8,9,9,10,11,11,12,12,13,13,13,13,13,13,14,14,14,14,14,14,14,13,13,14,13,0,57,53,48,49,49,48,60,52,53,52,52,54,54,56,56,58,57,58,64,62,64,61,66,59,67,66,61,62,0,0,0,0,0,0,0,25,28,30,31,34,36,40,41,44,45,48,48,49,48,50,50,48,51,52,51,51,52,51,51,51,50,55,53
20260804_021426_df8648,1785806465928816,2195611916,2,2,0,-56,128,0,14,15,15,15,15,15,15,15,16,16,15,16,16,17,17,17,18,18,18,18,18,18,19,18,18,18,0,0,0,0,0,0,0,0,0,0,0,4,4,4,4,5,5,7,7,8,8,8,9,9,9,9,11,11,11,11,12,12,12,13,13,14,13,0,28,28,30,28,30,30,29,29,30,30,31,31,32,33,33,34,34,35,37,36,36,37,35,36,36,36,36,35,0,0,0,0,0,0,0,4,6,7,7,8,9,10,11,12,14,14,16,16,17,17,19,18,20,20,21,21,22,24,24,24,25,27,26
20260804_021426_df8648,1785806466032172,2195711787,2,2,0,-56,128,0,14,14,15,15,15,15,15,15,15,15,16,16,16,17,17,18,18,17,18,18,19,18,18,18,18,17,0,0,0,0,0,0,0,0,0,0,0,4,4,4,5,6,6,7,7,8,8,8,9,10,10,10,10,10,11,11,11,11,11,12,13,13,13,0,54,54,57,56,58,57,59,58,58,60,61,61,63,65,65,67,67,69,70,71,70,69,69,69,68,68,68,67,0,0,0,0,0,0,0,9,13,16,15,17,20,21,25,27,28,30,31,35,35,37,38,38,38,40,41,45,44,44,47,48,49,51,52
20260804_021426_df8648,1785806466133658,2195811537,2,2,0,-53,128,0,15,16,15,16,15,15,16,15,15,16,16,16,16,16,17,17,17,17,17,17,17,17,17,17,16,16,0,0,0,0,0,0,0,0,0,0,0,5,7,7,7,8,9,9,10,10,11,11,11,12,12,12,12,12,13,13,13,13,14,14,14,14,14,0,55,57,60,57,58,59,57,56,56,58,58,59,59,61,62,63,62,64,65,66,64,62,62,62,60,59,59,57,0,0,0,0,0,0,0,16,19,19,22,24,27,29,31,34,34,38,39,40,42,43,43,44,44,46,45,48,48,51,51,51,54,53,54
20260804_021426_df8648,1785806466234454,2195916039,2,2,0,-57,128,0,14,15,15,14,15,15,15,15,16,16,16,16,16,17,17,17,17,17,19,18,18,18,18,18,17,17,0,0,0,0,0,0,0,0,0,0,0,5,5,6,7,8,8,8,9,9,9,10,10,10,11,11,11,11,11,12,12,12,13,13,14,14,14,0,27,28,30,29,29,29,29,29,30,30,31,31,31,31,32,33,33,35,35,35,35,34,34,34,33,33,32,34,0,0,0,0,0,0,0,8,9,9,10,12,13,13,15,16,17,17,18,19,19,20,21,21,20,21,21,23,23,24,23,24,26,26,27
20260804_021426_df8648,1785806466336465,2196012751,2,2,0,-56,128,0,14,14,14,14,14,14,14,14,14,14,14,14,15,15,16,16,16,16,16,16,16,16,16,16,15,16,0,0,0,0,0,0,0,0,0,0,0,9,10,10,11,11,12,12,13,13,13,13,13,13,13,13,13,13,13,13,13,13,13,13,14,14,13,0,52,52,54,51,54,53,54,53,54,54,54,55,56,59,57,59,60,62,62,62,61,62,60,59,59,60,56,55,0,0,0,0,0,0,0,30,33,35,37,38,41,43,45,46,48,50,49,51,50,49,50,49,49,50,47,49,49,50,51,47,50,51,50
20260804_021426_df8648,1785806466432852,2196111657,2,2,0,-54,128,0,12,14,12,13,13,13,13,12,13,13,13,13,13,14,14,14,14,14,14,14,14,14,14,14,13,13,0,0,0,0,0,0,0,0,0,0,0,10,11,12,11,13,13,14,14,13,14,14,14,14,14,13,13,13,13,13,13,13,13,13,13,13,13,0,50,53,52,53,50,51,51,49,49,51,51,51,50,50,55,53,55,54,57,55,56,54,53,53,50,50,50,50,0,0,0,0,0,0,0,35,37,39,41,45,47,49,51,52,54,54,57,54,54,54,53,52,53,51,51,51,52,52,52,52,53,52,51
20260804_021426_df8648,1785806466533730,2196211854,2,2,0,-54,128,0,14,14,13,14,14,14,14,14,14,14,14,14,14,15,15,16,16,16,16,16,16,16,16,16,15,15,0,0,0,0,0,0,0,0,0,0,0,7,8,8,9,9,10,10,11,11,11,11,11,11,11,11,11,11,11,11,12,12,12,13,13,13,13,0,26,26,26,26,26,27,27,27,27,27,27,27,28,30,29,30,30,31,31,31,30,30,29,30,29,29,28,28,0,0,0,0,0,0,0,12,14,14,15,16,16,18,18,19,20,21,21,21,22,23,22,23,22,22,23,21,22,23,24,24,24,25,25
20260804_021426_df8648,1785806466630853,2196311559,2,2,0,-56,128,0,13,13,14,14,14,14,13,13,13,13,13,14,14,14,14,14,14,15,15,15,15,15,14,14,14,14,0,0,0,0,0,0,0,0,0,0,0,11,12,13,14,13,14,15,15,15,15,15,15,15,15,15,14,14,14,14,14,14,13,13,14,13,13,0,50,50,50,51,48,50,50,51,48,51,51,51,50,52,55,52,55,56,55,54,56,55,54,53,52,53,52,53,0,0,0,0,0,0,0,38,41,43,44,46,48,51,52,53,55,57,56,57,56,54,55,54,52,52,53,51,51,51,51,50,49,49,50
20260804_021426_df8648,1785806466733170,2196413263,2,2,0,-58,128,0,13,14,14,14,14,14,15,15,15,15,15,15,16,17,17,17,18,18,18,18,19,18,18,18,18,18,0,0,0,0,0,0,0,0,0,0,0,7,7,7,7,8,8,8,9,9,10,10,10,10,10,10,10,10,10,10,10,11,11,11,11,12,13,0,25,25,26,26,27,27,27,29,29,28,30,29,30,31,31,33,33,34,35,34,34,35,34,35,35,34,33,34,0,0,0,0,0,0,0,10,11,12,12,14,15,14,15,17,17,18,18,18,18,20,20,20,21,20,19,20,20,20,21,20,22,24,25
20260804_021426_df8648,1785806466834838,2196513581,2,2,0,-58,128,0,13,13,14,14,13,13,13,13,14,14,14,14,14,15,15,16,16,16,16,16,16,16,16,16,16,16,0,0,0,0,0,0,0,0,0,0,0,10,11,12,12,13,13,13,14,14,14,14,14,14,14,14,14,12,13,12,13,13,13,13,12,13,13,0,49,48,51,49,52,52,51,53,51,52,55,56,56,57,57,58,60,62,61,64,62,63,60,62,61,61,58,60,0,0,0,0,0,0,0,35,38,39,42,44,47,48,52,51,51,52,53,53,52,51,50,50,50,49,48,48,47,46,47,47,46,47,48
20260804_021426_df8648,1785806466927649,2196611010,2,2,0,-63,128,0,12,12,13,13,14,14,14,14,15,15,15,16,16,17,17,18,17,19,19,19,19,19,19,19,19,18,0,0,0,0,0,0,0,0,0,0,0,4,4,5,5,5,6,6,7,7,7,7,6,7,7,7,7,7,7,7,8,8,8,8,9,11,11,0,23,25,25,27,28,28,29,29,29,31,31,31,31,32,34,34,36,37,37,39,37,38,37,37,37,36,36,37,0,0,0,0,0,0,0,7,7,8,8,10,10,10,12,12,12,13,13,13,13,13,14,12,13,14,16,15,16,16,16,18,19,20,22
20260804_021426_df8648,1785806467041370,2196721357,2,2,0,-59,128,0,12,13,13,13,13,13,14,14,14,15,15,15,16,16,17,17,18,18,19,19,19,19,19,19,19,19,0,0,0,0,0,0,0,0,0,0,0,8,8,9,9,9,9,9,10,10,10,10,10,10,10,10,10,9,9,9,10,10,10,11,10,11,11,0,23,23,25,24,26,26,26,26,27,28,29,29,30,32,31,34,33,35,36,37,36,37,36,36,37,37,36,37,0,0,0,0,0,0,0,13,14,15,15,16,17,17,18,19,19,20,19,19,19,19,19,20,19,19,18,18,19,20,20,19,20,21,22
20260804_021426_df8648,1785806467131836,2196812638,2,2,0,-61,128,0,12,12,14,13,14,14,15,15,16,16,16,16,18,18,19,20,21,21,21,21,22,23,23,23,23,23,0,0,0,0,0,0,0,0,0,0,0,2,1,1,2,2,2,2,2,3,3,3,3,4,4,5,5,5,5,6,7,7,8,8,9,9,11,0,22,23,24,26,25,27,28,28,28,31,32,32,33,34,36,36,40,40,41,42,42,42,43,43,43,42,43,41,0,0,0,0,0,0,0,3,3,3,3,2,3,4,3,4,4,5,5,6,6,7,8,8,9,9,11,12,12,14,15,17,17,18,19
20260804_021426_df8648,1785806467228599,2196911792,2,2,0,-60,128,0,12,13,13,13,13,14,15,15,16,16,16,16,17,18,19,19,19,21,21,21,21,22,22,22,21,22,0,0,0,0,0,0,0,0,0,0,0,2,1,2,1,1,1,1,2,2,2,2,3,4,4,5,5,6,6,6,7,8,8,9,9,10,11,0,23,25,25,28,26,28,28,29,30,32,33,32,34,35,37,37,39,38,42,41,42,42,43,42,43,42,42,42,0,0,0,0,0,0,0,5,4,4,3,3,1,2,1,1,3,4,4,5,6,7,8,8,10,10,11,12,14,14,16,18,19,20,21
20260804_021426_df8648,1785806467330218,2197012087,2,2,0,-59,128,0,13,13,14,15,15,15,16,16,17,17,17,18,18,19,19,20,21,21,21,21,21,21,21,21,21,21,0,0,0,0,0,0,0,0,0,0,0,7,7,7,8,8,7,7,7,7,7,6,6,6,6,6,6,6,6,7,7,8,8,9,10,11,11,0,23,25,26,27,28,28,29,30,31,32,32,33,35,36,37,37,39,39,41,40,40,39,39,40,40,39,38,39,0,0,0,0,0,0,0,12,13,12,11,13,13,13,12,13,12,12,12,11,10,11,11,11,11,11,12,13,13,15,16,16,18,19,20
20260804_021426_df8648,1785806467428732,2197111943,2,2,0,-58,128,0,13,13,14,14,14,15,15,15,15,15,15,16,16,17,17,18,18,18,19,19,20,19,19,19,19,20,0,0,0,0,0,0,0,0,0,0,0,2,3,3,3,4,4,4,5,5,6,6,6,7,7,8,8,8,9,9,9,9,10,11,11,12,12,0,26,27,27,27,28,28,28,28,30,31,31,32,32,33,34,35,36,36,37,37,38,37,40,38,38,38,38,37,0,0,0,0,0,0,0,3,4,5,5,5,7,7,8,9,10,10,11,12,12,14,14,15,16,16,17,17,18,19,20,21,21,22,24
20260804_021426_df8648,1785806467530427,2197211951,2,2,0,-56,128,0,14,14,14,14,14,14,14,14,14,14,15,15,16,16,16,16,16,16,16,16,16,16,16,16,16,16,0,0,0,0,0,0,0,0,0,0,0,6,7,7,8,8,8,9,9,9,9,9,9,10,10,10,10,10,10,11,12,11,12,12,13,13,13,0,56,56,57,57,58,58,59,56,57,59,58,59,61,61,60,65,63,66,66,65,64,64,63,64,60,59,57,57,0,0,0,0,0,0,0,22,24,26,28,27,31,31,34,34,36,37,39,40,41,41,42,42,42,43,44,47,47,47,50,48,53,53,54
20260804_021426_df8648,1785806467631490,2197313600,2,2,0,-61,128,0,11,13,13,14,14,14,16,16,16,16,17,18,18,19,20,20,22,22,22,24,23,23,24,23,24,24,0,0,0,0,0,0,0,0,0,0,0,4,4,3,2,2,2,2,1,1,1,1,2,2,2,3,4,4,4,5,6,7,7,8,8,9,10,0,23,23,23,25,26,26,27,29,30,31,31,33,34,36,37,38,41,41,43,44,44,44,44,44,45,45,45,44,0,0,0,0,0,0,0,8,7,7,6,7,5,5,5,4,3,2,2,2,2,3,4,5,6,7,8,9,10,12,13,14,16,18,19
20260804_021426_df8648,1785806467733393,2197411602,2,2,0,-58,128,0,10,11,11,12,11,13,13,13,13,14,14,14,14,16,16,16,18,18,18,18,19,19,19,19,19,18,0,0,0,0,0,0,0,0,0,0,0,12,12,13,13,13,13,14,14,13,13,13,13,13,12,11,11,11,11,11,11,11,10,10,10,10,10,0,42,42,43,42,44,47,47,48,49,52,52,55,57,60,59,63,65,67,68,70,71,70,71,69,69,71,69,71,0,0,0,0,0,0,0,39,43,41,46,48,48,48,50,50,50,51,51,49,47,46,44,43,40,40,38,41,40,39,38,37,37,38,38
20260804_021426_df8648,1785806467830270,2197511685,2,2,0,-63,128,0,10,10,11,11,12,12,13,13,14,14,15,16,16,17,18,19,19,20,21,21,21,21,21,21,22,22,0,0,0,0,0,0,0,0,0,0,0,11,12,11,11,11,12,11,11,11,11,11,10,10,10,10,9,9,9,9,9,8,8,8,9,9,9,0,19,18,21,21,23,23,25,25,28,27,28,30,30,33,32,35,36,38,37,39,39,40,40,40,41,43,38,41,0,0,0,0,0,0,0,20,21,20,21,20,21,20,20,20,19,19,19,18,17,18,16,17,17,17,15,16,17,16,15,14,16,16,17
20260804_021426_df8648,1785806467931405,2197613300,2,2,0,-61,128,0,12,13,13,14,14,14,15,16,16,17,17,18,18,19,20,21,22,22,23,23,23,23,23,23,23,23,0,0,0,0,0,0,0,0,0,0,0,3,3,3,3,2,1,1,1,0,1,1,2,2,3,3,4,4,5,5,6,6,8,9,9,9,10,0,23,24,25,26,26,28,28,29,31,32,33,33,35,36,38,38,40,41,43,43,43,43,43,44,43,42,43,42,0,0,0,0,0,0,0,6,7,6,4,5,5,4,3,1,1,1,1,2,3,4,5,6,7,8,9,9,11,13,14,16,17,18,19
20260804_021426_df8648,1785806468027957,2197711822,2,2,0,-60,128,0,12,12,13,13,13,14,14,14,14,15,15,16,16,16,16,17,18,19,19,18,19,18,18,18,18,18,0,0,0,0,0,0,0,0,0,0,0,1,1,1,1,2,2,2,3,3,4,4,5,5,5,6,6,6,7,7,8,8,9,9,10,10,11,0,24,24,25,25,26,27,27,28,28,30,31,31,32,32,33,34,35,36,36,37,38,37,38,37,37,36,37,38,0,0,0,0,0,0,0,2,1,2,3,2,3,3,4,5,6,7,7,8,9,10,11,11,12,13,14,15,16,16,17,19,20,21,21
20260804_021426_df8648,1785806468133993,2197814131,2,2,0,-56,128,0,14,14,14,14,14,15,14,14,14,15,15,15,15,16,16,16,17,17,17,17,17,16,16,16,16,16,0,0,0,0,0,0,0,0,0,0,0,8,8,8,8,10,10,11,11,11,11,11,11,11,11,11,11,12,12,12,12,12,13,12,13,13,13,0,54,52,55,53,56,56,55,54,55,55,56,60,60,61,58,64,61,64,65,64,64,64,60,61,63,63,57,60,0,0,0,0,0,0,0,25,28,31,32,32,35,35,38,39,40,41,41,42,43,43,44,43,42,45,43,45,46,47,45,47,49,49,50
20260804_021426_df8648,1785806468233732,2197912731,2,2,0,-56,128,0,13,13,13,13,13,13,13,14,14,14,14,14,15,16,16,16,16,17,17,17,17,16,16,16,16,16,0,0,0,0,0,0,0,0,0,0,0,8,8,8,9,9,9,10,10,10,10,10,10,10,11,10,10,10,10,10,11,10,11,11,11,12,12,0,25,25,25,27,25,27,26,27,27,29,28,28,29,29,31,30,33,32,33,34,33,32,32,32,31,31,31,30,0,0,0,0,0,0,0,14,14,16,16,17,17,18,18,20,20,20,21,20,20,21,21,20,21,20,21,20,21,22,23,23,24,23,24
20260804_021426_df8648,1785806468328644,2198011741,2,2,0,-56,128,0,11,13,12,13,12,13,13,13,14,14,14,15,15,15,16,16,17,17,18,17,17,18,18,17,18,17,0,0,0,0,0,0,0,0,0,0,0,4,4,5,5,5,6,6,6,7,7,7,7,8,8,8,8,8,8,9,9,9,10,10,11,11,11,0,48,50,50,51,52,53,52,54,55,57,57,58,59,61,63,65,67,68,69,70,70,70,71,69,69,69,71,70,0,0,0,0,0,0,0,15,16,17,17,20,21,21,23,24,26,27,28,29,29,30,30,31,32,33,34,35,36,38,39,41,44,46,46
20260804_021426_df8648,1785806468429683,2198112005,2,2,0,-61,128,0,14,13,15,14,15,14,15,15,15,15,16,16,17,17,18,19,19,20,21,21,22,21,22,22,22,23,0,0,0,0,0,0,0,0,0,0,0,1,2,2,3,3,4,4,4,5,6,6,7,8,7,8,9,9,9,9,9,10,10,10,12,12,11,0,26,26,28,28,26,28,29,29,29,31,31,31,32,33,34,35,38,38,39,40,41,41,42,43,43,43,43,44,0,0,0,0,0,0,0,1,2,3,3,4,5,5,6,7,9,9,11,10,13,13,13,15,15,14,17,17,18,19,21,21,21,22,23
20260804_021426_df8648,1785806468531206,2198214945,2,2,0,-67,128,0,6,8,8,9,10,11,12,12,13,14,15,15,16,17,18,18,19,20,22,22,23,24,24,25,25,24,0,0,0,0,0,0,0,0,0,0,0,7,7,7,7,6,6,6,6,5,5,5,4,4,3,3,2,2,3,3,3,3,4,4,4,6,6,0,15,16,17,18,19,21,22,24,26,26,28,29,30,33,35,36,39,40,41,43,45,45,47,47,48,48,48,50,0,0,0,0,0,0,0,14,14,13,12,13,12,11,11,11,10,9,10,8,7,7,6,6,5,5,4,4,5,5,6,7,8,10,12
20260804_021426_df8648,1785806468632362,2198312069,2,2,0,-57,128,0,11,11,11,11,10,11,10,10,11,11,12,12,11,12,12,13,13,13,14,14,14,14,14,14,15,16,0,0,0,0,0,0,0,0,0,0,0,13,13,14,14,14,14,14,15,15,15,14,14,14,14,13,13,12,13,12,12,12,12,12,11,11,11,0,44,42,42,42,41,41,42,42,42,44,46,45,45,48,49,50,50,52,55,56,56,56,58,58,58,60,58,58,0,0,0,0,0,0,0,48,48,51,52,54,57,57,58,57,59,58,60,57,56,55,54,52,51,50,49,48,47,46,45,45,45,45,44
20260804_021426_df8648,1785806468732450,2198411901,2,2,0,-60,128,0,12,13,13,13,12,12,12,13,12,13,13,13,14,14,15,16,16,16,17,17,17,18,17,18,18,19,0,0,0,0,0,0,0,0,0,0,0,10,11,11,12,12,13,13,14,14,14,13,13,13,13,13,12,13,13,13,13,13,13,12,13,12,12,0,23,24,24,24,23,22,23,24,23,24,25,26,26,26,27,28,29,30,32,31,33,33,34,33,34,34,35,34,0,0,0,0,0,0,0,18,19,20,20,21,22,22,24,24,25,25,25,25,25,25,25,24,25,24,23,23,24,24,23,24,24,24,24
20260804_021426_df8648,1785806468833556,2198512133,2,2,0,-62,128,0,9,10,11,11,11,11,11,11,12,13,14,14,14,15,16,17,18,19,19,20,20,21,21,21,21,21,0,0,0,0,0,0,0,0,0,0,0,9,9,9,9,9,9,9,9,9,8,8,9,9,8,8,8,7,7,7,8,7,8,8,8,8,9,0,21,20,20,21,23,22,22,24,24,26,26,28,30,30,32,33,35,36,38,38,40,40,43,43,43,42,42,42,0,0,0,0,0,0,0,18,18,18,17,19,18,18,18,18,18,18,19,17,16,16,16,14,15,14,13,14,14,15,15,16,16,17,18
20260804_021426_df8648,1785806468936613,2198618066,2,2,0,-65,128,0,9,9,10,10,11,12,12,13,13,14,15,15,16,17,18,18,19,20,20,21,21,21,22,22,22,22,0,0,0,0,0,0,0,0,0,0,0,7,7,7,7,7,7,7,6,6,6,6,6,5,4,4,4,4,4,4,4,5,5,6,6,7,7,0,16,19,20,20,21,23,24,25,26,28,28,30,31,33,34,36,37,39,40,41,42,42,42,43,43,44,44,46,0,0,0,0,0,0,0,15,14,15,15,14,15,14,14,14,14,13,12,12,10,10,9,8,8,7,7,9,7,9,10,10,11,13,13
20260804_021426_df8648,1785806469033414,2198712124,2,2,0,-60,128,0,13,14,14,15,15,15,16,16,16,17,17,18,18,19,19,19,20,20,22,22,22,22,22,22,22,22,0,0,0,0,0,0,0,0,0,0,0,2,2,3,3,4,4,4,5,5,6,5,6,6,8,8,8,8,9,9,9,10,11,11,12,12,12,0,25,26,27,27,28,28,30,30,30,31,31,33,34,35,36,37,38,39,40,41,42,41,41,41,41,41,40,41,0,0,0,0,0,0,0,4,4,4,5,5,6,6,7,8,9,9,10,10,11,12,13,13,14,15,16,17,17,18,21,21,22,23,23
20260804_021426_df8648,1785806469136369,2198813129,2,2,0,-60,128,0,14,14,14,14,14,14,14,14,14,14,15,14,14,15,15,15,16,16,17,17,17,17,17,16,16,17,0,0,0,0,0,0,0,0,0,0,0,8,8,9,9,9,9,10,10,11,11,11,10,11,11,11,11,11,11,11,11,12,11,12,12,13,14,0,25,26,27,27,25,27,27,26,27,27,27,27,27,29,30,29,31,31,32,32,32,32,32,30,30,31,31,30,0,0,0,0,0,0,0,15,15,15,16,17,17,18,19,20,21,21,21,22,21,21,20,20,21,20,21,21,22,22,22,23,24,25,25
20260804_021426_df8648,1785806469232250,2198912630,2,2,0,-60,128,0,15,14,16,14,16,13,16,16,16,16,16,17,18,17,18,18,18,18,18,19,19,19,19,18,18,18,0,0,0,0,0,0,0,0,0,0,0,5,6,6,6,7,7,8,8,8,8,8,8,9,8,9,9,9,9,10,10,10,10,11,12,12,13,0,53,53,54,54,59,54,57,61,62,65,63,64,65,67,67,69,72,74,74,74,71,72,70,71,69,71,68,69,0,0,0,0,0,0,0,14,18,20,21,22,23,26,27,28,30,30,32,32,33,32,34,34,35,35,36,37,38,38,40,43,43,46,49
20260804_021426_df8648,1785806469335111,2199011939,2,2,0,-58,128,0,13,13,13,13,14,14,13,14,14,15,15,14,14,15,16,16,16,16,17,17,17,17,17,16,16,16,0,0,0,0,0,0,0,0,0,0,0,6,7,8,8,8,9,9,10,9,11,10,11,11,11,11,11,11,11,11,11,11,11,12,12,13,13,0,51,50,58,54,55,51,52,56,54,56,57,55,57,59,61,63,64,66,66,68,67,66,66,64,64,64,65,65,0,0,0,0,0,0,0,24,25,27,28,30,33,35,36,37,40,40,42,42,43,43,42,42,42,42,44,42,45,46,45,47,49,50,50
20260804_021426_df8648,1785806469431708,2199113515,2,2,0,-57,128,0,14,14,15,15,15,15,16,15,15,16,16,16,17,18,18,19,19,19,20,19,20,19,19,19,19,19,0,0,0,0,0,0,0,0,0,0,0,1,2,2,3,3,4,4,4,5,5,6,6,6,7,7,7,9,9,9,10,10,11,11,12,12,13,0,27,29,27,29,29,30,30,30,30,31,31,32,32,33,34,34,35,36,38,38,38,37,38,36,36,35,36,35,0,0,0,0,0,0,0,4,3,4,4,5,6,6,6,8,8,9,10,11,11,13,13,13,15,15,17,17,20,19,21,22,24,25,25
20260804_021426_df8648,1785806469533618,2199212124,2,2,0,-60,128,0,16,16,16,16,16,16,16,16,15,15,15,15,15,16,16,17,17,17,17,17,17,16,16,16,16,16,0,0,0,0,0,0,0,0,0,0,0,5,6,6,7,7,8,8,8,9,9,10,10,10,10,10,11,11,11,11,13,12,13,13,13,15,15,0,58,59,61,58,60,59,59,59,59,58,59,59,60,60,61,63,64,64,66,64,65,63,63,61,60,61,58,59,0,0,0,0,0,0,0,18,19,20,21,22,26,27,30,30,32,33,35,35,37,39,40,40,40,43,42,46,47,47,48,50,53,55,59
20260804_021426_df8648,1785806469635051,2199314344,2,2,0,-58,128,0,15,15,15,15,15,15,15,15,15,15,15,14,14,15,15,16,16,16,17,16,16,16,16,16,16,15,0,0,0,0,0,0,0,0,0,0,0,7,8,8,8,9,9,10,10,10,11,11,11,12,12,11,12,12,12,13,13,13,13,14,14,15,15,0,29,30,28,30,28,29,29,27,29,28,28,28,29,28,30,29,30,30,31,32,32,31,31,30,30,30,29,30,0,0,0,0,0,0,0,12,14,13,14,15,16,17,17,19,20,20,21,21,22,22,22,23,23,23,24,24,24,25,26,28,28,28,28
20260804_021426_df8648,1785806469730769,2199412710,2,2,0,-60,128,0,16,16,16,16,15,16,16,15,15,15,15,15,15,15,16,16,16,16,17,17,16,16,16,15,15,15,0,0,0,0,0,0,0,0,0,0,0,7,7,8,8,9,9,10,10,10,11,11,11,11,11,12,12,12,12,13,13,14,14,15,15,15,15,0,31,30,31,30,30,30,30,29,28,29,30,29,28,30,30,31,30,31,32,31,31,30,30,29,30,28,28,27,0,0,0,0,0,0,0,11,12,12,14,15,15,16,17,18,18,19,19,20,21,21,22,23,23,23,23,25,25,26,26,27,29,29,30
20260804_021426_df8648,1785806469832584,2199512339,2,2,0,-63,128,0,13,12,12,11,11,11,10,10,10,9,9,9,9,9,9,9,10,9,10,10,10,10,10,10,10,10,0,0,0,0,0,0,0,0,0,0,0,12,13,14,14,15,15,15,16,16,16,16,16,16,16,16,15,15,15,15,15,15,15,14,14,14,14,0,26,26,24,23,23,22,21,20,19,19,19,17,17,18,18,19,19,19,20,20,20,20,20,21,20,21,19,20,0,0,0,0,0,0,0,23,24,24,25,27,28,29,29,30,31,31,31,32,32,31,31,30,29,30,29,29,30,29,29,29,29,28,27
20260804_021426_df8648,1785806469930029,2199613006,2,2,0,-70,128,0,4,4,4,4,3,4,4,5,6,6,7,7,8,9,10,12,12,13,14,16,16,17,17,18,19,19,0,0,0,0,0,0,0,0,0,0,0,19,20,20,21,20,20,19,20,19,18,18,17,17,16,14,14,13,12,11,12,10,10,9,8,7,6,0,9,7,8,6,6,7,8,9,11,11,13,14,15,17,19,20,23,24,26,28,31,30,31,33,35,36,34,37,0,0,0,0,0,0,0,36,37,37,38,38,39,36,38,36,36,35,34,33,32,31,29,26,26,24,24,22,22,20,17,16,15,15,12
20260804_021426_df8648,1785806470032212,2199710157,2,2,0,-67,128,0,10,9,10,9,9,9,10,9,10,10,11,11,11,12,13,14,15,15,16,16,17,18,18,18,18,19,0,0,0,0,0,0,0,0,0,0,0,13,13,13,13,13,13,13,14,13,13,12,12,12,11,11,11,11,10,10,10,10,10,10,10,10,10,0,20,19,19,19,19,19,20,20,20,21,22,22,23,25,25,27,29,30,31,33,34,34,35,36,36,38,36,38,0,0,0,0,0,0,0,24,26,25,26,25,26,26,27,26,28,25,25,25,23,24,22,22,21,21,20,20,20,20,20,20,20,20,19
20260804_021426_df8648,1785806470133454,2199810634,2,2,0,-61,128,0,13,13,13,12,12,12,12,12,12,12,12,12,13,13,13,14,14,14,15,15,16,16,16,16,16,16,0,0,0,0,0,0,0,0,0,0,0,13,14,13,14,14,14,14,15,15,15,14,14,14,14,14,13,13,13,13,13,13,13,13,13,13,13,0,49,50,46,48,46,48,46,46,44,48,47,47,46,46,52,52,55,56,56,58,60,59,60,61,62,62,62,62,0,0,0,0,0,0,0,46,49,48,49,54,53,55,53,56,57,57,57,54,54,53,52,50,51,49,49,49,49,51,50,48,47,49,48
20260804_021426_df8648,1785806470229536,2199910717,2,2,0,-61,128,0,12,11,10,9,9,8,7,7,7,6,6,6,6,6,6,6,6,6,6,6,7,8,7,7,8,8,0,0,0,0,0,0,0,0,0,0,0,17,18,18,19,19,19,20,20,20,20,19,19,18,18,17,17,16,16,16,16,15,15,14,14,13,13,0,22,22,21,19,17,17,15,15,14,12,12,12,10,10,10,12,11,13,12,14,14,14,15,14,16,16,16,16,0,0,0,0,0,0,0,32,34,34,35,36,38,38,38,38,39,39,38,38,37,36,35,35,34,32,32,31,29,30,29,28,27,28,24
20260804_021426_df8648,1785806470330766,2200010532,2,2,0,-63,128,0,13,13,13,12,12,12,12,10,11,11,10,11,11,11,11,11,11,13,12,12,13,13,13,14,14,14,0,0,0,0,0,0,0,0,0,0,0,15,16,16,16,17,17,17,17,17,17,17,16,16,16,15,15,14,14,15,15,13,15,13,14,13,13,0,48,50,45,43,42,43,41,37,40,38,39,36,38,40,38,41,44,43,46,47,49,49,51,51,50,52,53,54,0,0,0,0,0,0,0,55,58,56,59,62,63,64,63,64,64,63,65,61,61,60,58,57,57,55,55,52,54,54,55,52,53,51,49
20260804_021426_df8648,1785806470432920,2200110486,2,2,0,-66,128,0,7,8,7,7,6,7,6,7,7,7,7,7,8,8,9,9,10,10,12,12,13,13,13,14,14,15,0,0,0,0,0,0,0,0,0,0,0,19,19,20,20,20,21,21,20,20,19,18,17,18,16,15,14,13,12,12,11,11,11,10,10,9,8,0,32,28,28,25,29,27,27,27,27,27,28,29,29,32,33,36,39,40,44,46,48,49,50,51,53,54,55,59,0,0,0,0,0,0,0,69,70,71,72,76,76,76,76,78,74,72,71,66,65,61,60,55,54,52,48,46,45,45,39,36,38,36,31
20260804_021426_df8648,1785806470534352,2200215842,2,2,0,-67,128,0,11,10,10,9,9,9,9,8,9,9,9,9,9,10,9,9,9,11,11,11,11,12,11,12,13,14,0,0,0,0,0,0,0,0,0,0,0,18,19,19,20,19,20,20,19,18,18,18,18,17,16,16,14,16,14,15,15,15,13,13,12,12,12,0,20,19,18,17,18,17,17,16,17,16,18,18,18,18,18,19,18,19,21,21,21,22,22,24,24,27,24,27,0,0,0,0,0,0,0,35,35,35,36,37,38,37,38,37,37,36,35,35,33,33,32,31,29,30,28,28,28,27,25,24,24,22,22
20260804_021426_df8648,1785806470630953,2200310431,2,2,0,-66,128,0,2,3,4,5,6,7,8,8,9,10,11,12,12,13,13,15,15,15,17,17,17,18,18,19,19,21,0,0,0,0,0,0,0,0,0,0,0,19,20,20,20,20,20,19,18,18,18,16,16,15,13,12,11,10,9,8,8,6,6,5,4,2,2,0,3,5,7,8,11,12,14,15,17,18,20,22,22,23,25,27,29,29,31,32,33,34,35,36,37,37,37,37,0,0,0,0,0,0,0,36,38,37,38,38,38,38,38,36,36,35,33,30,30,28,25,24,22,20,18,16,14,12,10,9,7,6,2
20260804_021426_df8648,1785806470731577,2200411214,2,2,0,-67,128,0,6,6,6,5,5,4,5,5,6,6,7,7,7,8,9,10,11,11,12,13,15,16,16,17,17,20,0,0,0,0,0,0,0,0,0,0,0,17,17,18,18,18,19,19,19,18,18,18,17,17,16,16,15,14,14,13,13,13,12,12,10,10,9,0,14,12,12,10,9,8,9,9,11,11,13,13,14,16,17,18,22,23,25,26,27,29,30,31,31,37,34,36,0,0,0,0,0,0,0,30,31,33,34,35,35,36,37,36,36,36,35,34,34,33,31,31,30,28,28,27,26,25,23,22,21,19,17
20260804_021426_df8648,1785806470832294,2200510578,2,2,0,-63,128,0,12,10,10,10,10,9,9,9,9,9,8,8,9,9,9,10,11,11,11,12,13,12,13,13,13,14,0,0,0,0,0,0,0,0,0,0,0,14,14,14,16,15,16,16,16,16,16,16,16,16,15,15,14,14,14,13,14,13,13,12,13,13,13,0,45,44,42,41,40,37,37,35,35,35,33,34,34,35,36,40,41,42,45,46,48,48,50,52,54,56,56,59,0,0,0,0,0,0,0,52,53,54,56,58,60,60,62,63,64,63,63,61,60,60,59,57,56,54,53,52,52,52,52,50,51,50,48
20260804_021426_df8648,1785806470929055,2200610423,2,2,0,-60,128,0,15,14,13,13,12,12,11,11,11,11,11,10,10,10,10,10,10,10,10,10,9,9,8,8,8,8,0,0,0,0,0,0,0,0,0,0,0,13,13,14,15,16,16,16,16,17,17,17,17,16,16,16,16,16,16,16,16,16,16,16,16,16,16,0,28,27,27,26,24,24,22,21,21,21,21,20,19,20,19,20,20,20,19,18,18,17,16,16,15,15,14,13,0,0,0,0,0,0,0,23,24,25,26,27,28,29,30,31,31,32,32,33,33,32,32,30,31,31,30,30,31,30,29,30,30,30,29
20260804_021426_df8648,1785806471036485,2200713437,2,2,0,-58,128,0,13,14,14,14,14,13,13,12,12,13,12,13,13,13,13,13,14,14,14,14,14,13,13,12,12,12,0,0,0,0,0,0,0,0,0,0,0,9,10,10,11,11,12,13,13,13,13,13,14,13,13,13,13,13,13,13,13,13,13,13,13,14,14,0,55,55,56,55,53,54,52,48,52,51,52,49,49,51,54,54,54,54,56,54,54,53,52,52,50,51,47,47,0,0,0,0,0,0,0,34,36,38,39,44,45,48,49,51,50,53,53,52,53,53,53,52,52,51,51,53,53,51,52,54,55,56,54
20260804_021426_df8648,1785806471132481,2200810633,2,2,0,-56,128,0,14,14,14,14,14,14,13,13,13,13,13,13,13,14,14,15,15,15,14,15,15,14,14,14,14,13,0,0,0,0,0,0,0,0,0,0,0,7,7,8,9,9,9,11,11,11,12,12,12,12,12,12,12,12,12,13,13,14,14,13,14,14,14,0,57,56,57,56,56,55,54,53,52,52,52,53,52,54,53,56,56,57,56,57,56,56,55,54,54,52,53,52,0,0,0,0,0,0,0,25,28,29,31,33,37,38,40,42,44,46,48,48,47,49,50,49,49,51,49,52,52,54,54,54,55,57,56
20260804_021426_df8648,1785806471228969,2200911170,2,2,0,-55,128,0,15,15,15,15,15,15,15,15,15,14,15,14,15,15,15,15,16,16,16,16,16,16,15,15,14,14,0,0,0,0,0,0,0,0,0,0,0,5,5,6,7,7,8,9,9,10,9,10,10,10,10,11,11,11,11,12,13,13,14,14,14,15,14,0,58,58,57,57,57,58,58,57,57,58,58,57,57,58,60,59,62,61,62,61,61,60,59,58,56,56,56,56,0,0,0,0,0,0,0,15,18,20,21,23,25,27,31,32,34,37,38,39,40,41,41,42,44,44,46,47,48,50,51,52,53,55,54
20260804_021426_df8648,1785806471331391,2201010896,2,2,0,-53,128,0,15,15,15,15,14,14,14,13,13,13,13,13,14,13,13,13,14,13,13,13,13,13,13,13,13,13,0,0,0,0,0,0,0,0,0,0,0,8,9,9,9,10,10,11,12,13,13,13,13,13,13,13,13,13,13,13,14,14,14,15,14,15,15,0,58,56,57,55,55,54,52,52,52,53,51,51,52,53,52,53,52,53,53,52,51,51,49,49,48,48,46,45,0,0,0,0,0,0,0,28,29,32,33,36,39,39,41,44,47,47,50,49,51,51,52,51,52,53,51,52,52,53,54,56,55,57,56
20260804_021426_df8648,1785806471433286,2201111086,2,2,0,-58,128,0,15,14,14,15,14,14,14,14,14,14,14,13,13,14,14,15,14,14,15,16,16,16,15,16,15,15,0,0,0,0,0,0,0,0,0,0,0,7,7,7,9,9,9,10,11,11,11,11,11,11,12,12,12,12,12,12,12,13,13,14,13,14,14,0,56,56,56,56,55,55,54,54,52,54,54,54,54,55,56,58,57,58,60,59,60,59,59,59,59,60,58,59,0,0,0,0,0,0,0,24,26,26,28,31,33,36,37,40,41,42,43,44,44,45,47,47,48,47,48,49,48,52,51,54,54,56,57
20260804_021426_df8648,1785806471530267,2201211183,2,2,0,-57,128,0,13,13,13,13,14,14,14,15,15,15,15,15,15,15,16,16,17,17,17,17,18,17,18,18,18,18,0,0,0,0,0,0,0,0,0,0,0,1,2,2,2,3,4,4,5,5,6,7,7,7,8,8,8,9,9,10,10,10,10,11,11,12,12,0,26,26,27,28,28,28,28,28,28,29,29,30,31,31,31,32,33,34,35,35,35,35,36,34,35,35,36,36,0,0,0,0,0,0,0,2,1,2,4,4,5,7,9,9,10,11,12,13,14,15,15,16,17,18,18,19,20,20,22,22,24,25,25
20260804_021426_df8648,1785806471632002,2201311923,2,2,0,-57,128,0,14,15,14,14,14,15,15,15,15,14,15,15,15,16,16,16,17,17,17,18,17,17,17,17,17,17,0,0,0,0,0,0,0,0,0,0,0,5,6,6,7,8,9,9,9,10,10,11,11,12,12,12,12,13,12,12,12,13,13,13,14,14,14,0,57,57,57,56,56,58,56,57,57,57,58,58,60,61,62,62,64,64,66,66,66,65,65,65,65,65,64,66,0,0,0,0,0,0,0,19,19,21,23,23,26,28,31,33,36,38,39,41,42,44,44,44,44,47,46,46,48,49,52,51,54,53,54
20260804_021426_df8648,1785806471728973,2201411006,2,2,0,-55,128,0,13,13,13,13,13,13,13,14,13,14,14,14,14,15,15,15,16,16,16,16,16,16,16,16,15,15,0,0,0,0,0,0,0,0,0,0,0,5,6,7,7,8,8,9,9,9,10,10,10,10,10,11,11,10,10,11,11,11,12,12,12,13,13,0,26,27,27,26,26,26,26,27,26,27,27,28,28,29,29,30,30,31,31,31,32,31,31,31,30,30,30,30,0,0,0,0,0,0,0,10,11,11,12,13,15,16,16,17,18,19,20,20,21,22,21,21,22,21,21,22,23,23,24,24,25,26,25
20260804_021426_df8648,1785806471832247,2201511076,2,2,0,-56,128,0,13,13,12,12,13,14,12,12,12,13,13,13,13,13,13,13,13,14,14,14,14,14,14,14,15,14,0,0,0,0,0,0,0,0,0,0,0,8,9,9,10,10,11,12,13,13,12,13,13,13,13,13,13,13,13,13,12,13,13,13,13,13,13,0,51,51,51,50,48,50,50,48,49,50,52,51,51,52,55,56,56,58,56,57,57,57,58,57,56,55,54,55,0,0,0,0,0,0,0,32,34,33,37,38,40,42,44,48,48,49,51,51,52,51,51,49,50,50,50,51,51,51,50,50,51,52,51
20260804_021426_df8648,1785806471934113,2201611865,2,2,0,-56,128,0,14,14,13,14,13,13,13,13,13,13,13,14,14,14,14,14,15,15,15,15,15,15,15,14,14,14,0,0,0,0,0,0,0,0,0,0,0,6,8,8,8,9,9,11,11,11,11,12,12,12,12,12,13,13,13,12,13,13,14,13,14,14,14,0,53,52,53,52,52,52,52,52,52,52,52,52,53,55,55,56,58,58,59,59,59,60,59,59,58,57,56,58,0,0,0,0,0,0,0,24,26,27,29,32,36,37,38,42,42,45,46,47,48,49,49,49,49,48,48,49,50,51,50,50,52,53,53
20260804_021426_df8648,1785806472031403,2201711161,2,2,0,-60,128,0,14,14,14,14,15,14,15,14,14,14,15,14,15,15,15,16,15,16,15,16,16,15,15,15,14,15,0,0,0,0,0,0,0,0,0,0,0,6,6,7,8,8,9,9,10,10,10,10,11,11,11,12,11,12,12,12,12,12,13,12,13,13,14,0,28,28,28,29,29,29,28,29,28,29,29,29,29,29,29,30,30,30,30,30,31,30,30,29,28,28,27,27,0,0,0,0,0,0,0,10,11,12,13,14,16,16,17,18,19,20,21,20,22,23,22,22,22,22,23,24,24,24,25,25,26,27,27
20260804_021426_df8648,1785806472133220,2201812299,2,2,0,-54,128,0,14,14,14,14,14,14,14,14,14,15,14,14,14,14,15,15,15,15,16,16,16,15,15,15,14,14,0,0,0,0,0,0,0,0,0,0,0,8,9,9,10,10,10,11,11,12,13,13,13,13,13,13,13,13,13,12,13,13,13,14,14,14,14,0,54,53,55,54,54,54,54,54,55,55,55,55,56,56,57,57,59,60,60,59,59,57,56,55,54,54,52,52,0,0,0,0,0,0,0,27,29,31,34,35,37,39,41,43,45,46,47,48,48,49,49,47,49,48,50,48,50,50,50,51,51,53,53
20260804_021426_df8648,1785806472229481,2201911936,2,2,0,-57,128,0,15,15,15,15,15,15,15,15,16,16,16,16,16,16,16,16,16,18,17,17,17,17,16,16,16,16,0,0,0,0,0,0,0,0,0,0,0,5,5,5,6,6,7,8,9,9,9,10,10,10,10,11,11,11,11,12,12,12,13,13,13,14,14,0,28,28,29,28,29,30,30,28,28,29,29,29,30,31,30,32,31,32,31,31,32,31,30,30,29,30,28,29,0,0,0,0,0,0,0,8,8,9,10,9,11,13,15,15,16,17,17,18,18,18,19,20,21,22,20,22,22,23,23,24,24,26,28
20260804_021426_df8648,1785806472330711,2202012149,2,2,0,-54,128,0,15,15,15,15,15,15,15,15,15,15,15,15,15,16,16,16,16,16,16,16,16,15,16,15,15,15,0,0,0,0,0,0,0,0,0,0,0,9,9,10,11,11,12,12,12,13,13,13,13,13,13,13,13,13,14,14,14,14,14,14,15,15,15,0,56,58,57,56,56,56,56,55,55,56,56,56,57,58,58,58,59,59,59,58,58,57,57,56,55,54,51,52,0,0,0,0,0,0,0,28,31,33,35,36,39,41,42,44,45,47,49,49,50,51,51,51,51,50,51,51,52,53,53,53,54,56,55
20260804_021426_df8648,1785806472433514,2202113222,2,2,0,-51,128,0,16,15,15,15,15,15,15,15,14,15,14,14,14,14,14,14,14,14,14,14,14,14,13,13,13,13,0,0,0,0,0,0,0,0,0,0,0,11,11,12,13,13,14,14,14,15,16,15,15,15,16,15,15,15,15,15,15,15,16,15,16,16,16,0,58,57,56,54,55,54,53,53,51,51,51,52,53,52,53,53,53,53,53,52,52,51,50,48,47,48,46,46,0,0,0,0,0,0,0,35,37,40,41,43,47,48,50,51,53,55,55,55,55,56,56,56,56,56,54,55,56,55,56,57,57,59,57
20260804_021426_df8648,1785806472535532,2202213707,2,2,0,-54,128,0,16,16,15,15,15,15,15,15,15,15,15,15,15,15,15,15,15,15,15,15,15,15,14,14,14,13,0,0,0,0,0,0,0,0,0,0,0,8,9,9,10,10,11,11,13,13,13,13,13,14,14,14,14,14,15,15,15,15,16,15,16,16,16,0,60,59,58,56,56,57,55,55,55,54,54,55,56,55,55,56,56,57,57,56,56,55,53,52,51,51,48,49,0,0,0,0,0,0,0,26,28,30,32,34,37,39,41,44,46,48,47,50,50,52,52,53,52,52,53,55,55,56,57,55,58,59,58
20260804_021426_df8648,1785806472661015,2202337539,2,2,0,-56,128,0,16,16,16,15,15,16,16,15,15,15,15,15,15,15,15,15,16,16,16,16,15,16,14,14,14,14,0,0,0,0,0,0,0,0,0,0,0,8,9,9,9,10,10,11,11,12,13,13,14,13,13,13,14,14,14,14,15,15,15,16,16,16,15,0,57,59,58,60,57,57,57,56,56,58,57,55,56,57,58,58,59,59,58,58,57,57,55,54,54,54,54,52,0,0,0,0,0,0,0,25,27,28,30,32,35,38,39,42,44,45,47,48,50,49,50,51,52,51,53,53,54,55,56,57,57,58,59
20260804_021426_df8648,1785806472735278,2202411199,2,2,0,-58,128,0,15,15,14,15,14,14,14,13,13,13,13,13,13,14,13,14,13,13,13,13,13,13,12,12,12,12,0,0,0,0,0,0,0,0,0,0,0,9,9,10,11,12,12,13,13,14,14,15,15,14,15,14,14,14,14,14,14,14,14,14,16,16,15,0,58,55,57,56,53,53,52,52,51,51,52,50,52,52,52,52,52,51,51,51,50,48,46,45,45,44,40,43,0,0,0,0,0,0,0,30,35,35,38,38,43,45,48,50,50,53,53,54,56,55,55,55,55,55,55,56,57,57,58,57,58,58,57
20260804_021426_df8648,1785806472835731,2202512114,2,2,0,-61,128,0,14,13,13,13,13,13,13,13,13,13,13,13,13,13,14,14,13,14,14,14,14,13,13,13,13,13,0,0,0,0,0,0,0,0,0,0,0,7,8,9,10,10,11,12,12,12,13,13,13,13,13,14,14,14,13,14,14,14,14,14,14,14,14,0,55,52,53,51,51,50,49,50,50,50,52,51,51,55,54,56,54,56,57,55,55,53,52,53,50,51,48,51,0,0,0,0,0,0,0,28,29,31,32,34,38,40,44,45,47,49,50,52,51,51,53,54,54,55,54,55,55,55,55,55,56,55,56
20260804_021426_df8648,1785806472932714,2202611977,2,2,0,-61,128,0,14,13,13,14,13,13,13,13,14,15,14,14,14,15,16,16,16,16,16,16,17,16,16,16,16,15,0,0,0,0,0,0,0,0,0,0,0,3,4,4,5,6,6,6,7,8,9,9,9,9,9,10,11,11,11,11,11,12,12,13,13,13,13,0,56,53,55,57,54,54,55,55,56,57,59,59,57,59,61,63,63,64,64,64,65,64,64,64,64,63,66,65,0,0,0,0,0,0,0,14,15,16,17,19,21,23,25,28,31,33,34,38,40,39,40,41,44,44,46,45,47,49,49,51,52,54,53
20260804_021426_df8648,1785806473029595,2202711032,2,2,0,-58,128,0,14,15,13,14,14,13,13,13,14,14,14,14,14,14,15,14,15,15,15,16,16,16,16,16,15,17,0,0,0,0,0,0,0,0,0,0,0,12,12,14,13,13,14,15,15,15,15,14,14,15,14,14,14,14,14,13,14,14,14,14,14,13,14,0,52,52,51,52,51,52,50,50,51,51,52,50,52,54,54,54,56,57,58,59,59,60,59,59,59,60,55,56,0,0,0,0,0,0,0,43,43,44,46,49,50,51,52,54,55,56,54,54,55,55,53,52,52,52,50,51,51,51,52,50,50,50,51
20260804_021426_df8648,1785806473131224,2202810848,2,2,0,-60,128,0,14,14,14,13,13,13,13,13,14,14,14,14,14,15,15,15,15,15,16,16,16,17,17,17,17,17,0,0,0,0,0,0,0,0,0,0,0,12,12,13,13,13,13,14,14,14,15,14,14,15,14,14,14,14,14,14,13,13,13,13,13,13,14,0,48,50,50,51,49,48,49,49,49,52,51,53,53,53,55,55,56,59,59,59,60,60,60,59,59,60,61,60,0,0,0,0,0,0,0,38,41,41,43,45,47,49,50,50,53,54,53,53,54,52,52,52,52,50,51,49,48,49,50,50,50,50,49
20260804_021426_df8648,1785806473233273,2202910533,2,2,0,-62,128,0,12,12,12,14,14,14,14,14,14,14,14,14,14,15,16,16,16,17,17,17,17,17,17,17,17,18,0,0,0,0,0,0,0,0,0,0,0,5,6,6,7,8,8,8,9,9,9,9,9,9,9,10,10,10,10,10,10,10,10,11,11,11,12,0,25,25,26,26,26,27,26,27,28,28,29,29,29,30,30,31,32,32,34,34,34,35,34,34,34,36,34,36,0,0,0,0,0,0,0,10,10,13,13,14,14,15,16,17,17,19,18,19,20,20,20,19,21,20,20,21,20,22,21,21,24,24,24
20260804_021426_df8648,1785806473329440,2203010994,2,2,0,-66,128,0,14,14,14,14,14,14,14,14,14,14,14,14,15,15,15,15,16,16,16,16,16,17,17,17,17,19,0,0,0,0,0,0,0,0,0,0,0,6,6,6,6,7,7,7,8,9,9,9,9,10,10,11,10,10,11,11,11,11,13,12,12,14,13,0,54,54,56,56,56,54,55,56,55,57,55,56,57,57,58,59,62,61,63,65,65,66,67,66,67,70,69,72,0,0,0,0,0,0,0,19,21,20,24,25,25,26,28,29,33,34,35,35,37,39,39,41,41,42,42,42,45,46,50,47,49,53,51
20260804_021426_df8648,1785806473432778,2203111475,2,2,0,-53,128,0,14,14,14,15,14,14,13,13,13,14,13,13,13,13,13,14,14,14,14,14,14,13,13,13,13,12,0,0,0,0,0,0,0,0,0,0,0,7,7,8,8,9,11,11,11,12,13,12,13,12,12,13,14,14,14,14,14,14,14,15,15,15,15,0,57,57,56,56,54,54,52,52,52,52,53,52,52,53,53,54,53,53,52,52,55,52,52,51,49,49,48,47,0,0,0,0,0,0,0,24,26,28,31,32,35,37,40,42,44,46,48,49,50,50,50,51,52,52,52,53,53,54,54,57,57,57,61
20260804_021426_df8648,1785806473535692,2203213742,2,2,0,-53,128,0,15,15,15,15,15,14,14,14,14,13,13,14,14,14,14,14,14,15,14,14,14,14,13,13,13,13,0,0,0,0,0,0,0,0,0,0,0,7,7,8,9,9,9,10,11,11,12,12,12,13,13,13,12,13,12,13,14,14,14,14,14,15,15,0,57,57,55,60,55,57,55,51,55,56,54,55,56,55,57,56,58,58,57,58,53,57,54,52,52,51,51,50,0,0,0,0,0,0,0,24,25,28,27,33,35,37,39,41,45,45,48,48,48,50,50,49,52,51,54,52,55,55,55,57,54,57,57
20260804_021426_df8648,1785806473667107,2203346421,2,2,0,-65,128,0,14,14,13,14,14,14,14,14,14,14,14,14,14,15,15,15,15,15,16,16,16,16,16,16,16,16,0,0,0,0,0,0,0,0,0,0,0,10,10,9,9,10,9,11,11,11,10,11,11,11,11,11,12,12,13,13,14,13,13,13,14,14,14,0,55,54,54,53,53,54,54,53,54,54,56,56,56,57,60,59,60,61,62,62,62,61,61,63,62,61,62,64,0,0,0,0,0,0,0,39,38,38,37,37,38,38,38,39,40,40,39,41,42,43,46,44,47,49,49,49,51,51,51,52,53,54,54
20260804_021426_df8648,1785806473730482,2203410905,2,2,0,-68,128,0,6,6,6,6,7,6,7,7,8,8,9,9,9,10,11,11,11,13,13,13,13,13,13,14,14,15,0,0,0,0,0,0,0,0,0,0,0,24,24,24,23,24,24,23,22,21,21,20,19,17,16,14,13,13,12,11,10,10,9,9,8,8,8,0,12,13,12,11,13,11,12,14,15,15,17,17,18,19,19,21,21,23,24,23,25,24,25,25,26,27,24,26,0,0,0,0,0,0,0,41,42,45,45,47,44,43,44,44,42,40,38,37,33,32,29,27,25,23,22,21,19,17,17,17,14,13,13
20260804_021426_df8648,1785806473833252,2203512906,2,2,0,-57,128,0,13,13,12,12,12,11,11,10,11,11,11,10,10,11,11,11,10,10,11,10,10,10,9,9,9,7,0,0,0,0,0,0,0,0,0,0,0,15,14,15,16,16,16,16,16,16,16,15,15,15,15,14,14,14,14,14,14,13,14,13,14,14,13,0,25,25,23,24,22,23,22,20,20,21,21,20,19,21,21,22,21,20,20,20,19,19,19,18,16,15,14,13,0,0,0,0,0,0,0,27,27,27,28,29,30,31,30,32,32,33,32,30,30,30,30,28,28,27,26,27,26,27,27,26,26,26,25
20260804_021426_df8648,1785806473932539,2203611347,2,2,0,-56,128,0,15,15,15,14,14,13,13,12,12,12,12,12,12,13,12,13,13,13,13,12,12,11,11,11,10,11,0,0,0,0,0,0,0,0,0,0,0,14,15,15,17,16,17,17,17,17,17,18,18,18,16,16,16,16,15,16,16,16,15,15,16,16,15,0,28,28,27,25,25,24,24,23,23,23,23,23,23,23,22,23,23,23,23,23,23,22,21,20,19,19,18,17,0,0,0,0,0,0,0,24,26,27,29,29,31,31,32,32,33,33,33,33,32,32,31,31,31,30,29,30,29,29,29,28,29,29,28
20260804_021426_df8648,1785806474036398,2203714093,2,2,0,-55,128,0,15,16,15,14,14,14,13,13,13,13,13,13,12,12,12,13,13,13,12,11,11,11,11,11,10,10,0,0,0,0,0,0,0,0,0,0,0,12,13,13,13,14,14,15,16,16,16,16,16,16,16,15,16,15,16,15,15,15,16,16,16,15,16,0,59,58,56,53,55,53,51,49,49,48,45,47,48,48,46,48,48,46,45,45,43,42,40,37,39,37,34,34,0,0,0,0,0,0,0,41,43,46,47,49,52,54,54,56,57,57,59,58,58,59,59,59,58,58,56,57,58,57,57,58,58,58,57
20260804_021426_df8648,1785806474134847,2203811090,2,2,0,-56,128,0,13,14,13,13,13,13,13,13,12,12,12,13,13,13,13,13,14,14,13,13,14,13,13,13,13,12,0,0,0,0,0,0,0,0,0,0,0,10,10,12,12,12,13,13,13,14,14,14,13,13,13,13,13,12,12,12,13,13,13,13,13,13,13,0,52,54,52,53,51,51,50,50,49,51,49,49,50,52,49,51,53,54,54,53,53,52,51,50,50,49,48,47,0,0,0,0,0,0,0,38,40,41,42,46,47,50,51,52,53,52,54,52,52,52,53,52,50,49,51,50,49,52,50,52,52,54,53
20260804_021426_df8648,1785806474232570,2203911186,2,2,0,-60,128,0,16,16,15,15,14,13,13,13,12,12,12,12,12,11,11,11,11,11,11,11,12,11,11,10,10,10,0,0,0,0,0,0,0,0,0,0,0,13,13,14,15,15,16,16,16,16,16,16,16,16,16,16,16,16,16,16,16,16,16,16,17,16,16,0,57,59,56,53,52,51,48,47,46,43,44,43,42,43,43,42,43,42,42,41,41,40,39,37,35,36,34,33,0,0,0,0,0,0,0,45,47,49,51,52,54,56,58,59,60,61,62,61,61,61,61,59,59,58,59,59,61,60,62,60,60,61,60
20260804_021426_df8648,1785806474331549,2204011055,2,2,0,-62,128,0,14,15,14,14,14,13,12,12,12,12,12,12,12,12,13,13,13,13,13,14,14,14,15,14,14,14,0,0,0,0,0,0,0,0,0,0,0,11,11,12,13,13,13,13,13,13,13,13,13,13,13,12,13,13,13,13,13,13,13,13,14,15,14,0,56,56,55,54,51,51,50,48,49,48,49,47,49,49,49,52,52,53,54,54,55,55,56,54,53,54,53,55,0,0,0,0,0,0,0,42,42,44,44,46,47,49,49,50,51,51,51,50,51,49,49,49,50,49,50,49,51,53,53,54,55,56,55
20260804_021426_df8648,1785806474430080,2204111275,2,2,0,-63,128,0,12,11,10,9,10,9,9,8,8,8,7,8,8,7,7,8,8,9,9,10,10,10,11,11,11,12,0,0,0,0,0,0,0,0,0,0,0,11,13,13,14,14,15,16,17,17,17,17,18,18,18,17,16,17,16,17,16,16,15,14,14,14,13,0,24,22,21,19,18,17,17,15,16,14,14,15,14,16,15,16,17,18,18,19,20,20,21,22,24,24,25,26,0,0,0,0,0,0,0,20,22,23,24,26,27,28,30,31,32,33,33,34,34,34,34,34,34,34,33,33,32,32,31,30,29,28,26
20260804_021426_df8648,1785806474527425,2204211122,2,2,0,-70,128,0,8,7,7,7,7,8,8,8,8,9,9,9,11,12,14,14,16,17,18,20,20,21,22,22,24,25,0,0,0,0,0,0,0,0,0,0,0,12,12,12,12,12,12,11,10,10,9,9,9,9,8,8,8,8,8,9,9,9,9,8,9,7,8,0,15,14,13,14,14,14,15,16,15,18,19,20,21,24,26,28,31,33,36,38,39,42,44,45,46,49,48,51,0,0,0,0,0,0,0,26,25,24,24,23,25,23,23,22,21,19,18,18,17,17,16,16,16,15,17,17,17,17,16,16,16,15,15
20260804_021426_df8648,1785806474632559,2204310649,2,2,0,-62,128,0,13,13,12,12,11,10,10,10,9,9,8,8,8,8,8,7,8,8,6,7,6,7,6,6,6,6,0,0,0,0,0,0,0,0,0,0,0,16,17,17,17,18,19,19,18,19,19,19,19,19,18,18,18,18,18,17,17,17,17,16,16,15,15,0,25,26,23,22,21,20,19,18,17,17,17,16,15,15,15,14,14,14,14,13,13,13,12,13,13,12,13,13,0,0,0,0,0,0,0,28,30,31,31,32,33,34,35,35,36,37,36,35,35,35,35,34,34,33,33,32,32,31,31,30,30,29,27
20260804_021426_df8648,1785806474730574,2204411779,2,2,0,-56,128,0,13,13,13,13,13,13,13,12,12,13,14,14,14,14,14,15,15,15,15,15,15,15,15,15,15,15,0,0,0,0,0,0,0,0,0,0,0,7,7,8,9,9,9,10,10,11,12,12,12,12,12,13,13,12,13,13,13,13,13,13,13,14,13,0,51,52,51,51,50,50,50,49,50,52,52,52,54,55,56,57,59,59,60,60,60,59,60,59,58,58,58,58,0,0,0,0,0,0,0,25,25,27,29,30,33,35,36,40,42,44,46,46,48,48,49,49,50,49,50,51,53,51,53,52,53,53,53
20260804_021426_df8648,1785806474833750,2204515175,2,2,0,-59,128,0,15,15,15,15,15,15,15,15,15,15,15,15,16,16,17,17,17,17,18,17,17,17,17,17,17,17,0,0,0,0,0,0,0,0,0,0,0,5,5,6,6,7,7,8,9,9,10,11,11,12,13,13,13,13,13,14,14,14,14,14,15,15,15,0,26,27,26,27,26,28,28,27,28,28,27,29,29,29,29,30,30,31,32,32,33,33,32,31,32,31,32,33,0,0,0,0,0,0,0,8,9,9,9,10,13,13,14,15,16,18,20,20,21,23,24,23,23,24,25,26,25,25,27,26,27,27,27
20260804_021426_df8648,1785806474931991,2204610739,2,2,0,-58,128,0,13,13,13,13,13,13,13,13,13,14,14,13,14,14,14,15,15,15,15,15,15,15,15,15,14,14,0,0,0,0,0,0,0,0,0,0,0,7,8,9,9,9,10,11,11,11,11,12,12,12,12,13,13,13,13,13,13,13,13,13,14,14,14,0,53,53,53,52,52,54,52,52,51,52,51,51,54,54,54,55,56,58,60,57,58,57,56,57,55,56,56,57,0,0,0,0,0,0,0,26,27,27,30,31,35,36,39,40,42,44,45,47,47,48,48,49,50,50,48,52,52,52,52,55,53,52,52
20260804_021426_df8648,1785806475029948,2204711057,2,2,0,-59,128,0,14,14,15,15,15,15,15,15,16,16,16,16,16,17,17,18,18,18,18,18,18,18,18,19,18,18,0,0,0,0,0,0,0,0,0,0,0,4,4,5,6,6,6,6,6,8,9,9,9,9,9,10,10,10,10,12,12,12,12,13,13,13,14,0,54,57,57,59,58,58,57,58,59,62,63,60,64,66,64,67,69,69,71,71,71,71,69,68,68,68,68,67,0,0,0,0,0,0,0,10,11,11,13,16,19,21,22,23,26,28,32,32,34,34,36,37,38,41,39,40,45,42,44,46,48,49,52
20260804_021426_df8648,1785806475133214,2204811015,2,2,0,-61,128,0,15,15,15,14,14,14,14,14,13,13,13,14,13,14,14,14,14,14,15,15,14,15,14,15,14,14,0,0,0,0,0,0,0,0,0,0,0,9,9,9,11,11,11,12,12,13,14,14,14,13,14,13,14,14,14,14,14,14,14,14,15,15,15,0,58,58,58,57,56,55,55,53,52,52,52,52,52,53,52,54,54,55,56,55,56,55,54,53,53,54,52,53,0,0,0,0,0,0,0,27,29,32,36,36,40,41,44,45,48,49,51,51,52,52,52,52,52,52,52,54,54,55,56,56,58,58,59
20260804_021426_df8648,1785806475236958,2204912668,2,2,0,-60,128,0,15,15,15,15,14,14,14,14,14,13,13,13,13,13,13,13,14,14,13,13,13,13,13,13,12,12,0,0,0,0,0,0,0,0,0,0,0,11,11,11,12,13,13,14,14,15,15,14,14,14,15,14,15,15,15,15,15,15,15,15,16,17,16,0,59,58,57,56,54,54,53,52,51,51,50,49,50,49,50,50,51,51,52,50,51,50,48,48,46,46,44,43,0,0,0,0,0,0,0,34,35,39,40,41,45,48,49,51,53,54,54,55,55,55,56,57,55,56,55,57,57,57,58,59,59,60,60
20260804_021426_df8648,1785806475380752,2205059779,2,2,0,-69,128,0,11,12,12,13,13,13,14,15,15,16,17,16,17,17,17,18,19,19,20,18,18,18,18,19,18,19,0,0,0,0,0,0,0,0,0,0,0,13,13,13,13,13,13,13,11,11,11,10,9,7,8,7,6,6,6,6,6,7,7,7,8,9,9,0,43,45,49,45,51,53,55,59,58,59,64,63,62,64,66,69,72,68,76,73,69,71,70,67,69,70,70,70,0,0,0,0,0,0,0,51,51,54,52,49,51,50,49,51,43,46,42,36,33,32,29,26,26,26,29,26,23,25,28,29,30,37,35
20260804_021426_df8648,1785806475438106,2205120682,2,2,0,-64,128,0,13,14,14,14,14,15,15,15,15,16,16,16,16,16,16,17,18,19,18,19,19,19,19,19,19,19,0,0,0,0,0,0,0,0,0,0,0,1,2,2,3,3,4,4,5,5,6,6,7,8,9,8,9,9,9,9,10,10,11,11,12,12,13,0,24,25,25,28,27,28,29,28,30,30,31,31,32,32,33,34,35,34,35,35,35,34,36,35,36,36,37,36,0,0,0,0,0,0,0,2,2,3,3,5,5,8,7,9,10,12,13,12,14,15,15,15,16,17,18,19,20,20,20,20,21,22,24
20260804_021426_df8648,1785806475529927,2205210573,2,2,0,-58,128,0,14,14,15,15,15,15,14,15,15,15,16,16,16,17,17,17,19,19,19,19,20,19,19,19,19,19,0,0,0,0,0,0,0,0,0,0,0,4,5,5,6,6,6,7,8,9,8,9,9,9,10,9,10,11,11,11,11,11,12,12,12,13,14,0,26,28,29,28,28,30,29,29,30,30,30,31,33,32,32,35,35,35,37,37,36,37,36,36,38,37,35,36,0,0,0,0,0,0,0,6,7,7,8,9,10,12,12,14,15,16,16,16,17,19,18,18,19,21,20,21,22,23,22,23,25,24,26
20260804_021426_df8648,1785806475634061,2205310882,2,2,0,-57,128,0,14,14,14,14,14,14,15,15,15,16,16,16,16,16,16,17,18,18,19,18,18,18,18,19,19,18,0,0,0,0,0,0,0,0,0,0,0,4,5,5,6,6,7,7,8,8,9,9,9,9,10,10,10,11,10,11,12,12,12,12,13,13,14,0,56,54,56,56,56,59,57,57,57,61,62,60,62,64,66,66,67,69,71,70,71,70,71,71,68,69,68,68,0,0,0,0,0,0,0,12,14,15,17,19,22,23,27,27,30,31,34,35,36,35,36,36,38,40,39,43,43,45,45,47,50,49,52
20260804_021426_df8648,1785806475727417,2205411341,2,2,0,-57,128,0,14,14,14,15,15,15,15,15,16,16,16,16,16,18,18,18,19,19,21,20,20,20,20,20,19,20,0,0,0,0,0,0,0,0,0,0,0,2,2,2,3,3,4,4,5,5,6,6,6,7,7,7,8,8,8,9,9,10,10,10,12,12,13,0,27,28,27,29,28,30,30,31,32,33,33,33,35,35,37,38,38,39,40,41,41,40,41,39,39,40,39,38,0,0,0,0,0,0,0,3,3,3,3,4,4,6,6,6,9,9,11,11,13,12,13,13,15,16,17,16,17,19,20,20,22,23,25
20260804_021426_df8648,1785806475831245,2205511674,2,2,0,-65,128,0,13,14,14,14,15,16,16,16,16,17,17,18,18,19,20,20,21,21,22,22,24,24,24,24,24,24,0,0,0,0,0,0,0,0,0,0,0,7,6,5,5,4,3,2,2,2,4,4,4,5,6,6,7,7,8,9,9,9,10,10,11,11,11,0,23,25,27,25,27,28,28,30,29,32,33,32,33,35,35,37,40,40,40,41,42,42,43,45,42,43,45,45,0,0,0,0,0,0,0,15,13,11,11,10,8,7,5,4,4,3,5,6,6,8,10,12,12,15,14,15,17,17,18,18,20,20,21
20260804_021426_df8648,1785806475935425,2205612249,2,2,0,-57,128,0,13,14,14,14,13,13,13,13,13,13,13,14,14,14,14,14,15,15,15,15,15,15,15,15,15,14,0,0,0,0,0,0,0,0,0,0,0,11,11,12,12,12,13,13,14,14,13,13,14,14,13,13,13,13,13,13,13,14,14,13,14,13,13,0,51,50,51,49,49,51,49,47,48,52,51,52,51,53,52,53,56,56,57,57,56,56,57,55,56,54,53,52,0,0,0,0,0,0,0,37,38,40,40,42,45,47,47,48,49,51,52,50,50,51,53,54,52,50,50,51,52,52,50,51,53,51,50
20260804_021426_df8648,1785806476033210,2205711285,2,2,0,-57,128,0,11,11,11,11,11,11,11,11,11,11,11,12,13,13,13,14,14,14,15,15,15,15,15,15,15,14,0,0,0,0,0,0,0,0,0,0,0,12,12,12,13,13,13,14,14,14,14,13,13,13,13,13,13,13,12,12,12,12,12,12,12,11,11,0,45,44,44,42,43,44,44,43,44,45,46,47,50,50,53,53,53,56,57,57,60,59,59,59,57,58,57,58,0,0,0,0,0,0,0,44,47,45,48,49,51,53,53,54,55,55,55,55,55,52,53,51,51,49,49,51,48,49,48,47,48,48,47
20260804_021426_df8648,1785806476132307,2205811476,2,2,0,-62,128,0,6,7,8,8,9,9,9,10,11,12,13,13,14,15,16,17,18,18,19,20,20,20,21,21,21,22,0,0,0,0,0,0,0,0,0,0,0,12,12,12,12,12,12,12,11,11,11,11,10,10,9,9,9,8,8,8,8,7,7,7,7,7,7,0,14,15,14,16,17,17,19,20,22,24,24,26,27,29,32,32,35,36,38,38,39,40,43,42,42,42,43,42,0,0,0,0,0,0,0,23,24,24,23,24,24,25,24,25,24,24,23,22,21,21,19,18,18,17,17,16,16,15,14,15,14,14,12
20260804_021426_df8648,1785806476231265,2205910796,2,2,0,-60,128,0,13,14,12,13,12,13,14,13,14,15,15,15,15,16,17,17,18,18,19,19,19,19,19,19,19,19,0,0,0,0,0,0,0,0,0,0,0,13,12,13,12,13,12,13,13,13,13,12,11,11,11,12,12,12,12,12,12,13,12,12,12,13,12,0,23,23,24,23,24,25,25,25,25,26,26,28,28,31,30,32,32,34,35,34,35,35,35,35,36,36,36,37,0,0,0,0,0,0,0,23,22,23,21,23,23,24,23,23,22,23,22,21,21,22,21,22,21,22,21,22,22,22,23,22,22,22,23
20260804_021426_df8648,1785806476329637,2206011146,2,2,0,-57,128,0,13,13,13,13,13,13,13,13,14,14,14,14,15,15,16,16,17,17,17,17,18,17,17,18,17,17,0,0,0,0,0,0,0,0,0,0,0,9,9,10,10,11,11,11,11,12,12,12,11,12,12,11,12,12,12,11,12,12,12,12,13,13,13,0,51,50,51,51,48,53,51,53,52,57,56,57,60,61,62,64,65,65,68,68,69,68,69,67,65,67,67,66,0,0,0,0,0,0,0,33,33,36,36,39,39,41,41,41,43,42,45,46,44,45,44,45,45,44,44,45,45,47,46,49,47,49,47
20260804_021426_df8648,1785806476427663,2206112409,2,2,0,-61,128,0,8,8,9,9,10,11,12,12,13,13,15,15,16,17,18,19,20,21,22,22,23,23,23,23,24,25,0,0,0,0,0,0,0,0,0,0,0,6,5,4,4,4,4,3,3,2,3,3,4,4,4,4,4,5,5,6,5,6,5,6,6,6,7,0,16,17,18,19,20,22,23,24,26,28,29,30,32,34,34,38,39,41,43,44,45,46,46,46,47,48,47,48,0,0,0,0,0,0,0,12,11,10,9,9,8,6,6,4,4,5,5,6,7,7,8,9,10,10,10,10,11,11,12,11,13,13,14
20260804_021426_df8648,1785806476531102,2206210528,2,2,0,-58,128,0,11,11,12,12,13,13,13,13,14,15,15,16,16,17,17,18,19,19,20,20,20,20,20,20,21,20,0,0,0,0,0,0,0,0,0,0,0,7,7,8,8,9,8,9,9,9,9,10,10,9,10,9,9,10,9,9,9,9,9,9,10,10,11,0,21,22,22,23,24,25,25,26,26,28,28,29,31,31,33,35,36,37,39,38,39,39,39,39,38,38,39,39,0,0,0,0,0,0,0,12,11,13,13,13,14,14,15,16,17,16,17,17,17,17,17,18,17,17,17,18,19,17,19,18,20,19,19
20260804_021426_df8648,1785806476630990,2206312556,2,2,0,-59,128,0,13,14,14,14,14,14,15,15,15,16,16,16,16,17,18,18,18,18,19,19,20,20,19,20,19,19,0,0,0,0,0,0,0,0,0,0,0,4,4,4,5,5,6,6,6,7,7,8,8,8,9,9,9,9,9,9,11,11,11,11,12,12,12,0,49,51,54,54,54,56,55,57,57,62,62,61,63,66,67,71,70,74,74,74,76,76,76,75,74,74,72,72,0,0,0,0,0,0,0,9,11,12,14,15,17,19,19,21,23,26,27,28,30,30,32,33,34,34,35,37,38,40,41,43,45,47,48
20260804_021426_df8648,1785806476733930,2206412225,2,2,0,-64,128,0,12,12,13,13,13,14,14,14,15,15,16,16,17,17,18,18,19,19,20,20,20,21,21,21,22,21,0,0,0,0,0,0,0,0,0,0,0,6,6,6,7,6,7,8,8,7,9,9,9,9,9,9,9,10,9,10,10,10,10,11,11,11,11,0,24,24,24,25,24,26,27,28,28,31,31,31,33,33,34,35,38,37,40,40,40,40,41,41,40,41,40,41,0,0,0,0,0,0,0,10,11,10,10,11,12,12,12,14,15,15,16,16,17,17,18,19,20,20,19,20,20,19,19,19,21,20,21
20260804_021426_df8648,1785806476842997,2206520984,2,2,0,-54,128,0,15,15,16,15,15,15,15,15,15,15,15,15,15,15,15,16,15,16,16,16,16,15,15,15,15,14,0,0,0,0,0,0,0,0,0,0,0,9,9,9,10,10,11,12,12,13,13,13,13,13,14,13,14,14,14,14,14,14,15,15,15,15,15,0,58,57,57,57,55,55,54,54,55,54,54,55,55,56,54,56,57,57,58,57,56,57,54,53,53,55,51,51,0,0,0,0,0,0,0,26,27,30,32,33,36,38,42,43,45,47,48,48,50,50,50,51,51,52,50,51,52,53,54,55,55,56,57
20260804_021426_df8648,1785806476947075,2206627834,2,2,0,-59,128,0,16,16,16,16,15,16,16,16,16,16,16,16,16,16,17,17,17,19,19,18,18,18,18,18,17,18,0,0,0,0,0,0,0,0,0,0,0,5,6,6,6,6,7,8,8,8,9,9,9,9,9,10,10,10,10,11,11,12,14,13,14,15,15,0,28,29,29,28,29,29,30,29,30,30,30,29,31,31,32,32,32,34,33,33,34,33,33,33,32,32,31,31,0,0,0,0,0,0,0,7,9,10,9,11,11,12,13,13,14,15,16,16,16,17,18,17,18,19,19,20,21,23,23,24,25,26,28
20260804_021426_df8648,1785806477028413,2206711066,2,2,0,-60,128,0,14,15,15,15,16,16,16,16,16,16,17,17,17,18,19,20,20,20,21,21,22,21,21,21,21,21,0,0,0,0,0,0,0,0,0,0,0,5,5,5,6,6,6,6,6,7,7,7,7,7,8,8,8,8,8,9,9,9,10,10,11,12,13,0,25,26,26,28,28,28,29,30,30,30,31,31,32,34,34,35,36,38,38,39,39,38,38,39,38,38,37,38,0,0,0,0,0,0,0,8,8,8,9,9,10,10,11,11,12,12,13,13,13,13,13,14,14,14,15,15,16,17,19,18,21,22,22
20260804_021426_df8648,1785806477132149,2206811140,2,2,0,-57,128,0,14,14,14,14,14,14,15,14,14,14,14,15,15,16,16,16,16,16,17,16,16,16,16,16,16,16,0,0,0,0,0,0,0,0,0,0,0,10,9,10,11,11,11,11,11,11,12,12,12,12,12,12,11,11,12,12,12,12,12,12,13,14,14,0,52,53,53,52,54,55,53,54,54,55,54,56,56,57,60,57,60,58,62,62,62,60,61,58,57,56,58,55,0,0,0,0,0,0,0,33,33,34,36,37,39,40,41,44,43,45,44,44,45,44,46,43,46,42,45,44,47,48,46,49,49,49,51
20260804_021426_df8648,1785806477230397,2206911081,2,2,0,-63,128,0,12,12,12,13,13,14,14,14,14,15,15,15,15,16,16,16,17,17,17,17,17,17,17,16,16,16,0,0,0,0,0,0,0,0,0,0,0,9,10,10,11,11,11,11,12,12,11,11,11,11,11,10,10,9,9,9,9,9,10,9,10,10,11,0,23,25,24,26,27,27,28,28,29,30,30,30,30,31,32,32,33,33,33,34,33,33,33,32,32,32,31,32,0,0,0,0,0,0,0,16,17,19,18,20,21,21,21,22,23,23,23,21,22,22,21,20,19,18,17,17,17,17,18,17,18,20,21
20260804_021426_df8648,1785806477334010,2207011883,2,2,0,-68,128,0,16,16,17,17,18,18,18,18,18,18,18,18,18,19,20,20,21,21,22,22,22,21,21,21,21,21,0,0,0,0,0,0,0,0,0,0,0,7,7,7,6,6,6,5,4,4,3,2,1,1,1,2,3,4,5,6,7,9,10,10,12,13,14,0,30,30,32,32,32,34,33,33,33,35,34,34,35,37,37,37,39,40,40,40,41,40,39,39,39,40,38,37,0,0,0,0,0,0,0,13,14,14,13,13,13,12,11,9,9,7,6,4,1,1,1,4,6,7,9,12,12,16,18,20,23,25,25
20260804_021426_df8648,1785806477430942,2207110752,2,2,0,-56,128,0,14,15,15,14,14,14,14,14,14,14,14,14,14,14,14,14,14,14,14,14,14,14,13,13,13,13,0,0,0,0,0,0,0,0,0,0,0,9,10,11,11,12,13,13,13,14,14,14,14,14,14,14,14,14,14,14,14,14,14,14,14,15,14,0,53,54,55,50,53,52,51,50,51,50,50,52,52,54,51,52,51,53,52,51,52,51,48,49,49,49,46,47,0,0,0,0,0,0,0,30,32,36,38,40,43,42,47,47,50,51,52,52,52,53,53,54,50,52,50,52,52,53,53,52,55,53,54
20260804_021426_df8648,1785806477531324,2207211060,2,2,0,-60,128,0,12,13,13,14,14,14,14,15,15,15,16,16,17,17,18,18,19,19,20,19,20,19,19,20,20,20,0,0,0,0,0,0,0,0,0,0,0,6,7,6,8,8,8,9,9,9,9,9,9,9,9,9,9,9,9,9,9,9,10,9,11,11,12,0,24,25,25,26,26,26,27,27,28,30,30,30,31,31,34,34,35,36,37,38,38,38,38,37,37,37,37,36,0,0,0,0,0,0,0,11,11,12,12,13,14,15,14,16,16,16,17,17,17,17,17,17,17,16,17,16,17,17,18,19,20,21,22
20260804_021426_df8648,1785806477632771,2207311682,2,2,0,-63,128,0,8,8,9,9,10,10,11,11,12,12,13,14,15,16,16,17,18,19,20,20,21,21,21,22,22,22,0,0,0,0,0,0,0,0,0,0,0,11,11,11,11,11,11,11,11,10,10,10,9,9,8,8,7,7,6,6,6,6,6,5,6,7,7,0,16,17,19,19,20,22,22,23,24,25,26,27,28,30,31,33,35,37,39,39,40,41,42,42,42,43,44,44,0,0,0,0,0,0,0,19,20,20,20,21,21,21,21,21,20,19,19,18,17,16,15,14,13,13,12,12,11,12,12,12,12,12,14
20260804_021426_df8648,1785806477735972,2207415238,2,2,0,-65,128,0,6,7,7,8,8,9,10,10,10,11,11,12,12,13,14,15,16,16,17,18,18,19,19,19,19,21,0,0,0,0,0,0,0,0,0,0,0,10,10,10,11,12,12,13,13,13,13,13,13,13,12,12,12,10,10,10,9,8,8,8,7,7,6,0,13,15,15,16,17,17,18,19,21,22,23,24,24,26,27,28,30,33,33,36,36,37,38,39,40,41,40,41,0,0,0,0,0,0,0,17,19,20,22,22,23,24,24,26,26,27,26,27,25,25,23,23,25,21,21,21,18,18,18,16,15,14,14
20260804_021426_df8648,1785806477836307,2207515911,2,2,0,-65,128,0,6,7,7,9,9,9,10,11,11,12,13,13,13,14,16,16,17,17,18,18,19,19,20,19,20,21,0,0,0,0,0,0,0,0,0,0,0,12,12,12,13,14,14,14,13,13,14,13,13,12,11,10,10,9,9,9,8,8,7,6,6,6,5,0,12,14,16,17,19,20,21,21,23,25,25,27,27,29,31,31,33,34,35,36,37,37,38,38,39,41,40,42,0,0,0,0,0,0,0,21,21,22,24,24,25,26,26,27,27,26,26,26,24,23,22,21,19,18,17,16,15,15,14,12,11,11,11
20260804_021426_df8648,1785806477932187,2207610894,2,2,0,-63,128,0,11,11,11,11,12,12,13,13,13,13,13,13,14,14,14,14,15,15,15,16,15,16,16,16,16,16,0,0,0,0,0,0,0,0,0,0,0,12,13,13,13,14,14,14,14,14,14,14,13,14,13,13,12,12,11,11,10,10,10,9,10,10,9,0,41,42,45,45,45,47,49,48,50,49,51,51,53,55,55,56,58,59,62,61,61,63,62,64,62,64,63,65,0,0,0,0,0,0,0,40,45,45,48,48,50,52,54,54,54,55,53,52,51,50,49,49,44,44,44,43,40,39,38,37,37,39,37
20260804_021426_df8648,1785806478032692,2207710895,2,2,0,-63,128,0,5,5,6,7,8,9,9,9,10,11,11,12,13,13,13,14,15,16,17,17,17,18,18,18,19,19,0,0,0,0,0,0,0,0,0,0,0,11,12,13,13,13,14,14,14,14,14,13,13,13,13,11,11,11,10,8,8,7,7,6,5,5,5,0,10,13,12,15,16,17,18,19,20,23,23,23,25,26,29,30,31,33,36,36,36,37,37,37,38,39,38,39,0,0,0,0,0,0,0,21,21,23,23,25,26,28,28,29,29,29,29,28,27,26,25,23,22,20,19,18,16,15,13,12,11,11,11
20260804_021426_df8648,1785806478134184,2207815304,2,2,0,-66,128,0,8,8,9,10,11,12,13,13,14,15,15,16,16,18,19,20,21,21,23,23,24,24,24,25,25,25,0,0,0,0,0,0,0,0,0,0,0,7,7,8,8,8,8,8,9,9,9,8,8,8,7,6,5,6,4,4,4,4,3,3,3,4,5,0,15,16,18,20,21,24,25,25,27,29,30,31,32,34,35,37,39,40,42,43,45,45,46,46,47,47,46,48,0,0,0,0,0,0,0,10,12,13,14,14,15,16,16,16,17,16,17,15,14,14,13,12,11,10,8,7,6,5,5,5,6,9,10
20260804_021426_df8648,1785806478231165,2207912124,2,2,0,-64,128,0,8,7,8,7,8,9,9,10,10,11,11,12,12,12,13,14,15,15,16,16,16,16,16,17,17,17,0,0,0,0,0,0,0,0,0,0,0,12,13,14,13,14,15,15,16,16,16,15,15,14,14,14,13,13,12,12,11,10,10,10,9,8,7,0,15,15,14,16,17,17,18,20,21,22,23,23,25,25,27,27,29,30,31,32,32,32,34,33,35,34,35,36,0,0,0,0,0,0,0,21,22,23,25,25,27,29,28,30,31,31,31,30,28,29,28,28,28,24,24,22,22,19,20,17,16,16,16
20260804_021426_df8648,1785806478345422,2208011485,2,2,0,-62,128,0,8,8,9,9,10,10,10,11,11,12,13,13,14,14,15,16,17,17,18,18,19,19,20,20,20,21,0,0,0,0,0,0,0,0,0,0,0,9,9,9,10,11,11,11,11,11,11,11,11,11,9,9,9,9,9,9,7,8,7,7,8,8,8,0,16,17,18,19,19,21,22,22,24,25,27,26,28,30,31,32,35,34,37,38,39,40,40,41,40,41,42,42,0,0,0,0,0,0,0,15,17,17,18,19,20,21,21,22,21,23,21,21,21,21,20,18,19,18,18,17,15,16,15,15,14,16,16
20260804_021426_df8648,1785806478433277,2208110842,2,2,0,-58,128,0,9,10,10,11,11,12,12,12,12,12,13,13,14,15,15,16,16,17,18,18,18,18,18,19,18,18,0,0,0,0,0,0,0,0,0,0,0,8,8,8,9,9,10,10,10,10,11,11,10,11,10,10,10,9,9,9,9,9,8,8,8,9,9,0,20,20,22,21,22,23,24,25,26,25,27,27,30,31,31,33,34,35,36,36,37,37,37,37,37,38,36,37,0,0,0,0,0,0,0,14,15,16,17,17,19,19,21,21,21,22,22,22,21,22,21,20,19,19,18,18,18,17,18,16,17,18,20
20260804_021426_df8648,1785806478535005,2208210907,2,2,0,-61,128,0,12,12,12,11,12,11,12,12,12,13,13,13,13,14,14,15,15,16,16,16,17,17,17,17,17,17,0,0,0,0,0,0,0,0,0,0,0,10,10,11,12,13,13,13,15,14,15,15,15,16,15,15,15,15,13,14,14,14,13,13,13,12,12,0,43,43,43,42,43,43,44,45,45,46,49,49,50,51,52,56,56,57,60,60,60,63,60,63,64,66,64,64,0,0,0,0,0,0,0,32,34,36,38,40,45,47,49,50,53,55,56,56,56,57,56,55,53,54,52,52,50,49,48,48,47,44,45
20260804_021426_df8648,1785806478630528,2208310571,2,2,0,-64,128,0,9,9,8,9,8,10,9,10,11,12,12,13,12,13,13,14,15,15,15,16,16,16,16,16,16,17,0,0,0,0,0,0,0,0,0,0,0,12,12,13,14,14,14,14,15,15,15,15,15,15,14,14,14,13,13,12,12,11,11,10,10,9,9,0,33,31,31,33,33,35,38,39,39,42,44,45,44,49,49,56,53,57,59,63,62,62,63,62,63,65,63,65,0,0,0,0,0,0,0,42,43,45,48,50,53,55,55,56,59,60,59,58,59,59,54,57,54,52,50,48,44,43,43,40,35,36,35
20260804_021426_df8648,1785806478732255,2208411021,2,2,0,-57,128,0,13,13,13,13,13,13,14,14,14,14,15,15,16,16,16,16,16,16,16,17,17,17,16,16,16,16,0,0,0,0,0,0,0,0,0,0,0,6,6,6,7,8,8,8,9,9,9,9,9,9,9,9,9,9,9,9,9,9,10,10,11,11,11,0,51,52,52,51,55,55,56,56,57,57,60,59,62,62,64,64,67,69,68,67,66,66,65,63,63,63,61,60,0,0,0,0,0,0,0,23,23,24,27,28,30,32,33,34,35,37,37,37,38,38,37,36,39,37,38,40,38,39,43,40,43,46,46
20260804_021426_df8648,1785806478833814,2208512804,2,2,0,-62,128,0,13,13,13,13,13,14,15,15,16,16,16,16,16,17,17,19,19,19,19,19,19,19,19,18,19,18,0,0,0,0,0,0,0,0,0,0,0,3,3,4,4,5,5,6,6,6,7,7,7,8,8,8,8,8,8,9,9,9,9,10,11,11,12,0,48,51,53,56,57,58,57,59,60,65,64,64,65,67,69,70,73,73,78,74,76,75,76,77,73,72,72,72,0,0,0,0,0,0,0,13,13,12,13,17,19,21,22,24,26,26,28,31,31,30,31,32,33,33,33,34,38,38,38,42,42,44,45
20260804_021426_df8648,1785806478933650,2208610713,2,2,0,-57,128,0,13,13,13,14,13,13,13,13,13,13,13,13,13,14,14,14,15,14,15,14,14,14,14,14,13,14,0,0,0,0,0,0,0,0,0,0,0,10,11,12,12,13,13,14,13,14,14,14,14,14,14,14,14,13,13,13,13,14,13,13,13,13,13,0,49,49,48,48,48,50,49,49,50,51,51,49,52,50,52,54,54,56,55,56,54,53,52,52,52,51,49,47,0,0,0,0,0,0,0,34,37,37,41,43,44,48,49,50,51,53,52,53,53,53,53,51,51,50,49,50,49,49,48,49,50,52,47
20260804_021426_df8648,1785806479035972,2208712880,2,2,0,-62,128,0,9,10,10,11,11,12,12,12,13,13,15,15,15,16,17,17,18,19,19,19,20,20,20,20,19,20,0,0,0,0,0,0,0,0,0,0,0,11,11,11,12,11,12,13,13,13,13,12,13,13,12,12,11,11,11,10,10,10,9,9,9,10,9,0,18,18,19,19,21,21,21,22,24,25,26,27,28,29,30,31,32,33,34,35,36,35,37,37,37,36,36,36,0,0,0,0,0,0,0,17,18,18,20,21,22,22,24,24,24,24,23,22,23,23,21,22,21,21,20,18,19,18,17,17,16,17,17
20260804_021426_df8648,1785806479133878,2208816063,2,2,0,-62,128,0,12,13,13,14,14,14,15,16,16,16,17,17,17,18,19,20,20,21,21,21,21,21,21,21,22,22,0,0,0,0,0,0,0,0,0,0,0,4,5,5,6,6,7,7,7,7,7,7,7,7,7,7,8,7,8,8,8,9,9,9,9,10,12,0,23,23,25,25,26,28,27,28,30,31,32,32,34,36,36,38,39,39,40,41,41,40,41,41,41,43,41,41,0,0,0,0,0,0,0,8,9,9,10,10,10,10,12,13,12,13,13,13,14,13,14,13,14,14,14,14,15,16,16,17,18,19,21
20260804_021426_df8648,1785806479229559,2208910842,2,2,0,-61,128,0,10,11,11,12,12,12,13,13,14,15,15,16,16,17,18,18,19,19,20,20,20,21,21,20,20,20,0,0,0,0,0,0,0,0,0,0,0,8,8,9,9,9,9,9,9,9,10,9,9,9,9,8,8,8,8,8,8,8,8,8,9,9,10,0,21,21,22,22,23,25,24,26,26,27,30,29,30,32,33,34,35,36,37,38,39,37,37,38,38,38,38,38,0,0,0,0,0,0,0,14,15,15,16,17,17,17,18,18,18,18,18,18,17,18,16,17,16,17,15,17,16,16,16,16,18,18,19
20260804_021426_df8648,1785806479331865,2209011743,2,2,0,-60,128,0,14,15,15,15,15,16,16,16,16,17,17,17,17,18,18,19,19,19,19,19,19,19,19,20,19,19,0,0,0,0,0,0,0,0,0,0,0,5,5,7,7,7,7,8,9,9,9,9,9,9,11,11,9,11,11,11,11,12,12,12,13,13,14,0,25,27,27,29,29,29,29,30,30,31,31,32,33,33,33,34,36,35,36,36,37,36,36,35,35,35,35,34,0,0,0,0,0,0,0,9,9,9,10,12,13,13,13,14,15,16,17,17,17,18,18,18,20,18,20,21,21,21,21,22,23,24,24
20260804_021426_df8648,1785806479434252,2209110919,2,2,0,-59,128,0,14,14,14,14,14,15,15,15,15,16,16,15,16,16,16,17,17,17,17,17,17,17,17,17,16,17,0,0,0,0,0,0,0,0,0,0,0,8,9,9,9,9,10,11,11,12,12,12,13,12,12,13,13,13,12,13,12,12,13,13,13,13,14,0,52,52,54,54,55,55,54,57,55,58,58,59,59,60,62,64,64,66,67,65,66,64,64,64,62,62,59,60,0,0,0,0,0,0,0,26,28,30,32,33,36,37,39,41,43,43,45,46,46,46,47,47,47,47,46,47,47,48,48,48,50,50,51
20260804_021426_df8648,1785806479529838,2209212992,2,2,0,-58,128,0,14,14,15,15,16,15,16,16,15,16,16,16,17,17,17,18,18,18,18,18,18,18,17,18,17,17,0,0,0,0,0,0,0,0,0,0,0,4,4,5,5,6,6,7,7,7,7,8,8,9,9,10,9,10,10,10,11,11,11,12,12,13,13,0,26,27,28,29,29,30,30,30,30,31,31,33,33,34,34,35,36,36,36,36,35,34,35,34,33,32,33,32,0,0,0,0,0,0,0,5,6,7,8,9,9,11,12,13,13,14,15,16,16,17,17,18,18,19,19,20,20,20,22,23,24,25,25
20260804_021426_df8648,1785806479630501,2209313441,2,2,0,-65,128,0,6,6,5,5,4,5,6,6,6,7,7,8,9,9,10,11,12,13,13,15,14,15,15,16,16,16,0,0,0,0,0,0,0,0,0,0,0,16,16,17,17,18,18,19,19,18,18,18,17,17,16,16,16,15,14,14,14,12,12,11,10,9,8,0,11,11,11,8,7,8,11,11,12,14,15,16,17,19,20,22,23,25,26,27,28,28,29,30,32,33,31,33,0,0,0,0,0,0,0,31,31,30,34,33,34,34,34,35,35,35,36,34,34,33,31,31,30,29,27,27,25,24,22,20,18,16,15
20260804_021426_df8648,1785806479731654,2209410595,2,2,0,-62,128,0,11,12,12,13,12,12,13,13,13,14,14,15,15,16,16,16,18,18,18,18,19,19,19,19,18,19,0,0,0,0,0,0,0,0,0,0,0,10,10,11,12,12,12,13,13,13,13,13,13,13,13,13,13,11,11,12,11,11,11,11,11,11,10,0,20,21,22,23,22,24,24,24,25,26,27,27,28,29,30,31,33,32,34,35,35,35,36,35,35,34,34,36,0,0,0,0,0,0,0,16,17,18,19,20,21,22,24,23,25,25,25,25,25,24,23,23,23,23,21,21,21,21,19,21,19,20,19
20260804_021426_df8648,1785806479827770,2209511253,2,2,0,-64,128,0,10,10,11,11,12,13,13,14,14,15,15,16,16,17,17,19,19,20,21,22,22,22,22,22,22,22,0,0,0,0,0,0,0,0,0,0,0,5,6,5,6,6,6,6,6,6,6,6,5,6,5,5,5,5,5,5,6,5,6,6,6,7,8,0,19,20,21,22,22,25,27,26,28,29,30,31,33,34,36,37,39,39,41,41,42,44,43,44,44,43,44,44,0,0,0,0,0,0,0,9,10,10,10,10,10,10,10,10,11,11,11,10,10,10,10,10,9,9,11,10,10,11,11,11,11,14,15
20260804_021426_df8648,1785806479931136,2209610772,2,2,0,-63,128,0,5,5,5,6,5,6,6,6,7,8,9,9,10,11,12,13,14,16,16,16,18,18,19,19,19,19,0,0,0,0,0,0,0,0,0,0,0,14,14,15,15,15,15,16,15,15,14,14,13,13,13,12,12,11,10,10,9,9,8,8,8,7,6,0,10,11,11,11,12,12,13,15,16,17,18,18,21,22,25,26,29,30,32,33,34,35,37,38,39,37,39,38,0,0,0,0,0,0,0,26,26,27,27,29,28,30,28,30,30,29,29,27,27,26,26,24,23,20,22,19,19,18,17,16,14,13,11
20260804_021426_df8648,1785806480028704,2209710772,2,2,0,-63,128,0,14,13,14,14,15,13,14,14,14,14,15,14,15,15,16,17,17,18,19,19,19,19,19,19,19,19,0,0,0,0,0,0,0,0,0,0,0,9,8,8,9,9,9,9,10,10,9,10,10,10,10,10,10,11,11,11,11,12,12,12,13,13,13,0,26,27,28,28,27,26,26,27,26,28,28,28,29,31,30,31,33,34,36,36,36,36,36,37,36,36,37,37,0,0,0,0,0,0,0,13,14,15,15,16,17,16,18,17,18,18,19,19,18,19,20,20,19,20,20,22,21,22,22,22,26,25,25
20260804_021426_df8648,1785806480135184,2209813830,2,2,0,-67,128,0,10,10,11,12,12,13,13,14,14,15,15,15,17,17,17,18,18,19,20,20,20,21,21,21,20,21,0,0,0,0,0,0,0,0,0,0,0,13,13,13,12,12,11,11,10,8,8,7,6,5,4,4,4,2,1,1,1,2,3,5,6,7,7,0,18,21,23,24,24,25,26,28,29,30,31,30,32,33,35,36,37,38,38,39,40,40,41,40,40,40,40,42,0,0,0,0,0,0,0,24,22,24,24,23,22,22,21,20,18,17,15,13,11,9,8,6,5,4,1,2,4,5,7,9,11,14,16
20260804_021426_df8648,1785806480231763,2209911612,2,2,0,-63,128,0,12,12,11,10,9,8,7,6,6,5,5,4,3,2,1,1,1,1,2,2,4,4,5,5,7,7,0,0,0,0,0,0,0,0,0,0,0,18,19,20,21,20,21,22,22,22,22,22,21,21,21,20,20,19,19,18,18,17,17,16,16,16,14,0,21,20,18,16,16,13,13,11,10,9,7,6,5,4,2,1,1,2,3,6,6,9,10,11,12,12,14,16,0,0,0,0,0,0,0,29,31,32,33,35,36,36,37,38,39,40,39,38,38,38,36,36,35,33,34,32,32,32,30,29,27,25,25
20260804_021426_df8648,1785806480333026,2210010809,2,2,0,-65,128,0,7,8,9,9,9,11,11,12,12,13,13,13,14,16,15,17,17,18,18,18,19,19,19,19,20,21,0,0,0,0,0,0,0,0,0,0,0,13,13,13,14,14,15,14,15,16,15,15,15,14,13,13,12,11,11,10,10,9,8,8,8,7,6,0,14,15,17,15,18,19,21,23,23,25,26,25,28,29,29,31,32,34,35,35,36,36,37,38,37,38,38,39,0,0,0,0,0,0,0,22,23,25,25,25,27,27,29,29,29,28,28,28,27,26,25,24,23,21,20,20,18,17,15,13,13,12,11
20260804_021426_df8648,1785806480434139,2210111674,2,2,0,-63,128,0,10,11,12,12,12,13,13,13,15,15,15,16,16,17,17,18,18,19,19,20,21,20,21,20,20,21,0,0,0,0,0,0,0,0,0,0,0,10,9,10,10,11,11,11,10,10,10,10,9,9,9,9,9,9,9,8,8,8,8,8,8,9,9,0,20,22,23,23,24,25,25,25,27,29,29,30,31,33,32,34,36,36,36,37,39,38,39,39,39,40,40,40,0,0,0,0,0,0,0,18,19,18,19,20,20,21,21,21,21,21,20,20,19,18,17,17,16,15,16,16,14,15,16,15,16,16,17
20260804_021426_df8648,1785806480528990,2210211066,2,2,0,-65,128,0,6,7,8,8,9,10,10,10,12,13,12,13,14,14,15,15,16,17,17,18,19,19,19,20,20,21,0,0,0,0,0,0,0,0,0,0,0,12,12,13,13,13,13,13,14,14,14,13,13,12,11,11,11,9,9,8,8,7,7,6,6,5,7,0,13,13,15,16,17,18,20,22,21,24,24,25,27,27,29,31,32,33,35,36,38,39,40,40,40,41,41,42,0,0,0,0,0,0,0,22,24,24,25,26,27,27,28,27,28,26,27,25,25,24,22,20,21,19,16,16,16,13,13,12,11,11,12
20260804_021426_df8648,1785806480630358,2210311568,2,2,0,-62,128,0,7,8,9,10,11,12,12,13,13,15,16,16,16,17,18,19,20,21,21,21,22,22,22,22,22,22,0,0,0,0,0,0,0,0,0,0,0,9,9,10,10,10,10,10,10,9,9,8,8,7,6,5,4,4,3,2,1,1,1,2,3,4,5,0,15,16,19,18,21,23,24,25,27,29,30,30,31,36,34,36,38,40,41,43,43,43,43,43,44,46,42,45,0,0,0,0,0,0,0,17,19,18,20,19,20,20,20,20,20,19,16,16,15,14,13,11,9,8,6,5,4,2,3,4,7,8,9
20260804_021426_df8648,1785806480731327,2210410558,2,2,0,-61,128,0,11,10,10,9,8,8,7,8,7,6,6,6,6,7,7,7,7,8,8,9,9,10,10,11,11,11,0,0,0,0,0,0,0,0,0,0,0,17,18,18,19,19,20,20,20,21,21,20,20,20,19,18,18,17,17,17,16,16,15,14,14,13,12,0,20,18,18,16,16,15,14,14,13,13,13,13,13,14,13,15,15,16,17,18,18,19,20,20,21,22,22,24,0,0,0,0,0,0,0,28,30,31,32,32,34,35,37,37,37,38,37,38,36,37,35,35,33,32,30,32,31,30,28,26,25,24,23
20260804_021426_df8648,1785806480831516,2210513015,2,2,0,-66,128,0,6,7,9,9,11,12,12,13,15,15,16,17,18,18,20,21,22,23,24,24,24,25,25,25,24,26,0,0,0,0,0,0,0,0,0,0,0,8,9,9,9,9,9,8,8,8,8,7,7,6,6,5,5,5,3,3,2,1,2,2,1,3,4,0,10,13,15,18,19,21,22,23,25,26,28,30,32,35,35,37,39,39,41,43,44,45,45,43,46,45,45,45,0,0,0,0,0,0,0,18,18,16,16,17,17,16,16,16,15,16,15,13,12,12,11,11,9,8,8,6,4,4,4,2,5,6,7
20260804_021426_df8648,1785806480932626,2210613716,2,2,0,-65,128,0,11,13,13,13,14,14,14,15,15,16,16,16,16,18,18,19,19,20,20,20,21,21,21,21,21,21,0,0,0,0,0,0,0,0,0,0,0,7,7,7,8,8,7,7,7,7,7,6,6,6,6,5,6,6,6,6,7,7,8,8,9,10,10,0,22,22,24,25,26,27,28,27,29,30,30,31,31,33,33,36,35,37,38,39,39,39,39,40,40,41,38,40,0,0,0,0,0,0,0,15,15,15,14,15,15,14,14,13,14,14,14,12,12,11,12,11,10,11,12,13,12,13,14,16,16,19,19
20260804_021426_df8648,1785806481030104,2210710405,2,2,0,-62,128,0,15,15,15,14,14,14,13,13,12,12,12,11,11,12,12,13,13,13,13,13,13,12,12,12,13,12,0,0,0,0,0,0,0,0,0,0,0,13,14,14,14,14,15,15,15,16,16,16,16,16,15,15,15,15,15,15,15,15,15,15,16,15,15,0,59,56,57,53,54,50,47,47,46,46,46,45,47,46,45,47,47,49,48,49,47,46,44,46,44,47,44,43,0,0,0,0,0,0,0,46,49,49,52,52,54,57,58,59,60,60,59,60,60,60,59,57,56,57,56,58,57,56,57,56,59,57,60
20260804_021426_df8648,1785806481131724,2210811702,2,2,0,-64,128,0,14,13,13,13,12,12,11,11,11,11,11,10,10,11,11,11,11,12,11,11,11,11,11,11,11,12,0,0,0,0,0,0,0,0,0,0,0,10,11,12,12,13,14,14,15,15,15,15,15,15,15,15,15,15,15,14,15,14,15,15,15,15,15,0,55,55,51,50,48,49,47,42,43,42,41,41,42,42,44,43,45,45,44,46,47,44,46,46,45,45,46,45,0,0,0,0,0,0,0,40,41,41,46,48,49,52,54,55,57,58,60,59,58,59,58,57,57,59,58,58,60,59,56,58,59,60,57
20260804_021426_df8648,1785806481231314,2210911768,2,2,0,-59,128,0,16,16,16,16,14,14,13,13,13,13,13,13,13,13,13,13,13,13,13,12,12,12,11,11,10,9,0,0,0,0,0,0,0,0,0,0,0,12,12,13,13,15,15,15,15,16,16,15,16,16,15,15,16,15,15,16,16,16,16,16,16,16,16,0,59,57,57,55,53,52,50,49,49,48,47,48,46,48,47,47,47,46,46,45,44,43,40,39,39,37,35,33,0,0,0,0,0,0,0,41,43,45,47,49,52,52,55,56,57,59,59,59,59,59,58,57,58,57,56,57,58,58,59,61,59,58,59
20260804_021426_df8648,1785806481329556,2211011178,2,2,0,-57,128,0,16,16,15,15,14,14,13,12,13,13,13,11,11,11,11,11,11,11,11,10,10,9,9,9,8,8,0,0,0,0,0,0,0,0,0,0,0,15,15,16,17,18,18,18,18,18,19,19,18,18,17,17,17,17,17,16,16,16,16,16,16,17,16,0,29,27,28,25,26,24,23,23,22,21,21,21,20,20,20,19,20,19,19,18,17,17,16,15,15,15,13,12,0,0,0,0,0,0,0,25,25,26,28,28,31,31,32,32,33,34,33,33,33,33,32,33,31,32,29,31,30,30,31,30,29,31,29
20260804_021426_df8648,1785806481429803,2211111816,2,2,0,-59,128,0,14,14,13,13,12,12,11,11,10,10,10,11,10,10,10,10,10,10,10,10,10,9,10,9,9,9,0,0,0,0,0,0,0,0,0,0,0,14,15,16,16,17,17,17,17,18,18,17,17,17,16,16,16,15,15,15,15,15,15,15,15,15,14,0,26,25,25,24,23,22,21,21,20,20,20,19,19,19,19,20,19,20,19,19,19,18,18,17,16,16,15,14,0,0,0,0,0,0,0,24,26,26,28,28,30,31,32,31,32,33,32,32,31,31,30,30,28,29,28,28,28,28,28,26,27,27,27
20260804_021426_df8648,1785806481533858,2211211897,2,2,0,-60,128,0,14,14,14,14,14,14,13,13,13,14,14,13,13,13,13,13,13,14,13,13,13,13,14,13,13,13,0,0,0,0,0,0,0,0,0,0,0,13,13,13,13,14,15,15,15,15,15,16,15,15,15,14,15,14,14,14,14,14,15,14,15,15,15,0,53,51,52,51,50,49,50,47,48,48,48,46,46,49,49,51,50,52,51,50,51,51,50,49,49,48,47,46,0,0,0,0,0,0,0,41,43,45,48,49,51,52,53,55,55,57,56,56,56,56,54,55,55,54,54,52,53,53,53,53,53,53,54
20260804_021426_df8648,1785806481634447,2211311808,2,2,0,-61,128,0,15,15,15,14,14,14,14,15,15,14,14,14,14,14,14,15,15,15,14,14,14,14,14,14,14,14,0,0,0,0,0,0,0,0,0,0,0,10,11,12,13,13,13,13,14,14,14,14,14,14,14,13,14,14,13,14,14,14,14,14,14,15,15,0,56,59,57,56,57,55,53,52,53,52,54,52,51,51,54,53,55,54,56,55,55,54,54,54,51,52,49,48,0,0,0,0,0,0,0,38,40,41,43,46,47,48,50,52,52,51,54,53,53,52,51,51,50,50,51,51,54,54,54,56,54,55,58
20260804_021426_df8648,1785806481732403,2211411752,2,2,0,-60,128,0,15,15,15,15,15,15,15,15,15,15,15,15,15,15,16,16,16,16,17,17,17,16,16,16,16,16,0,0,0,0,0,0,0,0,0,0,0,8,8,9,9,10,10,11,11,11,12,12,12,12,12,12,12,12,13,13,13,13,14,14,14,15,15,0,28,28,29,29,28,28,29,28,28,29,28,28,29,28,28,30,30,30,31,31,32,32,31,31,30,30,28,29,0,0,0,0,0,0,0,12,13,15,16,16,17,18,20,19,20,21,22,22,21,22,22,22,22,23,23,24,24,25,26,27,27,27,29
20260804_021426_df8648,1785806481833700,2211512421,2,2,0,-59,128,0,14,13,14,13,13,13,13,12,13,14,14,14,14,15,15,16,16,16,16,16,16,16,16,16,16,17,0,0,0,0,0,0,0,0,0,0,0,5,6,6,7,7,9,9,10,10,11,11,12,12,12,12,12,12,12,12,13,13,13,13,13,14,14,0,53,52,53,53,53,53,53,54,57,56,56,56,54,57,58,60,61,62,63,64,63,63,63,62,63,64,61,61,0,0,0,0,0,0,0,17,20,22,25,26,28,30,35,36,38,42,42,43,46,46,46,49,46,49,48,49,49,49,51,51,50,52,52
20260804_021426_df8648,1785806481940738,2211617237,2,2,0,-53,128,0,15,14,15,13,13,14,14,13,13,13,13,13,13,13,13,14,14,14,14,14,14,14,14,14,14,13,0,0,0,0,0,0,0,0,0,0,0,9,9,11,11,11,13,13,14,14,14,14,15,15,14,15,14,16,15,15,15,15,15,15,15,15,16,0,55,52,55,51,52,50,49,49,49,48,49,48,47,49,48,52,49,52,51,49,53,50,49,50,50,49,48,51,0,0,0,0,0,0,0,29,32,35,37,37,42,42,46,49,51,53,53,54,56,56,56,57,55,57,55,57,55,56,57,56,57,57,56
20260804_021426_df8648,1785806482034804,2211711411,2,2,0,-55,128,0,14,14,13,13,13,13,13,13,13,12,13,13,13,13,14,14,14,15,15,15,15,15,15,15,15,15,0,0,0,0,0,0,0,0,0,0,0,11,12,12,13,14,14,14,14,15,16,15,15,15,15,15,15,15,14,15,15,15,15,14,15,14,14,0,51,51,52,54,53,50,47,48,50,45,48,48,48,50,51,53,51,53,56,58,57,56,55,56,57,56,54,55,0,0,0,0,0,0,0,39,41,42,43,46,49,49,52,55,54,56,56,56,56,57,56,55,53,55,56,55,55,54,56,53,52,53,51
20260804_021426_df8648,1785806482130740,2211811068,2,2,0,-52,128,0,16,16,15,15,15,15,14,14,15,15,15,15,15,15,15,15,16,16,16,16,16,15,15,15,15,15,0,0,0,0,0,0,0,0,0,0,0,9,9,10,11,12,12,12,13,13,14,14,14,14,14,14,14,15,15,15,15,15,15,15,15,16,16,0,56,57,55,56,54,55,53,55,52,54,53,53,54,55,55,54,57,57,58,57,57,55,55,54,52,53,50,50,0,0,0,0,0,0,0,27,29,31,33,36,37,40,43,44,46,48,49,50,50,52,52,52,52,52,52,52,54,56,55,54,55,55,55
20260804_021426_df8648,1785806482233188,2211912223,2,2,0,-53,128,0,14,14,13,13,13,13,12,13,12,13,13,12,12,12,13,13,13,13,13,13,13,13,13,13,12,12,0,0,0,0,0,0,0,0,0,0,0,9,9,10,10,11,11,13,13,13,13,13,14,14,14,14,14,13,13,14,14,14,14,14,14,14,14,0,52,53,52,51,50,50,48,48,46,49,49,47,48,49,49,50,51,51,51,51,50,49,50,49,49,49,48,49,0,0,0,0,0,0,0,34,35,36,36,41,42,45,45,49,50,51,54,53,53,53,54,52,56,52,55,55,54,55,53,55,55,54,54
20260804_021426_df8648,1785806482335614,2212012233,2,2,0,-53,128,0,14,15,15,13,13,14,14,14,14,14,14,13,14,14,14,14,15,15,15,15,15,15,15,15,14,15,0,0,0,0,0,0,0,0,0,0,0,10,10,11,12,12,13,13,13,13,14,14,14,14,14,14,14,14,14,14,14,14,15,14,14,15,14,0,53,53,52,52,51,52,50,51,49,51,53,52,52,53,55,55,56,56,58,58,60,58,58,58,55,56,56,55,0,0,0,0,0,0,0,35,36,36,37,42,43,46,45,48,50,51,53,52,52,52,52,52,54,54,53,52,53,53,54,54,55,53,54
20260804_021426_df8648,1785806482437530,2212115001,2,2,0,-54,128,0,15,15,14,14,14,13,14,14,13,13,13,13,14,13,13,13,15,15,15,15,15,15,14,14,14,14,0,0,0,0,0,0,0,0,0,0,0,10,11,11,11,12,13,13,14,14,14,14,15,15,15,15,15,15,15,15,15,15,15,15,15,15,15,0,55,54,52,52,52,50,50,50,49,50,50,50,50,51,53,54,55,56,56,56,56,54,55,55,53,54,54,52,0,0,0,0,0,0,0,36,37,38,40,43,45,47,48,50,51,52,53,54,54,55,54,55,55,54,56,56,56,55,55,54,57,55,54
20260804_021426_df8648,1785806482534859,2212213056,2,2,0,-54,128,0,14,14,14,13,14,13,14,13,13,13,13,13,13,13,14,14,14,14,14,14,14,14,14,14,14,14,0,0,0,0,0,0,0,0,0,0,0,10,11,11,12,12,13,13,13,14,14,14,14,14,14,14,14,14,14,15,15,14,14,14,14,15,14,0,54,54,51,52,51,52,50,50,48,51,51,50,51,53,52,54,55,55,56,55,56,55,55,54,54,53,53,52,0,0,0,0,0,0,0,35,37,38,39,43,44,47,48,49,51,52,54,54,54,54,54,56,54,54,54,54,53,55,54,53,54,56,52
20260804_021426_df8648,1785806482636511,2212312868,2,2,0,-52,128,0,16,16,16,16,15,15,16,14,14,15,15,15,15,14,15,15,15,15,15,15,15,15,14,14,13,13,0,0,0,0,0,0,0,0,0,0,0,9,10,10,10,11,12,13,13,14,14,14,14,14,14,14,15,15,15,16,16,16,16,16,16,16,16,0,59,59,58,56,55,55,54,55,54,55,54,55,56,55,54,56,56,57,57,55,55,54,53,51,52,50,49,48,0,0,0,0,0,0,0,29,31,31,34,37,38,41,43,44,46,49,51,51,52,53,53,54,55,55,54,56,55,57,58,57,58,59,58
20260804_021426_df8648,1785806482732180,2212412166,2,2,0,-55,128,0,14,14,13,13,13,13,13,13,13,12,13,13,13,13,13,14,13,14,14,14,14,14,13,13,13,14,0,0,0,0,0,0,0,0,0,0,0,9,9,10,10,11,11,12,12,12,12,13,13,13,13,13,13,13,12,13,13,13,13,13,13,14,14,0,56,54,53,52,53,52,51,52,50,51,53,52,53,54,54,54,54,56,57,58,56,56,54,53,56,52,51,53,0,0,0,0,0,0,0,32,33,35,37,38,41,43,45,47,47,48,49,51,53,52,53,53,52,52,52,54,51,56,55,54,57,56,55
20260804_021426_df8648,1785806482840968,2212511884,2,2,0,-54,128,0,14,14,14,14,14,14,14,14,14,13,13,14,14,14,14,14,15,15,15,14,15,14,14,14,14,14,0,0,0,0,0,0,0,0,0,0,0,8,9,9,10,10,11,11,12,12,13,13,13,13,13,13,13,13,13,13,13,13,13,13,14,14,14,0,54,53,53,53,54,52,52,53,51,52,52,52,53,52,53,54,55,55,56,56,55,55,55,54,53,51,50,50,0,0,0,0,0,0,0,28,30,32,33,37,38,41,42,44,46,46,49,48,49,50,51,49,50,49,49,50,52,53,51,51,52,53,53
20260804_021426_df8648,1785806482933131,2212611464,2,2,0,-60,128,0,13,13,13,13,13,13,14,14,14,15,16,16,16,17,17,18,19,19,20,21,21,21,21,21,21,21,0,0,0,0,0,0,0,0,0,0,0,4,5,5,5,6,6,6,7,7,7,8,8,8,8,8,9,9,9,9,9,9,9,10,11,11,11,0,24,24,26,26,27,27,27,28,28,29,30,30,31,33,34,36,36,38,40,39,40,40,40,40,40,42,38,39,0,0,0,0,0,0,0,6,8,8,9,9,10,10,11,12,14,14,14,15,15,15,15,16,15,16,16,17,17,18,18,20,21,21,22
20260804_021426_df8648,1785806483030426,2212713129,2,2,0,-68,128,0,7,5,4,4,3,2,1,2,2,1,2,3,4,4,6,6,7,9,10,11,12,13,14,15,17,18,0,0,0,0,0,0,0,0,0,0,0,21,21,22,22,22,21,21,21,21,20,19,18,18,16,16,15,14,13,14,13,12,12,11,10,9,8,0,12,11,9,8,6,5,3,4,3,4,5,6,7,8,11,11,13,16,18,21,23,25,27,28,32,32,34,36,0,0,0,0,0,0,0,40,41,41,40,41,41,43,42,42,41,39,38,37,35,34,31,29,29,28,27,25,23,23,22,21,20,18,16
20260804_021426_df8648,1785806483134810,2212811525,2,2,0,-65,128,0,12,11,11,12,12,12,12,12,11,12,12,12,13,12,12,13,12,12,12,13,13,13,14,14,14,15,0,0,0,0,0,0,0,0,0,0,0,13,13,14,14,15,14,14,14,14,14,14,14,14,14,13,14,13,12,12,13,13,12,12,12,12,12,0,48,46,46,48,47,47,47,47,45,48,49,48,48,47,50,50,49,49,50,52,51,53,54,55,56,56,61,62,0,0,0,0,0,0,0,52,54,51,52,55,56,57,55,56,56,57,57,55,56,54,53,51,52,51,49,49,50,48,48,49,50,48,47
20260804_021426_df8648,1785806483231897,2212912010,2,2,0,-65,128,0,11,11,12,13,13,14,14,15,16,16,17,17,18,19,19,20,21,21,23,23,23,24,24,24,25,26,0,0,0,0,0,0,0,0,0,0,0,7,7,8,7,6,6,6,6,6,5,5,4,4,4,4,5,5,4,5,6,6,7,8,8,8,9,0,20,21,23,25,24,26,27,28,29,31,31,32,33,34,36,36,38,39,42,43,44,44,45,45,46,46,45,47,0,0,0,0,0,0,0,13,13,13,13,13,13,12,11,11,10,9,9,9,8,7,7,8,8,8,9,8,11,12,12,13,15,16,16
20260804_021426_df8648,1785806483332957,2213011774,2,2,0,-68,128,0,11,11,12,12,13,13,13,13,14,13,16,15,15,16,16,17,17,18,17,18,20,19,20,20,21,21,0,0,0,0,0,0,0,0,0,0,0,10,9,10,10,10,10,9,9,8,9,9,8,8,7,7,6,6,6,6,7,7,8,8,9,10,9,0,21,21,24,24,25,24,26,26,28,27,29,28,29,30,31,33,34,36,36,37,38,39,39,38,40,40,40,41,0,0,0,0,0,0,0,20,18,19,19,20,20,19,19,19,19,17,17,17,15,14,14,14,13,13,13,14,13,14,14,18,16,19,20
20260804_021426_df8648,1785806483431232,2213111735,2,2,0,-63,128,0,15,15,16,16,16,16,15,16,15,15,16,15,16,16,16,17,17,17,17,17,18,17,17,17,17,17,0,0,0,0,0,0,0,0,0,0,0,4,4,4,4,5,5,6,6,7,8,8,8,9,9,10,10,11,11,11,12,13,13,13,14,15,15,0,29,29,29,30,29,30,29,29,28,30,29,29,29,29,30,30,30,32,33,32,32,33,32,32,31,32,32,32,0,0,0,0,0,0,0,7,7,7,7,7,7,10,9,11,12,13,15,16,16,17,17,17,20,19,20,21,23,25,24,24,25,28,28
20260804_021426_df8648,1785806483529604,2213210679,2,2,0,-60,128,0,14,14,14,15,15,15,15,15,14,15,14,14,14,14,15,15,15,15,15,15,15,15,15,14,14,14,0,0,0,0,0,0,0,0,0,0,0,7,7,8,9,9,9,10,10,10,10,10,11,11,11,10,11,11,11,11,12,12,12,12,13,14,14,0,58,59,57,59,57,57,58,58,58,59,57,59,57,60,59,59,61,60,60,62,59,59,58,56,55,54,53,52,0,0,0,0,0,0,0,27,30,30,30,33,35,37,38,39,41,42,43,43,45,44,44,44,46,45,46,46,47,49,50,51,51,55,54
20260804_021426_df8648,1785806483635055,2213314444,2,2,0,-62,128,0,16,15,15,15,15,14,14,14,14,14,14,15,14,14,14,14,14,15,15,15,15,14,14,15,14,14,0,0,0,0,0,0,0,0,0,0,0,10,11,11,12,12,13,13,13,14,14,14,14,14,13,13,13,14,14,14,13,13,14,14,14,15,15,0,58,57,61,57,57,54,53,56,53,51,55,54,51,53,50,54,55,56,53,55,56,54,53,56,51,53,51,51,0,0,0,0,0,0,0,36,37,39,41,41,45,46,48,51,51,52,51,52,51,50,51,51,49,54,53,51,50,54,55,52,58,58,56
20260804_021426_df8648,1785806483730342,2213412666,2,2,0,-66,128,0,12,12,13,14,14,14,14,15,15,16,17,16,17,17,18,19,20,20,21,21,21,22,22,22,22,22,0,0,0,0,0,0,0,0,0,0,0,7,7,8,8,8,9,8,8,8,8,8,7,7,7,7,6,6,7,7,8,7,8,9,9,10,11,0,22,22,25,26,26,27,28,29,29,30,30,30,31,32,34,34,37,38,39,39,40,41,40,41,42,44,42,42,0,0,0,0,0,0,0,10,13,14,13,14,15,14,14,15,14,15,15,14,15,15,13,13,13,13,12,13,13,16,14,17,16,19,20
20260804_021426_df8648,1785806483877685,2213557170,2,2,0,-67,128,0,14,14,13,11,10,10,9,9,7,7,8,7,7,7,8,9,9,11,11,12,14,14,15,16,16,17,0,0,0,0,0,0,0,0,0,0,0,14,15,15,16,16,16,16,16,17,17,17,17,18,16,18,17,17,17,17,16,17,17,17,17,15,15,0,50,50,46,39,39,38,30,30,26,24,27,27,26,26,28,33,36,40,46,48,51,53,56,60,65,68,69,72,0,0,0,0,0,0,0,51,51,55,54,56,56,55,62,62,61,62,63,65,63,61,62,64,60,61,67,65,69,65,64,61,61,61,55
20260804_021426_df8648,1785806483934297,2213617300,2,2,0,-64,128,0,3,2,1,1,3,4,4,6,6,6,7,8,9,9,10,11,12,12,13,14,15,15,15,15,15,16,0,0,0,0,0,0,0,0,0,0,0,16,17,17,18,19,19,19,18,18,18,18,17,16,16,15,15,14,12,12,10,10,9,8,7,6,5,0,6,3,2,3,5,7,8,9,11,13,13,15,16,18,19,20,22,24,26,25,27,28,27,30,29,30,30,30,0,0,0,0,0,0,0,30,32,33,33,35,37,37,37,38,37,35,37,36,35,33,31,30,28,27,25,25,22,20,18,17,15,11,9
20260804_021426_df8648,1785806484032148,2213711565,2,2,0,-63,128,0,9,8,7,8,8,8,8,8,9,9,9,9,10,10,11,11,12,12,13,13,13,13,14,14,14,14,0,0,0,0,0,0,0,0,0,0,0,17,18,18,18,19,19,19,19,20,20,19,19,18,18,17,16,16,15,14,14,13,13,12,11,11,10,0,15,14,14,13,13,14,14,14,14,14,16,17,18,18,20,21,21,21,22,24,24,25,25,25,25,25,26,26,0,0,0,0,0,0,0,30,30,31,32,33,35,35,35,36,36,36,36,35,34,34,33,31,30,29,27,27,26,24,23,22,21,18,18
20260804_021426_df8648,1785806484134026,2213811881,2,2,0,-63,128,0,13,12,12,11,11,11,10,9,10,9,10,10,10,10,10,10,10,10,12,12,12,12,12,12,12,13,0,0,0,0,0,0,0,0,0,0,0,14,15,15,16,17,17,17,17,17,18,18,18,17,17,17,16,16,16,16,15,15,15,15,13,13,13,0,44,40,44,43,40,38,39,39,39,40,38,39,38,39,40,41,41,43,45,45,47,47,48,48,47,49,48,49,0,0,0,0,0,0,0,47,50,53,55,57,58,62,63,65,66,67,68,65,66,64,62,64,62,60,59,57,57,56,55,55,50,49,47
20260804_021426_df8648,1785806484231297,2213911596,2,2,0,-66,128,0,4,5,6,7,8,9,9,10,11,12,13,14,15,15,17,17,18,19,21,21,21,22,22,23,22,23,0,0,0,0,0,0,0,0,0,0,0,14,14,14,13,14,13,13,13,13,12,12,11,9,9,8,8,7,6,5,4,3,3,2,1,2,2,0,9,11,13,14,16,17,18,19,21,23,24,26,28,30,31,33,35,38,39,40,41,42,42,44,44,44,43,42,0,0,0,0,0,0,0,23,23,25,26,26,25,25,25,24,24,24,22,20,19,18,17,16,14,12,11,9,7,6,5,3,3,3,4
20260804_021426_df8648,1785806484332964,2214013117,2,2,0,-63,128,0,11,12,12,13,13,13,14,14,14,15,15,15,16,16,17,17,18,19,19,19,19,19,20,20,21,20,0,0,0,0,0,0,0,0,0,0,0,2,3,4,4,3,4,4,4,4,4,5,6,6,6,5,6,6,6,6,7,7,8,8,9,10,10,0,22,23,23,25,26,26,27,27,28,29,29,30,31,32,33,35,35,37,37,38,39,38,38,39,39,40,40,40,0,0,0,0,0,0,0,5,5,5,6,6,8,8,8,9,9,10,10,10,11,11,10,11,12,12,13,13,14,14,15,16,18,19,20
20260804_021426_df8648,1785806484428356,2214111703,2,2,0,-60,128,0,14,14,15,14,15,15,15,14,15,15,15,15,16,16,17,17,17,18,18,18,18,18,17,17,17,18,0,0,0,0,0,0,0,0,0,0,0,3,4,4,4,4,5,6,6,6,6,7,8,8,8,9,9,9,9,10,10,11,12,12,12,13,14,0,28,29,29,29,29,29,29,29,29,30,31,30,31,32,32,34,34,34,35,35,35,35,35,36,34,34,35,35,0,0,0,0,0,0,0,5,6,6,7,7,8,9,9,11,11,12,13,14,15,14,15,16,17,18,19,19,20,21,22,24,24,25,27
20260804_021426_df8648,1785806484530741,2214211800,2,2,0,-63,128,0,5,5,6,7,8,9,9,10,10,11,11,12,13,14,15,15,16,17,18,18,19,19,20,20,20,21,0,0,0,0,0,0,0,0,0,0,0,18,19,18,18,18,17,17,17,16,16,15,14,12,11,10,9,9,7,7,6,5,4,4,3,4,4,0,9,10,12,13,14,16,17,18,19,21,22,22,24,25,27,28,30,32,33,34,35,36,37,38,38,39,40,40,0,0,0,0,0,0,0,34,35,35,35,36,36,35,34,34,32,32,29,28,25,24,22,20,18,16,14,13,11,11,9,7,5,7,7
20260804_021426_df8648,1785806484632212,2214311716,2,2,0,-66,128,0,6,7,8,9,9,10,10,11,12,12,13,14,14,15,16,16,17,18,19,20,21,21,22,22,22,23,0,0,0,0,0,0,0,0,0,0,0,14,14,14,14,14,13,13,12,12,12,11,10,9,8,7,7,6,5,5,4,3,3,3,3,4,5,0,12,13,16,17,17,20,20,22,22,24,24,26,26,29,30,32,34,35,37,39,40,41,42,42,43,44,43,45,0,0,0,0,0,0,0,25,26,26,27,26,26,26,25,25,24,23,22,19,19,17,15,13,12,10,9,9,7,6,5,6,8,9,9
20260804_021426_df8648,1785806484746154,2214429815,2,2,0,-62,128,0,15,15,16,16,16,17,17,17,17,17,17,17,18,18,19,19,19,20,20,20,20,20,20,20,20,20,0,0,0,0,0,0,0,0,0,0,0,1,1,1,1,2,2,3,3,4,5,5,5,6,6,7,7,8,8,9,10,10,11,11,12,14,14,0,28,28,30,29,30,30,30,31,31,32,32,32,32,34,34,36,36,36,35,37,37,36,36,35,36,35,33,34,0,0,0,0,0,0,0,3,1,2,3,2,3,3,4,6,6,7,8,9,10,10,11,14,14,15,16,16,17,20,21,21,24,25,26
20260804_021426_df8648,1785806484836179,2214515805,2,2,0,-62,128,0,11,11,12,12,12,14,15,14,15,17,16,15,16,17,17,18,20,20,19,20,20,20,21,21,21,20,0,0,0,0,0,0,0,0,0,0,0,10,10,10,10,11,11,11,11,11,11,9,10,10,9,9,8,9,9,8,8,8,8,9,9,9,10,0,19,21,22,24,25,26,27,25,29,30,31,31,29,32,32,34,36,38,41,37,39,40,38,38,38,39,36,39,0,0,0,0,0,0,0,19,19,18,19,18,20,20,21,21,21,19,19,18,18,17,16,16,17,15,16,16,16,15,16,16,17,17,19
20260804_021426_df8648,1785806484932053,2214611478,2,2,0,-58,128,0,10,11,12,12,13,13,13,13,14,14,15,16,16,16,17,18,19,19,19,20,20,21,21,20,21,21,0,0,0,0,0,0,0,0,0,0,0,6,7,8,8,8,8,8,7,7,7,7,7,7,7,7,6,6,6,7,7,7,8,8,8,9,9,0,22,22,22,24,25,25,26,26,26,29,30,30,32,32,34,34,37,36,39,39,40,41,41,41,41,41,41,41,0,0,0,0,0,0,0,13,14,14,14,15,16,16,14,15,16,15,16,14,15,15,13,14,14,14,13,14,14,14,16,16,16,18,19
20260804_021426_df8648,1785806485034124,2214711555,2,2,0,-60,128,0,11,11,11,11,11,12,12,12,13,12,13,13,14,15,15,16,16,17,18,17,18,18,18,18,18,19,0,0,0,0,0,0,0,0,0,0,0,10,11,11,12,12,13,13,13,13,13,13,13,13,13,13,12,12,11,12,11,11,11,11,11,11,10,0,21,21,21,22,22,22,22,23,24,25,25,26,27,29,29,29,31,32,33,35,35,36,36,36,37,38,37,38,0,0,0,0,0,0,0,19,19,20,21,22,23,25,24,25,25,26,26,25,25,25,25,24,22,23,21,23,22,22,21,21,22,21,21
20260804_021426_df8648,1785806485141823,2214819413,2,2,0,-55,128,0,14,15,15,14,15,15,14,14,14,15,15,15,15,16,16,17,17,18,18,18,18,18,17,17,17,17,0,0,0,0,0,0,0,0,0,0,0,8,8,9,9,9,9,11,10,11,11,11,11,11,11,11,11,13,12,12,13,13,13,13,14,14,14,0,27,27,28,28,28,27,27,28,28,29,29,29,30,30,31,31,33,33,33,33,34,33,34,34,34,33,34,34,0,0,0,0,0,0,0,15,14,15,15,17,17,18,17,19,20,20,22,22,22,22,22,22,22,22,22,23,23,24,24,24,26,27,26
20260804_021426_df8648,1785806485232086,2214912123,2,2,0,-58,128,0,13,12,13,13,12,13,14,14,14,14,14,14,14,15,15,17,16,17,17,17,17,17,17,16,17,17,0,0,0,0,0,0,0,0,0,0,0,8,8,8,8,8,8,8,9,9,9,8,9,9,9,9,9,9,9,10,10,10,11,11,11,12,12,0,26,27,26,28,26,27,27,27,28,28,28,29,29,30,31,32,33,33,35,35,35,34,34,33,34,35,35,34,0,0,0,0,0,0,0,15,15,15,15,16,16,17,16,16,17,17,18,18,18,17,18,18,19,19,19,19,20,21,22,23,23,25,24
20260804_021426_df8648,1785806485332910,2215014136,2,2,0,-56,128,0,12,12,13,13,12,12,12,12,12,12,12,13,13,13,13,13,14,14,14,14,14,14,15,14,14,14,0,0,0,0,0,0,0,0,0,0,0,10,11,12,13,13,13,14,15,14,15,15,15,15,15,14,15,14,14,13,14,13,13,14,13,13,13,0,48,46,47,46,44,45,43,45,46,45,47,45,50,49,50,52,53,53,54,55,54,54,52,53,52,54,52,52,0,0,0,0,0,0,0,37,38,38,39,45,47,49,51,52,54,55,56,56,55,55,55,52,53,52,51,51,51,52,50,50,50,49,47
20260804_021426_df8648,1785806485433667,2215111711,2,2,0,-57,128,0,13,14,13,13,13,13,14,14,14,14,15,15,15,16,17,17,17,17,18,18,18,18,18,18,18,18,0,0,0,0,0,0,0,0,0,0,0,8,8,9,9,10,10,10,11,11,11,11,11,12,12,12,12,12,12,12,12,12,12,12,13,13,12,0,25,25,26,25,25,27,26,27,27,28,29,29,29,29,30,32,33,34,34,35,34,34,34,34,33,34,33,34,0,0,0,0,0,0,0,15,16,16,16,17,17,18,19,20,20,21,21,22,21,22,22,22,22,23,22,23,23,23,23,23,25,24,25
20260804_021426_df8648,1785806485532752,2215211671,2,2,0,-57,128,0,11,12,12,11,12,12,11,12,12,12,13,13,13,14,14,14,15,15,16,16,16,17,17,17,17,17,0,0,0,0,0,0,0,0,0,0,0,11,12,12,13,13,14,14,14,14,14,14,14,13,13,13,13,13,12,12,13,13,12,12,12,11,11,0,45,43,45,46,45,44,46,46,47,48,48,49,51,53,53,56,57,58,62,61,63,63,64,63,64,64,65,65,0,0,0,0,0,0,0,41,41,44,47,47,50,50,50,52,54,55,56,51,53,51,49,50,49,46,47,45,45,46,46,44,44,43,42
20260804_021426_df8648,1785806485630326,2215311736,2,2,0,-54,128,0,12,12,12,12,12,12,13,13,12,12,13,13,13,13,14,14,15,15,15,15,15,14,14,14,14,14,0,0,0,0,0,0,0,0,0,0,0,12,12,12,12,13,13,14,14,14,14,14,14,14,13,13,13,13,12,12,12,12,12,12,12,12,12,0,47,47,47,46,48,47,46,46,46,48,48,50,48,51,51,54,55,55,55,57,56,55,55,54,53,53,52,52,0,0,0,0,0,0,0,40,43,43,46,47,49,50,53,54,53,55,54,53,53,52,52,52,49,49,48,49,47,47,47,48,47,48,47
20260804_021426_df8648,1785806485732952,2215412039,2,2,0,-61,128,0,11,12,12,10,9,9,8,9,9,8,8,9,9,8,8,9,9,10,10,10,11,11,12,13,13,13,0,0,0,0,0,0,0,0,0,0,0,16,18,17,18,18,18,18,19,19,18,18,17,18,17,17,16,17,15,15,15,15,14,14,14,13,12,0,23,21,21,19,18,18,17,16,16,17,17,15,17,16,17,18,18,19,20,20,21,22,24,26,25,25,24,28,0,0,0,0,0,0,0,28,30,30,32,33,32,34,34,35,35,35,35,34,33,32,32,31,30,29,29,29,28,28,27,26,26,25,24
20260804_021426_df8648,1785806485834433,2215512008,2,2,0,-56,128,0,12,12,12,12,12,13,13,13,13,13,14,14,14,15,15,15,16,16,17,17,17,17,17,17,17,17,0,0,0,0,0,0,0,0,0,0,0,9,9,9,9,10,10,10,11,11,11,11,11,11,11,10,11,11,11,11,10,10,10,11,11,12,12,0,23,25,23,25,23,25,25,25,25,27,27,27,27,27,31,31,32,30,34,33,33,32,34,32,32,32,33,32,0,0,0,0,0,0,0,15,16,16,17,18,18,20,20,20,21,21,22,22,22,21,21,19,20,20,22,20,22,21,21,22,21,23,22
20260804_021426_df8648,1785806485930551,2215611526,2,2,0,-56,128,0,15,15,15,14,14,13,13,13,13,14,14,14,13,14,14,15,15,15,15,15,15,15,15,15,15,15,0,0,0,0,0,0,0,0,0,0,0,9,9,10,10,11,11,11,12,13,13,13,13,14,14,14,14,14,15,15,15,15,15,15,15,16,15,0,55,55,54,54,52,53,51,50,50,50,51,51,49,50,53,53,54,55,57,56,55,55,56,57,55,55,55,55,0,0,0,0,0,0,0,30,33,32,35,37,37,41,42,45,46,47,48,49,52,50,51,52,53,53,53,54,58,55,58,56,56,57,57
20260804_021426_df8648,1785806486033357,2215711515,2,2,0,-57,128,0,14,14,14,13,14,14,14,14,13,14,14,14,15,15,15,16,16,16,16,16,16,16,16,16,16,17,0,0,0,0,0,0,0,0,0,0,0,7,7,7,8,8,9,10,11,11,11,12,12,13,13,13,12,13,12,14,13,13,14,14,13,14,14,0,53,56,55,55,54,54,53,54,55,54,55,56,57,58,59,61,60,63,61,63,64,63,61,60,63,62,60,60,0,0,0,0,0,0,0,18,23,24,27,29,31,32,35,37,40,43,45,44,47,47,47,50,49,50,50,50,52,52,53,55,54,53,56
20260804_021426_df8648,1785806486129936,2215811502,2,2,0,-56,128,0,14,14,14,14,14,14,14,13,13,13,14,14,14,14,14,15,15,15,15,15,15,15,15,15,14,14,0,0,0,0,0,0,0,0,0,0,0,6,6,6,7,7,9,9,10,10,10,10,10,11,11,12,12,12,12,13,13,13,13,13,13,14,14,0,55,55,58,54,57,56,55,54,55,53,55,55,55,57,56,58,58,61,61,60,61,60,58,59,58,59,55,57,0,0,0,0,0,0,0,22,23,24,28,28,32,32,35,35,38,39,40,42,43,44,45,47,46,48,45,52,51,52,52,51,55,52,56
20260804_021426_df8648,1785806486230796,2215911998,2,2,0,-60,128,0,8,8,7,9,8,7,7,7,6,7,9,9,10,10,11,11,11,13,12,13,14,12,14,14,14,14,0,0,0,0,0,0,0,0,0,0,0,16,17,17,18,19,19,19,19,19,19,19,18,18,17,16,16,16,15,15,14,13,13,13,11,11,9,0,32,27,37,26,26,30,32,23,24,28,31,35,37,39,39,44,44,47,50,51,49,50,54,53,54,55,52,53,0,0,0,0,0,0,0,55,57,60,63,63,65,68,68,69,69,70,70,66,67,66,64,63,57,57,54,53,52,48,45,43,38,40,40
20260804_021426_df8648,1785806486337166,2216015197,2,2,0,-63,128,0,0,2,2,4,5,6,6,8,9,10,11,12,13,13,15,17,17,17,19,20,20,21,21,21,21,21,0,0,0,0,0,0,0,0,0,0,0,16,16,16,16,17,16,17,17,16,16,15,15,14,13,12,11,11,10,8,8,7,6,6,4,3,1,0,1,3,5,7,10,11,13,14,16,19,20,22,23,25,29,29,33,33,36,37,38,39,39,37,41,41,40,43,0,0,0,0,0,0,0,29,30,30,30,31,31,32,32,33,31,30,31,29,28,27,24,22,22,21,19,16,18,13,11,11,8,6,3
20260804_021426_df8648,1785806486427173,2216111537,2,2,0,-61,128,0,13,14,14,15,15,16,16,17,17,17,18,18,18,20,20,21,21,22,21,22,23,22,22,22,22,22,0,0,0,0,0,0,0,0,0,0,0,6,5,5,5,5,4,4,4,4,4,4,4,5,5,5,6,6,7,8,8,9,10,10,11,12,12,0,25,25,27,27,29,30,31,31,30,33,34,34,34,36,37,38,40,42,41,41,41,41,40,40,40,41,39,40,0,0,0,0,0,0,0,11,11,10,9,9,9,8,9,8,7,7,6,7,8,8,8,9,11,12,13,14,16,17,17,18,21,22,24
20260804_021426_df8648,1785806486529057,2216211711,2,2,0,-62,128,0,6,4,3,3,3,2,3,3,4,5,6,7,8,9,10,11,13,13,14,14,15,16,17,17,18,19,0,0,0,0,0,0,0,0,0,0,0,17,17,18,18,19,18,19,19,19,19,18,18,17,16,15,15,14,14,12,11,11,11,10,9,8,7,0,11,9,7,6,5,5,6,6,8,11,11,14,14,17,19,22,22,25,26,28,30,31,31,32,32,34,33,36,0,0,0,0,0,0,0,32,32,33,34,34,37,35,37,38,37,36,35,35,35,32,30,30,27,29,25,25,22,21,20,19,17,16,14
20260804_021426_df8648,1785806486631292,2216312771,2,2,0,-60,128,0,12,11,11,11,10,10,10,10,9,10,11,10,10,11,11,11,11,13,13,13,14,15,16,16,16,16,0,0,0,0,0,0,0,0,0,0,0,11,12,12,14,14,14,15,15,15,15,15,15,16,16,16,15,15,15,15,14,14,13,14,13,13,12,0,47,43,44,41,41,40,39,38,39,38,42,40,42,43,42,45,48,52,53,55,55,57,58,59,64,65,62,66,0,0,0,0,0,0,0,42,44,45,47,49,51,53,55,57,59,61,58,61,59,59,60,60,56,58,56,56,55,54,53,51,52,50,50
20260804_021426_df8648,1785806486733160,2216412352,2,2,0,-54,128,0,15,16,15,16,15,15,15,14,14,14,14,14,14,14,15,15,15,15,15,14,14,14,13,13,13,13,0,0,0,0,0,0,0,0,0,0,0,8,9,9,9,10,11,12,12,12,13,13,13,13,13,13,13,13,13,13,13,14,15,15,15,15,15,0,58,58,58,58,57,56,55,56,56,55,55,55,55,57,55,58,55,56,56,55,54,53,51,50,50,49,48,46,0,0,0,0,0,0,0,29,30,32,36,36,38,40,42,43,44,47,47,45,48,48,49,50,50,50,50,52,52,51,53,54,54,56,59
20260804_021426_df8648,1785806486835179,2216513975,2,2,0,-54,128,0,15,15,15,15,14,15,15,15,15,15,14,14,14,15,15,15,15,15,15,16,16,15,15,15,14,14,0,0,0,0,0,0,0,0,0,0,0,8,8,8,9,9,9,11,11,11,11,11,11,11,11,11,12,12,12,12,12,13,13,14,14,14,14,0,59,56,57,58,56,57,57,57,57,58,60,58,59,60,60,60,61,61,61,60,59,59,55,56,55,56,51,52,0,0,0,0,0,0,0,28,29,32,34,35,37,38,40,41,43,43,44,44,45,45,46,45,47,46,47,47,51,51,51,52,53,55,55
20260804_021426_df8648,1785806486930989,2216612276,2,2,0,-55,128,0,14,14,14,14,14,15,15,15,15,15,15,15,16,16,16,17,17,17,17,17,17,17,17,17,16,16,0,0,0,0,0,0,0,0,0,0,0,9,10,10,11,11,11,11,12,12,13,12,12,12,12,12,12,12,11,12,12,12,12,12,13,13,13,0,25,26,27,26,27,28,28,28,28,28,29,28,30,30,30,31,31,32,32,32,32,31,31,31,31,31,30,29,0,0,0,0,0,0,0,16,17,17,18,19,20,20,20,21,22,22,22,22,22,22,22,22,22,22,21,23,23,24,24,24,24,25,24
20260804_021426_df8648,1785806487033006,2216711584,2,2,0,-57,128,0,13,13,14,13,14,14,15,15,15,15,16,16,17,17,17,18,18,19,19,19,19,19,19,19,19,20,0,0,0,0,0,0,0,0,0,0,0,3,3,4,4,4,5,5,6,6,6,7,7,7,7,8,8,8,8,9,10,10,10,10,11,11,12,0,24,25,26,26,27,27,27,28,29,30,30,32,33,34,34,35,36,37,37,37,39,38,38,38,37,38,36,37,0,0,0,0,0,0,0,5,5,6,6,8,8,9,9,11,11,11,13,12,13,14,15,15,16,17,16,17,18,19,20,21,22,24,23
20260804_021426_df8648,1785806487134687,2216812055,2,2,0,-59,128,0,12,13,13,13,14,14,15,15,15,16,16,16,16,17,17,18,18,19,20,20,20,20,20,20,19,20,0,0,0,0,0,0,0,0,0,0,0,8,8,8,9,9,9,10,10,10,10,9,9,10,10,9,9,9,9,9,9,10,10,9,10,11,11,0,24,25,25,25,27,28,27,28,28,30,30,31,33,34,33,35,36,37,37,38,38,38,37,38,38,37,37,37,0,0,0,0,0,0,0,15,16,16,16,17,18,18,18,18,18,19,18,19,18,18,19,18,18,17,18,18,18,19,20,19,20,21,20
20260804_021426_df8648,1785806487231967,2216912114,2,2,0,-61,128,0,10,10,10,10,10,11,11,11,11,13,13,13,14,15,15,16,16,17,18,18,18,18,19,18,18,18,0,0,0,0,0,0,0,0,0,0,0,13,13,14,15,14,14,14,15,15,15,14,14,14,13,13,13,13,12,12,12,11,11,11,11,10,10,0,19,19,19,19,19,20,21,22,22,23,24,25,27,27,28,30,31,33,34,34,35,34,36,35,35,35,35,36,0,0,0,0,0,0,0,23,23,24,25,25,26,27,26,27,27,27,27,27,26,26,26,25,24,24,22,22,21,21,21,20,21,20,19
20260804_021426_df8648,1785806487332903,2217011975,2,2,0,-62,128,0,7,6,5,5,5,4,4,5,4,6,5,6,7,7,8,9,9,10,10,12,12,12,13,13,13,14,0,0,0,0,0,0,0,0,0,0,0,16,17,18,18,19,19,19,19,19,18,18,17,17,16,15,14,14,14,13,12,12,11,10,10,9,8,0,13,12,11,10,9,10,9,9,10,11,11,12,13,14,16,17,19,20,21,23,24,24,24,26,26,27,27,27,0,0,0,0,0,0,0,30,32,32,34,35,35,36,37,37,37,37,36,36,35,34,31,30,29,27,27,26,24,24,21,22,21,18,16
20260804_021426_df8648,1785806487430279,2217111243,2,2,0,-65,128,0,2,1,1,2,4,5,6,6,7,9,9,10,11,12,13,14,15,16,17,17,17,17,18,18,19,19,0,0,0,0,0,0,0,0,0,0,0,14,14,15,16,16,16,16,16,16,16,15,15,14,14,13,12,11,11,11,9,9,8,7,6,5,4,0,3,1,2,5,7,8,11,13,14,17,18,21,22,24,26,27,30,31,33,34,35,37,36,38,37,38,38,39,0,0,0,0,0,0,0,28,27,28,29,30,31,32,32,32,31,32,31,30,29,28,27,26,24,22,22,20,19,18,15,14,11,8,7
20260804_021426_df8648,1785806487530893,2217212741,2,2,0,-63,128,0,9,9,8,8,7,7,7,7,7,8,8,9,9,9,9,10,10,10,11,12,12,12,12,12,12,13,0,0,0,0,0,0,0,0,0,0,0,13,13,14,15,16,16,16,16,17,17,17,17,17,16,16,16,15,15,14,14,14,14,13,12,12,11,0,19,17,17,16,14,14,14,15,15,15,16,17,17,18,19,20,20,21,22,23,23,23,24,24,25,26,25,26,0,0,0,0,0,0,0,22,23,25,27,27,30,30,31,32,33,32,33,33,33,33,32,32,31,31,29,29,29,28,27,27,24,24,23
20260804_021426_df8648,1785806487632851,2217312754,2,2,0,-63,128,0,9,9,10,10,11,12,12,13,13,14,14,15,15,16,16,18,18,19,20,21,21,21,22,22,22,23,0,0,0,0,0,0,0,0,0,0,0,7,8,8,8,9,9,10,10,11,11,11,11,11,10,10,10,9,9,9,9,9,8,7,8,8,8,0,18,18,19,20,22,22,24,25,26,27,28,29,29,31,32,35,35,38,38,39,41,41,42,41,42,43,42,44,0,0,0,0,0,0,0,12,13,13,15,15,17,18,18,19,20,20,20,21,20,21,20,20,19,18,17,17,15,16,16,14,15,16,15
20260804_021426_df8648,1785806487735138,2217411789,2,2,0,-66,128,0,10,10,11,11,11,12,12,13,14,14,15,15,17,17,18,19,21,21,23,23,23,23,24,24,24,26,0,0,0,0,0,0,0,0,0,0,0,8,8,9,9,9,10,10,11,11,11,12,11,11,12,12,11,11,11,11,11,11,11,11,10,10,9,0,17,16,18,18,19,21,21,22,22,25,26,28,30,32,32,35,35,37,39,40,41,42,42,41,43,44,43,45,0,0,0,0,0,0,0,13,13,14,14,16,16,16,17,18,19,18,19,20,20,20,20,21,20,20,19,20,18,19,19,18,18,16,16
20260804_021426_df8648,1785806487830770,2217512690,2,2,0,-63,128,0,13,13,11,11,10,9,9,8,8,8,7,7,6,6,7,7,6,6,6,6,5,6,5,5,6,6,0,0,0,0,0,0,0,0,0,0,0,14,16,16,17,17,18,19,19,19,20,20,20,19,19,18,19,18,17,17,17,17,16,16,15,15,15,0,25,24,21,20,19,18,16,16,14,14,14,13,14,13,13,12,12,11,11,11,10,10,10,11,12,11,12,12,0,0,0,0,0,0,0,25,27,27,27,30,32,33,34,35,36,36,37,37,35,34,35,35,35,34,34,32,31,31,31,31,29,28,28
20260804_021426_df8648,1785806487932545,2217614567,2,2,0,-60,128,0,11,12,12,13,13,14,15,15,15,16,16,16,17,17,18,18,19,19,19,20,20,19,19,19,19,19,0,0,0,0,0,0,0,0,0,0,0,9,8,9,9,9,9,9,9,9,9,7,7,7,6,6,6,6,7,6,6,7,7,7,8,9,10,0,22,23,25,25,27,27,28,28,28,28,30,30,32,33,33,35,35,37,38,38,38,37,37,38,37,38,36,37,0,0,0,0,0,0,0,16,17,18,17,18,19,17,18,17,17,17,15,16,15,13,12,13,12,12,11,13,12,13,14,15,16,17,18
20260804_021426_df8648,1785806488038645,2217718887,2,2,0,-62,128,0,11,13,11,11,12,13,13,14,13,14,14,14,14,15,15,16,16,17,17,18,16,17,17,18,17,17,0,0,0,0,0,0,0,0,0,0,0,11,11,11,11,12,12,13,13,13,13,13,13,13,12,12,12,12,12,11,11,11,11,10,12,11,11,0,43,44,46,48,47,48,48,48,49,50,50,51,50,52,57,58,60,59,61,62,64,64,64,64,63,64,66,65,0,0,0,0,0,0,0,33,35,38,39,42,43,46,45,48,48,49,51,49,48,47,47,46,46,45,43,41,43,44,43,45,42,44,42
20260804_021426_df8648,1785806488129349,2217814627,2,2,0,-67,128,0,11,11,12,13,14,15,15,15,16,16,17,17,17,18,19,20,20,22,22,23,23,23,23,24,25,24,0,0,0,0,0,0,0,0,0,0,0,2,2,2,2,3,4,4,4,4,4,4,4,4,4,4,5,4,5,5,5,6,7,7,8,9,10,0,21,22,24,25,25,27,27,28,29,29,31,33,32,35,35,38,38,41,42,42,43,44,45,44,46,45,43,45,0,0,0,0,0,0,0,4,4,4,5,5,6,6,7,7,8,9,8,9,9,9,9,9,9,8,9,10,10,11,13,13,15,16,17
20260804_021426_df8648,1785806488235385,2217911675,2,2,0,-55,128,0,16,16,16,16,16,16,15,15,16,16,16,16,16,16,16,16,16,17,16,16,16,16,15,15,15,14,0,0,0,0,0,0,0,0,0,0,0,6,6,7,8,8,9,10,10,10,11,11,11,12,12,12,12,13,13,13,13,13,14,14,15,15,16,0,29,30,30,31,30,30,29,30,29,31,30,29,30,30,30,30,30,31,31,30,30,29,29,28,27,27,26,26,0,0,0,0,0,0,0,9,10,11,12,13,14,15,17,17,18,19,20,20,21,22,22,23,24,24,24,25,25,27,27,28,28,29,30
20260804_021426_df8648,1785806488333344,2218011276,2,2,0,-58,128,0,16,15,15,15,14,14,12,11,11,11,11,11,10,10,10,10,9,8,8,8,7,6,5,5,4,4,0,0,0,0,0,0,0,0,0,0,0,10,11,11,12,13,13,14,14,15,15,16,16,16,16,16,16,17,17,17,17,17,17,17,17,17,17,0,30,30,29,27,27,26,24,23,21,21,20,21,19,19,19,18,17,16,15,14,14,12,11,9,8,7,6,5,0,0,0,0,0,0,0,18,19,19,21,24,24,24,26,27,28,29,29,29,30,31,31,31,31,31,32,32,33,33,32,32,34,32,33
20260804_021426_df8648,1785806488429575,2218111509,2,2,0,-57,128,0,15,14,14,14,14,12,12,12,11,11,11,11,10,11,10,10,10,10,10,9,9,9,8,8,8,8,0,0,0,0,0,0,0,0,0,0,0,11,12,12,14,14,14,15,16,16,16,16,16,16,17,17,17,17,17,17,17,17,17,15,17,16,16,0,56,54,53,50,49,46,45,44,43,42,42,41,40,40,39,38,36,36,35,34,34,33,32,31,30,30,28,29,0,0,0,0,0,0,0,36,38,40,43,46,50,52,54,56,59,61,61,63,63,64,64,66,63,64,63,64,64,63,64,62,62,60,59
20260804_021426_df8648,1785806488531170,2218211724,2,2,0,-59,128,0,16,16,14,15,13,13,13,12,11,11,11,10,9,9,9,9,9,8,7,7,6,6,6,6,5,5,0,0,0,0,0,0,0,0,0,0,0,13,13,14,14,16,16,16,17,18,18,19,18,18,18,18,19,18,18,18,18,18,18,18,18,18,17,0,61,58,55,54,50,48,46,43,43,41,41,38,37,36,36,34,32,30,29,28,25,23,23,22,22,22,22,23,0,0,0,0,0,0,0,41,43,47,50,53,55,58,60,63,65,67,69,69,69,68,69,69,70,69,68,67,68,68,69,68,67,67,62
20260804_021426_df8648,1785806488633487,2218311639,2,2,0,-59,128,0,15,15,14,14,13,12,12,11,11,10,10,9,10,10,9,9,9,8,8,7,8,7,7,7,6,6,0,0,0,0,0,0,0,0,0,0,0,13,13,14,14,15,15,16,15,16,16,16,17,17,16,16,16,16,16,16,16,16,16,17,17,16,16,0,29,27,28,26,25,24,22,22,21,20,21,19,18,19,18,18,17,17,16,15,15,14,13,13,12,12,12,11,0,0,0,0,0,0,0,22,24,24,25,26,28,28,29,31,30,31,31,31,31,31,32,32,31,30,31,31,32,31,31,31,31,31,31
20260804_021426_df8648,1785806488734693,2218411945,2,2,0,-63,128,0,13,14,14,14,14,14,14,14,14,14,14,14,14,15,16,16,16,16,16,16,16,16,16,16,16,16,0,0,0,0,0,0,0,0,0,0,0,11,11,11,11,12,12,13,12,12,13,13,12,12,12,12,12,12,13,13,12,12,13,13,13,13,14,0,51,53,54,50,53,54,51,51,51,53,54,52,55,53,55,58,59,62,60,61,60,61,60,59,62,61,59,61,0,0,0,0,0,0,0,38,38,39,41,43,44,44,43,47,47,46,46,46,46,46,43,44,45,48,44,43,45,45,47,46,51,51,52
20260804_021426_df8648,1785806488830350,2218511788,2,2,0,-61,128,0,11,11,11,10,9,9,9,9,8,8,8,7,7,7,7,6,5,5,5,5,5,5,4,4,4,4,0,0,0,0,0,0,0,0,0,0,0,16,17,17,18,18,18,19,19,18,18,17,17,17,16,16,15,14,14,14,14,13,13,13,13,14,12,0,26,22,23,21,22,19,19,17,16,15,15,14,14,14,13,13,13,12,12,10,10,9,9,8,9,8,8,7,0,0,0,0,0,0,0,33,33,33,34,34,36,37,38,37,37,37,36,35,35,33,32,31,30,30,29,28,28,27,27,26,26,25,25
20260804_021426_df8648,1785806488933076,2218611729,2,2,0,-66,128,0,11,11,11,11,11,11,11,11,11,11,11,11,11,12,12,13,13,13,13,13,15,15,15,16,17,17,0,0,0,0,0,0,0,0,0,0,0,16,16,17,16,17,17,16,17,16,16,16,15,14,14,14,13,12,12,12,12,12,11,11,11,12,11,0,22,22,22,20,21,20,20,21,21,20,21,21,21,23,23,25,25,25,27,27,28,29,29,30,30,31,31,33,0,0,0,0,0,0,0,29,30,30,32,30,33,32,33,32,32,32,30,29,29,29,27,25,24,24,23,22,21,23,23,23,22,22,22
20260804_021426_df8648,1785806489029570,2218711490,2,2,0,-63,128,0,12,12,11,12,11,11,11,10,10,11,10,10,11,10,10,9,9,9,9,8,8,7,7,7,7,8,0,0,0,0,0,0,0,0,0,0,0,21,22,22,22,22,22,21,21,21,20,19,19,18,18,17,17,16,16,15,16,16,15,15,14,14,13,0,22,23,21,20,19,18,18,17,18,18,18,18,18,18,16,16,15,16,14,13,13,12,12,12,12,15,13,15,0,0,0,0,0,0,0,38,38,38,39,39,41,39,40,39,38,38,36,35,33,32,31,30,29,29,28,29,28,26,26,25,25,23,24
20260804_021426_df8648,1785806489132892,2218811736,2,2,0,-57,128,0,16,16,16,16,15,15,15,14,14,14,14,13,13,13,13,13,13,13,12,12,12,11,10,9,9,8,0,0,0,0,0,0,0,0,0,0,0,15,16,16,15,16,16,17,17,17,17,17,16,16,16,16,16,16,16,16,16,16,16,16,16,16,16,0,29,28,28,28,26,26,26,24,24,25,25,23,24,24,25,23,22,22,22,21,20,18,18,16,16,14,12,12,0,0,0,0,0,0,0,26,26,27,26,28,28,28,29,29,30,30,30,30,29,29,28,28,29,28,28,28,28,29,29,30,30,30,30
20260804_021426_df8648,1785806489235187,2218911508,2,2,0,-56,128,0,15,15,15,15,14,13,13,13,13,13,13,13,12,12,12,12,13,12,12,12,11,11,10,10,9,9,0,0,0,0,0,0,0,0,0,0,0,13,13,13,14,15,15,15,16,16,16,16,16,16,16,16,16,16,16,16,15,15,17,16,16,16,16,0,56,54,53,53,51,51,49,45,46,45,46,45,45,45,45,45,43,44,43,42,42,38,37,35,33,32,31,28,0,0,0,0,0,0,0,43,44,45,47,48,51,54,54,56,58,59,57,60,59,57,57,57,57,57,58,57,59,59,59,56,59,57,59
20260804_021426_df8648,1785806489331056,2219011883,2,2,0,-53,128,0,14,14,15,15,14,14,14,14,14,15,15,14,14,15,15,15,15,15,15,16,16,15,16,15,15,14,0,0,0,0,0,0,0,0,0,0,0,10,10,10,12,12,12,13,13,13,13,13,13,13,13,13,13,13,13,13,14,13,13,14,14,14,15,0,56,56,56,55,55,52,53,52,52,52,52,52,52,56,56,57,57,58,58,58,58,56,55,53,53,51,50,51,0,0,0,0,0,0,0,33,37,38,38,40,41,43,44,46,48,49,48,48,49,49,48,48,49,49,49,49,50,50,52,53,53,55,56
20260804_021426_df8648,1785806489433950,2219114493,2,2,0,-57,128,0,14,15,14,14,13,13,14,14,13,13,13,13,13,13,13,13,14,13,13,14,13,13,13,13,12,13,0,0,0,0,0,0,0,0,0,0,0,13,12,14,14,14,14,15,15,16,16,16,16,15,15,15,15,15,15,15,15,15,15,15,15,15,15,0,54,52,52,52,50,50,49,48,48,46,46,47,48,50,49,48,49,48,49,49,50,51,47,48,46,47,44,45,0,0,0,0,0,0,0,38,41,43,46,47,50,51,53,55,56,56,58,56,56,57,56,56,54,55,53,51,52,56,55,55,53,54,53
20260804_021426_df8648,1785806489535187,2219212690,2,2,0,-57,128,0,15,14,14,14,14,14,14,13,13,13,13,13,13,14,14,14,14,14,14,14,14,14,14,14,14,13,0,0,0,0,0,0,0,0,0,0,0,8,9,10,11,11,13,13,14,14,14,14,14,14,14,13,14,14,14,14,14,14,14,14,14,14,15,0,59,56,56,55,52,51,51,50,50,53,51,50,47,52,52,52,51,52,53,54,53,53,52,48,52,51,48,49,0,0,0,0,0,0,0,29,31,34,37,39,41,43,45,46,49,52,53,52,53,53,55,55,54,54,53,52,54,54,56,54,55,57,57
20260804_021426_df8648,1785806489631767,2219311692,2,2,0,-61,128,0,13,13,13,14,14,14,13,13,13,13,14,13,14,15,15,15,16,16,16,16,17,18,18,18,18,18,0,0,0,0,0,0,0,0,0,0,0,7,8,8,9,10,11,12,12,13,12,12,13,13,13,13,13,12,13,12,13,12,12,12,13,13,13,0,50,51,51,49,50,51,50,51,50,51,52,52,54,55,56,57,59,61,63,65,65,64,63,64,66,64,64,64,0,0,0,0,0,0,0,23,25,28,31,32,36,37,40,42,42,47,45,46,47,47,47,47,46,47,45,48,47,47,48,47,49,49,50
20260804_021426_df8648,1785806489734067,2219411306,2,2,0,-60,128,0,13,12,12,12,12,12,12,11,11,12,12,12,12,13,13,14,14,14,15,15,15,15,16,16,15,15,0,0,0,0,0,0,0,0,0,0,0,8,8,9,9,10,11,11,12,12,13,13,13,13,13,13,13,13,13,13,13,13,13,13,13,13,13,0,53,49,50,51,48,49,47,47,47,49,49,50,50,51,52,54,56,57,59,59,59,60,60,61,62,61,60,63,0,0,0,0,0,0,0,29,32,33,34,37,39,42,44,47,47,48,50,50,52,52,52,51,53,52,51,50,50,51,51,51,50,51,50
20260804_021426_df8648,1785806489835148,2219511636,2,2,0,-55,128,0,15,15,15,14,15,15,14,14,14,14,14,14,14,14,15,15,15,16,16,16,16,16,15,15,14,14,0,0,0,0,0,0,0,0,0,0,0,9,9,9,10,11,12,12,13,13,13,14,14,14,14,14,14,14,14,15,15,15,15,14,15,15,14,0,56,55,56,54,54,55,54,53,51,52,54,54,54,54,56,57,57,60,60,60,59,57,57,57,57,56,54,55,0,0,0,0,0,0,0,29,32,34,35,37,40,41,44,47,48,50,51,53,53,54,54,54,54,54,52,54,56,57,56,53,56,55,57
20260804_021426_df8648,1785806489932077,2219611015,2,2,0,-53,128,0,14,14,14,14,14,14,13,14,14,14,14,14,14,14,15,14,15,15,15,15,15,15,15,14,14,14,0,0,0,0,0,0,0,0,0,0,0,10,11,11,12,13,13,13,14,14,15,15,15,15,15,14,14,14,14,15,15,15,15,15,15,15,15,0,52,53,51,51,51,51,50,49,49,52,51,50,51,50,52,53,54,54,56,53,54,53,52,52,51,51,49,48,0,0,0,0,0,0,0,33,36,36,38,42,43,45,49,51,51,53,53,53,54,53,52,52,55,54,53,53,52,53,52,54,54,53,53
20260804_021426_df8648,1785806490034536,2219711379,2,2,0,-58,128,0,13,13,13,14,13,13,13,14,14,14,14,14,14,15,16,16,16,16,17,17,17,17,17,17,17,17,0,0,0,0,0,0,0,0,0,0,0,8,8,9,9,10,11,11,11,13,12,13,13,13,12,14,13,12,13,12,12,13,13,13,13,13,13,0,48,50,52,50,51,50,51,49,50,51,54,54,54,58,55,59,61,59,64,63,68,63,64,65,64,61,60,64,0,0,0,0,0,0,0,25,27,28,32,33,36,38,40,42,44,46,45,49,47,49,49,48,49,49,49,49,48,50,47,49,49,51,50
20260804_021426_df8648,1785806490130472,2219810984,2,2,0,-63,128,0,11,12,12,12,13,12,13,13,14,14,14,15,15,16,16,17,18,18,19,19,19,19,20,20,20,20,0,0,0,0,0,0,0,0,0,0,0,7,8,8,9,10,10,11,11,11,11,12,12,12,12,12,12,12,12,12,11,11,10,13,11,11,11,0,21,22,23,23,23,23,24,25,26,26,28,27,29,30,31,33,34,35,35,36,37,37,38,39,38,39,38,38,0,0,0,0,0,0,0,12,13,13,13,15,16,18,19,19,20,22,22,22,22,22,22,22,22,22,21,21,21,21,22,23,24,22,22
20260804_021426_df8648,1785806490232541,2219911312,2,2,0,-58,128,0,14,14,14,14,14,14,14,14,15,15,15,14,15,14,16,16,16,16,16,16,17,16,17,17,17,17,0,0,0,0,0,0,0,0,0,0,0,9,10,10,11,12,12,12,13,14,14,14,14,15,14,14,14,14,14,14,14,14,14,14,14,14,14,0,52,51,52,51,50,50,49,50,51,53,53,54,54,54,56,58,58,60,61,60,62,61,60,60,60,59,59,59,0,0,0,0,0,0,0,28,30,31,34,37,40,40,43,47,49,49,51,52,52,51,51,52,53,52,51,50,51,51,52,53,51,54,52
20260804_021426_df8648,1785806490334417,2220010812,2,2,0,-57,128,0,14,15,13,13,13,13,13,13,12,12,13,13,13,13,14,14,14,14,15,15,15,15,15,15,15,15,0,0,0,0,0,0,0,0,0,0,0,10,11,12,12,13,14,15,15,15,16,16,16,16,16,15,16,15,16,15,15,15,15,15,15,15,14,0,52,49,50,48,47,48,45,48,45,46,47,47,46,47,49,50,51,51,55,54,55,56,55,55,56,56,55,56,0,0,0,0,0,0,0,33,38,38,41,44,44,49,49,50,53,54,57,57,56,57,59,56,57,58,57,57,57,56,56,55,54,54,55
20260804_021426_df8648,1785806490434838,2220112246,2,2,0,-56,128,0,13,13,13,13,13,13,14,14,14,15,15,15,15,15,15,16,16,16,17,16,16,17,17,17,17,17,0,0,0,0,0,0,0,0,0,0,0,7,7,8,8,9,9,10,10,11,11,11,13,13,12,12,12,12,12,12,13,12,13,13,13,13,13,0,25,26,27,27,25,26,26,27,27,28,28,28,29,30,31,31,31,33,33,33,33,33,32,32,34,34,32,31,0,0,0,0,0,0,0,10,11,12,13,14,15,16,18,19,19,22,21,22,23,24,24,24,24,24,23,23,24,24,25,25,26,26,27
20260804_021426_df8648,1785806490531973,2220212911,2,2,0,-54,128,0,15,16,15,16,15,15,15,14,15,15,15,15,15,15,16,16,15,15,15,16,15,16,15,15,15,14,0,0,0,0,0,0,0,0,0,0,0,8,8,9,10,10,10,12,12,13,13,13,13,14,14,14,14,14,15,15,15,15,15,15,16,16,16,0,60,64,57,56,55,55,57,55,52,58,57,55,53,58,55,55,59,54,56,59,55,57,58,54,53,49,52,49,0,0,0,0,0,0,0,26,28,28,30,34,36,40,40,43,43,46,50,48,51,52,50,51,54,52,53,54,55,57,57,59,58,59,60
20260804_021426_df8648,1785806490635213,2220316821,2,2,0,-64,128,0,14,14,15,15,16,16,16,16,17,17,18,18,18,18,18,19,20,20,20,21,20,20,20,20,20,20,0,0,0,0,0,0,0,0,0,0,0,2,2,3,3,3,4,5,5,6,6,7,7,8,8,8,8,9,9,9,10,10,11,11,12,12,13,0,27,27,28,29,29,30,31,31,31,33,34,34,35,36,36,37,36,37,39,37,38,37,37,36,37,36,35,35,0,0,0,0,0,0,0,1,4,4,3,4,5,6,8,9,10,11,11,11,12,14,15,14,16,15,16,19,19,18,20,20,22,24,23
20260804_021426_df8648,1785806490731803,2220410992,2,2,0,-58,128,0,15,15,15,15,15,15,14,14,15,14,14,14,14,14,14,15,14,15,15,14,14,14,14,14,14,13,0,0,0,0,0,0,0,0,0,0,0,9,10,11,12,12,13,13,14,14,14,14,14,14,14,14,14,14,14,15,14,14,14,14,14,15,15,0,54,55,55,56,55,53,52,53,53,54,53,52,51,52,52,54,53,53,54,53,53,51,50,49,50,47,44,46,0,0,0,0,0,0,0,32,33,35,36,38,43,43,46,47,51,51,52,53,52,51,52,51,54,53,51,50,53,52,53,54,56,55,57
20260804_021426_df8648,1785806490834243,2220514939,2,2,0,-61,128,0,13,13,13,13,13,12,12,11,11,11,11,10,11,11,11,11,11,11,11,11,11,11,11,11,11,11,0,0,0,0,0,0,0,0,0,0,0,13,14,14,14,15,14,15,16,16,16,16,16,16,15,15,15,15,14,14,13,14,14,14,14,13,13,0,54,49,51,53,50,47,45,46,44,45,43,44,42,43,43,45,43,45,47,43,43,42,43,39,40,40,39,39,0,0,0,0,0,0,0,45,48,49,52,55,56,55,58,62,61,63,60,61,60,60,60,55,54,56,53,55,54,51,53,52,54,53,52
20260804_021426_df8648,1785806490930969,2220613995,2,2,0,-63,128,0,10,9,8,8,7,6,5,5,4,4,3,3,3,2,2,2,2,2,2,2,2,1,2,1,2,2,0,0,0,0,0,0,0,0,0,0,0,20,20,21,22,22,22,22,22,22,22,20,20,19,18,17,17,17,16,15,15,14,14,13,13,12,11,0,18,16,16,14,14,12,11,10,7,8,7,5,6,4,5,5,4,4,4,4,4,3,4,4,6,5,5,6,0,0,0,0,0,0,0,35,36,37,38,39,40,40,41,41,41,41,39,39,37,36,34,33,32,31,30,29,28,26,25,24,25,22,22
20260804_021426_df8648,1785806491032517,2220712511,2,2,0,-61,128,0,10,9,10,9,9,8,8,7,7,7,7,6,6,7,7,7,7,6,6,6,6,5,5,5,4,4,0,0,0,0,0,0,0,0,0,0,0,18,18,18,19,19,19,19,20,20,18,17,17,17,16,16,16,15,14,14,14,13,13,12,12,13,12,0,22,20,19,18,17,16,16,15,14,14,14,13,14,14,14,14,13,12,11,11,11,10,10,9,8,8,7,7,0,0,0,0,0,0,0,34,35,36,37,37,38,38,39,38,39,38,37,36,35,33,33,32,31,32,27,29,27,27,26,26,26,24,23
20260804_021426_df8648,1785806491128625,2220812317,2,2,0,-61,128,0,13,13,12,11,10,10,9,8,8,8,8,7,7,7,7,6,6,5,5,4,4,3,2,1,1,0,0,0,0,0,0,0,0,0,0,0,0,20,21,21,21,22,21,21,22,21,21,20,20,19,19,18,18,18,18,16,16,17,16,15,14,15,14,0,23,23,22,21,20,18,17,17,16,15,14,14,13,12,12,12,11,9,8,8,7,5,3,3,1,1,1,4,0,0,0,0,0,0,0,36,35,37,36,39,38,39,40,40,40,38,39,38,37,36,35,33,34,32,31,30,30,30,30,29,28,27,26
20260804_021426_df8648,1785806491230682,2220914859,2,2,0,-60,128,0,13,13,12,12,11,10,9,9,9,9,9,8,7,7,7,6,5,5,4,3,3,2,1,1,0,1,0,0,0,0,0,0,0,0,0,0,0,17,17,18,18,19,20,21,20,21,20,20,20,19,18,18,18,18,18,17,17,16,16,16,16,16,15,0,25,23,22,20,20,19,18,16,16,16,14,14,13,13,12,11,10,9,8,7,5,4,2,1,1,2,4,5,0,0,0,0,0,0,0,29,30,31,33,33,35,35,36,35,37,37,37,36,36,36,35,35,32,33,33,33,31,30,31,29,28,28,28
20260804_021426_df8648,1785806491331934,2221012950,2,2,0,-66,128,0,9,8,8,8,7,6,6,5,4,4,4,4,2,2,2,1,2,1,1,3,3,5,5,7,7,9,0,0,0,0,0,0,0,0,0,0,0,20,20,21,21,21,20,20,20,19,19,19,18,18,17,16,15,15,15,14,14,14,13,13,12,11,11,0,20,18,17,16,14,13,11,9,9,9,7,6,5,4,5,4,4,4,5,8,8,10,13,13,16,17,18,21,0,0,0,0,0,0,0,40,41,39,39,42,40,41,42,41,40,39,38,38,36,34,34,31,31,30,30,29,28,27,25,25,24,24,22
20260804_021426_df8648,1785806491429411,2221112919,2,2,0,-65,128,0,3,4,5,6,7,8,9,10,11,11,12,12,13,15,16,16,17,18,18,19,20,20,20,21,21,22,0,0,0,0,0,0,0,0,0,0,0,16,15,16,16,16,15,15,14,14,13,13,11,10,9,9,8,8,7,7,5,5,4,3,2,1,1,0,7,8,10,12,14,16,17,19,20,22,24,25,26,28,29,31,34,35,36,37,38,39,40,40,40,41,41,43,0,0,0,0,0,0,0,31,31,31,30,30,30,30,29,28,27,26,25,23,22,20,19,17,15,13,13,11,10,9,6,6,4,3,3
20260804_021426_df8648,1785806491531391,2221211580,2,2,0,-60,128,0,12,12,12,13,13,13,12,13,13,14,14,15,15,16,16,16,17,17,19,20,20,20,20,21,21,21,0,0,0,0,0,0,0,0,0,0,0,8,8,8,8,8,9,9,9,9,9,9,9,9,9,9,10,10,10,10,10,11,11,11,11,11,11,0,22,23,23,24,24,24,25,26,27,26,28,28,28,30,32,33,34,35,37,37,38,39,39,40,40,41,41,43,0,0,0,0,0,0,0,14,14,14,15,15,15,16,16,16,17,17,18,17,18,18,18,18,18,18,18,19,19,20,19,19,21,21,21
20260804_021426_df8648,1785806491628494,2221311707,2,2,0,-61,128,0,10,11,11,12,12,13,13,14,14,15,15,16,16,17,18,20,20,21,22,22,23,22,23,23,23,23,0,0,0,0,0,0,0,0,0,0,0,4,4,4,4,4,3,3,3,3,3,3,4,4,4,4,4,4,5,5,5,6,6,7,8,8,9,0,19,21,21,23,24,25,26,26,27,29,30,31,33,34,35,36,38,39,41,42,43,43,44,44,45,44,44,45,0,0,0,0,0,0,0,10,9,8,8,8,7,7,6,7,6,6,7,7,6,7,8,9,9,9,10,11,12,13,13,13,15,16,17
20260804_021426_df8648,1785806491730502,2221411754,2,2,0,-66,128,0,5,5,4,5,6,7,8,9,10,11,12,12,14,15,16,17,18,20,21,22,23,24,25,26,26,27,0,0,0,0,0,0,0,0,0,0,0,14,13,15,14,14,14,14,14,13,13,13,12,12,11,10,10,10,10,9,8,7,8,7,6,6,5,0,8,9,8,9,11,12,14,16,18,20,22,23,25,27,30,31,34,36,39,40,44,44,46,48,49,51,50,54,0,0,0,0,0,0,0,26,26,26,26,26,26,27,26,26,25,24,25,22,22,22,21,19,19,18,18,17,16,15,15,13,12,11,10
20260804_021426_df8648,1785806491842403,2221523056,2,2,0,-61,128,0,14,13,13,12,12,12,11,10,10,10,10,10,9,9,9,10,9,9,9,8,9,8,8,8,8,8,0,0,0,0,0,0,0,0,0,0,0,14,15,15,16,16,17,17,17,17,17,17,17,17,16,16,16,17,15,16,16,16,16,15,15,15,15,0,27,25,25,23,23,22,21,20,20,19,19,19,18,18,18,18,17,17,17,17,16,16,15,16,16,16,15,16,0,0,0,0,0,0,0,24,26,27,29,29,31,30,32,32,33,33,33,32,32,32,31,31,31,32,30,31,30,31,30,29,29,29,28
20260804_021426_df8648,1785806491955185,2221634134,2,2,0,-61,128,0,14,13,13,12,11,11,11,10,9,9,9,9,9,8,9,8,8,8,8,8,8,8,8,8,7,9,0,0,0,0,0,0,0,0,0,0,0,14,14,14,15,16,16,17,17,17,18,18,18,17,17,17,17,17,17,17,17,16,17,16,16,16,15,0,54,51,48,46,43,40,38,36,35,35,35,32,32,31,31,32,31,32,28,29,28,28,29,28,28,29,27,29,0,0,0,0,0,0,0,48,50,52,54,56,58,59,61,62,65,64,68,65,67,65,66,64,67,64,66,64,64,62,64,62,59,60,58
20260804_021426_df8648,1785806492033980,2221711694,2,2,0,-61,128,0,14,14,13,13,13,13,13,13,14,14,13,13,13,13,14,14,14,14,15,14,14,14,14,14,14,13,0,0,0,0,0,0,0,0,0,0,0,11,13,14,14,14,14,14,15,15,15,15,14,14,15,14,15,15,14,15,15,15,15,14,15,15,14,0,51,52,51,49,49,48,48,48,49,50,50,49,50,51,51,52,53,53,54,52,54,52,52,51,50,52,49,49,0,0,0,0,0,0,0,42,44,44,46,50,50,51,52,54,55,55,57,55,55,55,56,57,56,55,56,56,55,57,56,55,55,54,52
20260804_021426_df8648,1785806492134901,2221811779,2,2,0,-61,128,0,10,10,10,10,9,9,10,10,9,9,10,11,11,11,11,12,12,12,13,13,13,12,12,12,12,13,0,0,0,0,0,0,0,0,0,0,0,15,15,15,16,16,16,16,16,16,16,16,15,16,16,15,14,13,13,13,13,13,13,13,12,12,11,0,21,20,19,19,18,18,18,19,18,19,20,20,21,21,22,22,22,23,24,24,24,24,23,24,24,25,24,25,0,0,0,0,0,0,0,27,28,28,29,29,30,31,31,32,32,31,32,30,30,30,29,28,29,27,26,26,25,25,26,24,23,23,22
20260804_021426_df8648,1785806492236382,2221912359,2,2,0,-60,128,0,13,13,13,12,12,12,10,11,11,11,11,10,11,11,11,11,11,11,11,11,11,12,13,13,13,13,0,0,0,0,0,0,0,0,0,0,0,13,13,14,14,14,15,16,16,16,16,17,17,17,17,17,17,17,16,16,16,16,16,16,16,15,15,0,52,51,47,47,44,44,41,42,41,41,41,40,41,41,42,42,43,43,44,45,45,46,46,47,47,49,49,50,0,0,0,0,0,0,0,45,47,49,49,53,54,56,58,59,61,61,63,63,63,63,62,62,62,62,63,61,61,61,60,60,59,58,55
20260804_021426_df8648,1785806492338652,2222014885,2,2,0,-61,128,0,12,11,10,10,9,10,10,10,11,11,11,11,12,12,13,13,13,14,14,15,15,15,15,15,15,15,0,0,0,0,0,0,0,0,0,0,0,14,14,14,15,15,15,16,15,16,16,15,15,15,15,14,13,13,13,13,13,13,13,13,12,11,12,0,43,40,41,40,39,40,39,41,41,42,44,44,45,48,49,52,52,54,56,57,58,57,58,59,59,60,58,61,0,0,0,0,0,0,0,51,54,54,55,56,57,58,59,60,59,59,58,57,57,57,56,54,52,52,50,50,49,49,47,47,47,45,43
20260804_021426_df8648,1785806492436381,2222113879,2,2,0,-60,128,0,14,14,14,14,14,14,15,15,15,15,15,15,15,16,17,17,17,17,17,17,17,17,17,17,18,17,0,0,0,0,0,0,0,0,0,0,0,9,9,9,9,10,10,11,11,11,12,12,12,13,13,13,13,13,14,13,13,13,14,14,14,14,14,0,52,53,53,52,52,53,52,53,54,55,56,57,57,60,60,62,61,63,64,64,64,66,64,65,64,67,63,67,0,0,0,0,0,0,0,30,32,32,34,34,37,38,39,39,40,43,43,43,45,46,46,48,47,48,46,50,48,50,50,51,50,50,53
20260804_021426_df8648,1785806492532043,2222212863,2,2,0,-64,128,0,11,11,10,10,10,9,8,8,8,8,7,7,7,7,8,7,8,8,9,9,9,9,10,10,10,11,0,0,0,0,0,0,0,0,0,0,0,16,17,17,17,18,18,19,19,19,19,18,18,18,16,16,16,14,14,14,13,13,13,13,12,12,12,0,22,21,20,19,19,18,16,15,15,14,14,14,14,14,14,15,15,16,17,18,18,18,19,19,20,21,21,23,0,0,0,0,0,0,0,29,31,32,34,34,35,35,36,36,37,35,35,34,33,34,32,31,30,29,29,28,26,26,25,25,24,24,24
20260804_021426_df8648,1785806492634959,2222312838,2,2,0,-63,128,0,16,16,16,15,15,15,15,14,14,14,14,13,13,14,14,14,14,14,15,14,14,14,14,14,14,14,0,0,0,0,0,0,0,0,0,0,0,11,11,12,13,13,14,15,15,15,16,16,16,16,16,15,16,16,16,15,15,16,16,16,16,17,16,0,59,61,59,56,56,56,54,52,51,51,51,50,48,50,49,51,52,53,54,52,53,52,51,51,50,50,48,47,0,0,0,0,0,0,0,37,36,39,41,45,47,50,50,53,55,55,56,55,56,58,56,56,56,56,55,57,56,59,58,57,59,60,60
20260804_021426_df8648,1785806492732038,2222412100,2,2,0,-55,128,0,14,14,14,14,14,13,13,14,14,13,13,13,13,14,14,15,15,15,15,15,16,16,16,15,15,15,0,0,0,0,0,0,0,0,0,0,0,10,11,11,12,12,13,13,14,14,14,14,14,14,14,14,14,14,14,14,14,14,14,14,14,14,14,0,54,52,51,50,51,51,50,50,50,49,51,51,51,52,54,55,53,56,56,58,58,57,56,56,55,55,52,54,0,0,0,0,0,0,0,31,35,36,39,41,43,46,48,49,51,51,51,52,52,52,53,52,51,51,50,50,51,49,52,50,53,54,52
20260804_021426_df8648,1785806492834069,2222511707,2,2,0,-52,128,0,15,15,14,14,13,13,13,13,13,13,13,13,13,13,13,13,14,14,14,14,14,13,13,13,13,13,0,0,0,0,0,0,0,0,0,0,0,10,10,10,11,12,12,12,13,14,14,14,14,14,14,14,14,14,14,14,14,14,15,14,15,15,15,0,57,59,55,56,53,54,52,52,52,53,51,52,52,53,53,53,56,54,56,56,55,54,54,53,52,51,50,48,0,0,0,0,0,0,0,32,35,38,40,42,43,47,48,51,51,54,55,54,55,54,56,53,55,53,58,55,57,56,55,57,56,58,57
